hash,file,bundle,offset,size
3ef841de2a12e025,statuelogin_c9r9.tgm,Tiny_2,11050050,513
a285e533d399ce6e,statuelogin_c9r9.tgm.header,Tiny_4,42666943,264
7d56298777d33f74,statuelogin_c9r8.tgm,Tiny_2,11049807,243
178ac53e56aeeeed,statuelogin_c9r8.tgm.header,Tiny_4,42666140,264
9ea18023acb52982,statuelogin_c9r7.tgm,Tiny_2,11049564,243
cfc0a8dbcf815a0e,statuelogin_c9r7.tgm.header,Tiny_4,42665607,264
1c0b6e36945bb355,statuelogin_c9r6.tgm,Tiny_2,11049213,351
8b7d2656c9c102f6,statuelogin_c9r6.tgm.header,Tiny_4,42665074,264
2a7fc6910b7669b4,statuelogin_c9r5.tgm,Tiny_2,11048592,621
b65b655def7c4ce5,statuelogin_c9r5.tgm.header,Tiny_4,42664433,264
922dbecf2de29110,statuelogin_c9r4.tgm,Tiny_2,11047491,837
f478445650884b0d,statuelogin_c9r4.tgm.header,Tiny_2,11048328,264
798759b6b021266d,statuelogin_c9r3.tgm,Tiny_2,11046708,783
a7d7633f66a9ab45,statuelogin_c9r3.tgm.header,Tiny_4,42659699,264
69fc4b152c4b1ee4,statuelogin_c9r20.tgm,Tiny_6,3165181,47
f5e1597fc9a491b3,statuelogin_c9r20.tgm.header,Tiny_6,4042080,264
cfe0d36ee4576d5e,statuelogin_c9r2.tgm,Tiny_2,11046087,621
68abc2bf71e3cc80,statuelogin_c9r2.tgm.header,Tiny_4,42654239,264
3badd09ea2d8997e,statuelogin_c9r19.tgm,Tiny_6,3165181,47
d87dbc02377bcc42,statuelogin_c9r19.tgm.header,Tiny_6,4042080,264
086a8216501afb2b,statuelogin_c9r18.tgm,Tiny_6,3165181,47
f5e881c6570c7c89,statuelogin_c9r18.tgm.header,Tiny_6,4042080,264
a152b2fdfb0dd66f,statuelogin_c9r17.tgm,Tiny_6,3165181,47
d5fcfe5f2ee96d3f,statuelogin_c9r17.tgm.header,Tiny_6,4042080,264
1071f8227c1a1cee,statuelogin_c9r16.tgm,Tiny_6,3165181,47
b34c4f26f385b62e,statuelogin_c9r16.tgm.header,Tiny_6,4042080,264
4d382ec97037229f,statuelogin_c9r15.tgm,Tiny_6,3165181,47
6ae5410065d8c153,statuelogin_c9r15.tgm.header,Tiny_6,4042080,264
de06631816162507,statuelogin_c9r14.tgm,Tiny_6,3165181,47
fcda66d4f3ddfb34,statuelogin_c9r14.tgm.header,Tiny_6,4042080,264
fd9b28243d2b2037,statuelogin_c9r13.tgm,Tiny_6,3165181,47
40c2d32832cf67cd,statuelogin_c9r13.tgm.header,Tiny_6,4042080,264
32e1c081d16613e3,statuelogin_c9r12.tgm,Tiny_6,3165181,47
e6e582cc19f172fa,statuelogin_c9r12.tgm.header,Tiny_6,4042080,264
bd5a201348bad40e,statuelogin_c9r11.tgm,Tiny_2,11045574,513
239e77b5f32c5ed0,statuelogin_c9r11.tgm.header,Tiny_4,42648002,264
bf8234d60a1068ca,statuelogin_c9r10.tgm,Tiny_2,11044953,621
6c74cddc52114604,statuelogin_c9r10.tgm.header,Tiny_4,42647199,264
a9572129adeacf2a,statuelogin_c9r1.tgm,Tiny_2,11044548,405
13c0abda65b08a00,statuelogin_c9r1.tgm.header,Tiny_4,42646288,264
09f5fd3d7cbd5a33,statuelogin_c8r9.tgm,Tiny_2,11043515,1033
9463b980b4165fa5,statuelogin_c8r9.tgm.header,Tiny_4,42645593,264
b250e2a86f7ace0b,statuelogin_c8r8.tgm,Tiny_2,11042530,985
4666a888e70a57ce,statuelogin_c8r8.tgm.header,Tiny_4,42644266,264
911d22813d68395c,statuelogin_c8r7.tgm,Tiny_2,11041477,789
5700f422c8934df0,statuelogin_c8r7.tgm.header,Tiny_2,11042266,264
520d2766efb595ed,statuelogin_c8r6.tgm,Tiny_2,11040532,945
963c8ad9a0746211,statuelogin_c8r6.tgm.header,Tiny_4,42641884,264
e3e2dac5a88259a9,statuelogin_c8r5.tgm,Tiny_2,11039101,1431
1520e84392111a62,statuelogin_c8r5.tgm.header,Tiny_4,42640649,264
f517c117976367e4,statuelogin_c8r4.tgm,Tiny_2,11037562,1539
d6db82fb97df59e5,statuelogin_c8r4.tgm.header,Tiny_4,42638928,264
f1247fb721b99747,statuelogin_c8r3.tgm,Tiny_2,11035969,1593
3fc1862caefad93e,statuelogin_c8r3.tgm.header,Tiny_4,42637099,264
0fd930ddd1af6780,statuelogin_c8r20.tgm,Tiny_6,3165181,47
b2ae78998b26753d,statuelogin_c8r20.tgm.header,Tiny_6,4042080,264
672ccb3773219079,statuelogin_c8r2.tgm,Tiny_2,11034160,1809
712fbcfa7c41226d,statuelogin_c8r2.tgm.header,Tiny_4,42631213,264
cb3935aa664039a0,statuelogin_c8r19.tgm,Tiny_6,3165181,47
973337371ee6b5c3,statuelogin_c8r19.tgm.header,Tiny_6,4042080,264
548278af311098f1,statuelogin_c8r18.tgm,Tiny_6,3165181,47
c4983662027aedb1,statuelogin_c8r18.tgm.header,Tiny_6,4042080,264
c0bb2ab7f7ab9b29,statuelogin_c8r17.tgm,Tiny_6,3165181,47
a0a4eb5385db15c6,statuelogin_c8r17.tgm.header,Tiny_6,4042080,264
1449286d11dd528a,statuelogin_c8r16.tgm,Folders/art/models/interface/characterselection/tgms,1245577,1517085
de08456578badc0c,statuelogin_c8r16.tgm.header,Tiny_2,11033769,391
dcc8fde0e94d5690,statuelogin_c8r15.tgm,Tiny_6,3165181,47
d4c5b29281e07115,statuelogin_c8r15.tgm.header,Tiny_6,4042080,264
607660633a7bc6aa,statuelogin_c8r14.tgm,Tiny_6,3165181,47
6de7b7ca2b3ed81b,statuelogin_c8r14.tgm.header,Tiny_6,4042080,264
dc9477ecb04b8075,statuelogin_c8r13.tgm,Tiny_6,3165181,47
51e0dfa4ea248adf,statuelogin_c8r13.tgm.header,Tiny_6,4042080,264
d28712a07496ea8a,statuelogin_c8r12.tgm,Tiny_6,3165181,47
322968d014e6b80d,statuelogin_c8r12.tgm.header,Tiny_6,4042080,264
acf467d921672219,statuelogin_c8r11.tgm,Tiny_2,11033418,351
02b2610c5b7369fd,statuelogin_c8r11.tgm.header,Tiny_4,42623866,264
bd71df7fbb19a814,statuelogin_c8r10.tgm,Tiny_2,11032959,459
3c07aaee59c4241b,statuelogin_c8r10.tgm.header,Tiny_4,42623225,264
c5cb9bbccc815b51,statuelogin_c8r1.tgm,Tiny_2,11031876,1083
0cb4ad2d85e0992e,statuelogin_c8r1.tgm.header,Tiny_4,42622476,264
acfdcff8ea9f413f,statuelogin_c7r9.tgm,Tiny_2,11030537,1339
4b81ff0d1a9c04e2,statuelogin_c7r9.tgm.header,Tiny_4,42621103,264
ccc97b1c380fb668,statuelogin_c7r8.tgm,Tiny_2,11029558,979
be263e24352110d7,statuelogin_c7r8.tgm.header,Tiny_4,42619470,264
4daa49ff7154ee49,statuelogin_c7r7.tgm,Tiny_2,10937938,459
21a66ad0d36600cf,statuelogin_c7r7.tgm.header,Tiny_4,42618197,264
4cb76249159aa4d2,statuelogin_c7r6.tgm,Tiny_2,10937479,459
ee7c1ae4522fa41b,statuelogin_c7r6.tgm.header,Tiny_4,42617448,264
a3ce098ffce101e2,statuelogin_c7r5.tgm,Tiny_2,11029045,513
3057c39df9d2d2b2,statuelogin_c7r5.tgm.header,Tiny_4,42616699,264
f419bef1f55c9867,statuelogin_c7r4.tgm,Tiny_2,11028424,621
828328b229a44a4b,statuelogin_c7r4.tgm.header,Tiny_4,42615896,264
eacd7d897e83ce8a,statuelogin_c7r3.tgm,Tiny_2,11027587,837
4f5bb08a7ab0f994,statuelogin_c7r3.tgm.header,Tiny_4,42614985,264
90d6c606ef842eee,statuelogin_c7r20.tgm,Tiny_6,3165181,47
977a6acf4b3992c5,statuelogin_c7r20.tgm.header,Tiny_6,4042080,264
3710868139ea5360,statuelogin_c7r2.tgm,Tiny_2,11026534,1053
4a15a1a9e955314b,statuelogin_c7r2.tgm.header,Tiny_4,42608247,264
9619784e2b61e5e6,statuelogin_c7r19.tgm,Tiny_6,3165181,47
94498205e9a71fdf,statuelogin_c7r19.tgm.header,Tiny_6,4042080,264
125f3469fe8ff8f3,statuelogin_c7r18.tgm,Tiny_6,3165181,47
f75e5f5b59524bce,statuelogin_c7r18.tgm.header,Tiny_6,4042080,264
966ad8b2543000db,statuelogin_c7r17.tgm,Tiny_6,3165181,47
26f4f0c9398b87f3,statuelogin_c7r17.tgm.header,Tiny_6,4042080,264
a80532f70b9bda91,statuelogin_c7r16.tgm,Tiny_6,3165181,47
fef40f81c860e3e3,statuelogin_c7r16.tgm.header,Tiny_6,4042080,264
9802aa9d5d9981a5,statuelogin_c7r15.tgm,Tiny_6,3165181,47
98d84e951c678fb5,statuelogin_c7r15.tgm.header,Tiny_6,4042080,264
8a2ff0a266ab86c1,statuelogin_c7r14.tgm,Tiny_6,3165181,47
c038c33cf368f3d8,statuelogin_c7r14.tgm.header,Tiny_6,4042080,264
0660cc1ea15050be,statuelogin_c7r13.tgm,Tiny_6,3165181,47
0b23b32d504916c8,statuelogin_c7r13.tgm.header,Tiny_6,4042080,264
3bdebe3ab5d783bb,statuelogin_c7r12.tgm,Tiny_6,3165181,47
a1c1b75a3589ed8e,statuelogin_c7r12.tgm.header,Tiny_6,4042080,264
860a35551ba8d012,statuelogin_c7r11.tgm,Tiny_2,11026129,405
2f7927f5ed1ff650,statuelogin_c7r11.tgm.header,Tiny_4,42600270,264
239949e9ee92f8d0,statuelogin_c7r10.tgm,Tiny_2,11025102,763
60ef600eb23aa503,statuelogin_c7r10.tgm.header,Tiny_2,11025865,264
2ec95aaa43f87afb,statuelogin_c7r1.tgm,Tiny_2,11024373,729
8cfe861956367221,statuelogin_c7r1.tgm.header,Tiny_4,42598494,264
22a52d44248be6dd,statuelogin_c6r9.tgm,Tiny_2,11022860,1249
d32c95271f149c82,statuelogin_c6r9.tgm.header,Tiny_2,11024109,264
b2e9933742f35c53,statuelogin_c6r8.tgm,Tiny_2,10930188,1093
efe054204395c142,statuelogin_c6r8.tgm.header,Tiny_2,10931281,264
04b354a51a348ad1,statuelogin_c6r7.tgm,Tiny_2,10929573,351
ad2717bd3686a9e8,statuelogin_c6r7.tgm.header,Tiny_2,10929924,264
9b6c4e8d764f01c6,statuelogin_c6r6.tgm,Tiny_2,10928850,459
ac8954b9526f3bc5,statuelogin_c6r6.tgm.header,Tiny_2,10929309,264
0d477b9e6a74ee13,statuelogin_c6r5.tgm,Tiny_2,11022029,567
c4933699fd31d89a,statuelogin_c6r5.tgm.header,Tiny_2,11022596,264
7844e3423b760f9b,statuelogin_c6r4.tgm,Tiny_2,11021090,675
23204fc7202ee08f,statuelogin_c6r4.tgm.header,Tiny_2,11021765,264
79a5eab502bb7c75,statuelogin_c6r3.tgm,Tiny_2,11020043,783
846c7581f87a0223,statuelogin_c6r3.tgm.header,Tiny_2,11020826,264
c9b44002a2bff944,statuelogin_c6r20.tgm,Tiny_6,3165181,47
10234fa32aebff0b,statuelogin_c6r20.tgm.header,Tiny_6,4042080,264
aa301ed0912e161c,statuelogin_c6r2.tgm,Tiny_2,11018888,891
877047b3ec6cf06d,statuelogin_c6r2.tgm.header,Tiny_2,11019779,264
c7c924cd57977722,statuelogin_c6r19.tgm,Tiny_6,3165181,47
8ce9e80ff143a4ad,statuelogin_c6r19.tgm.header,Tiny_6,4042080,264
12c1058dbe8c1a01,statuelogin_c6r18.tgm,Tiny_6,3165181,47
eefa8e78c189cfe7,statuelogin_c6r18.tgm.header,Tiny_6,4042080,264
a912d804d6e1e99c,statuelogin_c6r17.tgm,Tiny_6,3165181,47
150943edb96eafc0,statuelogin_c6r17.tgm.header,Tiny_6,4042080,264
6c2b20faaf7eb782,statuelogin_c6r16.tgm,Tiny_6,3165181,47
c5f615549bf11af0,statuelogin_c6r16.tgm.header,Tiny_6,4042080,264
14fcaa1b6b5ffe6c,statuelogin_c6r15.tgm,Tiny_6,3165181,47
492689262bd025f2,statuelogin_c6r15.tgm.header,Tiny_6,4042080,264
6bfc9a572849af97,statuelogin_c6r14.tgm,Tiny_6,3165181,47
6d6bc1954a39d212,statuelogin_c6r14.tgm.header,Tiny_6,4042080,264
b9452e52685719ef,statuelogin_c6r13.tgm,Tiny_6,3165181,47
0fe6cd7515a7afd8,statuelogin_c6r13.tgm.header,Tiny_6,4042080,264
16c4688ba921e275,statuelogin_c6r12.tgm,Tiny_6,3165181,47
020cec7f74522564,statuelogin_c6r12.tgm.header,Tiny_6,4042080,264
2f235477b1feeb42,statuelogin_c6r11.tgm,Tiny_2,11018189,435
56a6eae6a4f5a83a,statuelogin_c6r11.tgm.header,Tiny_2,11018624,264
f955a47ef5e86a87,statuelogin_c6r10.tgm,Tiny_2,11017108,817
0d06f1097a227152,statuelogin_c6r10.tgm.header,Tiny_2,11017925,264
e936f511c119cbf0,statuelogin_c6r1.tgm,Tiny_2,11016223,621
4f9da886d4c12cef,statuelogin_c6r1.tgm.header,Tiny_2,11016844,264
690402563819740a,statuelogin_c5r9.tgm,Tiny_6,3165181,47
0c6bc1155afd3f6f,statuelogin_c5r9.tgm.header,Tiny_6,4042080,264
7c227051bc668bf6,statuelogin_c5r8.tgm,Tiny_6,3165181,47
4d094ce9f5f40471,statuelogin_c5r8.tgm.header,Tiny_6,4042080,264
148b3d5b91202b51,statuelogin_c5r7.tgm,Tiny_6,3165181,47
329bf8f0ce4dc19e,statuelogin_c5r7.tgm.header,Tiny_6,4042080,264
0ac8eaf47e1c7326,statuelogin_c5r6.tgm,Tiny_6,3165181,47
6b889caf0e408c71,statuelogin_c5r6.tgm.header,Tiny_6,4042080,264
e5c8180fc1fcd5e6,statuelogin_c5r5.tgm,Tiny_6,3165181,47
91a604178a3792f3,statuelogin_c5r5.tgm.header,Tiny_6,4042080,264
385f68be0e99501a,statuelogin_c5r4.tgm,Tiny_6,3165181,47
bc1d105fc08774b0,statuelogin_c5r4.tgm.header,Tiny_6,4042080,264
866226f767f6da4b,statuelogin_c5r3.tgm,Tiny_6,3165181,47
ba6f11201982ba3f,statuelogin_c5r3.tgm.header,Tiny_6,4042080,264
4db5c9d94af741b3,statuelogin_c5r20.tgm,Tiny_6,3165181,47
0a9e4a1a7ded55ea,statuelogin_c5r20.tgm.header,Tiny_6,4042080,264
953fa58d16be6201,statuelogin_c5r2.tgm,Tiny_6,3165181,47
9eb298cb37452be9,statuelogin_c5r2.tgm.header,Tiny_6,4042080,264
0e5fde37b0055b04,statuelogin_c5r19.tgm,Tiny_6,3165181,47
45913767c6b1f267,statuelogin_c5r19.tgm.header,Tiny_6,4042080,264
5296e9de70815bfa,statuelogin_c5r18.tgm,Tiny_6,3165181,47
85e5c409ebbdd2b5,statuelogin_c5r18.tgm.header,Tiny_6,4042080,264
f2765d2efc1449db,statuelogin_c5r17.tgm,Tiny_6,3165181,47
c11c72eb8f62f488,statuelogin_c5r17.tgm.header,Tiny_6,4042080,264
be1a963c6e8c579b,statuelogin_c5r16.tgm,Tiny_6,3165181,47
a8fab82e09fc3945,statuelogin_c5r16.tgm.header,Tiny_6,4042080,264
088eb52810e16ad4,statuelogin_c5r15.tgm,Tiny_6,3165181,47
23851cb8497b0a98,statuelogin_c5r15.tgm.header,Tiny_6,4042080,264
800aeb36004f0428,statuelogin_c5r14.tgm,Tiny_6,3165181,47
90fc1b384de66a1d,statuelogin_c5r14.tgm.header,Tiny_6,4042080,264
aa53544f3373c6eb,statuelogin_c5r13.tgm,Tiny_6,3165181,47
5dc19568521a6d96,statuelogin_c5r13.tgm.header,Tiny_6,4042080,264
0ecdb715ab45f57b,statuelogin_c5r12.tgm,Tiny_6,3165181,47
604b53d74a1058a6,statuelogin_c5r12.tgm.header,Tiny_6,4042080,264
98d76360032e76a5,statuelogin_c5r11.tgm,Tiny_6,3165181,47
ae1ae1ff66ab2ca3,statuelogin_c5r11.tgm.header,Tiny_6,4042080,264
2518cb8d55a53a3d,statuelogin_c5r10.tgm,Tiny_6,3165181,47
22b3aa4b1f2ac852,statuelogin_c5r10.tgm.header,Tiny_6,4042080,264
e0cb2ebbd415948e,statuelogin_c5r1.tgm,Tiny_6,3165181,47
851d37870f5d60e3,statuelogin_c5r1.tgm.header,Tiny_6,4042080,264
f7092770c0c2ad87,statuelogin_c4r9.tgm,Tiny_6,3165181,47
af2a69bdff84cf8a,statuelogin_c4r9.tgm.header,Tiny_6,4042080,264
3d862654fb54109e,statuelogin_c4r8.tgm,Tiny_6,3165181,47
dfb5c0d5323bcbb5,statuelogin_c4r8.tgm.header,Tiny_6,4042080,264
c3cb78277cae742d,statuelogin_c4r7.tgm,Tiny_6,3165181,47
3b807fba4eb4043c,statuelogin_c4r7.tgm.header,Tiny_6,4042080,264
812f545933869b4a,statuelogin_c4r6.tgm,Tiny_6,3165181,47
82f69926bd3d7604,statuelogin_c4r6.tgm.header,Tiny_6,4042080,264
0b1edfdaef41b79a,statuelogin_c4r5.tgm,Tiny_6,3165181,47
1a0e322f43698c79,statuelogin_c4r5.tgm.header,Tiny_6,4042080,264
9c60750dab030b08,statuelogin_c4r4.tgm,Tiny_6,3165181,47
d7d56fbc2d468691,statuelogin_c4r4.tgm.header,Tiny_6,4042080,264
c59e496f27588f0e,statuelogin_c4r3.tgm,Tiny_6,3165181,47
d64821e9e92c7040,statuelogin_c4r3.tgm.header,Tiny_6,4042080,264
40889d2ec7dee796,statuelogin_c4r20.tgm,Tiny_6,3165181,47
a3ffb3effc66f6c6,statuelogin_c4r20.tgm.header,Tiny_6,4042080,264
482238f7dd3af697,statuelogin_c4r2.tgm,Tiny_6,3165181,47
d01c0f7756d4a22c,statuelogin_c4r2.tgm.header,Tiny_6,4042080,264
e09a7a5e95567334,statuelogin_c4r19.tgm,Tiny_6,3165181,47
8492e7c42bd2ff18,statuelogin_c4r19.tgm.header,Tiny_6,4042080,264
2ed6ddb64d945027,statuelogin_c4r18.tgm,Tiny_6,3165181,47
f7f4f0dca2369008,statuelogin_c4r18.tgm.header,Tiny_6,4042080,264
e8ad94eb24857f54,statuelogin_c4r17.tgm,Tiny_6,3165181,47
5f184d667b9a3a67,statuelogin_c4r17.tgm.header,Tiny_6,4042080,264
b23aa82c3913a8d4,statuelogin_c4r16.tgm,Tiny_6,3165181,47
003097c5431ac935,statuelogin_c4r16.tgm.header,Tiny_6,4042080,264
f66f1395475ae370,statuelogin_c4r15.tgm,Tiny_6,3165181,47
afb3e89fd45c21d8,statuelogin_c4r15.tgm.header,Tiny_6,4042080,264
532a5eb3cd78bcec,statuelogin_c4r14.tgm,Tiny_6,3165181,47
58d9af6921102432,statuelogin_c4r14.tgm.header,Tiny_6,4042080,264
2077e8a7bc2e4b47,statuelogin_c4r13.tgm,Tiny_6,3165181,47
988969d0e5c3bf71,statuelogin_c4r13.tgm.header,Tiny_6,4042080,264
bc93e5ebbeb4283d,statuelogin_c4r12.tgm,Tiny_6,3165181,47
b5ea696bf0a66221,statuelogin_c4r12.tgm.header,Tiny_6,4042080,264
e9329b3deb437a5e,statuelogin_c4r11.tgm,Tiny_6,3165181,47
03bddbe02c66f37e,statuelogin_c4r11.tgm.header,Tiny_6,4042080,264
e3bb666f5de0c6d5,statuelogin_c4r10.tgm,Tiny_6,3165181,47
fc4186ce220a3264,statuelogin_c4r10.tgm.header,Tiny_6,4042080,264
e418d69c1a2dd3bd,statuelogin_c4r1.tgm,Tiny_6,3165181,47
09192d47717bfe3e,statuelogin_c4r1.tgm.header,Tiny_6,4042080,264
9caf871b992ff884,statuelogin_c3r9.tgm,Tiny_6,3165181,47
8f487d92f9ee5def,statuelogin_c3r9.tgm.header,Tiny_6,4042080,264
9e53211721e1b44f,statuelogin_c3r8.tgm,Tiny_6,3165181,47
0bbbf46075a17a88,statuelogin_c3r8.tgm.header,Tiny_6,4042080,264
11e88f14c665faa6,statuelogin_c3r7.tgm,Tiny_6,3165181,47
045b293803ce2af7,statuelogin_c3r7.tgm.header,Tiny_6,4042080,264
d18ee104bf42775c,statuelogin_c3r6.tgm,Tiny_6,3165181,47
38ee632eae80ea8d,statuelogin_c3r6.tgm.header,Tiny_6,4042080,264
454c7a5348574fae,statuelogin_c3r5.tgm,Folders/art/models/interface/characterselection/tgms,0,1245577
f29484df05e2871c,statuelogin_c3r5.tgm.header,Tiny_2,11015656,567
11bbb750ba90ed78,statuelogin_c3r4.tgm,Tiny_6,3165181,47
4ed4e5b643aa4bf2,statuelogin_c3r4.tgm.header,Tiny_6,4042080,264
1a50ff810e12d4ca,statuelogin_c3r3.tgm,Tiny_6,3165181,47
b557628d45a753fa,statuelogin_c3r3.tgm.header,Tiny_6,4042080,264
5ac3924c6685406e,statuelogin_c3r20.tgm,Tiny_6,3165181,47
e00bd91238d72602,statuelogin_c3r20.tgm.header,Tiny_6,4042080,264
9eb1d5c19c727114,statuelogin_c3r2.tgm,Tiny_6,3165181,47
31d91953bb73af35,statuelogin_c3r2.tgm.header,Tiny_6,4042080,264
b37ebde64bbec7cc,statuelogin_c3r19.tgm,Tiny_6,3165181,47
800b9dbdded0d6ea,statuelogin_c3r19.tgm.header,Tiny_6,4042080,264
4cb9df3c914cdc6d,statuelogin_c3r18.tgm,Tiny_6,3165181,47
51ba447d87a2019e,statuelogin_c3r18.tgm.header,Tiny_6,4042080,264
36686d338e12dab8,statuelogin_c3r17.tgm,Tiny_6,3165181,47
63e313cd678f955f,statuelogin_c3r17.tgm.header,Tiny_6,4042080,264
a68a0a8717d68e8a,statuelogin_c3r16.tgm,Tiny_6,3165181,47
01232c25af096e16,statuelogin_c3r16.tgm.header,Tiny_6,4042080,264
464a6f0022f2cdb7,statuelogin_c3r15.tgm,Tiny_6,3165181,47
04469d2bb8892b14,statuelogin_c3r15.tgm.header,Tiny_6,4042080,264
3262bfd76e34ae7f,statuelogin_c3r14.tgm,Tiny_6,3165181,47
087a099a08e19c31,statuelogin_c3r14.tgm.header,Tiny_6,4042080,264
85ad08d1e346fae0,statuelogin_c3r13.tgm,Tiny_6,3165181,47
634020b44322cb02,statuelogin_c3r13.tgm.header,Tiny_6,4042080,264
1018a54f2178661e,statuelogin_c3r12.tgm,Tiny_6,3165181,47
05991fae447d754a,statuelogin_c3r12.tgm.header,Tiny_6,4042080,264
38b2566a522e0190,statuelogin_c3r11.tgm,Tiny_6,3165181,47
869c09a5b0b4b4e5,statuelogin_c3r11.tgm.header,Tiny_6,4042080,264
21b0996a63357194,statuelogin_c3r10.tgm,Tiny_6,3165181,47
78c7c88ac26a5e75,statuelogin_c3r10.tgm.header,Tiny_6,4042080,264
6bd4593089659b75,statuelogin_c3r1.tgm,Tiny_6,3165181,47
3a8de24a267afcf5,statuelogin_c3r1.tgm.header,Tiny_6,4042080,264
059b4f118a506b36,statuelogin_c2r9.tgm,Tiny_6,3165181,47
15dbf9198c7fb94d,statuelogin_c2r9.tgm.header,Tiny_6,4042080,264
35a1a65d92381911,statuelogin_c2r8.tgm,Tiny_6,3165181,47
33e562441f6b36ca,statuelogin_c2r8.tgm.header,Tiny_6,4042080,264
38ba46a532ead330,statuelogin_c2r7.tgm,Tiny_6,3165181,47
4a5d929ef3f1b0d5,statuelogin_c2r7.tgm.header,Tiny_6,4042080,264
9fdaa4043c64b78a,statuelogin_c2r6.tgm,Tiny_6,3165181,47
e0f6e93fff18e140,statuelogin_c2r6.tgm.header,Tiny_6,4042080,264
7b3ade11d434475a,statuelogin_c2r5.tgm,Tiny_6,3165181,47
61768c3aedc50895,statuelogin_c2r5.tgm.header,Tiny_6,4042080,264
4a238be48825c0b2,statuelogin_c2r4.tgm,Tiny_6,3165181,47
e30e6a7736f1c66e,statuelogin_c2r4.tgm.header,Tiny_6,4042080,264
c1f6d1f26dc05b30,statuelogin_c2r3.tgm,Tiny_6,3165181,47
888014f7c74c48f4,statuelogin_c2r3.tgm.header,Tiny_6,4042080,264
9f1fde94dd85afa2,statuelogin_c2r20.tgm,Tiny_6,3165181,47
f268397d1df3ca8e,statuelogin_c2r20.tgm.header,Tiny_6,4042080,264
f10213289596c509,statuelogin_c2r2.tgm,Tiny_6,3165181,47
88af9bdd8c4f924c,statuelogin_c2r2.tgm.header,Tiny_6,4042080,264
42e995afc2d2b00b,statuelogin_c2r19.tgm,Tiny_6,3165181,47
637796e8194020e9,statuelogin_c2r19.tgm.header,Tiny_6,4042080,264
0e4a00869f3d453f,statuelogin_c2r18.tgm,Tiny_6,3165181,47
a9b9bb336616387b,statuelogin_c2r18.tgm.header,Tiny_6,4042080,264
2191fee895868654,statuelogin_c2r17.tgm,Tiny_6,3165181,47
78d40656423d947d,statuelogin_c2r17.tgm.header,Tiny_6,4042080,264
05b38af79291b0a3,statuelogin_c2r16.tgm,Folders/art/models/interface/characterselection/tgms_2,1929838,3190169
19560de1bf806edb,statuelogin_c2r16.tgm.header,Tiny_2,11014913,743
2d2fa58a29815bbb,statuelogin_c2r15.tgm,Tiny_6,3165181,47
6839efe888a1c432,statuelogin_c2r15.tgm.header,Tiny_6,4042080,264
3e2102a44635c822,statuelogin_c2r14.tgm,Tiny_6,3165181,47
8c0ef3f0d12e527e,statuelogin_c2r14.tgm.header,Tiny_6,4042080,264
d5251643666b6331,statuelogin_c2r13.tgm,Tiny_6,3165181,47
fcc2c6fa816c9a93,statuelogin_c2r13.tgm.header,Tiny_6,4042080,264
0190198ce7dc4be5,statuelogin_c2r12.tgm,Tiny_6,3165181,47
c95cc73e124452ab,statuelogin_c2r12.tgm.header,Tiny_6,4042080,264
fe5fd2f06b558d6d,statuelogin_c2r11.tgm,Tiny_6,3165181,47
2967985df429b838,statuelogin_c2r11.tgm.header,Tiny_6,4042080,264
77df5b03ac518d03,statuelogin_c2r10.tgm,Tiny_6,3165181,47
62c3d1eecd3f7bb6,statuelogin_c2r10.tgm.header,Tiny_6,4042080,264
8186cb407b8659c6,statuelogin_c2r1.tgm,Tiny_6,3165181,47
40ec109dfcb226be,statuelogin_c2r1.tgm.header,Tiny_6,4042080,264
050926caf69c858e,statuelogin_c20r9.tgm,Tiny_6,3165181,47
7c73ad5a098093bd,statuelogin_c20r9.tgm.header,Tiny_6,4042080,264
721917f0746ef7ca,statuelogin_c20r8.tgm,Tiny_6,3165181,47
bf45c1527a4c8d75,statuelogin_c20r8.tgm.header,Tiny_6,4042080,264
0d4edd33ce904e71,statuelogin_c20r7.tgm,Tiny_6,3165181,47
369e112ae0b9b055,statuelogin_c20r7.tgm.header,Tiny_6,4042080,264
d8d878e8a3d8ceb5,statuelogin_c20r6.tgm,Tiny_6,3165181,47
7ce284279d12a31b,statuelogin_c20r6.tgm.header,Tiny_6,4042080,264
2c95c115988c5662,statuelogin_c20r5.tgm,Folders/art/models/interface/characterselection/tgms_2,965421,964417
9e506d0f607f1757,statuelogin_c20r5.tgm.header,Tiny_2,11014346,567
367cc7014681ff5f,statuelogin_c20r4.tgm,Tiny_6,3165181,47
4f5dac19004dd823,statuelogin_c20r4.tgm.header,Tiny_6,4042080,264
ead245d487283696,statuelogin_c20r3.tgm,Tiny_6,3165181,47
3c45c45dd6bd3181,statuelogin_c20r3.tgm.header,Tiny_6,4042080,264
2fe2667066cca636,statuelogin_c20r20.tgm,Tiny_6,3165181,47
35c702e66bd069fc,statuelogin_c20r20.tgm.header,Tiny_6,4042080,264
9d36d0ccf9cadf11,statuelogin_c20r2.tgm,Tiny_6,3165181,47
9b00cfe7c50ecc98,statuelogin_c20r2.tgm.header,Tiny_6,4042080,264
9d2832f37371eecd,statuelogin_c20r19.tgm,Tiny_6,3165181,47
8b378928f9246506,statuelogin_c20r19.tgm.header,Tiny_6,4042080,264
0f366b182afcab48,statuelogin_c20r18.tgm,Tiny_6,3165181,47
6b75e0c090716497,statuelogin_c20r18.tgm.header,Tiny_6,4042080,264
bc41d7c224c0ffb8,statuelogin_c20r17.tgm,Tiny_6,3165181,47
6f6fa1fda4a1456b,statuelogin_c20r17.tgm.header,Tiny_6,4042080,264
6722e926271c7fd5,statuelogin_c20r16.tgm,Tiny_6,3165181,47
5020034de9c9dbb6,statuelogin_c20r16.tgm.header,Tiny_6,4042080,264
afcf31f0a0389a28,statuelogin_c20r15.tgm,Tiny_6,3165181,47
fc5995b026e1b63e,statuelogin_c20r15.tgm.header,Tiny_6,4042080,264
c1b4938201e930ad,statuelogin_c20r14.tgm,Tiny_6,3165181,47
2cabb803d52f642d,statuelogin_c20r14.tgm.header,Tiny_6,4042080,264
3ccb2efeb02a8ee3,statuelogin_c20r13.tgm,Tiny_6,3165181,47
cf7d43e29f351738,statuelogin_c20r13.tgm.header,Tiny_6,4042080,264
bcea61c510ccb906,statuelogin_c20r12.tgm,Tiny_6,3165181,47
446c73796293baf2,statuelogin_c20r12.tgm.header,Tiny_6,4042080,264
8127920cb7a4ecb2,statuelogin_c20r11.tgm,Tiny_6,3165181,47
bff95d9aa53d77e9,statuelogin_c20r11.tgm.header,Tiny_6,4042080,264
d514216670dbe3d7,statuelogin_c20r10.tgm,Folders/art/models/interface/characterselection/tgms_2,0,965421
a7266725e317d785,statuelogin_c20r10.tgm.header,Tiny_2,11013691,655
cd6c9f29e9998c4b,statuelogin_c20r1.tgm,Tiny_6,3165181,47
1be7a4b67f6c2aa6,statuelogin_c20r1.tgm.header,Tiny_6,4042080,264
a02713f4afd9979e,statuelogin_c1r9.tgm,Tiny_6,3165181,47
265d4f2633fc9264,statuelogin_c1r9.tgm.header,Tiny_6,4042080,264
eb772888ca2dd565,statuelogin_c1r8.tgm,Tiny_6,3165181,47
d428b521cc1ae937,statuelogin_c1r8.tgm.header,Tiny_6,4042080,264
9746d1bd12d440b2,statuelogin_c1r7.tgm,Tiny_6,3165181,47
aa3add0ea95bfe5c,statuelogin_c1r7.tgm.header,Tiny_6,4042080,264
4abcdf62295659de,statuelogin_c1r6.tgm,Tiny_6,3165181,47
48610c711087593c,statuelogin_c1r6.tgm.header,Tiny_6,4042080,264
6b95e2d92227c1f8,statuelogin_c1r5.tgm,Tiny_6,3165181,47
6a5215f3b2a738bf,statuelogin_c1r5.tgm.header,Tiny_6,4042080,264
61228865fb03d16b,statuelogin_c1r4.tgm,Tiny_6,3165181,47
8ccfe1eef1ac2ffd,statuelogin_c1r4.tgm.header,Tiny_6,4042080,264
af9275f488f61a1f,statuelogin_c1r3.tgm,Tiny_6,3165181,47
c34ad78c61d44882,statuelogin_c1r3.tgm.header,Tiny_6,4042080,264
3d2579b06b539446,statuelogin_c1r20.tgm,Tiny_6,3165181,47
6c4537e3b2ca9cfb,statuelogin_c1r20.tgm.header,Tiny_6,4042080,264
fdc1f13c294da1e7,statuelogin_c1r2.tgm,Tiny_6,3165181,47
64f683068ab4947b,statuelogin_c1r2.tgm.header,Tiny_6,4042080,264
64965175c649d658,statuelogin_c1r19.tgm,Tiny_6,3165181,47
949e69cc8057eedd,statuelogin_c1r19.tgm.header,Tiny_6,4042080,264
78687284b57a6165,statuelogin_c1r18.tgm,Tiny_6,3165181,47
03a4bba43b9a2ea6,statuelogin_c1r18.tgm.header,Tiny_6,4042080,264
180443d40497067d,statuelogin_c1r17.tgm,Tiny_6,3165181,47
7383f79a0caa3b62,statuelogin_c1r17.tgm.header,Tiny_6,4042080,264
82edcaff06c18f6a,statuelogin_c1r16.tgm,Tiny_6,3165181,47
8f162bb25d366412,statuelogin_c1r16.tgm.header,Tiny_6,4042080,264
0aab57a8ef8c3d6f,statuelogin_c1r15.tgm,Tiny_6,3165181,47
96d345724dfed43a,statuelogin_c1r15.tgm.header,Tiny_6,4042080,264
84193b0cbfd3323e,statuelogin_c1r14.tgm,Tiny_6,3165181,47
bf58fe12a6ab752f,statuelogin_c1r14.tgm.header,Tiny_6,4042080,264
b344d6e657a7d52c,statuelogin_c1r13.tgm,Tiny_6,3165181,47
d7692088b5e2052c,statuelogin_c1r13.tgm.header,Tiny_6,4042080,264
5cd52b81905ef1ac,statuelogin_c1r12.tgm,Tiny_6,3165181,47
7b8de88459f3c8f6,statuelogin_c1r12.tgm.header,Tiny_6,4042080,264
a05a3d79e4ff109c,statuelogin_c1r11.tgm,Tiny_6,3165181,47
ea6a39284d390869,statuelogin_c1r11.tgm.header,Tiny_6,4042080,264
77991b088f3e0f42,statuelogin_c1r10.tgm,Tiny_6,3165181,47
247d6e3e55325af6,statuelogin_c1r10.tgm.header,Tiny_6,4042080,264
cd61f5feb0514846,statuelogin_c1r1.tgm,Tiny_6,3165181,47
bfd419c323487554,statuelogin_c1r1.tgm.header,Tiny_6,4042080,264
8a3dd3c9602c322b,statuelogin_c19r9.tgm,Tiny_6,3165181,47
dd2269c5aa695b83,statuelogin_c19r9.tgm.header,Tiny_6,4042080,264
5afd7ef3e7f49588,statuelogin_c19r8.tgm,Tiny_6,3165181,47
7304033ba785275a,statuelogin_c19r8.tgm.header,Tiny_6,4042080,264
941be5df066bed7c,statuelogin_c19r7.tgm,Tiny_6,3165181,47
bd456c64afc716e2,statuelogin_c19r7.tgm.header,Tiny_6,4042080,264
21358951dddb3221,statuelogin_c19r6.tgm,Tiny_6,3165181,47
bc7c95bd4631e8c1,statuelogin_c19r6.tgm.header,Tiny_6,4042080,264
3876e58fed1f7507,statuelogin_c19r5.tgm,Tiny_6,3165181,47
98ab78176c2c974d,statuelogin_c19r5.tgm.header,Tiny_6,4042080,264
71e25e702cbabc52,statuelogin_c19r4.tgm,Tiny_6,3165181,47
9e4619510a0b54df,statuelogin_c19r4.tgm.header,Tiny_6,4042080,264
14521e2cdd123e8a,statuelogin_c19r3.tgm,Tiny_6,3165181,47
9ac450fcf17969b0,statuelogin_c19r3.tgm.header,Tiny_6,4042080,264
1997b86784ab2ded,statuelogin_c19r20.tgm,Tiny_6,3165181,47
0ba6719e45fbbd6e,statuelogin_c19r20.tgm.header,Tiny_6,4042080,264
8c8e0841147fd29c,statuelogin_c19r2.tgm,Tiny_6,3165181,47
596f85f45531bd53,statuelogin_c19r2.tgm.header,Tiny_6,4042080,264
2b0c8644264a0387,statuelogin_c19r19.tgm,Tiny_6,3165181,47
a001c41c5db674ba,statuelogin_c19r19.tgm.header,Tiny_6,4042080,264
159fdbf470a74ee3,statuelogin_c19r18.tgm,Tiny_6,3165181,47
03b3c2c652fd4fd1,statuelogin_c19r18.tgm.header,Tiny_6,4042080,264
fd9892f1cd7a8e41,statuelogin_c19r17.tgm,Tiny_6,3165181,47
beef3a5382a4cfc2,statuelogin_c19r17.tgm.header,Tiny_6,4042080,264
16a711b3e748f258,statuelogin_c19r16.tgm,Folders/art/models/interface/characterselection/tgms_1,2055225,3143661
09d77fa2040a6648,statuelogin_c19r16.tgm.header,Tiny_2,10905588,655
e81444b77b45484b,statuelogin_c19r15.tgm,Tiny_6,3165181,47
e3b099586c864181,statuelogin_c19r15.tgm.header,Tiny_6,4042080,264
83a60b6643ec95e3,statuelogin_c19r14.tgm,Tiny_6,3165181,47
1aa67de3bd11c4db,statuelogin_c19r14.tgm.header,Tiny_6,4042080,264
aca15c3b966f377d,statuelogin_c19r13.tgm,Tiny_6,3165181,47
67ed7701ff6655b9,statuelogin_c19r13.tgm.header,Tiny_6,4042080,264
da9ed83b5b708653,statuelogin_c19r12.tgm,Tiny_6,3165181,47
baee14c81009df72,statuelogin_c19r12.tgm.header,Tiny_6,4042080,264
a879ae07ac847ec3,statuelogin_c19r11.tgm,Tiny_6,3165181,47
ae46a5df78832c9f,statuelogin_c19r11.tgm.header,Tiny_6,4042080,264
56a62e6d5d97b812,statuelogin_c19r10.tgm,Tiny_6,3165181,47
3d6cd1860d033962,statuelogin_c19r10.tgm.header,Tiny_6,4042080,264
6e769e41816308f3,statuelogin_c19r1.tgm,Tiny_6,3165181,47
2259b45572ddfe68,statuelogin_c19r1.tgm.header,Tiny_6,4042080,264
b51a99116e5301f8,statuelogin_c18r9.tgm,Tiny_6,3165181,47
be3f99d80f238856,statuelogin_c18r9.tgm.header,Tiny_6,4042080,264
96152a4c245ec938,statuelogin_c18r8.tgm,Tiny_6,3165181,47
10358f0fd7eb7070,statuelogin_c18r8.tgm.header,Tiny_6,4042080,264
e05b30956c5951fc,statuelogin_c18r7.tgm,Folders/art/models/interface/characterselection/tgms_1,771152,1284073
e2bae24ee3ac744c,statuelogin_c18r7.tgm.header,Tiny_2,10905021,567
20daf5e733d56c7a,statuelogin_c18r6.tgm,Tiny_6,3165181,47
5a445ddd36d07dfa,statuelogin_c18r6.tgm.header,Tiny_6,4042080,264
f43dbccdbff7349f,statuelogin_c18r5.tgm,Tiny_6,3165181,47
7c934a9a06c1b414,statuelogin_c18r5.tgm.header,Tiny_6,4042080,264
7f22816df5bcdc89,statuelogin_c18r4.tgm,Tiny_6,3165181,47
d44ceedd4f4d8211,statuelogin_c18r4.tgm.header,Tiny_6,4042080,264
c57c54f16e781a54,statuelogin_c18r3.tgm,Tiny_6,3165181,47
9b187bdbc4b80f9e,statuelogin_c18r3.tgm.header,Tiny_6,4042080,264
02474adc9ea9c48a,statuelogin_c18r20.tgm,Tiny_6,3165181,47
a9609766a395af14,statuelogin_c18r20.tgm.header,Tiny_6,4042080,264
adb0cf33fbc4ba2a,statuelogin_c18r2.tgm,Tiny_6,3165181,47
3a652909192fdff3,statuelogin_c18r2.tgm.header,Tiny_6,4042080,264
e0231d9c939b4cf0,statuelogin_c18r19.tgm,Tiny_6,3165181,47
a834f922acd02e3f,statuelogin_c18r19.tgm.header,Tiny_6,4042080,264
c8d151b21371b32f,statuelogin_c18r18.tgm,Tiny_6,3165181,47
23f15649229f1be1,statuelogin_c18r18.tgm.header,Tiny_6,4042080,264
066d4bffd09509b8,statuelogin_c18r17.tgm,Tiny_6,3165181,47
e65da6aae70cb3cd,statuelogin_c18r17.tgm.header,Tiny_6,4042080,264
48692998084ff018,statuelogin_c18r16.tgm,Tiny_6,3165181,47
2215a82b1b64d90f,statuelogin_c18r16.tgm.header,Tiny_6,4042080,264
74cc65a6b24d6900,statuelogin_c18r15.tgm,Tiny_6,3165181,47
73eb06a7aea21830,statuelogin_c18r15.tgm.header,Tiny_6,4042080,264
a6d9541bfe7bb26e,statuelogin_c18r14.tgm,Tiny_6,3165181,47
4b8d5a84d946c74c,statuelogin_c18r14.tgm.header,Tiny_6,4042080,264
7e79c3d0c74d201a,statuelogin_c18r13.tgm,Tiny_6,3165181,47
68fab13da582c54b,statuelogin_c18r13.tgm.header,Tiny_6,4042080,264
7968f18f09a56edb,statuelogin_c18r12.tgm,Tiny_6,3165181,47
2d00f8fa17200867,statuelogin_c18r12.tgm.header,Tiny_6,4042080,264
f36025c13c43106e,statuelogin_c18r11.tgm,Tiny_6,3165181,47
05f13af60f91e22c,statuelogin_c18r11.tgm.header,Tiny_6,4042080,264
8f8d491b709896e2,statuelogin_c18r10.tgm,Tiny_6,3165181,47
3d2c8afaab04be1e,statuelogin_c18r10.tgm.header,Tiny_6,4042080,264
ea8788d1afc5bbfa,statuelogin_c18r1.tgm,Tiny_6,3165181,47
8d2ff9a5443ebf8c,statuelogin_c18r1.tgm.header,Tiny_6,4042080,264
3b9cc772aa02cb18,statuelogin_c17r9.tgm,Tiny_6,3165181,47
a8d6df4048c75722,statuelogin_c17r9.tgm.header,Tiny_6,4042080,264
50f439487c9d2f00,statuelogin_c17r8.tgm,Tiny_6,3165181,47
092ab0f9312b04d0,statuelogin_c17r8.tgm.header,Tiny_6,4042080,264
9437ec02af271f67,statuelogin_c17r7.tgm,Tiny_6,3165181,47
930d4cea0f2f6e89,statuelogin_c17r7.tgm.header,Tiny_6,4042080,264
ca71bed37f6a36ab,statuelogin_c17r6.tgm,Tiny_6,3165181,47
698e2ad183401a5f,statuelogin_c17r6.tgm.header,Tiny_6,4042080,264
ca22cbbf46fabfb6,statuelogin_c17r5.tgm,Tiny_6,3165181,47
fa673aaf32fd7569,statuelogin_c17r5.tgm.header,Tiny_6,4042080,264
a524559120ef860f,statuelogin_c17r4.tgm,Tiny_6,3165181,47
9551eb04f218f019,statuelogin_c17r4.tgm.header,Tiny_6,4042080,264
379933dca6f25876,statuelogin_c17r3.tgm,Tiny_6,3165181,47
1bfb6137070325a1,statuelogin_c17r3.tgm.header,Tiny_6,4042080,264
64c0cfcceeb9ffc0,statuelogin_c17r20.tgm,Tiny_6,3165181,47
76283d669a2a1dcb,statuelogin_c17r20.tgm.header,Tiny_6,4042080,264
b53048432e9836c7,statuelogin_c17r2.tgm,Tiny_6,3165181,47
572e5442dbff95ed,statuelogin_c17r2.tgm.header,Tiny_6,4042080,264
1886f6a5606301b3,statuelogin_c17r19.tgm,Tiny_6,3165181,47
f46fb4ffaae3cc91,statuelogin_c17r19.tgm.header,Tiny_6,4042080,264
eb371a2ceb6119d4,statuelogin_c17r18.tgm,Tiny_6,3165181,47
feec9b017153a3cd,statuelogin_c17r18.tgm.header,Tiny_6,4042080,264
dfd0f4f325c4f4b6,statuelogin_c17r17.tgm,Tiny_6,3165181,47
ea8386de46dbc5df,statuelogin_c17r17.tgm.header,Tiny_6,4042080,264
cedeca409bf60e29,statuelogin_c17r16.tgm,Tiny_6,3165181,47
ea5936add7842274,statuelogin_c17r16.tgm.header,Tiny_6,4042080,264
cef5767e3f7afe95,statuelogin_c17r15.tgm,Tiny_6,3165181,47
008e4f0a40cfc247,statuelogin_c17r15.tgm.header,Tiny_6,4042080,264
05fdfb4600fc5a11,statuelogin_c17r14.tgm,Tiny_6,3165181,47
0403d225f8c0d1b4,statuelogin_c17r14.tgm.header,Tiny_6,4042080,264
c6a487fdc4dbfa78,statuelogin_c17r13.tgm,Tiny_6,3165181,47
49f74238438d3780,statuelogin_c17r13.tgm.header,Tiny_6,4042080,264
8a52a5bca5e12d62,statuelogin_c17r12.tgm,Tiny_6,3165181,47
c8fe05a2e2165232,statuelogin_c17r12.tgm.header,Tiny_6,4042080,264
3eff7388876bee6e,statuelogin_c17r11.tgm,Tiny_6,3165181,47
ff32876cdb4f0e5b,statuelogin_c17r11.tgm.header,Tiny_6,4042080,264
954ec6c341b6f585,statuelogin_c17r10.tgm,Tiny_6,3165181,47
5af4510c802e71cf,statuelogin_c17r10.tgm.header,Tiny_6,4042080,264
61733bf89a335666,statuelogin_c17r1.tgm,Tiny_6,3165181,47
1106ae31f05371cf,statuelogin_c17r1.tgm.header,Tiny_6,4042080,264
9451b5d2834c0191,statuelogin_c16r9.tgm,Tiny_6,3165181,47
28e64d4beead8eba,statuelogin_c16r9.tgm.header,Tiny_6,4042080,264
a4b3619965254a36,statuelogin_c16r8.tgm,Tiny_6,3165181,47
da3cea85571565c1,statuelogin_c16r8.tgm.header,Tiny_6,4042080,264
cf324973e3d80405,statuelogin_c16r7.tgm,Tiny_6,3165181,47
2bfdad928eba05cb,statuelogin_c16r7.tgm.header,Tiny_6,4042080,264
3271c36b78070e9a,statuelogin_c16r6.tgm,Tiny_6,3165181,47
02c23a199b1d43e4,statuelogin_c16r6.tgm.header,Tiny_6,4042080,264
12a198eee1bbf991,statuelogin_c16r5.tgm,Tiny_6,3165181,47
89552ec1161862d5,statuelogin_c16r5.tgm.header,Tiny_6,4042080,264
027f97007b002bed,statuelogin_c16r4.tgm,Tiny_6,3165181,47
8353c465282be998,statuelogin_c16r4.tgm.header,Tiny_6,4042080,264
2058f5b5bf6d4330,statuelogin_c16r3.tgm,Tiny_6,3165181,47
ba8700f4acd6705d,statuelogin_c16r3.tgm.header,Tiny_6,4042080,264
adf22d77fd1ace08,statuelogin_c16r20.tgm,Tiny_6,3165181,47
6d82d15c323fbc13,statuelogin_c16r20.tgm.header,Tiny_6,4042080,264
7904a67716505ba9,statuelogin_c16r2.tgm,Tiny_6,3165181,47
98da4ceb19f63a92,statuelogin_c16r2.tgm.header,Tiny_6,4042080,264
3fdecf58e9d6860d,statuelogin_c16r19.tgm,Tiny_6,3165181,47
dce2b0cf8d27ae74,statuelogin_c16r19.tgm.header,Tiny_6,4042080,264
1a39e5289427c93f,statuelogin_c16r18.tgm,Tiny_6,3165181,47
79ec749a9e8523fe,statuelogin_c16r18.tgm.header,Tiny_6,4042080,264
4e36daacb3e79d86,statuelogin_c16r17.tgm,Tiny_6,3165181,47
62089a95fea564ed,statuelogin_c16r17.tgm.header,Tiny_6,4042080,264
d0cdd610a9ce8b73,statuelogin_c16r16.tgm,Tiny_6,3165181,47
449ed34bbbc75897,statuelogin_c16r16.tgm.header,Tiny_6,4042080,264
e6e728db4967c644,statuelogin_c16r15.tgm,Tiny_6,3165181,47
efbd6ec9ebaf39ff,statuelogin_c16r15.tgm.header,Tiny_6,4042080,264
39993d1f7e2d9b8b,statuelogin_c16r14.tgm,Tiny_6,3165181,47
8c3e69d099d9bfc7,statuelogin_c16r14.tgm.header,Tiny_6,4042080,264
35474d2eace8c657,statuelogin_c16r13.tgm,Tiny_6,3165181,47
57f4e988e145103a,statuelogin_c16r13.tgm.header,Tiny_6,4042080,264
1325126382984997,statuelogin_c16r12.tgm,Tiny_6,3165181,47
cd472510b179f6fb,statuelogin_c16r12.tgm.header,Tiny_6,4042080,264
1f7e7bacf6671dd9,statuelogin_c16r11.tgm,Tiny_6,3165181,47
00fe773cd8438961,statuelogin_c16r11.tgm.header,Tiny_6,4042080,264
90f5663685642902,statuelogin_c16r10.tgm,Tiny_6,3165181,47
66210ab27ccd39b5,statuelogin_c16r10.tgm.header,Tiny_6,4042080,264
c454809cfc1235bd,statuelogin_c16r1.tgm,Tiny_6,3165181,47
ac89f4383aa533b5,statuelogin_c16r1.tgm.header,Tiny_6,4042080,264
ffa4f0cdcd661622,statuelogin_c15r9.tgm,Tiny_2,11012178,1249
98d3d9f96456cdc3,statuelogin_c15r9.tgm.header,Tiny_2,11013427,264
59b66e8d4c3b4ff6,statuelogin_c15r8.tgm,Tiny_2,10890585,1147
89de5c032d94a5e8,statuelogin_c15r8.tgm.header,Tiny_2,10891732,264
5f9549fb8912ab7b,statuelogin_c15r7.tgm,Tiny_2,11011665,513
67f1d5c3792810cd,statuelogin_c15r7.tgm.header,Tiny_2,10890321,264
162108eef0a5b444,statuelogin_c15r6.tgm,Tiny_2,10888977,567
2cabcdeb72cff93c,statuelogin_c15r6.tgm.header,Tiny_2,10889544,264
15216c55ce07e317,statuelogin_c15r5.tgm,Tiny_2,11010726,675
69aafb1403bcc1a8,statuelogin_c15r5.tgm.header,Tiny_2,11011401,264
39aa03d6fc2abb13,statuelogin_c15r4.tgm,Tiny_2,11009679,783
70c6cfa6440a0a98,statuelogin_c15r4.tgm.header,Tiny_2,11010462,264
33c11052f77bab5a,statuelogin_c15r3.tgm,Tiny_2,11008524,891
c10152c59fbddf7e,statuelogin_c15r3.tgm.header,Tiny_2,11009415,264
8048af5927f5d2b4,statuelogin_c15r20.tgm,Tiny_6,3165181,47
d74eda0cd8e65e27,statuelogin_c15r20.tgm.header,Tiny_6,4042080,264
a50905dd4f6ba34a,statuelogin_c15r2.tgm,Tiny_2,11007261,999
4f8f827df1ae555b,statuelogin_c15r2.tgm.header,Tiny_2,11008260,264
14e255af15d784c6,statuelogin_c15r19.tgm,Tiny_6,3165181,47
aba80f5bcaddc14c,statuelogin_c15r19.tgm.header,Tiny_6,4042080,264
55a80f0b13ae65bc,statuelogin_c15r18.tgm,Tiny_6,3165181,47
879d6edf2133005d,statuelogin_c15r18.tgm.header,Tiny_6,4042080,264
3ec22bb48ad99607,statuelogin_c15r17.tgm,Tiny_6,3165181,47
f0735ab50a38aa0c,statuelogin_c15r17.tgm.header,Tiny_6,4042080,264
d5895d77ad1c2822,statuelogin_c15r16.tgm,Tiny_6,3165181,47
a228c1e372067a8d,statuelogin_c15r16.tgm.header,Tiny_6,4042080,264
42eee06cb135fcf9,statuelogin_c15r15.tgm,Tiny_6,3165181,47
d30039c65479c4c2,statuelogin_c15r15.tgm.header,Tiny_6,4042080,264
a3fdb488bb1149df,statuelogin_c15r14.tgm,Tiny_6,3165181,47
6efdbcd2cd2ce0cf,statuelogin_c15r14.tgm.header,Tiny_6,4042080,264
ed67a0fed3b58584,statuelogin_c15r13.tgm,Tiny_6,3165181,47
b397717bda61664f,statuelogin_c15r13.tgm.header,Tiny_6,4042080,264
27bac732adefd27c,statuelogin_c15r12.tgm,Tiny_6,3165181,47
e4f02732caf46b8d,statuelogin_c15r12.tgm.header,Tiny_6,4042080,264
d598ba77ce265b4b,statuelogin_c15r11.tgm,Tiny_2,11006400,597
19449e6e92447f6f,statuelogin_c15r11.tgm.header,Tiny_2,11006997,264
be87eb7703bae1aa,statuelogin_c15r10.tgm,Tiny_2,11005319,817
a8efd8770ecfc105,statuelogin_c15r10.tgm.header,Tiny_2,11006136,264
dbbbcb3f47afb750,statuelogin_c15r1.tgm,Tiny_2,11004380,675
62f30a7d376ac5ae,statuelogin_c15r1.tgm.header,Tiny_2,11005055,264
6de743bddc1c0b52,statuelogin_c14r9.tgm,Tiny_2,11002771,1609
6fcfd39650c079e9,statuelogin_c14r9.tgm.header,Tiny_4,42788233,264
6f58348d8cb033d9,statuelogin_c14r8.tgm,Tiny_2,10874288,1141
ac77ed126bc427fa,statuelogin_c14r8.tgm.header,Tiny_4,42786330,264
434d0a3d003b00a6,statuelogin_c14r7.tgm,Tiny_2,11002042,729
01ecf768088aae43,statuelogin_c14r7.tgm.header,Tiny_4,42784895,264
998e0ba0a5f1af09,statuelogin_c14r6.tgm,Tiny_2,11001475,567
89537b2d853a6984,statuelogin_c14r6.tgm.header,Tiny_4,42783876,264
d4b9da5ac998566d,statuelogin_c14r5.tgm,Tiny_2,11000800,675
3c001caf42c8f494,statuelogin_c14r5.tgm.header,Tiny_4,42783019,264
02b893bd2ec6768a,statuelogin_c14r4.tgm,Tiny_2,11000071,729
463b66e9a83e9eb4,statuelogin_c14r4.tgm.header,Tiny_4,42782054,264
18d88e58baeff136,statuelogin_c14r3.tgm,Tiny_2,10999126,945
11ee339664bb4fb3,statuelogin_c14r3.tgm.header,Tiny_4,42781035,264
a0202b708728284d,statuelogin_c14r20.tgm,Tiny_6,3165181,47
24c237ef1ac37eed,statuelogin_c14r20.tgm.header,Tiny_6,4042080,264
e72221ed963e7103,statuelogin_c14r2.tgm,Tiny_2,10997965,1161
c5ae7bab9abd160d,statuelogin_c14r2.tgm.header,Tiny_4,42774969,264
bb422439352b0c65,statuelogin_c14r19.tgm,Tiny_6,3165181,47
85494912ac49f6ec,statuelogin_c14r19.tgm.header,Tiny_6,4042080,264
e1c3c930b5bc55d9,statuelogin_c14r18.tgm,Tiny_6,3165181,47
65f7a32ad942974d,statuelogin_c14r18.tgm.header,Tiny_6,4042080,264
126d514d1e63ada0,statuelogin_c14r17.tgm,Tiny_6,3165181,47
5167edd1d202b04a,statuelogin_c14r17.tgm.header,Tiny_6,4042080,264
878145300c317721,statuelogin_c14r16.tgm,Tiny_6,3165181,47
646be2df3fcbcad7,statuelogin_c14r16.tgm.header,Tiny_6,4042080,264
774b21f9ebe46796,statuelogin_c14r15.tgm,Tiny_6,3165181,47
ada68db483420347,statuelogin_c14r15.tgm.header,Tiny_6,4042080,264
651598e2f85c8404,statuelogin_c14r14.tgm,Tiny_6,3165181,47
31f9f9bd95ca367e,statuelogin_c14r14.tgm.header,Tiny_6,4042080,264
6785910fdac8203e,statuelogin_c14r13.tgm,Tiny_6,3165181,47
7b5996109c5fc445,statuelogin_c14r13.tgm.header,Tiny_6,4042080,264
5132086d6cd65bb3,statuelogin_c14r12.tgm,Tiny_6,3165181,47
1dfe343e859c5d19,statuelogin_c14r12.tgm.header,Tiny_6,4042080,264
9e48fab1ec30582e,statuelogin_c14r11.tgm,Tiny_2,10997182,783
81204e961c712e65,statuelogin_c14r11.tgm.header,Tiny_4,42766884,264
5c549cf631406a5c,statuelogin_c14r10.tgm,Tiny_2,10995879,1303
704c87c94c25d30b,statuelogin_c14r10.tgm.header,Tiny_4,42765811,264
438c11f2b763386f,statuelogin_c14r1.tgm,Tiny_2,10995096,783
80878e0d55e77490,statuelogin_c14r1.tgm.header,Tiny_4,42764214,264
6994813bd82a130c,statuelogin_c13r9.tgm,Tiny_2,10993685,1411
3cf489d6951e2d33,statuelogin_c13r9.tgm.header,Tiny_4,42763141,264
5d45c15d54ca356d,statuelogin_c13r8.tgm,Tiny_2,10992538,1147
fff2b2a4a134a45c,statuelogin_c13r8.tgm.header,Tiny_4,42761436,264
b0ad11a77cc28761,statuelogin_c13r7.tgm,Tiny_2,10991431,843
2182ff6dd2d3b4cf,statuelogin_c13r7.tgm.header,Tiny_2,10992274,264
6b03e3de502516ba,statuelogin_c13r6.tgm,Tiny_2,10990324,1107
1fc9b35a7615db73,statuelogin_c13r6.tgm.header,Tiny_4,42758838,264
b785f1b21cf313f2,statuelogin_c13r5.tgm,Tiny_2,10988785,1539
92d54ee86280bab0,statuelogin_c13r5.tgm.header,Tiny_4,42755876,264
3b8db5619bda83f5,statuelogin_c13r4.tgm,Tiny_2,10987246,1539
5fe2203d4c54a2e2,statuelogin_c13r4.tgm.header,Tiny_4,42755876,264
24e2658c48c4f3fd,statuelogin_c13r3.tgm,Tiny_2,10985653,1593
92a336a94d428e66,statuelogin_c13r3.tgm.header,Tiny_4,42754047,264
6e1a8851a9db2424,statuelogin_c13r20.tgm,Tiny_6,3165181,47
0c3a7e3eb67b083a,statuelogin_c13r20.tgm.header,Tiny_6,4042080,264
fcae3558379ad124,statuelogin_c13r2.tgm,Tiny_2,10983844,1809
7aee122ef66a0a7f,statuelogin_c13r2.tgm.header,Tiny_4,42748509,264
cc18078a86a544a9,statuelogin_c13r19.tgm,Tiny_6,3165181,47
6c8a8744df372570,statuelogin_c13r19.tgm.header,Tiny_6,4042080,264
f8fd6966dabecd6f,statuelogin_c13r18.tgm,Tiny_6,3165181,47
94ecde73cdb2b22a,statuelogin_c13r18.tgm.header,Tiny_6,4042080,264
79e0e8d05b6d493d,statuelogin_c13r17.tgm,Tiny_6,3165181,47
f8ac109f8281c95e,statuelogin_c13r17.tgm.header,Tiny_6,4042080,264
f9f033bfef427196,statuelogin_c13r16.tgm,Tiny_6,3165181,47
d12e97132d62ed19,statuelogin_c13r16.tgm.header,Tiny_6,4042080,264
c36b9ae9ea1ae77b,statuelogin_c13r15.tgm,Tiny_6,3165181,47
d10c4d7ba2f45912,statuelogin_c13r15.tgm.header,Tiny_6,4042080,264
19714734ae942fdf,statuelogin_c13r14.tgm,Tiny_6,3165181,47
537606202f000f24,statuelogin_c13r14.tgm.header,Tiny_6,4042080,264
5caecdcc4c00bda2,statuelogin_c13r13.tgm,Tiny_6,3165181,47
4514c1eec7dee87b,statuelogin_c13r13.tgm.header,Tiny_6,4042080,264
2699086a358ae172,statuelogin_c13r12.tgm,Tiny_6,3165181,47
2a8a6fed8e52f0a5,statuelogin_c13r12.tgm.header,Tiny_6,4042080,264
b620156e86bd6ddd,statuelogin_c13r11.tgm,Tiny_2,10983601,243
a6f86dd4ffc6d8cd,statuelogin_c13r11.tgm.header,Tiny_4,42738822,264
a6af8c2b26bbcae0,statuelogin_c13r10.tgm,Tiny_2,10983034,567
59ef161b725b7a42,statuelogin_c13r10.tgm.header,Tiny_4,42738289,264
d064276d9c8987e3,statuelogin_c13r1.tgm,Tiny_2,10981951,1083
79c26bfb36a9087d,statuelogin_c13r1.tgm.header,Tiny_4,42737432,264
88d61fc909c99f37,statuelogin_c12r9.tgm,Tiny_2,10981384,567
ad2778a0f2f2cf41,statuelogin_c12r9.tgm.header,Tiny_4,42736059,264
f262836eb792648f,statuelogin_c12r8.tgm,Tiny_2,10981087,297
b7bc6f3749c70b8c,statuelogin_c12r8.tgm.header,Tiny_4,42735202,264
9fa510a3569513ac,statuelogin_c12r7.tgm,Tiny_2,10980844,243
610058874ed56c79,statuelogin_c12r7.tgm.header,Tiny_4,42734615,264
28d72a2403650dcd,statuelogin_c12r6.tgm,Tiny_2,10980493,351
7039b4b9633f957d,statuelogin_c12r6.tgm.header,Tiny_4,42734082,264
83d3ddbaa06d6bc8,statuelogin_c12r5.tgm,Tiny_2,10980034,459
6cae433ed862a2a8,statuelogin_c12r5.tgm.header,Tiny_4,42733441,264
d10951c67f8bedec,statuelogin_c12r4.tgm,Tiny_2,10979149,621
a6b29850134b42c6,statuelogin_c12r4.tgm.header,Tiny_2,10979770,264
9fb7504d812a2105,statuelogin_c12r3.tgm,Tiny_2,10978312,837
2d9ecf13e294e52a,statuelogin_c12r3.tgm.header,Tiny_4,42687239,264
32ba6eca063ef3a4,statuelogin_c12r20.tgm,Tiny_6,3165181,47
4fa3e7f164025613,statuelogin_c12r20.tgm.header,Tiny_6,4042080,264
be7872d24380f35a,statuelogin_c12r2.tgm,Tiny_2,10977259,1053
2e84fa5549f2f97e,statuelogin_c12r2.tgm.header,Tiny_4,42724609,264
f2c52723c79c2c41,statuelogin_c12r19.tgm,Tiny_6,3165181,47
9781758789596684,statuelogin_c12r19.tgm.header,Tiny_6,4042080,264
31338cd2c79a6e35,statuelogin_c12r18.tgm,Tiny_6,3165181,47
ed3fb0ef6cbbd99b,statuelogin_c12r18.tgm.header,Tiny_6,4042080,264
ef4372052e6310a7,statuelogin_c12r17.tgm,Tiny_6,3165181,47
5783c46b3f067a24,statuelogin_c12r17.tgm.header,Tiny_6,4042080,264
d0d03e5f661fcfd9,statuelogin_c12r16.tgm,Tiny_6,3165181,47
6a5b2390d1ca40dc,statuelogin_c12r16.tgm.header,Tiny_6,4042080,264
ff5dd86d4be20a56,statuelogin_c12r15.tgm,Tiny_6,3165181,47
7b0faf87e861678c,statuelogin_c12r15.tgm.header,Tiny_6,4042080,264
a5725d3e9384d349,statuelogin_c12r14.tgm,Tiny_6,3165181,47
902040ffc92c5331,statuelogin_c12r14.tgm.header,Tiny_6,4042080,264
187bbf1e4c41903b,statuelogin_c12r13.tgm,Tiny_6,3165181,47
deaac6d2f1fa1842,statuelogin_c12r13.tgm.header,Tiny_6,4042080,264
71149fb96f55b845,statuelogin_c12r12.tgm,Tiny_6,3165181,47
270b52095292cb69,statuelogin_c12r12.tgm.header,Tiny_6,4042080,264
eadd7445167535d7,statuelogin_c12r11.tgm,Tiny_2,10977016,243
408e82fd0b0626d5,statuelogin_c12r11.tgm.header,Tiny_4,42716656,264
e6bf73993e90ea46,statuelogin_c12r10.tgm,Tiny_2,10976665,351
382d17312773bad4,statuelogin_c12r10.tgm.header,Tiny_4,42716123,264
ab33a3f1b36f10ce,statuelogin_c12r1.tgm,Tiny_2,10976044,621
ebab2ef445550c3d,statuelogin_c12r1.tgm.header,Tiny_4,42715482,264
6aeaae912edcf936,statuelogin_c11r9.tgm,Tiny_2,10975261,783
7cab681dabdaea99,statuelogin_c11r9.tgm.header,Tiny_4,42714571,264
4dd7c0e4159d08c0,statuelogin_c11r8.tgm,Tiny_2,10974718,543
8850571388c69cc0,statuelogin_c11r8.tgm.header,Tiny_4,42713498,264
bdf2378541b23029,statuelogin_c11r7.tgm,Folders/art/models/interface/characterselection/tgms_1,605957,165195
71c499f6a473ac20,statuelogin_c11r7.tgm.header,Tiny_2,10973139,1579
2befcf0201785080,statuelogin_c11r6.tgm,Tiny_2,10972518,621
cbc19c9430b2b080,statuelogin_c11r6.tgm.header,Tiny_4,42711970,264
54d590193feb6071,statuelogin_c11r5.tgm,Tiny_2,10971681,837
3132052fbdd35447,statuelogin_c11r5.tgm.header,Tiny_4,42711059,264
0ece87557f2fb69b,statuelogin_c11r4.tgm,Tiny_2,10970628,1053
38454db4ebe62cfe,statuelogin_c11r4.tgm.header,Tiny_4,42709932,264
7d841b0b1f063935,statuelogin_c11r3.tgm,Tiny_2,10969359,1269
ef29626f7693833e,statuelogin_c11r3.tgm.header,Tiny_4,42708589,264
1c93bd83596f1dab,statuelogin_c11r20.tgm,Tiny_6,3165181,47
1d48dbd8fda8ab2d,statuelogin_c11r20.tgm.header,Tiny_6,4042080,264
a7331dea8c05ecbd,statuelogin_c11r2.tgm,Tiny_2,10968090,1269
cb250199de84356a,statuelogin_c11r2.tgm.header,Tiny_4,42703403,264
f97d342470a46267,statuelogin_c11r19.tgm,Tiny_6,3165181,47
eea661f377befa43,statuelogin_c11r19.tgm.header,Tiny_6,4042080,264
09c998168d4577d6,statuelogin_c11r18.tgm,Tiny_6,3165181,47
7eea0202e291adff,statuelogin_c11r18.tgm.header,Tiny_6,4042080,264
bfb91266ab10c4ef,statuelogin_c11r17.tgm,Folders/art/models/interface/characterselection/tgms_1,509946,96011
df5feecb7bf18f0d,statuelogin_c11r17.tgm.header,Tiny_2,10966951,1139
d158f5a331548d44,statuelogin_c11r16.tgm,Tiny_6,3165181,47
185c4829d49e1bc1,statuelogin_c11r16.tgm.header,Tiny_6,4042080,264
ee23997d7b1dbe7d,statuelogin_c11r15.tgm,Tiny_6,3165181,47
3633414469abf0cd,statuelogin_c11r15.tgm.header,Tiny_6,4042080,264
35a59e9c827f8e2b,statuelogin_c11r14.tgm,Tiny_6,3165181,47
afc5323a9555e5d7,statuelogin_c11r14.tgm.header,Tiny_6,4042080,264
21e9a571aeb88660,statuelogin_c11r13.tgm,Tiny_6,3165181,47
ed659de5bb751bf7,statuelogin_c11r13.tgm.header,Tiny_6,4042080,264
eaa3d667b6337cf3,statuelogin_c11r12.tgm,Tiny_6,3165181,47
21c2370d54582fe6,statuelogin_c11r12.tgm.header,Tiny_6,4042080,264
198e86074912406a,statuelogin_c11r11.tgm,Tiny_2,10963268,3419
e91d06ad23d5af00,statuelogin_c11r11.tgm.header,Tiny_2,10966687,264
bce90daf491bf12b,statuelogin_c11r10.tgm,Folders/art/models/interface/characterselection/tgms_1,485691,24255
2a1416bb8fb10d7b,statuelogin_c11r10.tgm.header,Tiny_2,10963004,264
d60f7d068d374326,statuelogin_c11r1.tgm,Tiny_2,10961927,813
2be9bffcc17c0ebe,statuelogin_c11r1.tgm.header,Tiny_2,10962740,264
1f05263ada04d06b,statuelogin_c10r9.tgm,Tiny_2,10961252,675
736312905442c391,statuelogin_c10r9.tgm.header,Tiny_4,42691733,264
d21e6a45e78036d5,statuelogin_c10r8.tgm,Tiny_2,10960793,459
b8f7ca77776d9cff,statuelogin_c10r8.tgm.header,Tiny_4,42690768,264
11fa92bff7419d5b,statuelogin_c10r7.tgm,Tiny_2,10960550,243
5187bba0becf12e4,statuelogin_c10r7.tgm.header,Tiny_4,42690019,264
094fe80d6e3442ab,statuelogin_c10r6.tgm,Tiny_2,10960199,351
dddfdd5fef549ea7,statuelogin_c10r6.tgm.header,Tiny_4,42689486,264
398ce98af05f6df0,statuelogin_c10r5.tgm,Tiny_2,10959740,459
ad5b9d0ed542c1b7,statuelogin_c10r5.tgm.header,Tiny_4,42688845,264
683cf6680fb883f9,statuelogin_c10r4.tgm,Tiny_2,10959173,567
2f050518f11d3d7e,statuelogin_c10r4.tgm.header,Tiny_4,42688096,264
54969dab841caf3f,statuelogin_c10r3.tgm,Tiny_2,10958336,837
ef1332b8b3da66af,statuelogin_c10r3.tgm.header,Tiny_4,42687239,264
ed06fccf192c6c93,statuelogin_c10r20.tgm,Tiny_6,3165181,47
8d4ae43c123aac08,statuelogin_c10r20.tgm.header,Tiny_6,4042080,264
be1ba8c50deb207e,statuelogin_c10r2.tgm,Tiny_2,10957121,1215
11cc5da964096f02,statuelogin_c10r2.tgm.header,Tiny_4,42679975,264
a273f409eb9fdc89,statuelogin_c10r19.tgm,Tiny_6,3165181,47
a2af15ed7f832dd5,statuelogin_c10r19.tgm.header,Tiny_6,4042080,264
c730c8d7863092a9,statuelogin_c10r18.tgm,Folders/art/models/interface/characterselection/tgms_1,0,485691
eda61af9a08d7b6a,statuelogin_c10r18.tgm.header,Tiny_2,10956857,264
1c8afb53223df4e7,statuelogin_c10r17.tgm,Tiny_6,3165181,47
de785b2ab9522a07,statuelogin_c10r17.tgm.header,Tiny_6,4042080,264
53a02ed2c40c6882,statuelogin_c10r16.tgm,Tiny_6,3165181,47
ccb83c56c91bcb67,statuelogin_c10r16.tgm.header,Tiny_6,4042080,264
49228a546fecf738,statuelogin_c10r15.tgm,Tiny_6,3165181,47
7f4de596c81397b3,statuelogin_c10r15.tgm.header,Tiny_6,4042080,264
3b543d78880d2255,statuelogin_c10r14.tgm,Tiny_6,3165181,47
8ad0bfeddadc2fbd,statuelogin_c10r14.tgm.header,Tiny_6,4042080,264
7b0fcdba0c3ac3d2,statuelogin_c10r13.tgm,Tiny_6,3165181,47
c749af1ddb5d404c,statuelogin_c10r13.tgm.header,Tiny_6,4042080,264
2fe026497fe53a2c,statuelogin_c10r12.tgm,Tiny_6,3165181,47
6d11c2aa53cc417d,statuelogin_c10r12.tgm.header,Tiny_6,4042080,264
b629a3ac7374ab9c,statuelogin_c10r11.tgm,Tiny_2,10956128,729
721be702aa63356d,statuelogin_c10r11.tgm.header,Tiny_4,42670162,264
4d92e9bf5efe04d8,statuelogin_c10r10.tgm,Tiny_2,10955453,675
7768ece551c82f39,statuelogin_c10r10.tgm.header,Tiny_4,42669143,264
424141f93df6670f,statuelogin_c10r1.tgm,Tiny_2,10954508,945
49b1fda5a6369ce9,statuelogin_c10r1.tgm.header,Tiny_4,42668178,264
512e38f2cce5f5d8,kitavacinematic_c9r9.tgm,Tiny_2,10953995,513
f2406156f0709fa3,kitavacinematic_c9r9.tgm.header,Tiny_4,42666943,264
7036382eb399904c,kitavacinematic_c9r8.tgm,Art/Models/Interface/CharacterSelection/tgms_2,1985269,13261
e53c6941f7c46d1c,kitavacinematic_c9r8.tgm.header,Tiny_2,10953692,303
1e70239aa3528892,kitavacinematic_c9r7.tgm,Tiny_2,10952341,1087
7358e234c21c0154,kitavacinematic_c9r7.tgm.header,Tiny_2,10953428,264
2e29eeaa6a676b0d,kitavacinematic_c9r6.tgm,Tiny_2,10948054,4023
d7a9bbbd471a3bee,kitavacinematic_c9r6.tgm.header,Tiny_2,10952077,264
82ca5404deee2485,kitavacinematic_c9r5.tgm,Art/Models/Interface/CharacterSelection/tgms_2,1957612,27657
18b87c8e39cb679f,kitavacinematic_c9r5.tgm.header,Tiny_2,10947790,264
1f402f775425e79a,kitavacinematic_c9r4.tgm,Art/Models/Interface/CharacterSelection/tgms_2,1940599,17013
f66946fc89b2736f,kitavacinematic_c9r4.tgm.header,Tiny_2,10947526,264
92b2e96ee0977e12,kitavacinematic_c9r3.tgm,Art/Models/Interface/CharacterSelection/tgms_2,1925218,15381
018bf7dcc9b18a67,kitavacinematic_c9r3.tgm.header,Tiny_2,10947262,264
04f75481fd218ff4,kitavacinematic_c9r20.tgm,Tiny_6,3165181,47
ea9001022fc4d4b0,kitavacinematic_c9r20.tgm.header,Tiny_6,4042080,264
04416b4bd30608c3,kitavacinematic_c9r2.tgm,Art/Models/Interface/CharacterSelection/tgms_2,1893131,32087
710788c0adb31f9e,kitavacinematic_c9r2.tgm.header,Tiny_2,10946998,264
a37fd751d85bc262,kitavacinematic_c9r19.tgm,Tiny_6,3165181,47
2eba317f06870299,kitavacinematic_c9r19.tgm.header,Tiny_6,4042080,264
b71b77b4db51b054,kitavacinematic_c9r18.tgm,Tiny_6,3165181,47
547d243e609cebfd,kitavacinematic_c9r18.tgm.header,Tiny_6,4042080,264
d9c7d9fa8cf58925,kitavacinematic_c9r17.tgm,Tiny_6,3165181,47
798f952a7afc07d6,kitavacinematic_c9r17.tgm.header,Tiny_6,4042080,264
be854c4ccfe469e5,kitavacinematic_c9r16.tgm,Tiny_6,3165181,47
d2e2132956fe1ddd,kitavacinematic_c9r16.tgm.header,Tiny_6,4042080,264
ad4b86000a34b763,kitavacinematic_c9r15.tgm,Tiny_6,3165181,47
d9580bf2f8217c55,kitavacinematic_c9r15.tgm.header,Tiny_6,4042080,264
0cd8e385cacc9795,kitavacinematic_c9r14.tgm,Tiny_6,3165181,47
0bdb7190009c6f72,kitavacinematic_c9r14.tgm.header,Tiny_6,4042080,264
0e6584f317d0edb0,kitavacinematic_c9r13.tgm,Tiny_6,3165181,47
478de34cf7aa2a19,kitavacinematic_c9r13.tgm.header,Tiny_6,4042080,264
a6a961ae34545579,kitavacinematic_c9r12.tgm,Art/Models/Interface/CharacterSelection/tgms_2,1879678,13453
592818cf5011de54,kitavacinematic_c9r12.tgm.header,Tiny_2,10946734,264
8e16d92cabd8c1cd,kitavacinematic_c9r11.tgm,Art/Models/Interface/CharacterSelection/tgms_2,1870437,9241
c359c8c6a752d22a,kitavacinematic_c9r11.tgm.header,Tiny_2,10946470,264
df57c43fbd6c730a,kitavacinematic_c9r10.tgm,Tiny_2,10945849,621
3d0aab24f65a71d4,kitavacinematic_c9r10.tgm.header,Tiny_4,42647199,264
558d72b110ee3fb9,kitavacinematic_c9r1.tgm,Art/Models/Interface/CharacterSelection/tgms_2,1852062,18375
cadb1d9f8584c39d,kitavacinematic_c9r1.tgm.header,Tiny_2,10945585,264
61dc20615fae3a97,kitavacinematic_c8r9.tgm,Tiny_2,10944288,1033
68afbc297be78919,kitavacinematic_c8r9.tgm.header,Tiny_2,10945321,264
8703e1b7e72ce44b,kitavacinematic_c8r8.tgm,Art/Models/Interface/CharacterSelection/tgms_2,1833601,18461
5f441589a8375792,kitavacinematic_c8r8.tgm.header,Tiny_2,10943941,347
e0acd712793d0b9e,kitavacinematic_c8r7.tgm,Art/Models/Interface/CharacterSelection/tgms_2,1821208,12393
38772217b3189d7f,kitavacinematic_c8r7.tgm.header,Tiny_2,10943677,264
237ed0853720ad18,kitavacinematic_c8r6.tgm,Art/Models/Interface/CharacterSelection/tgms_2,1804081,17127
24f42c1b5d4940a1,kitavacinematic_c8r6.tgm.header,Tiny_2,10943413,264
fd07b207dca11bf4,kitavacinematic_c8r5.tgm,Art/Models/Interface/CharacterSelection/tgms_2,1775944,28137
bc71d64edf635b6c,kitavacinematic_c8r5.tgm.header,Tiny_2,10943149,264
0066397560a5a5e4,kitavacinematic_c8r4.tgm,Art/Models/Interface/CharacterSelection/tgms_2,1727209,48735
9479a08cd370bf66,kitavacinematic_c8r4.tgm.header,Tiny_2,10942885,264
4d3820b2caac101d,kitavacinematic_c8r3.tgm,Art/Models/Interface/CharacterSelection/tgms_2,1706110,21099
8af0f58a6ee70f7c,kitavacinematic_c8r3.tgm.header,Tiny_2,10942621,264
885c39a8d284a71b,kitavacinematic_c8r20.tgm,Tiny_6,3165181,47
6c3b7dd44e58d0cf,kitavacinematic_c8r20.tgm.header,Tiny_6,4042080,264
8c6b28509edac268,kitavacinematic_c8r2.tgm,Art/Models/Interface/CharacterSelection/tgms_2,1690561,15549
0fc4540c1dcd9ba9,kitavacinematic_c8r2.tgm.header,Tiny_2,10942357,264
2ccb6be1516eb789,kitavacinematic_c8r19.tgm,Tiny_6,3165181,47
f9b670342a199832,kitavacinematic_c8r19.tgm.header,Tiny_6,4042080,264
a17b2af192f17606,kitavacinematic_c8r18.tgm,Tiny_6,3165181,47
2de0bde74e163297,kitavacinematic_c8r18.tgm.header,Tiny_6,4042080,264
f5f10b7b64a341a9,kitavacinematic_c8r17.tgm,Tiny_6,3165181,47
633b843dd2ce6f64,kitavacinematic_c8r17.tgm.header,Tiny_6,4042080,264
d5009b7ddab3185d,kitavacinematic_c8r16.tgm,Art/Models/Interface/CharacterSelection/tgms_2,168556,1522005
8bad38d76f94254e,kitavacinematic_c8r16.tgm.header,Tiny_2,10941966,391
098cc24412749098,kitavacinematic_c8r15.tgm,Tiny_6,3165181,47
535df629b01a1469,kitavacinematic_c8r15.tgm.header,Tiny_6,4042080,264
baed790c0cbc3fc8,kitavacinematic_c8r14.tgm,Tiny_6,3165181,47
8df9b3697243aa42,kitavacinematic_c8r14.tgm.header,Tiny_6,4042080,264
fb18f03846c58906,kitavacinematic_c8r13.tgm,Tiny_6,3165181,47
14a87c1b5b3f44d2,kitavacinematic_c8r13.tgm.header,Tiny_6,4042080,264
6967a399e95b5cc8,kitavacinematic_c8r12.tgm,Art/Models/Interface/CharacterSelection/tgms_2,158397,10159
e059d37c41bd297c,kitavacinematic_c8r12.tgm.header,Tiny_2,10941702,264
deb452e61675b6b0,kitavacinematic_c8r11.tgm,Art/Models/Interface/CharacterSelection/tgms_2,151532,6865
799aeeaf3318d8d7,kitavacinematic_c8r11.tgm.header,Tiny_2,10941438,264
21f17d2330ae305f,kitavacinematic_c8r10.tgm,Tiny_2,10940979,459
d3afea45c705f918,kitavacinematic_c8r10.tgm.header,Tiny_4,42623225,264
7e0698c29452a163,kitavacinematic_c8r1.tgm,Art/Models/Interface/CharacterSelection/tgms_2,137867,13665
172e23352eb40ec2,kitavacinematic_c8r1.tgm.header,Tiny_2,10940715,264
2f4188348cce6e42,kitavacinematic_c7r9.tgm,Tiny_2,10939376,1339
d1a6badc13202f72,kitavacinematic_c7r9.tgm.header,Tiny_4,42621103,264
c09d490f32449be5,kitavacinematic_c7r8.tgm,Tiny_2,10938397,979
f260e93eb78ec2ed,kitavacinematic_c7r8.tgm.header,Tiny_4,42619470,264
338f0273ecc1e972,kitavacinematic_c7r7.tgm,Tiny_2,10937938,459
d0b6f0c026e093fc,kitavacinematic_c7r7.tgm.header,Tiny_4,42618197,264
0c0d585fb2e3b151,kitavacinematic_c7r6.tgm,Tiny_2,10937479,459
4a8eb2a0275a2dc6,kitavacinematic_c7r6.tgm.header,Tiny_4,42617448,264
dcbff3537c0916cb,kitavacinematic_c7r5.tgm,Art/Models/Interface/CharacterSelection/tgms_2,119756,18111
0077ead4a0158f67,kitavacinematic_c7r5.tgm.header,Tiny_2,10937215,264
14f37d37962c9cf6,kitavacinematic_c7r4.tgm,Art/Models/Interface/CharacterSelection/tgms_2,84311,35445
2ecab516edbc9491,kitavacinematic_c7r4.tgm.header,Tiny_2,10936951,264
3b2cba226dbef8da,kitavacinematic_c7r3.tgm,Art/Models/Interface/CharacterSelection/tgms_2,68606,15705
657a0907eaa25b2a,kitavacinematic_c7r3.tgm.header,Tiny_2,10936687,264
20d2d78589e7b163,kitavacinematic_c7r20.tgm,Tiny_6,3165181,47
a81b3dff7cf29241,kitavacinematic_c7r20.tgm.header,Tiny_6,4042080,264
85e2d24afc8505c8,kitavacinematic_c7r2.tgm,Art/Models/Interface/CharacterSelection/tgms_2,59243,9363
5a0f530ba9b54f71,kitavacinematic_c7r2.tgm.header,Tiny_2,10936423,264
c9e21480a53b0ddb,kitavacinematic_c7r19.tgm,Tiny_6,3165181,47
32fe5460c2224b13,kitavacinematic_c7r19.tgm.header,Tiny_6,4042080,264
838dddb3e57d2577,kitavacinematic_c7r18.tgm,Tiny_6,3165181,47
85cac410c4d3732b,kitavacinematic_c7r18.tgm.header,Tiny_6,4042080,264
56dba3fd9fb31b89,kitavacinematic_c7r17.tgm,Tiny_6,3165181,47
edd6b9713fe97c11,kitavacinematic_c7r17.tgm.header,Tiny_6,4042080,264
3d1f4cefee0267dd,kitavacinematic_c7r16.tgm,Tiny_6,3165181,47
d98be6498e76fc38,kitavacinematic_c7r16.tgm.header,Tiny_6,4042080,264
6ae2d3e9513a5765,kitavacinematic_c7r15.tgm,Tiny_6,3165181,47
235a4b66d2f6f2e3,kitavacinematic_c7r15.tgm.header,Tiny_6,4042080,264
899bb27cfd560272,kitavacinematic_c7r14.tgm,Tiny_6,3165181,47
bf3f4b1e39cb2edc,kitavacinematic_c7r14.tgm.header,Tiny_6,4042080,264
905504e6d035941d,kitavacinematic_c7r13.tgm,Tiny_6,3165181,47
7e9e95e8fa6661a6,kitavacinematic_c7r13.tgm.header,Tiny_6,4042080,264
089c8db83686705d,kitavacinematic_c7r12.tgm,Art/Models/Interface/CharacterSelection/tgms_2,48570,10673
fcb38173d9ba8595,kitavacinematic_c7r12.tgm.header,Tiny_2,10936159,264
ecb7490b214985a7,kitavacinematic_c7r11.tgm,Art/Models/Interface/CharacterSelection/tgms_2,40657,7913
9bcbbb0ddc342a60,kitavacinematic_c7r11.tgm.header,Tiny_2,10935895,264
ec983c75fc9fd15e,kitavacinematic_c7r10.tgm,Tiny_2,10934868,763
43bd1d27569757b3,kitavacinematic_c7r10.tgm.header,Tiny_2,10935631,264
2b6d0a8e96523f7d,kitavacinematic_c7r1.tgm,Art/Models/Interface/CharacterSelection/tgms_2,34462,6195
41fc640ff735c4cb,kitavacinematic_c7r1.tgm.header,Tiny_2,10934604,264
5eddb3c6382a9081,kitavacinematic_c6r9.tgm,Tiny_2,10931545,2795
d38f2f3a507c8daf,kitavacinematic_c6r9.tgm.header,Tiny_2,10934340,264
f77879a614b3f319,kitavacinematic_c6r8.tgm,Tiny_2,10930188,1093
afa052d3fa68c9b2,kitavacinematic_c6r8.tgm.header,Tiny_2,10931281,264
6b1a1073501ea117,kitavacinematic_c6r7.tgm,Tiny_2,10929573,351
cce320f8c53c816d,kitavacinematic_c6r7.tgm.header,Tiny_2,10929924,264
78550d7ad5db04f3,kitavacinematic_c6r6.tgm,Tiny_2,10928850,459
bb518f2e1a279ad5,kitavacinematic_c6r6.tgm.header,Tiny_2,10929309,264
22080a669774cbb0,kitavacinematic_c6r5.tgm,Art/Models/Interface/CharacterSelection/tgms_2,26687,7775
e0b7e27a93e8f6ec,kitavacinematic_c6r5.tgm.header,Tiny_2,10928586,264
a11b7e777bd6e11a,kitavacinematic_c6r4.tgm,Tiny_2,10924987,3335
6e8491344f2440d7,kitavacinematic_c6r4.tgm.header,Tiny_2,10928322,264
e74d42e7724c9ee2,kitavacinematic_c6r3.tgm,Tiny_2,10922444,2279
ae08c90964c91dd3,kitavacinematic_c6r3.tgm.header,Tiny_2,10924723,264
11665fc082e2b8da,kitavacinematic_c6r20.tgm,Tiny_6,3165181,47
41964ae650b8b3ea,kitavacinematic_c6r20.tgm.header,Tiny_6,4042080,264
5936cb0391ac45c6,kitavacinematic_c6r2.tgm,Art/Models/Interface/CharacterSelection/tgms_2,22142,4545
5d6d9dbc8009ad91,kitavacinematic_c6r2.tgm.header,Tiny_2,10922180,264
ffea16b7729d74e4,kitavacinematic_c6r19.tgm,Tiny_6,3165181,47
197eb8da453ec7c8,kitavacinematic_c6r19.tgm.header,Tiny_6,4042080,264
4e9b60eefd1cea63,kitavacinematic_c6r18.tgm,Tiny_6,3165181,47
63ee222e61f30cc7,kitavacinematic_c6r18.tgm.header,Tiny_6,4042080,264
487c835782f00422,kitavacinematic_c6r17.tgm,Tiny_6,3165181,47
d58727f942f58b12,kitavacinematic_c6r17.tgm.header,Tiny_6,4042080,264
7ca5bae33119f3e7,kitavacinematic_c6r16.tgm,Tiny_6,3165181,47
93152331eb3dab6f,kitavacinematic_c6r16.tgm.header,Tiny_6,4042080,264
4da8803d4c69ad80,kitavacinematic_c6r15.tgm,Tiny_6,3165181,47
9085b8f329906148,kitavacinematic_c6r15.tgm.header,Tiny_6,4042080,264
9216811fda6a9c87,kitavacinematic_c6r14.tgm,Tiny_6,3165181,47
d99649a52a78f87a,kitavacinematic_c6r14.tgm.header,Tiny_6,4042080,264
47afa3a645a014d7,kitavacinematic_c6r13.tgm,Tiny_6,3165181,47
e2b4f8a8739b0bf1,kitavacinematic_c6r13.tgm.header,Tiny_6,4042080,264
b824a17cb893a5e4,kitavacinematic_c6r12.tgm,Art/Models/Interface/CharacterSelection/tgms_2,16369,5773
d65ecdc9dd02a70e,kitavacinematic_c6r12.tgm.header,Tiny_2,10921916,264
88f7f17704d447c9,kitavacinematic_c6r11.tgm,Tiny_2,10917817,3835
7832be2cc2b8ee28,kitavacinematic_c6r11.tgm.header,Tiny_2,10921652,264
364674ca8c48743a,kitavacinematic_c6r10.tgm,Art/Models/Interface/CharacterSelection/tgms_2,11126,5243
a2470a2af3de7ab0,kitavacinematic_c6r10.tgm.header,Tiny_2,10917553,264
b90d6273a5f1b8ff,kitavacinematic_c6r1.tgm,Art/Models/Interface/CharacterSelection/tgms_2,4901,6225
6f6c61e2b020b496,kitavacinematic_c6r1.tgm.header,Tiny_2,10917289,264
28df6c59b47f5c44,kitavacinematic_c5r9.tgm,Tiny_6,3165181,47
7763a23f12373377,kitavacinematic_c5r9.tgm.header,Tiny_6,4042080,264
1af1c27252b2653e,kitavacinematic_c5r8.tgm,Tiny_6,3165181,47
1b9d47df44b699bd,kitavacinematic_c5r8.tgm.header,Tiny_6,4042080,264
4f0a87a3a0c841c2,kitavacinematic_c5r7.tgm,Tiny_6,3165181,47
35127b7310914a88,kitavacinematic_c5r7.tgm.header,Tiny_6,4042080,264
6f1d92e4ad0f278f,kitavacinematic_c5r6.tgm,Tiny_6,3165181,47
04b48bcbe74e44bf,kitavacinematic_c5r6.tgm.header,Tiny_6,4042080,264
9d99d944f39fb3d8,kitavacinematic_c5r5.tgm,Tiny_2,10916566,459
02b0d24432968cb6,kitavacinematic_c5r5.tgm.header,Tiny_2,10917025,264
27ebb0bec66ce8f6,kitavacinematic_c5r4.tgm,Tiny_2,10913211,3091
68f26b23c7d31e0e,kitavacinematic_c5r4.tgm.header,Tiny_2,10916302,264
e6686344204139ad,kitavacinematic_c5r3.tgm,Art/Models/Interface/CharacterSelection/tgms_2,0,4901
a61ac3769d26e459,kitavacinematic_c5r3.tgm.header,Tiny_2,10912947,264
a2688f5093361f75,kitavacinematic_c5r20.tgm,Tiny_6,3165181,47
12b0b72c9decf1ee,kitavacinematic_c5r20.tgm.header,Tiny_6,4042080,264
8a2006e0da0db04f,kitavacinematic_c5r2.tgm,Tiny_2,10908982,3701
6b8aef124eb9787c,kitavacinematic_c5r2.tgm.header,Tiny_2,10912683,264
124a8f30aa2ba9b8,kitavacinematic_c5r19.tgm,Tiny_6,3165181,47
e1b2e28777bb58b4,kitavacinematic_c5r19.tgm.header,Tiny_6,4042080,264
cbf3c8e753150e7a,kitavacinematic_c5r18.tgm,Tiny_6,3165181,47
bd0bb0b15108b2a9,kitavacinematic_c5r18.tgm.header,Tiny_6,4042080,264
e1e8d9f6f07264e6,kitavacinematic_c5r17.tgm,Tiny_6,3165181,47
bf888ed27c8e2171,kitavacinematic_c5r17.tgm.header,Tiny_6,4042080,264
8cc85468147cdf82,kitavacinematic_c5r16.tgm,Tiny_6,3165181,47
398a1ec23a9bb638,kitavacinematic_c5r16.tgm.header,Tiny_6,4042080,264
8f725617f3c0d525,kitavacinematic_c5r15.tgm,Tiny_6,3165181,47
5881cb4e86f73ca5,kitavacinematic_c5r15.tgm.header,Tiny_6,4042080,264
24d4e92db0262e35,kitavacinematic_c5r14.tgm,Tiny_6,3165181,47
04ce164df2ed98f2,kitavacinematic_c5r14.tgm.header,Tiny_6,4042080,264
abddf4a64e2ed670,kitavacinematic_c5r13.tgm,Tiny_6,3165181,47
0c87771b46f9fac8,kitavacinematic_c5r13.tgm.header,Tiny_6,4042080,264
c00e8ffd619853bb,kitavacinematic_c5r12.tgm,Tiny_6,3165181,47
228c0cc5448aca48,kitavacinematic_c5r12.tgm.header,Tiny_6,4042080,264
fff8ca6678e406d1,kitavacinematic_c5r11.tgm,Tiny_6,3165181,47
f354b22aba05491d,kitavacinematic_c5r11.tgm.header,Tiny_6,4042080,264
c2ef58b01e984b45,kitavacinematic_c5r10.tgm,Tiny_6,3165181,47
f446d8671f9c05ef,kitavacinematic_c5r10.tgm.header,Tiny_6,4042080,264
33b66be085739adc,kitavacinematic_c5r1.tgm,Tiny_2,10907509,1209
27dcf835d1dd7e2e,kitavacinematic_c5r1.tgm.header,Tiny_2,10908718,264
1e1df86f478c06ea,kitavacinematic_c4r9.tgm,Tiny_6,3165181,47
efebff598bebfa48,kitavacinematic_c4r9.tgm.header,Tiny_6,4042080,264
bd45bb50ecc24bb0,kitavacinematic_c4r8.tgm,Tiny_6,3165181,47
a2e5cef409851902,kitavacinematic_c4r8.tgm.header,Tiny_6,4042080,264
dc514edb16972a8d,kitavacinematic_c4r7.tgm,Tiny_6,3165181,47
444b8558961b29ca,kitavacinematic_c4r7.tgm.header,Tiny_6,4042080,264
7216a5623c371195,kitavacinematic_c4r6.tgm,Tiny_6,3165181,47
6d5aabb81a9ebb95,kitavacinematic_c4r6.tgm.header,Tiny_6,4042080,264
fe80572edb444754,kitavacinematic_c4r5.tgm,Tiny_6,3165181,47
3e96893fea008034,kitavacinematic_c4r5.tgm.header,Tiny_6,4042080,264
cad86522486c34a0,kitavacinematic_c4r4.tgm,Tiny_6,3165181,47
f308686482dacb96,kitavacinematic_c4r4.tgm.header,Tiny_6,4042080,264
9343599b97073e6c,kitavacinematic_c4r3.tgm,Tiny_6,3165181,47
e1053846e18440ba,kitavacinematic_c4r3.tgm.header,Tiny_6,4042080,264
17f5ed3d8b03fc55,kitavacinematic_c4r20.tgm,Tiny_6,3165181,47
8bf80146f5caa5e8,kitavacinematic_c4r20.tgm.header,Tiny_6,4042080,264
da32b31178231893,kitavacinematic_c4r2.tgm,Tiny_6,3165181,47
dfbd92a182895551,kitavacinematic_c4r2.tgm.header,Tiny_6,4042080,264
af5e82b800381e31,kitavacinematic_c4r19.tgm,Tiny_6,3165181,47
a50910f70ce836be,kitavacinematic_c4r19.tgm.header,Tiny_6,4042080,264
d4d68a0176338916,kitavacinematic_c4r18.tgm,Tiny_6,3165181,47
13d8b2ed6bb9e4da,kitavacinematic_c4r18.tgm.header,Tiny_6,4042080,264
3623ab8b39533f85,kitavacinematic_c4r17.tgm,Tiny_6,3165181,47
9ee0d1e17208c5b5,kitavacinematic_c4r17.tgm.header,Tiny_6,4042080,264
832c6bbe342421a9,kitavacinematic_c4r16.tgm,Tiny_6,3165181,47
544eb7b54a4cf5b1,kitavacinematic_c4r16.tgm.header,Tiny_6,4042080,264
8d82cd54ecb00b7d,kitavacinematic_c4r15.tgm,Tiny_6,3165181,47
0eb31a4d7429ce42,kitavacinematic_c4r15.tgm.header,Tiny_6,4042080,264
d70d60777731dcbd,kitavacinematic_c4r14.tgm,Tiny_6,3165181,47
fc23031823d87996,kitavacinematic_c4r14.tgm.header,Tiny_6,4042080,264
cc4c6d17e4e0ecf5,kitavacinematic_c4r13.tgm,Tiny_6,3165181,47
3ff7b81a2fd30e92,kitavacinematic_c4r13.tgm.header,Tiny_6,4042080,264
6f496a9ce1e6614f,kitavacinematic_c4r12.tgm,Tiny_6,3165181,47
b508b5a4b9191b4f,kitavacinematic_c4r12.tgm.header,Tiny_6,4042080,264
ebc8bdda9319c6b2,kitavacinematic_c4r11.tgm,Tiny_6,3165181,47
bff34dd785c0f8c9,kitavacinematic_c4r11.tgm.header,Tiny_6,4042080,264
5617252590d982d0,kitavacinematic_c4r10.tgm,Tiny_6,3165181,47
d266f8dda95e25ce,kitavacinematic_c4r10.tgm.header,Tiny_6,4042080,264
adf7fa140d6e6a04,kitavacinematic_c4r1.tgm,Tiny_6,3165181,47
a918b639e20d0bc4,kitavacinematic_c4r1.tgm.header,Tiny_6,4042080,264
38579c616951717c,kitavacinematic_c3r9.tgm,Tiny_6,3165181,47
9830f306092e4428,kitavacinematic_c3r9.tgm.header,Tiny_6,4042080,264
a5b0c3542de781b5,kitavacinematic_c3r8.tgm,Tiny_6,3165181,47
d882994e83f3d0a2,kitavacinematic_c3r8.tgm.header,Tiny_6,4042080,264
51d607bf0743b7f0,kitavacinematic_c3r7.tgm,Art/Models/Interface/CharacterSelection/tgms_1,3193207,1246837
e87b21303ae588bc,kitavacinematic_c3r7.tgm.header,Tiny_2,10906942,567
27179a28d58485e7,kitavacinematic_c3r6.tgm,Tiny_6,3165181,47
8d7236aeb71fa203,kitavacinematic_c3r6.tgm.header,Tiny_6,4042080,264
2c2e58a4ed49027b,kitavacinematic_c3r5.tgm,Tiny_6,3165181,47
5d92abf6dbd018b5,kitavacinematic_c3r5.tgm.header,Tiny_6,4042080,264
c96a3286f004e531,kitavacinematic_c3r4.tgm,Tiny_6,3165181,47
9b4e2254322a8e6f,kitavacinematic_c3r4.tgm.header,Tiny_6,4042080,264
541596d3bd9a8e85,kitavacinematic_c3r3.tgm,Tiny_6,3165181,47
b7f0c24d80ca6660,kitavacinematic_c3r3.tgm.header,Tiny_6,4042080,264
b1c2ad510151c03c,kitavacinematic_c3r20.tgm,Tiny_6,3165181,47
9ccdff9e8038e84a,kitavacinematic_c3r20.tgm.header,Tiny_6,4042080,264
31ae291f19fb9be1,kitavacinematic_c3r2.tgm,Tiny_6,3165181,47
79a368c594038916,kitavacinematic_c3r2.tgm.header,Tiny_6,4042080,264
f3d08f5346d2d94f,kitavacinematic_c3r19.tgm,Tiny_6,3165181,47
993db7c4441dfb85,kitavacinematic_c3r19.tgm.header,Tiny_6,4042080,264
14894081d929925b,kitavacinematic_c3r18.tgm,Tiny_6,3165181,47
8dacb4a37dd4bedf,kitavacinematic_c3r18.tgm.header,Tiny_6,4042080,264
a974cdf6727fb50d,kitavacinematic_c3r17.tgm,Tiny_6,3165181,47
c08bf289f9ef22e4,kitavacinematic_c3r17.tgm.header,Tiny_6,4042080,264
82369b7cccdaf38a,kitavacinematic_c3r16.tgm,Tiny_6,3165181,47
7d06ab6d9dabd52c,kitavacinematic_c3r16.tgm.header,Tiny_6,4042080,264
1c620f727368e346,kitavacinematic_c3r15.tgm,Tiny_6,3165181,47
f7d32aaab64dcd5e,kitavacinematic_c3r15.tgm.header,Tiny_6,4042080,264
752c669f196ca42a,kitavacinematic_c3r14.tgm,Tiny_6,3165181,47
c6d74f9a48365ef3,kitavacinematic_c3r14.tgm.header,Tiny_6,4042080,264
8ec818e2cc0f2a9d,kitavacinematic_c3r13.tgm,Tiny_6,3165181,47
4d745d66e72ca921,kitavacinematic_c3r13.tgm.header,Tiny_6,4042080,264
95de39c807e47cd4,kitavacinematic_c3r12.tgm,Tiny_6,3165181,47
638879b9880982f1,kitavacinematic_c3r12.tgm.header,Tiny_6,4042080,264
2cb9b4b72f3339d8,kitavacinematic_c3r11.tgm,Tiny_6,3165181,47
37824ac4124b90a1,kitavacinematic_c3r11.tgm.header,Tiny_6,4042080,264
7751f7097277eba5,kitavacinematic_c3r10.tgm,Tiny_6,3165181,47
772acf3eac72e3bd,kitavacinematic_c3r10.tgm.header,Tiny_6,4042080,264
ddaf85b561e8191d,kitavacinematic_c3r1.tgm,Tiny_6,3165181,47
20d618c3953e8b56,kitavacinematic_c3r1.tgm.header,Tiny_6,4042080,264
5975f4a11b89bf0f,kitavacinematic_c2r9.tgm,Tiny_6,3165181,47
3ac0fb5a5e891280,kitavacinematic_c2r9.tgm.header,Tiny_6,4042080,264
954d96306e86679b,kitavacinematic_c2r8.tgm,Tiny_6,3165181,47
4e90b83de048c4af,kitavacinematic_c2r8.tgm.header,Tiny_6,4042080,264
9c4ed48194729406,kitavacinematic_c2r7.tgm,Tiny_6,3165181,47
63761bc4e1958cac,kitavacinematic_c2r7.tgm.header,Tiny_6,4042080,264
37a2a9e465e029d9,kitavacinematic_c2r6.tgm,Tiny_6,3165181,47
ce438fd11ced01cc,kitavacinematic_c2r6.tgm.header,Tiny_6,4042080,264
c4993a01428cbb7a,kitavacinematic_c2r5.tgm,Tiny_6,3165181,47
d48a733c09d6e4e5,kitavacinematic_c2r5.tgm.header,Tiny_6,4042080,264
c13ace9ee8a19c71,kitavacinematic_c2r4.tgm,Tiny_6,3165181,47
68df08cfc4a45af0,kitavacinematic_c2r4.tgm.header,Tiny_6,4042080,264
bf4518ab746630df,kitavacinematic_c2r3.tgm,Tiny_6,3165181,47
dc74deb480581041,kitavacinematic_c2r3.tgm.header,Tiny_6,4042080,264
288847da9048ecd2,kitavacinematic_c2r20.tgm,Tiny_6,3165181,47
24dd4245210bede0,kitavacinematic_c2r20.tgm.header,Tiny_6,4042080,264
6b1191b3ac1ccd20,kitavacinematic_c2r2.tgm,Tiny_6,3165181,47
950b437b5bd43548,kitavacinematic_c2r2.tgm.header,Tiny_6,4042080,264
31de5f550b8a595b,kitavacinematic_c2r19.tgm,Tiny_6,3165181,47
bb6dc71c968f429a,kitavacinematic_c2r19.tgm.header,Tiny_6,4042080,264
2857c08f1824ba17,kitavacinematic_c2r18.tgm,Tiny_6,3165181,47
a82d8d19c82f3ac2,kitavacinematic_c2r18.tgm.header,Tiny_6,4042080,264
7ca1e136629a7530,kitavacinematic_c2r17.tgm,Tiny_6,3165181,47
eeac926bfbc3d0b1,kitavacinematic_c2r17.tgm.header,Tiny_6,4042080,264
3a37f105d76b3f6c,kitavacinematic_c2r16.tgm,Art/Models/Interface/CharacterSelection/tgms_1,0,3193207
5cdf45cb1ce9c172,kitavacinematic_c2r16.tgm.header,Tiny_2,10906243,699
b45a965c5e058960,kitavacinematic_c2r15.tgm,Tiny_6,3165181,47
23a4a6c6c51409df,kitavacinematic_c2r15.tgm.header,Tiny_6,4042080,264
58f4f1573a5567a7,kitavacinematic_c2r14.tgm,Tiny_6,3165181,47
b596cf9726a2dddb,kitavacinematic_c2r14.tgm.header,Tiny_6,4042080,264
c4191c37a38b33ed,kitavacinematic_c2r13.tgm,Tiny_6,3165181,47
abddf2225257c46a,kitavacinematic_c2r13.tgm.header,Tiny_6,4042080,264
d7a8af29e406a6e1,kitavacinematic_c2r12.tgm,Tiny_6,3165181,47
6e8e1ea6dd86f9d2,kitavacinematic_c2r12.tgm.header,Tiny_6,4042080,264
eb01cb802b59bf29,kitavacinematic_c2r11.tgm,Tiny_6,3165181,47
66347446f43a44bc,kitavacinematic_c2r11.tgm.header,Tiny_6,4042080,264
feb06172c10626da,kitavacinematic_c2r10.tgm,Tiny_6,3165181,47
5e84695b7e372277,kitavacinematic_c2r10.tgm.header,Tiny_6,4042080,264
4e179d9ce95660e2,kitavacinematic_c2r1.tgm,Tiny_6,3165181,47
01fb3981b99e4fcd,kitavacinematic_c2r1.tgm.header,Tiny_6,4042080,264
8d153dfceb9b4167,kitavacinematic_c20r9.tgm,Tiny_6,3165181,47
0bb6776c6935f199,kitavacinematic_c20r9.tgm.header,Tiny_6,4042080,264
70952b4bdad63197,kitavacinematic_c20r8.tgm,Tiny_6,3165181,47
020d8d1f9a2c2c99,kitavacinematic_c20r8.tgm.header,Tiny_6,4042080,264
2dfe9cf392908e93,kitavacinematic_c20r7.tgm,Tiny_6,3165181,47
7bdf0ebe4308b1f1,kitavacinematic_c20r7.tgm.header,Tiny_6,4042080,264
16a9f9e929ac5ba6,kitavacinematic_c20r6.tgm,Tiny_6,3165181,47
15be0c229ca089cb,kitavacinematic_c20r6.tgm.header,Tiny_6,4042080,264
cece71fe1b5c1fb8,kitavacinematic_c20r5.tgm,Tiny_6,3165181,47
a59b77765765c7f9,kitavacinematic_c20r5.tgm.header,Tiny_6,4042080,264
30212cfb98749411,kitavacinematic_c20r4.tgm,Tiny_6,3165181,47
57ff6a30acbcfc21,kitavacinematic_c20r4.tgm.header,Tiny_6,4042080,264
327c62a862fa6697,kitavacinematic_c20r3.tgm,Tiny_6,3165181,47
69ab5075342fe466,kitavacinematic_c20r3.tgm.header,Tiny_6,4042080,264
c81a1ac478d57daf,kitavacinematic_c20r20.tgm,Tiny_6,3165181,47
78b0f108350c31a2,kitavacinematic_c20r20.tgm.header,Tiny_6,4042080,264
098168ebf96bad48,kitavacinematic_c20r2.tgm,Tiny_6,3165181,47
ed0fc14dd17cae0d,kitavacinematic_c20r2.tgm.header,Tiny_6,4042080,264
b5eb2373abfbf191,kitavacinematic_c20r19.tgm,Tiny_6,3165181,47
184a6ef5e76923ea,kitavacinematic_c20r19.tgm.header,Tiny_6,4042080,264
e35322b1977c37da,kitavacinematic_c20r18.tgm,Tiny_6,3165181,47
083eab0ca0d4404c,kitavacinematic_c20r18.tgm.header,Tiny_6,4042080,264
ba666220b1b45c34,kitavacinematic_c20r17.tgm,Tiny_6,3165181,47
e498d51f29eb4ac0,kitavacinematic_c20r17.tgm.header,Tiny_6,4042080,264
74aad611f8da744f,kitavacinematic_c20r16.tgm,Tiny_6,3165181,47
bee1838a1ae09ac5,kitavacinematic_c20r16.tgm.header,Tiny_6,4042080,264
41a53c346db946ac,kitavacinematic_c20r15.tgm,Tiny_6,3165181,47
7008e410be6e596d,kitavacinematic_c20r15.tgm.header,Tiny_6,4042080,264
ae4b5159dd2524e5,kitavacinematic_c20r14.tgm,Tiny_6,3165181,47
5d0cc183e203e64f,kitavacinematic_c20r14.tgm.header,Tiny_6,4042080,264
10fb3e4694e52619,kitavacinematic_c20r13.tgm,Tiny_6,3165181,47
f3b220c2e2a75f82,kitavacinematic_c20r13.tgm.header,Tiny_6,4042080,264
39c0473f5ec7aca4,kitavacinematic_c20r12.tgm,Tiny_6,3165181,47
7abbabb6d91c84c9,kitavacinematic_c20r12.tgm.header,Tiny_6,4042080,264
fcb4c920641c515c,kitavacinematic_c20r11.tgm,Tiny_6,3165181,47
e4617ad375cf2562,kitavacinematic_c20r11.tgm.header,Tiny_6,4042080,264
f3769af42f2ddb8f,kitavacinematic_c20r10.tgm,Tiny_6,3165181,47
095869c4473a1392,kitavacinematic_c20r10.tgm.header,Tiny_6,4042080,264
20728f7cb71d0b75,kitavacinematic_c20r1.tgm,Tiny_6,3165181,47
c6149486eb43afce,kitavacinematic_c20r1.tgm.header,Tiny_6,4042080,264
c9d5a7aa0dd4632b,kitavacinematic_c1r9.tgm,Tiny_6,3165181,47
3e90d3cef38bb709,kitavacinematic_c1r9.tgm.header,Tiny_6,4042080,264
9650dd13360083a5,kitavacinematic_c1r8.tgm,Tiny_6,3165181,47
6294f7aca66d566e,kitavacinematic_c1r8.tgm.header,Tiny_6,4042080,264
48ed968bace3e916,kitavacinematic_c1r7.tgm,Tiny_6,3165181,47
d83415ff55fd845a,kitavacinematic_c1r7.tgm.header,Tiny_6,4042080,264
3fb3b5bcb27446fd,kitavacinematic_c1r6.tgm,Tiny_6,3165181,47
49a994d03560bed2,kitavacinematic_c1r6.tgm.header,Tiny_6,4042080,264
c261df1140df38e6,kitavacinematic_c1r5.tgm,Tiny_6,3165181,47
f530396899d3b228,kitavacinematic_c1r5.tgm.header,Tiny_6,4042080,264
f51a8012027992de,kitavacinematic_c1r4.tgm,Tiny_6,3165181,47
a42f020cad40b47a,kitavacinematic_c1r4.tgm.header,Tiny_6,4042080,264
fc8e362f5b0774ff,kitavacinematic_c1r3.tgm,Tiny_6,3165181,47
ccb4a060b5d5100f,kitavacinematic_c1r3.tgm.header,Tiny_6,4042080,264
06f697509e4150ba,kitavacinematic_c1r20.tgm,Tiny_6,3165181,47
ba4ec8f9673f9a51,kitavacinematic_c1r20.tgm.header,Tiny_6,4042080,264
6f2e6bb6f1b8a689,kitavacinematic_c1r2.tgm,Tiny_6,3165181,47
ed4c3a1779cb7d79,kitavacinematic_c1r2.tgm.header,Tiny_6,4042080,264
b94c7c2ee245284d,kitavacinematic_c1r19.tgm,Tiny_6,3165181,47
8e2a0680ba760f9f,kitavacinematic_c1r19.tgm.header,Tiny_6,4042080,264
3727c9acbdd93bb5,kitavacinematic_c1r18.tgm,Tiny_6,3165181,47
a69dd9f0c307c2b1,kitavacinematic_c1r18.tgm.header,Tiny_6,4042080,264
46e442cc58a4d605,kitavacinematic_c1r17.tgm,Tiny_6,3165181,47
eb6b0c358cb04873,kitavacinematic_c1r17.tgm.header,Tiny_6,4042080,264
ea635f578a2cf2f4,kitavacinematic_c1r16.tgm,Tiny_6,3165181,47
e6e65fe858c41be1,kitavacinematic_c1r16.tgm.header,Tiny_6,4042080,264
2e07bdc36b0ee958,kitavacinematic_c1r15.tgm,Tiny_6,3165181,47
a9ecd536339840ef,kitavacinematic_c1r15.tgm.header,Tiny_6,4042080,264
ca493699bdd2a8ae,kitavacinematic_c1r14.tgm,Tiny_6,3165181,47
58788a8197bc7ea7,kitavacinematic_c1r14.tgm.header,Tiny_6,4042080,264
8465ebf129920b95,kitavacinematic_c1r13.tgm,Tiny_6,3165181,47
d3d2bf0516ab2309,kitavacinematic_c1r13.tgm.header,Tiny_6,4042080,264
7445e244df22c208,kitavacinematic_c1r12.tgm,Tiny_6,3165181,47
3a0570b51b8c1c7d,kitavacinematic_c1r12.tgm.header,Tiny_6,4042080,264
4292dbaf5946467d,kitavacinematic_c1r11.tgm,Tiny_6,3165181,47
f627866d6723d967,kitavacinematic_c1r11.tgm.header,Tiny_6,4042080,264
2facf427bfb21864,kitavacinematic_c1r10.tgm,Tiny_6,3165181,47
9d70d8618a5f3c1c,kitavacinematic_c1r10.tgm.header,Tiny_6,4042080,264
c4f19808a1cee769,kitavacinematic_c1r1.tgm,Tiny_6,3165181,47
7c8c23cef32287b4,kitavacinematic_c1r1.tgm.header,Tiny_6,4042080,264
42d6cd5600774a2e,kitavacinematic_c19r9.tgm,Tiny_6,3165181,47
1bd762ac679bcc5e,kitavacinematic_c19r9.tgm.header,Tiny_6,4042080,264
7ed8f708cf1fc962,kitavacinematic_c19r8.tgm,Tiny_6,3165181,47
8cedefc5b17f0875,kitavacinematic_c19r8.tgm.header,Tiny_6,4042080,264
33feb6a6c8c13df1,kitavacinematic_c19r7.tgm,Tiny_6,3165181,47
9cd8ef298ed62c2d,kitavacinematic_c19r7.tgm.header,Tiny_6,4042080,264
af7a591732847db3,kitavacinematic_c19r6.tgm,Tiny_6,3165181,47
c6eccb5f6379493d,kitavacinematic_c19r6.tgm.header,Tiny_6,4042080,264
ab8a48ffe25addd5,kitavacinematic_c19r5.tgm,Tiny_6,3165181,47
66cb2c5c6d5fa662,kitavacinematic_c19r5.tgm.header,Tiny_6,4042080,264
433357b7035aad1a,kitavacinematic_c19r4.tgm,Tiny_6,3165181,47
f65a99ebaa5b149e,kitavacinematic_c19r4.tgm.header,Tiny_6,4042080,264
93de008c6b911f37,kitavacinematic_c19r3.tgm,Tiny_6,3165181,47
889cbf1b1bd152fe,kitavacinematic_c19r3.tgm.header,Tiny_6,4042080,264
0225fc89f1c34068,kitavacinematic_c19r20.tgm,Tiny_6,3165181,47
af4b84127ae3abf5,kitavacinematic_c19r20.tgm.header,Tiny_6,4042080,264
aec14fd79a048244,kitavacinematic_c19r2.tgm,Tiny_6,3165181,47
3887170de0b595d1,kitavacinematic_c19r2.tgm.header,Tiny_6,4042080,264
f760d50dbd7d52dc,kitavacinematic_c19r19.tgm,Tiny_6,3165181,47
897f4388bf80dd92,kitavacinematic_c19r19.tgm.header,Tiny_6,4042080,264
95300148d5906df0,kitavacinematic_c19r18.tgm,Tiny_6,3165181,47
00212cfb41c3a096,kitavacinematic_c19r18.tgm.header,Tiny_6,4042080,264
6707c11ea621e86c,kitavacinematic_c19r17.tgm,Tiny_6,3165181,47
4425ed0a92fcc779,kitavacinematic_c19r17.tgm.header,Tiny_6,4042080,264
aaf464f09bf5a9be,kitavacinematic_c19r16.tgm,Art/Models/Interface/CharacterSelection/tgms,2631472,3143661
bbb76b3b9d0e8dda,kitavacinematic_c19r16.tgm.header,Tiny_2,10905588,655
818dc653dd8ba823,kitavacinematic_c19r15.tgm,Tiny_6,3165181,47
595490e3e64aebd5,kitavacinematic_c19r15.tgm.header,Tiny_6,4042080,264
87c1090f2b4bd8bd,kitavacinematic_c19r14.tgm,Tiny_6,3165181,47
92008eafc6639364,kitavacinematic_c19r14.tgm.header,Tiny_6,4042080,264
1183ec591e175e35,kitavacinematic_c19r13.tgm,Tiny_6,3165181,47
e16efb726db8894b,kitavacinematic_c19r13.tgm.header,Tiny_6,4042080,264
1daf64ca9a3e15a7,kitavacinematic_c19r12.tgm,Tiny_6,3165181,47
d3db16f04460610a,kitavacinematic_c19r12.tgm.header,Tiny_6,4042080,264
bd18be11dcd2d69a,kitavacinematic_c19r11.tgm,Tiny_6,3165181,47
3d6f9c15bc8f03cd,kitavacinematic_c19r11.tgm.header,Tiny_6,4042080,264
0411cf23e962957d,kitavacinematic_c19r10.tgm,Tiny_6,3165181,47
637dd19dc5519c11,kitavacinematic_c19r10.tgm.header,Tiny_6,4042080,264
08557d236355ad2f,kitavacinematic_c19r1.tgm,Tiny_6,3165181,47
d9764054b4ad067d,kitavacinematic_c19r1.tgm.header,Tiny_6,4042080,264
39625235f47fd41d,kitavacinematic_c18r9.tgm,Tiny_6,3165181,47
be4758729c0ad1d1,kitavacinematic_c18r9.tgm.header,Tiny_6,4042080,264
164f3bcab9d03c0a,kitavacinematic_c18r8.tgm,Tiny_6,3165181,47
b56a06968000f160,kitavacinematic_c18r8.tgm.header,Tiny_6,4042080,264
d664548d0f30523d,kitavacinematic_c18r7.tgm,Art/Models/Interface/CharacterSelection/tgms,1347399,1284073
02f0a41b948b5231,kitavacinematic_c18r7.tgm.header,Tiny_2,10905021,567
ba27ada7ec9ef0bf,kitavacinematic_c18r6.tgm,Tiny_6,3165181,47
cb6cf27dd9ca1fdd,kitavacinematic_c18r6.tgm.header,Tiny_6,4042080,264
a69e4e39631676c7,kitavacinematic_c18r5.tgm,Tiny_6,3165181,47
61f26407bd20097d,kitavacinematic_c18r5.tgm.header,Tiny_6,4042080,264
0d7ee7a9cb721576,kitavacinematic_c18r4.tgm,Tiny_6,3165181,47
489e11ef803e44e6,kitavacinematic_c18r4.tgm.header,Tiny_6,4042080,264
55c53af9e49fc34c,kitavacinematic_c18r3.tgm,Tiny_6,3165181,47
a6d48b65537b5ef5,kitavacinematic_c18r3.tgm.header,Tiny_6,4042080,264
993dea8a8ea353bd,kitavacinematic_c18r20.tgm,Tiny_6,3165181,47
4a358327cb08f09f,kitavacinematic_c18r20.tgm.header,Tiny_6,4042080,264
ba1855c6b5f69df1,kitavacinematic_c18r2.tgm,Tiny_6,3165181,47
6adaf48e75e4805b,kitavacinematic_c18r2.tgm.header,Tiny_6,4042080,264
d306415b6cb51c74,kitavacinematic_c18r19.tgm,Tiny_6,3165181,47
a2143ab6c63832e5,kitavacinematic_c18r19.tgm.header,Tiny_6,4042080,264
d1fe838c6ee04017,kitavacinematic_c18r18.tgm,Tiny_6,3165181,47
c82a25f1cfad16e6,kitavacinematic_c18r18.tgm.header,Tiny_6,4042080,264
3068c2819fdb1322,kitavacinematic_c18r17.tgm,Tiny_6,3165181,47
de5a1e5407894721,kitavacinematic_c18r17.tgm.header,Tiny_6,4042080,264
7a6e40d3c3258bba,kitavacinematic_c18r16.tgm,Tiny_6,3165181,47
15addb5e73c4f0ff,kitavacinematic_c18r16.tgm.header,Tiny_6,4042080,264
9bccad29b4653a51,kitavacinematic_c18r15.tgm,Tiny_6,3165181,47
55220d0207cdd584,kitavacinematic_c18r15.tgm.header,Tiny_6,4042080,264
3a96730a783166a3,kitavacinematic_c18r14.tgm,Tiny_6,3165181,47
7a3bfbd2410c2801,kitavacinematic_c18r14.tgm.header,Tiny_6,4042080,264
45bbb0367db10cf7,kitavacinematic_c18r13.tgm,Tiny_6,3165181,47
974d6847ea0fbb30,kitavacinematic_c18r13.tgm.header,Tiny_6,4042080,264
a43af255e2cc4bb2,kitavacinematic_c18r12.tgm,Tiny_6,3165181,47
16b3c04f85a01503,kitavacinematic_c18r12.tgm.header,Tiny_6,4042080,264
cb86c8471df388f4,kitavacinematic_c18r11.tgm,Tiny_6,3165181,47
91e5a548a72aea00,kitavacinematic_c18r11.tgm.header,Tiny_6,4042080,264
c3387ceb5846e69c,kitavacinematic_c18r10.tgm,Tiny_6,3165181,47
c6e85ae2a2a3d359,kitavacinematic_c18r10.tgm.header,Tiny_6,4042080,264
eb6151dec8b80cbe,kitavacinematic_c18r1.tgm,Tiny_6,3165181,47
9e098491bb56020f,kitavacinematic_c18r1.tgm.header,Tiny_6,4042080,264
9398ce72d8f15231,kitavacinematic_c17r9.tgm,Tiny_6,3165181,47
9ea4108469dab37e,kitavacinematic_c17r9.tgm.header,Tiny_6,4042080,264
1fe395dea439768c,kitavacinematic_c17r8.tgm,Tiny_6,3165181,47
75acf4677691d0bb,kitavacinematic_c17r8.tgm.header,Tiny_6,4042080,264
9a4913ce3c7b90bf,kitavacinematic_c17r7.tgm,Tiny_6,3165181,47
10c02e6d41ff3eef,kitavacinematic_c17r7.tgm.header,Tiny_6,4042080,264
88acdeb5336656b1,kitavacinematic_c17r6.tgm,Tiny_6,3165181,47
9d2da215d57351d3,kitavacinematic_c17r6.tgm.header,Tiny_6,4042080,264
80149287f824174b,kitavacinematic_c17r5.tgm,Tiny_6,3165181,47
6de82d70dfad265f,kitavacinematic_c17r5.tgm.header,Tiny_6,4042080,264
bc62917057dd74f7,kitavacinematic_c17r4.tgm,Tiny_6,3165181,47
6867275a4d4b2ae7,kitavacinematic_c17r4.tgm.header,Tiny_6,4042080,264
aa11aad089aa0aea,kitavacinematic_c17r3.tgm,Tiny_6,3165181,47
09f100d20c19f829,kitavacinematic_c17r3.tgm.header,Tiny_6,4042080,264
605a44466ba692c5,kitavacinematic_c17r20.tgm,Tiny_6,3165181,47
f117f6f21c3656ba,kitavacinematic_c17r20.tgm.header,Tiny_6,4042080,264
07a711e5e54d1517,kitavacinematic_c17r2.tgm,Tiny_6,3165181,47
0bad80dc4b33cb44,kitavacinematic_c17r2.tgm.header,Tiny_6,4042080,264
07c3dbd09f8c847f,kitavacinematic_c17r19.tgm,Tiny_6,3165181,47
a1cc22072064f566,kitavacinematic_c17r19.tgm.header,Tiny_6,4042080,264
e6fe100d8a932f03,kitavacinematic_c17r18.tgm,Tiny_6,3165181,47
e0b9a0caece2ed1d,kitavacinematic_c17r18.tgm.header,Tiny_6,4042080,264
6ed9fa45ae4328b3,kitavacinematic_c17r17.tgm,Tiny_6,3165181,47
6f2aa571b69f96c0,kitavacinematic_c17r17.tgm.header,Tiny_6,4042080,264
a374657098fb77af,kitavacinematic_c17r16.tgm,Tiny_6,3165181,47
b1dc049a53c4b7c8,kitavacinematic_c17r16.tgm.header,Tiny_6,4042080,264
cc0a4437b7a2327f,kitavacinematic_c17r15.tgm,Tiny_6,3165181,47
2349516fcff12ef6,kitavacinematic_c17r15.tgm.header,Tiny_6,4042080,264
29981702abaa4a7d,kitavacinematic_c17r14.tgm,Tiny_6,3165181,47
d87970e6990b22c5,kitavacinematic_c17r14.tgm.header,Tiny_6,4042080,264
252cf43bce89292a,kitavacinematic_c17r13.tgm,Tiny_6,3165181,47
30b14f10dea88607,kitavacinematic_c17r13.tgm.header,Tiny_6,4042080,264
9dba3fc78dd81592,kitavacinematic_c17r12.tgm,Tiny_6,3165181,47
bd62f8ba4b5a1ddc,kitavacinematic_c17r12.tgm.header,Tiny_6,4042080,264
61dd36451eba2700,kitavacinematic_c17r11.tgm,Tiny_6,3165181,47
02958ae0ed6f8c4b,kitavacinematic_c17r11.tgm.header,Tiny_6,4042080,264
c8443b217452dce4,kitavacinematic_c17r10.tgm,Tiny_6,3165181,47
f657fa986d9734ff,kitavacinematic_c17r10.tgm.header,Tiny_6,4042080,264
a2b77a7a932f7dfd,kitavacinematic_c17r1.tgm,Tiny_6,3165181,47
016bf87f20410027,kitavacinematic_c17r1.tgm.header,Tiny_6,4042080,264
32e9ac84209a61a7,kitavacinematic_c16r9.tgm,Tiny_6,3165181,47
9cce91e3e7794d7e,kitavacinematic_c16r9.tgm.header,Tiny_6,4042080,264
ab0d0c7ee2927575,kitavacinematic_c16r8.tgm,Tiny_6,3165181,47
bf69ddf99bcc2d32,kitavacinematic_c16r8.tgm.header,Tiny_6,4042080,264
5111abedb820632e,kitavacinematic_c16r7.tgm,Tiny_6,3165181,47
dad35be39a2de61d,kitavacinematic_c16r7.tgm.header,Tiny_6,4042080,264
8a2ff625cbc70017,kitavacinematic_c16r6.tgm,Tiny_6,3165181,47
907410e079a4a791,kitavacinematic_c16r6.tgm.header,Tiny_6,4042080,264
389a98cb1018ecc6,kitavacinematic_c16r5.tgm,Tiny_2,10904328,429
cf979b293ca2ab45,kitavacinematic_c16r5.tgm.header,Tiny_2,10904757,264
e2318e7585c3238d,kitavacinematic_c16r4.tgm,Tiny_2,10900919,3145
5b3cfccb59f801bc,kitavacinematic_c16r4.tgm.header,Tiny_2,10904064,264
e960e5a3ef447c4d,kitavacinematic_c16r3.tgm,Art/Models/Interface/CharacterSelection/tgms,1342390,5009
a8bda1d19b1797b8,kitavacinematic_c16r3.tgm.header,Tiny_2,10900655,264
b1af6541099da3e1,kitavacinematic_c16r20.tgm,Tiny_6,3165181,47
432c4254daeb99f9,kitavacinematic_c16r20.tgm.header,Tiny_6,4042080,264
d36303d9c2b09701,kitavacinematic_c16r2.tgm,Tiny_2,10896528,3863
21688ed5b8c326d3,kitavacinematic_c16r2.tgm.header,Tiny_2,10900391,264
3b6dbafc4e0f5741,kitavacinematic_c16r19.tgm,Tiny_6,3165181,47
8d4132fa994558ed,kitavacinematic_c16r19.tgm.header,Tiny_6,4042080,264
ab4627fc9cbde02b,kitavacinematic_c16r18.tgm,Tiny_6,3165181,47
ef0ba3e4372fdc07,kitavacinematic_c16r18.tgm.header,Tiny_6,4042080,264
ac6a26f795080144,kitavacinematic_c16r17.tgm,Tiny_6,3165181,47
f1daa79619dc0631,kitavacinematic_c16r17.tgm.header,Tiny_6,4042080,264
cfc65b362a196591,kitavacinematic_c16r16.tgm,Tiny_6,3165181,47
2684f254c9ba7658,kitavacinematic_c16r16.tgm.header,Tiny_6,4042080,264
ed6869cbb4064299,kitavacinematic_c16r15.tgm,Tiny_6,3165181,47
184ae8ad844b6ad6,kitavacinematic_c16r15.tgm.header,Tiny_6,4042080,264
a64b0fe888cc2641,kitavacinematic_c16r14.tgm,Tiny_6,3165181,47
2387d4af1246c9f6,kitavacinematic_c16r14.tgm.header,Tiny_6,4042080,264
e0fe0a657d244eff,kitavacinematic_c16r13.tgm,Tiny_6,3165181,47
29a301dee3e66e81,kitavacinematic_c16r13.tgm.header,Tiny_6,4042080,264
ceb9b773d3893acf,kitavacinematic_c16r12.tgm,Tiny_6,3165181,47
d1a0f27e7905f8fc,kitavacinematic_c16r12.tgm.header,Tiny_6,4042080,264
92c5534f1dd4c252,kitavacinematic_c16r11.tgm,Tiny_6,3165181,47
dc9480397a5678ee,kitavacinematic_c16r11.tgm.header,Tiny_6,4042080,264
f66c0b4f1196fd3d,kitavacinematic_c16r10.tgm,Tiny_6,3165181,47
8d1412e507fac5df,kitavacinematic_c16r10.tgm.header,Tiny_6,4042080,264
f7250b806dc15f88,kitavacinematic_c16r1.tgm,Tiny_2,10895055,1209
fd4505fc25d80e42,kitavacinematic_c16r1.tgm.header,Tiny_2,10896264,264
d25fcb77fab3d161,kitavacinematic_c15r9.tgm,Tiny_2,10891996,2795
59312a89824a16e4,kitavacinematic_c15r9.tgm.header,Tiny_2,10894791,264
6cceb80a6ad46044,kitavacinematic_c15r8.tgm,Tiny_2,10890585,1147
194f37deefa781a3,kitavacinematic_c15r8.tgm.header,Tiny_2,10891732,264
fc4dbfecd4572a63,kitavacinematic_c15r7.tgm,Tiny_2,10889808,513
d76d6fbf33a3e3e2,kitavacinematic_c15r7.tgm.header,Tiny_2,10890321,264
f780708963570fa3,kitavacinematic_c15r6.tgm,Tiny_2,10888977,567
fe5b5f0528627196,kitavacinematic_c15r6.tgm.header,Tiny_2,10889544,264
1fb15a8a787d5420,kitavacinematic_c15r5.tgm,Art/Models/Interface/CharacterSelection/tgms,1331291,11099
2d5213bb8dd11e54,kitavacinematic_c15r5.tgm.header,Tiny_2,10888713,264
77f36520edf9df1b,kitavacinematic_c15r4.tgm,Tiny_2,10884952,3497
90286b09b7ccc2df,kitavacinematic_c15r4.tgm.header,Tiny_2,10888449,264
0c73ed944b54b290,kitavacinematic_c15r3.tgm,Tiny_2,10882301,2387
ecf5d98b9730755a,kitavacinematic_c15r3.tgm.header,Tiny_2,10884688,264
a1661a201e08e8c6,kitavacinematic_c15r20.tgm,Tiny_6,3165181,47
aa8fdccb9cac7669,kitavacinematic_c15r20.tgm.header,Tiny_6,4042080,264
24a4d5020394a40e,kitavacinematic_c15r2.tgm,Art/Models/Interface/CharacterSelection/tgms,1326314,4977
48dee11f4d3d8aa0,kitavacinematic_c15r2.tgm.header,Tiny_2,10882037,264
0103dc7a2573c689,kitavacinematic_c15r19.tgm,Tiny_6,3165181,47
92ca626dbff1116c,kitavacinematic_c15r19.tgm.header,Tiny_6,4042080,264
ce4244c4d02d059f,kitavacinematic_c15r18.tgm,Tiny_6,3165181,47
0f6676a7be9b1d33,kitavacinematic_c15r18.tgm.header,Tiny_6,4042080,264
df738d704f7f4233,kitavacinematic_c15r17.tgm,Tiny_6,3165181,47
3fc3b30a09408b78,kitavacinematic_c15r17.tgm.header,Tiny_6,4042080,264
0af286ce205e0f87,kitavacinematic_c15r16.tgm,Tiny_6,3165181,47
1438524b42767cb0,kitavacinematic_c15r16.tgm.header,Tiny_6,4042080,264
890a3774f7edfcfb,kitavacinematic_c15r15.tgm,Tiny_6,3165181,47
33bb465fd589c0aa,kitavacinematic_c15r15.tgm.header,Tiny_6,4042080,264
e96237c44a68806c,kitavacinematic_c15r14.tgm,Tiny_6,3165181,47
64282130f083ae43,kitavacinematic_c15r14.tgm.header,Tiny_6,4042080,264
6779e86b21f8e9c6,kitavacinematic_c15r13.tgm,Tiny_6,3165181,47
b9b7cccb5a6a959c,kitavacinematic_c15r13.tgm.header,Tiny_6,4042080,264
ec8f548332797bcd,kitavacinematic_c15r12.tgm,Art/Models/Interface/CharacterSelection/tgms,1316395,9919
8aeee9eb3d36c6c0,kitavacinematic_c15r12.tgm.header,Tiny_2,10881773,264
a6ea8205a6442619,kitavacinematic_c15r11.tgm,Tiny_2,10877566,3943
ae46bea7a86556d4,kitavacinematic_c15r11.tgm.header,Tiny_2,10881509,264
7428ea5050fea808,kitavacinematic_c15r10.tgm,Art/Models/Interface/CharacterSelection/tgms,1311152,5243
8aa02fee1ec8dbb5,kitavacinematic_c15r10.tgm.header,Tiny_2,10877302,264
fdd18de7e322eb62,kitavacinematic_c15r1.tgm,Art/Models/Interface/CharacterSelection/tgms,1304657,6495
a84bc233f5a9d93f,kitavacinematic_c15r1.tgm.header,Tiny_2,10877038,264
7a42475dd02683b1,kitavacinematic_c14r9.tgm,Tiny_2,10875429,1609
1549f3fd670d70c4,kitavacinematic_c14r9.tgm.header,Tiny_4,42788233,264
e7921c2589f6f0e1,kitavacinematic_c14r8.tgm,Tiny_2,10874288,1141
75d5cb38700f7f8c,kitavacinematic_c14r8.tgm.header,Tiny_4,42786330,264
f970c87a734ab461,kitavacinematic_c14r7.tgm,Tiny_2,10873559,729
185da921bb4dfe82,kitavacinematic_c14r7.tgm.header,Tiny_4,42784895,264
c80e5c7d01c3f0d7,kitavacinematic_c14r6.tgm,Tiny_2,10872992,567
e34fc753313dceaa,kitavacinematic_c14r6.tgm.header,Tiny_4,42783876,264
68bc0e2a67e2737e,kitavacinematic_c14r5.tgm,Art/Models/Interface/CharacterSelection/tgms,1281092,23565
1b426d4257ef606a,kitavacinematic_c14r5.tgm.header,Tiny_2,10872728,264
d000373e1a5f0601,kitavacinematic_c14r4.tgm,Art/Models/Interface/CharacterSelection/tgms,1245863,35229
3c70b3232404725c,kitavacinematic_c14r4.tgm.header,Tiny_2,10872464,264
72bb7791ae735eca,kitavacinematic_c14r3.tgm,Art/Models/Interface/CharacterSelection/tgms,1230158,15705
eeb1903e2cd7f463,kitavacinematic_c14r3.tgm.header,Tiny_2,10872200,264
53df3922fd20932d,kitavacinematic_c14r20.tgm,Tiny_6,3165181,47
17043f31802e74c1,kitavacinematic_c14r20.tgm.header,Tiny_6,4042080,264
075d5ed9822f570d,kitavacinematic_c14r2.tgm,Art/Models/Interface/CharacterSelection/tgms,1220819,9339
da2d355e1cb063a1,kitavacinematic_c14r2.tgm.header,Tiny_2,10871936,264
b64ea1f00d3f66cb,kitavacinematic_c14r19.tgm,Tiny_6,3165181,47
0c90b34d7e09dfbb,kitavacinematic_c14r19.tgm.header,Tiny_6,4042080,264
21da6ecd8c061a8c,kitavacinematic_c14r18.tgm,Tiny_6,3165181,47
6848d93e9413d0b9,kitavacinematic_c14r18.tgm.header,Tiny_6,4042080,264
18bc844f30dcea27,kitavacinematic_c14r17.tgm,Tiny_6,3165181,47
01663be6d150dcb7,kitavacinematic_c14r17.tgm.header,Tiny_6,4042080,264
b84eab50c3d1cf48,kitavacinematic_c14r16.tgm,Tiny_6,3165181,47
390844c1e30d4046,kitavacinematic_c14r16.tgm.header,Tiny_6,4042080,264
854d770a4974a5fe,kitavacinematic_c14r15.tgm,Tiny_6,3165181,47
e6df2bb1c1e7fb48,kitavacinematic_c14r15.tgm.header,Tiny_6,4042080,264
6212e8723fe0ce8e,kitavacinematic_c14r14.tgm,Tiny_6,3165181,47
ec301be3e879d57a,kitavacinematic_c14r14.tgm.header,Tiny_6,4042080,264
c0435c4e8aa063c7,kitavacinematic_c14r13.tgm,Tiny_6,3165181,47
250c7817ab4e46c7,kitavacinematic_c14r13.tgm.header,Tiny_6,4042080,264
c480cad1637f52b2,kitavacinematic_c14r12.tgm,Art/Models/Interface/CharacterSelection/tgms,1196136,24683
0c5b34e2a92fa2f4,kitavacinematic_c14r12.tgm.header,Tiny_2,10871672,264
35f996c9e76c6c74,kitavacinematic_c14r11.tgm,Art/Models/Interface/CharacterSelection/tgms,1182847,13289
f1e4488894cd8d13,kitavacinematic_c14r11.tgm.header,Tiny_2,10871408,264
8dfd0f2e9576e900,kitavacinematic_c14r10.tgm,Tiny_2,10869841,1303
fe863fd8f22e1d8f,kitavacinematic_c14r10.tgm.header,Tiny_2,10871144,264
01534b5a553ff221,kitavacinematic_c14r1.tgm,Art/Models/Interface/CharacterSelection/tgms,1176544,6303
6c82ba6ccacef7de,kitavacinematic_c14r1.tgm.header,Tiny_2,10869577,264
23bb7d53d69168df,kitavacinematic_c13r9.tgm,Tiny_2,10867902,1411
d8ab4f6e89fac8c4,kitavacinematic_c13r9.tgm.header,Tiny_2,10869313,264
86576a519df5970a,kitavacinematic_c13r8.tgm,Art/Models/Interface/CharacterSelection/tgms,1152899,23645
9788cda5de9c961c,kitavacinematic_c13r8.tgm.header,Tiny_2,10867555,347
72375afbbb2d940e,kitavacinematic_c13r7.tgm,Art/Models/Interface/CharacterSelection/tgms,1139858,13041
9ce4384d4c44d0f4,kitavacinematic_c13r7.tgm.header,Tiny_2,10867291,264
3a703f488b1eb14b,kitavacinematic_c13r6.tgm,Art/Models/Interface/CharacterSelection/tgms,1122515,17343
dac56fe3c57c9e0f,kitavacinematic_c13r6.tgm.header,Tiny_2,10867027,264
b67b29979496c4dc,kitavacinematic_c13r5.tgm,Art/Models/Interface/CharacterSelection/tgms,1090166,32349
6479539e4b2efbba,kitavacinematic_c13r5.tgm.header,Tiny_2,10866763,264
3a3dd9f858d65f5e,kitavacinematic_c13r4.tgm,Art/Models/Interface/CharacterSelection/tgms,1040567,49599
beb6763e5b08cbd0,kitavacinematic_c13r4.tgm.header,Tiny_2,10866499,264
20200ea22ca0da71,kitavacinematic_c13r3.tgm,Art/Models/Interface/CharacterSelection/tgms,1016984,23583
fc6ff2e0662e7f21,kitavacinematic_c13r3.tgm.header,Tiny_2,10866235,264
ca3351b925e1e064,kitavacinematic_c13r20.tgm,Tiny_6,3165181,47
14d4564da6770bb4,kitavacinematic_c13r20.tgm.header,Tiny_6,4042080,264
28885830773bf83c,kitavacinematic_c13r2.tgm,Art/Models/Interface/CharacterSelection/tgms,1001519,15465
8aeb1029b9cbd008,kitavacinematic_c13r2.tgm.header,Tiny_2,10865971,264
6a0327340d6adaca,kitavacinematic_c13r19.tgm,Tiny_6,3165181,47
cb4389fbd7ceae24,kitavacinematic_c13r19.tgm.header,Tiny_6,4042080,264
9d01c38923c3f7d0,kitavacinematic_c13r18.tgm,Tiny_6,3165181,47
422b23c235252424,kitavacinematic_c13r18.tgm.header,Tiny_6,4042080,264
e6effe9bb1309f9d,kitavacinematic_c13r17.tgm,Tiny_6,3165181,47
1a05e40badedab29,kitavacinematic_c13r17.tgm.header,Tiny_6,4042080,264
c181f6c2b11e924a,kitavacinematic_c13r16.tgm,Tiny_6,3165181,47
f1271df55a57affd,kitavacinematic_c13r16.tgm.header,Tiny_6,4042080,264
ae9c2372bb098443,kitavacinematic_c13r15.tgm,Tiny_6,3165181,47
7fc55e31f65e72f6,kitavacinematic_c13r15.tgm.header,Tiny_6,4042080,264
4de133e8def381ac,kitavacinematic_c13r14.tgm,Tiny_6,3165181,47
815de40165c3b437,kitavacinematic_c13r14.tgm.header,Tiny_6,4042080,264
3ee8eac871254f34,kitavacinematic_c13r13.tgm,Tiny_6,3165181,47
9de9ed21f08d78e4,kitavacinematic_c13r13.tgm.header,Tiny_6,4042080,264
546cc4612026c54e,kitavacinematic_c13r12.tgm,Art/Models/Interface/CharacterSelection/tgms,974350,27169
128a7c96de5bc5c3,kitavacinematic_c13r12.tgm.header,Tiny_2,10865707,264
93d716b7f36854e4,kitavacinematic_c13r11.tgm,Art/Models/Interface/CharacterSelection/tgms,958575,15775
52562fc692ce6751,kitavacinematic_c13r11.tgm.header,Tiny_2,10865443,264
f86f335785fad5cf,kitavacinematic_c13r10.tgm,Tiny_2,10864876,567
f036df804e70e30b,kitavacinematic_c13r10.tgm.header,Tiny_4,42738289,264
bb6d11ce0038d3bc,kitavacinematic_c13r1.tgm,Art/Models/Interface/CharacterSelection/tgms,945180,13395
e997ca5eaa489e82,kitavacinematic_c13r1.tgm.header,Tiny_2,10864612,264
4e9b30a9d0026e90,kitavacinematic_c12r9.tgm,Tiny_2,10863781,567
0ed7b5e27afbb969,kitavacinematic_c12r9.tgm.header,Tiny_2,10864348,264
af756436fa80444b,kitavacinematic_c12r8.tgm,Art/Models/Interface/CharacterSelection/tgms,925385,19795
7780a65bf2f6956c,kitavacinematic_c12r8.tgm.header,Tiny_2,10863478,303
3b88c011b61416a8,kitavacinematic_c12r7.tgm,Tiny_2,10861317,1897
78b9d5324c4e4c71,kitavacinematic_c12r7.tgm.header,Tiny_2,10863214,264
83cf1361cf40bd6a,kitavacinematic_c12r6.tgm,Art/Models/Interface/CharacterSelection/tgms,920012,5373
62df9f4624a55877,kitavacinematic_c12r6.tgm.header,Tiny_2,10861053,264
dfad4ca820efdede,kitavacinematic_c12r5.tgm,Art/Models/Interface/CharacterSelection/tgms,887603,32409
afb9bc091e4736dd,kitavacinematic_c12r5.tgm.header,Tiny_2,10860789,264
fad1e5874d829d9c,kitavacinematic_c12r4.tgm,Art/Models/Interface/CharacterSelection/tgms,869780,17823
8ce99aa62f3535f2,kitavacinematic_c12r4.tgm.header,Tiny_2,10860525,264
fed42aaba13a99f5,kitavacinematic_c12r3.tgm,Art/Models/Interface/CharacterSelection/tgms,849971,19809
030455c1f208bad8,kitavacinematic_c12r3.tgm.header,Tiny_2,10860261,264
7773a772110fde8a,kitavacinematic_c12r20.tgm,Tiny_6,3165181,47
7e449a1f7c61cd5f,kitavacinematic_c12r20.tgm.header,Tiny_6,4042080,264
7dee9ef67a61b485,kitavacinematic_c12r2.tgm,Art/Models/Interface/CharacterSelection/tgms,817128,32843
04b49f50dcdebc40,kitavacinematic_c12r2.tgm.header,Tiny_2,10859997,264
266544800cd95de3,kitavacinematic_c12r19.tgm,Tiny_6,3165181,47
84ca186aadd1020b,kitavacinematic_c12r19.tgm.header,Tiny_6,4042080,264
ce1f81aad442e61d,kitavacinematic_c12r18.tgm,Tiny_6,3165181,47
9f47a69f45f22d9a,kitavacinematic_c12r18.tgm.header,Tiny_6,4042080,264
1119deaa6664b1f3,kitavacinematic_c12r17.tgm,Tiny_6,3165181,47
00cf43283d1ba722,kitavacinematic_c12r17.tgm.header,Tiny_6,4042080,264
f8a89ad1f5da925c,kitavacinematic_c12r16.tgm,Tiny_6,3165181,47
a3ae9a67b41ece16,kitavacinematic_c12r16.tgm.header,Tiny_6,4042080,264
ccfb82afdbf74ece,kitavacinematic_c12r15.tgm,Tiny_6,3165181,47
9f7a2f828ed0caa2,kitavacinematic_c12r15.tgm.header,Tiny_6,4042080,264
9b8e298f070a526e,kitavacinematic_c12r14.tgm,Tiny_6,3165181,47
686cc4bde81d29d2,kitavacinematic_c12r14.tgm.header,Tiny_6,4042080,264
bff31d0f81817c97,kitavacinematic_c12r13.tgm,Tiny_6,3165181,47
405fcebbad84dc53,kitavacinematic_c12r13.tgm.header,Tiny_6,4042080,264
020050ff9264772a,kitavacinematic_c12r12.tgm,Art/Models/Interface/CharacterSelection/tgms,793577,23551
073d2c5b942d383c,kitavacinematic_c12r12.tgm.header,Tiny_2,10859733,264
17f2fc0fe3f75973,kitavacinematic_c12r11.tgm,Art/Models/Interface/CharacterSelection/tgms,778828,14749
a210a675e7ddfe44,kitavacinematic_c12r11.tgm.header,Tiny_2,10859469,264
5dc2494a99943560,kitavacinematic_c12r10.tgm,Tiny_2,10859118,351
086029532a5cf30f,kitavacinematic_c12r10.tgm.header,Tiny_4,42716123,264
80b00e4e42ac4963,kitavacinematic_c12r1.tgm,Art/Models/Interface/CharacterSelection/tgms,759493,19335
648f1d7d49e74bc1,kitavacinematic_c12r1.tgm.header,Tiny_2,10858854,264
6ee92a41e640a92b,kitavacinematic_c11r9.tgm,Tiny_2,10857807,783
a8ce6aa156f8146a,kitavacinematic_c11r9.tgm.header,Tiny_2,10858590,264
42cc2b0f9cf7a3ac,kitavacinematic_c11r8.tgm,Art/Models/Interface/CharacterSelection/tgms,744646,14847
66d246cc14e3e2ce,kitavacinematic_c11r8.tgm.header,Tiny_2,10857543,264
de5f2bd69c838bd3,kitavacinematic_c11r7.tgm,Art/Models/Interface/CharacterSelection/tgms,421851,322795
5db4cdd1f4807891,kitavacinematic_c11r7.tgm.header,Tiny_2,10855920,1623
5fee62f66a44a1f4,kitavacinematic_c11r6.tgm,Art/Models/Interface/CharacterSelection/tgms,415060,6791
2920199db3eac7c2,kitavacinematic_c11r6.tgm.header,Tiny_2,10855656,264
69a348efedabb671,kitavacinematic_c11r5.tgm,Art/Models/Interface/CharacterSelection/tgms,392953,22107
21f2fccbc3e2c7f4,kitavacinematic_c11r5.tgm.header,Tiny_2,10855392,264
2f92db4cac903957,kitavacinematic_c11r4.tgm,Art/Models/Interface/CharacterSelection/tgms,385534,7419
bc73c251efd3cc47,kitavacinematic_c11r4.tgm.header,Tiny_2,10855128,264
225253098635d948,kitavacinematic_c11r3.tgm,Art/Models/Interface/CharacterSelection/tgms,370747,14787
456f4c497f526cf0,kitavacinematic_c11r3.tgm.header,Tiny_2,10854864,264
7721ac9374591d4f,kitavacinematic_c11r20.tgm,Tiny_6,3165181,47
e2a63912e9d935b4,kitavacinematic_c11r20.tgm.header,Tiny_6,4042080,264
2dc709d7e78b9c29,kitavacinematic_c11r2.tgm,Art/Models/Interface/CharacterSelection/tgms,366180,4567
53744f99871d205d,kitavacinematic_c11r2.tgm.header,Tiny_2,10854600,264
a8fe610b0509f0c3,kitavacinematic_c11r19.tgm,Tiny_6,3165181,47
bb22937fff8e9e00,kitavacinematic_c11r19.tgm.header,Tiny_6,4042080,264
7c10b63abf7c46ec,kitavacinematic_c11r18.tgm,Tiny_6,3165181,47
366a36249f93f6ed,kitavacinematic_c11r18.tgm.header,Tiny_6,4042080,264
e982dc69a63fcb51,kitavacinematic_c11r17.tgm,Art/Models/Interface/CharacterSelection/tgms,204491,161689
88cf11733d9d0364,kitavacinematic_c11r17.tgm.header,Tiny_2,10853769,831
2fed78169d95837b,kitavacinematic_c11r16.tgm,Tiny_6,3165181,47
d794a0b0678f900c,kitavacinematic_c11r16.tgm.header,Tiny_6,4042080,264
01aa8dd54b43f73a,kitavacinematic_c11r15.tgm,Tiny_6,3165181,47
9a949c179b5900a5,kitavacinematic_c11r15.tgm.header,Tiny_6,4042080,264
8be7651918248fe6,kitavacinematic_c11r14.tgm,Tiny_6,3165181,47
28307eaf7e133f34,kitavacinematic_c11r14.tgm.header,Tiny_6,4042080,264
46907eabe1695d17,kitavacinematic_c11r13.tgm,Tiny_6,3165181,47
b10b6efaae76ffb9,kitavacinematic_c11r13.tgm.header,Tiny_6,4042080,264
eb48da38250898e1,kitavacinematic_c11r12.tgm,Art/Models/Interface/CharacterSelection/tgms,181428,23063
50fccf0718a997b3,kitavacinematic_c11r12.tgm.header,Tiny_2,10853505,264
88c1b050eb63b18d,kitavacinematic_c11r11.tgm,Art/Models/Interface/CharacterSelection/tgms,165085,16343
5727a924b5cab3e5,kitavacinematic_c11r11.tgm.header,Tiny_2,10853241,264
d85193be26ea0438,kitavacinematic_c11r10.tgm,Art/Models/Interface/CharacterSelection/tgms,132442,32643
1cdaf40fa4a9685e,kitavacinematic_c11r10.tgm.header,Tiny_2,10852977,264
d3656f9bbf53dc7c,kitavacinematic_c11r1.tgm,Art/Models/Interface/CharacterSelection/tgms,115711,16731
237d94eecb2fe90c,kitavacinematic_c11r1.tgm.header,Tiny_2,10852713,264
71c8743fb44549c6,kitavacinematic_c10r9.tgm,Tiny_2,10851774,675
d98b3c4a321c176e,kitavacinematic_c10r9.tgm.header,Tiny_2,10852449,264
aa0dca78a7ad2b0a,kitavacinematic_c10r8.tgm,Art/Models/Interface/CharacterSelection/tgms,100150,15561
036bc07a56711864,kitavacinematic_c10r8.tgm.header,Tiny_2,10851510,264
0865c6e110722db9,kitavacinematic_c10r7.tgm,Tiny_2,10850267,979
76be471198d6487f,kitavacinematic_c10r7.tgm.header,Tiny_2,10851246,264
c8a8f8bd3201d93c,kitavacinematic_c10r6.tgm,Art/Models/Interface/CharacterSelection/tgms,94493,5657
4d410ed7029a5377,kitavacinematic_c10r6.tgm.header,Tiny_2,10850003,264
74224ca2439f6f6c,kitavacinematic_c10r5.tgm,Art/Models/Interface/CharacterSelection/tgms,75512,18981
12d4a5ac9d6e4a0f,kitavacinematic_c10r5.tgm.header,Tiny_2,10849739,264
cda7220cd64652f6,kitavacinematic_c10r4.tgm,Art/Models/Interface/CharacterSelection/tgms,69059,6453
32b172e65464c2d6,kitavacinematic_c10r4.tgm.header,Tiny_2,10849475,264
bca2d7d840e22d26,kitavacinematic_c10r3.tgm,Art/Models/Interface/CharacterSelection/tgms,56000,13059
bc924d83b1068929,kitavacinematic_c10r3.tgm.header,Tiny_2,10849211,264
c36e9fd450352b91,kitavacinematic_c10r20.tgm,Tiny_6,3165181,47
1b8a323ee5b8d83a,kitavacinematic_c10r20.tgm.header,Tiny_6,4042080,264
4d08fd09b9a5038f,kitavacinematic_c10r2.tgm,Art/Models/Interface/CharacterSelection/tgms,51673,4327
d63043804010a02f,kitavacinematic_c10r2.tgm.header,Tiny_2,10848947,264
bce1a6c8eb14fd4d,kitavacinematic_c10r19.tgm,Tiny_6,3165181,47
d0e09c7ccd3e33b1,kitavacinematic_c10r19.tgm.header,Tiny_6,4042080,264
13707c486b45e865,kitavacinematic_c10r18.tgm,Tiny_6,3165181,47
d0fb3057aabd64a3,kitavacinematic_c10r18.tgm.header,Tiny_6,4042080,264
c8838f20515ca8ff,kitavacinematic_c10r17.tgm,Tiny_6,3165181,47
648524a112ac8ce7,kitavacinematic_c10r17.tgm.header,Tiny_6,4042080,264
2debb562be2f00bd,kitavacinematic_c10r16.tgm,Tiny_6,3165181,47
17c59b362fd42d55,kitavacinematic_c10r16.tgm.header,Tiny_6,4042080,264
4cf967bfe4d75543,kitavacinematic_c10r15.tgm,Tiny_6,3165181,47
97e5e7635b663df1,kitavacinematic_c10r15.tgm.header,Tiny_6,4042080,264
7b180930187e8e14,kitavacinematic_c10r14.tgm,Tiny_6,3165181,47
0ca171635886c2b3,kitavacinematic_c10r14.tgm.header,Tiny_6,4042080,264
b2069265f8c06466,kitavacinematic_c10r13.tgm,Tiny_6,3165181,47
c7af632ebbb9873c,kitavacinematic_c10r13.tgm.header,Tiny_6,4042080,264
c9c8b15a82bf5cdc,kitavacinematic_c10r12.tgm,Art/Models/Interface/CharacterSelection/tgms,31688,19985
8c0670e675235ab2,kitavacinematic_c10r12.tgm.header,Tiny_2,10848683,264
bd8fbeeebca3241f,kitavacinematic_c10r11.tgm,Art/Models/Interface/CharacterSelection/tgms,17211,14477
9b59cbf315a54071,kitavacinematic_c10r11.tgm.header,Tiny_2,10848419,264
0028242c321a7b17,kitavacinematic_c10r10.tgm,Tiny_2,10847744,675
8c7d862c1c87c1aa,kitavacinematic_c10r10.tgm.header,Tiny_4,42669143,264
6cba73059bbb79ed,kitavacinematic_c10r1.tgm,Art/Models/Interface/CharacterSelection/tgms,0,17211
d605b4b05da42c43,kitavacinematic_c10r1.tgm.header,Tiny_2,10847480,264
