hash,file,bundle,offset,size
1f006bf18cc62e0e,transition_chamber_to_courts_v01_01_c6r6.tgm,Art/Models/Terrain/Act5/Innocence/tgms_36,1582362,20383
e60713865740ee40,transition_chamber_to_courts_v01_01_c6r6.tgm.header,Tiny_3,76343713,264
6f992ebb9d9e40fb,transition_chamber_to_courts_v01_01_c6r5.tgm,Tiny_3,76342398,1051
5395587789903730,transition_chamber_to_courts_v01_01_c6r5.tgm.header,Tiny_3,76343449,264
f1b34cdb343acb8b,transition_chamber_to_courts_v01_01_c6r4.tgm,Tiny_3,76341221,913
a657569a0c7c6c4e,transition_chamber_to_courts_v01_01_c6r4.tgm.header,Tiny_3,76342134,264
2b47ee7072625693,transition_chamber_to_courts_v01_01_c6r3.tgm,Tiny_3,76303350,505
37a71d34d22a6b2f,transition_chamber_to_courts_v01_01_c6r3.tgm.header,Tiny_3,76303855,264
46cfcf96c7b3b81a,transition_chamber_to_courts_v01_01_c6r2.tgm,Tiny_3,76302227,859
fd6d9abacc1d281d,transition_chamber_to_courts_v01_01_c6r2.tgm.header,Tiny_3,76303086,264
8253b1be59b0d351,transition_chamber_to_courts_v01_01_c6r1.tgm,Tiny_3,76340044,913
4fcc4c3d68d2d90b,transition_chamber_to_courts_v01_01_c6r1.tgm.header,Tiny_3,76340957,264
7116b8d5bc0bbce2,transition_chamber_to_courts_v01_01_c5r6.tgm,Art/Models/Terrain/Act5/Innocence/tgms,707008,4891
10583b35756448b7,transition_chamber_to_courts_v01_01_c5r6.tgm.header,Tiny_3,76339738,306
08d94b4b006dbff8,transition_chamber_to_courts_v01_01_c5r5.tgm,Art/Models/Terrain/Act5/Innocence/tgms_36,1634713,16563
0b665595b32a0d62,transition_chamber_to_courts_v01_01_c5r5.tgm.header,Tiny_3,76339124,614
d4fa468135927046,transition_chamber_to_courts_v01_01_c5r4.tgm,Art/Models/Terrain/Act5/Innocence/tgms,711899,4975
f617a3b793a28a4d,transition_chamber_to_courts_v01_01_c5r4.tgm.header,Tiny_3,76338818,306
db9b80797a87424f,transition_chamber_to_courts_v01_01_c5r3.tgm,Art/Models/Terrain/Act5/Innocence/tgms_37,525231,139217
a42dbdce98b39ef0,transition_chamber_to_courts_v01_01_c5r3.tgm.header,Tiny_3,76336227,2591
61038e99ecffd993,transition_chamber_to_courts_v01_01_c5r2.tgm,Art/Models/Terrain/Act5/Innocence/tgms_35,2001635,123339
171b7718a2c2e5f6,transition_chamber_to_courts_v01_01_c5r2.tgm.header,Tiny_3,76333680,2547
cdb532b365519b2f,transition_chamber_to_courts_v01_01_c5r1.tgm,Art/Models/Terrain/Act5/Innocence/tgms,1037465,144031
8b026f695e79b08c,transition_chamber_to_courts_v01_01_c5r1.tgm.header,Tiny_3,76330517,3163
9a10c9c4101e47ea,transition_chamber_to_courts_v01_01_c4r6.tgm,Tiny_3,76327072,3139
e664eb09c303c57f,transition_chamber_to_courts_v01_01_c4r6.tgm.header,Tiny_3,76330211,306
a3eec698a35a2a53,transition_chamber_to_courts_v01_01_c4r5.tgm,Tiny_3,76325595,1213
7368252f789f443f,transition_chamber_to_courts_v01_01_c4r5.tgm.header,Tiny_3,76326808,264
d22c6f65bb1ea775,transition_chamber_to_courts_v01_01_c4r4.tgm,Art/Models/Terrain/Act5/Innocence/tgms_35,199804,22133
367fcdb2fcd46c1c,transition_chamber_to_courts_v01_01_c4r4.tgm.header,Tiny_3,76325069,526
dda3e2fc72872aa9,transition_chamber_to_courts_v01_01_c4r3.tgm,Art/Models/Terrain/Act5/Innocence/tgms_35,235357,12177
7aec1e21614f15ef,transition_chamber_to_courts_v01_01_c4r3.tgm.header,Tiny_3,76324502,567
ed02f9b0fb9dc5d4,transition_chamber_to_courts_v01_01_c4r2.tgm,Tiny_3,76323703,535
fee1c22c8d60fa64,transition_chamber_to_courts_v01_01_c4r2.tgm.header,Tiny_3,76324238,264
06b8b57e710a9f64,transition_chamber_to_courts_v01_01_c4r1.tgm,Art/Models/Terrain/Act5/Innocence/tgms_37,664448,13275
fc8bf1a4b1e7a108,transition_chamber_to_courts_v01_01_c4r1.tgm.header,Tiny_3,76323004,699
2923507a2dfd918f,transition_chamber_to_courts_v01_01_c3r6.tgm,Tiny_3,76322527,477
4a1e41e13d100dc2,transition_chamber_to_courts_v01_01_c3r6.tgm.header,Tiny_5,59151096,264
f8987ceafc7c7633,transition_chamber_to_courts_v01_01_c3r5.tgm,Art/Models/Terrain/Act5/Innocence/tgms_36,2103082,139693
906d6bdba780e88c,transition_chamber_to_courts_v01_01_c3r5.tgm.header,Tiny_3,76278893,2726
d6caa6be3525204f,transition_chamber_to_courts_v01_01_c3r4.tgm,Art/Models/Terrain/Act5/Innocence/tgms_2,840457,8397
8e3984f9571ce1d2,transition_chamber_to_courts_v01_01_c3r4.tgm.header,Tiny_3,76278367,526
fbdf7fd7b414b9b7,transition_chamber_to_courts_v01_01_c3r3.tgm,Art/Models/Terrain/Act5/Innocence/tgms_36,1760729,224823
ba8d633eafe001a5,transition_chamber_to_courts_v01_01_c3r3.tgm.header,Tiny_3,76321913,614
0cb019d051efdf29,transition_chamber_to_courts_v01_01_c3r2.tgm,Art/Models/Terrain/Act5/Innocence/tgms,658986,4645
af2c3814dff6edb4,transition_chamber_to_courts_v01_01_c3r2.tgm.header,Tiny_3,76321607,306
19b41eb7c39d06d3,transition_chamber_to_courts_v01_01_c3r1.tgm,Tiny_3,76320568,775
a9489f3f2e4fffe9,transition_chamber_to_courts_v01_01_c3r1.tgm.header,Tiny_3,76321343,264
e71e9cc55fd0072b,transition_chamber_to_courts_v01_01_c2r6.tgm,Tiny_3,76320199,369
cb42ff1ff040f075,transition_chamber_to_courts_v01_01_c2r6.tgm.header,Tiny_6,10003372,264
0023d367743b63d6,transition_chamber_to_courts_v01_01_c2r5.tgm,Art/Models/Terrain/Act5/Innocence/tgms_35,1876936,124699
6675e0f9da77169c,transition_chamber_to_courts_v01_01_c2r5.tgm.header,Tiny_3,76272242,2594
5241c5a57aee6f2b,transition_chamber_to_courts_v01_01_c2r4.tgm,Tiny_3,76319152,783
ecc235ebd2d13fa7,transition_chamber_to_courts_v01_01_c2r4.tgm.header,Tiny_3,76319935,264
ce1b0bce140c547c,transition_chamber_to_courts_v01_01_c2r3.tgm,Tiny_3,76317567,1321
b1c5637f4e205953,transition_chamber_to_courts_v01_01_c2r3.tgm.header,Tiny_3,76318888,264
510ae7c2e6e4db46,transition_chamber_to_courts_v01_01_c2r2.tgm,Art/Models/Terrain/Act5/Innocence/tgms_36,2093274,5209
2e3d0219b1d47ec1,transition_chamber_to_courts_v01_01_c2r2.tgm.header,Tiny_3,76317261,306
05eed1bdd5520145,transition_chamber_to_courts_v01_01_c2r1.tgm,Tiny_3,76316030,967
293f32db7a9d4f12,transition_chamber_to_courts_v01_01_c2r1.tgm.header,Tiny_3,76316997,264
e163f7480bf82d27,transition_chamber_to_courts_v01_01_c1r6.tgm,Tiny_3,76315715,315
2d99c490642d8f78,transition_chamber_to_courts_v01_01_c1r6.tgm.header,Tiny_6,10001636,264
f645c7823b9ce585,transition_chamber_to_courts_v01_01_c1r5.tgm,Art/Models/Terrain/Act5/Innocence/tgms_35,0,155315
14553273ef946074,transition_chamber_to_courts_v01_01_c1r5.tgm.header,Tiny_3,76312505,3210
eef00b6ac01a138f,transition_chamber_to_courts_v01_01_c1r4.tgm,Art/Models/Terrain/Act5/Innocence/tgms_35,2789485,13381
b027fe0b62ab5b57,transition_chamber_to_courts_v01_01_c1r4.tgm.header,Tiny_3,76263542,746
663a838dea7967d6,transition_chamber_to_courts_v01_01_c1r3.tgm,Tiny_3,76309396,3109
48300c2b7d15ee91,transition_chamber_to_courts_v01_01_c1r3.tgm.header,Tiny_3,76263236,306
7f81f488df2cc4d7,transition_chamber_to_courts_v01_01_c1r2.tgm,Art/Models/Terrain/Act5/Innocence/tgms_34,1321889,5077
1de5d7acddfabb0e,transition_chamber_to_courts_v01_01_c1r2.tgm.header,Tiny_3,76309090,306
9b2b50651e0097cd,transition_chamber_to_courts_v01_01_c1r1.tgm,Tiny_3,76307805,1021
7dabc3ecaa5204fa,transition_chamber_to_courts_v01_01_c1r1.tgm.header,Tiny_3,76308826,264
0ba84cf161280136,transition_chamber_to_courts_shattered_v01_01_c6r6.tgm,Art/Models/Terrain/Act5/Innocence/tgms_37,736543,21743
eed036202b5b9d8e,transition_chamber_to_courts_shattered_v01_01_c6r6.tgm.header,Tiny_3,76307367,438
0b78d1686b4ca368,transition_chamber_to_courts_shattered_v01_01_c6r5.tgm,Tiny_3,76305632,1471
03a6a9cb1c6f9980,transition_chamber_to_courts_shattered_v01_01_c6r5.tgm.header,Tiny_3,76307103,264
2bc2be85ad50f9a2,transition_chamber_to_courts_shattered_v01_01_c6r4.tgm,Tiny_3,76304119,1249
61c5625ead0325f1,transition_chamber_to_courts_shattered_v01_01_c6r4.tgm.header,Tiny_3,76305368,264
0459ec4b3ff0c677,transition_chamber_to_courts_shattered_v01_01_c6r3.tgm,Tiny_3,76303350,505
9f31fa8b6584e104,transition_chamber_to_courts_shattered_v01_01_c6r3.tgm.header,Tiny_3,76303855,264
cf9c260df341234b,transition_chamber_to_courts_shattered_v01_01_c6r2.tgm,Tiny_3,76302227,859
eb0c56fb84831fd5,transition_chamber_to_courts_shattered_v01_01_c6r2.tgm.header,Tiny_3,76303086,264
9b531adc61da798a,transition_chamber_to_courts_shattered_v01_01_c6r1.tgm,Art/Models/Terrain/Act5/Innocence/tgms_35,2294096,20719
1537efd830672bfa,transition_chamber_to_courts_shattered_v01_01_c6r1.tgm.header,Tiny_3,76301704,523
574ecad04904e37a,transition_chamber_to_courts_shattered_v01_01_c5r6.tgm,Art/Models/Terrain/Act5/Innocence/tgms_36,2242775,4891
55d99d79f0d1dd98,transition_chamber_to_courts_shattered_v01_01_c5r6.tgm.header,Tiny_3,76301398,306
f56ac4b4811fbfef,transition_chamber_to_courts_shattered_v01_01_c5r5.tgm,Art/Models/Terrain/Act5/Innocence/tgms_35,2453955,17065
df1502d25b1661de,transition_chamber_to_courts_shattered_v01_01_c5r5.tgm.header,Tiny_3,76300696,702
6848c3b2c0e1114f,transition_chamber_to_courts_shattered_v01_01_c5r4.tgm,Art/Models/Terrain/Act5/Innocence/tgms,2643919,13729
7a331f83d06a6d03,transition_chamber_to_courts_shattered_v01_01_c5r4.tgm.header,Tiny_3,76300126,570
5a1933bdf0a8647c,transition_chamber_to_courts_shattered_v01_01_c5r3.tgm,Art/Models/Terrain/Act5/Innocence/tgms_2,159186,139217
9a360119b2628ecf,transition_chamber_to_courts_shattered_v01_01_c5r3.tgm.header,Tiny_3,76297535,2591
23ff25f64ca0bba7,transition_chamber_to_courts_shattered_v01_01_c5r2.tgm,Art/Models/Terrain/Act5/Innocence/tgms_2,315735,123339
9240fcea5d3288fa,transition_chamber_to_courts_shattered_v01_01_c5r2.tgm.header,Tiny_3,76294988,2547
0047a2963b9d3130,transition_chamber_to_courts_shattered_v01_01_c5r1.tgm,Art/Models/Terrain/Act5/Innocence/tgms_35,785237,152617
95b7928f3ae27e67,transition_chamber_to_courts_shattered_v01_01_c5r1.tgm.header,Tiny_3,76291297,3691
a21a77fce7ed5ba8,transition_chamber_to_courts_shattered_v01_01_c4r6.tgm,Tiny_3,76287882,3109
02f3b0fb57dad29a,transition_chamber_to_courts_shattered_v01_01_c4r6.tgm.header,Tiny_3,76290991,306
619c7437a7e1f26b,transition_chamber_to_courts_shattered_v01_01_c4r5.tgm,Tiny_3,76286567,1051
8795a2b0b9439be0,transition_chamber_to_courts_shattered_v01_01_c4r5.tgm.header,Tiny_3,76287618,264
60940d128f277d0c,transition_chamber_to_courts_shattered_v01_01_c4r4.tgm,Art/Models/Terrain/Act5/Innocence/tgms_36,2509087,56703
c15c05540aec6772,transition_chamber_to_courts_shattered_v01_01_c4r4.tgm.header,Tiny_3,76285161,1406
bee4daa8b18a9ef4,transition_chamber_to_courts_shattered_v01_01_c4r3.tgm,Art/Models/Terrain/Act5/Innocence/tgms_36,116223,12177
bbc50315bce525b5,transition_chamber_to_courts_shattered_v01_01_c4r3.tgm.header,Tiny_3,76284594,567
6074f66a0d3d9273,transition_chamber_to_courts_shattered_v01_01_c4r2.tgm,Art/Models/Terrain/Act5/Innocence/tgms_35,155315,44489
e416196640e9d3fb,transition_chamber_to_courts_shattered_v01_01_c4r2.tgm.header,Tiny_3,76282795,1799
79ba58131fedb571,transition_chamber_to_courts_shattered_v01_01_c4r1.tgm,Art/Models/Terrain/Act5/Innocence/tgms_36,1985552,13275
c9844e796feb464f,transition_chamber_to_courts_shattered_v01_01_c4r1.tgm.header,Tiny_3,76282096,699
eac9d43513c20900,transition_chamber_to_courts_shattered_v01_01_c3r6.tgm,Tiny_3,76281619,477
2fd668cc32daa59a,transition_chamber_to_courts_shattered_v01_01_c3r6.tgm.header,Tiny_5,59151096,264
a8baf6125b8fd350,transition_chamber_to_courts_shattered_v01_01_c3r5.tgm,Art/Models/Terrain/Act5/Innocence/tgms_2,848854,139693
9b5e859ff8118d95,transition_chamber_to_courts_shattered_v01_01_c3r5.tgm.header,Tiny_3,76278893,2726
6f7a7de6206bf663,transition_chamber_to_courts_shattered_v01_01_c3r4.tgm,Art/Models/Terrain/Act5/Innocence/tgms_35,221937,8397
1f59404d6bb3eca1,transition_chamber_to_courts_shattered_v01_01_c3r4.tgm.header,Tiny_3,76278367,526
4019cea017356388,transition_chamber_to_courts_shattered_v01_01_c3r3.tgm,Art/Models/Terrain/Act5/Innocence/tgms_35,247534,260507
d7794e21cb41a98d,transition_chamber_to_courts_shattered_v01_01_c3r3.tgm.header,Tiny_3,76276653,1714
1efcb83671c62948,transition_chamber_to_courts_shattered_v01_01_c3r2.tgm,Art/Models/Terrain/Act5/Innocence/tgms_2,815453,4915
f34ac7cdc1816604,transition_chamber_to_courts_shattered_v01_01_c3r2.tgm.header,Tiny_3,76276347,306
5604d5b409129d29,transition_chamber_to_courts_shattered_v01_01_c3r1.tgm,Art/Models/Terrain/Act5/Innocence/tgms_36,444731,32947
8bbf0501961de17e,transition_chamber_to_courts_shattered_v01_01_c3r1.tgm.header,Tiny_3,76275205,1142
1ca151e0cf94f798,transition_chamber_to_courts_shattered_v01_01_c2r6.tgm,Tiny_3,76274836,369
335c1f5aef83cd4a,transition_chamber_to_courts_shattered_v01_01_c2r6.tgm.header,Tiny_6,10003372,264
15ff9762292feada,transition_chamber_to_courts_shattered_v01_01_c2r5.tgm,Art/Models/Terrain/Act5/Innocence/tgms,2507479,124699
ac4feaad336307c8,transition_chamber_to_courts_shattered_v01_01_c2r5.tgm.header,Tiny_3,76272242,2594
d1fc66d62ba0acee,transition_chamber_to_courts_shattered_v01_01_c2r4.tgm,Art/Models/Terrain/Act5/Innocence/tgms_35,2138355,49865
aae7558db814ca86,transition_chamber_to_courts_shattered_v01_01_c2r4.tgm.header,Tiny_3,76269560,2682
7b5f45a8cee1b873,transition_chamber_to_courts_shattered_v01_01_c2r3.tgm,Tiny_3,76266653,2249
379cae0fd1949baf,transition_chamber_to_courts_shattered_v01_01_c2r3.tgm.header,Tiny_3,76268902,658
4f851d23fc602935,transition_chamber_to_courts_shattered_v01_01_c2r2.tgm,Art/Models/Terrain/Act5/Innocence/tgms_36,958043,5203
2780946c57df2a25,transition_chamber_to_courts_shattered_v01_01_c2r2.tgm.header,Tiny_3,76266347,306
78aa56abef92a934,transition_chamber_to_courts_shattered_v01_01_c2r1.tgm,Tiny_3,76264858,1225
4c7c8f5676d764ff,transition_chamber_to_courts_shattered_v01_01_c2r1.tgm.header,Tiny_3,76266083,264
5897373a9dfd64ab,transition_chamber_to_courts_shattered_v01_01_c1r6.tgm,Art/Models/Terrain/Act5/Innocence/tgms_34,1349673,20129
45d2bb90405c9df3,transition_chamber_to_courts_shattered_v01_01_c1r6.tgm.header,Tiny_3,76264288,570
b5494a7866cc1ca9,transition_chamber_to_courts_shattered_v01_01_c1r5.tgm,Art/Models/Terrain/Act5/Innocence/tgms_34,2031199,193061
efe21743ed93a108,transition_chamber_to_courts_shattered_v01_01_c1r5.tgm.header,Folders/art/models/terrain/act5/innocence/candletilesout,1057568,4266
08fd21ec179ae292,transition_chamber_to_courts_shattered_v01_01_c1r4.tgm,Art/Models/Terrain/Act5/Innocence/tgms_35,2124974,13381
bd5f96104e131476,transition_chamber_to_courts_shattered_v01_01_c1r4.tgm.header,Tiny_3,76263542,746
6a0d9e47b0324a87,transition_chamber_to_courts_shattered_v01_01_c1r3.tgm,Tiny_3,76260127,3109
8fc9a00cac3dc078,transition_chamber_to_courts_shattered_v01_01_c1r3.tgm.header,Tiny_3,76263236,306
4d4424e0f60a78a8,transition_chamber_to_courts_shattered_v01_01_c1r2.tgm,Art/Models/Terrain/Act5/Innocence/tgms_35,230334,5023
cd759865983d5f1c,transition_chamber_to_courts_shattered_v01_01_c1r2.tgm.header,Tiny_3,76259821,306
0b58eea23f0e9335,transition_chamber_to_courts_shattered_v01_01_c1r1.tgm,Tiny_3,76258060,1369
b55c0031cd38dfa3,transition_chamber_to_courts_shattered_v01_01_c1r1.tgm.header,Tiny_3,76259429,392
30e9559e6465d354,transition_chamber_to_boss_v01_01_c6r6.tgm,Art/Models/Terrain/Act5/Innocence/tgms_2,1088405,32803
d4883d7bf0189622,transition_chamber_to_boss_v01_01_c6r6.tgm.header,Tiny_3,76257490,570
bc8c430e7260caad,transition_chamber_to_boss_v01_01_c6r5.tgm,Art/Models/Terrain/Act5/Innocence/tgms,1489704,235343
b7422e2f1a76a4fb,transition_chamber_to_boss_v01_01_c6r5.tgm.header,Tiny_3,76254192,3298
727f73d0960171f0,transition_chamber_to_boss_v01_01_c6r4.tgm,Art/Models/Terrain/Act5/Innocence/tgms_2,0,136815
c2cd5bd433a9d4a7,transition_chamber_to_boss_v01_01_c6r4.tgm.header,Tiny_3,76252390,1802
cd9d7e67f5a78ac4,transition_chamber_to_boss_v01_01_c6r3.tgm,Art/Models/Terrain/Act5/Innocence/tgms_36,530830,218115
c385ec3db5abe4c5,transition_chamber_to_boss_v01_01_c6r3.tgm.header,Tiny_3,76250632,1758
cc71dc525fc4a91b,transition_chamber_to_boss_v01_01_c6r2.tgm,Art/Models/Terrain/Act5/Innocence/tgms_37,677723,5311
d05f82d9536e0497,transition_chamber_to_boss_v01_01_c6r2.tgm.header,Tiny_3,76204953,306
b30105639688209b,transition_chamber_to_boss_v01_01_c6r1.tgm,Tiny_3,76203050,1639
8d0e857ee829d8d0,transition_chamber_to_boss_v01_01_c6r1.tgm.header,Tiny_3,76204689,264
d90131eefeedaefb,transition_chamber_to_boss_v01_01_c5r6.tgm,Art/Models/Terrain/Act5/Innocence/tgms_36,748945,26581
3ea64f7f43457b16,transition_chamber_to_boss_v01_01_c5r6.tgm.header,Tiny_3,76249930,702
3e2bc6e9510d83a1,transition_chamber_to_boss_v01_01_c5r5.tgm,Art/Models/Terrain/Act5/Innocence/tgms_36,2098483,4599
778c8d98ddf806f1,transition_chamber_to_boss_v01_01_c5r5.tgm.header,Tiny_3,76249275,655
576b75992bed1ad0,transition_chamber_to_boss_v01_01_c5r4.tgm,Tiny_3,76245893,2947
3059f76f9513ca6b,transition_chamber_to_boss_v01_01_c5r4.tgm.header,Tiny_3,76248840,435
b9f1ce0d3e287df4,transition_chamber_to_boss_v01_01_c5r3.tgm,Tiny_3,76244260,1369
4c1cb82e84b9f4b6,transition_chamber_to_boss_v01_01_c5r3.tgm.header,Tiny_3,76245629,264
ef207a0d20b7716a,transition_chamber_to_boss_v01_01_c5r2.tgm,Art/Models/Terrain/Act5/Innocence/tgms_34,2271689,35045
789aece223f4bedf,transition_chamber_to_boss_v01_01_c5r2.tgm.header,Tiny_3,76242678,1582
623d4ce35374334e,transition_chamber_to_boss_v01_01_c5r1.tgm,Tiny_3,76241119,1295
c7574c53a74b6cd6,transition_chamber_to_boss_v01_01_c5r1.tgm.header,Tiny_3,76242414,264
8d59f13bdf2f72d5,transition_chamber_to_boss_v01_01_c4r6.tgm,Art/Models/Terrain/Act5/Innocence/tgms_35,937854,180713
a522ed28f46a2915,transition_chamber_to_boss_v01_01_c4r6.tgm.header,Tiny_3,76240549,570
5171786fbf6e95d9,transition_chamber_to_boss_v01_01_c4r5.tgm,Tiny_3,76237407,2707
b02a61f669e1da07,transition_chamber_to_boss_v01_01_c4r5.tgm.header,Tiny_3,76240114,435
d8911d9ba213c3c1,transition_chamber_to_boss_v01_01_c4r4.tgm,Art/Models/Terrain/Act5/Innocence/tgms_2,820368,20089
496bdadd038a57ee,transition_chamber_to_boss_v01_01_c4r4.tgm.header,Tiny_3,76236793,614
78e12d69c576b3f7,transition_chamber_to_boss_v01_01_c4r3.tgm,Art/Models/Terrain/Act5/Innocence/tgms_36,2006472,81797
79fa59f2da5acf03,transition_chamber_to_boss_v01_01_c4r3.tgm.header,Tiny_3,76236267,526
9ec0204c92926e43,transition_chamber_to_boss_v01_01_c4r2.tgm,Tiny_3,76234280,1723
1bb0b8f8df37645a,transition_chamber_to_boss_v01_01_c4r2.tgm.header,Tiny_3,76236003,264
7b7886289be56354,transition_chamber_to_boss_v01_01_c4r1.tgm,Art/Models/Terrain/Act5/Innocence/tgms_34,2306734,172189
c7141f24ce66ad07,transition_chamber_to_boss_v01_01_c4r1.tgm.header,Tiny_3,76233842,438
41bce9f7b27518f6,transition_chamber_to_boss_v01_01_c3r6.tgm,Art/Models/Terrain/Act5/Innocence/tgms_2,1607510,70539
15122fd59a011519,transition_chamber_to_boss_v01_01_c3r6.tgm.header,Tiny_3,76233404,438
ef8bf6769fafc572,transition_chamber_to_boss_v01_01_c3r5.tgm,Art/Models/Terrain/Act5/Innocence/tgms_36,1349938,22707
230379be6f02bedb,transition_chamber_to_boss_v01_01_c3r5.tgm.header,Tiny_3,76183819,350
aecd86aa0338e537,transition_chamber_to_boss_v01_01_c3r4.tgm,Art/Models/Terrain/Act5/Innocence/tgms_37,683034,53509
c40af755282adfbd,transition_chamber_to_boss_v01_01_c3r4.tgm.header,Tiny_3,76231778,1626
e2f408f015a96fd6,transition_chamber_to_boss_v01_01_c3r3.tgm,Art/Models/Terrain/Act5/Innocence/tgms_36,424382,20349
5042b8718a1a3eee,transition_chamber_to_boss_v01_01_c3r3.tgm.header,Tiny_3,76231076,702
d1964733e47a35a3,transition_chamber_to_boss_v01_01_c3r2.tgm,Tiny_3,76228145,2405
3f0037a16b8b0144,transition_chamber_to_boss_v01_01_c3r2.tgm.header,Tiny_3,76230550,526
f57f085c5e6a7c44,transition_chamber_to_boss_v01_01_c3r1.tgm,Art/Models/Terrain/Act5/Innocence/tgms,2253650,253829
60872ecca0294451,transition_chamber_to_boss_v01_01_c3r1.tgm.header,Folders/art/models/terrain/act5/innocence/candletilesout,1053346,4222
369e9cb488de8457,transition_chamber_to_boss_v01_01_c2r6.tgm,Art/Models/Terrain/Act5/Innocence/tgms,536842,68635
01d36f2536744215,transition_chamber_to_boss_v01_01_c2r6.tgm.header,Tiny_3,76226651,1494
a90b9cb0b51b3d25,transition_chamber_to_boss_v01_01_c2r5.tgm,Art/Models/Terrain/Act5/Innocence/tgms,2632178,11741
30ad2967d0a004a2,transition_chamber_to_boss_v01_01_c2r5.tgm.header,Tiny_3,76225861,790
2bdac9bfdfd68876,transition_chamber_to_boss_v01_01_c2r4.tgm,Art/Models/Terrain/Act5/Innocence/tgms_36,1327567,22371
37713bc126ef10d9,transition_chamber_to_boss_v01_01_c2r4.tgm.header,Tiny_3,76179341,350
b64c090a7e58fbf7,transition_chamber_to_boss_v01_01_c2r3.tgm,Tiny_3,76223402,2459
069cf7f3d47b0564,transition_chamber_to_boss_v01_01_c2r3.tgm.header,Tiny_3,76178815,526
644c83129340f2c4,transition_chamber_to_boss_v01_01_c2r2.tgm,Art/Models/Terrain/Act5/Innocence/tgms_35,1118567,109453
015d37b3de8f9a5d,transition_chamber_to_boss_v01_01_c2r2.tgm.header,Tiny_3,76222700,702
6947b4f8dfd814c8,transition_chamber_to_boss_v01_01_c2r1.tgm,Tiny_3,76219813,2887
29cb164c95afa459,transition_chamber_to_boss_v01_01_c2r1.tgm.header,Tiny_3,76175172,482
83556fac1929cb69,transition_chamber_to_boss_v01_01_c1r6.tgm,Tiny_3,76218366,1183
c775eb560e712a74,transition_chamber_to_boss_v01_01_c1r6.tgm.header,Tiny_3,76219549,264
ecfe65fc5c67c1f6,transition_chamber_to_boss_v01_01_c1r5.tgm,Tiny_3,76216903,1199
49cc3f199ac8e9e5,transition_chamber_to_boss_v01_01_c1r5.tgm.header,Tiny_3,76218102,264
7957270a9adf0c44,transition_chamber_to_boss_v01_01_c1r4.tgm,Art/Models/Terrain/Act5/Innocence/tgms_2,1128933,62165
ac1346e27fb56f35,transition_chamber_to_boss_v01_01_c1r4.tgm.header,Tiny_3,76216509,394
0912177ee2222dd1,transition_chamber_to_boss_v01_01_c1r3.tgm,Art/Models/Terrain/Act5/Innocence/tgms,894006,143459
dad95d5d20180936,transition_chamber_to_boss_v01_01_c1r3.tgm.header,Tiny_3,76213739,2770
6f1298c51f80b0a4,transition_chamber_to_boss_v01_01_c1r2.tgm,Art/Models/Terrain/Act5/Innocence/tgms_36,1602745,26795
1ae1327c15831473,transition_chamber_to_boss_v01_01_c1r2.tgm.header,Tiny_3,76213169,570
190d9cf2a2e84cb2,transition_chamber_to_boss_v01_01_c1r1.tgm,Art/Models/Terrain/Act5/Innocence/tgms_34,1998626,32573
68003a3536de512d,transition_chamber_to_boss_v01_01_c1r1.tgm.header,Tiny_3,76212731,438
cf8297027224bb81,transition_chamber_to_boss_shattered_v01_01_c6r6.tgm,Art/Models/Terrain/Act5/Innocence/tgms_36,477678,32803
6e0149496b874dd1,transition_chamber_to_boss_shattered_v01_01_c6r6.tgm.header,Tiny_3,76212161,570
e92ec9b6a1c467d5,transition_chamber_to_boss_shattered_v01_01_c6r5.tgm,Art/Models/Terrain/Act5/Innocence/tgms_35,2554142,235343
bb50b4596ad1a7f9,transition_chamber_to_boss_shattered_v01_01_c6r5.tgm.header,Tiny_3,76208863,3298
07fb561217df52cd,transition_chamber_to_boss_shattered_v01_01_c6r4.tgm,Art/Models/Terrain/Act5/Innocence/tgms_35,1541227,136815
d91aebb79cd2a68c,transition_chamber_to_boss_shattered_v01_01_c6r4.tgm.header,Tiny_3,76207061,1802
7d7ced1caa72211c,transition_chamber_to_boss_shattered_v01_01_c6r3.tgm,Art/Models/Terrain/Act5/Innocence/tgms,1253887,235817
8af5b8090603ce47,transition_chamber_to_boss_shattered_v01_01_c6r3.tgm.header,Tiny_3,76205259,1802
ef1d4ad8643625a7,transition_chamber_to_boss_shattered_v01_01_c6r2.tgm,Art/Models/Terrain/Act5/Innocence/tgms_2,1678049,5311
b8a6e58bc5c085ed,transition_chamber_to_boss_shattered_v01_01_c6r2.tgm.header,Tiny_3,76204953,306
d4dad3d0ae6130c1,transition_chamber_to_boss_shattered_v01_01_c6r1.tgm,Tiny_3,76203050,1639
ca7bedbe0866b22b,transition_chamber_to_boss_shattered_v01_01_c6r1.tgm.header,Tiny_3,76204689,264
7f89b20d4e0ad9a9,transition_chamber_to_boss_shattered_v01_01_c5r6.tgm,Art/Models/Terrain/Act5/Innocence/tgms_2,1061824,26581
cf22dd2dce514baf,transition_chamber_to_boss_shattered_v01_01_c5r6.tgm.header,Tiny_3,76202348,702
e4ac3e630c82c9fe,transition_chamber_to_boss_shattered_v01_01_c5r5.tgm,Art/Models/Terrain/Act5/Innocence/tgms_34,1369802,4599
95ba5badbf56e799,transition_chamber_to_boss_shattered_v01_01_c5r5.tgm.header,Tiny_3,76201693,655
f20ab0cf3baf3e1d,transition_chamber_to_boss_shattered_v01_01_c5r4.tgm,Tiny_3,76198311,2947
82f6ba444e247320,transition_chamber_to_boss_shattered_v01_01_c5r4.tgm.header,Tiny_3,76201258,435
4b61bd1265bbe62c,transition_chamber_to_boss_shattered_v01_01_c5r3.tgm,Tiny_3,76196494,1553
fcca25563c003762,transition_chamber_to_boss_shattered_v01_01_c5r3.tgm.header,Tiny_3,76198047,264
b172dd11c79dbf14,transition_chamber_to_boss_shattered_v01_01_c5r2.tgm,Art/Models/Terrain/Act5/Innocence/tgms_35,2188220,35423
8a66e78b5e085730,transition_chamber_to_boss_shattered_v01_01_c5r2.tgm.header,Tiny_3,76194780,1714
f29145b55cf766d3,transition_chamber_to_boss_shattered_v01_01_c5r1.tgm,Tiny_3,76193063,1411
79d7f3be5504a9c6,transition_chamber_to_boss_shattered_v01_01_c5r1.tgm.header,Tiny_3,76194474,306
76d90b90efde7e65,transition_chamber_to_boss_shattered_v01_01_c4r6.tgm,Art/Models/Terrain/Act5/Innocence/tgms,314901,221941
25d6ca7793e9175d,transition_chamber_to_boss_shattered_v01_01_c4r6.tgm.header,Tiny_3,76191129,1934
057962e34f40c74e,transition_chamber_to_boss_shattered_v01_01_c4r5.tgm,Tiny_3,76187987,2707
40c7b2eb63f4b516,transition_chamber_to_boss_shattered_v01_01_c4r5.tgm.header,Tiny_3,76190694,435
1b0f74eda6cf47ec,transition_chamber_to_boss_shattered_v01_01_c4r4.tgm,Art/Models/Terrain/Act5/Innocence/tgms_35,508041,36987
58efb4d3d199005d,transition_chamber_to_boss_shattered_v01_01_c4r4.tgm.header,Tiny_3,76187329,658
5743e970dd7e16fb,transition_chamber_to_boss_shattered_v01_01_c4r3.tgm,Art/Models/Terrain/Act5/Innocence/tgms_2,439074,82029
ab9eb5fe9720f6dc,transition_chamber_to_boss_shattered_v01_01_c4r3.tgm.header,Tiny_3,76186715,614
fd751efed0ab77b9,transition_chamber_to_boss_shattered_v01_01_c4r2.tgm,Art/Models/Terrain/Act5/Innocence/tgms_2,298403,12585
6fee2b310bb8fdbb,transition_chamber_to_boss_shattered_v01_01_c4r2.tgm.header,Tiny_3,76185309,1406
0804316e2e68649a,transition_chamber_to_boss_shattered_v01_01_c4r1.tgm,Art/Models/Terrain/Act5/Innocence/tgms,2080327,173323
fa574702b3d193cf,transition_chamber_to_boss_shattered_v01_01_c4r1.tgm.header,Tiny_3,76184607,702
2cee19124ecba702,transition_chamber_to_boss_shattered_v01_01_c3r6.tgm,Art/Models/Terrain/Act5/Innocence/tgms_35,2471020,70539
21f73aa1f3e05882,transition_chamber_to_boss_shattered_v01_01_c3r6.tgm.header,Tiny_3,76184169,438
6d3483066b412ce5,transition_chamber_to_boss_shattered_v01_01_c3r5.tgm,Art/Models/Terrain/Act5/Innocence/tgms_34,1326966,22707
40f38cd8485b401b,transition_chamber_to_boss_shattered_v01_01_c3r5.tgm.header,Tiny_3,76183819,350
c5ed8f5153e088cf,transition_chamber_to_boss_shattered_v01_01_c3r4.tgm,Art/Models/Terrain/Act5/Innocence/tgms,605477,53509
9ac37fb5e79ba462,transition_chamber_to_boss_shattered_v01_01_c3r4.tgm.header,Tiny_3,76182193,1626
03388b4bd33a9b45,transition_chamber_to_boss_shattered_v01_01_c3r3.tgm,Art/Models/Terrain/Act5/Innocence/tgms_36,510481,20349
4c484a3dba37e5b8,transition_chamber_to_boss_shattered_v01_01_c3r3.tgm.header,Tiny_3,76181491,702
b45e4b0bccdfea17,transition_chamber_to_boss_shattered_v01_01_c3r2.tgm,Art/Models/Terrain/Act5/Innocence/tgms_36,1998827,7645
176bbc624979a5e7,transition_chamber_to_boss_shattered_v01_01_c3r2.tgm.header,Tiny_3,76180789,702
64d14c0fe0887944,transition_chamber_to_boss_shattered_v01_01_c3r1.tgm,Art/Models/Terrain/Act5/Innocence/tgms,1725047,254323
232c6217edbc051f,transition_chamber_to_boss_shattered_v01_01_c3r1.tgm.header,Folders/art/models/terrain/act5/innocence/candletilesout,1049080,4266
16f0cb049cf139b8,transition_chamber_to_boss_shattered_v01_01_c2r6.tgm,Art/Models/Terrain/Act5/Innocence/tgms_37,758286,210147
1158dd0a99e372ae,transition_chamber_to_boss_shattered_v01_01_c2r6.tgm.header,Folders/art/models/terrain/act5/innocence/candletilesout,1042130,6950
828c9162742441dc,transition_chamber_to_boss_shattered_v01_01_c2r5.tgm,Art/Models/Terrain/Act5/Innocence/tgms_35,2541559,12583
a2b9c5e93037db65,transition_chamber_to_boss_shattered_v01_01_c2r5.tgm.header,Tiny_3,76179691,1098
266974da9ea541e4,transition_chamber_to_boss_shattered_v01_01_c2r4.tgm,Art/Models/Terrain/Act5/Innocence/tgms_2,136815,22371
302e09dff05e0ee7,transition_chamber_to_boss_shattered_v01_01_c2r4.tgm.header,Tiny_3,76179341,350
36e8aedbe4b17c7c,transition_chamber_to_boss_shattered_v01_01_c2r3.tgm,Tiny_3,76176356,2459
7404ce023e98bc1e,transition_chamber_to_boss_shattered_v01_01_c2r3.tgm.header,Tiny_3,76178815,526
f7f8a0491cb25002,transition_chamber_to_boss_shattered_v01_01_c2r2.tgm,Art/Models/Terrain/Act5/Innocence/tgms_36,1651276,109453
d709c52b6ff55160,transition_chamber_to_boss_shattered_v01_01_c2r2.tgm.header,Tiny_3,76175654,702
e474da6b95065b5c,transition_chamber_to_boss_shattered_v01_01_c2r1.tgm,Tiny_3,76172285,2887
4ea327c670f33ac1,transition_chamber_to_boss_shattered_v01_01_c2r1.tgm.header,Tiny_3,76175172,482
b552b46e1ee41c69,transition_chamber_to_boss_shattered_v01_01_c1r6.tgm,Tiny_3,76170344,1677
eaa9ec0e2464bdc9,transition_chamber_to_boss_shattered_v01_01_c1r6.tgm.header,Tiny_3,76172021,264
cd789dace5174c8a,transition_chamber_to_boss_shattered_v01_01_c1r5.tgm,Art/Models/Terrain/Act5/Innocence/tgms_2,310988,4747
0c7e9565f35f8b5f,transition_chamber_to_boss_shattered_v01_01_c1r5.tgm.header,Tiny_3,76168982,1362
de39d799aa72d064,transition_chamber_to_boss_shattered_v01_01_c1r4.tgm,Art/Models/Terrain/Act5/Innocence/tgms_35,1228020,62165
68e359bb748d6352,transition_chamber_to_boss_shattered_v01_01_c1r4.tgm.header,Tiny_3,76168588,394
a2cd0604149ab57f,transition_chamber_to_boss_shattered_v01_01_c1r3.tgm,Art/Models/Terrain/Act5/Innocence/tgms_36,775526,182517
e594dd23d428f239,transition_chamber_to_boss_shattered_v01_01_c1r3.tgm.header,Tiny_3,76164674,3914
f984b1c959accdc6,transition_chamber_to_boss_shattered_v01_01_c1r2.tgm,Art/Models/Terrain/Act5/Innocence/tgms_35,2223643,70453
7c6f4d963b3a5613,transition_chamber_to_boss_shattered_v01_01_c1r2.tgm.header,Tiny_3,76162872,1802
884df4ffd3c0674b,transition_chamber_to_boss_shattered_v01_01_c1r1.tgm,Art/Models/Terrain/Act5/Innocence/tgms_36,391809,32573
2ae6215027c18b4c,transition_chamber_to_boss_shattered_v01_01_c1r1.tgm.header,Tiny_3,76162434,438
dd12b423013ad7b7,innocenece_doubleledge_concvex_v01_01_c3r3.tgm,Art/Models/Terrain/Act5/Innocence/tgms_34,1667809,8379
fad7c1b5b453ddbb,innocenece_doubleledge_concvex_v01_01_c3r3.tgm.header,Tiny_3,76162084,350
173a746536a135d2,innocenece_doubleledge_concvex_v01_01_c3r2.tgm,Tiny_3,76160403,1417
6118e5611abe1e69,innocenece_doubleledge_concvex_v01_01_c3r2.tgm.header,Tiny_3,76161820,264
7ad6ed9536b1c8d6,innocenece_doubleledge_concvex_v01_01_c3r1.tgm,Art/Models/Terrain/Act5/Innocence/tgms,2657648,298973
e42f9c5358a07548,innocenece_doubleledge_concvex_v01_01_c3r1.tgm.header,Folders/art/models/terrain/act5/innocence/candletilesout,1037028,5102
723070e08e4bec86,innocenece_doubleledge_concvex_v01_01_c2r3.tgm,Art/Models/Terrain/Act5/Innocence/tgms_2,1121208,7725
4d6933d9d87d6d70,innocenece_doubleledge_concvex_v01_01_c2r3.tgm.header,Tiny_3,76160097,306
64974a010237eb7c,innocenece_doubleledge_concvex_v01_01_c2r2.tgm,Art/Models/Terrain/Act5/Innocence/tgms_36,963246,364321
5c636661a20c7879,innocenece_doubleledge_concvex_v01_01_c2r2.tgm.header,Folders/art/models/terrain/act5/innocence/candletilesout,1030254,6774
5e1b7a1d2459606b,innocenece_doubleledge_concvex_v01_01_c2r1.tgm,Tiny_3,76158368,1465
42e3d0299992b7f8,innocenece_doubleledge_concvex_v01_01_c2r1.tgm.header,Tiny_3,76159833,264
5444bc67e5f1552a,innocenece_doubleledge_concvex_v01_01_c1r3.tgm,Art/Models/Terrain/Act5/Innocence/tgms_34,1382330,285479
d2a39e7dc61bf134,innocenece_doubleledge_concvex_v01_01_c1r3.tgm.header,Folders/art/models/terrain/act5/innocence/candletilesout,1025152,5102
33737b33d191d8ff,innocenece_doubleledge_concvex_v01_01_c1r2.tgm,Art/Models/Terrain/Act5/Innocence/tgms_35,1290185,93379
2e4e1d897f16083b,innocenece_doubleledge_concvex_v01_01_c1r2.tgm.header,Tiny_3,76156918,1450
3842248ca1f98864,innocenece_doubleledge_concvex_v01_01_c1r1.tgm,Art/Models/Terrain/Act5/Innocence/tgms_34,1374401,7929
4dd21bd4589502e4,innocenece_doubleledge_concvex_v01_01_c1r1.tgm.header,Tiny_3,76156568,350
80a945f22e1343cb,innocenece_doubleledge_concave_v01_01_c3r3.tgm,Tiny_3,76154737,1567
1825b191ecd5ae92,innocenece_doubleledge_concave_v01_01_c3r3.tgm.header,Tiny_3,76156304,264
5ea06678ace74867,innocenece_doubleledge_concave_v01_01_c3r2.tgm,Art/Models/Terrain/Act5/Innocence/tgms_2,1191098,263763
5bac55798c30053a,innocenece_doubleledge_concave_v01_01_c3r2.tgm.header,Folders/art/models/terrain/act5/innocence/candletilesout,1020578,4574
13ebd01f4dac7646,innocenece_doubleledge_concave_v01_01_c3r1.tgm,Art/Models/Terrain/Act5/Innocence/tgms_2,1683360,204181
0fa8a5075b72815b,innocenece_doubleledge_concave_v01_01_c3r1.tgm.header,Tiny_3,76151043,3694
ac8577ff7466471a,innocenece_doubleledge_concave_v01_01_c2r3.tgm,Art/Models/Terrain/Act5/Innocence/tgms_36,2247666,261421
2f80f3727a4d2da3,innocenece_doubleledge_concave_v01_01_c2r3.tgm.header,Folders/art/models/terrain/act5/innocence/candletilesout,1016092,4486
5c9984892524484f,innocenece_doubleledge_concave_v01_01_c2r2.tgm,Art/Models/Terrain/Act5/Innocence/tgms_35,545028,240209
cd954358bcd386da,innocenece_doubleledge_concave_v01_01_c2r2.tgm.header,Tiny_3,76146997,4046
7f69e05213237ea0,innocenece_doubleledge_concave_v01_01_c2r1.tgm,Tiny_3,76145202,1531
6af8ead32a39538c,innocenece_doubleledge_concave_v01_01_c2r1.tgm.header,Tiny_3,76146733,264
c66b478f5ed57799,innocenece_doubleledge_concave_v01_01_c1r3.tgm,Art/Models/Terrain/Act5/Innocence/tgms_36,128400,263409
1e6ccb6bce836190,innocenece_doubleledge_concave_v01_01_c1r3.tgm.header,Folders/art/models/terrain/act5/innocence/candletilesout,1011430,4662
ca6480f5b4460141,innocenece_doubleledge_concave_v01_01_c1r2.tgm,Tiny_3,76143719,1219
3be3b0dac41325e0,innocenece_doubleledge_concave_v01_01_c1r2.tgm.header,Tiny_3,76144938,264
747b11f86d2623c2,innocenece_doubleledge_concave_v01_01_c1r1.tgm,Tiny_3,76141894,1561
aa37270071dbc3d4,innocenece_doubleledge_concave_v01_01_c1r1.tgm.header,Tiny_3,76143455,264
ccb6f6ec06fe6ac0,innocence_thinwall_straight_v01_01.tgm,Art/Models/Terrain/Act5/Innocence/tgms_36,0,116223
b042a6348772764b,innocence_thinwall_straight_v01_01.tgm.header,Tiny_3,76139388,2506
000b1e7933d973b5,innocence_thinwall_straight_end_v01_01.tgm,Art/Models/Terrain/Act5/Innocence/tgms_33,3324947,81967
c1f79644d43bb0d4,innocence_thinwall_straight_end_v01_01.tgm.header,Tiny_3,76137718,1670
3ac6dd73839f7fda,innocence_thinwall_door_straight_v01_01.tgm,Art/Models/Terrain/Act5/Innocence/tgms_33,3196940,128007
7f3380dce24ce551,innocence_thinwall_door_straight_v01_01.tgm.header,Tiny_3,76135080,2638
19886ebf4d46f34e,innocence_thinwall_door_corner_v01_01.tgm,Art/Models/Terrain/Act5/Innocence/tgms_33,3069077,127863
fe79c825e5d21a84,innocence_thinwall_door_corner_v01_01.tgm.header,Tiny_3,76132442,2638
220efd5c6e4b516b,innocence_thinwall_door_candle_corner_v01_01.tgm,Art/Models/Terrain/Act5/Innocence/tgms_33,2889690,179387
c6332b7ecae0fb45,innocence_thinwall_door_candle_corner_v01_01.tgm.header,Tiny_3,76129100,3342
52ab3eb5ecfb7f3a,innocence_thinwall_cross_v01_01.tgm,Art/Models/Terrain/Act5/Innocence/tgms_33,2702515,187175
439802aa1f6f0010,innocence_thinwall_cross_v01_01.tgm.header,Folders/art/models/terrain/act5/innocence/candletilesout,1007164,4266
add8d6bae7606306,innocence_thinwall_cross_door_v01_01.tgm,Art/Models/Terrain/Act5/Innocence/tgms_33,2447028,255487
997fd18931ebbaec,innocence_thinwall_cross_door_v01_01.tgm.header,Folders/art/models/terrain/act5/innocence/candletilesout,1002062,5102
451fd9045cd50717,innocence_thinwall_corner_v01_01.tgm,Art/Models/Terrain/Act5/Innocence/tgms_33,2330209,116819
733ba52ccd8045d6,innocence_thinwall_corner_v01_01.tgm.header,Tiny_3,76126550,2550
6a6fb97fe4792719,innocence_thinwall_candle_cross_v01_01.tgm,Art/Models/Terrain/Act5/Innocence/tgms_33,2069950,260259
2bcdb5f523d4126f,innocence_thinwall_candle_cross_v01_01.tgm.header,Folders/art/models/terrain/act5/innocence/candletilesout,996784,5278
a457d07f0c84b980,innocence_thinwall_candle_cross_door_v01_01.tgm,Art/Models/Terrain/Act5/Innocence/tgms_33,1682437,387513
74d0867988e5b7f4,innocence_thinwall_candle_cross_door_v01_01.tgm.header,Folders/art/models/terrain/act5/innocence/candletilesout,989922,6862
871bf540ecf67512,innocence_thinwall_candle_corner_v01_01.tgm,Art/Models/Terrain/Act5/Innocence/tgms_33,1466314,216123
bdc85ab7d3209ddc,innocence_thinwall_candle_corner_v01_01.tgm.header,Tiny_3,76122592,3958
cd2859e0d66a6780,innocence_thinwall_candle_3way_v01_01.tgm,Art/Models/Terrain/Act5/Innocence/tgms_33,1157639,308675
d74371dd035fbd5d,innocence_thinwall_candle_3way_v01_01.tgm.header,Folders/art/models/terrain/act5/innocence/candletilesout,984204,5718
2fc291b4b48ce2b6,innocence_thinwall_3way_v01_01.tgm,Art/Models/Terrain/Act5/Innocence/tgms_33,1005976,151663
bff13da719576684,innocence_thinwall_3way_v01_01.tgm.header,Tiny_3,76119206,3386
6a11f861cfd3f361,innocence_thickwall_to_thinwall_straight_v01_01.tgm,Art/Models/Terrain/Act5/Innocence/tgms_33,751357,254619
b5bf9c83f5a127b3,innocence_thickwall_to_thinwall_straight_v01_01.tgm.header,Folders/art/models/terrain/act5/innocence/candletilesout,979278,4926
f35f6d059c26e187,innocence_thickwall_to_thinwall_corner_v01_02.tgm,Art/Models/Terrain/Act5/Innocence/tgms_33,508158,243199
c91391b0a95a37d8,innocence_thickwall_to_thinwall_corner_v01_02.tgm.header,Folders/art/models/terrain/act5/innocence/candletilesout,973736,5542
665f45167da9bf1c,innocence_thickwall_to_thinwall_corner_v01_01.tgm,Art/Models/Terrain/Act5/Innocence/tgms_33,306947,201211
003a7be0c42b9b5c,innocence_thickwall_to_thinwall_corner_v01_01.tgm.header,Folders/art/models/terrain/act5/innocence/candletilesout,969250,4486
448892eb6622f1dd,innocence_thickwall_to_thinwall_candle_corner_v01_01.tgm,Art/Models/Terrain/Act5/Innocence/tgms_33,0,306947
db6e67b437bfcd9c,innocence_thickwall_to_thinwall_candle_corner_v01_01.tgm.header,Folders/art/models/terrain/act5/innocence/candletilesout,962960,6290
2152e87987cdbff6,innocence_thickwall_to_terrace_concave_v01_01.tgm,Art/Models/Terrain/Act5/Innocence/tgms_32,3016110,309387
3fb2840072fc3902,innocence_thickwall_to_terrace_concave_v01_01.tgm.header,Folders/art/models/terrain/act5/innocence/candletilesout,955966,6994
69cbc228b9acc844,innocence_thickwall_to_stainedglasswall_v01_01.tgm,Art/Models/Terrain/Act5/Innocence/tgms_32,2783581,232529
44d28e5339f797ab,innocence_thickwall_to_stainedglasswall_v01_01.tgm.header,Folders/art/models/terrain/act5/innocence/candletilesout,951656,4310
e91ccae503b762bb,innocence_thickwall_straight_v01_05.tgm,Art/Models/Terrain/Act5/Innocence/tgms_32,2546634,236947
c62e0438fa69a382,innocence_thickwall_straight_v01_05.tgm.header,Tiny_3,76116304,2902
c575a144eb1eb28c,innocence_thickwall_straight_v01_04.tgm,Art/Models/Terrain/Act5/Innocence/tgms_32,2310389,236245
6701d619cd535ac4,innocence_thickwall_straight_v01_04.tgm.header,Tiny_3,76112610,3694
4730fd6058d1ea96,innocence_thickwall_straight_v01_03.tgm,Art/Models/Terrain/Act5/Innocence/tgms_32,1978964,331425
aedb49eb945e54b7,innocence_thickwall_straight_v01_03.tgm.header,Tiny_3,76108872,3738
ce79b6fc0ea6fffb,innocence_thickwall_straight_v01_02.tgm,Art/Models/Terrain/Act5/Innocence/tgms_32,1794699,184265
69e380006e1b4d5a,innocence_thickwall_straight_v01_02.tgm.header,Tiny_3,76105354,3518
03a665b8d3221561,innocence_thickwall_straight_v01_01.tgm,Art/Models/Terrain/Act5/Innocence/tgms_32,1569570,225129
b8b020a1f3d95639,innocence_thickwall_straight_v01_01.tgm.header,Folders/art/models/terrain/act5/innocence/candletilesout,947522,4134
d1a651e596205bee,innocence_thickwall_convex_v01_01.tgm,Art/Models/Terrain/Act5/Innocence/tgms_32,1395527,174043
5c74b4a329a67cb0,innocence_thickwall_convex_v01_01.tgm.header,Tiny_3,76101660,3694
2f270162d028d32d,innocence_thickwall_concave_v01_01.tgm,Art/Models/Terrain/Act5/Innocence/tgms_32,1160002,235525
a9d3f614c8f342fe,innocence_thickwall_concave_v01_01.tgm.header,Folders/art/models/terrain/act5/innocence/candletilesout,943036,4486
02db044d8cee0b53,innocence_thickwall_candle_convex_v01_01.tgm,Art/Models/Terrain/Act5/Innocence/tgms_32,895381,264621
3de1b9b591d43650,innocence_thickwall_candle_convex_v01_01.tgm.header,Folders/art/models/terrain/act5/innocence/candletilesout,938110,4926
dec9d14a72824b63,innocence_thickwall_candle_concave_v01_01.tgm,Art/Models/Terrain/Act5/Innocence/tgms_32,598172,297209
30351fbed87ff85d,innocence_thickwall_candle_concave_v01_01.tgm.header,Folders/art/models/terrain/act5/innocence/candletilesout,932612,5498
7fcbd738bc3aa344,innocence_terrace_to_thinwall_v01_01.tgm,Art/Models/Terrain/Act5/Innocence/tgms_32,311545,286627
a6bdf2dd1b51de0a,innocence_terrace_to_thinwall_v01_01.tgm.header,Folders/art/models/terrain/act5/innocence/candletilesout,928126,4486
a814a67d15d348f2,innocence_terrace_to_thickwall_v02_01.tgm,Art/Models/Terrain/Act5/Innocence/tgms_32,0,311545
2235ab6a5c257125,innocence_terrace_to_thickwall_v02_01.tgm.header,Folders/art/models/terrain/act5/innocence/candletilesout,920824,7302
130544ae9d9ff72b,innocence_terrace_to_thickwall_v01_01.tgm,Art/Models/Terrain/Act5/Innocence/tgms_31,3506872,269193
567b6570d22f2feb,innocence_terrace_to_thickwall_v01_01.tgm.header,Folders/art/models/terrain/act5/innocence/candletilesout,914402,6422
800ae8a20583ef8d,innocence_terrace_straight_v01_03.tgm,Art/Models/Terrain/Act5/Innocence/tgms_31,3286289,220583
9a9c8c3fade59052,innocence_terrace_straight_v01_03.tgm.header,Tiny_3,76098538,3122
b1baa316a3caae57,innocence_terrace_straight_v01_02.tgm,Art/Models/Terrain/Act5/Innocence/tgms_31,3069714,216575
5a80015bb64d93da,innocence_terrace_straight_v01_02.tgm.header,Tiny_3,76095416,3122
bf4e5c6a7b1ebc50,innocence_terrace_straight_v01_01.tgm,Art/Models/Terrain/Act5/Innocence/tgms_31,2872915,196799
a0ecaac4bacd4588,innocence_terrace_straight_v01_01.tgm.header,Tiny_3,76092690,2726
e386af417a7b6850,innocence_terrace_straight_story_v08_01.tgm,Art/Models/Terrain/Act5/Innocence/tgms_31,2700788,172127
c9ece785bed2d861,innocence_terrace_straight_story_v08_01.tgm.header,Tiny_3,76089964,2726
d27a4c52a0c91d39,innocence_terrace_straight_story_v07_01.tgm,Art/Models/Terrain/Act5/Innocence/tgms_31,2528565,172223
131fab9618612a9e,innocence_terrace_straight_story_v07_01.tgm.header,Tiny_3,76089964,2726
286ff23ec1e9ca36,innocence_terrace_straight_story_v06_01.tgm,Art/Models/Terrain/Act5/Innocence/tgms_31,2356318,172247
25df470c71204bc4,innocence_terrace_straight_story_v06_01.tgm.header,Tiny_3,76089964,2726
1e218dc208759a37,innocence_terrace_straight_story_v05_01.tgm,Art/Models/Terrain/Act5/Innocence/tgms_31,2183999,172319
f8419e3b18f29252,innocence_terrace_straight_story_v05_01.tgm.header,Tiny_3,76087238,2726
879076a70c3c0e15,innocence_terrace_straight_story_v04_01.tgm,Art/Models/Terrain/Act5/Innocence/tgms_31,2011848,172151
922af87c85b6b69a,innocence_terrace_straight_story_v04_01.tgm.header,Tiny_3,76084512,2726
3c7c9dd1aec4b745,innocence_terrace_straight_story_v03_01.tgm,Art/Models/Terrain/Act5/Innocence/tgms_31,1839625,172223
2174488b767c7bee,innocence_terrace_straight_story_v03_01.tgm.header,Tiny_3,76084512,2726
6cd3d1b3d7d5953e,innocence_terrace_straight_story_v02_01.tgm,Art/Models/Terrain/Act5/Innocence/tgms_31,1667354,172271
fa975bbf545539f8,innocence_terrace_straight_story_v02_01.tgm.header,Tiny_3,76084512,2726
3b7eebc0be0fc243,innocence_terrace_straight_story_v01_01.tgm,Art/Models/Terrain/Act5/Innocence/tgms_31,1495227,172127
df4135290fe7af93,innocence_terrace_straight_story_v01_01.tgm.header,Tiny_3,76081786,2726
3c48946028b8686e,innocence_terrace_straight_shattered_v01_06.tgm,Art/Models/Terrain/Act5/Innocence/tgms_31,1188124,307103
4951ca9164040fd1,innocence_terrace_straight_shattered_v01_06.tgm.header,Folders/art/models/terrain/act5/innocence/candletilesout,908772,5630
08f2b6db83ed6155,innocence_terrace_straight_shattered_v01_05.tgm,Art/Models/Terrain/Act5/Innocence/tgms_31,889205,298919
3621502638d8a419,innocence_terrace_straight_shattered_v01_05.tgm.header,Folders/art/models/terrain/act5/innocence/candletilesout,903274,5498
3d435ad12a27f0b3,innocence_terrace_straight_shattered_v01_04.tgm,Art/Models/Terrain/Act5/Innocence/tgms_31,594098,295107
ef8cd68fdaaa1090,innocence_terrace_straight_shattered_v01_04.tgm.header,Folders/art/models/terrain/act5/innocence/candletilesout,897688,5586
6b121b8f21c0305f,innocence_terrace_straight_shattered_v01_03.tgm,Art/Models/Terrain/Act5/Innocence/tgms_31,295107,298991
6320f923c1afc4a1,innocence_terrace_straight_shattered_v01_03.tgm.header,Folders/art/models/terrain/act5/innocence/candletilesout,892190,5498
52790be6f1d324de,innocence_terrace_straight_shattered_v01_02.tgm,Art/Models/Terrain/Act5/Innocence/tgms_31,0,295107
111e1af814b47040,innocence_terrace_straight_shattered_v01_02.tgm.header,Folders/art/models/terrain/act5/innocence/candletilesout,886604,5586
f7fd4daeae734fe6,innocence_terrace_straight_shattered_v01_01.tgm,Art/Models/Terrain/Act5/Innocence/tgms_30,3309425,306959
b21f0d975fc93eeb,innocence_terrace_straight_shattered_v01_01.tgm.header,Folders/art/models/terrain/act5/innocence/candletilesout,880974,5630
98e2c1aaf61c705f,innocence_terrace_stairs_convex_v01_01_c3r3.tgm,Art/Models/Terrain/Act5/Innocence/tgms_30,3098370,211055
fc5e83b688c3ef91,innocence_terrace_stairs_convex_v01_01_c3r3.tgm.header,Folders/art/models/terrain/act5/innocence/candletilesout,876664,4310
039101687f75a48b,innocence_terrace_stairs_convex_v01_01_c3r2.tgm,Tiny_3,76080381,1141
6235cfbe908a1aa8,innocence_terrace_stairs_convex_v01_01_c3r2.tgm.header,Tiny_3,76081522,264
2056aeee49e07f09,innocence_terrace_stairs_convex_v01_01_c3r1.tgm,Tiny_3,76079000,1117
5241b8b8c18f27f8,innocence_terrace_stairs_convex_v01_01_c3r1.tgm.header,Tiny_3,76080117,264
007110b0a41a6014,innocence_terrace_stairs_convex_v01_01_c2r3.tgm,Tiny_3,76077457,1279
78ff4adc629ac776,innocence_terrace_stairs_convex_v01_01_c2r3.tgm.header,Tiny_3,76078736,264
d824db645534b7ec,innocence_terrace_stairs_convex_v01_01_c2r2.tgm,Art/Models/Terrain/Act5/Innocence/tgms_30,3042155,56215
1e8f01350736ec87,innocence_terrace_stairs_convex_v01_01_c2r2.tgm.header,Tiny_3,76076227,1230
69da60261447a758,innocence_terrace_stairs_convex_v01_01_c2r1.tgm,Tiny_3,76074756,1207
6e86c53087b4283e,innocence_terrace_stairs_convex_v01_01_c2r1.tgm.header,Tiny_3,76075963,264
62bc9756ae89e486,innocence_terrace_stairs_convex_v01_01_c1r3.tgm,Tiny_3,76073351,1141
ed2778175e6ab018,innocence_terrace_stairs_convex_v01_01_c1r3.tgm.header,Tiny_3,76074492,264
1917a69bd7c6efd5,innocence_terrace_stairs_convex_v01_01_c1r2.tgm,Tiny_3,76071502,1585
8982ff3916849c47,innocence_terrace_stairs_convex_v01_01_c1r2.tgm.header,Tiny_3,76073087,264
a4a61a57966396c5,innocence_terrace_stairs_convex_v01_01_c1r1.tgm,Art/Models/Terrain/Act5/Innocence/tgms_30,2831424,210731
190bcc58942d1287,innocence_terrace_stairs_convex_v01_01_c1r1.tgm.header,Folders/art/models/terrain/act5/innocence/candletilesout,872354,4310
cf5f8fcffb79c452,innocence_terrace_edge_top_thinwall_v01_01.tgm,Art/Models/Terrain/Act5/Innocence/tgms_30,2447473,383951
e9adef688a85791e,innocence_terrace_edge_top_thinwall_v01_01.tgm.header,Folders/art/models/terrain/act5/innocence/candletilesout,864964,7390
d693b768c0a6434e,innocence_terrace_edge_top_candle_thinwall_v01_01.tgm,Art/Models/Terrain/Act5/Innocence/tgms_30,2011996,435477
a8e6b520af223751,innocence_terrace_edge_top_candle_thinwall_v01_01.tgm.header,Folders/art/models/terrain/act5/innocence/candletilesout,857090,7874
97fa0ef89ba3cd8b,innocence_terrace_edge_straight_v01_02.tgm,Art/Models/Terrain/Act5/Innocence/tgms_30,1841803,170193
b77540301625d346,innocence_terrace_edge_straight_v01_02.tgm.header,Tiny_3,76067852,3650
bf9e61c3be31d0f9,innocence_terrace_edge_straight_v01_01.tgm,Art/Models/Terrain/Act5/Innocence/tgms_30,1671658,170145
e4ea1fb8ea1dcca7,innocence_terrace_edge_straight_v01_01.tgm.header,Tiny_3,76064202,3650
e61344d480c412bf,innocence_terrace_edge_edge_straight_v01_02.tgm,Art/Models/Terrain/Act5/Innocence/tgms_30,1435629,236029
357679413a9846ff,innocence_terrace_edge_edge_straight_v01_02.tgm.header,Folders/art/models/terrain/act5/innocence/candletilesout,852692,4398
22ce4b7a4ccb7509,innocence_terrace_edge_convex_v01_02.tgm,Art/Models/Terrain/Act5/Innocence/tgms_30,1311864,123765
2cd44b884eb0e617,innocence_terrace_edge_convex_v01_02.tgm.header,Tiny_3,76060948,3254
92e00dda0dbef976,innocence_terrace_edge_convex_v01_01.tgm,Art/Models/Terrain/Act5/Innocence/tgms_30,1188315,123549
76c2cc543ed2e283,innocence_terrace_edge_convex_v01_01.tgm.header,Tiny_3,76057694,3254
5f6b006c3933c2d9,innocence_terrace_edge_concave_v01_02.tgm,Art/Models/Terrain/Act5/Innocence/tgms_30,985966,202349
155759be88105590,innocence_terrace_edge_concave_v01_02.tgm.header,Folders/art/models/terrain/act5/innocence/candletilesout,847942,4750
6aef0348a91d7d65,innocence_terrace_edge_concave_v01_01.tgm,Art/Models/Terrain/Act5/Innocence/tgms_30,700447,285519
106988015e4f2f55,innocence_terrace_edge_concave_v01_01.tgm.header,Folders/art/models/terrain/act5/innocence/candletilesout,842048,5894
928cc43e1c02a05b,innocence_terrace_edge_candle_straight_v01_01.tgm,Art/Models/Terrain/Act5/Innocence/tgms_30,472762,227685
e3ec576293090a5a,innocence_terrace_edge_candle_straight_v01_01.tgm.header,Folders/art/models/terrain/act5/innocence/candletilesout,837474,4574
0df1cf4282bc19de,innocence_terrace_edge_candle_convex_v01_02.tgm,Art/Models/Terrain/Act5/Innocence/tgms_30,286109,186653
bec8852f968b88d7,innocence_terrace_edge_candle_convex_v01_02.tgm.header,Tiny_3,76053736,3958
373a2003ace3dfa2,innocence_terrace_edge_candle_convex_v01_01.tgm,Art/Models/Terrain/Act5/Innocence/tgms_30,0,286109
468a9bf7706054e1,innocence_terrace_edge_candle_convex_v01_01.tgm.header,Folders/art/models/terrain/act5/innocence/candletilesout,832328,5146
699a065313765b2a,innocence_terrace_edge_candle_concave_v01_02.tgm,Art/Models/Terrain/Act5/Innocence/tgms_29,3198221,252649
e096372dd28c99b2,innocence_terrace_edge_candle_concave_v01_02.tgm.header,Folders/art/models/terrain/act5/innocence/candletilesout,827006,5322
739b9afd71ebe00b,innocence_terrace_edge_candle_concave_v01_01.tgm,Art/Models/Terrain/Act5/Innocence/tgms_29,2866086,332135
c63a1e69de160762,innocence_terrace_edge_candle_concave_v01_01.tgm.header,Folders/art/models/terrain/act5/innocence/candletilesout,820540,6466
d0dc4e2d800c532d,innocence_terrace_edge_bottom_thinwall_v01_01.tgm,Art/Models/Terrain/Act5/Innocence/tgms_29,2582373,283713
1ebf6bd445b8232f,innocence_terrace_edge_bottom_thinwall_v01_01.tgm.header,Folders/art/models/terrain/act5/innocence/candletilesout,815042,5498
dce163c05026f964,innocence_terrace_edge_bottom_candle_thinwall_v01_01.tgm,Art/Models/Terrain/Act5/Innocence/tgms_29,2220664,361709
84b3a96b9a130d5b,innocence_terrace_edge_bottom_candle_thinwall_v01_01.tgm.header,Folders/art/models/terrain/act5/innocence/candletilesout,808708,6334
4a396e3d4bba5bcb,innocence_terrace_edge_both_thinwall_v01_01.tgm,Art/Models/Terrain/Act5/Innocence/tgms_29,1884483,336181
5853d7cb4daca065,innocence_terrace_edge_both_thinwall_v01_01.tgm.header,Folders/art/models/terrain/act5/innocence/candletilesout,802066,6642
15ad50bf8ca76fdc,innocence_terrace_edge_both_candle_thinwall_v01_01.tgm,Art/Models/Terrain/Act5/Innocence/tgms_29,1492294,392189
1b8c8133aa86edea,innocence_terrace_edge_both_candle_thinwall_v01_01.tgm.header,Folders/art/models/terrain/act5/innocence/candletilesout,794676,7390
722a0ffe715c35b3,innocence_terrace_convex_v01_01.tgm,Art/Models/Terrain/Act5/Innocence/tgms_29,1381401,110893
129c4d3b402a6385,innocence_terrace_convex_v01_01.tgm.header,Tiny_3,76051098,2638
39ae1de2a54f241d,innocence_terrace_concave_v01_01.tgm,Art/Models/Terrain/Act5/Innocence/tgms_29,1007166,374235
02a87c054fb681af,innocence_terrace_concave_v01_01.tgm.header,Tiny_3,76047096,4002
a29fdee2b8c8282b,innocence_stairs_to_thickwall_straight_v01_01.tgm,Art/Models/Terrain/Act5/Innocence/tgms_29,729705,277461
8ff804de86de39ac,innocence_stairs_to_thickwall_straight_v01_01.tgm.header,Folders/art/models/terrain/act5/innocence/candletilesout,788606,6070
e1b9f840f501f723,innocence_stairs_to_thickwall_quad_v01_01.tgm,Art/Models/Terrain/Act5/Innocence/tgms_29,539866,189839
6c1bf6ee6a783573,innocence_stairs_to_thickwall_quad_v01_01.tgm.header,Tiny_3,76043006,4090
56291b49caa0e8ac,innocence_stairs_thickwallheightconvex_v02_01.tgm,Art/Models/Terrain/Act5/Innocence/tgms_29,311685,228181
a475fbfdb2ef8dfd,innocence_stairs_thickwallheightconvex_v02_01.tgm.header,Folders/art/models/terrain/act5/innocence/candletilesout,783416,5190
c1747830a1c1ba04,innocence_stairs_thickwallheightconvex_v01_01.tgm,Art/Models/Terrain/Act5/Innocence/tgms_29,0,311685
2759bf3a32e7a4fb,innocence_stairs_thickwallheightconvex_v01_01.tgm.header,Folders/art/models/terrain/act5/innocence/candletilesout,776466,6950
80bce71c4ab8d3d2,innocence_stairs_straight_v01_02.tgm,Art/Models/Terrain/Act5/Innocence/tgms_28,2418743,107051
b522714088c907b3,innocence_stairs_straight_v01_02.tgm.header,Tiny_3,76041072,1934
e10e9e0ea3ab522c,innocence_stairs_straight_v01_01.tgm,Art/Models/Terrain/Act5/Innocence/tgms_28,2412114,6629
7058df85fbd74e54,innocence_stairs_straight_v01_01.tgm.header,Tiny_3,76040590,482
0677e4da4ed87343,innocence_stairs_convex_v01_01.tgm,Art/Models/Terrain/Act5/Innocence/tgms_28,2396029,16085
45814cf8b5920335,innocence_stairs_convex_v01_01.tgm.header,Tiny_3,76040108,482
17f25ddc548abe02,innocence_stairs_concave_v01_01.tgm,Art/Models/Terrain/Act5/Innocence/tgms_28,2383214,12815
450dcd1a1b5a0300,innocence_stairs_concave_v01_01.tgm.header,Tiny_3,76039626,482
ed950be8ef7c4db8,innocence_stainglass_straight_v03_03_c3r3.tgm,Art/Models/Terrain/Act5/Innocence/tgms_28,1745107,638107
c68dbc2302a938da,innocence_stainglass_straight_v03_03_c3r3.tgm.header,Folders/art/models/terrain/act5/innocence/candletilesout,770132,6334
33cd60337e167e5d,innocence_stainglass_straight_v03_03_c3r2.tgm,Art/Models/Terrain/Act5/Innocence/tgms_28,1735984,9123
d41b6634c1a56f94,innocence_stainglass_straight_v03_03_c3r2.tgm.header,Tiny_3,76039320,306
f9b1efbb1352ede1,innocence_stainglass_straight_v03_03_c3r1.tgm,Art/Models/Terrain/Act5/Innocence/tgms_28,1699987,35997
5af7ae36354187a5,innocence_stainglass_straight_v03_03_c3r1.tgm.header,Tiny_3,76038533,787
eeac843bf8440664,innocence_stainglass_straight_v03_03_c2r3.tgm,Tiny_3,76036732,1801
5c7b6037350b049b,innocence_stainglass_straight_v03_03_c2r3.tgm.header,Tiny_3,75628633,264
6502bc646e0f46dd,innocence_stainglass_straight_v03_03_c2r2.tgm,Art/Models/Terrain/Act5/Innocence/tgms_28,1519746,180241
3211c1d0b1188389,innocence_stainglass_straight_v03_03_c2r2.tgm.header,Tiny_3,76034886,1846
8d3f944f0f12184c,innocence_stainglass_straight_v03_03_c2r1.tgm,Tiny_3,76032669,1953
6d81e74070c1c2dd,innocence_stainglass_straight_v03_03_c2r1.tgm.header,Tiny_3,76034622,264
e158d54f2a6bbc21,innocence_stainglass_straight_v03_03_c1r3.tgm,Art/Models/Terrain/Act5/Innocence/tgms_28,1514649,5097
f3afd3cc3c8bb45d,innocence_stainglass_straight_v03_03_c1r3.tgm.header,Tiny_3,76032363,306
70fa345ca2318970,innocence_stainglass_straight_v03_03_c1r2.tgm,Art/Models/Terrain/Act5/Innocence/tgms_28,1505652,8997
d5161ca56f0e41aa,innocence_stainglass_straight_v03_03_c1r2.tgm.header,Tiny_3,76032057,306
680eaa9c33738aa9,innocence_stainglass_straight_v03_03_c1r1.tgm,Art/Models/Terrain/Act5/Innocence/tgms_28,1483399,22253
71e0accf2935fd02,innocence_stainglass_straight_v03_03_c1r1.tgm.header,Tiny_3,76031358,699
e31e8af570ee3be2,innocence_stainglass_straight_v03_02_c3r3.tgm,Art/Models/Terrain/Act5/Innocence/tgms_28,808464,674935
d13b2278d745f210,innocence_stainglass_straight_v03_02_c3r3.tgm.header,Folders/art/models/terrain/act5/innocence/candletilesout,763138,6994
947f1b7d403d47ba,innocence_stainglass_straight_v03_02_c3r2.tgm,Art/Models/Terrain/Act5/Innocence/tgms_28,799341,9123
cdb29d3090fb7956,innocence_stainglass_straight_v03_02_c3r2.tgm.header,Tiny_3,76031052,306
188e6e2aef28c686,innocence_stainglass_straight_v03_02_c3r1.tgm,Tiny_3,76028643,2145
95ad78ef8694d35b,innocence_stainglass_straight_v03_02_c3r1.tgm.header,Tiny_3,76030788,264
11ce3a2aefdf3555,innocence_stainglass_straight_v03_02_c2r3.tgm,Tiny_3,76026842,1801
c7240d4e5efe2800,innocence_stainglass_straight_v03_02_c2r3.tgm.header,Tiny_3,75628633,264
fd1c29e91849ddf6,innocence_stainglass_straight_v03_02_c2r2.tgm,Art/Models/Terrain/Act5/Innocence/tgms_28,619076,180265
5f02e1f113419605,innocence_stainglass_straight_v03_02_c2r2.tgm.header,Tiny_3,76024996,1846
d4fed8ec9120f34c,innocence_stainglass_straight_v03_02_c2r1.tgm,Tiny_3,76022779,1953
f0faf40a2a432001,innocence_stainglass_straight_v03_02_c2r1.tgm.header,Tiny_3,76024732,264
3ad56d49da03bdb6,innocence_stainglass_straight_v03_02_c1r3.tgm,Art/Models/Terrain/Act5/Innocence/tgms_28,613811,5265
645209cc556211b0,innocence_stainglass_straight_v03_02_c1r3.tgm.header,Tiny_3,76022473,306
7431657ebf335aa1,innocence_stainglass_straight_v03_02_c1r2.tgm,Art/Models/Terrain/Act5/Innocence/tgms_28,604682,9129
42c44b748c5d4633,innocence_stainglass_straight_v03_02_c1r2.tgm.header,Tiny_3,76022167,306
eb3f6692daf4b927,innocence_stainglass_straight_v03_02_c1r1.tgm,Art/Models/Terrain/Act5/Innocence/tgms_28,582369,22313
f1716a895472504d,innocence_stainglass_straight_v03_02_c1r1.tgm.header,Tiny_3,76021468,699
bfeea2da2e89840c,innocence_stainglass_straight_v03_01_c3r3.tgm,Art/Models/Terrain/Act5/Innocence/tgms_28,577182,5187
9f230ae824cde5c5,innocence_stainglass_straight_v03_01_c3r3.tgm.header,Tiny_3,76021162,306
749529a712cd43cc,innocence_stainglass_straight_v03_01_c3r2.tgm,Art/Models/Terrain/Act5/Innocence/tgms_28,317831,259351
098ff22668adadf6,innocence_stainglass_straight_v03_01_c3r2.tgm.header,Tiny_3,76018568,2594
ff6e05bfcd420bb2,innocence_stainglass_straight_v03_01_c3r1.tgm,Art/Models/Terrain/Act5/Innocence/tgms_28,0,317831
99a9bfc132fa4962,innocence_stainglass_straight_v03_01_c3r1.tgm.header,Tiny_3,76017866,702
d584a9b60b28ad8c,innocence_stainglass_straight_v03_01_c2r3.tgm,Tiny_3,76016929,937
db1730eada35e545,innocence_stainglass_straight_v03_01_c2r3.tgm.header,Tiny_3,75869140,264
359e9e1891fac64e,innocence_stainglass_straight_v03_01_c2r2.tgm,Art/Models/Terrain/Act5/Innocence/tgms_27,1130868,873763
56db23497462da14,innocence_stainglass_straight_v03_01_c2r2.tgm.header,Tiny_3,76014071,2858
3d75678e2fc5fd50,innocence_stainglass_straight_v03_01_c2r1.tgm,Art/Models/Terrain/Act5/Innocence/tgms_27,1104295,26573
b17cfeddd72e8f7c,innocence_stainglass_straight_v03_01_c2r1.tgm.header,Tiny_3,76013237,834
1d4c583462e8f006,innocence_stainglass_straight_v03_01_c1r3.tgm,Art/Models/Terrain/Act5/Innocence/tgms_27,1099162,5133
1c19de703dd19051,innocence_stainglass_straight_v03_01_c1r3.tgm.header,Tiny_3,76012931,306
a4129a6c19b7bd45,innocence_stainglass_straight_v03_01_c1r2.tgm,Art/Models/Terrain/Act5/Innocence/tgms_27,840327,258835
fea16a38ac528e1e,innocence_stainglass_straight_v03_01_c1r2.tgm.header,Tiny_3,76010337,2594
f83b0fa068260e24,innocence_stainglass_straight_v03_01_c1r1.tgm,Art/Models/Terrain/Act5/Innocence/tgms_27,522496,317831
afa10a18a02f2fb5,innocence_stainglass_straight_v03_01_c1r1.tgm.header,Tiny_3,76009635,702
a213994848a22cba,innocence_stainglass_straight_v02_02_c3r3.tgm,Art/Models/Terrain/Act5/Innocence/tgms_27,413219,109277
2ee0c4f8c24186c2,innocence_stainglass_straight_v02_02_c3r3.tgm.header,Tiny_3,76008097,1538
f1a2e2347f6d8051,innocence_stainglass_straight_v02_02_c3r2.tgm,Art/Models/Terrain/Act5/Innocence/tgms_27,0,413219
cd16a4e47b5693aa,innocence_stainglass_straight_v02_02_c3r2.tgm.header,Tiny_3,76005767,2330
262eb164b451d2c9,innocence_stainglass_straight_v02_02_c3r1.tgm,Art/Models/Terrain/Act5/Innocence/tgms_26,2583715,11117
50564fa77f87cf24,innocence_stainglass_straight_v02_02_c3r1.tgm.header,Tiny_3,76005417,350
1404bdecfc1ae0ce,innocence_stainglass_straight_v02_02_c2r3.tgm,Tiny_3,76003880,1273
3cb1a18e6417211f,innocence_stainglass_straight_v02_02_c2r3.tgm.header,Tiny_3,76005153,264
92bbdda1008ee1eb,innocence_stainglass_straight_v02_02_c2r2.tgm,Art/Models/Terrain/Act5/Innocence/tgms_26,2348234,235481
15da30e694760175,innocence_stainglass_straight_v02_02_c2r2.tgm.header,Tiny_3,76002210,1670
60b0f0353e64e88d,innocence_stainglass_straight_v02_02_c2r1.tgm,Art/Models/Terrain/Act5/Innocence/tgms_26,2343895,4339
c755e218fe7d2876,innocence_stainglass_straight_v02_02_c2r1.tgm.header,Tiny_3,76001946,264
20cbd09442f7d1ca,innocence_stainglass_straight_v02_02_c1r3.tgm,Art/Models/Terrain/Act5/Innocence/tgms_26,2234234,109661
d1368717993d5caf,innocence_stainglass_straight_v02_02_c1r3.tgm.header,Tiny_3,76000408,1538
3469a495784690bd,innocence_stainglass_straight_v02_02_c1r2.tgm,Art/Models/Terrain/Act5/Innocence/tgms_26,1830141,404093
c823a0366980429b,innocence_stainglass_straight_v02_02_c1r2.tgm.header,Tiny_3,75997682,2726
b6e0616cb74ca0f3,innocence_stainglass_straight_v02_02_c1r1.tgm,Art/Models/Terrain/Act5/Innocence/tgms_26,1818976,11165
db6693496f3763c0,innocence_stainglass_straight_v02_02_c1r1.tgm.header,Tiny_3,75997332,350
987f609a3c58bf0c,innocence_stainglass_straight_v02_01_c3r3.tgm,Art/Models/Terrain/Act5/Innocence/tgms_26,1640351,178625
6f629288de19a1ba,innocence_stainglass_straight_v02_01_c3r3.tgm.header,Tiny_3,75995662,1670
5b7a8315c435ba6e,innocence_stainglass_straight_v02_01_c3r2.tgm,Art/Models/Terrain/Act5/Innocence/tgms_26,1621094,19257
01f731c756c90dcd,innocence_stainglass_straight_v02_01_c3r2.tgm.header,Tiny_3,75994828,834
1fb603581e72bf82,innocence_stainglass_straight_v02_01_c3r1.tgm,Art/Models/Terrain/Act5/Innocence/tgms_26,1608945,12149
6d57d15eba10ef0e,innocence_stainglass_straight_v02_01_c3r1.tgm.header,Tiny_3,75994478,350
d2b5548c0454ba9f,innocence_stainglass_straight_v02_01_c2r3.tgm,Art/Models/Terrain/Act5/Innocence/tgms_26,1286456,322489
479515a8f8608257,innocence_stainglass_straight_v02_01_c2r3.tgm.header,Tiny_3,75991048,3430
b2e7684a3f93d9ff,innocence_stainglass_straight_v02_01_c2r2.tgm,Art/Models/Terrain/Act5/Innocence/tgms_26,1268983,17473
dc57bf98367a7ebc,innocence_stainglass_straight_v02_01_c2r2.tgm.header,Tiny_3,75990390,658
bdd41ab502bac713,innocence_stainglass_straight_v02_01_c2r1.tgm,Art/Models/Terrain/Act5/Innocence/tgms_26,1258772,10211
06fc525eff40ae05,innocence_stainglass_straight_v02_01_c2r1.tgm.header,Tiny_3,75990084,306
ee3633ea4a7d8eae,innocence_stainglass_straight_v02_01_c1r3.tgm,Art/Models/Terrain/Act5/Innocence/tgms_26,1061119,197653
50e522c291534fc1,innocence_stainglass_straight_v02_01_c1r3.tgm.header,Tiny_3,75987842,2242
23636d0f35294bb9,innocence_stainglass_straight_v02_01_c1r2.tgm,Tiny_3,75986413,1429
c231d08c1cfea6dd,innocence_stainglass_straight_v02_01_c1r2.tgm.header,Tiny_3,75912102,264
b3065c699a732f70,innocence_stainglass_straight_v02_01_c1r1.tgm,Art/Models/Terrain/Act5/Innocence/tgms_26,1050122,10997
52948d05c3bbfafa,innocence_stainglass_straight_v02_01_c1r1.tgm.header,Tiny_3,75986063,350
e78b46ad12488faa,innocence_stainglass_straight_v01_01_c3r3.tgm,Art/Models/Terrain/Act5/Innocence/tgms_26,865135,184987
07925cea443adbc1,innocence_stainglass_straight_v01_01_c3r3.tgm.header,Tiny_3,75983601,2462
8effa395de8a3d65,innocence_stainglass_straight_v01_01_c3r2.tgm,Tiny_3,75847953,1201
b7979d52b74caced,innocence_stainglass_straight_v01_01_c3r2.tgm.header,Tiny_3,75849154,264
be0c6499e2b66d87,innocence_stainglass_straight_v01_01_c3r1.tgm,Art/Models/Terrain/Act5/Innocence/tgms_26,856886,8249
14700047b5f2de36,innocence_stainglass_straight_v01_01_c3r1.tgm.header,Tiny_3,75847603,350
9119b3a0c4ef0f58,innocence_stainglass_straight_v01_01_c2r3.tgm,Art/Models/Terrain/Act5/Innocence/tgms_26,527383,329503
bae1d1e30fe2d89d,innocence_stainglass_straight_v01_01_c2r3.tgm.header,Tiny_3,75980875,2726
5af2c1e4fd93f1cb,innocence_stainglass_straight_v01_01_c2r2.tgm,Tiny_3,75884973,1189
9234c699c86b7778,innocence_stainglass_straight_v01_01_c2r2.tgm.header,Tiny_3,75886162,264
567a4393bbbe8e99,innocence_stainglass_straight_v01_01_c2r1.tgm,Art/Models/Terrain/Act5/Innocence/tgms_26,519194,8189
1fa1e3f9ce72bc10,innocence_stainglass_straight_v01_01_c2r1.tgm.header,Tiny_3,75980525,350
1c625b2d07e8eabf,innocence_stainglass_straight_v01_01_c1r3.tgm,Art/Models/Terrain/Act5/Innocence/tgms_26,334159,185035
0078303545fb14cc,innocence_stainglass_straight_v01_01_c1r3.tgm.header,Tiny_3,75978063,2462
6f9f4aa1b8cf8cb8,innocence_stainglass_straight_v01_01_c1r2.tgm,Tiny_3,75881144,973
f8efc6285f2877b2,innocence_stainglass_straight_v01_01_c1r2.tgm.header,Tiny_3,75843605,264
878bff4372decbdf,innocence_stainglass_straight_v01_01_c1r1.tgm,Art/Models/Terrain/Act5/Innocence/tgms_26,326114,8045
7348106d528ab2ff,innocence_stainglass_straight_v01_01_c1r1.tgm.header,Tiny_3,75977713,350
cc5335bc4c032aae,innocence_stainglass_straight_to_thickwall_v02_01_c3r3.tgm,Art/Models/Terrain/Act5/Innocence/tgms_26,311665,14449
f5b6e782dd257aa5,innocence_stainglass_straight_to_thickwall_v02_01_c3r3.tgm.header,Tiny_3,75977275,438
b28163c96ef5a0da,innocence_stainglass_straight_to_thickwall_v02_01_c3r2.tgm,Art/Models/Terrain/Act5/Innocence/tgms_26,0,311665
262cffebe7e4b7b6,innocence_stainglass_straight_to_thickwall_v02_01_c3r2.tgm.header,Tiny_3,75974285,2990
3c599fdd0c211fb8,innocence_stainglass_straight_to_thickwall_v02_01_c3r1.tgm,Art/Models/Terrain/Act5/Innocence/tgms_25,2334838,340103
1c3461c2c677575f,innocence_stainglass_straight_to_thickwall_v02_01_c3r1.tgm.header,Folders/art/models/terrain/act5/innocence/candletilesout,757288,5850
86080d9177a48094,innocence_stainglass_straight_to_thickwall_v02_01_c2r3.tgm,Tiny_3,75973108,913
74ebe00097d31089,innocence_stainglass_straight_to_thickwall_v02_01_c2r3.tgm.header,Tiny_3,75974021,264
10bb80d91f9cf196,innocence_stainglass_straight_to_thickwall_v02_01_c2r2.tgm,Art/Models/Terrain/Act5/Innocence/tgms_25,2150515,184323
921a8c690a5648f9,innocence_stainglass_straight_to_thickwall_v02_01_c2r2.tgm.header,Tiny_3,75971262,1846
b2d3328437022f6c,innocence_stainglass_straight_to_thickwall_v02_01_c2r1.tgm,Art/Models/Terrain/Act5/Innocence/tgms_25,1917260,233255
06217c987676c574,innocence_stainglass_straight_to_thickwall_v02_01_c2r1.tgm.header,Tiny_3,75970560,702
ff81c5054a02a5ae,innocence_stainglass_straight_to_thickwall_v02_01_c1r3.tgm,Art/Models/Terrain/Act5/Innocence/tgms_25,1911809,5451
3e87cdd8eefeeb12,innocence_stainglass_straight_to_thickwall_v02_01_c1r3.tgm.header,Tiny_3,75970254,306
87499c65a5954a2a,innocence_stainglass_straight_to_thickwall_v02_01_c1r2.tgm,Art/Models/Terrain/Act5/Innocence/tgms_25,1787804,124005
aec19f7186373a4d,innocence_stainglass_straight_to_thickwall_v02_01_c1r2.tgm.header,Tiny_3,75968540,1714
96d5e09fb26bb254,innocence_stainglass_straight_to_thickwall_v02_01_c1r1.tgm,Art/Models/Terrain/Act5/Innocence/tgms_25,1471307,316497
53f6a4bf1c7cc705,innocence_stainglass_straight_to_thickwall_v02_01_c1r1.tgm.header,Tiny_3,75967618,922
7c3ccc91b5b6b108,innocence_stainglass_straight_to_thickwall_v01_01_c3r3.tgm,Art/Models/Terrain/Act5/Innocence/tgms_25,1180544,290763
3b6a6de4458933cb,innocence_stainglass_straight_to_thickwall_v01_01_c3r3.tgm.header,Folders/art/models/terrain/act5/innocence/candletilesout,751966,5322
2b41b63dc3bf694b,innocence_stainglass_straight_to_thickwall_v01_01_c3r2.tgm,Art/Models/Terrain/Act5/Innocence/tgms_25,1167335,13209
6168b6e4ecb2f1ef,innocence_stainglass_straight_to_thickwall_v01_01_c3r2.tgm.header,Tiny_3,75967048,570
2dfc64b54d1aa099,innocence_stainglass_straight_to_thickwall_v01_01_c3r1.tgm,Art/Models/Terrain/Act5/Innocence/tgms_25,1150214,17121
0eeb40cecf7d8572,innocence_stainglass_straight_to_thickwall_v01_01_c3r1.tgm.header,Tiny_3,75966566,482
4e344f913e78a221,innocence_stainglass_straight_to_thickwall_v01_01_c2r3.tgm,Art/Models/Terrain/Act5/Innocence/tgms_25,975499,174715
df3f88e27729487c,innocence_stainglass_straight_to_thickwall_v01_01_c2r3.tgm.header,Tiny_3,75964192,2374
3edc11c0e9c56a8d,innocence_stainglass_straight_to_thickwall_v01_01_c2r2.tgm,Art/Models/Terrain/Act5/Innocence/tgms_25,962446,13053
15db4d56de5b6102,innocence_stainglass_straight_to_thickwall_v01_01_c2r2.tgm.header,Tiny_3,75963622,570
d0bfb8b8b264302d,innocence_stainglass_straight_to_thickwall_v01_01_c2r1.tgm,Art/Models/Terrain/Act5/Innocence/tgms_25,951003,11443
0f91bc6b5e13e432,innocence_stainglass_straight_to_thickwall_v01_01_c2r1.tgm.header,Tiny_3,75963272,350
94d21c1496c6d1c4,innocence_stainglass_straight_to_thickwall_v01_01_c1r3.tgm,Art/Models/Terrain/Act5/Innocence/tgms_25,686010,264993
a2277fd6225fefdf,innocence_stainglass_straight_to_thickwall_v01_01_c1r3.tgm.header,Tiny_3,75959798,3474
bbe46b62fa6a7fa0,innocence_stainglass_straight_to_thickwall_v01_01_c1r2.tgm,Tiny_3,75958081,1453
9c169befbcb3bbb4,innocence_stainglass_straight_to_thickwall_v01_01_c1r2.tgm.header,Tiny_3,75959534,264
50009f3a639ab5c7,innocence_stainglass_straight_to_thickwall_v01_01_c1r1.tgm,Art/Models/Terrain/Act5/Innocence/tgms_25,675001,11009
fdccb9a6af3ceaf1,innocence_stainglass_straight_to_thickwall_v01_01_c1r1.tgm.header,Tiny_3,75957731,350
c684322ebf932e61,innocence_stainglass_straight_stroy_v03_02_c3r3.tgm,Art/Models/Terrain/Act5/Innocence/tgms_25,0,675001
ff742118793873b9,innocence_stainglass_straight_stroy_v03_02_c3r3.tgm.header,Folders/art/models/terrain/act5/innocence/candletilesout,744972,6994
4bf9c2eb49650a49,innocence_stainglass_straight_stroy_v03_02_c3r2.tgm,Art/Models/Terrain/Act5/Innocence/tgms_24,2420527,9347
02e2799658f845d6,innocence_stainglass_straight_stroy_v03_02_c3r2.tgm.header,Tiny_3,75957381,350
107b7e1fd8334b2d,innocence_stainglass_straight_stroy_v03_02_c3r1.tgm,Tiny_3,75955056,2061
febfaeeca0fdbbae,innocence_stainglass_straight_stroy_v03_02_c3r1.tgm.header,Tiny_3,75957117,264
7dfbea12a39d555e,innocence_stainglass_straight_stroy_v03_02_c2r3.tgm,Tiny_3,75953279,1777
e5f0dd6ebcafae97,innocence_stainglass_straight_stroy_v03_02_c2r3.tgm.header,Tiny_3,75628633,264
fa18d830ef6b07b2,innocence_stainglass_straight_stroy_v03_02_c2r2.tgm,Art/Models/Terrain/Act5/Innocence/tgms_24,2239730,180797
7df8ba4fb1650e70,innocence_stainglass_straight_stroy_v03_02_c2r2.tgm.header,Tiny_3,75951345,1934
75645bd83ce1e966,innocence_stainglass_straight_stroy_v03_02_c2r1.tgm,Tiny_3,75949152,1929
e3e9ed3d797460df,innocence_stainglass_straight_stroy_v03_02_c2r1.tgm.header,Tiny_3,75951081,264
64dd3d6a40c5be18,innocence_stainglass_straight_stroy_v03_02_c1r3.tgm,Art/Models/Terrain/Act5/Innocence/tgms_24,2234465,5265
d1957b5303f96bc4,innocence_stainglass_straight_stroy_v03_02_c1r3.tgm.header,Tiny_3,75948846,306
f5ad9b4e90664f6a,innocence_stainglass_straight_stroy_v03_02_c1r2.tgm,Art/Models/Terrain/Act5/Innocence/tgms_24,2225088,9377
b1fa375a9440fcf8,innocence_stainglass_straight_stroy_v03_02_c1r2.tgm.header,Tiny_3,75948496,350
b6b519fac741e922,innocence_stainglass_straight_stroy_v03_02_c1r1.tgm,Art/Models/Terrain/Act5/Innocence/tgms_24,2202727,22361
5afbab61b6f7b230,innocence_stainglass_straight_stroy_v03_02_c1r1.tgm.header,Tiny_3,75947797,699
3410220715128a0e,innocence_stainglass_straight_stroy_v03_01_c3r3.tgm,Art/Models/Terrain/Act5/Innocence/tgms_24,2197288,5439
30c17a014c90afbe,innocence_stainglass_straight_stroy_v03_01_c3r3.tgm.header,Tiny_3,75947491,306
fb3af60c89ce465d,innocence_stainglass_straight_stroy_v03_01_c3r2.tgm,Art/Models/Terrain/Act5/Innocence/tgms_24,1937749,259539
9fc23ba1543831a8,innocence_stainglass_straight_stroy_v03_01_c3r2.tgm.header,Tiny_3,75944809,2682
a11c6739c450e517,innocence_stainglass_straight_stroy_v03_01_c3r1.tgm,Art/Models/Terrain/Act5/Innocence/tgms_24,1915760,21989
4cb3afee3aa5750a,innocence_stainglass_straight_stroy_v03_01_c3r1.tgm.header,Tiny_3,75944110,699
60bf0727c476279a,innocence_stainglass_straight_stroy_v03_01_c2r3.tgm,Tiny_3,75942045,1801
2a8b02ba45594a7b,innocence_stainglass_straight_stroy_v03_01_c2r3.tgm.header,Tiny_3,75943846,264
c9e6107ae9f68bc0,innocence_stainglass_straight_stroy_v03_01_c2r2.tgm,Art/Models/Terrain/Act5/Innocence/tgms_24,1588779,326981
563805a33f861ef7,innocence_stainglass_straight_stroy_v03_01_c2r2.tgm.header,Tiny_3,75938659,3386
10380d5b64e3558a,innocence_stainglass_straight_stroy_v03_01_c2r1.tgm,Tiny_3,75936442,1953
dd8cc7d6d59578a1,innocence_stainglass_straight_stroy_v03_01_c2r1.tgm.header,Tiny_3,75938395,264
c553f3c568870421,innocence_stainglass_straight_stroy_v03_01_c1r3.tgm,Art/Models/Terrain/Act5/Innocence/tgms_24,1583682,5097
ecc01bcb3b263ade,innocence_stainglass_straight_stroy_v03_01_c1r3.tgm.header,Tiny_3,75936136,306
bbe077155c16ab1f,innocence_stainglass_straight_stroy_v03_01_c1r2.tgm,Art/Models/Terrain/Act5/Innocence/tgms_24,1323993,259689
bf965c2701ee060c,innocence_stainglass_straight_stroy_v03_01_c1r2.tgm.header,Tiny_3,75933454,2682
e96ad6d039b14ffd,innocence_stainglass_straight_stroy_v03_01_c1r1.tgm,Art/Models/Terrain/Act5/Innocence/tgms_24,1301632,22361
92caa18855349137,innocence_stainglass_straight_stroy_v03_01_c1r1.tgm.header,Tiny_3,75932755,699
b204184950a29400,innocence_stainglass_straight_story_v02_02_c3r3.tgm,Art/Models/Terrain/Act5/Innocence/tgms_24,1057861,243771
01e752b92963a198,innocence_stainglass_straight_story_v02_02_c3r3.tgm.header,Tiny_3,75930469,2286
f32c56f8d4b7b2cd,innocence_stainglass_straight_story_v02_02_c3r2.tgm,Art/Models/Terrain/Act5/Innocence/tgms_24,1038472,19389
d381821acfcbe0be,innocence_stainglass_straight_story_v02_02_c3r2.tgm.header,Tiny_3,75929635,834
96e362a18d38bea5,innocence_stainglass_straight_story_v02_02_c3r1.tgm,Art/Models/Terrain/Act5/Innocence/tgms_24,1026479,11993
c8c62f841c24a4c5,innocence_stainglass_straight_story_v02_02_c3r1.tgm.header,Tiny_3,75929285,350
f3e10a63582dc6fe,innocence_stainglass_straight_story_v02_02_c2r3.tgm,Art/Models/Terrain/Act5/Innocence/tgms_24,833748,192731
b358ad5f6fd38202,innocence_stainglass_straight_story_v02_02_c2r3.tgm.header,Tiny_3,75927087,2198
c568e71efba360d0,innocence_stainglass_straight_story_v02_02_c2r2.tgm,Art/Models/Terrain/Act5/Innocence/tgms_24,816155,17593
bb8602317a5564c2,innocence_stainglass_straight_story_v02_02_c2r2.tgm.header,Tiny_3,75914914,658
c3c0a1a00aee7c4b,innocence_stainglass_straight_story_v02_02_c2r1.tgm,Art/Models/Terrain/Act5/Innocence/tgms_24,806076,10079
120f4e484bfcb79d,innocence_stainglass_straight_story_v02_02_c2r1.tgm.header,Tiny_3,75926781,306
702181a0bdc36223,innocence_stainglass_straight_story_v02_02_c1r3.tgm,Art/Models/Terrain/Act5/Innocence/tgms_24,543463,262613
8b57d070683deb56,innocence_stainglass_straight_story_v02_02_c1r3.tgm.header,Tiny_3,75923923,2858
6e16482815046573,innocence_stainglass_straight_story_v02_02_c1r2.tgm,Tiny_3,75922206,1453
870ffbcafe6dc573,innocence_stainglass_straight_story_v02_02_c1r2.tgm.header,Tiny_3,75923659,264
db2158086f9ea5d0,innocence_stainglass_straight_story_v02_02_c1r1.tgm,Art/Models/Terrain/Act5/Innocence/tgms_24,532658,10805
b530a43112c50543,innocence_stainglass_straight_story_v02_02_c1r1.tgm.header,Tiny_3,75921856,350
21cf50a91bb55d03,innocence_stainglass_straight_story_v02_01_c3r3.tgm,Art/Models/Terrain/Act5/Innocence/tgms_24,353919,178739
da962aa3c1b3dcd8,innocence_stainglass_straight_story_v02_01_c3r3.tgm.header,Tiny_3,75920186,1670
7fc6f27338377795,innocence_stainglass_straight_story_v02_01_c3r2.tgm,Art/Models/Terrain/Act5/Innocence/tgms_24,334554,19365
17a4316b85c43f0f,innocence_stainglass_straight_story_v02_01_c3r2.tgm.header,Tiny_3,75919352,834
ec4d22abc1b468de,innocence_stainglass_straight_story_v02_01_c3r1.tgm,Art/Models/Terrain/Act5/Innocence/tgms_24,322531,12023
e46702e63fb9f22c,innocence_stainglass_straight_story_v02_01_c3r1.tgm.header,Tiny_3,75919002,350
57e81f96c64767f6,innocence_stainglass_straight_story_v02_01_c2r3.tgm,Art/Models/Terrain/Act5/Innocence/tgms_24,0,322531
a1df1639b5eeaea6,innocence_stainglass_straight_story_v02_01_c2r3.tgm.header,Tiny_3,75915572,3430
06cafc8b1a80164e,innocence_stainglass_straight_story_v02_01_c2r2.tgm,Art/Models/Terrain/Act5/Innocence/tgms_23,3036845,17593
f8a3491fc2d1cb94,innocence_stainglass_straight_story_v02_01_c2r2.tgm.header,Tiny_3,75914914,658
65b17fc8cd70e629,innocence_stainglass_straight_story_v02_01_c2r1.tgm,Art/Models/Terrain/Act5/Innocence/tgms_23,3026820,10025
c74d8131711e1e1a,innocence_stainglass_straight_story_v02_01_c2r1.tgm.header,Tiny_3,75914608,306
ee38f27b922efa92,innocence_stainglass_straight_story_v02_01_c1r3.tgm,Art/Models/Terrain/Act5/Innocence/tgms_23,2828999,197821
aff3085c3908bffe,innocence_stainglass_straight_story_v02_01_c1r3.tgm.header,Tiny_3,75912366,2242
e69124c65662c67c,innocence_stainglass_straight_story_v02_01_c1r2.tgm,Tiny_3,75910697,1405
d1ecc5a59dba4cf1,innocence_stainglass_straight_story_v02_01_c1r2.tgm.header,Tiny_3,75912102,264
88579d54b4344568,innocence_stainglass_straight_story_v02_01_c1r1.tgm,Art/Models/Terrain/Act5/Innocence/tgms_23,2818242,10757
7eed439682126240,innocence_stainglass_straight_story_v02_01_c1r1.tgm.header,Tiny_3,75910347,350
8303d1d674267bd3,innocence_stainglass_straight_story_v01_03_c3r3.tgm,Art/Models/Terrain/Act5/Innocence/tgms_23,2633047,185195
7be6db702de3b55e,innocence_stainglass_straight_story_v01_03_c3r3.tgm.header,Tiny_3,75907797,2550
a26e0cb2681e7024,innocence_stainglass_straight_story_v01_03_c3r2.tgm,Tiny_3,75906596,1201
9fb9b5e4183f9982,innocence_stainglass_straight_story_v01_03_c3r2.tgm.header,Tiny_3,75849154,264
c41729c72d0b4ce2,innocence_stainglass_straight_story_v01_03_c3r1.tgm,Art/Models/Terrain/Act5/Innocence/tgms_23,2624166,8881
3c0220a103d2d363,innocence_stainglass_straight_story_v01_03_c3r1.tgm.header,Tiny_3,75906202,394
d0d032316acaebdb,innocence_stainglass_straight_story_v01_03_c2r3.tgm,Art/Models/Terrain/Act5/Innocence/tgms_23,2306331,317835
c39d1c9dae0031a3,innocence_stainglass_straight_story_v01_03_c2r3.tgm.header,Tiny_3,75903564,2638
1c60f360e8c5b7cd,innocence_stainglass_straight_story_v01_03_c2r2.tgm,Tiny_3,75884973,1189
f42a43b20c41c5c1,innocence_stainglass_straight_story_v01_03_c2r2.tgm.header,Tiny_3,75886162,264
464bc4ffb138ffd6,innocence_stainglass_straight_story_v01_03_c2r1.tgm,Art/Models/Terrain/Act5/Innocence/tgms_23,2297252,9079
1eaecb6b0f83ed00,innocence_stainglass_straight_story_v01_03_c2r1.tgm.header,Tiny_3,75903170,394
697a30495a174a15,innocence_stainglass_straight_story_v01_03_c1r3.tgm,Art/Models/Terrain/Act5/Innocence/tgms_23,2117977,179275
9b97088ea3b60aea,innocence_stainglass_straight_story_v01_03_c1r3.tgm.header,Tiny_3,75900708,2462
bf1c89b9146aa9a5,innocence_stainglass_straight_story_v01_03_c1r2.tgm,Tiny_3,75881144,973
7ef98932a70271ef,innocence_stainglass_straight_story_v01_03_c1r2.tgm.header,Tiny_3,75843605,264
b31cd2073f0ae3d1,innocence_stainglass_straight_story_v01_03_c1r1.tgm,Art/Models/Terrain/Act5/Innocence/tgms_23,2109674,8303
04876af3e9ccdae1,innocence_stainglass_straight_story_v01_03_c1r1.tgm.header,Tiny_3,75891964,350
6f278e645ffb76bd,innocence_stainglass_straight_story_v01_02_c3r3.tgm,Art/Models/Terrain/Act5/Innocence/tgms_23,1770311,339363
a70fde82c211a161,innocence_stainglass_straight_story_v01_02_c3r3.tgm.header,Tiny_3,75897278,3430
fd54289136cae7d4,innocence_stainglass_straight_story_v01_02_c3r2.tgm,Tiny_3,75847953,1201
0753ddbb680dde86,innocence_stainglass_straight_story_v01_02_c3r2.tgm.header,Tiny_3,75849154,264
c2b3e3a1a25e051e,innocence_stainglass_straight_story_v01_02_c3r1.tgm,Art/Models/Terrain/Act5/Innocence/tgms_23,1762062,8249
68a1552775e27569,innocence_stainglass_straight_story_v01_02_c3r1.tgm.header,Tiny_3,75896928,350
7eb972b346123f70,innocence_stainglass_straight_story_v01_02_c2r3.tgm,Art/Models/Terrain/Act5/Innocence/tgms_23,1590291,171771
e238722fb00b0736,innocence_stainglass_straight_story_v01_02_c2r3.tgm.header,Tiny_3,75894818,2110
fd6ef3814f55c941,innocence_stainglass_straight_story_v01_02_c2r2.tgm,Tiny_3,75884973,1189
b0fd663ac0c61c29,innocence_stainglass_straight_story_v01_02_c2r2.tgm.header,Tiny_3,75886162,264
ca22cc5fafb6d572,innocence_stainglass_straight_story_v01_02_c2r1.tgm,Art/Models/Terrain/Act5/Innocence/tgms_23,1581470,8821
dc496da00ee1592d,innocence_stainglass_straight_story_v01_02_c2r1.tgm.header,Tiny_3,75894424,394
d5de2f3e664624d2,innocence_stainglass_straight_story_v01_02_c1r3.tgm,Art/Models/Terrain/Act5/Innocence/tgms_23,1409867,171603
7178d7667263c102,innocence_stainglass_straight_story_v01_02_c1r3.tgm.header,Tiny_3,75892314,2110
3d82607c0d39a261,innocence_stainglass_straight_story_v01_02_c1r2.tgm,Tiny_3,75881144,973
e0abbce2699eddef,innocence_stainglass_straight_story_v01_02_c1r2.tgm.header,Tiny_3,75843605,264
d44fb8bf615bb847,innocence_stainglass_straight_story_v01_02_c1r1.tgm,Art/Models/Terrain/Act5/Innocence/tgms_23,1401564,8303
d6ff8edad88e406a,innocence_stainglass_straight_story_v01_02_c1r1.tgm.header,Tiny_3,75891964,350
754220ede68d3235,innocence_stainglass_straight_story_v01_01_c3r3.tgm,Art/Models/Terrain/Act5/Innocence/tgms_23,1216513,185051
f3a1ebc4b61ef2a4,innocence_stainglass_straight_story_v01_01_c3r3.tgm.header,Tiny_3,75889414,2550
ad3761f8ca17d679,innocence_stainglass_straight_story_v01_01_c3r2.tgm,Tiny_3,75847953,1201
4fac2ef54ca13923,innocence_stainglass_straight_story_v01_01_c3r2.tgm.header,Tiny_3,75849154,264
d0b1e854c62a9e52,innocence_stainglass_straight_story_v01_01_c3r1.tgm,Art/Models/Terrain/Act5/Innocence/tgms_23,1208186,8327
5efaee7aee024bd4,innocence_stainglass_straight_story_v01_01_c3r1.tgm.header,Tiny_3,75889064,350
2bbc5c6cad90050b,innocence_stainglass_straight_story_v01_01_c2r3.tgm,Art/Models/Terrain/Act5/Innocence/tgms_23,890471,317715
d34bb3e9b563428e,innocence_stainglass_straight_story_v01_01_c2r3.tgm.header,Tiny_3,75886426,2638
ed07af719c27a6dc,innocence_stainglass_straight_story_v01_01_c2r2.tgm,Tiny_3,75884973,1189
93ef93d9c5274bef,innocence_stainglass_straight_story_v01_01_c2r2.tgm.header,Tiny_3,75886162,264
5c5a31b0ed0233f1,innocence_stainglass_straight_story_v01_01_c2r1.tgm,Art/Models/Terrain/Act5/Innocence/tgms_23,881680,8791
4b4b47b11e608327,innocence_stainglass_straight_story_v01_01_c2r1.tgm.header,Tiny_3,75884579,394
3e6033fae8d2f24b,innocence_stainglass_straight_story_v01_01_c1r3.tgm,Art/Models/Terrain/Act5/Innocence/tgms_23,702357,179323
a1e2a078d06b2540,innocence_stainglass_straight_story_v01_01_c1r3.tgm.header,Tiny_3,75882117,2462
aa7dd2e97ff98aa5,innocence_stainglass_straight_story_v01_01_c1r2.tgm,Tiny_3,75881144,973
73f9780d536dbef1,innocence_stainglass_straight_story_v01_01_c1r2.tgm.header,Tiny_3,75843605,264
3dfc63923bcfedce,innocence_stainglass_straight_story_v01_01_c1r1.tgm,Art/Models/Terrain/Act5/Innocence/tgms_23,693788,8569
59c31ecf2d858fb2,innocence_stainglass_straight_story_v01_01_c1r1.tgm.header,Tiny_3,75880750,394
4444d9c6f15f4a3b,innocence_stainglass_straight_shattered_v03_02_c3r3.tgm,Art/Models/Terrain/Act5/Innocence/tgms_23,688349,5439
beba941d95267f23,innocence_stainglass_straight_shattered_v03_02_c3r3.tgm.header,Tiny_3,75880444,306
0977578c0bd311d9,innocence_stainglass_straight_shattered_v03_02_c3r2.tgm,Art/Models/Terrain/Act5/Innocence/tgms_23,429166,259183
fd4bc2a5b96acc96,innocence_stainglass_straight_shattered_v03_02_c3r2.tgm.header,Tiny_3,75877806,2638
cac8b9062c5be3f9,innocence_stainglass_straight_shattered_v03_02_c3r1.tgm,Art/Models/Terrain/Act5/Innocence/tgms_23,407153,22013
00584e6e26a2f0d1,innocence_stainglass_straight_shattered_v03_02_c3r1.tgm.header,Tiny_3,75877107,699
d5f4fa882cc44a78,innocence_stainglass_straight_shattered_v03_02_c2r3.tgm,Tiny_3,75875282,1825
3087078062070a47,innocence_stainglass_straight_shattered_v03_02_c2r3.tgm.header,Tiny_3,75628633,264
2dcdaeb7eb88949a,innocence_stainglass_straight_shattered_v03_02_c2r2.tgm,Art/Models/Terrain/Act5/Innocence/tgms_23,0,407153
af993942565582dc,innocence_stainglass_straight_shattered_v03_02_c2r2.tgm.header,Folders/art/models/terrain/act5/innocence/candletilesout,739474,5498
aedf5f68b2527465,innocence_stainglass_straight_shattered_v03_02_c2r1.tgm,Art/Models/Terrain/Act5/Innocence/tgms_22,1966079,5673
7c5aaf4531443a2c,innocence_stainglass_straight_shattered_v03_02_c2r1.tgm.header,Tiny_3,75874627,655
0a623dd6a41af8e4,innocence_stainglass_straight_shattered_v03_02_c1r3.tgm,Art/Models/Terrain/Act5/Innocence/tgms_22,1960814,5265
4a207003fd37db46,innocence_stainglass_straight_shattered_v03_02_c1r3.tgm.header,Tiny_3,75874321,306
139eb6018bb1a098,innocence_stainglass_straight_shattered_v03_02_c1r2.tgm,Art/Models/Terrain/Act5/Innocence/tgms_22,1695981,264833
3ebd1ef5f1c42edb,innocence_stainglass_straight_shattered_v03_02_c1r2.tgm.header,Tiny_3,75871595,2726
7d7785cc9a14b3c9,innocence_stainglass_straight_shattered_v03_02_c1r1.tgm,Art/Models/Terrain/Act5/Innocence/tgms_22,1673644,22337
6122f2c734de32f4,innocence_stainglass_straight_shattered_v03_02_c1r1.tgm.header,Tiny_3,75870896,699
80f2297dcee20548,innocence_stainglass_straight_shattered_v03_01_c3r3.tgm,Art/Models/Terrain/Act5/Innocence/tgms_22,1668457,5187
c31d0d25cc456e57,innocence_stainglass_straight_shattered_v03_01_c3r3.tgm.header,Tiny_3,75870590,306
bb15188edafaaa1b,innocence_stainglass_straight_shattered_v03_01_c3r2.tgm,Art/Models/Terrain/Act5/Innocence/tgms_22,1343642,324815
2d86008f563d1c56,innocence_stainglass_straight_shattered_v03_01_c3r2.tgm.header,Folders/art/models/terrain/act5/innocence/candletilesout,735340,4134
8a71ea3e1e6bf595,innocence_stainglass_straight_shattered_v03_01_c3r1.tgm,Art/Models/Terrain/Act5/Innocence/tgms_22,993335,350307
0eec75824a0d0b2a,innocence_stainglass_straight_shattered_v03_01_c3r1.tgm.header,Tiny_3,75869404,1186
9db7dba5f8a33ef7,innocence_stainglass_straight_shattered_v03_01_c2r3.tgm,Tiny_3,75868203,937
721481bf71d182ab,innocence_stainglass_straight_shattered_v03_01_c2r3.tgm.header,Tiny_3,75869140,264
4531f1a62a24d37e,innocence_stainglass_straight_shattered_v03_01_c2r2.tgm,Art/Models/Terrain/Act5/Innocence/tgms_22,0,993335
22d01c4f1bc1145a,innocence_stainglass_straight_shattered_v03_01_c2r2.tgm.header,Folders/art/models/terrain/act5/innocence/candletilesout,729226,6114
1c3e3ff7ffcd168a,innocence_stainglass_straight_shattered_v03_01_c2r1.tgm,Art/Models/Terrain/Act5/Innocence/tgms_21,2550681,66429
8c46b39a63d428d7,innocence_stainglass_straight_shattered_v03_01_c2r1.tgm.header,Tiny_3,75865961,2242
560c35810586b4fb,innocence_stainglass_straight_shattered_v03_01_c1r3.tgm,Art/Models/Terrain/Act5/Innocence/tgms_21,2545548,5133
08cc4a5e96bbf55b,innocence_stainglass_straight_shattered_v03_01_c1r3.tgm.header,Tiny_3,75865655,306
a2fa4478c397a1e0,innocence_stainglass_straight_shattered_v03_01_c1r2.tgm,Art/Models/Terrain/Act5/Innocence/tgms_21,2286761,258787
4a818731bee619fa,innocence_stainglass_straight_shattered_v03_01_c1r2.tgm.header,Tiny_3,75863061,2594
59498d1f3f74d9fd,innocence_stainglass_straight_shattered_v03_01_c1r1.tgm,Art/Models/Terrain/Act5/Innocence/tgms_21,1968954,317807
52c76b83e9a3d6b6,innocence_stainglass_straight_shattered_v03_01_c1r1.tgm.header,Tiny_3,75862359,702
3d28eefdd4e06321,innocence_stainglass_straight_shattered_v02_01_c3r3.tgm,Art/Models/Terrain/Act5/Innocence/tgms_21,1561369,407585
c9c0700d1d71e311,innocence_stainglass_straight_shattered_v02_01_c3r3.tgm.header,Tiny_3,75859105,3254
b8c3879db873c612,innocence_stainglass_straight_shattered_v02_01_c3r2.tgm,Art/Models/Terrain/Act5/Innocence/tgms_21,1542088,19281
1e5f3b77c2e65144,innocence_stainglass_straight_shattered_v02_01_c3r2.tgm.header,Tiny_3,75858271,834
640ffc7cb2d1f3a5,innocence_stainglass_straight_shattered_v02_01_c3r1.tgm,Art/Models/Terrain/Act5/Innocence/tgms_21,1529867,12221
3e3594660556c643,innocence_stainglass_straight_shattered_v02_01_c3r1.tgm.header,Tiny_3,75857921,350
540b48543007e908,innocence_stainglass_straight_shattered_v02_01_c2r3.tgm,Art/Models/Terrain/Act5/Innocence/tgms_21,1148714,381153
583f2af556a6b483,innocence_stainglass_straight_shattered_v02_01_c2r3.tgm.header,Folders/art/models/terrain/act5/innocence/candletilesout,723772,5454
877b83712115cdb4,innocence_stainglass_straight_shattered_v02_01_c2r2.tgm,Art/Models/Terrain/Act5/Innocence/tgms_21,1128101,20613
8b3e9647066205f2,innocence_stainglass_straight_shattered_v02_01_c2r2.tgm.header,Tiny_3,75856559,1362
d95fd2bd26c2046b,innocence_stainglass_straight_shattered_v02_01_c2r1.tgm,Art/Models/Terrain/Act5/Innocence/tgms_21,1117866,10235
531db8bc7f50f190,innocence_stainglass_straight_shattered_v02_01_c2r1.tgm.header,Tiny_3,75856253,306
46db16b6aea28b31,innocence_stainglass_straight_shattered_v02_01_c1r3.tgm,Art/Models/Terrain/Act5/Innocence/tgms_21,920213,197653
68a0f7114b840532,innocence_stainglass_straight_shattered_v02_01_c1r3.tgm.header,Tiny_3,75854011,2242
ac5691ee757e8a01,innocence_stainglass_straight_shattered_v02_01_c1r2.tgm,Tiny_3,75852318,1429
54a8edfa2789b695,innocence_stainglass_straight_shattered_v02_01_c1r2.tgm.header,Tiny_3,75853747,264
6b68c059cd8e1200,innocence_stainglass_straight_shattered_v02_01_c1r1.tgm,Art/Models/Terrain/Act5/Innocence/tgms_21,909216,10997
39eb2a8ffa8f334c,innocence_stainglass_straight_shattered_v02_01_c1r1.tgm.header,Tiny_3,75851968,350
c6c1ec4e317ea8b8,innocence_stainglass_straight_shattered_v01_01_c3r3.tgm,Art/Models/Terrain/Act5/Innocence/tgms_21,718237,190979
dbdd9b35f3f7bf4f,innocence_stainglass_straight_shattered_v01_01_c3r3.tgm.header,Tiny_3,75849418,2550
8fc12f7e5ad948ba,innocence_stainglass_straight_shattered_v01_01_c3r2.tgm,Tiny_3,75847953,1201
2759a1b43cfe65fd,innocence_stainglass_straight_shattered_v01_01_c3r2.tgm.header,Tiny_3,75849154,264
3885785b63108197,innocence_stainglass_straight_shattered_v01_01_c3r1.tgm,Art/Models/Terrain/Act5/Innocence/tgms_21,709988,8249
dbe85bb6f8b1a5e7,innocence_stainglass_straight_shattered_v01_01_c3r1.tgm.header,Tiny_3,75847603,350
d195da2ccb24c956,innocence_stainglass_straight_shattered_v01_01_c2r3.tgm,Art/Models/Terrain/Act5/Innocence/tgms_21,198421,511567
9b81c2f04d8ac618,innocence_stainglass_straight_shattered_v01_01_c2r3.tgm.header,Folders/art/models/terrain/act5/innocence/candletilesout,717218,6554
8006838a70b5fa2f,innocence_stainglass_straight_shattered_v01_01_c2r2.tgm,Art/Models/Terrain/Act5/Innocence/tgms_21,193656,4765
7e9c8f8b1ab99518,innocence_stainglass_straight_shattered_v01_01_c2r2.tgm.header,Tiny_3,75846681,922
8dccfc8fa66b6b82,innocence_stainglass_straight_shattered_v01_01_c2r1.tgm,Art/Models/Terrain/Act5/Innocence/tgms_21,184739,8917
95d356835ece7d22,innocence_stainglass_straight_shattered_v01_01_c2r1.tgm.header,Tiny_3,75846287,394
7c62d6085a224552,innocence_stainglass_straight_shattered_v01_01_c1r3.tgm,Art/Models/Terrain/Act5/Innocence/tgms_21,0,184739
148a9eb2f51b154b,innocence_stainglass_straight_shattered_v01_01_c1r3.tgm.header,Tiny_3,75843869,2418
cc81bb0bc7ed1657,innocence_stainglass_straight_shattered_v01_01_c1r2.tgm,Tiny_3,75842632,973
0f61fe1cf2d71e4d,innocence_stainglass_straight_shattered_v01_01_c1r2.tgm.header,Tiny_3,75843605,264
5fec6481fac029bc,innocence_stainglass_straight_shattered_v01_01_c1r1.tgm,Art/Models/Terrain/Act5/Innocence/tgms_20,2792828,8305
177b530c95e45121,innocence_stainglass_straight_shattered_v01_01_c1r1.tgm.header,Tiny_3,75842238,394
e877b05fca4c409e,innocence_stainglass_convex_v01_01_c3r3.tgm,Art/Models/Terrain/Act5/Innocence/tgms_20,2781483,11345
5d7265d33e44ebb2,innocence_stainglass_convex_v01_01_c3r3.tgm.header,Tiny_3,75841888,350
b87dae4b828a6f09,innocence_stainglass_convex_v01_01_c3r2.tgm,Art/Models/Terrain/Act5/Innocence/tgms_20,2776872,4611
a60984c5a6f6e81a,innocence_stainglass_convex_v01_01_c3r2.tgm.header,Tiny_3,75841624,264
3547833a24fb55e1,innocence_stainglass_convex_v01_01_c3r1.tgm,Art/Models/Terrain/Act5/Innocence/tgms_20,2445265,331607
e6916c1be5f62f59,innocence_stainglass_convex_v01_01_c3r1.tgm.header,Tiny_3,75838810,2814
75e887aee7c1f8fd,innocence_stainglass_convex_v01_01_c2r3.tgm,Tiny_3,75835423,3081
ab387f49d3f6eaf9,innocence_stainglass_convex_v01_01_c2r3.tgm.header,Tiny_3,75838504,306
f11bec32d6c1cbdc,innocence_stainglass_convex_v01_01_c2r2.tgm,Art/Models/Terrain/Act5/Innocence/tgms_20,2055898,389367
e99cfd9071f62ce3,innocence_stainglass_convex_v01_01_c2r2.tgm.header,Tiny_3,75831553,3870
98d95fe312e23326,innocence_stainglass_convex_v01_01_c2r1.tgm,Art/Models/Terrain/Act5/Innocence/tgms_20,2039925,15973
323b971eaa2cb8de,innocence_stainglass_convex_v01_01_c2r1.tgm.header,Tiny_3,75830939,614
ad27bf20522b9aa5,innocence_stainglass_convex_v01_01_c1r3.tgm,Art/Models/Terrain/Act5/Innocence/tgms_20,1851110,188815
226fcd6c3a9d6edb,innocence_stainglass_convex_v01_01_c1r3.tgm.header,Tiny_3,75828961,1978
e6df21722d7cbddc,innocence_stainglass_convex_v01_01_c1r2.tgm,Art/Models/Terrain/Act5/Innocence/tgms_20,1837561,13549
86c97dcd34e96be8,innocence_stainglass_convex_v01_01_c1r2.tgm.header,Tiny_3,75828303,658
68a94d370996522a,innocence_stainglass_convex_v01_01_c1r1.tgm,Art/Models/Terrain/Act5/Innocence/tgms_20,1826690,10871
29695d289e4510a4,innocence_stainglass_convex_v01_01_c1r1.tgm.header,Tiny_3,75827953,350
06d93cac594fefb8,innocence_stainglass_convex_to_thickwall_v01_01_c3r3.tgm,Art/Models/Terrain/Act5/Innocence/tgms_20,1807737,18953
ca87c46dd78c7095,innocence_stainglass_convex_to_thickwall_v01_01_c3r3.tgm.header,Tiny_3,75827427,526
f5193ea6d02119e3,innocence_stainglass_convex_to_thickwall_v01_01_c3r2.tgm,Art/Models/Terrain/Act5/Innocence/tgms_20,1801998,5739
3ccbd6e45fc82ad9,innocence_stainglass_convex_to_thickwall_v01_01_c3r2.tgm.header,Tiny_3,75827163,264
a0753ad807a2179a,innocence_stainglass_convex_to_thickwall_v01_01_c3r1.tgm,Art/Models/Terrain/Act5/Innocence/tgms_20,1458027,343971
b46264f640dfa46e,innocence_stainglass_convex_to_thickwall_v01_01_c3r1.tgm.header,Folders/art/models/terrain/act5/innocence/candletilesout,711280,5938
dbc16aa0a47f958c,innocence_stainglass_convex_to_thickwall_v01_01_c2r3.tgm,Tiny_3,75823896,2961
ee6633f26fb44fc7,innocence_stainglass_convex_to_thickwall_v01_01_c2r3.tgm.header,Tiny_3,75826857,306
728293ba565d513e,innocence_stainglass_convex_to_thickwall_v01_01_c2r2.tgm,Art/Models/Terrain/Act5/Innocence/tgms_20,1120554,337473
79006a429195a28f,innocence_stainglass_convex_to_thickwall_v01_01_c2r2.tgm.header,Tiny_3,75820554,3342
124ff25e57052628,innocence_stainglass_convex_to_thickwall_v01_01_c2r1.tgm,Art/Models/Terrain/Act5/Innocence/tgms_20,1101319,19235
83a9ad9a7efb26aa,innocence_stainglass_convex_to_thickwall_v01_01_c2r1.tgm.header,Tiny_3,75819852,702
b4b60da8f34a413d,innocence_stainglass_convex_to_thickwall_v01_01_c1r3.tgm,Art/Models/Terrain/Act5/Innocence/tgms_20,771398,329921
75ca2c561db0f7cb,innocence_stainglass_convex_to_thickwall_v01_01_c1r3.tgm.header,Tiny_3,75816994,2858
3a76daa35068bd59,innocence_stainglass_convex_to_thickwall_v01_01_c1r2.tgm,Art/Models/Terrain/Act5/Innocence/tgms_20,747357,24041
2c458cd617529ffa,innocence_stainglass_convex_to_thickwall_v01_01_c1r2.tgm.header,Tiny_3,75815984,1010
ff175dc4af50c6f6,innocence_stainglass_convex_to_thickwall_v01_01_c1r1.tgm,Art/Models/Terrain/Act5/Innocence/tgms_20,736492,10865
b03b22cd0fd5b917,innocence_stainglass_convex_to_thickwall_v01_01_c1r1.tgm.header,Tiny_3,75815634,350
dbf0a47531ba04d7,innocence_stainglass_convex_story_v01_02_c3r3.tgm,Art/Models/Terrain/Act5/Innocence/tgms_20,725123,11369
a240b423ff1ec4df,innocence_stainglass_convex_story_v01_02_c3r3.tgm.header,Tiny_3,75815284,350
b9f94d0af4955529,innocence_stainglass_convex_story_v01_02_c3r2.tgm,Art/Models/Terrain/Act5/Innocence/tgms_20,720536,4587
7aa8ed494c36e8f2,innocence_stainglass_convex_story_v01_02_c3r2.tgm.header,Tiny_3,75815020,264
dc3dbd7da3628611,innocence_stainglass_convex_story_v01_02_c3r1.tgm,Art/Models/Terrain/Act5/Innocence/tgms_20,388881,331655
c675e649d6b44cbc,innocence_stainglass_convex_story_v01_02_c3r1.tgm.header,Tiny_3,75812206,2814
13cc5f03e58fcc04,innocence_stainglass_convex_story_v01_02_c2r3.tgm,Tiny_3,75809317,2889
51cd47549d28f1d6,innocence_stainglass_convex_story_v01_02_c2r3.tgm.header,Tiny_3,75798113,306
0c8c34336c8752fc,innocence_stainglass_convex_story_v01_02_c2r2.tgm,Art/Models/Terrain/Act5/Innocence/tgms_20,0,388881
17d507750d6b268c,innocence_stainglass_convex_story_v01_02_c2r2.tgm.header,Tiny_3,75805447,3870
dd19c9bed75b72c1,innocence_stainglass_convex_story_v01_02_c2r1.tgm,Art/Models/Terrain/Act5/Innocence/tgms_19,2389455,15925
f547040be9d6028c,innocence_stainglass_convex_story_v01_02_c2r1.tgm.header,Tiny_3,75804833,614
23694421cffb1714,innocence_stainglass_convex_story_v01_02_c1r3.tgm,Art/Models/Terrain/Act5/Innocence/tgms_19,2200286,189169
6adc253e363b5aa9,innocence_stainglass_convex_story_v01_02_c1r3.tgm.header,Tiny_3,75802855,1978
2100652c21499173,innocence_stainglass_convex_story_v01_02_c1r2.tgm,Art/Models/Terrain/Act5/Innocence/tgms_19,2186785,13501
9e12a22016d7b3b7,innocence_stainglass_convex_story_v01_02_c1r2.tgm.header,Tiny_3,75802197,658
d664df4b791da39b,innocence_stainglass_convex_story_v01_02_c1r1.tgm,Art/Models/Terrain/Act5/Innocence/tgms_19,2175914,10871
75a301b6a588cd4a,innocence_stainglass_convex_story_v01_02_c1r1.tgm.header,Tiny_3,75801847,350
523be9b3f0d475f6,innocence_stainglass_convex_story_v01_01_c3r3.tgm,Art/Models/Terrain/Act5/Innocence/tgms_19,2164545,11369
bd2e40d43cc7681a,innocence_stainglass_convex_story_v01_01_c3r3.tgm.header,Tiny_3,75801497,350
f67ce493c7a3f394,innocence_stainglass_convex_story_v01_01_c3r2.tgm,Art/Models/Terrain/Act5/Innocence/tgms_19,2159934,4611
46917b8c43bbdc1a,innocence_stainglass_convex_story_v01_01_c3r2.tgm.header,Tiny_3,75801233,264
8c3b90b641e04aef,innocence_stainglass_convex_story_v01_01_c3r1.tgm,Art/Models/Terrain/Act5/Innocence/tgms_19,1828255,331679
76c07f1c0ca22814,innocence_stainglass_convex_story_v01_01_c3r1.tgm.header,Tiny_3,75798419,2814
31f1f6851262b5de,innocence_stainglass_convex_story_v01_01_c2r3.tgm,Tiny_3,75795248,2865
31daa78da2c0517e,innocence_stainglass_convex_story_v01_01_c2r3.tgm.header,Tiny_3,75798113,306
598252e2440212fe,innocence_stainglass_convex_story_v01_01_c2r2.tgm,Art/Models/Terrain/Act5/Innocence/tgms_19,1441830,386425
eac570d683b7b581,innocence_stainglass_convex_story_v01_01_c2r2.tgm.header,Tiny_3,75791290,3958
2835d6326155389c,innocence_stainglass_convex_story_v01_01_c2r1.tgm,Art/Models/Terrain/Act5/Innocence/tgms_19,1426193,15637
fa190141964a33ab,innocence_stainglass_convex_story_v01_01_c2r1.tgm.header,Tiny_3,75790676,614
6a2eca2f52bf3097,innocence_stainglass_convex_story_v01_01_c1r3.tgm,Art/Models/Terrain/Act5/Innocence/tgms_19,1237000,189193
8aa0cc10a7133939,innocence_stainglass_convex_story_v01_01_c1r3.tgm.header,Tiny_3,75788698,1978
4231e4a6360f21d5,innocence_stainglass_convex_story_v01_01_c1r2.tgm,Art/Models/Terrain/Act5/Innocence/tgms_19,1223703,13297
17e488a2c9febb05,innocence_stainglass_convex_story_v01_01_c1r2.tgm.header,Tiny_3,75788040,658
02c04d5bb8c59399,innocence_stainglass_convex_story_v01_01_c1r1.tgm,Art/Models/Terrain/Act5/Innocence/tgms_19,1212808,10895
8128671313489828,innocence_stainglass_convex_story_v01_01_c1r1.tgm.header,Tiny_3,75787690,350
55f2de0fb07ec13b,innocence_stainglass_convex_shattered_v01_01_c3r3.tgm,Art/Models/Terrain/Act5/Innocence/tgms_19,866459,346349
603a11363938b380,innocence_stainglass_convex_shattered_v01_01_c3r3.tgm.header,Tiny_3,75787208,482
b2b7cd8851976c2b,innocence_stainglass_convex_shattered_v01_01_c3r2.tgm,Art/Models/Terrain/Act5/Innocence/tgms_19,861872,4587
9660618d73fa8546,innocence_stainglass_convex_shattered_v01_01_c3r2.tgm.header,Tiny_3,75786944,264
1e6b4a6ddee73a00,innocence_stainglass_convex_shattered_v01_01_c3r1.tgm,Art/Models/Terrain/Act5/Innocence/tgms_19,530193,331679
94bdeb8fa72ab2c2,innocence_stainglass_convex_shattered_v01_01_c3r1.tgm.header,Tiny_3,75784130,2814
82a93ae725dfd444,innocence_stainglass_convex_shattered_v01_01_c2r3.tgm,Tiny_3,75780971,2853
8b4b9c5bf6c3879c,innocence_stainglass_convex_shattered_v01_01_c2r3.tgm.header,Tiny_3,75783824,306
17caf79a60757a3b,innocence_stainglass_convex_shattered_v01_01_c2r2.tgm,Art/Models/Terrain/Act5/Innocence/tgms_19,0,530193
8ab673f44786ee4b,innocence_stainglass_convex_shattered_v01_01_c2r2.tgm.header,Folders/art/models/terrain/act5/innocence/candletilesout,703978,7302
804c7be7ffcc68a7,innocence_stainglass_convex_shattered_v01_01_c2r1.tgm,Art/Models/Terrain/Act5/Innocence/tgms_18,2079998,55905
5c829b4b7fec3c69,innocence_stainglass_convex_shattered_v01_01_c2r1.tgm.header,Tiny_3,75779125,1846
5eed4d8754319314,innocence_stainglass_convex_shattered_v01_01_c1r3.tgm,Art/Models/Terrain/Act5/Innocence/tgms_18,1891249,188749
827742c462634e94,innocence_stainglass_convex_shattered_v01_01_c1r3.tgm.header,Tiny_3,75777147,1978
873f61b67f87dba2,innocence_stainglass_convex_shattered_v01_01_c1r2.tgm,Art/Models/Terrain/Act5/Innocence/tgms_18,1828912,62337
5a2eb9f42a6ac17d,innocence_stainglass_convex_shattered_v01_01_c1r2.tgm.header,Tiny_3,75775125,2022
d3097da53396cc31,innocence_stainglass_convex_shattered_v01_01_c1r1.tgm,Art/Models/Terrain/Act5/Innocence/tgms_18,1817915,10997
7a744b49f25a0e1e,innocence_stainglass_convex_shattered_v01_01_c1r1.tgm.header,Tiny_3,75774601,524
3e696ba4c1350752,innocence_stainglass_concave_v01_01_c3r3.tgm,Art/Models/Terrain/Act5/Innocence/tgms_18,1303298,514617
23243de7f55ebe5f,innocence_stainglass_concave_v01_01_c3r3.tgm.header,Tiny_3,75771787,2814
5c2b07aa4f7869af,innocence_stainglass_concave_v01_01_c3r2.tgm,Art/Models/Terrain/Act5/Innocence/tgms_18,879897,423401
06a6058674e98677,innocence_stainglass_concave_v01_01_c3r2.tgm.header,Tiny_3,75770513,1274
1731a570ef8a2f62,innocence_stainglass_concave_v01_01_c3r1.tgm,Art/Models/Terrain/Act5/Innocence/tgms_18,525394,354503
efcf15062c85648f,innocence_stainglass_concave_v01_01_c3r1.tgm.header,Tiny_3,75767567,2946
61540b6c0fde6306,innocence_stainglass_concave_v01_01_c2r3.tgm,Art/Models/Terrain/Act5/Innocence/tgms_18,222973,302421
7d71be0f85e90193,innocence_stainglass_concave_v01_01_c2r3.tgm.header,Tiny_3,75766469,1098
8d6a2b548766a558,innocence_stainglass_concave_v01_01_c2r2.tgm,Art/Models/Terrain/Act5/Innocence/tgms_18,0,222973
3992b58ae324f99f,innocence_stainglass_concave_v01_01_c2r2.tgm.header,Tiny_3,75702100,922
562fc39b73e3a9c0,innocence_stainglass_concave_v01_01_c2r1.tgm,Art/Models/Terrain/Act5/Innocence/tgms_17,2344197,9521
6a2c04be3673f492,innocence_stainglass_concave_v01_01_c2r1.tgm.header,Tiny_3,75766119,350
2f1dc99bb499a955,innocence_stainglass_concave_v01_01_c1r3.tgm,Art/Models/Terrain/Act5/Innocence/tgms_17,1969448,374749
c50fdd616c304304,innocence_stainglass_concave_v01_01_c1r3.tgm.header,Tiny_3,75698980,2770
b80adeb700c8dffa,innocence_stainglass_concave_v01_01_c1r2.tgm,Tiny_3,75764534,1585
fde332717e231f9f,innocence_stainglass_concave_v01_01_c1r2.tgm.header,Tiny_3,75569319,264
ceea13c4a3b5c014,innocence_stainglass_concave_v01_01_c1r1.tgm,Art/Models/Terrain/Act5/Innocence/tgms_17,1960887,8561
92ae920fdf29ccef,innocence_stainglass_concave_v01_01_c1r1.tgm.header,Tiny_3,75764184,350
a788bf9722c691ad,innocence_stainglass_concave_to_thickwall_v01_01_c3r3.tgm,Art/Models/Terrain/Act5/Innocence/tgms_17,1580010,380877
d8b160f8710c5861,innocence_stainglass_concave_to_thickwall_v01_01_c3r3.tgm.header,Tiny_3,75762118,2066
67afa787b4798e79,innocence_stainglass_concave_to_thickwall_v01_01_c3r2.tgm,Art/Models/Terrain/Act5/Innocence/tgms_17,1180413,399597
5aa534073a9b942c,innocence_stainglass_concave_to_thickwall_v01_01_c3r2.tgm.header,Tiny_3,75759568,2550
08e349c38903d9e1,innocence_stainglass_concave_to_thickwall_v01_01_c3r1.tgm,Art/Models/Terrain/Act5/Innocence/tgms_17,593830,586583
07d84802edd9aaf6,innocence_stainglass_concave_to_thickwall_v01_01_c3r1.tgm.header,Folders/art/models/terrain/act5/innocence/candletilesout,698260,5718
65d8d4082395c37f,innocence_stainglass_concave_to_thickwall_v01_01_c2r3.tgm,Art/Models/Terrain/Act5/Innocence/tgms_17,222865,370965
c4eb1a1291f87ef5,innocence_stainglass_concave_to_thickwall_v01_01_c2r3.tgm.header,Tiny_3,75757678,1890
5afbbfc2f87de7a7,innocence_stainglass_concave_to_thickwall_v01_01_c2r2.tgm,Art/Models/Terrain/Act5/Innocence/tgms_17,0,222865
9d0313f5591b53d2,innocence_stainglass_concave_to_thickwall_v01_01_c2r2.tgm.header,Tiny_3,75756756,922
60db7c8de78307ff,innocence_stainglass_concave_to_thickwall_v01_01_c2r1.tgm,Art/Models/Terrain/Act5/Innocence/tgms_16,2317404,9641
756e1c224d063625,innocence_stainglass_concave_to_thickwall_v01_01_c2r1.tgm.header,Tiny_3,75756406,350
f3670ec904b94d6a,innocence_stainglass_concave_to_thickwall_v01_01_c1r3.tgm,Art/Models/Terrain/Act5/Innocence/tgms_16,1873627,443777
da2ab5a387889254,innocence_stainglass_concave_to_thickwall_v01_01_c1r3.tgm.header,Tiny_3,75753548,2858
26e9719e1688ba1d,innocence_stainglass_concave_to_thickwall_v01_01_c1r2.tgm,Tiny_3,75752107,1441
f3b24ed327e85ee4,innocence_stainglass_concave_to_thickwall_v01_01_c1r2.tgm.header,Tiny_3,75738215,264
b02ffd8e5e253274,innocence_stainglass_concave_to_thickwall_v01_01_c1r1.tgm,Art/Models/Terrain/Act5/Innocence/tgms_16,1864802,8825
7e456a23b5b6f6ee,innocence_stainglass_concave_to_thickwall_v01_01_c1r1.tgm.header,Tiny_3,75751757,350
95125aae12e5c7e7,innocence_stainglass_concave_to_thickwall_shattered_v01_01_c3r3.tgm,Art/Models/Terrain/Act5/Innocence/tgms_16,1391521,473281
931a02681d2d75c2,innocence_stainglass_concave_to_thickwall_shattered_v01_01_c3r3.tgm.header,Tiny_3,75747755,4002
0d2c128d61e9bc50,innocence_stainglass_concave_to_thickwall_shattered_v01_01_c3r2.tgm,Art/Models/Terrain/Act5/Innocence/tgms_16,967028,424493
0b6a2a1502bed183,innocence_stainglass_concave_to_thickwall_shattered_v01_01_c3r2.tgm.header,Tiny_3,75744897,2858
bb646b3dacd22f9f,innocence_stainglass_concave_to_thickwall_shattered_v01_01_c3r1.tgm,Art/Models/Terrain/Act5/Innocence/tgms_16,380613,586415
4eb4aaa29ce607c6,innocence_stainglass_concave_to_thickwall_shattered_v01_01_c3r1.tgm.header,Folders/art/models/terrain/act5/innocence/candletilesout,692542,5718
2eef3652debf67b2,innocence_stainglass_concave_to_thickwall_shattered_v01_01_c2r3.tgm,Art/Models/Terrain/Act5/Innocence/tgms_16,0,380613
994f035cd563dd83,innocence_stainglass_concave_to_thickwall_shattered_v01_01_c2r3.tgm.header,Tiny_3,75742875,2022
a27ca4965b450c59,innocence_stainglass_concave_to_thickwall_shattered_v01_01_c2r2.tgm,Art/Models/Terrain/Act5/Innocence/tgms_15,1923010,359225
1bcfad3a5ac88fdd,innocence_stainglass_concave_to_thickwall_shattered_v01_01_c2r2.tgm.header,Tiny_3,75738829,4046
1853c0957d643e97,innocence_stainglass_concave_to_thickwall_shattered_v01_01_c2r1.tgm,Art/Models/Terrain/Act5/Innocence/tgms_15,1913393,9617
36098b8ea51ab0ab,innocence_stainglass_concave_to_thickwall_shattered_v01_01_c2r1.tgm.header,Tiny_3,75738479,350
6c2e06daf720ae5d,innocence_stainglass_concave_to_thickwall_shattered_v01_01_c1r3.tgm,Art/Models/Terrain/Act5/Innocence/tgms_15,1317564,595829
0a8bb03e2c186170,innocence_stainglass_concave_to_thickwall_shattered_v01_01_c1r3.tgm.header,Folders/art/models/terrain/act5/innocence/candletilesout,686780,5762
802228bbc8d4a67f,innocence_stainglass_concave_to_thickwall_shattered_v01_01_c1r2.tgm,Tiny_3,75736750,1465
df5906cd62cdd412,innocence_stainglass_concave_to_thickwall_shattered_v01_01_c1r2.tgm.header,Tiny_3,75738215,264
eca8c8b888d0cd26,innocence_stainglass_concave_to_thickwall_shattered_v01_01_c1r1.tgm,Art/Models/Terrain/Act5/Innocence/tgms_15,1308053,9511
ec18b322129e996f,innocence_stainglass_concave_to_thickwall_shattered_v01_01_c1r1.tgm.header,Tiny_3,75736356,394
86e227a73aff1a8b,innocence_stainglass_concave_story_v01_03_c3r3.tgm,Art/Models/Terrain/Act5/Innocence/tgms_15,777832,530221
c052645f62603ab3,innocence_stainglass_concave_story_v01_03_c3r3.tgm.header,Tiny_3,75733322,3034
fa06d8a1d3e885d6,innocence_stainglass_concave_story_v01_03_c3r2.tgm,Art/Models/Terrain/Act5/Innocence/tgms_15,354335,423497
a091d9a48fcdb651,innocence_stainglass_concave_story_v01_03_c3r2.tgm.header,Tiny_3,75732048,1274
40d41ee4d1f2c7fe,innocence_stainglass_concave_story_v01_03_c3r1.tgm,Art/Models/Terrain/Act5/Innocence/tgms_15,0,354335
5e769070e6081788,innocence_stainglass_concave_story_v01_03_c3r1.tgm.header,Tiny_3,75729102,2946
743167de0613efb5,innocence_stainglass_concave_story_v01_03_c2r3.tgm,Art/Models/Terrain/Act5/Innocence/tgms_14,1898345,302253
d95cc1de30d8f302,innocence_stainglass_concave_story_v01_03_c2r3.tgm.header,Tiny_3,75728004,1098
a719d6af89a33d80,innocence_stainglass_concave_story_v01_03_c2r2.tgm,Art/Models/Terrain/Act5/Innocence/tgms_14,1685208,213137
0a97b6f230dbcf73,innocence_stainglass_concave_story_v01_03_c2r2.tgm.header,Tiny_3,75727126,878
32d2e29b018f3adf,innocence_stainglass_concave_story_v01_03_c2r1.tgm,Art/Models/Terrain/Act5/Innocence/tgms_14,1675711,9497
ce30c52e3d830819,innocence_stainglass_concave_story_v01_03_c2r1.tgm.header,Tiny_3,75726776,350
b98115c3aae06117,innocence_stainglass_concave_story_v01_03_c1r3.tgm,Art/Models/Terrain/Act5/Innocence/tgms_14,1301106,374605
59bdcec53f7177fb,innocence_stainglass_concave_story_v01_03_c1r3.tgm.header,Tiny_3,75724006,2770
029060ea4aaf43e4,innocence_stainglass_concave_story_v01_03_c1r2.tgm,Tiny_3,75722469,1537
cee443ddc2fe7623,innocence_stainglass_concave_story_v01_03_c1r2.tgm.header,Tiny_3,75569319,264
165bee374f2bdaeb,innocence_stainglass_concave_story_v01_03_c1r1.tgm,Art/Models/Terrain/Act5/Innocence/tgms_14,1292569,8537
bb8cb8e0578e82c2,innocence_stainglass_concave_story_v01_03_c1r1.tgm.header,Tiny_3,75711154,350
7c9602b58996da96,innocence_stainglass_concave_story_v01_02_c3r3.tgm,Art/Models/Terrain/Act5/Innocence/tgms_14,777880,514689
be1c07ed94895171,innocence_stainglass_concave_story_v01_02_c3r3.tgm.header,Tiny_3,75719655,2814
bc3b90b2703fc5bc,innocence_stainglass_concave_story_v01_02_c3r2.tgm,Art/Models/Terrain/Act5/Innocence/tgms_14,354383,423497
ae052db54be3a0f1,innocence_stainglass_concave_story_v01_02_c3r2.tgm.header,Tiny_3,75718381,1274
befa72b33147784e,innocence_stainglass_concave_story_v01_02_c3r1.tgm,Art/Models/Terrain/Act5/Innocence/tgms_14,0,354383
0b1686468900780c,innocence_stainglass_concave_story_v01_02_c3r1.tgm.header,Tiny_3,75715435,2946
c41c5712527b82cf,innocence_stainglass_concave_story_v01_02_c2r3.tgm,Art/Models/Terrain/Act5/Innocence/tgms_13,1908229,302517
cd0aa1ae4a3c20be,innocence_stainglass_concave_story_v01_02_c2r3.tgm.header,Tiny_3,75714337,1098
71292173c1a0ad59,innocence_stainglass_concave_story_v01_02_c2r2.tgm,Art/Models/Terrain/Act5/Innocence/tgms_13,1685376,222853
66e4c7d8f28e54d6,innocence_stainglass_concave_story_v01_02_c2r2.tgm.header,Tiny_3,75713415,922
cae40d85e250cab0,innocence_stainglass_concave_story_v01_02_c2r1.tgm,Art/Models/Terrain/Act5/Innocence/tgms_13,1675855,9521
264c13da51d2f570,innocence_stainglass_concave_story_v01_02_c2r1.tgm.header,Tiny_3,75713065,350
52a88f1ef23af072,innocence_stainglass_concave_story_v01_02_c1r3.tgm,Art/Models/Terrain/Act5/Innocence/tgms_13,1300986,374869
5bc2d83d26c7282d,innocence_stainglass_concave_story_v01_02_c1r3.tgm.header,Tiny_3,75680183,2770
0b25db19e4726f38,innocence_stainglass_concave_story_v01_02_c1r2.tgm,Tiny_3,75711504,1561
45835600d50cbf70,innocence_stainglass_concave_story_v01_02_c1r2.tgm.header,Tiny_3,75569319,264
0d9c23d7c61880cd,innocence_stainglass_concave_story_v01_02_c1r1.tgm,Art/Models/Terrain/Act5/Innocence/tgms_13,1292449,8537
55bfd1834ea341e7,innocence_stainglass_concave_story_v01_02_c1r1.tgm.header,Tiny_3,75711154,350
cace6129c1ac4fe4,innocence_stainglass_concave_story_v01_01_c3r3.tgm,Art/Models/Terrain/Act5/Innocence/tgms_13,777784,514665
884a8303aac42baf,innocence_stainglass_concave_story_v01_01_c3r3.tgm.header,Tiny_3,75708340,2814
c624373a2e570359,innocence_stainglass_concave_story_v01_01_c3r2.tgm,Art/Models/Terrain/Act5/Innocence/tgms_13,354383,423401
95abb7e40c152f0c,innocence_stainglass_concave_story_v01_01_c3r2.tgm.header,Tiny_3,75707066,1274
527d7790b0a3687e,innocence_stainglass_concave_story_v01_01_c3r1.tgm,Art/Models/Terrain/Act5/Innocence/tgms_13,0,354383
e36934ebb8cd3051,innocence_stainglass_concave_story_v01_01_c3r1.tgm.header,Tiny_3,75704120,2946
e5e9bbef844b1f60,innocence_stainglass_concave_story_v01_01_c2r3.tgm,Art/Models/Terrain/Act5/Innocence/tgms_12,1664318,302613
10829e9115c351b2,innocence_stainglass_concave_story_v01_01_c2r3.tgm.header,Tiny_3,75703022,1098
63b107bf69f65be9,innocence_stainglass_concave_story_v01_01_c2r2.tgm,Art/Models/Terrain/Act5/Innocence/tgms_12,1441369,222949
8d921e627ecd6a6f,innocence_stainglass_concave_story_v01_01_c2r2.tgm.header,Tiny_3,75702100,922
be44745800009fcb,innocence_stainglass_concave_story_v01_01_c2r1.tgm,Art/Models/Terrain/Act5/Innocence/tgms_12,1431848,9521
fdd770df3d6a7ecb,innocence_stainglass_concave_story_v01_01_c2r1.tgm.header,Tiny_3,75701750,350
583c784794384b5e,innocence_stainglass_concave_story_v01_01_c1r3.tgm,Art/Models/Terrain/Act5/Innocence/tgms_12,1057051,374797
92fc1d0505afc743,innocence_stainglass_concave_story_v01_01_c1r3.tgm.header,Tiny_3,75698980,2770
dda54b22b0292eb0,innocence_stainglass_concave_story_v01_01_c1r2.tgm,Tiny_3,75697371,1609
ac3e5e2eb850e428,innocence_stainglass_concave_story_v01_01_c1r2.tgm.header,Tiny_3,75569319,264
3b6ecd5598334426,innocence_stainglass_concave_story_v01_01_c1r1.tgm,Art/Models/Terrain/Act5/Innocence/tgms_12,1048466,8585
0f3094bf1caf6ba3,innocence_stainglass_concave_story_v01_01_c1r1.tgm.header,Tiny_3,75697021,350
76edbe7d837d9108,innocence_stainglass_concave_shattered_v01_01_c3r3.tgm,Art/Models/Terrain/Act5/Innocence/tgms_12,444389,604077
3974d78d02146476,innocence_stainglass_concave_shattered_v01_01_c3r3.tgm.header,Folders/art/models/terrain/act5/innocence/candletilesout,681590,5190
30c07b076e7f98e9,innocence_stainglass_concave_shattered_v01_01_c3r2.tgm,Art/Models/Terrain/Act5/Innocence/tgms_12,0,444389
bb7e2cad740a6ff6,innocence_stainglass_concave_shattered_v01_01_c3r2.tgm.header,Tiny_3,75692537,1538
db6749f8e2ceadde,innocence_stainglass_concave_shattered_v01_01_c3r1.tgm,Art/Models/Terrain/Act5/Innocence/tgms_11,1605638,354431
f4007fb2dfc64821,innocence_stainglass_concave_shattered_v01_01_c3r1.tgm.header,Tiny_3,75694075,2946
1700c03ecd634a63,innocence_stainglass_concave_shattered_v01_01_c2r3.tgm,Art/Models/Terrain/Act5/Innocence/tgms_11,1261181,344457
0c8b9f66471f94b8,innocence_stainglass_concave_shattered_v01_01_c2r3.tgm.header,Tiny_3,75686777,2814
934e567462a3f232,innocence_stainglass_concave_shattered_v01_01_c2r2.tgm,Art/Models/Terrain/Act5/Innocence/tgms_11,996764,264417
fe438b357d006806,innocence_stainglass_concave_shattered_v01_01_c2r2.tgm.header,Tiny_3,75683303,3474
ec96f7e4c2428f4c,innocence_stainglass_concave_shattered_v01_01_c2r1.tgm,Art/Models/Terrain/Act5/Innocence/tgms_11,987291,9473
26bf3250c38209d8,innocence_stainglass_concave_shattered_v01_01_c2r1.tgm.header,Tiny_3,75682953,350
fe2c9b6e2b8728b1,innocence_stainglass_concave_shattered_v01_01_c1r3.tgm,Art/Models/Terrain/Act5/Innocence/tgms_11,612518,374773
aae89a4ae3cf2a5e,innocence_stainglass_concave_shattered_v01_01_c1r3.tgm.header,Tiny_3,75680183,2770
a2644f02c8b3f454,innocence_stainglass_concave_shattered_v01_01_c1r2.tgm,Tiny_3,75678622,1561
b0ecd5415f538b08,innocence_stainglass_concave_shattered_v01_01_c1r2.tgm.header,Tiny_3,75569319,264
a99906a5e7d1c912,innocence_stainglass_concave_shattered_v01_01_c1r1.tgm,Art/Models/Terrain/Act5/Innocence/tgms_11,603981,8537
28a72ec2a78a2d99,innocence_stainglass_concave_shattered_v01_01_c1r1.tgm.header,Tiny_3,75678272,350
e6c454425bdc3a05,innocence_stainglass_concave_shattered_novfx_v01_01_c3r3.tgm,Art/Models/Terrain/Act5/Innocence/tgms_11,0,603981
8f1866060de1547a,innocence_stainglass_concave_shattered_novfx_v01_01_c3r3.tgm.header,Folders/art/models/terrain/act5/innocence/candletilesout,681590,5190
fdcca510a4c6af1d,innocence_stainglass_concave_shattered_novfx_v01_01_c3r2.tgm,Art/Models/Terrain/Act5/Innocence/tgms_10,2004673,444413
bb3845f5631d127b,innocence_stainglass_concave_shattered_novfx_v01_01_c3r2.tgm.header,Tiny_3,75692537,1538
e359b29066f63b1c,innocence_stainglass_concave_shattered_novfx_v01_01_c3r1.tgm,Art/Models/Terrain/Act5/Innocence/tgms_10,1650266,354407
eae3dac17161e24e,innocence_stainglass_concave_shattered_novfx_v01_01_c3r1.tgm.header,Tiny_3,75689591,2946
328c5bc823a0b13b,innocence_stainglass_concave_shattered_novfx_v01_01_c2r3.tgm,Art/Models/Terrain/Act5/Innocence/tgms_10,1305785,344481
f8a4777e04e9bb82,innocence_stainglass_concave_shattered_novfx_v01_01_c2r3.tgm.header,Tiny_3,75686777,2814
1fc89c05a34f8ee8,innocence_stainglass_concave_shattered_novfx_v01_01_c2r2.tgm,Art/Models/Terrain/Act5/Innocence/tgms_10,1041392,264393
8b6d8a38b7c15bba,innocence_stainglass_concave_shattered_novfx_v01_01_c2r2.tgm.header,Tiny_3,75683303,3474
110d175b6c917ca0,innocence_stainglass_concave_shattered_novfx_v01_01_c2r1.tgm,Art/Models/Terrain/Act5/Innocence/tgms_10,1031919,9473
336c3ecc52249f55,innocence_stainglass_concave_shattered_novfx_v01_01_c2r1.tgm.header,Tiny_3,75682953,350
fa6ecf06556794a4,innocence_stainglass_concave_shattered_novfx_v01_01_c1r3.tgm,Art/Models/Terrain/Act5/Innocence/tgms_10,657074,374845
97ec97982fd1ae02,innocence_stainglass_concave_shattered_novfx_v01_01_c1r3.tgm.header,Tiny_3,75680183,2770
4d8e3d3a13c92bdb,innocence_stainglass_concave_shattered_novfx_v01_01_c1r2.tgm,Tiny_3,75678622,1561
edf51bef2650ca1b,innocence_stainglass_concave_shattered_novfx_v01_01_c1r2.tgm.header,Tiny_3,75569319,264
e1d38806b1f7595a,innocence_stainglass_concave_shattered_novfx_v01_01_c1r1.tgm,Art/Models/Terrain/Act5/Innocence/tgms_10,648537,8537
9652a78a589b1ffb,innocence_stainglass_concave_shattered_novfx_v01_01_c1r1.tgm.header,Tiny_3,75678272,350
7f8185d2b630b461,innocence_stainglass_boss_straight_v02_01_c3r3.tgm,Art/Models/Terrain/Act5/Innocence/tgms_10,484948,163589
d6e0ce01b7afcde3,innocence_stainglass_boss_straight_v02_01_c3r3.tgm.header,Tiny_3,75677130,1142
8da40e8cac3566d4,innocence_stainglass_boss_straight_v02_01_c3r2.tgm,Tiny_3,75674291,2839
3ec1ac99b1452336,innocence_stainglass_boss_straight_v02_01_c3r2.tgm.header,Tiny_3,75645750,264
05b957d5ce22be6a,innocence_stainglass_boss_straight_v02_01_c3r1.tgm,Art/Models/Terrain/Act5/Innocence/tgms_10,460587,24361
1520998507a9a8e2,innocence_stainglass_boss_straight_v02_01_c3r1.tgm.header,Tiny_3,75673812,479
02f0f32bf6b24ff3,innocence_stainglass_boss_straight_v02_01_c2r3.tgm,Tiny_3,75672035,1777
a9c0008162d1bdb5,innocence_stainglass_boss_straight_v02_01_c2r3.tgm.header,Tiny_3,75628633,264
a7a3983e5dec0096,innocence_stainglass_boss_straight_v02_01_c2r2.tgm,Tiny_3,75669082,2689
f938ffa719bb183e,innocence_stainglass_boss_straight_v02_01_c2r2.tgm.header,Tiny_3,75671771,264
9da8e612593cf4df,innocence_stainglass_boss_straight_v02_01_c2r1.tgm,Tiny_3,75667285,1797
29c04e51ac8aac9f,innocence_stainglass_boss_straight_v02_01_c2r1.tgm.header,Tiny_3,75639405,264
ed62887ae6f348c0,innocence_stainglass_boss_straight_v02_01_c1r3.tgm,Tiny_3,75665502,1783
b733d20117165de8,innocence_stainglass_boss_straight_v02_01_c1r3.tgm.header,Tiny_3,75621607,264
5d968b29bda29e9d,innocence_stainglass_boss_straight_v02_01_c1r2.tgm,Tiny_3,75662525,2713
9b28cf93e3fc3134,innocence_stainglass_boss_straight_v02_01_c1r2.tgm.header,Tiny_3,75665238,264
74507b42aa1db06c,innocence_stainglass_boss_straight_v02_01_c1r1.tgm,Art/Models/Terrain/Act5/Innocence/tgms_10,403022,57565
f671ede1483fca58,innocence_stainglass_boss_straight_v02_01_c1r1.tgm.header,Tiny_3,75661914,611
1ddd422a2cce34c9,innocence_stainglass_boss_straight_v01_02_c3r3.tgm,Tiny_3,75659537,2113
afc7b4a8c68d5168,innocence_stainglass_boss_straight_v01_02_c3r3.tgm.header,Tiny_3,75661650,264
fa649726d4fa139f,innocence_stainglass_boss_straight_v01_02_c3r2.tgm,Tiny_3,75656554,2719
d008c118a898fe78,innocence_stainglass_boss_straight_v01_02_c3r2.tgm.header,Tiny_3,75659273,264
0e9d5f336a513c6f,innocence_stainglass_boss_straight_v01_02_c3r1.tgm,Art/Models/Terrain/Act5/Innocence/tgms_10,344725,58297
08e2ff19731b35ea,innocence_stainglass_boss_straight_v01_02_c3r1.tgm.header,Tiny_3,75655943,611
bf2ac01ff3db9b87,innocence_stainglass_boss_straight_v01_02_c2r3.tgm,Tiny_3,75654142,1801
869c3ba4c1d3f3d1,innocence_stainglass_boss_straight_v01_02_c2r3.tgm.header,Tiny_3,75628633,264
932725edc44dd46c,innocence_stainglass_boss_straight_v01_02_c2r2.tgm,Art/Models/Terrain/Act5/Innocence/tgms_10,248372,96353
6486d29f9ccb7a0c,innocence_stainglass_boss_straight_v01_02_c2r2.tgm.header,Tiny_3,75653264,878
12fdd60e672731b3,innocence_stainglass_boss_straight_v01_02_c2r1.tgm,Tiny_3,75651263,1737
dce35f22bc83f208,innocence_stainglass_boss_straight_v01_02_c2r1.tgm.header,Tiny_3,75653000,264
973cb9d5d2279774,innocence_stainglass_boss_straight_v01_02_c1r3.tgm,Tiny_3,75648940,2059
95f267943d491622,innocence_stainglass_boss_straight_v01_02_c1r3.tgm.header,Tiny_3,75650999,264
f6219ffc21cc2e5a,innocence_stainglass_boss_straight_v01_02_c1r2.tgm,Art/Models/Terrain/Act5/Innocence/tgms_10,212071,36301
1b4e040da73f0623,innocence_stainglass_boss_straight_v01_02_c1r2.tgm.header,Tiny_3,75648546,394
73089cf3f07d80dd,innocence_stainglass_boss_straight_v01_02_c1r1.tgm,Art/Models/Terrain/Act5/Innocence/tgms_10,154542,57529
257d708476328cd9,innocence_stainglass_boss_straight_v01_02_c1r1.tgm.header,Tiny_3,75647935,611
4c9c3af8d1717f87,innocence_stainglass_boss_straight_v01_01_c3r3.tgm,Tiny_3,75646014,1921
f9242ef922946c38,innocence_stainglass_boss_straight_v01_01_c3r3.tgm.header,Tiny_3,75634508,264
cde28a256b237ca1,innocence_stainglass_boss_straight_v01_01_c3r2.tgm,Tiny_3,75642935,2815
15468e61a5d56b2f,innocence_stainglass_boss_straight_v01_01_c3r2.tgm.header,Tiny_3,75645750,264
7287e4089375ac3e,innocence_stainglass_boss_straight_v01_01_c3r1.tgm,Art/Models/Terrain/Act5/Innocence/tgms_10,96341,58201
9c954743df0dd916,innocence_stainglass_boss_straight_v01_01_c3r1.tgm.header,Tiny_3,75642324,611
8c93299120d435a0,innocence_stainglass_boss_straight_v01_01_c2r3.tgm,Tiny_3,75640547,1777
baa8ad57fd66aee2,innocence_stainglass_boss_straight_v01_01_c2r3.tgm.header,Tiny_3,75628633,264
99c1e97dc5979177,innocence_stainglass_boss_straight_v01_01_c2r2.tgm,Art/Models/Terrain/Act5/Innocence/tgms_10,0,96341
ebb70b558470f735,innocence_stainglass_boss_straight_v01_01_c2r2.tgm.header,Tiny_3,75639669,878
f0559e147b9fadcf,innocence_stainglass_boss_straight_v01_01_c2r1.tgm,Tiny_3,75637560,1845
1127dcb8392e471c,innocence_stainglass_boss_straight_v01_01_c2r1.tgm.header,Tiny_3,75639405,264
d00616f76090ced3,innocence_stainglass_boss_straight_v01_01_c1r3.tgm,Tiny_3,75635777,1783
34aeb00d2535b3eb,innocence_stainglass_boss_straight_v01_01_c1r3.tgm.header,Tiny_3,75621607,264
0e2fed7c908d53d3,innocence_stainglass_boss_straight_v01_01_c1r2.tgm,Art/Models/Terrain/Act5/Innocence/tgms_9,2165799,36445
4c23ba19189a24c9,innocence_stainglass_boss_straight_v01_01_c1r2.tgm.header,Tiny_3,75635383,394
e99ed32889f606f7,innocence_stainglass_boss_straight_v01_01_c1r1.tgm,Art/Models/Terrain/Act5/Innocence/tgms_9,2108186,57613
a59fa04422f559f7,innocence_stainglass_boss_straight_v01_01_c1r1.tgm.header,Tiny_3,75634772,611
30304ff3ba1e9d07,innocence_stainglass_boss_straight_shattered_v02_01_c3r3.tgm,Tiny_3,75632587,1921
39ef996fc8fc1e70,innocence_stainglass_boss_straight_shattered_v02_01_c3r3.tgm.header,Tiny_3,75634508,264
fc5a6b9654feb0db,innocence_stainglass_boss_straight_shattered_v02_01_c3r2.tgm,Tiny_3,75629508,2815
ff071c193bb41df5,innocence_stainglass_boss_straight_shattered_v02_01_c3r2.tgm.header,Tiny_3,75632323,264
1bc4506f228923d9,innocence_stainglass_boss_straight_shattered_v02_01_c3r1.tgm,Art/Models/Terrain/Act5/Innocence/tgms_9,2049961,58225
ff54e02aa9584d67,innocence_stainglass_boss_straight_shattered_v02_01_c3r1.tgm.header,Tiny_3,75628897,611
28d1cde2533aa0e2,innocence_stainglass_boss_straight_shattered_v02_01_c2r3.tgm,Tiny_3,75626880,1753
7090d0ce711470a5,innocence_stainglass_boss_straight_shattered_v02_01_c2r3.tgm.header,Tiny_3,75628633,264
b2f054bb9dbcd5e9,innocence_stainglass_boss_straight_shattered_v02_01_c2r2.tgm,Art/Models/Terrain/Act5/Innocence/tgms_9,1893468,156493
2ec6ba91c18c8ca8,innocence_stainglass_boss_straight_shattered_v02_01_c2r2.tgm.header,Tiny_3,75624770,2110
6e0735fd108f88d5,innocence_stainglass_boss_straight_shattered_v02_01_c2r1.tgm,Art/Models/Terrain/Act5/Innocence/tgms_9,1775463,118005
d4725da6cada863a,innocence_stainglass_boss_straight_shattered_v02_01_c2r1.tgm.header,Tiny_3,75621871,2899
d778d42e31a3bbb7,innocence_stainglass_boss_straight_shattered_v02_01_c1r3.tgm,Tiny_3,75619872,1735
080f0b3b19f630eb,innocence_stainglass_boss_straight_shattered_v02_01_c1r3.tgm.header,Tiny_3,75621607,264
95d7d7d42e7c0170,innocence_stainglass_boss_straight_shattered_v02_01_c1r2.tgm,Art/Models/Terrain/Act5/Innocence/tgms_9,1669130,106333
e9995324cf47461c,innocence_stainglass_boss_straight_shattered_v02_01_c1r2.tgm.header,Tiny_3,75618158,1714
cb75764e5f73010c,innocence_stainglass_boss_straight_shattered_v02_01_c1r1.tgm,Art/Models/Terrain/Act5/Innocence/tgms_9,1611517,57613
f2d2393e2a6b4d8c,innocence_stainglass_boss_straight_shattered_v02_01_c1r1.tgm.header,Tiny_3,75617547,611
42b0b49c29eea450,innocence_stainglass_boss_concave_v02_01_c3r3.tgm,Art/Models/Terrain/Act5/Innocence/tgms_9,1355268,256249
c258a3ebbaa1f484,innocence_stainglass_boss_concave_v02_01_c3r3.tgm.header,Tiny_3,75617021,526
e3d12d2d29bd96ab,innocence_stainglass_boss_concave_v02_01_c3r2.tgm,Art/Models/Terrain/Act5/Innocence/tgms_9,1012019,343249
29cbf0e656aac447,innocence_stainglass_boss_concave_v02_01_c3r2.tgm.header,Tiny_3,75616495,526
93e98c2fee510e5a,innocence_stainglass_boss_concave_v02_01_c3r1.tgm,Art/Models/Terrain/Act5/Innocence/tgms_9,880008,132011
91f246cbaf010ae7,innocence_stainglass_boss_concave_v02_01_c3r1.tgm.header,Tiny_3,75615793,702
986e94b4ac7e8d43,innocence_stainglass_boss_concave_v02_01_c2r3.tgm,Art/Models/Terrain/Act5/Innocence/tgms_9,648567,231441
4866e13288270244,innocence_stainglass_boss_concave_v02_01_c2r3.tgm.header,Tiny_3,75615355,438
da865a6719b8f969,innocence_stainglass_boss_concave_v02_01_c2r2.tgm,Art/Models/Terrain/Act5/Innocence/tgms_9,413074,235493
a2a9a16290fc0a0c,innocence_stainglass_boss_concave_v02_01_c2r2.tgm.header,Tiny_3,75614609,746
93d4d663af0554cb,innocence_stainglass_boss_concave_v02_01_c2r1.tgm,Tiny_3,75612508,1837
d72b988bcdc3591e,innocence_stainglass_boss_concave_v02_01_c2r1.tgm.header,Tiny_3,75614345,264
c66f014268e8187c,innocence_stainglass_boss_concave_v02_01_c1r3.tgm,Art/Models/Terrain/Act5/Innocence/tgms_9,256121,156953
09461d870ec0f1d8,innocence_stainglass_boss_concave_v02_01_c1r3.tgm.header,Tiny_3,75611894,614
f45a509886ae9216,innocence_stainglass_boss_concave_v02_01_c1r2.tgm,Tiny_3,75610381,1513
6fbc0215c00f02aa,innocence_stainglass_boss_concave_v02_01_c1r2.tgm.header,Tiny_3,75569319,264
356ab07a2ef8b2d2,innocence_stainglass_boss_concave_v02_01_c1r1.tgm,Tiny_3,75608100,2281
7592641c432e10a0,innocence_stainglass_boss_concave_v02_01_c1r1.tgm.header,Tiny_3,75600670,264
c8fa446e67ce4ace,innocence_stainglass_boss_concave_v01_01_c3r3.tgm,Art/Models/Terrain/Act5/Innocence/tgms_9,0,256121
3d345be3b4b328e8,innocence_stainglass_boss_concave_v01_01_c3r3.tgm.header,Tiny_3,75607618,482
54f0e2fd6e444874,innocence_stainglass_boss_concave_v01_01_c3r2.tgm,Art/Models/Terrain/Act5/Innocence/tgms_8,1584494,343081
fb7b05c0737afde2,innocence_stainglass_boss_concave_v01_01_c3r2.tgm.header,Tiny_3,75607092,526
5a91c5d353c35527,innocence_stainglass_boss_concave_v01_01_c3r1.tgm,Art/Models/Terrain/Act5/Innocence/tgms_8,1452271,132223
266ded568d4dd8b7,innocence_stainglass_boss_concave_v01_01_c3r1.tgm.header,Tiny_3,75606346,746
83a461868629c27d,innocence_stainglass_boss_concave_v01_01_c2r3.tgm,Art/Models/Terrain/Act5/Innocence/tgms_8,1220974,231297
a40741db6537c2f8,innocence_stainglass_boss_concave_v01_01_c2r3.tgm.header,Tiny_3,75605908,438
9b1820ab1f34b046,innocence_stainglass_boss_concave_v01_01_c2r2.tgm,Art/Models/Terrain/Act5/Innocence/tgms_8,985385,235589
f6535591baf08637,innocence_stainglass_boss_concave_v01_01_c2r2.tgm.header,Tiny_3,75605162,746
6bd26ddb249f2bdc,innocence_stainglass_boss_concave_v01_01_c2r1.tgm,Tiny_3,75603061,1837
eb2b7d942d654161,innocence_stainglass_boss_concave_v01_01_c2r1.tgm.header,Tiny_3,75604898,264
503cae3067e6b0ae,innocence_stainglass_boss_concave_v01_01_c1r3.tgm,Art/Models/Terrain/Act5/Innocence/tgms_8,828456,156929
9bb9bc2ed2560f14,innocence_stainglass_boss_concave_v01_01_c1r3.tgm.header,Tiny_3,75602447,614
51d4481c57f89cc7,innocence_stainglass_boss_concave_v01_01_c1r2.tgm,Tiny_3,75600934,1513
b4e22b93aea30c0f,innocence_stainglass_boss_concave_v01_01_c1r2.tgm.header,Tiny_3,75569319,264
40e1ecc067e8fc93,innocence_stainglass_boss_concave_v01_01_c1r1.tgm,Tiny_3,75598389,2281
69e382fbd752f448,innocence_stainglass_boss_concave_v01_01_c1r1.tgm.header,Tiny_3,75600670,264
03e7fdbff26aff90,innocence_stainglass_boss_concave_shattered_v02_01_c3r3.tgm,Art/Models/Terrain/Act5/Innocence/tgms_8,402423,426033
6a8eadc2c50a91a3,innocence_stainglass_boss_concave_shattered_v02_01_c3r3.tgm.header,Tiny_3,75595311,3078
49bc4a674e1d95de,innocence_stainglass_boss_concave_shattered_v02_01_c3r2.tgm,Art/Models/Terrain/Act5/Innocence/tgms_8,0,402423
547c42734e66c25a,innocence_stainglass_boss_concave_shattered_v02_01_c3r2.tgm.header,Tiny_3,75593685,1626
0b70538a54e6c6cc,innocence_stainglass_boss_concave_shattered_v02_01_c3r1.tgm,Art/Models/Terrain/Act5/Innocence/tgms_7,1892745,134395
c2b453d290476473,innocence_stainglass_boss_concave_shattered_v02_01_c3r1.tgm.header,Tiny_3,75592939,746
22697287a095abee,innocence_stainglass_boss_concave_shattered_v02_01_c2r3.tgm,Art/Models/Terrain/Act5/Innocence/tgms_7,1601088,291657
67a0e325ded4a109,innocence_stainglass_boss_concave_shattered_v02_01_c2r3.tgm.header,Tiny_3,75591313,1626
1decd891ad1d8efd,innocence_stainglass_boss_concave_shattered_v02_01_c2r2.tgm,Art/Models/Terrain/Act5/Innocence/tgms_7,1352983,248105
84f85836cb0fb690,innocence_stainglass_boss_concave_shattered_v02_01_c2r2.tgm.header,Tiny_3,75588587,2726
8af9ddf194541247,innocence_stainglass_boss_concave_shattered_v02_01_c2r1.tgm,Tiny_3,75585368,2913
bedaf10256c73da4,innocence_stainglass_boss_concave_shattered_v02_01_c2r1.tgm.header,Tiny_3,75588281,306
56d09b08df5eee89,innocence_stainglass_boss_concave_shattered_v02_01_c1r3.tgm,Art/Models/Terrain/Act5/Innocence/tgms_7,1114134,238849
8128864b6047622a,innocence_stainglass_boss_concave_shattered_v02_01_c1r3.tgm.header,Tiny_3,75583258,2110
783ca0c262f22c89,innocence_stainglass_boss_concave_shattered_v02_01_c1r2.tgm,Tiny_3,75581721,1537
bb38a3a4844a2968,innocence_stainglass_boss_concave_shattered_v02_01_c1r2.tgm.header,Tiny_3,75569319,264
c44d70005c0b61e2,innocence_stainglass_boss_concave_shattered_v02_01_c1r1.tgm,Tiny_3,75578196,3219
894f4cef46dd6344,innocence_stainglass_boss_concave_shattered_v02_01_c1r1.tgm.header,Tiny_3,75581415,306
5701608155b5a243,innocence_stainglass_boss_concave_shattered_v01_01_c3r3.tgm,Art/Models/Terrain/Act5/Innocence/tgms_7,792581,321553
7c33575db94846ca,innocence_stainglass_boss_concave_shattered_v01_01_c3r3.tgm.header,Tiny_3,75576350,1846
accd5fc0353ed478,innocence_stainglass_boss_concave_shattered_v01_01_c3r2.tgm,Art/Models/Terrain/Act5/Innocence/tgms_7,449404,343177
5584a49400c7df20,innocence_stainglass_boss_concave_shattered_v01_01_c3r2.tgm.header,Tiny_3,75575824,526
65379ca3a78ba3d7,innocence_stainglass_boss_concave_shattered_v01_01_c3r1.tgm,Art/Models/Terrain/Act5/Innocence/tgms_7,317489,131915
c02680122325cf55,innocence_stainglass_boss_concave_shattered_v01_01_c3r1.tgm.header,Tiny_3,75575122,702
bea2d1aa1731bea0,innocence_stainglass_boss_concave_shattered_v01_01_c2r3.tgm,Art/Models/Terrain/Act5/Innocence/tgms_7,0,317489
9da1b1d53831a802,innocence_stainglass_boss_concave_shattered_v01_01_c2r3.tgm.header,Tiny_3,75573188,1934
f646081d6be3af19,innocence_stainglass_boss_concave_shattered_v01_01_c2r2.tgm,Art/Models/Terrain/Act5/Innocence/tgms_6,2527881,396761
53e33c83a448e606,innocence_stainglass_boss_concave_shattered_v01_01_c2r2.tgm.header,Folders/art/models/terrain/act5/innocence/candletilesout,677412,4178
190bcccc0fa9032e,innocence_stainglass_boss_concave_shattered_v01_01_c2r1.tgm,Tiny_3,75570197,2685
303579c5b9fcde78,innocence_stainglass_boss_concave_shattered_v01_01_c2r1.tgm.header,Tiny_3,75572882,306
67b8891e2523d118,innocence_stainglass_boss_concave_shattered_v01_01_c1r3.tgm,Art/Models/Terrain/Act5/Innocence/tgms_6,2370928,156953
729fb27e58d0fea7,innocence_stainglass_boss_concave_shattered_v01_01_c1r3.tgm.header,Tiny_3,75569583,614
f52978941b4d4eaf,innocence_stainglass_boss_concave_shattered_v01_01_c1r2.tgm,Tiny_3,75567806,1513
a73a7b39a6763f78,innocence_stainglass_boss_concave_shattered_v01_01_c1r2.tgm.header,Tiny_3,75569319,264
af4f609f857e10ba,innocence_stainglass_boss_concave_shattered_v01_01_c1r1.tgm,Tiny_3,75564899,2601
017f8552cbe2d144,innocence_stainglass_boss_concave_shattered_v01_01_c1r1.tgm.header,Tiny_3,75567500,306
df5d362d0ef6bd78,innocence_single_pillar1.tgm,Art/Models/Terrain/Act5/Innocence/tgms_6,2322445,48483
6a1a149deed82862,innocence_single_pillar1.tgm.header,Tiny_3,75564109,790
39cf5ea289e19e0c,innocence_side_transition_v02_01_c3r3.tgm,Art/Models/Terrain/Act5/Innocence/tgms_6,2081950,240495
f5e14792b4a58593,innocence_side_transition_v02_01_c3r3.tgm.header,Tiny_3,75560107,4002
9c7baaf226001bad,innocence_side_transition_v02_01_c3r2.tgm,Art/Models/Terrain/Act5/Innocence/tgms_6,1901907,180043
d8e691236e807951,innocence_side_transition_v02_01_c3r2.tgm.header,Tiny_3,75556853,3254
a8a97713991969ad,innocence_side_transition_v02_01_c3r1.tgm,Art/Models/Terrain/Act5/Innocence/tgms_6,1654630,247277
92df4077afb4f9b3,innocence_side_transition_v02_01_c3r1.tgm.header,Folders/art/models/terrain/act5/innocence/candletilesout,672882,4530
f37ae3a11b049ec9,innocence_side_transition_v02_01_c2r3.tgm,Art/Models/Terrain/Act5/Innocence/tgms_6,1572197,82433
880d1d4d09d67708,innocence_side_transition_v02_01_c2r3.tgm.header,Tiny_3,75554303,2550
7f2132204b247f5f,innocence_side_transition_v02_01_c2r2.tgm,Art/Models/Terrain/Act5/Innocence/tgms_6,1561748,10449
338612eb8dd362f0,innocence_side_transition_v02_01_c2r2.tgm.header,Tiny_3,75553648,655
2eac5fd571381f1a,innocence_side_transition_v02_01_c2r1.tgm,Tiny_4,57575086,57
7053dbfe5f5355be,innocence_side_transition_v02_01_c2r1.tgm.header,Tiny_6,10994494,264
c4a81c8a5a6abdd5,innocence_side_transition_v02_01_c1r3.tgm,Art/Models/Terrain/Act5/Innocence/tgms_6,1321371,240377
d9ff01b5abd8585a,innocence_side_transition_v02_01_c1r3.tgm.header,Tiny_3,75549602,4046
be0f514c70561712,innocence_side_transition_v02_01_c1r2.tgm,Art/Models/Terrain/Act5/Innocence/tgms_6,1141114,180257
4261772f77faba59,innocence_side_transition_v02_01_c1r2.tgm.header,Tiny_3,75546392,3210
4667526098e13e17,innocence_side_transition_v02_01_c1r1.tgm,Art/Models/Terrain/Act5/Innocence/tgms_6,905325,235789
4028c8a4010811a0,innocence_side_transition_v02_01_c1r1.tgm.header,Folders/art/models/terrain/act5/innocence/candletilesout,667960,4922
e9caea0d5eb9c1f8,innocence_side_transition_v01_01_c3r3.tgm,Art/Models/Terrain/Act5/Innocence/tgms_6,900198,5127
9ccc6f2ff22a08e1,innocence_side_transition_v01_01_c3r3.tgm.header,Tiny_3,75546086,306
b586ed6df4fdf70f,innocence_side_transition_v01_01_c3r2.tgm,Art/Models/Terrain/Act5/Innocence/tgms_6,626697,273501
584f2d6dc42498ab,innocence_side_transition_v01_01_c3r2.tgm.header,Tiny_3,75543184,2902
14588f4d3e80595d,innocence_side_transition_v01_01_c3r1.tgm,Art/Models/Terrain/Act5/Innocence/tgms_6,518804,107893
b70095181cbd0fe9,innocence_side_transition_v01_01_c3r1.tgm.header,Tiny_3,75540197,2987
76725aaa2424c8d2,innocence_side_transition_v01_01_c2r3.tgm,Tiny_3,75538672,1261
e05d1ea15c51c2a4,innocence_side_transition_v01_01_c2r3.tgm.header,Tiny_3,75539933,264
e5bbada18fada907,innocence_side_transition_v01_01_c2r2.tgm,Art/Models/Terrain/Act5/Innocence/tgms_6,216305,302499
6566845aa50895bc,innocence_side_transition_v01_01_c2r2.tgm.header,Tiny_3,75535638,3034
d7d3ebc037204148,innocence_side_transition_v01_01_c2r1.tgm,Art/Models/Terrain/Act5/Innocence/tgms_6,0,216305
aa882b3ddc9f5e38,innocence_side_transition_v01_01_c2r1.tgm.header,Folders/art/models/terrain/act5/innocence/candletilesout,663697,4263
306ead56a84de380,innocence_side_transition_v01_01_c1r3.tgm,Art/Models/Terrain/Act5/Innocence/tgms_5,3488114,5229
a9ccb8d7f8ef0c3a,innocence_side_transition_v01_01_c1r3.tgm.header,Tiny_3,75535332,306
1747d9b386e08e4c,innocence_side_transition_v01_01_c1r2.tgm,Art/Models/Terrain/Act5/Innocence/tgms_5,3133083,355031
135789ca0fdd901b,innocence_side_transition_v01_01_c1r2.tgm.header,Tiny_3,75531858,3474
b6e9a89e98866582,innocence_side_transition_v01_01_c1r1.tgm,Art/Models/Terrain/Act5/Innocence/tgms_5,3084078,49005
a8db7a3efa7b15de,innocence_side_transition_v01_01_c1r1.tgm.header,Tiny_3,75530195,1663
37b2a2fc27cb08cf,innocence_ledge_to_thinwall_v01_03.tgm,Art/Models/Terrain/Act5/Innocence/tgms_5,2850833,233245
f45587f399429568,innocence_ledge_to_thinwall_v01_03.tgm.header,Folders/art/models/terrain/act5/innocence/candletilesout,659211,4486
9653e2cce6cfdba9,innocence_ledge_to_thinwall_v01_02.tgm,Art/Models/Terrain/Act5/Innocence/tgms_5,2695904,154929
8360af46df7a3a65,innocence_ledge_to_thinwall_v01_02.tgm.header,Tiny_3,75527117,3078
a8c011cad3dc8fc1,innocence_ledge_to_thinwall_v01_01.tgm,Art/Models/Terrain/Act5/Innocence/tgms_5,2495215,200689
bee0ea6d9c7aff65,innocence_ledge_to_thinwall_v01_01.tgm.header,Tiny_3,75523423,3694
b3b71b8a2e63fbb8,innocence_ledge_to_thickwall_straight_v01_01.tgm,Art/Models/Terrain/Act5/Innocence/tgms_5,2216788,278427
09403f65701649c3,innocence_ledge_to_thickwall_straight_v01_01.tgm.header,Folders/art/models/terrain/act5/innocence/candletilesout,653669,5542
793e2b9c5eea64ff,innocence_ledge_to_thickwall_quad_v01_01.tgm,Art/Models/Terrain/Act5/Innocence/tgms_5,1996503,220285
645f117f5714a56b,innocence_ledge_to_thickwall_quad_v01_01.tgm.header,Folders/art/models/terrain/act5/innocence/candletilesout,648699,4970
7cf219889deb8544,innocence_ledge_to_stairs_v01_01.tgm,Art/Models/Terrain/Act5/Innocence/tgms_5,1958976,37527
46bc149154a643f9,innocence_ledge_to_stairs_v01_01.tgm.header,Tiny_3,75522061,1362
98020b6f3bffda74,innocence_ledge_thickwallheightconvex_v02_01.tgm,Art/Models/Terrain/Act5/Innocence/tgms_5,1728817,230159
ca9b30c86807ef64,innocence_ledge_thickwallheightconvex_v02_01.tgm.header,Folders/art/models/terrain/act5/innocence/candletilesout,643641,5058
5c52f5ccd6a57554,innocence_ledge_thickwallheightconvex_v01_01.tgm,Art/Models/Terrain/Act5/Innocence/tgms_5,1470960,257857
ae38f41a27a43829,innocence_ledge_thickwallheightconvex_v01_01.tgm.header,Folders/art/models/terrain/act5/innocence/candletilesout,637879,5762
5c5a6681eeb465ff,innocence_ledge_straight_v01_05.tgm,Art/Models/Terrain/Act5/Innocence/tgms_5,1346823,124137
7a6a2fadb9f7c7f4,innocence_ledge_straight_v01_05.tgm.header,Tiny_3,75519775,2286
5d41b0d154ce2f77,innocence_ledge_straight_v01_04.tgm,Art/Models/Terrain/Act5/Innocence/tgms_5,1218754,128069
8a123af2d3dddc42,innocence_ledge_straight_v01_04.tgm.header,Tiny_3,75517445,2330
d787593e369177a5,innocence_ledge_straight_v01_03.tgm,Art/Models/Terrain/Act5/Innocence/tgms_5,1095025,123729
b41316f623ae19b4,innocence_ledge_straight_v01_03.tgm.header,Tiny_3,75515159,2286
f681c17fdc7e2148,innocence_ledge_straight_v01_02.tgm,Art/Models/Terrain/Act5/Innocence/tgms_5,973200,121825
2c6fe20b15650edc,innocence_ledge_straight_v01_02.tgm.header,Tiny_3,75512917,2242
84a105dffa9d5f3d,innocence_ledge_straight_v01_01.tgm,Art/Models/Terrain/Act5/Innocence/tgms_5,850539,122661
bc73a3fc6ed03551,innocence_ledge_straight_v01_01.tgm.header,Tiny_3,75510631,2286
0feb39cece847b9f,innocence_ledge_stairs_v01_01.tgm,Art/Models/Terrain/Act5/Innocence/tgms_5,780084,70455
1f1a0391bc476486,innocence_ledge_stairs_v01_01.tgm.header,Tiny_3,75508609,2022
d75b8875a4f9e920,innocence_ledge_curvedstairs_v01_01.tgm,Art/Models/Terrain/Act5/Innocence/tgms_5,709509,70575
009de61d0d3a5b0c,innocence_ledge_curvedstairs_v01_01.tgm.header,Tiny_3,75506587,2022
7ae296b36960b92e,innocence_ledge_convex_v01_01.tgm,Art/Models/Terrain/Act5/Innocence/tgms_5,643968,65541
f543e80d4c0aa458,innocence_ledge_convex_v01_01.tgm.header,Tiny_3,75505093,1494
0542cb958f056f3b,innocence_ledge_convex_to_thinwall_v01_02.tgm,Art/Models/Terrain/Act5/Innocence/tgms_5,462615,181353
8a4f5f6d3b6994aa,innocence_ledge_convex_to_thinwall_v01_02.tgm.header,Tiny_3,75501223,3870
901f3e68a9bff639,innocence_ledge_convex_to_thinwall_v01_01.tgm,Art/Models/Terrain/Act5/Innocence/tgms_5,319154,143461
27ccf71b3aa578f4,innocence_ledge_convex_to_thinwall_v01_01.tgm.header,Tiny_3,75498321,2902
5932f2a6a0c71431,innocence_ledge_concave_v01_01.tgm,Art/Models/Terrain/Act5/Innocence/tgms_5,195721,123433
0555850b46583e2d,innocence_ledge_concave_v01_01.tgm.header,Tiny_3,75496079,2242
2542648d1c65b55a,innocence_ledge_concave_to_thinwall_v01_02.tgm,Art/Models/Terrain/Act5/Innocence/tgms_5,0,195721
065e3e54a4e4294b,innocence_ledge_concave_to_thinwall_v01_02.tgm.header,Tiny_3,75491989,4090
cb502872417d6ace,innocence_ledge_concave_to_thinwall_v01_01.tgm,Art/Models/Terrain/Act5/Innocence/tgms_4,2990306,160525
dd0514d2876355e6,innocence_ledge_concave_to_thinwall_v01_01.tgm.header,Tiny_3,75488823,3166
e99b3503f5d5f3f9,innocence_giant_pillar_v01_02_c3r2.tgm,Tiny_3,75488300,523
2b686721e40e32ad,innocence_giant_pillar_v01_02_c3r2.tgm.header,Tiny_3,75485238,264
7c93091d1173a967,innocence_giant_pillar_v01_02_c3r1.tgm,Tiny_3,75484300,415
26368528d3ff341c,innocence_giant_pillar_v01_02_c3r1.tgm.header,Tiny_5,36251531,264
563c64b6733eccf9,innocence_giant_pillar_v01_02_c2r2.tgm,Art/Models/Terrain/Act5/Innocence/tgms_4,2980723,9583
207a7c668b417a89,innocence_giant_pillar_v01_02_c2r2.tgm.header,Tiny_3,75488036,264
369307ecec3246e8,innocence_giant_pillar_v01_02_c2r1.tgm,Art/Models/Terrain/Act5/Innocence/tgms_4,2863556,117167
0f81970ebebb2c83,innocence_giant_pillar_v01_02_c2r1.tgm.header,Tiny_3,75487598,438
f96fbfb810afbcbe,innocence_giant_pillar_v01_02_c1r2.tgm,Tiny_3,75486703,631
fb15e6e18bed490b,innocence_giant_pillar_v01_02_c1r2.tgm.header,Tiny_3,75487334,264
156ad534eaad0c82,innocence_giant_pillar_v01_02_c1r1.tgm,Tiny_3,75486204,499
209a42fe5bcc7d90,innocence_giant_pillar_v01_02_c1r1.tgm.header,Tiny_3,75480063,264
3138753f5296912f,innocence_giant_pillar_v01_01_c2r2.tgm,Art/Models/Terrain/Act5/Innocence/tgms_4,2855905,7651
c349bcfdae10ef8c,innocence_giant_pillar_v01_01_c2r2.tgm.header,Tiny_3,75479300,264
cf0790ae6fd72b0f,innocence_giant_pillar_v01_01_c2r1.tgm,Art/Models/Terrain/Act5/Innocence/tgms_4,2850210,5695
75e5da14edecc3e0,innocence_giant_pillar_v01_01_c2r1.tgm.header,Tiny_3,75479036,264
b2d4d4f0e062121b,innocence_giant_pillar_v01_01_c1r2.tgm,Art/Models/Terrain/Act5/Innocence/tgms_4,2842499,7711
08da3523835b31ba,innocence_giant_pillar_v01_01_c1r2.tgm.header,Tiny_3,75485940,264
e9ec23781391d4d2,innocence_giant_pillar_v01_01_c1r1.tgm,Art/Models/Terrain/Act5/Innocence/tgms_4,2728092,114407
1c2094796f7a6ecc,innocence_giant_pillar_v01_01_c1r1.tgm.header,Tiny_3,75485502,438
e4dac06d7183f90d,innocence_giant_candle_pillar_v01_02_c3r2.tgm,Tiny_3,75484715,523
a7adfd06c44bdb71,innocence_giant_candle_pillar_v01_02_c3r2.tgm.header,Tiny_3,75485238,264
e7a75ae573405fa7,innocence_giant_candle_pillar_v01_02_c3r1.tgm,Tiny_3,75484300,415
7fbc05ab568ff4e1,innocence_giant_candle_pillar_v01_02_c3r1.tgm.header,Tiny_5,36251531,264
120f0625e2cd39d6,innocence_giant_candle_pillar_v01_02_c2r2.tgm,Art/Models/Terrain/Act5/Innocence/tgms_4,2718557,9535
26ab5e56e049c260,innocence_giant_candle_pillar_v01_02_c2r2.tgm.header,Tiny_3,75484036,264
969ad53e58670641,innocence_giant_candle_pillar_v01_02_c2r1.tgm,Art/Models/Terrain/Act5/Innocence/tgms_4,2393310,325247
19064b48aa118dbb,innocence_giant_candle_pillar_v01_02_c2r1.tgm.header,Tiny_3,75481222,2814
d33e20691c219362,innocence_giant_candle_pillar_v01_02_c1r2.tgm,Tiny_3,75480327,631
894324708d910124,innocence_giant_candle_pillar_v01_02_c1r2.tgm.header,Tiny_3,75480958,264
bb2d06aae49718be,innocence_giant_candle_pillar_v01_02_c1r1.tgm,Tiny_3,75479564,499
608c5bd9549b4c8b,innocence_giant_candle_pillar_v01_02_c1r1.tgm.header,Tiny_3,75480063,264
8699bff36c530a48,innocence_giant_candle_pillar_v01_01_c2r2.tgm,Art/Models/Terrain/Act5/Innocence/tgms_4,2385659,7651
1a953e3bf9d70491,innocence_giant_candle_pillar_v01_01_c2r2.tgm.header,Tiny_3,75479300,264
ec21d4e163fbeabd,innocence_giant_candle_pillar_v01_01_c2r1.tgm,Art/Models/Terrain/Act5/Innocence/tgms_4,2379988,5671
eca4c2bfbb89c298,innocence_giant_candle_pillar_v01_01_c2r1.tgm.header,Tiny_3,75479036,264
5a61f80778c4b005,innocence_giant_candle_pillar_v01_01_c1r2.tgm,Art/Models/Terrain/Act5/Innocence/tgms_4,2372325,7663
46ea0d46290ba247,innocence_giant_candle_pillar_v01_01_c1r2.tgm.header,Tiny_3,75478772,264
40563b5e8e745f2a,innocence_giant_candle_pillar_v01_01_c1r1.tgm,Art/Models/Terrain/Act5/Innocence/tgms_4,2064482,307843
deee0ee0be9924c4,innocence_giant_candle_pillar_v01_01_c1r1.tgm.header,Tiny_3,75475914,2858
99d67ddbf9bfa22d,innocence_floor_v02_02_c2r2.tgm,Tiny_3,75473860,1195
c186b87480eb1c2a,innocence_floor_v02_02_c2r2.tgm.header,Tiny_3,75475055,264
b6f61722ade729cb,innocence_floor_v02_02_c2r1.tgm,Tiny_3,75472425,1171
0967cfb004922222,innocence_floor_v02_02_c2r1.tgm.header,Tiny_3,75473596,264
98ae5d64b1d4ac1a,innocence_floor_v02_02_c1r2.tgm,Tiny_3,75471026,1135
577b317fdef6c53e,innocence_floor_v02_02_c1r2.tgm.header,Tiny_3,75472161,264
9fe4aef22500129f,innocence_floor_v02_02_c1r1.tgm,Tiny_3,75469651,1111
38d4f1fb893147d1,innocence_floor_v02_02_c1r1.tgm.header,Tiny_3,75470762,264
8cdc58a85eb437c5,innocence_floor_v02_01_c3r3.tgm,Tiny_3,75467496,2155
524ccfcea27e2a03,innocence_floor_v02_01_c3r3.tgm.header,Tiny_3,75348979,264
78d9841695175ccb,innocence_floor_v02_01_c3r2.tgm,Tiny_3,75464501,2731
c7e68d220b526935,innocence_floor_v02_01_c3r2.tgm.header,Tiny_3,75467232,264
71a8585f7111650b,innocence_floor_v02_01_c3r1.tgm,Tiny_3,75462094,2143
22eb247dea587ba9,innocence_floor_v02_01_c3r1.tgm.header,Tiny_3,75464237,264
ac7941645e918500,innocence_floor_v02_01_c2r3.tgm,Tiny_3,75459627,2203
711c2ba5c6f369de,innocence_floor_v02_01_c2r3.tgm.header,Tiny_3,75461830,264
d74b0c58e7ce9e7b,innocence_floor_v02_01_c2r2.tgm,Tiny_3,75457112,2251
a2ebda32e35f18d7,innocence_floor_v02_01_c2r2.tgm.header,Tiny_3,75459363,264
705a3a2536b5c593,innocence_floor_v02_01_c2r1.tgm,Tiny_3,75454501,2347
3e0364779014669f,innocence_floor_v02_01_c2r1.tgm.header,Tiny_3,75456848,264
7dfd3e6eba88266d,innocence_floor_v02_01_c1r3.tgm,Tiny_3,75452238,1999
8106723f0ee7a098,innocence_floor_v02_01_c1r3.tgm.header,Tiny_3,75454237,264
a987589864f4ac5c,innocence_floor_v02_01_c1r2.tgm,Tiny_3,75449663,2311
ec23607f98b3be93,innocence_floor_v02_01_c1r2.tgm.header,Tiny_3,75451974,264
52d8b36e20f99253,innocence_floor_v02_01_c1r1.tgm,Tiny_3,75447484,1915
225dc23d0205421d,innocence_floor_v02_01_c1r1.tgm.header,Tiny_3,75449399,264
0b5538da947e623d,innocence_floor_relief_v01_04_c2r2.tgm,Art/Models/Terrain/Act5/Innocence/tgms_4,1931131,133351
54258f7693e5204f,innocence_floor_relief_v01_04_c2r2.tgm.header,Tiny_3,75445154,2330
4e69185ac0ce56fa,innocence_floor_relief_v01_04_c2r1.tgm,Art/Models/Terrain/Act5/Innocence/tgms_4,1884834,46297
22101ab7afe8580f,innocence_floor_relief_v01_04_c2r1.tgm.header,Tiny_3,75444804,350
4d59fcc557d4588c,innocence_floor_relief_v01_04_c1r2.tgm,Art/Models/Terrain/Act5/Innocence/tgms_4,1805631,79203
d392640c5f8ea165,innocence_floor_relief_v01_04_c1r2.tgm.header,Tiny_3,75443354,1450
95582ab5a596d722,innocence_floor_relief_v01_04_c1r1.tgm,Art/Models/Terrain/Act5/Innocence/tgms_4,1751076,54555
b73abe3bdd36822d,innocence_floor_relief_v01_04_c1r1.tgm.header,Tiny_3,75442300,1054
aa4710730e5d007d,innocence_floor_relief_v01_03_c3r2.tgm,Art/Models/Terrain/Act5/Innocence/tgms_4,1433845,317231
a641d308171ba595,innocence_floor_relief_v01_03_c3r2.tgm.header,Folders/art/models/terrain/act5/innocence/candletilesout,628423,4662
f73d503a738b55e4,innocence_floor_relief_v01_03_c3r1.tgm,Tiny_3,75441285,751
5200d5ef5d5ff47a,innocence_floor_relief_v01_03_c3r1.tgm.header,Tiny_3,75442036,264
396cbc55cbcbdbf7,innocence_floor_relief_v01_03_c2r2.tgm,Art/Models/Terrain/Act5/Innocence/tgms_4,1269958,163887
b14a1428162ea3b9,innocence_floor_relief_v01_03_c2r2.tgm.header,Tiny_3,75438515,2770
985c7875ff4a3999,innocence_floor_relief_v01_03_c2r1.tgm,Tiny_3,75437596,655
298b24c21a58b69b,innocence_floor_relief_v01_03_c2r1.tgm.header,Tiny_3,75438251,264
7c875270ce37c0d8,innocence_floor_relief_v01_03_c1r2.tgm,Art/Models/Terrain/Act5/Innocence/tgms_4,1215355,54603
5631bc00725b6f50,innocence_floor_relief_v01_03_c1r2.tgm.header,Tiny_3,75436542,1054
fc498af1cd42c0a5,innocence_floor_relief_v01_03_c1r1.tgm,Art/Models/Terrain/Act5/Innocence/tgms_4,1112618,102737
a2a15fb15f251160,innocence_floor_relief_v01_03_c1r1.tgm.header,Tiny_3,75435312,1230
ad3aeb09743291dc,innocence_floor_relief_v01_02_c3r2.tgm,Art/Models/Terrain/Act5/Innocence/tgms_4,950609,162009
bf109b6147e1c4ef,innocence_floor_relief_v01_02_c3r2.tgm.header,Tiny_3,75434742,570
7abb05c4e6622311,innocence_floor_relief_v01_02_c3r1.tgm,Tiny_3,75433277,1201
56b212ef5e4d99bb,innocence_floor_relief_v01_02_c3r1.tgm.header,Tiny_3,75434478,264
febf97dcb8370ce1,innocence_floor_relief_v01_02_c2r2.tgm,Tiny_3,75431764,1249
7cc571e69b949152,innocence_floor_relief_v01_02_c2r2.tgm.header,Tiny_3,75433013,264
cb67a7de199e13ce,innocence_floor_relief_v01_02_c2r1.tgm,Tiny_3,75430335,1165
beffa31ed28389fc,innocence_floor_relief_v01_02_c2r1.tgm.header,Tiny_3,75431500,264
bc79a0fb00320a4d,innocence_floor_relief_v01_02_c1r2.tgm,Tiny_3,75429002,1069
28a64e5d809687cc,innocence_floor_relief_v01_02_c1r2.tgm.header,Tiny_3,75430071,264
bc18d242ed02057f,innocence_floor_relief_v01_02_c1r1.tgm,Art/Models/Terrain/Act5/Innocence/tgms_4,785748,164861
8d64d358d984f940,innocence_floor_relief_v01_02_c1r1.tgm.header,Tiny_3,75428388,614
698776cdd423c116,innocence_floor_relief_v01_01_c2r2.tgm,Tiny_3,75427199,925
4703151dba9ff058,innocence_floor_relief_v01_01_c2r2.tgm.header,Tiny_3,75428124,264
e2fc41fb84e7f58f,innocence_floor_relief_v01_01_c2r1.tgm,Art/Models/Terrain/Act5/Innocence/tgms_4,624141,161607
8a0fb44e5668f2b8,innocence_floor_relief_v01_01_c2r1.tgm.header,Tiny_3,75426629,570
cb1156b72a3caa71,innocence_floor_relief_v01_01_c1r2.tgm,Tiny_3,75425356,1009
8cd612053671a852,innocence_floor_relief_v01_01_c1r2.tgm.header,Tiny_3,75426365,264
c78173b78b82f567,innocence_floor_relief_v01_01_c1r1.tgm,Tiny_3,75424107,985
16a261de2a75ecd8,innocence_floor_relief_v01_01_c1r1.tgm.header,Tiny_3,75425092,264
44c316e5c89f79bc,innocence_floor_relief_big_v01_01_c2r3.tgm,Tiny_3,75398186,1009
2b97a41cc958b5d4,innocence_floor_relief_big_v01_01_c2r3.tgm.header,Tiny_3,75399195,264
6ad14a7ec0ead082,innocence_floor_relief_big_v01_01_c2r2.tgm,Tiny_3,75422546,1297
15759b9131f6ec0a,innocence_floor_relief_big_v01_01_c2r2.tgm.header,Tiny_3,75423843,264
488edf379603db16,innocence_floor_relief_big_v01_01_c2r1.tgm,Tiny_3,75420985,1297
8cc0654f3db64d53,innocence_floor_relief_big_v01_01_c2r1.tgm.header,Tiny_3,75422282,264
e844a9a71b8b2144,innocence_floor_relief_big_v01_01_c1r3.tgm,Tiny_3,75419736,985
cd9c9c2aec9e8a1c,innocence_floor_relief_big_v01_01_c1r3.tgm.header,Tiny_3,75420721,264
d820fcd3136b3c2b,innocence_floor_relief_big_v01_01_c1r2.tgm,Tiny_3,75418271,1201
6a874a88d6fa0fb8,innocence_floor_relief_big_v01_01_c1r2.tgm.header,Tiny_3,75419472,264
9cab4cf9a53c44fc,innocence_floor_relief_big_v01_01_c1r1.tgm,Art/Models/Terrain/Act5/Innocence/tgms_4,0,624141
1422dc445209cda0,innocence_floor_relief_big_v01_01_c1r1.tgm.header,Folders/art/models/terrain/act5/innocence/candletilesout,619669,8754
4b85cc657aeaed3b,innocence_floor_candle_relief_v01_02_c3r2.tgm,Art/Models/Terrain/Act5/Innocence/tgms_3,1859156,330513
0a7464eb1b366426,innocence_floor_candle_relief_v01_02_c3r2.tgm.header,Tiny_3,75415721,2550
764b798daa7b0617,innocence_floor_candle_relief_v01_02_c3r1.tgm,Art/Models/Terrain/Act5/Innocence/tgms_3,1757095,102061
54181fb1b18d4fff,innocence_floor_candle_relief_v01_02_c3r1.tgm.header,Tiny_3,75414403,1318
f72ed159309a809b,innocence_floor_candle_relief_v01_02_c2r2.tgm,Art/Models/Terrain/Act5/Innocence/tgms_3,1632798,124297
ba73bc3c884d8cb8,innocence_floor_candle_relief_v01_02_c2r2.tgm.header,Tiny_3,75412557,1846
e5ff1891f3aface0,innocence_floor_candle_relief_v01_02_c2r1.tgm,Art/Models/Terrain/Act5/Innocence/tgms_3,1508705,124093
17d18df355bbf7ed,innocence_floor_candle_relief_v01_02_c2r1.tgm.header,Tiny_3,75410711,1846
76412d36ed92daa0,innocence_floor_candle_relief_v01_02_c1r2.tgm,Art/Models/Terrain/Act5/Innocence/tgms_3,1428648,80057
1bba78ce91bc67eb,innocence_floor_candle_relief_v01_02_c1r2.tgm.header,Tiny_3,75409569,1142
4e640e452a57f201,innocence_floor_candle_relief_v01_02_c1r1.tgm,Art/Models/Terrain/Act5/Innocence/tgms_3,1128555,300093
57018f4060845ecf,innocence_floor_candle_relief_v01_02_c1r1.tgm.header,Tiny_3,75407283,2286
0f0f95cfa8271a85,innocence_floor_candle_relief_v01_01_c2r2.tgm,Art/Models/Terrain/Act5/Innocence/tgms_3,982974,145581
1fcfb6ee05090dbb,innocence_floor_candle_relief_v01_01_c2r2.tgm.header,Tiny_3,75405129,2154
d683f5069b1d6ff2,innocence_floor_candle_relief_v01_01_c2r1.tgm,Art/Models/Terrain/Act5/Innocence/tgms_3,715679,267295
21cc0108f9e8e0b8,innocence_floor_candle_relief_v01_01_c2r1.tgm.header,Tiny_3,75403151,1978
d4b51bad01ca6e1a,innocence_floor_candle_relief_v01_01_c1r2.tgm,Art/Models/Terrain/Act5/Innocence/tgms_3,558618,157061
5a101808397bbef9,innocence_floor_candle_relief_v01_01_c1r2.tgm.header,Tiny_3,75400953,2198
cc1afbfd725ef8d2,innocence_floor_candle_relief_v01_01_c1r1.tgm,Art/Models/Terrain/Act5/Innocence/tgms_3,449025,109593
6054de0a3a23134f,innocence_floor_candle_relief_v01_01_c1r1.tgm.header,Tiny_3,75399459,1494
683498a26382395a,innocence_floor_candle_relief_big_v01_01_c2r3.tgm,Tiny_3,75398186,1009
2fa39fe3764ca7cc,innocence_floor_candle_relief_big_v01_01_c2r3.tgm.header,Tiny_3,75399195,264
bc10aa60d8e4111c,innocence_floor_candle_relief_big_v01_01_c2r2.tgm,Art/Models/Terrain/Act5/Innocence/tgms_3,0,449025
17430bb11005077d,innocence_floor_candle_relief_big_v01_01_c2r2.tgm.header,Folders/art/models/terrain/act5/innocence/candletilesout,614083,5586
cc4a6ece3044dec2,innocence_floor_candle_relief_big_v01_01_c2r1.tgm,Art/Models/Terrain/Act5/Innocence/tgms_35,1771107,105829
f9681a830cb53dda,innocence_floor_candle_relief_big_v01_01_c2r1.tgm.header,Tiny_3,75396736,1450
1cc54160c3154c90,innocence_floor_candle_relief_big_v01_01_c1r3.tgm,Art/Models/Terrain/Act5/Innocence/tgms_36,1525489,56873
43bc6bd07d34c981,innocence_floor_candle_relief_big_v01_01_c1r3.tgm.header,Tiny_3,75395858,878
4fbe1c816868048a,innocence_floor_candle_relief_big_v01_01_c1r2.tgm,Art/Models/Terrain/Act5/Innocence/tgms_2,590464,224989
4137de2567dabd4e,innocence_floor_candle_relief_big_v01_01_c1r2.tgm.header,Tiny_3,75391900,3958
c254c8969a1a9ddb,innocence_floor_candle_relief_big_v01_01_c1r1.tgm,Art/Models/Terrain/Act5/Innocence/tgms_2,521103,69361
948456c69ec1452f,innocence_floor_candle_relief_big_v01_01_c1r1.tgm.header,Tiny_3,75390846,1054
231a484e2abd3f0c,innocence_floorfill_v01_02.tgm,Tiny_3,75475319,331
caef5070f85b01f0,innocence_floorfill_v01_02.tgm.header,Tiny_3,75475650,264
cee0e2fb78e9c4d6,innocence_floorfill_v01_01.tgm,Art/Models/Terrain/Act5/Innocence/tgms_34,1676188,284315
bba6ee7a8805ee91,innocence_floorfill_v01_01.tgm.header,Folders/art/models/terrain/act5/innocence/candletilesout,633085,4794
e3d29b13d6f18a70,innocence_exit_down_v01_01_c3r4.tgm,Art/Models/Terrain/Act5/Innocence/tgms_36,1629540,5173
c66ddbe8787fc1ef,innocence_exit_down_v01_01_c3r4.tgm.header,Tiny_3,75390452,394
22d98ffdf4a79984,innocence_exit_down_v01_01_c3r3.tgm,Art/Models/Terrain/Act5/Innocence/tgms,1979370,100957
bc45f03efce0fd81,innocence_exit_down_v01_01_c3r3.tgm.header,Tiny_3,75389882,570
cfea815216933d5b,innocence_exit_down_v01_01_c3r2.tgm,Art/Models/Terrain/Act5/Innocence/tgms,874683,19323
bf02992ee1a0417d,innocence_exit_down_v01_01_c3r2.tgm.header,Tiny_3,75389532,350
410ab826cf8e1db6,innocence_exit_down_v01_01_c3r1.tgm,Art/Models/Terrain/Act5/Innocence/tgms_35,1383564,157663
869515b52783a925,innocence_exit_down_v01_01_c3r1.tgm.header,Tiny_3,75385486,4046
7c7ea20cbf28c9fd,innocence_exit_down_v01_01_c2r4.tgm,Tiny_3,75383801,1421
5d45a75909c3a112,innocence_exit_down_v01_01_c2r4.tgm.header,Tiny_3,75385222,264
058deb37a98a8dc7,innocence_exit_down_v01_01_c2r3.tgm,Tiny_3,75382270,1267
bb59807f58180fac,innocence_exit_down_v01_01_c2r3.tgm.header,Tiny_3,75383537,264
f180d033571b59f8,innocence_exit_down_v01_01_c2r2.tgm,Tiny_3,75379479,2485
6be95510a7cf5fde,innocence_exit_down_v01_01_c2r2.tgm.header,Tiny_3,75381964,306
ddd47c951b9b8cc3,innocence_exit_down_v01_01_c2r1.tgm,Art/Models/Terrain/Act5/Innocence/tgms,0,314901
e866e3d221c63837,innocence_exit_down_v01_01_c2r1.tgm.header,Tiny_3,75378161,1318
858d28cb8a079f95,innocence_exit_down_v01_01_c1r4.tgm,Art/Models/Terrain/Act5/Innocence/tgms_36,2088269,5005
a134e4ad135360ac,innocence_exit_down_v01_01_c1r4.tgm.header,Tiny_3,75377767,394
437b0daa4005dc4b,innocence_exit_down_v01_01_c1r3.tgm,Art/Models/Terrain/Act5/Innocence/tgms_35,2314815,47339
25e66d9c9187967c,innocence_exit_down_v01_01_c1r3.tgm.header,Tiny_3,75377373,394
3febf739418b63d1,innocence_exit_down_v01_01_c1r2.tgm,Art/Models/Terrain/Act5/Innocence/tgms_2,988547,73277
13d468c4d8001481,innocence_exit_down_v01_01_c1r2.tgm.header,Tiny_3,75376715,658
94668b15a1f220cb,innocence_exit_down_v01_01_c1r1.tgm,Art/Models/Terrain/Act5/Innocence/tgms_2,1454861,152649
b9d1a6648ac05a0c,innocence_exit_down_v01_01_c1r1.tgm.header,Tiny_3,75372625,4090
fdbcff35e880bbc9,innocence_doubleledge_stairs_v02_01_c3r3.tgm,Tiny_3,75370908,1453
0c8af8aaf3a9c6e8,innocence_doubleledge_stairs_v02_01_c3r3.tgm.header,Tiny_3,75372361,264
e618ed803dbfff25,innocence_doubleledge_stairs_v02_01_c3r2.tgm,Tiny_3,75368999,1645
e52ef92576e9465c,innocence_doubleledge_stairs_v02_01_c3r2.tgm.header,Tiny_3,75370644,264
b65007f069c57660,innocence_doubleledge_stairs_v02_01_c3r1.tgm,Art/Models/Terrain/Act5/Innocence/tgms_37,0,525231
e0ef95c1afc3c428,innocence_doubleledge_stairs_v02_01_c3r1.tgm.header,Folders/art/models/terrain/act5/innocence/candletilesout,607441,6642
5b37278f9521a626,innocence_doubleledge_stairs_v02_01_c2r3.tgm,Tiny_3,75367516,1219
0db65426a50926ba,innocence_doubleledge_stairs_v02_01_c2r3.tgm.header,Tiny_3,75368735,264
d312568b519c5eae,innocence_doubleledge_stairs_v02_01_c2r2.tgm,Art/Models/Terrain/Act5/Innocence/tgms_1,2141593,48725
42423e1c0ec91537,innocence_doubleledge_stairs_v02_01_c2r2.tgm.header,Tiny_3,75366198,1318
2ffc5a2964a523d9,innocence_doubleledge_stairs_v02_01_c2r1.tgm,Tiny_3,75364283,1651
cc16e7ac0470529a,innocence_doubleledge_stairs_v02_01_c2r1.tgm.header,Tiny_3,75365934,264
c1bb520cc9babab9,innocence_doubleledge_stairs_v02_01_c1r3.tgm,Art/Models/Terrain/Act5/Innocence/tgms_1,1650928,490665
1df754bffd3e286a,innocence_doubleledge_stairs_v02_01_c1r3.tgm.header,Folders/art/models/terrain/act5/innocence/candletilesout,600799,6642
887eb63fdad5f142,innocence_doubleledge_stairs_v02_01_c1r2.tgm,Tiny_3,75362842,1177
64e25c50b6584490,innocence_doubleledge_stairs_v02_01_c1r2.tgm.header,Tiny_3,75364019,264
18876a6fe94cc773,innocence_doubleledge_stairs_v02_01_c1r1.tgm,Tiny_3,75361293,1285
fd8faec806066fcf,innocence_doubleledge_stairs_v02_01_c1r1.tgm.header,Tiny_3,75362578,264
647811ae86298926,innocence_doubleledge_stairs_v01_01_c3r3.tgm,Art/Models/Terrain/Act5/Innocence/tgms_1,1171923,479005
9116af1e1630873c,innocence_doubleledge_stairs_v01_01_c3r3.tgm.header,Folders/art/models/terrain/act5/innocence/candletilesout,594509,6290
663a132a27b33b8a,innocence_doubleledge_stairs_v01_01_c3r2.tgm,Tiny_3,75359768,1261
9e1ed3369f6a9cb0,innocence_doubleledge_stairs_v01_01_c3r2.tgm.header,Tiny_3,75361029,264
0cb59f3ec84425f0,innocence_doubleledge_stairs_v01_01_c3r1.tgm,Tiny_3,75358153,1351
46ceac18ddbdf208,innocence_doubleledge_stairs_v01_01_c3r1.tgm.header,Tiny_3,75359504,264
1743d9db0063a9ef,innocence_doubleledge_stairs_v01_01_c2r3.tgm,Art/Models/Terrain/Act5/Innocence/tgms_1,1160682,11241
63849a38c0bef718,innocence_doubleledge_stairs_v01_01_c2r3.tgm.header,Tiny_3,75357627,526
11b79cb2b31cf8ac,innocence_doubleledge_stairs_v01_01_c2r2.tgm,Art/Models/Terrain/Act5/Innocence/tgms_1,1129887,30795
db6d088b7fd636f4,innocence_doubleledge_stairs_v01_01_c2r2.tgm.header,Tiny_3,75357189,438
f4b3da91477928eb,innocence_doubleledge_stairs_v01_01_c2r1.tgm,Tiny_3,75355832,1093
ff36959961b4f236,innocence_doubleledge_stairs_v01_01_c2r1.tgm.header,Tiny_3,75356925,264
9623b3797116e879,innocence_doubleledge_stairs_v01_01_c1r3.tgm,Art/Models/Terrain/Act5/Innocence/tgms_1,620864,509023
a769fdfefa89e79a,innocence_doubleledge_stairs_v01_01_c1r3.tgm.header,Folders/art/models/terrain/act5/innocence/candletilesout,588219,6290
5eccb7aae6f66ebf,innocence_doubleledge_stairs_v01_01_c1r2.tgm,Tiny_3,75354391,1177
97d793962257a52f,innocence_doubleledge_stairs_v01_01_c1r2.tgm.header,Tiny_3,75355568,264
11e53c83f513e18d,innocence_doubleledge_stairs_v01_01_c1r1.tgm,Tiny_3,75353004,1123
61c15e5639efd372,innocence_doubleledge_stairs_v01_01_c1r1.tgm.header,Tiny_3,75354127,264
7f15e5e37c0b59cf,innocence_candle_floor_v02_02_c2r2.tgm,Art/Models/Terrain/Act5/Innocence/tgms_1,567417,53447
2589c12d75ae29fc,innocence_candle_floor_v02_02_c2r2.tgm.header,Tiny_3,75351906,1098
2acac867c53cd74d,innocence_candle_floor_v02_02_c2r1.tgm,Tiny_3,75350471,1171
587ea063fb50032a,innocence_candle_floor_v02_02_c2r1.tgm.header,Tiny_3,75351642,264
37612a71f1619746,innocence_candle_floor_v02_02_c1r2.tgm,Art/Models/Terrain/Act5/Innocence/tgms_1,549210,18207
2eb61e3e7957a949,innocence_candle_floor_v02_02_c1r2.tgm.header,Tiny_3,75349945,526
b17ea7050df4f086,innocence_candle_floor_v02_02_c1r1.tgm,Art/Models/Terrain/Act5/Innocence/tgms_1,509167,40043
3f95116f0e331941,innocence_candle_floor_v02_02_c1r1.tgm.header,Tiny_3,75349243,702
1301c5bb4893bab1,innocence_candle_floor_v02_01_c3r3.tgm,Tiny_3,75346872,2107
4219cb64ae93d4d3,innocence_candle_floor_v02_01_c3r3.tgm.header,Tiny_3,75348979,264
f864b98cea1a30a7,innocence_candle_floor_v02_01_c3r2.tgm,Art/Models/Terrain/Act5/Innocence/tgms_1,469584,39583
0acf6944d2f58e80,innocence_candle_floor_v02_01_c3r2.tgm.header,Tiny_3,75346258,614
3fdfd85aa290ff0e,innocence_candle_floor_v02_01_c3r1.tgm,Tiny_3,75343803,2191
49c5a9c2127ab6f6,innocence_candle_floor_v02_01_c3r1.tgm.header,Tiny_3,75345994,264
274bfb7186b76eb8,innocence_candle_floor_v02_01_c2r3.tgm,Art/Models/Terrain/Act5/Innocence/tgms_1,426377,43207
ec967323bca00f16,innocence_candle_floor_v02_01_c2r3.tgm.header,Tiny_3,75343057,746
f46fee92684f2b52,innocence_candle_floor_v02_01_c2r2.tgm,Art/Models/Terrain/Act5/Innocence/tgms_1,266586,159791
c00a1f39e066ea18,innocence_candle_floor_v02_01_c2r2.tgm.header,Tiny_3,75340903,2154
dcb49fa6d4c6f13a,innocence_candle_floor_v02_01_c2r1.tgm,Tiny_3,75338268,2371
41e88253d5143af7,innocence_candle_floor_v02_01_c2r1.tgm.header,Tiny_3,75340639,264
c0561bf787c679a0,innocence_candle_floor_v02_01_c1r3.tgm,Tiny_3,75335957,2047
500448bf902bba1a,innocence_candle_floor_v02_01_c1r3.tgm.header,Tiny_3,75338004,264
e587079f49eb9c16,innocence_candle_floor_v02_01_c1r2.tgm,Art/Models/Terrain/Act5/Innocence/tgms_1,249515,17071
2d465a2ef647a704,innocence_candle_floor_v02_01_c1r2.tgm.header,Tiny_3,75335607,350
31319a99494efe54,innocence_candle_floor_v02_01_c1r1.tgm,Tiny_3,75333428,1915
dd250b2f809852e4,innocence_candle_floor_v02_01_c1r1.tgm.header,Tiny_3,75335343,264
e399b63d478fe807,innocence_brokenstainedglass_to_terrace_v01_01.tgm,Art/Models/Terrain/Act5/Innocence/tgms_1,0,249515
ebe0647337ad24e5,innocence_brokenstainedglass_to_terrace_v01_01.tgm.header,Folders/art/models/terrain/act5/innocence/candletilesout,582853,5366
cdfb3c37c7fe47a2,innocence_boss_transition_v01_01_c3r3.tgm,Art/Models/Terrain/Act5/Innocence/tgms_34,0,1321889
988cc12221cea5e3,innocence_boss_transition_v01_01_c3r3.tgm.header,Tiny_3,75329514,3914
af0bcb81c3f79f88,innocence_boss_transition_v01_01_c3r2.tgm,Tiny_3,75326651,2599
3a0624c397db964e,innocence_boss_transition_v01_01_c3r2.tgm.header,Tiny_3,75329250,264
0c3b4acd0a139416,innocence_boss_transition_v01_01_c3r1.tgm,Tiny_3,75323566,2821
dca026c43c2dfea6,innocence_boss_transition_v01_01_c3r1.tgm.header,Tiny_3,75326387,264
c21c0280d6cea435,innocence_boss_transition_v01_01_c2r3.tgm,Tiny_3,75320631,2671
af9d542d0ffad4f1,innocence_boss_transition_v01_01_c2r3.tgm.header,Tiny_3,75323302,264
e98e0856067d1c20,innocence_boss_transition_v01_01_c2r2.tgm,Art/Models/Terrain/Act5/Innocence/tgms,663631,43377
8ed1a653e1b8c178,innocence_boss_transition_v01_01_c2r2.tgm.header,Tiny_3,75320061,570
1fbb55e8023b4ffd,innocence_boss_transition_v01_01_c2r1.tgm,Art/Models/Terrain/Act5/Innocence/tgms_36,2565790,85831
6396d9e500df7e6c,innocence_boss_transition_v01_01_c2r1.tgm.header,Tiny_3,75319623,438
b6014443007cbbc0,innocence_boss_transition_v01_01_c1r3.tgm,Tiny_3,75317978,1381
bbea278051682449,innocence_boss_transition_v01_01_c1r3.tgm.header,Tiny_3,75319359,264
e0600e9bc1c22469,innocence_boss_transition_v01_01_c1r2.tgm,Tiny_3,75315643,2071
8be96c26aab1a48d,innocence_boss_transition_v01_01_c1r2.tgm.header,Tiny_3,75317714,264
566bc8b81f8e0273,innocence_boss_transition_v01_01_c1r1.tgm,Tiny_3,75312658,2593
3cd0685bbfd85013,innocence_boss_transition_v01_01_c1r1.tgm.header,Tiny_3,75315251,392
2d2d0611b22251e6,innocence_boss_exit_v01_01_c3r3.tgm,Art/Models/Terrain/Act5/Innocence/tgms_35,2362154,91801
461c78687e307043,innocence_boss_exit_v01_01_c3r3.tgm.header,Tiny_3,75312088,570
fb0ada4b7749b630,innocence_boss_exit_v01_01_c3r2.tgm,Art/Models/Terrain/Act5/Innocence/tgms_37,968433,18701
783c6817c5a4ffca,innocence_boss_exit_v01_01_c3r2.tgm.header,Tiny_3,75311782,306
75030a28833973d6,innocence_boss_exit_v01_01_c3r1.tgm,Art/Models/Terrain/Act5/Innocence/tgms,716874,157809
ae98b428326d2bf8,innocence_boss_exit_v01_01_c3r1.tgm.header,Tiny_3,75307692,4090
579663740e1fe5ad,innocence_boss_exit_v01_01_c2r3.tgm,Tiny_3,75306169,1259
1a6c4b778d941aed,innocence_boss_exit_v01_01_c2r3.tgm.header,Tiny_3,75307428,264
8d455c4702ed9444,innocence_boss_exit_v01_01_c2r2.tgm,Art/Models/Terrain/Act5/Innocence/tgms_34,2224260,47429
c80ef67d34bb1291,innocence_boss_exit_v01_01_c2r2.tgm.header,Tiny_3,75305115,1054
bc5a91e932d971b6,innocence_boss_exit_v01_01_c2r1.tgm,Art/Models/Terrain/Act5/Innocence/tgms_35,1678042,93065
5daf9f2cd4e9b2c1,innocence_boss_exit_v01_01_c2r1.tgm.header,Tiny_3,75304851,264
b8849b67e49a8dc5,innocence_boss_exit_v01_01_c1r3.tgm,Art/Models/Terrain/Act5/Innocence/tgms_34,1960503,38123
36624ffb9e13d898,innocence_boss_exit_v01_01_c1r3.tgm.header,Tiny_3,75304457,394
5bd1f419731c798d,innocence_boss_exit_v01_01_c1r2.tgm,Art/Models/Terrain/Act5/Innocence/tgms,1181496,72391
db72fef73a188381,innocence_boss_exit_v01_01_c1r2.tgm.header,Tiny_3,75303975,482
ab17c3b0581438c0,innocence_boss_exit_v01_01_c1r1.tgm,Art/Models/Terrain/Act5/Innocence/tgms_36,1372645,152844
574b698d6ce5dc56,innocence_boss_exit_v01_01_c1r1.tgm.header,Folders/art/models/terrain/act5/innocence/candletilesout,578676,4177
c481fcf988f71d1c,chamberofinnocence_illustration_v01_01_c7r3.tgm,Tiny_3,75303002,709
f0d9c331eed998ef,chamberofinnocence_illustration_v01_01_c7r3.tgm.header,Tiny_3,75303711,264
252889e0a33246c1,chamberofinnocence_illustration_v01_01_c7r2.tgm,Tiny_3,75302083,655
53702628e7cd981e,chamberofinnocence_illustration_v01_01_c7r2.tgm.header,Tiny_3,75302738,264
bd10b29e99eed834,chamberofinnocence_illustration_v01_01_c7r1.tgm,Tiny_3,75301218,601
3b6d726548efa372,chamberofinnocence_illustration_v01_01_c7r1.tgm.header,Tiny_3,75301819,264
c73518605542215a,chamberofinnocence_illustration_v01_01_c6r3.tgm,Tiny_3,75300117,837
4d10c0ca56543c1a,chamberofinnocence_illustration_v01_01_c6r3.tgm.header,Tiny_3,75300954,264
8205bdf1e5c0a4be,chamberofinnocence_illustration_v01_01_c6r2.tgm,Tiny_3,75299178,675
9bf1b6b055c5fb9b,chamberofinnocence_illustration_v01_01_c6r2.tgm.header,Tiny_3,75299853,264
b5e9f4b8d741a11c,chamberofinnocence_illustration_v01_01_c6r1.tgm,Tiny_3,75298665,513
e062bcea11ec4f12,chamberofinnocence_illustration_v01_01_c6r1.tgm.header,Tiny_6,2001882,264
424c5fd01fdfdd77,chamberofinnocence_illustration_v01_01_c5r3.tgm,Tiny_3,75298098,567
5f20e806364dad32,chamberofinnocence_illustration_v01_01_c5r3.tgm.header,Tiny_3,75297024,264
856afb2eaca0d7f5,chamberofinnocence_illustration_v01_01_c5r2.tgm,Tiny_3,75297639,459
088365175656f483,chamberofinnocence_illustration_v01_01_c5r2.tgm.header,Tiny_3,75294978,264
959691dd7356b0c8,chamberofinnocence_illustration_v01_01_c5r1.tgm,Tiny_3,75297288,351
4527304c8759e8f2,chamberofinnocence_illustration_v01_01_c5r1.tgm.header,Tiny_6,2001105,264
6056ab5582b2bf6c,chamberofinnocence_illustration_v01_01_c4r3.tgm,Tiny_3,75296457,567
c2ddb28dd9fcee66,chamberofinnocence_illustration_v01_01_c4r3.tgm.header,Tiny_3,75297024,264
f2bb015837d3c2c7,chamberofinnocence_illustration_v01_01_c4r2.tgm,Tiny_3,75295998,459
4549f5e6f859f7c0,chamberofinnocence_illustration_v01_01_c4r2.tgm.header,Tiny_3,75294978,264
ce37d9c1dc5ff5a4,chamberofinnocence_illustration_v01_01_c4r1.tgm,Tiny_3,75295755,243
0da5e2690c4618ef,chamberofinnocence_illustration_v01_01_c4r1.tgm.header,Tiny_6,1998834,264
41bd1e9ff1fcc32b,chamberofinnocence_illustration_v01_01_c3r3.tgm,Tiny_3,75295242,513
5474e6ce9d80fd83,chamberofinnocence_illustration_v01_01_c3r3.tgm.header,Tiny_6,2001882,264
fa04eaf5f469d623,chamberofinnocence_illustration_v01_01_c3r2.tgm,Tiny_3,75294519,459
7315d76a98e20558,chamberofinnocence_illustration_v01_01_c3r2.tgm.header,Tiny_3,75294978,264
766d6b00c2299235,chamberofinnocence_illustration_v01_01_c3r1.tgm,Tiny_3,75294222,297
874eec0b5dfae72d,chamberofinnocence_illustration_v01_01_c3r1.tgm.header,Tiny_6,1999638,264
7520b69c87c8bc74,chamberofinnocence_illustration_v01_01_c2r3.tgm,Tiny_3,75293553,405
52403fda32a2d17c,chamberofinnocence_illustration_v01_01_c2r3.tgm.header,Tiny_3,75293958,264
f84b8fc6d4314bd9,chamberofinnocence_illustration_v01_01_c2r2.tgm,Tiny_3,75293202,351
724b358832ac3225,chamberofinnocence_illustration_v01_01_c2r2.tgm.header,Tiny_6,2001105,264
f59303ee316fb319,chamberofinnocence_illustration_v01_01_c2r1.tgm,Tiny_3,75292905,297
a4048e4a5bc6fb50,chamberofinnocence_illustration_v01_01_c2r1.tgm.header,Tiny_6,1999638,264
bcdc8051adbe1747,chamberofinnocence_illustration_v01_01_c1r3.tgm,Tiny_3,75292148,493
0f62caecd014256b,chamberofinnocence_illustration_v01_01_c1r3.tgm.header,Tiny_3,75292641,264
e7ca2aadb2cbb057,chamberofinnocence_illustration_v01_01_c1r2.tgm,Tiny_3,75291229,655
ca436111ba4bbf12,chamberofinnocence_illustration_v01_01_c1r2.tgm.header,Tiny_3,75291884,264
1026b25f013790b9,chamberofinnocence_illustration_v01_01_c1r1.tgm,Tiny_3,75290418,547
4798d4eddc3beb74,chamberofinnocence_illustration_v01_01_c1r1.tgm.header,Tiny_3,75290965,264
b09525c96d38b779,chamberofinnocence_floor_widecorner_v02_01_c2r1.tgm,Tiny_3,75287239,2915
a73d950ebfb2067a,chamberofinnocence_floor_widecorner_v02_01_c2r1.tgm.header,Tiny_3,75290154,264
e0ad2f76b437a5e5,chamberofinnocence_floor_widecorner_v02_01_c1r1.tgm,Tiny_3,75285510,1465
b83d7ea10cea065d,chamberofinnocence_floor_widecorner_v02_01_c1r1.tgm.header,Tiny_3,75286975,264
a66502f58c8196f2,chamberofinnocence_floor_widecorner_v01_01_c2r1.tgm,Tiny_3,75283553,1693
429a3df1527bcf0d,chamberofinnocence_floor_widecorner_v01_01_c2r1.tgm.header,Tiny_3,75285246,264
e873643994ccf74a,chamberofinnocence_floor_widecorner_v01_01_c1r1.tgm,Tiny_3,75283310,243
4b7f76b74f8cd615,chamberofinnocence_floor_widecorner_v01_01_c1r1.tgm.header,Tiny_3,75267854,264
0cb1fd5c15bb4e1a,chamberofinnocence_floor_v05_01.tgm,Tiny_3,75280413,2633
b99f596770c761ed,chamberofinnocence_floor_v05_01.tgm.header,Tiny_3,75283046,264
ccbc4ec8c833ed06,chamberofinnocence_floor_v04_01.tgm,Tiny_3,75279960,189
586dc3f5b00e6fcd,chamberofinnocence_floor_v04_01.tgm.header,Tiny_3,75280149,264
e9b2dd529593bae9,chamberofinnocence_floor_v03_01.tgm,Tiny_3,75279507,189
38f0ca9d39f175eb,chamberofinnocence_floor_v03_01.tgm.header,Tiny_3,75279696,264
2c1f7c486650563a,chamberofinnocence_floor_v02_01.tgm,Tiny_3,75279054,189
dfee675a23c8657b,chamberofinnocence_floor_v02_01.tgm.header,Tiny_3,75279243,264
ffea2a295507a1d8,chamberofinnocence_floor_v01_01.tgm,Tiny_3,75278865,189
e401f4de95163f90,chamberofinnocence_floor_v01_01.tgm.header,Tiny_6,11134109,264
6811dd97f0675fbd,chamberofinnocence_floor_straight_v01_01.tgm,Tiny_3,75277288,1313
6f6b1c3e5fb24c33,chamberofinnocence_floor_straight_v01_01.tgm.header,Tiny_3,75278601,264
9b9986409917cce8,chamberofinnocence_floor_corner_v01_01.tgm,Tiny_3,75275775,1249
fc15b992d63ad324,chamberofinnocence_floor_corner_v01_01.tgm.header,Tiny_3,75277024,264
71798dda4b13463d,chamberofinnocence_floor_circle_v01_01.tgm,Tiny_3,75274112,1399
733a1812d2bbef97,chamberofinnocence_floor_circle_v01_01.tgm.header,Tiny_3,75275511,264
e78638e2c3e04b4e,chamberofinnocence_floor_center_v01_01.tgm,Tiny_3,75273005,757
06e49f186e526744,chamberofinnocence_floor_center_v01_01.tgm.header,Tiny_3,75273762,350
5a5933439360a039,chamberofinnocence_floor_big_straight_v01_01_c1r2.tgm,Tiny_3,75271930,811
fb353f6c2ca0dc89,chamberofinnocence_floor_big_straight_v01_01_c1r2.tgm.header,Tiny_3,75272741,264
4c69e344bc32155b,chamberofinnocence_floor_big_straight_v01_01_c1r1.tgm,Tiny_3,75270747,919
affc0c4a8ef5dbd0,chamberofinnocence_floor_big_straight_v01_01_c1r1.tgm.header,Tiny_3,75271666,264
7a62747cb536c86a,chamberofinnocence_floor_big_corner_v01_01_c1r2.tgm,Tiny_3,75268118,2365
8605dac0701d2db2,chamberofinnocence_floor_big_corner_v01_01_c1r2.tgm.header,Tiny_3,75270483,264
4663545e689c7da3,chamberofinnocence_floor_big_corner_v01_01_c1r1.tgm,Tiny_3,75267611,243
849a804aae0c9a23,chamberofinnocence_floor_big_corner_v01_01_c1r1.tgm.header,Tiny_3,75267854,264
