hash,file,bundle,offset,size
98eb21b37e5df87c,waterfall_05_c3r9.tgm,Art/Models/Terrain/EndGame/ForkingRiver/Tiles_1,1030793,120549
0cd784a9003b26fb,waterfall_05_c3r9.tgm.header,Tiny_4,47250082,2022
905b2dbd8eee367a,waterfall_05_c3r8.tgm,Art/Models/Terrain/EndGame/ForkingRiver/Tiles_1,1026500,4293
109946802f12622b,waterfall_05_c3r8.tgm.header,Tiny_4,47249776,306
324cba6193096ac6,waterfall_05_c3r7.tgm,Art/Models/Terrain/EndGame/ForkingRiver/Tiles_1,1007481,19019
ec87e1d60b9f7c3a,waterfall_05_c3r7.tgm.header,Tiny_4,47248986,790
a2f261c3ccb7c108,waterfall_05_c3r6.tgm,Art/Models/Terrain/EndGame/ForkingRiver/Tiles_1,1001996,5485
84c6edc158f4f5a0,waterfall_05_c3r6.tgm.header,Tiny_4,47248504,482
ba1b9c9e7a80995f,waterfall_05_c3r5.tgm,Art/Models/Terrain/EndGame/ForkingRiver/Tiles_1,919617,82379
f124e6b242f57886,waterfall_05_c3r5.tgm.header,Folders/art/models/terrain/endgame/forkingriver/1/tiles,547369,4486
fae165e2c2f9d58c,waterfall_05_c3r4.tgm,Tiny_4,47245807,2347
471a790da2a57016,waterfall_05_c3r4.tgm.header,Tiny_4,47248154,350
a8240745e84ceba6,waterfall_05_c3r3.tgm,Art/Models/Terrain/EndGame/ForkingRiver/Tiles_1,851274,68343
4751cbfcfbf7ddaa,waterfall_05_c3r3.tgm.header,Tiny_4,47243653,2154
33c5943bb811d180,waterfall_05_c3r2.tgm,Art/Models/Terrain/EndGame/ForkingRiver/Tiles_1,845039,6235
79cbc1fb79ff0ebe,waterfall_05_c3r2.tgm.header,Tiny_4,48677916,264
dea46b50a793c63f,waterfall_05_c3r1.tgm,Art/Models/Terrain/EndGame/ForkingRiver/Tiles_1,840028,5011
27ab9d4adcf7506d,waterfall_05_c3r1.tgm.header,Tiny_4,48642843,264
30a5587b3de956bc,waterfall_05_c2r9.tgm,Art/Models/Terrain/EndGame/ForkingRiver/Tiles_1,833415,6613
bf5a6c195b7e8c18,waterfall_05_c2r9.tgm.header,Tiny_4,47243303,350
a3d090658b75eb4f,waterfall_05_c2r8.tgm,Art/Models/Terrain/EndGame/ForkingRiver/Tiles_1,824836,8579
e6d87f7be88a974e,waterfall_05_c2r8.tgm.header,Tiny_4,47242909,394
ef11903e248ebe6f,waterfall_05_c2r7.tgm,Art/Models/Terrain/EndGame/ForkingRiver/Tiles_1,809191,15645
8298a52df75afa35,waterfall_05_c2r7.tgm.header,Tiny_4,47242339,570
556e03405b057825,waterfall_05_c2r6.tgm,Art/Models/Terrain/EndGame/ForkingRiver/Tiles_1,800016,9175
e0bb87173684ef58,waterfall_05_c2r6.tgm.header,Tiny_4,47241725,614
d140009abbb1ebda,waterfall_05_c2r5.tgm,Art/Models/Terrain/EndGame/ForkingRiver/Tiles_1,794239,5777
8a749a6963c82cdd,waterfall_05_c2r5.tgm.header,Tiny_4,47241331,394
4a606fe723e79a18,waterfall_05_c2r4.tgm,Art/Models/Terrain/EndGame/ForkingRiver/Tiles_1,433824,360415
3a98a1774686516e,waterfall_05_c2r4.tgm.header,Folders/art/models/terrain/endgame/3/theatre,667613,6818
979805c5a57c2b5e,waterfall_05_c2r3.tgm,Art/Models/Terrain/EndGame/ForkingRiver/Tiles_1,396967,36857
dacde1544e91c629,waterfall_05_c2r3.tgm.header,Tiny_4,47240541,790
cc993d88edfbdf20,waterfall_05_c2r2.tgm,Art/Models/Terrain/EndGame/ForkingRiver/Tiles_1,348948,48019
3d7a17b10b27eb4b,waterfall_05_c2r2.tgm.header,Tiny_4,47239399,1142
15ae06948de15755,waterfall_05_c2r1.tgm,Art/Models/Terrain/EndGame/ForkingRiver/Tiles_1,310893,38055
c936418a4e1b961c,waterfall_05_c2r1.tgm.header,Tiny_4,47238433,966
96b07ef356231902,waterfall_05_c1r9.tgm,Art/Models/Terrain/EndGame/ForkingRiver/Tiles_1,306400,4493
8b77cd5fb9e18cfe,waterfall_05_c1r9.tgm.header,Tiny_4,47238169,264
e473531f62bae5f5,waterfall_05_c1r8.tgm,Art/Models/Terrain/EndGame/ForkingRiver/Tiles_1,299111,7289
3f358023e87a0512,waterfall_05_c1r8.tgm.header,Tiny_4,47237905,264
4c6b0ec1d59fd0aa,waterfall_05_c1r7.tgm,Art/Models/Terrain/EndGame/ForkingRiver/Tiles_1,278946,20165
a14611b5bff065c3,waterfall_05_c1r7.tgm.header,Tiny_4,47237511,394
0a8f7eceb5e0a4f7,waterfall_05_c1r6.tgm,Art/Models/Terrain/EndGame/ForkingRiver/Tiles_1,245447,33499
7e06270159bff216,waterfall_05_c1r6.tgm.header,Tiny_4,47236897,614
9fe6042c36cd36e1,waterfall_05_c1r5.tgm,Art/Models/Terrain/EndGame/ForkingRiver/Tiles_1,184406,61041
338cbe86fd318986,waterfall_05_c1r5.tgm.header,Tiny_4,47236591,306
fe622d49826c1c40,waterfall_05_c1r4.tgm,Art/Models/Terrain/EndGame/ForkingRiver/Tiles_1,177909,6497
d9c46b820fb62914,waterfall_05_c1r4.tgm.header,Tiny_4,47236197,394
d6ae84befeb7e9ac,waterfall_05_c1r3.tgm,Art/Models/Terrain/EndGame/ForkingRiver/Tiles_1,160916,16993
fb47e2fd0f984bb8,waterfall_05_c1r3.tgm.header,Tiny_4,47235847,350
6637be25a70a12ca,waterfall_05_c1r2.tgm,Art/Models/Terrain/EndGame/ForkingRiver/Tiles_1,148457,12459
b7a9c11b275b05cf,waterfall_05_c1r2.tgm.header,Tiny_4,47235541,306
b7e406a670a660aa,waterfall_05_c1r1.tgm,Tiny_4,47231646,3895
b5ca6a487aafa572,waterfall_05_c1r1.tgm.header,Tiny_4,48621508,264
5b556669e8227b6c,waterfall_04_c3r9.tgm,Art/Models/Terrain/EndGame/ForkingRiver/Tiles_1,26554,121903
3e455644b1ec5ae0,waterfall_04_c3r9.tgm.header,Tiny_4,47229712,1934
3c3bd9713f59aff2,waterfall_04_c3r8.tgm,Art/Models/Terrain/EndGame/ForkingRiver/Tiles_1,20697,5857
14fc62950dacb083,waterfall_04_c3r8.tgm.header,Tiny_4,48686645,264
7485314a10e0ae49,waterfall_04_c3r7.tgm,Art/Models/Terrain/EndGame/ForkingRiver/Tiles_1,0,20697
a55b61024fd0fa11,waterfall_04_c3r7.tgm.header,Tiny_4,47229010,702
5206132d7b68d2b8,waterfall_04_c3r6.tgm,Tiny_4,47226199,2461
53f870f93c6ecf04,waterfall_04_c3r6.tgm.header,Tiny_4,47228660,350
0451a56f617efcf3,waterfall_04_c3r5.tgm,Art/Models/Terrain/EndGame/ForkingRiver/Tiles,2227158,80889
aa8f9864fe92bc3d,waterfall_04_c3r5.tgm.header,Folders/art/models/terrain/endgame/3/theatre,886296,4398
eda52a3bdce94028,waterfall_04_c3r4.tgm,Tiny_4,47223502,2347
4f4f144eea9414b7,waterfall_04_c3r4.tgm.header,Tiny_4,47225849,350
614e73a877fab768,waterfall_04_c3r3.tgm,Art/Models/Terrain/EndGame/ForkingRiver/Tiles,2158815,68343
0f1ebec8d0bd8820,waterfall_04_c3r3.tgm.header,Tiny_4,47221348,2154
e854bf0502befa61,waterfall_04_c3r2.tgm,Art/Models/Terrain/EndGame/ForkingRiver/Tiles,2152580,6235
3a4610f4845f1228,waterfall_04_c3r2.tgm.header,Tiny_4,48677916,264
06c87e5e65970b54,waterfall_04_c3r1.tgm,Art/Models/Terrain/EndGame/ForkingRiver/Tiles,2147569,5011
4ecd6ca7609ab167,waterfall_04_c3r1.tgm.header,Tiny_4,48642843,264
0a876dd9b27fe702,waterfall_04_c2r9.tgm,Art/Models/Terrain/EndGame/ForkingRiver/Tiles,2142216,5353
366ad5b241a3b8d7,waterfall_04_c2r9.tgm.header,Tiny_4,48677652,264
65bb9c01666fb2e9,waterfall_04_c2r8.tgm,Art/Models/Terrain/EndGame/ForkingRiver/Tiles,2136143,6073
ea37593a01bceefd,waterfall_04_c2r8.tgm.header,Tiny_4,47188829,264
240f1e6a514351c8,waterfall_04_c2r7.tgm,Art/Models/Terrain/EndGame/ForkingRiver/Tiles_22,1824143,13073
a442e235b861fbb3,waterfall_04_c2r7.tgm.header,Tiny_4,47220954,394
c3435ee8c41d2ff1,waterfall_04_c2r6.tgm,Tiny_4,47217525,2991
11277feb330810b7,waterfall_04_c2r6.tgm.header,Tiny_4,47220516,438
d9fa21fc6190043c,waterfall_04_c2r5.tgm,Tiny_4,47214360,2815
f633287167ef794d,waterfall_04_c2r5.tgm.header,Tiny_4,47217175,350
d4e22788aff886c8,waterfall_04_c2r4.tgm,Art/Models/Terrain/EndGame/ForkingRiver/Tiles_22,1509666,314477
799959da7a554976,waterfall_04_c2r4.tgm.header,Folders/art/models/terrain/endgame/forkingriver/1/tiles,540639,6730
1cbe2b6e41e978fc,waterfall_04_c2r3.tgm,Art/Models/Terrain/EndGame/ForkingRiver/Tiles_22,1495735,13931
cac2c8f475e4e764,waterfall_04_c2r3.tgm.header,Tiny_4,47213966,394
9526d665742a5eb7,waterfall_04_c2r2.tgm,Art/Models/Terrain/EndGame/ForkingRiver/Tiles_22,1476318,19417
d8ec7343937f1a1a,waterfall_04_c2r2.tgm.header,Tiny_4,47213616,350
b7b26fee0c25f51f,waterfall_04_c2r1.tgm,Art/Models/Terrain/EndGame/ForkingRiver/Tiles_22,1470677,5641
89149c9ed5783750,waterfall_04_c2r1.tgm.header,Tiny_4,48633906,264
a092e0f569ffdc5b,waterfall_04_c1r9.tgm,Tiny_4,47209793,3823
5c0b7456664d50c1,waterfall_04_c1r9.tgm.header,Tiny_4,48082404,264
1ff26ae43dc7e587,waterfall_04_c1r8.tgm,Art/Models/Terrain/EndGame/ForkingRiver/Tiles_22,1465090,5587
716b1983662abec5,waterfall_04_c1r8.tgm.header,Tiny_4,48629819,264
5e86d6e6ccc858b2,waterfall_04_c1r7.tgm,Art/Models/Terrain/EndGame/ForkingRiver/Tiles_22,1446897,18193
7538484672c0665f,waterfall_04_c1r7.tgm.header,Tiny_4,47209443,350
fa58a53511b476f7,waterfall_04_c1r6.tgm,Art/Models/Terrain/EndGame/ForkingRiver/Tiles_22,1419226,27671
9522f2b2192faaf9,waterfall_04_c1r6.tgm.header,Tiny_4,47208917,526
047e9eb2987ffc69,waterfall_04_c1r5.tgm,Art/Models/Terrain/EndGame/ForkingRiver/Tiles_22,1359161,60065
c9f5d2da5035e996,waterfall_04_c1r5.tgm.header,Tiny_4,47208653,264
d248f48c22446a00,waterfall_04_c1r4.tgm,Art/Models/Terrain/EndGame/ForkingRiver/Tiles_22,1352664,6497
31cb885fa1624adf,waterfall_04_c1r4.tgm.header,Tiny_4,47208259,394
66a8f53cd53ded12,waterfall_04_c1r3.tgm,Tiny_4,47204682,3577
ce629ccf48327b32,waterfall_04_c1r3.tgm.header,Tiny_4,48661279,264
d12986dd4f927fd2,waterfall_04_c1r2.tgm,Art/Models/Terrain/EndGame/ForkingRiver/Tiles_22,1347239,5425
e370b75179c413de,waterfall_04_c1r2.tgm.header,Tiny_4,48621772,264
ba2e663e864f2bc1,waterfall_04_c1r1.tgm,Tiny_4,47200787,3895
19fbe6c7bec4b603,waterfall_04_c1r1.tgm.header,Tiny_4,48621508,264
a9fe6923e8a19afb,waterfall_03_c3r9.tgm,Art/Models/Terrain/EndGame/ForkingRiver/Tiles_22,1202858,144381
1edfeff8d501f321,waterfall_03_c3r9.tgm.header,Tiny_4,47198897,1890
8c221977a098bf6e,waterfall_03_c3r8.tgm,Art/Models/Terrain/EndGame/ForkingRiver/Tiles_22,1197001,5857
a66ee1bda6876aa6,waterfall_03_c3r8.tgm.header,Tiny_4,48653279,264
63e47e56d8418941,waterfall_03_c3r7.tgm,Art/Models/Terrain/EndGame/ForkingRiver/Tiles_22,1178668,18333
0ce5cef68328ddae,waterfall_03_c3r7.tgm.header,Tiny_4,47198459,438
b235023010a410f4,waterfall_03_c3r6.tgm,Tiny_4,47194814,3207
be3984b8e95492c8,waterfall_03_c3r6.tgm.header,Tiny_4,47198021,438
8e8654afbd4bef46,waterfall_03_c3r5.tgm,Art/Models/Terrain/EndGame/ForkingRiver/Tiles_22,1097391,81277
ff10585cdcecaec8,waterfall_03_c3r5.tgm.header,Folders/art/models/terrain/endgame/forkingriver/1/tiles,62329,4442
e7cf5ce38a59c70c,waterfall_03_c3r4.tgm,Tiny_4,47191421,2955
d939246761049fa8,waterfall_03_c3r4.tgm.header,Tiny_4,47194376,438
779bd8802335e718,waterfall_03_c3r3.tgm,Art/Models/Terrain/EndGame/ForkingRiver/Tiles_22,1033662,63729
af75e1cc5456b422,waterfall_03_c3r3.tgm.header,Tiny_4,47189399,2022
958abb3a58517659,waterfall_03_c3r2.tgm,Art/Models/Terrain/EndGame/ForkingRiver/Tiles_22,1019853,13809
f27f2facb41a8278,waterfall_03_c3r2.tgm.header,Tiny_4,47189093,306
82b727a5eec926ac,waterfall_03_c3r1.tgm,Art/Models/Terrain/EndGame/ForkingRiver/Tiles_22,1014842,5011
eeb82c6ad84f906f,waterfall_03_c3r1.tgm.header,Tiny_4,48642843,264
39c75d11415274f0,waterfall_03_c2r9.tgm,Art/Models/Terrain/EndGame/ForkingRiver/Tiles_22,1009489,5353
0da86c9d87b60e6e,waterfall_03_c2r9.tgm.header,Tiny_4,48642579,264
f811729f3e3676e8,waterfall_03_c2r8.tgm,Art/Models/Terrain/EndGame/ForkingRiver/Tiles_22,1003416,6073
b114a497f0053e26,waterfall_03_c2r8.tgm.header,Tiny_4,47188829,264
0a66adf2be92316b,waterfall_03_c2r7.tgm,Art/Models/Terrain/EndGame/ForkingRiver/Tiles_22,989405,14011
afc38c4c1ed02168,waterfall_03_c2r7.tgm.header,Tiny_4,47188347,482
26b02848d0a6d4b3,waterfall_03_c2r6.tgm,Art/Models/Terrain/EndGame/ForkingRiver/Tiles_22,984756,4649
8e17792eb7b055b4,waterfall_03_c2r6.tgm.header,Tiny_4,47187689,658
e1f55665fa30a7d8,waterfall_03_c2r5.tgm,Tiny_4,47183738,3557
ec95fabd4040379d,waterfall_03_c2r5.tgm.header,Tiny_4,47187295,394
a4d7a9bf5a440ee3,waterfall_03_c2r4.tgm,Art/Models/Terrain/EndGame/ForkingRiver/Tiles_22,691185,293571
a563efbaa89b2b52,waterfall_03_c2r4.tgm.header,Folders/art/models/terrain/endgame/forkingriver/1/tiles,533733,6906
731938308e169194,waterfall_03_c2r3.tgm,Art/Models/Terrain/EndGame/ForkingRiver/Tiles_22,676316,14869
b0be0196e1cafd96,waterfall_03_c2r3.tgm.header,Tiny_4,47183256,482
6aade74171e46e78,waterfall_03_c2r2.tgm,Art/Models/Terrain/EndGame/ForkingRiver/Tiles_22,669073,7243
5389d61c2d04f35e,waterfall_03_c2r2.tgm.header,Tiny_4,48634170,264
3f27df07ad6c4771,waterfall_03_c2r1.tgm,Art/Models/Terrain/EndGame/ForkingRiver/Tiles_22,663432,5641
1e5e4bb455b6c648,waterfall_03_c2r1.tgm.header,Tiny_4,48633906,264
6a15482218c822f7,waterfall_03_c1r9.tgm,Tiny_4,47179433,3823
92334d87f0e30c2f,waterfall_03_c1r9.tgm.header,Tiny_4,48082404,264
d656bab91a60a51f,waterfall_03_c1r8.tgm,Art/Models/Terrain/EndGame/ForkingRiver/Tiles_22,657845,5587
96790b3bdc7a1281,waterfall_03_c1r8.tgm.header,Tiny_4,48629819,264
12a4d7b6bf82b243,waterfall_03_c1r7.tgm,Art/Models/Terrain/EndGame/ForkingRiver/Tiles_22,639962,17883
622f03ad402ebed5,waterfall_03_c1r7.tgm.header,Tiny_4,47179127,306
ef215b06ecf79f1a,waterfall_03_c1r6.tgm,Art/Models/Terrain/EndGame/ForkingRiver/Tiles_22,612291,27671
57bbdf21504d9207,waterfall_03_c1r6.tgm.header,Tiny_4,47178601,526
36a62cc6cfb1872d,waterfall_03_c1r5.tgm,Art/Models/Terrain/EndGame/ForkingRiver/Tiles_22,547018,65273
cf029b6227561975,waterfall_03_c1r5.tgm.header,Tiny_4,47178207,394
f2297b72fb739fb8,waterfall_03_c1r4.tgm,Tiny_4,47176344,1557
eba3b5fe6edc61f6,waterfall_03_c1r4.tgm.header,Tiny_4,47177901,306
8e3f50ae24ac6ec6,waterfall_03_c1r3.tgm,Tiny_4,47172767,3577
d8ae1bb768f9a13f,waterfall_03_c1r3.tgm.header,Tiny_4,48625613,264
f8c57ce8a9998a76,waterfall_03_c1r2.tgm,Art/Models/Terrain/EndGame/ForkingRiver/Tiles_22,541593,5425
832ded0b7a15b40e,waterfall_03_c1r2.tgm.header,Tiny_4,48621772,264
fedd4317e7973eeb,waterfall_03_c1r1.tgm,Tiny_4,47168872,3895
34a5cf0454eb1faa,waterfall_03_c1r1.tgm.header,Tiny_4,48621508,264
3a1eaf2e500cc2de,waterfall_02_c3r9.tgm,Art/Models/Terrain/EndGame/ForkingRiver/Tiles_22,416924,124669
042b765504150539,waterfall_02_c3r9.tgm.header,Tiny_4,47167466,1406
897cf16b9df29f56,waterfall_02_c3r8.tgm,Art/Models/Terrain/EndGame/ForkingRiver/Tiles_22,392419,24505
de706a12d282304d,waterfall_02_c3r8.tgm.header,Tiny_4,47165928,1538
67085de678a477cf,waterfall_02_c3r7.tgm,Art/Models/Terrain/EndGame/ForkingRiver/Tiles_22,362602,29817
1c467ddfe7ac39ef,waterfall_02_c3r7.tgm.header,Tiny_4,47164830,1098
859e7f0793692b7b,waterfall_02_c3r6.tgm,Tiny_4,47162379,2057
265dfd7a8ef650b8,waterfall_02_c3r6.tgm.header,Tiny_4,47164436,394
09dedd0a006c9895,waterfall_02_c3r5.tgm,Art/Models/Terrain/EndGame/ForkingRiver/Tiles_22,98399,264203
61b63b42a396f3ab,waterfall_02_c3r5.tgm.header,Folders/art/models/terrain/endgame/3/theatre,725535,5014
edd98f573eb9dad2,waterfall_02_c3r4.tgm,Tiny_4,47160054,1931
f9703c7731b4fd11,waterfall_02_c3r4.tgm.header,Tiny_4,47161985,394
58ee98c1562d381e,waterfall_02_c3r3.tgm,Art/Models/Terrain/EndGame/ForkingRiver/Tiles_22,0,98399
b90b3482ba5b9bda,waterfall_02_c3r3.tgm.header,Tiny_4,47156360,3694
7b028f3c01392c2e,waterfall_02_c3r2.tgm,Art/Models/Terrain/EndGame/ForkingRiver/Tiles_21,1735130,74255
f0bcc759fc360cf4,waterfall_02_c3r2.tgm.header,Tiny_4,47156096,264
15f9e6ece65ca89e,waterfall_02_c3r1.tgm,Tiny_4,47155511,585
b00e428d0e552fd7,waterfall_02_c3r1.tgm.header,Tiny_4,48604678,264
8689d924ae6b431d,waterfall_02_c2r9.tgm,Tiny_4,47154602,909
c322a822a82ed0e2,waterfall_02_c2r9.tgm.header,Tiny_4,48603829,264
dbcdbd78dbd94e49,waterfall_02_c2r8.tgm,Art/Models/Terrain/EndGame/ForkingRiver/Tiles_21,1608109,127021
e9771ae5c3e1dff5,waterfall_02_c2r8.tgm.header,Tiny_4,47154252,350
2cefe87401e547d9,waterfall_02_c2r7.tgm,Tiny_4,47150805,3097
ba93b6ac5ecdb1bc,waterfall_02_c2r7.tgm.header,Tiny_4,47153902,350
18aa982e0f30fae6,waterfall_02_c2r6.tgm,Art/Models/Terrain/EndGame/ForkingRiver/Tiles_21,1603744,4365
54bfbbe68eabd04c,waterfall_02_c2r6.tgm.header,Tiny_4,47150235,570
7e86a2e095630e22,waterfall_02_c2r5.tgm,Art/Models/Terrain/EndGame/ForkingRiver/Tiles_21,1598583,5161
8e3f0465cf53bfe3,waterfall_02_c2r5.tgm.header,Tiny_4,47149753,482
c3ecbc50254703a0,waterfall_02_c2r4.tgm,Art/Models/Terrain/EndGame/ForkingRiver/Tiles_21,1416846,181737
77aa97c902f66862,waterfall_02_c2r4.tgm.header,Folders/art/models/terrain/endgame/3/theatre,792172,7038
cc5cf2c0a12e91b5,waterfall_02_c2r3.tgm,Tiny_4,47146504,2899
52645682fa98e2ed,waterfall_02_c2r3.tgm.header,Tiny_4,47149403,350
e19fec6987139f61,waterfall_02_c2r2.tgm,Tiny_4,47145397,1107
a3d0a84893ea7875,waterfall_02_c2r2.tgm.header,Tiny_4,48592120,264
1880f353eae4b7fa,waterfall_02_c2r1.tgm,Tiny_4,47144488,909
71ce02dba863e2bf,waterfall_02_c2r1.tgm.header,Tiny_4,48590749,264
85d5121011c9672e,waterfall_02_c1r9.tgm,Tiny_4,47143849,639
231326d0f7168093,waterfall_02_c1r9.tgm.header,Tiny_4,48589576,264
1f27d7ac06888e95,waterfall_02_c1r8.tgm,Tiny_4,47142976,873
0133d89e01a525f1,waterfall_02_c1r8.tgm.header,Tiny_4,48588673,264
f3b98eb1e8c42137,waterfall_02_c1r7.tgm,Tiny_4,47142181,795
1d438a434947f8c4,waterfall_02_c1r7.tgm.header,Tiny_4,48587536,264
c9eefabc127b30f8,waterfall_02_c1r6.tgm,Tiny_4,47141344,837
d41649931a26ba8a,waterfall_02_c1r6.tgm.header,Tiny_4,48586477,264
52b1e2013e9a0d92,waterfall_02_c1r5.tgm,Tiny_4,47140237,1107
bea743cc31ab252f,waterfall_02_c1r5.tgm.header,Tiny_4,48585376,264
d3d57d03a5cbd07d,waterfall_02_c1r4.tgm,Tiny_4,47139454,783
4ef7ce8a901dcb03,waterfall_02_c1r4.tgm.header,Tiny_4,48584005,264
c3ff13ebf0105085,waterfall_02_c1r3.tgm,Tiny_4,47138407,783
23695243142127d3,waterfall_02_c1r3.tgm.header,Tiny_4,47139190,264
28ff70d6346a3dc6,waterfall_02_c1r2.tgm,Tiny_4,47137216,927
f8483bdc0a44958c,waterfall_02_c1r2.tgm.header,Tiny_4,47138143,264
29268767733c5a9b,waterfall_02_c1r1.tgm,Tiny_4,47136169,783
257a324f75b9d328,waterfall_02_c1r1.tgm.header,Tiny_4,47136952,264
9645de20bbfdf98a,waterfall_01_c3r9.tgm,Art/Models/Terrain/EndGame/ForkingRiver/Tiles_21,1296655,120191
1d10c189a0409272,waterfall_01_c3r9.tgm.header,Tiny_4,47134191,1978
1f79b13e95411bc8,waterfall_01_c3r8.tgm,Art/Models/Terrain/EndGame/ForkingRiver/Tiles_21,1291332,5323
485dcea81bd2f0cd,waterfall_01_c3r8.tgm.header,Tiny_4,47133841,350
68dea56b7274ad55,waterfall_01_c3r7.tgm,Art/Models/Terrain/EndGame/ForkingRiver/Tiles_21,1273717,17615
1a575a3d18eb7374,waterfall_01_c3r7.tgm.header,Tiny_4,47133315,526
86cb0c02de655a56,waterfall_01_c3r6.tgm,Art/Models/Terrain/EndGame/ForkingRiver/Tiles_21,1267526,6191
47f2a41e197168c9,waterfall_01_c3r6.tgm.header,Tiny_4,47132789,526
f70ee20fca6a6701,waterfall_01_c3r5.tgm,Art/Models/Terrain/EndGame/ForkingRiver/Tiles_21,1183653,83873
3bd1e67170c3c3c8,waterfall_01_c3r5.tgm.header,Folders/art/models/terrain/endgame/forkingriver/1/tiles,348382,4486
de837471c14da028,waterfall_01_c3r4.tgm,Tiny_4,47129000,3307
1d597c463d17cf4c,waterfall_01_c3r4.tgm.header,Tiny_4,47132307,482
9be01a8f698b4795,waterfall_01_c3r3.tgm,Art/Models/Terrain/EndGame/ForkingRiver/Tiles_21,1119790,63863
45a2380282068940,waterfall_01_c3r3.tgm.header,Tiny_4,47126890,2110
74c2148b146ffb13,waterfall_01_c3r2.tgm,Art/Models/Terrain/EndGame/ForkingRiver/Tiles_21,1057107,62683
698f497fa7d363e6,waterfall_01_c3r2.tgm.header,Tiny_4,47126276,614
93e3f54bf0f4cdea,waterfall_01_c3r1.tgm,Tiny_4,47123325,2687
057fd7847f8d99c2,waterfall_01_c3r1.tgm.header,Tiny_4,47126012,264
ba2529eea437ae2f,waterfall_01_c2r9.tgm,Tiny_4,47119450,3611
260cdd77828b651d,waterfall_01_c2r9.tgm.header,Tiny_4,47123061,264
6f2d5e7c5af342cb,waterfall_01_c2r8.tgm,Art/Models/Terrain/EndGame/ForkingRiver/Tiles_21,1020644,36463
68693a72bdfecd55,waterfall_01_c2r8.tgm.header,Tiny_4,47118308,1142
fead6e172699bce5,waterfall_01_c2r7.tgm,Art/Models/Terrain/EndGame/ForkingRiver/Tiles_21,1009457,11187
b03c4ec9ce54a9ec,waterfall_01_c2r7.tgm.header,Tiny_4,47117870,438
1cf83bfa65916722,waterfall_01_c2r6.tgm,Art/Models/Terrain/EndGame/ForkingRiver/Tiles_21,1005220,4237
df9a81e4e3272d3b,waterfall_01_c2r6.tgm.header,Tiny_4,47117256,614
4e6070385a039d89,waterfall_01_c2r5.tgm,Tiny_4,47113305,3557
19aa9616049af0c0,waterfall_01_c2r5.tgm.header,Tiny_4,47116862,394
dc98ce93dc2f4d69,waterfall_01_c2r4.tgm,Art/Models/Terrain/EndGame/ForkingRiver/Tiles_21,719121,286099
c0e993cf5cac736f,waterfall_01_c2r4.tgm.header,Folders/art/models/terrain/endgame/3/theatre,597147,6950
a8e9afbff639d5b0,waterfall_01_c2r3.tgm,Art/Models/Terrain/EndGame/ForkingRiver/Tiles_21,706676,12445
e6e12c64550ceb94,waterfall_01_c2r3.tgm.header,Tiny_4,47112823,482
f6d39672dbb8cfe6,waterfall_01_c2r2.tgm,Art/Models/Terrain/EndGame/ForkingRiver/Tiles_21,669889,36787
2a2540f9a3e7c860,waterfall_01_c2r2.tgm.header,Tiny_4,47111681,1142
f5c9a32cd9d958a0,waterfall_01_c2r1.tgm,Tiny_4,47107806,3611
ee56359dc8e26374,waterfall_01_c2r1.tgm.header,Tiny_4,47111417,264
7bf2fd4132964320,waterfall_01_c1r9.tgm,Tiny_4,47104855,2687
f394e988113ddf8f,waterfall_01_c1r9.tgm.header,Tiny_4,47107542,264
794b8f6b9234e7c2,waterfall_01_c1r8.tgm,Art/Models/Terrain/EndGame/ForkingRiver/Tiles_21,640350,29539
16c894d149643372,waterfall_01_c1r8.tgm.header,Tiny_4,47104109,746
7b1fae4fda704046,waterfall_01_c1r7.tgm,Art/Models/Terrain/EndGame/ForkingRiver/Tiles_21,624431,15919
4438a896303315ff,waterfall_01_c1r7.tgm.header,Tiny_4,47103759,350
f12b411215b15a59,waterfall_01_c1r6.tgm,Art/Models/Terrain/EndGame/ForkingRiver/Tiles_21,597756,26675
d4f6b0b18f2a7bc9,waterfall_01_c1r6.tgm.header,Tiny_4,47103233,526
e81fe80caef1cdef,waterfall_01_c1r5.tgm,Art/Models/Terrain/EndGame/ForkingRiver/Tiles_21,532591,65165
7d46a83711da913d,waterfall_01_c1r5.tgm.header,Tiny_4,47102839,394
5a0c5a7649838d5b,waterfall_01_c1r4.tgm,Tiny_4,47101228,1305
c26b1cceeabc3eb6,waterfall_01_c1r4.tgm.header,Tiny_4,47102533,306
d6d51e80dc382b46,waterfall_01_c1r3.tgm,Art/Models/Terrain/EndGame/ForkingRiver/Tiles_21,516622,15969
39e7983f6e1bcc52,waterfall_01_c1r3.tgm.header,Tiny_4,47100922,306
f3583787ae44e38f,waterfall_01_c1r2.tgm,Art/Models/Terrain/EndGame/ForkingRiver/Tiles_21,477535,39087
afa92dcfe6572160,waterfall_01_c1r2.tgm.header,Tiny_4,47099824,1098
8a76230b5deb2507,waterfall_01_c1r1.tgm,Tiny_4,47097155,2405
b13dc65c177ab1ac,waterfall_01_c1r1.tgm.header,Tiny_4,47099560,264
bb2849a5142e6957,smallpool1_c2r2.tgm,Art/Models/Terrain/EndGame/ForkingRiver/Tiles_21,431542,45993
cbadf3b504275f65,smallpool1_c2r2.tgm.header,Tiny_4,47096365,790
d3388c48cd5e1466,smallpool1_c2r1.tgm,Art/Models/Terrain/EndGame/ForkingRiver/Tiles_21,382753,48789
6356aa1a042f2795,smallpool1_c2r1.tgm.header,Tiny_4,47095575,790
b994540887269b44,smallpool1_c1r2.tgm,Art/Models/Terrain/EndGame/ForkingRiver/Tiles_21,334220,48533
ab9f8fa53c1da50e,smallpool1_c1r2.tgm.header,Tiny_4,47094741,834
f95dc3b96a202ac6,smallpool1_c1r1.tgm,Art/Models/Terrain/EndGame/ForkingRiver/Tiles_21,284084,50136
9ec2dcec6594c0f9,smallpool1_c1r1.tgm.header,Tiny_4,47093820,921
7582417ef136f939,side_05_c3r6.tgm,Art/Models/Terrain/EndGame/ForkingRiver/Tiles_21,251601,32483
16c54f04db756258,side_05_c3r6.tgm.header,Tiny_4,46933473,1450
db73c961bf83d37e,side_05_c3r5.tgm,Tiny_4,46931588,1621
7ec673bfa914ab6a,side_05_c3r5.tgm.header,Tiny_4,46933209,264
d5ba60582fe858b2,side_05_c3r4.tgm,Tiny_4,46929325,1999
63464be77b67fa9a,side_05_c3r4.tgm.header,Tiny_4,46931324,264
bc5307f04f17348d,side_05_c3r3.tgm,Tiny_4,46927146,1915
09607678a3f89bef,side_05_c3r3.tgm.header,Tiny_4,46929061,264
5fdd4b294c6ed6a0,side_05_c3r2.tgm,Tiny_4,46925159,1723
1b96a37f42ceaabd,side_05_c3r2.tgm.header,Tiny_4,46926882,264
47b7b434a7409894,side_05_c3r1.tgm,Art/Models/Terrain/EndGame/ForkingRiver/Tiles_21,207542,44059
ddbf592f4dd45473,side_05_c3r1.tgm.header,Tiny_4,46924149,1010
e974f7a76556aa28,side_05_c2r6.tgm,Art/Models/Terrain/EndGame/ForkingRiver/Tiles_21,21727,185815
152d4a2276a66b55,side_05_c2r6.tgm.header,Tiny_4,46923007,1142
672d225f4855e63b,side_05_c2r5.tgm,Art/Models/Terrain/EndGame/ForkingRiver/Tiles_21,0,21727
a358e11accaf5be7,side_05_c2r5.tgm.header,Tiny_4,46922743,264
a0d15d773497c5d2,side_05_c2r4.tgm,Tiny_4,46921060,1683
7ae3c1c6757d3a21,side_05_c2r4.tgm.header,Tiny_4,48351348,264
44b23524669a5108,side_05_c2r3.tgm,Tiny_4,46919251,1809
78977da5de984fa1,side_05_c2r3.tgm.header,Tiny_4,48282328,264
c8e53814150a4b16,side_05_c2r2.tgm,Tiny_4,46917766,1485
2fddaa683d322a5b,side_05_c2r2.tgm.header,Tiny_4,48280255,264
f33c0da09662dc73,side_05_c2r1.tgm,Tiny_4,46916905,861
cfa2aacf7b26bb60,side_05_c2r1.tgm.header,Tiny_4,48471607,264
bc49ce9a0787ea19,side_05_c1r6.tgm,Tiny_4,46916356,549
f8f860ce23cb1d99,side_05_c1r6.tgm.header,Tiny_4,47603502,264
f86630bb9a39d1ab,side_05_c1r5.tgm,Tiny_4,46915285,1071
b35d55ad6a1886ca,side_05_c1r5.tgm.header,Tiny_4,47602689,264
381374555a66ca71,side_05_c1r4.tgm,Tiny_4,46913854,1431
649466362bb02d72,side_05_c1r4.tgm.header,Tiny_4,47601354,264
9429d67d00e6c5ce,side_05_c1r3.tgm,Tiny_4,46912531,1323
c61cfc00d4ee476a,side_05_c1r3.tgm.header,Tiny_4,48342090,264
088a2d1dad804a8f,side_05_c1r2.tgm,Tiny_4,46911586,945
08ced7a5ec88ec7d,side_05_c1r2.tgm.header,Tiny_4,48273007,264
54ee30fd2fe07e47,side_05_c1r1.tgm,Tiny_4,46910785,801
a50f8c509401f057,side_05_c1r1.tgm.header,Tiny_4,48339558,264
b5628ac9da5bba06,side_04_c3r6.tgm,Tiny_4,46910092,693
4d5984fd9b643b6a,side_04_c3r6.tgm.header,Tiny_4,48338493,264
eb7e080250cadd52,side_04_c3r5.tgm,Tiny_4,46908985,1107
621a28c4e3e1b19a,side_04_c3r5.tgm.header,Tiny_4,48337536,264
99920ea256a900e6,side_04_c3r4.tgm,Tiny_4,46907878,1107
9225b8e67bf03f5b,side_04_c3r4.tgm.header,Tiny_4,48336165,264
c6c696b37fb2b0b7,side_04_c3r3.tgm,Tiny_4,46906933,945
56bd2f63a4e31266,side_04_c3r3.tgm.header,Tiny_4,48334794,264
51d224747ce8a9df,side_04_c3r2.tgm,Tiny_4,46906042,891
990f04fa92a149b3,side_04_c3r2.tgm.header,Tiny_4,48333585,264
54d37f29d0ae77ab,side_04_c3r1.tgm,Tiny_4,46905583,459
83c01745b3300036,side_04_c3r1.tgm.header,Tiny_4,48332430,264
ab4d16f0df08eb8d,side_04_c2r6.tgm,Tiny_4,46904542,1041
61a49a59268e5cc9,side_04_c2r6.tgm.header,Tiny_4,48331707,264
d464a5927e9d66b0,side_04_c2r5.tgm,Art/Models/Terrain/EndGame/ForkingRiver/Tiles_20,1732058,212785
77afe4b4e6ac630d,side_04_c2r5.tgm.header,Tiny_4,46904060,482
8ce46394f477b105,side_04_c2r4.tgm,Tiny_4,46902197,1863
aa7759b0bc5956a6,side_04_c2r4.tgm.header,Tiny_4,47665942,264
d797e54a85dd2586,side_04_c2r3.tgm,Tiny_4,46900532,1665
a5c8067b47e16979,side_04_c2r3.tgm.header,Tiny_4,47663815,264
d2577f2f192c8050,side_04_c2r2.tgm,Art/Models/Terrain/EndGame/ForkingRiver/Tiles_20,1569311,162747
061c0e0bcea9724d,side_04_c2r2.tgm.header,Tiny_4,46899302,1230
4b1bcf17c6e22692,side_04_c2r1.tgm,Tiny_4,46898759,543
262c2f3e5a24708d,side_04_c2r1.tgm.header,Tiny_4,48447859,264
c8cfc1d71c9de67e,side_04_c1r6.tgm,Art/Models/Terrain/EndGame/ForkingRiver/Tiles_20,1459212,110099
521ed218ca43dc7c,side_04_c1r6.tgm.header,Folders/art/models/terrain/endgame/forkingriver/1/tiles,384670,5146
cf7fb0494bde73f8,side_04_c1r5.tgm,Tiny_4,46897048,1447
687531a26753d698,side_04_c1r5.tgm.header,Tiny_4,46898495,264
b6a467d330e144aa,side_04_c1r4.tgm,Tiny_4,46895127,1657
71e56c524802a5f2,side_04_c1r4.tgm.header,Tiny_4,46896784,264
01f9ced96ab05d93,side_04_c1r3.tgm,Tiny_4,46893350,1513
e4e1c87b5aeabc5e,side_04_c1r3.tgm.header,Tiny_4,46894863,264
05168952128f0146,side_04_c1r2.tgm,Tiny_4,46891783,1303
3583780c17f4d79c,side_04_c1r2.tgm.header,Tiny_4,46893086,264
7342c8d47840d2b3,side_04_c1r1.tgm,Art/Models/Terrain/EndGame/ForkingRiver/Tiles_20,1298203,161009
87c95e7930a38fbb,side_04_c1r1.tgm.header,Folders/art/models/terrain/endgame/forkingriver/1/tiles,457815,7258
d45fc109816b49d7,side_03_c3r6.tgm,Tiny_4,46891036,747
48ede0756ae5d03a,side_03_c3r6.tgm.header,Tiny_4,47675587,264
6e00c2e2c79d95c6,side_03_c3r5.tgm,Tiny_4,46889929,1107
545d51be3ad59152,side_03_c3r5.tgm.header,Tiny_4,48316754,264
75c1320663094b8e,side_03_c3r4.tgm,Tiny_4,46888714,1215
ec19ddda2dd9bd87,side_03_c3r4.tgm.header,Tiny_4,48315383,264
b771a215447860c3,side_03_c3r3.tgm,Tiny_4,46887769,945
8c7fb3dfcb2353e7,side_03_c3r3.tgm.header,Tiny_4,48313904,264
d6f25d0e40f69d6f,side_03_c3r2.tgm,Tiny_4,46886878,891
089f8c3133505f95,side_03_c3r2.tgm.header,Tiny_4,48312695,264
f3c92fde73931980,side_03_c3r1.tgm,Art/Models/Terrain/EndGame/ForkingRiver/Tiles_20,1177904,120299
91f438be366e2265,side_03_c3r1.tgm.header,Folders/art/models/terrain/endgame/3/theatre,654153,5278
e131dbdb6f58ee7c,side_03_c2r6.tgm,Tiny_4,46885753,1125
bba06cec6f792f92,side_03_c2r6.tgm.header,Tiny_4,47667331,264
ee92c3d66426b937,side_03_c2r5.tgm,Art/Models/Terrain/EndGame/ForkingRiver/Tiles_20,1070917,106987
c4b8b006d0fdcfcd,side_03_c2r5.tgm.header,Tiny_4,46884479,1274
c10fc19fa8688d66,side_03_c2r4.tgm,Tiny_4,46881986,2493
e1c82e1fb4d6b239,side_03_c2r4.tgm.header,Tiny_4,48307799,264
cc857e9e57fef720,side_03_c2r3.tgm,Tiny_4,46880213,1773
a0c9de3a6c4a3ccb,side_03_c2r3.tgm.header,Tiny_4,48305042,264
beb11fb799a6fa66,side_03_c2r2.tgm,Art/Models/Terrain/EndGame/ForkingRiver/Tiles_20,941288,129629
c8603f6efcf28fa0,side_03_c2r2.tgm.header,Tiny_4,46878631,1582
ce02bf8496f0d25f,side_03_c2r1.tgm,Tiny_4,46878004,627
d6c2a0142334fc61,side_03_c2r1.tgm.header,Tiny_4,48301292,264
24b3190196acca25,side_03_c1r6.tgm,Art/Models/Terrain/EndGame/ForkingRiver/Tiles_20,838127,103161
886b1c148dfc5e61,side_03_c1r6.tgm.header,Folders/art/models/terrain/endgame/3/theatre,721401,4134
9d0f846bda08b47e,side_03_c1r5.tgm,Tiny_4,46876293,1447
a2ce607d334ce79f,side_03_c1r5.tgm.header,Tiny_4,46877740,264
e6642717a20fbbd1,side_03_c1r4.tgm,Tiny_4,46874156,1873
375b2838d7745899,side_03_c1r4.tgm.header,Tiny_4,46876029,264
bdcb70fedd45a678,side_03_c1r3.tgm,Art/Models/Terrain/EndGame/ForkingRiver/Tiles_20,804362,33765
134b7b8bb026e4b7,side_03_c1r3.tgm.header,Tiny_4,46872926,1230
81e6288abd12cf28,side_03_c1r2.tgm,Tiny_4,46871359,1303
6cb38d9f3f495883,side_03_c1r2.tgm.header,Tiny_4,46872662,264
722b01828b522993,side_03_c1r1.tgm,Art/Models/Terrain/EndGame/ForkingRiver/Tiles_20,696735,107627
828da3ed97130ca4,side_03_c1r1.tgm.header,Folders/art/models/terrain/endgame/3/theatre,839408,5146
670931c50395b9f6,side_02_c3r6.tgm,Art/Models/Terrain/EndGame/ForkingRiver/Tiles_20,552768,143967
9eab72ee8876625a,side_02_c3r6.tgm.header,Folders/art/models/terrain/endgame/forkingriver/1/tiles,334702,6378
f48f0ef57fdfe7e0,side_02_c3r5.tgm,Tiny_4,46869720,1375
36bc8f18c0be6871,side_02_c3r5.tgm.header,Tiny_4,46871095,264
9314376c63ad156a,side_02_c3r4.tgm,Tiny_4,46867637,1819
91daaf3b3c4af4c7,side_02_c3r4.tgm.header,Tiny_4,46869456,264
933ff45e607c952a,side_02_c3r3.tgm,Tiny_4,46865242,2131
ea205a73da600f93,side_02_c3r3.tgm.header,Tiny_4,46867373,264
aa11408dd0e3d111,side_02_c3r2.tgm,Tiny_4,46863093,1885
525cf1c0abc38369,side_02_c3r2.tgm.header,Tiny_4,46864978,264
2e595086d7c1e613,side_02_c3r1.tgm,Art/Models/Terrain/EndGame/ForkingRiver/Tiles_20,453635,99133
f5591bed88e5888a,side_02_c3r1.tgm.header,Tiny_4,46859179,3914
225071770b6dc143,side_02_c2r6.tgm,Tiny_4,46858198,981
2e081ab26acebf70,side_02_c2r6.tgm.header,Tiny_4,47612285,264
02d1de9e136a70c7,side_02_c2r5.tgm,Tiny_4,46856695,1503
4ca7cd3631a96014,side_02_c2r5.tgm.header,Tiny_4,47611040,264
b06ffcad62557f05,side_02_c2r4.tgm,Tiny_4,46855012,1683
47ead27f77ee993b,side_02_c2r4.tgm.header,Tiny_4,48284275,264
d57331013e41ae16,side_02_c2r3.tgm,Tiny_4,46853203,1809
cea432fea8d671a6,side_02_c2r3.tgm.header,Tiny_4,48282328,264
5b648fb6687ad568,side_02_c2r2.tgm,Tiny_4,46851718,1485
ce02307bfd953409,side_02_c2r2.tgm.header,Tiny_4,48280255,264
f04a93b9d631224b,side_02_c2r1.tgm,Tiny_4,46850857,861
a22e29d40a9cd1b4,side_02_c2r1.tgm.header,Tiny_4,48401446,264
f8ef2b43d2777b4b,side_02_c1r6.tgm,Tiny_4,46850308,549
5597a6dfd1cf47da,side_02_c1r6.tgm.header,Tiny_4,47603502,264
a73d9abc15fb1034,side_02_c1r5.tgm,Tiny_4,46849237,1071
dc23523dca75a283,side_02_c1r5.tgm.header,Tiny_4,47602689,264
c75aa3a1a2700c75,side_02_c1r4.tgm,Tiny_4,46847806,1431
b31e5739b0978639,side_02_c1r4.tgm.header,Tiny_4,47601354,264
9f0d1e2a0dfdb4a5,side_02_c1r3.tgm,Tiny_4,46846483,1323
c564b9de68bd3f61,side_02_c1r3.tgm.header,Tiny_4,48274594,264
6a3903a58c3f8410,side_02_c1r2.tgm,Tiny_4,46845538,945
7c8a50040e60cafb,side_02_c1r2.tgm.header,Tiny_4,48273007,264
227050ecc0a55875,side_02_c1r1.tgm,Tiny_4,46844737,801
6499425ea3ce2d33,side_02_c1r1.tgm.header,Tiny_4,48271798,264
0ffccae071848d75,side_01_c3r6.tgm,Tiny_4,46841684,2789
bceaaae13f5a156c,side_01_c3r6.tgm.header,Tiny_4,46844473,264
005982ca3992e807,side_01_c3r5.tgm,Tiny_4,46839937,1483
4d99b111a0cd96cb,side_01_c3r5.tgm.header,Tiny_4,46841420,264
1e4bdd1f430863c3,side_01_c3r4.tgm,Art/Models/Terrain/EndGame/ForkingRiver/Tiles_20,419528,34107
8ddede1c1c8d129e,side_01_c3r4.tgm.header,Tiny_4,46838707,1230
429381182024501b,side_01_c3r3.tgm,Tiny_4,46836498,1945
1adf7dc901162f0d,side_01_c3r3.tgm.header,Tiny_4,46838443,264
0e0fdb25ed8950fe,side_01_c3r2.tgm,Tiny_4,46834643,1591
77657c0c7dce9815,side_01_c3r2.tgm.header,Tiny_4,46836234,264
db7e47f6ea22c403,side_01_c3r1.tgm,Tiny_4,46831650,2729
b62eed1f9921b6ed,side_01_c3r1.tgm.header,Tiny_4,46834379,264
9c1518803d4446e8,side_01_c2r6.tgm,Art/Models/Terrain/EndGame/ForkingRiver/Tiles_20,201425,218103
6fc12d583730fe43,side_01_c2r6.tgm.header,Folders/art/models/terrain/endgame/forkingriver/1/tiles,258298,4662
a318c6dd036fa866,side_01_c2r5.tgm,Tiny_4,46830147,1503
570a46d1a64cde14,side_01_c2r5.tgm.header,Tiny_4,47611040,264
450d1aa696b46228,side_01_c2r4.tgm,Tiny_4,46828464,1683
c4cd896ac7247302,side_01_c2r4.tgm.header,Tiny_4,48258250,264
9a9d58d4bf6b0f07,side_01_c2r3.tgm,Tiny_4,46826655,1809
f2850a57859997d8,side_01_c2r3.tgm.header,Tiny_4,47609273,264
c91aa5decf351c3c,side_01_c2r2.tgm,Tiny_4,46825170,1485
444b54d95a6c8e95,side_01_c2r2.tgm.header,Tiny_4,48254494,264
eb185cc3cd8bc21e,side_01_c2r1.tgm,Tiny_4,46824363,807
cda7083d3da6fe50,side_01_c2r1.tgm.header,Tiny_4,48372775,264
dbbdfd7907f3f2c5,side_01_c1r6.tgm,Tiny_4,46823814,549
b4c1ff9e3eb32cd5,side_01_c1r6.tgm.header,Tiny_4,48251938,264
56c045ac122d956b,side_01_c1r5.tgm,Tiny_4,46822743,1071
2d21dec4c06f12a8,side_01_c1r5.tgm.header,Tiny_4,47602689,264
5407e714f5940dfc,side_01_c1r4.tgm,Tiny_4,46821312,1431
defce86f1ff2447e,side_01_c1r4.tgm.header,Tiny_4,47601354,264
2cc740ecc94dd631,side_01_c1r3.tgm,Tiny_4,46819989,1323
dc521a0268a6cf7c,side_01_c1r3.tgm.header,Tiny_4,48248623,264
931bfd5b2fc96869,side_01_c1r2.tgm,Tiny_4,46819044,945
b9236102970a0ad3,side_01_c1r2.tgm.header,Tiny_4,48247036,264
84176e654a0d8c96,side_01_c1r1.tgm,Art/Models/Terrain/EndGame/ForkingRiver/Tiles_20,110714,90711
fa8cf876623ec3fa,side_01_c1r1.tgm.header,Tiny_4,46815702,3342
29d556bd3b3814d3,sideriver_02_c3r6.tgm,Art/Models/Terrain/EndGame/ForkingRiver/Tiles_20,74309,36405
cfb9e38341152b27,sideriver_02_c3r6.tgm.header,Tiny_4,47092326,1494
a26422ca71e2caac,sideriver_02_c3r5.tgm,Art/Models/Terrain/EndGame/ForkingRiver/Tiles_20,68148,6161
932beb9ea4827f0f,sideriver_02_c3r5.tgm.header,Tiny_4,47092062,264
2b592f0d52490dce,sideriver_02_c3r4.tgm,Art/Models/Terrain/EndGame/ForkingRiver/Tiles_20,62329,5819
f8cee168df4a5e1f,sideriver_02_c3r4.tgm.header,Tiny_4,47091798,264
99d5ee175149ea4b,sideriver_02_c3r3.tgm,Art/Models/Terrain/EndGame/ForkingRiver/Tiles_20,56618,5711
c611ab1b096e7447,sideriver_02_c3r3.tgm.header,Tiny_4,47091534,264
5c0417662ba2e9be,sideriver_02_c3r2.tgm,Art/Models/Terrain/EndGame/ForkingRiver/Tiles_20,50253,6365
a0cf001635927f11,sideriver_02_c3r2.tgm.header,Tiny_4,47091270,264
03de78b334ad3915,sideriver_02_c3r1.tgm,Art/Models/Terrain/EndGame/ForkingRiver/Tiles_20,0,50253
1e79ecd598c768af,sideriver_02_c3r1.tgm.header,Tiny_4,47090172,1098
305df302b6837002,sideriver_02_c2r6.tgm,Art/Models/Terrain/EndGame/ForkingRiver/Tiles_19,1731461,190313
fabb2448dc14461b,sideriver_02_c2r6.tgm.header,Tiny_4,47088986,1186
7e02778e2ffca612,sideriver_02_c2r5.tgm,Art/Models/Terrain/EndGame/ForkingRiver/Tiles_19,1704426,27035
68115f7b174d595a,sideriver_02_c2r5.tgm.header,Tiny_4,47088722,264
14fa60f08815d898,sideriver_02_c2r4.tgm,Art/Models/Terrain/EndGame/ForkingRiver/Tiles_19,1699085,5341
3888453b884e7a97,sideriver_02_c2r4.tgm.header,Tiny_4,48495378,264
ff0a603f78696015,sideriver_02_c2r3.tgm,Art/Models/Terrain/EndGame/ForkingRiver/Tiles_19,1693342,5743
1b734f6df30814b0,sideriver_02_c2r3.tgm.header,Tiny_4,48083720,264
70c18eb7a1bab52e,sideriver_02_c2r2.tgm,Art/Models/Terrain/EndGame/ForkingRiver/Tiles_19,1686207,7135
ac89ed180b830a33,sideriver_02_c2r2.tgm.header,Tiny_4,48514062,264
10edafa7355c04d5,sideriver_02_c2r1.tgm,Art/Models/Terrain/EndGame/ForkingRiver/Tiles_19,1680782,5425
16ca2bd34f4b04be,sideriver_02_c2r1.tgm.header,Tiny_4,48494850,264
edd424ed1a79b0fd,sideriver_02_c1r6.tgm,Tiny_4,47084899,3823
7ca59d20713cef1f,sideriver_02_c1r6.tgm.header,Tiny_4,48082404,264
d4727dc0a9e9722f,sideriver_02_c1r5.tgm,Art/Models/Terrain/EndGame/ForkingRiver/Tiles_19,1675339,5443
604cc6f602c2d48a,sideriver_02_c1r5.tgm.header,Tiny_4,48078317,264
9417173e56df9d98,sideriver_02_c1r4.tgm,Tiny_4,47080842,4057
0f64a2511f9c44f0,sideriver_02_c1r4.tgm.header,Tiny_4,48509975,264
2c9fb64d615e4b33,sideriver_02_c1r3.tgm,Tiny_4,47076911,3931
038b7d1e8c07617a,sideriver_02_c1r3.tgm.header,Tiny_4,48073732,264
08bdfc6354e38c54,sideriver_02_c1r2.tgm,Art/Models/Terrain/EndGame/ForkingRiver/Tiles_19,1669980,5359
aac832c94d7eb908,sideriver_02_c1r2.tgm.header,Tiny_4,48069537,264
c0d1d738c7402841,sideriver_02_c1r1.tgm,Tiny_4,47073070,3841
ae633586f1162693,sideriver_02_c1r1.tgm.header,Tiny_4,48501723,264
67942a87b25160ba,sideriver_01_c3r6.tgm,Art/Models/Terrain/EndGame/ForkingRiver/Tiles_19,1665455,4525
99301d1a8d4fbca4,sideriver_01_c3r6.tgm.header,Tiny_4,48087454,264
03e60d52eae33fd1,sideriver_01_c3r5.tgm,Art/Models/Terrain/EndGame/ForkingRiver/Tiles_19,1660006,5449
768904898f3bb7ee,sideriver_01_c3r5.tgm.header,Tiny_4,48087190,264
e5cb99f0ce4cd9f1,sideriver_01_c3r4.tgm,Art/Models/Terrain/EndGame/ForkingRiver/Tiles_19,1655079,4927
b399a0f45dd1253c,sideriver_01_c3r4.tgm.header,Tiny_4,48497618,264
490f7b752733255e,sideriver_01_c3r3.tgm,Art/Models/Terrain/EndGame/ForkingRiver/Tiles_19,1650122,4957
d42e3534c374f7d5,sideriver_01_c3r3.tgm.header,Tiny_4,48086662,264
1ce82c3eef9c8b47,sideriver_01_c3r2.tgm,Art/Models/Terrain/EndGame/ForkingRiver/Tiles_19,1644427,5695
4f14b097a256070f,sideriver_01_c3r2.tgm.header,Tiny_4,48086398,264
f9a4ebede59a372e,sideriver_01_c3r1.tgm,Art/Models/Terrain/EndGame/ForkingRiver/Tiles_19,1639686,4741
998daebbb493127a,sideriver_01_c3r1.tgm.header,Tiny_4,48497354,264
6d05eb65d9450b8a,sideriver_01_c2r6.tgm,Art/Models/Terrain/EndGame/ForkingRiver/Tiles_19,1407447,232239
8a33c5d1ccd248d4,sideriver_01_c2r6.tgm.header,Tiny_4,47071576,1494
b47429b2c03bc814,sideriver_01_c2r5.tgm,Art/Models/Terrain/EndGame/ForkingRiver/Tiles_19,1400636,6811
8a0b76d266461d74,sideriver_01_c2r5.tgm.header,Tiny_4,47071312,264
8ca7b116b333fbf3,sideriver_01_c2r4.tgm,Art/Models/Terrain/EndGame/ForkingRiver/Tiles_19,1395295,5341
b4cdf5d2a20fc1db,sideriver_01_c2r4.tgm.header,Tiny_4,48495378,264
b0133924da6a54b4,sideriver_01_c2r3.tgm,Art/Models/Terrain/EndGame/ForkingRiver/Tiles_19,1389552,5743
99f934453542f552,sideriver_01_c2r3.tgm.header,Tiny_4,48083720,264
25f342474ecad5d8,sideriver_01_c2r2.tgm,Art/Models/Terrain/EndGame/ForkingRiver/Tiles_19,1382417,7135
23478da1910b8d73,sideriver_01_c2r2.tgm.header,Tiny_4,48495114,264
3ef61fe01dfd1768,sideriver_01_c2r1.tgm,Art/Models/Terrain/EndGame/ForkingRiver/Tiles_19,1333312,49105
4938e5566575fdea,sideriver_01_c2r1.tgm.header,Tiny_4,47070302,1010
9a47326bbc3e4a8d,sideriver_01_c1r6.tgm,Art/Models/Terrain/EndGame/ForkingRiver/Tiles_19,1302875,30437
36313d2d9ee9b41d,sideriver_01_c1r6.tgm.header,Tiny_4,47069116,1186
93e9f62562c64c62,sideriver_01_c1r5.tgm,Art/Models/Terrain/EndGame/ForkingRiver/Tiles_19,1296762,6113
cea3bba55a7ff9d9,sideriver_01_c1r5.tgm.header,Tiny_4,47068852,264
c51899ae3c81bef1,sideriver_01_c1r4.tgm,Art/Models/Terrain/EndGame/ForkingRiver/Tiles_19,1292005,4757
dfd31672b16fb1aa,sideriver_01_c1r4.tgm.header,Tiny_4,47068588,264
7954df0dd317c674,sideriver_01_c1r3.tgm,Art/Models/Terrain/EndGame/ForkingRiver/Tiles_19,1287578,4427
dcc813192c899bdd,sideriver_01_c1r3.tgm.header,Tiny_4,47068324,264
4321f39c4fe5d311,sideriver_01_c1r2.tgm,Art/Models/Terrain/EndGame/ForkingRiver/Tiles_19,1281807,5771
e56c4a0e0c390fb3,sideriver_01_c1r2.tgm.header,Tiny_4,47068060,264
137ff8453460a8b8,sideriver_01_c1r1.tgm,Art/Models/Terrain/EndGame/ForkingRiver/Tiles_19,1275816,5991
758b3c9b4e8df58b,sideriver_01_c1r1.tgm.header,Tiny_4,47067754,306
2509b1a33faea220,sidelow_05_c3r6.tgm,Art/Models/Terrain/EndGame/ForkingRiver/Tiles_19,1106325,169491
e63e4e8f7280643d,sidelow_05_c3r6.tgm.header,Folders/art/models/terrain/endgame/forkingriver/1/tiles,341080,7302
0ca0175adecf34d0,sidelow_05_c3r5.tgm,Tiny_4,47065649,1841
f6b829252c4eee2c,sidelow_05_c3r5.tgm.header,Tiny_4,47067490,264
ce5c510ae598c9b8,sidelow_05_c3r4.tgm,Tiny_4,47062908,2477
05ccea67f5b2c123,sidelow_05_c3r4.tgm.header,Tiny_4,47065385,264
04ba83a6b9c84a70,sidelow_05_c3r3.tgm,Tiny_4,47059777,2867
86e3cfc81ab5f7d9,sidelow_05_c3r3.tgm.header,Tiny_4,47062644,264
5257570e92815da4,sidelow_05_c3r2.tgm,Tiny_4,47056796,2717
864a5e549437f268,sidelow_05_c3r2.tgm.header,Tiny_4,47059513,264
b6aaf249aa0ecd5a,sidelow_05_c3r1.tgm,Art/Models/Terrain/EndGame/ForkingRiver/Tiles_19,977324,129001
810d86ac9a5d3ab9,sidelow_05_c3r1.tgm.header,Folders/art/models/terrain/endgame/forkingriver/1/tiles,312752,4970
5f6ca39199e45493,sidelow_05_c2r6.tgm,Tiny_4,47055815,981
2ba8432ec40a8e27,sidelow_05_c2r6.tgm.header,Tiny_4,47612285,264
ad7293c3f83d7306,sidelow_05_c2r5.tgm,Tiny_4,47054312,1503
5250ef070c0afb76,sidelow_05_c2r5.tgm.header,Tiny_4,47611040,264
c147344bd0c791ce,sidelow_05_c2r4.tgm,Tiny_4,47052431,1881
4d34501ac2ababb2,sidelow_05_c2r4.tgm.header,Tiny_4,48477664,264
047edf1bf06d1c93,sidelow_05_c2r3.tgm,Tiny_4,47050640,1791
32b532a85d0e415d,sidelow_05_c2r3.tgm.header,Tiny_4,48475519,264
90248cd721e4b097,sidelow_05_c2r2.tgm,Tiny_4,47049047,1593
33faa4f7fc3db7b3,sidelow_05_c2r2.tgm.header,Tiny_4,48473464,264
26557b79903467ce,sidelow_05_c2r1.tgm,Tiny_4,47048186,861
ac07bff88a127b59,sidelow_05_c2r1.tgm.header,Tiny_4,48471607,264
a7c3bb6700609e15,sidelow_05_c1r6.tgm,Tiny_4,47047637,549
7ee0fc8e5cd86a65,sidelow_05_c1r6.tgm.header,Tiny_4,47603502,264
ad40bced7987c116,sidelow_05_c1r5.tgm,Tiny_4,47046566,1071
a99396b0fa0ece5a,sidelow_05_c1r5.tgm.header,Tiny_4,47602689,264
8e6d2d1e90a81f2e,sidelow_05_c1r4.tgm,Tiny_4,47045135,1431
605b286f015816e0,sidelow_05_c1r4.tgm.header,Tiny_4,48468862,264
ca7f35fdfca03748,sidelow_05_c1r3.tgm,Tiny_4,47043956,1179
6b167972521da565,sidelow_05_c1r3.tgm.header,Tiny_4,48467167,264
441b9dcca3d65711,sidelow_05_c1r2.tgm,Tiny_4,47042921,1035
5c204cc13f7a6e51,sidelow_05_c1r2.tgm.header,Tiny_4,48465724,264
7cc362d1daa110ad,sidelow_05_c1r1.tgm,Tiny_4,47042174,747
96588409bb1a390e,sidelow_05_c1r1.tgm.header,Tiny_4,48464425,264
2c6be37497ed2e25,sidelow_04_c3r6.tgm,Tiny_4,47041481,693
28eeed2436d0d6f6,sidelow_04_c3r6.tgm.header,Tiny_4,48463414,264
d576aee58c5892ef,sidelow_04_c3r5.tgm,Tiny_4,47040374,1107
84d0095fabe642a3,sidelow_04_c3r5.tgm.header,Tiny_4,48462457,264
c5f62bcee54d0cd1,sidelow_04_c3r4.tgm,Tiny_4,47039267,1107
d0dc468e3cc2556a,sidelow_04_c3r4.tgm.header,Tiny_4,48461086,264
8ea77d8548755205,sidelow_04_c3r3.tgm,Tiny_4,47038322,945
29b7a8c28c69b664,sidelow_04_c3r3.tgm.header,Tiny_4,48459715,264
217a6fbf7dc4a572,sidelow_04_c3r2.tgm,Tiny_4,47037431,891
13697ad270f9caa0,sidelow_04_c3r2.tgm.header,Tiny_4,48458506,264
b1d35953f5000fa7,sidelow_04_c3r1.tgm,Tiny_4,47036972,459
b6a3e9f34ca95b13,sidelow_04_c3r1.tgm.header,Tiny_4,48457351,264
925bfada71b595a6,sidelow_04_c2r6.tgm,Tiny_4,47035931,1041
9866ccdef8dfecff,sidelow_04_c2r6.tgm.header,Tiny_4,48456628,264
f1ab3f35e8f74bdd,sidelow_04_c2r5.tgm,Art/Models/Terrain/EndGame/ForkingRiver/Tiles_19,764539,212785
c8f0eb3b9a1d25ca,sidelow_04_c2r5.tgm.header,Tiny_4,47035449,482
c6d0fe06e1740b67,sidelow_04_c2r4.tgm,Tiny_4,47033640,1809
8336daae712a001c,sidelow_04_c2r4.tgm.header,Tiny_4,48453430,264
001e2982821a96a9,sidelow_04_c2r3.tgm,Tiny_4,47032065,1575
4d1609f29917140d,sidelow_04_c2r3.tgm.header,Tiny_4,48451357,264
84401845d4f39090,sidelow_04_c2r2.tgm,Art/Models/Terrain/EndGame/ForkingRiver/Tiles_19,601792,162747
3fce8e61fa934681,sidelow_04_c2r2.tgm.header,Tiny_4,47030835,1230
689441023c8e38f7,sidelow_04_c2r1.tgm,Tiny_4,47030292,543
fd90b8a6841f5c6f,sidelow_04_c2r1.tgm.header,Tiny_4,48447859,264
c1a1d54b20bc606e,sidelow_04_c1r6.tgm,Art/Models/Terrain/EndGame/ForkingRiver/Tiles_19,490999,110793
c16ddfdde86bfa79,sidelow_04_c1r6.tgm.header,Folders/art/models/terrain/endgame/forkingriver/1/tiles,528543,5190
33db22ebe86234de,sidelow_04_c1r5.tgm,Tiny_4,47028043,1985
34fbdaa673498b93,sidelow_04_c1r5.tgm.header,Tiny_4,47030028,264
de9d1c2be6c29442,sidelow_04_c1r4.tgm,Tiny_4,47025392,2387
38e22770cda42f79,sidelow_04_c1r4.tgm.header,Tiny_4,47027779,264
08b1521a855a84d1,sidelow_04_c1r3.tgm,Tiny_4,47022939,2189
d2ecd451641af7f7,sidelow_04_c1r3.tgm.header,Tiny_4,47025128,264
825dff7d50b25d95,sidelow_04_c1r2.tgm,Tiny_4,47020798,1877
df7da96196326b9a,sidelow_04_c1r2.tgm.header,Tiny_4,47022675,264
06a5d8db6c132f22,sidelow_04_c1r1.tgm,Art/Models/Terrain/EndGame/ForkingRiver/Tiles_19,303038,187961
09552fa25e9553e0,sidelow_04_c1r1.tgm.header,Folders/art/models/terrain/endgame/3/theatre,659431,8182
f6c64066bf13988d,sidelow_03_c3r6.tgm,Tiny_4,47020105,693
c6fb781fd6587aa9,sidelow_03_c3r6.tgm.header,Tiny_4,48441583,264
190298b8c56e34da,sidelow_03_c3r5.tgm,Art/Models/Terrain/EndGame/ForkingRiver/Tiles_19,274691,28347
d9d77290e36f6d3c,sidelow_03_c3r5.tgm.header,Tiny_4,47019667,438
cb2f952200089750,sidelow_03_c3r4.tgm,Art/Models/Terrain/EndGame/ForkingRiver/Tiles_19,245882,28809
bdee6e7e6b38b54c,sidelow_03_c3r4.tgm.header,Tiny_4,47019097,570
a1523643267fb88c,sidelow_03_c3r3.tgm,Tiny_4,47016858,1975
f1ce57b137884d51,sidelow_03_c3r3.tgm.header,Tiny_4,47018833,264
49946cead598f745,sidelow_03_c3r2.tgm,Tiny_4,47015967,891
6f6a143aabdcc218,sidelow_03_c3r2.tgm.header,Tiny_4,48436627,264
41774b58802042e8,sidelow_03_c3r1.tgm,Tiny_4,47015508,459
69bd018dc2d5f6f8,sidelow_03_c3r1.tgm.header,Tiny_4,48435472,264
a7314946a259fd66,sidelow_03_c2r6.tgm,Tiny_4,47014467,1041
9c6ca7ba51f29a04,sidelow_03_c2r6.tgm.header,Tiny_4,48434749,264
f311a90ea7a4da2a,sidelow_03_c2r5.tgm,Art/Models/Terrain/EndGame/ForkingRiver/Tiles_19,94865,151017
2b87850b1c380c3f,sidelow_03_c2r5.tgm.header,Tiny_4,47012577,1890
7787e34209cf74c1,sidelow_03_c2r4.tgm,Tiny_4,47008660,3653
818353721eae9e28,sidelow_03_c2r4.tgm.header,Tiny_4,47012313,264
13ae7e11ca1c3d8f,sidelow_03_c2r3.tgm,Tiny_4,47007049,1611
76f41058590eeaa0,sidelow_03_c2r3.tgm.header,Tiny_4,48429730,264
31d2755f619d19d4,sidelow_03_c2r2.tgm,Art/Models/Terrain/EndGame/ForkingRiver/Tiles_19,0,94865
44d9e7641f453735,sidelow_03_c2r2.tgm.header,Tiny_4,47006785,264
92fba1baf690b217,sidelow_03_c2r1.tgm,Tiny_4,47006242,543
735ebc6102439fa9,sidelow_03_c2r1.tgm.header,Tiny_4,48426196,264
ac8f06b5c3d55801,sidelow_03_c1r6.tgm,Art/Models/Terrain/EndGame/ForkingRiver/Tiles_18,1892981,102237
e86ad6477afd8c3e,sidelow_03_c1r6.tgm.header,Folders/art/models/terrain/endgame/forkingriver/1/tiles,524409,4134
f5df2b92450f2b6e,sidelow_03_c1r5.tgm,Tiny_4,47003993,1985
2db19d2c94a3cee0,sidelow_03_c1r5.tgm.header,Tiny_4,47005978,264
1332784fe4dd57b1,sidelow_03_c1r4.tgm,Tiny_4,47001306,2423
ac018af3b01ca711,sidelow_03_c1r4.tgm.header,Tiny_4,47003729,264
96da917c2bbce9f6,sidelow_03_c1r3.tgm,Art/Models/Terrain/EndGame/ForkingRiver/Tiles_18,1828574,64407
981deb06c7677307,sidelow_03_c1r3.tgm.header,Tiny_4,46999020,2286
47252faaca6347f9,sidelow_03_c1r2.tgm,Tiny_4,46996879,1877
9b0e703361ad0380,sidelow_03_c1r2.tgm.header,Tiny_4,46998756,264
78ddafb98fe23142,sidelow_03_c1r1.tgm,Art/Models/Terrain/EndGame/ForkingRiver/Tiles_18,1668931,159643
6a1787607c391474,sidelow_03_c1r1.tgm.header,Folders/art/models/terrain/endgame/forkingriver/1/tiles,519175,5234
e16411aef2cb46e8,sidelow_02_c3r6.tgm,Art/Models/Terrain/EndGame/ForkingRiver/Tiles_18,1499440,169491
aa1dd6b02c99ab27,sidelow_02_c3r6.tgm.header,Folders/art/models/terrain/endgame/forkingriver/1/tiles,55027,7302
67a792556e1fc180,sidelow_02_c3r5.tgm,Tiny_4,46994774,1841
f221cf0e4a96460a,sidelow_02_c3r5.tgm.header,Tiny_4,46996615,264
7c1099b5150ff90b,sidelow_02_c3r4.tgm,Tiny_4,46992033,2477
4ee1b1859c682e30,sidelow_02_c3r4.tgm.header,Tiny_4,46994510,264
b033ca8861fb1166,sidelow_02_c3r3.tgm,Tiny_4,46988902,2867
4d08717632ef1d93,sidelow_02_c3r3.tgm.header,Tiny_4,46991769,264
e159ff9e859ac242,sidelow_02_c3r2.tgm,Tiny_4,46985921,2717
fb689a31524ff21e,sidelow_02_c3r2.tgm.header,Tiny_4,46988638,264
cbd8ea38e8ac0cfd,sidelow_02_c3r1.tgm,Art/Models/Terrain/EndGame/ForkingRiver/Tiles_18,1401965,97475
d9301d5a58833f70,sidelow_02_c3r1.tgm.header,Tiny_4,46982095,3826
351633fc638434f8,sidelow_02_c2r6.tgm,Tiny_4,46981114,981
5c925da0d0846352,sidelow_02_c2r6.tgm.header,Tiny_4,47612285,264
f8c7c7cf5c8752bd,sidelow_02_c2r5.tgm,Tiny_4,46979611,1503
f4329ed534f64db5,sidelow_02_c2r5.tgm.header,Tiny_4,48409054,264
cef298bdf4be516c,sidelow_02_c2r4.tgm,Tiny_4,46977730,1881
120e93410265e510,sidelow_02_c2r4.tgm.header,Tiny_4,48407287,264
47287432c6c663f8,sidelow_02_c2r3.tgm,Tiny_4,46975993,1737
57159ba8705a9c9d,sidelow_02_c2r3.tgm.header,Tiny_4,48405142,264
b4ace4309ecba38e,sidelow_02_c2r2.tgm,Tiny_4,46974562,1431
6f4627103890e9c9,sidelow_02_c2r2.tgm.header,Tiny_4,48403141,264
7569853c457edd95,sidelow_02_c2r1.tgm,Tiny_4,46973701,861
60a7366b513a3c9e,sidelow_02_c2r1.tgm.header,Tiny_4,48401446,264
5b1d4723772fe9c3,sidelow_02_c1r6.tgm,Tiny_4,46973152,549
c8034e03ac7298fc,sidelow_02_c1r6.tgm.header,Tiny_4,47603502,264
0a4b0518c130a4c2,sidelow_02_c1r5.tgm,Tiny_4,46972081,1071
a9c2eaadff9c2cec,sidelow_02_c1r5.tgm.header,Tiny_4,47602689,264
ca7459cadcb16b6b,sidelow_02_c1r4.tgm,Tiny_4,46970650,1431
20cc6a96424c0d3a,sidelow_02_c1r4.tgm.header,Tiny_4,48398701,264
b6796840b4cc6c3f,sidelow_02_c1r3.tgm,Tiny_4,46969435,1215
48eef6853fc0b148,sidelow_02_c1r3.tgm.header,Tiny_4,48397006,264
006bdccba1dfafff,sidelow_02_c1r2.tgm,Tiny_4,46968490,945
a1393f71bfbd372e,sidelow_02_c1r2.tgm.header,Tiny_4,48395527,264
bbc366c5ea25661e,sidelow_02_c1r1.tgm,Tiny_4,46967689,801
16c35e8cdac92381,sidelow_02_c1r1.tgm.header,Tiny_4,48394318,264
1c37b57d52121d22,sidelow_01_c3r6.tgm,Art/Models/Terrain/EndGame/ForkingRiver/Tiles_18,1397398,4567
c6d561ddedefc19c,sidelow_01_c3r6.tgm.header,Tiny_4,46967339,350
e5881a90f666b313,sidelow_01_c3r5.tgm,Art/Models/Terrain/EndGame/ForkingRiver/Tiles_18,1380981,16417
3382e4c0555972ae,sidelow_01_c3r5.tgm.header,Tiny_4,46966989,350
f99d63bfaf9f72c9,sidelow_01_c3r4.tgm,Art/Models/Terrain/EndGame/ForkingRiver/Tiles_18,1276262,104719
3fa139b2d0e8057b,sidelow_01_c3r4.tgm.header,Tiny_4,46963999,2990
d2211ef8e11ac63b,sidelow_01_c3r3.tgm,Tiny_4,46961204,2531
7d7be95e3c114e5c,sidelow_01_c3r3.tgm.header,Tiny_4,46963735,264
cfddea26dc260c6f,sidelow_01_c3r2.tgm,Tiny_4,46958811,2129
2ee8d19235d093ed,sidelow_01_c3r2.tgm.header,Tiny_4,46960940,264
460a3b706bb7687b,sidelow_01_c3r1.tgm,Tiny_4,46955526,2979
d48936013434a2f3,sidelow_01_c3r1.tgm.header,Tiny_4,46958505,306
b75eba233310aea9,sidelow_01_c2r6.tgm,Art/Models/Terrain/EndGame/ForkingRiver/Tiles_18,1041941,234321
9189289ab1a5b9f8,sidelow_01_c2r6.tgm.header,Folders/art/models/terrain/endgame/3/theatre,592221,4926
0d0cdee9e46bac5a,sidelow_01_c2r5.tgm,Art/Models/Terrain/EndGame/ForkingRiver/Tiles_18,1029544,12397
2583c3e0330029fb,sidelow_01_c2r5.tgm.header,Tiny_4,46955176,350
0ac4644715ffda16,sidelow_01_c2r4.tgm,Tiny_4,46953277,1899
e0919bd659e85841,sidelow_01_c2r4.tgm.header,Tiny_4,48378886,264
3700e0f43fc1fc91,sidelow_01_c2r3.tgm,Tiny_4,46951450,1827
3991d5d49f4db6e7,sidelow_01_c2r3.tgm.header,Tiny_4,48376723,264
d898d9e25213c70e,sidelow_01_c2r2.tgm,Tiny_4,46949857,1593
f7453d648d3caa6f,sidelow_01_c2r2.tgm.header,Tiny_4,48374632,264
53b30ee761c6677c,sidelow_01_c2r1.tgm,Tiny_4,46949050,807
f2b7ab9ba999a9b7,sidelow_01_c2r1.tgm.header,Tiny_4,48372775,264
4b2e6c83ab46092a,sidelow_01_c1r6.tgm,Tiny_4,46946075,2711
8eaa659c7379f840,sidelow_01_c1r6.tgm.header,Tiny_4,46948786,264
f730002e1208d5f1,sidelow_01_c1r5.tgm,Tiny_4,46941866,3859
1b7339ce5a6e6dc3,sidelow_01_c1r5.tgm.header,Tiny_4,46945725,350
5409f4757315697f,sidelow_01_c1r4.tgm,Tiny_4,46940435,1431
7dcc47b606fd0c82,sidelow_01_c1r4.tgm.header,Tiny_4,48370084,264
38175a249cef538e,sidelow_01_c1r3.tgm,Tiny_4,46939256,1179
c891f73b885f7a27,sidelow_01_c1r3.tgm.header,Tiny_4,48368389,264
c2f88b3f706d93be,sidelow_01_c1r2.tgm,Tiny_4,46938221,1035
e73fae8fe80d9b33,sidelow_01_c1r2.tgm.header,Tiny_4,48366946,264
377051e48938fc35,sidelow_01_c1r1.tgm,Art/Models/Terrain/EndGame/ForkingRiver/Tiles_18,940061,89483
11ccebcf4009a132,sidelow_01_c1r1.tgm.header,Tiny_4,46934923,3298
383fe8813eff96d0,riverbank_01_c9r6.tgm,Tiny_4,46737411,2521
2b1c8b3fb7dad134,riverbank_01_c9r6.tgm.header,Tiny_4,48182239,264
a4ff893ce2dc8493,riverbank_01_c9r5.tgm,Art/Models/Terrain/EndGame/ForkingRiver/Tiles_18,935808,4253
f82cc92362827c17,riverbank_01_c9r5.tgm.header,Tiny_4,46737147,264
cf0fe394cfc46b97,riverbank_01_c9r4.tgm,Tiny_4,46734992,1891
438ffc9b6d1e16b8,riverbank_01_c9r4.tgm.header,Tiny_4,46736883,264
65f28fb03dd8c5a8,riverbank_01_c9r3.tgm,Tiny_4,46734103,889
2e4d3f34fd354f59,riverbank_01_c9r3.tgm.header,Tiny_4,48176747,264
4372326bcef2a1ef,riverbank_01_c9r2.tgm,Art/Models/Terrain/EndGame/ForkingRiver/Tiles_18,902305,33503
eb488edc404e2f5f,riverbank_01_c9r2.tgm.header,Tiny_4,46733181,922
54e3e2d68425890a,riverbank_01_c9r1.tgm,Tiny_4,46732488,693
418b263dcf6f0660,riverbank_01_c9r1.tgm.header,Tiny_4,48174241,264
10b95ebd43da1bd1,riverbank_01_c8r6.tgm,Art/Models/Terrain/EndGame/ForkingRiver/Tiles_18,817408,84897
91bb6bc2272c1980,riverbank_01_c8r6.tgm.header,Tiny_4,46732182,306
184843c10b30950b,riverbank_01_c8r5.tgm,Art/Models/Terrain/EndGame/ForkingRiver/Tiles_18,775631,41777
fe5f18efeffc2f12,riverbank_01_c8r5.tgm.header,Tiny_4,46731260,922
ddaadd1c95ade39f,riverbank_01_c8r4.tgm,Art/Models/Terrain/EndGame/ForkingRiver/Tiles_18,730314,45317
7f280863e218252b,riverbank_01_c8r4.tgm.header,Tiny_4,46729678,1582
8de5cb454bd86cbf,riverbank_01_c8r3.tgm,Tiny_4,46728261,1417
23e9851a0d15f405,riverbank_01_c8r3.tgm.header,Tiny_4,48166082,264
58e6a03ca958f279,riverbank_01_c8r2.tgm,Art/Models/Terrain/EndGame/ForkingRiver/Tiles_18,699975,30339
7e0d71e6389eeccf,riverbank_01_c8r2.tgm.header,Tiny_4,46727295,966
9193dc25a88a691d,riverbank_01_c8r1.tgm,Art/Models/Terrain/EndGame/ForkingRiver/Tiles_18,589924,110051
6b4691b0860efc8a,riverbank_01_c8r1.tgm.header,Tiny_4,46726373,922
687836232875f073,riverbank_01_c7r6.tgm,Art/Models/Terrain/EndGame/ForkingRiver/Tiles_18,555913,34011
30a024b2fd82e750,riverbank_01_c7r6.tgm.header,Tiny_4,46725011,1362
74be3c4917b1f609,riverbank_01_c7r5.tgm,Tiny_4,46720892,3813
54686d3cab88edc0,riverbank_01_c7r5.tgm.header,Tiny_4,46724705,306
e54bfb0c747eb2c0,riverbank_01_c7r4.tgm,Tiny_4,46717733,2853
5f939482179f10d9,riverbank_01_c7r4.tgm.header,Tiny_4,46720586,306
9e2bbf2ea5ba3e94,riverbank_01_c7r3.tgm,Tiny_4,46715108,2319
edbac34df56586d6,riverbank_01_c7r3.tgm.header,Tiny_4,46717427,306
09115646e5115d7f,riverbank_01_c7r2.tgm,Tiny_4,46712307,2537
d853d279cb02960d,riverbank_01_c7r2.tgm.header,Tiny_4,46714844,264
2285e0963746577e,riverbank_01_c7r1.tgm,Art/Models/Terrain/EndGame/ForkingRiver/Tiles_18,513502,42411
9c6cb467b82b3188,riverbank_01_c7r1.tgm.header,Tiny_4,46711209,1098
9148e180b63273d9,riverbank_01_c6r6.tgm,Art/Models/Terrain/EndGame/ForkingRiver/Tiles_18,507721,5781
70bfb2e1905284a8,riverbank_01_c6r6.tgm.header,Tiny_4,46710771,438
c24007c455e537cd,riverbank_01_c6r5.tgm,Art/Models/Terrain/EndGame/ForkingRiver/Tiles_18,497758,9963
e297200527ecd3a6,riverbank_01_c6r5.tgm.header,Tiny_4,46710333,438
8ec74563adc4d43c,riverbank_01_c6r4.tgm,Art/Models/Terrain/EndGame/ForkingRiver/Tiles_18,489279,8479
03fc8ceb32976284,riverbank_01_c6r4.tgm.header,Tiny_4,46709851,482
f8d227077d8e8dbf,riverbank_01_c6r3.tgm,Tiny_4,46706392,3109
cbf1b797b24cbfed,riverbank_01_c6r3.tgm.header,Tiny_4,46709501,350
e209c91f44e85687,riverbank_01_c6r2.tgm,Art/Models/Terrain/EndGame/ForkingRiver/Tiles_18,453858,35421
d9c82e134eb41d3c,riverbank_01_c6r2.tgm.header,Tiny_4,46705294,1098
69338bad2ba7eb86,riverbank_01_c6r1.tgm,Tiny_4,46702999,1945
0f4f722b664e9039,riverbank_01_c6r1.tgm.header,Tiny_4,46704944,350
c7413e03b9e97bd8,riverbank_01_c5r6.tgm,Art/Models/Terrain/EndGame/ForkingRiver/Tiles_18,103943,349915
e5aa0673c6e76864,riverbank_01_c5r6.tgm.header,Folders/art/models/terrain/endgame/forkingriver/1/tiles,41081,13946
64e16f1a61f668be,riverbank_01_c5r5.tgm,Art/Models/Terrain/EndGame/ForkingRiver/Tiles_18,54578,49365
a3c57367061e36fe,riverbank_01_c5r5.tgm.header,Tiny_4,46701373,1626
19223a5131dd70d5,riverbank_01_c5r4.tgm,Art/Models/Terrain/EndGame/ForkingRiver/Tiles_18,45045,9533
3d933e481e076058,riverbank_01_c5r4.tgm.header,Tiny_4,46700979,394
913feb9966a406bb,riverbank_01_c5r3.tgm,Art/Models/Terrain/EndGame/ForkingRiver/Tiles_18,0,45045
e1f99372c2dbc50a,riverbank_01_c5r3.tgm.header,Tiny_4,46699617,1362
dbd672c24073cc1c,riverbank_01_c5r2.tgm,Tiny_4,46696864,2489
f2776660efda1c08,riverbank_01_c5r2.tgm.header,Tiny_4,46699353,264
a7294a114ccd20c8,riverbank_01_c5r1.tgm,Art/Models/Terrain/EndGame/ForkingRiver/Tiles_17,1945404,243423
f8c4120f84111f76,riverbank_01_c5r1.tgm.header,Folders/art/models/terrain/endgame/3/theatre,581223,10998
48cd4f0c0dfc04fe,riverbank_01_c4r6.tgm,Art/Models/Terrain/EndGame/ForkingRiver/Tiles_17,1939351,6053
f656bf0d0598bbc4,riverbank_01_c4r6.tgm.header,Tiny_4,46696470,394
3eda84ca365461e9,riverbank_01_c4r5.tgm,Art/Models/Terrain/EndGame/ForkingRiver/Tiles_17,1929154,10197
4d7523a316a2909f,riverbank_01_c4r5.tgm.header,Tiny_4,46696032,438
0310a09a07f9f6b5,riverbank_01_c4r4.tgm,Art/Models/Terrain/EndGame/ForkingRiver/Tiles_17,1920459,8695
49e44e60a95f5905,riverbank_01_c4r4.tgm.header,Tiny_4,46695550,482
fdc1504fb33d4998,riverbank_01_c4r3.tgm,Art/Models/Terrain/EndGame/ForkingRiver/Tiles_17,1892870,27589
2dcd4b30a1284c6b,riverbank_01_c4r3.tgm.header,Tiny_4,46694672,878
53eb1fc895553e1d,riverbank_01_c4r2.tgm,Art/Models/Terrain/EndGame/ForkingRiver/Tiles_17,1882609,10261
92ab1a27fe9b14bb,riverbank_01_c4r2.tgm.header,Tiny_4,46694190,482
df96f6d1f8fde0f8,riverbank_01_c4r1.tgm,Art/Models/Terrain/EndGame/ForkingRiver/Tiles_17,1832486,50123
dd49c8eee0ff3e1a,riverbank_01_c4r1.tgm.header,Tiny_4,46692344,1846
1085b663e73b5400,riverbank_01_c3r6.tgm,Art/Models/Terrain/EndGame/ForkingRiver/Tiles_17,1801089,31397
b82809b1bed3c259,riverbank_01_c3r6.tgm.header,Tiny_4,46691026,1318
d9e5fd22ca0b6ee7,riverbank_01_c3r5.tgm,Art/Models/Terrain/EndGame/ForkingRiver/Tiles_17,1760896,40193
6381836106d2b9ea,riverbank_01_c3r5.tgm.header,Tiny_4,46689972,1054
8dff137cc44049b2,riverbank_01_c3r4.tgm,Art/Models/Terrain/EndGame/ForkingRiver/Tiles_17,1752861,8035
c9e5835a04891547,riverbank_01_c3r4.tgm.header,Tiny_4,46689622,350
184f2e47235dc23c,riverbank_01_c3r3.tgm,Art/Models/Terrain/EndGame/ForkingRiver/Tiles_17,1747612,5249
736fe1463e049a79,riverbank_01_c3r3.tgm.header,Tiny_4,46689228,394
b51c09200d98a821,riverbank_01_c3r2.tgm,Tiny_4,46686547,2417
d7ea6de756476d6d,riverbank_01_c3r2.tgm.header,Tiny_4,46688964,264
be0bba014d9ed992,riverbank_01_c3r1.tgm,Tiny_4,46683944,2339
9fa8bfe2800ffad7,riverbank_01_c3r1.tgm.header,Tiny_4,46686283,264
bd94e9715a66628a,riverbank_01_c2r6.tgm,Art/Models/Terrain/EndGame/ForkingRiver/Tiles_17,112365,5569
354227ead1219426,riverbank_01_c2r6.tgm.header,Tiny_4,48193756,264
bb6e6213eba3ee77,riverbank_01_c2r5.tgm,Art/Models/Terrain/EndGame/ForkingRiver/Tiles_17,1712363,35249
5d9a830020a60812,riverbank_01_c2r5.tgm.header,Tiny_4,46683022,922
2c8d21a43f4fff3f,riverbank_01_c2r4.tgm,Art/Models/Terrain/EndGame/ForkingRiver/Tiles_17,70421,6695
6074745542a8445c,riverbank_01_c2r4.tgm.header,Tiny_4,46754341,264
c02b3b5991f4b7a4,riverbank_01_c2r3.tgm,Art/Models/Terrain/EndGame/ForkingRiver/Tiles_17,1641942,70421
4fb10f9ee8016ef0,riverbank_01_c2r3.tgm.header,Tiny_4,46681836,1186
e822bca58ef5c362,riverbank_01_c2r2.tgm,Art/Models/Terrain/EndGame/ForkingRiver/Tiles_17,1505307,136635
6968eba97f71e77f,riverbank_01_c2r2.tgm.header,Tiny_4,46681398,438
ce57a9b5cfc1f103,riverbank_01_c2r1.tgm,Tiny_4,46680903,495
3902ac1e366b01ae,riverbank_01_c2r1.tgm.header,Tiny_4,48102749,264
dc5ceba522de2872,riverbank_01_c1r6.tgm,Tiny_4,46677080,3823
7974cbf49e149f81,riverbank_01_c1r6.tgm.header,Tiny_4,48082404,264
d460a3349de7924f,riverbank_01_c1r5.tgm,Art/Models/Terrain/EndGame/ForkingRiver/Tiles_17,1476938,28369
d1eab372cabe8f6a,riverbank_01_c1r5.tgm.header,Tiny_4,46676466,614
62642ba6cd476255,riverbank_01_c1r4.tgm,Art/Models/Terrain/EndGame/ForkingRiver/Tiles_17,1459357,17581
4a74e20b0c70e903,riverbank_01_c1r4.tgm.header,Tiny_4,46676116,350
9532f404b28940c0,riverbank_01_c1r3.tgm,Tiny_4,46672527,3589
03a6646fde8a8a53,riverbank_01_c1r3.tgm.header,Tiny_4,46747171,264
766806993df0635c,riverbank_01_c1r2.tgm,Tiny_4,46669564,2699
c43d64bbea743e96,riverbank_01_c1r2.tgm.header,Tiny_4,46672263,264
ffab28e9318eb15d,riverbank_01_c1r1.tgm,Tiny_4,46668877,687
225351cb1da811e6,riverbank_01_c1r1.tgm.header,Tiny_4,48088405,264
63e799416ce3bc64,riverbanklow_01_c9r6.tgm,Tiny_4,46813181,2521
f52f72d08d666f10,riverbanklow_01_c9r6.tgm.header,Tiny_4,48244852,264
615eb34c064b52fc,riverbanklow_01_c9r5.tgm,Art/Models/Terrain/EndGame/ForkingRiver/Tiles_17,1455104,4253
3cf1cc4ef5bb7641,riverbanklow_01_c9r5.tgm.header,Tiny_4,46812917,264
36c846c78a6d6d8b,riverbanklow_01_c9r4.tgm,Tiny_4,46810762,1891
5ebb53ff37fb27b2,riverbanklow_01_c9r4.tgm.header,Tiny_4,46812653,264
25a6b935531041e6,riverbanklow_01_c9r3.tgm,Tiny_4,46809873,889
5aca709e39a71899,riverbanklow_01_c9r3.tgm.header,Tiny_4,48176747,264
75aad110390875a1,riverbanklow_01_c9r2.tgm,Art/Models/Terrain/EndGame/ForkingRiver/Tiles_17,1379213,75891
6a7eea92ab58d86a,riverbanklow_01_c9r2.tgm.header,Tiny_4,46807587,2286
a2fc7ecf1751ee19,riverbanklow_01_c9r1.tgm,Tiny_4,46806894,693
29384f97407e8150,riverbanklow_01_c9r1.tgm.header,Tiny_4,48237015,264
3bf36f3e475b61b9,riverbanklow_01_c8r6.tgm,Art/Models/Terrain/EndGame/ForkingRiver/Tiles_17,1294316,84897
38df50651a8cc9b4,riverbanklow_01_c8r6.tgm.header,Tiny_4,46806588,306
492b872a7126663c,riverbanklow_01_c8r5.tgm,Art/Models/Terrain/EndGame/ForkingRiver/Tiles_17,1247585,46731
2a7cb5160db9b430,riverbanklow_01_c8r5.tgm.header,Tiny_4,46805490,1098
740b6afb16daa8e9,riverbanklow_01_c8r4.tgm,Tiny_4,46802297,2929
947f23ec7e822086,riverbanklow_01_c8r4.tgm.header,Tiny_4,46805226,264
fbc80907b5192486,riverbanklow_01_c8r3.tgm,Tiny_4,46800616,1417
d7db91942998b1d6,riverbanklow_01_c8r3.tgm.header,Tiny_4,46802033,264
a2577c322b4258d2,riverbanklow_01_c8r2.tgm,Art/Models/Terrain/EndGame/ForkingRiver/Tiles_17,1217246,30339
46a557f072fe3ddd,riverbanklow_01_c8r2.tgm.header,Tiny_4,46799650,966
7cec84baa6a07e90,riverbanklow_01_c8r1.tgm,Art/Models/Terrain/EndGame/ForkingRiver/Tiles_17,1209333,7913
82f8ed158b317161,riverbanklow_01_c8r1.tgm.header,Tiny_4,46799386,264
7e5eda9d744f18cb,riverbanklow_01_c7r6.tgm,Art/Models/Terrain/EndGame/ForkingRiver/Tiles_17,1147306,62027
f9e439cb776b23f1,riverbanklow_01_c7r6.tgm.header,Tiny_4,46797012,2374
376b43dcfb6955f6,riverbanklow_01_c7r5.tgm,Art/Models/Terrain/EndGame/ForkingRiver/Tiles_17,1143205,4101
e8fb3aa4610dbb72,riverbanklow_01_c7r5.tgm.header,Tiny_4,46796706,306
864610ec5566a598,riverbanklow_01_c7r4.tgm,Tiny_4,46793151,3249
4fa63d17b7f4495a,riverbanklow_01_c7r4.tgm.header,Tiny_4,46796400,306
e7969fe841d0390e,riverbanklow_01_c7r3.tgm,Tiny_4,46790406,2439
7a6746a09593057f,riverbanklow_01_c7r3.tgm.header,Tiny_4,46792845,306
0afd6011c5a42511,riverbanklow_01_c7r2.tgm,Art/Models/Terrain/EndGame/ForkingRiver/Tiles_17,1117634,25571
d6f4fb67457d92c7,riverbanklow_01_c7r2.tgm.header,Tiny_4,46789748,658
9119437dee9f8190,riverbanklow_01_c7r1.tgm,Art/Models/Terrain/EndGame/ForkingRiver/Tiles_17,1048917,68717
ccedb3eaab9ceb5d,riverbanklow_01_c7r1.tgm.header,Tiny_4,46787902,1846
1ab7304828c374bc,riverbanklow_01_c6r6.tgm,Art/Models/Terrain/EndGame/ForkingRiver/Tiles_17,1042798,6119
e8a8ef8301b128ee,riverbanklow_01_c6r6.tgm.header,Tiny_4,46787376,526
57ab62885e683faa,riverbanklow_01_c6r5.tgm,Art/Models/Terrain/EndGame/ForkingRiver/Tiles_17,1032335,10463
5659e763515731fc,riverbanklow_01_c6r5.tgm.header,Tiny_4,46786850,526
ffae4c17f18d2a6b,riverbanklow_01_c6r4.tgm,Art/Models/Terrain/EndGame/ForkingRiver/Tiles_17,1023056,9279
31e56826c9cd1210,riverbanklow_01_c6r4.tgm.header,Tiny_4,46786280,570
fdf84b4a810890f4,riverbanklow_01_c6r3.tgm,Tiny_4,46782017,3825
b01bf9ce0ca16b79,riverbanklow_01_c6r3.tgm.header,Tiny_4,46785842,438
0adffd13be7bdd5d,riverbanklow_01_c6r2.tgm,Art/Models/Terrain/EndGame/ForkingRiver/Tiles_17,986757,36299
9c136ea2cb0a0590,riverbanklow_01_c6r2.tgm.header,Tiny_4,46780831,1186
273acf8a586640b0,riverbanklow_01_c6r1.tgm,Tiny_4,46777678,2715
798d9f43e57a94a5,riverbanklow_01_c6r1.tgm.header,Tiny_4,46780393,438
46257f4deca0ee14,riverbanklow_01_c5r6.tgm,Art/Models/Terrain/EndGame/ForkingRiver/Tiles_17,693100,293657
3ab04189a74cc894,riverbanklow_01_c5r6.tgm.header,Folders/art/models/terrain/endgame/3/theatre,780162,12010
d57ead9e08fb1a84,riverbanklow_01_c5r5.tgm,Art/Models/Terrain/EndGame/ForkingRiver/Tiles_17,638059,55041
920037259deeb90d,riverbanklow_01_c5r5.tgm.header,Tiny_4,46775788,1890
9cc38f729de821fb,riverbanklow_01_c5r4.tgm,Art/Models/Terrain/EndGame/ForkingRiver/Tiles_17,628688,9371
122ed25f56a74ae8,riverbanklow_01_c5r4.tgm.header,Tiny_4,46775394,394
aec0cb54f05195c2,riverbanklow_01_c5r3.tgm,Art/Models/Terrain/EndGame/ForkingRiver/Tiles_17,583913,44775
a76d05fcd74001d3,riverbanklow_01_c5r3.tgm.header,Tiny_4,46774032,1362
9005fa33b347d7e2,riverbanklow_01_c5r2.tgm,Tiny_4,46771441,2327
ea909a8fd9ade25f,riverbanklow_01_c5r2.tgm.header,Tiny_4,46773768,264
df7e219fc914ffd1,riverbanklow_01_c5r1.tgm,Art/Models/Terrain/EndGame/ForkingRiver/Tiles_17,342314,241599
5e1d6654a1923428,riverbanklow_01_c5r1.tgm.header,Folders/art/models/terrain/endgame/3/theatre,828542,10866
cc31c74258b22de5,riverbanklow_01_c4r6.tgm,Art/Models/Terrain/EndGame/ForkingRiver/Tiles_17,336119,6195
ee6756622d474a04,riverbanklow_01_c4r6.tgm.header,Tiny_4,46771003,438
28a0d6b6d558d701,riverbanklow_01_c4r5.tgm,Art/Models/Terrain/EndGame/ForkingRiver/Tiles_17,325726,10393
a8cbf99ac5308a45,riverbanklow_01_c4r5.tgm.header,Tiny_4,46770521,482
d94783d30289cde3,riverbanklow_01_c4r4.tgm,Art/Models/Terrain/EndGame/ForkingRiver/Tiles_17,316507,9219
e4f433921cd968c4,riverbanklow_01_c4r4.tgm.header,Tiny_4,46769951,570
de08a131d6923103,riverbanklow_01_c4r3.tgm,Art/Models/Terrain/EndGame/ForkingRiver/Tiles_17,288202,28305
6ae30034d44b63fb,riverbanklow_01_c4r3.tgm.header,Tiny_4,46768985,966
ce0391ae69eadb31,riverbanklow_01_c4r2.tgm,Art/Models/Terrain/EndGame/ForkingRiver/Tiles_17,276925,11277
9177bb13ac1e5284,riverbanklow_01_c4r2.tgm.header,Tiny_4,46768415,570
da454f2c09c61224,riverbanklow_01_c4r1.tgm,Art/Models/Terrain/EndGame/ForkingRiver/Tiles_17,227264,49661
a236c6d85c2936e8,riverbanklow_01_c4r1.tgm.header,Tiny_4,46766173,2242
1c6c0a56dd96b54b,riverbanklow_01_c3r6.tgm,Art/Models/Terrain/EndGame/ForkingRiver/Tiles_17,173823,53441
e6b57253b6bb0b08,riverbanklow_01_c3r6.tgm.header,Tiny_4,46763931,2242
28344bcbf1a5f61f,riverbanklow_01_c3r5.tgm,Art/Models/Terrain/EndGame/ForkingRiver/Tiles_17,132918,40905
e4e8e514bbec48a9,riverbanklow_01_c3r5.tgm.header,Tiny_4,46762833,1098
e2e36d02ba9fd352,riverbanklow_01_c3r4.tgm,Art/Models/Terrain/EndGame/ForkingRiver/Tiles_17,123991,8927
67d648f3cd551159,riverbanklow_01_c3r4.tgm.header,Tiny_4,46762439,394
a442172c484af21f,riverbanklow_01_c3r3.tgm,Art/Models/Terrain/EndGame/ForkingRiver/Tiles_17,117934,6057
ffa2dce1555d7739,riverbanklow_01_c3r3.tgm.header,Tiny_4,46762001,438
f0aec9927bf0a121,riverbanklow_01_c3r2.tgm,Tiny_4,46758476,3219
a8e4d737ebf726e4,riverbanklow_01_c3r2.tgm.header,Tiny_4,46761695,306
99cdbb65c02ea095,riverbanklow_01_c3r1.tgm,Tiny_4,46755527,2643
862f585d382493dc,riverbanklow_01_c3r1.tgm.header,Tiny_4,46758170,306
d35f1ac1fe425468,riverbanklow_01_c2r6.tgm,Art/Models/Terrain/EndGame/ForkingRiver/Tiles_17,112365,5569
1d0d1c0e37be4261,riverbanklow_01_c2r6.tgm.header,Tiny_4,48193756,264
daa1efaafa565639,riverbanklow_01_c2r5.tgm,Art/Models/Terrain/EndGame/ForkingRiver/Tiles_17,77116,35249
43c42cf27160c4a3,riverbanklow_01_c2r5.tgm.header,Tiny_4,46754605,922
414fd1466df5080f,riverbanklow_01_c2r4.tgm,Art/Models/Terrain/EndGame/ForkingRiver/Tiles_17,70421,6695
e117e2e673773a4c,riverbanklow_01_c2r4.tgm.header,Tiny_4,46754341,264
0d0fa0e3c82ba574,riverbanklow_01_c2r3.tgm,Art/Models/Terrain/EndGame/ForkingRiver/Tiles_17,0,70421
a187ae4cfd859fbd,riverbanklow_01_c2r3.tgm.header,Tiny_4,46753155,1186
ea61667650d6db8c,riverbanklow_01_c2r2.tgm,Art/Models/Terrain/EndGame/ForkingRiver/Tiles_16,1791172,136635
aa063ef42bccf786,riverbanklow_01_c2r2.tgm.header,Tiny_4,46752717,438
908623157616cbd7,riverbanklow_01_c2r1.tgm,Tiny_4,46752222,495
13ac38dd0b3d9ce4,riverbanklow_01_c2r1.tgm.header,Tiny_4,48102749,264
083c220463fcf0a0,riverbanklow_01_c1r6.tgm,Tiny_4,46748399,3823
8cb6600f3ff6460e,riverbanklow_01_c1r6.tgm.header,Tiny_4,48082404,264
2af853295a02e716,riverbanklow_01_c1r5.tgm,Art/Models/Terrain/EndGame/ForkingRiver/Tiles_16,1762803,28369
c5d17f024e7efdf4,riverbanklow_01_c1r5.tgm.header,Tiny_4,46747785,614
e57f150a7abeb9c2,riverbanklow_01_c1r4.tgm,Art/Models/Terrain/EndGame/ForkingRiver/Tiles_16,1745222,17581
b510c11639e2705a,riverbanklow_01_c1r4.tgm.header,Tiny_4,46747435,350
ae79e0d4e6bc8f79,riverbanklow_01_c1r3.tgm,Tiny_4,46743582,3589
26741ee685d792f1,riverbanklow_01_c1r3.tgm.header,Tiny_4,46747171,264
453e807da7d06d3a,riverbanklow_01_c1r2.tgm,Tiny_4,46740619,2699
0b1c68ac7fdd248c,riverbanklow_01_c1r2.tgm.header,Tiny_4,46743318,264
d882b023d9dba697,riverbanklow_01_c1r1.tgm,Tiny_4,46739932,687
b28d476e562e4f86,riverbanklow_01_c1r1.tgm.header,Tiny_4,48088405,264
1bd3ab4ed2f10103,middle_02_c3r6.tgm,Art/Models/Terrain/EndGame/ForkingRiver/Tiles_16,1674637,70585
344443c877b86847,middle_02_c3r6.tgm.header,Folders/art/models/terrain/endgame/3/theatre,771498,4310
a8f46eea056fe7c8,middle_02_c3r5.tgm,Tiny_4,46577200,1653
a312cd54be089773,middle_02_c3r5.tgm.header,Tiny_4,46578853,306
db61df91a3a794b4,middle_02_c3r4.tgm,Tiny_4,46575277,1617
43bfcf474caa81a2,middle_02_c3r4.tgm.header,Tiny_4,46576894,306
ed371ca908fbb4e8,middle_02_c3r3.tgm,Tiny_4,46572832,2139
ade8cdccef219e1e,middle_02_c3r3.tgm.header,Tiny_4,46574971,306
d80d954499bfa1ea,middle_02_c3r2.tgm,Tiny_4,46569985,2541
a5285c30ff95af86,middle_02_c3r2.tgm.header,Tiny_4,46572526,306
03dbb447f9ff9918,middle_02_c3r1.tgm,Art/Models/Terrain/EndGame/ForkingRiver/Tiles_16,1505530,169107
6d4ca98698e4221a,middle_02_c3r1.tgm.header,Tiny_4,46565983,4002
435c124a978d1ef8,middle_02_c2r6.tgm,Art/Models/Terrain/EndGame/ForkingRiver/Tiles_16,1283069,222461
89864c98cf423768,middle_02_c2r6.tgm.header,Tiny_4,46564005,1978
bdc5c48711124c3f,middle_02_c2r5.tgm,Art/Models/Terrain/EndGame/ForkingRiver/Tiles_16,1264784,18285
49132f8f170c1a66,middle_02_c2r5.tgm.header,Tiny_4,46563171,834
91ef200ee3da5ec6,middle_02_c2r4.tgm,Tiny_4,46561366,1541
0f1b9a1232841755,middle_02_c2r4.tgm.header,Tiny_4,46562907,264
3beaeaa287349806,middle_02_c2r3.tgm,Tiny_4,46558961,2141
467668e04ca3ec51,middle_02_c2r3.tgm.header,Tiny_4,46561102,264
8464432dbac3bf8d,middle_02_c2r2.tgm,Art/Models/Terrain/EndGame/ForkingRiver/Tiles_16,1023973,240811
1f919f670ebc293e,middle_02_c2r2.tgm.header,Folders/art/models/terrain/endgame/forkingriver/1/tiles,431379,4178
c53ade2e98814ecf,middle_02_c2r1.tgm,Art/Models/Terrain/EndGame/ForkingRiver/Tiles_16,957782,66191
849fbcfe709738b6,middle_02_c2r1.tgm.header,Tiny_4,46555531,3430
b92c2384d30821c4,middle_02_c1r6.tgm,Art/Models/Terrain/EndGame/ForkingRiver/Tiles_16,889213,68569
f10300b13bb116ba,middle_02_c1r6.tgm.header,Folders/art/models/terrain/endgame/3/theatre,649843,4310
d804f1c98c7b38a9,middle_02_c1r5.tgm,Tiny_4,46553590,1635
068d789f8667828b,middle_02_c1r5.tgm.header,Tiny_4,46555225,306
99de78000d692638,middle_02_c1r4.tgm,Tiny_4,46551643,1641
2d35cbabc1dfd8ed,middle_02_c1r4.tgm.header,Tiny_4,46553284,306
9b11d38b13b63a5e,middle_02_c1r3.tgm,Tiny_4,46549480,1857
ca8a301deb85618f,middle_02_c1r3.tgm.header,Tiny_4,46551337,306
808fa9d6f4dda30c,middle_02_c1r2.tgm,Tiny_4,46546489,2685
e2ed71ffd6e77072,middle_02_c1r2.tgm.header,Tiny_4,46549174,306
c169f141ef972476,middle_02_c1r1.tgm,Tiny_4,46544368,1815
a67d06a6e6ba5de4,middle_02_c1r1.tgm.header,Tiny_4,46546183,306
b5b4f17d43a16f5d,middle_01_c3r6.tgm,Art/Models/Terrain/EndGame/ForkingRiver/Tiles_16,881922,7291
019ab63b7c32d12e,middle_01_c3r6.tgm.header,Tiny_4,46544018,350
09bdc877c0206eab,middle_01_c3r5.tgm,Art/Models/Terrain/EndGame/ForkingRiver/Tiles_16,710187,171735
a846b50edb6aea66,middle_01_c3r5.tgm.header,Folders/art/models/terrain/endgame/forkingriver/1/tiles,424869,6510
c9c4e264d8bfe55e,middle_01_c3r4.tgm,Art/Models/Terrain/EndGame/ForkingRiver/Tiles_16,411394,298793
a2da6d28070eaa2b,middle_01_c3r4.tgm.header,Tiny_4,46541644,2374
5cc4af322d83fa52,middle_01_c3r3.tgm,Tiny_4,46539223,2115
d328e49eeaa52dd5,middle_01_c3r3.tgm.header,Tiny_4,46541338,306
29c43d76c657a819,middle_01_c3r2.tgm,Tiny_4,46536430,2487
7c080ca81fd136cb,middle_01_c3r2.tgm.header,Tiny_4,46538917,306
08178597d5c50550,middle_01_c3r1.tgm,Art/Models/Terrain/EndGame/ForkingRiver/Tiles_16,384165,27229
7b5ee56f0f844474,middle_01_c3r1.tgm.header,Tiny_4,46535420,1010
bb82ac9f6603c82a,middle_01_c2r6.tgm,Art/Models/Terrain/EndGame/ForkingRiver/Tiles_16,303732,80433
3fb6afda3c160c96,middle_01_c2r6.tgm.header,Folders/art/models/terrain/endgame/forkingriver/1/tiles,217612,4398
1717b746627abf8a,middle_01_c2r5.tgm,Tiny_4,46533729,1427
e7a185d59579fa21,middle_01_c2r5.tgm.header,Tiny_4,46535156,264
c9451ff20f0075e1,middle_01_c2r4.tgm,Tiny_4,46531612,1853
451789749b7cd9bb,middle_01_c2r4.tgm.header,Tiny_4,46533465,264
8e8dda45b891cc23,middle_01_c2r3.tgm,Tiny_4,46529297,2051
385a36d5f207e372,middle_01_c2r3.tgm.header,Tiny_4,46531348,264
a1148f396994f145,middle_01_c2r2.tgm,Art/Models/Terrain/EndGame/ForkingRiver/Tiles_16,161807,141925
6aa99a8300731302,middle_01_c2r2.tgm.header,Folders/art/models/terrain/endgame/3/theatre,641969,7874
932ea9df3cfb106e,middle_01_c2r1.tgm,Art/Models/Terrain/EndGame/ForkingRiver/Tiles_16,108398,53409
39c51695946a250c,middle_01_c2r1.tgm.header,Tiny_4,46528595,702
2602bf14284bf9fd,middle_01_c1r6.tgm,Tiny_4,46527350,939
29b0315567e6d3a0,middle_01_c1r6.tgm.header,Tiny_4,46528289,306
7895b1d398f68b3f,middle_01_c1r5.tgm,Tiny_4,46525727,1317
33004f037f9d16ed,middle_01_c1r5.tgm.header,Tiny_4,46527044,306
aee05a45bfef0310,middle_01_c1r4.tgm,Art/Models/Terrain/EndGame/ForkingRiver/Tiles_16,75739,32659
927639b77e1faf0e,middle_01_c1r4.tgm.header,Tiny_4,46525113,614
bf5c63b2cad47531,middle_01_c1r3.tgm,Tiny_4,46522950,1857
405cded524e1aa58,middle_01_c1r3.tgm.header,Tiny_4,46524807,306
afd41040488c69ef,middle_01_c1r2.tgm,Tiny_4,46520157,2487
ac03ec53ebe852f3,middle_01_c1r2.tgm.header,Tiny_4,46522644,306
0ac025193769d391,middle_01_c1r1.tgm,Tiny_4,46518234,1617
7cbe3dbbdaf6a38e,middle_01_c1r1.tgm.header,Tiny_4,46519851,306
738d088270ee28f3,middleriver_01_c3r6.tgm,Art/Models/Terrain/EndGame/ForkingRiver/Tiles_16,70572,5167
6e0ce633ffec4e73,middleriver_01_c3r6.tgm.header,Tiny_4,46661299,350
0ca70c27fd25b3c6,middleriver_01_c3r5.tgm,Art/Models/Terrain/EndGame/ForkingRiver/Tiles_16,64211,6361
92f635d1ad819d41,middleriver_01_c3r5.tgm.header,Tiny_4,46660949,350
2f73b0d7946ad1ff,middleriver_01_c3r4.tgm,Art/Models/Terrain/EndGame/ForkingRiver/Tiles_16,58048,6163
853397ef31516637,middleriver_01_c3r4.tgm.header,Tiny_4,46660599,350
8670d154c3ab2219,middleriver_01_c3r3.tgm,Art/Models/Terrain/EndGame/ForkingRiver/Tiles_16,51531,6517
a46ec1e88504d783,middleriver_01_c3r3.tgm.header,Tiny_4,46660249,350
0566ac7028560636,middleriver_01_c3r2.tgm,Art/Models/Terrain/EndGame/ForkingRiver/Tiles_16,43898,7633
d10e3ed55c11f34a,middleriver_01_c3r2.tgm.header,Tiny_4,46659899,350
5eefbb7954a331bb,middleriver_01_c3r1.tgm,Art/Models/Terrain/EndGame/ForkingRiver/Tiles_16,12225,31673
a96f6658c0800845,middleriver_01_c3r1.tgm.header,Tiny_4,46658845,1054
dd0739044691ad45,middleriver_01_c2r6.tgm,Art/Models/Terrain/EndGame/ForkingRiver/Tiles_16,0,12225
0e013bcf4f87c179,middleriver_01_c2r6.tgm.header,Tiny_4,46658143,702
275be7bb12e765f2,middleriver_01_c2r5.tgm,Art/Models/Terrain/EndGame/ForkingRiver/Tiles_15,1772081,152373
b9365b2734e5806f,middleriver_01_c2r5.tgm.header,Tiny_4,46657573,570
c1e9baeb680be31a,middleriver_01_c2r4.tgm,Art/Models/Terrain/EndGame/ForkingRiver/Tiles_15,1765754,6327
8a98bf7a097d7fac,middleriver_01_c2r4.tgm.header,Tiny_4,46657267,306
74d40d2c701023c9,middleriver_01_c2r3.tgm,Art/Models/Terrain/EndGame/ForkingRiver/Tiles_15,1758701,7053
b3cd930bd4df902a,middleriver_01_c2r3.tgm.header,Tiny_4,46656961,306
14e504d6a7f5dcec,middleriver_01_c2r2.tgm,Art/Models/Terrain/EndGame/ForkingRiver/Tiles_15,1631724,126977
6ec847d1fc92672d,middleriver_01_c2r2.tgm.header,Tiny_4,46656435,526
d51b2cc84be46533,middleriver_01_c2r1.tgm,Art/Models/Terrain/EndGame/ForkingRiver/Tiles_15,1619283,12441
8296f4fd5d06ace8,middleriver_01_c2r1.tgm.header,Tiny_4,46655733,702
20fb2e732d1a0121,middleriver_01_c1r6.tgm,Art/Models/Terrain/EndGame/ForkingRiver/Tiles_15,1614818,4465
d7e68bbf83a3445a,middleriver_01_c1r6.tgm.header,Tiny_4,46655383,350
9cef19da9e156b20,middleriver_01_c1r5.tgm,Art/Models/Terrain/EndGame/ForkingRiver/Tiles_15,1608355,6463
439985ff19b5b4f9,middleriver_01_c1r5.tgm.header,Tiny_4,46655033,350
2710ee79f6e75588,middleriver_01_c1r4.tgm,Art/Models/Terrain/EndGame/ForkingRiver/Tiles_15,1603062,5293
1dd08f13359a499d,middleriver_01_c1r4.tgm.header,Tiny_4,46654683,350
41520bead3f12473,middleriver_01_c1r3.tgm,Art/Models/Terrain/EndGame/ForkingRiver/Tiles_15,1597571,5491
746357684f833480,middleriver_01_c1r3.tgm.header,Tiny_4,46654333,350
c55f929868a4c549,middleriver_01_c1r2.tgm,Art/Models/Terrain/EndGame/ForkingRiver/Tiles_15,1590328,7243
cfad7a1922014223,middleriver_01_c1r2.tgm.header,Tiny_4,46653983,350
179331f52fe53915,middleriver_01_c1r1.tgm,Art/Models/Terrain/EndGame/ForkingRiver/Tiles_15,1585251,5077
01498d8305bf7b05,middleriver_01_c1r1.tgm.header,Tiny_4,46653633,350
8c73aff3f710faa5,middleriverdry_01_c3r6.tgm,Art/Models/Terrain/EndGame/ForkingRiver/Tiles_15,1580334,4917
28c4ca6c99786602,middleriverdry_01_c3r6.tgm.header,Tiny_4,46668571,306
30cd49a87147e020,middleriverdry_01_c3r5.tgm,Art/Models/Terrain/EndGame/ForkingRiver/Tiles_15,1574277,6057
11bfa912824a200b,middleriverdry_01_c3r5.tgm.header,Tiny_4,46668265,306
950e9820695c194b,middleriverdry_01_c3r4.tgm,Art/Models/Terrain/EndGame/ForkingRiver/Tiles_15,1568526,5751
cc4288b2c16a5a4f,middleriverdry_01_c3r4.tgm.header,Tiny_4,46667959,306
d82a648b429051a2,middleriverdry_01_c3r3.tgm,Art/Models/Terrain/EndGame/ForkingRiver/Tiles_15,1562529,5997
21c22443417c3b51,middleriverdry_01_c3r3.tgm.header,Tiny_4,46667653,306
3a71da4fda4628e2,middleriverdry_01_c3r2.tgm,Art/Models/Terrain/EndGame/ForkingRiver/Tiles_15,1555578,6951
38b0b2005f75b8be,middleriverdry_01_c3r2.tgm.header,Tiny_4,46667347,306
9fd028fba1524e1f,middleriverdry_01_c3r1.tgm,Art/Models/Terrain/EndGame/ForkingRiver/Tiles_15,1524317,31261
cb32d2b31ac11c54,middleriverdry_01_c3r1.tgm.header,Tiny_4,46666337,1010
e2310841d9aec051,middleriverdry_01_c2r6.tgm,Art/Models/Terrain/EndGame/ForkingRiver/Tiles_15,1512396,11921
53d0fd3d10d3e08e,middleriverdry_01_c2r6.tgm.header,Tiny_4,46665679,658
75597705783eaede,middleriverdry_01_c2r5.tgm,Art/Models/Terrain/EndGame/ForkingRiver/Tiles_15,1360489,151907
7f90626a0ec19a21,middleriverdry_01_c2r5.tgm.header,Tiny_4,46665153,526
d812ac9a698ba592,middleriverdry_01_c2r4.tgm,Art/Models/Terrain/EndGame/ForkingRiver/Tiles_15,1354736,5753
5b2cfcb24a1e3c79,middleriverdry_01_c2r4.tgm.header,Tiny_4,46664889,264
30e2462c305c47e8,middleriverdry_01_c2r3.tgm,Art/Models/Terrain/EndGame/ForkingRiver/Tiles_15,1348473,6263
217296f0979e04c1,middleriverdry_01_c2r3.tgm.header,Tiny_4,46664625,264
8f53cc347e865f77,middleriverdry_01_c2r2.tgm,Art/Models/Terrain/EndGame/ForkingRiver/Tiles_15,1222286,126187
27c480e1c5794726,middleriverdry_01_c2r2.tgm.header,Tiny_4,46664143,482
88338fdf71e65d48,middleriverdry_01_c2r1.tgm,Art/Models/Terrain/EndGame/ForkingRiver/Tiles_15,1210203,12083
2c3f3abac5d02a37,middleriverdry_01_c2r1.tgm.header,Tiny_4,46663485,658
38750ba66c569036,middleriverdry_01_c1r6.tgm,Art/Models/Terrain/EndGame/ForkingRiver/Tiles_15,1205988,4215
9afcdaf7890d5110,middleriverdry_01_c1r6.tgm.header,Tiny_4,46663179,306
9f40d5239c5a13a4,middleriverdry_01_c1r5.tgm,Art/Models/Terrain/EndGame/ForkingRiver/Tiles_15,1199937,6051
0d0ba167ff346838,middleriverdry_01_c1r5.tgm.header,Tiny_4,46662873,306
d9d2c8bf4a57e3c2,middleriverdry_01_c1r4.tgm,Art/Models/Terrain/EndGame/ForkingRiver/Tiles_15,1195056,4881
4032e2c12303a5c9,middleriverdry_01_c1r4.tgm.header,Tiny_4,46662567,306
c2fb4a2f596233f5,middleriverdry_01_c1r3.tgm,Art/Models/Terrain/EndGame/ForkingRiver/Tiles_15,1190085,4971
f9453529b665251d,middleriverdry_01_c1r3.tgm.header,Tiny_4,46662261,306
0cdcb34d04f89b40,middleriverdry_01_c1r2.tgm,Art/Models/Terrain/EndGame/ForkingRiver/Tiles_15,1183470,6615
57f6e9b017469bef,middleriverdry_01_c1r2.tgm.header,Tiny_4,46661955,306
772c501f3aa93e67,middleriverdry_01_c1r1.tgm,Art/Models/Terrain/EndGame/ForkingRiver/Tiles_15,1178805,4665
5e3dff13820e61d9,middleriverdry_01_c1r1.tgm.header,Tiny_4,46661649,306
d5f980dbe76d7be4,middlelow_02_c3r6.tgm,Art/Models/Terrain/EndGame/ForkingRiver/Tiles_15,1108078,70727
80304c884102ff48,middlelow_02_c3r6.tgm.header,Folders/art/models/terrain/endgame/forkingriver/1/tiles,222010,4354
bb222ad20b6c7f7b,middlelow_02_c3r5.tgm,Tiny_4,46651272,2011
42bb1dde90f9df92,middlelow_02_c3r5.tgm.header,Tiny_4,46653283,350
484072f566dcf0d9,middlelow_02_c3r4.tgm,Tiny_4,46648839,2083
eb172821d3e00c0d,middlelow_02_c3r4.tgm.header,Tiny_4,46650922,350
1cf5c2d00d66d613,middlelow_02_c3r3.tgm,Tiny_4,46645914,2575
5664c1d0870031ab,middlelow_02_c3r3.tgm.header,Tiny_4,46648489,350
27cbc53a74a5ab03,middlelow_02_c3r2.tgm,Tiny_4,46642449,3115
71a33a0419a4c975,middlelow_02_c3r2.tgm.header,Tiny_4,46645564,350
c68c7331e00547d8,middlelow_02_c3r1.tgm,Art/Models/Terrain/EndGame/ForkingRiver/Tiles_15,1015579,92499
69c9539d48a7eb17,middlelow_02_c3r1.tgm.header,Tiny_4,46638447,4002
2d46dec0cd998e10,middlelow_02_c2r6.tgm,Art/Models/Terrain/EndGame/ForkingRiver/Tiles_15,794738,220841
b5dbb293328bc673,middlelow_02_c2r6.tgm.header,Tiny_4,46636469,1978
e94c34c79be8d3c4,middlelow_02_c2r5.tgm,Art/Models/Terrain/EndGame/ForkingRiver/Tiles_15,776525,18213
eaa4cec20a75d16c,middlelow_02_c2r5.tgm.header,Tiny_4,46635635,834
3e6b47c112e5c86e,middlelow_02_c2r4.tgm,Tiny_4,46633554,1817
934d6fb27dd8eb86,middlelow_02_c2r4.tgm.header,Tiny_4,46635371,264
346ce094326ca4f7,middlelow_02_c2r3.tgm,Tiny_4,46631287,2003
051ca2a916d07acf,middlelow_02_c2r3.tgm.header,Tiny_4,46633290,264
6111fefd4139674d,middlelow_02_c2r2.tgm,Art/Models/Terrain/EndGame/ForkingRiver/Tiles_15,542294,234231
b64192537d6e2e82,middlelow_02_c2r2.tgm.header,Folders/art/models/terrain/endgame/forkingriver/1/tiles,0,4134
8ca9d11cd54b4d96,middlelow_02_c2r1.tgm,Art/Models/Terrain/EndGame/ForkingRiver/Tiles_15,488115,54179
cb8068e16d69916a,middlelow_02_c2r1.tgm.header,Tiny_4,46627989,3298
07604c8fff23bc2a,middlelow_02_c1r6.tgm,Art/Models/Terrain/EndGame/ForkingRiver/Tiles_15,419404,68711
a3a68ffc49e2702f,middlelow_02_c1r6.tgm.header,Folders/art/models/terrain/endgame/3/theatre,775808,4354
a6e5915ee2a8b103,middlelow_02_c1r5.tgm,Tiny_4,46625844,1795
4de8e29d90af1aa5,middlelow_02_c1r5.tgm.header,Tiny_4,46627639,350
808fcbede00066fc,middlelow_02_c1r4.tgm,Tiny_4,46623099,2395
0eec35ec57f0c4ba,middlelow_02_c1r4.tgm.header,Tiny_4,46625494,350
a7ba8b09a07cf6a8,middlelow_02_c1r3.tgm,Tiny_4,46620228,2521
472fa93780f72778,middlelow_02_c1r3.tgm.header,Tiny_4,46622749,350
f9360df216e91674,middlelow_02_c1r2.tgm,Tiny_4,46616565,3313
3dbaab8c2f01cd7f,middlelow_02_c1r2.tgm.header,Tiny_4,46619878,350
405a2ee5498fb283,middlelow_02_c1r1.tgm,Tiny_4,46613988,2227
f0e54031b82263ea,middlelow_02_c1r1.tgm.header,Tiny_4,46616215,350
6cc32441994a5d92,middlelow_01_c3r6.tgm,Art/Models/Terrain/EndGame/ForkingRiver/Tiles_15,415019,4385
f2381b46cc9b5703,middlelow_01_c3r6.tgm.header,Tiny_4,46613594,394
07f4740a55805182,middlelow_01_c3r5.tgm,Art/Models/Terrain/EndGame/ForkingRiver/Tiles_15,116720,298299
ff75ddb9280148e5,middlelow_01_c3r5.tgm.header,Folders/art/models/terrain/endgame/forkingriver/1/tiles,305714,7038
8c4f4d31f7abfe23,middlelow_01_c3r4.tgm,Tiny_4,46610789,2455
37d9d00731ba9dac,middlelow_01_c3r4.tgm.header,Tiny_4,46613244,350
6419ddf6fb293e18,middlelow_01_c3r3.tgm,Tiny_4,46607804,2635
2287a5932e01f166,middlelow_01_c3r3.tgm.header,Tiny_4,46610439,350
8113dde1ac75a251,middlelow_01_c3r2.tgm,Tiny_4,46604393,3061
e89598046711ffd2,middlelow_01_c3r2.tgm.header,Tiny_4,46607454,350
e05c0ac965cf83e6,middlelow_01_c3r1.tgm,Art/Models/Terrain/EndGame/ForkingRiver/Tiles_15,63383,53337
ec5df4bbcd9e4951,middlelow_01_c3r1.tgm.header,Tiny_4,46602635,1758
4c2ac0aa4dc021f5,middlelow_01_c2r6.tgm,Art/Models/Terrain/EndGame/ForkingRiver/Tiles_15,0,63383
fbcd6833129436ec,middlelow_01_c2r6.tgm.header,Tiny_4,46598809,3826
00fdb48267be1928,middlelow_01_c2r5.tgm,Tiny_4,46597280,1265
c7d41a91cb5bfbbe,middlelow_01_c2r5.tgm.header,Tiny_4,46598545,264
c13051049818f1c4,middlelow_01_c2r4.tgm,Tiny_4,46595325,1691
4eb4cdfe41ff2310,middlelow_01_c2r4.tgm.header,Tiny_4,46597016,264
05c4ec7bc21751a2,middlelow_01_c2r3.tgm,Tiny_4,46593280,1781
700a6bf401f83bcb,middlelow_01_c2r3.tgm.header,Tiny_4,46595061,264
78a9d590fc1c2f23,middlelow_01_c2r2.tgm,Art/Models/Terrain/EndGame/ForkingRiver/Tiles_14,2083720,302799
d7e49284c0f58ad9,middlelow_01_c2r2.tgm.header,Folders/art/models/terrain/endgame/3/theatre,877938,8358
ebba7d923cee432f,middlelow_01_c2r1.tgm,Art/Models/Terrain/EndGame/ForkingRiver/Tiles_14,2030257,53463
b9eb5b3d2b6bd7c6,middlelow_01_c2r1.tgm.header,Tiny_4,46592578,702
f9f4d1cc696f30a0,middlelow_01_c1r6.tgm,Tiny_4,46590031,2153
acaa56dade5dc061,middlelow_01_c1r6.tgm.header,Tiny_4,46592184,394
e9a53f580801419d,middlelow_01_c1r5.tgm,Tiny_4,46588168,1513
668ce7f325c716a7,middlelow_01_c1r5.tgm.header,Tiny_4,46589681,350
4c6d70f9bf4078b3,middlelow_01_c1r4.tgm,Art/Models/Terrain/EndGame/ForkingRiver/Tiles_14,2019220,11037
f59b27f3c2c46ba0,middlelow_01_c1r4.tgm.header,Tiny_4,46587730,438
958d8793be0a6e96,middlelow_01_c1r3.tgm,Tiny_4,46585003,2377
2b5d2e40832abd82,middlelow_01_c1r3.tgm.header,Tiny_4,46587380,350
3456eef7e16e737b,middlelow_01_c1r2.tgm,Tiny_4,46581538,3115
f2bb8045eb16951d,middlelow_01_c1r2.tgm.header,Tiny_4,46584653,350
569b92cda4cf0e26,middlelow_01_c1r1.tgm,Tiny_4,46579159,2029
6df4e7ff4fefd29f,middlelow_01_c1r1.tgm.header,Tiny_4,46581188,350
172605b7f3fc18ab,forkingriver_bridge_01_c3r3.tgm,Art/Models/Terrain/EndGame/ForkingRiver/Tiles_14,2001103,18117
0e3a3a01291b56db,forkingriver_bridge_01_c3r3.tgm.header,Tiny_4,46517664,570
ebbd0e6f651721b3,forkingriver_bridge_01_c3r2.tgm,Art/Models/Terrain/EndGame/ForkingRiver/Tiles_14,1975494,25609
475589f25ae014dd,forkingriver_bridge_01_c3r2.tgm.header,Tiny_4,46516522,1142
7acfb5407ed29a0b,forkingriver_bridge_01_c3r1.tgm,Art/Models/Terrain/EndGame/ForkingRiver/Tiles_14,1966821,8673
21f78ab19b76b51f,forkingriver_bridge_01_c3r1.tgm.header,Tiny_4,46516216,306
c5a4f87fe43d7ccb,forkingriver_bridge_01_c2r3.tgm,Art/Models/Terrain/EndGame/ForkingRiver/Tiles_14,1962406,4415
926a2f1e5e440449,forkingriver_bridge_01_c2r3.tgm.header,Tiny_4,46515952,264
b0d3319d307d7d14,forkingriver_bridge_01_c2r2.tgm,Art/Models/Terrain/EndGame/ForkingRiver/Tiles_14,1955187,7219
fb562e8412ac64ab,forkingriver_bridge_01_c2r2.tgm.header,Tiny_4,46515602,350
4fc9ae29e9de4fec,forkingriver_bridge_01_c2r1.tgm,Tiny_4,46513171,2167
29688cd28f3d40e6,forkingriver_bridge_01_c2r1.tgm.header,Tiny_4,46515338,264
62c13a801235723e,forkingriver_bridge_01_c1r3.tgm,Art/Models/Terrain/EndGame/ForkingRiver/Tiles_14,1936698,18489
4849d2f6c9a65516,forkingriver_bridge_01_c1r3.tgm.header,Tiny_4,46512601,570
f21c88767dd6f654,forkingriver_bridge_01_c1r2.tgm,Art/Models/Terrain/EndGame/ForkingRiver/Tiles_14,1909589,27109
15b67e6773a6e76a,forkingriver_bridge_01_c1r2.tgm.header,Tiny_4,46511591,1010
5f46681d3cc5d1bc,forkingriver_bridge_01_c1r1.tgm,Art/Models/Terrain/EndGame/ForkingRiver/Tiles_14,1894910,14679
d336689be649e379,forkingriver_bridge_01_c1r1.tgm.header,Tiny_4,46511285,306
8e4836b70d55fd08,fillfish_01_c3r3.tgm,Art/Models/Terrain/EndGame/ForkingRiver/Tiles_14,1799419,95491
48d7da2f7a4030dc,fillfish_01_c3r3.tgm.header,Tiny_4,46510803,482
0d6562641d2a4b01,fillfish_01_c3r2.tgm,Tiny_4,46510056,747
2e8974375ab94d71,fillfish_01_c3r2.tgm.header,Tiny_4,47965350,264
9d263796d52abbeb,fillfish_01_c3r1.tgm,Tiny_4,46509525,531
61ab5df8247a64f5,fillfish_01_c3r1.tgm.header,Tiny_4,47964339,264
cc935db4c73191b2,fillfish_01_c2r3.tgm,Tiny_4,46508598,927
2085b79efbce0d19,fillfish_01_c2r3.tgm.header,Tiny_4,47963544,264
8160a20f7d75e840,fillfish_01_c2r2.tgm,Art/Models/Terrain/EndGame/ForkingRiver/Tiles_14,1751314,48105
eaf90ff6ca195b9b,fillfish_01_c2r2.tgm.header,Tiny_4,46508160,438
ed426543db7a9281,fillfish_01_c2r1.tgm,Tiny_4,46507143,1017
8c964b88421d6707,fillfish_01_c2r1.tgm.header,Tiny_4,47961607,264
6da82ee0c2c4e795,fillfish_01_c1r3.tgm,Tiny_4,46506468,675
61d3ea1aec30243a,fillfish_01_c1r3.tgm.header,Tiny_4,47960326,264
51de5d64869cb78b,fillfish_01_c1r2.tgm,Tiny_4,46505415,1053
fecb5c0f63acd8d5,fillfish_01_c1r2.tgm.header,Tiny_4,47959387,264
2d78b459a00c0342,fillfish_01_c1r1.tgm,Tiny_4,46504632,783
3dbdb949f3f8f2af,fillfish_01_c1r1.tgm.header,Tiny_4,47958070,264
1a6e8755455a3e29,cvmm_toforkingriver_01_c3r3.tgm,Art/Models/Terrain/EndGame/ForkingRiver/Tiles_14,1670775,80539
4a9dd6df2899c3f9,cvmm_toforkingriver_01_c3r3.tgm.header,Tiny_4,46501246,3386
90a58b1f69c6a6a1,cvmm_toforkingriver_01_c3r2.tgm,Tiny_4,46497347,3899
0c62cc1cabbd5d91,cvmm_toforkingriver_01_c3r2.tgm.header,Tiny_4,47749097,264
3140119dea5df6f2,cvmm_toforkingriver_01_c3r1.tgm,Tiny_4,46493630,3411
c3238f495db1d989,cvmm_toforkingriver_01_c3r1.tgm.header,Tiny_4,46497041,306
5e650663ba0dd405,cvmm_toforkingriver_01_c2r3.tgm,Art/Models/Terrain/EndGame/ForkingRiver/Tiles_14,1663744,7031
a08bf322b80b67d7,cvmm_toforkingriver_01_c2r3.tgm.header,Tiny_4,46493236,394
dd8c1c95d18bdb75,cvmm_toforkingriver_01_c2r2.tgm,Art/Models/Terrain/EndGame/ForkingRiver/Tiles_14,1549749,113995
ad1ab52d883c94c6,cvmm_toforkingriver_01_c2r2.tgm.header,Folders/art/models/terrain/endgame/forkingriver/1/tiles,379964,4706
a6f8825caa87820b,cvmm_toforkingriver_01_c2r1.tgm,Art/Models/Terrain/EndGame/ForkingRiver/Tiles_14,1542276,7473
3d477dcb6ded0594,cvmm_toforkingriver_01_c2r1.tgm.header,Tiny_4,46492798,438
425f43b36495f32d,cvmm_toforkingriver_01_c1r3.tgm,Tiny_4,46489297,3151
64a82ceb4a6bf3c3,cvmm_toforkingriver_01_c1r3.tgm.header,Tiny_4,46492448,350
55f23902328f89a8,cvmm_toforkingriver_01_c1r2.tgm,Art/Models/Terrain/EndGame/ForkingRiver/Tiles_14,1537589,4687
cdc8c6bfcdc0a7d0,cvmm_toforkingriver_01_c1r2.tgm.header,Tiny_4,46488947,350
6a9c51b79d64f60d,cvmm_toforkingriver_01_c1r1.tgm,Tiny_4,46484846,3707
53ce09ed470438ca,cvmm_toforkingriver_01_c1r1.tgm.header,Tiny_4,46488553,394
7a8820059c8d9bfd,corner_02_c3r3.tgm,Tiny_4,46468627,1103
f4696b8700cfda45,corner_02_c3r3.tgm.header,Tiny_4,46469730,264
9f19d8baabc8f238,corner_02_c3r2.tgm,Tiny_4,46466158,2119
2cf6af49340bffb7,corner_02_c3r2.tgm.header,Tiny_4,46468277,350
8d95a6680327a63d,corner_02_c3r1.tgm,Art/Models/Terrain/EndGame/ForkingRiver/Tiles_14,1405282,132307
03957a08a9146ace,corner_02_c3r1.tgm.header,Tiny_4,46463432,2726
c0c8ef2b9f3b02e6,corner_02_c2r3.tgm,Tiny_4,46461273,1895
9396e003727a9e8c,corner_02_c2r3.tgm.header,Tiny_4,46463168,264
213993b8173eacdf,corner_02_c2r2.tgm,Art/Models/Terrain/EndGame/ForkingRiver/Tiles_14,1252057,153225
8b1b83ecab91248d,corner_02_c2r2.tgm.header,Tiny_4,46458855,2418
df27157d8fa8b92d,corner_02_c2r1.tgm,Art/Models/Terrain/EndGame/ForkingRiver/Tiles_14,1221536,30521
a37c109850e80cfd,corner_02_c2r1.tgm.header,Tiny_4,46458197,658
88a9e57dffd3964e,corner_02_c1r3.tgm,Tiny_4,46457450,747
9f9e9c1c1cd7b2ae,corner_02_c1r3.tgm.header,Tiny_4,47918249,264
819d16c3cec16409,corner_02_c1r2.tgm,Art/Models/Terrain/EndGame/ForkingRiver/Tiles_14,1190653,30883
6ce9621947daab8c,corner_02_c1r2.tgm.header,Tiny_4,46456836,614
c2efa1367a496b3a,corner_02_c1r1.tgm,Tiny_4,46455883,689
7e43cb8a8d0926a9,corner_02_c1r1.tgm.header,Tiny_4,46456572,264
f303c2bfffa14c16,cornerstair_01_c3r3.tgm,Tiny_4,46482035,2505
83da3e132b60d6fd,cornerstair_01_c3r3.tgm.header,Tiny_4,46484540,306
7b94e20b3f5c9d6b,cornerstair_01_c3r2.tgm,Art/Models/Terrain/EndGame/ForkingRiver/Tiles_14,1184494,6159
981aeb0d61ff8ef2,cornerstair_01_c3r2.tgm.header,Tiny_4,46481729,306
b944a35d58f80c10,cornerstair_01_c3r1.tgm,Art/Models/Terrain/EndGame/ForkingRiver/Tiles_14,1135311,49183
20c017c85297282b,cornerstair_01_c3r1.tgm.header,Tiny_4,46480983,746
6b89dd333042916c,cornerstair_01_c2r3.tgm,Tiny_4,46478442,2235
7abdabd81ca6ede8,cornerstair_01_c2r3.tgm.header,Tiny_4,46480677,306
49867b3aceb0652e,cornerstair_01_c2r2.tgm,Art/Models/Terrain/EndGame/ForkingRiver/Tiles_14,1095310,40001
fa61efa148e0f96d,cornerstair_01_c2r2.tgm.header,Tiny_4,46477520,922
6d56ea0b364b22f2,cornerstair_01_c2r1.tgm,Art/Models/Terrain/EndGame/ForkingRiver/Tiles_14,830895,264415
11adbbaea0672613,cornerstair_01_c2r1.tgm.header,Tiny_4,46474002,3518
73f97881ded8a67b,cornerstair_01_c1r3.tgm,Tiny_4,46471663,2339
59fb7b4d78a70a52,cornerstair_01_c1r3.tgm.header,Tiny_4,47930481,264
4ad75eda57aaaeba,cornerstair_01_c1r2.tgm,Tiny_4,46470828,835
4c5c04c6d64384be,cornerstair_01_c1r2.tgm.header,Tiny_4,47927878,264
452940133b1609b7,cornerstair_01_c1r1.tgm,Art/Models/Terrain/EndGame/ForkingRiver/Tiles_14,809436,21459
ca725dabde746f37,cornerstair_01_c1r1.tgm.header,Tiny_4,46469994,834
9b0c950341ed780f,conduit_st_01.tgm,Tiny_4,46454910,973
2069e5a9b15209f8,conduit_st_01.tgm.header,Tiny_4,47914758,350
cdaa068fa1b089bb,conduit_fill_01.tgm,Tiny_4,46454437,473
7735c724bd11283b,conduit_fill_01.tgm.header,Tiny_4,47913521,264
d11f8ede44e223fa,conduit_cv_01.tgm,Tiny_4,46452924,1513
418a8f082e76818b,conduit_cv_01.tgm.header,Tiny_4,47912698,350
f5240b16a891ce3b,conduit_cc_01.tgm,Tiny_4,46451471,1453
23810f4909eb1224,conduit_cc_01.tgm.header,Tiny_4,47910835,350
dd91995e5b0bfc13,conduitpost_st_01.tgm,Art/Models/Terrain/EndGame/ForkingRiver/Tiles_14,803113,6323
4e39603cf0a0e7b2,conduitpost_st_01.tgm.header,Tiny_4,47915108,394
658798e328e98afe,central_pool_c3r4.tgm,Art/Models/Terrain/EndGame/ForkingRiver/Tiles_14,713644,89469
1bfaca459a281fc9,central_pool_c3r4.tgm.header,Tiny_4,46450901,570
dfb6d7afb3ea3fb3,central_pool_c3r3.tgm,Tiny_4,46449212,1425
86daafcb2b3a5ec4,central_pool_c3r3.tgm.header,Tiny_4,46450637,264
f2f729137cd27624,central_pool_c3r2.tgm,Art/Models/Terrain/EndGame/ForkingRiver/Tiles_14,625879,87765
ef23299f2830babc,central_pool_c3r2.tgm.header,Tiny_4,46448686,526
1af5643f316bde81,central_pool_c3r1.tgm,Tiny_4,46447489,933
d0b0a7b696b45a68,central_pool_c3r1.tgm.header,Tiny_4,46448422,264
ed457bced2c736c3,central_pool_c2r4.tgm,Tiny_4,46446312,913
5f0f10d1cf575ec3,central_pool_c2r4.tgm.header,Tiny_4,46447225,264
293c0d82808a984b,central_pool_c2r3.tgm,Tiny_4,46445697,351
9cefee1c8c8e6a8c,central_pool_c2r3.tgm.header,Tiny_4,46446048,264
8042c1ff83e97967,central_pool_c2r2.tgm,Tiny_4,46445082,351
2bbc949ae52f3fe2,central_pool_c2r2.tgm.header,Tiny_4,46445433,264
1eaf7ad821f9996e,central_pool_c2r1.tgm,Art/Models/Terrain/EndGame/ForkingRiver/Tiles_14,545568,80311
bf7018b77c3c2ab9,central_pool_c2r1.tgm.header,Tiny_4,46444644,438
3fd40e676fb286a7,central_pool_c1r4.tgm,Tiny_4,46443237,1143
682be91071b0b445,central_pool_c1r4.tgm.header,Tiny_4,46444380,264
7373c6836036ac19,central_pool_c1r3.tgm,Art/Models/Terrain/EndGame/ForkingRiver/Tiles_14,457011,88557
e0dc4ec6a59e4590,central_pool_c1r3.tgm.header,Tiny_4,46442667,570
074f631e52d76dac,central_pool_c1r2.tgm,Tiny_4,46440998,1405
afdba05e2438bbad,central_pool_c1r2.tgm.header,Tiny_4,46442403,264
7064a50bc8438023,central_pool_c1r1.tgm,Tiny_4,46439484,1213
2dd4d3db253088df,central_pool_c1r1.tgm.header,Tiny_4,46440697,301
b507b3d247bc118d,brokenconduitdry_02_c3r9.tgm,Art/Models/Terrain/EndGame/ForkingRiver/Tiles_14,347686,109325
b878472a15f53da8,brokenconduitdry_02_c3r9.tgm.header,Tiny_4,46438166,1318
c06261b951df4f60,brokenconduitdry_02_c3r8.tgm,Art/Models/Terrain/EndGame/ForkingRiver/Tiles_14,342363,5323
08b7b02ef3a6ea1d,brokenconduitdry_02_c3r8.tgm.header,Tiny_4,46437816,350
88caa662f70b482d,brokenconduitdry_02_c3r7.tgm,Art/Models/Terrain/EndGame/ForkingRiver/Tiles_14,311186,31177
2241bc33dbe43df9,brokenconduitdry_02_c3r7.tgm.header,Tiny_4,46436674,1142
56800999f28ebada,brokenconduitdry_02_c3r6.tgm,Tiny_4,46433761,2475
13864b6e38b3e741,brokenconduitdry_02_c3r6.tgm.header,Tiny_4,46436236,438
77a616b82babbadd,brokenconduitdry_02_c3r5.tgm,Art/Models/Terrain/EndGame/ForkingRiver/Tiles_14,222815,88371
d90c0fcac7a427ba,brokenconduitdry_02_c3r5.tgm.header,Folders/art/models/terrain/endgame/3/theatre,576561,4662
26f1aa8f9063b717,brokenconduitdry_02_c3r4.tgm,Tiny_4,46430746,2577
392450c8fe483199,brokenconduitdry_02_c3r4.tgm.header,Tiny_4,46433323,438
b39c51d4af5f60d3,brokenconduitdry_02_c3r3.tgm,Art/Models/Terrain/EndGame/ForkingRiver/Tiles_14,115324,107491
e23178fd4571a669,brokenconduitdry_02_c3r3.tgm.header,Folders/art/models/terrain/endgame/3/theatre,873760,4178
7104e2bef40b5004,brokenconduitdry_02_c3r2.tgm,Art/Models/Terrain/EndGame/ForkingRiver/Tiles_14,52641,62683
c9590d4774476c99,brokenconduitdry_02_c3r2.tgm.header,Tiny_4,46430132,614
39f306dfaf43c096,brokenconduitdry_02_c3r1.tgm,Tiny_4,46427181,2687
57838aec470d78f8,brokenconduitdry_02_c3r1.tgm.header,Tiny_4,46429868,264
422b3a9287be6ea0,brokenconduitdry_02_c2r9.tgm,Tiny_4,46423306,3611
a60e24edb6a146e8,brokenconduitdry_02_c2r9.tgm.header,Tiny_4,46426917,264
eb028d36c62f3776,brokenconduitdry_02_c2r8.tgm,Art/Models/Terrain/EndGame/ForkingRiver/Tiles_14,16178,36463
a2289cacc7fa337e,brokenconduitdry_02_c2r8.tgm.header,Tiny_4,46422164,1142
bf1811fa2b87505c,brokenconduitdry_02_c2r7.tgm,Art/Models/Terrain/EndGame/ForkingRiver/Tiles_14,4219,11959
fff0ec57a2dc25de,brokenconduitdry_02_c2r7.tgm.header,Tiny_4,46421682,482
159b9af08101715e,brokenconduitdry_02_c2r6.tgm,Tiny_4,46417083,3985
f7ede54aa12463c5,brokenconduitdry_02_c2r6.tgm.header,Tiny_4,46421068,614
8f3b3a8fa51a5f6d,brokenconduitdry_02_c2r5.tgm,Art/Models/Terrain/EndGame/ForkingRiver/Tiles_14,0,4219
dd461131ab26590e,brokenconduitdry_02_c2r5.tgm.header,Tiny_4,46416601,482
5e45bd3d3312e97b,brokenconduitdry_02_c2r4.tgm,Art/Models/Terrain/EndGame/ForkingRiver/Tiles_13,1908336,287681
aa2c96dcbcca4410,brokenconduitdry_02_c2r4.tgm.header,Folders/art/models/terrain/endgame/3/theatre,569435,7126
1bfc860e4a713f74,brokenconduitdry_02_c2r3.tgm,Art/Models/Terrain/EndGame/ForkingRiver/Tiles_13,1877071,31265
6e2b54bcb10a9724,brokenconduitdry_02_c2r3.tgm.header,Tiny_4,46414887,1714
c4d3d8b288e176ad,brokenconduitdry_02_c2r2.tgm,Art/Models/Terrain/EndGame/ForkingRiver/Tiles_13,1840284,36787
49d9b56c17880046,brokenconduitdry_02_c2r2.tgm.header,Tiny_4,46413745,1142
b6fa7208e577a360,brokenconduitdry_02_c2r1.tgm,Tiny_4,46409870,3611
2313eae0779bbe45,brokenconduitdry_02_c2r1.tgm.header,Tiny_4,46413481,264
84f1429fad41a6eb,brokenconduitdry_02_c1r9.tgm,Tiny_4,46406919,2687
740558dd4e3914d4,brokenconduitdry_02_c1r9.tgm.header,Tiny_4,46409606,264
0102010ca65b0678,brokenconduitdry_02_c1r8.tgm,Art/Models/Terrain/EndGame/ForkingRiver/Tiles_13,1810745,29539
1af543c423747524,brokenconduitdry_02_c1r8.tgm.header,Tiny_4,46406173,746
5d9ebbb6d22f6bee,brokenconduitdry_02_c1r7.tgm,Art/Models/Terrain/EndGame/ForkingRiver/Tiles_13,1794826,15919
74532fc2358df875,brokenconduitdry_02_c1r7.tgm.header,Tiny_4,46405823,350
321c1e51e1b5427e,brokenconduitdry_02_c1r6.tgm,Art/Models/Terrain/EndGame/ForkingRiver/Tiles_13,1768151,26675
ad219771e5a0d9c9,brokenconduitdry_02_c1r6.tgm.header,Tiny_4,46405297,526
cf7bacf490459573,brokenconduitdry_02_c1r5.tgm,Art/Models/Terrain/EndGame/ForkingRiver/Tiles_13,1702986,65165
07748e7172f18aa1,brokenconduitdry_02_c1r5.tgm.header,Tiny_4,46404903,394
bdfa8a9894656fba,brokenconduitdry_02_c1r4.tgm,Tiny_4,46403866,1037
d2b88e434f4c4be4,brokenconduitdry_02_c1r4.tgm.header,Tiny_4,47841395,264
4f0057682f6d8bc2,brokenconduitdry_02_c1r3.tgm,Art/Models/Terrain/EndGame/ForkingRiver/Tiles_13,1684521,18465
3e167456953e53e1,brokenconduitdry_02_c1r3.tgm.header,Tiny_4,46403296,570
f67c2369ae4bd46d,brokenconduitdry_02_c1r2.tgm,Art/Models/Terrain/EndGame/ForkingRiver/Tiles_13,1645434,39087
75e4963ee0007b86,brokenconduitdry_02_c1r2.tgm.header,Tiny_4,46402198,1098
88a0d2b013b7e05a,brokenconduitdry_02_c1r1.tgm,Tiny_4,46399529,2405
ae00b6b29937af1a,brokenconduitdry_02_c1r1.tgm.header,Tiny_4,46401934,264
7dcc848f4d7acce9,brokenconduitdry_01_c3r9.tgm,Tiny_4,46398680,585
89edd633fc20c96a,brokenconduitdry_01_c3r9.tgm.header,Tiny_4,46399265,264
26b1866df8408981,brokenconduitdry_01_c3r8.tgm,Tiny_4,46397489,927
bc7ba228fa13d2e8,brokenconduitdry_01_c3r8.tgm.header,Tiny_4,46398416,264
9ad8f4f1a5abb430,brokenconduitdry_01_c3r7.tgm,Art/Models/Terrain/EndGame/ForkingRiver/Tiles_13,1615749,29685
bfc6a49b0047e47d,brokenconduitdry_01_c3r7.tgm.header,Tiny_4,46396391,1098
294fa153ffd4f7c1,brokenconduitdry_01_c3r6.tgm,Tiny_4,46394564,1477
1ace0d9832493db3,brokenconduitdry_01_c3r6.tgm.header,Tiny_4,46396041,350
eede9b649fec843d,brokenconduitdry_01_c3r5.tgm,Art/Models/Terrain/EndGame/ForkingRiver/Tiles_13,1536262,79487
8f267d7c1f52c3ee,brokenconduitdry_01_c3r5.tgm.header,Folders/art/models/terrain/endgame/forkingriver/1/tiles,514821,4354
d11ef5afeee05f60,brokenconduitdry_01_c3r4.tgm,Tiny_4,46391951,2175
0bd3be31954c8db5,brokenconduitdry_01_c3r4.tgm.header,Tiny_4,46394126,438
e03a66ee7118c80c,brokenconduitdry_01_c3r3.tgm,Art/Models/Terrain/EndGame/ForkingRiver/Tiles_13,1365149,171113
4025a80d544d6d6e,brokenconduitdry_01_c3r3.tgm.header,Folders/art/models/terrain/endgame/3/theatre,868482,5278
6eb11350cb43f137,brokenconduitdry_01_c3r2.tgm,Art/Models/Terrain/EndGame/ForkingRiver/Tiles_13,1241558,123591
b3e6928998d93cb9,brokenconduitdry_01_c3r2.tgm.header,Tiny_4,46390853,1098
9e8a8697287b44d2,brokenconduitdry_01_c3r1.tgm,Art/Models/Terrain/EndGame/ForkingRiver/Tiles_13,1202955,38603
9a1d972e8560ff47,brokenconduitdry_01_c3r1.tgm.header,Tiny_4,46390327,526
e6274e89f79ccb45,brokenconduitdry_01_c2r9.tgm,Tiny_4,46389364,963
a5a08c64fedf1b57,brokenconduitdry_01_c2r9.tgm.header,Tiny_4,47822164,264
80475685a0c69850,brokenconduitdry_01_c2r8.tgm,Tiny_4,46387915,1449
f649295fb25a5222,brokenconduitdry_01_c2r8.tgm.header,Tiny_4,47820937,264
0fec6b7f016e93e7,brokenconduitdry_01_c2r7.tgm,Tiny_4,46384888,2677
b2df37cf08b8794f,brokenconduitdry_01_c2r7.tgm.header,Tiny_4,46387565,350
c0529cd8f37c9c6c,brokenconduitdry_01_c2r6.tgm,Tiny_4,46380955,3407
dc98dc18ff3e42f0,brokenconduitdry_01_c2r6.tgm.header,Tiny_4,46384362,526
5e21c9140b91147f,brokenconduitdry_01_c2r5.tgm,Art/Models/Terrain/EndGame/ForkingRiver/Tiles_13,1198644,4311
048b8fd89f4e83f9,brokenconduitdry_01_c2r5.tgm.header,Tiny_4,46380517,438
23b3a6443380bc04,brokenconduitdry_01_c2r4.tgm,Art/Models/Terrain/EndGame/ForkingRiver/Tiles_13,878055,320589
b770aa3835d84fdd,brokenconduitdry_01_c2r4.tgm.header,Folders/art/models/terrain/endgame/forkingriver/1/tiles,210310,7302
cb904aa5778e0ed4,brokenconduitdry_01_c2r3.tgm,Art/Models/Terrain/EndGame/ForkingRiver/Tiles_13,839556,38499
01f9db10449f355f,brokenconduitdry_01_c2r3.tgm.header,Tiny_4,46378891,1626
0c74253e7643face,brokenconduitdry_01_c2r2.tgm,Art/Models/Terrain/EndGame/ForkingRiver/Tiles_13,810063,29493
0b8e5d048b393517,brokenconduitdry_01_c2r2.tgm.header,Tiny_4,46378585,306
f261a18bbe629966,brokenconduitdry_01_c2r1.tgm,Art/Models/Terrain/EndGame/ForkingRiver/Tiles_13,797330,12733
da7cc69d5be8427a,brokenconduitdry_01_c2r1.tgm.header,Tiny_4,46378321,264
f9fbb677d467ff1a,brokenconduitdry_01_c1r9.tgm,Tiny_4,46377538,783
3f45e685ef6b1b17,brokenconduitdry_01_c1r9.tgm.header,Tiny_4,47802180,264
14ee8b7d93ca1a93,brokenconduitdry_01_c1r8.tgm,Tiny_4,46376485,1053
c0295937ccd460da,brokenconduitdry_01_c1r8.tgm.header,Tiny_4,47809479,264
ae4aabe473d66397,brokenconduitdry_01_c1r7.tgm,Tiny_4,46375936,549
b5b85003893640eb,brokenconduitdry_01_c1r7.tgm.header,Tiny_4,47804310,264
aa07ec57a2526b00,brokenconduitdry_01_c1r6.tgm,Art/Models/Terrain/EndGame/ForkingRiver/Tiles_13,771155,26175
3c85a67518213276,brokenconduitdry_01_c1r6.tgm.header,Tiny_4,46375498,438
e2294e706c1d271a,brokenconduitdry_01_c1r5.tgm,Art/Models/Terrain/EndGame/ForkingRiver/Tiles_13,764894,6261
d77f45a180e6788a,brokenconduitdry_01_c1r5.tgm.header,Tiny_4,46375192,306
b4a34d9314ba7478,brokenconduitdry_01_c1r4.tgm,Tiny_4,46374409,783
a9e5e7c88104bbf6,brokenconduitdry_01_c1r4.tgm.header,Tiny_4,47805357,264
ac4e25fa0764d439,brokenconduitdry_01_c1r3.tgm,Tiny_4,46370926,3045
c61f4aaf049ae0f7,brokenconduitdry_01_c1r3.tgm.header,Tiny_4,46373971,438
c5cb16c4baf27610,brokenconduitdry_01_c1r2.tgm,Tiny_4,46369873,1053
9b700c1e092cc7bf,brokenconduitdry_01_c1r2.tgm.header,Tiny_4,47803497,264
1e97f1ab217b40bc,brokenconduitdry_01_c1r1.tgm,Tiny_4,46369090,783
9a0d6a1320338e2c,brokenconduitdry_01_c1r1.tgm.header,Tiny_4,47802180,264
930a482e4d00afcd,arena_stmm_02_c6r3.tgm,Art/Models/Terrain/EndGame/ForkingRiver/Tiles_13,686177,78717
7ec004627046af3b,arena_stmm_02_c6r3.tgm.header,Tiny_4,46061572,570
32924b01dee9fbb2,arena_stmm_02_c6r2.tgm,Art/Models/Terrain/EndGame/ForkingRiver/Tiles_13,662798,23379
f5d985afa1a0f596,arena_stmm_02_c6r2.tgm.header,Tiny_4,46061002,570
a988a151219959ff,arena_stmm_02_c6r1.tgm,Art/Models/Terrain/EndGame/ForkingRiver/Tiles_13,654201,8597
e0c00038129f4650,arena_stmm_02_c6r1.tgm.header,Tiny_4,46060608,394
8e842761bde4d647,arena_stmm_02_c5r3.tgm,Tiny_4,46056873,3735
7dbfa7600177d30f,arena_stmm_02_c5r3.tgm.header,Tiny_4,47412878,264
59704156cd36ce8d,arena_stmm_02_c5r2.tgm,Art/Models/Terrain/EndGame/ForkingRiver/Tiles_13,423562,230639
bf6d173110ca0835,arena_stmm_02_c5r2.tgm.header,Folders/art/models/terrain/endgame/forkingriver/1/tiles,450821,6994
ca514f5cdf7fcf86,arena_stmm_02_c5r1.tgm,Art/Models/Terrain/EndGame/ForkingRiver/Tiles_13,417699,5863
3557d4ebdd9d6f80,arena_stmm_02_c5r1.tgm.header,Tiny_4,46056609,264
45754a38cb0c6195,arena_stmm_02_c4r3.tgm,Tiny_4,46054238,2107
81d6436d93373bab,arena_stmm_02_c4r3.tgm.header,Tiny_4,46056345,264
f750296a13b88126,arena_stmm_02_c4r2.tgm,Art/Models/Terrain/EndGame/ForkingRiver/Tiles_13,298068,119631
ec43d31b9fa10197,arena_stmm_02_c4r2.tgm.header,Folders/art/models/terrain/endgame/3/theatre,637439,4530
1dbf0a8a18235718,arena_stmm_02_c4r1.tgm,Art/Models/Terrain/EndGame/ForkingRiver/Tiles_13,289669,8399
e6a398277ecb2141,arena_stmm_02_c4r1.tgm.header,Tiny_4,46053844,394
c609dc93d0cd9f02,arena_stmm_02_c3r3.tgm,Tiny_4,46051161,2683
dcf0c189cf527d9e,arena_stmm_02_c3r3.tgm.header,Tiny_4,47406207,264
1d404e164f3a072a,arena_stmm_02_c3r2.tgm,Art/Models/Terrain/EndGame/ForkingRiver/Tiles_13,263402,26267
e71e7886f6b92445,arena_stmm_02_c3r2.tgm.header,Tiny_4,46050635,526
78d3edb59b51677f,arena_stmm_02_c3r1.tgm,Art/Models/Terrain/EndGame/ForkingRiver/Tiles_13,254985,8417
7ea46c525b3d457a,arena_stmm_02_c3r1.tgm.header,Tiny_4,46050241,394
899e75f798d6534c,arena_stmm_02_c2r3.tgm,Art/Models/Terrain/EndGame/ForkingRiver/Tiles_13,250668,4317
e9584763bf30528b,arena_stmm_02_c2r3.tgm.header,Tiny_4,47401150,264
3376eceeeb0ac635,arena_stmm_02_c2r2.tgm,Art/Models/Terrain/EndGame/ForkingRiver/Tiles_13,37275,213393
46c33f5fd8a5d455,arena_stmm_02_c2r2.tgm.header,Folders/art/models/terrain/endgame/forkingriver/1/tiles,199358,6378
529db6a48c8e1031,arena_stmm_02_c2r1.tgm,Art/Models/Terrain/EndGame/ForkingRiver/Tiles_13,31682,5593
cafccbb91b8edde0,arena_stmm_02_c2r1.tgm.header,Tiny_4,46049977,264
f0e14ccf54d97911,arena_stmm_02_c1r3.tgm,Tiny_4,46047354,2623
cc5ab8482c212d37,arena_stmm_02_c1r3.tgm.header,Tiny_4,47400427,264
053bfc857c208026,arena_stmm_02_c1r2.tgm,Art/Models/Terrain/EndGame/ForkingRiver/Tiles_13,8549,23133
556c63b7ff98bd6e,arena_stmm_02_c1r2.tgm.header,Tiny_4,46046784,570
42a84eaa76803076,arena_stmm_02_c1r1.tgm,Art/Models/Terrain/EndGame/ForkingRiver/Tiles_13,0,8549
36185ad58c528ce3,arena_stmm_02_c1r1.tgm.header,Tiny_4,46046390,394
7b5195dcce86cd40,arena_stmm_01_c6r3.tgm,Art/Models/Terrain/EndGame/ForkingRiver/Tiles_12,1951826,131999
a0003753538d66fa,arena_stmm_01_c6r3.tgm.header,Folders/art/models/terrain/endgame/forkingriver/1/tiles,411673,5674
b9044e91c0f8ec08,arena_stmm_01_c6r2.tgm,Art/Models/Terrain/EndGame/ForkingRiver/Tiles_12,1928423,23403
126d8eacce8b9bc8,arena_stmm_01_c6r2.tgm.header,Tiny_4,46045820,570
ae37ca0ace4ead5d,arena_stmm_01_c6r1.tgm,Art/Models/Terrain/EndGame/ForkingRiver/Tiles_12,1914032,14391
82d7679284aac6b7,arena_stmm_01_c6r1.tgm.header,Tiny_4,46045382,438
3b10ffc92e21ce56,arena_stmm_01_c5r3.tgm,Art/Models/Terrain/EndGame/ForkingRiver/Tiles_12,1873977,40055
b51194e2dbd7803d,arena_stmm_01_c5r3.tgm.header,Tiny_4,46044988,394
ee22cb7e338c940d,arena_stmm_01_c5r2.tgm,Art/Models/Terrain/EndGame/ForkingRiver/Tiles_12,1813438,60539
2b3010d87f007b10,arena_stmm_01_c5r2.tgm.header,Tiny_4,46044198,790
d0b99a5e60307583,arena_stmm_01_c5r1.tgm,Art/Models/Terrain/EndGame/ForkingRiver/Tiles_12,1799279,14159
5e3a28626c46e3d0,arena_stmm_01_c5r1.tgm.header,Tiny_4,46043934,264
ff24a8061dc258b0,arena_stmm_01_c4r3.tgm,Tiny_4,46040921,2749
3d112ca3772ab3fd,arena_stmm_01_c4r3.tgm.header,Tiny_4,46043670,264
8876cee282153d19,arena_stmm_01_c4r2.tgm,Art/Models/Terrain/EndGame/ForkingRiver/Tiles_12,1578916,220363
335e183fc73078e2,arena_stmm_01_c4r2.tgm.header,Folders/art/models/terrain/endgame/forkingriver/1/tiles,371034,8930
cec2ee4f6094baae,arena_stmm_01_c4r1.tgm,Art/Models/Terrain/EndGame/ForkingRiver/Tiles_12,1564477,14439
1f803c42b4cc1c03,arena_stmm_01_c4r1.tgm.header,Tiny_4,46040483,438
1047228b871ef812,arena_stmm_01_c3r3.tgm,Tiny_4,46037974,2509
462dfc033837ac34,arena_stmm_01_c3r3.tgm.header,Tiny_4,47382559,264
248a83e251aa5d8e,arena_stmm_01_c3r2.tgm,Art/Models/Terrain/EndGame/ForkingRiver/Tiles_12,1537646,26831
9c2e7f4bb125d4a2,arena_stmm_01_c3r2.tgm.header,Tiny_4,46037448,526
0b6d76a488dfba4a,arena_stmm_01_c3r1.tgm,Art/Models/Terrain/EndGame/ForkingRiver/Tiles_12,1523725,13921
5ae180c12a46ef74,arena_stmm_01_c3r1.tgm.header,Tiny_4,46036966,482
294d2315f80b357c,arena_stmm_01_c2r3.tgm,Art/Models/Terrain/EndGame/ForkingRiver/Tiles_12,1519462,4263
b029a97f9f909cda,arena_stmm_01_c2r3.tgm.header,Tiny_4,47376848,264
6f1d1700debb982f,arena_stmm_01_c2r2.tgm,Art/Models/Terrain/EndGame/ForkingRiver/Tiles_12,1420755,98707
f54a32f888cef4ca,arena_stmm_01_c2r2.tgm.header,Tiny_4,46035956,1010
0dafed6eb117cdef,arena_stmm_01_c2r1.tgm,Art/Models/Terrain/EndGame/ForkingRiver/Tiles_12,1406818,13937
228ce4f87f98dc3c,arena_stmm_01_c2r1.tgm.header,Tiny_4,46035692,264
310776ee3a7abc3d,arena_stmm_01_c1r3.tgm,Tiny_4,46033165,2527
9e7811fb1b7c60cf,arena_stmm_01_c1r3.tgm.header,Tiny_4,47375861,264
c6e13ebf1afb929b,arena_stmm_01_c1r2.tgm,Art/Models/Terrain/EndGame/ForkingRiver/Tiles_12,1383559,23259
9f481f9595c84ba7,arena_stmm_01_c1r2.tgm.header,Tiny_4,46032595,570
7a8dc9d12ae5f2de,arena_stmm_01_c1r1.tgm,Art/Models/Terrain/EndGame/ForkingRiver/Tiles_12,1369288,14271
072ad033107a23d2,arena_stmm_01_c1r1.tgm.header,Tiny_4,46032157,438
4e6d5c41ee24f156,arena_stairmarkup_01_c1r2.tgm,Tiny_4,46031914,243
a0fc77e679d0c0c9,arena_stairmarkup_01_c1r2.tgm.header,Tiny_4,46031650,264
38ea9713581ca0a3,arena_stairmarkup_01_c1r1.tgm,Tiny_4,46031407,243
e3e7399a2163101d,arena_stairmarkup_01_c1r1.tgm.header,Tiny_4,46031650,264
7929cf121f6535a7,arenawater_stmm_02_c9r3.tgm,Art/Models/Terrain/EndGame/ForkingRiver/Tiles_12,1225989,143299
70c2717a87a1b723,arenawater_stmm_02_c9r3.tgm.header,Folders/art/models/terrain/endgame/3/theatre,823836,4706
5d2688c59e49eec9,arenawater_stmm_02_c9r2.tgm,Art/Models/Terrain/EndGame/ForkingRiver/Tiles_12,1221088,4901
a38b8e416647e6f4,arenawater_stmm_02_c9r2.tgm.header,Tiny_4,46368826,264
f70ce254d165a2a7,arenawater_stmm_02_c9r1.tgm,Art/Models/Terrain/EndGame/ForkingRiver/Tiles_12,1213409,7679
fae08ccdb1592629,arenawater_stmm_02_c9r1.tgm.header,Tiny_4,46368432,394
f3f64a8beb2a3cf7,arenawater_stmm_02_c8r3.tgm,Tiny_4,46364699,3469
8a48894c0dfac6b2,arenawater_stmm_02_c8r3.tgm.header,Tiny_4,46368168,264
9d82b494cde4ce13,arenawater_stmm_02_c8r2.tgm,Art/Models/Terrain/EndGame/ForkingRiver/Tiles_12,1208076,5333
5748b0456aab4d2f,arenawater_stmm_02_c8r2.tgm.header,Tiny_4,46364435,264
ff153757199314fb,arenawater_stmm_02_c8r1.tgm,Art/Models/Terrain/EndGame/ForkingRiver/Tiles_12,943223,264853
cad25ace635889e8,arenawater_stmm_02_c8r1.tgm.header,Tiny_4,46363821,614
ac51f7168642eb04,arenawater_stmm_02_c7r3.tgm,Tiny_4,46360274,3283
45b0af0ab380a719,arenawater_stmm_02_c7r3.tgm.header,Tiny_4,46363557,264
94b300a5bbd888c4,arenawater_stmm_02_c7r2.tgm,Art/Models/Terrain/EndGame/ForkingRiver/Tiles_12,893450,49773
a49e090be1d34f4a,arenawater_stmm_02_c7r2.tgm.header,Tiny_4,46359704,570
694af373893db964,arenawater_stmm_02_c7r1.tgm,Art/Models/Terrain/EndGame/ForkingRiver/Tiles_12,573491,319959
bddfc2d095b85cf9,arenawater_stmm_02_c7r1.tgm.header,Tiny_4,46358870,834
660a9465d04ccc29,arenawater_stmm_02_c6r3.tgm,Tiny_4,46355139,3467
d652718a33a83965,arenawater_stmm_02_c6r3.tgm.header,Tiny_4,46358606,264
21132591ae1a2e11,arenawater_stmm_02_c6r2.tgm,Art/Models/Terrain/EndGame/ForkingRiver/Tiles_12,568574,4917
8d36e4b1f31b8c18,arenawater_stmm_02_c6r2.tgm.header,Tiny_4,46354875,264
2baee860ef32402f,arenawater_stmm_02_c6r1.tgm,Tiny_4,46351508,3103
512165b75372a740,arenawater_stmm_02_c6r1.tgm.header,Tiny_4,46354611,264
d8076f84707f438f,arenawater_stmm_02_c5r3.tgm,Tiny_4,46347859,3385
02c23b2732174101,arenawater_stmm_02_c5r3.tgm.header,Tiny_4,46351244,264
42ea6a72925d9ce8,arenawater_stmm_02_c5r2.tgm,Art/Models/Terrain/EndGame/ForkingRiver/Tiles_12,72229,496345
faaa5136ea4fbeca,arenawater_stmm_02_c5r2.tgm.header,Folders/art/models/terrain/endgame/forkingriver/1/tiles,205736,4574
06c910f418cb9dd9,arenawater_stmm_02_c5r1.tgm,Tiny_4,46344486,3373
025a9f04684d673b,arenawater_stmm_02_c5r1.tgm.header,Tiny_4,47776156,264
f5dfe9cc5df46dff,arenawater_stmm_02_c4r3.tgm,Tiny_4,46340687,3535
b84c2291299146a9,arenawater_stmm_02_c4r3.tgm.header,Tiny_4,46344222,264
a8bccc0116e18142,arenawater_stmm_02_c4r2.tgm,Art/Models/Terrain/EndGame/ForkingRiver/Tiles_12,0,72229
60f98d13a2257247,arenawater_stmm_02_c4r2.tgm.header,Tiny_4,46339941,746
adac2e4fbaa0de6e,arenawater_stmm_02_c4r1.tgm,Art/Models/Terrain/EndGame/ForkingRiver/Tiles_11,1962933,259289
25a8911b7401313e,arenawater_stmm_02_c4r1.tgm.header,Tiny_4,46338887,1054
12ebdc1b0a48345a,arenawater_stmm_02_c3r3.tgm,Tiny_4,46335556,3067
28f7b0e5a77f7ae4,arenawater_stmm_02_c3r3.tgm.header,Tiny_4,46338623,264
e2fcf1a762f2ada4,arenawater_stmm_02_c3r2.tgm,Art/Models/Terrain/EndGame/ForkingRiver/Tiles_11,1953090,9843
5d6422712898a0d3,arenawater_stmm_02_c3r2.tgm.header,Tiny_4,46335250,306
00d0952efb3c1c76,arenawater_stmm_02_c3r1.tgm,Tiny_4,46332427,2559
f9fa989f9a11c68b,arenawater_stmm_02_c3r1.tgm.header,Tiny_4,46334986,264
852e72e5a4411a9c,arenawater_stmm_02_c2r3.tgm,Tiny_4,46328370,3793
270ded5bd21eef21,arenawater_stmm_02_c2r3.tgm.header,Tiny_4,46332163,264
feaffcadb8fcb90f,arenawater_stmm_02_c2r2.tgm,Art/Models/Terrain/EndGame/ForkingRiver/Tiles_11,1947979,5111
d16341de11720312,arenawater_stmm_02_c2r2.tgm.header,Tiny_4,46328106,264
3ca1b36749bb7608,arenawater_stmm_02_c2r1.tgm,Art/Models/Terrain/EndGame/ForkingRiver/Tiles_11,1594650,353329
c4b810bb4bc900d6,arenawater_stmm_02_c2r1.tgm.header,Tiny_4,46327492,614
869fca445356786e,arenawater_stmm_02_c1r3.tgm,Art/Models/Terrain/EndGame/ForkingRiver/Tiles_11,1491959,102691
b18f5788f9605541,arenawater_stmm_02_c1r3.tgm.header,Tiny_4,46323446,4046
5319f6f1994aa57f,arenawater_stmm_02_c1r2.tgm,Art/Models/Terrain/EndGame/ForkingRiver/Tiles_11,1487490,4469
681733c351614bab,arenawater_stmm_02_c1r2.tgm.header,Tiny_4,46323182,264
655c7a403ec3b123,arenawater_stmm_02_c1r1.tgm,Tiny_4,46320289,2629
63a8b3fa178a7828,arenawater_stmm_02_c1r1.tgm.header,Tiny_4,46322918,264
1d20a915d7fd671c,arenawater_stmm_01_c3r6.tgm,Tiny_4,46316422,3561
42d921db1ec03224,arenawater_stmm_01_c3r6.tgm.header,Tiny_4,46319983,306
91841ecec0b2f7ab,arenawater_stmm_01_c3r5.tgm,Tiny_4,46312523,3899
d499a2dc0a71efc0,arenawater_stmm_01_c3r5.tgm.header,Tiny_4,47749097,264
4d4815f7bdb3bcee,arenawater_stmm_01_c3r4.tgm,Tiny_4,46309088,3435
9f36a924cde745d5,arenawater_stmm_01_c3r4.tgm.header,Tiny_4,47744892,306
986230e328fb9b86,arenawater_stmm_01_c3r3.tgm,Tiny_4,46305413,3675
ca221b86cacd3b8c,arenawater_stmm_01_c3r3.tgm.header,Tiny_4,47741151,306
4976e5aa3c7c719c,arenawater_stmm_01_c3r2.tgm,Art/Models/Terrain/EndGame/ForkingRiver/Tiles_11,1369209,118281
eeb9bfcbd92c4435,arenawater_stmm_01_c3r2.tgm.header,Tiny_4,46301675,3738
99a386b8f200a8bf,arenawater_stmm_01_c3r1.tgm,Tiny_4,46298318,3357
e6764ef714db961d,arenawater_stmm_01_c3r1.tgm.header,Tiny_4,47733300,306
30b2bc3e1d1c9727,arenawater_stmm_01_c2r6.tgm,Art/Models/Terrain/EndGame/ForkingRiver/Tiles_11,1339762,29447
0e2e3e72a68bcadc,arenawater_stmm_01_c2r6.tgm.header,Tiny_4,46297528,790
ce01b778d2ef5c72,arenawater_stmm_01_c2r5.tgm,Art/Models/Terrain/EndGame/ForkingRiver/Tiles_11,1106937,232825
826844318000339a,arenawater_stmm_01_c2r5.tgm.header,Folders/art/models/terrain/endgame/forkingriver/1/tiles,287944,5102
400a0dea9bfb2918,arenawater_stmm_01_c2r4.tgm,Art/Models/Terrain/EndGame/ForkingRiver/Tiles_11,1073954,32983
46c50de0004f8b79,arenawater_stmm_01_c2r4.tgm.header,Tiny_4,46296782,746
09b072fc8fd4181e,arenawater_stmm_01_c2r3.tgm,Art/Models/Terrain/EndGame/ForkingRiver/Tiles_11,939805,134149
312ed67634420cb6,arenawater_stmm_01_c2r3.tgm.header,Tiny_4,46293000,3782
a9c00641cb50336d,arenawater_stmm_01_c2r2.tgm,Art/Models/Terrain/EndGame/ForkingRiver/Tiles_11,828050,111755
ef39ebcd4c432507,arenawater_stmm_01_c2r2.tgm.header,Tiny_4,46291682,1318
a6acbafc10b99f91,arenawater_stmm_01_c2r1.tgm,Art/Models/Terrain/EndGame/ForkingRiver/Tiles_11,798285,29765
16733f840d6912b6,arenawater_stmm_01_c2r1.tgm.header,Tiny_4,46290892,790
16e103dcac204597,arenawater_stmm_01_c1r6.tgm,Art/Models/Terrain/EndGame/ForkingRiver/Tiles_11,789200,9085
e0ed29b3adfcae5e,arenawater_stmm_01_c1r6.tgm.header,Tiny_4,46290410,482
dec79819c2085594,arenawater_stmm_01_c1r5.tgm,Art/Models/Terrain/EndGame/ForkingRiver/Tiles_11,779739,9461
dab9f13bdeec7bdd,arenawater_stmm_01_c1r5.tgm.header,Tiny_4,46290016,394
6a09a960cdfc3058,arenawater_stmm_01_c1r4.tgm,Art/Models/Terrain/EndGame/ForkingRiver/Tiles_11,771508,8231
4e31c31bc7f9daa2,arenawater_stmm_01_c1r4.tgm.header,Tiny_4,46289622,394
41c0c478ae347350,arenawater_stmm_01_c1r3.tgm,Art/Models/Terrain/EndGame/ForkingRiver/Tiles_11,763583,7925
c8d10d0023173de1,arenawater_stmm_01_c1r3.tgm.header,Tiny_4,46289228,394
016f62b1aba5f132,arenawater_stmm_01_c1r2.tgm,Art/Models/Terrain/EndGame/ForkingRiver/Tiles_11,542388,221195
a376806594216e37,arenawater_stmm_01_c1r2.tgm.header,Tiny_4,46288438,790
1ea3b93fd1a5ed40,arenawater_stmm_01_c1r1.tgm,Art/Models/Terrain/EndGame/ForkingRiver/Tiles_11,532859,9529
84193df6844d0922,arenawater_stmm_01_c1r1.tgm.header,Tiny_4,46287956,482
bc4e522021468ca4,arenawater_cvmm_01_c3r3.tgm,Tiny_4,46283963,3687
c1f64445e56d6e63,arenawater_cvmm_01_c3r3.tgm.header,Tiny_4,46287650,306
59e922906829fe35,arenawater_cvmm_01_c3r2.tgm,Tiny_4,46280106,3593
ae1e79ef5dba18aa,arenawater_cvmm_01_c3r2.tgm.header,Tiny_4,46283699,264
20225b19eca79d86,arenawater_cvmm_01_c3r1.tgm,Tiny_4,46277373,2427
d1bb7fe48deb5f4f,arenawater_cvmm_01_c3r1.tgm.header,Tiny_4,46279800,306
380378690cb67085,arenawater_cvmm_01_c2r3.tgm,Tiny_4,46274010,3057
77db2882c9dff289,arenawater_cvmm_01_c2r3.tgm.header,Tiny_4,46277067,306
7df8c4762e59df2f,arenawater_cvmm_01_c2r2.tgm,Art/Models/Terrain/EndGame/ForkingRiver/Tiles_11,452624,80235
7a5b81e90d04ef3b,arenawater_cvmm_01_c2r2.tgm.header,Tiny_4,46270932,3078
a0ff661fba36ff07,arenawater_cvmm_01_c2r1.tgm,Tiny_4,46267615,3053
e81985f7fcf7b031,arenawater_cvmm_01_c2r1.tgm.header,Tiny_4,46270668,264
1b106f6e3b9b16a3,arenawater_cvmm_01_c1r3.tgm,Art/Models/Terrain/EndGame/ForkingRiver/Tiles_11,370963,81661
7b0fefea55c12a75,arenawater_cvmm_01_c1r3.tgm.header,Tiny_4,46264493,3122
2b77087f4da32630,arenawater_cvmm_01_c1r2.tgm,Tiny_4,46260914,3273
f472a887004d1667,arenawater_cvmm_01_c1r2.tgm.header,Tiny_4,46264187,306
421821b7189b76bd,arenawater_cvmm_01_c1r1.tgm,Art/Models/Terrain/EndGame/ForkingRiver/Tiles_11,364526,6437
68d724e173f6a3c2,arenawater_cvmm_01_c1r1.tgm.header,Tiny_4,46260520,394
cc3ed7ffa16c6897,arenasluice_01_c9r6.tgm,Tiny_4,46259773,747
65b7464188a1bb95,arenasluice_01_c9r6.tgm.header,Tiny_4,47675587,264
cafa17b21d5c1140,arenasluice_01_c9r5.tgm,Art/Models/Terrain/EndGame/ForkingRiver/Tiles_11,191357,173169
8f32dc067615cfd3,arenasluice_01_c9r5.tgm.header,Folders/art/models/terrain/endgame/forkingriver/1/tiles,330172,4530
5654a75202779194,arenasluice_01_c9r4.tgm,Tiny_4,46258666,1107
510b507a07b10871,arenasluice_01_c9r4.tgm.header,Tiny_4,47673205,264
4c99a200e3e257e0,arenasluice_01_c9r3.tgm,Tiny_4,46257327,1339
fd8dfc54d8a2c78e,arenasluice_01_c9r3.tgm.header,Tiny_4,47671834,264
7679fd3cd8053e1c,arenasluice_01_c9r2.tgm,Art/Models/Terrain/EndGame/ForkingRiver/Tiles_11,167780,23577
8c61716102edf688,arenasluice_01_c9r2.tgm.header,Tiny_4,46256757,570
7be95c22e6795776,arenasluice_01_c9r1.tgm,Art/Models/Terrain/EndGame/ForkingRiver/Tiles_11,158771,9009
31ad479129534814,arenasluice_01_c9r1.tgm.header,Tiny_4,46256319,438
19b02146d59b70ba,arenasluice_01_c8r6.tgm,Tiny_4,46255194,1125
8bbb4c586c4330e7,arenasluice_01_c8r6.tgm.header,Tiny_4,47667331,264
dca4a477dd66ec49,arenasluice_01_c8r5.tgm,Art/Models/Terrain/EndGame/ForkingRiver/Tiles_11,0,158771
7a9e3ca0053e8c78,arenasluice_01_c8r5.tgm.header,Tiny_4,46253216,1978
ffc8c6e1218612bc,arenasluice_01_c8r4.tgm,Tiny_4,46249965,2987
aa11927d3dac75bf,arenasluice_01_c8r4.tgm.header,Tiny_4,46252952,264
7adfae633c3ce81b,arenasluice_01_c8r3.tgm,Tiny_4,46248300,1665
d89e7afbe1750167,arenasluice_01_c8r3.tgm.header,Tiny_4,47663815,264
9466e3b4958a3848,arenasluice_01_c8r2.tgm,Art/Models/Terrain/EndGame/ForkingRiver/Tiles_10,1735619,195335
0f3e7c9bec7fe23e,arenasluice_01_c8r2.tgm.header,Tiny_4,46246058,2242
4222080d2feda931,arenasluice_01_c8r1.tgm,Art/Models/Terrain/EndGame/ForkingRiver/Tiles_10,1729176,6443
5f2533409655d5bb,arenasluice_01_c8r1.tgm.header,Tiny_4,46245794,264
299eca21da46d095,arenasluice_01_c7r6.tgm,Art/Models/Terrain/EndGame/ForkingRiver/Tiles_10,1622159,107017
dbd4b6710e94e46f,arenasluice_01_c7r6.tgm.header,Folders/art/models/terrain/endgame/forkingriver/1/tiles,510643,4178
7d9e3d51fa15c112,arenasluice_01_c7r5.tgm,Art/Models/Terrain/EndGame/ForkingRiver/Tiles_10,1600574,21585
17d31dd8f113b470,arenasluice_01_c7r5.tgm.header,Tiny_4,46244960,834
40dc8d21fef4fc26,arenasluice_01_c7r4.tgm,Art/Models/Terrain/EndGame/ForkingRiver/Tiles_10,1575983,24591
7e1029b4791a19dc,arenasluice_01_c7r4.tgm.header,Tiny_4,46244258,702
2f87d3a7027a5037,arenasluice_01_c7r3.tgm,Art/Models/Terrain/EndGame/ForkingRiver/Tiles_10,1562520,13463
3715ecff06c4112e,arenasluice_01_c7r3.tgm.header,Tiny_4,46243864,394
05893fc12a1c7aa3,arenasluice_01_c7r2.tgm,Art/Models/Terrain/EndGame/ForkingRiver/Tiles_10,1539335,23185
b13122dbeeca5157,arenasluice_01_c7r2.tgm.header,Tiny_4,46243250,614
a46c6321889dcab7,arenasluice_01_c7r1.tgm,Art/Models/Terrain/EndGame/ForkingRiver/Tiles_10,1312084,227251
0fbd3b9266275c7b,arenasluice_01_c7r1.tgm.header,Folders/art/models/terrain/endgame/3/theatre,764152,7346
af8d83f9cebba76f,arenasluice_01_c6r6.tgm,Art/Models/Terrain/EndGame/ForkingRiver/Tiles_10,1307303,4781
89b698e347bac06b,arenasluice_01_c6r6.tgm.header,Tiny_4,46242856,394
b0cf0aa32d8eeaa9,arenasluice_01_c6r5.tgm,Art/Models/Terrain/EndGame/ForkingRiver/Tiles_10,994148,313155
561fe9bd0c1738a8,arenasluice_01_c6r5.tgm.header,Folders/art/models/terrain/endgame/3/theatre,714495,6906
7bd07a6898921cd5,arenasluice_01_c6r4.tgm,Art/Models/Terrain/EndGame/ForkingRiver/Tiles_10,975171,18977
e7b66d6480d67148,arenasluice_01_c6r4.tgm.header,Tiny_4,46242198,658
a043692faac8eec6,arenasluice_01_c6r3.tgm,Art/Models/Terrain/EndGame/ForkingRiver/Tiles_10,959666,15505
e47aa7dcb01abc56,arenasluice_01_c6r3.tgm.header,Tiny_4,46241716,482
3607db146c5aec6b,arenasluice_01_c6r2.tgm,Art/Models/Terrain/EndGame/ForkingRiver/Tiles_10,947529,12137
610892edd25b51a2,arenasluice_01_c6r2.tgm.header,Tiny_4,46241322,394
d2d9cc81c366a9e9,arenasluice_01_c6r1.tgm,Art/Models/Terrain/EndGame/ForkingRiver/Tiles_10,937788,9741
29649e613cc4231c,arenasluice_01_c6r1.tgm.header,Tiny_4,46240884,438
97e80c3b955ea6d6,arenasluice_01_c5r6.tgm,Art/Models/Terrain/EndGame/ForkingRiver/Tiles_10,853575,84213
0a733e7610fbd2a9,arenasluice_01_c5r6.tgm.header,Folders/art/models/terrain/endgame/3/theatre,819306,4530
23ee87a4c8ccd4f4,arenasluice_01_c5r5.tgm,Art/Models/Terrain/EndGame/ForkingRiver/Tiles_10,849062,4513
03be06ec3d0278e4,arenasluice_01_c5r5.tgm.header,Tiny_4,46240534,350
74e632952130e1b4,arenasluice_01_c5r4.tgm,Art/Models/Terrain/EndGame/ForkingRiver/Tiles_10,841465,7597
a574d52d7e08f032,arenasluice_01_c5r4.tgm.header,Tiny_4,46240184,350
81b7186cdf1fc6ad,arenasluice_01_c5r3.tgm,Art/Models/Terrain/EndGame/ForkingRiver/Tiles_10,833616,7849
c5f85b80f3348fd4,arenasluice_01_c5r3.tgm.header,Tiny_4,46239834,350
4329986eaea646ce,arenasluice_01_c5r2.tgm,Art/Models/Terrain/EndGame/ForkingRiver/Tiles_10,518685,314931
1d0ab17e5c91608e,arenasluice_01_c5r2.tgm.header,Folders/art/models/terrain/endgame/forkingriver/1/tiles,502153,8490
c09f1865eec9855d,arenasluice_01_c5r1.tgm,Art/Models/Terrain/EndGame/ForkingRiver/Tiles_10,460174,58511
175f5e93368eb81f,arenasluice_01_c5r1.tgm.header,Tiny_4,46239044,790
a1766190a38e9549,arenasluice_01_c4r6.tgm,Art/Models/Terrain/EndGame/ForkingRiver/Tiles_10,455033,5141
ab0c6a1d6ef5b420,arenasluice_01_c4r6.tgm.header,Tiny_4,46238650,394
168ba45679541ae8,arenasluice_01_c4r5.tgm,Art/Models/Terrain/EndGame/ForkingRiver/Tiles_10,443718,11315
34d4ca0c38b4e49c,arenasluice_01_c4r5.tgm.header,Tiny_4,46238256,394
7bcd8a59b4c7fd94,arenasluice_01_c4r4.tgm,Art/Models/Terrain/EndGame/ForkingRiver/Tiles_10,400521,43197
d905e83bc104a091,arenasluice_01_c4r4.tgm.header,Tiny_4,46237554,702
a5e43abc64cce0f6,arenasluice_01_c4r3.tgm,Art/Models/Terrain/EndGame/ForkingRiver/Tiles_10,387880,12641
9ccef44044ade378,arenasluice_01_c4r3.tgm.header,Tiny_4,46237160,394
ca060c056064a0ee,arenasluice_01_c4r2.tgm,Art/Models/Terrain/EndGame/ForkingRiver/Tiles_10,376933,10947
8025f2665e3d8b17,arenasluice_01_c4r2.tgm.header,Tiny_4,46236722,438
bc848dc5d69f8fc5,arenasluice_01_c4r1.tgm,Art/Models/Terrain/EndGame/ForkingRiver/Tiles_10,368998,7935
43fcdf044b48f616,arenasluice_01_c4r1.tgm.header,Tiny_4,46236284,438
56eab10f422babd8,arenasluice_01_c3r6.tgm,Art/Models/Terrain/EndGame/ForkingRiver/Tiles_10,362425,6573
1a3fde37b119d18a,arenasluice_01_c3r6.tgm.header,Tiny_4,46235978,306
a7319bd9a75d1695,arenasluice_01_c3r5.tgm,Art/Models/Terrain/EndGame/ForkingRiver/Tiles_10,356936,5489
e97d6896e710eb06,arenasluice_01_c3r5.tgm.header,Tiny_4,46235714,264
f1e6e399e0b707e3,arenasluice_01_c3r4.tgm,Art/Models/Terrain/EndGame/ForkingRiver/Tiles_10,348345,8591
0d072cd91df62d2d,arenasluice_01_c3r4.tgm.header,Tiny_4,46235450,264
187b288fce14d523,arenasluice_01_c3r3.tgm,Art/Models/Terrain/EndGame/ForkingRiver/Tiles_10,340628,7717
5be7776269f3fcf4,arenasluice_01_c3r3.tgm.header,Tiny_4,46234968,482
cab02fd521e51680,arenasluice_01_c3r2.tgm,Art/Models/Terrain/EndGame/ForkingRiver/Tiles_10,308721,31907
df4d9fa0ec874f6c,arenasluice_01_c3r2.tgm.header,Tiny_4,46234310,658
c2eada69b4af9312,arenasluice_01_c3r1.tgm,Art/Models/Terrain/EndGame/ForkingRiver/Tiles_10,267422,41299
7382b80ecbc90860,arenasluice_01_c3r1.tgm.header,Tiny_4,46233036,1274
cb21b01e63728ca3,arenasluice_01_c2r6.tgm,Art/Models/Terrain/EndGame/ForkingRiver/Tiles_10,46801,220621
a40b32c66486392e,arenasluice_01_c2r6.tgm.header,Folders/art/models/terrain/endgame/forkingriver/1/tiles,497447,4706
bacc175a474fdf0b,arenasluice_01_c2r5.tgm,Art/Models/Terrain/EndGame/ForkingRiver/Tiles_10,0,46801
8573f8375f63b5b5,arenasluice_01_c2r5.tgm.header,Tiny_4,46232554,482
7e21e86861ea386a,arenasluice_01_c2r4.tgm,Art/Models/Terrain/EndGame/ForkingRiver/Tiles_9,2071109,136863
d29e9e841710ec3a,arenasluice_01_c2r4.tgm.header,Folders/art/models/terrain/endgame/3/theatre,709833,4662
4f4c84989b71e9be,arenasluice_01_c2r3.tgm,Tiny_4,46229285,3005
680e4e334f0faa45,arenasluice_01_c2r3.tgm.header,Tiny_4,46232290,264
1badefb43dd19c07,arenasluice_01_c2r2.tgm,Art/Models/Terrain/EndGame/ForkingRiver/Tiles_9,2010032,61077
cc7226131000d4af,arenasluice_01_c2r2.tgm.header,Tiny_4,46228451,834
7ab209258156e543,arenasluice_01_c2r1.tgm,Art/Models/Terrain/EndGame/ForkingRiver/Tiles_9,2003679,6353
c17f0bacc6169cea,arenasluice_01_c2r1.tgm.header,Tiny_4,46228187,264
4205aeb83c2ac587,arenasluice_01_c1r6.tgm,Tiny_4,46227638,549
9106bd32c2e1e162,arenasluice_01_c1r6.tgm.header,Tiny_4,47603502,264
1b27248a2e4162ca,arenasluice_01_c1r5.tgm,Tiny_4,46226567,1071
c9f839f40f8b570d,arenasluice_01_c1r5.tgm.header,Tiny_4,47602689,264
4dde5e9f9245bf3e,arenasluice_01_c1r4.tgm,Tiny_4,46225136,1431
e0e26c19a2cba0e1,arenasluice_01_c1r4.tgm.header,Tiny_4,47601354,264
7dc608080e794e10,arenasluice_01_c1r3.tgm,Tiny_4,46223419,1717
009915573fdd604d,arenasluice_01_c1r3.tgm.header,Tiny_4,47599659,264
eb1b8dc963fc0069,arenasluice_01_c1r2.tgm,Art/Models/Terrain/EndGame/ForkingRiver/Tiles_9,1980318,23361
9e7f0503f1ae4462,arenasluice_01_c1r2.tgm.header,Tiny_4,46222849,570
55bbd7ae3d264cd4,arenasluice_01_c1r1.tgm,Art/Models/Terrain/EndGame/ForkingRiver/Tiles_9,1881105,99213
9825a1b57ab303a8,arenasluice_01_c1r1.tgm.header,Tiny_4,46219243,3606
8f8fe085c3e709a6,arenaplatform_01_c6r6.tgm,Tiny_4,46217034,1945
6ed34b4f9ae5edfa,arenaplatform_01_c6r6.tgm.header,Tiny_4,46218979,264
731fbe2f6f3fadf3,arenaplatform_01_c6r5.tgm,Tiny_4,46214885,1885
e3e47a9b6aeaf640,arenaplatform_01_c6r5.tgm.header,Tiny_4,46216770,264
13395da501ed6797,arenaplatform_01_c6r4.tgm,Tiny_4,46212514,2107
11eab19df59369c4,arenaplatform_01_c6r4.tgm.header,Tiny_4,46214621,264
0f5aca5b6e7e12a2,arenaplatform_01_c6r3.tgm,Art/Models/Terrain/EndGame/ForkingRiver/Tiles_9,1641944,239161
11bf61fefb07a8e9,arenaplatform_01_c6r3.tgm.header,Tiny_4,46211636,878
c7df091928acd771,arenaplatform_01_c6r2.tgm,Tiny_4,46208467,2905
5742223095aa497a,arenaplatform_01_c6r2.tgm.header,Tiny_4,46211372,264
fbd3b4c8334631e9,arenaplatform_01_c6r1.tgm,Art/Models/Terrain/EndGame/ForkingRiver/Tiles_9,1438885,203059
f8e5900b62c6ca8c,arenaplatform_01_c6r1.tgm.header,Tiny_4,46207853,614
dd0e8f1a9bbbcdc4,arenaplatform_01_c5r6.tgm,Art/Models/Terrain/EndGame/ForkingRiver/Tiles_9,1433554,5331
b25325aa3af0b7df,arenaplatform_01_c5r6.tgm.header,Tiny_4,46207547,306
22e1226c62c0f619,arenaplatform_01_c5r5.tgm,Tiny_4,46203356,3885
f26237683835cbe7,arenaplatform_01_c5r5.tgm.header,Tiny_4,46207241,306
5f5b5c1a53feae0a,arenaplatform_01_c5r4.tgm,Tiny_4,46200359,2733
78d5bd07a87c481d,arenaplatform_01_c5r4.tgm.header,Tiny_4,46203092,264
e9299e68e42f805c,arenaplatform_01_c5r3.tgm,Tiny_4,46197326,2769
ca7ecd8156f31884,arenaplatform_01_c5r3.tgm.header,Tiny_4,46200095,264
fd7115a8df8a61aa,arenaplatform_01_c5r2.tgm,Tiny_4,46193873,3189
504907087500ffe6,arenaplatform_01_c5r2.tgm.header,Tiny_4,46197062,264
9d2982a0029ac755,arenaplatform_01_c5r1.tgm,Art/Models/Terrain/EndGame/ForkingRiver/Tiles_9,1429165,4389
81f63e23d41594bd,arenaplatform_01_c5r1.tgm.header,Tiny_4,46193567,306
66a802fa568a728f,arenaplatform_01_c4r6.tgm,Tiny_4,46191278,1983
e97e8ac31e2e8fe1,arenaplatform_01_c4r6.tgm.header,Tiny_4,46193261,306
c38d14fafdc31480,arenaplatform_01_c4r5.tgm,Art/Models/Terrain/EndGame/ForkingRiver/Tiles_9,1422854,6311
e484ada7afc98692,arenaplatform_01_c4r5.tgm.header,Tiny_4,46191014,264
963eba9a3617ea47,arenaplatform_01_c4r4.tgm,Art/Models/Terrain/EndGame/ForkingRiver/Tiles_9,1283369,139485
bc21b64bb19bbf14,arenaplatform_01_c4r4.tgm.header,Tiny_4,46189520,1494
2af4e57576f4e036,arenaplatform_01_c4r3.tgm,Tiny_4,46186111,3145
1662078007897cce,arenaplatform_01_c4r3.tgm.header,Tiny_4,46189256,264
d7a8a00e97b7336d,arenaplatform_01_c4r2.tgm,Tiny_4,46184432,1415
b557bf9dfd7aae90,arenaplatform_01_c4r2.tgm.header,Tiny_4,46185847,264
7d6b4e5a85541b12,arenaplatform_01_c4r1.tgm,Art/Models/Terrain/EndGame/ForkingRiver/Tiles_9,1277576,5793
0e1d985a805cb186,arenaplatform_01_c4r1.tgm.header,Tiny_4,46184126,306
d7a8307c391efa9a,arenaplatform_01_c3r6.tgm,Tiny_4,46181693,2127
d030a5d5ebd90fcc,arenaplatform_01_c3r6.tgm.header,Tiny_4,46183820,306
a0d374f138653a6c,arenaplatform_01_c3r5.tgm,Art/Models/Terrain/EndGame/ForkingRiver/Tiles_9,1272785,4791
c39d887b1d222a83,arenaplatform_01_c3r5.tgm.header,Tiny_4,46181387,306
bbc3749229fd8e3d,arenaplatform_01_c3r4.tgm,Tiny_4,46178304,2819
69ca3d3fb3cb0816,arenaplatform_01_c3r4.tgm.header,Tiny_4,46181123,264
bd1869aaacdca369,arenaplatform_01_c3r3.tgm,Tiny_4,46175155,2885
ddf8eb76f5c88677,arenaplatform_01_c3r3.tgm.header,Tiny_4,46178040,264
f87c79c05e356072,arenaplatform_01_c3r2.tgm,Art/Models/Terrain/EndGame/ForkingRiver/Tiles_9,1268192,4593
4b40707edc8b8825,arenaplatform_01_c3r2.tgm.header,Tiny_4,46174849,306
3a1802293eff3384,arenaplatform_01_c3r1.tgm,Art/Models/Terrain/EndGame/ForkingRiver/Tiles_9,1263325,4867
33f1df6df37e2126,arenaplatform_01_c3r1.tgm.header,Tiny_4,46174499,350
c653515a6a69f4b2,arenaplatform_01_c2r6.tgm,Art/Models/Terrain/EndGame/ForkingRiver/Tiles_9,1255458,7867
b99ddc5083d6d6ea,arenaplatform_01_c2r6.tgm.header,Tiny_4,46174235,264
7db379f3f40554ab,arenaplatform_01_c2r5.tgm,Art/Models/Terrain/EndGame/ForkingRiver/Tiles_9,1239233,16225
7fb7f13ebb53b5dc,arenaplatform_01_c2r5.tgm.header,Tiny_4,46173753,482
820de86188dff216,arenaplatform_01_c2r4.tgm,Art/Models/Terrain/EndGame/ForkingRiver/Tiles_9,1185216,54017
b5c959305ecdb4f9,arenaplatform_01_c2r4.tgm.header,Tiny_4,46171643,2110
57ff05ef8e0f6fbf,arenaplatform_01_c2r3.tgm,Tiny_4,46170076,1303
90101197c96ee659,arenaplatform_01_c2r3.tgm.header,Tiny_4,46171379,264
36077ca59dadf591,arenaplatform_01_c2r2.tgm,Art/Models/Terrain/EndGame/ForkingRiver/Tiles_9,1168097,17119
49c9feaef0cde17c,arenaplatform_01_c2r2.tgm.header,Tiny_4,46169594,482
397fef65ed6ac8b9,arenaplatform_01_c2r1.tgm,Art/Models/Terrain/EndGame/ForkingRiver/Tiles_9,1160524,7573
75010cd5657649d2,arenaplatform_01_c2r1.tgm.header,Tiny_4,46169330,264
db4b42822cdf9a13,arenaplatform_01_c1r6.tgm,Art/Models/Terrain/EndGame/ForkingRiver/Tiles_9,1156113,4411
a9e4d4cfcae215ae,arenaplatform_01_c1r6.tgm.header,Tiny_4,46169066,264
69514b2d1adc4e47,arenaplatform_01_c1r5.tgm,Tiny_4,46168607,459
6638c6a97bfe3812,arenaplatform_01_c1r5.tgm.header,Tiny_5,55791223,264
9f1e7b7a6db55664,arenaplatform_01_c1r4.tgm,Tiny_4,46168040,567
ce595a55301e4dbe,arenaplatform_01_c1r4.tgm.header,Tiny_5,72404190,264
30e89194955e84f8,arenaplatform_01_c1r3.tgm,Tiny_4,46167473,567
229a8487665c8ec6,arenaplatform_01_c1r3.tgm.header,Tiny_5,72404190,264
75767b5e7b1f8d0b,arenaplatform_01_c1r2.tgm,Tiny_4,46166696,513
447b9b2c5b8eb603,arenaplatform_01_c1r2.tgm.header,Tiny_4,46167209,264
4734a7f262d980fc,arenaplatform_01_c1r1.tgm,Tiny_4,46162443,3948
ead84cda0710536d,arenaplatform_01_c1r1.tgm.header,Tiny_4,46166391,305
7d76d5f9417fe0ff,arenafill_01.tgm,Tiny_4,46161990,189
96caff809064ae98,arenafill_01.tgm.header,Tiny_4,46162179,264
bdc03d4ea70047e6,arenaentry_01_c3r3.tgm,Art/Models/Terrain/EndGame/ForkingRiver/Tiles_9,1106136,49977
3dfb13a8e628110f,arenaentry_01_c3r3.tgm.header,Tiny_4,46160892,1098
a69ecc59ebae150d,arenaentry_01_c3r2.tgm,Art/Models/Terrain/EndGame/ForkingRiver/Tiles_9,1070193,35943
1753794f16fa8fef,arenaentry_01_c3r2.tgm.header,Tiny_4,46160190,702
3a665d7da7b4e298,arenaentry_01_c3r1.tgm,Art/Models/Terrain/EndGame/ForkingRiver/Tiles_9,1014402,55791
f0619f9de4656e1a,arenaentry_01_c3r1.tgm.header,Tiny_4,46159092,1098
43ce9ceb920d8a1d,arenaentry_01_c2r3.tgm,Art/Models/Terrain/EndGame/ForkingRiver/Tiles_9,1002385,12017
786b4ec4c49f9b2f,arenaentry_01_c2r3.tgm.header,Tiny_4,46158434,658
a43e13edaa1676f3,arenaentry_01_c2r2.tgm,Tiny_4,46156851,1319
902d2c3f1f8ea4fe,arenaentry_01_c2r2.tgm.header,Tiny_4,46158170,264
3c447272dba1bb61,arenaentry_01_c2r1.tgm,Art/Models/Terrain/EndGame/ForkingRiver/Tiles_9,997902,4483
db34cc3a02848855,arenaentry_01_c2r1.tgm.header,Tiny_4,46156369,482
a2fce887060a9616,arenaentry_01_c1r3.tgm,Art/Models/Terrain/EndGame/ForkingRiver/Tiles_9,948723,49179
a9c17575a434b22b,arenaentry_01_c1r3.tgm.header,Tiny_4,46155403,966
b74837841639b3fc,arenaentry_01_c1r2.tgm,Art/Models/Terrain/EndGame/ForkingRiver/Tiles_9,912084,36639
a0229069bc25fbc0,arenaentry_01_c1r2.tgm.header,Tiny_4,46154701,702
fd29b1a65fc05ec3,arenaentry_01_c1r1.tgm,Art/Models/Terrain/EndGame/ForkingRiver/Tiles_9,856715,55369
d8005529b886cdad,arenaentry_01_c1r1.tgm.header,Tiny_4,46153559,1142
23e9db0765d743ae,arenacorner_01_c9r6.tgm,Art/Models/Terrain/EndGame/ForkingRiver/Tiles_9,528046,328669
24d02b86066b26fc,arenacorner_01_c9r6.tgm.header,Tiny_4,46152945,614
4a56506cd3678c86,arenacorner_01_c9r5.tgm,Art/Models/Terrain/EndGame/ForkingRiver/Tiles_9,253731,274315
810ae848ce95bffa,arenacorner_01_c9r5.tgm.header,Tiny_4,46152331,614
6fdd881a1858a724,arenacorner_01_c9r4.tgm,Art/Models/Terrain/EndGame/ForkingRiver/Tiles_9,0,253731
c446741838c6cbb6,arenacorner_01_c9r4.tgm.header,Tiny_4,47522561,834
cbba347d144cdd81,arenacorner_01_c9r3.tgm,Tiny_4,46150288,2043
8c6678143020698e,arenacorner_01_c9r3.tgm.header,Tiny_4,47522297,264
87ccc0ac5e733f99,arenacorner_01_c9r2.tgm,Art/Models/Terrain/EndGame/ForkingRiver/Tiles_8,1701164,216339
f0179d3cf0a94e27,arenacorner_01_c9r2.tgm.header,Tiny_4,47519684,570
861f39f58343663a,arenacorner_01_c9r1.tgm,Tiny_4,46149523,765
2cea6e7fea210a6c,arenacorner_01_c9r1.tgm.header,Tiny_4,47519420,264
97fc1473188f98c3,arenacorner_01_c8r6.tgm,Art/Models/Terrain/EndGame/ForkingRiver/Tiles_8,1553139,148025
40c95e3e66c407ba,arenacorner_01_c8r6.tgm.header,Tiny_4,46148997,526
255f5c4e08088baf,arenacorner_01_c8r5.tgm,Art/Models/Terrain/EndGame/ForkingRiver/Tiles_8,1352564,200575
0e5d97b6cd192a7e,arenacorner_01_c8r5.tgm.header,Tiny_4,47517163,746
9e996751ab434e33,arenacorner_01_c8r4.tgm,Tiny_4,46147800,1197
b66535976a1c1fd6,arenacorner_01_c8r4.tgm.header,Tiny_4,47516899,264
8bee14d9cac3adf1,arenacorner_01_c8r3.tgm,Tiny_4,46146009,1791
88d48d504b7fb74b,arenacorner_01_c8r3.tgm.header,Tiny_4,47515438,264
4557a3ad5ea2ff50,arenacorner_01_c8r2.tgm,Tiny_4,46144452,1557
34da51224be34087,arenacorner_01_c8r2.tgm.header,Tiny_4,47513383,264
66554dbadc9f5b1f,arenacorner_01_c8r1.tgm,Art/Models/Terrain/EndGame/ForkingRiver/Tiles_8,1071085,281479
5a3aa506c1eb6666,arenacorner_01_c8r1.tgm.header,Tiny_4,47511212,614
1582c57f5f3f208d,arenacorner_01_c7r6.tgm,Tiny_4,46142955,1497
fd0fd6fe27721f33,arenacorner_01_c7r6.tgm.header,Tiny_4,47510948,264
afcdb40ed952aa07,arenacorner_01_c7r5.tgm,Tiny_4,46140966,1989
0c96f53cf5288100,arenacorner_01_c7r5.tgm.header,Tiny_4,47509187,264
6534a4d63f918d11,arenacorner_01_c7r4.tgm,Art/Models/Terrain/EndGame/ForkingRiver/Tiles_8,709172,361913
7253077e620b6dbb,arenacorner_01_c7r4.tgm.header,Tiny_4,46140176,790
5231278d98252fba,arenacorner_01_c7r3.tgm,Tiny_4,46138457,1719
f800f0cdbb15400a,arenacorner_01_c7r3.tgm.header,Tiny_4,47506012,264
afd6e96351b949e8,arenacorner_01_c7r2.tgm,Art/Models/Terrain/EndGame/ForkingRiver/Tiles_8,506347,202825
0f61e356ed982ec7,arenacorner_01_c7r2.tgm.header,Tiny_4,47503679,614
2b995d0b6d0f9a03,arenacorner_01_c7r1.tgm,Tiny_4,46137440,1017
3bf8eedc875911f8,arenacorner_01_c7r1.tgm.header,Tiny_4,47503415,264
2fba3addc548d918,arenacorner_01_c6r6.tgm,Tiny_4,46134773,2403
93b670815325dee6,arenacorner_01_c6r6.tgm.header,Tiny_4,46137176,264
68847d7d8bceda97,arenacorner_01_c6r5.tgm,Art/Models/Terrain/EndGame/ForkingRiver/Tiles_8,0,506347
bad1e98044d7ed6e,arenacorner_01_c6r5.tgm.header,Tiny_4,46134027,746
413d811886b95ad1,arenacorner_01_c6r4.tgm,Tiny_4,46131194,2569
f8ec83017b1206b3,arenacorner_01_c6r4.tgm.header,Tiny_4,46133763,264
90d0c5b61bb630e6,arenacorner_01_c6r3.tgm,Tiny_4,46128091,2839
ca847ee0235c541e,arenacorner_01_c6r3.tgm.header,Tiny_4,46130930,264
fc39c8a8536f1c10,arenacorner_01_c6r2.tgm,Tiny_4,46125258,2569
24cdef5c19ae1a42,arenacorner_01_c6r2.tgm.header,Tiny_4,46127827,264
a0fcdac80c4c1d3c,arenacorner_01_c6r1.tgm,Art/Models/Terrain/EndGame/ForkingRiver/Tiles_7,1823953,380367
b1064e99ed7eb691,arenacorner_01_c6r1.tgm.header,Tiny_4,46124292,966
7306292e59f0eef6,arenacorner_01_c5r6.tgm,Tiny_4,46122267,1761
b6a3ab31051dc100,arenacorner_01_c5r6.tgm.header,Tiny_4,46124028,264
de5d8838413f0c2a,arenacorner_01_c5r5.tgm,Tiny_4,46118020,3983
e0da4d3d1a78baee,arenacorner_01_c5r5.tgm.header,Tiny_4,46122003,264
fbd4bb9ed67e4dbb,arenacorner_01_c5r4.tgm,Art/Models/Terrain/EndGame/ForkingRiver/Tiles_7,1343060,480893
fbf2ac662ad13305,arenacorner_01_c5r4.tgm.header,Folders/art/models/terrain/endgame/forkingriver/1/tiles,417347,7522
c5c72abf68a722cc,arenacorner_01_c5r3.tgm,Art/Models/Terrain/EndGame/ForkingRiver/Tiles_7,935983,407077
f4b202e003d22a3d,arenacorner_01_c5r3.tgm.header,Tiny_4,46117274,746
63720a77d2b23f1f,arenacorner_01_c5r2.tgm,Tiny_4,46114931,2079
0692ad7fff75d128,arenacorner_01_c5r2.tgm.header,Tiny_4,46117010,264
29d4de5addde363b,arenacorner_01_c5r1.tgm,Tiny_4,46113334,1333
fc78027a6be4b16a,arenacorner_01_c5r1.tgm.header,Tiny_4,46114667,264
5b3752f1956573fd,arenacorner_01_c4r6.tgm,Tiny_4,46110973,2097
5da85f1d092bb017,arenacorner_01_c4r6.tgm.header,Tiny_4,46113070,264
d3a7af7deb405426,arenacorner_01_c4r5.tgm,Art/Models/Terrain/EndGame/ForkingRiver/Tiles_7,931766,4217
588d257372585758,arenacorner_01_c4r5.tgm.header,Tiny_4,46110709,264
9385e8ccd0cd270c,arenacorner_01_c4r4.tgm,Tiny_4,46107682,2763
05f13c02f197ff6d,arenacorner_01_c4r4.tgm.header,Tiny_4,46110445,264
2c7dc4dd593577f5,arenacorner_01_c4r3.tgm,Tiny_4,46105015,2403
2b8659671f8b354f,arenacorner_01_c4r3.tgm.header,Tiny_4,46107418,264
e4867f499d49806a,arenacorner_01_c4r2.tgm,Art/Models/Terrain/EndGame/ForkingRiver/Tiles_7,475623,456143
0555165f4aa9b163,arenacorner_01_c4r2.tgm.header,Tiny_4,46103961,1054
f4c62ae2010d40e3,arenacorner_01_c4r1.tgm,Tiny_4,46101616,2081
5f2e88c22bcc567a,arenacorner_01_c4r1.tgm.header,Tiny_4,46103697,264
de73ff90ad425670,arenacorner_01_c3r6.tgm,Tiny_4,46099783,1569
227ca6447297e46b,arenacorner_01_c3r6.tgm.header,Tiny_4,46101352,264
5941c344211ddd05,arenacorner_01_c3r5.tgm,Art/Models/Terrain/EndGame/ForkingRiver/Tiles_7,336354,139269
3ba2a2d00441ec6f,arenacorner_01_c3r5.tgm.header,Tiny_4,46098289,1494
9bfc209362043f7a,arenacorner_01_c3r4.tgm,Tiny_4,46096084,1941
42c80c13b93f0caa,arenacorner_01_c3r4.tgm.header,Tiny_4,46098025,264
baea23773e3e4045,arenacorner_01_c3r3.tgm,Tiny_4,46091713,4021
a86dc7a1ca2303ce,arenacorner_01_c3r3.tgm.header,Tiny_4,46095734,350
9f4b33e38a20dcf4,arenacorner_01_c3r2.tgm,Tiny_4,46087910,3539
a2c03d80b52644ce,arenacorner_01_c3r2.tgm.header,Tiny_4,46091449,264
1666aa1e439a6041,arenacorner_01_c3r1.tgm,Art/Models/Terrain/EndGame/ForkingRiver/Tiles_7,329219,7135
9539e61fe0368ab7,arenacorner_01_c3r1.tgm.header,Tiny_4,46087560,350
7308c6c4b5fa7156,arenacorner_01_c2r6.tgm,Tiny_4,46085901,1395
3fee77133c10f2d4,arenacorner_01_c2r6.tgm.header,Tiny_4,46087296,264
4952f593b9b57d70,arenacorner_01_c2r5.tgm,Tiny_4,46083784,1853
bc4b30f354982445,arenacorner_01_c2r5.tgm.header,Tiny_4,46085637,264
3e762fa50229e477,arenacorner_01_c2r4.tgm,Art/Models/Terrain/EndGame/ForkingRiver/Tiles_7,322332,6887
a7b2bb02b6d99b8a,arenacorner_01_c2r4.tgm.header,Tiny_4,46083390,394
e9ceaaed0a3c6f03,arenacorner_01_c2r3.tgm,Art/Models/Terrain/EndGame/ForkingRiver/Tiles_7,307721,14611
cb84dfc2193c40c6,arenacorner_01_c2r3.tgm.header,Tiny_4,46082908,482
9b63c1ad2a02cbf3,arenacorner_01_c2r2.tgm,Art/Models/Terrain/EndGame/ForkingRiver/Tiles_7,298888,8833
4cd1b560a7c4267e,arenacorner_01_c2r2.tgm.header,Tiny_4,46082426,482
7bbfba4a689aa746,arenacorner_01_c2r1.tgm,Art/Models/Terrain/EndGame/ForkingRiver/Tiles_7,99625,199263
75f107fab6121e3b,arenacorner_01_c2r1.tgm.header,Tiny_4,46081724,702
be71f14f6406a1ef,arenacorner_01_c1r6.tgm,Tiny_4,46080779,681
76e0dc66424b319e,arenacorner_01_c1r6.tgm.header,Tiny_4,46081460,264
54a01bd032c1a96a,arenacorner_01_c1r5.tgm,Tiny_4,46079334,1181
dffbf27258289168,arenacorner_01_c1r5.tgm.header,Tiny_4,46080515,264
a02583f7c204c4b0,arenacorner_01_c1r4.tgm,Art/Models/Terrain/EndGame/ForkingRiver/Tiles_7,83974,15651
151a1f17ed024d43,arenacorner_01_c1r4.tgm.header,Tiny_4,46078896,438
4b9a70a4d83eca96,arenacorner_01_c1r3.tgm,Art/Models/Terrain/EndGame/ForkingRiver/Tiles_7,70273,13701
ca6940a7ef987af1,arenacorner_01_c1r3.tgm.header,Tiny_4,46078458,438
dad08552caf0e8f0,arenacorner_01_c1r2.tgm,Art/Models/Terrain/EndGame/ForkingRiver/Tiles_7,61876,8397
f9e0e671580049b7,arenacorner_01_c1r2.tgm.header,Tiny_4,46078152,306
e796dbbceac4ad8c,arenacorner_01_c1r1.tgm,Tiny_4,46075705,2142
836d165690ee5bed,arenacorner_01_c1r1.tgm.header,Tiny_4,46077847,305
7c2b32b3f1550fd4,arenabossplatform_01_c3r3.tgm,Tiny_4,46073690,1751
271585494ebbb5e9,arenabossplatform_01_c3r3.tgm.header,Tiny_4,46075441,264
d3d26fb5824ab2be,arenabossplatform_01_c3r2.tgm,Art/Models/Terrain/EndGame/ForkingRiver/Tiles_7,39217,22659
c86bfb3d13b861f0,arenabossplatform_01_c3r2.tgm.header,Tiny_4,46073120,570
040bee5db60f80b5,arenabossplatform_01_c3r1.tgm,Tiny_4,46071567,1289
b63ff41ab5d1b41c,arenabossplatform_01_c3r1.tgm.header,Tiny_4,46072856,264
ddae3ab38d1a5eea,arenabossplatform_01_c2r3.tgm,Art/Models/Terrain/EndGame/ForkingRiver/Tiles_7,0,39217
8433dcfd523675e2,arenabossplatform_01_c2r3.tgm.header,Tiny_4,46070821,746
fb7d39f77a320fa9,arenabossplatform_01_c2r2.tgm,Art/Models/Terrain/EndGame/ForkingRiver/Tiles_6,2187987,134603
80a3e25028b28f0a,arenabossplatform_01_c2r2.tgm.header,Tiny_4,46067919,2902
9a3564491f2daf0c,arenabossplatform_01_c2r1.tgm,Art/Models/Terrain/EndGame/ForkingRiver/Tiles_6,2168244,19743
c7d38d4f01ce9999,arenabossplatform_01_c2r1.tgm.header,Tiny_4,46067349,570
02f8a02465387c92,arenabossplatform_01_c1r3.tgm,Tiny_4,46064556,2443
33a7bea05029ce41,arenabossplatform_01_c1r3.tgm.header,Tiny_4,46066999,350
f9d9f6d2fcba288e,arenabossplatform_01_c1r2.tgm,Art/Models/Terrain/EndGame/ForkingRiver/Tiles_6,2132861,35383
5a269f61522b7a22,arenabossplatform_01_c1r2.tgm.header,Tiny_4,46063810,746
cd6e7c99556bcb78,arenabossplatform_01_c1r1.tgm,Tiny_4,46062142,1366
faca43caed1ef395,arenabossplatform_01_c1r1.tgm.header,Tiny_4,46063508,302
