hash,file,bundle,offset,size
53d11d4e5bcb9302,kingsmarch_fill_large_c3r3.tgm,Tiny_5,69100093,1143
f92e654289e7b919,kingsmarch_fill_large_c3r3.tgm.header,Tiny_5,69101236,264
da0ad13774141772,kingsmarch_fill_large_c3r2.tgm,Tiny_5,69098236,1593
9e1fa8bb50d356b9,kingsmarch_fill_large_c3r2.tgm.header,Tiny_5,69099829,264
bdd2301be4368887,kingsmarch_fill_large_c3r1.tgm,Tiny_5,69096691,1281
406d5328dc624273,kingsmarch_fill_large_c3r1.tgm.header,Tiny_5,69097972,264
956e00b0deed0074,kingsmarch_fill_large_c2r3.tgm,Tiny_5,69094834,1593
917f65846a8b2c50,kingsmarch_fill_large_c2r3.tgm.header,Tiny_5,69096427,264
ab9b4b8564267e55,kingsmarch_fill_large_c2r2.tgm,Tiny_5,69092425,2145
4d4aab77dd83b9c9,kingsmarch_fill_large_c2r2.tgm.header,Tiny_5,69094570,264
e581393f0bfb82f2,kingsmarch_fill_large_c2r1.tgm,Tiny_5,69090514,1647
b276dd525a992ae4,kingsmarch_fill_large_c2r1.tgm.header,Tiny_5,69092161,264
14d40ae37debd63b,kingsmarch_fill_large_c1r3.tgm,Tiny_5,69088969,1281
7d4126c6dd21fce6,kingsmarch_fill_large_c1r3.tgm.header,Tiny_5,69090250,264
60dd43a57f4f5827,kingsmarch_fill_large_c1r2.tgm,Tiny_5,69087058,1647
ad3c2a4db18ef4b6,kingsmarch_fill_large_c1r2.tgm.header,Tiny_5,69088705,264
60cf5b216d4aaeb2,kingsmarch_fill_large_c1r1.tgm,Tiny_5,69085543,1251
b7354bed57476106,kingsmarch_fill_large_c1r1.tgm.header,Tiny_5,69086794,264
d946059e89e171c7,kingsmarch_fill.tgm,Tiny_5,69085064,215
7a1c1cb7346f727d,kingsmarch_fill.tgm.header,Tiny_5,69085279,264
25d0b1575989f1c1,kingsmarch_01_c9r9.tgm,Tiny_5,69082915,1885
fe06a75e2fe15df3,kingsmarch_01_c9r9.tgm.header,Tiny_5,69084800,264
1acce6d3eb768a17,kingsmarch_01_c9r8.tgm,Tiny_5,69081234,1417
1d3b0424c882fb05,kingsmarch_01_c9r8.tgm.header,Tiny_5,69082651,264
930ec7e47c5b65b0,kingsmarch_01_c9r7.tgm,Tiny_5,69079769,1201
9af9a4bd9f14f0e9,kingsmarch_01_c9r7.tgm.header,Tiny_5,69080970,264
210e2f5fcfbbcb33,kingsmarch_01_c9r6.tgm,Tiny_5,69078160,1345
2a39c83ba46f9726,kingsmarch_01_c9r6.tgm.header,Tiny_5,69079505,264
d3217f82023cf9db,kingsmarch_01_c9r5.tgm,Tiny_5,69076695,1201
ce887e210d67223b,kingsmarch_01_c9r5.tgm.header,Tiny_5,69077896,264
8e02a7e69d5592ee,kingsmarch_01_c9r4.tgm,Tiny_5,69075356,1075
b93d8c858055d1a2,kingsmarch_01_c9r4.tgm.header,Tiny_5,69076431,264
a5e3050ebebf263b,kingsmarch_01_c9r36.tgm,Tiny_5,69074183,1173
9cc0eb8be828fc0a,kingsmarch_01_c9r36.tgm.header,Tiny_5,67446949,264
18106d53b1619986,kingsmarch_01_c9r35.tgm,Tiny_5,69072218,1701
c08350619d84212d,kingsmarch_01_c9r35.tgm.header,Tiny_5,69073919,264
ef3af144267e7d51,kingsmarch_01_c9r34.tgm,Folders/art/models/terrain/leagues/kalguuransettlers/tgms_3,2437244,65935
b5e54cceab658a97,kingsmarch_01_c9r34.tgm.header,Tiny_5,69071780,438
3e2709255f58d308,kingsmarch_01_c9r33.tgm,Tiny_5,69069581,1935
a101a3793cbd757f,kingsmarch_01_c9r33.tgm.header,Tiny_5,69071516,264
f1e9fe9cb1a10508,kingsmarch_01_c9r32.tgm,Folders/art/models/terrain/leagues/kalguuransettlers/tgms_3,2359531,77713
c5e51b28271c2ca8,kingsmarch_01_c9r32.tgm.header,Tiny_5,69069099,482
048aacef982e5a76,kingsmarch_01_c9r31.tgm,Tiny_5,69066858,1977
4007d6fdf2b88c1c,kingsmarch_01_c9r31.tgm.header,Tiny_5,69068835,264
20bfbfe6ad18ac3f,kingsmarch_01_c9r30.tgm,Folders/art/models/terrain/leagues/kalguuransettlers/tgms_3,2281580,77951
bbd22d543141d8ec,kingsmarch_01_c9r30.tgm.header,Tiny_5,69066376,482
f4a254aeda5105d0,kingsmarch_01_c9r3.tgm,Tiny_5,69065199,913
b97c4d83d6c8c392,kingsmarch_01_c9r3.tgm.header,Tiny_5,69066112,264
f8712fa0b44b437a,kingsmarch_01_c9r29.tgm,Tiny_5,69062586,2349
496fa505eb772fab,kingsmarch_01_c9r29.tgm.header,Tiny_5,69064935,264
ba64afb87c808e78,kingsmarch_01_c9r28.tgm,Tiny_5,69060285,2301
0a4925509cbaaaed,kingsmarch_01_c9r28.tgm.header,Tiny_5,67430337,264
66f5ff8b06142c8f,kingsmarch_01_c9r27.tgm,Folders/art/models/terrain/leagues/kalguuransettlers/tgms_3,2206199,75381
bcfba35bb0665daf,kingsmarch_01_c9r27.tgm.header,Tiny_5,69059803,482
732c22348e5d03f0,kingsmarch_01_c9r26.tgm,Tiny_5,69057342,2197
e99098e10be3b752,kingsmarch_01_c9r26.tgm.header,Tiny_5,69059539,264
449ddf98e0521a0f,kingsmarch_01_c9r25.tgm,Folders/art/models/terrain/leagues/kalguuransettlers/tgms_3,2107874,98325
eac13d5c8384feb1,kingsmarch_01_c9r25.tgm.header,Tiny_5,69056904,438
7d4825159a94f091,kingsmarch_01_c9r24.tgm,Folders/art/models/terrain/leagues/kalguuransettlers/tgms_3,2098049,9825
85edd759074431bd,kingsmarch_01_c9r24.tgm.header,Tiny_5,69056640,264
92b75abdb0b5bd37,kingsmarch_01_c9r23.tgm,Tiny_5,69054485,2155
4afdcbb45bc63725,kingsmarch_01_c9r23.tgm.header,Tiny_5,67421071,264
5dbd4938524aa55d,kingsmarch_01_c9r22.tgm,Tiny_5,69051952,2533
9b8573f629425d4e,kingsmarch_01_c9r22.tgm.header,Tiny_5,67261936,264
dcfb0df7fde1b0ac,kingsmarch_01_c9r21.tgm,Tiny_5,69049149,2803
52465b3c9d125ba3,kingsmarch_01_c9r21.tgm.header,Tiny_5,67256234,264
d5c8a0fa073c80cc,kingsmarch_01_c9r20.tgm,Tiny_5,69046616,2533
893210b3b581c396,kingsmarch_01_c9r20.tgm.header,Tiny_5,67261936,264
a294e77f5edf680e,kingsmarch_01_c9r2.tgm,Tiny_5,69045331,1021
ea24d3b69419a4cb,kingsmarch_01_c9r2.tgm.header,Tiny_5,69046352,264
20ac9e8e10417812,kingsmarch_01_c9r19.tgm,Tiny_5,69042906,2425
e067c5620d4a610f,kingsmarch_01_c9r19.tgm.header,Tiny_5,67264625,264
76b8e3266d1d2f37,kingsmarch_01_c9r18.tgm,Tiny_5,69040373,2533
88c1647796594e75,kingsmarch_01_c9r18.tgm.header,Tiny_5,67261936,264
ad1d2596f7d6f426,kingsmarch_01_c9r17.tgm,Tiny_5,69037678,2695
78d3e16d3bf51168,kingsmarch_01_c9r17.tgm.header,Tiny_5,68173412,264
d192a25e9e4b54e4,kingsmarch_01_c9r16.tgm,Tiny_5,69034875,2803
db4f5ac8bdba202d,kingsmarch_01_c9r16.tgm.header,Tiny_5,67256234,264
db37a040a275886b,kingsmarch_01_c9r15.tgm,Tiny_5,69031592,3019
dbbbfd702892861e,kingsmarch_01_c9r15.tgm.header,Tiny_5,69034611,264
28bd3d717c3fcd18,kingsmarch_01_c9r14.tgm,Tiny_5,69027895,3433
36d8362baa7cc19e,kingsmarch_01_c9r14.tgm.header,Tiny_5,69031328,264
083a7789aef252b5,kingsmarch_01_c9r13.tgm,Tiny_5,69024828,2803
a207d824b4097271,kingsmarch_01_c9r13.tgm.header,Tiny_5,69027631,264
482ea4b152ff6201,kingsmarch_01_c9r12.tgm,Tiny_5,69022805,1759
95e9263f9071f374,kingsmarch_01_c9r12.tgm.header,Tiny_5,69024564,264
5ff2b8aa123c005d,kingsmarch_01_c9r11.tgm,Folders/art/models/terrain/leagues/kalguuransettlers/tgms_3,2092976,5073
969b20a4ea588f94,kingsmarch_01_c9r11.tgm.header,Tiny_5,69022541,264
92a6b411cf3c32eb,kingsmarch_01_c9r10.tgm,Folders/art/models/terrain/leagues/kalguuransettlers/tgms_3,1861197,231779
47939a4c3a71200e,kingsmarch_01_c9r10.tgm.header,Tiny_5,69020563,1978
6716ce7ae55cd1cb,kingsmarch_01_c9r1.tgm,Tiny_5,69018438,1861
d93f32ddb6175216,kingsmarch_01_c9r1.tgm.header,Tiny_5,69020299,264
b7f6985cf79ddbe4,kingsmarch_01_c8r9.tgm,Tiny_5,69015359,2815
42c766064bd1873d,kingsmarch_01_c8r9.tgm.header,Tiny_5,69018174,264
722354fa65f30aec,kingsmarch_01_c8r8.tgm,Tiny_5,69012418,2677
57c54178ed31fc86,kingsmarch_01_c8r8.tgm.header,Tiny_5,69015095,264
d551d875a7ac269f,kingsmarch_01_c8r7.tgm,Tiny_5,69010575,1579
42d6ed2b0dbc888a,kingsmarch_01_c8r7.tgm.header,Tiny_5,69012154,264
b60aa2b036f378f2,kingsmarch_01_c8r6.tgm,Tiny_5,69008876,1435
d23e235313878bc1,kingsmarch_01_c8r6.tgm.header,Tiny_5,69010311,264
664060f9b389aca7,kingsmarch_01_c8r5.tgm,Tiny_5,69007267,1345
f4e240d6206e4ce2,kingsmarch_01_c8r5.tgm.header,Tiny_5,69008612,264
160583e87425eccb,kingsmarch_01_c8r4.tgm,Tiny_5,69005532,1471
6689383d8225bcd6,kingsmarch_01_c8r4.tgm.header,Tiny_5,69007003,264
9fd352eb934b30dd,kingsmarch_01_c8r36.tgm,Tiny_5,69003675,1593
8b8dc404635afaa7,kingsmarch_01_c8r36.tgm.header,Tiny_5,69005268,264
19af6e83b8e87c90,kingsmarch_01_c8r35.tgm,Tiny_5,69001206,2205
73158525bf4d3109,kingsmarch_01_c8r35.tgm.header,Tiny_5,69003411,264
0e3fa2b946c1d7aa,kingsmarch_01_c8r34.tgm,Tiny_5,68998737,2205
b10e8083aaaa4371,kingsmarch_01_c8r34.tgm.header,Tiny_5,69000942,264
e1dc0236f58989c8,kingsmarch_01_c8r33.tgm,Tiny_5,68995926,2547
ecd589a4683116c0,kingsmarch_01_c8r33.tgm.header,Tiny_5,68998473,264
c09e558a369f9a20,kingsmarch_01_c8r32.tgm,Tiny_5,68993133,2529
616de9d4525101a0,kingsmarch_01_c8r32.tgm.header,Tiny_5,68995662,264
d17700b3caff5409,kingsmarch_01_c8r31.tgm,Tiny_5,68990340,2529
f71e917b51994904,kingsmarch_01_c8r31.tgm.header,Tiny_5,68992869,264
5c8f810f4a2d2a70,kingsmarch_01_c8r30.tgm,Tiny_5,68987205,2871
8bbb344bd240d424,kingsmarch_01_c8r30.tgm.header,Tiny_5,68990076,264
a53bdad99d59e7ce,kingsmarch_01_c8r3.tgm,Tiny_5,68985776,1165
6b0a62b3e5ccae20,kingsmarch_01_c8r3.tgm.header,Tiny_5,68986941,264
9c350450d644acd7,kingsmarch_01_c8r29.tgm,Tiny_5,68982659,2853
d992241c5ea5c398,kingsmarch_01_c8r29.tgm.header,Tiny_5,68985512,264
8d0fa216561b21e8,kingsmarch_01_c8r28.tgm,Tiny_5,68979806,2853
a44b584a188e0d94,kingsmarch_01_c8r28.tgm.header,Tiny_5,67358772,264
eaffc3e9de4d72fb,kingsmarch_01_c8r27.tgm,Tiny_5,68977169,2637
6eb9772cb51a39fe,kingsmarch_01_c8r27.tgm.header,Tiny_5,67355655,264
d879971904a2b54f,kingsmarch_01_c8r26.tgm,Tiny_5,68974828,2077
dc15b13f2c026b2e,kingsmarch_01_c8r26.tgm.header,Tiny_5,68976905,264
4df2a5c801ad401e,kingsmarch_01_c8r25.tgm,Tiny_5,68972835,1993
e2f9826ca5288dc9,kingsmarch_01_c8r25.tgm.header,Tiny_5,68903334,264
b14fddf450f789aa,kingsmarch_01_c8r24.tgm,Tiny_5,68970896,1939
23ef618a0f7e8441,kingsmarch_01_c8r24.tgm.header,Tiny_5,67276188,264
3d0fbd82f8d5ff39,kingsmarch_01_c8r23.tgm,Tiny_5,68968741,2155
c5629abdaf140662,kingsmarch_01_c8r23.tgm.header,Tiny_5,67421071,264
b024effb0ac5b7fa,kingsmarch_01_c8r22.tgm,Tiny_5,68966694,2047
6500afe6e2117239,kingsmarch_01_c8r22.tgm.header,Tiny_5,67547454,264
b819102c23d7d5ec,kingsmarch_01_c8r21.tgm,Tiny_5,68964215,2479
73d86c0ac871c6d3,kingsmarch_01_c8r21.tgm.header,Tiny_5,67273503,264
102db300f39cf4e5,kingsmarch_01_c8r20.tgm,Tiny_5,68961736,2479
a6ac731dc3df5243,kingsmarch_01_c8r20.tgm.header,Tiny_5,67273503,264
edbc7ffa0d6df9a7,kingsmarch_01_c8r2.tgm,Tiny_5,68960343,1129
9efa32fd30aa6f3b,kingsmarch_01_c8r2.tgm.header,Tiny_5,68961472,264
cb8333a09b9ac5ec,kingsmarch_01_c8r19.tgm,Tiny_5,68957864,2479
01391ff7c7e40ccc,kingsmarch_01_c8r19.tgm.header,Tiny_5,67273503,264
e516b8c20b618349,kingsmarch_01_c8r18.tgm,Tiny_5,68955223,2641
31bb3e42632465b1,kingsmarch_01_c8r18.tgm.header,Tiny_5,67259139,264
49356ae711377788,kingsmarch_01_c8r17.tgm,Tiny_5,68951880,3343
3e027095f0523ef5,kingsmarch_01_c8r17.tgm.header,Tiny_5,67345455,264
e114e9a19271c4eb,kingsmarch_01_c8r16.tgm,Tiny_5,68948051,3829
05096fa1ee2b0d26,kingsmarch_01_c8r16.tgm.header,Tiny_5,68748881,264
5405aefeaed5d67a,kingsmarch_01_c8r15.tgm,Folders/art/models/terrain/leagues/kalguuransettlers/tgms_3,1856792,4405
1ed3addc4925f127,kingsmarch_01_c8r15.tgm.header,Tiny_5,68947787,264
df8b9546fb306920,kingsmarch_01_c8r14.tgm,Folders/art/models/terrain/leagues/kalguuransettlers/tgms_3,1852189,4603
426d5d53403fa205,kingsmarch_01_c8r14.tgm.header,Tiny_5,68947523,264
3c6e490c884adb1f,kingsmarch_01_c8r13.tgm,Folders/art/models/terrain/leagues/kalguuransettlers/tgms_3,1847178,5011
b32c4f47b1a90482,kingsmarch_01_c8r13.tgm.header,Tiny_5,68947259,264
86711e1ba0c57672,kingsmarch_01_c8r12.tgm,Folders/art/models/terrain/leagues/kalguuransettlers/tgms_3,1842323,4855
0eb1d08caa3646be,kingsmarch_01_c8r12.tgm.header,Tiny_5,68946995,264
8e71673fa12686d6,kingsmarch_01_c8r11.tgm,Folders/art/models/terrain/leagues/kalguuransettlers/tgms_3,1835294,7029
42a92906df033945,kingsmarch_01_c8r11.tgm.header,Tiny_5,68946731,264
f8099b356a3859e4,kingsmarch_01_c8r10.tgm,Folders/art/models/terrain/leagues/kalguuransettlers/tgms_3,1821381,13913
3e3181138b1a8181,kingsmarch_01_c8r10.tgm.header,Tiny_5,68946467,264
46f7b2105b9cbf56,kingsmarch_01_c8r1.tgm,Tiny_5,68944084,2119
00c7ae399e044f6e,kingsmarch_01_c8r1.tgm.header,Tiny_5,68946203,264
b7b79430b881fdae,kingsmarch_01_c7r9.tgm,Tiny_5,68942337,1483
d40f3d96e62d5c0a,kingsmarch_01_c7r9.tgm.header,Tiny_5,68943820,264
5ff17e36e0df2ce9,kingsmarch_01_c7r8.tgm,Tiny_5,68939546,2527
19b8418d720951ae,kingsmarch_01_c7r8.tgm.header,Tiny_5,68942073,264
133b3a1a423b086b,kingsmarch_01_c7r7.tgm,Tiny_5,68936527,2755
d2790e875c69e03c,kingsmarch_01_c7r7.tgm.header,Tiny_5,68939282,264
34aac5641aa83ca6,kingsmarch_01_c7r6.tgm,Tiny_5,68934648,1615
5f44bca381029600,kingsmarch_01_c7r6.tgm.header,Tiny_5,68936263,264
e4e177c02859f9ab,kingsmarch_01_c7r5.tgm,Tiny_5,68932967,1417
ec27e69f10cd7ea1,kingsmarch_01_c7r5.tgm.header,Tiny_5,68934384,264
573dbb7e3761c410,kingsmarch_01_c7r4.tgm,Tiny_5,68931412,1291
3efc7750c3804756,kingsmarch_01_c7r4.tgm.header,Tiny_5,68932703,264
4219ef4a4a1a9467,kingsmarch_01_c7r36.tgm,Tiny_5,68930131,1281
0b5ef79c631962a8,kingsmarch_01_c7r36.tgm.header,Tiny_5,67303494,264
78fca084e274d700,kingsmarch_01_c7r35.tgm,Tiny_5,68928430,1701
fcf8f86a7cff8dad,kingsmarch_01_c7r35.tgm.header,Tiny_5,67657618,264
e0f66683d12eefae,kingsmarch_01_c7r34.tgm,Tiny_5,68926723,1707
93ef6213192bd6e4,kingsmarch_01_c7r34.tgm.header,Tiny_5,67714602,264
90859180de812d14,kingsmarch_01_c7r33.tgm,Tiny_5,68924626,2097
9acd212c1dde4844,kingsmarch_01_c7r33.tgm.header,Tiny_5,67512552,264
a3303bb68cd68136,kingsmarch_01_c7r32.tgm,Tiny_5,68922601,2025
854f58e6b9705c99,kingsmarch_01_c7r32.tgm.header,Tiny_5,67441132,264
c9611fa00b049306,kingsmarch_01_c7r31.tgm,Tiny_5,68920570,2031
7d2a9361cadfae39,kingsmarch_01_c7r31.tgm.header,Tiny_5,67508166,264
dd980c35bf55bae0,kingsmarch_01_c7r30.tgm,Tiny_5,68918149,2421
78b2545b95068f8c,kingsmarch_01_c7r30.tgm.header,Tiny_5,67505871,264
c0e3205820a769ae,kingsmarch_01_c7r3.tgm,Tiny_5,68916360,1525
c309968933c97bb7,kingsmarch_01_c7r3.tgm.header,Tiny_5,68917885,264
2cb29e6620278853,kingsmarch_01_c7r29.tgm,Tiny_5,68914011,2349
4f7d1c3c5232aba2,kingsmarch_01_c7r29.tgm.header,Tiny_5,67288517,264
99c2aad7a70811a4,kingsmarch_01_c7r28.tgm,Tiny_5,68911656,2355
f5a709d86d407cd6,kingsmarch_01_c7r28.tgm.header,Tiny_5,67285904,264
4a53b977c8f3540f,kingsmarch_01_c7r27.tgm,Tiny_5,68909385,2271
4b212f665597da32,kingsmarch_01_c7r27.tgm.header,Tiny_5,67497089,264
eef2d2338f5c769f,kingsmarch_01_c7r26.tgm,Tiny_5,68907314,1807
d5d3a8a445936293,kingsmarch_01_c7r26.tgm.header,Tiny_5,68909121,264
125e8aeb0b4f10ce,kingsmarch_01_c7r25.tgm,Tiny_5,68905483,1831
e3d6fa0ff20badd8,kingsmarch_01_c7r25.tgm.header,Tiny_5,67423166,264
70936ae105a821f9,kingsmarch_01_c7r24.tgm,Tiny_5,68903598,1885
2a82653139b458c5,kingsmarch_01_c7r24.tgm.header,Tiny_5,67490622,264
6a870172303ea45a,kingsmarch_01_c7r23.tgm,Tiny_5,68901341,1993
6db5cba6733d9472,kingsmarch_01_c7r23.tgm.header,Tiny_5,68903334,264
5fcb9d261c90978b,kingsmarch_01_c7r22.tgm,Tiny_5,68899294,2047
422409c3b9e6835b,kingsmarch_01_c7r22.tgm.header,Tiny_5,67547454,264
7008e7ae7bc990d2,kingsmarch_01_c7r21.tgm,Tiny_5,68896761,2533
3cbb2945977540d5,kingsmarch_01_c7r21.tgm.header,Tiny_5,67261936,264
cd227fa246cd3d88,kingsmarch_01_c7r20.tgm,Tiny_5,68893796,2965
770cdcdad1e1beb1,kingsmarch_01_c7r20.tgm.header,Tiny_5,67403760,264
e4d138caeae729ce,kingsmarch_01_c7r2.tgm,Tiny_5,68892061,1471
3210eed2f87b0217,kingsmarch_01_c7r2.tgm.header,Tiny_5,68893532,264
3a443561415e7ffc,kingsmarch_01_c7r19.tgm,Tiny_5,68887806,3991
c50343a5c9d02efa,kingsmarch_01_c7r19.tgm.header,Tiny_5,68891797,264
b9b77c7720e63522,kingsmarch_01_c7r18.tgm,Folders/art/models/terrain/leagues/kalguuransettlers/tgms_3,1815878,5503
41f5a2677c34cdd3,kingsmarch_01_c7r18.tgm.header,Tiny_5,68887542,264
4dfa8bc8ac24d7df,kingsmarch_01_c7r17.tgm,Folders/art/models/terrain/leagues/kalguuransettlers/tgms_3,1809457,6421
d9184d2cbe79f26c,kingsmarch_01_c7r17.tgm.header,Tiny_5,68887278,264
ab18e973619a8291,kingsmarch_01_c7r16.tgm,Folders/art/models/terrain/leagues/kalguuransettlers/tgms_3,1795410,14047
b2fc3e57cc2f24df,kingsmarch_01_c7r16.tgm.header,Tiny_5,68886972,306
f5c394b257e7c570,kingsmarch_01_c7r15.tgm,Folders/art/models/terrain/leagues/kalguuransettlers/tgms_3,1788809,6601
765f1eff4f264b18,kingsmarch_01_c7r15.tgm.header,Tiny_5,68886708,264
6a57bcf9f2474156,kingsmarch_01_c7r14.tgm,Folders/art/models/terrain/leagues/kalguuransettlers/tgms_3,1784350,4459
1cef225c8cbc9434,kingsmarch_01_c7r14.tgm.header,Tiny_5,68886444,264
9d325189c10d469b,kingsmarch_01_c7r13.tgm,Tiny_5,68882315,3865
5fb1ea3518884f83,kingsmarch_01_c7r13.tgm.header,Tiny_5,68886180,264
685883813dc2f03f,kingsmarch_01_c7r12.tgm,Tiny_5,68878492,3559
23d90a4b8c0310fd,kingsmarch_01_c7r12.tgm.header,Tiny_5,68882051,264
8c8580b72216fae1,kingsmarch_01_c7r11.tgm,Folders/art/models/terrain/leagues/kalguuransettlers/tgms_3,1749407,34943
a884e743ee47de6c,kingsmarch_01_c7r11.tgm.header,Tiny_5,68878228,264
d72355b157e6b221,kingsmarch_01_c7r10.tgm,Folders/art/models/terrain/leagues/kalguuransettlers/tgms_3,1735698,13709
bdf995b047d4d46e,kingsmarch_01_c7r10.tgm.header,Tiny_5,68877964,264
38ebd2d4fcd7d1c4,kingsmarch_01_c7r1.tgm,Tiny_5,68875437,2263
50954c6c0d11b9fa,kingsmarch_01_c7r1.tgm.header,Tiny_5,68877700,264
7d08395673944bcd,kingsmarch_01_c6r9.tgm,Tiny_5,68872856,2317
2b7ed7ddd77ed924,kingsmarch_01_c6r9.tgm.header,Tiny_5,68875173,264
b5b3fe93b75a6046,kingsmarch_01_c6r8.tgm,Tiny_5,68871517,1075
c35f4c86c97f1ed1,kingsmarch_01_c6r8.tgm.header,Tiny_5,68872592,264
24249ac0f16a7594,kingsmarch_01_c6r7.tgm,Tiny_5,68868210,3043
2ef4d49fd54cafae,kingsmarch_01_c6r7.tgm.header,Tiny_5,68871253,264
635c3d5b791e86ab,kingsmarch_01_c6r6.tgm,Tiny_5,68864855,3091
3024abd647556035,kingsmarch_01_c6r6.tgm.header,Tiny_5,68867946,264
d2e007b660fb2d8b,kingsmarch_01_c6r5.tgm,Tiny_5,68862562,2029
950555d15f69a483,kingsmarch_01_c6r5.tgm.header,Tiny_5,68864591,264
a374200d733940aa,kingsmarch_01_c6r4.tgm,Tiny_5,68860791,1507
b5b60a19964dc36a,kingsmarch_01_c6r4.tgm.header,Tiny_5,68862298,264
253f013c9c2abffb,kingsmarch_01_c6r36.tgm,Tiny_5,68859618,1173
f2633c18d11bd54e,kingsmarch_01_c6r36.tgm.header,Tiny_5,67659055,264
fc29e31705760640,kingsmarch_01_c6r35.tgm,Tiny_5,68857917,1701
4d5dc57468adc057,kingsmarch_01_c6r35.tgm.header,Tiny_5,67657618,264
df292ed94ec69cf2,kingsmarch_01_c6r34.tgm,Tiny_5,68856264,1653
5a3cd62bc440d9e7,kingsmarch_01_c6r34.tgm.header,Tiny_5,67655653,264
6c1c9de41f2c3b00,kingsmarch_01_c6r33.tgm,Tiny_5,68854329,1935
0d6df3a07b08369c,kingsmarch_01_c6r33.tgm.header,Tiny_5,67443331,264
a234f8d480f9b9ad,kingsmarch_01_c6r32.tgm,Tiny_5,68852304,2025
4b9ed42aa4ff4f8f,kingsmarch_01_c6r32.tgm.header,Tiny_5,67441132,264
240f1bfea3f06260,kingsmarch_01_c6r31.tgm,Tiny_5,68850327,1977
52272c8fcfe3b2d6,kingsmarch_01_c6r31.tgm.header,Tiny_5,67649776,264
d2fea5ed1008c082,kingsmarch_01_c6r30.tgm,Folders/art/models/terrain/leagues/kalguuransettlers/tgms_3,1706545,29153
86ea29adfa972dd7,kingsmarch_01_c6r30.tgm.header,Tiny_5,68850063,264
b98176f0480af3fc,kingsmarch_01_c6r3.tgm,Tiny_5,68848256,1543
d27ac1d1366c9bf9,kingsmarch_01_c6r3.tgm.header,Tiny_5,68849799,264
052785ec6d585e4e,kingsmarch_01_c6r29.tgm,Tiny_5,68845907,2349
d9828f71c5308bdb,kingsmarch_01_c6r29.tgm.header,Tiny_5,67288517,264
05365d2b542c81d1,kingsmarch_01_c6r28.tgm,Tiny_5,68843606,2301
7964c15c219cf835,kingsmarch_01_c6r28.tgm.header,Tiny_5,67430337,264
990dc26aa5e516e0,kingsmarch_01_c6r27.tgm,Tiny_5,68841389,2217
ab9c0ce817fe7a1d,kingsmarch_01_c6r27.tgm.header,Tiny_5,67427772,264
851b2671a6e17453,kingsmarch_01_c6r26.tgm,Tiny_5,68838604,2521
bda32b0b9662bf2d,kingsmarch_01_c6r26.tgm.header,Tiny_5,68841125,264
2d0c63cf80069f6e,kingsmarch_01_c6r25.tgm,Tiny_5,68836239,2101
373a5b8049865d90,kingsmarch_01_c6r25.tgm.header,Tiny_5,68838340,264
16d331ef917edf5e,kingsmarch_01_c6r24.tgm,Tiny_5,68833928,2047
189eff7bdf0ba5ed,kingsmarch_01_c6r24.tgm.header,Tiny_5,68835975,264
f944ca26b90ca6f9,kingsmarch_01_c6r23.tgm,Tiny_5,68831617,2047
93899129fc3c0a2e,kingsmarch_01_c6r23.tgm.header,Tiny_5,68833664,264
9cd7a71a6fba500e,kingsmarch_01_c6r22.tgm,Tiny_5,68828928,2425
0c152a1830e1123c,kingsmarch_01_c6r22.tgm.header,Tiny_5,68831353,264
bdd91c78f42ab247,kingsmarch_01_c6r21.tgm,Tiny_5,68824619,4045
28d80e7dba9ce74e,kingsmarch_01_c6r21.tgm.header,Tiny_5,68828664,264
c175862045ae248b,kingsmarch_01_c6r20.tgm,Folders/art/models/terrain/leagues/kalguuransettlers/tgms_3,1702194,4351
9e2db9c3fb190338,kingsmarch_01_c6r20.tgm.header,Tiny_5,68824355,264
73cd420a8c402121,kingsmarch_01_c6r2.tgm,Tiny_5,68822332,1759
1cbb5fe8bfbc9895,kingsmarch_01_c6r2.tgm.header,Tiny_5,68824091,264
2aede9c0424776ec,kingsmarch_01_c6r19.tgm,Tiny_5,68818455,3613
541f44222ca5a0b9,kingsmarch_01_c6r19.tgm.header,Tiny_5,68822068,264
8013f70ff3ebd381,kingsmarch_01_c6r18.tgm,Tiny_5,68815760,2695
6a19d0ff8dcb3402,kingsmarch_01_c6r18.tgm.header,Tiny_5,68173412,264
bc29959d98d197e0,kingsmarch_01_c6r17.tgm,Tiny_5,68813173,2587
cafed5a85be40dc5,kingsmarch_01_c6r17.tgm.header,Tiny_5,67333535,264
123f4b4f63b1adbe,kingsmarch_01_c6r16.tgm,Tiny_5,68809890,3019
60a0b2cc08a15a1e,kingsmarch_01_c6r16.tgm.header,Tiny_5,68812909,264
41d21fa921492380,kingsmarch_01_c6r15.tgm,Tiny_5,68806175,3451
3c178ac59676ab7f,kingsmarch_01_c6r15.tgm.header,Tiny_5,68809626,264
81209033d7c01f33,kingsmarch_01_c6r14.tgm,Tiny_5,68802532,3379
bae1ad3439518ddc,kingsmarch_01_c6r14.tgm.header,Tiny_5,68805911,264
34596279a304bf0d,kingsmarch_01_c6r13.tgm,Tiny_5,68798619,3649
bcd324e44e032957,kingsmarch_01_c6r13.tgm.header,Tiny_5,68802268,264
14ba145f31a6a6c2,kingsmarch_01_c6r12.tgm,Tiny_5,68794796,3559
ff906f6ff09a9fd5,kingsmarch_01_c6r12.tgm.header,Tiny_5,68798355,264
166dd26a7c0e466f,kingsmarch_01_c6r11.tgm,Folders/art/models/terrain/leagues/kalguuransettlers/tgms_3,1696413,5781
ca90fad86e248181,kingsmarch_01_c6r11.tgm.header,Tiny_5,68794532,264
2dc8025194f6957b,kingsmarch_01_c6r10.tgm,Folders/art/models/terrain/leagues/kalguuransettlers/tgms_3,1681678,14735
4cb862a0aa11ea1d,kingsmarch_01_c6r10.tgm.header,Tiny_5,68794268,264
0ab0d322d5a31c23,kingsmarch_01_c6r1.tgm,Tiny_5,68791525,2479
ee95356a602301f5,kingsmarch_01_c6r1.tgm.header,Tiny_5,68794004,264
763b236ef4c0b42f,kingsmarch_01_c5r9.tgm,Folders/art/models/terrain/leagues/kalguuransettlers/tgms_3,1677243,4435
752956712a5a148a,kingsmarch_01_c5r9.tgm.header,Tiny_5,68791261,264
d16805697d97e5f3,kingsmarch_01_c5r8.tgm,Folders/art/models/terrain/leagues/kalguuransettlers/tgms_3,1632754,44489
7a657823266fb544,kingsmarch_01_c5r8.tgm.header,Tiny_5,68790997,264
17859755e03fd583,kingsmarch_01_c5r7.tgm,Tiny_5,68787876,2857
2d652b7f98375a3f,kingsmarch_01_c5r7.tgm.header,Tiny_5,68790733,264
f9c761da5e03219b,kingsmarch_01_c5r6.tgm,Tiny_5,68784659,2953
94fc8d9df132cffe,kingsmarch_01_c5r6.tgm.header,Tiny_5,68787612,264
a16605d0807509e1,kingsmarch_01_c5r5.tgm,Tiny_5,68781436,2959
77035c8d2ce51cdf,kingsmarch_01_c5r5.tgm.header,Tiny_5,68784395,264
86c5bc4fc9c77905,kingsmarch_01_c5r4.tgm,Tiny_5,68779575,1597
f21ab23f47abe654,kingsmarch_01_c5r4.tgm.header,Tiny_5,68781172,264
62fde21aed055a7b,kingsmarch_01_c5r36.tgm,Tiny_5,68777982,1593
aaad0de00c543c96,kingsmarch_01_c5r36.tgm.header,Tiny_5,67379782,264
0f64ae4087d090eb,kingsmarch_01_c5r35.tgm,Tiny_5,68775777,2205
e5906c45a242ffca,kingsmarch_01_c5r35.tgm.header,Tiny_5,67589193,264
bf39e25d94f02f09,kingsmarch_01_c5r34.tgm,Tiny_5,68773572,2205
41d2052b0d4ed02c,kingsmarch_01_c5r34.tgm.header,Tiny_5,67774485,264
735882e57d55d63b,kingsmarch_01_c5r33.tgm,Tiny_5,68771025,2547
10ab4800e8af1bee,kingsmarch_01_c5r33.tgm.header,Tiny_5,67586242,264
209463fada7645b8,kingsmarch_01_c5r32.tgm,Tiny_5,68768496,2529
9adf2a480c69fbc0,kingsmarch_01_c5r32.tgm.header,Tiny_5,67769469,264
6b601a1e797ea501,kingsmarch_01_c5r31.tgm,Tiny_5,68765967,2529
cc6c7a1884a047aa,kingsmarch_01_c5r31.tgm.header,Tiny_5,67582949,264
1870388a3760ea45,kingsmarch_01_c5r30.tgm,Tiny_5,68763096,2871
cc459d9fdde50930,kingsmarch_01_c5r30.tgm.header,Tiny_5,67580156,264
104c31711b55666a,kingsmarch_01_c5r3.tgm,Tiny_5,68761271,1561
8738c412e10f5e65,kingsmarch_01_c5r3.tgm.header,Tiny_5,68762832,264
b0aec77cde8dc49a,kingsmarch_01_c5r29.tgm,Tiny_5,68758418,2853
183ca723651db06a,kingsmarch_01_c5r29.tgm.header,Tiny_5,67361889,264
bc6f1146f44135ea,kingsmarch_01_c5r28.tgm,Tiny_5,68755565,2853
89292fe6a9fe4282,kingsmarch_01_c5r28.tgm.header,Tiny_5,67358772,264
4427cae71b74e3df,kingsmarch_01_c5r27.tgm,Tiny_5,68752928,2637
a47933563e4acfac,kingsmarch_01_c5r27.tgm.header,Tiny_5,67355655,264
e99fb42d8c431ef4,kingsmarch_01_c5r26.tgm,Folders/art/models/terrain/leagues/kalguuransettlers/tgms_3,1625257,7497
bc26b0c333aa83a6,kingsmarch_01_c5r26.tgm.header,Tiny_5,68752664,264
0b849dae25bd99e0,kingsmarch_01_c5r25.tgm,Folders/art/models/terrain/leagues/kalguuransettlers/tgms_3,1115506,509751
b5fe2381c36ff06b,kingsmarch_01_c5r25.tgm.header,Tiny_5,68752314,350
c39b0e6c57e03fdf,kingsmarch_01_c5r24.tgm,Folders/art/models/terrain/leagues/kalguuransettlers/tgms_3,1102699,12807
3ab1e9042a10d8f8,kingsmarch_01_c5r24.tgm.header,Tiny_5,68752050,264
0817e309b1e4ce26,kingsmarch_01_c5r23.tgm,Tiny_5,68749145,2641
c446770819636751,kingsmarch_01_c5r23.tgm.header,Tiny_5,68751786,264
00feb31c70722d0d,kingsmarch_01_c5r22.tgm,Tiny_5,68745052,3829
84bfcf5a09847fda,kingsmarch_01_c5r22.tgm.header,Tiny_5,68748881,264
27ac512e9b902707,kingsmarch_01_c5r21.tgm,Folders/art/models/terrain/leagues/kalguuransettlers/tgms_3,1098600,4099
2128d33df270004e,kingsmarch_01_c5r21.tgm.header,Tiny_5,68744788,264
161c0c90843815c3,kingsmarch_01_c5r20.tgm,Tiny_5,68741931,2857
e1b2f0cc6db5e167,kingsmarch_01_c5r20.tgm.header,Tiny_5,67327881,264
eefbe3f0a013b7bb,kingsmarch_01_c5r2.tgm,Tiny_5,68739998,1669
c8241d25a69eaa27,kingsmarch_01_c5r2.tgm.header,Tiny_5,68741667,264
8a951998230ab854,kingsmarch_01_c5r19.tgm,Tiny_5,68736655,3343
2d07628bad1ffbb2,kingsmarch_01_c5r19.tgm.header,Tiny_5,67345455,264
ccbdeaf776569553,kingsmarch_01_c5r18.tgm,Tiny_5,68732886,3505
365cfa9bfedbc94a,kingsmarch_01_c5r18.tgm.header,Tiny_5,68736391,264
5d4bde51e59cf261,kingsmarch_01_c5r17.tgm,Tiny_5,68728649,3973
2f07356d43e343a7,kingsmarch_01_c5r17.tgm.header,Tiny_5,68732622,264
5c916f2ab014dfec,kingsmarch_01_c5r16.tgm,Tiny_5,68725150,3235
dfd9efc661370995,kingsmarch_01_c5r16.tgm.header,Tiny_5,68728385,264
5560fc4307aa0f13,kingsmarch_01_c5r15.tgm,Tiny_5,68722077,3073
d1f95d62ecef78a7,kingsmarch_01_c5r15.tgm.header,Tiny_5,67324760,264
b11ade50d1f270df,kingsmarch_01_c5r14.tgm,Tiny_5,68718632,3181
79a46b6fef80915b,kingsmarch_01_c5r14.tgm.header,Tiny_5,68721813,264
cace45f498d3eb9a,kingsmarch_01_c5r13.tgm,Tiny_5,68714701,3667
485274b7ce980573,kingsmarch_01_c5r13.tgm.header,Tiny_5,68718368,264
dfd28a1dfe4d3cf1,kingsmarch_01_c5r12.tgm,Tiny_5,68710566,3871
917aba7fe33f6c87,kingsmarch_01_c5r12.tgm.header,Tiny_5,68714437,264
8f2b9b9dad3a59ad,kingsmarch_01_c5r11.tgm,Folders/art/models/terrain/leagues/kalguuransettlers/tgms_3,1092159,6441
a316b30507062368,kingsmarch_01_c5r11.tgm.header,Tiny_5,68710302,264
de4fba60495722d2,kingsmarch_01_c5r10.tgm,Folders/art/models/terrain/leagues/kalguuransettlers/tgms_3,1077100,15059
582baad1be3bd72c,kingsmarch_01_c5r10.tgm.header,Tiny_5,68710038,264
c4fa6d7ba8399fb3,kingsmarch_01_c5r1.tgm,Tiny_5,68707457,2317
7788bbf471bae0ed,kingsmarch_01_c5r1.tgm.header,Tiny_5,68709774,264
7f507c09e9e73f32,kingsmarch_01_c4r9.tgm,Folders/art/models/terrain/leagues/kalguuransettlers/tgms_3,1071811,5289
4e92b516207cd66e,kingsmarch_01_c4r9.tgm.header,Tiny_5,68707193,264
acc136a72bec4e95,kingsmarch_01_c4r8.tgm,Folders/art/models/terrain/leagues/kalguuransettlers/tgms_3,1066558,5253
58d1d1d72adb3ee0,kingsmarch_01_c4r8.tgm.header,Tiny_5,68706929,264
829e47ded0ff9216,kingsmarch_01_c4r7.tgm,Folders/art/models/terrain/leagues/kalguuransettlers/tgms_3,1061947,4611
2300b68b78f8c5d0,kingsmarch_01_c4r7.tgm.header,Tiny_5,68706665,264
3a2010a20df05fe3,kingsmarch_01_c4r6.tgm,Tiny_5,68702492,3909
c74a547ff4428160,kingsmarch_01_c4r6.tgm.header,Tiny_5,68706401,264
32c086abc9158328,kingsmarch_01_c4r5.tgm,Tiny_5,68698277,3951
58239775ac08e4af,kingsmarch_01_c4r5.tgm.header,Tiny_5,68702228,264
c1e11f62bb5d7bd8,kingsmarch_01_c4r4.tgm,Tiny_5,68695262,2751
9dd897e162c903c9,kingsmarch_01_c4r4.tgm.header,Tiny_5,68698013,264
44e203d2c747de90,kingsmarch_01_c4r36.tgm,Tiny_5,68693981,1281
11db69ac8f0b99fe,kingsmarch_01_c4r36.tgm.header,Tiny_5,67303494,264
f7f22532d1548407,kingsmarch_01_c4r35.tgm,Tiny_5,68692280,1701
1bfc5977a9391da7,kingsmarch_01_c4r35.tgm.header,Tiny_5,67657618,264
1353b85bcb52afac,kingsmarch_01_c4r34.tgm,Tiny_5,68690573,1707
f97c247826707afd,kingsmarch_01_c4r34.tgm.header,Tiny_5,67714602,264
c416cff50542dad8,kingsmarch_01_c4r33.tgm,Tiny_5,68688476,2097
19d092b51d8b343f,kingsmarch_01_c4r33.tgm.header,Tiny_5,67512552,264
c6062a67c1c1c520,kingsmarch_01_c4r32.tgm,Tiny_5,68686451,2025
0530bd34803d73f3,kingsmarch_01_c4r32.tgm.header,Tiny_5,67441132,264
f5af58836ddabfb1,kingsmarch_01_c4r31.tgm,Tiny_5,68684420,2031
1b9ec0f19b555dd2,kingsmarch_01_c4r31.tgm.header,Tiny_5,67508166,264
3ccf49606966ed84,kingsmarch_01_c4r30.tgm,Tiny_5,68681999,2421
919a97365cf45484,kingsmarch_01_c4r30.tgm.header,Tiny_5,67505871,264
11d19bc8b181801b,kingsmarch_01_c4r3.tgm,Tiny_5,68680064,1671
457e226dd7d32291,kingsmarch_01_c4r3.tgm.header,Tiny_5,68681735,264
79ac2fdd406e8148,kingsmarch_01_c4r29.tgm,Folders/art/models/terrain/leagues/kalguuransettlers/tgms_3,1051340,10607
b38e4748757b7a9b,kingsmarch_01_c4r29.tgm.header,Tiny_5,68679800,264
487b9fca9227eda6,kingsmarch_01_c4r28.tgm,Tiny_5,68677445,2355
0bca2edef7b6fa39,kingsmarch_01_c4r28.tgm.header,Tiny_5,67952585,264
b3659ddbed13c050,kingsmarch_01_c4r27.tgm,Tiny_5,68674682,2499
1338af6a93bef309,kingsmarch_01_c4r27.tgm.header,Tiny_5,68677181,264
a1e2d7c140051f49,kingsmarch_01_c4r26.tgm,Tiny_5,68672003,2415
37b0ff96e3354326,kingsmarch_01_c4r26.tgm.header,Tiny_5,68674418,264
f6ccd20fa14e266e,kingsmarch_01_c4r25.tgm,Tiny_5,68669144,2595
a9e8bb138da5761c,kingsmarch_01_c4r25.tgm.header,Tiny_5,68671739,264
07c8e20b45503749,kingsmarch_01_c4r24.tgm,Folders/art/models/terrain/leagues/kalguuransettlers/tgms_3,436885,614455
d2d1ba58e4bf3c0c,kingsmarch_01_c4r24.tgm.header,Tiny_5,68668706,438
b8d122f4dfd4cddd,kingsmarch_01_c4r23.tgm,Folders/art/models/terrain/leagues/kalguuransettlers/tgms_3,424902,11983
790ef7bdb3b2a555,kingsmarch_01_c4r23.tgm.header,Tiny_5,68668400,306
2977145e1b8eee9b,kingsmarch_01_c4r22.tgm,Tiny_5,68664749,3387
64a49d81324dfd0f,kingsmarch_01_c4r22.tgm.header,Tiny_5,68668136,264
9892918c57fdd9be,kingsmarch_01_c4r21.tgm,Folders/art/models/terrain/leagues/kalguuransettlers/tgms_3,370349,54553
a01202ed84b81589,kingsmarch_01_c4r21.tgm.header,Tiny_5,68664047,702
970989633ebde7ba,kingsmarch_01_c4r20.tgm,Tiny_5,68660720,3063
6d81ba3352b52c4c,kingsmarch_01_c4r20.tgm.header,Tiny_5,68663783,264
817cd51df26b0fb2,kingsmarch_01_c4r2.tgm,Tiny_5,68658611,1845
fabdec6107705762,kingsmarch_01_c4r2.tgm.header,Tiny_5,68660456,264
e11e3d08e8c304a5,kingsmarch_01_c4r19.tgm,Tiny_5,68655188,3159
64446c54dfbb2c1a,kingsmarch_01_c4r19.tgm.header,Tiny_5,68658347,264
3117b9ec2507132c,kingsmarch_01_c4r18.tgm,Tiny_5,68651489,3435
a6246abaa9f5da51,kingsmarch_01_c4r18.tgm.header,Tiny_5,68654924,264
6f7e15cb4a81a2d7,kingsmarch_01_c4r17.tgm,Folders/art/models/terrain/leagues/kalguuransettlers/tgms_3,362784,7565
a7aac9b54c83cdc8,kingsmarch_01_c4r17.tgm.header,Tiny_5,68651225,264
41a9a3b9f46e4528,kingsmarch_01_c4r16.tgm,Folders/art/models/terrain/leagues/kalguuransettlers/tgms_3,357657,5127
abad9d19feae62e5,kingsmarch_01_c4r16.tgm.header,Tiny_5,68650961,264
f52206090df47913,kingsmarch_01_c4r15.tgm,Folders/art/models/terrain/leagues/kalguuransettlers/tgms_3,352716,4941
3b398f9c1efcda92,kingsmarch_01_c4r15.tgm.header,Tiny_5,68650697,264
a128dca859143021,kingsmarch_01_c4r14.tgm,Folders/art/models/terrain/leagues/kalguuransettlers/tgms_3,321719,30997
f12ec66c2c5cb649,kingsmarch_01_c4r14.tgm.header,Tiny_5,68650391,306
568de64b785e3a6a,kingsmarch_01_c4r13.tgm,Folders/art/models/terrain/leagues/kalguuransettlers/tgms_3,313150,8569
929f135b540a9c23,kingsmarch_01_c4r13.tgm.header,Tiny_5,68650085,306
2aacb7a4204b3883,kingsmarch_01_c4r12.tgm,Folders/art/models/terrain/leagues/kalguuransettlers/tgms_3,306539,6611
9977a8fd57610c32,kingsmarch_01_c4r12.tgm.header,Tiny_5,68649821,264
20a4e66c8b53bd41,kingsmarch_01_c4r11.tgm,Folders/art/models/terrain/leagues/kalguuransettlers/tgms_3,302210,4329
0e190a60a5f6b2d3,kingsmarch_01_c4r11.tgm.header,Tiny_5,68649557,264
8a04226333bfdee9,kingsmarch_01_c4r10.tgm,Folders/art/models/terrain/leagues/kalguuransettlers/tgms_3,297839,4371
a0a2816bde28ba44,kingsmarch_01_c4r10.tgm.header,Tiny_5,68649293,264
e487bd082dfe20f2,kingsmarch_01_c4r1.tgm,Tiny_5,68646350,2679
f37d6a234326b005,kingsmarch_01_c4r1.tgm.header,Tiny_5,68649029,264
df2633f6cad252c1,kingsmarch_01_c3r9.tgm,Folders/art/models/terrain/leagues/kalguuransettlers/tgms_3,293156,4683
f494becdbdc93800,kingsmarch_01_c3r9.tgm.header,Tiny_5,68646086,264
0ec014439bc08d0c,kingsmarch_01_c3r8.tgm,Folders/art/models/terrain/leagues/kalguuransettlers/tgms_3,287621,5535
572ddd6139cd6177,kingsmarch_01_c3r8.tgm.header,Tiny_5,68645822,264
4d975a123b3c1bc5,kingsmarch_01_c3r7.tgm,Folders/art/models/terrain/leagues/kalguuransettlers/tgms_3,282134,5487
411c044fe68e8672,kingsmarch_01_c3r7.tgm.header,Tiny_5,68645558,264
38fe2985c605a878,kingsmarch_01_c3r6.tgm,Folders/art/models/terrain/leagues/kalguuransettlers/tgms_3,276635,5499
94d8c2a932a4639e,kingsmarch_01_c3r6.tgm.header,Tiny_5,68645294,264
470748861edb98b3,kingsmarch_01_c3r5.tgm,Folders/art/models/terrain/leagues/kalguuransettlers/tgms_3,270740,5895
eac05ae3e05a5773,kingsmarch_01_c3r5.tgm.header,Tiny_5,68645030,264
cbe11c31353a31de,kingsmarch_01_c3r4.tgm,Folders/art/models/terrain/leagues/kalguuransettlers/tgms_3,266273,4467
39cdd82eda17a264,kingsmarch_01_c3r4.tgm.header,Tiny_5,68644766,264
dd6568976f5c1e4c,kingsmarch_01_c3r36.tgm,Tiny_5,68643593,1173
1057d662851a2497,kingsmarch_01_c3r36.tgm.header,Tiny_5,67659055,264
c92c50b794f3fe39,kingsmarch_01_c3r35.tgm,Tiny_5,68641628,1701
4b6f6f9ef9c4cdd5,kingsmarch_01_c3r35.tgm.header,Tiny_5,68643329,264
64734003cfb7ea58,kingsmarch_01_c3r34.tgm,Tiny_5,68639975,1653
d86161094f24bb11,kingsmarch_01_c3r34.tgm.header,Tiny_5,67655653,264
60e9c378b5eb601e,kingsmarch_01_c3r33.tgm,Tiny_5,68638040,1935
88ad50845410aaa5,kingsmarch_01_c3r33.tgm.header,Tiny_5,67443331,264
38c7372165d93e82,kingsmarch_01_c3r32.tgm,Tiny_5,68636015,2025
4ebfec6201d7bd61,kingsmarch_01_c3r32.tgm.header,Tiny_5,67441132,264
9d3590da45f57fd9,kingsmarch_01_c3r31.tgm,Tiny_5,68634038,1977
c675c1baba21d17f,kingsmarch_01_c3r31.tgm.header,Tiny_5,67649776,264
f6e555fa23c6ad02,kingsmarch_01_c3r30.tgm,Tiny_5,68631779,2259
4f475d8c6b424aee,kingsmarch_01_c3r30.tgm.header,Tiny_5,67436602,264
77a38c0d75990f62,kingsmarch_01_c3r3.tgm,Tiny_5,68628578,2937
29914de32d1cfb33,kingsmarch_01_c3r3.tgm.header,Tiny_5,68631515,264
3c1a66a9cbba18bf,kingsmarch_01_c3r29.tgm,Tiny_5,68626229,2349
c185fddd449a0b80,kingsmarch_01_c3r29.tgm.header,Tiny_5,67288517,264
4150817367d77dca,kingsmarch_01_c3r28.tgm,Tiny_5,68623664,2301
7fa0fbaf2cdc28be,kingsmarch_01_c3r28.tgm.header,Tiny_5,68625965,264
cfacc57d5632b345,kingsmarch_01_c3r27.tgm,Tiny_5,68620817,2583
1ded4de729ac0288,kingsmarch_01_c3r27.tgm.header,Tiny_5,68623400,264
560126291a7e11d1,kingsmarch_01_c3r26.tgm,Tiny_5,68618144,2673
1e6bd8c4c0b09b6a,kingsmarch_01_c3r26.tgm.header,Tiny_5,67946957,264
2a9a028c3bad0ddd,kingsmarch_01_c3r25.tgm,Tiny_5,68615255,2625
a1b24b8ea98199cf,kingsmarch_01_c3r25.tgm.header,Tiny_5,68617880,264
c66b11ffa613c7be,kingsmarch_01_c3r24.tgm,Tiny_5,68612084,2907
b7f7a02e471ae137,kingsmarch_01_c3r24.tgm.header,Tiny_5,68614991,264
cdc042fde9f9b8cc,kingsmarch_01_c3r23.tgm,Folders/art/models/terrain/leagues/kalguuransettlers/tgms_3,240244,26029
f4675730ace3dea1,kingsmarch_01_c3r23.tgm.header,Tiny_5,68611514,570
5b4a0326297ae93e,kingsmarch_01_c3r22.tgm,Tiny_5,68608301,2949
03de0024a896cb7d,kingsmarch_01_c3r22.tgm.header,Tiny_5,68611250,264
c1cdb7b890229675,kingsmarch_01_c3r21.tgm,Folders/art/models/terrain/leagues/kalguuransettlers/tgms_3,203413,36831
df7a10ac67cd7314,kingsmarch_01_c3r21.tgm.header,Tiny_5,68607951,350
e4f309351bf50faf,kingsmarch_01_c3r20.tgm,Tiny_5,68604630,3321
33b507a0966945bc,kingsmarch_01_c3r20.tgm.header,Tiny_5,67927559,264
c36e6c6513b3576f,kingsmarch_01_c3r2.tgm,Tiny_5,68601495,2871
1418e0ca311982bd,kingsmarch_01_c3r2.tgm.header,Tiny_5,68604366,264
b81a3eb60178f1f8,kingsmarch_01_c3r19.tgm,Folders/art/models/terrain/leagues/kalguuransettlers/tgms_3,175110,28303
aeb68665617c18b4,kingsmarch_01_c3r19.tgm.header,Tiny_5,68600925,570
e7dd9b3ca3643e4a,kingsmarch_01_c3r18.tgm,Folders/art/models/terrain/leagues/kalguuransettlers/tgms_3,144911,30199
ce55c7637cce3453,kingsmarch_01_c3r18.tgm.header,Tiny_5,68600355,570
9ef8b6ed849eb701,kingsmarch_01_c3r17.tgm,Folders/art/models/terrain/leagues/kalguuransettlers/tgms_3,138510,6401
75b6a924b1a17348,kingsmarch_01_c3r17.tgm.header,Tiny_5,68600091,264
56617b0e45503813,kingsmarch_01_c3r16.tgm,Folders/art/models/terrain/leagues/kalguuransettlers/tgms_3,124427,14083
a1f383a068137330,kingsmarch_01_c3r16.tgm.header,Tiny_5,68599785,306
d2291793ad7b521a,kingsmarch_01_c3r15.tgm,Folders/art/models/terrain/leagues/kalguuransettlers/tgms_3,119900,4527
19ebfcd777c79df7,kingsmarch_01_c3r15.tgm.header,Tiny_5,68599521,264
ca09ffbc988fb00a,kingsmarch_01_c3r14.tgm,Folders/art/models/terrain/leagues/kalguuransettlers/tgms_3,115439,4461
538bd3973bfd6e45,kingsmarch_01_c3r14.tgm.header,Tiny_5,68599257,264
4b325d2c289a2a37,kingsmarch_01_c3r13.tgm,Folders/art/models/terrain/leagues/kalguuransettlers/tgms_3,111164,4275
4d6ca0f7718cda02,kingsmarch_01_c3r13.tgm.header,Tiny_5,68598993,264
f1891423a79a035a,kingsmarch_01_c3r12.tgm,Folders/art/models/terrain/leagues/kalguuransettlers/tgms_3,51045,60119
63124755886f205a,kingsmarch_01_c3r12.tgm.header,Tiny_5,68598599,394
234e49e31c564297,kingsmarch_01_c3r11.tgm,Folders/art/models/terrain/leagues/kalguuransettlers/tgms_3,46050,4995
79ba756430b49893,kingsmarch_01_c3r11.tgm.header,Tiny_5,68598335,264
9dce78048c02196c,kingsmarch_01_c3r10.tgm,Folders/art/models/terrain/leagues/kalguuransettlers/tgms_3,41151,4899
47a732862d73a60f,kingsmarch_01_c3r10.tgm.header,Tiny_5,68598071,264
a8997a6cb427a646,kingsmarch_01_c3r1.tgm,Tiny_5,68594294,3513
9d8cdfda13f8c1ae,kingsmarch_01_c3r1.tgm.header,Tiny_5,68597807,264
872a1f8193f9c369,kingsmarch_01_c2r9.tgm,Folders/art/models/terrain/leagues/kalguuransettlers/tgms_3,36102,5049
a26040e9a90a85b6,kingsmarch_01_c2r9.tgm.header,Tiny_5,68594030,264
c84d412c1ee72318,kingsmarch_01_c2r8.tgm,Folders/art/models/terrain/leagues/kalguuransettlers/tgms_3,30117,5985
015a8f7615cecb1d,kingsmarch_01_c2r8.tgm.header,Tiny_5,68593766,264
afae85925b76ce28,kingsmarch_01_c2r7.tgm,Folders/art/models/terrain/leagues/kalguuransettlers/tgms_3,23796,6321
0243f201e8fc6eaa,kingsmarch_01_c2r7.tgm.header,Tiny_5,68593502,264
d8e1da32c0664c81,kingsmarch_01_c2r6.tgm,Folders/art/models/terrain/leagues/kalguuransettlers/tgms_3,17955,5841
62d8dbef89a3b70a,kingsmarch_01_c2r6.tgm.header,Tiny_5,68593238,264
1c682549acbf701e,kingsmarch_01_c2r5.tgm,Folders/art/models/terrain/leagues/kalguuransettlers/tgms_3,12078,5877
760bf08c06612587,kingsmarch_01_c2r5.tgm.header,Tiny_5,68592974,264
1853b656e7a277e5,kingsmarch_01_c2r4.tgm,Folders/art/models/terrain/leagues/kalguuransettlers/tgms_3,5175,6903
041d810270ae1131,kingsmarch_01_c2r4.tgm.header,Tiny_5,68592710,264
06d6ec90926a914d,kingsmarch_01_c2r36.tgm,Tiny_5,68590853,1593
851c8311e3fdfafe,kingsmarch_01_c2r36.tgm.header,Tiny_5,68592446,264
c328ef38b3f91671,kingsmarch_01_c2r35.tgm,Tiny_5,68588384,2205
f78e4af2bde077c3,kingsmarch_01_c2r35.tgm.header,Tiny_5,68590589,264
42ef16cc3c2fca89,kingsmarch_01_c2r34.tgm,Tiny_5,68586179,2205
934406fa4ab1ccb0,kingsmarch_01_c2r34.tgm.header,Tiny_5,67774485,264
34408c95b301d63a,kingsmarch_01_c2r33.tgm,Tiny_5,68583632,2547
a2e0440e12bee0dc,kingsmarch_01_c2r33.tgm.header,Tiny_5,67586242,264
5cb802c22cb03f2a,kingsmarch_01_c2r32.tgm,Tiny_5,68581103,2529
4d2748b793e021c1,kingsmarch_01_c2r32.tgm.header,Tiny_5,67769469,264
11f9037a1edb967c,kingsmarch_01_c2r31.tgm,Tiny_5,68578574,2529
bedec0554fe6d599,kingsmarch_01_c2r31.tgm.header,Tiny_5,67582949,264
e91bf902dd6a91cc,kingsmarch_01_c2r30.tgm,Tiny_5,68575703,2871
b3bb20fe0cd92a5f,kingsmarch_01_c2r30.tgm.header,Tiny_5,67580156,264
a672d1959ed84e52,kingsmarch_01_c2r3.tgm,Folders/art/models/terrain/leagues/kalguuransettlers/tgms_3,0,5175
ba4e45ce1b80b717,kingsmarch_01_c2r3.tgm.header,Tiny_5,68575439,264
7e0b6a2988170943,kingsmarch_01_c2r29.tgm,Tiny_5,68572586,2853
d60222393ad27836,kingsmarch_01_c2r29.tgm.header,Tiny_5,67361889,264
a7b702829094c876,kingsmarch_01_c2r28.tgm,Tiny_5,68569733,2853
7b97822285c9906f,kingsmarch_01_c2r28.tgm.header,Tiny_5,67358772,264
13dc95621419ca3d,kingsmarch_01_c2r27.tgm,Tiny_5,68566274,3195
a445f448a41b61b5,kingsmarch_01_c2r27.tgm.header,Tiny_5,68569469,264
e3549caff2df1880,kingsmarch_01_c2r26.tgm,Tiny_5,68562833,3177
20eeadba76a15ad8,kingsmarch_01_c2r26.tgm.header,Tiny_5,68566010,264
0b40b8be42c02b1e,kingsmarch_01_c2r25.tgm,Folders/art/models/terrain/leagues/kalguuransettlers/tgms_2,2652465,211315
66a1f21626635941,kingsmarch_01_c2r25.tgm.header,Tiny_5,68562263,570
423130971cb43d05,kingsmarch_01_c2r24.tgm,Tiny_5,68558480,3519
d9def910c40b7681,kingsmarch_01_c2r24.tgm.header,Tiny_5,68561999,264
0b9c72f85a3f4db3,kingsmarch_01_c2r23.tgm,Tiny_5,68554979,3501
e5d1c495c2db6d7e,kingsmarch_01_c2r23.tgm.header,Tiny_5,68411328,264
4760e3b244217674,kingsmarch_01_c2r22.tgm,Tiny_5,68551214,3501
46d6524ed89e44c0,kingsmarch_01_c2r22.tgm.header,Tiny_5,68554715,264
0ff25e478dd1370b,kingsmarch_01_c2r21.tgm,Tiny_5,68547107,3843
c8693ac94e808763,kingsmarch_01_c2r21.tgm.header,Tiny_5,68550950,264
3b01a815b9969be3,kingsmarch_01_c2r20.tgm,Tiny_5,68543018,3825
2c64fcb5c8c8a9dd,kingsmarch_01_c2r20.tgm.header,Tiny_5,68546843,264
15464bb88cee8595,kingsmarch_01_c2r2.tgm,Tiny_5,68539685,3069
7ae3be17c8c8f06d,kingsmarch_01_c2r2.tgm.header,Tiny_5,68542754,264
c41ebfffeb0bbb04,kingsmarch_01_c2r19.tgm,Tiny_5,68535596,3825
a64b836e050d0b1e,kingsmarch_01_c2r19.tgm.header,Tiny_5,68539421,264
bd3c919fed522adb,kingsmarch_01_c2r18.tgm,Folders/art/models/terrain/leagues/kalguuransettlers/tgms_2,2616666,35799
ddf7f895b000ba39,kingsmarch_01_c2r18.tgm.header,Tiny_5,68535246,350
b3d86b2bf2c4c0b5,kingsmarch_01_c2r17.tgm,Folders/art/models/terrain/leagues/kalguuransettlers/tgms_2,2612517,4149
f83c448d5d1b8edd,kingsmarch_01_c2r17.tgm.header,Tiny_5,68534982,264
fcd07555defdfcc6,kingsmarch_01_c2r16.tgm,Folders/art/models/terrain/leagues/kalguuransettlers/tgms_2,2608368,4149
32cc1a034247dd78,kingsmarch_01_c2r16.tgm.header,Tiny_5,68534718,264
a89d8cd0f7ad2e8f,kingsmarch_01_c2r15.tgm,Folders/art/models/terrain/leagues/kalguuransettlers/tgms_2,2603877,4491
619dd0dd91e6e0f8,kingsmarch_01_c2r15.tgm.header,Tiny_5,68534454,264
9924994adb2aa9cd,kingsmarch_01_c2r14.tgm,Folders/art/models/terrain/leagues/kalguuransettlers/tgms_2,2599404,4473
08120441df771206,kingsmarch_01_c2r14.tgm.header,Tiny_5,68534190,264
3d1fc5d22763bdee,kingsmarch_01_c2r13.tgm,Folders/art/models/terrain/leagues/kalguuransettlers/tgms_2,2594931,4473
af469ef102c55da6,kingsmarch_01_c2r13.tgm.header,Tiny_5,68533926,264
5da93a18ad13aeea,kingsmarch_01_c2r12.tgm,Folders/art/models/terrain/leagues/kalguuransettlers/tgms_2,2590038,4893
19eba048899b5bcd,kingsmarch_01_c2r12.tgm.header,Tiny_5,68533662,264
0c529b89ec99fd4c,kingsmarch_01_c2r11.tgm,Folders/art/models/terrain/leagues/kalguuransettlers/tgms_2,2584749,5289
012110f0dd38e606,kingsmarch_01_c2r11.tgm.header,Tiny_5,68533398,264
5ddd5c495b34f01f,kingsmarch_01_c2r10.tgm,Folders/art/models/terrain/leagues/kalguuransettlers/tgms_2,2579700,5049
aa236dc2f4e8bc4d,kingsmarch_01_c2r10.tgm.header,Tiny_5,68533134,264
6f9cecfd7fb49d00,kingsmarch_01_c2r1.tgm,Tiny_5,68529549,3321
d28db9c5dbfa38f8,kingsmarch_01_c2r1.tgm.header,Tiny_5,68532870,264
1c139b12f1026988,kingsmarch_01_c27r9.tgm,Folders/art/models/terrain/leagues/kalguuransettlers/tgms_2,2575395,4305
07d20749b3f968b0,kingsmarch_01_c27r9.tgm.header,Tiny_5,68529285,264
2e295129dbb56124,kingsmarch_01_c27r8.tgm,Folders/art/models/terrain/leagues/kalguuransettlers/tgms_2,2570454,4941
67181379e8677fe1,kingsmarch_01_c27r8.tgm.header,Tiny_5,68529021,264
1da38bc8f2e97f15,kingsmarch_01_c27r7.tgm,Folders/art/models/terrain/leagues/kalguuransettlers/tgms_2,2565561,4893
c7e27fc78aa21781,kingsmarch_01_c27r7.tgm.header,Tiny_5,68528757,264
742a91dc4de1d123,kingsmarch_01_c27r6.tgm,Folders/art/models/terrain/leagues/kalguuransettlers/tgms_2,2560278,5283
42363b0d651197cc,kingsmarch_01_c27r6.tgm.header,Tiny_5,68528493,264
3551c23e5d2f96f6,kingsmarch_01_c27r5.tgm,Folders/art/models/terrain/leagues/kalguuransettlers/tgms_2,2554797,5481
28ab2c945b9e7f90,kingsmarch_01_c27r5.tgm.header,Tiny_5,68528229,264
f57fc595eb44069b,kingsmarch_01_c27r4.tgm,Folders/art/models/terrain/leagues/kalguuransettlers/tgms_2,2549358,5439
a8f17af2f635f0a0,kingsmarch_01_c27r4.tgm.header,Tiny_5,68527965,264
1afef010839b766e,kingsmarch_01_c27r36.tgm,Tiny_5,68526528,1173
4a467126bd73f8ee,kingsmarch_01_c27r36.tgm.header,Tiny_5,68527701,264
5b62db708769dffd,kingsmarch_01_c27r35.tgm,Tiny_5,68524509,1755
6ee7d7068958218c,kingsmarch_01_c27r35.tgm.header,Tiny_5,68526264,264
6831644b05cb7b8b,kingsmarch_01_c27r34.tgm,Tiny_5,68522592,1653
da670571a0b6cfef,kingsmarch_01_c27r34.tgm.header,Tiny_5,68524245,264
053771734743077e,kingsmarch_01_c27r33.tgm,Tiny_5,68520393,1935
06edc44fcaf1e144,kingsmarch_01_c27r33.tgm.header,Tiny_5,68522328,264
8b4a3fd0a232bf95,kingsmarch_01_c27r32.tgm,Tiny_5,68518104,2025
e8b2823a74c5de53,kingsmarch_01_c27r32.tgm.header,Tiny_5,68520129,264
ce91d606eef25a61,kingsmarch_01_c27r31.tgm,Tiny_5,68515863,1977
efa5ae7cd7a2c490,kingsmarch_01_c27r31.tgm.header,Tiny_5,68517840,264
24d5a238d56ae798,kingsmarch_01_c27r30.tgm,Tiny_5,68513340,2259
9ab2a93b2ce8f094,kingsmarch_01_c27r30.tgm.header,Tiny_5,68515599,264
66969f49c5a5a9fa,kingsmarch_01_c27r3.tgm,Folders/art/models/terrain/leagues/kalguuransettlers/tgms_2,2543649,5709
f63d5a3637c87d37,kingsmarch_01_c27r3.tgm.header,Tiny_5,68513076,264
5bb4ff15aa8382f4,kingsmarch_01_c27r29.tgm,Tiny_5,68510463,2349
d97373d51c7d0555,kingsmarch_01_c27r29.tgm.header,Tiny_5,68512812,264
3bb309dc8d47185b,kingsmarch_01_c27r28.tgm,Tiny_5,68507898,2301
a4e40fae773c16f3,kingsmarch_01_c27r28.tgm.header,Tiny_5,68510199,264
92a143fe410c578b,kingsmarch_01_c27r27.tgm,Tiny_5,68505051,2583
75e22803045fbb68,kingsmarch_01_c27r27.tgm.header,Tiny_5,68507634,264
573d0d9eec1e5cb1,kingsmarch_01_c27r26.tgm,Tiny_5,68502114,2673
81473d4ddf2bb0d6,kingsmarch_01_c27r26.tgm.header,Tiny_5,68504787,264
7a4e3d54d574a803,kingsmarch_01_c27r25.tgm,Tiny_5,68499225,2625
b9fed2a34d8259e3,kingsmarch_01_c27r25.tgm.header,Tiny_5,68501850,264
c6da8b86fe80a972,kingsmarch_01_c27r24.tgm,Tiny_5,68496054,2907
bc1bc469995f35ae,kingsmarch_01_c27r24.tgm.header,Tiny_5,68498961,264
fcc600df4abc5f0c,kingsmarch_01_c27r23.tgm,Folders/art/models/terrain/leagues/kalguuransettlers/tgms_2,2538816,4833
8c1c355e6d9f8fe9,kingsmarch_01_c27r23.tgm.header,Tiny_5,68495790,264
010ec2706a634114,kingsmarch_01_c27r22.tgm,Folders/art/models/terrain/leagues/kalguuransettlers/tgms_2,2533101,5715
356768f4ab34cc35,kingsmarch_01_c27r22.tgm.header,Tiny_5,68495526,264
824d2c42be057d3d,kingsmarch_01_c27r21.tgm,Folders/art/models/terrain/leagues/kalguuransettlers/tgms_2,2526804,6297
2a67448bbb5ebd8b,kingsmarch_01_c27r21.tgm.header,Tiny_5,68495262,264
b6224c87fe7f332f,kingsmarch_01_c27r20.tgm,Folders/art/models/terrain/leagues/kalguuransettlers/tgms_2,2520159,6645
e047da4aea0f5742,kingsmarch_01_c27r20.tgm.header,Tiny_5,68494998,264
d49333d121d34ffb,kingsmarch_01_c27r2.tgm,Folders/art/models/terrain/leagues/kalguuransettlers/tgms_2,2513382,6777
3d25caacac1b081c,kingsmarch_01_c27r2.tgm.header,Tiny_5,68494734,264
f1ba27be9c7d2de6,kingsmarch_01_c27r19.tgm,Folders/art/models/terrain/leagues/kalguuransettlers/tgms_2,2507487,5895
32dbd7db231a1396,kingsmarch_01_c27r19.tgm.header,Tiny_5,68494470,264
8141a7b99abd9757,kingsmarch_01_c27r18.tgm,Folders/art/models/terrain/leagues/kalguuransettlers/tgms_2,2243156,264331
5deb2fed759ca9e1,kingsmarch_01_c27r18.tgm.header,Tiny_5,68491392,3078
44ef334006ccf8fb,kingsmarch_01_c27r17.tgm,Folders/art/models/terrain/leagues/kalguuransettlers/tgms_2,2237165,5991
84b3c15ebd0da063,kingsmarch_01_c27r17.tgm.header,Tiny_5,68491128,264
be424866264f0d66,kingsmarch_01_c27r16.tgm,Folders/art/models/terrain/leagues/kalguuransettlers/tgms_2,2232062,5103
ed545561cd3af1a7,kingsmarch_01_c27r16.tgm.header,Tiny_5,68490864,264
612b50cb0ae62778,kingsmarch_01_c27r15.tgm,Folders/art/models/terrain/leagues/kalguuransettlers/tgms_2,2227427,4635
edf63d7dbcb80e73,kingsmarch_01_c27r15.tgm.header,Tiny_5,68490600,264
edc99f35aa57bda9,kingsmarch_01_c27r14.tgm,Folders/art/models/terrain/leagues/kalguuransettlers/tgms_2,2222486,4941
e200ee8af53776d5,kingsmarch_01_c27r14.tgm.header,Tiny_5,68490336,264
50ca1057ddd1df33,kingsmarch_01_c27r13.tgm,Folders/art/models/terrain/leagues/kalguuransettlers/tgms_2,2217377,5109
a60fd3baed74a968,kingsmarch_01_c27r13.tgm.header,Tiny_5,68490072,264
89170b6d34500453,kingsmarch_01_c27r12.tgm,Folders/art/models/terrain/leagues/kalguuransettlers/tgms_2,2212334,5043
7a799ed5980cb7fe,kingsmarch_01_c27r12.tgm.header,Tiny_5,68489808,264
1e9086d2e76a3888,kingsmarch_01_c27r11.tgm,Folders/art/models/terrain/leagues/kalguuransettlers/tgms_2,2207747,4587
d56bea0c85b67c5a,kingsmarch_01_c27r11.tgm.header,Tiny_5,68489544,264
ebbebd321808f4cb,kingsmarch_01_c27r10.tgm,Folders/art/models/terrain/leagues/kalguuransettlers/tgms_2,2203496,4251
fa3e36f4434778cc,kingsmarch_01_c27r10.tgm.header,Tiny_5,68489280,264
aeea4df5390854ce,kingsmarch_01_c27r1.tgm,Folders/art/models/terrain/leagues/kalguuransettlers/tgms_2,2199083,4413
000731cefd708585,kingsmarch_01_c27r1.tgm.header,Tiny_5,68489016,264
570d15e82ff1cb98,kingsmarch_01_c26r9.tgm,Tiny_5,68485647,3105
aa589ebd4f05826f,kingsmarch_01_c26r9.tgm.header,Tiny_5,68488752,264
abce079d3a3c18a5,kingsmarch_01_c26r8.tgm,Tiny_5,68482038,3609
29f4fc828190659d,kingsmarch_01_c26r8.tgm.header,Tiny_5,68388066,264
ad24fe6e8b2545c5,kingsmarch_01_c26r7.tgm,Tiny_5,68478591,3447
c25ae220345163f6,kingsmarch_01_c26r7.tgm.header,Tiny_5,68396100,264
b9c723acbede5b20,kingsmarch_01_c26r6.tgm,Tiny_5,68474430,3897
f4e006486bec2b29,kingsmarch_01_c26r6.tgm.header,Tiny_5,68478327,264
3ca2c51f025f49e1,kingsmarch_01_c26r5.tgm,Tiny_5,68470821,3609
8c9349b91ff8f331,kingsmarch_01_c26r5.tgm.header,Tiny_5,68388066,264
a9a1bd3d78c4008b,kingsmarch_01_c26r4.tgm,Tiny_5,68467506,3051
bba215698b155155,kingsmarch_01_c26r4.tgm.header,Tiny_5,68470557,264
07bd69d9e170d54a,kingsmarch_01_c26r36.tgm,Tiny_5,68465913,1593
4ac1864322b6a6c3,kingsmarch_01_c26r36.tgm.header,Tiny_5,67379782,264
4e448423c6cf47e3,kingsmarch_01_c26r35.tgm,Tiny_5,68463390,2259
e35d73c5699cc409,kingsmarch_01_c26r35.tgm.header,Tiny_5,68465649,264
e69c1eb27542d501,kingsmarch_01_c26r34.tgm,Tiny_5,68461185,2205
40b5984d1e9ae003,kingsmarch_01_c26r34.tgm.header,Tiny_5,67774485,264
4a1b56b79ef5096b,kingsmarch_01_c26r33.tgm,Tiny_5,68458746,2439
2fe9bfdeb7e892e4,kingsmarch_01_c26r33.tgm.header,Tiny_5,68192219,264
5424de9b8d425288,kingsmarch_01_c26r32.tgm,Tiny_5,68456061,2421
b38dd9858e35f0a4,kingsmarch_01_c26r32.tgm.header,Tiny_5,68458482,264
4d4e78afe96afc28,kingsmarch_01_c26r31.tgm,Tiny_5,68453376,2421
c0e7ac504f95469b,kingsmarch_01_c26r31.tgm.header,Tiny_5,68455797,264
959e40d048e51482,kingsmarch_01_c26r30.tgm,Tiny_5,68450613,2763
4bf790922f43340a,kingsmarch_01_c26r30.tgm.header,Tiny_5,68339367,264
305f51258ea8badc,kingsmarch_01_c26r3.tgm,Tiny_5,68447406,2943
a490373f2d7311e3,kingsmarch_01_c26r3.tgm.header,Tiny_5,68450349,264
8e06956355a8eb18,kingsmarch_01_c26r29.tgm,Tiny_5,68444397,2745
a79a53081776d1f2,kingsmarch_01_c26r29.tgm.header,Tiny_5,68447142,264
d1ef68111cb97cbb,kingsmarch_01_c26r28.tgm,Tiny_5,68441388,2745
faadbe6e2357f8c8,kingsmarch_01_c26r28.tgm.header,Tiny_5,68444133,264
c54e3d7c0f1e31b2,kingsmarch_01_c26r27.tgm,Tiny_5,68438037,3087
a1575353f33700e6,kingsmarch_01_c26r27.tgm.header,Tiny_5,68441124,264
26b43e540d3ffbb6,kingsmarch_01_c26r26.tgm,Tiny_5,68434704,3069
e5b8e613f6dd3459,kingsmarch_01_c26r26.tgm.header,Tiny_5,68437773,264
12d3a68d77aca3e8,kingsmarch_01_c26r25.tgm,Tiny_5,68431371,3069
de393e4358d5d5c9,kingsmarch_01_c26r25.tgm.header,Tiny_5,68434440,264
7cb2f11b84679f21,kingsmarch_01_c26r24.tgm,Tiny_5,68427696,3411
a5f6ecda3f2a5133,kingsmarch_01_c26r24.tgm.header,Tiny_5,68431107,264
19523b04879abca6,kingsmarch_01_c26r23.tgm,Tiny_5,68424039,3393
d16fc5c5c560fed7,kingsmarch_01_c26r23.tgm.header,Tiny_5,68427432,264
c62c34bf0e3ac7b9,kingsmarch_01_c26r22.tgm,Tiny_5,68420220,3555
149efb8939c38354,kingsmarch_01_c26r22.tgm.header,Tiny_5,68423775,264
084c7596051dadd1,kingsmarch_01_c26r21.tgm,Tiny_5,68415951,4005
860e9dad97c82c9a,kingsmarch_01_c26r21.tgm.header,Tiny_5,68419956,264
48e66e7778ae8d2e,kingsmarch_01_c26r20.tgm,Tiny_5,68411592,4095
51e8e1c68c389ec7,kingsmarch_01_c26r20.tgm.header,Tiny_5,68415687,264
ff7bd277b2978d8d,kingsmarch_01_c26r2.tgm,Tiny_5,68407827,3501
086dae8cb0654b59,kingsmarch_01_c26r2.tgm.header,Tiny_5,68411328,264
b069495cd80069f0,kingsmarch_01_c26r19.tgm,Folders/art/models/terrain/leagues/kalguuransettlers/tgms_2,2193938,5145
8238d020dc6e77b0,kingsmarch_01_c26r19.tgm.header,Tiny_5,68407563,264
ca30c2ff1f54727b,kingsmarch_01_c26r18.tgm,Folders/art/models/terrain/leagues/kalguuransettlers/tgms_2,2188115,5823
70bca8a31f9d59a3,kingsmarch_01_c26r18.tgm.header,Tiny_5,68407299,264
586fb987e576a19b,kingsmarch_01_c26r17.tgm,Folders/art/models/terrain/leagues/kalguuransettlers/tgms_2,2183300,4815
0cd1f7d80dec8578,kingsmarch_01_c26r17.tgm.header,Tiny_5,68407035,264
bfba8895ff2cffbe,kingsmarch_01_c26r16.tgm,Tiny_5,68403480,3291
ef4c1d50e2facc39,kingsmarch_01_c26r16.tgm.header,Tiny_5,68406771,264
86398ed3d069b399,kingsmarch_01_c26r15.tgm,Tiny_5,68399967,3249
b22959372b9bf40b,kingsmarch_01_c26r15.tgm.header,Tiny_5,68403216,264
08be74009cccf43f,kingsmarch_01_c26r14.tgm,Tiny_5,68396364,3339
10aea018ecaf233e,kingsmarch_01_c26r14.tgm.header,Tiny_5,68399703,264
16990cbd802d895f,kingsmarch_01_c26r13.tgm,Tiny_5,68392653,3447
9bf448a0cc2f7d47,kingsmarch_01_c26r13.tgm.header,Tiny_5,68396100,264
87035b5f3de05f49,kingsmarch_01_c26r12.tgm,Tiny_5,68388330,4059
2eba0e205b915173,kingsmarch_01_c26r12.tgm.header,Tiny_5,68392389,264
a59481ec2dde00b1,kingsmarch_01_c26r11.tgm,Tiny_5,68384457,3609
4d5ed661670fe0b3,kingsmarch_01_c26r11.tgm.header,Tiny_5,68388066,264
185283494f2b6693,kingsmarch_01_c26r10.tgm,Tiny_5,68381358,2835
ef925c36bce41973,kingsmarch_01_c26r10.tgm.header,Tiny_5,68384193,264
6ba524c1524182e8,kingsmarch_01_c26r1.tgm,Tiny_5,68378151,2943
a7935051da7c3ac1,kingsmarch_01_c26r1.tgm.header,Tiny_5,68381094,264
902c29e76526ad89,kingsmarch_01_c25r9.tgm,Tiny_5,68375520,2367
b7fe40f9973dd29d,kingsmarch_01_c25r9.tgm.header,Tiny_5,68377887,264
14e7806bbd92a67d,kingsmarch_01_c25r8.tgm,Tiny_5,68372415,2841
752b1d8c1796c77c,kingsmarch_01_c25r8.tgm.header,Tiny_5,68375256,264
957294b2c4b3ee72,kingsmarch_01_c25r7.tgm,Tiny_5,68369682,2469
d4e0d668c2b15c11,kingsmarch_01_c25r7.tgm.header,Tiny_5,68372151,264
e09471afc2b70ced,kingsmarch_01_c25r6.tgm,Tiny_5,68366505,2913
025e3bbdbae6630e,kingsmarch_01_c25r6.tgm.header,Tiny_5,68369418,264
c7cc21bd6a5c92c2,kingsmarch_01_c25r5.tgm,Tiny_5,68363454,2787
a08e5a818a3c9f73,kingsmarch_01_c25r5.tgm.header,Tiny_5,68366241,264
2d1aee57b7d24366,kingsmarch_01_c25r4.tgm,Tiny_5,68360769,2421
cfaf2a08afb4af9d,kingsmarch_01_c25r4.tgm.header,Tiny_5,68363190,264
a834c96b9100a699,kingsmarch_01_c25r36.tgm,Tiny_5,68358732,1773
47e275f4980a52d1,kingsmarch_01_c25r36.tgm.header,Tiny_5,68360505,264
44774fb8592a42cc,kingsmarch_01_c25r35.tgm,Tiny_5,68356137,2331
7d3186d0e5ced113,kingsmarch_01_c25r35.tgm.header,Tiny_5,68358468,264
07a25b8ff4744b23,kingsmarch_01_c25r34.tgm,Tiny_5,68353674,2199
670c5e4c6767380e,kingsmarch_01_c25r34.tgm.header,Tiny_5,68355873,264
ebbbe1330d9ab0fd,kingsmarch_01_c25r33.tgm,Tiny_5,68350767,2643
b2d4e53f698aab94,kingsmarch_01_c25r33.tgm.header,Tiny_5,68353410,264
5cccc190eb72b2e9,kingsmarch_01_c25r32.tgm,Tiny_5,68348064,2439
d3058ed70bbb470a,kingsmarch_01_c25r32.tgm.header,Tiny_5,68350503,264
22ff6501cd36563a,kingsmarch_01_c25r31.tgm,Tiny_5,68345493,2307
9d7874573a2e1e60,kingsmarch_01_c25r31.tgm.header,Tiny_5,68347800,264
adaed0d866fb3b66,kingsmarch_01_c25r30.tgm,Tiny_5,68342370,2859
44a9c6a7e3ad6b4f,kingsmarch_01_c25r30.tgm.header,Tiny_5,68345229,264
60cfd6451022a44f,kingsmarch_01_c25r3.tgm,Tiny_5,68339631,2475
cc2c920fb8231c0a,kingsmarch_01_c25r3.tgm.header,Tiny_5,68342106,264
93e2a300216afedf,kingsmarch_01_c25r29.tgm,Tiny_5,68336604,2763
229f3ca4c791f56d,kingsmarch_01_c25r29.tgm.header,Tiny_5,68339367,264
cf00384ac53acff0,kingsmarch_01_c25r28.tgm,Tiny_5,68333547,2793
7fcfdf1ac6978eb2,kingsmarch_01_c25r28.tgm.header,Tiny_5,68336340,264
ca385e547ce9ad94,kingsmarch_01_c25r27.tgm,Tiny_5,68329746,3537
6b4c84672d3aa83f,kingsmarch_01_c25r27.tgm.header,Tiny_5,68333283,264
5e689b2053aa3f1b,kingsmarch_01_c25r26.tgm,Tiny_5,68326011,3471
7e1c01a2dcda1ae8,kingsmarch_01_c25r26.tgm.header,Tiny_5,68329482,264
659e721dd7952f1e,kingsmarch_01_c25r25.tgm,Tiny_5,68322168,3579
baccae52b10e0ade,kingsmarch_01_c25r25.tgm.header,Tiny_5,68325747,264
7df354e78ef8a3f3,kingsmarch_01_c25r24.tgm,Folders/art/models/terrain/leagues/kalguuransettlers/tgms_2,2178515,4785
9bd102ee62791a48,kingsmarch_01_c25r24.tgm.header,Tiny_5,68321904,264
a053bb463a0c19f9,kingsmarch_01_c25r23.tgm,Folders/art/models/terrain/leagues/kalguuransettlers/tgms_2,2173562,4953
1af9be38d295b98d,kingsmarch_01_c25r23.tgm.header,Tiny_5,68321640,264
7953371d2dead1dd,kingsmarch_01_c25r22.tgm,Folders/art/models/terrain/leagues/kalguuransettlers/tgms_2,2132451,41111
888baa3e82da2805,kingsmarch_01_c25r22.tgm.header,Tiny_5,68320982,658
8a4a8c0690f4421c,kingsmarch_01_c25r21.tgm,Tiny_5,68317265,3453
08d8fcf8945ae9da,kingsmarch_01_c25r21.tgm.header,Tiny_5,68320718,264
7cda5a04b5d28a7a,kingsmarch_01_c25r20.tgm,Folders/art/models/terrain/leagues/kalguuransettlers/tgms_2,2023904,108547
193909a2c1f74a05,kingsmarch_01_c25r20.tgm.header,Tiny_5,68316959,306
e6bc989bdf9108c7,kingsmarch_01_c25r2.tgm,Tiny_5,68313800,2895
982a6f50d4c3ebfa,kingsmarch_01_c25r2.tgm.header,Tiny_5,68316695,264
f0f02ba8a528aa17,kingsmarch_01_c25r19.tgm,Tiny_5,68310515,3021
b874c3073a7cec61,kingsmarch_01_c25r19.tgm.header,Tiny_5,68313536,264
d86eb4cd0e2d4eca,kingsmarch_01_c25r18.tgm,Tiny_5,68306438,3813
07daeb1affb3f92c,kingsmarch_01_c25r18.tgm.header,Tiny_5,68310251,264
19ecdc788da9b0fc,kingsmarch_01_c25r17.tgm,Folders/art/models/terrain/leagues/kalguuransettlers/tgms_2,2019371,4533
6ae9c7c44c623bf6,kingsmarch_01_c25r17.tgm.header,Tiny_5,68306174,264
dddd144be58efbab,kingsmarch_01_c25r16.tgm,Folders/art/models/terrain/leagues/kalguuransettlers/tgms_2,1994078,25293
2e5994333dbbce54,kingsmarch_01_c25r16.tgm.header,Tiny_5,68305692,482
f0b000642a57a8ff,kingsmarch_01_c25r15.tgm,Folders/art/models/terrain/leagues/kalguuransettlers/tgms_2,1986957,7121
590a5de8dcf9b70c,kingsmarch_01_c25r15.tgm.header,Tiny_5,68305428,264
70bc53688d3bf91b,kingsmarch_01_c25r14.tgm,Tiny_5,68302431,2733
4f41cd5eeb6cbdb8,kingsmarch_01_c25r14.tgm.header,Tiny_5,68305164,264
19f37728d5f36842,kingsmarch_01_c25r13.tgm,Tiny_5,68299482,2685
a30de3ce1a584262,kingsmarch_01_c25r13.tgm.header,Tiny_5,68302167,264
d0bd59d18ad710ef,kingsmarch_01_c25r12.tgm,Tiny_5,68296035,3183
895e1f0560f29867,kingsmarch_01_c25r12.tgm.header,Tiny_5,68299218,264
f3ae8ebe1b9cc4b3,kingsmarch_01_c25r11.tgm,Tiny_5,68292954,2817
b79d0d4e191a32ca,kingsmarch_01_c25r11.tgm.header,Tiny_5,68295771,264
28a11e75474105f2,kingsmarch_01_c25r10.tgm,Tiny_5,68290323,2367
c048bf4d26db4f95,kingsmarch_01_c25r10.tgm.header,Tiny_5,68292690,264
ec2bdd8caf6ee29c,kingsmarch_01_c25r1.tgm,Tiny_5,68287344,2715
26a3c79af34f580e,kingsmarch_01_c25r1.tgm.header,Tiny_5,68290059,264
3c47231afc0050a3,kingsmarch_01_c24r9.tgm,Tiny_5,68284689,2391
180bba6fef38508b,kingsmarch_01_c24r9.tgm.header,Tiny_5,68287080,264
895d5f794336737d,kingsmarch_01_c24r8.tgm,Tiny_5,68281968,2457
63d48dd2e623cf87,kingsmarch_01_c24r8.tgm.header,Tiny_5,68284425,264
2f81d3020ffe68dd,kingsmarch_01_c24r7.tgm,Tiny_5,68279259,2445
04a529fece83ba57,kingsmarch_01_c24r7.tgm.header,Tiny_5,68281704,264
96bbcd4b6195df82,kingsmarch_01_c24r6.tgm,Tiny_5,68276598,2397
535ca65bf3382448,kingsmarch_01_c24r6.tgm.header,Tiny_5,68278995,264
07d18ef2dd0e737a,kingsmarch_01_c24r5.tgm,Tiny_5,68274117,2217
85501ae67dc602bb,kingsmarch_01_c24r5.tgm.header,Tiny_5,68276334,264
1ed04ab439feac1f,kingsmarch_01_c24r4.tgm,Tiny_5,68272026,1827
6acdae3d74e63dce,kingsmarch_01_c24r4.tgm.header,Tiny_5,68273853,264
dbcc52b2282e9656,kingsmarch_01_c24r36.tgm,Tiny_5,68270325,1437
6a4d9dd0999e1f59,kingsmarch_01_c24r36.tgm.header,Tiny_5,68271762,264
12442cf50a185083,kingsmarch_01_c24r35.tgm,Tiny_5,68268018,2043
a43475e19ce62251,kingsmarch_01_c24r35.tgm.header,Tiny_5,68270061,264
c6d6ac950504213c,kingsmarch_01_c24r34.tgm,Tiny_5,68265837,1917
316f8ed01d4c8b66,kingsmarch_01_c24r34.tgm.header,Tiny_5,68267754,264
374cc77d1e868afd,kingsmarch_01_c24r33.tgm,Tiny_5,68263374,2199
eb1972194d57000c,kingsmarch_01_c24r33.tgm.header,Tiny_5,68265573,264
ae457762300d267c,kingsmarch_01_c24r32.tgm,Tiny_5,68260959,2151
0f192a003f60e8b5,kingsmarch_01_c24r32.tgm.header,Tiny_5,68263110,264
3c255904bce1e1b0,kingsmarch_01_c24r31.tgm,Tiny_5,68258670,2025
8715ea1e99aac768,kingsmarch_01_c24r31.tgm.header,Tiny_5,68260695,264
fe592cef68341579,kingsmarch_01_c24r30.tgm,Tiny_5,68256153,2253
25e8426f1f5b02c5,kingsmarch_01_c24r30.tgm.header,Tiny_5,68258406,264
514ee2e3189ad338,kingsmarch_01_c24r3.tgm,Tiny_5,68253954,1935
511f8c6d53dec130,kingsmarch_01_c24r3.tgm.header,Tiny_5,68255889,264
51a1c626ef041cee,kingsmarch_01_c24r29.tgm,Tiny_5,68251323,2367
35cba350d06a82a1,kingsmarch_01_c24r29.tgm.header,Tiny_5,68253690,264
ef43a4508b5ae53b,kingsmarch_01_c24r28.tgm,Tiny_5,68248518,2541
24afb3f66273428c,kingsmarch_01_c24r28.tgm.header,Tiny_5,68251059,264
6b4b2da786637777,kingsmarch_01_c24r27.tgm,Tiny_5,68245113,3141
a5cb19c2332835c3,kingsmarch_01_c24r27.tgm.header,Tiny_5,68248254,264
6b2bd1b7620987e0,kingsmarch_01_c24r26.tgm,Tiny_5,68241330,3519
2da51e5f78141938,kingsmarch_01_c24r26.tgm.header,Tiny_5,68244849,264
63f81d77cd08a6dc,kingsmarch_01_c24r25.tgm,Folders/art/models/terrain/leagues/kalguuransettlers/tgms_2,1982622,4335
27f40f1a5352abb1,kingsmarch_01_c24r25.tgm.header,Tiny_5,68241066,264
75424cd571fb25ab,kingsmarch_01_c24r24.tgm,Folders/art/models/terrain/leagues/kalguuransettlers/tgms_2,1977663,4959
677e45de637fc093,kingsmarch_01_c24r24.tgm.header,Tiny_5,68240802,264
307c653789466f86,kingsmarch_01_c24r23.tgm,Folders/art/models/terrain/leagues/kalguuransettlers/tgms_2,1973154,4509
60ec90fea3a49558,kingsmarch_01_c24r23.tgm.header,Tiny_5,68240538,264
f20bfd5113a05db6,kingsmarch_01_c24r22.tgm,Folders/art/models/terrain/leagues/kalguuransettlers/tgms_2,1968171,4983
4c5c61a9a33ab621,kingsmarch_01_c24r22.tgm.header,Tiny_5,68240274,264
734b3c63cb16193f,kingsmarch_01_c24r21.tgm,Folders/art/models/terrain/leagues/kalguuransettlers/tgms_2,1962744,5427
c51618e1ffafbcfe,kingsmarch_01_c24r21.tgm.header,Tiny_5,68240010,264
f07faef0e25391fc,kingsmarch_01_c24r20.tgm,Tiny_5,68236125,3621
5e84e1a4769b3e2a,kingsmarch_01_c24r20.tgm.header,Tiny_5,68239746,264
b5768fc025ac6db7,kingsmarch_01_c24r2.tgm,Tiny_5,68233782,2079
edfad717a376bb36,kingsmarch_01_c24r2.tgm.header,Tiny_5,68235861,264
ea182087b81ea7a7,kingsmarch_01_c24r19.tgm,Folders/art/models/terrain/leagues/kalguuransettlers/tgms_2,1852643,110101
b8f0fe91d667e1d6,kingsmarch_01_c24r19.tgm.header,Tiny_5,68233476,306
f8737a2bba0b8779,kingsmarch_01_c24r18.tgm,Folders/art/models/terrain/leagues/kalguuransettlers/tgms_2,1812270,40373
507e4da64adebc96,kingsmarch_01_c24r18.tgm.header,Tiny_5,68233212,264
6c8e7982c9a14704,kingsmarch_01_c24r17.tgm,Folders/art/models/terrain/leagues/kalguuransettlers/tgms_2,1161283,650987
ded0faccede87a81,kingsmarch_01_c24r17.tgm.header,Tiny_5,68232422,790
d7f07d7091d260b8,kingsmarch_01_c24r16.tgm,Folders/art/models/terrain/leagues/kalguuransettlers/tgms_2,783808,377475
46c38a598844cb63,kingsmarch_01_c24r16.tgm.header,Tiny_5,68231940,482
3ea27497465251d8,kingsmarch_01_c24r15.tgm,Folders/art/models/terrain/leagues/kalguuransettlers/tgms_2,361223,422585
eddf930af7146b02,kingsmarch_01_c24r15.tgm.header,Tiny_5,68231546,394
4942bcdf37a04b03,kingsmarch_01_c24r14.tgm,Tiny_5,68228177,3105
3fd1835732f64222,kingsmarch_01_c24r14.tgm.header,Tiny_5,68231282,264
f2059858f121bab9,kingsmarch_01_c24r13.tgm,Tiny_5,68224898,3015
1b9bbf786dfed7c1,kingsmarch_01_c24r13.tgm.header,Tiny_5,68227913,264
d22c7d2a51ca7501,kingsmarch_01_c24r12.tgm,Tiny_5,68222105,2529
f79a107b996e75fa,kingsmarch_01_c24r12.tgm.header,Tiny_5,68224634,264
a0e5a47387549110,kingsmarch_01_c24r11.tgm,Folders/art/models/terrain/leagues/kalguuransettlers/tgms_2,335712,25511
4cb0d717d1b3809a,kingsmarch_01_c24r11.tgm.header,Tiny_5,68221841,264
b968d92c6cd88ebe,kingsmarch_01_c24r10.tgm,Tiny_5,68219024,2553
11d8e9c7bf416312,kingsmarch_01_c24r10.tgm.header,Tiny_5,68221577,264
a4797a16f190f70c,kingsmarch_01_c24r1.tgm,Tiny_5,68216441,2319
2f4da0fd4d560c00,kingsmarch_01_c24r1.tgm.header,Tiny_5,68218760,264
14657a6b68e81b52,kingsmarch_01_c23r9.tgm,Tiny_5,68214400,1777
373ff19f2a719bca,kingsmarch_01_c23r9.tgm.header,Tiny_5,68216177,264
facb136aaed640f2,kingsmarch_01_c23r8.tgm,Tiny_5,68212521,1615
ea67b7c1b7530b5a,kingsmarch_01_c23r8.tgm.header,Tiny_5,68214136,264
84c8fbf3fc9ad931,kingsmarch_01_c23r7.tgm,Tiny_5,68210912,1345
17638fd3cf0139dc,kingsmarch_01_c23r7.tgm.header,Tiny_5,68212257,264
2bd349a27cd347df,kingsmarch_01_c23r6.tgm,Tiny_5,68209249,1399
0aebc2c4612a0d23,kingsmarch_01_c23r6.tgm.header,Tiny_5,68210648,264
29c0bd24a08168ec,kingsmarch_01_c23r5.tgm,Tiny_5,68207478,1507
f2dbd1d01fd410f9,kingsmarch_01_c23r5.tgm.header,Tiny_5,68208985,264
a2932b43d045c024,kingsmarch_01_c23r4.tgm,Tiny_5,68206193,1021
99fefec8967d98b2,kingsmarch_01_c23r4.tgm.header,Tiny_5,68207214,264
c07452aff2f0bb92,kingsmarch_01_c23r36.tgm,Tiny_5,68204600,1593
30c3c1f8479d5631,kingsmarch_01_c23r36.tgm.header,Tiny_5,67379782,264
bb7f46967d9d851d,kingsmarch_01_c23r35.tgm,Tiny_5,68202395,2205
f1057bf4ff80df6c,kingsmarch_01_c23r35.tgm.header,Tiny_5,67589193,264
f8026a501d26dcec,kingsmarch_01_c23r34.tgm,Tiny_5,68200190,2205
d0aab9488348271d,kingsmarch_01_c23r34.tgm.header,Tiny_5,67774485,264
cf8533c236952369,kingsmarch_01_c23r33.tgm,Tiny_5,68197643,2547
e713e1561eaf3794,kingsmarch_01_c23r33.tgm.header,Tiny_5,67586242,264
0e9d238cc898af01,kingsmarch_01_c23r32.tgm,Tiny_5,68195114,2529
2fe30b43eca20119,kingsmarch_01_c23r32.tgm.header,Tiny_5,67769469,264
13a5b28559af9ecd,kingsmarch_01_c23r31.tgm,Tiny_5,68192483,2367
3f7853be68daa287,kingsmarch_01_c23r31.tgm.header,Tiny_5,68194850,264
b83111ffcc1baa18,kingsmarch_01_c23r30.tgm,Tiny_5,68189780,2439
05cd487cfd229880,kingsmarch_01_c23r30.tgm.header,Tiny_5,68192219,264
cf18b31ca2911e95,kingsmarch_01_c23r3.tgm,Tiny_5,68188495,1021
6bf2bbc76648f33b,kingsmarch_01_c23r3.tgm.header,Tiny_5,68189516,264
0f7dfb0308006a62,kingsmarch_01_c23r29.tgm,Tiny_5,68185918,2313
6d646b675471d2a9,kingsmarch_01_c23r29.tgm.header,Tiny_5,68188231,264
86a813569e59f183,kingsmarch_01_c23r28.tgm,Tiny_5,68182717,2937
5685e5377b12e67f,kingsmarch_01_c23r28.tgm.header,Tiny_5,68185654,264
52e17326ccef1df4,kingsmarch_01_c23r27.tgm,Tiny_5,68179114,3339
b803fc54690cbb49,kingsmarch_01_c23r27.tgm.header,Tiny_5,68182453,264
54601331f63bc029,kingsmarch_01_c23r26.tgm,Tiny_5,68176581,2533
69d8df4f9d9a3ab7,kingsmarch_01_c23r26.tgm.header,Tiny_5,67261936,264
39ca6eb638128f7a,kingsmarch_01_c23r25.tgm,Tiny_5,68173676,2641
444e189d2e08ab99,kingsmarch_01_c23r25.tgm.header,Tiny_5,68176317,264
8199f2af8650914e,kingsmarch_01_c23r24.tgm,Tiny_5,68170717,2695
75e12a1d9dcbca10,kingsmarch_01_c23r24.tgm.header,Tiny_5,68173412,264
be57f86cee80d928,kingsmarch_01_c23r23.tgm,Tiny_5,68168136,2317
4aab8d0681b2649b,kingsmarch_01_c23r23.tgm.header,Tiny_5,68170453,264
f6731d1ee515a59c,kingsmarch_01_c23r22.tgm,Tiny_5,68165063,3073
1191663d13c388a8,kingsmarch_01_c23r22.tgm.header,Tiny_5,67324760,264
04f11d56e0a91d9c,kingsmarch_01_c23r21.tgm,Folders/art/models/terrain/leagues/kalguuransettlers/tgms_2,324121,11591
deab73c5d6ab51b0,kingsmarch_01_c23r21.tgm.header,Tiny_5,68164799,264
d3b61e7776b1c65f,kingsmarch_01_c23r20.tgm,Folders/art/models/terrain/leagues/kalguuransettlers/tgms_2,215144,108977
c0dcb58c2270d668,kingsmarch_01_c23r20.tgm.header,Tiny_5,68164535,264
139bce86a664ed77,kingsmarch_01_c23r2.tgm,Tiny_5,68163304,967
3e88738b8466124b,kingsmarch_01_c23r2.tgm.header,Tiny_5,68164271,264
d762eaa8fd1c499f,kingsmarch_01_c23r19.tgm,Folders/art/models/terrain/leagues/kalguuransettlers/tgms_2,106113,109031
d8dd6a0cbb65d532,kingsmarch_01_c23r19.tgm.header,Tiny_5,68163040,264
5b2d71b3877804c2,kingsmarch_01_c23r18.tgm,Folders/art/models/terrain/leagues/kalguuransettlers/tgms_2,0,106113
6a7c768c4f242e84,kingsmarch_01_c23r18.tgm.header,Tiny_5,68162776,264
2ecc34b0df5c09d7,kingsmarch_01_c23r17.tgm,Folders/art/models/terrain/leagues/kalguuransettlers/tgms.1,2515247,265333
10afe27bb040f325,kingsmarch_01_c23r17.tgm.header,Tiny_5,68162470,306
a677dab63a58c0af,kingsmarch_01_c23r16.tgm,Folders/art/models/terrain/leagues/kalguuransettlers/tgms.1,2167094,348153
abdad43b62053660,kingsmarch_01_c23r16.tgm.header,Tiny_5,68162120,350
51483fd5562ce578,kingsmarch_01_c23r15.tgm,Folders/art/models/terrain/leagues/kalguuransettlers/tgms.1,1562235,604859
557c864b6b8a5ace,kingsmarch_01_c23r15.tgm.header,Tiny_5,68161726,394
31172fa63fac5226,kingsmarch_01_c23r14.tgm,Tiny_5,68159517,2209
061ed7a961a77db3,kingsmarch_01_c23r14.tgm.header,Tiny_5,68098238,264
a9cd38c010ce5bd0,kingsmarch_01_c23r13.tgm,Tiny_5,68156720,2533
f249d64ce9c464cb,kingsmarch_01_c23r13.tgm.header,Tiny_5,68159253,264
36deafc0a5f433ff,kingsmarch_01_c23r12.tgm,Tiny_5,68154649,1807
b30747a81321c446,kingsmarch_01_c23r12.tgm.header,Tiny_5,68156456,264
48c54bce7c60ca45,kingsmarch_01_c23r11.tgm,Tiny_5,68152686,1699
353c22de8ff79d33,kingsmarch_01_c23r11.tgm.header,Tiny_5,68154385,264
69c58358b1e86cc0,kingsmarch_01_c23r10.tgm,Tiny_5,68150639,1783
1c3d3fbe57067224,kingsmarch_01_c23r10.tgm.header,Tiny_5,68152422,264
d76b8fe6ada00683,kingsmarch_01_c23r1.tgm,Tiny_5,68148922,1453
b82e8bc9679d8764,kingsmarch_01_c23r1.tgm.header,Tiny_5,68150375,264
fdada05b636f5c99,kingsmarch_01_c22r9.tgm,Tiny_5,68147259,1399
6391696ef7fb7946,kingsmarch_01_c22r9.tgm.header,Tiny_5,68148658,264
d6ea22f28b66960f,kingsmarch_01_c22r8.tgm,Tiny_5,68145866,1129
c09332b416f85458,kingsmarch_01_c22r8.tgm.header,Tiny_5,68146995,264
14837117a4eec3dc,kingsmarch_01_c22r7.tgm,Folders/art/models/terrain/leagues/kalguuransettlers/tgms.1,1536784,25451
dce44f5bd76747b9,kingsmarch_01_c22r7.tgm.header,Tiny_5,68145602,264
a2027d04a5876175,kingsmarch_01_c22r6.tgm,Tiny_5,68144425,913
4e146945afdc014f,kingsmarch_01_c22r6.tgm.header,Tiny_5,68145338,264
8f5d639cf69da7ca,kingsmarch_01_c22r5.tgm,Tiny_5,68142978,1183
090eaf806034c14c,kingsmarch_01_c22r5.tgm.header,Tiny_5,68144161,264
43c911bf4143b2ec,kingsmarch_01_c22r4.tgm,Tiny_5,68141693,1021
abc3a6b8bdbcff19,kingsmarch_01_c22r4.tgm.header,Tiny_5,68142714,264
1a14f966c763d864,kingsmarch_01_c22r36.tgm,Tiny_5,68140412,1281
14177c1b763f4738,kingsmarch_01_c22r36.tgm.header,Tiny_5,67303494,264
53111f7934d02e68,kingsmarch_01_c22r35.tgm,Tiny_5,68138711,1701
fc55b8cc06fe7f61,kingsmarch_01_c22r35.tgm.header,Tiny_5,67657618,264
7ef229e7fd446ef4,kingsmarch_01_c22r34.tgm,Tiny_5,68137004,1707
923dedc5ca7bac9a,kingsmarch_01_c22r34.tgm.header,Tiny_5,67714602,264
1ad477f6594014d2,kingsmarch_01_c22r33.tgm,Tiny_5,68134907,2097
b9c1d0542b52c0ec,kingsmarch_01_c22r33.tgm.header,Tiny_5,67512552,264
9f3a1e5543b52032,kingsmarch_01_c22r32.tgm,Tiny_5,68132882,2025
0682fdd14ff49a0f,kingsmarch_01_c22r32.tgm.header,Tiny_5,67441132,264
782d4a28eb0f7224,kingsmarch_01_c22r31.tgm,Tiny_5,68130509,2109
e5eb48adafe5feff,kingsmarch_01_c22r31.tgm.header,Tiny_5,68132618,264
06338e3e37dde539,kingsmarch_01_c22r30.tgm,Tiny_5,68127800,2445
d5bfd4e373f71aa2,kingsmarch_01_c22r30.tgm.header,Tiny_5,68130245,264
d4781b5cb63b23a2,kingsmarch_01_c22r3.tgm,Tiny_5,68126515,1021
13ecd19eba2e279f,kingsmarch_01_c22r3.tgm.header,Tiny_5,68127536,264
57e456f97600c585,kingsmarch_01_c22r29.tgm,Tiny_5,68124442,1809
3d3534799912e4b1,kingsmarch_01_c22r29.tgm.header,Tiny_5,68126251,264
c87b2051487bf25c,kingsmarch_01_c22r28.tgm,Tiny_5,68121793,2385
96a7bccf0511eab7,kingsmarch_01_c22r28.tgm.header,Tiny_5,68124178,264
2ac5c36c23b5f6f5,kingsmarch_01_c22r27.tgm,Tiny_5,68118664,2865
87c47ae045e85817,kingsmarch_01_c22r27.tgm.header,Tiny_5,68121529,264
1b6436a1e691ac0e,kingsmarch_01_c22r26.tgm,Tiny_5,68115975,2425
45a95e285410d6eb,kingsmarch_01_c22r26.tgm.header,Tiny_5,68118400,264
a4533016540e1e23,kingsmarch_01_c22r25.tgm,Folders/art/models/terrain/leagues/kalguuransettlers/tgms.1,1353585,183199
2117d42b633c9570,kingsmarch_01_c22r25.tgm.header,Tiny_5,68115273,702
c3be0370c03bb2fa,kingsmarch_01_c22r24.tgm,Tiny_5,68113496,1777
db5088db1f65855e,kingsmarch_01_c22r24.tgm.header,Tiny_5,67468226,264
8ec6b592aeaadd74,kingsmarch_01_c22r23.tgm,Tiny_5,68112205,1291
4f152d54b6999035,kingsmarch_01_c22r23.tgm.header,Tiny_5,67618942,264
7a5558f9379f62d9,kingsmarch_01_c22r22.tgm,Tiny_5,68109240,2965
15579b1fdbcc101d,kingsmarch_01_c22r22.tgm.header,Tiny_5,67403760,264
3ca8fdf2a6ac1053,kingsmarch_01_c22r21.tgm,Folders/art/models/terrain/leagues/kalguuransettlers/tgms.1,1346772,6813
239aec93f6457819,kingsmarch_01_c22r21.tgm.header,Tiny_5,68108976,264
efcdeb3813668060,kingsmarch_01_c22r20.tgm,Tiny_5,68108063,913
d76dfae6e7290aab,kingsmarch_01_c22r20.tgm.header,Tiny_5,67679706,264
0b62b893ea8d2da1,kingsmarch_01_c22r2.tgm,Tiny_5,68106886,913
91112162b8c09762,kingsmarch_01_c22r2.tgm.header,Tiny_5,68107799,264
002e8e2ec662142b,kingsmarch_01_c22r19.tgm,Tiny_5,68104515,2371
89609fa41d9031c8,kingsmarch_01_c22r19.tgm.header,Tiny_5,67413232,264
84e3ac2948c0cde2,kingsmarch_01_c22r18.tgm,Folders/art/models/terrain/leagues/kalguuransettlers/tgms.1,1151785,194987
d25b96b391bce442,kingsmarch_01_c22r18.tgm.header,Tiny_5,68103725,790
aa90a04ca018d941,kingsmarch_01_c22r17.tgm,Tiny_5,68102380,1345
eaed5a6ab2ab731f,kingsmarch_01_c22r17.tgm.header,Tiny_5,67623715,264
45a714a50c4348f7,kingsmarch_01_c22r16.tgm,Tiny_5,68100657,1723
79c8d314dc170eef,kingsmarch_01_c22r16.tgm.header,Tiny_5,67752389,264
2906bf92489ac8ba,kingsmarch_01_c22r15.tgm,Tiny_5,68098502,2155
33d9d914ff0a1d82,kingsmarch_01_c22r15.tgm.header,Tiny_5,67421071,264
f3a3403ef586ab25,kingsmarch_01_c22r14.tgm,Tiny_5,68096029,2209
ce6be2da0c4b6c71,kingsmarch_01_c22r14.tgm.header,Tiny_5,68098238,264
2b8d683da96de377,kingsmarch_01_c22r13.tgm,Tiny_5,68094096,1669
2fd015a62233b97a,kingsmarch_01_c22r13.tgm.header,Tiny_5,68095765,264
9f75e746de9ce70b,kingsmarch_01_c22r12.tgm,Tiny_5,68092433,1399
220795323df77f01,kingsmarch_01_c22r12.tgm.header,Tiny_5,68093832,264
73354f9679eff86e,kingsmarch_01_c22r11.tgm,Tiny_5,68088848,3321
42f923fe574416df,kingsmarch_01_c22r11.tgm.header,Tiny_5,68092169,264
eb46f8d30b71a6fa,kingsmarch_01_c22r10.tgm,Tiny_5,68086807,1777
d47771b0aded8907,kingsmarch_01_c22r10.tgm.header,Tiny_5,68088584,264
fdc69ad8839179d5,kingsmarch_01_c22r1.tgm,Tiny_5,68085360,1183
bdfa9adb4729372c,kingsmarch_01_c22r1.tgm.header,Tiny_5,68086543,264
a68c5d23ebd1c4a3,kingsmarch_01_c21r9.tgm,Folders/art/models/terrain/leagues/kalguuransettlers/tgms.1,1137976,13809
75ae3c96a0f9cf97,kingsmarch_01_c21r9.tgm.header,Tiny_5,68085096,264
fc6fa1f9ce71fccf,kingsmarch_01_c21r8.tgm,Folders/art/models/terrain/leagues/kalguuransettlers/tgms.1,1081403,56573
fbfca416d0cc5bf7,kingsmarch_01_c21r8.tgm.header,Tiny_5,68084394,702
5c97aa0e7a2077de,kingsmarch_01_c21r7.tgm,Tiny_5,68082893,1237
b635721149860141,kingsmarch_01_c21r7.tgm.header,Tiny_5,68084130,264
09677515e9020b0b,kingsmarch_01_c21r6.tgm,Tiny_5,68081716,913
4c7b2724a1ff3380,kingsmarch_01_c21r6.tgm.header,Tiny_5,68082629,264
6ed019eacf58d2f5,kingsmarch_01_c21r5.tgm,Tiny_5,68080323,1129
ae7e4fae637ffe61,kingsmarch_01_c21r5.tgm.header,Tiny_5,68081452,264
763e90fa593cf9ae,kingsmarch_01_c21r4.tgm,Tiny_5,68078822,1237
ef495ca565615237,kingsmarch_01_c21r4.tgm.header,Tiny_5,68080059,264
dc65bdbc6cf089e9,kingsmarch_01_c21r36.tgm,Tiny_5,68077649,1173
230e742bfeae4ac0,kingsmarch_01_c21r36.tgm.header,Tiny_5,67659055,264
6b8befad4ef65135,kingsmarch_01_c21r35.tgm,Tiny_5,68075948,1701
1fae5d4efbbcc0f1,kingsmarch_01_c21r35.tgm.header,Tiny_5,67657618,264
fa5c3eca86f5f29b,kingsmarch_01_c21r34.tgm,Tiny_5,68074295,1653
b8138cc529a90f60,kingsmarch_01_c21r34.tgm.header,Tiny_5,67655653,264
99f22476668bd19c,kingsmarch_01_c21r33.tgm,Tiny_5,68072360,1935
eaea4e0302e7cd12,kingsmarch_01_c21r33.tgm.header,Tiny_5,67443331,264
922be4f00367ea0a,kingsmarch_01_c21r32.tgm,Tiny_5,68070335,2025
46dd98cca5676207,kingsmarch_01_c21r32.tgm.header,Tiny_5,67441132,264
69c53e6c8853d2ae,kingsmarch_01_c21r31.tgm,Tiny_5,68068358,1977
efe18014bcf0b1ba,kingsmarch_01_c21r31.tgm.header,Tiny_5,67649776,264
88bc5c718f33f300,kingsmarch_01_c21r30.tgm,Tiny_5,68065781,2313
fe845a8b7e622319,kingsmarch_01_c21r30.tgm.header,Tiny_5,68068094,264
2900cc034c5c5ec0,kingsmarch_01_c21r3.tgm,Tiny_5,68064406,1111
8eeedd3ebe413e04,kingsmarch_01_c21r3.tgm.header,Tiny_5,68065517,264
63d0956643e88e46,kingsmarch_01_c21r29.tgm,Tiny_5,68062063,2079
ebf4fc12a7838aa4,kingsmarch_01_c21r29.tgm.header,Tiny_5,68064142,264
0a0633584bd04a38,kingsmarch_01_c21r28.tgm,Tiny_5,68059654,2145
a78c81b95e51fc67,kingsmarch_01_c21r28.tgm.header,Tiny_5,68061799,264
4d81dd1ac9bc3da0,kingsmarch_01_c21r27.tgm,Tiny_5,68056957,2433
3a0f44d719d267f9,kingsmarch_01_c21r27.tgm.header,Tiny_5,68059390,264
118c14843ea745f8,kingsmarch_01_c21r26.tgm,Tiny_5,68055186,1507
6fb015d93a21a59d,kingsmarch_01_c21r26.tgm.header,Tiny_5,68056693,264
2e4cc16b89996c13,kingsmarch_01_c21r25.tgm,Tiny_5,68053361,1561
72b69cc4a88cd997,kingsmarch_01_c21r25.tgm.header,Tiny_5,68054922,264
2e7eacc4b80ae1d5,kingsmarch_01_c21r24.tgm,Tiny_5,68051236,1861
615be3b99b35c035,kingsmarch_01_c21r24.tgm.header,Tiny_5,68053097,264
76e0516216cbf189,kingsmarch_01_c21r23.tgm,Tiny_5,68047725,3247
e9ff9228fb5dd533,kingsmarch_01_c21r23.tgm.header,Tiny_5,68050972,264
9bc554210b91a5a3,kingsmarch_01_c21r22.tgm,Folders/art/models/terrain/leagues/kalguuransettlers/tgms.1,888662,192741
a7ee074164197eb4,kingsmarch_01_c21r22.tgm.header,Tiny_5,68047243,482
0df6909caf55563b,kingsmarch_01_c21r21.tgm,Tiny_5,68045682,1561
85f9a311128232d9,kingsmarch_01_c21r21.tgm.header,Tiny_5,67398106,264
bde41fefd9bf2200,kingsmarch_01_c21r20.tgm,Tiny_5,68044769,913
1afc1072dae7e33f,kingsmarch_01_c21r20.tgm.header,Tiny_5,67679706,264
3274c4811316f5bc,kingsmarch_01_c21r2.tgm,Tiny_5,68043376,1129
e32faf0605ee39ba,kingsmarch_01_c21r2.tgm.header,Tiny_5,68044505,264
c82db3a80e8c47c9,kingsmarch_01_c21r19.tgm,Tiny_5,68041059,2317
8221ca81825caf64,kingsmarch_01_c21r19.tgm.header,Tiny_5,67348036,264
4be6ac1df4696c23,kingsmarch_01_c21r18.tgm,Tiny_5,68039720,1075
08879ff5588cd5e4,kingsmarch_01_c21r18.tgm.header,Tiny_5,68040795,264
4ef38d03d9a0a4ba,kingsmarch_01_c21r17.tgm,Tiny_5,68038807,913
21e1d292b5a7e3bb,kingsmarch_01_c21r17.tgm.header,Tiny_5,67679706,264
1b4f3814224f252c,kingsmarch_01_c21r16.tgm,Tiny_5,68037948,859
0164aafa6f0c27cf,kingsmarch_01_c21r16.tgm.header,Tiny_5,67680829,264
fa6d77239e1f43db,kingsmarch_01_c21r15.tgm,Tiny_5,68036495,1453
e026287ae7e8767c,kingsmarch_01_c21r15.tgm.header,Tiny_5,67625432,264
1597bffccbc4f4ae,kingsmarch_01_c21r14.tgm,Tiny_5,68033692,2539
dde0bbd1c2aa1ff3,kingsmarch_01_c21r14.tgm.header,Tiny_5,68036231,264
e0e286faabe579af,kingsmarch_01_c21r13.tgm,Tiny_5,68031837,1591
cbfcbeff8cf5e21a,kingsmarch_01_c21r13.tgm.header,Tiny_5,68033428,264
6de371a49ae6b220,kingsmarch_01_c21r12.tgm,Tiny_5,68030174,1399
f1d5faafae8d6663,kingsmarch_01_c21r12.tgm.header,Tiny_5,68031573,264
576e809457474cbe,kingsmarch_01_c21r11.tgm,Tiny_5,68028697,1213
f603228606e272ca,kingsmarch_01_c21r11.tgm.header,Tiny_5,68029910,264
7e039c05f5d9cca8,kingsmarch_01_c21r10.tgm,Tiny_5,68027436,997
a93777e6533769bd,kingsmarch_01_c21r10.tgm.header,Tiny_5,68028433,264
0246ceefbf9f9611,kingsmarch_01_c21r1.tgm,Tiny_5,68025899,1273
d9baffb1d905978c,kingsmarch_01_c21r1.tgm.header,Tiny_5,68027172,264
76e2fb09d66e7dac,kingsmarch_01_c20r9.tgm,Tiny_5,68024824,1075
772852e402ff1f24,kingsmarch_01_c20r9.tgm.header,Tiny_5,67678529,264
edbaa29c38d95300,kingsmarch_01_c20r8.tgm,Folders/art/models/terrain/leagues/kalguuransettlers/tgms.1,807029,81633
a63ea26c46c60143,kingsmarch_01_c20r8.tgm.header,Tiny_5,68024474,350
accd5656f4291037,kingsmarch_01_c20r7.tgm,Tiny_5,68023243,967
8b6b0255ac2de0f2,kingsmarch_01_c20r7.tgm.header,Tiny_5,68024210,264
ba8eb06fed58969e,kingsmarch_01_c20r6.tgm,Tiny_5,68021976,1003
650c1794260c0aa4,kingsmarch_01_c20r6.tgm.header,Tiny_5,68022979,264
606dcec1971b9d6b,kingsmarch_01_c20r5.tgm,Tiny_5,68020745,967
cf520939a8f409ce,kingsmarch_01_c20r5.tgm.header,Tiny_5,68021712,264
3c1ea99db7aa8afc,kingsmarch_01_c20r4.tgm,Tiny_5,68019046,1435
f1f3add28e7474c9,kingsmarch_01_c20r4.tgm.header,Tiny_5,68020481,264
3058b46d2861218c,kingsmarch_01_c20r36.tgm,Tiny_5,68017453,1593
ec861ce4a783dd39,kingsmarch_01_c20r36.tgm.header,Tiny_5,67379782,264
3dda95fba1c9bf56,kingsmarch_01_c20r35.tgm,Tiny_5,68014984,2205
9dccc23e3fdab925,kingsmarch_01_c20r35.tgm.header,Tiny_5,68017189,264
b113b27441d349d0,kingsmarch_01_c20r34.tgm,Tiny_5,68012779,2205
d9f7cafe929f6e48,kingsmarch_01_c20r34.tgm.header,Tiny_5,67774485,264
fafca384d59b288c,kingsmarch_01_c20r33.tgm,Tiny_5,68010232,2547
844b96cf54dbf6c6,kingsmarch_01_c20r33.tgm.header,Tiny_5,67586242,264
1a1098c6fdf3b259,kingsmarch_01_c20r32.tgm,Tiny_5,68007703,2529
c6dd5c396fb2a785,kingsmarch_01_c20r32.tgm.header,Tiny_5,67769469,264
04ab82589ac4fbac,kingsmarch_01_c20r31.tgm,Tiny_5,68005174,2529
fc220175d5a8c5a1,kingsmarch_01_c20r31.tgm.header,Tiny_5,67582949,264
e061d89fa66185b5,kingsmarch_01_c20r30.tgm,Tiny_5,68002303,2871
42c24446e2dfef67,kingsmarch_01_c20r30.tgm.header,Tiny_5,67580156,264
0d3e3d5c7575f836,kingsmarch_01_c20r3.tgm,Tiny_5,68000910,1129
f8910cbcdafe50a6,kingsmarch_01_c20r3.tgm.header,Tiny_5,68002039,264
4b39c6423633cf39,kingsmarch_01_c20r29.tgm,Tiny_5,67998057,2853
fe5f73336e8e22fd,kingsmarch_01_c20r29.tgm.header,Tiny_5,67361889,264
68672f3ecd912bd9,kingsmarch_01_c20r28.tgm,Tiny_5,67994586,3207
48f424920460590f,kingsmarch_01_c20r28.tgm.header,Tiny_5,67997793,264
776eca7668d7718b,kingsmarch_01_c20r27.tgm,Tiny_5,67991415,2907
0c9b5e1e0a4a47c2,kingsmarch_01_c20r27.tgm.header,Tiny_5,67994322,264
b57b86880dde9d14,kingsmarch_01_c20r26.tgm,Tiny_5,67990022,1129
4a8f12897f8f4536,kingsmarch_01_c20r26.tgm.header,Tiny_5,67991151,264
494701158869a774,kingsmarch_01_c20r25.tgm,Tiny_5,67989055,967
01e0d2277ae5045a,kingsmarch_01_c20r25.tgm.header,Tiny_5,67743527,264
c72992d452995d20,kingsmarch_01_c20r24.tgm,Folders/art/models/terrain/leagues/kalguuransettlers/tgms.1,317786,480137
fd3726f246fe1114,kingsmarch_01_c20r24.tgm.header,Folders/art/models/terrain/leagues/kalguuransettlers/tgms.1,797923,9106
8becc50df010d10d,kingsmarch_01_c20r23.tgm,Folders/art/models/terrain/leagues/kalguuransettlers/tgms.1,313381,4405
d80d240a5af53a24,kingsmarch_01_c20r23.tgm.header,Tiny_5,67988791,264
e5b51cecb43f03d6,kingsmarch_01_c20r22.tgm,Tiny_5,67985874,2653
cd26f9159fe2b57b,kingsmarch_01_c20r22.tgm.header,Tiny_5,67988527,264
a64fe59e71ca3983,kingsmarch_01_c20r21.tgm,Tiny_5,67985069,805
718f22f7651129d2,kingsmarch_01_c20r21.tgm.header,Tiny_5,67681898,264
da5fb36cb32520f1,kingsmarch_01_c20r20.tgm,Tiny_5,67983724,1345
6e5a8038df11f070,kingsmarch_01_c20r20.tgm.header,Tiny_5,67623715,264
22be58b52c4d19d8,kingsmarch_01_c20r2.tgm,Tiny_5,67982385,1075
0731c239f136da34,kingsmarch_01_c20r2.tgm.header,Tiny_5,67983460,264
8d00783ddf724c01,kingsmarch_01_c20r19.tgm,Tiny_5,67980122,2263
e3dda956ab1548d3,kingsmarch_01_c20r19.tgm.header,Tiny_5,67630276,264
85e9acb434bd8897,kingsmarch_01_c20r18.tgm,Tiny_5,67979263,859
9d00b48de16adc21,kingsmarch_01_c20r18.tgm.header,Tiny_5,67680829,264
9721e4a13f7ab069,kingsmarch_01_c20r17.tgm,Tiny_5,67978350,913
f0b5319a6114f718,kingsmarch_01_c20r17.tgm.header,Tiny_5,67679706,264
2e5f5a5bb22af0f1,kingsmarch_01_c20r16.tgm,Tiny_5,67977491,859
16dee2bfd9aa10c9,kingsmarch_01_c20r16.tgm.header,Tiny_5,67680829,264
f7ffc809e878a03e,kingsmarch_01_c20r15.tgm,Tiny_5,67976740,751
4dde4d0bad167e79,kingsmarch_01_c20r15.tgm.header,Tiny_5,67682913,264
468239915a4890a8,kingsmarch_01_c20r14.tgm,Folders/art/models/terrain/leagues/kalguuransettlers/tgms.1,266988,46393
64d12e3e1a775a1d,kingsmarch_01_c20r14.tgm.header,Tiny_5,67976434,306
91e3959ad7b5f0d0,kingsmarch_01_c20r13.tgm,Tiny_5,67975311,859
98702c51b65f1fd6,kingsmarch_01_c20r13.tgm.header,Tiny_5,67976170,264
e9e888266be91935,kingsmarch_01_c20r12.tgm,Tiny_5,67974026,1021
3688a8270b6ee394,kingsmarch_01_c20r12.tgm.header,Tiny_5,67975047,264
f6b6bc6078ec835c,kingsmarch_01_c20r11.tgm,Tiny_5,67973011,751
9e5e61cf07309f9e,kingsmarch_01_c20r11.tgm.header,Tiny_5,67973762,264
89141ab507c6464d,kingsmarch_01_c20r10.tgm,Tiny_5,67971942,805
1b879a5d3eaa1099,kingsmarch_01_c20r10.tgm.header,Tiny_5,67972747,264
571156016cc768d7,kingsmarch_01_c20r1.tgm,Tiny_5,67970573,1105
05720cfb950427fe,kingsmarch_01_c20r1.tgm.header,Tiny_5,67971678,264
2cd6e5391e62d1b5,kingsmarch_01_c1r9.tgm,Folders/art/models/terrain/leagues/kalguuransettlers/tgms.1,262167,4821
55ff2b62a44141a8,kingsmarch_01_c1r9.tgm.header,Tiny_5,67970309,264
cda543cfbd9b39be,kingsmarch_01_c1r8.tgm,Folders/art/models/terrain/leagues/kalguuransettlers/tgms.1,256980,5187
dedeee060c633cf9,kingsmarch_01_c1r8.tgm.header,Tiny_5,67970045,264
3639efef7f5dd03f,kingsmarch_01_c1r7.tgm,Folders/art/models/terrain/leagues/kalguuransettlers/tgms.1,251601,5379
bfe6f7be8b7302a6,kingsmarch_01_c1r7.tgm.header,Tiny_5,67969781,264
1567b1dbb3f780bf,kingsmarch_01_c1r6.tgm,Folders/art/models/terrain/leagues/kalguuransettlers/tgms.1,245994,5607
f1eb068f6ea2733c,kingsmarch_01_c1r6.tgm.header,Tiny_5,67969517,264
953f48cee6aeb991,kingsmarch_01_c1r5.tgm,Folders/art/models/terrain/leagues/kalguuransettlers/tgms.1,240783,5211
8038b3779166d245,kingsmarch_01_c1r5.tgm.header,Tiny_5,67969253,264
31d74981e554d474,kingsmarch_01_c1r4.tgm,Folders/art/models/terrain/leagues/kalguuransettlers/tgms.1,235206,5577
a01989deb694b469,kingsmarch_01_c1r4.tgm.header,Tiny_5,67968989,264
5eefde50b31835b9,kingsmarch_01_c1r36.tgm,Tiny_5,67967444,1281
b3bf49128fcb7ebb,kingsmarch_01_c1r36.tgm.header,Tiny_5,67968725,264
171e3732b395e297,kingsmarch_01_c1r35.tgm,Tiny_5,67965743,1701
279415c149e6cb6f,kingsmarch_01_c1r35.tgm.header,Tiny_5,67657618,264
9be82cd47b16c2ea,kingsmarch_01_c1r34.tgm,Tiny_5,67964036,1707
efb5712302780010,kingsmarch_01_c1r34.tgm.header,Tiny_5,67714602,264
235f696207e78504,kingsmarch_01_c1r33.tgm,Tiny_5,67961939,2097
ed90224b3a05f4be,kingsmarch_01_c1r33.tgm.header,Tiny_5,67512552,264
c1a6b60318beb909,kingsmarch_01_c1r32.tgm,Tiny_5,67959914,2025
96d636cef9461e42,kingsmarch_01_c1r32.tgm.header,Tiny_5,67441132,264
446da559c4a3009e,kingsmarch_01_c1r31.tgm,Tiny_5,67957883,2031
6b4d4f824b0fab1f,kingsmarch_01_c1r31.tgm.header,Tiny_5,67508166,264
6bda840bac06f5da,kingsmarch_01_c1r30.tgm,Tiny_5,67955462,2421
cfa2a22a45cd0bfd,kingsmarch_01_c1r30.tgm.header,Tiny_5,67505871,264
44c1d9003acb8691,kingsmarch_01_c1r3.tgm,Folders/art/models/terrain/leagues/kalguuransettlers/tgms.1,228927,6279
53b8d881b8f8bdf4,kingsmarch_01_c1r3.tgm.header,Tiny_5,67955198,264
173df33968da5175,kingsmarch_01_c1r29.tgm,Tiny_5,67952849,2349
db877106293ac505,kingsmarch_01_c1r29.tgm.header,Tiny_5,67288517,264
c754038cd9ec08dc,kingsmarch_01_c1r28.tgm,Tiny_5,67950230,2355
a3324398f845b7a8,kingsmarch_01_c1r28.tgm.header,Tiny_5,67952585,264
d2368ab8c4effb44,kingsmarch_01_c1r27.tgm,Tiny_5,67947221,2745
16e10a0690f5bb66,kingsmarch_01_c1r27.tgm.header,Tiny_5,67949966,264
299287f53f29faf6,kingsmarch_01_c1r26.tgm,Tiny_5,67944284,2673
1d91ef477fe08842,kingsmarch_01_c1r26.tgm.header,Tiny_5,67946957,264
2864cee0a5424b44,kingsmarch_01_c1r25.tgm,Tiny_5,67941341,2679
abea84a3e94921b2,kingsmarch_01_c1r25.tgm.header,Tiny_5,67944020,264
649cefda2d725d59,kingsmarch_01_c1r24.tgm,Tiny_5,67938008,3069
57b95771bb42f824,kingsmarch_01_c1r24.tgm.header,Tiny_5,67941077,264
f3cb77363151ca8f,kingsmarch_01_c1r23.tgm,Tiny_5,67934747,2997
786a8dd7f7423917,kingsmarch_01_c1r23.tgm.header,Tiny_5,67937744,264
80d8fe786b801d12,kingsmarch_01_c1r22.tgm,Tiny_5,67931480,3003
ff6ff9e11fef9d77,kingsmarch_01_c1r22.tgm.header,Tiny_5,67934483,264
8af340d1a5331d47,kingsmarch_01_c1r21.tgm,Tiny_5,67927823,3393
877a982f897aede1,kingsmarch_01_c1r21.tgm.header,Tiny_5,67931216,264
354000df7c159aac,kingsmarch_01_c1r20.tgm,Tiny_5,67924238,3321
cb0c0ad185c0b4d4,kingsmarch_01_c1r20.tgm.header,Tiny_5,67927559,264
1e79eab68fc8c483,kingsmarch_01_c1r2.tgm,Folders/art/models/terrain/leagues/kalguuransettlers/tgms.1,224514,4413
beb55bb4bf181fb8,kingsmarch_01_c1r2.tgm.header,Tiny_5,67923974,264
b4afca90f4681627,kingsmarch_01_c1r19.tgm,Tiny_5,67920383,3327
058825c730ba50bc,kingsmarch_01_c1r19.tgm.header,Tiny_5,67923710,264
98049f9b88d52dcd,kingsmarch_01_c1r18.tgm,Tiny_5,67916402,3717
295a6a4021ea6dfb,kingsmarch_01_c1r18.tgm.header,Tiny_5,67920119,264
3a3b5c48018748fc,kingsmarch_01_c1r17.tgm,Tiny_5,67912493,3645
c79d8d3229dedef4,kingsmarch_01_c1r17.tgm.header,Tiny_5,67916138,264
aa8dd67040092b9f,kingsmarch_01_c1r16.tgm,Tiny_5,67908578,3651
214cd2ffeb83cbb4,kingsmarch_01_c1r16.tgm.header,Tiny_5,67912229,264
f30ff8edcab92f32,kingsmarch_01_c1r15.tgm,Tiny_5,67904273,4041
b9b0f4b84f68317c,kingsmarch_01_c1r15.tgm.header,Tiny_5,67908314,264
f0bb2d226ec0de24,kingsmarch_01_c1r14.tgm,Tiny_5,67900040,3969
c3183ff14402733c,kingsmarch_01_c1r14.tgm.header,Tiny_5,67904009,264
96aef69ea6d119ec,kingsmarch_01_c1r13.tgm,Tiny_5,67895801,3975
16f980e230e28f5a,kingsmarch_01_c1r13.tgm.header,Tiny_5,67899776,264
531f6b6921059609,kingsmarch_01_c1r12.tgm,Folders/art/models/terrain/leagues/kalguuransettlers/tgms.1,220149,4365
8720328526d2ea06,kingsmarch_01_c1r12.tgm.header,Tiny_5,67895537,264
c3dff4dc32c6e6d3,kingsmarch_01_c1r11.tgm,Folders/art/models/terrain/leagues/kalguuransettlers/tgms.1,215586,4563
3c2d9bffea797af9,kingsmarch_01_c1r11.tgm.header,Tiny_5,67895273,264
161b3ec288b7e78c,kingsmarch_01_c1r10.tgm,Folders/art/models/terrain/leagues/kalguuransettlers/tgms.1,211035,4551
d07bf3cf54fee457,kingsmarch_01_c1r10.tgm.header,Tiny_5,67895009,264
f40742d4206d0e71,kingsmarch_01_c1r1.tgm,Tiny_5,67892558,2187
923db9e1f218b2ae,kingsmarch_01_c1r1.tgm.header,Tiny_5,67894745,264
b4361ad4f64920b1,kingsmarch_01_c19r9.tgm,Tiny_5,67891435,859
a29808df6bdf37bd,kingsmarch_01_c19r9.tgm.header,Tiny_5,67892294,264
6c91c36f7e370ad4,kingsmarch_01_c19r8.tgm,Tiny_5,67887898,3273
3d6cf7b1aa3ed947,kingsmarch_01_c19r8.tgm.header,Tiny_5,67891171,264
b06ecacd79fef1c6,kingsmarch_01_c19r7.tgm,Tiny_5,67886883,751
65455cd3d6e683e8,kingsmarch_01_c19r7.tgm.header,Tiny_5,67887634,264
31cc1ec95f4d6f91,kingsmarch_01_c19r6.tgm,Tiny_5,67885706,913
5f86be25b2e2fc7d,kingsmarch_01_c19r6.tgm.header,Tiny_5,67886619,264
e01efe5e459a3fb1,kingsmarch_01_c19r5.tgm,Tiny_5,67884637,805
233894bc63c71485,kingsmarch_01_c19r5.tgm.header,Tiny_5,67885442,264
5737988d54e74fc4,kingsmarch_01_c19r4.tgm,Tiny_5,67883190,1183
df7c4d4574e4bfd3,kingsmarch_01_c19r4.tgm.header,Tiny_5,67884373,264
109a52177c956ba3,kingsmarch_01_c19r36.tgm,Tiny_5,67881909,1281
614c0ebeafd3b904,kingsmarch_01_c19r36.tgm.header,Tiny_5,67303494,264
c0200a2bdcf24667,kingsmarch_01_c19r35.tgm,Tiny_5,67880208,1701
06ea71290789c95d,kingsmarch_01_c19r35.tgm.header,Tiny_5,67830202,264
b05d3b21cc912abd,kingsmarch_01_c19r34.tgm,Tiny_5,67878501,1707
29599fbf52801cb6,kingsmarch_01_c19r34.tgm.header,Tiny_5,67514523,264
7852426315fa7495,kingsmarch_01_c19r33.tgm,Tiny_5,67876404,2097
20c7c6badd992a5c,kingsmarch_01_c19r33.tgm.header,Tiny_5,67512552,264
60e906bc2d642c9b,kingsmarch_01_c19r32.tgm,Tiny_5,67874379,2025
e2e03dbc23cb6cef,kingsmarch_01_c19r32.tgm.header,Tiny_5,67441132,264
f1528b28d90b6a9d,kingsmarch_01_c19r31.tgm,Tiny_5,67872348,2031
1ea498850892d612,kingsmarch_01_c19r31.tgm.header,Tiny_5,67508166,264
6652bd255cf6115d,kingsmarch_01_c19r30.tgm,Tiny_5,67869927,2421
e0770d74dd88c393,kingsmarch_01_c19r30.tgm.header,Tiny_5,67505871,264
92fd43bcbfae450c,kingsmarch_01_c19r3.tgm,Tiny_5,67868750,913
72457f95bf67c8ee,kingsmarch_01_c19r3.tgm.header,Tiny_5,67869663,264
9a22e24958b5fea2,kingsmarch_01_c19r29.tgm,Tiny_5,67866401,2349
f024a454a8ed7994,kingsmarch_01_c19r29.tgm.header,Tiny_5,67288517,264
b5d6d18618e3d52a,kingsmarch_01_c19r28.tgm,Tiny_5,67863344,2793
594975d1e990edb0,kingsmarch_01_c19r28.tgm.header,Tiny_5,67866137,264
49102b4b6f0a8fc3,kingsmarch_01_c19r27.tgm,Tiny_5,67860323,2757
ecabf414349c7786,kingsmarch_01_c19r27.tgm.header,Tiny_5,67863080,264
df691ff6949e4d7c,kingsmarch_01_c19r26.tgm,Tiny_5,67858714,1345
6146c592443c477b,kingsmarch_01_c19r26.tgm.header,Tiny_5,67860059,264
1d9ca3247ed1ba6a,kingsmarch_01_c19r25.tgm,Tiny_5,67857909,805
7e1ac4d4378fb253,kingsmarch_01_c19r25.tgm.header,Tiny_5,67681898,264
97bdb8ce3a213a59,kingsmarch_01_c19r24.tgm,Folders/art/models/terrain/leagues/kalguuransettlers/tgms.1,96292,114743
44497cd7ab4db365,kingsmarch_01_c19r24.tgm.header,Tiny_5,67857383,526
f72b6f534b4aabd0,kingsmarch_01_c19r23.tgm,Folders/art/models/terrain/leagues/kalguuransettlers/tgms.1,51481,44811
c81bc854102685c8,kingsmarch_01_c19r23.tgm.header,Tiny_5,67857033,350
95098d6cd9f2d41b,kingsmarch_01_c19r22.tgm,Tiny_5,67855886,883
e5b6bc4a1261c909,kingsmarch_01_c19r22.tgm.header,Tiny_5,67856769,264
290252d514a5dc4f,kingsmarch_01_c19r21.tgm,Tiny_5,67855081,805
e1fbe3cb88e5bbf1,kingsmarch_01_c19r21.tgm.header,Tiny_5,67681898,264
0c1b1ebb3276d831,kingsmarch_01_c19r20.tgm,Tiny_5,67853412,1669
55844e664b00b968,kingsmarch_01_c19r20.tgm.header,Tiny_5,67615724,264
2ebef9fb29bf6da5,kingsmarch_01_c19r2.tgm,Tiny_5,67852037,1111
b06ebfd875153c95,kingsmarch_01_c19r2.tgm.header,Tiny_5,67853148,264
c7a2e043f904f1e1,kingsmarch_01_c19r19.tgm,Tiny_5,67850098,1939
f02232244fc0fcf6,kingsmarch_01_c19r19.tgm.header,Tiny_5,67276188,264
30b0ed3f59a8cf98,kingsmarch_01_c19r18.tgm,Tiny_5,67849293,805
45db348b95830ea9,kingsmarch_01_c19r18.tgm.header,Tiny_5,67681898,264
86c4cb2b239cb0f5,kingsmarch_01_c19r17.tgm,Tiny_5,67848380,913
d4805baa7ec9a15a,kingsmarch_01_c19r17.tgm.header,Tiny_5,67679706,264
5e9c93959a8c2c57,kingsmarch_01_c19r16.tgm,Tiny_5,67847467,913
c53561d17e47f79c,kingsmarch_01_c19r16.tgm.header,Tiny_5,67679706,264
6fc2fe018c9757bc,kingsmarch_01_c19r15.tgm,Tiny_5,67846716,751
232d6c9b2eee5880,kingsmarch_01_c19r15.tgm.header,Tiny_5,67682913,264
7adf155c27e9507f,kingsmarch_01_c19r14.tgm,Tiny_5,67845203,1249
a761bc191acda991,kingsmarch_01_c19r14.tgm.header,Tiny_5,67846452,264
53ad9415e36d0a75,kingsmarch_01_c19r13.tgm,Tiny_5,67844026,913
71cf3410e59aef9e,kingsmarch_01_c19r13.tgm.header,Tiny_5,67844939,264
af752d1e46a6630d,kingsmarch_01_c19r12.tgm,Tiny_5,67842903,859
77146daddbc56f04,kingsmarch_01_c19r12.tgm.header,Tiny_5,67843762,264
b7427e58b059d7e8,kingsmarch_01_c19r11.tgm,Tiny_5,67841996,643
9aec8d2ebe18a895,kingsmarch_01_c19r11.tgm.header,Tiny_5,67842639,264
bcb71c772e0e375f,kingsmarch_01_c19r10.tgm,Tiny_5,67840873,859
e52d94780ae491dd,kingsmarch_01_c19r10.tgm.header,Tiny_5,67841732,264
2baa1a563989cbb3,kingsmarch_01_c19r1.tgm,Tiny_5,67839414,1195
6d68823318db59d9,kingsmarch_01_c19r1.tgm.header,Tiny_5,67840609,264
15da9dc4a8f56ef3,kingsmarch_01_c18r9.tgm,Tiny_5,67837931,1219
2ebce6b07aec12a6,kingsmarch_01_c18r9.tgm.header,Tiny_5,67839150,264
8fa6c12446eb9268,kingsmarch_01_c18r8.tgm,Folders/art/models/terrain/leagues/kalguuransettlers/tgms.1,0,51481
f75fc53524328637,kingsmarch_01_c18r8.tgm.header,Tiny_5,67837229,702
8a0e65d23c31e56e,kingsmarch_01_c18r7.tgm,Tiny_5,67835836,1129
56b20f47661204b4,kingsmarch_01_c18r7.tgm.header,Tiny_5,67836965,264
3c8447a39792a09a,kingsmarch_01_c18r6.tgm,Tiny_5,67834461,1111
2c1d77dd01fa212c,kingsmarch_01_c18r6.tgm.header,Tiny_5,67835572,264
441629197709d169,kingsmarch_01_c18r5.tgm,Tiny_5,67833176,1021
71e63df14ab88201,kingsmarch_01_c18r5.tgm.header,Tiny_5,67834197,264
5beb07dce2f5ca90,kingsmarch_01_c18r4.tgm,Tiny_5,67831639,1273
434491daff001326,kingsmarch_01_c18r4.tgm.header,Tiny_5,67832912,264
8855308399a5d0fe,kingsmarch_01_c18r36.tgm,Tiny_5,67830466,1173
c43dd27a2f37328a,kingsmarch_01_c18r36.tgm.header,Tiny_5,67659055,264
5261896ec38bbcd0,kingsmarch_01_c18r35.tgm,Tiny_5,67828501,1701
6a39503ba0022e16,kingsmarch_01_c18r35.tgm.header,Tiny_5,67830202,264
615c405f921d0b27,kingsmarch_01_c18r34.tgm,Tiny_5,67826584,1653
be1c5fc03fb06b4f,kingsmarch_01_c18r34.tgm.header,Tiny_5,67828237,264
443541486fd62d2a,kingsmarch_01_c18r33.tgm,Tiny_5,67824649,1935
a5e7a7f401576dd1,kingsmarch_01_c18r33.tgm.header,Tiny_5,67443331,264
9a11da5e629c20b6,kingsmarch_01_c18r32.tgm,Tiny_5,67822624,2025
a7fc4e0f67e3d9b2,kingsmarch_01_c18r32.tgm.header,Tiny_5,67441132,264
a78f8eae218044e7,kingsmarch_01_c18r31.tgm,Tiny_5,67820647,1977
ddfad5d9045c6c99,kingsmarch_01_c18r31.tgm.header,Tiny_5,67649776,264
48daa14fb659e3c0,kingsmarch_01_c18r30.tgm,Tiny_5,67818124,2259
eea51b21b0d24ecd,kingsmarch_01_c18r30.tgm.header,Tiny_5,67820383,264
95abbfd36766ace1,kingsmarch_01_c18r3.tgm,Tiny_5,67816839,1021
251fa2f9a81a74f2,kingsmarch_01_c18r3.tgm.header,Tiny_5,67817860,264
ab51d5b2b4ec104e,kingsmarch_01_c18r29.tgm,Tiny_5,67814226,2349
fe0eaf6f6fcd59d3,kingsmarch_01_c18r29.tgm.header,Tiny_5,67816575,264
783e4c87b2aac184,kingsmarch_01_c18r28.tgm,Tiny_5,67811331,2631
9a1da7f39833fb25,kingsmarch_01_c18r28.tgm.header,Tiny_5,67813962,264
e1ee63a3786ef5d9,kingsmarch_01_c18r27.tgm,Tiny_5,67808310,2757
a90b08d7be83308d,kingsmarch_01_c18r27.tgm.header,Tiny_5,67811067,264
126321e94d346190,kingsmarch_01_c18r26.tgm,Folders/art/models/terrain/leagues/kalguuransettlers/tgms,1933752,1572489
45228b823939f868,kingsmarch_01_c18r26.tgm.header,Tiny_5,67807564,746
c13c0ec42e22352d,kingsmarch_01_c18r25.tgm,Tiny_5,67806219,1345
1bd6b73a7d77b2e7,kingsmarch_01_c18r25.tgm.header,Tiny_5,67623715,264
0922b2ffb6701e48,kingsmarch_01_c18r24.tgm,Folders/art/models/terrain/leagues/kalguuransettlers/tgms,1882053,51699
96593aa19f61ee9f,kingsmarch_01_c18r24.tgm.header,Tiny_5,67805913,306
fd9eccbaf7017a1a,kingsmarch_01_c18r23.tgm,Folders/art/models/terrain/leagues/kalguuransettlers/tgms,1720954,161099
47fe3753c2b9fee6,kingsmarch_01_c18r23.tgm.header,Tiny_5,67805123,790
81a0a50b9f4fa811,kingsmarch_01_c18r22.tgm,Tiny_5,67804264,859
d4b13e4ca7b46cc4,kingsmarch_01_c18r22.tgm.header,Tiny_5,67680829,264
0290c3213877c6ac,kingsmarch_01_c18r21.tgm,Tiny_5,67803351,913
bdd30bbb8d725170,kingsmarch_01_c18r21.tgm.header,Tiny_5,67679706,264
50c37cafbf7e4b75,kingsmarch_01_c18r20.tgm,Tiny_5,67802006,1345
6df2c6351be5d38f,kingsmarch_01_c18r20.tgm.header,Tiny_5,67623715,264
4f9800f436215112,kingsmarch_01_c18r2.tgm,Tiny_5,67800667,1075
b7d549876a607ef2,kingsmarch_01_c18r2.tgm.header,Tiny_5,67801742,264
fe8819ba026fdf2c,kingsmarch_01_c18r19.tgm,Tiny_5,67799220,1183
26f2accc6a31f9bf,kingsmarch_01_c18r19.tgm.header,Tiny_5,67800403,264
756baf475cb5d095,kingsmarch_01_c18r18.tgm,Tiny_5,67798415,805
c1c1b1e174e85379,kingsmarch_01_c18r18.tgm.header,Tiny_5,67681898,264
0db2b10858b8a6de,kingsmarch_01_c18r17.tgm,Tiny_5,67797556,859
52c7de400ff75040,kingsmarch_01_c18r17.tgm.header,Tiny_5,67680829,264
21d32f9e793c54b7,kingsmarch_01_c18r16.tgm,Tiny_5,67796805,751
af8c2d456ab718b6,kingsmarch_01_c18r16.tgm.header,Tiny_5,67682913,264
34b58115d10b89ae,kingsmarch_01_c18r15.tgm,Tiny_5,67796054,751
8ebc9f66ee29dea6,kingsmarch_01_c18r15.tgm.header,Tiny_5,67682913,264
361523ee4f1059c6,kingsmarch_01_c18r14.tgm,Tiny_5,67794655,1135
2e81d365353931eb,kingsmarch_01_c18r14.tgm.header,Tiny_5,67795790,264
c105355b2ed0f269,kingsmarch_01_c18r13.tgm,Tiny_5,67792884,1507
f2bfb02afcf5891d,kingsmarch_01_c18r13.tgm.header,Tiny_5,67794391,264
f4fc2010dfb86569,kingsmarch_01_c18r12.tgm,Tiny_5,67791269,1351
a507d64a53773c5f,kingsmarch_01_c18r12.tgm.header,Tiny_5,67792620,264
c34f58d0c26030f9,kingsmarch_01_c18r11.tgm,Tiny_5,67790038,967
9dd1330bd12501c6,kingsmarch_01_c18r11.tgm.header,Tiny_5,67791005,264
5ef1f29d3448acc7,kingsmarch_01_c18r10.tgm,Tiny_5,67788429,1345
32d23e866aaff343,kingsmarch_01_c18r10.tgm.header,Tiny_5,67789774,264
b54ad6e098139150,kingsmarch_01_c18r1.tgm,Tiny_5,67787078,1087
436c9080c2f9f897,kingsmarch_01_c18r1.tgm.header,Tiny_5,67788165,264
031dfed10c1dd0a3,kingsmarch_01_c17r9.tgm,Tiny_5,67785289,1525
bccba117e84e3693,kingsmarch_01_c17r9.tgm.header,Tiny_5,67786814,264
6734cdecd8c87734,kingsmarch_01_c17r8.tgm,Folders/art/models/terrain/leagues/kalguuransettlers/tgms,1697229,23725
6d3a0c20f48d29ec,kingsmarch_01_c17r8.tgm.header,Tiny_5,67784983,306
87d5a827d788d6bb,kingsmarch_01_c17r7.tgm,Tiny_5,67783374,1345
8e2cb9436ce7f3dd,kingsmarch_01_c17r7.tgm.header,Tiny_5,67784719,264
fa6d7e437440c192,kingsmarch_01_c17r6.tgm,Tiny_5,67781729,1381
5c7cc964c34e28c6,kingsmarch_01_c17r6.tgm.header,Tiny_5,67783110,264
a1ffdd561bafaeb1,kingsmarch_01_c17r5.tgm,Tiny_5,67780282,1183
a6a62fb5f3cdfb65,kingsmarch_01_c17r5.tgm.header,Tiny_5,67781465,264
08b71e807ecabd31,kingsmarch_01_c17r4.tgm,Tiny_5,67778547,1471
b8d7da9dbb10add0,kingsmarch_01_c17r4.tgm.header,Tiny_5,67780018,264
c2948da56939fa56,kingsmarch_01_c17r36.tgm,Tiny_5,67776954,1593
a6514dbfdf32d840,kingsmarch_01_c17r36.tgm.header,Tiny_5,67379782,264
4e7a4e0d874781df,kingsmarch_01_c17r35.tgm,Tiny_5,67774749,2205
f36ca169a1120ae5,kingsmarch_01_c17r35.tgm.header,Tiny_5,67589193,264
37e601c602e8b0d0,kingsmarch_01_c17r34.tgm,Tiny_5,67772280,2205
ab4e90a88956789f,kingsmarch_01_c17r34.tgm.header,Tiny_5,67774485,264
b85578b95a14b1e3,kingsmarch_01_c17r33.tgm,Tiny_5,67769733,2547
bd9ce2109db5f606,kingsmarch_01_c17r33.tgm.header,Tiny_5,67586242,264
f8b5461de23e60a5,kingsmarch_01_c17r32.tgm,Tiny_5,67766940,2529
1d774efa20e8cf4a,kingsmarch_01_c17r32.tgm.header,Tiny_5,67769469,264
bc5369923c37eb00,kingsmarch_01_c17r31.tgm,Tiny_5,67764411,2529
0fb764b7cc2b2b56,kingsmarch_01_c17r31.tgm.header,Tiny_5,67582949,264
d6a9b67e9a1b3cde,kingsmarch_01_c17r30.tgm,Tiny_5,67761276,2871
4afbab301b019e6f,kingsmarch_01_c17r30.tgm.header,Tiny_5,67764147,264
94525814c1d2990f,kingsmarch_01_c17r3.tgm,Tiny_5,67759775,1237
7fba9ad5625b82a5,kingsmarch_01_c17r3.tgm.header,Tiny_5,67761012,264
7df687c3aa68fc18,kingsmarch_01_c17r29.tgm,Folders/art/models/terrain/leagues/kalguuransettlers/tgms,1678570,18659
a7cda2404f9880a2,kingsmarch_01_c17r29.tgm.header,Tiny_5,67759511,264
857726dc0b337941,kingsmarch_01_c17r28.tgm,Tiny_5,67756040,3207
30bec67311de9ea0,kingsmarch_01_c17r28.tgm.header,Tiny_5,67759247,264
1a6850995741aa8e,kingsmarch_01_c17r27.tgm,Tiny_5,67752653,3123
c87e3256fc75c18d,kingsmarch_01_c17r27.tgm.header,Tiny_5,67755776,264
f772853f033ed413,kingsmarch_01_c17r26.tgm,Tiny_5,67750666,1723
1e026fbc5abe6f35,kingsmarch_01_c17r26.tgm.header,Tiny_5,67752389,264
55e03fd88d842471,kingsmarch_01_c17r25.tgm,Folders/art/models/terrain/leagues/kalguuransettlers/tgms,1198771,479799
94fe6dccf6823be8,kingsmarch_01_c17r25.tgm.header,Tiny_5,67750360,306
1959e5216edcb622,kingsmarch_01_c17r24.tgm,Folders/art/models/terrain/leagues/kalguuransettlers/tgms,1191550,7221
3d36c9ebad108ad9,kingsmarch_01_c17r24.tgm.header,Tiny_5,67750096,264
22356aff96fea194,kingsmarch_01_c17r23.tgm,Tiny_5,67748751,1345
868124a1439cee4e,kingsmarch_01_c17r23.tgm.header,Tiny_5,67623715,264
8cbeac8d8537f239,kingsmarch_01_c17r22.tgm,Tiny_5,67747892,859
8683a3a3335b24c5,kingsmarch_01_c17r22.tgm.header,Tiny_5,67680829,264
6772a5dd5f863dcf,kingsmarch_01_c17r21.tgm,Tiny_5,67746979,913
b7a20272f02e0c4c,kingsmarch_01_c17r21.tgm.header,Tiny_5,67679706,264
390e329d718e9b43,kingsmarch_01_c17r20.tgm,Tiny_5,67745634,1345
7043a8699589894f,kingsmarch_01_c17r20.tgm.header,Tiny_5,67623715,264
8c56a92dff5bce54,kingsmarch_01_c17r2.tgm,Tiny_5,67743791,1579
d7926901c92cb866,kingsmarch_01_c17r2.tgm.header,Tiny_5,67745370,264
fa887c17d5bd8c54,kingsmarch_01_c17r19.tgm,Tiny_5,67742560,967
595c161c4cd04da6,kingsmarch_01_c17r19.tgm.header,Tiny_5,67743527,264
08b597b9bcb15b5b,kingsmarch_01_c17r18.tgm,Tiny_5,67741755,805
35f9e9c895f961f4,kingsmarch_01_c17r18.tgm.header,Tiny_5,67681898,264
f801b69b10facefe,kingsmarch_01_c17r17.tgm,Tiny_5,67740950,805
b532cc282da57fba,kingsmarch_01_c17r17.tgm.header,Tiny_5,67681898,264
52236c1ef3c21bf9,kingsmarch_01_c17r16.tgm,Tiny_5,67740199,751
616ef2bcfc4d697f,kingsmarch_01_c17r16.tgm.header,Tiny_5,67682913,264
c9e25ecc193342d9,kingsmarch_01_c17r15.tgm,Tiny_5,67739394,805
2ae1f160b0f57014,kingsmarch_01_c17r15.tgm.header,Tiny_5,67681898,264
1da927307e4671d2,kingsmarch_01_c17r14.tgm,Tiny_5,67737941,1189
b291372dbf0108ce,kingsmarch_01_c17r14.tgm.header,Tiny_5,67739130,264
a1fbe83c2bdce9b4,kingsmarch_01_c17r13.tgm,Tiny_5,67736440,1237
80ba72b1d41bdc7b,kingsmarch_01_c17r13.tgm.header,Tiny_5,67737677,264
68705030ed8dc58c,kingsmarch_01_c17r12.tgm,Tiny_5,67734771,1405
f7bc09980191c9cf,kingsmarch_01_c17r12.tgm.header,Tiny_5,67736176,264
284554533a280466,kingsmarch_01_c17r11.tgm,Tiny_5,67733180,1327
8c963b84da95cb8a,kingsmarch_01_c17r11.tgm.header,Tiny_5,67734507,264
7f206625306755d4,kingsmarch_01_c17r10.tgm,Tiny_5,67731625,1291
8e0e97f8e8621e52,kingsmarch_01_c17r10.tgm.header,Tiny_5,67732916,264
1a7ae9c5195569cb,kingsmarch_01_c17r1.tgm,Tiny_5,67730112,1249
0d57ce5a467375ea,kingsmarch_01_c17r1.tgm.header,Tiny_5,67731361,264
9746e8075b242c7c,kingsmarch_01_c16r9.tgm,Tiny_5,67727855,1993
9a36ec9fd1bf6c68,kingsmarch_01_c16r9.tgm.header,Tiny_5,67729848,264
a29e0f4e99923a40,kingsmarch_01_c16r8.tgm,Tiny_5,67726138,1453
877bb42b9adbe1cf,kingsmarch_01_c16r8.tgm.header,Tiny_5,67727591,264
b5c3329d54631c5b,kingsmarch_01_c16r7.tgm,Tiny_5,67723827,2047
a93248ac020a88fa,kingsmarch_01_c16r7.tgm.header,Tiny_5,67725874,264
1763442408c0775d,kingsmarch_01_c16r6.tgm,Tiny_5,67721570,1993
e507902cdf8b2023,kingsmarch_01_c16r6.tgm.header,Tiny_5,67723563,264
7aab208beb79216e,kingsmarch_01_c16r5.tgm,Tiny_5,67719763,1543
86c5960e53fb31cf,kingsmarch_01_c16r5.tgm.header,Tiny_5,67721306,264
a1c6f8b9fcd0611f,kingsmarch_01_c16r4.tgm,Tiny_5,67717848,1651
0e3216f3b0ed8138,kingsmarch_01_c16r4.tgm.header,Tiny_5,67719499,264
d6bb818b6a26e8ad,kingsmarch_01_c16r36.tgm,Tiny_5,67716567,1281
c66bcdc0d59172dd,kingsmarch_01_c16r36.tgm.header,Tiny_5,67303494,264
5d40c4aec04e1a72,kingsmarch_01_c16r35.tgm,Tiny_5,67714866,1701
edc813e41a59aa3e,kingsmarch_01_c16r35.tgm.header,Tiny_5,67657618,264
64d373988b12a58b,kingsmarch_01_c16r34.tgm,Tiny_5,67712895,1707
2a91fb7d318e19bb,kingsmarch_01_c16r34.tgm.header,Tiny_5,67714602,264
cd5f80473257364f,kingsmarch_01_c16r33.tgm,Tiny_5,67710798,2097
3f0ebe41d7d47dab,kingsmarch_01_c16r33.tgm.header,Tiny_5,67512552,264
16865fddacc6b307,kingsmarch_01_c16r32.tgm,Tiny_5,67708773,2025
829dda8f1eb603b7,kingsmarch_01_c16r32.tgm.header,Tiny_5,67441132,264
ad36fce832298778,kingsmarch_01_c16r31.tgm,Tiny_5,67706742,2031
5036b02b2765f811,kingsmarch_01_c16r31.tgm.header,Tiny_5,67508166,264
fc15bfea8241363f,kingsmarch_01_c16r30.tgm,Tiny_5,67704321,2421
85307fae1fd5c312,kingsmarch_01_c16r30.tgm.header,Tiny_5,67505871,264
b5398478261b9ba7,kingsmarch_01_c16r3.tgm,Tiny_5,67702676,1381
054b51515beaf77e,kingsmarch_01_c16r3.tgm.header,Tiny_5,67704057,264
ee91322906b37dd9,kingsmarch_01_c16r29.tgm,Tiny_5,67700327,2349
1c61395b91df35b2,kingsmarch_01_c16r29.tgm.header,Tiny_5,67643379,264
de9e2be0ebfb2627,kingsmarch_01_c16r28.tgm,Tiny_5,67697108,2955
99b632ded3e553d5,kingsmarch_01_c16r28.tgm.header,Tiny_5,67700063,264
1363456c5e797f7f,kingsmarch_01_c16r27.tgm,Folders/art/models/terrain/leagues/kalguuransettlers/tgms,1130735,60815
11945a3d88afafd1,kingsmarch_01_c16r27.tgm.header,Tiny_5,67696670,438
914694028310e6d4,kingsmarch_01_c16r26.tgm,Tiny_5,67694299,2371
a17130f61b981495,kingsmarch_01_c16r26.tgm.header,Tiny_5,67413232,264
2ddc5fa7cfe55a72,kingsmarch_01_c16r25.tgm,Tiny_5,67691344,2691
d429c7f3843d8dd4,kingsmarch_01_c16r25.tgm.header,Tiny_5,67694035,264
8aa251ab3861e912,kingsmarch_01_c16r24.tgm,Folders/art/models/terrain/leagues/kalguuransettlers/tgms,960836,169899
3a89e7ff1f571fed,kingsmarch_01_c16r24.tgm.header,Tiny_5,67690862,482
3f1af80a5c0e196c,kingsmarch_01_c16r23.tgm,Folders/art/models/terrain/leagues/kalguuransettlers/tgms,812947,147889
7c810e2f31eea9a9,kingsmarch_01_c16r23.tgm.header,Tiny_5,67689500,1362
c1adbb12cb9234c6,kingsmarch_01_c16r22.tgm,Tiny_5,67687831,1669
b658f25fa0322fb0,kingsmarch_01_c16r22.tgm.header,Tiny_5,67615724,264
9ef3c0d182abcdbc,kingsmarch_01_c16r21.tgm,Tiny_5,67686918,913
ac49a7f8c1916fa7,kingsmarch_01_c16r21.tgm.header,Tiny_5,67679706,264
a4aa5826d46a3c46,kingsmarch_01_c16r20.tgm,Tiny_5,67685627,1291
72d863c842e7ce3e,kingsmarch_01_c16r20.tgm.header,Tiny_5,67618942,264
3a6e9f4d98dd8b3e,kingsmarch_01_c16r2.tgm,Tiny_5,67684036,1327
eed0577a87ce2cd7,kingsmarch_01_c16r2.tgm.header,Tiny_5,67685363,264
bc5fb242fe026b5b,kingsmarch_01_c16r19.tgm,Tiny_5,67683177,859
edf3ebc3d1583772,kingsmarch_01_c16r19.tgm.header,Tiny_5,67680829,264
15f723975d03821e,kingsmarch_01_c16r18.tgm,Tiny_5,67682162,751
fc1f4e29f2044d4e,kingsmarch_01_c16r18.tgm.header,Tiny_5,67682913,264
eb2fe121c8bc22a0,kingsmarch_01_c16r17.tgm,Tiny_5,67681093,805
090721980c71a9e8,kingsmarch_01_c16r17.tgm.header,Tiny_5,67681898,264
c6cc1f47e66d00df,kingsmarch_01_c16r16.tgm,Tiny_5,67679970,859
a311c66e1256d0dd,kingsmarch_01_c16r16.tgm.header,Tiny_5,67680829,264
f782a535caefcb53,kingsmarch_01_c16r15.tgm,Tiny_5,67678793,913
fe276b44f7a9647e,kingsmarch_01_c16r15.tgm.header,Tiny_5,67679706,264
7bc671457f3654d1,kingsmarch_01_c16r14.tgm,Tiny_5,67677454,1075
2b21024db221a797,kingsmarch_01_c16r14.tgm.header,Tiny_5,67678529,264
be419e7edc50eb85,kingsmarch_01_c16r13.tgm,Tiny_5,67676331,859
0703e4af20b2ae4e,kingsmarch_01_c16r13.tgm.header,Tiny_5,67677190,264
8431263b5e0f4114,kingsmarch_01_c16r12.tgm,Folders/art/models/terrain/leagues/kalguuransettlers/tgms,808282,4665
8f36823eeabb19bf,kingsmarch_01_c16r12.tgm.header,Tiny_5,67676067,264
0f55952dead6528b,kingsmarch_01_c16r11.tgm,Tiny_5,67673990,1813
16b19ed732be2713,kingsmarch_01_c16r11.tgm.header,Tiny_5,67675803,264
e835232d717ad092,kingsmarch_01_c16r10.tgm,Tiny_5,67671841,1885
663fc620593bb59f,kingsmarch_01_c16r10.tgm.header,Tiny_5,67673726,264
ca236c5aa57f9ca0,kingsmarch_01_c16r1.tgm,Tiny_5,67670316,1261
09f2446ee767faea,kingsmarch_01_c16r1.tgm.header,Tiny_5,67671577,264
e57123aa066d86dd,kingsmarch_01_c15r9.tgm,Tiny_5,67668491,1561
f15eac2591a928f1,kingsmarch_01_c15r9.tgm.header,Tiny_5,67670052,264
e2648613a17493fb,kingsmarch_01_c15r8.tgm,Folders/art/models/terrain/leagues/kalguuransettlers/tgms,756069,52213
b0984d0960460ab0,kingsmarch_01_c15r8.tgm.header,Tiny_5,67667789,702
d15447ec8265073e,kingsmarch_01_c15r7.tgm,Tiny_5,67665370,2155
aaa936b3d537274b,kingsmarch_01_c15r7.tgm.header,Tiny_5,67667525,264
0f4f3470eef41895,kingsmarch_01_c15r6.tgm,Tiny_5,67663059,2047
1f4dd9e18bf5cec9,kingsmarch_01_c15r6.tgm.header,Tiny_5,67665106,264
282cd80c3785629c,kingsmarch_01_c15r5.tgm,Tiny_5,67661126,1669
c29b9f877882a4b6,kingsmarch_01_c15r5.tgm.header,Tiny_5,67662795,264
acd30b854b1aecde,kingsmarch_01_c15r4.tgm,Tiny_5,67659319,1543
f914e9b876caf1a3,kingsmarch_01_c15r4.tgm.header,Tiny_5,67660862,264
a863a4946fc6bdd0,kingsmarch_01_c15r36.tgm,Tiny_5,67657882,1173
fe26d3c1b20e352f,kingsmarch_01_c15r36.tgm.header,Tiny_5,67659055,264
2fa309d3a27f0882,kingsmarch_01_c15r35.tgm,Tiny_5,67655917,1701
35aae6984b748ad9,kingsmarch_01_c15r35.tgm.header,Tiny_5,67657618,264
fb497d4b0e21dba1,kingsmarch_01_c15r34.tgm,Tiny_5,67654000,1653
5c2b2cac981a6172,kingsmarch_01_c15r34.tgm.header,Tiny_5,67655653,264
1ed049dcf5ccf822,kingsmarch_01_c15r33.tgm,Tiny_5,67652065,1935
5f752ffab12f4867,kingsmarch_01_c15r33.tgm.header,Tiny_5,67443331,264
a7961ead6a2f263e,kingsmarch_01_c15r32.tgm,Tiny_5,67650040,2025
3244d3b33389db5b,kingsmarch_01_c15r32.tgm.header,Tiny_5,67441132,264
563e3c3e0b74f2d7,kingsmarch_01_c15r31.tgm,Tiny_5,67647799,1977
ce629917010e61d2,kingsmarch_01_c15r31.tgm.header,Tiny_5,67649776,264
e6559c30ddc6215e,kingsmarch_01_c15r30.tgm,Tiny_5,67645540,2259
7b08a88bc6026503,kingsmarch_01_c15r30.tgm.header,Tiny_5,67436602,264
77dbcb3670de38c0,kingsmarch_01_c15r3.tgm,Tiny_5,67643643,1633
5079f49aa0cdb2c0,kingsmarch_01_c15r3.tgm.header,Tiny_5,67645276,264
9224d068ab051907,kingsmarch_01_c15r29.tgm,Tiny_5,67641030,2349
e7afbbfe0e3ff025,kingsmarch_01_c15r29.tgm.header,Tiny_5,67643379,264
24b21a7434357646,kingsmarch_01_c15r28.tgm,Tiny_5,67638729,2301
5b1da2866a439747,kingsmarch_01_c15r28.tgm.header,Tiny_5,67430337,264
63f34734dd22e227,kingsmarch_01_c15r27.tgm,Folders/art/models/terrain/leagues/kalguuransettlers/tgms,681590,74479
72a70cea6f31b764,kingsmarch_01_c15r27.tgm.header,Tiny_5,67638247,482
92dba3b955a9d692,kingsmarch_01_c15r26.tgm,Tiny_5,67635276,2707
da2b799d8ab5ad1f,kingsmarch_01_c15r26.tgm.header,Tiny_5,67637983,264
aff807d27fe8b23c,kingsmarch_01_c15r25.tgm,Tiny_5,67632587,2425
3130ec3a4e15eb3b,kingsmarch_01_c15r25.tgm.header,Tiny_5,67635012,264
689bb8d49b7db7a8,kingsmarch_01_c15r24.tgm,Tiny_5,67630540,2047
80ac679857fd8aee,kingsmarch_01_c15r24.tgm.header,Tiny_5,67547454,264
5f758b34e86335c6,kingsmarch_01_c15r23.tgm,Tiny_5,67628013,2263
d97d33da80217bcf,kingsmarch_01_c15r23.tgm.header,Tiny_5,67630276,264
9e469f02ed311bd6,kingsmarch_01_c15r22.tgm,Tiny_5,67625696,2317
a2ee9f9f9b101146,kingsmarch_01_c15r22.tgm.header,Tiny_5,67348036,264
5691316f359502ce,kingsmarch_01_c15r21.tgm,Tiny_5,67623979,1453
171da9236016391d,kingsmarch_01_c15r21.tgm.header,Tiny_5,67625432,264
31592217de04aca6,kingsmarch_01_c15r20.tgm,Tiny_5,67622370,1345
73bd653887b1b2ce,kingsmarch_01_c15r20.tgm.header,Tiny_5,67623715,264
b5c72032cbf54c2f,kingsmarch_01_c15r2.tgm,Tiny_5,67620599,1507
204b7e20b4060422,kingsmarch_01_c15r2.tgm.header,Tiny_5,67622106,264
c2044ecf24f0ea05,kingsmarch_01_c15r19.tgm,Tiny_5,67619206,1129
0743d74ac97059f4,kingsmarch_01_c15r19.tgm.header,Tiny_5,67620335,264
879e4d19b2076240,kingsmarch_01_c15r18.tgm,Tiny_5,67617651,1291
30b525538aec9cfa,kingsmarch_01_c15r18.tgm.header,Tiny_5,67618942,264
4379bf14400b4dc3,kingsmarch_01_c15r17.tgm,Tiny_5,67615988,1399
dc7fea0555cf496d,kingsmarch_01_c15r17.tgm.header,Tiny_5,67617387,264
dede45aa6461a1df,kingsmarch_01_c15r16.tgm,Tiny_5,67614055,1669
641b7ea1a10ad6c1,kingsmarch_01_c15r16.tgm.header,Tiny_5,67615724,264
3c678b11d9819c55,kingsmarch_01_c15r15.tgm,Tiny_5,67612170,1885
d0f8668554a6d3d1,kingsmarch_01_c15r15.tgm.header,Tiny_5,67490622,264
4ffbae4aaa336b79,kingsmarch_01_c15r14.tgm,Tiny_5,67609961,1945
0be2be717af51359,kingsmarch_01_c15r14.tgm.header,Tiny_5,67611906,264
f582e5966218e9f8,kingsmarch_01_c15r13.tgm,Tiny_5,67608118,1579
3009fd7569f2c4c6,kingsmarch_01_c15r13.tgm.header,Tiny_5,67609697,264
2cf3c95c16ca86f1,kingsmarch_01_c15r12.tgm,Tiny_5,67605951,1903
d74c3f40fb6b5e75,kingsmarch_01_c15r12.tgm.header,Tiny_5,67607854,264
2333e1b8404dc6f4,kingsmarch_01_c15r11.tgm,Tiny_5,67603928,1759
0613095d687fd30e,kingsmarch_01_c15r11.tgm.header,Tiny_5,67605687,264
4f0c6ebab6a89942,kingsmarch_01_c15r10.tgm,Tiny_5,67601887,1777
77052a0fd5c786b2,kingsmarch_01_c15r10.tgm.header,Tiny_5,67603664,264
9d2dfb3ccef0104b,kingsmarch_01_c15r1.tgm,Tiny_5,67600200,1423
482a7ce4cc863345,kingsmarch_01_c15r1.tgm.header,Tiny_5,67601623,264
53ede99767a1cedb,kingsmarch_01_c14r9.tgm,Tiny_5,67598771,1165
7dc93bab219b9b9f,kingsmarch_01_c14r9.tgm.header,Tiny_5,67599936,264
ea7bfe8b3442aa77,kingsmarch_01_c14r8.tgm,Tiny_5,67597378,1129
361a467757b298b1,kingsmarch_01_c14r8.tgm.header,Tiny_5,67598507,264
c01c804c4d65fd7e,kingsmarch_01_c14r7.tgm,Tiny_5,67595769,1345
b3e6d453ca011878,kingsmarch_01_c14r7.tgm.header,Tiny_5,67597114,264
9594375f5a9a7db4,kingsmarch_01_c14r6.tgm,Tiny_5,67594016,1489
a0941c910934724f,kingsmarch_01_c14r6.tgm.header,Tiny_5,67595505,264
cfe122ecb3775a9d,kingsmarch_01_c14r5.tgm,Tiny_5,67592479,1273
883819ea2b5fde2b,kingsmarch_01_c14r5.tgm.header,Tiny_5,67593752,264
88871a27fb5c1ae0,kingsmarch_01_c14r4.tgm,Tiny_5,67591050,1165
2b8db3fa8b3be6c8,kingsmarch_01_c14r4.tgm.header,Tiny_5,67592215,264
b027bc41425e4eb4,kingsmarch_01_c14r36.tgm,Tiny_5,67589457,1593
ee1f3f6e762ccf4d,kingsmarch_01_c14r36.tgm.header,Tiny_5,67379782,264
f8702b27f853c156,kingsmarch_01_c14r35.tgm,Tiny_5,67586988,2205
874fb878ed0eb9f3,kingsmarch_01_c14r35.tgm.header,Tiny_5,67589193,264
2ccfcf8fb2c9e663,kingsmarch_01_c14r34.tgm,Folders/art/models/terrain/leagues/kalguuransettlers/tgms,607553,74037
fb72c962d6068e73,kingsmarch_01_c14r34.tgm.header,Tiny_5,67586506,482
d4aee059c99ed1d4,kingsmarch_01_c14r33.tgm,Tiny_5,67583695,2547
f255da7226d1671a,kingsmarch_01_c14r33.tgm.header,Tiny_5,67586242,264
becc56673b0ecff8,kingsmarch_01_c14r32.tgm,Folders/art/models/terrain/leagues/kalguuransettlers/tgms,529208,78345
a17a2dfdd50c8559,kingsmarch_01_c14r32.tgm.header,Tiny_5,67583213,482
b21b47fc0310ea9e,kingsmarch_01_c14r31.tgm,Tiny_5,67580420,2529
6b1cbdd85d071133,kingsmarch_01_c14r31.tgm.header,Tiny_5,67582949,264
004267f78c2a02f0,kingsmarch_01_c14r30.tgm,Tiny_5,67577285,2871
7c9f4c30b779d5ab,kingsmarch_01_c14r30.tgm.header,Tiny_5,67580156,264
9f32539b53823585,kingsmarch_01_c14r3.tgm,Tiny_5,67575946,1075
7745d27f5a38e8b2,kingsmarch_01_c14r3.tgm.header,Tiny_5,67577021,264
6888326b3af96d4f,kingsmarch_01_c14r29.tgm,Folders/art/models/terrain/leagues/kalguuransettlers/tgms,450539,78669
6d13007d3a9da575,kingsmarch_01_c14r29.tgm.header,Tiny_5,67575464,482
e5434eb576b8f44f,kingsmarch_01_c14r28.tgm,Tiny_5,67572611,2853
631066ef2e1bbb1a,kingsmarch_01_c14r28.tgm.header,Tiny_5,67358772,264
bd41d3389dcce8dc,kingsmarch_01_c14r27.tgm,Tiny_5,67569974,2637
708096eed88d1796,kingsmarch_01_c14r27.tgm.header,Tiny_5,67355655,264
a82ce18ddbb4d9ba,kingsmarch_01_c14r26.tgm,Tiny_5,67567489,2221
f7b52d54d1c6c5e8,kingsmarch_01_c14r26.tgm.header,Tiny_5,67569710,264
9b2c4a39247c50cd,kingsmarch_01_c14r25.tgm,Tiny_5,67565550,1939
46aed699b6c45134,kingsmarch_01_c14r25.tgm.header,Tiny_5,67276188,264
757af5f5ff26ed72,kingsmarch_01_c14r24.tgm,Tiny_5,67563185,2101
77f2487efdb38be5,kingsmarch_01_c14r24.tgm.header,Tiny_5,67565286,264
841578a13008ea24,kingsmarch_01_c14r23.tgm,Folders/art/models/terrain/leagues/kalguuransettlers/tgms,355640,94899
39b30ac20ff384fe,kingsmarch_01_c14r23.tgm.header,Tiny_5,67562615,570
20ae15783afc44aa,kingsmarch_01_c14r22.tgm,Tiny_5,67559866,2749
e4b31636ef6330c2,kingsmarch_01_c14r22.tgm.header,Tiny_5,67338457,264
bd7af1ac2769a33e,kingsmarch_01_c14r21.tgm,Tiny_5,67556313,3289
37830c9a4b3866f4,kingsmarch_01_c14r21.tgm.header,Tiny_5,67559602,264
be93571513310ed0,kingsmarch_01_c14r20.tgm,Tiny_5,67552238,3811
2352884e227a58bf,kingsmarch_01_c14r20.tgm.header,Tiny_5,67556049,264
66f603cf9c0fcd54,kingsmarch_01_c14r2.tgm,Tiny_5,67550521,1453
fbd4dc0d494f7f47,kingsmarch_01_c14r2.tgm.header,Tiny_5,67551974,264
8fb6b28a070eddd5,kingsmarch_01_c14r19.tgm,Tiny_5,67547718,2803
5df810feb3ba0837,kingsmarch_01_c14r19.tgm.header,Tiny_5,67256234,264
25ade03d2f5d348f,kingsmarch_01_c14r18.tgm,Tiny_5,67545407,2047
953bb02b9ca4fd0b,kingsmarch_01_c14r18.tgm.header,Tiny_5,67547454,264
e4f218846b4bd557,kingsmarch_01_c14r17.tgm,Tiny_5,67543252,2155
154e4f594bec88f1,kingsmarch_01_c14r17.tgm.header,Tiny_5,67421071,264
a88beb79b84574f1,kingsmarch_01_c14r16.tgm,Tiny_5,67540881,2371
7f9fea267fd878b5,kingsmarch_01_c14r16.tgm.header,Tiny_5,67413232,264
1d3f730738863f3f,kingsmarch_01_c14r15.tgm,Tiny_5,67538024,2857
10b039f3edbe2da0,kingsmarch_01_c14r15.tgm.header,Tiny_5,67327881,264
2049660052063b6b,kingsmarch_01_c14r14.tgm,Tiny_5,67535191,2569
9a52431866fa4364,kingsmarch_01_c14r14.tgm.header,Tiny_5,67537760,264
11592669e8895fb0,kingsmarch_01_c14r13.tgm,Tiny_5,67533402,1525
f287aa1d11e71cb6,kingsmarch_01_c14r13.tgm.header,Tiny_5,67534927,264
2c0d445a026b883b,kingsmarch_01_c14r12.tgm,Tiny_5,67531973,1165
6c881ae6552dfc49,kingsmarch_01_c14r12.tgm.header,Tiny_5,67533138,264
632f9335382619c0,kingsmarch_01_c14r11.tgm,Tiny_5,67530580,1129
8865fe5a7bc0ae65,kingsmarch_01_c14r11.tgm.header,Tiny_5,67531709,264
a8d7bed9518aaefa,kingsmarch_01_c14r10.tgm,Tiny_5,67529097,1219
3697378d6df47380,kingsmarch_01_c14r10.tgm.header,Tiny_5,67530316,264
ffdbc09832eb9e79,kingsmarch_01_c14r1.tgm,Tiny_5,67527224,1609
769a8733231b442f,kingsmarch_01_c14r1.tgm.header,Tiny_5,67528833,264
e05af662e923f4c1,kingsmarch_01_c13r9.tgm,Tiny_5,67525327,1633
1ef71e99e73e981d,kingsmarch_01_c13r9.tgm.header,Tiny_5,67526960,264
53f64c5821c65ca9,kingsmarch_01_c13r8.tgm,Tiny_5,67523688,1375
50c9778e02a1ecf0,kingsmarch_01_c13r8.tgm.header,Tiny_5,67525063,264
5b3d66c37a796027,kingsmarch_01_c13r7.tgm,Tiny_5,67521839,1585
9ddebf0cb08b5a68,kingsmarch_01_c13r7.tgm.header,Tiny_5,67523424,264
a806955e483e8308,kingsmarch_01_c13r6.tgm,Tiny_5,67519834,1741
bac2df781542085f,kingsmarch_01_c13r6.tgm.header,Tiny_5,67521575,264
c745860976f8c119,kingsmarch_01_c13r5.tgm,Tiny_5,67518243,1327
887f2e2fee12282a,kingsmarch_01_c13r5.tgm.header,Tiny_5,67519570,264
25181fc75a691f99,kingsmarch_01_c13r4.tgm,Tiny_5,67516814,1165
f536ae5a6ded6d56,kingsmarch_01_c13r4.tgm.header,Tiny_5,67517979,264
4daecfededca28a7,kingsmarch_01_c13r36.tgm,Tiny_5,67515269,1281
3301fa15dd333372,kingsmarch_01_c13r36.tgm.header,Tiny_5,67516550,264
2a0c1c752bc716d7,kingsmarch_01_c13r35.tgm,Folders/art/models/terrain/leagues/kalguuransettlers/tgms,278251,77389
4b4cf77fdb76cbb6,kingsmarch_01_c13r35.tgm.header,Tiny_5,67514787,482
3a5da146d8965ea8,kingsmarch_01_c13r34.tgm,Tiny_5,67512816,1707
2adb6e3170abfdd4,kingsmarch_01_c13r34.tgm.header,Tiny_5,67514523,264
f0df54a52d59fabd,kingsmarch_01_c13r33.tgm,Tiny_5,67510455,2097
cf4ca12143f88de4,kingsmarch_01_c13r33.tgm.header,Tiny_5,67512552,264
36c45174e44be0f8,kingsmarch_01_c13r32.tgm,Tiny_5,67508430,2025
316c0d69c2e00c7d,kingsmarch_01_c13r32.tgm.header,Tiny_5,67441132,264
e6e9f431978d0e3c,kingsmarch_01_c13r31.tgm,Tiny_5,67506135,2031
b6387ad5f000a892,kingsmarch_01_c13r31.tgm.header,Tiny_5,67508166,264
bbe900b4ddff18d5,kingsmarch_01_c13r30.tgm,Tiny_5,67503450,2421
72ede8e39e53eceb,kingsmarch_01_c13r30.tgm.header,Tiny_5,67505871,264
128309289f226995,kingsmarch_01_c13r3.tgm,Tiny_5,67502057,1129
78dc3fbc4c1d8bbf,kingsmarch_01_c13r3.tgm.header,Tiny_5,67503186,264
24930e21d5426df8,kingsmarch_01_c13r29.tgm,Tiny_5,67499708,2349
738c5f1157e36385,kingsmarch_01_c13r29.tgm.header,Tiny_5,67288517,264
541eea7dd05a7b3e,kingsmarch_01_c13r28.tgm,Tiny_5,67497353,2355
726d0eb9cd35e7b1,kingsmarch_01_c13r28.tgm.header,Tiny_5,67285904,264
8fbec3c95221f914,kingsmarch_01_c13r27.tgm,Tiny_5,67494818,2271
6933247a01278355,kingsmarch_01_c13r27.tgm.header,Tiny_5,67497089,264
633662d086af68e6,kingsmarch_01_c13r26.tgm,Tiny_5,67492663,1891
d667da1e00700e21,kingsmarch_01_c13r26.tgm.header,Tiny_5,67494554,264
7eb7ccc2adf1adea,kingsmarch_01_c13r25.tgm,Tiny_5,67490886,1777
f5253335c4421edd,kingsmarch_01_c13r25.tgm.header,Tiny_5,67468226,264
6d63942e2654a976,kingsmarch_01_c13r24.tgm,Tiny_5,67488737,1885
ef683685460244b4,kingsmarch_01_c13r24.tgm.header,Tiny_5,67490622,264
1638a6b4f64dac19,kingsmarch_01_c13r23.tgm,Tiny_5,67486798,1939
acf039a8d31c66dc,kingsmarch_01_c13r23.tgm.header,Tiny_5,67276188,264
4097bc3d60441823,kingsmarch_01_c13r22.tgm,Tiny_5,67484427,2371
446ba2e6c8cdf5e9,kingsmarch_01_c13r22.tgm.header,Tiny_5,67413232,264
cf748d03ad66ab91,kingsmarch_01_c13r21.tgm,Tiny_5,67481894,2533
4f2d7573b979588d,kingsmarch_01_c13r21.tgm.header,Tiny_5,67261936,264
dc583de06a37cbe3,kingsmarch_01_c13r20.tgm,Tiny_5,67479145,2749
e4bf13fec0143b3d,kingsmarch_01_c13r20.tgm.header,Tiny_5,67338457,264
c66d839f40ba174f,kingsmarch_01_c13r2.tgm,Tiny_5,67477266,1615
c8d34280ecb28a2f,kingsmarch_01_c13r2.tgm.header,Tiny_5,67478881,264
b892a12000e2b061,kingsmarch_01_c13r19.tgm,Tiny_5,67474193,3073
60fc324e596ec688,kingsmarch_01_c13r19.tgm.header,Tiny_5,67324760,264
c15e24084006278e,kingsmarch_01_c13r18.tgm,Tiny_5,67471822,2371
2e78a01d129ef246,kingsmarch_01_c13r18.tgm.header,Tiny_5,67413232,264
657e968c63b40c7f,kingsmarch_01_c13r17.tgm,Tiny_5,67470051,1507
ca99d3aacd25d51b,kingsmarch_01_c13r17.tgm.header,Tiny_5,67471558,264
55f7d6b32512f0d0,kingsmarch_01_c13r16.tgm,Tiny_5,67468490,1561
31c589cc1082eff2,kingsmarch_01_c13r16.tgm.header,Tiny_5,67398106,264
a8908f391a258ff1,kingsmarch_01_c13r15.tgm,Tiny_5,67466449,1777
e9553532fe45cc3f,kingsmarch_01_c13r15.tgm.header,Tiny_5,67468226,264
65e7b42ddfdc8d1e,kingsmarch_01_c13r14.tgm,Tiny_5,67464642,1543
432f661a4c04e835,kingsmarch_01_c13r14.tgm.header,Tiny_5,67466185,264
d35e309cd0522de6,kingsmarch_01_c13r13.tgm,Tiny_5,67462727,1651
02f66d6d836630bc,kingsmarch_01_c13r13.tgm.header,Tiny_5,67464378,264
e4acc20e31bf6eb2,kingsmarch_01_c13r12.tgm,Tiny_5,67460776,1687
f7aa2977433270cb,kingsmarch_01_c13r12.tgm.header,Tiny_5,67462463,264
c69b74d3e679876c,kingsmarch_01_c13r11.tgm,Tiny_5,67458915,1597
0fbbd01f59b9bec9,kingsmarch_01_c13r11.tgm.header,Tiny_5,67460512,264
85f21dbcdca2e519,kingsmarch_01_c13r10.tgm,Tiny_5,67457270,1381
0e793583c8eddc10,kingsmarch_01_c13r10.tgm.header,Tiny_5,67458651,264
ffdb0ab64a42b559,kingsmarch_01_c13r1.tgm,Tiny_5,67455073,1933
c3b09e5daaf2f461,kingsmarch_01_c13r1.tgm.header,Tiny_5,67457006,264
218f133987fece42,kingsmarch_01_c12r9.tgm,Tiny_5,67453572,1237
40da00c2e080f957,kingsmarch_01_c12r9.tgm.header,Tiny_5,67454809,264
47339bd3fcb858d4,kingsmarch_01_c12r8.tgm,Tiny_5,67452263,1045
7c7fdfa58214c331,kingsmarch_01_c12r8.tgm.header,Tiny_5,67453308,264
a1c481a7f0b63702,kingsmarch_01_c12r7.tgm,Tiny_5,67451248,751
df06f9f89d10b37b,kingsmarch_01_c12r7.tgm.header,Tiny_5,67451999,264
e28fffc2aff1540d,kingsmarch_01_c12r6.tgm,Tiny_5,67450071,913
022327a78490cac2,kingsmarch_01_c12r6.tgm.header,Tiny_5,67450984,264
57a19c179cf1b761,kingsmarch_01_c12r5.tgm,Tiny_5,67448642,1165
8e0a450a9bfcc57d,kingsmarch_01_c12r5.tgm.header,Tiny_5,67449807,264
83ef40d6cfb4e6df,kingsmarch_01_c12r4.tgm,Tiny_5,67447213,1165
f5c3f348baa4908d,kingsmarch_01_c12r4.tgm.header,Tiny_5,67448378,264
60a014d76b5a0f36,kingsmarch_01_c12r36.tgm,Tiny_5,67445776,1173
5c1f93f772ca5c6d,kingsmarch_01_c12r36.tgm.header,Tiny_5,67446949,264
545742011aa8605e,kingsmarch_01_c12r35.tgm,Folders/art/models/terrain/leagues/kalguuransettlers/tgms,233144,45107
5ecc6597b82c0e0b,kingsmarch_01_c12r35.tgm.header,Tiny_5,67445512,264
4ce7ee12bea00987,kingsmarch_01_c12r34.tgm,Tiny_5,67443595,1653
fc70badbee30098b,kingsmarch_01_c12r34.tgm.header,Tiny_5,67445248,264
397b661f2d126578,kingsmarch_01_c12r33.tgm,Tiny_5,67441396,1935
ecf9eef1fa512554,kingsmarch_01_c12r33.tgm.header,Tiny_5,67443331,264
8146718532d52218,kingsmarch_01_c12r32.tgm,Tiny_5,67439107,2025
d1fb2767db53ec27,kingsmarch_01_c12r32.tgm.header,Tiny_5,67441132,264
91cb667bd8ed13ad,kingsmarch_01_c12r31.tgm,Tiny_5,67436866,1977
34e24f055bc3a3f7,kingsmarch_01_c12r31.tgm.header,Tiny_5,67438843,264
ddad99d95b85aeb4,kingsmarch_01_c12r30.tgm,Tiny_5,67434343,2259
5774408e74fb6bd3,kingsmarch_01_c12r30.tgm.header,Tiny_5,67436602,264
947a3b08269b10bd,kingsmarch_01_c12r3.tgm,Tiny_5,67432950,1129
8fbbccf34b3d57f5,kingsmarch_01_c12r3.tgm.header,Tiny_5,67434079,264
b3b1d6ac71b24061,kingsmarch_01_c12r29.tgm,Tiny_5,67430601,2349
8c58305f10bd0ebb,kingsmarch_01_c12r29.tgm.header,Tiny_5,67288517,264
555387f9044182b4,kingsmarch_01_c12r28.tgm,Tiny_5,67428036,2301
9b2ac691d96581bf,kingsmarch_01_c12r28.tgm.header,Tiny_5,67430337,264
8ccf59b677568a6a,kingsmarch_01_c12r27.tgm,Tiny_5,67425555,2217
369472cd8b1c6df6,kingsmarch_01_c12r27.tgm.header,Tiny_5,67427772,264
0bebb073ddad17ed,kingsmarch_01_c12r26.tgm,Tiny_5,67423430,1861
a82acaeb9dfa2273,kingsmarch_01_c12r26.tgm.header,Tiny_5,67425291,264
f3f45b46e984c27c,kingsmarch_01_c12r25.tgm,Tiny_5,67421335,1831
5d6e4f4da7c29cc7,kingsmarch_01_c12r25.tgm.header,Tiny_5,67423166,264
bf0d258e5f723251,kingsmarch_01_c12r24.tgm,Tiny_5,67418916,2155
7ff2e58bc54ca89b,kingsmarch_01_c12r24.tgm.header,Tiny_5,67421071,264
4f75a38dcbc83afe,kingsmarch_01_c12r23.tgm,Tiny_5,67415813,2839
56d3158d8effaa50,kingsmarch_01_c12r23.tgm.header,Tiny_5,67418652,264
441f837d8ce39eb9,kingsmarch_01_c12r22.tgm,Tiny_5,67413496,2317
61e75f29f657504b,kingsmarch_01_c12r22.tgm.header,Tiny_5,67348036,264
daaead92af8472dc,kingsmarch_01_c12r21.tgm,Tiny_5,67410861,2371
e5aa6c207643627f,kingsmarch_01_c12r21.tgm.header,Tiny_5,67413232,264
de797f578a92b05d,kingsmarch_01_c12r20.tgm,Tiny_5,67408112,2749
8b0a0f6c11b0448b,kingsmarch_01_c12r20.tgm.header,Tiny_5,67338457,264
724a9c886c91a026,kingsmarch_01_c12r2.tgm,Tiny_5,67406773,1075
f0f418e2f1e7ef58,kingsmarch_01_c12r2.tgm.header,Tiny_5,67407848,264
d73aa56b59f9ab25,kingsmarch_01_c12r19.tgm,Tiny_5,67404024,2749
20022efe5d6e01f1,kingsmarch_01_c12r19.tgm.header,Tiny_5,67338457,264
6bc9bd1b17635b37,kingsmarch_01_c12r18.tgm,Tiny_5,67400795,2965
c3462e7ce85e28d1,kingsmarch_01_c12r18.tgm.header,Tiny_5,67403760,264
c8b85ac16b44fca3,kingsmarch_01_c12r17.tgm,Tiny_5,67398370,2425
7edcc6e4e4ede7ba,kingsmarch_01_c12r17.tgm.header,Tiny_5,67264625,264
222e9afbc6f6d721,kingsmarch_01_c12r16.tgm,Tiny_5,67396545,1561
b0cccabe76021a02,kingsmarch_01_c12r16.tgm.header,Tiny_5,67398106,264
de9d10dcd0e9101a,kingsmarch_01_c12r15.tgm,Tiny_5,67395098,1183
cc50df6c0868e99f,kingsmarch_01_c12r15.tgm.header,Tiny_5,67396281,264
5524eae334e3f7cc,kingsmarch_01_c12r14.tgm,Tiny_5,67393597,1237
193ab8ab141d8e5a,kingsmarch_01_c12r14.tgm.header,Tiny_5,67394834,264
8831a8980fc0ff35,kingsmarch_01_c12r13.tgm,Tiny_5,67391934,1399
769e055162bfe86b,kingsmarch_01_c12r13.tgm.header,Tiny_5,67393333,264
0075d17f8934a8bd,kingsmarch_01_c12r12.tgm,Tiny_5,67390541,1129
2aa31c11fea69388,kingsmarch_01_c12r12.tgm.header,Tiny_5,67391670,264
5882932d148eaf01,kingsmarch_01_c12r11.tgm,Tiny_5,67389148,1129
9bfdc9d37350cec3,kingsmarch_01_c12r11.tgm.header,Tiny_5,67390277,264
2df9808d5078191a,kingsmarch_01_c12r10.tgm,Folders/art/models/terrain/leagues/kalguuransettlers/tgms,192063,41081
acd627e14f5222fb,kingsmarch_01_c12r10.tgm.header,Tiny_5,67388622,526
f4b0a9e3eba8c001,kingsmarch_01_c12r1.tgm,Tiny_5,67387037,1321
bcda7b5eae12e6d0,kingsmarch_01_c12r1.tgm.header,Tiny_5,67388358,264
50833ec230132858,kingsmarch_01_c11r9.tgm,Tiny_5,67385968,805
4009e0185d565806,kingsmarch_01_c11r9.tgm.header,Tiny_5,67386773,264
cc41c1f6b44597ee,kingsmarch_01_c11r8.tgm,Folders/art/models/terrain/leagues/kalguuransettlers/tgms,158340,33723
607fb4e478a3238e,kingsmarch_01_c11r8.tgm.header,Tiny_5,67385618,350
25bd52095aae339d,kingsmarch_01_c11r7.tgm,Tiny_5,67384549,805
d3aadbee55930c83,kingsmarch_01_c11r7.tgm.header,Tiny_5,67385354,264
04c9e5851013dbd9,kingsmarch_01_c11r6.tgm,Tiny_5,67383210,1075
2690de20d058cddb,kingsmarch_01_c11r6.tgm.header,Tiny_5,67384285,264
d4760a1b045ebf97,kingsmarch_01_c11r5.tgm,Tiny_5,67381601,1345
1a37cecd2c75f262,kingsmarch_01_c11r5.tgm.header,Tiny_5,67382946,264
8c3ab19b5353b740,kingsmarch_01_c11r4.tgm,Tiny_5,67380046,1291
994896d9f4808d44,kingsmarch_01_c11r4.tgm.header,Tiny_5,67381337,264
3bea55f28a1d64bd,kingsmarch_01_c11r36.tgm,Tiny_5,67378189,1593
ffb3da5459147134,kingsmarch_01_c11r36.tgm.header,Tiny_5,67379782,264
612383baa07f1fbd,kingsmarch_01_c11r35.tgm,Folders/art/models/terrain/leagues/kalguuransettlers/tgms,143837,14503
62825aabbb6a35fa,kingsmarch_01_c11r35.tgm.header,Tiny_5,67377925,264
f158057da93a71de,kingsmarch_01_c11r34.tgm,Tiny_5,67375456,2205
6fe8fd2a67f0d84d,kingsmarch_01_c11r34.tgm.header,Tiny_5,67377661,264
f8762ce340cdffc5,kingsmarch_01_c11r33.tgm,Tiny_5,67372645,2547
b22fdbe894f8e7c3,kingsmarch_01_c11r33.tgm.header,Tiny_5,67375192,264
a04f60e3b04501ba,kingsmarch_01_c11r32.tgm,Tiny_5,67369852,2529
56784b03a6fcb45d,kingsmarch_01_c11r32.tgm.header,Tiny_5,67372381,264
fd8483777cab7ebd,kingsmarch_01_c11r31.tgm,Tiny_5,67367059,2529
8c4d34b8218909e1,kingsmarch_01_c11r31.tgm.header,Tiny_5,67369588,264
2ee318d78aac1ac0,kingsmarch_01_c11r30.tgm,Tiny_5,67363924,2871
e8715ec5ae1c816b,kingsmarch_01_c11r30.tgm.header,Tiny_5,67366795,264
208b92fe48335176,kingsmarch_01_c11r3.tgm,Tiny_5,67362153,1507
55dd1cde7e6e91f9,kingsmarch_01_c11r3.tgm.header,Tiny_5,67363660,264
6395cc6c75ca74e4,kingsmarch_01_c11r29.tgm,Tiny_5,67359036,2853
07ba454af712cef4,kingsmarch_01_c11r29.tgm.header,Tiny_5,67361889,264
432f31adf70f1131,kingsmarch_01_c11r28.tgm,Tiny_5,67355919,2853
872165f803f92600,kingsmarch_01_c11r28.tgm.header,Tiny_5,67358772,264
2dfe6bdd532ff7aa,kingsmarch_01_c11r27.tgm,Tiny_5,67353018,2637
9f16f5f24643b617,kingsmarch_01_c11r27.tgm.header,Tiny_5,67355655,264
d1bb79121887f253,kingsmarch_01_c11r26.tgm,Tiny_5,67350719,2035
874b6ad6d8ffd97c,kingsmarch_01_c11r26.tgm.header,Tiny_5,67352754,264
c66aac6ee6935789,kingsmarch_01_c11r25.tgm,Tiny_5,67348300,2155
0094db5785806331,kingsmarch_01_c11r25.tgm.header,Tiny_5,67350455,264
19adde7be12c3159,kingsmarch_01_c11r24.tgm,Tiny_5,67345719,2317
1b5e3df20d5323bd,kingsmarch_01_c11r24.tgm.header,Tiny_5,67348036,264
36256cdc6c0d73ca,kingsmarch_01_c11r23.tgm,Tiny_5,67342112,3343
1aba4287cc3ff8a1,kingsmarch_01_c11r23.tgm.header,Tiny_5,67345455,264
473315d8493f331f,kingsmarch_01_c11r22.tgm,Tiny_5,67338721,3127
f18f89d2eef9f5fd,kingsmarch_01_c11r22.tgm.header,Tiny_5,67341848,264
18df1de8f5222f0c,kingsmarch_01_c11r21.tgm,Tiny_5,67335708,2749
9f131641a939ea1e,kingsmarch_01_c11r21.tgm.header,Tiny_5,67338457,264
95bee00ec89f9f0f,kingsmarch_01_c11r20.tgm,Folders/art/models/terrain/leagues/kalguuransettlers/tgms,138716,5121
5e559b89ed5f7ec4,kingsmarch_01_c11r20.tgm.header,Tiny_5,67335444,264
bb36531b7971c1c4,kingsmarch_01_c11r2.tgm,Tiny_5,67333799,1381
7591a8f9eb8fcd44,kingsmarch_01_c11r2.tgm.header,Tiny_5,67335180,264
1ff06f86f35cc239,kingsmarch_01_c11r19.tgm,Tiny_5,67330948,2587
9b1ecdc2e765975e,kingsmarch_01_c11r19.tgm.header,Tiny_5,67333535,264
b0f73149e2ca0eed,kingsmarch_01_c11r18.tgm,Tiny_5,67328145,2803
f1c4cd28d4a1cd2d,kingsmarch_01_c11r18.tgm.header,Tiny_5,67256234,264
e74fb0250466f5ad,kingsmarch_01_c11r17.tgm,Tiny_5,67325024,2857
9db17187c37d20ab,kingsmarch_01_c11r17.tgm.header,Tiny_5,67327881,264
a1d13e9333017b7a,kingsmarch_01_c11r16.tgm,Tiny_5,67321687,3073
787cbaf31b196b0e,kingsmarch_01_c11r16.tgm.header,Tiny_5,67324760,264
b8de772e28b2377e,kingsmarch_01_c11r15.tgm,Tiny_5,67319016,2407
811af6832e92aa47,kingsmarch_01_c11r15.tgm.header,Tiny_5,67321423,264
3bd8c769805bdb5c,kingsmarch_01_c11r14.tgm,Tiny_5,67317839,913
7d334cb5f9b9f64f,kingsmarch_01_c11r14.tgm.header,Tiny_5,67318752,264
e5215b5f6268cb8b,kingsmarch_01_c11r13.tgm,Tiny_5,67316716,859
6ae81c999bcf05af,kingsmarch_01_c11r13.tgm.header,Tiny_5,67317575,264
3b1e61ce12cd1bdf,kingsmarch_01_c11r12.tgm,Tiny_5,67315647,805
483d120c4711222a,kingsmarch_01_c11r12.tgm.header,Tiny_5,67316452,264
bcd2057f1a70af35,kingsmarch_01_c11r11.tgm,Tiny_5,67314308,1075
cee3bf90bc092f51,kingsmarch_01_c11r11.tgm.header,Tiny_5,67315383,264
8db2fa727b0b7eca,kingsmarch_01_c11r10.tgm,Tiny_5,67313185,859
2093d41b14059866,kingsmarch_01_c11r10.tgm.header,Tiny_5,67314044,264
e10b6cadb43d7e96,kingsmarch_01_c11r1.tgm,Tiny_5,67311684,1237
1b39665ba60ae79c,kingsmarch_01_c11r1.tgm.header,Tiny_5,67312921,264
914336217610e19e,kingsmarch_01_c10r9.tgm,Tiny_5,67310309,1111
88e909059f150be6,kingsmarch_01_c10r9.tgm.header,Tiny_5,67311420,264
8fd9528b41e4b23a,kingsmarch_01_c10r8.tgm,Tiny_5,67308970,1075
94c09e4b7cec2b10,kingsmarch_01_c10r8.tgm.header,Tiny_5,67310045,264
a98efa8cf76fe9f9,kingsmarch_01_c10r7.tgm,Tiny_5,67307541,1165
032aa5e1c956ff30,kingsmarch_01_c10r7.tgm.header,Tiny_5,67308706,264
2a95445e7c383856,kingsmarch_01_c10r6.tgm,Tiny_5,67306058,1219
3a44fb7fcd603ec2,kingsmarch_01_c10r6.tgm.header,Tiny_5,67307277,264
078ad965ce0070d3,kingsmarch_01_c10r5.tgm,Tiny_5,67304989,805
fa7cd8fca89bd850,kingsmarch_01_c10r5.tgm.header,Tiny_5,67305794,264
10e2f86ff97298ad,kingsmarch_01_c10r4.tgm,Tiny_5,67303758,967
84ce92aeb6b2fffa,kingsmarch_01_c10r4.tgm.header,Tiny_5,67304725,264
495acc4e625eaee3,kingsmarch_01_c10r36.tgm,Tiny_5,67302213,1281
6677a825157279ca,kingsmarch_01_c10r36.tgm.header,Tiny_5,67303494,264
4aa494e1b47952d5,kingsmarch_01_c10r35.tgm,Folders/art/models/terrain/leagues/kalguuransettlers/tgms,78265,60451
9d9ed97f1dcfdfe9,kingsmarch_01_c10r35.tgm.header,Tiny_5,67301775,438
aae1b9fec419ef1d,kingsmarch_01_c10r34.tgm,Tiny_5,67299804,1707
b041e126f64708db,kingsmarch_01_c10r34.tgm.header,Tiny_5,67301511,264
f3d495c19062446c,kingsmarch_01_c10r33.tgm,Tiny_5,67297443,2097
a3d11a93249bbc7e,kingsmarch_01_c10r33.tgm.header,Tiny_5,67299540,264
674ac7cb91479eb4,kingsmarch_01_c10r32.tgm,Tiny_5,67295154,2025
bb9a69252734821a,kingsmarch_01_c10r32.tgm.header,Tiny_5,67297179,264
d43a389ec6a3804e,kingsmarch_01_c10r31.tgm,Tiny_5,67292859,2031
0ce6cac8d3fbd915,kingsmarch_01_c10r31.tgm.header,Tiny_5,67294890,264
178c8f9dccd3d0a6,kingsmarch_01_c10r30.tgm,Tiny_5,67290174,2421
2d4bb6c1ec41b40a,kingsmarch_01_c10r30.tgm.header,Tiny_5,67292595,264
d1f05f606f58baeb,kingsmarch_01_c10r3.tgm,Tiny_5,67288781,1129
7387af183405317c,kingsmarch_01_c10r3.tgm.header,Tiny_5,67289910,264
42f4af235a8716aa,kingsmarch_01_c10r29.tgm,Tiny_5,67286168,2349
820765d8bf4b28dc,kingsmarch_01_c10r29.tgm.header,Tiny_5,67288517,264
6582a754ecd5c8b1,kingsmarch_01_c10r28.tgm,Tiny_5,67283549,2355
9a185e685c320e44,kingsmarch_01_c10r28.tgm.header,Tiny_5,67285904,264
b6ac777bab9a05e4,kingsmarch_01_c10r27.tgm,Tiny_5,67281014,2271
b4982e9873f34593,kingsmarch_01_c10r27.tgm.header,Tiny_5,67283285,264
09d1d10aa311e4fc,kingsmarch_01_c10r26.tgm,Tiny_5,67278655,2095
3a176576e11af326,kingsmarch_01_c10r26.tgm.header,Tiny_5,67280750,264
81225fe590210194,kingsmarch_01_c10r25.tgm,Tiny_5,67276452,1939
e791251320778088,kingsmarch_01_c10r25.tgm.header,Tiny_5,67278391,264
252ee6c92bfa71d4,kingsmarch_01_c10r24.tgm,Tiny_5,67274249,1939
701dbe23d78ea987,kingsmarch_01_c10r24.tgm.header,Tiny_5,67276188,264
e9bc1c39a3d43572,kingsmarch_01_c10r23.tgm,Folders/art/models/terrain/leagues/kalguuransettlers/tgms,0,78265
d94f2897ca28f1ba,kingsmarch_01_c10r23.tgm.header,Tiny_5,67273767,482
574ebbc364b52b3d,kingsmarch_01_c10r22.tgm,Tiny_5,67271024,2479
d12b1304e8012d9f,kingsmarch_01_c10r22.tgm.header,Tiny_5,67273503,264
50e69c1421d18169,kingsmarch_01_c10r21.tgm,Tiny_5,67268599,2425
dcfd0f84613cf3b3,kingsmarch_01_c10r21.tgm.header,Tiny_5,67264625,264
56d5b4ee904a525f,kingsmarch_01_c10r20.tgm,Tiny_5,67266066,2533
05d577b21ae0691f,kingsmarch_01_c10r20.tgm.header,Tiny_5,67261936,264
6e38f1c6d47ce050,kingsmarch_01_c10r2.tgm,Tiny_5,67264889,913
c223f8ed046d0310,kingsmarch_01_c10r2.tgm.header,Tiny_5,67265802,264
80865ec78129b0df,kingsmarch_01_c10r19.tgm,Tiny_5,67262200,2425
0f4ce5e740eec2a8,kingsmarch_01_c10r19.tgm.header,Tiny_5,67264625,264
a5542c0bc010fc67,kingsmarch_01_c10r18.tgm,Tiny_5,67259403,2533
e700cdda70c620a2,kingsmarch_01_c10r18.tgm.header,Tiny_5,67261936,264
1e2c2a5e6d7d1ac3,kingsmarch_01_c10r17.tgm,Tiny_5,67256498,2641
ae1c3caec26a6ca4,kingsmarch_01_c10r17.tgm.header,Tiny_5,67259139,264
36f29654aa0fdafb,kingsmarch_01_c10r16.tgm,Tiny_5,67253431,2803
d9c2373b0589ebe7,kingsmarch_01_c10r16.tgm.header,Tiny_5,67256234,264
908353f89540727b,kingsmarch_01_c10r15.tgm,Tiny_5,67249878,3289
8be2cb9963906caa,kingsmarch_01_c10r15.tgm.header,Tiny_5,67253167,264
afac622eece95811,kingsmarch_01_c10r14.tgm,Tiny_5,67247567,2047
537354d9b2dc3d7b,kingsmarch_01_c10r14.tgm.header,Tiny_5,67249614,264
8567d98489ec7b1a,kingsmarch_01_c10r13.tgm,Tiny_5,67246390,913
d8d4dd962d74bcef,kingsmarch_01_c10r13.tgm.header,Tiny_5,67247303,264
2459915034098941,kingsmarch_01_c10r12.tgm,Tiny_5,67245375,751
8cc3ca74adff4490,kingsmarch_01_c10r12.tgm.header,Tiny_5,67246126,264
a951ee9524890c2d,kingsmarch_01_c10r11.tgm,Tiny_5,67244036,1075
d1b8852da1a1a5d5,kingsmarch_01_c10r11.tgm.header,Tiny_5,67245111,264
457d0d306db58392,kingsmarch_01_c10r10.tgm,Tiny_5,67242661,1111
d165cc9b5cfda90d,kingsmarch_01_c10r10.tgm.header,Tiny_5,67243772,264
5a39f20eff811969,kingsmarch_01_c10r1.tgm,Tiny_5,67240650,1747
f346bd7fe23d1654,kingsmarch_01_c10r1.tgm.header,Tiny_5,67242397,264
