hash,file,bundle,offset,size
d6ef3f08313c0b83,zanainfluencecostpercurrency.datc64,Tiny_8,55106159,1195
5b90ad7aedba727c,zanainfluencecostpercurrency.datcl64,Tiny_8,55107354,2021
aba5ef73816d89fa,worldpopupicontypes.datc64,Folders/data/D/portuguese.datc64,2314959,6508
6081c563b227c6b0,worldpopupicontypes.datcl64,Folders/data/E/korean.datcl64,2643335,10492
86fc9e5c5095e545,worldobjectdisplayedapplicableitems.datc64,Tiny_8,55105319,392
4b4d365ab74407e6,worldobjectdisplayedapplicableitems.datcl64,Tiny_8,55105711,448
a488cae0eee09418,worldareas.datc64,Folders/data/C/russian.datc64,2084244,1682508
b9505729b030cf7a,worldareas.datcl64,Folders/data/8/korean.datcl64,1661231,1763544
cef59d6391f0bcfe,worldarealeaguechances.datc64,Folders/4/data.datc64,5263696,29880
703d8492c92d12be,worldarealeaguechances.datcl64,Folders/F/data.datcl64,3048337,33708
b0fc549dd509a86b,words.datc64,Folders/data/3/spanish.datcl64,2119699,607616
60a6cee390f0e9f1,words.datcl64,Folders/data/A/korean.datcl64,3602596,735536
7b4e04778717d4ae,windowcursors.datc64,Folders/data/6/russian.datc64,1766542,4237
bdd2d329e839e200,windowcursors.datcl64,Folders/data/C/traditional chinese.datc64,488592,7533
ebc6a9314151d915,weapontypes.datc64,Folders/metadata,4525905,14612
c485c8fda435c611,weapontypes.datcl64,Folders/metadata,4525905,14612
7127fade99e49c42,weaponpassivetreeuniquebasetypes.datc64,Tiny_8,55101867,3452
50ab7502ed89f3e4,weaponpassivetreeuniquebasetypes.datcl64,Tiny_8,55101867,3452
3eb8c070e69c3d39,weaponpassivetreebalanceperitemlevel.datc64,Tiny_8,55099455,2412
e3a9ef1b78284832,weaponpassivetreebalanceperitemlevel.datcl64,Tiny_8,55099455,2412
08e3ab2fc6743cb1,weaponpassiveskilltypes.datc64,Tiny_8,55099197,106
56ec57e6327c5b4e,weaponpassiveskilltypes.datcl64,Tiny_8,55099303,152
b69d7268bdd9ccb2,weaponpassiveskills.datc64,Folders/4/data.datc64,4831354,432342
df886bfe554be0b5,weaponpassiveskills.datcl64,Folders/4/data.datcl64,7843972,532752
f92da357ff7b9741,weaponimpactsounddata.datc64,Tiny_8,55098265,400
3fbbf25e2827055e,weaponimpactsounddata.datcl64,Tiny_8,55098665,532
bdff2403c0906108,weaponclasses.datc64,Tiny_8,55097933,332
7f45a0ccb3c16383,weaponclasses.datcl64,Tiny_8,55097933,332
3e380d0961672345,warbandspacknumbers.datc64,Tiny_8,55094699,3234
1e4e3c102e4245b0,warbandspacknumbers.datcl64,Folders/8/minimap_5,759643,4116
16d3ecad63dd5939,warbandspackmonsters.datc64,Tiny_8,53313396,2970
62b442a6aec65fb2,warbandspackmonsters.datcl64,Folders/data/C/traditional chinese.datc64,484064,4528
ae1dfabe4eaae0f3,warbandsmapgraph.datc64,Folders/metadata/enginegraphs_1,4750518,4268
572c782b58a43c1a,warbandsmapgraph.datcl64,Folders/metadata/enginegraphs_1,4750518,4268
fc9263d06b89e097,warbandsgraph.datc64,Tiny_8,55089199,2332
e865a1ddfaec2569,warbandsgraph.datcl64,Tiny_8,55089199,2332
c06547b6d47d0275,votetype.datc64,Tiny_8,53310972,876
49126fcfd494a614,votetype.datcl64,Tiny_8,53311848,1548
35a157f671b75c6a,votestate.datc64,Tiny_8,53310234,282
ba69ffa1b385fc6f,votestate.datcl64,Tiny_8,53310516,456
9500b3adc462d275,virtualstatcontextflags.datc64,Tiny_8,55080281,1470
4d49ee6408ba368b,virtualstatcontextflags.datcl64,Tiny_8,55081751,2288
6dee63c0c9f1bc53,villageupgrades.datc64,Tiny_8,51822149,12
82c08e02f675cb34,villageupgrades.datcl64,Tiny_8,51822149,12
400589d7785918bf,villageupgradecategories.datc64,Tiny_8,53307366,2868
fec62f0a7c312ab8,villageupgradecategories.datcl64,Folders/data/E/korean.datcl64,2638447,4888
cf887184d8348f67,villageuniquedisenchantvalues.datc64,Folders/2/data.datc64,6101057,36180
db2b5028187a8af5,villageuniquedisenchantvalues.datcl64,Folders/2/data.datc64,6101057,36180
cad50897f9bdb8a1,villagetownlayout.datc64,Folders/data/0/traditional chinese.datc64,3634780,4708
3eeb6f9c0a20dc03,villagetownlayout.datcl64,Folders/data/E/korean.datcl64,2631543,6904
ab5f996b8350efb1,villageshippingports.datc64,Tiny_8,53301708,2120
b153d8cbf60e5d6e,villageshippingports.datcl64,Tiny_8,53303828,3538
8c111a766743ddce,villageshippingfailures.datc64,Folders/data/2/russian.datcl64_1,3418989,6050
6d93e24c3cfbbcac,villageshippingfailures.datcl64,Folders/data/F/thai.datc64,2489371,10020
7187eb8d27a943dd,villagesharedconstants.datc64,Tiny_8,55073059,554
d8860ee641bfe7ed,villagesharedconstants.datcl64,Tiny_8,55073613,952
a2f48c7c34096074,villageresources.datc64,Tiny_8,55069657,1474
e439af154530132f,villageresources.datcl64,Tiny_8,55071131,1928
c123aabd51a965cc,villagerecruitbalancepertier.datc64,Tiny_8,55069589,68
1fed0c58c26090ce,villagerecruitbalancepertier.datcl64,Tiny_8,55069589,68
f252ea6b5dc35f97,villageproduction.datc64,Tiny_8,55066925,1212
7de1079963eaf175,villageproduction.datcl64,Tiny_8,55068137,1452
94108dec8bc0c0e5,villagemappingpertier.datc64,Tiny_8,55066641,284
3ce88fd1b4fdf109,villagemappingpertier.datcl64,Tiny_8,55066641,284
b57d72b6467d29a7,villagemappingbonusstats.datc64,Tiny_8,55066409,232
3ca3b845f3065ea3,villagemappingbonusstats.datcl64,Tiny_8,55066409,232
d98806c4eb89e95c,villagejobtypes.datc64,Tiny_8,53297140,1754
1d9487f4b9aa0117,villagejobtypes.datcl64,Tiny_8,53298894,2814
0830d348b793faf8,villagejobskilllevels.datc64,Tiny_8,55061893,60
8df4d9c1ca041a76,villagejobskilllevels.datcl64,Tiny_8,55061893,60
76b4a7aec2f2cd1e,villagejobs.datc64,Tiny_8,53293422,1762
dda609812a2dceae,villagejobs.datcl64,Tiny_8,53295184,1956
eced5fcbed773a2d,villagefarmadjacency.datc64,Tiny_8,55057117,188
b9af63e2fcfed3a8,villagefarmadjacency.datcl64,Tiny_8,55057117,188
c8dfe0342e42510c,villageexports.datc64,Folders/data/D/portuguese.datc64,2309897,5062
4beac7a41e43aeae,villageexports.datcl64,Folders/data/6/portuguese.datcl64_1,523218,8684
cedd4488de5d57c3,villagebasestats.datc64,Tiny_8,55056505,612
03eca7a27f533cee,villagebasestats.datcl64,Tiny_8,55056505,612
24f8de492809f9c8,villagebalanceperlevelshared.datc64,Tiny_8,55053693,2812
dd0fe92549dd2264,villagebalanceperlevelshared.datcl64,Tiny_8,55053693,2812
63696f4280b150fc,villageassignworkertextaudio.datc64,Tiny_8,55052433,1260
cd69bb3fd8dc5e0a,villageassignworkertextaudio.datcl64,Tiny_8,55052433,1260
d19f65854e859186,uniqueupgradesclient.datc64,Tiny_8,55051301,1132
d3edf5564128a388,uniqueupgradesclient.datcl64,Tiny_8,55051301,1132
796ed82d2b6f427b,uniquestashtypes.datc64,Folders/data/6/russian.datc64,1761787,4755
37c74cbf62603ba1,uniquestashtypes.datcl64,Folders/data/2/traditional chinese.datcl64,4167036,8003
87d30bb03d965a1d,uniquestashlayout.datc64,Folders/0/data.datc64_1,258972,126587
fd686613046c5416,uniquestashlayout.datcl64,Folders/0/data.datc64_1,258972,126587
57dde9fcb5c916c7,uniquemaps.datc64,Tiny_8,53287024,2988
1536165dfcb8360c,uniquemaps.datcl64,Tiny_8,53290012,3410
1213e59a66b5d293,uniquemapreliclimits.datc64,Tiny_8,55046913,832
d13c3617e9f3f01b,uniquemapreliclimits.datcl64,Tiny_8,55046913,832
459eab13cc698f54,uniquejewellimits.datc64,Tiny_8,55044661,2252
bd70d9d07834eb3b,uniquejewellimits.datcl64,Tiny_8,55044661,2252
49ddabdde078f34f,uniquechests.datc64,Folders/A/data.datc64,5316582,14196
6ef9a9f1d0ed2ff2,uniquechests.datcl64,Folders/D/data.datc64_1,2588118,18008
40ca017ed690d533,ultimatumtrialmasteraudio.datc64,Tiny_8,55041781,1408
4b92c0254c838032,ultimatumtrialmasteraudio.datcl64,Tiny_8,55043189,1472
4c747b10afdc2906,ultimatummodifiertypes.datc64,Tiny_8,55038787,1132
32548ab1f4b07ee7,ultimatummodifiertypes.datcl64,Tiny_8,55039919,1862
6780fb484fcc0911,ultimatummodifiers.datc64,Folders/data/3/spanish.datcl64,2070661,49038
99349024b746d6d3,ultimatummodifiers.datcl64,Folders/data/3/spanish.datcl64,1680353,68302
d12e54ee20a38c23,ultimatummapmodifiers.datc64,Tiny_8,55037335,1452
91d59af17c2ded63,ultimatummapmodifiers.datcl64,Tiny_8,55037335,1452
5f29379d866bf594,ultimatumlifescalingperlevel.datc64,Tiny_8,51915285,812
383bc417bbc2f8e1,ultimatumlifescalingperlevel.datcl64,Tiny_8,51915285,812
7712ab769f8906d4,ultimatumitemisedrewards.datc64,Folders/data/B/spanish.datc64_1,3003532,13568
5cc9d79be652c383,ultimatumitemisedrewards.datcl64,Folders/data/F/thai.datc64,2472915,16456
8cd4a7a4a325443c,ultimatumencountertypes.datc64,Tiny_8,53285436,698
d921c67ca1c82564,ultimatumencountertypes.datcl64,Tiny_8,53286134,890
d59f632a2706fefe,ultimatumencounters.datc64,Folders/data/0/traditional chinese.datc64,3629110,5670
04cf279e6615c275,ultimatumencounters.datcl64,Folders/data/D/korean.datcl64,2424302,7952
89cccd96485ceb1d,uitalktext.datc64,Folders/data/3/spanish.datcl64,2042011,28650
1bfc9550fbae567b,uitalktext.datcl64,Folders/data/F/thai.datc64,2421205,51710
e39c15274c9b9ebb,uiartascendancy.datc64,Folders/8/data.datc64,3699747,23976
3dd4495026cbc748,uiartascendancy.datcl64,Folders/8/minimap_5,2779453,45828
85526577e37d0a8a,typetags.datc64,Tiny_8,55031761,1324
90e0f473d4f07e70,typetags.datcl64,Tiny_8,55033085,2172
3fb3e684ddbeafeb,tutorial.datc64,Folders/A/data.datc64,5300048,16534
c48e0f6d5dd40212,tutorial.datcl64,Folders/A/data.datcl64,5039385,24410
7cdce7c4b0ce5497,trythenewleagueversions.datc64,Tiny_8,55027887,1478
12d1b991d39670fe,trythenewleagueversions.datcl64,Tiny_8,55029365,2396
46dffd447eb3d353,triggerspawners.datc64,Folders/9/data.datc64,3240527,9247
0654186e60c42372,triggerspawners.datcl64,Folders/8/minimap_5,735168,16267
7831f4968ed8cffb,triggeredaudioeventvolumeoverrides.datc64,Folders/7/data.datc64_1,4944955,6224
1b5ca08066c5035a,triggeredaudioeventvolumeoverrides.datcl64,Folders/0/data.datc64_1,3668257,10492
65d2d69f01e0e252,triggerbeam.datc64,Folders/3/data.datc64,4295763,4820
d2082daa43000620,triggerbeam.datcl64,Folders/3/data.datc64,4295763,4820
c0e7ea49f84b28ce,tradewindowvisuals.datc64,Tiny_8,54771668,662
6b3c733e76b61bea,tradewindowvisuals.datcl64,Tiny_8,54772330,1030
46cb2a2c7f456b0c,tormentspirits.datc64,Folders/0/data.datc64_1,248560,10412
507702efb5995998,tormentspirits.datcl64,Folders/0/data.datc64_1,248560,10412
35c9924578d9c086,tormentedspiritlifescalingperlevel.datc64,Tiny_8,54770856,812
189b89ac84912d4c,tormentedspiritlifescalingperlevel.datcl64,Tiny_8,54770856,812
c8134c08792e54d9,topologies.datc64,Folders/E/data.datc64,3177422,571592
8900128d4a691c83,topologies.datcl64,Folders/0/data.datc64_1,2681357,986900
0cb30f25ed8e16b4,tips.datc64,Folders/data/1/korean.datc64,3984336,7250
80846186c3fd185e,tips.datcl64,Folders/data/2/traditional chinese.datcl64,4153872,13164
32b6712ed5a588d3,tinctures.datc64,Tiny_8,54770604,252
ac5c87d85abec97c,tinctures.datcl64,Tiny_8,54770604,252
c95b131d6fdb4fd9,timetrackingmapdeviceinterfaceartvariation.datc64,Tiny_8,54767632,1176
7c59b6897437352d,timetrackingmapdeviceinterfaceartvariation.datcl64,Tiny_8,54768808,1796
0eaab7ab64a4d8f1,tieredmicrotransactionsvisuals.datc64,Folders/data/4/traditional chinese.datcl64_1,3129115,4762
e7241bd7c2db5aa2,tieredmicrotransactionsvisuals.datcl64,Folders/data/0/russian.datc64,4561665,6916
a36435bcb92f0574,tieredmicrotransactions.datc64,Folders/6/data.datc64,3685329,29602
1e2192fb291dc4c3,tieredmicrotransactions.datcl64,Folders/6/data.datc64,3685329,29602
e0e7dd732071cd18,terrainplugins.datc64,Tiny_8,54513255,1162
503f214ab52cb8a7,terrainplugins.datcl64,Tiny_8,54514417,1916
723eee1b5ebc7a8d,tencentautolootpetcurrenciesexcludable.datc64,Tiny_8,54513099,156
9d87fe33c0f5753d,tencentautolootpetcurrenciesexcludable.datcl64,Tiny_8,54513099,156
928b4e27fb53630a,tencentautolootpetcurrencies.datc64,Tiny_8,54510447,2652
cff2b085ebc1ec1f,tencentautolootpetcurrencies.datcl64,Tiny_8,54510447,2652
1af282c2936de1e8,talkingpets.datc64,Tiny_8,54509363,1084
97a245d1fbbd2bbc,talkingpets.datcl64,Tiny_8,54509363,1084
0b5dd425d9043a8f,talkingpetnpcaudio.datc64,Folders/6/data.datc64,3656864,28465
50b7767c9f33b057,talkingpetnpcaudio.datcl64,Folders/C/data.datcl64,11558350,28551
65bea7117d4b3e8d,talkingpetaudioevents.datc64,Folders/A/data.datc64,5292890,7158
ace82e2f4d095fca,talkingpetaudioevents.datcl64,Folders/5/data.datcl64,7511099,9572
502640a75777c7ac,talismans.datc64,Tiny_8,54506621,2742
b83ae1ebe5527e24,talismans.datcl64,Tiny_8,54506621,2742
66bbcb3201b49d98,talismanpacks.datc64,Folders/B/data.datc64,3238950,5328
9dc94f3454ce2c37,talismanpacks.datcl64,Folders/5/data.datcl64,7505351,5748
e272cf48ee5d6469,talismanmonstermods.datc64,Tiny_8,54506577,44
26aaded4e09ddb4c,talismanmonstermods.datcl64,Tiny_8,54506577,44
ed717266902044f4,tags.datc64,Folders/data/0/traditional chinese.datc64,3538546,90564
f7b9e8e30a3c6cd8,tags.datcl64,Folders/data/B/spanish.datcl64_1,1836831,137572
00dfd601a01bd616,tablemonsterspawners.datc64,Folders/3/data.datc64,3566015,729748
d21eda3a1d7e70c0,tablemonsterspawners.datcl64,Folders/C/data.datcl64,10739896,818454
68a920e04801461f,tablecharge.datc64,Tiny_8,54504570,2007
232feb46c7697349,tablecharge.datcl64,Tiny_8,54504570,2007
45f0510b549102f6,synthesisrewardtypes.datc64,Folders/data/3/spanish.datcl64,2021201,20810
625e0976d37d5d30,synthesisrewardtypes.datcl64,Folders/data/8/korean.datcl64,1624899,36332
f5160429aa629fb1,synthesisrewardcategories.datc64,Tiny_8,54504378,80
d2d3ddf5d8086937,synthesisrewardcategories.datcl64,Tiny_8,54504458,112
d19a4bb92fb586cc,synthesismonsterexperienceperlevel.datc64,Tiny_8,54503878,500
7822b86220eb5700,synthesismonsterexperienceperlevel.datcl64,Tiny_8,54503878,500
af45924854221f53,synthesisglobalmods.datc64,Tiny_8,54502046,1832
ce3e3360eae5622e,synthesisglobalmods.datcl64,Tiny_8,54502046,1832
b2e5390a0e21dabc,synthesisfragmentdialogue.datc64,Folders/9/data.datc64,3131369,18044
e7f8811c9d3e6e68,synthesisfragmentdialogue.datcl64,Folders/9/data.datc64,3131369,18044
192b3ef382fd184b,synthesisbrackets.datc64,Tiny_8,54501362,684
1835bdf09deef6e1,synthesisbrackets.datcl64,Tiny_8,54501362,684
80bbfda7d5399688,synthesisbonuses.datc64,Tiny_8,54500058,1304
b48c3559fbba760e,synthesisbonuses.datcl64,Tiny_8,54500058,1304
c70b44d877ce5548,synthesisareasize.datc64,Tiny_8,54499704,154
5044e6e99ccc552e,synthesisareasize.datcl64,Tiny_8,54499858,200
df5936646cdb42ce,synthesisareas.datc64,Folders/data/1/korean.datc64,3947178,37158
194fddbfc7a1a9d9,synthesisareas.datcl64,Folders/data/0/russian.datc64,4510413,51252
8e89452d1eed6a0a,surgetypes.datc64,Folders/7/data.datc64_1,4931095,13860
ea3bc19d77237a19,surgetypes.datcl64,Folders/C/data.datcl64,10720268,19628
59cc6a0c65901a3e,surgeeffects.datc64,Folders/D/data.datc64_1,1155821,21580
7842c6cd1081761e,surgeeffects.datcl64,Folders/1/minimap_8,2118884,28872
2399c6bbcb9dbdf4,summonedspecificmonstersondeathstats.datc64,Tiny_8,54499006,698
3c7f65ed983649c5,summonedspecificmonstersondeathstats.datcl64,Tiny_8,54499006,698
d7b47619c3a7cb72,summonedspecificmonstersondeath.datc64,Tiny_8,54493646,2197
5657f14a45012bc8,summonedspecificmonstersondeath.datcl64,Tiny_8,54495843,3163
9a31403cad6e8e27,summonedspecificmonsters.datc64,Folders/4/data.datc64,4740968,71690
6211d18d516759d7,summonedspecificmonsters.datcl64,Folders/8/minimap_5,524436,72056
e2b1d780a935233a,summonedspecificbarrels.datc64,Tiny_8,54492280,602
54cfd1a05d63e4b3,summonedspecificbarrels.datcl64,Tiny_8,54492882,764
0ff59c680354e931,suicideexplosion.datc64,Tiny_8,54489793,2487
e0cf92a9db055598,suicideexplosion.datcl64,Tiny_8,54489793,2487
59bc0db73be24f28,strongboxes.datc64,Tiny_8,54487333,2460
5509e03f01e0baf8,strongboxes.datcl64,Tiny_8,54487333,2460
c6695e83ce4b6cf6,statvisuals.datc64,Tiny_8,54485509,661
9e3aa36262b0ecea,statvisuals.datcl64,Tiny_8,54486170,1163
ca0bd8109671d1cb,statsfromskillstats.datc64,Tiny_8,54485305,204
5d6337d82b606e9e,statsfromskillstats.datcl64,Tiny_8,54485305,204
047bfb78a92c4722,statsaffectinggeneration.datc64,Tiny_8,54482857,2448
2e5f366d2680f24d,statsaffectinggeneration.datcl64,Tiny_8,54482857,2448
356714541700730e,stats.datc64,Folders/5/data.datc64,1065133,4422693
8d114009dc8cfe0c,stats.datcl64,Folders/8/data.datcl64,8425457,6301329
3875bfed84330a8f,statistictrackingmicrotransactionsstatistics.datc64,Folders/3/data.datc64,3550943,15072
d5a30711c0113873,statistictrackingmicrotransactionsstatistics.datcl64,Folders/E/data.datcl64,4901088,16316
0a9886ea48dad898,statistictrackingmicrotransactionsonkill.datc64,Tiny_8,51822149,12
0606e44833b29b4f,statistictrackingmicrotransactionsonkill.datcl64,Tiny_8,51822149,12
37976ff2fa74c090,statistictrackingmicrotransactions.datc64,Tiny_8,54482341,516
4cab494fd52d20e1,statistictrackingmicrotransactions.datcl64,Tiny_8,54482341,516
25029937e123289c,statistictrackingmicrotransactioncountertype.datc64,Tiny_8,53285042,158
f68004d7f255cc6b,statistictrackingmicrotransactioncountertype.datcl64,Tiny_8,53285200,236
19f2ad59129c21e2,statistictrackingmapdevices.datc64,Tiny_8,54480309,550
d58459830d5be15e,statistictrackingmapdevices.datcl64,Tiny_8,54480859,1004
5616c58ce65cd758,statistictrackingmapdevicelabels.datc64,Tiny_8,54480261,48
4c079a70ab2b81f0,statistictrackingmapdevicelabels.datcl64,Tiny_8,54480261,48
57892d4d1eab1bf8,staticlifebarstyle.datc64,Tiny_8,54474987,1822
581127aca9040340,staticlifebarstyle.datcl64,Tiny_8,54476809,3452
9c9015530b7e24e9,statdescriptionfunctions.datc64,Folders/9/data.datc64,3124769,6600
6c6e28581fc90095,statdescriptionfunctions.datcl64,Folders/metadata/enginegraphs_1,2742758,11724
e05ae5a4e21b9dbc,stashtype.datc64,Tiny_8,54471603,3384
70fdd0ecbc9f1749,stashtype.datcl64,Folders/0/data.datc64_1,2675737,5620
8f8ed6fa0b29e155,stashtabaffinityid.datc64,Tiny_8,54469611,756
7e0de308f05b178b,stashtabaffinityid.datcl64,Tiny_8,54470367,1236
ccd2b5f43114525e,stashtabaffinitybyitemclasscategory.datc64,Tiny_8,54469375,236
d2578657a80f4aaf,stashtabaffinitybyitemclasscategory.datcl64,Tiny_8,54469375,236
b7a24599dfbff01b,stashtabaffinitybybaseitemtype.datc64,Tiny_8,54467923,1452
72c07c0071c3f6f0,stashtabaffinitybybaseitemtype.datcl64,Tiny_8,54467923,1452
82fbb8e1dcfd8f5b,stashtabaffinities.datc64,Tiny_8,53282614,1172
6c1950eab6966362,stashtabaffinities.datcl64,Tiny_8,53283786,1256
c87da47b91c098ae,stashavailabilities.datc64,Tiny_8,53280078,916
2a9137c1cd883d11,stashavailabilities.datcl64,Tiny_8,53280994,1620
c6397faf6befb5f0,startingpassiveskills.datc64,Tiny_8,54459369,584
989a3318a54228d2,startingpassiveskills.datcl64,Tiny_8,54459953,672
d7979eb16debdc9e,stampfamily.datc64,Tiny_8,54456897,972
e6bb66e1d692130d,stampfamily.datcl64,Tiny_8,54457869,1500
a59999da47b41163,stampchoice.datc64,Folders/data/1/korean.datc64,3933914,13264
4530146c1826238b,stampchoice.datcl64,Folders/data/2/traditional chinese.datcl64,4135792,18080
0dca3ac50192f62d,spectreoverrides.datc64,Folders/7/data.datc64_1,4886971,44124
74ac09d0505b1f43,spectreoverrides.datcl64,Folders/7/data.datc64_1,4886971,44124
eaff8d1cd3029c40,specialtiles.datc64,Tiny_8,54455781,400
2c6a7217b614cc87,specialtiles.datcl64,Tiny_8,54456181,716
b7c4e27f25b102a0,specialrooms.datc64,Tiny_8,54455355,154
3f60c0235e6c3d32,specialrooms.datcl64,Tiny_8,54455509,272
a198ddaada50fcd3,specialmappins.datc64,Folders/C/data.datc64,3180898,4966
4195c2ce73024bb0,specialmappins.datcl64,Folders/A/data.datcl64,5031085,8300
809de95299adaf91,spawnobject.datc64,Folders/3/data.datc64,3535603,15340
821b108add507e54,spawnobject.datcl64,Folders/5/data.datcl64,7489385,15966
005b5f76607f5e05,spawnmonsteronpackdeathstats.datc64,Tiny_8,54455311,44
e013d41776830bc8,spawnmonsteronpackdeathstats.datcl64,Tiny_8,54455311,44
99eda40e19db4685,spawnadditionalchestsorclusters.datc64,Tiny_8,54454531,780
b02bd8801ef17479,spawnadditionalchestsorclusters.datcl64,Tiny_8,54454531,780
b51f1065237e0cee,soundeffects.datc64,Folders/4/data.datc64,4560101,180867
84c089299a17be5d,soundeffects.datcl64,Folders/6/minimap_6,1530350,328133
beb176ba1bedc222,socketnotches.datc64,Tiny_8,53276952,1106
4cdbb532351325bc,socketnotches.datcl64,Tiny_8,53278058,2020
d6784fc5a21204a5,skillweaponeffects.datc64,Tiny_8,54194102,320
46e85b76abaaae2d,skillweaponeffects.datcl64,Tiny_8,54194422,480
426449fff26ac480,skilltrapvariations.datc64,Tiny_8,54191384,2718
5bd0288a4cf59743,skilltrapvariations.datcl64,Folders/5/data.datcl64,7484725,4660
c606badd38be5f3e,skilltotemvariations.datc64,Folders/metadata,4510841,6780
ca6e75c313932592,skilltotemvariations.datcl64,Folders/metadata,4510841,6780
11b2b23973152ff5,skillsurgeeffects.datc64,Folders/0/data.datc64_1,230626,17934
e39e5cea3295775b,skillsurgeeffects.datcl64,Folders/1/minimap_8,2097300,21584
afc589ccc3bb6fb6,skillmorphdisplay.datc64,Tiny_8,54188012,3372
341360431275397e,skillmorphdisplay.datcl64,Folders/metadata/enginegraphs_1,2738126,4632
16056d6013b7b930,skillminevariations.datc64,Tiny_8,54187568,444
22ab7aaece79b803,skillminevariations.datcl64,Tiny_8,54187568,444
7d8985b715e35fe5,skillgems.datc64,Folders/4/data.datc64,4412673,147428
b92fe66d03d3d678,skillgems.datcl64,Folders/4/data.datc64,4412673,147428
a032e6de6dd3a70f,skillgemlevelupeffects.datc64,Tiny_8,54187042,230
f76018112d6c4e88,skillgemlevelupeffects.datcl64,Tiny_8,54187272,296
9a6b4bce8f9ca665,skillgeminfo.datc64,Folders/data/E/traditional chinese.datcl64,1288148,124810
4af0af3c2aa770d4,skillgeminfo.datcl64,Folders/data/0/russian.datc64,4281365,229048
284e4a6b3e4c209c,skillgemgoldpriceperquality.datc64,Tiny_8,54186702,340
94823bd973c1e32c,skillgemgoldpriceperquality.datcl64,Tiny_8,54186702,340
4615c71a381b571c,skillartvariations.datc64,Folders/metadata,4385229,125612
29c32a0e8defb9a5,skillartvariations.datcl64,Folders/F/data.datcl64,2894575,144464
7843a10788c30924,singlegroundlaser.datc64,Tiny_8,54183162,1661
38ce6262ccd03a08,singlegroundlaser.datcl64,Tiny_8,54184823,1879
dbdfcb7a25b96b88,sigildisplay.datc64,Tiny_8,54176992,2214
56e2c88196ffe4a7,sigildisplay.datcl64,Tiny_8,54179206,3956
f27b2095ec77759c,shrinevisualartvariations.datc64,Tiny_8,54176764,228
c6ee899bf065e6df,shrinevisualartvariations.datcl64,Tiny_8,54176764,228
8dcb716aade73a8a,shrinesounds.datc64,Tiny_8,54173788,2976
7b0ec793943cf9c6,shrinesounds.datcl64,Folders/8/data.datcl64,8419985,5472
33f74d7b1a964611,shrines.datc64,Folders/D/data.datc64_1,1140731,15090
fb5f1589a21e0aed,shrines.datcl64,Folders/8/minimap_5,2762895,16558
d7f587670dbda508,shoptag.datc64,Folders/data/2/spanish.datc64,1114316,92529
6700c3bcee6f5045,shoptag.datcl64,Folders/data/A/russian.datcl64_1,1473678,130269
8cffffdce01e299a,shieldtypes.datc64,Tiny_8,54171816,1972
6bc922e62599ac53,shieldtypes.datcl64,Tiny_8,54171816,1972
171352e109fca3a9,shaperguardians.datc64,Tiny_8,54171406,178
93141f208e40a698,shaperguardians.datcl64,Tiny_8,54171584,232
bf0de91a7c5091ef,settlerslifescalingperlevel.datc64,Tiny_8,52149547,812
21fcc966def06513,settlerslifescalingperlevel.datcl64,Tiny_8,52149547,812
eefc91d295d4884e,sessionquestflags.datc64,Folders/metadata/enginegraphs_1,4685638,4348
2b53f2eed33124a4,sessionquestflags.datcl64,Folders/metadata/enginegraphs_1,4685638,4348
92862afbae650f05,sentineltaggedmonsterstats.datc64,Tiny_8,54168322,3084
73f9dcc6687eb2a2,sentineltaggedmonsterstats.datcl64,Tiny_8,54168322,3084
8e42269d3041dcd7,sentinelstoragelayout.datc64,Tiny_8,54164754,1425
370928fb5ba4f701,sentinelstoragelayout.datcl64,Tiny_8,54166179,2143
6bf796f322854d8c,sentinelpowerexplevels.datc64,Tiny_8,54164502,252
c54b81752a83a837,sentinelpowerexplevels.datcl64,Tiny_8,54164502,252
e3a321003aca35fa,sentinelpassivetypes.datc64,Folders/6/data.datc64,3651408,5456
80ccb3477f5af7c3,sentinelpassivetypes.datcl64,Folders/C/data.datcl64,10710296,9972
78cd562a38344531,sentinelpassivestats.datc64,Tiny_8,54162798,1704
1359af7e1d22039f,sentinelpassivestats.datcl64,Tiny_8,54162798,1704
bfcb16e5652bab1a,sentinelpassives.datc64,Folders/E/data.datc64,3008608,8108
2ffa03d11e75cf98,sentinelpassives.datcl64,Folders/0/data.datc64_1,2667229,8508
fd9422170bd164e8,sentineldroneinventorylayout.datc64,Tiny_8,54162690,108
965d07e4ad667d6e,sentineldroneinventorylayout.datcl64,Tiny_8,54162690,108
0ab81f8864247b36,scoutingreports.datc64,Tiny_8,54161442,516
c80b64c592c99606,scoutingreports.datcl64,Tiny_8,54161958,732
d653347ee987cda5,scarabtypes.datc64,Tiny_8,54155256,2894
a00fa692adf017f6,scarabtypes.datcl64,Tiny_8,54158150,3292
bf1b2913cc897674,scarabs.datc64,Tiny_8,54152364,2892
61fc8653eee566d1,scarabs.datcl64,Tiny_8,54152364,2892
e22c84b2b0d2fa9c,sanctumselectiondisplayoverride.datc64,Folders/data/3/spanish.datcl64,2003227,17974
aa0a3112507a5225,sanctumselectiondisplayoverride.datcl64,Folders/data/3/spanish.datcl64,1653337,27016
5d683db5d3055099,sanctumroomtypes.datc64,Folders/data/8/traditional chinese.datcl64,567757,5023
88e8c9dfdf8f8ec6,sanctumroomtypes.datcl64,Folders/data/8/korean.datcl64,1617960,6939
359e5e3d1ec08a4f,sanctumrooms.datc64,Folders/9/data.datc64,3103457,21312
48b91e38216340cf,sanctumrooms.datcl64,Folders/C/data.datcl64,10673952,36344
df40a2a26370b9bb,sanctumpersistenteffects.datc64,Folders/data/6/russian.datc64,1689763,72024
0d45043163ed45b5,sanctumpersistenteffects.datcl64,Folders/data/3/spanish.datcl64,1538225,115112
3e2926b6f5a8a06e,sanctumpersistenteffectcategories.datc64,Tiny_8,53273980,2972
93428803383b424f,sanctumpersistenteffectcategories.datcl64,Folders/data/1/spanish.datc64,1118294,5384
57d28aff31332a4c,sanctumlifescalingperlevel.datc64,Tiny_8,54148812,452
b5fa2e945b126abc,sanctumlifescalingperlevel.datcl64,Tiny_8,54148812,452
ef63b0b43682a58e,sanctumfodderlifescalingperlevel.datc64,Tiny_8,54148072,740
510bfdd1e02dccdc,sanctumfodderlifescalingperlevel.datcl64,Tiny_8,54148072,740
1d094f0eea3d73d3,sanctumfloors.datc64,Tiny_8,53270342,1366
ec2b85f9d6dbc80e,sanctumfloors.datcl64,Tiny_8,53271708,2272
f5a302ceed0a8753,sanctumdeferredrewards.datc64,Folders/5/data.datc64,1018679,33010
a75dfc6c3a0f1ff0,sanctumdeferredrewards.datcl64,Folders/0/data.datc64_1,2606110,52560
37629f1122208503,sanctumdeferredrewardcategories.datc64,Tiny_8,53264174,2540
f09988348f5ddec5,sanctumdeferredrewardcategories.datcl64,Tiny_8,53266714,3628
10c5dba8dd37c657,sanctumdefenceicons.datc64,Tiny_8,53260972,1150
506967ae2b9eefd9,sanctumdefenceicons.datcl64,Tiny_8,53262122,2052
ab2e5890260f2a36,sanctumairlocks.datc64,Tiny_8,54135466,864
e7dc8cbcdcd71a36,sanctumairlocks.datcl64,Tiny_8,54135466,864
9dbe61b74908c700,salvageboxes.datc64,Tiny_8,54135236,94
7c9409fed1ed0ec7,salvageboxes.datcl64,Tiny_8,54135330,136
e42ef67fba79107a,safehousebyocrafting.datc64,Tiny_8,54133196,2040
a663ecc4308e93e2,safehousebyocrafting.datcl64,Tiny_8,54133196,2040
a5e4eedab3ebe584,runiccircles.datc64,Tiny_8,53873133,88
3a319c6d65cd9254,runiccircles.datcl64,Tiny_8,53873221,96
e5b4f40e25840425,rulesets.datc64,Folders/metadata,4271984,11046
99f840c9e32d0a14,rulesets.datcl64,Folders/B/data.datc64,5434901,17268
90329a6eecb9ae30,rogueexiles.datc64,Tiny_8,53870217,2916
657aad08111cd001,rogueexiles.datcl64,Tiny_8,53870217,2916
f1d6e97029feb4dc,rogueexilelifescalingperlevel.datc64,Tiny_8,53869405,812
75af024abbc17bca,rogueexilelifescalingperlevel.datcl64,Tiny_8,53869405,812
0969e4e643b20686,rogueexilegiants.datc64,Tiny_8,53868849,556
d50775708a2f3aab,rogueexilegiants.datcl64,Tiny_8,53868849,556
0a360c3630a58277,ritualspawnpatterns.datc64,Tiny_8,53867905,395
70144feeb1095c97,ritualspawnpatterns.datcl64,Tiny_8,53868300,549
6fc9ee23cf29047b,ritualsetkillachievements.datc64,Tiny_8,53867413,492
0a25cb1dc8a71ffc,ritualsetkillachievements.datcl64,Tiny_8,53867413,492
af7799e6b2a44ada,ritualrunetypes.datc64,Folders/data/3/spanish.datcl64,1976595,26632
78c25bb4f61c5194,ritualrunetypes.datcl64,Folders/data/D/korean.datcl64,2394264,30038
b1e7e86c372bd3cc,ritualconstants.datc64,Tiny_8,53864583,1022
1b286a1df046c944,ritualconstants.datcl64,Tiny_8,53865605,1808
31cecab55a2a0406,ritualbalanceperlevel.datc64,Folders/2/data.datc64,6017399,4660
15b2f405ab703408,ritualbalanceperlevel.datcl64,Folders/2/data.datc64,6017399,4660
864c70e1ddd1dc67,remindertext.datc64,Folders/data/2/spanish.datc64,1024712,89604
1270436603bb9a9b,remindertext.datcl64,Folders/data/1/spanish.datc64,953314,164980
cdb87c0e53a39cb3,relicitemeffectvariations.datc64,Tiny_8,53256286,1738
b0a745700a105b79,relicitemeffectvariations.datcl64,Tiny_8,53258024,2948
af36607720b53e99,relicinventorylayout.datc64,Tiny_8,53254600,698
25f9cd13e78c658f,relicinventorylayout.datcl64,Tiny_8,53255298,988
c586507112bae266,recombinableclasses.datc64,Tiny_8,53856097,532
efe5d652af1d1ee3,recombinableclasses.datcl64,Tiny_8,53856097,532
7e88479c0843b1b7,recipeunlockobjects.datc64,Folders/9/data.datc64,3097701,5756
f0470109eb33ad77,recipeunlockobjects.datcl64,Folders/8/data.datcl64,8406793,7552
9b64a7c6981a82e0,recipeunlockdisplay.datc64,Folders/data/9/korean.datc64,3617613,22928
65faa5fd4a5f4c49,recipeunlockdisplay.datcl64,Folders/data/A/korean.datcl64,3576264,26332
0fbf7e634dea2c94,realms.datc64,Folders/data/9/korean.datc64,3608519,9094
91c7de73b7c92eba,realms.datcl64,Folders/data/0/russian.datc64,4268361,13004
bad19d94db719bcf,rarity.datc64,Tiny_8,53253682,390
5faff26ef6f9f531,rarity.datcl64,Tiny_8,53254072,528
abf241b49ad838ec,raremonsterlifescalingperlevel.datc64,Tiny_8,53854447,812
a4cdd8a88a1d86bf,raremonsterlifescalingperlevel.datcl64,Tiny_8,53854447,812
23fcbe48f7e2f6e1,racetimes.datc64,Folders/metadata/enginegraphs_1,4636796,20788
3f0b8b4f9a606904,racetimes.datcl64,Folders/metadata/enginegraphs_1,4636796,20788
1de3e8b55192192e,races.datc64,Folders/data/2/spanish.datc64,925333,99379
758356e7b1cd4530,races.datcl64,Folders/data/A/korean.datcl64,3476243,100021
b15491a1c3b50344,racerewardtomicro.datc64,Folders/D/data.datc64_1,1134923,5808
3edef4bd1321a411,racerewardtomicro.datcl64,Folders/D/data.datc64_1,1134923,5808
0a9500b1f81ce81b,questtype.datc64,Tiny_8,53853691,324
6ba52ccb33645b04,questtype.datcl64,Tiny_8,53854015,432
5c94bfd38f79e98f,questtrackergroup.datc64,Tiny_8,53253348,142
867a6f9add3c2a09,questtrackergroup.datcl64,Tiny_8,53253490,192
3fb10fcfa2fc585c,queststaticrewards.datc64,Folders/C/data.datc64,3040562,7272
7068e7cce3417f4e,queststaticrewards.datcl64,Folders/C/data.datc64,3040562,7272
bca989824624193a,queststates.datc64,Folders/data/2/russian.datcl64_1,2786895,632094
f153a1913298f684,queststates.datcl64,Folders/data/E/korean.datcl64,1846431,785112
e9b7bf96b7f8f9d7,questrewards.datc64,Folders/D/data.datc64_1,113229,267332
6b5313a55fab648f,questrewards.datcl64,Folders/8/minimap_5,2495553,267342
db958a749bdc735a,questrewardoffers.datc64,Folders/4/data.datc64,4390658,16192
4f6b454d66eecfb6,questrewardoffers.datcl64,Folders/metadata/enginegraphs_1,2719014,19112
1f92abe5939b5615,questitems.datc64,Folders/5/data.datc64,1012757,5922
6f45707afb21b527,questitems.datcl64,Folders/F/data.datcl64,2788498,5980
2ca788adb3c315cd,questflags.datc64,Folders/0/data.datc64_1,0,230626
27909da9b62eb6ef,questflags.datcl64,Folders/6/minimap_6,1119750,397256
423fb9ea5ec1c566,questachievements.datc64,Folders/metadata,4218765,26711
3822960988b76bb4,questachievements.datcl64,Folders/metadata,4137353,33219
95af1785a9c4d295,quest.datc64,Folders/data/2/russian.datcl64_1,2745731,41164
d41e350c9b3e05f1,quest.datcl64,Folders/data/8/korean.datcl64,1559490,58470
b5bbddbdea4cba32,pvptypes.datc64,Tiny_8,53852845,180
c4bb641413f1e3fc,pvptypes.datcl64,Tiny_8,53853025,236
0ce965bb3b2d52a4,projectilesartvariations.datc64,Folders/5/data.datc64,989221,23536
8a89b6db6a4aa309,projectilesartvariations.datcl64,Folders/4/data.datcl64,7775692,26220
1ce2260c650bf739,projectiles.datc64,Folders/4/data.datc64,3647422,743236
d7280cfc82ba2ab8,projectiles.datcl64,Folders/E/data.datcl64,3635053,1116254
8d59f711d3471be2,primordialbosslifescalingperlevel.datc64,Tiny_8,53852801,44
5a36334b71e774ac,primordialbosslifescalingperlevel.datcl64,Tiny_8,53852801,44
8c79a06bad46cc28,preloadgroups.datc64,Tiny_8,53847035,2234
f49ca571d2314df3,preloadgroups.datcl64,Tiny_8,53849269,3532
7f7c882beb52aa38,preloadfromstats.datc64,Tiny_8,53843515,3520
33019d43f149dc65,preloadfromstats.datcl64,Tiny_8,53843515,3520
53c8e376cf24c8e0,portalaudioevents.datc64,Tiny_8,53592640,490
9b4e9baeea76f624,portalaudioevents.datcl64,Tiny_8,53593130,792
d0b2415620c12c4a,portalaudio.datc64,Tiny_8,53591796,844
e9e7d291dcc9136b,portalaudio.datcl64,Tiny_8,53591796,844
a39b1bc4b9fe7c4b,playertradewhisperformats.datc64,Tiny_8,53250800,888
4e038886f5d23754,playertradewhisperformats.datcl64,Tiny_8,53251688,1660
6985f3a07a8040a6,playerconditions.datc64,Folders/3/data.datc64,3445420,10351
2337e9327fc0a493,playerconditions.datcl64,Folders/F/data.datcl64,2775677,12821
9dad1a49113984b8,playerbuffsfrommapstats.datc64,Tiny_8,53588504,396
23529f483560e69e,playerbuffsfrommapstats.datcl64,Tiny_8,53588504,396
dafcf4d5a06d370c,pet.datc64,Folders/8/data.datc64,3575322,115171
769b15524a2b2e4b,pet.datcl64,Folders/C/data.datcl64,10321953,154781
9045edc6f45e2487,pcbangrewardmicros.datc64,Tiny_8,53588392,112
259ebc2a6a8f1961,pcbangrewardmicros.datcl64,Tiny_8,53588392,112
fa7578afaba840e9,passivetreeexpansionspecialskills.datc64,Folders/A/data.datc64,5282990,9900
7d6cff4166059f4d,passivetreeexpansionspecialskills.datcl64,Folders/A/data.datc64,5282990,9900
9eae60a6a5546569,passivetreeexpansionskills.datc64,Tiny_8,53584860,3532
d7bb9e0a531de556,passivetreeexpansionskills.datcl64,Tiny_8,53584860,3532
94f12d63733dfd39,passivetreeexpansionjewelsizes.datc64,Tiny_8,53584668,80
6c9622a193171a03,passivetreeexpansionjewelsizes.datcl64,Tiny_8,53584748,112
d73a0ac666df55a8,passivetreeexpansionjewels.datc64,Tiny_8,53584240,428
367385f8402d4613,passivetreeexpansionjewels.datcl64,Tiny_8,53584240,428
c3389643933f8054,passiveskilltreeuiartascendancy.datc64,Folders/6/data.datc64,3526363,25628
171e861d7423177e,passiveskilltreeuiartascendancy.datcl64,Folders/8/minimap_5,2446289,49264
4a611769cb1aaf95,passiveskilltreeuiart.datc64,Folders/4/data.datc64,3641073,6349
e5e2d0ddd80bca0a,passiveskilltreeuiart.datcl64,Folders/D/data,3378614,12111
cba08f304622f2c7,passiveskilltreetutorial.datc64,Folders/data/D/portuguese.datc64,2305133,4764
145baac878abe962,passiveskilltreetutorial.datcl64,Folders/data/2/traditional chinese.datcl64,4127244,8548
3d95090cb1f42867,passiveskilltrees.datc64,Tiny_8,53580884,1315
d1597c23d9f705af,passiveskilltrees.datcl64,Tiny_8,53582199,2041
13e874fc9e80fc9a,passiveskilltattootargetsets.datc64,Tiny_8,53248854,814
dcce248cb183e183,passiveskilltattootargetsets.datcl64,Tiny_8,53249668,1132
26a6bbe11b861c43,passiveskilltattoos.datc64,Folders/6/data.datc64,3517579,8784
c65e9812dcdc5d66,passiveskilltattoos.datcl64,Folders/6/data.datc64,3517579,8784
9af74cb3f1f23a00,passiveskillstatcategories.datc64,Tiny_8,53246364,994
7e3de192e09c235c,passiveskillstatcategories.datcl64,Tiny_8,53247358,1496
6a4c1e37feb40921,passiveskills.datc64,Folders/data/B/spanish.datc64_1,374206,2629326
f72ccf3b3b01353b,passiveskills.datcl64,Folders/data/A/korean.datcl64,377611,3098632
c41dfef7b031701d,passiveskilloverridetypes.datc64,Tiny_8,53574024,998
713034c5fc682979,passiveskilloverridetypes.datcl64,Tiny_8,53575022,1474
309f5265fa6252f8,passiveskilloverrides.datc64,Folders/data/0/traditional chinese.datc64,3489468,49078
9400021131384add,passiveskilloverrides.datcl64,Folders/data/8/korean.datcl64,1490378,69112
f86821b9d03001ce,passiveskillmasterygroups.datc64,Folders/D/data.datc64_1,16778,43307
b8a90ead3310452c,passiveskillmasterygroups.datcl64,Folders/F/data.datcl64,2700640,75037
b69e46b99008f349,passiveskillmasteryeffects.datc64,Folders/2/data.datc64,5979093,38306
ff63c92cd3429e64,passiveskillmasteryeffects.datcl64,Folders/8/data.datcl64,4089765,44084
a4655745e94eac18,passiveskillfilteroptions.datc64,Tiny_8,53573224,336
c88af46ce2f6e6c5,passiveskillfilteroptions.datcl64,Tiny_8,53573560,464
bf1bc1680128e0eb,passiveskillfiltercatagories.datc64,Tiny_8,53572594,238
cc209d64b98c0c26,passiveskillfiltercatagories.datcl64,Tiny_8,53572832,392
a328c432293730a8,passiveoverridelimits.datc64,Tiny_8,53243156,3208
58ccc65c24cc1cd8,passiveoverridelimits.datcl64,Folders/data/0/russian.datc64,4262957,5404
b0088c2bdd589a90,passivejewelslots.datc64,Folders/C/data.datc64,3035770,4792
07a4ed249d4bd4f2,passivejewelslots.datcl64,Folders/C/data.datc64,3035770,4792
732c10f294eb3831,passivejewelradii.datc64,Tiny_8,53571978,276
869595746f2312e4,passivejewelradii.datcl64,Tiny_8,53572254,340
2a4dd5ef329778fc,passivejewelnodemodifyingstats.datc64,Tiny_8,53571462,516
7c41ce5450ce9743,passivejewelnodemodifyingstats.datcl64,Tiny_8,53571462,516
cc00792af1084179,passivejewelart.datc64,Tiny_8,53568278,3184
913894046bc09a7e,passivejewelart.datcl64,Folders/C/data.datcl64,10304661,5560
7f964b564bda341e,pantheonsouls.datc64,Tiny_8,53238108,2516
374e23d34d2071ce,pantheonsouls.datcl64,Tiny_8,53240624,2532
db32b6e4bf093fd6,pantheonpanellayout.datc64,Folders/data/2/russian.datcl64_1,2738575,7156
a1d4d98b949a3cc3,pantheonpanellayout.datcl64,Folders/data/B/spanish.datcl64_1,1828183,8648
e6e84ee4f53254c4,packsizes.datc64,Tiny_8,53565242,220
044b190e9696c9ee,packsizes.datcl64,Tiny_8,53565462,320
47cc19d61d0e11ec,packmodchancestoapply.datc64,Folders/4/data.datc64,3633291,7782
f0f3a1edd3962373,packmodchancestoapply.datcl64,Folders/4/data.datc64,3633291,7782
30709479ec7ef1b2,packfrequencynames.datc64,Tiny_8,53564794,196
4094cafce8f8063f,packfrequencynames.datcl64,Tiny_8,53564990,252
e6c58d9f55036126,packformation.datc64,Tiny_8,53562640,850
ddf4cae9974f0179,packformation.datcl64,Tiny_8,53563490,1304
bb136c50786f7b13,packextrasfromstats.datc64,Tiny_8,53562520,120
d3c2994fabce80c1,packextrasfromstats.datcl64,Tiny_8,53562520,120
e5dbb8ac74819fc5,onkillachievements.datc64,Tiny_8,53562092,428
3dda1b0a4f315f89,onkillachievements.datcl64,Tiny_8,53562092,428
b36dd2287c7ce3c6,onetimeevents.datc64,Tiny_8,53561476,268
5a94715293b4940d,onetimeevents.datcl64,Tiny_8,53561744,348
05f139b426acbf6a,omens.datc64,Tiny_8,53561208,268
8ef612c855ff963e,omens.datcl64,Tiny_8,53561208,268
f7d7822d1c0477fb,npcvendordialogueconditions.datc64,Tiny_8,53558742,1078
a9d073879d96c66e,npcvendordialogueconditions.datcl64,Tiny_8,53559820,1388
44dc1507d434b4f1,npcvendordialogue.datc64,Folders/metadata/enginegraphs_1,4629852,6944
1308b46834e6c840,npcvendordialogue.datcl64,Folders/5/data.datcl64,7475421,9304
cb8f47118e915e68,npctextaudio.datc64,Folders/data/8/korean.datc64,1389563,10340899
e9ac79f5c830650d,npctextaudio.datcl64,Folders/data/C/korean.datcl64_2,5965320,16594895
7d80869ea2587802,npctalkconsolequickactions.datc64,Tiny_8,53555588,1198
c86913a2cf21a6a3,npctalkconsolequickactions.datcl64,Tiny_8,53556786,1956
f43935ae3a2b8c04,npctalkcategory.datc64,Tiny_8,53552863,2725
8389e6caf2ea2a1a,npctalkcategory.datcl64,Folders/D/data.datc64_1,2526467,4619
00eb4f9230b2d25a,npctalk.datc64,Folders/data/F/traditional chinese.datcl64,1057591,1707870
3c98911c5147bffc,npctalk.datcl64,Folders/data/B/spanish.datcl64_1,77629,1750554
dab0abf276769bd2,npcshopsets.datc64,Folders/5/data.datc64,984683,4538
08a7ef7c32675296,npcshopsets.datcl64,Folders/8/data.datcl64,4084033,5732
081e1ad7293a17de,npcshop.datc64,Folders/A/data.datc64,5269786,6848
5e93d5d710cc7cc4,npcshop.datcl64,Folders/E/data.datcl64,3624937,10116
b0659489a6731817,npcs.datc64,Folders/data/3/spanish.datcl64,1748655,227940
ef970dcb694666ef,npcs.datcl64,Folders/data/9/portuguese.datc64,1197381,304244
8c3ca7dd1abb8a0d,npcportraits.datc64,Folders/6/data.datc64,1784831,5026
e65fa72f98cf471d,npcportraits.datcl64,Folders/D/data.datc64_1,2517483,8984
b87148b33469a5ff,npcmaster.datc64,Tiny_8,53550211,1284
0cce19e5663de1bc,npcmaster.datcl64,Tiny_8,53551495,1368
47ae1edc31c73f66,npcfollowervariations.datc64,Tiny_8,53546789,3422
f6f4e73049f2e000,npcfollowervariations.datcl64,Tiny_8,53546789,3422
3060f2f2182f9b7c,npcdivinationwindowvisuals.datc64,Tiny_8,53546713,76
b548e4ffc34c2555,npcdivinationwindowvisuals.datcl64,Tiny_8,53546713,76
a659edb196121396,npcdialoguestyles.datc64,Folders/0/data.datc64,736276,8362
9f81c1387b9d88b9,npcdialoguestyles.datcl64,Folders/metadata,3803909,14916
ee7aec7b1ee5e2f4,npcconversations.datc64,Folders/5/data.datc64,925903,58780
7132856e58fb30f1,npcconversations.datcl64,Folders/6/minimap_6,1047106,72644
ea26e43e04e96e7c,npcaudio.datc64,Folders/B/data.datc64,2741820,444140
8b03e8a28c4d5f83,npcaudio.datcl64,Folders/D/data.datc64_1,1686411,831072
d9e3d7d1b287179c,notifications.datc64,Tiny_8,53234084,4024
2b3d06343d09d12a,notifications.datcl64,Folders/data/5/traditional chinese.datc64,2649850,6332
c2093c3a6c374d92,nettiers.datc64,Tiny_8,53546501,212
2675445cd7c8b0d6,nettiers.datcl64,Tiny_8,53546501,212
4157247ae46e2616,necropolisuniquecrafts.datc64,Tiny_8,53545341,544
f573e2449634c125,necropolisuniquecrafts.datcl64,Tiny_8,53545885,616
710d951e3b90cc3f,necropolispacksperarea.datc64,Tiny_8,53543689,1652
1910f3984d4b03fa,necropolispacksperarea.datcl64,Tiny_8,53543689,1652
3e29e4d67577d939,necropolispacks.datc64,Folders/data/B/spanish.datc64_1,91412,282794
1c93c6df72c64800,necropolispacks.datcl64,Folders/data/C/korean.datcl64_2,5472760,492560
e07031604efba545,necropolispackmodtiers.datc64,Tiny_8,53228438,2158
c8b6894044a958f0,necropolispackmodtiers.datcl64,Tiny_8,53230596,3488
13736460ddea6a93,necropolispackmods.datc64,Folders/metadata/enginegraphs_1,4612032,17820
19580672ac203d56,necropolispackmods.datcl64,Folders/metadata/enginegraphs_1,4612032,17820
de6f25bc66aaa5bc,necropolispackimplicits.datc64,Tiny_8,53225876,906
a44d42e5b1477139,necropolispackimplicits.datcl64,Tiny_8,53226782,1656
ecfedca23c7ca330,necropolispackimplicitclass.datc64,Tiny_8,53534615,130
616d8a81eb73d467,necropolispackimplicitclass.datcl64,Tiny_8,53534745,160
42f24fab879de90b,necropolispackadditionalpacks.datc64,Tiny_8,53533995,620
6de1891ce26649d6,necropolispackadditionalpacks.datcl64,Tiny_8,53533995,620
99c8591b7bc594b5,necropoliscraftitemtypes.datc64,Folders/data/4/traditional chinese.datcl64_1,3116345,12770
202d32fe5f475221,necropoliscraftitemtypes.datcl64,Folders/data/0/russian.datc64,4240769,22188
94b06e654f6fa36f,necropoliscraftingmodsfromstats.datc64,Tiny_8,53533663,332
f4000d48882d2bd0,necropoliscraftingmodsfromstats.datcl64,Tiny_8,53533663,332
abc38088b115f893,necropoliscraftingmods.datc64,Folders/8/data.datc64,3539145,36177
73dbde75ec79a89c,necropoliscraftingmods.datcl64,Folders/2/data.datcl64_1,20188,43497
605cd4f7ddc13242,necropoliscraftbases.datc64,Folders/data/4/traditional chinese.datcl64_1,2968379,147966
dca90d0d02d9d801,necropoliscraftbases.datcl64,Folders/data/0/russian.datc64,4015957,224812
5ff4a4ea47efcde3,nearbymonsterconditions.datc64,Tiny_8,53529299,1794
0f64b78f23715540,nearbymonsterconditions.datcl64,Tiny_8,53531093,2570
8cb19378f0fd27b7,mysteryboxes.datc64,Folders/data/F/traditional chinese.datcl64,1038857,18734
2329e395ecd4c374,mysteryboxes.datcl64,Folders/data/C/korean.datcl64_2,5441496,31264
beed6f449ec7cd86,musiccategories.datc64,Tiny_8,53224104,759
909652b3992811c5,musiccategories.datcl64,Tiny_8,53224863,1013
e6c7874b3d485f81,music.datc64,Folders/data/2/spanish.datc64,853991,71342
c7c24d138ecd144c,music.datcl64,Folders/data/A/russian.datcl64_1,1366806,106872
c63d664974312e30,multipartachievements.datc64,Folders/B/data.datc64,2711750,30070
aa134444645b00e2,multipartachievements.datcl64,Folders/8/data.datcl64,4034069,49964
dcf4f9226475f3b3,multipartachievementconditions.datc64,Folders/metadata,4194999,23766
02abeb432003f521,multipartachievementconditions.datcl64,Folders/D/data.datc64_1,1647835,38576
8ccb02b86d611746,multipartachievementareas.datc64,Tiny_8,53526259,1000
c5c5e94e3aaa19e2,multipartachievementareas.datcl64,Tiny_8,53526259,1000
9f1491aab87fd6a8,mtxtypes.datc64,Folders/data/9/korean.datc64,103821,3504698
d2b437284688cae8,mtxtypes.datcl64,Folders/data/C/korean.datcl64_2,0,5441496
60bb9ec37a1530f1,mtxtypegamespecific.datc64,Folders/E/data.datc64,1744326,1245914
d72a0810f69c1974,mtxtypegamespecific.datcl64,Folders/5/data.datcl64,5564417,1888656
b800e3bbbfc09335,mtxsetbonus.datc64,Tiny_8,53521995,2048
e3e2b6cac591528e,mtxsetbonus.datcl64,Tiny_8,53524043,2216
549ed4c2750cc8e7,movedaemon.datc64,Folders/7/data.datc64_1,2153139,13770
1337b7db97d6b940,movedaemon.datcl64,Folders/4/data.datcl64,1104048,13924
daf500b0add1be38,mousecursorsizesettings.datc64,Tiny_8,53223786,138
999a940d71cec000,mousecursorsizesettings.datcl64,Tiny_8,53223924,180
0f1655c9782c6b45,monstervarietiesartvariations.datc64,Folders/A/data.datc64,1145094,6496
2d765f3a6024d0f5,monstervarietiesartvariations.datcl64,Folders/D/data.datc64_1,1640427,7408
1b492e874ada70dc,monstervarieties.datc64,Folders/data/B/korean.datc64,178506,14227928
68abd721bb4f01dd,monstervarieties.datcl64,Folders/data/C/korean.datcl64_1,0,16824240
1f3c049c5e624056,monstertypes.datc64,Folders/2/data.datc64,5652903,321990
e699ada102a39ccb,monstertypes.datcl64,Folders/D/data,2918674,459940
6a36e5df8851f31f,monsterstatueoverrides.datc64,Tiny_8,53519607,2124
9592bfede78f8a88,monsterstatueoverrides.datcl64,Tiny_8,53519607,2124
40cd23d34d2eccc8,monsterspawneroverrides.datc64,Tiny_8,53519211,396
ab5f9c3c67b91cfc,monsterspawneroverrides.datcl64,Tiny_8,53519211,396
308ec7800129825b,monsterspawnergroupsperlevel.datc64,Tiny_8,53516831,2380
875ee08e6b9aba2c,monsterspawnergroupsperlevel.datcl64,Tiny_8,53516831,2380
1dfb626bc2ac3768,monsterspawnergroups.datc64,Tiny_8,53514445,2386
95c61c2404ec05b4,monsterspawnergroups.datcl64,Folders/A/data.datcl64,4142589,4580
d75b9b259a170915,monstersegments.datc64,Folders/B/data.datc64,2691588,20162
105453d59b8ede5f,monstersegments.datcl64,Folders/0/data.datc64_1,2531098,38860
7927a76400109e24,monsterresistances.datc64,Tiny_8,53510373,4072
4f43c7358446db74,monsterresistances.datcl64,Folders/B/data.datc64,5093237,5132
3105f40526c57947,monsterprojectilespell.datc64,Folders/C/data.datc64,2875830,11982
52e0b19bb3bfb609,monsterprojectilespell.datcl64,Folders/C/data.datc64,2875830,11982
679f493f56d73776,monsterprojectileattack.datc64,Folders/B/data.datc64,2686527,5061
96e4212a5c5dfc7e,monsterprojectileattack.datcl64,Folders/B/data.datc64,2686527,5061
e2283639f03df7ef,monsterpacks.datc64,Folders/6/data.datc64,775947,1008884
ba43e94e3089e4f5,monsterpacks.datcl64,Folders/E/data.datcl64,2466631,1149390
8408706c8f717ffd,monsterpackentries.datc64,Folders/8/data.datc64,2989148,474791
7c25bd50798aae4b,monsterpackentries.datcl64,Folders/0/data.datc64_1,1927807,603291
6a10b50a5f8159ce,monsterpackcounts.datc64,Tiny_8,53507455,2918
8c4a4b7617bb24fb,monsterpackcounts.datcl64,Tiny_8,53507455,2918
8745ee9da8b830c2,monstermortar.datc64,Folders/3/data.datc64,3079170,30752
cad51d4f526a85ea,monstermortar.datcl64,Folders/3/data.datc64,3079170,30752
e224b6caf2491f7f,monstermapdifficulty.datc64,Tiny_8,53505343,2112
07d238f0f443fd77,monstermapdifficulty.datcl64,Tiny_8,53505343,2112
73067c92c7db2b17,monstermapbossdifficulty.datc64,Folders/C/data.datc64,2866458,9372
b4c2a9a405f449aa,monstermapbossdifficulty.datcl64,Folders/C/data.datc64,2866458,9372
87208c286f38c7a2,monsterheights.datc64,Folders/4/data.datc64,3169167,464124
37a5c063c90c080d,monsterheights.datcl64,Folders/4/data.datc64,3169167,464124
20e5290ab94367e4,monsterheightbrackets.datc64,Tiny_8,53503219,979
ff537a92787da261,monsterheightbrackets.datcl64,Tiny_8,53504198,1145
72d3106294ec7cfc,monstergroupentries.datc64,Folders/metadata/enginegraphs_1,4570128,41904
fbace4642384974e,monstergroupentries.datcl64,Folders/1/data.datcl64_1,0,53748
0c46abd1a7fea3d5,monsterdeathconditions.datc64,Folders/8/data.datc64,2961676,27472
cdcd5e448f254de2,monsterdeathconditions.datcl64,Folders/6/minimap_6,902150,30292
ce3d6750c0b39cca,monsterdeathachievements.datc64,Folders/5/data.datc64,661769,251316
4a2cbedba58f1894,monsterdeathachievements.datcl64,Folders/0/data.datc64_1,1637421,290386
3e3f829867c7cf8e,monsterconditions.datc64,Folders/D/data.datc64_1,0,16778
3f041049f98782df,monsterconditions.datcl64,Folders/E/data.datcl64,2446375,20256
9c3c6f15d853615e,monsterconditionaleffectpacks.datc64,Tiny_8,53500067,1396
5958f5ec789fae21,monsterconditionaleffectpacks.datcl64,Tiny_8,53501463,1756
17630097cbe56919,monstercategories.datc64,Tiny_8,53499413,286
319eb6cab0c27e80,monstercategories.datcl64,Tiny_8,53499699,368
0326dba47c5ece8f,monsterbonuses.datc64,Folders/F/data.datc64,3997908,8838
063c5da9d6983487,monsterbonuses.datcl64,Folders/metadata,3793327,10582
44742f78cd0eb29b,monsterarmours.datc64,Folders/5/data.datc64,460859,200910
f3e32d5db2ca7ca8,monsterarmours.datcl64,Folders/F/data.datcl64,2304032,396608
4ac02188ca0dfa71,modtype.datc64,Folders/7/data.datc64_1,162813,1990326
ab45a4b781c823d7,modtype.datcl64,Folders/C/data.datcl64,7430229,2874432
595071af6512184b,modsellpricetypes.datc64,Tiny_8,53496087,3326
1464762f3801fd08,modsellpricetypes.datcl64,Folders/A/data.datcl64,4136753,5836
09e393afad4dd795,mods.datc64,Folders/data/3/korean.datc64,53006,31972032
da02838bee9ce71c,mods.datcl64,Folders/data/C/korean.datcl64,1682652,34948932
3ec38ab36c777267,modfamily.datc64,Folders/8/data.datc64,2420108,541568
a4513c61ebdbce97,modfamily.datcl64,Folders/B/data.datc64,4102261,990976
368155016ecad46c,modequivalencies.datc64,Folders/E/data.datc64,1714052,30274
e396b30503b5d1bd,modequivalencies.datcl64,Folders/8/data.datcl64,3998177,35892
192bdc4e1fcdb585,modeffectstats.datc64,Tiny_8,53493243,2844
ad3f9fffd74401ba,modeffectstats.datcl64,Tiny_8,53493243,2844
381a93b73b513e48,missiontransitiontiles.datc64,Folders/5/data.datc64,456595,4264
95ae5f0dc28d5e6b,missiontransitiontiles.datcl64,Folders/6/minimap_6,894462,7688
3b7c01c2df14d97c,missiontimertypes.datc64,Folders/4/data.datc64,3164651,4516
05bb9feb41cfce4e,missiontimertypes.datcl64,Folders/4/data.datcl64,1097292,6756
2d0defe6c81a21f3,missiontilemap.datc64,Tiny_8,51822149,12
7a8bb81edbd08452,missiontilemap.datcl64,Tiny_8,51822149,12
928e3b10bf3a6742,miscobjectsartvariations.datc64,Tiny_8,53487477,2606
d7e818c8c7323c50,miscobjectsartvariations.datcl64,Tiny_8,53490083,3160
a7319a78fcca7d13,miscobjects.datc64,Folders/C/data.datc64,2483236,383222
8a2e9a3933ae98c9,miscobjects.datcl64,Folders/4/data.datcl64,423964,673328
a5958d254e373747,misceffectpacksartvariations.datc64,Folders/B/data.datc64,2665625,20902
912aa83fa5ee4f11,misceffectpacksartvariations.datcl64,Folders/B/data.datc64,4075517,26744
68975e826ab4837e,misceffectpacks.datc64,Folders/metadata/enginegraphs_1,4348820,221308
e3cf3a2f86561f98,misceffectpacks.datcl64,Folders/1/data.datcl64,1793921,390990
516c4edaedede260,misccooldowns.datc64,Tiny_8,53484966,2511
f5b6847a720742ec,misccooldowns.datcl64,Folders/metadata,3789220,4107
223bf0538c6a3836,miscbeamsartvariations.datc64,Folders/A/data.datc64,1134494,10600
9f45b8d2d704c971,miscbeamsartvariations.datcl64,Folders/C/data.datcl64,7417861,12368
866f36c865ae42a6,miscbeams.datc64,Folders/E/data.datc64,1648252,65800
3783e5c8fb3fbf8f,miscbeams.datcl64,Folders/F/data.datcl64,2207252,96780
07650fd49cbe1e5f,miscanimatedartvariations.datc64,Folders/2/data.datc64,5479929,172974
d78e152af72375bc,miscanimatedartvariations.datcl64,Folders/D/data,2718330,200344
b497a6176fa7d3f8,miscanimated.datc64,Folders/4/data.datc64,1105901,2058750
90d6a51f6a77630f,miscanimated.datcl64,Folders/8/data.datcl64,309569,3688608
1f4259ddbb435df0,miniqueststates.datc64,Tiny_8,53484898,68
ccfd785aa2b6a5d3,miniqueststates.datcl64,Tiny_8,53484898,68
cb222634852bd7c3,miniontype.datc64,Folders/2/data.datc64,5472649,7280
b50f4ac508de3336,miniontype.datcl64,Folders/4/data.datcl64,413998,9966
f44f1c7acfaa2e5c,miniondoublingstattypes.datc64,Tiny_8,53484310,588
5d2fc38e8ee9aa26,miniondoublingstattypes.datcl64,Tiny_8,53484310,588
8b24ac7d2ee6af84,minimapicons.datc64,Folders/4/data.datc64,1051463,54438
b7343a09cc862e2c,minimapicons.datcl64,Folders/metadata,3703646,85574
7a385f954a3be8fb,microtransactiontrackingmapfragmenttypes.datc64,Tiny_8,53483538,772
b5653c865327d6a1,microtransactiontrackingmapfragmenttypes.datcl64,Tiny_8,53483538,772
f31ea76e703269c6,microtransactionsocialframevariations.datc64,Folders/5/data.datc64,444971,11624
462658de0b05a166,microtransactionsocialframevariations.datcl64,Folders/C/data.datcl64,7405199,12662
f59e3ac56b010757,microtransactionslotadditionaldefaultoptions.datc64,Tiny_8,53222860,334
59d42934df773ab6,microtransactionslotadditionaldefaultoptions.datcl64,Tiny_8,53223194,592
5814f6ee521deef3,microtransactionslot.datc64,Tiny_8,53215674,3448
5ddb565d87cc1be2,microtransactionslot.datcl64,Tiny_8,53219122,3738
4c8535f2cf6fd5c7,microtransactionskillgemeffectslottypes.datc64,Tiny_8,53215322,140
86fa1e1f145f0342,microtransactionskillgemeffectslottypes.datcl64,Tiny_8,53215462,212
3d802e44701f118f,microtransactionreviveeffects.datc64,Tiny_8,53477754,165
83c041bae38d8e7c,microtransactionreviveeffects.datcl64,Tiny_8,53477919,267
d97d7787d7a1c5e9,microtransactionrecyclesalvagevalues.datc64,Folders/5/data.datc64,352439,92532
23e5fa9921c7434a,microtransactionrecyclesalvagevalues.datcl64,Folders/5/data.datc64,352439,92532
195a4df53b5843f3,microtransactionrecycleoutcomes.datc64,Folders/C/data.datc64,2474784,8452
e0afeaec84a64640,microtransactionrecycleoutcomes.datcl64,Folders/C/data.datc64,2474784,8452
09325f7d07adf8cf,microtransactionraritydisplay.datc64,Tiny_8,53473460,1522
f357abf88a9423b7,microtransactionraritydisplay.datcl64,Tiny_8,53474982,2772
58652d03338ad246,microtransactionrandomdisguises.datc64,Folders/D/data.datc64,16662075,80578
ddc06a8faf69bc86,microtransactionrandomdisguises.datcl64,Folders/E/data.datcl64,2303975,142400
99ea1ee767d762b9,microtransactionportalvariations.datc64,Folders/5/data.datc64,222091,130348
61f7e811af2e7f5a,microtransactionportalvariations.datcl64,Folders/8/data.datcl64,79669,229900
d8c300b41e0653b8,microtransactionperiodiccharactereffectvariations.datc64,Folders/F/data.datc64,3952600,45308
044af041094d063e,microtransactionperiodiccharactereffectvariations.datcl64,Folders/C/data.datcl64,7323571,81628
dd1e58d0f8d5e305,microtransactiononopenchesteffects.datc64,Tiny_8,53472950,226
c86d91f9a6097759,microtransactiononopenchesteffects.datcl64,Tiny_8,53473176,284
e146fd48cb1ed1a1,microtransactiononkilleffects.datc64,Folders/B/data.datc64,2651013,14612
998657372f984f7b,microtransactiononkilleffects.datcl64,Folders/1/data.datcl64,1774777,19144
4fbe27c8eccc9baa,microtransactiononkillconditions.datc64,Tiny_8,53467654,2350
9c20ee6012acb191,microtransactiononkillconditions.datcl64,Tiny_8,53470004,2946
0c57f9c45903ba9a,microtransactiononkillbeams.datc64,Tiny_8,53466648,411
1c629571de09aa47,microtransactiononkillbeams.datcl64,Tiny_8,53467059,595
52deac198d0f8024,microtransactionobjecteffects.datc64,Folders/C/data.datc64,2450998,23786
490f1bcb6fe3df9a,microtransactionobjecteffects.datcl64,Folders/A/data.datcl64,4097383,34956
dc60e60589b10b9e,microtransactionlevelupeffects.datc64,Folders/5/data.datc64,216209,5882
e4f438a4a01dd561,microtransactionlevelupeffects.datcl64,Folders/B/data.datc64,4065541,9976
d1f92be648dd71e1,microtransactionjewelvariations.datc64,Tiny_8,53462630,4018
848f918908f21c58,microtransactionjewelvariations.datcl64,Folders/4/data.datcl64,407156,6842
c518d39ac1bc8116,microtransactionfireworksvariations.datc64,Tiny_8,53457450,1837
5e824a1025446b29,microtransactionfireworksvariations.datcl64,Tiny_8,53459287,3343
86b576360c62f35b,microtransactionequippediconvariations.datc64,Tiny_8,53456648,298
a43b6b5fee530b37,microtransactionequippediconvariations.datcl64,Tiny_8,53456946,504
2ed9aabc9e8ca523,microtransactioncursorvariations.datc64,Tiny_8,53456432,216
99a8907124e34c63,microtransactioncursorvariations.datcl64,Tiny_8,53456432,216
ab43918ec0a935e5,microtransactioncounters.datc64,Tiny_8,53454750,586
d5969abeb68e5aca,microtransactioncounters.datcl64,Tiny_8,53455336,1096
a6498dc5dc345b85,microtransactionconditionalapparitions.datc64,Tiny_8,53450854,1678
5a23e28503539478,microtransactionconditionalapparitions.datcl64,Tiny_8,53452532,2218
cbb2231adedafc71,microtransactionconditionalapparitionevents.datc64,Tiny_8,53447015,3839
92aa1b0d72dcb0a4,microtransactionconditionalapparitionevents.datcl64,Tiny_8,53447015,3839
7599c559e1952d91,microtransactioncombineformula.datc64,Folders/7/data.datc64_1,104073,58740
a7a93b499288ee21,microtransactioncombineformula.datcl64,Folders/B/data.datc64,3983915,81626
b463e4f052636fdc,microtransactionchargevariations.datc64,Tiny_8,53445099,1916
03cee4d6b36c5edf,microtransactionchargevariations.datcl64,Tiny_8,53445099,1916
e91d7c04c88c65b0,microtransactioncharacterportraitvariations.datc64,Tiny_8,53444943,156
971919dbd958f6a7,microtransactioncharacterportraitvariations.datcl64,Tiny_8,53444943,156
01f540bf4ab2b987,microtransactioncategory.datc64,Tiny_8,53212934,1020
e4a6024b2bfd34db,microtransactioncategory.datcl64,Tiny_8,53213954,1368
2f020dba8752adf5,microtransactionappliedinventoryitemartvariations.datc64,Tiny_8,53435577,2148
693bd79693364c3e,microtransactionappliedinventoryitemartvariations.datcl64,Tiny_8,53437725,3516
4115f9859bd687a3,microtransactionafkeffects.datc64,Tiny_8,53433453,932
d555bbfb8ded154d,microtransactionafkeffects.datcl64,Tiny_8,53434385,1192
dab414ee56a7209e,metamorphosisstashtablayout.datc64,Tiny_8,53428105,2012
9f7ae87287f1eaca,metamorphosisstashtablayout.datcl64,Tiny_8,53430117,3336
24365db19f271ecd,mercenarywieldabletypes.datc64,Tiny_8,53427821,284
db14164a07454981,mercenarywieldabletypes.datcl64,Tiny_8,53427821,284
95f3ef26291dc493,mercenarysupports.datc64,Folders/data/0/traditional chinese.datc64,3428570,60898
ddd6863ef7f223b1,mercenarysupports.datcl64,Folders/data/6/portuguese.datcl64_1,441504,81714
2995d495bacd19ad,mercenarysupportfamilies.datc64,Tiny_8,53422877,1860
e28e73a7e3ab0c65,mercenarysupportfamilies.datcl64,Tiny_8,53424737,3084
5bb7137398cea922,mercenarysupportcounts.datc64,Tiny_8,53422655,94
99951192cb3bd7c1,mercenarysupportcounts.datcl64,Tiny_8,53422749,128
9a02a6aa597ec0b1,mercenaryskills.datc64,Folders/data/E/traditional chinese.datcl64,1147138,141010
5b55f26470d3841d,mercenaryskills.datcl64,Folders/data/8/korean.datcl64,1304696,185682
3f253c97c20754fc,mercenaryskillfamilies.datc64,Tiny_8,53421983,252
5f7016541a9e671a,mercenaryskillfamilies.datcl64,Tiny_8,53422235,420
8839b2cd6dbb0cf8,mercenaryrenownlevels.datc64,Tiny_8,53421887,96
f952704b62d55ec9,mercenaryrenownlevels.datcl64,Tiny_8,53421887,96
86b9879bb06066d1,mercenaryinventories.datc64,Tiny_8,53421555,332
cc6fa010daff87ec,mercenaryinventories.datcl64,Tiny_8,53421555,332
5f6a6b5df8e6ea78,mercenaryflavourtext.datc64,Folders/data/7/korean.datc64,2776082,57622
5e6df6812dd166d7,mercenaryflavourtext.datcl64,Folders/data/9/portuguese.datc64,1103687,93694
e67b4f4bfdc24545,mercenarydisableduniques.datc64,Tiny_8,51822149,12
abd3f2ee38fb335e,mercenarydisableduniques.datcl64,Tiny_8,51822149,12
b958a78501a90762,mercenaryclasses.datc64,Tiny_8,53417675,3880
7d24a62be42c73cb,mercenaryclasses.datcl64,Folders/E/data.datcl64,2297743,6232
d196559d69426a50,mercenarybuildvisualoverrides.datc64,Folders/D/data.datc64,16653279,8796
cec2685998c062a3,mercenarybuildvisualoverrides.datcl64,Folders/D/data.datc64,16653279,8796
29664f41f4fe6d6d,mercenarybuilds.datc64,Folders/data/F/traditional chinese.datcl64,997870,40987
793ccbf42b26c24f,mercenarybuilds.datcl64,Folders/data/5/traditional chinese.datc64,2600071,49779
cf6d980baac8ac18,mercenaryattributes.datc64,Tiny_8,53211092,850
3fd4c7caa1187af1,mercenaryattributes.datcl64,Tiny_8,53211942,992
fd3320633fd0aae1,memorylinetype.datc64,Tiny_8,53207158,1772
e762ce55bdc949ee,memorylinetype.datcl64,Tiny_8,53208930,2162
aaadd296362d3448,memorylinemodifiers.datc64,Folders/4/data.datc64,859755,5140
85d9b51e26018e75,memorylinemodifiers.datcl64,Folders/4/data.datc64,859755,5140
27951abf07977f16,meleetrails.datc64,Folders/8/data.datc64,2369584,50524
0008612a4f0e97cb,meleetrails.datcl64,Folders/8/minimap_5,1951537,89180
328c8936dc79a2cf,melee.datc64,Folders/A/data.datc64,1026690,41352
76d595870b9d7d41,melee.datcl64,Folders/4/data.datcl64,362278,44878
562ab9877461e058,mavenjewelradiuskeystones.datc64,Tiny_8,53411017,732
ced65d6988faf6f0,mavenjewelradiuskeystones.datcl64,Tiny_8,53411017,732
b72ca18c6d37db54,mavenfights.datc64,Tiny_8,53406115,2391
9526b8b629244011,mavenfights.datcl64,Tiny_8,53408506,2511
0da2b5085f267f01,mavendialog.datc64,Folders/9/data.datc64,2779207,8250
5109d6010c25a049,mavendialog.datcl64,Folders/A/data.datcl64,4086781,10602
0b2ac84bbbae5541,maptiers.datc64,Tiny_8,53405899,216
58ea57dc181ae45d,maptiers.datcl64,Tiny_8,53405899,216
a29b7b2b406793a7,maptierachievements.datc64,Folders/8/data.datc64,2359346,10238
e5bbb9dfa22ebe75,maptierachievements.datcl64,Folders/0/data.datc64_1,1625565,11856
d918d1f10acd4acb,mapstatconditions.datc64,Folders/4/data.datc64,842903,16852
cf592b667227b313,mapstatconditions.datcl64,Folders/C/data.datcl64,7298353,25218
b7c4e44abc2a5ee7,mapstashuniquemapinfo.datc64,Tiny_8,53404765,1134
1e27a54a603e64e2,mapstashuniquemapinfo.datcl64,Tiny_8,53404765,1134
2a14ae82dd365ba3,mapstashspecialsubstashgroup.datc64,Tiny_8,53201910,2252
ba5893ea42d8eab0,mapstashspecialsubstashgroup.datcl64,Tiny_8,53204162,2996
e2ada2a350adbf27,mapseriestiers.datc64,Folders/9/data.datc64,2761051,18156
759abaefb6829c4b,mapseriestiers.datcl64,Folders/9/data.datc64,2761051,18156
6a3795da674c3d8d,mapseries.datc64,Folders/data/1/korean.datc64,3916484,17430
5888d97594247412,mapseries.datcl64,Folders/data/0/russian.datc64,3984693,31264
e7a66c5a912bacab,maps.datc64,Folders/E/data.datc64,1556971,91281
8cafa4d40406ff62,maps.datcl64,Folders/E/data.datc64,1556971,91281
53bf26ba2f006797,maprelicinventorylayout.datc64,Tiny_8,53199392,1074
9cab563c0677cb48,maprelicinventorylayout.datcl64,Tiny_8,53200466,1444
58fcaa4a06649815,mappurchasecosts.datc64,Tiny_8,53394545,588
ad623d42047f777b,mappurchasecosts.datcl64,Tiny_8,53394545,588
99ce9d866ed28296,mappins.datc64,Folders/data/2/russian.datcl64_1,2699321,39254
d193462a1a2fc4f7,mappins.datcl64,Folders/data/A/korean.datcl64,328451,49160
3fde9473f4004505,mapnodeheader.datc64,Tiny_8,53390933,3612
e823d712bdfe5e2c,mapnodeheader.datcl64,Folders/E/data.datcl64,2259895,6476
1ce66d8d6466ddaa,mapmissionicon.datc64,Folders/metadata/enginegraphs_1,4341678,7142
314d4b52e53e0780,mapmissionicon.datcl64,Folders/2/data.datcl64_1,6924,13264
bcf4c23f72a06247,mapkeys.datc64,Tiny_8,53390421,512
2220b58a5c0bb9a5,mapkeys.datcl64,Tiny_8,53390421,512
79570ff2cc6836ed,mapinhabitants.datc64,Tiny_8,53386377,4044
7b71d3e768b25ef7,mapinhabitants.datcl64,Tiny_8,53386377,4044
4670e7c3606adb51,mapfragmentmods.datc64,Folders/D/data.datc64,16536045,27927
0ba6bcad2e4b8a4a,mapfragmentmods.datcl64,Folders/D/data.datc64,16536045,27927
46e5572d9f5c8f9a,mapdevices.datc64,Folders/C/data.datc64,2429436,21562
b1c74cc729e8cb40,mapdevices.datcl64,Folders/4/data.datcl64,263082,33768
ccdc1ccfbe9025a1,mapdevicerecipes.datc64,Folders/metadata/enginegraphs_1,4325085,16593
c037a27ae62c6a1c,mapdevicerecipes.datcl64,Folders/F/data.datcl64,2188547,18705
8aff05ffee2d8e4a,mapdevicelayouts.datc64,Tiny_8,53381045,2302
93aa84e00137e335,mapdevicelayouts.datcl64,Tiny_8,53383347,3030
cd28e90ddd5ddc5a,mapcreationinformation.datc64,Tiny_8,53377753,3292
8f5a66b3b9582352,mapcreationinformation.datcl64,Tiny_8,53377753,3292
28c73df3b942a0c6,mapconnections.datc64,Folders/data/7/korean.datc64,2759200,16882
ad498898702afc37,mapconnections.datcl64,Folders/data/3/spanish.datcl64,1520501,17724
f4ab658eb2def62f,mapcompletionachievements.datc64,Folders/8/data.datc64,2268456,90890
3f2690999479a8f2,mapcompletionachievements.datcl64,Folders/metadata,3595656,107990
763a33b77d31b0ee,magicmonsterlifescalingperlevel.datc64,Tiny_8,53376941,812
7b43344972555c35,magicmonsterlifescalingperlevel.datcl64,Tiny_8,53376941,812
fc7051edf85c5f1a,loadingscreenoverrides.datc64,Tiny_8,53376857,36
bfbf8015fdf1d7b0,loadingscreenoverrides.datcl64,Tiny_8,53376893,48
5135e44758edbad3,levelupsoundeffect.datc64,Tiny_8,53376591,122
522f6a5ff9591527,levelupsoundeffect.datcl64,Tiny_8,53376713,144
62cacbda1dcef11f,levelrelativeplayerscaling.datc64,Tiny_8,53373379,3212
59945daea9f7de23,levelrelativeplayerscaling.datcl64,Tiny_8,53373379,3212
880c910f4ad1dd73,legionrewardtypevisuals.datc64,Tiny_8,53368439,2124
53ea590e296188f3,legionrewardtypevisuals.datcl64,Tiny_8,53370563,2816
3b0716d8eb571b08,legionranks.datc64,Tiny_8,53365547,2892
adeba32f717d3360,legionranks.datcl64,Tiny_8,53365547,2892
40085fd24a3a6b67,legionmonstervarieties.datc64,Folders/6/data.datc64,758987,16960
569534f092511bf2,legionmonstervarieties.datcl64,Folders/6/data.datc64,758987,16960
aa3d6fc1d6aa0d80,legionmonstercounts.datc64,Folders/B/data.datc64,2633529,17484
9acea7c7c1642e95,legionmonstercounts.datcl64,Folders/B/data.datc64,2633529,17484
613dce1c218d5fb1,legionfactions.datc64,Tiny_8,53360445,2134
fe293e55077c1d89,legionfactions.datcl64,Tiny_8,53362579,2968
1ff694afc06730cf,legionchesttypes.datc64,Tiny_8,53359617,828
ccf934240ba55c89,legionchesttypes.datcl64,Tiny_8,53359617,828
a9d1885133739e03,legionchestcounts.datc64,Folders/4/data.datc64,833483,9420
dbde040fca335356,legionchestcounts.datcl64,Folders/4/data.datc64,833483,9420
b254b8938ef8fc17,legionbalanceperlevel.datc64,Tiny_8,53357813,1804
e503f64cf02df1b5,legionbalanceperlevel.datcl64,Tiny_8,53357813,1804
e6c7679f23430043,legacyatlasinfluenceoutcomes.datc64,Folders/0/data.datc64,727440,8836
f08677368d8887af,legacyatlasinfluenceoutcomes.datcl64,Folders/5/data.datcl64,5551877,12540
18855bf5a45dd165,leaguestaticrewards.datc64,Tiny_8,53354092,3721
f202e45310ea2457,leaguestaticrewards.datcl64,Tiny_8,53354092,3721
65e5b22250795fbd,leagueprogressquestflags.datc64,Tiny_8,53348242,2554
15b5166b38a6bb98,leagueprogressquestflags.datcl64,Tiny_8,53350796,3296
9c1f4ce3edc001eb,leaguenames.datc64,Tiny_8,53198712,284
fe28d8c996d264cb,leaguenames.datcl64,Tiny_8,53198996,396
23283e77b9a979ed,leagueinfopanelversions.datc64,Tiny_8,53345876,678
9c5a9842e5b475fb,leagueinfopanelversions.datcl64,Tiny_8,53346554,1044
9a2929d319ebfb4f,leagueinfo.datc64,Folders/data/F/traditional chinese.datcl64,638568,359302
51d7d5e8587cc949,leagueinfo.datcl64,Folders/data/E/korean.datcl64,1189213,657218
63b649b4cfe0b097,leagueflag.datc64,Folders/0/data.datc64,677900,49540
0dda9b9be14e9f09,leagueflag.datcl64,Folders/B/data.datc64,3840924,91352
4b80b112b0831a8f,leaguecustomatlastrees.datc64,Tiny_8,53345804,72
9061f96db4b094ab,leaguecustomatlastrees.datcl64,Tiny_8,53345804,72
2a886e5618ad5500,leaguecategorytodisplayname.datc64,Tiny_8,53345692,112
cc9861871ae36fac,leaguecategorytodisplayname.datcl64,Tiny_8,53345692,112
0c28d935157968d5,leaderboardmapdevicelabel.datc64,Tiny_8,53344624,1068
a41d13350b869d6d,leaderboardmapdevicelabel.datcl64,Tiny_8,53344624,1068
8742767137836f4a,leaderboardmapdevice.datc64,Tiny_8,53340964,3660
b5c9dbe9841324b0,leaderboardmapdevice.datcl64,Folders/2/data.datcl64_1,0,6924
f9b924ee4a190ad9,lakerooms.datc64,Folders/data/2/russian.datcl64_1,2659169,40152
bd30407a0ea64900,lakerooms.datcl64,Folders/data/3/spanish.datcl64,1464963,55538
acd0fd112304cbcd,lakeroomcompletion.datc64,Folders/6/data.datc64,716571,42416
0a8ca927db6abd23,lakeroomcompletion.datcl64,Folders/6/data.datc64,716571,42416
f9f8cbe06f1bb6a3,lakemetaoptionsunlocktext.datc64,Tiny_8,53197350,490
25cbf221df12d583,lakemetaoptionsunlocktext.datcl64,Tiny_8,53197840,872
00ac3897aac30f8e,lakemetaoptions.datc64,Tiny_8,53336916,164
7da5d98e07ba8c16,lakemetaoptions.datcl64,Tiny_8,53337080,196
b999d4aa139474b3,lakebosslifescalingperlevel.datc64,Tiny_8,53336104,812
9bdbbaa74b68660f,lakebosslifescalingperlevel.datcl64,Tiny_8,53336104,812
60b4e735a1d304bb,labyrinthtrinkets.datc64,Tiny_8,53335256,848
7384f5d4027b4501,labyrinthtrinkets.datcl64,Tiny_8,53335256,848
8351d3d961652984,labyrinthtrials.datc64,Tiny_8,53332268,1464
ba0b4dedde241b00,labyrinthtrials.datcl64,Tiny_8,53333732,1524
c64e35981e323af0,labyrinthsectionlayout.datc64,Folders/metadata/enginegraphs_1,4294829,30256
274da32deda9f13e,labyrinthsectionlayout.datcl64,Folders/metadata/enginegraphs_1,4294829,30256
5ad9127f04dffe92,labyrinthsection.datc64,Tiny_8,53329062,3206
adc43263a14a117c,labyrinthsection.datcl64,Folders/0/data.datc64_1,1550771,4332
06a02e0dea55e735,labyrinthsecrets.datc64,Folders/data/6/russian.datc64,1675709,14054
540ad33a7fcb3d57,labyrinthsecrets.datcl64,Folders/data/F/thai.datc64,2404437,16768
96c20170f4a7c8d9,labyrinthsecreteffects.datc64,Folders/0/data.datc64,644662,18996
165ba284a07c7450,labyrinthsecreteffects.datcl64,Folders/D/data.datc64_1,1613431,26996
7155734139bdf2f9,labyrinths.datc64,Tiny_8,53195392,958
7d0a20b665ed5c7e,labyrinths.datcl64,Tiny_8,53196350,1000
05b5d045fe380144,labyrinthrewardtypes.datc64,Tiny_8,53323672,1094
e2c494027c57a526,labyrinthrewardtypes.datcl64,Tiny_8,53324766,2008
25e42165e89c126d,labyrinthnodeoverrides.datc64,Tiny_8,53318550,2030
5fd2c8bad0b10eb6,labyrinthnodeoverrides.datcl64,Tiny_8,53320580,3092
307dde25c9f367e3,labyrinthizarochests.datc64,Folders/6/data.datc64,705567,11004
745b766e40eebfff,labyrinthizarochests.datcl64,Folders/8/minimap_5,1933809,17728
f22e9f6e6010d8ec,labyrinthexclusiongroups.datc64,Tiny_8,53318400,58
e6b04e105eea7467,labyrinthexclusiongroups.datcl64,Tiny_8,53318458,92
3a24e76806dd291b,labyrinthcraftoptiontiers.datc64,Tiny_8,53317122,454
229e9f56a3ee5705,labyrinthcraftoptiontiers.datcl64,Tiny_8,53317576,824
630cf1f408918f8e,labyrinthcraftoptions.datc64,Folders/data/D/portuguese.datc64,2290394,14739
2920dad3a4ec0654,labyrinthcraftoptions.datcl64,Folders/data/B/spanish.datcl64_1,54452,23177
3c979f6adb53b0f2,labyrinthbonusitems.datc64,Tiny_8,53194990,170
1287500166f0fb8b,labyrinthbonusitems.datcl64,Tiny_8,53195160,232
a789c0f89a91dbe0,labyrinthareas.datc64,Folders/D/data.datc64,16528009,8036
d3226bc13f219d01,labyrinthareas.datcl64,Folders/B/data.datc64,3814704,9052
7ea03b2d034c1b86,kiraclevels.datc64,Tiny_8,53063273,204
5a46ec153b6e0f5e,kiraclevels.datcl64,Tiny_8,53063273,204
a6ac3250e696846b,killstreakthresholds.datc64,Tiny_8,53062793,480
71ba0f16f588c8bd,killstreakthresholds.datcl64,Tiny_8,53062793,480
b4dc7e4a21438e74,jobraidbrackets.datc64,Tiny_8,53062381,412
7ede8dc0f8eef37d,jobraidbrackets.datcl64,Tiny_8,53062381,412
d8afa841c42499f3,jobassassinationspawnergroups.datc64,Tiny_8,53062337,44
a6a2290ad21e395d,jobassassinationspawnergroups.datcl64,Tiny_8,53062337,44
0ddd8b809c1cf27f,itemvisualshadereffect.datc64,Tiny_8,52809384,727
b95ded1a0706b31b,itemvisualshadereffect.datcl64,Tiny_8,52810111,1169
5a5b49820d05bb6c,itemvisualreplacement.datc64,Folders/metadata/enginegraphs_1,4276357,18472
c52d9cfc766ba0b2,itemvisualreplacement.datcl64,Folders/metadata/enginegraphs_1,4276357,18472
e469e07ca8a87a9d,itemvisualidentity.datc64,Folders/D/data.datc64,2175875,14352134
41f0b74ab0504496,itemvisualidentity.datcl64,Folders/2/data.datcl64,6151679,19087332
c540bbb0f3fe9655,itemvisualheldmodeloverridebyitemaffiliatedattributes.datc64,Tiny_8,52806072,3312
1626275a44f4ce5b,itemvisualheldmodeloverridebyitemaffiliatedattributes.datcl64,Folders/E/data.datcl64,2253967,5928
c402ee9362ef4f98,itemvisualheldbodymodel.datc64,Folders/6/data.datc64,696171,9396
39fd5e496c3b44d6,itemvisualheldbodymodel.datcl64,Folders/F/data.datcl64,2171267,17280
8ec72ab5088b61fb,itemvisualeffect.datc64,Folders/3/data.datc64,2667400,411770
e12df7c582fbfac5,itemvisualeffect.datcl64,Folders/2/data.datcl64,5381211,770468
14f2a0e7e690c9ed,itemstances.datc64,Tiny_8,52805244,324
78ddf021997559e8,itemstances.datcl64,Tiny_8,52805568,504
4ec40bfd60d2dd19,itempickupeffect.datc64,Tiny_8,52805128,116
72ecbab763974c69,itempickupeffect.datcl64,Tiny_8,52805128,116
e5337bfd9ebfd8c8,itemnotecode.datc64,Tiny_8,52800886,1808
88a973334a73ee6d,itemnotecode.datcl64,Tiny_8,52802694,2434
d5244094d4647b2a,itemisedvisualeffectexclusivetypes.datc64,Tiny_8,52800646,92
4218add5511532e1,itemisedvisualeffectexclusivetypes.datcl64,Tiny_8,52800738,148
2270b411133785c3,itemisedvisualeffect.datc64,Folders/9/data.datc64,761106,1504115
a2fba0889625a520,itemisedvisualeffect.datcl64,Folders/9/data.datc64,761106,1504115
57ecaae734eeca44,itemisednecropolispacks.datc64,Folders/data/8/korean.datc64,1381691,7872
15e687b93efcf47c,itemisednecropolispacks.datcl64,Folders/data/F/thai.datc64,2392697,11740
e7356bc8651088be,itemisedcorpse.datc64,Folders/data/1/korean.datc64,3901322,15162
1a6110293ab32325,itemisedcorpse.datcl64,Folders/data/1/spanish.datc64,929798,23516
eae63061fb1bf82d,itemframetype.datc64,Folders/0/data.datc64,639274,5388
39b4a2cd13ae2a9c,itemframetype.datcl64,Folders/F/data.datcl64,2162505,8762
d9f5514ea21bfb5a,itemexperiencetypes.datc64,Tiny_8,52796710,1428
da2ee6d50aecf86c,itemexperiencetypes.datcl64,Tiny_8,52798138,2508
da846b984d128e13,itemexperienceperlevel.datc64,Folders/metadata/enginegraphs_1,4267681,8676
9f0e01c9a8834bbe,itemexperienceperlevel.datcl64,Folders/metadata/enginegraphs_1,4267681,8676
01956bdc9bff9596,itemcosts.datc64,Folders/2/data.datc64,5348547,48496
120538912bbcc3b1,itemcosts.datcl64,Folders/0/data.datc64_1,1491523,59248
4483f9e01158cdc7,itemcostperlevel.datc64,Folders/D/data.datc64,2107171,68704
77b6c55a076284f1,itemcostperlevel.datcl64,Folders/D/data.datc64,2107171,68704
c6d08b1ae9d0c9f3,itemconditions.datc64,Tiny_8,52796254,201
dc1d7d75e0c8cf30,itemconditions.datcl64,Tiny_8,52796455,255
6bc08e286395f2d9,itemclassvisualreplacement.datc64,Tiny_8,52796086,168
ba46527069c9daf9,itemclassvisualreplacement.datcl64,Tiny_8,52796086,168
2706c40361e2a82f,itemclasspickupeffect.datc64,Tiny_8,52796022,64
d0fb4ca05439de0c,itemclasspickupeffect.datcl64,Tiny_8,52796022,64
9e5b9c1ecaa28fc8,itemclasses.datc64,Folders/data/E/traditional chinese.datcl64,1127359,19779
f7f68c39529ac9a8,itemclasses.datcl64,Folders/data/C/korean.datcl64,1659777,22875
12f3a17fbf7ee004,itemclasscategories.datc64,Folders/data/B/korean.datc64,174058,4448
b3cde98d43cccf95,itemclasscategories.datcl64,Folders/data/3/spanish.datcl64,1458635,6328
813a41482a3dc028,inventories.datc64,Folders/D/data.datc64,2101142,6029
179366490d21e84d,inventories.datcl64,Folders/B/data.datc64,3799199,8853
4e4f274c3b47f426,invasionmonstersperarea.datc64,Folders/F/data.datc64,3816384,136216
db395324e4d70a34,invasionmonstersperarea.datcl64,Folders/F/data.datc64,3816384,136216
0756087a671fbe0c,invasionmonsterrestrictions.datc64,Folders/2/data.datc64,5312243,36304
b70f73c5ca50762a,invasionmonsterrestrictions.datcl64,Folders/F/data.datcl64,2119693,42812
d66295def4d7900e,influencetags.datc64,Folders/2/data.datc64,5307047,5196
b9b494126e9ecb27,influencetags.datcl64,Folders/2/data.datc64,5307047,5196
ba49a1fa631fb568,influencemodupgrades.datc64,Folders/4/data.datc64,809711,23772
da3364b99882a123,influencemodupgrades.datcl64,Folders/4/data.datc64,809711,23772
7280d108c9b2ce15,influenceexalts.datc64,Tiny_8,52795890,132
b470b7ea3efbef78,influenceexalts.datcl64,Tiny_8,52795890,132
28699747f80e71cc,influenceambushvariations.datc64,Tiny_8,52793982,1908
63a0d65edb76b9a5,influenceambushvariations.datcl64,Tiny_8,52793982,1908
cda156200277a3f8,indexablesupportgems.datc64,Folders/data/7/korean.datc64,2751794,7406
79e044d4a26649e2,indexablesupportgems.datcl64,Folders/data/0/russian.datc64,3975397,9296
0818d409100ef13a,indexableskillgems.datc64,Folders/data/9/korean.datc64,71945,31876
3371d3720eb059ed,indexableskillgems.datcl64,Folders/data/7/korean.datcl64,5341384,34764
b113c0c3ac277812,incursionuniqueupgradecomponents.datc64,Tiny_8,52793618,364
f6e51d4c36b33b8c,incursionuniqueupgradecomponents.datcl64,Tiny_8,52793618,364
9fe6c8ebf7f4db64,incursionrooms.datc64,Folders/data/8/korean.datc64,1313101,68590
f730c00449812f5c,incursionrooms.datcl64,Folders/data/3/spanish.datcl64,1345587,113048
62ca0a359d18d941,incursionroombossfightevents.datc64,Tiny_8,52787364,2318
8d48e092b962f929,incursionroombossfightevents.datcl64,Tiny_8,52789682,3936
26d6ac2c819e5111,incursionchests.datc64,Folders/A/data.datc64,972026,12538
eea2cd9ed14be324,incursionchests.datcl64,Folders/2/data.datcl64,5347591,16544
03295631801e9f72,incursionchestrewards.datc64,Folders/0/data.datc64,630356,8918
fdf12b597293fc82,incursionchestrewards.datcl64,Folders/5/data.datcl64,5516070,10620
795283b80e2ff19d,incursionbrackets.datc64,Tiny_8,52786640,724
6e9bf0c7c42f8bdd,incursionbrackets.datcl64,Tiny_8,52786640,724
16c94960dbcc207b,incursionarchitect.datc64,Tiny_8,52786128,512
e144b2f0a3ab66d6,incursionarchitect.datcl64,Tiny_8,52786128,512
4113d5d58c90d622,incubators.datc64,Tiny_8,53191284,3706
1cae92e9ac7d5e9d,incubators.datcl64,Folders/data/6/portuguese.datcl64_1,437252,4252
9de393c2b479a3ee,impactsounddata.datc64,Tiny_8,52783294,2834
036ffc537f6c34b4,impactsounddata.datcl64,Folders/2/data.datcl64,5342831,4760
9dfd072673feddf3,hudvisualsfromstat.datc64,Tiny_8,52782700,594
de7680a24c8c50c1,hudvisualsfromstat.datcl64,Tiny_8,52782700,594
3d7573daec9fefee,hudmanavisuals.datc64,Tiny_8,52779288,1192
2265efab6586e52f,hudmanavisuals.datcl64,Tiny_8,52780480,2220
abe097bb33ad3df2,hudlifevisuals.datc64,Tiny_8,52775340,3948
1a65945640489ac1,hudlifevisuals.datcl64,Folders/metadata,3588228,7428
bfc4cc82c9bae68c,hudenergyshieldvisuals.datc64,Tiny_8,52772590,2750
d95dc962a2ffa83d,hudenergyshieldvisuals.datcl64,Folders/8/data.datcl64,74577,5092
cf9c4992d5825c09,hideoutwaypointdoodads.datc64,Tiny_8,52772036,254
759765a8c73847cd,hideoutwaypointdoodads.datcl64,Tiny_8,52772290,300
81c2c083c3318ce6,hideoutstashdoodads.datc64,Tiny_8,52771492,544
fba974e3115ed179,hideoutstashdoodads.datcl64,Tiny_8,52771492,544
6c51d0fa7b8652a4,hideouts.datc64,Folders/data/D/portuguese.datc64,2251495,38899
c2e9d33ad7d9b72c,hideouts.datcl64,Folders/data/2/traditional chinese.datcl64,4063727,63517
89e002bf5511b11a,hideoutrarity.datc64,Tiny_8,52770938,226
89c2e566c87f341d,hideoutrarity.datcl64,Tiny_8,52771164,328
bd42e9b72d0a92b6,hideoutnpcs.datc64,Tiny_8,52768352,2586
219cda7389f7acdd,hideoutnpcs.datcl64,Tiny_8,52768352,2586
b2b81ccc09d163be,hideoutdoodadtags.datc64,Tiny_8,53185604,2540
8d127b2a55e371f6,hideoutdoodadtags.datcl64,Tiny_8,53188144,3140
7fc037686f95e6da,hideoutdoodads.datc64,Folders/B/data.datc64,852475,1745126
0a1ca2935084e998,hideoutdoodads.datcl64,Folders/metadata,516444,3071784
014d93a8a6692428,hideoutdoodadcategory.datc64,Folders/data/F/traditional chinese.datcl64,632490,6078
9ffeb80650987abf,hideoutdoodadcategory.datcl64,Folders/data/F/thai.datc64,2383693,9004
80d769bca4c2ea60,hideoutcraftingbenchinterfacevisuals.datc64,Tiny_8,52760130,3252
9abf89324ceadc12,hideoutcraftingbenchinterfacevisuals.datcl64,Folders/4/data.datcl64,229729,6144
d8ba9367a4583916,hideoutcraftingbenchdoodads.datc64,Tiny_8,52759926,204
b93cb4f79ae0b2bc,hideoutcraftingbenchdoodads.datcl64,Tiny_8,52759926,204
a4f1f6af0feba8a9,hellscapepassivetree.datc64,Tiny_8,52758982,452
7587337746a3b7f2,hellscapepassivetree.datcl64,Tiny_8,52759434,492
42d7d1afa14c50d2,hellscapepassives.datc64,Folders/data/C/russian.datc64,2077488,6756
8b9791be6b2bd812,hellscapepassives.datcl64,Folders/data/2/traditional chinese.datcl64,4052371,11356
b1b442c2986c043a,hellscapemonsterpacks.datc64,Tiny_8,52754338,2254
49bd54e61b898dbb,hellscapemonsterpacks.datcl64,Tiny_8,52756592,2390
8a2ee9111e638281,hellscapemods.datc64,Folders/4/data.datc64,708435,101276
3508526b457dfd3f,hellscapemods.datcl64,Folders/4/data.datc64,708435,101276
e3fa7f54db11d5ea,hellscapemodificationinventorylayout.datc64,Tiny_8,52753182,531
5db20a381bb75891,hellscapemodificationinventorylayout.datcl64,Tiny_8,52753713,625
b2cd8313769e602a,hellscapelifescalingperlevel.datc64,Tiny_8,52752370,812
bb9d3d5aebddcd62,hellscapelifescalingperlevel.datcl64,Tiny_8,52752370,812
5f6ed8294957090f,hellscapeitemmodificationtiers.datc64,Tiny_8,52752189,181
0f08d11e1dffc4c1,hellscapeitemmodificationtiers.datcl64,Tiny_8,52752189,181
4482b987a8664074,hellscapeimmunemonsters.datc64,Folders/8/data.datc64,2251980,16476
1da2218e532df9a0,hellscapeimmunemonsters.datcl64,Folders/8/data.datc64,2251980,16476
d5bff75ea26b174e,hellscapefactions.datc64,Tiny_8,52750053,872
2377b7bd00b972a5,hellscapefactions.datcl64,Tiny_8,52750925,1264
91c70238bc8c1c53,hellscapeexperiencelevels.datc64,Tiny_8,52749537,516
8d1068e487317cb8,hellscapeexperiencelevels.datcl64,Tiny_8,52749537,516
1448585d00b7e830,hellscapeareapacks.datc64,Folders/8/data.datc64,2237272,14708
038b876878e439ca,hellscapeareapacks.datcl64,Folders/8/data.datc64,2237272,14708
8a304c65e9323bb8,hellscapeaoreplacements.datc64,Folders/6/data.datc64,629702,45542
46344ff04b27a278,hellscapeaoreplacements.datcl64,Folders/F/data.datcl64,2033117,86576
12263f7357b19079,heistvaluescaling.datc64,Tiny_8,52747721,656
cf2d7aae8672a85c,heistvaluescaling.datcl64,Tiny_8,52748377,1160
4cc2ee8a8f05e3e5,heiststoragelayout.datc64,Folders/7/data.datc64_1,83684,4591
fc5b662248b54abe,heiststoragelayout.datcl64,Folders/8/data.datcl64,67326,7251
ba36eb547fe9cd5a,heistrooms.datc64,Folders/6/data.datc64,531120,98582
a57c4c5d280f6282,heistrooms.datcl64,Folders/6/minimap_6,734930,159532
8c585ac82c2c6992,heistrevealingnpcs.datc64,Tiny_8,52746045,616
79a0d0fd175e1888,heistrevealingnpcs.datcl64,Tiny_8,52746661,1060
bcc771d2fc458439,heistquestcontracts.datc64,Folders/data/1/korean.datc64,3891748,9574
fafed49a98675cc2,heistquestcontracts.datcl64,Folders/data/9/portuguese.datc64,1093795,9892
8442f6e996348ec1,heistpatrolpacks.datc64,Tiny_8,52744923,1122
1153b1aa6afc166d,heistpatrolpacks.datcl64,Tiny_8,52744923,1122
13cdec22fc78d31f,heistobjectivevaluedescriptions.datc64,Tiny_8,53185224,164
638ef61c20e20b45,heistobjectivevaluedescriptions.datcl64,Tiny_8,53185388,216
4a0ac04539cbfbab,heistobjectives.datc64,Tiny_8,53179642,2650
3342b9abbaed1e39,heistobjectives.datcl64,Tiny_8,53182292,2932
cd11d29eca2fa66b,heistnpcstats.datc64,Tiny_8,52735233,2712
fc1b9fd5ad442d62,heistnpcstats.datcl64,Tiny_8,52735233,2712
54dd408cb57633d1,heistnpcs.datc64,Folders/B/data.datc64,842875,9600
dbd082d16b3fde9b,heistnpcs.datcl64,Folders/F/data.datcl64,2017745,15372
07c09fe819714622,heistnpcdialogue.datc64,Folders/4/data.datc64,679195,29240
c86359f9e7f7f5e6,heistnpcdialogue.datcl64,Folders/4/data.datc64,679195,29240
e96f250223c800eb,heistnpcblueprinttypes.datc64,Tiny_8,52735121,112
75b323264f7a7d95,heistnpcblueprinttypes.datcl64,Tiny_8,52735121,112
adaf012519ff765a,heistnpcauras.datc64,Tiny_8,52734693,428
eb5254202e58d3e1,heistnpcauras.datcl64,Tiny_8,52734693,428
4385087b9c616c1a,heistlocktype.datc64,Tiny_8,52731543,1250
9a0a11d80766e429,heistlocktype.datcl64,Tiny_8,52732793,1900
0cff82a8c693ed39,heistjobsexperienceperlevel.datc64,Tiny_8,52729407,2136
6e2ddd15ebf80d36,heistjobsexperienceperlevel.datcl64,Tiny_8,52729407,2136
ab9d5e99b44f59d3,heistjobs.datc64,Folders/data/8/korean.datc64,1305849,7252
a72e9feb29348ada,heistjobs.datcl64,Folders/data/B/spanish.datcl64_1,41508,12944
6f6eb5c2224339ce,heistintroareas.datc64,Folders/7/data.datc64_1,0,66428
015916bdd16ad67a,heistintroareas.datcl64,Folders/D/data.datc64_1,1498803,114628
fa5f5387109f14eb,heistgeneration.datc64,Folders/B/data.datc64,828919,13956
fe9725f18de15022,heistgeneration.datcl64,Folders/B/data.datc64,828919,13956
5f1a36008b726cb1,heistequipment.datc64,Tiny_8,52727235,2172
c58b6246f0b0ca4d,heistequipment.datcl64,Tiny_8,52727235,2172
e464d8616d915b78,heistdoors.datc64,Tiny_8,52723629,3606
9f9369223dd54151,heistdoors.datcl64,Folders/0/data.datc64_1,1479035,4836
e6d206f29a01476d,heistdoodadnpcs.datc64,Folders/2/data.datc64,5301867,5180
7ecebfa3c8692929,heistdoodadnpcs.datcl64,Folders/2/data.datcl64,5334719,8112
4b809e64c0d9e1d3,heistcontracts.datc64,Tiny_8,52722069,1560
1940c00affdf330e,heistcontracts.datcl64,Tiny_8,52722069,1560
13a01eae3195dbd1,heistconstants.datc64,Tiny_8,52720731,482
70070459125c8f88,heistconstants.datcl64,Tiny_8,52721213,856
99bae31688efda76,heistchokepointformation.datc64,Folders/A/data.datc64,964212,7814
d798f2e734c72583,heistchokepointformation.datcl64,Folders/A/data.datc64,964212,7814
7afc5b0e28a39b56,heistchests.datc64,Folders/B/data.datc64,792547,36372
a05118db9b66ef35,heistchests.datcl64,Folders/B/data.datc64,792547,36372
c04379e69a93ad72,heistchestrewardtypes.datc64,Folders/data/6/russian.datc64,1668013,7696
798f8d8750fde23e,heistchestrewardtypes.datcl64,Folders/data/5/traditional chinese.datc64,2588627,11444
ded904f2c0b81de2,heistbalanceperlevel.datc64,Folders/E/data.datc64,1543015,13956
0e22395dca0e0c80,heistbalanceperlevel.datcl64,Folders/E/data.datc64,1543015,13956
58e805c1d3499db7,heistareas.datc64,Folders/A/data.datc64,949862,6242
d36ede9e32bc8bd2,heistareas.datcl64,Folders/B/data.datc64,3791417,7782
3b2798fb287d39f3,heistareaformationlayout.datc64,Tiny_8,52718889,1842
a1cd9bf16c08f0ee,heistareaformationlayout.datcl64,Tiny_8,52718889,1842
f2ec184073720e9c,harvestseeds.datc64,Folders/9/data.datc64,749525,11581
4b6cdc02cf114a1f,harvestseeds.datcl64,Folders/A/data.datcl64,3127036,17535
bfe9eeb57ff26bf8,harvestseeditems.datc64,Tiny_8,52718769,120
e445654e639674d6,harvestseeditems.datcl64,Tiny_8,52718769,120
9291740d12f4d3c8,harvestperlevelvalues.datc64,Folders/8/data.datc64,2232460,4812
654547ee7cc11b9c,harvestperlevelvalues.datcl64,Folders/8/data.datc64,2232460,4812
89a5ff6696c59882,harvestlifescalingperlevel.datc64,Tiny_8,51851684,812
01f112eadf5bf6ac,harvestlifescalingperlevel.datcl64,Tiny_8,51851684,812
3fa6a159af1e70e5,harvestinfrastructure.datc64,Tiny_8,52717379,510
943a6d1e7ebd929e,harvestinfrastructure.datcl64,Tiny_8,52717889,880
96840d5922358c01,harvestcrafttiers.datc64,Tiny_8,52713971,1188
e0cdea041542b2b1,harvestcrafttiers.datcl64,Tiny_8,52715159,2220
283738026cf8fa9d,harvestcraftoptions.datc64,Folders/data/B/korean.datc64,115000,59058
21a874c3f26c68fa,harvestcraftoptions.datcl64,Folders/data/1/spanish.datc64,823070,106728
6b2be8a7a4aa68b5,harvestcraftoptionicons.datc64,Tiny_8,52708547,1932
947b65c745e41ef8,harvestcraftoptionicons.datcl64,Tiny_8,52710479,3492
7fb7d8862a940e57,harvestcraftfilters.datc64,Tiny_8,53178684,390
93a1bbb130633cee,harvestcraftfilters.datcl64,Tiny_8,53179074,568
0cb883a69d1869bf,harvestcraftcostscalingbybasetype.datc64,Tiny_8,52706479,552
d676164bc2473ecc,harvestcraftcostscalingbybasetype.datcl64,Tiny_8,52706479,552
8cdae9c35f2432ab,hardmodeextracontentchancespermaptier.datc64,Tiny_8,52706127,352
d8e099043ca40623,hardmodeextracontentchancespermaptier.datcl64,Tiny_8,52706127,352
bc14b464e165b3b9,hardmodeextracontentchances.datc64,Folders/F/data.datc64,3770205,7144
6d435e5fc2670dc0,hardmodeextracontentchances.datcl64,Folders/6/minimap_6,580192,7726
ad9d4d589d7d8157,harbingers.datc64,Tiny_8,52705219,908
5d7bd49b9f475994,harbingers.datcl64,Tiny_8,52705219,908
21f351239cf5128c,groundeffecttypes.datc64,Tiny_8,52701587,3632
d1e32f079e4a99e1,groundeffecttypes.datcl64,Folders/8/data.datcl64,62862,4464
6319f99fed520923,groundeffects.datc64,Folders/E/data.datc64,1447752,95263
380f7c8e0053c0a8,groundeffects.datcl64,Folders/C/data.datcl64,7050123,141573
df4f6103055bea77,grantedeffectstatsetsperlevel.datc64,Folders/7/data.datc64,10113292,20270024
4726883173efd85e,grantedeffectstatsetsperlevel.datcl64,Folders/7/data.datc64,10113292,20270024
bc1a373fe9053f68,grantedeffectstatsets.datc64,Folders/3/data.datc64,303958,2358270
899b11d77f4a3e2b,grantedeffectstatsets.datcl64,Folders/5/data.datcl64,2523650,2980084
c09356433e712199,grantedeffectsperlevel.datc64,Folders/7/data.datc64,125200,9988092
93127afb09e10a6f,grantedeffectsperlevel.datcl64,Folders/7/data.datc64,125200,9988092
e84c9390eb6383e1,grantedeffects.datc64,Folders/F/data.datc64,105227,3664978
84b17eca1fd74a46,grantedeffects.datcl64,Folders/2/data.datcl64,1043301,4291418
452a75f8217a92d4,grantedeffectqualitystats.datc64,Folders/0/data.datc64,533608,96748
0ffd2567d7f86ca9,grantedeffectqualitystats.datcl64,Folders/0/data.datc64,533608,96748
d25154dfebb48932,grandmasters.datc64,Folders/D/data.datc64,1903205,197937
b83cc3345bab2e61,grandmasters.datcl64,Folders/C/data.datcl64,6715798,334325
971eb88e25d32a50,goldpricemultifromtag.datc64,Tiny_8,52700925,662
3be63dc1056275e5,goldpricemultifromtag.datcl64,Tiny_8,52700925,662
7a8f0ef50b916beb,goldpricefromitemlevel.datc64,Tiny_8,52699713,1212
f796f4aeefbcde06,goldpricefromitemlevel.datcl64,Tiny_8,52699713,1212
96821ec0c7986d86,goldmodprices.datc64,Tiny_8,51822149,12
bee75d61962b3e3f,goldmodprices.datcl64,Tiny_8,51822149,12
263a5387ea7e6f35,goldbasetypeprices.datc64,Tiny_8,52699601,112
1c3185294199ae41,goldbasetypeprices.datcl64,Tiny_8,52699601,112
3688297a8a7e7be6,globalaudioconfig.datc64,Tiny_8,52698531,406
1fa03f9c5af17d3c,globalaudioconfig.datcl64,Tiny_8,52698937,664
b6f6921884d3d9d7,giftwrapartvariations.datc64,Tiny_8,52697595,936
0a997e8b6b2aaf5f,giftwrapartvariations.datcl64,Tiny_8,52697595,936
ce4ed89666483d2f,geometrytrigger.datc64,Folders/3/data.datc64,192147,111811
8feda86b85c9a8b0,geometrytrigger.datcl64,Folders/3/data.datc64,192147,111811
739e8d6f2d570d88,geometryprojectiles.datc64,Folders/9/data.datc64,738413,11112
c760915a4e561800,geometryprojectiles.datcl64,Folders/9/data.datc64,738413,11112
24fb6f43f364a1fc,geometrychannel.datc64,Folders/7/data.datc64,117954,7246
8469d02c82d9521a,geometrychannel.datcl64,Folders/D/data,2647168,9758
5045c6083ef7b263,geometryattack.datc64,Folders/C/data.datc64,1928481,406720
4066e6c17a1c0a7d,geometryattack.datcl64,Folders/C/data.datc64,1928481,406720
ef8293b623b54a60,genericleaguerewardtypevisuals.datc64,Folders/data/B/korean.datc64,109956,5044
dd44c2fdc3c9c9f8,genericleaguerewardtypevisuals.datcl64,Folders/data/A/russian.datcl64_1,1358550,8256
f8ba964996114550,genericleaguerewardtypes.datc64,Tiny_8,52439258,2280
1b92738a7dd3af1d,genericleaguerewardtypes.datcl64,Tiny_8,52441538,3816
eaea22a85343de5e,genericbuffauras.datc64,Tiny_8,52436990,860
78d4d148305a1b0d,genericbuffauras.datcl64,Tiny_8,52437850,1408
ed8c55faa79278cc,gemtags.datc64,Folders/data/B/korean.datc64,104384,5572
01456b5bffb27364,gemtags.datcl64,Folders/data/C/korean.datcl64,1653285,6492
3fc34d92018066c1,gemeffects.datc64,Folders/data/5/traditional chinese.datcl64,473686,372840
9f2f04fbd04f1e63,gemeffects.datcl64,Folders/data/7/korean.datcl64,4895936,445448
c66906c94ffc261e,gamestats.datc64,Tiny_8,52436156,314
41e7d4fd21d1517d,gamestats.datcl64,Tiny_8,52436470,520
70467f302704d3fd,gamepadtype.datc64,Tiny_8,52434162,726
841fbe5d498a82b2,gamepadtype.datcl64,Tiny_8,52434888,1268
2dc6ac1ebb29e7a9,gamepadthumbstick.datc64,Tiny_8,52433874,116
e1352f6d1240b881,gamepadthumbstick.datcl64,Tiny_8,52433990,172
36a28052acfdb0f3,gamepadbuttoncombination.datc64,Tiny_8,52430070,3804
8b5074975cf0fa41,gamepadbuttoncombination.datcl64,Folders/6/minimap_6,575188,5004
8a888873115c1d0c,gamepadbutton.datc64,Tiny_8,53173208,2264
e18174cb7868972b,gamepadbutton.datcl64,Tiny_8,53175472,3212
4e10eca4588e6104,gameobjecttasksfromstats.datc64,Tiny_8,52422488,2092
d3a24b98e609be12,gameobjecttasksfromstats.datcl64,Tiny_8,52422488,2092
599f0ace17ca1b6d,gameobjecttasks.datc64,Folders/metadata/enginegraphs_1,4257419,10262
f823f15ad318c5bb,gameobjecttasks.datcl64,Folders/metadata,489700,18032
fd69a835df323aac,gamelogos.datc64,Folders/2/data.datc64,5289573,7022
4089816be4ea0304,gamelogos.datcl64,Folders/5/data.datcl64,2511322,12328
d83e085f7435f019,gameconstants.datc64,Tiny_8,52419392,3096
d692e9d70fd765a7,gameconstants.datcl64,Folders/B/data.datc64,3786037,5380
b0b4a3ea576e2312,fragmentstashtablayout.datc64,Folders/B/data.datc64,731963,60584
d456c61bdb928c6f,fragmentstashtablayout.datcl64,Folders/2/data.datcl64,950065,93236
ae03d806c8e4c969,footstepaudio.datc64,Tiny_8,52157953,230
5d72a3e4dbcedb05,footstepaudio.datcl64,Tiny_8,52158183,336
96d5dd3cfa3bcc78,footprints.datc64,Folders/8/data.datc64,2148934,77624
d84dc5a1c0f8ed7d,footprints.datcl64,Folders/metadata,350812,138888
2d6bd2cc24f57239,flavourtext.datc64,Folders/data/E/traditional chinese.datcl64,646023,481336
e2ac3e8178b6c03b,flavourtext.datcl64,Folders/data/8/korean.datcl64,422160,882536
7cd3e228dc6b7959,flasks.datc64,Folders/E/data.datc64,1441280,6472
f733e4e199a4cb34,flasks.datcl64,Folders/A/data.datcl64,3119036,8000
a437ad5ac5006550,fixedmissions.datc64,Tiny_8,52157109,844
468d08a34e62400e,fixedmissions.datcl64,Tiny_8,52157109,844
958f18312e6ef2e0,fixedhideoutdoodadtypes.datc64,Tiny_8,52150671,3091
50e78bb9b641a351,fixedhideoutdoodadtypes.datcl64,Tiny_8,52153762,3347
f6a6e263c641bece,faridunwishfamilies.datc64,Tiny_8,52150359,120
d91530040a99b975,faridunwishfamilies.datcl64,Tiny_8,52150479,192
7fd8a2a4c3a1a91c,faridunwishes.datc64,Folders/data/1/korean.datc64,3844508,47240
1b16e23fc956295a,faridunwishes.datcl64,Folders/data/F/thai.datc64,2315561,68132
f870d93bcc7e6f21,faridunlifescalingperlevel.datc64,Tiny_8,52149547,812
98d53e324a736b9b,faridunlifescalingperlevel.datcl64,Tiny_8,52149547,812
79275565e0329ee6,extraterrainfeatures.datc64,Folders/2/data.datc64,5217447,19420
4354c9ad0e5c1599,extraterrainfeatures.datcl64,Folders/metadata,320520,30292
cf2491ad0e338dcf,explodingstormbuffs.datc64,Folders/6/data.datc64,441874,15220
760124bfba947c80,explodingstormbuffs.datcl64,Folders/1/data.datcl64,1146545,17462
642c0d13aaf2393a,experiencelevels.datc64,Tiny_8,52143723,2612
4c11bb894403d5b1,experiencelevels.datcl64,Tiny_8,52146335,3212
163ecef727f6b58c,expeditionterrainfeatures.datc64,Tiny_8,52137603,2926
566e4fb0639a53b1,expeditionterrainfeatures.datcl64,Tiny_8,52140529,3194
933fbd38aba73b77,expeditionstoragelayout.datc64,Tiny_8,52133694,3909
e2f8d5c143360885,expeditionstoragelayout.datcl64,Folders/8/minimap_5,1927536,6273
20a2530f2f19806b,expeditionstandalonelifescalingperlevel.datc64,Tiny_8,52132882,812
08e43c23ae434698,expeditionstandalonelifescalingperlevel.datcl64,Tiny_8,52132882,812
c45e5a01a0422ce7,expeditionrelics.datc64,Tiny_8,53169414,3794
bc3a227009fac09d,expeditionrelics.datcl64,Folders/data/D/korean.datcl64,2387504,6760
111c4183e470c62a,expeditionrelicmods.datc64,Folders/C/data.datc64,1920537,7944
bc33827d54b6813a,expeditionrelicmods.datcl64,Folders/C/data.datc64,1920537,7944
2ef8caf930f99304,expeditionnpcs.datc64,Tiny_8,52126742,1068
ed929aa8ce130032,expeditionnpcs.datcl64,Tiny_8,52127810,1116
41b6f112ccf727cc,expeditionmarkerscommon.datc64,Folders/metadata/enginegraphs_1,4252151,5268
4dfb8b1a3f6fa624,expeditionmarkerscommon.datcl64,Folders/D/data,2637292,9876
83c002592fdc89c9,expeditionfactions.datc64,Tiny_8,53164800,1718
b35507671db043c0,expeditionfactions.datcl64,Tiny_8,53166518,2896
4b7273eab04774ce,expeditiondeals.datc64,Folders/data/3/korean.datc64,38480,14526
10b000c16039ff78,expeditiondeals.datcl64,Folders/data/A/russian.datcl64_1,1337510,21040
f5b88f61dc5c2e88,expeditioncurrency.datc64,Tiny_8,52120924,844
9242bd38b2d4bfe8,expeditioncurrency.datcl64,Tiny_8,52120924,844
5b58c04b0273f0ee,expeditionbalanceperlevel.datc64,Folders/metadata/enginegraphs_1,4242677,9474
6d19f5eb8c7d9811,expeditionbalanceperlevel.datcl64,Folders/metadata/enginegraphs_1,4242677,9474
871ce8f4ea405511,expeditionareas.datc64,Tiny_8,52118500,2424
f8d8bafff958930c,expeditionareas.datcl64,Tiny_8,52118500,2424
e55bde837f866436,expandingpulse.datc64,Folders/6/data.datc64,437125,4749
b1ad4c6c77fdfada,expandingpulse.datcl64,Folders/8/minimap_5,1922233,5303
b7feaf0286be4466,executegeal.datc64,Folders/B/data.datc64,653146,78817
d900ae43697187db,executegeal.datcl64,Folders/4/data.datcl64,112764,116965
4e70d8f24332d1ec,evergreenachievements.datc64,Tiny_8,52116968,1532
df9a80a14f409851,evergreenachievements.datcl64,Tiny_8,52116968,1532
94ad3ec8bd3fadfb,eventcoins.datc64,Tiny_8,51822149,12
dafffcbf7edc1b2c,eventcoins.datcl64,Tiny_8,51822149,12
ff847ea81b060a49,essencetype.datc64,Tiny_8,52113430,1608
c0c87557a3a846f2,essencetype.datcl64,Tiny_8,52115038,1930
3948bd99ea21165b,essencestashtablayout.datc64,Folders/E/data.datc64,1426313,14967
391d5993d58b454d,essencestashtablayout.datcl64,Folders/B/data.datc64,3761456,24581
74ec071fd916422a,essences.datc64,Folders/5/data.datc64,93833,112358
58917bb91c034f2f,essences.datcl64,Folders/5/data.datc64,93833,112358
0e4ece0baa205425,environmenttransitions.datc64,Tiny_8,52111968,634
bb4e16d01d3c6e7e,environmenttransitions.datcl64,Tiny_8,52112602,828
37a7f072ecf77ad0,environments.datc64,Folders/B/data.datc64,305285,347861
1d3253f53c1d953f,environments.datcl64,Folders/2/data.datcl64,400220,523885
bcbf37f016f6028c,entityinfobarstyle.datc64,Folders/A/data.datc64,938136,11726
af8da944905cad15,entityinfobarstyle.datcl64,Folders/0/data.datc64_1,1457055,21980
00f8ba72a756b104,endlessledgechests.datc64,Tiny_8,52108612,3356
583c001857edda38,endlessledgechests.datcl64,Folders/D/data.datc64_1,1487611,4108
70ea803613d16709,eldermapbossoverride.datc64,Folders/3/data.datc64,181821,10326
c97be8171cce93bb,eldermapbossoverride.datcl64,Folders/A/data.datcl64,3107872,11164
6b19e40404dc3f76,elderguardians.datc64,Tiny_8,52107058,554
afb8564de160fa1b,elderguardians.datcl64,Tiny_8,52107612,1000
8b157ab2ea00825c,elderbossarenas.datc64,Tiny_8,52106614,444
e4cce617b57f22b2,elderbossarenas.datcl64,Tiny_8,52106614,444
cfee0db90a7f74d9,einharpackfallback.datc64,Tiny_8,52104570,2044
50f9664e52552217,einharpackfallback.datcl64,Tiny_8,52104570,2044
77dace5d26381586,einharmissions.datc64,Tiny_8,52103490,524
0838dec719fca1e9,einharmissions.datcl64,Tiny_8,52104014,556
52caa5c1ce563fd8,effectivenesscostconstants.datc64,Tiny_8,52103136,138
d73b17f09c2cb237,effectivenesscostconstants.datcl64,Tiny_8,52103274,216
c45beb676ab2b745,effectdrivenskill.datc64,Folders/A/data.datc64,927720,10416
1d78f1837a2fdaad,effectdrivenskill.datcl64,Folders/A/data.datc64,927720,10416
e15276371a772f5b,eclipsemods.datc64,Folders/F/data.datc64,96544,8683
55fca2042ad5b2f1,eclipsemods.datcl64,Folders/F/data.datcl64,625588,10205
300238e258cc0b6d,dynamiccraftingbenchtypes.datc64,Tiny_8,52101224,720
307277a25e4868a2,dynamiccraftingbenchtypes.datcl64,Tiny_8,52101944,1192
6c849f55245571f0,dropeffects.datc64,Tiny_8,52097114,1462
351b0b4508ca84c4,dropeffects.datcl64,Tiny_8,52098576,2648
42b8339b9799758c,dronetypes.datc64,Tiny_8,53162848,760
ce15ea49cc3deb3e,dronetypes.datcl64,Tiny_8,53163608,1192
70e67d8f6cb978b3,dronebasetypes.datc64,Tiny_8,52092126,2118
39b780751d4cf4f8,dronebasetypes.datcl64,Tiny_8,52092126,2118
1e8c4ad7f3e83e78,doors.datc64,Tiny_8,52089264,997
0bd837352a7fe107,doors.datcl64,Tiny_8,52090261,1865
7c88cb1011e265a5,divinationwindowvisuals.datc64,Tiny_8,52086376,1012
b6c05b0f31db3d98,divinationwindowvisuals.datcl64,Tiny_8,52087388,1876
56842b960ec7a995,divinationcardstashtablayout.datc64,Folders/6/data.datc64,428707,8418
b8d023b2de288b42,divinationcardstashtablayout.datcl64,Folders/6/data.datc64,428707,8418
1b706839f6a5f941,divinationcardart.datc64,Folders/D/data.datc64,1838795,64410
23b538d718bc03be,divinationcardart.datcl64,Folders/F/data.datcl64,521164,104424
4015a402787df9fc,divinationbufftemplates.datc64,Tiny_8,52085084,1292
495de5dbbacd190e,divinationbufftemplates.datcl64,Tiny_8,52085084,1292
6eb54bbd44955cd2,displayminionmonstertype.datc64,Tiny_8,52084452,632
8fc788702b8dcee8,displayminionmonstertype.datcl64,Tiny_8,52084452,632
f5b7b0fd63522fa2,displaycasetypes.datc64,Tiny_8,52081712,2740
086a551b1f1b9322,displaycasetypes.datcl64,Folders/0/data.datc64_1,1451939,5116
a95a61074b84ebd7,dialogueevent.datc64,Tiny_8,52079294,2418
1c8850fb81560adb,dialogueevent.datcl64,Folders/C/data.datcl64,6632618,4120
98e2ab2013c6d64e,descentstarterchest.datc64,Folders/metadata/enginegraphs_1,4229043,13634
0ddd4cb2cb95145b,descentstarterchest.datcl64,Folders/B/data.datc64,3745296,16160
13a49243b6364866,descentrewardchests.datc64,Folders/E/data.datc64,1358707,67606
e9eefaccf9c9dcee,descentrewardchests.datcl64,Folders/6/minimap_6,506896,68292
cc6d6fe071cb72d8,descentexiles.datc64,Tiny_8,52075354,3940
188a46312e39bbee,descentexiles.datcl64,Folders/C/data.datcl64,6627758,4860
1abab2ec98b9b411,descendancy.datc64,Folders/data/D/portuguese.datc64,2244745,6750
76f3647ed3302941,descendancy.datcl64,Folders/data/5/traditional chinese.datc64,2577351,11276
3bc0b3a1993756c7,delveupgrades.datc64,Folders/6/data.datc64,395531,33176
55294c3fbdb067cf,delveupgrades.datcl64,Folders/6/data.datc64,395531,33176
6e687d01aedfdba7,delvestashtablayout.datc64,Folders/E/data.datc64,1352366,6341
fb75e97e3eb4d73b,delvestashtablayout.datcl64,Folders/5/data.datcl64,2500807,10515
16e10e70a785a116,delverooms.datc64,Folders/9/data.datc64,685885,52528
cd61ee984b76c3d1,delverooms.datcl64,Folders/C/data.datcl64,6539866,87892
658bd4218eb1dfd9,delverobotvariations.datc64,Tiny_8,52074220,438
7373bad556e21010,delverobotvariations.datcl64,Tiny_8,52074658,696
ad8c2952f7340918,delverewardtierconstants.datc64,Tiny_8,52074108,112
e5edcb2cbfc7f71a,delverewardtierconstants.datcl64,Tiny_8,52074108,112
0bd14a306d5354c5,delveresourceperlevel.datc64,Tiny_8,52073304,804
23034420a0db91aa,delveresourceperlevel.datcl64,Tiny_8,52073304,804
3290bac2c61315c4,delvemonsterspawners.datc64,Folders/4/data.datc64,137326,142087
fff2b765e6b7f76e,delvemonsterspawners.datcl64,Folders/E/data.datcl64,1932834,175765
4abf79434c4c2a21,delvelevelscaling.datc64,Folders/2/data.datc64,4857435,360012
d47383730bace62d,delvelevelscaling.datcl64,Folders/2/data.datc64,4857435,360012
e2236b226107b499,delveflares.datc64,Tiny_8,52073164,140
4d0d516a3697bb68,delveflares.datcl64,Tiny_8,52073164,140
65c9776532c0d0cd,delvefeatures.datc64,Folders/data/4/traditional chinese.datcl64_1,2899689,68690
a98357a45cf8ff06,delvefeatures.datcl64,Folders/data/C/korean.datcl64,1569745,83540
8f43b28e60cf716a,delvedynamite.datc64,Tiny_8,52072752,412
e31d5321a3d78494,delvedynamite.datcl64,Tiny_8,52072752,412
e4fa8ed8da447275,delvecraftingtags.datc64,Tiny_8,53161682,542
61a043a718ce919f,delvecraftingtags.datcl64,Tiny_8,53162224,624
f549c2a5e2d3da3d,delvecraftingmodifiers.datc64,Folders/9/data.datc64,537574,148311
9b228c01142faabe,delvecraftingmodifiers.datcl64,Folders/9/data.datc64,537574,148311
3418dab2df70e99c,delvecraftingmodifierdescriptions.datc64,Folders/data/7/korean.datc64,2745738,6056
5257ba5036e31af6,delvecraftingmodifierdescriptions.datcl64,Folders/data/B/spanish.datcl64_1,31368,10140
fe4c82fdd47771ba,delvecatchupdepths.datc64,Tiny_8,52070282,812
fb653d7108ebd8d7,delvecatchupdepths.datcl64,Tiny_8,52070282,812
14ff31f5502a6c2d,delvebiomes.datc64,Folders/data/5/traditional chinese.datcl64,468544,5142
3f43c7c0c66864e3,delvebiomes.datcl64,Folders/data/7/korean.datcl64,4888754,7182
0818a2e496e64691,delveazuriteshop.datc64,Tiny_8,52069123,1159
cd7b1c0d6417221f,delveazuriteshop.datcl64,Tiny_8,52069123,1159
ba6876b25118e9ea,deliriumstashtablayout.datc64,Folders/metadata/enginegraphs_1,4224830,4213
acd42fe63707742d,deliriumstashtablayout.datcl64,Folders/5/data.datcl64,2493930,6877
ee516ad8798bced2,defaultmonsterstats.datc64,Folders/4/data.datc64,59106,7996
50a4a1b9be3b3160,defaultmonsterstats.datcl64,Folders/D/data.datc64_1,1479231,8380
5846085453b32d3b,daressopitfights.datc64,Tiny_8,52065247,1716
73c822fc1e7c3a6f,daressopitfights.datcl64,Tiny_8,52066963,2160
431182240c1d55ef,dances.datc64,Tiny_8,52065011,236
d044bdf3befd3c64,dances.datcl64,Tiny_8,52065011,236
b24a4319715cba75,damagewhenhiteffects.datc64,Tiny_8,52064735,276
4f1bbc0602066b89,damagewhenhiteffects.datcl64,Tiny_8,52064735,276
2d58247c36953d9e,damageparticleeffects.datc64,Folders/A/data.datc64,923048,4672
2bfa0644c0f7c8d3,damageparticleeffects.datcl64,Folders/4/data.datcl64,104932,7832
ea60c8b9afbe778d,damagehiteffects.datc64,Folders/6/data.datc64,389707,5824
11b8e69c6391f03d,damagehiteffects.datcl64,Folders/6/data.datc64,389707,5824
c739f328b4cdcda2,damageeffectvariations.datc64,Folders/F/data.datc64,62930,33614
4ccc6d494b15d840,damageeffectvariations.datcl64,Folders/E/data.datcl64,1883718,49116
49376a8e8a2a3025,daemonspawningdata.datc64,Folders/3/data.datc64,165649,8186
f25e036ab454ac1b,daemonspawningdata.datcl64,Folders/B/data.datc64,3734400,10896
a5c991863e397db5,customleagueroomreplacements.datc64,Folders/D/data.datc64,1827801,10994
7084d8a7f7f2a81e,customleagueroomreplacements.datcl64,Folders/5/data.datcl64,2472938,20992
6fd9e622c228f190,customleaguemonsterreplacements.datc64,Tiny_8,52063283,1452
121bb149fe925cae,customleaguemonsterreplacements.datcl64,Tiny_8,52063283,1452
05ec7dcdff2c3730,currencyuseeffects.datc64,Tiny_8,52060097,1466
cdc2fb8c1cafd36d,currencyuseeffects.datcl64,Tiny_8,52061563,1720
8e5d3320d6bea9df,currencystashtablayout.datc64,Folders/3/data.datc64,147031,18618
205126d86d728844,currencystashtablayout.datcl64,Folders/E/data.datcl64,1853596,30122
0f2e827cf9a329c7,currencyitems.datc64,Folders/data/D/portuguese.datc64,1700656,544089
049e57c854276797,currencyitems.datcl64,Folders/data/E/korean.datcl64,508844,680369
421abf75135a84a0,currencyexchangecategories.datc64,Folders/data/0/traditional chinese.datc64,3421078,7492
90965bcc5e01d33d,currencyexchangecategories.datcl64,Folders/data/2/traditional chinese.datcl64,4040199,12172
6ed57995dbc2948f,currencyexchange.datc64,Folders/A/data.datc64,253971,59036
674124571b2322ea,currencyexchange.datcl64,Folders/A/data.datc64,253971,59036
12ac2d5e700f7974,currencyapplymodealternativecurrency.datc64,Tiny_8,52059989,108
dd2eeee2a7aa8350,currencyapplymodealternativecurrency.datcl64,Tiny_8,52059989,108
79ba594ca2702526,crucibletags.datc64,Tiny_8,52059599,160
3989e1dd97775593,crucibletags.datcl64,Tiny_8,52059759,230
277a8c64bf0d7464,crucibleplayerclassoffsets.datc64,Tiny_8,52059419,180
32d7d28b4e2839a5,crucibleplayerclassoffsets.datcl64,Tiny_8,52059419,180
7f28e91065885672,cruciblelifescalingperlevel.datc64,Tiny_8,52058607,812
1892cbbcd35a7f9c,cruciblelifescalingperlevel.datcl64,Tiny_8,52058607,812
bb57c0a06c1e2bc8,crucibleendgamemonsterpacks.datc64,Tiny_8,52057339,584
f879f58f303c08ac,crucibleendgamemonsterpacks.datcl64,Tiny_8,52057923,684
c4a47067fb2c1da5,crucibledifficulty.datc64,Tiny_8,53161144,250
2b18d8ea87fbc511,crucibledifficulty.datcl64,Tiny_8,53161394,288
da90c20fbd27233c,craftingspreetype.datc64,Folders/data/2/spanish.datc64,843571,10420
f1eec0469c7c0b38,craftingspreetype.datcl64,Folders/data/E/korean.datcl64,495786,13058
94758192b9d1123e,craftingitemclasscategories.datc64,Tiny_8,53154770,2894
1799ff0aee87abc4,craftingitemclasscategories.datcl64,Tiny_8,53157664,3480
b26eb1b69473f2cf,craftingbenchtypes.datc64,Tiny_8,52050019,110
f87d34af5a248f2a,craftingbenchtypes.datcl64,Tiny_8,52050129,150
226eb7dabe52f4e6,craftingbenchspecificoptionid.datc64,Tiny_8,52049485,210
eecd4344ad242679,craftingbenchspecificoptionid.datcl64,Tiny_8,52049695,324
94431d781aa42f03,craftingbenchsortcategories.datc64,Tiny_8,52048123,593
97c2e4584551f36a,craftingbenchsortcategories.datcl64,Tiny_8,52048716,769
a25d469303ae0401,craftingbenchoptions.datc64,Folders/data/2/russian.datcl64_1,2259747,399422
c74b4607912e311e,craftingbenchoptions.datcl64,Folders/data/8/korean.datcl64,20236,401924
b4fc1c6fafa2329f,countdowntimers.datc64,Tiny_8,53153896,342
9a5bd12d928def22,countdowntimers.datcl64,Tiny_8,53154238,532
a8b008477b60060f,costtypes.datc64,Tiny_8,53151038,1146
5141f9cdea249b7a,costtypes.datcl64,Tiny_8,53152184,1712
3d70fd88b7151a66,cosmeticsequippanelmode.datc64,Tiny_8,52042809,376
06b68337ec1ba03b,cosmeticsequippanelmode.datcl64,Tiny_8,52043185,676
7b172493389421af,corpsetypetags.datc64,Tiny_8,53144846,2276
cba437c03c9619f2,corpsetypetags.datcl64,Tiny_8,53147122,3916
5f90757a52dfc6fe,corpsesinkvariations.datc64,Tiny_8,52034029,2438
a47b7247cea68a0b,corpsesinkvariations.datcl64,Folders/D/data.datc64_1,1475025,4206
ca2f86b1547a063c,coreleagues.datc64,Folders/A/data.datc64,246943,7028
9efa6bd078874750,coreleagues.datcl64,Folders/E/data.datcl64,1846152,7444
725de9e7e4016031,conditionalachievements.datc64,Tiny_8,52033777,252
f4b6b787d62e2a74,conditionalachievements.datcl64,Tiny_8,52033777,252
1829ced8beee24b7,componentcharges.datc64,Folders/E/data.datc64,1347464,4902
d0e13e172499eb74,componentcharges.datcl64,Folders/0/data.datc64_1,530586,8364
7d1ec1897f66a4a3,componentattributerequirements.datc64,Folders/B/data.datc64,198681,106604
18598771b503efdd,componentattributerequirements.datcl64,Folders/8/minimap_5,1729701,192532
627f1fabacc77dd3,completionnotification.datc64,Tiny_8,52032689,404
f204281a845c56ed,completionnotification.datcl64,Tiny_8,52033093,684
f99f01b3b324c1f2,commands.datc64,Folders/data/7/korean.datc64,2735860,9878
564a9995bbc67934,commands.datcl64,Folders/data/2/traditional chinese.datcl64,4023767,16432
26a0d4c13bc432ee,colours.datc64,Folders/D/data.datc64,1823257,4544
131758a5aa0a9e4c,colours.datcl64,Folders/C/data.datcl64,6525076,7340
0b0252ed2a91335c,cloneshot.datc64,Tiny_8,52031385,1304
eb2c6e7b2d6a6bdd,cloneshot.datcl64,Tiny_8,52031385,1304
c1b5d9e27d363fa5,clientstrings2.datc64,Folders/data/7/korean.datc64,2690582,45278
3b9f1f54a171966f,clientstrings2.datcl64,Folders/data/A/korean.datcl64,252415,76036
1f0329e9cab078fd,clientstrings.datc64,Folders/data/1/korean.datc64,2439706,1404802
b871f033e5c645f8,clientstrings.datcl64,Folders/data/D/korean.datcl64,72700,2314804
fd8d4d0ec0117534,clientleagueaction.datc64,Folders/3/data.datc64,134207,12824
4c239d3e6ac9a559,clientleagueaction.datcl64,Folders/D/data,2598408,23176
4b7a1b0ccdda3981,clientlakedifficulty.datc64,Tiny_8,52031085,300
201deef58fd97698,clientlakedifficulty.datcl64,Tiny_8,52031085,300
55393c95b0298355,chieftainlifescalingperlevel.datc64,Tiny_8,52030273,812
343770a0252a5568,chieftainlifescalingperlevel.datcl64,Tiny_8,52030273,812
a9bb913c39cf7912,chests.datc64,Folders/data/0/traditional chinese.datc64,2273620,1147458
c76417ebceef0f6c,chests.datcl64,Folders/data/C/korean.datcl64,116105,1453640
863f481094522d7e,chesteffects.datc64,Folders/E/data.datc64,165890,25534
855ace918f56292e,chesteffects.datcl64,Folders/metadata,276528,43992
726213af0bca6d30,chestclusters.datc64,Folders/0/data.datc64,516880,8694
cc6abf9d838c1daa,chestclusters.datcl64,Folders/E/data.datcl64,1835544,10608
97516ba625b88cf0,chaticons.datc64,Tiny_8,52026171,1458
3f1a670307d78af7,chaticons.datcl64,Tiny_8,52027629,2644
68d608aaa7d6ff98,chatcolours.datc64,Tiny_8,52025789,158
17ad6cd5c357e830,chatcolours.datcl64,Tiny_8,52025947,224
5fd5918c1ae3498f,charactertextaudio.datc64,Folders/data/2/spanish.datc64,577299,266272
833e42e21073ef53,charactertextaudio.datcl64,Folders/data/E/korean.datcl64,17714,478072
05b0fd5cc1f207cd,characterstartstateset.datc64,Tiny_8,52024433,512
a635994632764a0e,characterstartstateset.datcl64,Tiny_8,52024945,844
38c951a9e7861070,characterstartstates.datc64,Folders/data/8/korean.datc64,1271544,34305
6b5a92fd3a559ed5,characterstartstates.datcl64,Folders/data/D/korean.datcl64,32435,40265
c9a99554c6223abe,characterstartqueststate.datc64,Folders/2/data.datc64,4367659,87872
2ef37b461a1a5b54,characterstartqueststate.datcl64,Folders/B/data.datc64,3553128,88448
7238c89e80180df2,characters.datc64,Folders/data/C/russian.datc64,2062164,15324
a30d9af9d50ba405,characters.datcl64,Folders/data/9/portuguese.datc64,1068263,25532
99a88427227ceee0,characterpaneltabs.datc64,Tiny_8,53144066,328
96e7bc19c74d825f,characterpaneltabs.datcl64,Tiny_8,53144394,452
b95ee812d2b2bf9c,characterpanelstats.datc64,Folders/data/B/korean.datc64,17372,87012
cf5371163a028fe1,characterpanelstats.datcl64,Folders/data/7/korean.datcl64,4779090,109664
b2ed188b76c43f40,characterpaneldescriptionmodes.datc64,Tiny_8,53141086,1176
5e537e515d01a369,characterpaneldescriptionmodes.datcl64,Tiny_8,53142262,1804
5585ef5f453fb558,charactereventtextaudio.datc64,Folders/9/data.datc64,487242,50332
1d5f776cb6fba674,charactereventtextaudio.datcl64,Folders/9/data.datc64,487242,50332
80715528cdf26a78,characteraudioevents.datc64,Folders/F/data.datc64,18456,35246
5643292a73180ef6,characteraudioevents.datcl64,Folders/metadata,203382,43550
39a6a593bf8caf18,byocrafting.datc64,Folders/data/F/traditional chinese.datcl64,623586,8904
a1472de21fd03ad9,byocrafting.datcl64,Folders/data/5/traditional chinese.datc64,2562315,15036
63e5899b8971e228,builtinitemfilters.datc64,Tiny_8,52020135,172
566b79576905431b,builtinitemfilters.datcl64,Tiny_8,52020307,274
7261b4bbf76f9783,buffvisualsetentries.datc64,Tiny_8,52014711,2220
e2398aa89250820c,buffvisualsetentries.datcl64,Tiny_8,52016931,3204
3827a86efbc406fb,buffvisualsartvariations.datc64,Folders/2/data.datc64,4333437,34222
7fd56560e3fe05fa,buffvisualsartvariations.datcl64,Folders/2/data.datcl64,361500,38720
dbca911e8e29e8f2,buffvisuals.datc64,Folders/data/1/korean.datc64,1377016,1062690
730bf8728d18fe99,buffvisuals.datcl64,Folders/data/0/russian.datc64,2481269,1494128
4885fcc70eb107ff,buffvisualorbtypes.datc64,Tiny_8,52009425,2396
665f555f4261ac0d,buffvisualorbtypes.datcl64,Tiny_8,52011821,2890
a78b9e3d3f3ad334,buffvisualorbs.datc64,Folders/6/data.datc64,27551,30484
fdbaa342e6ee3384,buffvisualorbs.datcl64,Folders/8/data.datcl64,23126,39736
c2ef8d84bc30c303,buffvisualorbart.datc64,Folders/A/data.datc64,97102,50725
17e56c6a335bee0b,buffvisualorbart.datcl64,Folders/6/minimap_6,415523,61349
97e23e3bab241830,bufftemplates.datc64,Folders/8/data.datc64,201210,155888
4e76790b78ef3f96,bufftemplates.datcl64,Folders/F/data.datcl64,312380,195490
4a0cf0b42e3a32a4,buffdefinitions.datc64,Folders/data/8/korean.datc64,27940,1243604
725d11861216a9ed,buffdefinitions.datcl64,Folders/data/7/korean.datcl64,3296972,1482118
2c5dc947f0268de5,brequeltreeslots.datc64,Tiny_8,52009285,140
404111827bd5e1af,brequeltreeslots.datcl64,Tiny_8,52009285,140
7598779aa772643d,brequelpassivesubtrees.datc64,Tiny_8,52008613,308
17f6a5e84fe290e9,brequelpassivesubtrees.datcl64,Tiny_8,52008921,364
9943ca5fc8c4e570,brequellockerlayout.datc64,Tiny_8,53140892,86
35176069a20c72b3,brequellockerlayout.datcl64,Tiny_8,53140978,108
4e9f40f51bc470a8,brequelitemresourcevalues.datc64,Tiny_8,52007595,812
20b629f0d80ca3c3,brequelitemresourcevalues.datcl64,Tiny_8,52007595,812
1ef958d828bc7bf4,brequelgraftskillstats.datc64,Tiny_8,52004703,2892
2f176498753cee3c,brequelgraftskillstats.datcl64,Tiny_8,52004703,2892
1a782b42d98a50b2,brequelgrafts.datc64,Folders/metadata/enginegraphs_1,2883498,4524
5d6111b994f32738,brequelgrafts.datcl64,Folders/8/minimap_5,1147377,8172
3c2948f78c428349,brequelgraftgrantedskilllevels.datc64,Tiny_8,52004319,384
48da9320677764d7,brequelgraftgrantedskilllevels.datcl64,Tiny_8,52004319,384
8c1385f405321cd5,brequelfruittypes.datc64,Tiny_8,52004019,300
19bd6bd8a4124171,brequelfruittypes.datcl64,Tiny_8,52004019,300
e9e32f929b7a3433,brequelfruitrewardtypes.datc64,Tiny_8,53135400,2000
41d76f2a74ee095e,brequelfruitrewardtypes.datcl64,Tiny_8,53137400,3492
9659884f903e19f3,brequelfruitquests.datc64,Tiny_8,52000851,180
b694c4ff59870a45,brequelfruitquests.datcl64,Tiny_8,52000851,180
6a103f0072185bbe,brequelencounterskills.datc64,Tiny_8,53131826,3574
a58a96b448d7da43,brequelencounterskills.datcl64,Folders/data/B/spanish.datcl64_1,24952,6416
af5a70525005474a,breachlifescalingperlevel.datc64,Tiny_8,51996159,812
738d5a1fa06bb9d7,breachlifescalingperlevel.datcl64,Tiny_8,51996159,812
e500f239ebade9f3,breachbosslifescalingperlevel.datc64,Tiny_8,51995963,196
ad1ed2c0cecc1409,breachbosslifescalingperlevel.datcl64,Tiny_8,51995963,196
58b2e84af7bb294e,breachartvariations.datc64,Tiny_8,51994981,478
7a3e2d94da156920,breachartvariations.datcl64,Tiny_8,51995459,504
28f0e37c4f4f0e45,bosskillevent.datc64,Tiny_8,51987793,3168
e3a70c972610f346,bosskillevent.datcl64,Tiny_8,51990961,4020
5c5d06c7b3621c04,bloodtypes.datc64,Folders/2/data.datc64,4328299,5138
e565a46d67d5cbf1,bloodtypes.datcl64,Folders/metadata,192406,5500
a4fb2c8836616aa7,blighttowersperlevel.datc64,Tiny_8,51986417,1376
9d7e8444e42fbfb3,blighttowersperlevel.datcl64,Tiny_8,51986417,1376
cce91674b435ec3c,blighttowers.datc64,Folders/data/7/korean.datc64,2673957,16625
28a06b3b3bb1eaa3,blighttowers.datcl64,Folders/data/A/korean.datcl64,230020,22395
060e62ddf1f84a64,blighttowerauras.datc64,Tiny_8,51986045,372
9807d6216c02d3b8,blighttowerauras.datcl64,Tiny_8,51986045,372
f78f78beb8d056a9,blighttopologynodes.datc64,Folders/9/data.datc64,456740,30502
4263cc037a5c2b8d,blighttopologynodes.datcl64,Folders/2/data.datcl64,323496,38004
2f9c0a4bbe891df9,blighttopologies.datc64,Folders/F/data.datc64,0,6206
b83a3b3e6923b4c5,blighttopologies.datcl64,Folders/5/data.datcl64,2435839,8536
8997ffa4351cc7b2,blightstashtablayout.datc64,Tiny_8,51979313,2685
4bcfda03263860c6,blightstashtablayout.datcl64,Tiny_8,51981998,4047
1ebbc85a2a1ba52b,blightrewardtypes.datc64,Tiny_8,51975467,3846
1218c1f36488d50c,blightrewardtypes.datcl64,Folders/8/data.datcl64,9138,6960
b505c393cd9fb8ee,blightencounterwaves.datc64,Folders/5/data.datc64,9852,34352
8e40caf37bfa9167,blightencounterwaves.datcl64,Folders/2/data.datcl64,263268,60228
117e44cd225496c7,blightencountertypes.datc64,Tiny_8,51968985,2504
7ffba49e8de7d080,blightencountertypes.datcl64,Tiny_8,51971489,3978
15d2af10094c0f2f,blightedsporeauras.datc64,Tiny_8,51968389,596
0e18ba4186883b4a,blightedsporeauras.datcl64,Tiny_8,51968389,596
ebb038a0a2fcd679,blightcraftinguniques.datc64,Tiny_8,51968265,124
bf781c43b39604cc,blightcraftinguniques.datcl64,Tiny_8,51968265,124
facc9203e4730baf,blightcraftingtypes.datc64,Tiny_8,51967965,121
2bdec9431fd4ca48,blightcraftingtypes.datcl64,Tiny_8,51968086,179
73645883eff41a27,blightcraftingresults.datc64,Folders/2/data.datc64,4280631,47668
3ef7b88750ba2535,blightcraftingresults.datcl64,Folders/5/data.datcl64,2365771,70068
369f628baf4bc478,blightcraftingrecipes.datc64,Folders/B/data.datc64,116149,82532
dcd65e715e100c4e,blightcraftingrecipes.datcl64,Folders/4/data.datcl64,0,104932
df918f0dfaa5454d,blightcraftingitems.datc64,Tiny_8,53129342,1200
7e1ad507c4c0a3a0,blightcraftingitems.datcl64,Tiny_8,53130542,1284
62b0ae4931f1fb59,blightchesttypes.datc64,Tiny_8,51962927,2188
7bfbd9db79c7119e,blightchesttypes.datcl64,Tiny_8,51962927,2188
9df3a00a64caf1cf,blightbosslifescalingperlevel.datc64,Tiny_8,51962243,684
be3a3d30266f514e,blightbosslifescalingperlevel.datcl64,Tiny_8,51962243,684
1322a584192275b1,blightbalanceperlevel.datc64,Tiny_8,51960775,1468
54dfa682af54a102,blightbalanceperlevel.datcl64,Tiny_8,51960775,1468
113b842b66a8afaa,bindablevirtualkeys.datc64,Tiny_8,53122746,2972
11ddbd99b16a25ed,bindablevirtualkeys.datcl64,Tiny_8,53125718,3624
ed43a21106cee084,beyondfactions.datc64,Tiny_8,51953395,220
fe960821fbc2e22e,beyondfactions.datcl64,Tiny_8,51953615,248
83c5461910ce2166,betrayalwalllifescalingperlevel.datc64,Tiny_8,51952943,452
a2ba9731cb844ad3,betrayalwalllifescalingperlevel.datcl64,Tiny_8,51952943,452
1f39e73766a9a658,betrayalupgrades.datc64,Folders/data/B/korean.datc64,0,17372
6bb34820f9e1ad73,betrayalupgrades.datcl64,Folders/data/1/spanish.datc64,796706,26364
cb2e2d05abe58c49,betrayaltraitorrewards.datc64,Folders/data/2/spanish.datc64,560383,16916
fa58e5f6b1ee153f,betrayaltraitorrewards.datcl64,Folders/data/8/korean.datcl64,0,20236
b6fa9b1bcc83bc62,betrayaltargets.datc64,Folders/data/8/korean.datc64,18264,9676
75c99ab6b337e106,betrayaltargets.datcl64,Folders/data/C/korean.datcl64,100955,15150
8a253539ac60e5ce,betrayaltargetlifescalingperlevel.datc64,Tiny_8,51952491,452
89777fcb83891847,betrayaltargetlifescalingperlevel.datcl64,Tiny_8,51952491,452
908ed5ccdbcaa5f6,betrayaltargetjobachievements.datc64,Tiny_8,51951519,972
8d6d6028feeb43f3,betrayaltargetjobachievements.datcl64,Tiny_8,51951519,972
f7e64134aaea3cd8,betrayalrelationshipstate.datc64,Tiny_8,53122422,136
275c50e33386bd91,betrayalrelationshipstate.datcl64,Tiny_8,53122558,188
c2e08c3a3fa10d2d,betrayalranks.datc64,Tiny_8,53121048,514
17d4e39d96d5c2ee,betrayalranks.datcl64,Tiny_8,53121562,860
b2bce36592292cf2,betrayaljobs.datc64,Tiny_8,53116770,1698
c279c0d160abdb0d,betrayaljobs.datcl64,Tiny_8,53118468,2580
8c99e0252b78c90c,betrayalforts.datc64,Tiny_8,51944831,194
95df7abce3254c50,betrayalforts.datcl64,Tiny_8,51945025,256
efa4f2521a9c02aa,betrayaldialogue.datc64,Folders/0/data.datc64,63376,453504
97fffe308d58c12e,betrayaldialogue.datcl64,Folders/0/data.datc64,63376,453504
3b6223c8723c0bec,betrayalchoices.datc64,Tiny_8,53115986,344
25d315571d3d4e46,betrayalchoices.datcl64,Tiny_8,53116330,440
cc6878ee5df3984d,betrayalchoiceactions.datc64,Tiny_8,51939475,1928
197c9174fb6972b2,betrayalchoiceactions.datcl64,Tiny_8,51941403,2744
ffbc4380aecbb5b1,bestiaryrecipes.datc64,Folders/data/F/traditional chinese.datcl64,594518,29068
09007f44a5a46578,bestiaryrecipes.datcl64,Folders/data/C/korean.datcl64,61847,39108
a15bc49487bb3e5e,bestiaryrecipecomponent.datc64,Folders/B/data.datc64,85361,30788
36fc6a9de68cab7d,bestiaryrecipecomponent.datcl64,Folders/2/data.datcl64,223544,39724
b65cde71f062becb,bestiaryrecipecategories.datc64,Tiny_8,53112140,1446
33b4176e60a7e38d,bestiaryrecipecategories.datcl64,Tiny_8,53113586,2400
7d1bef7378a91a46,bestiarynets.datc64,Tiny_8,51933930,463
9371832a21bfe1cd,bestiarynets.datcl64,Tiny_8,51933930,463
21a013b963b014d2,bestiarygroups.datc64,Folders/data/D/portuguese.datc64,1692720,7936
0d5b41b8f32b158e,bestiarygroups.datcl64,Folders/data/2/traditional chinese.datcl64,4009155,14612
bbd4f6b05200d399,bestiarygenus.datc64,Folders/data/2/spanish.datc64,554749,5634
bb1aa7962b920894,bestiarygenus.datcl64,Folders/data/E/korean.datcl64,8902,8812
a97c72b63279d54b,bestiaryfamilies.datc64,Tiny_8,53108851,3289
4622f14f53ec66cf,bestiaryfamilies.datcl64,Folders/data/0/russian.datc64,2475696,5573
7bc4f1092eaae47b,bestiaryencounters.datc64,Folders/A/data.datc64,85618,11484
7e7671d5b73f7f44,bestiaryencounters.datcl64,Folders/5/data.datcl64,2346323,19448
c0e6d430bbfa1539,bestiarycapturablemonsters.datc64,Folders/A/data.datc64,12720,72898
c78825718a1e59c0,bestiarycapturablemonsters.datcl64,Folders/2/data.datcl64,132156,91388
4b9de2986f592ace,battlepasstracks.datc64,Tiny_8,53108467,164
84a4a9f84825b299,battlepasstracks.datcl64,Tiny_8,53108631,220
cb6e0df2e74e3955,battlepassrewards.datc64,Folders/data/6/russian.datc64,1628831,39182
aff824ed3461b487,battlepassrewards.datcl64,Folders/data/7/korean.datcl64,3245476,51496
4fc0c79785d1e913,battlepasses.datc64,Tiny_8,53104755,3712
8337f6b146aec88f,battlepasses.datcl64,Folders/data/9/portuguese.datc64,1061579,6684
6977717c3c38719e,baseitemtypes.datc64,Folders/data/7/korean.datc64,26825,2647132
93372df19b80f629,baseitemtypes.datcl64,Folders/data/7/korean.datcl64,29368,3216108
8beb55d27d46c11b,backenderrors.datc64,Folders/data/6/russian.datc64,1540455,88376
ea43c8fb8ea4e7e3,backenderrors.datcl64,Folders/data/F/thai.datc64,2155901,159660
202d9df407b7991f,azmeriwoodsdusttype.datc64,Tiny_8,53100945,1418
ec00644956f73963,azmeriwoodsdusttype.datcl64,Tiny_8,53102363,2392
e47f1914c2813827,azmerilifescalingperlevel.datc64,Tiny_8,51919561,812
8e98de4b1311635c,azmerilifescalingperlevel.datcl64,Tiny_8,51919561,812
669df6829132af61,azmerifeaturerooms.datc64,Folders/4/data.datc64,47973,11133
739171fa6d3341ec,azmerifeaturerooms.datcl64,Folders/2/data.datcl64,105725,19759
0d92f8a35e908d97,azmericounterquests.datc64,Tiny_8,51918805,320
cf506c94d957fd7e,azmericounterquests.datcl64,Tiny_8,51919125,436
977472184c3bd1ea,awarddisplay.datc64,Folders/data/9/korean.datc64,60330,11615
ca3a48983f5f9c6a,awarddisplay.datcl64,Folders/data/D/korean.datcl64,13832,18603
ede79b929c8c8226,atlasvoidstoneslots.datc64,Tiny_8,53098375,2570
b0ae3bc60ecfebc7,atlasvoidstoneslots.datcl64,Folders/data/E/korean.datcl64,4366,4536
68a57aafc1b2241e,atlasubermonsterlifescalingperlevel.datc64,Tiny_8,51915285,812
8a5c3b5ffb80b115,atlasubermonsterlifescalingperlevel.datcl64,Tiny_8,51915285,812
4cac12ed8e1d0270,atlastrees.datc64,Tiny_8,53097301,406
94405219dd136638,atlastrees.datcl64,Tiny_8,53097707,668
47c7476c9356dc12,atlasregions.datc64,Tiny_8,51913119,324
d73d0f371f147bec,atlasregions.datcl64,Tiny_8,51913443,396
12476f4b49daa0e0,atlasprimordialbossoptions.datc64,Tiny_8,53093241,4060
26be24a8290a6904,atlasprimordialbossoptions.datcl64,Folders/data/F/thai.datc64,2148349,7552
c52b21d2667bff4a,atlasprimordialbossinfluence.datc64,Tiny_8,51911883,1236
9cff6f1d7471e668,atlasprimordialbossinfluence.datcl64,Tiny_8,51911883,1236
d546486ecffe75b9,atlasprimordialbosses.datc64,Tiny_8,51910993,426
9377668d61ed952a,atlasprimordialbosses.datcl64,Tiny_8,51911419,464
10dfd66294ec340d,atlasprimordialaltarchoicetypes.datc64,Tiny_8,53087745,1908
b33f225748868e96,atlasprimordialaltarchoicetypes.datcl64,Tiny_8,53089653,3588
ef62877d5280fb73,atlasprimordialaltarchoices.datc64,Folders/B/data.datc64,32352,8757
ab4294ae690c0ec8,atlasprimordialaltarchoices.datcl64,Folders/B/data.datc64,32352,8757
687ac8f5bc2b1093,atlaspositions.datc64,Tiny_8,51904923,460
8273bf51c4c5d479,atlaspositions.datcl64,Tiny_8,51904923,460
64d42980260a5b74,atlaspassiveskilltreegrouptype.datc64,Tiny_8,51902199,1072
8c131f8f5ef0a0c4,atlaspassiveskilltreegrouptype.datcl64,Tiny_8,51903271,1652
c961a7a298fe0942,atlasnodedefinition.datc64,Folders/D/data.datc64,1766265,56992
1c25cbab353cdbdb,atlasnodedefinition.datcl64,Folders/2/data.datcl64,23395,82330
0e4b7e5e3acdc369,atlasnode.datc64,Folders/7/data.datc64,0,88220
406f8c2c344565e0,atlasnode.datcl64,Folders/8/minimap_5,1036387,110990
51abe859d7b4c322,atlasmods.datc64,Tiny_8,51899367,2832
3dab512fb5e52cf8,atlasmods.datcl64,Tiny_8,51899367,2832
5f2e61e01d26d374,atlasmissiontypes.datc64,Tiny_8,51895379,1916
b76009fe9531bdc2,atlasmissiontypes.datcl64,Tiny_8,51897295,2072
15fb3fb7716232b2,atlasmemoryline.datc64,Folders/D/data.datc64,1756069,10196
23dce4ec2c509f5f,atlasmemoryline.datcl64,Folders/5/data.datcl64,2327307,19016
50e2c94b67687ff5,atlasinfluencesets.datc64,Tiny_8,51889443,2540
f8439d8046486ec3,atlasinfluencesets.datcl64,Tiny_8,51891983,3396
a1c14301c1138e95,atlasinfluenceoutcomes.datc64,Tiny_8,51882871,2508
0699e5f9ce786d34,atlasinfluenceoutcomes.datcl64,Tiny_8,51885379,4064
922128a3297a125f,atlasinfluencedata.datc64,Folders/5/data.datc64,0,9852
db3380355c7a2853,atlasinfluencedata.datcl64,Folders/5/data.datc64,0,9852
1411c6515415d1cc,atlasfog.datc64,Tiny_8,51882843,28
fce69be90527df2e,atlasfog.datcl64,Tiny_8,51882843,28
c03d65c42dd52e4d,atlasexiles.datc64,Tiny_8,51880127,984
085cfb3cd06c2416,atlasexiles.datcl64,Tiny_8,51881111,1732
ae07db2c59ff9ed6,atlasexileinfluence.datc64,Tiny_8,51879731,396
d1bac34f2bda8eec,atlasexileinfluence.datcl64,Tiny_8,51879731,396
2f28a7f05294714a,atlasexilebossarenas.datc64,Tiny_8,51879591,140
2061580aaff66d49,atlasexilebossarenas.datcl64,Tiny_8,51879591,140
38891f44d098b07a,ascendancy.datc64,Folders/data/E/traditional chinese.datcl64,628483,17540
9c0b47a183487ce2,ascendancy.datcl64,Folders/data/6/portuguese.datcl64_1,405800,31452
055505f22ebc7b5c,armourtypes.datc64,Folders/8/data.datc64,131366,28872
c46d893b5994fdd0,armourtypes.datcl64,Folders/8/data.datc64,131366,28872
09f175a72d62acda,areatransitioninfo.datc64,Tiny_8,51879335,256
f3cdb5dc7e468dfa,areatransitioninfo.datcl64,Tiny_8,51879335,256
9fca47fe060a3910,areatransitionanimationtypes.datc64,Tiny_8,51879209,54
3e8a7bed750c1274,areatransitionanimationtypes.datcl64,Tiny_8,51879263,72
c9b4cba4b5b75745,areatransitionanimations.datc64,Tiny_8,51878171,398
d094da8616c63dd5,areatransitionanimations.datcl64,Tiny_8,51878569,640
922ccef56a881af5,areainfluencedoodads.datc64,Folders/B/data.datc64,21048,11304
ca609677ebd35218,areainfluencedoodads.datcl64,Folders/D/data.datc64_1,1314995,21330
c33d271ac65d7939,archnemesisrecipes.datc64,Tiny_8,51875375,2796
079bd1d1ccad018a,archnemesisrecipes.datcl64,Tiny_8,51875375,2796
32924a932a1df594,archnemesismodvisuals.datc64,Folders/9/data.datc64,440930,9540
1865756d2c522aca,archnemesismodvisuals.datcl64,Folders/0/data.datc64_1,519742,10844
7344f716384028e7,archnemesismods.datc64,Folders/data/7/korean.datc64,8468,18357
3ef9f1ac9641d3b0,archnemesismods.datcl64,Folders/data/C/korean.datcl64,39432,22415
18b886ed1de7cdfb,archnemesismodcomboachievements.datc64,Tiny_8,51874787,588
1bbab34ee587ae23,archnemesismodcomboachievements.datcl64,Tiny_8,51874787,588
2d9f0463d8ac740e,archnemesismetarewards.datc64,Tiny_8,53083617,1552
68dbc7b739d83656,archnemesismetarewards.datcl64,Tiny_8,53085169,2576
2ffcdd43c2b7d720,architectlifescalingperlevel.datc64,Tiny_8,51868785,356
e4506475c72d0b84,architectlifescalingperlevel.datcl64,Tiny_8,51868785,356
9ccfffc96f408e15,archetypes.datc64,Folders/data/C/russian.datc64,1944252,117912
b317c76e4705c0a7,archetypes.datcl64,Folders/data/A/korean.datcl64,5452,224568
2d9d090fc3e501c5,archetyperewards.datc64,Folders/D/data.datc64,1670997,85072
1585a3addaa7a358,archetyperewards.datcl64,Folders/0/data.datc64_1,385559,105432
48f2391277dd63d2,applydamagefunctions.datc64,Tiny_8,51866385,969
c42e760f931dbae2,applydamagefunctions.datcl64,Tiny_8,51867354,1431
6fe4535960250a74,animation.datc64,Folders/9/data.datc64,422230,18700
ff6cb513eba7a792,animation.datcl64,Folders/metadata,148311,23132
43b4e92123894261,animateweaponuniques.datc64,Folders/8/data.datc64,121300,10066
e4060a9a4173044a,animateweaponuniques.datcl64,Folders/5/data.datcl64,2313331,13976
cdb6b7a55b7d59c3,animatedobjectflags.datc64,Folders/9/data.datc64,417412,4818
4c1e15e0d94c3642,animatedobjectflags.datcl64,Folders/8/data.datcl64,0,9138
99dba5cf0360d9e6,ancestraltrialunits.datc64,Folders/data/3/korean.datc64,0,38480
6f2b5f32e6340a6c,ancestraltrialunits.datcl64,Folders/data/A/russian.datcl64_1,1268198,69312
59d3ac5aa4733cee,ancestraltrialunitpositions.datc64,Tiny_8,51865201,492
c07c167a05ef8c89,ancestraltrialunitpositions.datcl64,Tiny_8,51865693,692
5ef066abc64a2cb3,ancestraltrialtribes.datc64,Folders/data/7/korean.datc64,0,8468
1ff240f6e9938530,ancestraltrialtribes.datcl64,Folders/data/D/korean.datcl64,0,13832
8ccfc5c8245d5b4b,ancestraltrialtribeopinions.datc64,Tiny_8,51861949,3252
0fd22bea8ae9f24a,ancestraltrialtribeopinions.datcl64,Tiny_8,51861949,3252
5148819bbc038243,ancestraltrialshopslotentries.datc64,Tiny_8,51861804,145
47da77db770ef72b,ancestraltrialshopslotentries.datcl64,Tiny_8,51861804,145
a248e1b9822a828d,ancestraltrialpositiontype.datc64,Tiny_8,53080741,2876
89fad94817174c2c,ancestraltrialpositiontype.datcl64,Folders/data/A/korean.datcl64,0,5452
5f436b46005cf852,ancestraltrialmonsters.datc64,Tiny_8,51854994,3924
0b0dabb9dfe193d9,ancestraltrialmonsters.datcl64,Tiny_8,51854994,3924
3b2244fa6cc68dff,ancestraltrialitems.datc64,Folders/data/8/korean.datc64,0,18264
54c14f64a59f3bed,ancestraltrialitems.datcl64,Folders/data/7/korean.datcl64,0,29368
74c798b1ef784624,ancestraltrialfielditems.datc64,Folders/data/9/korean.datc64,55424,4906
aede4e5a025b292e,ancestraltrialfielditems.datcl64,Folders/data/9/portuguese.datc64,1054755,6824
f72a47517e0e25fc,ancestraltrialdialogueevents.datc64,Tiny_8,51852828,806
552d93622eb4845a,ancestraltrialdialogueevents.datcl64,Tiny_8,51853634,1360
20cf3b15c7ecaa34,ancestraltrialdialogue.datc64,Folders/8/data.datc64,29658,91642
ed8fd87bb86cf690,ancestraltrialdialogue.datcl64,Folders/8/data.datc64,29658,91642
830872d5604539e4,ancestraltrialchieftains.datc64,Tiny_8,51852496,332
e308e27c97f54d4a,ancestraltrialchieftains.datcl64,Tiny_8,51852496,332
fd096a69b48497d8,ancestrallifescalingperlevel.datc64,Tiny_8,51851684,812
203b68268eb0de6d,ancestrallifescalingperlevel.datcl64,Tiny_8,51851684,812
da9fac074034e36e,ancestralembracevariations.datc64,Tiny_8,51850402,578
ffb5f452af4468ed,ancestralembracevariations.datcl64,Tiny_8,51850980,704
028bf0b31272900f,alternatetreeversions.datc64,Tiny_8,51849526,394
2f84961f9b222e35,alternatetreeversions.datcl64,Tiny_8,51849920,482
c97712e2fbdcd0e3,alternatetreeart.datc64,Tiny_8,51846596,2930
dfaba0a567632b7c,alternatetreeart.datcl64,Folders/D/data.datc64_1,1309507,5488
9f1ffdb970fbd968,alternateskilltargetingbehaviours.datc64,Tiny_8,51844194,982
b9e4c87bf90668ed,alternateskilltargetingbehaviours.datcl64,Tiny_8,51845176,1420
e76863d102c40f4a,alternatequalitytypes.datc64,Tiny_8,53077649,3092
3e975144e9a8adb0,alternatequalitytypes.datcl64,Folders/data/E/korean.datcl64,0,4366
8412cb028e204ef7,alternatepassiveskills.datc64,Folders/data/C/russian.datc64,1891158,53094
8826aca5d01f9ffe,alternatepassiveskills.datcl64,Folders/data/9/portuguese.datc64,985475,69280
02912b57f1d88c15,alternatepassiveadditions.datc64,Folders/4/data.datc64,10180,16268
0e93fbe034f9e22d,alternatepassiveadditions.datcl64,Folders/D/data.datc64_1,1208783,21772
74b02b267f0c9562,afflictionstartdialogue.datc64,Tiny_8,51836962,3676
436062ebdbb768fa,afflictionstartdialogue.datcl64,Tiny_8,51836962,3676
2c2d7492dffd8d70,afflictionsplitdemons.datc64,Tiny_8,51836086,876
2b5778fa12559857,afflictionsplitdemons.datcl64,Tiny_8,51836086,876
4527c83afc5a5f24,afflictionrewardtypevisuals.datc64,Tiny_8,53072791,1894
5781d7705ad6fda1,afflictionrewardtypevisuals.datcl64,Tiny_8,53074685,2964
411f3f236609e789,afflictionrewardmapmods.datc64,Tiny_8,51830241,165
f3c239dfa889b045,afflictionrewardmapmods.datcl64,Tiny_8,51830241,165
72ac2b762997a6f1,afflictionrandommodcategories.datc64,Tiny_8,51828995,454
a84723092dcde840,afflictionrandommodcategories.datcl64,Tiny_8,51829449,792
8b568a122f2dc478,afflictionfixedmods.datc64,Tiny_8,51828839,156
a4b03a5469b44bb1,afflictionfixedmods.datcl64,Tiny_8,51828839,156
035146d26deffb8e,afflictionendgamewavemods.datc64,Tiny_8,51825999,2840
04de8743256f452c,afflictionendgamewavemods.datcl64,Tiny_8,51825999,2840
98e5fa400c6c6d0d,afflictiondustedmonstercurrencydropweightingbyitemrarity.datc64,Tiny_8,51825907,92
e3cbcbd0fac04cd7,afflictiondustedmonstercurrencydropweightingbyitemrarity.datcl64,Tiny_8,51825907,92
feb0d4beebb81044,afflictionbalanceperlevel.datc64,Tiny_8,51825295,612
2a9d5d36b3b99b8b,afflictionbalanceperlevel.datcl64,Tiny_8,51825295,612
ed7fcb8a1ce06707,aegisvariations.datc64,Tiny_8,51823835,690
ded931d122da1346,aegisvariations.datcl64,Tiny_8,51824525,770
39e725f852af86b2,advancedskillstutorial.datc64,Folders/data/6/russian.datc64,1516557,23898
ef38b2cd91bbe899,advancedskillstutorial.datcl64,Folders/data/C/korean.datcl64,0,39432
6daac92b2b1a1b1c,additionalmonstersfrommapstats.datc64,Tiny_8,51822161,1674
8925664485a3bc53,additionalmonstersfrommapstats.datcl64,Tiny_8,51822161,1674
96f6e88f84b25174,additionalmonsterpacksfromstats.datc64,Folders/A/data.datc64,0,8600
3769a7f9d4b1c11d,additionalmonsterpacksfromstats.datcl64,Folders/A/data.datc64,0,8600
acac710d2a87ffe6,additionallifescalingperlevel.datc64,Tiny_8,51822149,12
2ff6eafd6781b313,additionallifescalingperlevel.datcl64,Tiny_8,51822149,12
74ef3ca3a661399e,additionallifescaling.datc64,Folders/2/data.datc64,1537172,4107
27e2cefe2334d12c,additionallifescaling.datcl64,Folders/metadata,140834,7477
584dfbff3d4729de,addbufftotargetvarieties.datc64,Folders/4/data.datc64,0,10180
53fc390ce5919f97,addbufftotargetvarieties.datcl64,Folders/4/data.datc64,0,10180
59e45206ac00ca96,acts.datc64,Tiny_8,53066435,2552
0638e26208486886,acts.datcl64,Tiny_8,53068987,3804
18bcc792714ffb8d,activeskilltype.datc64,Folders/C/data.datc64,0,6968
1fa1e18d5bf82c5c,activeskilltype.datcl64,Folders/F/data.datcl64,105364,10284
eaddf22839d2de4c,activeskills.datc64,Folders/data/D/portuguese.datc64,198333,1494387
f8a72aa86dbc0f8e,activeskills.datcl64,Folders/data/5/traditional chinese.datc64,712776,1849539
d8021363a10ecd2e,activeskillrequirements.datc64,Tiny_8,51814912,815
5e805a7a57ab05bf,activeskillrequirements.datcl64,Tiny_8,51814912,815
f5c196a54084a653,activeskillrequirementicons.datc64,Tiny_8,51813118,634
0244a9ae68be5ed9,activeskillrequirementicons.datcl64,Tiny_8,51813752,1160
9c6fb084ac0d8ce7,activesettings.datc64,Tiny_8,51811308,842
245a9fbbc8cd7407,activesettings.datcl64,Tiny_8,51812150,968
76059dc9b7b2df60,actiontypes.datc64,Folders/0/data.datc64,0,63376
23cf50f08bdf335e,actiontypes.datcl64,Folders/F/data.datcl64,0,105364
abf071d308e1221f,achievementsetsdisplay.datc64,Tiny_8,53064605,902
20da287ca1de8e5b,achievementsetsdisplay.datcl64,Tiny_8,53065507,928
b79e2915e708a84a,achievementsetrewards.datc64,Folders/data/9/korean.datc64,0,55424
d2024b3fe57d1b47,achievementsetrewards.datcl64,Folders/data/6/portuguese.datcl64_1,319896,85904
b438a0b03baf606c,achievements.datc64,Folders/data/4/traditional chinese.datcl64_1,2580441,319248
01ca985b8e96490d,achievements.datcl64,Folders/data/1/spanish.datc64,299694,497012
579346d0d987b035,achievementitems.datc64,Folders/data/1/korean.datc64,0,1377016
aac10a1db01cd79c,achievementitems.datcl64,Folders/data/2/traditional chinese.datcl64,1875359,2133796
f915ebc5cc50394c,achievementitemrewards.datc64,Tiny_8,53063477,436
9dc9183c10e20876,achievementitemrewards.datcl64,Tiny_8,53063913,692
5460bdd9eb9777a8,abyssobjects.datc64,Folders/6/data.datc64,0,19065
30bedc4b4b98c2ed,abyssobjects.datcl64,Folders/2/data.datcl64,0,23395
ea1d90937f224979,abyssbosslifescalingperlevel.datc64,Tiny_8,51807734,196
ef480792451905d9,abyssbosslifescalingperlevel.datcl64,Tiny_8,51807734,196
