hash,file,bundle,offset,size
db330b2f3ebbf23d,fallenstartown_c9r3.tgm,Streaming/Content/data/balance/worldareas/86/mapuberboss_fallenstar.vworld,3194652,16855
f63567fc30e4e7a4,fallenstartown_c9r3.tgm.header,Tiny.V3,26921717,264
1fe38d200df65f83,fallenstartown_c9r4.tgm,Streaming/Content/data/balance/worldareas/76/mapuberboss_fallenstar.vworld,4357472,16975
c2b155c411e33bb2,fallenstartown_c9r4.tgm.header,Tiny.V0,27413637,264
bd67f5154d671ec2,fallenstartown_c9r5.tgm,Streaming/Content/data/balance/worldareas/CC/mapuberboss_fallenstar.vworld,841479,16315
0725334f7e4d7b68,fallenstartown_c9r5.tgm.header,Tiny.V9,27607196,264
509fe9706177c9d8,fallenstartown_c9r6.tgm,Streaming/Content/data/balance/worldareas/51/g3_2_1.vworld,401911,16261
27d0de5b8e2d2d53,fallenstartown_c9r6.tgm.header,Tiny.V5,26700356,264
5eeded544d772f30,fallenstartown_c9r7.tgm,Streaming/Content/data/balance/worldareas/2F/mapprecursortowerdesert.vworld,647735,29241
47e06f4a019139fe,fallenstartown_c9r7.tgm.header,Tiny.V8,27157896,690
03bcd84114a6d68c,fallenstartown_c9r8.tgm,Streaming/Content/data/balance/worldareas/CE/mapuberboss_fallenstar.vworld,6492932,94813
e646f87df575e2cc,fallenstartown_c9r8.tgm.header,Tiny.V3,26921981,970
8eaab18733c45973,fallenstartown_c9r9.tgm,Streaming/Content/data/balance/worldareas/CF/mapuberboss_fallenstar.vworld,8909896,24163
39a2dda988821aab,fallenstartown_c9r9.tgm.header,Tiny.V1,27131565,650
11ccbe3b14efeb49,fallenstartown_c9r1.tgm,Streaming/Content/data/balance/worldareas/01/g2_9_1.vworld,950113,16249
61f5455623796c72,fallenstartown_c9r1.tgm.header,Tiny.VF,27285082,264
4c5e2087921de1d9,fallenstartown_c9r10.tgm,Tiny.V2,27270020,1247
aafa3bd627d5c614,fallenstartown_c9r10.tgm.header,Tiny.V4,27468465,283
cfae1796693f4cf7,fallenstartown_c9r11.tgm,Tiny.VD,27093829,755
5a39fed60d666a68,fallenstartown_c9r11.tgm.header,Tiny.V0,27411708,264
6febf3116a1854e1,fallenstartown_c9r12.tgm,Tiny.VB,27356170,455
919bab09a63f8ce5,fallenstartown_c9r12.tgm.header,Tiny.VD,27094584,264
5718e9c2d1116deb,fallenstartown_c9r13.tgm,Tiny.V0,27411972,1135
88b0d58f19a3b778,fallenstartown_c9r13.tgm.header,Tiny.V6,27129297,264
4878d76435001e1b,fallenstartown_c9r14.tgm,Tiny.V8,27156230,1101
90902836b1b0cf9e,fallenstartown_c9r14.tgm.header,Tiny.VA,27363423,264
d92a38bd772ebb79,fallenstartown_c9r15.tgm,Tiny.V3,26920735,687
03808071e94eb446,fallenstartown_c9r15.tgm.header,Tiny.V5,26698678,264
ed40eb1bde806022,fallenstartown_c9r16.tgm,Tiny.V5,26698942,647
38717ac4b8aee198,fallenstartown_c9r16.tgm.header,Tiny.V1,27131006,264
88ac3af7745b862d,fallenstartown_c9r17.tgm,Tiny.VB,27356625,289
65377409220075ae,fallenstartown_c9r17.tgm.header,Tiny.VB,27356914,264
e707c8deeefcbff4,fallenstartown_c9r18.tgm,Tiny.V5,26699589,767
609633a9948c250c,fallenstartown_c9r18.tgm.header,Tiny.V8,27157331,264
ec2caf2518d66548,fallenstartown_c9r19.tgm,Streaming/Content/data/balance/worldareas/A9/mapuberboss_fallenstar.vworld,1300583,56431
9f844436f2fc270d,fallenstartown_c9r19.tgm.header,Tiny.V9,27606322,610
3d3611b8c63bf94b,fallenstartown_c9r2.tgm,Streaming/Content/data/balance/worldareas/ED/mapuberboss_fallenstar.vworld,8552379,16171
f18e300dfa0a5540,fallenstartown_c9r2.tgm.header,Tiny.VD,27094848,264
b81ff76cb40f6125,fallenstartown_c9r20.tgm,Streaming/Content/data/balance/worldareas/C3/mapuberboss_fallenstar.vworld,1844705,49303
755a5954db1a1a71,fallenstartown_c9r20.tgm.header,Tiny.V0,27413107,530
a61c35906e3eb735,fallenstartown_c9r21.tgm,Tiny.V1,27131270,295
541f227ce2d8177e,fallenstartown_c9r21.tgm.header,Tiny.V2,27271267,264
20ec5f0366e29233,fallenstartown_c9r22.tgm,Tiny.VE,27066842,235
fb6988414c1246c4,fallenstartown_c9r22.tgm.header,Tiny.VF,27285346,264
658f22f5e33936fb,fallenstartown_c9r23.tgm,Tiny.V8,27157595,301
30f3ce39e5dbfa35,fallenstartown_c9r23.tgm.header,Tiny.V9,27606932,264
2821d5544732a62f,fallenstartown_c9r24.tgm,Tiny.V3,26921422,295
e275ac9e9188dfef,fallenstartown_c9r24.tgm.header,Tiny.V4,27468748,264
33560a5bb844964f,fallenstartown_c8r3.tgm,Streaming/Content/data/balance/worldareas/11/mapport.vworld,532083,16101
e14abfc31aeb059b,fallenstartown_c8r3.tgm.header,Tiny.V3,26920471,264
3fa6195fad3042fd,fallenstartown_c8r4.tgm,Streaming/Content/data/balance/worldareas/FD/mapuberboss_fallenstar.vworld,1943622,16077
cfb6e012faa328a3,fallenstartown_c8r4.tgm.header,Tiny.VC,27292763,264
d22375bc26df7e1a,fallenstartown_c8r5.tgm,Streaming/Content/data/balance/worldareas/A5/mapuberboss_fallenstar.vworld,751328,15345
52f41e8db33277af,fallenstartown_c8r5.tgm.header,Tiny.VA,27362895,264
2449e5865acafc82,fallenstartown_c8r6.tgm,Streaming/Content/data/balance/worldareas/E0/mapuberboss_fallenstar.vworld,6011328,15621
1216bd7d119a4647,fallenstartown_c8r6.tgm.header,Tiny.VA,27363159,264
d5c657a695d5aad5,fallenstartown_c8r7.tgm,Streaming/Content/data/balance/worldareas/DD/g2_2.vworld,641631,76115
cd8b7643936252c4,fallenstartown_c8r7.tgm.header,Tiny.V5,26697788,890
83cef46f18703969,fallenstartown_c8r8.tgm,Streaming/Content/data/balance/worldareas/EE/mapuberboss_fallenstar.vworld,6760729,112653
13c07aea7c9c2000,fallenstartown_c8r8.tgm.header,Tiny.VB,27354670,970
837a1bbfe31aa722,fallenstartown_c8r9.tgm,Streaming/Content/data/balance/worldareas/21/g3_11.vworld,770084,24265
67675f9a1605a082,fallenstartown_c8r9.tgm.header,Tiny.VB,27355640,530
42cf6e93b545d900,fallenstartown_c8r1.tgm,Streaming/Content/data/balance/worldareas/59/mapuberboss_fallenstar.vworld,9042967,15489
95e04ff332d754da,fallenstartown_c8r1.tgm.header,Tiny.V8,27154077,264
c21e2c616222a05c,fallenstartown_c8r10.tgm,Tiny.VF,27283361,1457
33e62037e91b105f,fallenstartown_c8r10.tgm.header,Tiny.V8,27154341,330
900a0034ccada070,fallenstartown_c8r11.tgm,Tiny.VE,27065787,1055
d74dd75b1b99c269,fallenstartown_c8r11.tgm.header,Tiny.VC,27300297,264
deb0c625bd210a49,fallenstartown_c8r12.tgm,Tiny.V7,27105776,767
cb035e519798c113,fallenstartown_c8r12.tgm.header,Tiny.VB,27354406,264
49d57276a1e5be55,fallenstartown_c8r13.tgm,Tiny.V4,27467468,997
26d5e13b745ac857,fallenstartown_c8r13.tgm.header,Tiny.V1,27130339,264
a6e75da868826098,fallenstartown_c8r14.tgm,Tiny.VC,27300561,1251
c8b26900754b4e39,fallenstartown_c8r14.tgm.header,Tiny.VF,27284818,264
7ae7a70d4922b62e,fallenstartown_c8r15.tgm,Tiny.V8,27154671,885
db9c962cc1b2e1d2,fallenstartown_c8r15.tgm.header,Tiny.V6,27128272,264
cd8723bc7240a2d9,fallenstartown_c8r16.tgm,Tiny.V5,26696222,629
3811f4179928909e,fallenstartown_c8r16.tgm.header,Tiny.V2,27269492,264
d1a663c8ba52e9f5,fallenstartown_c8r17.tgm,Tiny.VA,27362167,325
d023c0a6dab3492e,fallenstartown_c8r17.tgm.header,Tiny.V2,27269756,264
80014c9838f9716b,fallenstartown_c8r18.tgm,Tiny.V6,27128536,761
5236f7b2aab7630d,fallenstartown_c8r18.tgm.header,Tiny.V7,27106543,264
f0f3bf1b51e99ddd,fallenstartown_c8r19.tgm,Streaming/Content/data/balance/worldareas/5F/mapuberboss_fallenstar.vworld,1086358,82145
e55fbf880b35b469,fallenstartown_c8r19.tgm.header,Tiny.V8,27155556,410
41ea7673d7bb157c,fallenstartown_c8r2.tgm,Streaming/Content/data/balance/worldareas/AB/mapuberboss_fallenstar.vworld,3103185,15393
70e5e406e64fe55e,fallenstartown_c8r2.tgm.header,Tiny.V3,26920207,264
7d8ccdbf56989227,fallenstartown_c8r20.tgm,Streaming/Content/data/balance/worldareas/F8/mapuberboss_fallenstar.vworld,9442804,58487
1ce8a17ea3dc831b,fallenstartown_c8r20.tgm.header,Tiny.V0,27411298,410
59418000e77bd81a,fallenstartown_c8r21.tgm,Tiny.VA,27362492,403
1b5d5562c3a5ed2f,fallenstartown_c8r21.tgm.header,Tiny.V8,27155966,264
e86441507b6c084f,fallenstartown_c8r22.tgm,Tiny.V1,27130603,403
a6289df1baa6d7f8,fallenstartown_c8r22.tgm.header,Tiny.VC,27301812,264
2cebe6c313bd6b66,fallenstartown_c8r23.tgm,Tiny.V5,26696851,673
c60d308dc89b45de,fallenstartown_c8r23.tgm.header,Tiny.V5,26697524,264
a5b81c9682c6ce11,fallenstartown_c8r24.tgm,Tiny.VC,27302076,403
dc08f7006740f94b,fallenstartown_c8r24.tgm.header,Tiny.VD,27093565,264
218e8333036ebe9e,fallenstartown_c7r3.tgm,Streaming/Content/data/balance/worldareas/52/mapuberboss_fallenstar.vworld,367485,16627
2c6bb22143471d93,fallenstartown_c7r3.tgm.header,Tiny.VF,27281063,264
fd541d8e8534b83f,fallenstartown_c7r4.tgm,Streaming/Content/data/balance/worldareas/0C/mapuberboss_fallenstar.vworld,6432259,16795
9094f86eb8f7630e,fallenstartown_c7r4.tgm.header,Tiny.V9,27605264,264
664f0fc8b61d68a6,fallenstartown_c7r5.tgm,Streaming/Content/data/balance/worldareas/8B/mapuberboss_fallenstar.vworld,999160,101847
52daa2cb2f1a9ecf,fallenstartown_c7r5.tgm.header,Tiny.VD,27093275,290
588cc2ad38762052,fallenstartown_c7r6.tgm,Streaming/Content/data/balance/worldareas/87/g3_1.vworld,508918,16213
a4b0ad9d86ff528a,fallenstartown_c7r6.tgm.header,Tiny.VB,27346432,264
eddd5ca8f68d4e3a,fallenstartown_c7r7.tgm,Streaming/Content/data/balance/worldareas/CB/mapuberboss_fallenstar.vworld,804940,56045
803ebaea982d85ce,fallenstartown_c7r7.tgm.header,Tiny.V1,27129489,850
838c684fd5c7b71c,fallenstartown_c7r8.tgm,Streaming/Content/data/balance/worldareas/91/bossrush_area3.vworld.1,216036,109913
c85bdc3dbd78c9a8,fallenstartown_c7r8.tgm.header,Tiny.VB,27353276,1130
0ad81e966da07ae4,fallenstartown_c7r9.tgm,Streaming/Content/data/balance/worldareas/09/mapuberboss_fallenstar.vworld,754477,69075
53d36439dccde910,fallenstartown_c7r9.tgm.header,Tiny.V6,27127582,690
ead22fef901e3f6d,fallenstartown_c7r1.tgm,Streaming/Content/data/balance/worldareas/24/mapuberboss_fallenstar.vworld,1442218,16315
19c7b6ef784df4da,fallenstartown_c7r1.tgm.header,Tiny.VA,27358633,264
71f06e5edc879fce,fallenstartown_c7r10.tgm,Streaming/Content/data/balance/worldareas/BB/mapuberboss_fallenstar.vworld,2453183,142415
0e93d664d596e606,fallenstartown_c7r10.tgm.header,Tiny.V4,27466818,650
d6c020e592009d72,fallenstartown_c7r11.tgm,Streaming/Content/data/balance/worldareas/AE/g1_15.vworld,576318,65775
933ec0bfda291c4d,fallenstartown_c7r11.tgm.header,Tiny.V7,27105446,330
16d3202823db7c0b,fallenstartown_c7r12.tgm,Streaming/Content/data/balance/worldareas/42/mapuberboss_fallenstar.vworld,750786,53869
dd79a53911731839,fallenstartown_c7r12.tgm.header,Tiny.VC,27299093,370
a404b6969c14871a,fallenstartown_c7r13.tgm,Streaming/Content/data/balance/worldareas/95/mapuberboss_fallenstar.vworld,7726173,49045
ec8d4599b86f1a8f,fallenstartown_c7r13.tgm.header,Tiny.V0,27410808,490
0fb177e5eafb6582,fallenstartown_c7r14.tgm,Streaming/Content/data/balance/worldareas/DA/mapuberboss_fallenstar.vworld,689035,32837
2af4cb5aea6174ee,fallenstartown_c7r14.tgm.header,Tiny.VB,27352746,530
fb23dfe0daedff70,fallenstartown_c7r15.tgm,Tiny.VA,27361142,1025
20ab3f54b4dba8ad,fallenstartown_c7r15.tgm.header,Tiny.V2,27267243,283
1ea1feb8fa3ef05b,fallenstartown_c7r16.tgm,Tiny.VF,27282316,1045
028ee44993f0917f,fallenstartown_c7r16.tgm.header,Tiny.V6,27127029,264
e024e39f059d12c5,fallenstartown_c7r17.tgm,Tiny.V8,27152877,851
a1b5aaeaad7803fb,fallenstartown_c7r17.tgm.header,Tiny.VE,27065523,264
41b78ad4928a020b,fallenstartown_c7r18.tgm,Tiny.V2,27267526,909
571547b796af8d21,fallenstartown_c7r18.tgm.header,Tiny.V5,26695723,264
cc1a798a4ce1fdac,fallenstartown_c7r19.tgm,Streaming/Content/data/balance/worldareas/D9/mapport.vworld,538554,26963
7594800ae8c69c5d,fallenstartown_c7r19.tgm.header,Tiny.VC,27299463,570
4387437884fafe7f,fallenstartown_c7r2.tgm,Streaming/Content/data/balance/worldareas/00/mapuberboss_fallenstar.vworld,4156990,16135
2a87e85916afd357,fallenstartown_c7r2.tgm.header,Tiny.V5,26692896,264
14d62ce0226ada0f,fallenstartown_c7r20.tgm,Streaming/Content/data/balance/worldareas/93/mapuberboss_delirium.vworld,513757,133011
0db33fdebe017daf,fallenstartown_c7r20.tgm.header,Tiny.V1,27128799,690
5ca4c57626cd6d74,fallenstartown_c7r21.tgm,Tiny.V2,27268435,265
c1cfb411fc349725,fallenstartown_c7r21.tgm.header,Tiny.VC,27300033,264
7dcac1c86516b3b7,fallenstartown_c7r22.tgm,Tiny.V5,26695987,235
6f18ff6735709a23,fallenstartown_c7r22.tgm.header,Tiny.V2,27268700,264
35fa6b5d8cbf466a,fallenstartown_c7r23.tgm,Tiny.V8,27153728,349
815d3258e2337fc7,fallenstartown_c7r23.tgm.header,Tiny.V2,27268964,264
bb87e2f156dc5af9,fallenstartown_c7r24.tgm,Tiny.V6,27127293,289
eb28ff3d422bdf97,fallenstartown_c7r24.tgm.header,Tiny.V2,27269228,264
ba708ea0a8d3d6cf,fallenstartown_c6r3.tgm,Streaming/Content/data/balance/worldareas/86/mapuberboss_fallenstar.vworld,3177869,16783
28d4409284c68cd4,fallenstartown_c6r3.tgm.header,Tiny.V7,27104572,264
4d5f8cd278703a5e,fallenstartown_c6r4.tgm,Streaming/Content/data/balance/worldareas/20/mapuberboss_fallenstar.vworld,5682134,16975
0753ec03ccb35a63,fallenstartown_c6r4.tgm.header,Tiny.VB,27343981,264
7527ae1229457aca,fallenstartown_c6r5.tgm,Streaming/Content/data/balance/worldareas/32/mapuberboss_fallenstar.vworld,790669,16483
8b5a7e279472e499,fallenstartown_c6r5.tgm.header,Tiny.VC,27293555,264
6ed1a9d7618b1dd5,fallenstartown_c6r6.tgm,Streaming/Content/data/balance/worldareas/E3/mapuberboss_fallenstar.vworld,11124320,16261
bafd1fd4d50cd883,fallenstartown_c6r6.tgm.header,Tiny.V5,26691995,264
800d8d4cf5942b7d,fallenstartown_c6r7.tgm,Streaming/Content/data/balance/worldareas/7B/mapuberboss_fallenstar.vworld,2745070,27205
57ac948025194a81,fallenstartown_c6r7.tgm.header,Tiny.V9,27605792,530
eafd972863c0e24f,fallenstartown_c6r8.tgm,Streaming/Content/data/balance/worldareas/A6/mapuberboss_fallenstar.vworld,306395,47761
c3243d9aab38cbf1,fallenstartown_c6r8.tgm.header,Tiny.V7,27104836,610
2e34a6d7d78fca16,fallenstartown_c6r9.tgm,Streaming/Content/data/balance/worldareas/EF/bossrush_area3.vworld.1,624536,23299
a92afb28a1c3bd48,fallenstartown_c6r9.tgm.header,Tiny.VB,27352256,490
b5edf5e2648fade4,fallenstartown_c6r1.tgm,Streaming/Content/data/balance/worldareas/ED/mapuberboss_fallenstar.vworld,8536082,16297
626813c95305cb5e,fallenstartown_c6r1.tgm.header,Tiny.V0,27404906,264
999a8fa1ad2a4fe9,fallenstartown_c6r10.tgm,Tiny.VC,27296146,1345
d3b7e5b01a1c90ac,fallenstartown_c6r10.tgm.header,Tiny.VB,27348065,264
a0b12526892c9fca,fallenstartown_c6r11.tgm,Tiny.VC,27297491,777
b372beb876136996,fallenstartown_c6r11.tgm.header,Tiny.V8,27152349,264
681d5321c8dc6f3d,fallenstartown_c6r12.tgm,Tiny.V5,26693563,689
dc9a46666e5154d7,fallenstartown_c6r12.tgm.header,Tiny.V7,27103368,264
e01cd29e8dda3c8c,fallenstartown_c6r13.tgm,Tiny.V2,27264974,2269
22c7ba0a299be66c,fallenstartown_c6r13.tgm.header,Tiny.VB,27348329,330
9f736a46b7ddee18,fallenstartown_c6r14.tgm,Streaming/Content/data/balance/worldareas/5C/mapuberboss_fallenstar.vworld,754281,56763
81d84a38ca75e32e,fallenstartown_c6r14.tgm.header,Tiny.VC,27298268,530
8ba72759dc2696b3,fallenstartown_c6r15.tgm,Tiny.V5,26694252,1471
e24a356cce485d4f,fallenstartown_c6r15.tgm.header,Tiny.V3,26919708,264
c4b009149765f042,fallenstartown_c6r16.tgm,Tiny.VB,27348659,3267
e0b54626d218616a,fallenstartown_c6r16.tgm.header,Tiny.VB,27351926,330
c349d49bf3fd97fd,fallenstartown_c6r17.tgm,Streaming/Content/data/balance/worldareas/A1/mapuberboss_fallenstar.vworld,1566192,74561
4f62fa46104bdd76,fallenstartown_c6r17.tgm.header,Tiny.V7,27103632,410
bfb918102247f270,fallenstartown_c6r18.tgm,Streaming/Content/data/balance/worldareas/E9/mapuberboss_fallenstar.vworld,6993646,36989
2c7dc0e0e7ce0c0f,fallenstartown_c6r18.tgm.header,Tiny.VE,27064316,570
743d9df1764894cd,fallenstartown_c6r19.tgm,Streaming/Content/data/balance/worldareas/42/mapuberboss_fallenstar.vworld,709649,41137
e729cd4fd7ef421e,fallenstartown_c6r19.tgm.header,Tiny.VA,27360188,690
53aa4339979b3ba6,fallenstartown_c6r2.tgm,Streaming/Content/data/balance/worldareas/12/mapuberboss_fallenstar.vworld,9032366,16123
c7beca3f7f483d15,fallenstartown_c6r2.tgm.header,Tiny.VE,27062620,264
b9eb1aa5badc9b6d,fallenstartown_c6r20.tgm,Streaming/Content/data/balance/worldareas/7D/mapuberboss_fallenstar.vworld,6910451,37979
c2462336006177a2,fallenstartown_c6r20.tgm.header,Tiny.V7,27104042,530
1a8cd65babccbf84,fallenstartown_c6r21.tgm,Tiny.V3,26919972,235
bf36a383314445e0,fallenstartown_c6r21.tgm.header,Tiny.VE,27064886,264
7b677a1a9872fb9c,fallenstartown_c6r22.tgm,Tiny.VE,27065150,373
394425a11cc45abd,fallenstartown_c6r22.tgm.header,Tiny.VA,27360878,264
2125644f40fb342c,fallenstartown_c6r23.tgm,Tiny.V4,27466409,409
37ed73ff06e09d25,fallenstartown_c6r23.tgm.header,Tiny.V8,27152613,264
40300e945b565055,fallenstartown_c6r24.tgm,Tiny.VC,27298798,295
7750b893545cd8e2,fallenstartown_c6r24.tgm.header,Tiny.VD,27093011,264
c23ff3a2035eca45,fallenstartown_c5r3.tgm,Streaming/Content/data/balance/worldareas/7E/mapuberboss_fallenstar.vworld,5278550,16053
f5636402487af2ab,fallenstartown_c5r3.tgm.header,Tiny.V6,27124910,264
07a6a1796daf5f37,fallenstartown_c5r4.tgm,Streaming/Content/data/balance/worldareas/D3/mapuberboss_fallenstar.vworld,1091222,16077
ef6cdd5f081f8c17,fallenstartown_c5r4.tgm.header,Tiny.VC,27292763,264
b80e12d73eefd4e5,fallenstartown_c5r5.tgm,Streaming/Content/data/balance/worldareas/93/mapuberboss_delirium.vworld,410046,103711
4f88f6f3c7a693e1,fallenstartown_c5r5.tgm.header,Tiny.VC,27295882,264
7ccc62421407182c,fallenstartown_c5r6.tgm,Streaming/Content/data/balance/worldareas/B7/mapuberboss_fallenstar.vworld,1196788,15669
6230bfe0495f8d5d,fallenstartown_c5r6.tgm.header,Tiny.V7,27103104,264
3a0b6a5cfb596950,fallenstartown_c5r7.tgm,Streaming/Content/data/balance/worldareas/9C/mapuberboss_fallenstar.vworld,553097,25757
cc65574cd47f3a8a,fallenstartown_c5r7.tgm.header,Tiny.V9,27602641,410
43d60553a78e7db2,fallenstartown_c5r8.tgm,Streaming/Content/data/balance/worldareas/25/mapuberboss_fallenstar.vworld,6845989,43197
a1aa10daef92f216,fallenstartown_c5r8.tgm.header,Tiny.VE,27061757,490
80dff0050a25a48d,fallenstartown_c5r9.tgm,Streaming/Content/data/balance/worldareas/AC/mapuberboss_fallenstar.vworld,8766159,23045
b94b5623624f8e93,fallenstartown_c5r9.tgm.header,Tiny.V3,26916147,370
9b14ad3a8d218d1f,fallenstartown_c5r1.tgm,Streaming/Content/data/balance/worldareas/26/mapuberboss_fallenstar.vworld,366579,15513
1c1c1959525e2187,fallenstartown_c5r1.tgm.header,Tiny.V0,27404642,264
636137908ae6356a,fallenstartown_c5r10.tgm,Tiny.VF,27281327,725
fe97dd45d9271248,fallenstartown_c5r10.tgm.header,Tiny.V0,27408672,264
dcc1c7e97aba5c97,fallenstartown_c5r11.tgm,Tiny.VB,27347146,655
d8363fc5bcbd67ed,fallenstartown_c5r11.tgm.header,Tiny.V6,27126075,264
cf8f94bf63bec2cf,fallenstartown_c5r12.tgm,Tiny.V0,27408936,511
25b22aa60a31e7e6,fallenstartown_c5r12.tgm.header,Tiny.V3,26918121,264
d7836726ed48a52a,fallenstartown_c5r13.tgm,Tiny.VC,27294083,1429
950596d6ba143346,fallenstartown_c5r13.tgm.header,Tiny.VB,27347801,264
41a746ccfd296428,fallenstartown_c5r14.tgm,Streaming/Content/data/balance/worldareas/F4/mapuberboss_fallenstar.vworld,526768,211917
08e2bdabb5f396a7,fallenstartown_c5r14.tgm.header,Tiny.V3,26918385,890
ed7828b33c7bf5c1,fallenstartown_c5r15.tgm,Streaming/Content/data/balance/worldareas/7D/mapuberboss_fallenstar.vworld,6860146,50305
29ff758500155540,fallenstartown_c5r15.tgm.header,Tiny.V4,27464765,690
21723727132ee73b,fallenstartown_c5r16.tgm,Streaming/Content/data/balance/worldareas/A2/mapuberboss_fallenstar.vworld,6652575,64835
70ed9b94f2094308,fallenstartown_c5r16.tgm.header,Tiny.V0,27409447,850
7aa75eaa49a51dd7,fallenstartown_c5r17.tgm,Streaming/Content/data/balance/worldareas/0F/mapuberboss_fallenstar.vworld,1582621,103139
54f7e2ffa34e9d17,fallenstartown_c5r17.tgm.header,Tiny.V4,27465455,690
5725c78f114b2502,fallenstartown_c5r18.tgm,Streaming/Content/data/balance/worldareas/47/mapuberboss_fallenstar.vworld,7095460,78737
ab81114f8f322980,fallenstartown_c5r18.tgm.header,Tiny.V6,27126339,690
6e96829af1bd562a,fallenstartown_c5r19.tgm,Streaming/Content/data/balance/worldareas/D0/mapuberboss_fallenstar.vworld,988052,44617
40eb124c70235a3a,fallenstartown_c5r19.tgm.header,Tiny.VA,27359161,570
3f61dd1b3b1320c4,fallenstartown_c5r2.tgm,Streaming/Content/data/balance/worldareas/54/mapuberboss_fallenstar.vworld,12545120,15321
71c34a57190885f9,fallenstartown_c5r2.tgm.header,Tiny.V7,27099144,264
be5d3396ccbd8742,fallenstartown_c5r20.tgm,Streaming/Content/data/balance/worldareas/F2/mapuberboss_fallenstar.vworld,1965617,6441
953b2bcc09fe39fc,fallenstartown_c5r20.tgm.header,Tiny.VC,27295512,370
3943fa8fc7ef0843,fallenstartown_c5r21.tgm,Tiny.VA,27359731,457
356a10ca975e8339,fallenstartown_c5r21.tgm.header,Tiny.V9,27605528,264
c803b099a8314e72,fallenstartown_c5r22.tgm,Tiny.V3,26919275,433
3b1db896a58ef023,fallenstartown_c5r22.tgm.header,Tiny.VF,27282052,264
ad5fa0c5ac4deaf8,fallenstartown_c5r23.tgm,Tiny.V2,27264319,655
15813975651b4cd1,fallenstartown_c5r23.tgm.header,Tiny.V8,27152085,264
0d34aa14436b2722,fallenstartown_c5r24.tgm,Tiny.V0,27410297,511
8cdd423f72093c2b,fallenstartown_c5r24.tgm.header,Tiny.V4,27466145,264
7c33129fc4c2e9cb,fallenstartown_c4r3.tgm,Streaming/Content/data/balance/worldareas/E6/mapuberboss_fallenstar.vworld,8829515,16627
ade70d74c5ebf47f,fallenstartown_c4r3.tgm.header,Tiny.VF,27281063,264
629e033eee32de3a,fallenstartown_c4r4.tgm,Streaming/Content/data/balance/worldareas/F9/mapuberboss_fallenstar.vworld,1599842,16795
f459dd2613bb5962,fallenstartown_c4r4.tgm.header,Tiny.V9,27605264,264
cacb82076d20074d,fallenstartown_c4r5.tgm,Streaming/Content/data/balance/worldareas/83/mapuberboss_fallenstar.vworld,7163543,16423
425c15940a5f0701,fallenstartown_c4r5.tgm.header,Tiny.V0,27407878,264
e486ac5c98b48673,fallenstartown_c4r6.tgm,Streaming/Content/data/balance/worldareas/4B/mapuberboss_fallenstar.vworld,732016,16213
0e291d684510bb1d,fallenstartown_c4r6.tgm.header,Tiny.VB,27346432,264
e6a59208d51849fc,fallenstartown_c4r7.tgm,Streaming/Content/data/balance/worldareas/A1/mapuberboss_fallenstar.vworld,1539859,26333
e77b514e4f55aa00,fallenstartown_c4r7.tgm.header,Tiny.V0,27408142,530
4ba1b095f422be35,fallenstartown_c4r8.tgm,Streaming/Content/data/balance/worldareas/92/mapuberboss_fallenstar.vworld,738853,133187
854a4e051d7a875f,fallenstartown_c4r8.tgm.header,Tiny.V8,27151475,610
7fc326c1b6d1cec1,fallenstartown_c4r9.tgm,Streaming/Content/data/balance/worldareas/33/mapuberboss_fallenstar.vworld,7443659,23287
228cc4b93eb90857,fallenstartown_c4r9.tgm.header,Tiny.VB,27346696,450
45efce37754af6df,fallenstartown_c4r1.tgm,Streaming/Content/data/balance/worldareas/45/mapuberboss_fallenstar.vworld,1744533,16315
508d310be0c243ae,fallenstartown_c4r1.tgm.header,Tiny.VA,27358633,264
c514f27e966e70b2,fallenstartown_c4r10.tgm,Tiny.V1,27127649,235
2f79fb140df77db4,fallenstartown_c4r10.tgm.header,Tiny.V6,27125174,264
9f5623365d1f81dd,fallenstartown_c4r11.tgm,Tiny.VE,27063179,403
a72f65dd480181b6,fallenstartown_c4r11.tgm.header,Tiny.VA,27358897,264
77a4a34e885058ee,fallenstartown_c4r12.tgm,Tiny.V5,26692259,373
000c534d415c053a,fallenstartown_c4r12.tgm.header,Tiny.V3,26917190,264
39d52759fa75317e,fallenstartown_c4r13.tgm,Tiny.V7,27099978,1345
cddb3fd59ae2b6cf,fallenstartown_c4r13.tgm.header,Tiny.V2,27263527,264
c45c7aebfd8f9a08,fallenstartown_c4r14.tgm,Tiny.V7,27101323,1517
a737230637e0f030,fallenstartown_c4r14.tgm.header,Tiny.V8,27150838,264
b9d907a8ecf11106,fallenstartown_c4r15.tgm,Tiny.V9,27603315,1949
921fd9c98d89d9a5,fallenstartown_c4r15.tgm.header,Tiny.VB,27344245,264
15c89c10205e3a3c,fallenstartown_c4r16.tgm,Tiny.VB,27344509,1659
7916fa3dc39662dc,fallenstartown_c4r16.tgm.header,Tiny.V7,27102840,264
c892f10868400f6a,fallenstartown_c4r17.tgm,Tiny.V0,27406297,1581
2fe78d90fe803c2f,fallenstartown_c4r17.tgm.header,Tiny.V3,26917454,264
d22713c868fab3c2,fallenstartown_c4r18.tgm,Tiny.V1,27127884,651
8c4be663771788df,fallenstartown_c4r18.tgm.header,Tiny.V2,27263791,264
f84cf2d1417a9076,fallenstartown_c4r19.tgm,Tiny.VE,27063582,235
f627fa5796d3162a,fallenstartown_c4r19.tgm.header,Tiny.V5,26692632,264
be9fde784447ee48,fallenstartown_c4r2.tgm,Streaming/Content/data/balance/worldareas/22/mapuberboss_fallenstar.vworld,11481608,16135
c65303d04c7e1a2f,fallenstartown_c4r2.tgm.header,Tiny.V5,26692896,264
91be17e02b61efd2,fallenstartown_c4r20.tgm,Tiny.V5,26693160,403
b1acc4a5a9dd6b5c,fallenstartown_c4r20.tgm.header,Tiny.VC,27293819,264
08aec6d1d3f47264,fallenstartown_c4r21.tgm,Tiny.V8,27151102,373
e958bcbc6a67e855,fallenstartown_c4r21.tgm.header,Tiny.V1,27128535,264
c26664dbdaee8b33,fallenstartown_c4r22.tgm,Tiny.VE,27063817,235
522a0cb2598c8a86,fallenstartown_c4r22.tgm.header,Tiny.VE,27064052,264
714612c4226009ed,fallenstartown_c4r23.tgm,Tiny.V3,26917718,403
d6d16372c166f54f,fallenstartown_c4r23.tgm.header,Tiny.VB,27346168,264
0888d60de49ef749,fallenstartown_c4r24.tgm,Tiny.V6,27125702,373
04659aac075ac1be,fallenstartown_c4r24.tgm.header,Tiny.V2,27264055,264
139cb3bc1fd405ae,fallenstartown_c3r3.tgm,Streaming/Content/data/balance/worldareas/E0/mapuberboss_fallenstar.vworld,5908977,102351
f492e5673fea40de,fallenstartown_c3r3.tgm.header,Tiny.V5,26691705,290
64188fe2a9ed6ad8,fallenstartown_c3r4.tgm,Streaming/Content/data/balance/worldareas/E7/mapuberboss_fallenstar.vworld,8786487,16975
d6f3abfd7e619e71,fallenstartown_c3r4.tgm.header,Tiny.VB,27343981,264
14bd0171d01a4499,fallenstartown_c3r5.tgm,Streaming/Content/data/balance/worldareas/CE/mapuberboss_fallenstar.vworld,6476449,16483
053d1135ca43c03f,fallenstartown_c3r5.tgm.header,Tiny.VC,27293555,264
c00de6221cb77940,fallenstartown_c3r6.tgm,Streaming/Content/data/balance/worldareas/9B/mapuberboss_fallenstar.vworld,7053782,16261
abb4361ba9809fc5,fallenstartown_c3r6.tgm.header,Tiny.V5,26691995,264
bf884dc01b62d0b7,fallenstartown_c3r7.tgm,Streaming/Content/data/balance/worldareas/A4/mapuberboss_fallenstar.vworld,1578885,27065
7747830d3b14bd5b,fallenstartown_c3r7.tgm.header,Tiny.V0,27405807,490
f3ae33590681357f,fallenstartown_c3r8.tgm,Streaming/Content/data/balance/worldareas/FA/mapprecursortowerdesert.vworld,594989,46787
ab7a42aa25bd0f12,fallenstartown_c3r8.tgm.header,Tiny.V7,27099408,570
f1414f4ab8cd605b,fallenstartown_c3r9.tgm,Streaming/Content/data/balance/worldareas/FB/mapuniquereactor_01.vworld,648209,22885
106e93c93f377560,fallenstartown_c3r9.tgm.header,Tiny.VA,27358183,450
d1b5fe70cd3d5611,fallenstartown_c3r1.tgm,Streaming/Content/data/balance/worldareas/5D/mapprecursortowerdesert.vworld,663163,16297
3223965cd3e8dfd1,fallenstartown_c3r1.tgm.header,Tiny.V0,27404906,264
0e874b3c4a511e68,fallenstartown_c3r10.tgm,Tiny.VA,27356979,235
b32a2e9b171b64f9,fallenstartown_c3r10.tgm.header,Tiny.V6,27125174,264
50a7409aea0e829c,fallenstartown_c3r11.tgm,Tiny.VA,27357214,301
3d0d973e5368ee27,fallenstartown_c3r11.tgm.header,Tiny.VD,27092747,264
e5575b7b75e8a9b3,fallenstartown_c3r12.tgm,Tiny.V4,27463647,295
0af32670f46719a8,fallenstartown_c3r12.tgm.header,Tiny.V5,26691177,264
91459e986091662d,fallenstartown_c3r13.tgm,Tiny.VE,27062247,373
0374b340bc6d26b6,fallenstartown_c3r13.tgm.header,Tiny.V9,27603051,264
f9f18febb2d7d5e0,fallenstartown_c3r14.tgm,Tiny.VF,27280390,409
0b19f465f1de3ae4,fallenstartown_c3r14.tgm.header,Tiny.V5,26691441,264
5b03ae10f54aea3f,fallenstartown_c3r15.tgm,Tiny.V4,27463942,295
07edeb21394379ec,fallenstartown_c3r15.tgm.header,Tiny.V3,26916517,264
7f41a4a5c6922e44,fallenstartown_c3r16.tgm,Tiny.V1,27127041,373
5e3bcfe0f2c7cdfe,fallenstartown_c3r16.tgm.header,Tiny.V8,27150310,264
71cc66238d474c6d,fallenstartown_c3r17.tgm,Tiny.V2,27262739,409
59d8b1d13072fb1a,fallenstartown_c3r17.tgm.header,Tiny.V6,27125438,264
fab674da18bb9e4c,fallenstartown_c3r18.tgm,Tiny.VA,27357515,295
527006e85c2d6ee4,fallenstartown_c3r18.tgm.header,Tiny.V4,27464237,264
e69576cf131d2aee,fallenstartown_c3r19.tgm,Tiny.V0,27405170,373
eda7588e09000563,fallenstartown_c3r19.tgm.header,Tiny.VC,27293027,264
acd5b4a6228d376d,fallenstartown_c3r2.tgm,Streaming/Content/data/balance/worldareas/9E/mapuberboss_fallenstar.vworld,6004544,16123
f5f7225f3f09559a,fallenstartown_c3r2.tgm.header,Tiny.VE,27062620,264
ebdfed1a5da5dd28,fallenstartown_c3r20.tgm,Tiny.V2,27263148,379
2ec7bac67045c3e7,fallenstartown_c3r20.tgm.header,Tiny.VC,27293291,264
d8f349c17116cec7,fallenstartown_c3r21.tgm,Tiny.V1,27127414,235
e64452f754b8c5f7,fallenstartown_c3r21.tgm.header,Tiny.V4,27464501,264
11bbd6f6c9ee4119,fallenstartown_c3r22.tgm,Tiny.VA,27357810,373
4edb766512966fd6,fallenstartown_c3r22.tgm.header,Tiny.V0,27405543,264
fc6198dcadabbeea,fallenstartown_c3r23.tgm,Tiny.V3,26916781,409
e53d4e49f7ef5203,fallenstartown_c3r23.tgm.header,Tiny.VF,27280799,264
45b710de7b527836,fallenstartown_c3r24.tgm,Tiny.VE,27062884,295
d82fbeb8fc70952c,fallenstartown_c3r24.tgm.header,Tiny.V8,27150574,264
0e7d19c4ec0aee1f,fallenstartown_c24r3.tgm,Streaming/Content/data/balance/worldareas/B9/mapport.vworld,327087,15789
71acab04f023b499,fallenstartown_c24r3.tgm.header,Tiny.V4,27461797,264
d7ca689439ee1bb0,fallenstartown_c24r4.tgm,Streaming/Content/data/balance/worldareas/9D/mapuberboss_fallenstar.vworld,5823470,15861
13500a0fe7368ef8,fallenstartown_c24r4.tgm.header,Tiny.VF,27280126,264
f8dc366404e494e0,fallenstartown_c24r5.tgm,Streaming/Content/data/balance/worldareas/E2/mapgeode.vworld,613230,15225
831ce194734ea216,fallenstartown_c24r5.tgm.header,Tiny.V5,26690564,264
865e1f129f6d9740,fallenstartown_c24r6.tgm,Streaming/Content/data/balance/worldareas/F0/mapuberboss_fallenstar.vworld,2018996,15339
d29993c59a463d4b,fallenstartown_c24r6.tgm.header,Tiny.VC,27289871,264
74c77c12576bedce,fallenstartown_c24r7.tgm,Streaming/Content/data/balance/worldareas/C2/g3_11.vworld,751618,25071
cfe92f36eda21579,fallenstartown_c24r7.tgm.header,Tiny.VD,27091142,410
69030b88da118406,fallenstartown_c24r8.tgm,Streaming/Content/data/balance/worldareas/A0/mapuberboss_fallenstar.vworld,961068,44171
d832aaa9bd551aac,fallenstartown_c24r8.tgm.header,Tiny.VC,27290135,490
6f784fd26357db07,fallenstartown_c24r9.tgm,Streaming/Content/data/balance/worldareas/62/mapuberboss_fallenstar.vworld,2249772,22693
f57c18a33db54d5f,fallenstartown_c24r9.tgm.header,Tiny.V2,27260464,370
b850812a81f05bbc,fallenstartown_c24r1.tgm,Streaming/Content/data/balance/worldareas/D5/mapuberboss_fallenstar.vworld,800566,15333
aa8afebd67612f16,fallenstartown_c24r1.tgm.header,Tiny.V9,27600762,264
fbbeebeb855339a2,fallenstartown_c24r10.tgm,Tiny.V8,27148251,373
60c3e538b05563ee,fallenstartown_c24r10.tgm.header,Tiny.VE,27060820,264
6ab8bfb622f7eef5,fallenstartown_c24r11.tgm,Streaming/Content/data/balance/worldareas/15/mapuberboss_fallenstar.vworld,833768,454533
ff37e88778613ae2,fallenstartown_c24r11.tgm.header,Tiny.V0,27403992,650
2048f18784a440bb,fallenstartown_c24r12.tgm,Tiny.V9,27601026,295
bcdf606f86c94676,fallenstartown_c24r12.tgm.header,Tiny.V2,27259527,264
33b63de61c347456,fallenstartown_c24r13.tgm,Tiny.V1,27126404,373
85f40d1741e0823d,fallenstartown_c24r13.tgm.header,Tiny.V2,27259791,264
63ab150b65622ea5,fallenstartown_c24r14.tgm,Tiny.VF,27279453,409
7c569655d54f2a9f,fallenstartown_c24r14.tgm.header,Tiny.VA,27356715,264
cc457ef10df83112,fallenstartown_c24r15.tgm,Tiny.VD,27090474,295
5882827050014b91,fallenstartown_c24r15.tgm.header,Tiny.V9,27601321,264
c768040038388979,fallenstartown_c24r16.tgm,Tiny.V8,27148251,373
270b4fbd33257d3b,fallenstartown_c24r16.tgm.header,Tiny.VE,27060820,264
620dae00b6a0d555,fallenstartown_c24r17.tgm,Tiny.V2,27260055,409
30404282061473c5,fallenstartown_c24r17.tgm.header,Tiny.VF,27279862,264
75086dbfe6f4dbfc,fallenstartown_c24r18.tgm,Tiny.V4,27461502,295
661b2e3d7ce71175,fallenstartown_c24r18.tgm.header,Tiny.V5,26690300,264
220332e280ae4817,fallenstartown_c24r19.tgm,Tiny.V8,27148251,373
22245723f401d25e,fallenstartown_c24r19.tgm.header,Tiny.VE,27060820,264
35a257d5f386c3d6,fallenstartown_c24r2.tgm,Streaming/Content/data/balance/worldareas/75/mapuberboss_fallenstar.vworld,653129,15207
a7784d4ad2dc21ae,fallenstartown_c24r2.tgm.header,Tiny.VC,27289607,264
87acba98a4308cd9,fallenstartown_c24r20.tgm,Tiny.VE,27061084,409
14eea2a60cee7443,fallenstartown_c24r20.tgm.header,Tiny.VF,27279862,264
1012613e8a10a65f,fallenstartown_c24r21.tgm,Tiny.V4,27461502,295
96b1201a06ae611a,fallenstartown_c24r21.tgm.header,Tiny.V5,26690300,264
20be5b8824a4d8f6,fallenstartown_c24r22.tgm,Tiny.VD,27090769,373
2c16f324b0d8419f,fallenstartown_c24r22.tgm.header,Tiny.VE,27060820,264
5341b90ab1b42ea6,fallenstartown_c24r23.tgm,Tiny.VE,27061084,409
97524423afbf81c3,fallenstartown_c24r23.tgm.header,Tiny.VF,27279862,264
20c8ad287ddf039d,fallenstartown_c24r24.tgm,Tiny.V4,27461502,295
8e73f198f9e697e6,fallenstartown_c24r24.tgm.header,Tiny.V5,26690300,264
f756e7d7392ab86c,fallenstartown_c23r3.tgm,Streaming/Content/data/balance/worldareas/56/mapuberboss_divinity.vworld,706037,16053
6ba97b7691d95de1,fallenstartown_c23r3.tgm.header,Tiny.V6,27124910,264
6b212011fd072b33,fallenstartown_c23r4.tgm,Streaming/Content/data/balance/worldareas/99/mapuberboss_fallenstar.vworld,405753,15981
0f77c7a873c8608d,fallenstartown_c23r4.tgm.header,Tiny.V5,26689666,264
a37a1811e9b8e253,fallenstartown_c23r5.tgm,Streaming/Content/data/balance/worldareas/30/mapgreenhouse.vworld,549807,15201
f3a6ada5accc11db,fallenstartown_c23r5.tgm.header,Tiny.V8,27147987,264
4c8299711df2b82f,fallenstartown_c23r6.tgm,Streaming/Content/data/balance/worldareas/5E/mapuberboss_fallenstar.vworld,884320,15477
771c9a977dcc4c54,fallenstartown_c23r6.tgm.header,Tiny.V3,26913124,264
1df66982a11ea0c2,fallenstartown_c23r7.tgm,Streaming/Content/data/balance/worldareas/DD/g2_2.vworld,615842,25789
e24318729db0a69c,fallenstartown_c23r7.tgm.header,Tiny.VA,27353455,410
a56a7be246dfb8c0,fallenstartown_c23r8.tgm,Streaming/Content/data/balance/worldareas/B7/mapuberboss_fallenstar.vworld,1153655,43133
dd605be106d15f35,fallenstartown_c23r8.tgm.header,Tiny.V1,27125914,490
bca9bf50e2853d7b,fallenstartown_c23r9.tgm,Streaming/Content/data/balance/worldareas/DB/mapuberboss_fallenstar.vworld,134673,23109
5d7d6e7835458e89,fallenstartown_c23r9.tgm.header,Tiny.V5,26689930,370
8dfd998d4b561939,fallenstartown_c23r1.tgm,Streaming/Content/data/balance/worldareas/59/mapuberboss_fallenstar.vworld,9027358,15609
af505e4ce3bf7eac,fallenstartown_c23r1.tgm.header,Tiny.V5,26688969,264
16e565a411954d9a,fallenstartown_c23r10.tgm,Tiny.V7,27096213,725
3470df8297164da5,fallenstartown_c23r10.tgm.header,Tiny.V7,27096938,264
4e278c0260aea0af,fallenstartown_c23r11.tgm,Tiny.V4,27460055,655
b18d90c5f6e75ca7,fallenstartown_c23r11.tgm.header,Tiny.VB,27343284,264
5fbefbb8e67e1852,fallenstartown_c23r12.tgm,Tiny.V7,27097202,511
30afdd05bcdef6a5,fallenstartown_c23r12.tgm.header,Tiny.V1,27125386,264
9349946e23ce2db9,fallenstartown_c23r13.tgm,Tiny.VC,27289174,433
d7042e0c07c2dd8f,fallenstartown_c23r13.tgm.header,Tiny.V0,27402658,264
28f97e88a0cd438b,fallenstartown_c23r14.tgm,Tiny.VA,27356090,625
c259a6566ba4bfec,fallenstartown_c23r14.tgm.header,Tiny.V8,27145854,264
5a353f03b209f61e,fallenstartown_c23r15.tgm,Tiny.V0,27402922,403
e746dc84d3ee8ad4,fallenstartown_c23r15.tgm.header,Tiny.V3,26915619,264
d51dcfa0273875f8,fallenstartown_c23r16.tgm,Tiny.V6,27123269,463
4658f42b7d8166f2,fallenstartown_c23r16.tgm.header,Tiny.V3,26915883,264
09d2775adf507a1a,fallenstartown_c23r17.tgm,Tiny.V8,27146118,577
22fe12b1b6600c83,fallenstartown_c23r17.tgm.header,Tiny.V4,27460710,264
89a1af8c0b4c80c4,fallenstartown_c23r18.tgm,Tiny.V8,27146695,403
642134851688f2ab,fallenstartown_c23r18.tgm.header,Tiny.V0,27403325,264
24294b1c427196d0,fallenstartown_c23r19.tgm,Tiny.VD,27089513,433
af3a20896c27ead4,fallenstartown_c23r19.tgm.header,Tiny.VD,27089946,264
34158d13e4a14a64,fallenstartown_c23r2.tgm,Streaming/Content/data/balance/worldareas/D4/mapuberboss_fallenstar.vworld,572537,15513
9bf19f60ef7aab8d,fallenstartown_c23r2.tgm.header,Tiny.V4,27460974,264
85861ccd769b9310,fallenstartown_c23r20.tgm,Tiny.V7,27097713,625
994026c943504e48,fallenstartown_c23r20.tgm.header,Tiny.V1,27125650,264
0e9211a8f8dfaa05,fallenstartown_c23r21.tgm,Tiny.V7,27098338,403
6c7042a3f47fed04,fallenstartown_c23r21.tgm.header,Tiny.V6,27123732,264
9d9fc6ffb01004ed,fallenstartown_c23r22.tgm,Tiny.V5,26689233,433
e0e6d8e0ad1d0beb,fallenstartown_c23r22.tgm.header,Tiny.V8,27147098,264
5dadb06c1780aa19,fallenstartown_c23r23.tgm,Tiny.V8,27147362,625
9bad7176954237b3,fallenstartown_c23r23.tgm.header,Tiny.V4,27461238,264
49a61677ca9f0d0b,fallenstartown_c23r24.tgm,Tiny.V0,27403589,403
b28a4aa7fae572a4,fallenstartown_c23r24.tgm.header,Tiny.VD,27090210,264
6d56de1949c028c9,fallenstartown_c22r3.tgm,Streaming/Content/data/balance/worldareas/94/mapmothersoul_female.vworld,675344,16699
62e5a2020258e87c,fallenstartown_c22r3.tgm.header,Tiny.V7,27095949,264
df903bf6957293cf,fallenstartown_c22r4.tgm,Streaming/Content/data/balance/worldareas/39/mapport.vworld,682466,16819
1e38ffc02e876ec1,fallenstartown_c22r4.tgm.header,Tiny.VE,27060556,264
d1b80e39d28f13b9,fallenstartown_c22r5.tgm,Streaming/Content/data/balance/worldareas/A9/mapuberboss_fallenstar.vworld,1284160,16423
0b86d006ad33af08,fallenstartown_c22r5.tgm.header,Tiny.V4,27459791,264
39bb3193cd923190,fallenstartown_c22r6.tgm,Streaming/Content/data/balance/worldareas/DE/mapuberboss_fallenstar.vworld,5864522,16213
bd1496f9530f7f81,fallenstartown_c22r6.tgm.header,Tiny.V9,27597548,264
0bacaeebf27d6648,fallenstartown_c22r7.tgm,Streaming/Content/data/balance/worldareas/43/mapuberboss_fallenstar.vworld,1050510,26461
a1b7fcfcba31c98b,fallenstartown_c22r7.tgm.header,Tiny.V2,27258997,530
a02e964b4e9e7e2e,fallenstartown_c22r8.tgm,Streaming/Content/data/balance/worldareas/D3/mapuberboss_fallenstar.vworld,1039815,51407
7d72d305326becb7,fallenstartown_c22r8.tgm.header,Tiny.V6,27122659,610
873eb0a7fd9d6320,fallenstartown_c22r9.tgm,Streaming/Content/data/balance/worldareas/8D/mapuberboss_fallenstar.vworld,839134,23867
a141ea28365d2963,fallenstartown_c22r9.tgm.header,Tiny.V3,26915129,490
09498c2428fed9e4,fallenstartown_c22r1.tgm,Streaming/Content/data/balance/worldareas/03/mapuberboss_fallenstar.vworld,14450974,16243
1f927734192510d3,fallenstartown_c22r1.tgm.header,Tiny.V2,27257945,264
81e9179901d70ea1,fallenstartown_c22r10.tgm,Tiny.V6,27121967,235
33818859891d4287,fallenstartown_c22r10.tgm.header,Tiny.V1,27124569,264
b3f09d470d2e2ce2,fallenstartown_c22r11.tgm,Tiny.V3,26914726,403
661075542b62f8df,fallenstartown_c22r11.tgm.header,Tiny.VA,27355826,264
44b600db148b87d2,fallenstartown_c22r12.tgm,Tiny.VD,27088641,373
b2225704f0d451be,fallenstartown_c22r12.tgm.header,Tiny.V8,27145590,264
1fceaf9171f86524,fallenstartown_c22r13.tgm,Tiny.V5,26688206,235
7a9dc80951fd9601,fallenstartown_c22r13.tgm.header,Tiny.VC,27288537,264
25433add6cda1f72,fallenstartown_c22r14.tgm,Tiny.VF,27279104,349
cd5533bc7e099472,fallenstartown_c22r14.tgm.header,Tiny.VE,27060292,264
fe408b3458bee116,fallenstartown_c22r15.tgm,Tiny.V1,27124833,289
4076417564a34f22,fallenstartown_c22r15.tgm.header,Tiny.V2,27258209,264
4e6f95d17059548d,fallenstartown_c22r16.tgm,Tiny.VC,27288801,373
f9c8fb5b94785156,fallenstartown_c22r16.tgm.header,Tiny.VD,27089014,264
d60282d90d6366e7,fallenstartown_c22r17.tgm,Tiny.V6,27122202,457
451f3015a90b8228,fallenstartown_c22r17.tgm.header,Tiny.V0,27401492,264
09c9e5436c8a8bc5,fallenstartown_c22r18.tgm,Tiny.V2,27258473,289
13cfa2e2f0a25767,fallenstartown_c22r18.tgm.header,Tiny.V1,27125122,264
02b65ab7e8806c7d,fallenstartown_c22r19.tgm,Tiny.V2,27258762,235
95fc1318312dfdb0,fallenstartown_c22r19.tgm.header,Tiny.V0,27401756,264
a45d95d2db9ba973,fallenstartown_c22r2.tgm,Streaming/Content/data/balance/worldareas/24/mapuberboss_fallenstar.vworld,1426059,16159
200e3fc721049be7,fallenstartown_c22r2.tgm.header,Tiny.V7,27095685,264
c87ff5de6f56a1c3,fallenstartown_c22r20.tgm,Tiny.VB,27342671,349
5e2300198885d9cc,fallenstartown_c22r20.tgm.header,Tiny.VB,27343020,264
5e52268c9541cfe8,fallenstartown_c22r21.tgm,Tiny.V0,27402020,289
e39d07f2facf37c8,fallenstartown_c22r21.tgm.header,Tiny.V5,26688441,264
80c285f877c32b34,fallenstartown_c22r22.tgm,Tiny.VD,27089278,235
fcafc61bc45b2b3f,fallenstartown_c22r22.tgm.header,Tiny.V5,26688705,264
4c5cca3b4ebddfef,fallenstartown_c22r23.tgm,Tiny.V0,27402309,349
61f88fe9a8577da9,fallenstartown_c22r23.tgm.header,Tiny.V9,27600498,264
057c08c141ddc143,fallenstartown_c22r24.tgm,Tiny.V4,27459502,289
682eeab750a66676,fallenstartown_c22r24.tgm.header,Tiny.VB,27341080,264
537f323a0cdf1772,fallenstartown_c21r3.tgm,Streaming/Content/data/balance/worldareas/92/mapuberboss_fallenstar.vworld,722046,16807
c43e7e0f089c36ad,fallenstartown_c21r3.tgm.header,Tiny.VC,27288273,264
6db7ed592c87defa,fallenstartown_c21r4.tgm,Streaming/Content/data/balance/worldareas/E1/mapuberboss_fallenstar.vworld,345051,16783
0d56f6f5dd6cd2da,fallenstartown_c21r4.tgm.header,Tiny.VF,27277820,264
aec46d4903d3f843,fallenstartown_c21r5.tgm,Streaming/Content/data/balance/worldareas/25/mapuberboss_fallenstar.vworld,6829794,16195
d55f5d150bfde294,fallenstartown_c21r5.tgm.header,Tiny.V6,27121703,264
ba5b96742e70e95a,fallenstartown_c21r6.tgm,Streaming/Content/data/balance/worldareas/EE/mapuberboss_fallenstar.vworld,6744588,16141
9929be71350c1d28,fallenstartown_c21r6.tgm.header,Tiny.V4,27459238,264
7ff10f427888e1bd,fallenstartown_c21r7.tgm,Streaming/Content/data/balance/worldareas/6F/delirium_hungerboss.vworld,498416,27001
03ad5177e5b07697,fallenstartown_c21r7.tgm.header,Tiny.VF,27278084,490
a8a4d0c942cf5af0,fallenstartown_c21r8.tgm,Streaming/Content/data/balance/worldareas/32/mapuberboss_fallenstar.vworld,743742,46927
9368057558c904d8,fallenstartown_c21r8.tgm.header,Tiny.VA,27355216,610
f015bff5870e48d4,fallenstartown_c21r9.tgm,Streaming/Content/data/balance/worldareas/BA/mapuberboss_fallenstar.vworld,8819357,23579
07cd6b91a5b42925,fallenstartown_c21r9.tgm.header,Tiny.VF,27278574,530
ecd1c4a6edcf4c57,fallenstartown_c21r1.tgm,Streaming/Content/data/balance/worldareas/66/mapuberboss_fallenstar.vworld,2042383,16345
917bcf4ae32e5d19,fallenstartown_c21r1.tgm.header,Tiny.V8,27145055,264
372b5918ef9fd62d,fallenstartown_c21r10.tgm,Tiny.VB,27342034,373
ec531032f456d7bf,fallenstartown_c21r10.tgm.header,Tiny.V2,27257417,264
ec7a4e272e90b582,fallenstartown_c21r11.tgm,Tiny.V1,27123955,379
6b6fafaaebe40f6d,fallenstartown_c21r11.tgm.header,Tiny.VA,27353865,264
3e53f82fea87edfa,fallenstartown_c21r12.tgm,Tiny.VC,27288038,235
02d97b13148fac14,fallenstartown_c21r12.tgm.header,Tiny.V9,27599970,264
088d6fff3877d342,fallenstartown_c21r13.tgm,Tiny.V7,27095312,373
40c5a33b91180e16,fallenstartown_c21r13.tgm.header,Tiny.V4,27457809,264
3f0e2f9bc212f7b6,fallenstartown_c21r14.tgm,Tiny.V5,26687232,409
aa5c457112641793,fallenstartown_c21r14.tgm.header,Tiny.V3,26914198,264
7c2d2cb709faac60,fallenstartown_c21r15.tgm,Tiny.VA,27354129,295
38f7df34587823f1,fallenstartown_c21r15.tgm.header,Tiny.VB,27342407,264
c6421b7e162539f5,fallenstartown_c21r16.tgm,Tiny.VF,27277585,235
91c54250d84d6f62,fallenstartown_c21r16.tgm.header,Tiny.V3,26914462,264
f113e6729f62ea4b,fallenstartown_c21r17.tgm,Tiny.V8,27145319,271
1a652331247952ba,fallenstartown_c21r17.tgm.header,Tiny.V5,26687641,264
bb624854b4e3177a,fallenstartown_c21r18.tgm,Tiny.V0,27400553,235
21d9bdb2f8f607af,fallenstartown_c21r18.tgm.header,Tiny.V4,27458073,264
2b052d79fc708c6f,fallenstartown_c21r19.tgm,Tiny.V4,27458337,373
17ae9eb21a7bda60,fallenstartown_c21r19.tgm.header,Tiny.VA,27354424,264
4144527beceadc50,fallenstartown_c21r2.tgm,Streaming/Content/data/balance/worldareas/A6/mapuberboss_fallenstar.vworld,290224,16171
68e5f9c40f871ff0,fallenstartown_c21r2.tgm.header,Tiny.VA,27354688,264
5c86f4bdfd8c6930,fallenstartown_c21r20.tgm,Tiny.V0,27400788,409
efb1a387f5bc47fe,fallenstartown_c21r20.tgm.header,Tiny.V2,27257681,264
794c757872409fce,fallenstartown_c21r21.tgm,Tiny.VE,27059997,295
e30d7f00336ac2a9,fallenstartown_c21r21.tgm.header,Tiny.V9,27600234,264
09a5df7b2fb20490,fallenstartown_c21r22.tgm,Tiny.V1,27124334,235
2071722f6fcec75d,fallenstartown_c21r22.tgm.header,Tiny.V4,27458710,264
6511cbb2062d3b6f,fallenstartown_c21r23.tgm,Tiny.V5,26687905,301
a23091c4770a78c8,fallenstartown_c21r23.tgm.header,Tiny.VA,27354952,264
e16a4c95bc4aa646,fallenstartown_c21r24.tgm,Tiny.V0,27401197,295
2ff59c59962a0591,fallenstartown_c21r24.tgm.header,Tiny.V4,27458974,264
3f2b58704bdaa396,fallenstartown_c20r3.tgm,Streaming/Content/data/balance/worldareas/98/mapmothersoul_male_quest.vworld,696118,16053
82844e6534070ffa,fallenstartown_c20r3.tgm.header,Tiny.V6,27124910,264
ebe9ad930e234ec1,fallenstartown_c20r4.tgm,Streaming/Content/data/balance/worldareas/9E/mapuberboss_fallenstar.vworld,5988539,16005
e1646b2f2ca71659,fallenstartown_c20r4.tgm.header,Tiny.V5,26686968,264
38c573b6fcf61f74,fallenstartown_c20r5.tgm,Streaming/Content/data/balance/worldareas/59/mapuberboss_fallenstar.vworld,9012157,15201
a0909887cc51ab04,fallenstartown_c20r5.tgm.header,Tiny.VC,27287774,264
7cf10d9a2ec6e953,fallenstartown_c20r6.tgm,Streaming/Content/data/balance/worldareas/48/expeditionsubarea_blackknightboss.vworld,488472,15477
db88bfff94c08d72,fallenstartown_c20r6.tgm.header,Tiny.V3,26913124,264
4b4e24befcec0893,fallenstartown_c20r7.tgm,Streaming/Content/data/balance/worldareas/14/mapuberboss_fallenstar.vworld,2040416,25789
bbc2b131580bcab7,fallenstartown_c20r7.tgm.header,Tiny.VA,27353455,410
8ad5774e52a472bd,fallenstartown_c20r8.tgm,Streaming/Content/data/balance/worldareas/5F/mapuberboss_fallenstar.vworld,1037379,48979
20c3974f2b66fed2,fallenstartown_c20r8.tgm.header,Tiny.VF,27276895,690
362db1c9c509d8fa,fallenstartown_c20r9.tgm,Streaming/Content/data/balance/worldareas/8D/mapuberboss_fallenstar.vworld,771037,68097
277f05b91cd9947a,fallenstartown_c20r9.tgm.header,Tiny.V3,26913388,810
d92e5979eeae1047,fallenstartown_c20r1.tgm,Streaming/Content/data/balance/worldareas/C0/mapuberboss_fallenstar.vworld,1886375,15561
2a0e2195ec84623d,fallenstartown_c20r1.tgm.header,Tiny.VD,27087967,264
c5350a73246b28a2,fallenstartown_c20r10.tgm,Streaming/Content/data/balance/worldareas/4C/mapmothersoul_male_quest.vworld,558738,49427
244d891f6b29a1d0,fallenstartown_c20r10.tgm.header,Tiny.V0,27399983,570
cbfcbfc91764d574,fallenstartown_c20r11.tgm,Streaming/Content/data/balance/worldareas/93/mapuberboss_delirium.vworld,335980,58529
3ce6c6288f226bfd,fallenstartown_c20r11.tgm.header,Tiny.VF,27272085,410
590b22f32e92b184,fallenstartown_c20r12.tgm,Streaming/Content/data/balance/worldareas/0A/mapuberboss_fallenstar.vworld,5731502,133289
d59bb2ec70bee1f1,fallenstartown_c20r12.tgm.header,Tiny.V2,27256437,690
ac5456dba4a3f77f,fallenstartown_c20r13.tgm,Streaming/Content/data/balance/worldareas/FA/mapprecursortowerdesert.vworld,522765,49179
5c7450135de171e6,fallenstartown_c20r13.tgm.header,Tiny.V4,27456390,530
ddd64053f6a5b215,fallenstartown_c20r14.tgm,Streaming/Content/data/balance/worldareas/EC/mapuberboss_fallenstar.vworld,678585,58663
01f23258471f6df4,fallenstartown_c20r14.tgm.header,Tiny.VD,27088231,410
cb77b0d27fa74251,fallenstartown_c20r15.tgm,Streaming/Content/data/balance/worldareas/15/mapuberboss_fallenstar.vworld,700585,133183
6c0bb0734524d825,fallenstartown_c20r15.tgm.header,Tiny.VB,27341344,690
d447aefdd71f998c,fallenstartown_c20r16.tgm,Streaming/Content/data/balance/worldareas/1D/mapuberboss_fallenstar.vworld,2969738,37725
5e7eaccdfc40d9f3,fallenstartown_c20r16.tgm.header,Tiny.VA,27352925,530
38f7b24cd0d376b7,fallenstartown_c20r17.tgm,Streaming/Content/data/balance/worldareas/F3/mapuberboss_fallenstar.vworld,3753626,6269
7ab116cad1eebc41,fallenstartown_c20r17.tgm.header,Tiny.V8,27144421,370
09c46d6634ba7ad3,fallenstartown_c20r18.tgm,Tiny.VF,27272495,3997
62d7e37cdbe41a6b,fallenstartown_c20r18.tgm.header,Tiny.V2,27257127,290
e3f17fd80c25f232,fallenstartown_c20r19.tgm,Streaming/Content/data/balance/worldareas/5C/mapuberboss_fallenstar.vworld,719836,34445
5d277797d4b5f4a6,fallenstartown_c20r19.tgm.header,Tiny.V3,26912674,450
f3db4f36836d9292,fallenstartown_c20r2.tgm,Streaming/Content/data/balance/worldareas/BF/mapuberboss_fallenstar.vworld,716223,15321
7acbca37832c993c,fallenstartown_c20r2.tgm.header,Tiny.V7,27099144,264
37de3235a190f36b,fallenstartown_c20r20.tgm,Streaming/Content/data/balance/worldareas/47/mapuberboss_fallenstar.vworld,7089277,6183
0535053c8bb15b6e,fallenstartown_c20r20.tgm.header,Tiny.V6,27120900,370
a389cebde4242e21,fallenstartown_c20r21.tgm,Tiny.VF,27276492,403
10100a7e4a8da799,fallenstartown_c20r21.tgm.header,Tiny.V5,26686704,264
a941d2a6a89d964e,fallenstartown_c20r22.tgm,Tiny.V6,27121270,433
df51a740e225bcc7,fallenstartown_c20r22.tgm.header,Tiny.V8,27144791,264
9f6a9948a0e5cdfd,fallenstartown_c20r23.tgm,Tiny.V4,27456920,625
e71d2c6ce04fbeaf,fallenstartown_c20r23.tgm.header,Tiny.V4,27457545,264
0d4052018eac03d6,fallenstartown_c20r24.tgm,Tiny.V7,27094909,403
e2280babe5415ba8,fallenstartown_c20r24.tgm.header,Tiny.VE,27059733,264
c557534446eadfa5,fallenstartown_c2r3.tgm,Streaming/Content/data/balance/worldareas/53/mapuberboss_fallenstar.vworld,631751,16053
8386cf534c8a0dba,fallenstartown_c2r3.tgm.header,Tiny.V6,27124910,264
76a297cc5b2e572a,fallenstartown_c2r4.tgm,Streaming/Content/data/balance/worldareas/87/g3_1.vworld,388822,16077
a560c79211b3bc1b,fallenstartown_c2r4.tgm.header,Tiny.VC,27292763,264
91aff54bec805e21,fallenstartown_c2r5.tgm,Streaming/Content/data/balance/worldareas/93/mapuberboss_delirium.vworld,394509,15537
f445dcebaeb6d136,fallenstartown_c2r5.tgm.header,Tiny.VE,27061493,264
46380fa6a8f9b5b4,fallenstartown_c2r6.tgm,Streaming/Content/data/balance/worldareas/87/g3_1.vworld,404899,104019
8e419d1f9c4787e6,fallenstartown_c2r6.tgm.header,Tiny.V8,27150046,264
591bdedab2204474,fallenstartown_c2r7.tgm,Streaming/Content/data/balance/worldareas/E4/mapuberboss_fallenstar.vworld,703728,25757
584028f9db7ef7e5,fallenstartown_c2r7.tgm.header,Tiny.V9,27602641,410
1ce69ef354f0ec37,fallenstartown_c2r8.tgm,Streaming/Content/data/balance/worldareas/E8/mapsinterrift.vworld,751932,43197
dcd259bc507c3a7b,fallenstartown_c2r8.tgm.header,Tiny.VE,27061757,490
fe1157e2c9a54884,fallenstartown_c2r9.tgm,Streaming/Content/data/balance/worldareas/FA/mapprecursortowerdesert.vworld,571944,23045
0990a4dcd4d03b33,fallenstartown_c2r9.tgm.header,Tiny.V3,26916147,370
9aaa49bf344654ff,fallenstartown_c2r1.tgm,Streaming/Content/data/balance/worldareas/1F/mapuberboss_fallenstar.vworld,1694778,15513
5733472899c3f9b9,fallenstartown_c2r1.tgm.header,Tiny.V0,27404642,264
5966fc239e1dbbe3,fallenstartown_c2r10.tgm,Tiny.V8,27148624,725
5b95a68b6e266468,fallenstartown_c2r10.tgm.header,Tiny.VD,27091552,264
7ab9d30e15a2a481,fallenstartown_c2r11.tgm,Tiny.V4,27462061,625
dc2f99971b0ffc2e,fallenstartown_c2r11.tgm.header,Tiny.V8,27149349,264
21322ac07f3178c9,fallenstartown_c2r12.tgm,Tiny.V6,27123996,403
22fad49be473e344,fallenstartown_c2r12.tgm.header,Tiny.VD,27091816,264
99eda168d534e7e5,fallenstartown_c2r13.tgm,Tiny.VB,27343548,433
e7b485cfcd0c6b50,fallenstartown_c2r13.tgm.header,Tiny.VD,27092080,264
9c0e3f6fe9698369,fallenstartown_c2r14.tgm,Tiny.V2,27260834,655
7829c4d2f7fb18f5,fallenstartown_c2r14.tgm.header,Tiny.VC,27290625,264
95f3047850e2ea11,fallenstartown_c2r15.tgm,Tiny.V6,27124399,511
2e6ad62b448627ee,fallenstartown_c2r15.tgm.header,Tiny.V9,27601585,264
07429b83369a8e9d,fallenstartown_c2r16.tgm,Tiny.VC,27290889,433
5d949e0207441d9e,fallenstartown_c2r16.tgm.header,Tiny.VC,27291322,264
6e71382fc620a42e,fallenstartown_c2r17.tgm,Tiny.V2,27261489,625
bfd69d291d9e29b2,fallenstartown_c2r17.tgm.header,Tiny.V9,27601849,264
ee8ff55892c4a63b,fallenstartown_c2r18.tgm,Tiny.V7,27098741,403
f86b21e1e1f01134,fallenstartown_c2r18.tgm.header,Tiny.V1,27126777,264
e2260354d09ce7cf,fallenstartown_c2r19.tgm,Tiny.V8,27149613,433
b17730000e746c13,fallenstartown_c2r19.tgm.header,Tiny.VC,27291586,264
817940729d80648d,fallenstartown_c2r2.tgm,Streaming/Content/data/balance/worldareas/3E/mapuberboss_fallenstar.vworld,6318520,15321
66cfb653a7de7f09,fallenstartown_c2r2.tgm.header,Tiny.V7,27099144,264
359a024f33fd392a,fallenstartown_c2r20.tgm,Tiny.VC,27291850,649
fd208d37a1ec8afc,fallenstartown_c2r20.tgm.header,Tiny.V9,27602113,264
4076da07c7aef96f,fallenstartown_c2r21.tgm,Tiny.V5,26690828,349
6a03195459dfa88b,fallenstartown_c2r21.tgm.header,Tiny.V9,27602377,264
301db3a7d600bc46,fallenstartown_c2r22.tgm,Tiny.V4,27462686,433
475098e797ef0e92,fallenstartown_c2r22.tgm.header,Tiny.V4,27463119,264
e564b85fbf657727,fallenstartown_c2r23.tgm,Tiny.V2,27262114,625
929ee8eb58a70380,fallenstartown_c2r23.tgm.header,Tiny.V4,27463383,264
efabbf8d2f037072,fallenstartown_c2r24.tgm,Tiny.VD,27092344,403
1e4e918e5fbe9753,fallenstartown_c2r24.tgm.header,Tiny.VC,27292499,264
52b5622afe1132e0,fallenstartown_c19r3.tgm,Streaming/Content/data/balance/worldareas/92/mapuberboss_fallenstar.vworld,705323,16723
9f759ae29af46f7e,fallenstartown_c19r3.tgm.header,Tiny.V3,26910997,264
2d7efc8b6e82992d,fallenstartown_c19r4.tgm,Streaming/Content/data/balance/worldareas/7C/g3_1.vworld,503303,16819
d11e2cef3428fc37,fallenstartown_c19r4.tgm.header,Tiny.V6,27120372,264
07943bf00b6cb5c4,fallenstartown_c19r5.tgm,Streaming/Content/data/balance/worldareas/4E/mapuberboss_fallenstar.vworld,6161311,16327
eab91b9658a84404,fallenstartown_c19r5.tgm.header,Tiny.V8,27142946,264
fce81aed24c2aae8,fallenstartown_c19r6.tgm,Streaming/Content/data/balance/worldareas/47/mapuberboss_fallenstar.vworld,7073112,16165
0cc8747396792ea5,fallenstartown_c19r6.tgm.header,Tiny.VD,27086283,264
dc75e083d897a104,fallenstartown_c19r7.tgm,Streaming/Content/data/balance/worldareas/20/mapuberboss_fallenstar.vworld,5655673,26461
f8ba7a3c67692150,fallenstartown_c19r7.tgm.header,Tiny.VC,27286136,530
d8e72f213b5b9690,fallenstartown_c19r8.tgm,Streaming/Content/data/balance/worldareas/57/mapuberboss_fallenstar.vworld,4981040,88699
dee7e248b50a2d7b,fallenstartown_c19r8.tgm.header,Tiny.VD,27086547,970
127ea911b7ef5ba4,fallenstartown_c19r9.tgm,Streaming/Content/data/balance/worldareas/73/mapuberboss_fallenstar.vworld,1029332,63965
1a580193c3c18c7f,fallenstartown_c19r9.tgm.header,Tiny.V3,26911261,1010
6dd17f2a2d277ba1,fallenstartown_c19r1.tgm,Streaming/Content/data/balance/worldareas/39/mapport.vworld,666175,16291
170a9ca594b5afa4,fallenstartown_c19r1.tgm.header,Tiny.VE,27058677,264
7bb62734cd9268e0,fallenstartown_c19r10.tgm,Streaming/Content/data/balance/worldareas/09/mapuberboss_fallenstar.vworld,697998,56479
7272e6c05aabb6fb,fallenstartown_c19r10.tgm.header,Tiny.V3,26910387,610
f8c63072522bed70,fallenstartown_c19r11.tgm,Streaming/Content/data/balance/worldareas/98/mapmothersoul_male_quest.vworld,613807,82311
da9b8bc8789f1ec1,fallenstartown_c19r11.tgm.header,Tiny.V9,27598950,410
821b6429adb0de5d,fallenstartown_c19r12.tgm,Streaming/Content/data/balance/worldareas/4A/mapuberboss_fallenstar.vworld,5815965,26953
74767e41fbb1608f,fallenstartown_c19r12.tgm.header,Tiny.V1,27121132,570
c303efed8c2b5641,fallenstartown_c19r13.tgm,Streaming/Content/data/balance/worldareas/72/mapuberboss_fallenstar.vworld,7263749,56479
9ee43133145a23fb,fallenstartown_c19r13.tgm.header,Tiny.V0,27398845,610
e3205e19ced7fccd,fallenstartown_c19r14.tgm,Streaming/Content/data/balance/worldareas/AC/mapuberboss_fallenstar.vworld,8683754,82405
5627156728fc60a4,fallenstartown_c19r14.tgm.header,Tiny.V2,27253153,410
46f166b1470f018a,fallenstartown_c19r15.tgm,Streaming/Content/data/balance/worldareas/A3/mapuberboss_fallenstar.vworld,1800915,27191
df422f29ef409685,fallenstartown_c19r15.tgm.header,Tiny.V5,26685331,610
2783e9c074c444d0,fallenstartown_c19r16.tgm,Streaming/Content/data/balance/worldareas/A9/mapuberboss_fallenstar.vworld,1243193,40967
8070826ad22041e3,fallenstartown_c19r16.tgm.header,Tiny.VC,27285446,690
cffbdcf9a5b67045,fallenstartown_c19r17.tgm,Streaming/Content/data/balance/worldareas/37/expeditionsubarea_blackknightboss.vworld,554080,45231
95fd1175a22cfae3,fallenstartown_c19r17.tgm.header,Tiny.V2,27253563,570
da9ac361c037b4d7,fallenstartown_c19r18.tgm,Tiny.V1,27121702,1725
37af1c1354ea10a2,fallenstartown_c19r18.tgm.header,Tiny.V2,27254133,290
9c21a0f411091efa,fallenstartown_c19r19.tgm,Streaming/Content/data/balance/worldareas/15/mapuberboss_fallenstar.vworld,661386,39199
5f72d2f12dc03982,fallenstartown_c19r19.tgm.header,Tiny.VD,27085216,610
af3198dccab551fe,fallenstartown_c19r2.tgm,Streaming/Content/data/balance/worldareas/0A/mapuberboss_fallenstar.vworld,5699842,16135
d142e125a9e842f0,fallenstartown_c19r2.tgm.header,Tiny.VE,27058941,264
01634a94aacc011e,fallenstartown_c19r20.tgm,Streaming/Content/data/balance/worldareas/C5/mapuberboss_fallenstar.vworld,7643256,45145
282a49bd5bdc274e,fallenstartown_c19r20.tgm.header,Tiny.V9,27599360,610
af82d8ebf5d2b4f8,fallenstartown_c19r21.tgm,Tiny.V2,27254423,289
1c1730489a0deb98,fallenstartown_c19r21.tgm.header,Tiny.VE,27059205,264
3ad104749fa53654,fallenstartown_c19r22.tgm,Tiny.VF,27270920,373
3188de5103e8404b,fallenstartown_c19r22.tgm.header,Tiny.VB,27339974,264
66ac46757ffe905e,fallenstartown_c19r23.tgm,Tiny.VD,27085826,457
6c9afdcb5d0b44b5,fallenstartown_c19r23.tgm.header,Tiny.V1,27123427,264
6fddb20c3185e710,fallenstartown_c19r24.tgm,Tiny.VB,27340238,289
7ea77b698b4bf4af,fallenstartown_c19r24.tgm.header,Tiny.V5,26685941,264
934a44af49eac473,fallenstartown_c18r3.tgm,Streaming/Content/data/balance/worldareas/26/mapuberboss_fallenstar.vworld,349700,16879
193993684a4acf8f,fallenstartown_c18r3.tgm.header,Tiny.V2,27252889,264
90590bd11a83b10d,fallenstartown_c18r4.tgm,Streaming/Content/data/balance/worldareas/36/mapuberboss_fallenstar.vworld,442175,16951
6664e0071a0895ea,fallenstartown_c18r4.tgm.header,Tiny.V0,27398581,264
b6e179a0b0b8d2bb,fallenstartown_c18r5.tgm,Streaming/Content/data/balance/worldareas/EF/bossrush_area3.vworld.1,608053,16483
eeab0a63ab128de9,fallenstartown_c18r5.tgm.header,Tiny.VE,27058413,264
78d4000e75d89aee,fallenstartown_c18r6.tgm,Streaming/Content/data/balance/worldareas/7B/mapuberboss_fallenstar.vworld,2728785,16285
7702df9133ba2cb7,fallenstartown_c18r6.tgm.header,Tiny.VB,27338620,264
4f9bc9184f772f25,fallenstartown_c18r7.tgm,Streaming/Content/data/balance/worldareas/37/expeditionsubarea_blackknightboss.vworld,527079,27001
ff4d351c6f03ea3a,fallenstartown_c18r7.tgm.header,Tiny.V5,26684841,490
b7c12f9f6487cd09,fallenstartown_c18r8.tgm,Streaming/Content/data/balance/worldareas/E1/mapuberboss_fallenstar.vworld,165418,179633
4a892d2fca4a0943,fallenstartown_c18r8.tgm.header,Tiny.VB,27338884,1090
d331e5886c9edd36,fallenstartown_c18r9.tgm,Streaming/Content/data/balance/worldareas/96/mapuberboss_fallenstar.vworld,3962422,386919
ab2532e8d9e35af0,fallenstartown_c18r9.tgm.header,Tiny.V8,27141576,1370
df1d9b4b22a467bd,fallenstartown_c18r1.tgm,Streaming/Content/data/balance/worldareas/4E/mapuberboss_fallenstar.vworld,6144966,16345
a10b5ec73e702db6,fallenstartown_c18r1.tgm.header,Tiny.V8,27141312,264
a4c881ba52dd784c,fallenstartown_c18r10.tgm,Tiny.V2,27249804,1281
6964d84a76fa9017,fallenstartown_c18r10.tgm.header,Tiny.VD,27084952,264
d272abf7f63da43d,fallenstartown_c18r11.tgm,Tiny.V4,27453345,1097
9a0ad7c175219eae,fallenstartown_c18r11.tgm.header,Tiny.VC,27285182,264
1a5f413be0e7d059,fallenstartown_c18r12.tgm,Tiny.VA,27349727,1071
18ff2aca5521486d,fallenstartown_c18r12.tgm.header,Tiny.V3,26909859,264
823089192293d383,fallenstartown_c18r13.tgm,Tiny.VF,27269859,1061
0e9387bf55468d12,fallenstartown_c18r13.tgm.header,Tiny.VB,27338356,264
585006a16fa2daa6,fallenstartown_c18r14.tgm,Streaming/Content/data/balance/worldareas/1E/mapuberboss_fallenstar.vworld,107597,566163
78cd6bd28b204a89,fallenstartown_c18r14.tgm.header,Tiny.V2,27251085,1010
4563d7e82341aac6,fallenstartown_c18r15.tgm,Tiny.V6,27119265,1107
4d535a48fe70781e,fallenstartown_c18r15.tgm.header,Tiny.VA,27350798,264
804321865c7a43fd,fallenstartown_c18r16.tgm,Streaming/Content/data/balance/worldareas/FC/mapuberboss_fallenstar.vworld,1106156,16885
0dcbeedac83b8239,fallenstartown_c18r16.tgm.header,Tiny.V1,27120802,330
f0d27cf51bb1bed2,fallenstartown_c18r17.tgm,Streaming/Content/data/balance/worldareas/6D/mapuberboss_fallenstar.vworld,6933465,39793
970c840f4f1ae3d4,fallenstartown_c18r17.tgm.header,Tiny.V5,26684247,330
712d6d75d4d4b27a,fallenstartown_c18r18.tgm,Tiny.V4,27454442,761
97db281d1f4fd037,fallenstartown_c18r18.tgm.header,Tiny.V2,27252095,264
f6dac5805d927a76,fallenstartown_c18r19.tgm,Streaming/Content/data/balance/worldareas/AA/mapuberboss_fallenstar.vworld,793795,56601
e1cc42c16bcd4603,fallenstartown_c18r19.tgm.header,Tiny.V9,27598340,610
2b0ab92efe23c43c,fallenstartown_c18r2.tgm,Streaming/Content/data/balance/worldareas/93/mapuberboss_delirium.vworld,319809,16171
2b17b9a9d8e45e39,fallenstartown_c18r2.tgm.header,Tiny.V0,27398317,264
eb4b7d3bcdf0e304,fallenstartown_c18r20.tgm,Streaming/Content/data/balance/worldareas/3C/mapport.vworld,431541,49387
ee36733ab3568c41,fallenstartown_c18r20.tgm.header,Tiny.V2,27252359,530
655782a2deacdd98,fallenstartown_c18r21.tgm,Tiny.V7,27093418,295
0ad935d610435912,fallenstartown_c18r21.tgm.header,Tiny.VA,27351062,264
82844ab5b8f43fc0,fallenstartown_c18r22.tgm,Tiny.VE,27058040,373
62ba3064d6df0485,fallenstartown_c18r22.tgm.header,Tiny.V4,27455203,264
82f7a2baecf0e882,fallenstartown_c18r23.tgm,Tiny.VA,27351326,409
82a0d1ce154ea26b,fallenstartown_c18r23.tgm.header,Tiny.V5,26684577,264
f1be56417b794b52,fallenstartown_c18r24.tgm,Tiny.V7,27093713,295
6ec03fea56f50e7f,fallenstartown_c18r24.tgm.header,Tiny.V3,26910123,264
77d32063634a5ac7,fallenstartown_c17r3.tgm,Streaming/Content/data/balance/worldareas/53/mapuberboss_fallenstar.vworld,615674,16077
4276705996a7e710,fallenstartown_c17r3.tgm.header,Tiny.V6,27119001,264
b8f230fb5446fc8f,fallenstartown_c17r4.tgm,Streaming/Content/data/balance/worldareas/E0/mapuberboss_fallenstar.vworld,5893140,15837
382a98eeea5a6bbf,fallenstartown_c17r4.tgm.header,Tiny.V0,27398053,264
91a7e54246218fae,fallenstartown_c17r5.tgm,Streaming/Content/data/balance/worldareas/D7/mapuberboss_fallenstar.vworld,635956,15297
4a2574bbbb0ce939,fallenstartown_c17r5.tgm.header,Tiny.VB,27338092,264
a1309928944bbb41,fallenstartown_c17r6.tgm,Streaming/Content/data/balance/worldareas/05/mapuberboss_fallenstar.vworld,837274,15573
a846bd9dbdae0cdb,fallenstartown_c17r6.tgm.header,Tiny.V0,27396520,264
2e1edfd6486c48d9,fallenstartown_c17r7.tgm,Streaming/Content/data/balance/worldareas/8C/mapuberboss_fallenstar.vworld,719738,580897
8dbcf9d948c251f1,fallenstartown_c17r7.tgm.header,Tiny.V8,27140422,890
38039ca59c1d99df,fallenstartown_c17r8.tgm,Streaming/Content/data/balance/worldareas/C5/mapuberboss_fallenstar.vworld,7542073,101183
3681bac58d33004a,fallenstartown_c17r8.tgm.header,Tiny.VF,27268519,730
cf8e30aa03ecef4f,fallenstartown_c17r9.tgm,Streaming/Content/data/balance/worldareas/94/mapmothersoul_female.vworld,570351,104993
08b7c749178e1eb9,fallenstartown_c17r9.tgm.header,Tiny.VF,27269249,610
0b352dff1e4d1948,fallenstartown_c17r1.tgm,Streaming/Content/data/balance/worldareas/EE/mapuberboss_fallenstar.vworld,6729003,15585
9a549dd5b6b50e83,fallenstartown_c17r1.tgm.header,Tiny.V8,27140158,264
50072cbc64c7ec1a,fallenstartown_c17r10.tgm,Tiny.VB,27336132,1119
4a215e15472131f6,fallenstartown_c17r10.tgm.header,Tiny.V9,27597812,264
cdea63359d043bf0,fallenstartown_c17r11.tgm,Tiny.V1,27119558,421
4b77f75bd48df954,fallenstartown_c17r11.tgm.header,Tiny.V5,26675394,264
3a09415d68bbeba1,fallenstartown_c17r12.tgm,Tiny.VD,27083793,445
44a6bfebf5d58a6e,fallenstartown_c17r12.tgm.header,Tiny.V5,26683520,264
69240a054e79de66,fallenstartown_c17r13.tgm,Tiny.V1,27119979,559
99e4f5b5c303b131,fallenstartown_c17r13.tgm.header,Tiny.V5,26678716,264
411a0c64f3c9ba34,fallenstartown_c17r14.tgm,Tiny.VF,27267468,787
9545a501a820123c,fallenstartown_c17r14.tgm.header,Tiny.VF,27268255,264
59e0fc74244cbd0e,fallenstartown_c17r15.tgm,Tiny.V4,27451328,1727
28c4b2dd57c0cc73,fallenstartown_c17r15.tgm.header,Tiny.V1,27120538,264
8e619637dfc9e6c9,fallenstartown_c17r16.tgm,Streaming/Content/data/balance/worldareas/77/mapuberboss_fallenstar.vworld,3219345,23865
b9157e8850ef07da,fallenstartown_c17r16.tgm.header,Tiny.VB,27337251,330
a4d9ae0ce436d56a,fallenstartown_c17r17.tgm,Streaming/Content/data/balance/worldareas/B2/mapuberboss_fallenstar.vworld,5663387,71725
b5c9f615339e7e4a,fallenstartown_c17r17.tgm.header,Tiny.V6,27118671,330
917166a0bbf483f0,fallenstartown_c17r18.tgm,Streaming/Content/data/balance/worldareas/1A/mapuberboss_fallenstar.vworld,906639,40035
531bf5ed89af4010,fallenstartown_c17r18.tgm.header,Tiny.V4,27453055,290
5c4b7f83f07c5d77,fallenstartown_c17r19.tgm,Streaming/Content/data/balance/worldareas/4D/mapuberboss_fallenstar.vworld,5868274,85385
48823c5c85cf3c6a,fallenstartown_c17r19.tgm.header,Tiny.VD,27084238,450
f9686a0a3852747f,fallenstartown_c17r2.tgm,Streaming/Content/data/balance/worldareas/90/mapuberboss_fallenstar.vworld,6957130,15441
3bdf9343f1a3426d,fallenstartown_c17r2.tgm.header,Tiny.VD,27084688,264
fd6db6c59ce4a6c3,fallenstartown_c17r20.tgm,Streaming/Content/data/balance/worldareas/FE/mapuberboss_fallenstar.vworld,11359364,58541
8b5c06175f2c6c4e,fallenstartown_c17r20.tgm.header,Tiny.VE,27057053,410
3bed0cb703074bc7,fallenstartown_c17r21.tgm,Tiny.VB,27337581,511
eb2294a63fe62ee5,fallenstartown_c17r21.tgm.header,Tiny.V7,27092751,264
098b41b16282f908,fallenstartown_c17r22.tgm,Tiny.V5,26683784,463
fc2a9f1d89c32069,fallenstartown_c17r22.tgm.header,Tiny.V2,27249540,264
12686ea8e01b939e,fallenstartown_c17r23.tgm,Tiny.VE,27057463,577
3ccf215cef8905f0,fallenstartown_c17r23.tgm.header,Tiny.VC,27284918,264
a0fb53e4c27415b7,fallenstartown_c17r24.tgm,Tiny.V7,27093015,403
d174cb8951309e77,fallenstartown_c17r24.tgm.header,Tiny.V9,27598076,264
11f680e52f2ad51d,fallenstartown_c16r3.tgm,Streaming/Content/data/balance/worldareas/4F/mapuberboss_fallenstar.vworld,1099268,16723
4f1a65466e80e034,fallenstartown_c16r3.tgm.header,Tiny.V8,27139894,264
e58ad91bc3419576,fallenstartown_c16r4.tgm,Streaming/Content/data/balance/worldareas/CC/mapuberboss_fallenstar.vworld,824804,16675
8aebaac556116943,fallenstartown_c16r4.tgm.header,Tiny.V5,26683256,264
c72087140face4dc,fallenstartown_c16r5.tgm,Streaming/Content/data/balance/worldareas/EF/bossrush_area3.vworld.1,591774,16279
6b6e38cda228a41b,fallenstartown_c16r5.tgm.header,Tiny.V9,27597284,264
79d26895a7309b06,fallenstartown_c16r6.tgm,Streaming/Content/data/balance/worldareas/5C/mapuberboss_fallenstar.vworld,703623,16213
97dd23069b795339,fallenstartown_c16r6.tgm.header,Tiny.V9,27597548,264
42204c0a787ed715,fallenstartown_c16r7.tgm,Streaming/Content/data/balance/worldareas/E0/mapuberboss_fallenstar.vworld,5866679,26461
c1d125a2348b365e,fallenstartown_c16r7.tgm.header,Tiny.V4,27450798,530
3de4901d4452d47f,fallenstartown_c16r8.tgm,Streaming/Content/data/balance/worldareas/E9/mapuberboss_fallenstar.vworld,6894103,99543
aa7012b776e3d5bd,fallenstartown_c16r8.tgm.header,Tiny.VA,27348757,970
89563b0e480106ae,fallenstartown_c16r9.tgm,Streaming/Content/data/balance/worldareas/0B/mapuberboss_fallenstar.vworld,695529,79557
1f1eb53a07004aae,fallenstartown_c16r9.tgm.header,Tiny.VB,27335202,930
2be8c6f537aa60ea,fallenstartown_c16r1.tgm,Streaming/Content/data/balance/worldareas/E7/mapuberboss_fallenstar.vworld,8770220,16267
1cebe2503f2afabc,fallenstartown_c16r1.tgm.header,Tiny.V7,27091657,264
9ba0b38aea8e5d03,fallenstartown_c16r10.tgm,Tiny.VB,27333242,851
dd72f553e7f2dc73,fallenstartown_c16r10.tgm.header,Tiny.V8,27139630,264
312a329c58d0e193,fallenstartown_c16r11.tgm,Tiny.VB,27334093,499
dad6ee748451545e,fallenstartown_c16r11.tgm.header,Tiny.VD,27083529,264
15b47eb6d1b3fee4,fallenstartown_c16r12.tgm,Tiny.V0,27397312,451
40d6fd4015684627,fallenstartown_c16r12.tgm.header,Tiny.V4,27450534,264
d5bfc4f8a5f0cd6e,fallenstartown_c16r13.tgm,Tiny.VA,27347928,565
a64c648ea95e025c,fallenstartown_c16r13.tgm.header,Tiny.V3,26908777,264
ebbda6c2d28435ad,fallenstartown_c16r14.tgm,Tiny.V3,26909041,529
dfa7edfb6625331c,fallenstartown_c16r14.tgm.header,Tiny.V2,27249276,264
128203a56c3106c2,fallenstartown_c16r15.tgm,Tiny.V5,26682251,741
c6e86c4c9964e12f,fallenstartown_c16r15.tgm.header,Tiny.VE,27056195,264
109f0e96df2ba8b5,fallenstartown_c16r16.tgm,Tiny.V1,27116101,3457
22d5688ae56b95d3,fallenstartown_c16r16.tgm.header,Tiny.V0,27397763,290
9ce2a11e0a2a9ad5,fallenstartown_c16r17.tgm,Streaming/Content/data/balance/worldareas/AE/g1_15.vworld,553605,22713
cea526c4522e7a7f,fallenstartown_c16r17.tgm.header,Tiny.VF,27266914,290
901df0af6586abae,fallenstartown_c16r18.tgm,Streaming/Content/data/balance/worldareas/34/mapuberboss_fallenstar.vworld,6371949,21887
bb7d58a81bdda98a,fallenstartown_c16r18.tgm.header,Tiny.VE,27056459,330
63c905e2ceed05c8,fallenstartown_c16r19.tgm,Streaming/Content/data/balance/worldareas/A3/mapuberboss_fallenstar.vworld,1772106,28809
7f43c74d5e1e67cf,fallenstartown_c16r19.tgm.header,Tiny.VB,27334592,610
f8ab348ee5545d22,fallenstartown_c16r2.tgm,Streaming/Content/data/balance/worldareas/27/mapuberboss_fallenstar.vworld,2996855,16207
d802d692a590552d,fallenstartown_c16r2.tgm.header,Tiny.VE,27056789,264
0a9ced72727edf64,fallenstartown_c16r20.tgm,Streaming/Content/data/balance/worldareas/BE/mapuberboss_fallenstar.vworld,3859226,133465
b8989038936874c7,fallenstartown_c16r20.tgm.header,Tiny.VC,27284228,690
3ddbb0f21ebfe56f,fallenstartown_c16r21.tgm,Tiny.V7,27091921,373
524fbb224f68b937,fallenstartown_c16r21.tgm.header,Tiny.VF,27267204,264
7426e1b1e1bb665e,fallenstartown_c16r22.tgm,Tiny.V6,27118034,373
fb3673fa910e82e4,fallenstartown_c16r22.tgm.header,Tiny.V6,27118407,264
0a4cd090f55eac17,fallenstartown_c16r23.tgm,Tiny.V7,27092294,457
d588d420b5d9a3eb,fallenstartown_c16r23.tgm.header,Tiny.V5,26682992,264
af2e4e887e6bf795,fallenstartown_c16r24.tgm,Tiny.V3,26909570,289
26f3a80b05ddab96,fallenstartown_c16r24.tgm.header,Tiny.VA,27348493,264
703ada463881d158,fallenstartown_c15r3.tgm,Streaming/Content/data/balance/worldareas/E6/mapuberboss_fallenstar.vworld,8812540,16975
77ce7fffd91cba73,fallenstartown_c15r3.tgm.header,Tiny.V6,27117770,264
7576ead2f8bb5890,fallenstartown_c15r4.tgm,Streaming/Content/data/balance/worldareas/B0/mapprecursortowerdesert.vworld,659012,17071
ab4e613200d49194,fallenstartown_c15r4.tgm.header,Tiny.V1,27114563,264
3a514d57c3e400b1,fallenstartown_c15r5.tgm,Streaming/Content/data/balance/worldareas/E7/mapuberboss_fallenstar.vworld,8753713,16507
b0e2a8d67e77e9ba,fallenstartown_c15r5.tgm.header,Tiny.V1,27114827,264
f0ffa1ba8d8b8cf1,fallenstartown_c15r6.tgm,Streaming/Content/data/balance/worldareas/6F/delirium_hungerboss.vworld,482083,16333
453a58335813c2dc,fallenstartown_c15r6.tgm.header,Tiny.V5,26681987,264
4f1a867266269f77,fallenstartown_c15r7.tgm,Streaming/Content/data/balance/worldareas/09/mapuberboss_fallenstar.vworld,670825,27173
cd2f38f84604c886,fallenstartown_c15r7.tgm.header,Tiny.VC,27283698,530
8fd1f22626c3cf0a,fallenstartown_c15r8.tgm,Streaming/Content/data/balance/worldareas/AA/mapuberboss_fallenstar.vworld,699684,94111
713ef2b5aeddf435,fallenstartown_c15r8.tgm.header,Tiny.V1,27115091,1010
cec18df80cc08dec,fallenstartown_c15r9.tgm,Streaming/Content/data/balance/worldareas/D7/mapuberboss_fallenstar.vworld,590325,45631
945916c74b6c25df,fallenstartown_c15r9.tgm.header,Tiny.VD,27082799,730
1986e9a5abd01148,fallenstartown_c15r1.tgm,Streaming/Content/data/balance/worldareas/F1/mapuberboss_fallenstar.vworld,683601,16201
fac5cd3918da4996,fallenstartown_c15r1.tgm.header,Tiny.VB,27332978,264
83e9854e99a838e0,fallenstartown_c15r10.tgm,Tiny.VC,27282043,861
1a71d6dbb4d9ad22,fallenstartown_c15r10.tgm.header,Tiny.VC,27282904,264
f6812992bd5afaac,fallenstartown_c15r11.tgm,Tiny.VA,27346343,481
a3b39b34fe586f84,fallenstartown_c15r11.tgm.header,Tiny.VD,27079756,264
efd5806f9be5eb3e,fallenstartown_c15r12.tgm,Tiny.V9,27596809,475
40f5094e5ff30e3e,fallenstartown_c15r12.tgm.header,Tiny.V8,27139366,264
f5062c523dc5a31c,fallenstartown_c15r13.tgm,Tiny.V6,27116850,415
edfd8be22ea57ed8,fallenstartown_c15r13.tgm.header,Tiny.V1,27113734,264
b05107eea61d003d,fallenstartown_c15r14.tgm,Tiny.V6,27117265,241
44df851c235a0d71,fallenstartown_c15r14.tgm.header,Tiny.V0,27393910,264
81279b7c4616f555,fallenstartown_c15r15.tgm,Tiny.VA,27346824,545
26afcbd83af342ac,fallenstartown_c15r15.tgm.header,Tiny.V6,27117506,264
c690f6ec17966c60,fallenstartown_c15r16.tgm,Tiny.VD,27080020,737
32805d47733fb6eb,fallenstartown_c15r16.tgm.header,Tiny.V2,27249012,264
46568b9febcba6bc,fallenstartown_c15r17.tgm,Tiny.VD,27080757,743
024d58b287163150,fallenstartown_c15r17.tgm.header,Tiny.V0,27396784,264
7b22b515915c5e98,fallenstartown_c15r18.tgm,Tiny.VD,27081500,1299
1ac3c214a32165fe,fallenstartown_c15r18.tgm.header,Tiny.V7,27091393,264
84a7dedd309d65a2,fallenstartown_c15r19.tgm,Streaming/Content/data/balance/worldareas/4A/mapuberboss_fallenstar.vworld,5759460,56505
ff363da4c099f97c,fallenstartown_c15r19.tgm.header,Tiny.V4,27449924,610
e6b86c067f6a60fb,fallenstartown_c15r2.tgm,Streaming/Content/data/balance/worldareas/BA/mapuberboss_fallenstar.vworld,8803138,16219
516f8fc5fcf468fb,fallenstartown_c15r2.tgm.header,Tiny.VB,27330401,264
b4f7eb46d3059001,fallenstartown_c15r20.tgm,Streaming/Content/data/balance/worldareas/A9/mapuberboss_fallenstar.vworld,1193806,49387
5b5b65b73cebe6fe,fallenstartown_c15r20.tgm.header,Tiny.VC,27283168,530
91a9d2794d03f140,fallenstartown_c15r21.tgm,Tiny.VA,27347369,295
682d0adff0888709,fallenstartown_c15r21.tgm.header,Tiny.V0,27397048,264
5cecc154f20d70fa,fallenstartown_c15r22.tgm,Tiny.V5,26681193,235
f8badde68bfe551c,fallenstartown_c15r22.tgm.header,Tiny.V1,27113998,264
2f94e049e841095d,fallenstartown_c15r23.tgm,Tiny.V1,27114262,301
3acaf59cb7b03da9,fallenstartown_c15r23.tgm.header,Tiny.VA,27347664,264
bbaf716e4cb6e647,fallenstartown_c15r24.tgm,Tiny.V5,26681428,295
25e3c361ae8edc51,fallenstartown_c15r24.tgm.header,Tiny.V5,26681723,264
bbea435dc1618191,fallenstartown_c14r3.tgm,Streaming/Content/data/balance/worldareas/FF/mapuberboss_fallenstar.vworld,4346946,16245
aabda4123a060ebb,fallenstartown_c14r3.tgm.header,Tiny.VA,27346079,264
47394f44d5b8ebee,fallenstartown_c14r4.tgm,Streaming/Content/data/balance/worldareas/1D/mapuberboss_fallenstar.vworld,2953469,16269
3231e6abc679bccc,fallenstartown_c14r4.tgm.header,Tiny.V9,27596095,264
f8b950e16fa96209,fallenstartown_c14r5.tgm,Streaming/Content/data/balance/worldareas/5D/mapprecursortowerdesert.vworld,534948,128215
c63f8654d2868f6f,fallenstartown_c14r5.tgm.header,Tiny.V6,27116586,264
d764a016fa16cf2d,fallenstartown_c14r6.tgm,Streaming/Content/data/balance/worldareas/0B/mapuberboss_fallenstar.vworld,679956,15573
d4913d30214ac5c4,fallenstartown_c14r6.tgm.header,Tiny.V0,27396520,264
de60171bf2104f20,fallenstartown_c14r7.tgm,Streaming/Content/data/balance/worldareas/3F/mapuberboss_fallenstar.vworld,7722375,26253
25a1b8ecabd927ff,fallenstartown_c14r7.tgm.header,Tiny.VD,27079266,490
35c3e75ed645f6f5,fallenstartown_c14r8.tgm,Streaming/Content/data/balance/worldareas/DF/mapuberboss_fallenstar.vworld,128766,94069
ac31e023ee49f379,fallenstartown_c14r8.tgm.header,Tiny.V4,27449074,850
8d7799b534665e71,fallenstartown_c14r9.tgm,Streaming/Content/data/balance/worldareas/AB/mapuberboss_fallenstar.vworld,3079162,24023
c0321b344252b5ac,fallenstartown_c14r9.tgm.header,Tiny.V9,27596359,450
9290c4fb04d7241c,fallenstartown_c14r1.tgm,Streaming/Content/data/balance/worldareas/D6/mapuberboss_fallenstar.vworld,7890758,15465
59f2ea7310323edc,fallenstartown_c14r1.tgm.header,Tiny.V8,27137863,264
f4297a190e57a431,fallenstartown_c14r10.tgm,Tiny.V5,26679660,1005
1a3b859e99691019,fallenstartown_c14r10.tgm.header,Tiny.VF,27265451,264
247fb8b5f6a4831f,fallenstartown_c14r11.tgm,Tiny.V1,27112694,517
ad77fe3020462b94,fallenstartown_c14r11.tgm.header,Tiny.VD,27074153,264
f3470f02e36b558b,fallenstartown_c14r12.tgm,Tiny.V1,27113211,523
c8917cd4aeb57aad,fallenstartown_c14r12.tgm.header,Tiny.V9,27594870,264
93da564721e2e521,fallenstartown_c14r13.tgm,Tiny.VA,27345165,409
1dc4e999e30293e5,fallenstartown_c14r13.tgm.header,Tiny.VD,27079002,264
828779aba8daa16a,fallenstartown_c14r14.tgm,Tiny.V8,27138391,301
6101244ac679be5c,fallenstartown_c14r14.tgm.header,Tiny.VB,27330137,264
3f0c297369e83dec,fallenstartown_c14r15.tgm,Tiny.VA,27345574,241
419857e0f2e3444e,fallenstartown_c14r15.tgm.header,Tiny.V0,27393910,264
aa59efc696a59aaa,fallenstartown_c14r16.tgm,Tiny.V4,27448803,271
71a738eb3dd0e0a5,fallenstartown_c14r16.tgm.header,Tiny.V7,27089837,264
871f40260e2d9b00,fallenstartown_c14r17.tgm,Tiny.V2,27248429,583
a8805738780c2070,fallenstartown_c14r17.tgm.header,Tiny.V5,26680665,264
475cac2828a7144f,fallenstartown_c14r18.tgm,Tiny.VF,27265715,1199
0d930f1a5a2abb97,fallenstartown_c14r18.tgm.header,Tiny.VA,27345815,264
2006df3b4445f916,fallenstartown_c14r19.tgm,Streaming/Content/data/balance/worldareas/2C/mapuberboss_fallenstar.vworld,879673,82177
6dce295d7e22f2b3,fallenstartown_c14r19.tgm.header,Tiny.V6,27115912,410
1de82a92df8f9132,fallenstartown_c14r2.tgm,Streaming/Content/data/balance/worldareas/BE/mapuberboss_fallenstar.vworld,3843809,15417
99eebbb89506d2ca,fallenstartown_c14r2.tgm.header,Tiny.V0,27396256,264
d8f66159e7616a10,fallenstartown_c14r20.tgm,Streaming/Content/data/balance/worldareas/EA/mapuberboss_fallenstar.vworld,7938946,58559
2c537eea9aecf4bc,fallenstartown_c14r20.tgm.header,Tiny.V8,27138692,410
b99808a1d5900d4f,fallenstartown_c14r21.tgm,Tiny.V7,27090101,403
f6d8ecfbeca1ec4d,fallenstartown_c14r21.tgm.header,Tiny.V8,27139102,264
4b15bb6afe1c86d1,fallenstartown_c14r22.tgm,Tiny.V9,27595662,433
5aa5e5857c24aae2,fallenstartown_c14r22.tgm.header,Tiny.V7,27090504,264
27e2f4c5d24d7ecf,fallenstartown_c14r23.tgm,Tiny.V7,27090768,625
0b228ad581a8ce85,fallenstartown_c14r23.tgm.header,Tiny.V5,26680929,264
0e6286f038f5812d,fallenstartown_c14r24.tgm,Tiny.VC,27281640,403
f23da1916c89042b,fallenstartown_c14r24.tgm.header,Tiny.V6,27116322,264
3fc9aedeb1da003d,fallenstartown_c13r3.tgm,Streaming/Content/data/balance/worldareas/D0/mapuberboss_fallenstar.vworld,971305,16747
8f9f30e687b1554b,fallenstartown_c13r3.tgm.header,Tiny.V0,27395992,264
450a341305f14a8a,fallenstartown_c13r4.tgm,Streaming/Content/data/balance/worldareas/5C/mapuberboss_fallenstar.vworld,686756,16867
074b3573a15339ae,fallenstartown_c13r4.tgm.header,Tiny.V9,27595398,264
b3b95b5e6f131a2b,fallenstartown_c13r5.tgm,Streaming/Content/data/balance/worldareas/42/mapuberboss_fallenstar.vworld,693178,16471
f12322d44718ed12,fallenstartown_c13r5.tgm.header,Tiny.VC,27280766,264
91ed3c1c0d2fd8bd,fallenstartown_c13r6.tgm,Streaming/Content/data/balance/worldareas/1B/mapuberboss_fallenstar.vworld,1199434,16261
080e66ee03cd8717,fallenstartown_c13r6.tgm.header,Tiny.VD,27078738,264
7e28e22a8e23f900,fallenstartown_c13r7.tgm,Streaming/Content/data/balance/worldareas/CA/mapuberboss_fallenstar.vworld,6219880,26831
b7521e7c2ecd46c0,fallenstartown_c13r7.tgm.header,Tiny.VC,27281030,610
e6ff37bcab4d3039,fallenstartown_c13r8.tgm,Streaming/Content/data/balance/worldareas/7D/mapuberboss_fallenstar.vworld,6765651,94495
7d04bd8db6c83dbb,fallenstartown_c13r8.tgm.header,Tiny.VA,27344235,930
64648855460b72fc,fallenstartown_c13r9.tgm,Streaming/Content/data/balance/worldareas/1E/mapuberboss_fallenstar.vworld,83820,23777
69d66bf97ed49d48,fallenstartown_c13r9.tgm.header,Tiny.V7,27089307,530
2ce819cf7505a6ef,fallenstartown_c13r1.tgm,Streaming/Content/data/balance/worldareas/2B/mapuberboss_fallenstar.vworld,1577449,16171
d296b079bc87a639,fallenstartown_c13r1.tgm.header,Tiny.VB,27331075,264
52a51cdd8fa9f050,fallenstartown_c13r10.tgm,Tiny.VB,27331339,659
83720b3947c1d1dd,fallenstartown_c13r10.tgm.header,Tiny.VD,27077921,264
ecfa2c45f9bc04bd,fallenstartown_c13r11.tgm,Tiny.VB,27331998,607
6626fe4a77b38fa4,fallenstartown_c13r11.tgm.header,Tiny.VA,27342753,264
5ebea34e69c86259,fallenstartown_c13r12.tgm,Tiny.VE,27055383,523
0326e641d4f26441,fallenstartown_c13r12.tgm.header,Tiny.V9,27594870,264
71f06cdc6fd1d974,fallenstartown_c13r13.tgm,Tiny.V0,27395607,385
343b9579974746bd,fallenstartown_c13r13.tgm.header,Tiny.V7,27086528,264
63893ffebd304d44,fallenstartown_c13r14.tgm,Tiny.V5,26678980,325
5beaecf8753dba4f,fallenstartown_c13r14.tgm.header,Tiny.V2,27269756,264
605e87111990c988,fallenstartown_c13r15.tgm,Tiny.V6,27114837,241
5614584ddefe22ac,fallenstartown_c13r15.tgm.header,Tiny.V0,27393910,264
6bbda5a9b1e6946b,fallenstartown_c13r16.tgm,Tiny.V5,26679305,355
f1e4ff279bafc05c,fallenstartown_c13r16.tgm.header,Tiny.V3,26908513,264
6da7625837ed0a71,fallenstartown_c13r17.tgm,Tiny.V4,27447884,655
0346e043fc19c0e0,fallenstartown_c13r17.tgm.header,Tiny.V1,27112430,264
6507f4f4583b650e,fallenstartown_c13r18.tgm,Tiny.VC,27279737,1029
805abe5a46c75577,fallenstartown_c13r18.tgm.header,Tiny.V4,27448539,264
b0704dba5125723c,fallenstartown_c13r19.tgm,Streaming/Content/data/balance/worldareas/0D/mapuberboss_fallenstar.vworld,777310,27017
026a7d3705597f9e,fallenstartown_c13r19.tgm.header,Tiny.V6,27115078,570
69e01fa4c1f102a2,fallenstartown_c13r2.tgm,Streaming/Content/data/balance/worldareas/A2/mapuberboss_fallenstar.vworld,6636536,16039
4781c3367c85d195,fallenstartown_c13r2.tgm.header,Tiny.V6,27115648,264
44ae8d0d95037a7f,fallenstartown_c13r20.tgm,Streaming/Content/data/balance/worldareas/F9/mapuberboss_fallenstar.vworld,1466539,133303
eb0cc978a7de118f,fallenstartown_c13r20.tgm.header,Tiny.VA,27343017,690
c8363b0c0dee74eb,fallenstartown_c13r21.tgm,Tiny.VE,27055906,289
ec7cffef2c04b2ca,fallenstartown_c13r21.tgm.header,Tiny.VD,27078185,264
5ef03d1fff7a4d38,fallenstartown_c13r22.tgm,Tiny.VB,27332605,373
6ecc11a02f1bb3bf,fallenstartown_c13r22.tgm.header,Tiny.V9,27595134,264
5196114f042d1811,fallenstartown_c13r23.tgm,Tiny.V2,27247972,457
416b43a006d0e6f3,fallenstartown_c13r23.tgm.header,Tiny.VA,27343707,264
ff85569a520f1c41,fallenstartown_c13r24.tgm,Tiny.VD,27078449,289
733c38bad3dc0343,fallenstartown_c13r24.tgm.header,Tiny.VA,27343971,264
850f630a70dc08c5,fallenstartown_c12r3.tgm,Streaming/Content/data/balance/worldareas/82/mapuberboss_fallenstar.vworld,595655,31449
a8893f1495f23641,fallenstartown_c12r3.tgm.header,Tiny.VB,27330665,410
ccc4026b451be148,fallenstartown_c12r4.tgm,Streaming/Content/data/balance/worldareas/96/mapuberboss_fallenstar.vworld,3926161,36261
3b960e08c5b94ba0,fallenstartown_c12r4.tgm.header,Tiny.VF,27264961,490
bd752b9c8e612216,fallenstartown_c12r5.tgm,Streaming/Content/data/balance/worldareas/A4/mapuberboss_fallenstar.vworld,1548130,30755
ffc3f22a0616c41f,fallenstartown_c12r5.tgm.header,Tiny.VD,27076171,410
3adc6656c5011d1b,fallenstartown_c12r6.tgm,Streaming/Content/data/balance/worldareas/14/mapuberboss_fallenstar.vworld,2003997,36419
fcc8bd8b02fc85f6,fallenstartown_c12r6.tgm.header,Tiny.V7,27088817,490
db93ea9d7c1a677e,fallenstartown_c12r7.tgm,Streaming/Content/data/balance/worldareas/40/g4_8a.vworld,609886,43725
217bcd10c1008106,fallenstartown_c12r7.tgm.header,Tiny.VD,27076581,770
706b3d383abacf3d,fallenstartown_c12r8.tgm,Streaming/Content/data/balance/worldareas/6C/mapuberboss_fallenstar.vworld,2976309,106253
19eb95b21ff80087,fallenstartown_c12r8.tgm.header,Tiny.VE,27054253,1130
be9f21fd6deed746,fallenstartown_c12r9.tgm,Streaming/Content/data/balance/worldareas/EF/bossrush_area3.vworld.1,567059,24715
ea5159bb3cd298bb,fallenstartown_c12r9.tgm.header,Tiny.VD,27077351,570
d27f29693b671159,fallenstartown_c12r1.tgm,Streaming/Content/data/balance/worldareas/F9/mapuberboss_fallenstar.vworld,1450290,16249
6de8589d31d72da2,fallenstartown_c12r1.tgm.header,Tiny.VB,27329873,264
c291004b0e884e0d,fallenstartown_c12r10.tgm,Tiny.V0,27393061,849
220fceaaa08fe7ae,fallenstartown_c12r10.tgm.header,Tiny.VD,27075251,264
78aede2520fe05e9,fallenstartown_c12r11.tgm,Tiny.VE,27053796,457
b21ff2ec496d96f6,fallenstartown_c12r11.tgm.header,Tiny.V8,27138127,264
7dd2ced9078e95dc,fallenstartown_c12r12.tgm,Tiny.VF,27264366,331
1aa55fbb06622dce,fallenstartown_c12r12.tgm.header,Tiny.V1,27112166,264
9ec4e0a03b5bcce0,fallenstartown_c12r13.tgm,Tiny.V3,26907251,361
efefc92369962bb8,fallenstartown_c12r13.tgm.header,Tiny.V3,26907612,264
946bdb79e702a7e7,fallenstartown_c12r14.tgm,Tiny.V7,27087722,301
76a535d0616a4a4f,fallenstartown_c12r14.tgm.header,Tiny.VB,27330137,264
2c155dce72d35e0a,fallenstartown_c12r15.tgm,Tiny.VA,27342512,241
27308ddaaee44bc9,fallenstartown_c12r15.tgm.header,Tiny.V0,27393910,264
7a832f6933bd64e3,fallenstartown_c12r16.tgm,Tiny.VD,27075515,361
dce5e64d814964e0,fallenstartown_c12r16.tgm.header,Tiny.V3,26907612,264
de06b43095a7c567,fallenstartown_c12r17.tgm,Tiny.V0,27394174,559
72305d802f359ef0,fallenstartown_c12r17.tgm.header,Tiny.V5,26678716,264
ae996177bc2af2de,fallenstartown_c12r18.tgm,Tiny.V2,27247235,737
a8a4764c958dc4e9,fallenstartown_c12r18.tgm.header,Tiny.V3,26907876,264
27173a72897b155f,fallenstartown_c12r19.tgm,Streaming/Content/data/balance/worldareas/C0/mapuberboss_fallenstar.vworld,1830008,56367
9ac1c38f35385086,fallenstartown_c12r19.tgm.header,Tiny.V0,27394733,610
df4dd4cea8b9b253,fallenstartown_c12r2.tgm,Streaming/Content/data/balance/worldareas/78/mapuberboss_fallenstar.vworld,5101165,16219
83cc534fdacdf8e2,fallenstartown_c12r2.tgm.header,Tiny.VB,27330401,264
4ee93a67fa2dcf02,fallenstartown_c12r20.tgm,Streaming/Content/data/balance/worldareas/E0/mapuberboss_fallenstar.vworld,5817400,49279
c51b625074aa7c3e,fallenstartown_c12r20.tgm.header,Tiny.V7,27088023,530
e2595d576ca52d49,fallenstartown_c12r21.tgm,Tiny.VD,27075876,295
4e1940e752857e77,fallenstartown_c12r21.tgm.header,Tiny.VC,27279473,264
c744966ef9631b9f,fallenstartown_c12r22.tgm,Tiny.V3,26908140,373
be12d08de1530c04,fallenstartown_c12r22.tgm.header,Tiny.VF,27264697,264
701924e025be56b4,fallenstartown_c12r23.tgm,Tiny.V9,27594256,379
469e80142b560de6,fallenstartown_c12r23.tgm.header,Tiny.V7,27088553,264
7727d0026723f52b,fallenstartown_c12r24.tgm,Tiny.V9,27594635,235
3268ab41fffc0f70,fallenstartown_c12r24.tgm.header,Tiny.V0,27395343,264
1fe9e03823ac6b27,fallenstartown_c11r3.tgm,Streaming/Content/data/balance/worldareas/ED/mapuberboss_fallenstar.vworld,8395859,140223
ae19cd42f02e3c88,fallenstartown_c11r3.tgm.header,Tiny.V7,27086792,930
922e9f53e50ea584,fallenstartown_c11r4.tgm,Streaming/Content/data/balance/worldareas/BA/mapuberboss_fallenstar.vworld,8481611,321527
49a63115fc68fbea,fallenstartown_c11r4.tgm.header,Tiny.VA,27336762,1650
c39c2c1160f176da,fallenstartown_c11r5.tgm,Streaming/Content/data/balance/worldareas/5F/mapuberboss_fallenstar.vworld,754908,282471
3b34109dbb8fb20b,fallenstartown_c11r5.tgm.header,Tiny.VF,27262956,1410
1e8b808e534baa9d,fallenstartown_c11r6.tgm,Streaming/Content/data/balance/worldareas/B4/mapuberboss_fallenstar.vworld,406015,339599
76f4fb84ab297ae1,fallenstartown_c11r6.tgm.header,Tiny.VA,27338412,1890
c0e3990d6207efb1,fallenstartown_c11r7.tgm,Streaming/Content/data/balance/worldareas/8C/mapuberboss_fallenstar.vworld,321979,397759
c5f41e3699f76c4b,fallenstartown_c11r7.tgm.header,Tiny.V5,26676186,2530
95eb3ab76c219f4a,fallenstartown_c11r8.tgm,Streaming/Content/data/balance/worldareas/6B/mapuberboss_fallenstar.vworld,1808725,256389
956aef4a7d8daf69,fallenstartown_c11r8.tgm.header,Tiny.VA,27340302,2210
586b37ff8ef0ec9e,fallenstartown_c11r9.tgm,Streaming/Content/data/balance/worldareas/F7/g1_15.vworld,723338,25453
19af440e08a2f899,fallenstartown_c11r9.tgm.header,Tiny.V4,27447434,450
9383f4a6f51ea666,fallenstartown_c11r1.tgm,Streaming/Content/data/balance/worldareas/69/mapuberboss_fallenstar.vworld,3075054,15465
f100b2a045153aa3,fallenstartown_c11r1.tgm.header,Tiny.V8,27137863,264
0d35aed6bb5d0b55,fallenstartown_c11r10.tgm,Tiny.V7,27084886,1221
df9888c1bcb9f34d,fallenstartown_c11r10.tgm.header,Tiny.VE,27052811,264
e8b63ef57b5c7809,fallenstartown_c11r11.tgm,Tiny.VF,27262000,469
f4f0e4e0ad11eb7f,fallenstartown_c11r11.tgm.header,Tiny.VA,27335969,264
c60273bdaaaa6d71,fallenstartown_c11r12.tgm,Tiny.V7,27086107,421
681b56d815436ee2,fallenstartown_c11r12.tgm.header,Tiny.V5,26675394,264
7644a882a6738b79,fallenstartown_c11r13.tgm,Tiny.VC,27278678,385
e560defdc8a27415,fallenstartown_c11r13.tgm.header,Tiny.V7,27086528,264
737090e5786288de,fallenstartown_c11r14.tgm,Tiny.V9,27593907,349
18251e7dec11781c,fallenstartown_c11r14.tgm.header,Tiny.VB,27328872,264
8b4772f0901dec34,fallenstartown_c11r15.tgm,Tiny.VA,27336233,265
258e3e5bdc102589,fallenstartown_c11r15.tgm.header,Tiny.V4,27447170,264
6bd1ed09e6d5a592,fallenstartown_c11r16.tgm,Tiny.VF,27262469,487
33ebfc5de623943c,fallenstartown_c11r16.tgm.header,Tiny.V5,26675658,264
d8974632a4a93d82,fallenstartown_c11r17.tgm,Tiny.V1,27107460,553
83f4807aafbe57fd,fallenstartown_c11r17.tgm.header,Tiny.V5,26675922,264
75576821d02a3563,fallenstartown_c11r18.tgm,Tiny.VB,27329136,737
28aa4d9e27306a7f,fallenstartown_c11r18.tgm.header,Tiny.V6,27114573,264
50a882e0c11d6d19,fallenstartown_c11r19.tgm,Streaming/Content/data/balance/worldareas/32/mapuberboss_fallenstar.vworld,661595,82147
d621bdee9db07e15,fallenstartown_c11r19.tgm.header,Tiny.VC,27279063,410
2cbfcfbc7ff99c90,fallenstartown_c11r2.tgm,Streaming/Content/data/balance/worldareas/6A/mapuberboss_fallenstar.vworld,1829303,15321
ae3234f6c856d261,fallenstartown_c11r2.tgm.header,Tiny.V7,27099144,264
bb3d6e101c215254,fallenstartown_c11r20.tgm,Streaming/Content/data/balance/worldareas/C3/mapuberboss_fallenstar.vworld,1786098,58607
c7c5a3de61959c9f,fallenstartown_c11r20.tgm.header,Tiny.V0,27392387,410
14c56713882ee439,fallenstartown_c11r21.tgm,Tiny.V3,26906848,403
c5f17684e330daf6,fallenstartown_c11r21.tgm.header,Tiny.VA,27336498,264
208ab879fdd739f1,fallenstartown_c11r22.tgm,Tiny.V1,27108013,463
9b16827a46f18d38,fallenstartown_c11r22.tgm.header,Tiny.V0,27392797,264
2f9ec19114c4b554,fallenstartown_c11r23.tgm,Streaming/Content/data/balance/worldareas/D0/mapuberboss_fallenstar.vworld,10678,960627
ce6cf2d704fb1d31,fallenstartown_c11r23.tgm.header,Tiny.V1,27108476,3690
ef9e87a148203be4,fallenstartown_c11r24.tgm,Tiny.VE,27053075,457
06ab27c2141eacd3,fallenstartown_c11r24.tgm.header,Tiny.VE,27053532,264
a4ca0fd5dab6737f,fallenstartown_c10r3.tgm,Streaming/Content/data/balance/worldareas/D4/mapuberboss_fallenstar.vworld,525617,31071
cf814d25ac48e4ce,fallenstartown_c10r3.tgm.header,Tiny.V6,27114163,410
4eea3f45c6d3049a,fallenstartown_c10r4.tgm,Streaming/Content/data/balance/worldareas/55/mapport.vworld,606954,36171
eee781ff72ec161f,fallenstartown_c10r4.tgm.header,Tiny.VE,27051871,490
b307c55ae672523a,fallenstartown_c10r5.tgm,Streaming/Content/data/balance/worldareas/D7/mapuberboss_fallenstar.vworld,421308,169017
1d786b9a8aa2d5fe,fallenstartown_c10r5.tgm.header,Tiny.VE,27052361,450
1ec42479eab709a2,fallenstartown_c10r6.tgm,Streaming/Content/data/balance/worldareas/71/bossrush_area3.vworld.1,403883,35983
ebe327fe168d77bc,fallenstartown_c10r6.tgm.header,Tiny.V9,27593417,490
49c4d89156c4bba7,fallenstartown_c10r7.tgm,Streaming/Content/data/balance/worldareas/4A/mapuberboss_fallenstar.vworld,5716065,43395
e624e51439e164b3,fallenstartown_c10r7.tgm.header,Tiny.VF,27261270,730
a006e3c6aa16e16a,fallenstartown_c10r8.tgm,Streaming/Content/data/balance/worldareas/B4/mapuberboss_fallenstar.vworld,297004,109011
850c77d446c106a7,fallenstartown_c10r8.tgm.header,Tiny.VC,27277628,1050
c957f2969cf7f0f6,fallenstartown_c10r9.tgm,Streaming/Content/data/balance/worldareas/97/mapuberboss_fallenstar.vworld,4516939,25041
4b6e24f0281309b5,fallenstartown_c10r9.tgm.header,Tiny.V1,27106890,570
db0b2759d45a308c,fallenstartown_c10r1.tgm,Streaming/Content/data/balance/worldareas/9C/mapuberboss_fallenstar.vworld,536878,16219
d52f90fb832921c1,fallenstartown_c10r1.tgm.header,Tiny.V6,27113270,264
3b4e12b86d2a79f1,fallenstartown_c10r10.tgm,Tiny.V1,27106207,683
af4348253c82b2ff,fallenstartown_c10r10.tgm.header,Tiny.V5,26673425,264
0f16a91cfc3990d0,fallenstartown_c10r11.tgm,Tiny.VB,27328007,601
4d1640c4ac1a3f98,fallenstartown_c10r11.tgm.header,Tiny.V2,27246225,264
9b9078a3ef487f02,fallenstartown_c10r12.tgm,Tiny.VA,27334924,517
33f2696527d17f1c,fallenstartown_c10r12.tgm.header,Tiny.VD,27074153,264
892fba19acd70018,fallenstartown_c10r13.tgm,Tiny.V0,27391278,845
a39d7ced4c19fd46,fallenstartown_c10r13.tgm.header,Tiny.V5,26673689,264
2d4c5afd0c04585c,fallenstartown_c10r14.tgm,Tiny.V6,27113534,629
843aea635a9590e3,fallenstartown_c10r14.tgm.header,Tiny.V3,26906056,264
f521e2caab14dfaa,fallenstartown_c10r15.tgm,Tiny.V5,26673953,437
d831751289264362,fallenstartown_c10r15.tgm.header,Tiny.V0,27392123,264
1e1796b64b2b5e21,fallenstartown_c10r16.tgm,Tiny.V5,26674390,541
b838f835c73e61c7,fallenstartown_c10r16.tgm.header,Tiny.V3,26906320,264
c8cc612a236b56ab,fallenstartown_c10r17.tgm,Tiny.V5,26674931,463
9ed0406c18de1a0b,fallenstartown_c10r17.tgm.header,Tiny.VE,27051607,264
b7eeb5a712efd81e,fallenstartown_c10r18.tgm,Tiny.V7,27083826,771
e7978ccd6e000afc,fallenstartown_c10r18.tgm.header,Tiny.V3,26906584,264
e30a5393b77c5e54,fallenstartown_c10r19.tgm,Streaming/Content/data/balance/worldareas/E8/mapsinterrift.vworld,724915,27017
af262d6ca2586d16,fallenstartown_c10r19.tgm.header,Tiny.VD,27074417,570
8baeb94da625d578,fallenstartown_c10r2.tgm,Streaming/Content/data/balance/worldareas/FF/mapuberboss_fallenstar.vworld,4330859,16087
197a5b43fe7a9d4b,fallenstartown_c10r2.tgm.header,Tiny.VB,27328608,264
e3aecf5dd3eb35bf,fallenstartown_c10r20.tgm,Streaming/Content/data/balance/worldareas/6D/mapuberboss_fallenstar.vworld,6800226,133239
5f20ad101054e3d7,fallenstartown_c10r20.tgm.header,Tiny.V9,27592216,690
06524830a514ee56,fallenstartown_c10r21.tgm,Tiny.V7,27084597,289
ccf1ed7359a63592,fallenstartown_c10r21.tgm.header,Tiny.V4,27446906,264
9c78370fb8b9359d,fallenstartown_c10r22.tgm,Tiny.V2,27246489,373
0aba174b5424357e,fallenstartown_c10r22.tgm.header,Tiny.VA,27335441,264
9a7ea86a795cf995,fallenstartown_c10r23.tgm,Tiny.V9,27592906,511
187812a41f14b5fb,fallenstartown_c10r23.tgm.header,Tiny.VA,27335705,264
053180bf304228e8,fallenstartown_c10r24.tgm,Tiny.V2,27246862,373
75783fb5b74e618b,fallenstartown_c10r24.tgm.header,Tiny.VD,27074987,264
7a3843904cb585d6,fallenstartown_c1r3.tgm,Streaming/Content/data/balance/worldareas/3B/mapuberboss_fallenstar.vworld,968960,15705
0dfa6d864a8b3818,fallenstartown_c1r3.tgm.header,Tiny.V2,27256173,264
5dbcd131d320e6c0,fallenstartown_c1r4.tgm,Streaming/Content/data/balance/worldareas/D4/mapuberboss_fallenstar.vworld,556688,15849
bc53dc1ff511ef46,fallenstartown_c1r4.tgm.header,Tiny.V7,27094645,264
9014c4c2a670b4ea,fallenstartown_c1r5.tgm,Streaming/Content/data/balance/worldareas/0A/mapuberboss_fallenstar.vworld,5715977,15525
373837280f91cbef,fallenstartown_c1r5.tgm.header,Tiny.V0,27399719,264
cbf5525760e165fb,fallenstartown_c1r6.tgm,Streaming/Content/data/balance/worldareas/24/mapuberboss_fallenstar.vworld,1410564,15495
06f49018ae4f544d,fallenstartown_c1r6.tgm.header,Tiny.VA,27352661,264
3c805026b187ef67,fallenstartown_c1r7.tgm,Streaming/Content/data/balance/worldareas/74/mapuberboss_fallenstar.vworld,7114896,24599
932a9c0a49330ede,fallenstartown_c1r7.tgm.header,Tiny.VD,27087517,450
6c59cbc99f912c5f,fallenstartown_c1r8.tgm,Streaming/Content/data/balance/worldareas/4A/mapuberboss_fallenstar.vworld,5842918,43079
b0c92831211b4993,fallenstartown_c1r8.tgm.header,Tiny.V8,27143931,490
415824e9fd00a92d,fallenstartown_c1r9.tgm,Streaming/Content/data/balance/worldareas/AD/mapuberboss_fallenstar.vworld,2194497,21865
dfb25f20fb5d47c4,fallenstartown_c1r9.tgm.header,Tiny.V4,27456020,370
5f4b1804ead4fd3a,fallenstartown_c1r1.tgm,Streaming/Content/data/balance/worldareas/F1/mapuberboss_fallenstar.vworld,699802,15321
d6f3b13d8f62cef6,fallenstartown_c1r1.tgm.header,Tiny.VB,27340527,264
088172cb81856600,fallenstartown_c1r10.tgm,Tiny.V7,27094008,373
713273dc39403c10,fallenstartown_c1r10.tgm.header,Tiny.V2,27254712,264
66ed7289b4a87f6c,fallenstartown_c1r11.tgm,Tiny.V8,27143210,457
25c49edf2a274417,fallenstartown_c1r11.tgm.header,Tiny.V1,27123691,264
d8da469c25206bbd,fallenstartown_c1r12.tgm,Tiny.VB,27340791,289
c6f6e7d9718070aa,fallenstartown_c1r12.tgm.header,Tiny.V7,27094381,264
14eb48c41996366c,fallenstartown_c1r13.tgm,Tiny.VC,27286666,235
4dc97c00e56c48eb,fallenstartown_c1r13.tgm.header,Tiny.VF,27271293,264
2eab406d423997cf,fallenstartown_c1r14.tgm,Tiny.V3,26912271,403
2dd76cd8ee945558,fallenstartown_c1r14.tgm.header,Tiny.VA,27351735,264
aab4497b85a1900b,fallenstartown_c1r15.tgm,Tiny.VA,27351999,373
a030fddb67d35637,fallenstartown_c1r15.tgm.header,Tiny.V5,26686205,264
2e5dcd5d5788ec87,fallenstartown_c1r16.tgm,Tiny.V2,27254976,235
1f87c694514649b6,fallenstartown_c1r16.tgm.header,Tiny.V0,27399455,264
81f35ec8faadf566,fallenstartown_c1r17.tgm,Tiny.V2,27255211,349
95908e46fbf40a8b,fallenstartown_c1r17.tgm.header,Tiny.V8,27143667,264
6a57db1b3339bc27,fallenstartown_c1r18.tgm,Tiny.VA,27352372,289
e7e6a491ddefb0f6,fallenstartown_c1r18.tgm.header,Tiny.V4,27455467,264
56581e539cf8c56f,fallenstartown_c1r19.tgm,Tiny.V5,26686469,235
1ea26a334c40659b,fallenstartown_c1r19.tgm.header,Tiny.V6,27120636,264
b0d8d6d3740f85a3,fallenstartown_c1r2.tgm,Streaming/Content/data/balance/worldareas/30/mapgreenhouse.vworld,534630,15177
0fce33a689952d95,fallenstartown_c1r2.tgm.header,Tiny.VF,27271557,264
b2378694d2f1f6c8,fallenstartown_c1r20.tgm,Tiny.V2,27255560,349
2de60ff90953fcc6,fallenstartown_c1r20.tgm.header,Tiny.V8,27143667,264
e901fa963b7c0e72,fallenstartown_c1r21.tgm,Tiny.V4,27455731,289
e43af7a4affd20a8,fallenstartown_c1r21.tgm.header,Tiny.V2,27255909,264
1d093bc5888efe3c,fallenstartown_c1r22.tgm,Tiny.VC,27286901,235
ee69f374db60aaa4,fallenstartown_c1r22.tgm.header,Tiny.VE,27059469,264
164d481cbd5ec130,fallenstartown_c1r23.tgm,Tiny.VC,27287136,349
2a094314893350e6,fallenstartown_c1r23.tgm.header,Tiny.VF,27271821,264
d9167fd2db6cfc25,fallenstartown_c1r24.tgm,Tiny.VC,27287485,289
de567e0ab8206870,fallenstartown_c1r24.tgm.header,Tiny.VB,27341080,264
06804ca8e0999c20,fallenstararena_quarter_01_c9r4.tgm,Tiny.VD,26813914,503
926df73b05562483,fallenstararena_quarter_01_c9r4.tgm.header,Tiny.V3,26867044,264
6a5590c12dd90087,fallenstararena_quarter_01_c9r5.tgm,Tiny.VC,27015554,359
b79cd8e93bd1e504,fallenstararena_quarter_01_c9r5.tgm.header,Tiny.V0,27134108,264
35dee1a11323d145,fallenstararena_quarter_01_c9r6.tgm,Tiny.VF,27019683,405
91bed0c035c4dbae,fallenstararena_quarter_01_c9r6.tgm.header,Tiny.V7,27048150,264
8a9e3dd66d3b5242,fallenstararena_quarter_01_c9r7.tgm,Tiny.V2,26968186,517
8c94dbbe4cd54663,fallenstararena_quarter_01_c9r7.tgm.header,Tiny.VE,26896554,264
8988529bbcb9f852,fallenstararena_quarter_01_c9r8.tgm,Tiny.V1,26824154,471
804450563c19532f,fallenstararena_quarter_01_c9r8.tgm.header,Tiny.VD,27029512,264
da4384d4516c74c2,fallenstararena_quarter_01_c9r9.tgm,Tiny.V6,26854664,425
cc8e94f9965f48ca,fallenstararena_quarter_01_c9r9.tgm.header,Tiny.VA,27281266,264
04d9181677a3e25b,fallenstararena_quarter_01_c9r1.tgm,Tiny.V5,26402640,2431
9a60e5931effb426,fallenstararena_quarter_01_c9r1.tgm.header,Tiny.V0,27132134,264
58ca2dac81a50e65,fallenstararena_quarter_01_c9r10.tgm,Tiny.V9,27305290,405
f2d36062ed1fb755,fallenstararena_quarter_01_c9r10.tgm.header,Tiny.V7,27048150,264
f8c373226db678d0,fallenstararena_quarter_01_c9r11.tgm,Tiny.V8,26866806,385
9268c8bdd3e060a3,fallenstararena_quarter_01_c9r11.tgm.header,Tiny.V8,26867191,264
1d8a2ab8de16789f,fallenstararena_quarter_01_c9r12.tgm,Tiny.V8,26867455,555
7c27cfdbc7b6bc41,fallenstararena_quarter_01_c9r12.tgm.header,Tiny.VF,27017671,264
d8e4644be4159de0,fallenstararena_quarter_01_c9r13.tgm,Tiny.V6,26851125,885
afb09decb5dc4239,fallenstararena_quarter_01_c9r13.tgm.header,Tiny.VB,27033313,264
2ffb0d161bfab204,fallenstararena_quarter_01_c9r14.tgm,Tiny.V1,26822872,719
5514e7d770d84934,fallenstararena_quarter_01_c9r14.tgm.header,Tiny.VE,26786071,264
222ffb42c08ec81e,fallenstararena_quarter_01_c9r15.tgm,Tiny.VE,26786335,581
4be7b6c7a36efad1,fallenstararena_quarter_01_c9r15.tgm.header,Tiny.V8,26868010,264
5131dc840cd32128,fallenstararena_quarter_01_c9r16.tgm,Tiny.V0,27132398,713
a9fa17e6d6ae8503,fallenstararena_quarter_01_c9r16.tgm.header,Tiny.V9,27305695,264
028df0ca6e59b893,fallenstararena_quarter_01_c9r17.tgm,Tiny.V3,26673199,825
e7a0f5f92d782f32,fallenstararena_quarter_01_c9r17.tgm.header,Tiny.V3,26674024,264
94a13be172311013,fallenstararena_quarter_01_c9r18.tgm,Tiny.V5,26405071,635
eb923b7878012123,fallenstararena_quarter_01_c9r18.tgm.header,Tiny.V5,26405706,264
d3c3de6ae31a9507,fallenstararena_quarter_01_c9r19.tgm,Tiny.V3,26674288,687
df9858244ec8162f,fallenstararena_quarter_01_c9r19.tgm.header,Tiny.VC,27014565,264
75659ee62331010a,fallenstararena_quarter_01_c9r2.tgm,Tiny.V6,26852010,1867
9e4834979d48a52a,fallenstararena_quarter_01_c9r2.tgm.header,Tiny.VD,26812305,264
ce93794ec7e39b4d,fallenstararena_quarter_01_c9r20.tgm,Tiny.V1,26823591,563
8ee224dde80b3b32,fallenstararena_quarter_01_c9r20.tgm.header,Tiny.V8,26868274,264
22bbe583223b6351,fallenstararena_quarter_01_c9r21.tgm,Tiny.V9,27305959,851
c4b70fa243dc81e0,fallenstararena_quarter_01_c9r21.tgm.header,Tiny.V2,26967301,264
39afdb46a68e9ba6,fallenstararena_quarter_01_c9r22.tgm,Tiny.VF,27017935,825
412eb2dc0aeb5e1e,fallenstararena_quarter_01_c9r22.tgm.header,Tiny.VA,27038381,264
c23e31a4df93ef04,fallenstararena_quarter_01_c9r23.tgm,Tiny.V2,26967565,621
2fc4757c276181bf,fallenstararena_quarter_01_c9r23.tgm.header,Tiny.V3,26674975,264
bd340577de4d4c90,fallenstararena_quarter_01_c9r24.tgm,Tiny.VF,27018760,923
9df6b1b792546c6e,fallenstararena_quarter_01_c9r24.tgm.header,Tiny.V3,26675239,264
6ffd02ba4f1148fe,fallenstararena_quarter_01_c9r25.tgm,Tiny.VE,26786916,523
ec93d8e2962cceab,fallenstararena_quarter_01_c9r25.tgm.header,Tiny.V3,26675503,264
be5d86e7b1a66a72,fallenstararena_quarter_01_c9r26.tgm,Tiny.V5,26405970,745
0c573c52b947fda7,fallenstararena_quarter_01_c9r26.tgm.header,Tiny.V8,26868538,264
71dda7f2201fab43,fallenstararena_quarter_01_c9r27.tgm,Tiny.VC,27014829,725
a6725d7516f2dd5c,fallenstararena_quarter_01_c9r27.tgm.header,Tiny.V0,27133111,264
e5cb07f15b74488f,fallenstararena_quarter_01_c9r28.tgm,Tiny.V3,26675767,751
7f18f9a40580d74d,fallenstararena_quarter_01_c9r28.tgm.header,Tiny.V7,26786896,264
88ccc411e1a6cdcb,fallenstararena_quarter_01_c9r29.tgm,Tiny.VD,26812569,817
e57a978be0e6a684,fallenstararena_quarter_01_c9r29.tgm.header,Tiny.VD,26813386,264
d9b5834f0382ec02,fallenstararena_quarter_01_c9r3.tgm,Tiny.V3,26676518,543
34b035688895a6f5,fallenstararena_quarter_01_c9r3.tgm.header,Tiny.V4,27399147,264
2815447dde57ad57,fallenstararena_quarter_01_c9r30.tgm,Tiny.V0,27133375,733
f8279f19e0821808,fallenstararena_quarter_01_c9r30.tgm.header,Tiny.V9,27306810,264
ce94ab31c9d395fd,fallenstararena_quarter_01_c9r31.tgm,Tiny.V9,27307074,771
a55e88bf5ee36170,fallenstararena_quarter_01_c9r31.tgm.header,Tiny.V6,26853877,264
6b5f8cad47797dd8,fallenstararena_quarter_01_c9r32.tgm,Tiny.V6,26854141,523
0db71ed04fc57f59,fallenstararena_quarter_01_c9r32.tgm.header,Tiny.V5,26406715,264
39bb0f913282852d,fallenstararena_quarter_01_c9r33.tgm,Tiny.V4,27155351,1079
3acf16425ad13ee6,fallenstararena_quarter_01_c9r33.tgm.header,Tiny.VD,26813650,264
df491a354c8bf4aa,fallenstararena_quarter_01_c8r4.tgm,Tiny.V2,26966784,517
b0ea96ed7c9d98b7,fallenstararena_quarter_01_c8r4.tgm.header,Tiny.VE,26896554,264
a0f481658c03a925,fallenstararena_quarter_01_c8r5.tgm,Streaming/Content/data/balance/worldareas/B3/mapuberboss_fallenstar.vworld,1350247,54297
f4879316e3f87f61,fallenstararena_quarter_01_c8r5.tgm.header,Tiny.VC,27014301,264
d6f46cd3e9196e14,fallenstararena_quarter_01_c8r6.tgm,Tiny.V6,26850746,379
937dec71ac815123,fallenstararena_quarter_01_c8r6.tgm.header,Tiny.V2,27212727,264
92752aab9c7cfcbd,fallenstararena_quarter_01_c8r7.tgm,Tiny.VB,27032598,451
d4d81c6232899f0b,fallenstararena_quarter_01_c8r7.tgm.header,Tiny.V8,26866542,264
ead8252a61264903,fallenstararena_quarter_01_c8r8.tgm,Streaming/Content/data/balance/worldareas/30/mapgreenhouse.vworld,298354,54657
78b74f77a29ce598,fallenstararena_quarter_01_c8r8.tgm.header,Tiny.VF,27017407,264
27d6dbe1465eac60,fallenstararena_quarter_01_c8r9.tgm,Tiny.VE,26785390,681
d6ba600711a3f83d,fallenstararena_quarter_01_c8r9.tgm.header,Tiny.VB,27033049,264
33ce45a1ce37fbd0,fallenstararena_quarter_01_c8r1.tgm,Tiny.V7,26785618,221
7d1980ab54dfd2eb,fallenstararena_quarter_01_c8r1.tgm.header,Tiny.V2,26965728,264
4fd0b78b4624d90f,fallenstararena_quarter_01_c8r10.tgm,Tiny.V6,26848384,759
e9bda5d38e62f1c8,fallenstararena_quarter_01_c8r10.tgm.header,Tiny.V8,26864864,264
8bcb20293b77cb62,fallenstararena_quarter_01_c8r11.tgm,Streaming/Content/data/balance/worldareas/AC/mapuberboss_fallenstar.vworld,8568537,54573
21e8c76a5001dd9b,fallenstararena_quarter_01_c8r11.tgm.header,Tiny.V4,27154823,264
88f2def435e2c123,fallenstararena_quarter_01_c8r12.tgm,Tiny.V3,26671452,641
5209290cd081fbe1,fallenstararena_quarter_01_c8r12.tgm.header,Tiny.V6,26849143,264
9ba518004fe501b8,fallenstararena_quarter_01_c8r13.tgm,Tiny.V6,26849407,547
e5630695474c206d,fallenstararena_quarter_01_c8r13.tgm.header,Tiny.V6,26849954,264
da7b79763a629631,fallenstararena_quarter_01_c8r14.tgm,Streaming/Content/data/balance/worldareas/51/g3_2_1.vworld,272349,54545
1198b2b303758cb5,fallenstararena_quarter_01_c8r14.tgm.header,Tiny.VB,27031639,264
0681e1345db2c19a,fallenstararena_quarter_01_c8r15.tgm,Tiny.V8,26865128,633
b7696ab6ac9101e1,fallenstararena_quarter_01_c8r15.tgm.header,Tiny.V2,26965992,264
147b14409843cde8,fallenstararena_quarter_01_c8r16.tgm,Tiny.V9,27304351,411
77a527c877026a7c,fallenstararena_quarter_01_c8r16.tgm.header,Tiny.VB,27031903,264
b882a1ac4295285f,fallenstararena_quarter_01_c8r17.tgm,Streaming/Content/data/balance/worldareas/97/mapuberboss_fallenstar.vworld,4400723,54461
eeb5e10c41b67d4a,fallenstararena_quarter_01_c8r17.tgm.header,Tiny.V1,26821843,264
b46cb38d25d7f4bd,fallenstararena_quarter_01_c8r18.tgm,Tiny.V8,26865761,517
4f25277d85327fc7,fallenstararena_quarter_01_c8r18.tgm.header,Tiny.VC,27014037,264
b0ea240b6afbe582,fallenstararena_quarter_01_c8r19.tgm,Tiny.VB,27032167,431
d5e43734922b5be9,fallenstararena_quarter_01_c8r19.tgm.header,Tiny.VA,27037712,264
f1569ef9e25db241,fallenstararena_quarter_01_c8r2.tgm,Streaming/Content/data/balance/worldareas/8C/mapuberboss_fallenstar.vworld,239422,54323
844eb10a31312b5c,fallenstararena_quarter_01_c8r2.tgm.header,Tiny.V6,26850218,264
23f037a294e9c753,fallenstararena_quarter_01_c8r20.tgm,Streaming/Content/data/balance/worldareas/AF/mapuberboss_fallenstar.vworld,415873,54579
11d30f3c4e07ae11,fallenstararena_quarter_01_c8r20.tgm.header,Tiny.V7,26785839,264
23dd61f56e3413ca,fallenstararena_quarter_01_c8r21.tgm,Tiny.V7,26786103,793
4253850b2dd47140,fallenstararena_quarter_01_c8r21.tgm.header,Tiny.V2,26966256,264
d6291e65d69ad8d1,fallenstararena_quarter_01_c8r22.tgm,Tiny.VD,26811156,621
cfb04c84bb357b78,fallenstararena_quarter_01_c8r22.tgm.header,Tiny.V9,27304762,264
0907e960db96791d,fallenstararena_quarter_01_c8r23.tgm,Streaming/Content/data/balance/worldareas/AE/g1_15.vworld,304090,54499
1884e4b0c035b125,fallenstararena_quarter_01_c8r23.tgm.header,Tiny.V3,26672093,264
8de64a0391617458,fallenstararena_quarter_01_c8r24.tgm,Tiny.V1,26822107,765
dd86fb8d5b23abbe,fallenstararena_quarter_01_c8r24.tgm.header,Tiny.V4,27155087,264
1e442bfa5f14a215,fallenstararena_quarter_01_c8r25.tgm,Tiny.V0,27131261,609
6d6d357863ad0fe7,fallenstararena_quarter_01_c8r25.tgm.header,Tiny.VD,26811777,264
b62d45c6fe6e64e3,fallenstararena_quarter_01_c8r26.tgm,Streaming/Content/data/balance/worldareas/0F/mapuberboss_fallenstar.vworld,1473745,54533
fbe356403aae9aeb,fallenstararena_quarter_01_c8r26.tgm.header,Tiny.V5,26401301,264
c542153555ab2c76,fallenstararena_quarter_01_c8r27.tgm,Tiny.V3,26672357,509
4c410034277d00de,fallenstararena_quarter_01_c8r27.tgm.header,Tiny.V6,26850482,264
8201f8a2e524c27a,fallenstararena_quarter_01_c8r28.tgm,Tiny.VA,27037976,405
e4bcd77062914bb0,fallenstararena_quarter_01_c8r28.tgm.header,Tiny.V8,26866278,264
44a5aad751b51992,fallenstararena_quarter_01_c8r29.tgm,Streaming/Content/data/balance/worldareas/F3/mapuberboss_fallenstar.vworld,3247030,54715
4fd0edbb7c51ad87,fallenstararena_quarter_01_c8r29.tgm.header,Tiny.V2,26966520,264
41ad569b9980a7be,fallenstararena_quarter_01_c8r3.tgm,Tiny.V3,26672866,333
42bd48d0a3cef720,fallenstararena_quarter_01_c8r3.tgm.header,Tiny.V0,27131870,264
ec449046eb27f988,fallenstararena_quarter_01_c8r30.tgm,Tiny.VF,27016510,633
63310146ee9b313a,fallenstararena_quarter_01_c8r30.tgm.header,Tiny.VD,26812041,264
dbcf1b43fb6814df,fallenstararena_quarter_01_c8r31.tgm,Tiny.V5,26401565,811
1ed48d84bf177249,fallenstararena_quarter_01_c8r31.tgm.header,Tiny.V5,26402376,264
bb4227ab7ac3e91a,fallenstararena_quarter_01_c8r32.tgm,Streaming/Content/data/balance/worldareas/3F/mapuberboss_fallenstar.vworld,6640674,54453
090c310029099476,fallenstararena_quarter_01_c8r32.tgm.header,Tiny.V9,27305026,264
b4c5889526218d51,fallenstararena_quarter_01_c8r33.tgm,Streaming/Content/data/balance/worldareas/B7/mapuberboss_fallenstar.vworld,971289,54985
afb1ce18e856fdc0,fallenstararena_quarter_01_c8r33.tgm.header,Tiny.VF,27017143,264
9a2573661a11acbb,fallenstararena_quarter_01_c7r4.tgm,Tiny.VD,26810081,811
1212fbc2137674b6,fallenstararena_quarter_01_c7r4.tgm.header,Tiny.V7,26785354,264
4c4ad3cbdae1c7be,fallenstararena_quarter_01_c7r5.tgm,Tiny.V9,27303400,687
b7dca1860da1c4f0,fallenstararena_quarter_01_c7r5.tgm.header,Tiny.V9,27304087,264
e11c1076e6b0dbc7,fallenstararena_quarter_01_c7r6.tgm,Tiny.VC,27013364,673
0e601f4edd6933e8,fallenstararena_quarter_01_c7r6.tgm.header,Tiny.V5,26401037,264
e78c244889a42f3c,fallenstararena_quarter_01_c7r7.tgm,Tiny.VA,27036412,705
e9f9e739c0fcec55,fallenstararena_quarter_01_c7r7.tgm.header,Tiny.VF,27016246,264
1bc4db388a9a85f6,fallenstararena_quarter_01_c7r8.tgm,Tiny.VA,27037117,595
542896aecf10a511,fallenstararena_quarter_01_c7r8.tgm.header,Tiny.VD,26810892,264
8bdae4f6bb834988,fallenstararena_quarter_01_c7r9.tgm,Tiny.V1,26821288,555
e9146d24a1f67400,fallenstararena_quarter_01_c7r9.tgm.header,Tiny.VE,26785126,264
ff4b42f1c71445a0,fallenstararena_quarter_01_c7r1.tgm,Tiny.V2,26964708,379
bd80f2d2de14ea1b,fallenstararena_quarter_01_c7r1.tgm.header,Tiny.V4,27153398,264
bfec02f4d4ea1f87,fallenstararena_quarter_01_c7r10.tgm,Tiny.V3,26668310,727
344725d381afc684,fallenstararena_quarter_01_c7r10.tgm.header,Tiny.V7,26784191,264
32efe74fb13c3b39,fallenstararena_quarter_01_c7r11.tgm,Tiny.V5,26398799,719
ba829b9aac24e562,fallenstararena_quarter_01_c7r11.tgm.header,Tiny.V5,26399518,264
00ced053341d4d63,fallenstararena_quarter_01_c7r12.tgm,Tiny.VE,26784493,633
dd3ce6efe8118358,fallenstararena_quarter_01_c7r12.tgm.header,Tiny.V6,26846575,264
c49f822e9851ed06,fallenstararena_quarter_01_c7r13.tgm,Tiny.V8,26862277,443
b18b43ff0a9218c2,fallenstararena_quarter_01_c7r13.tgm.header,Tiny.V8,26862720,264
418b26ea50572848,fallenstararena_quarter_01_c7r14.tgm,Tiny.V7,26784455,635
07bc5e2a61d70190,fallenstararena_quarter_01_c7r14.tgm.header,Tiny.V6,26846839,264
72fdf985109782d2,fallenstararena_quarter_01_c7r15.tgm,Tiny.V6,26847103,753
8fe2c5f120dd601e,fallenstararena_quarter_01_c7r15.tgm.header,Tiny.V7,26785090,264
6ed4dc7134e4f747,fallenstararena_quarter_01_c7r16.tgm,Tiny.V0,27130316,681
79ed3c28786f3dcc,fallenstararena_quarter_01_c7r16.tgm.header,Tiny.V0,27130997,264
2b6ddb7a675b0984,fallenstararena_quarter_01_c7r17.tgm,Tiny.V3,26669037,627
32ac4e7e9db91294,fallenstararena_quarter_01_c7r17.tgm.header,Tiny.VC,27012097,264
c986e0ee278ad56f,fallenstararena_quarter_01_c7r18.tgm,Tiny.V3,26669664,765
18612a73da925af8,fallenstararena_quarter_01_c7r18.tgm.header,Tiny.V6,26847856,264
8e77cc151e5e3f05,fallenstararena_quarter_01_c7r19.tgm,Tiny.VF,27013929,641
ed4a2f6bcc3ca915,fallenstararena_quarter_01_c7r19.tgm.header,Tiny.V5,26399782,264
b337c378ae8a9d05,fallenstararena_quarter_01_c7r2.tgm,Tiny.VB,27029963,687
06d5222343729905,fallenstararena_quarter_01_c7r2.tgm.header,Tiny.V8,26862984,264
b0cbcadb83239db4,fallenstararena_quarter_01_c7r20.tgm,Tiny.VD,26807123,929
f1b025eb8edaa27a,fallenstararena_quarter_01_c7r20.tgm.header,Tiny.V3,26670429,264
f1a1535874ce4214,fallenstararena_quarter_01_c7r21.tgm,Tiny.VC,27012361,739
4aa741de4bda65fa,fallenstararena_quarter_01_c7r21.tgm.header,Tiny.VB,27030650,264
48b09d95fe0f7f54,fallenstararena_quarter_01_c7r22.tgm,Tiny.V8,26863248,549
c8f5ebfa6b1edc6a,fallenstararena_quarter_01_c7r22.tgm.header,Tiny.V1,26820496,264
3742303b3cdc98c3,fallenstararena_quarter_01_c7r23.tgm,Tiny.V9,27302529,607
74b81825209c5fa1,fallenstararena_quarter_01_c7r23.tgm.header,Tiny.V8,26863797,264
a190b753bb143f3d,fallenstararena_quarter_01_c7r24.tgm,Tiny.VF,27014570,653
d1687fe3add1bc2d,fallenstararena_quarter_01_c7r24.tgm.header,Tiny.V4,27153662,264
94786bc85d080f4d,fallenstararena_quarter_01_c7r25.tgm,Tiny.VD,26808052,595
2283c15aa3f2b6fe,fallenstararena_quarter_01_c7r25.tgm.header,Tiny.V1,26820760,264
270f591feddb8945,fallenstararena_quarter_01_c7r26.tgm,Tiny.VD,26808647,667
218f31ea0af11ddb,fallenstararena_quarter_01_c7r26.tgm.header,Tiny.VC,27013100,264
2279176057a64635,fallenstararena_quarter_01_c7r27.tgm,Tiny.V4,27153926,633
d3d5d07a9f82bebd,fallenstararena_quarter_01_c7r27.tgm.header,Tiny.V9,27303136,264
28a204a194c1009f,fallenstararena_quarter_01_c7r28.tgm,Tiny.VB,27030914,725
56e9bf2cf805b30b,fallenstararena_quarter_01_c7r28.tgm.header,Tiny.VF,27015223,264
81508ee18bd41633,fallenstararena_quarter_01_c7r29.tgm,Tiny.V8,26864061,803
5006e5d4077e0a40,fallenstararena_quarter_01_c7r29.tgm.header,Tiny.V1,26821024,264
15998b6446ca9eed,fallenstararena_quarter_01_c7r3.tgm,Tiny.V5,26400046,727
831c249117930132,fallenstararena_quarter_01_c7r3.tgm.header,Tiny.V4,27154559,264
91dab1047ac2a11a,fallenstararena_quarter_01_c7r30.tgm,Tiny.V2,26965087,641
81bc77e2886ea115,fallenstararena_quarter_01_c7r30.tgm.header,Tiny.V5,26400773,264
42687dedfa26d48e,fallenstararena_quarter_01_c7r31.tgm,Tiny.VF,27015487,759
18583ba5d454964d,fallenstararena_quarter_01_c7r31.tgm.header,Tiny.VD,26809314,264
e839c2bb711e40df,fallenstararena_quarter_01_c7r32.tgm,Tiny.VD,26809578,503
b2434b1de42abbeb,fallenstararena_quarter_01_c7r32.tgm.header,Tiny.VA,27036148,264
9305561384dfccde,fallenstararena_quarter_01_c7r33.tgm,Tiny.V3,26670693,759
1de9b98435e526c6,fallenstararena_quarter_01_c7r33.tgm.header,Tiny.V6,26848120,264
47f14d6e77476db6,fallenstararena_quarter_01_c6r4.tgm,Tiny.V9,27302058,471
2fc267589469d0cd,fallenstararena_quarter_01_c6r4.tgm.header,Tiny.V1,26820232,264
87c3476c56a0551e,fallenstararena_quarter_01_c6r5.tgm,Tiny.VF,27013478,451
ea08067c802a06f5,fallenstararena_quarter_01_c6r5.tgm.header,Tiny.VD,26806318,264
c763574e9c7c25f6,fallenstararena_quarter_01_c6r6.tgm,Tiny.V6,26846034,541
018e467243c2851d,fallenstararena_quarter_01_c6r6.tgm.header,Tiny.V8,26861749,264
6e34db9161b7f0f7,fallenstararena_quarter_01_c6r7.tgm,Tiny.VD,26806582,541
98317f073bccada5,fallenstararena_quarter_01_c6r7.tgm.header,Tiny.VC,27011833,264
652fb5ab9c52d65a,fallenstararena_quarter_01_c6r8.tgm,Tiny.V7,26783406,785
ff99f422bb953808,fallenstararena_quarter_01_c6r8.tgm.header,Tiny.V4,27153134,264
abe815a22444f473,fallenstararena_quarter_01_c6r9.tgm,Tiny.V2,26963903,805
598169e78e57def3,fallenstararena_quarter_01_c6r9.tgm.header,Tiny.V8,26862013,264
3ffc4fec2b6b1597,fallenstararena_quarter_01_c6r1.tgm,Tiny.V8,26859818,287
08bb5e18affe3797,fallenstararena_quarter_01_c6r1.tgm.header,Tiny.V4,27151652,264
d671fb7d570cfd9a,fallenstararena_quarter_01_c6r10.tgm,Tiny.VC,27010729,673
399114468ea1f1bb,fallenstararena_quarter_01_c6r10.tgm.header,Tiny.V6,26843068,264
acf707ae1142bcf5,fallenstararena_quarter_01_c6r11.tgm,Tiny.V6,26843332,661
a3fb58064df0525f,fallenstararena_quarter_01_c6r11.tgm.header,Tiny.VD,26805339,264
fe8672ce84a05c23,fallenstararena_quarter_01_c6r12.tgm,Tiny.V6,26843993,719
3a330cf152712603,fallenstararena_quarter_01_c6r12.tgm.header,Tiny.VD,26805603,264
3a1a1ec2f38f8e6e,fallenstararena_quarter_01_c6r13.tgm,Tiny.V6,26844712,681
2bee9b4aa4135501,fallenstararena_quarter_01_c6r13.tgm.header,Tiny.V8,26860105,264
c672defd46112fa4,fallenstararena_quarter_01_c6r14.tgm,Tiny.VF,27012237,713
fb4bc955d42c4306,fallenstararena_quarter_01_c6r14.tgm.header,Tiny.V8,26860369,264
f20ce38f47b4e672,fallenstararena_quarter_01_c6r15.tgm,Tiny.VA,27033438,523
f25d9b2148a941d1,fallenstararena_quarter_01_c6r15.tgm.header,Tiny.V2,26961606,264
2a702fbca95ee05b,fallenstararena_quarter_01_c6r16.tgm,Tiny.VD,26805867,451
8b8d9a08bf168f8b,fallenstararena_quarter_01_c6r16.tgm.header,Tiny.VA,27033961,264
54cc8bd7cead53c4,fallenstararena_quarter_01_c6r17.tgm,Tiny.V3,26667397,385
4b756b29a1d50c3d,fallenstararena_quarter_01_c6r17.tgm.header,Tiny.VA,27034225,264
8c142c458166f154,fallenstararena_quarter_01_c6r18.tgm,Tiny.V8,26860633,523
26942ce0bc8fd9d9,fallenstararena_quarter_01_c6r18.tgm.header,Tiny.V9,27300770,264
098161517b543c2a,fallenstararena_quarter_01_c6r19.tgm,Tiny.V9,27301034,529
20354638706e7ca2,fallenstararena_quarter_01_c6r19.tgm.header,Tiny.V1,26819968,264
669c7ae8c3e558d1,fallenstararena_quarter_01_c6r2.tgm,Tiny.VB,27028507,379
9cfa361657a3e0ff,fallenstararena_quarter_01_c6r2.tgm.header,Tiny.V7,26782190,264
f51d1b4feb00f492,fallenstararena_quarter_01_c6r20.tgm,Tiny.V2,26961870,647
feadd8947f03b890,fallenstararena_quarter_01_c6r20.tgm.header,Tiny.VF,27012950,264
90598b362269a033,fallenstararena_quarter_01_c6r21.tgm,Tiny.V6,26845393,641
aa70c486740b9db5,fallenstararena_quarter_01_c6r21.tgm.header,Tiny.V3,26667782,264
b9cf717803c1dc12,fallenstararena_quarter_01_c6r22.tgm,Tiny.V4,27151916,477
07f2e55a505985ee,fallenstararena_quarter_01_c6r22.tgm.header,Tiny.VA,27034489,264
42d0eb32aed9f628,fallenstararena_quarter_01_c6r23.tgm,Tiny.VC,27011402,431
1d87de518ea76df0,fallenstararena_quarter_01_c6r23.tgm.header,Tiny.VB,27028886,264
7a0e7a2db290aab1,fallenstararena_quarter_01_c6r24.tgm,Tiny.VB,27029150,549
bad18fad028e4142,fallenstararena_quarter_01_c6r24.tgm.header,Tiny.VA,27034753,264
b6a1e3fa2898fd2d,fallenstararena_quarter_01_c6r25.tgm,Tiny.V8,26861156,593
b39dbbc19820e119,fallenstararena_quarter_01_c6r25.tgm.header,Tiny.V5,26398000,264
8a8ab1929104773b,fallenstararena_quarter_01_c6r26.tgm,Tiny.V5,26398264,535
dbb5cfd63a48c9b9,fallenstararena_quarter_01_c6r26.tgm.header,Tiny.V2,26962517,264
eacb96f8a96e2423,fallenstararena_quarter_01_c6r27.tgm,Tiny.V7,26782454,561
5476251c69b5714a,fallenstararena_quarter_01_c6r27.tgm.header,Tiny.V3,26668046,264
79d2dfb90a6ca823,fallenstararena_quarter_01_c6r28.tgm,Tiny.V2,26962781,737
230fd10a690419d6,fallenstararena_quarter_01_c6r28.tgm.header,Tiny.V0,27129371,264
ec980571dd4d9d37,fallenstararena_quarter_01_c6r29.tgm,Tiny.V9,27301563,495
7735a1d83baeafb5,fallenstararena_quarter_01_c6r29.tgm.header,Tiny.VF,27013214,264
7a3a10608d178a8e,fallenstararena_quarter_01_c6r3.tgm,Tiny.V4,27152393,477
eaba266e98b03fbf,fallenstararena_quarter_01_c6r3.tgm.header,Tiny.VB,27029699,264
7378bac16ea3b951,fallenstararena_quarter_01_c6r30.tgm,Tiny.V0,27129635,417
ec0e309a113990d2,fallenstararena_quarter_01_c6r30.tgm.header,Tiny.V0,27130052,264
a16b7edc07bfdfd5,fallenstararena_quarter_01_c6r31.tgm,Tiny.V7,26783015,391
1ca3ff4ed6fb51b4,fallenstararena_quarter_01_c6r31.tgm.header,Tiny.VA,27035017,264
ee5442ad20c3bdf6,fallenstararena_quarter_01_c6r32.tgm,Tiny.V2,26963518,385
12ec18d88719cc4a,fallenstararena_quarter_01_c6r32.tgm.header,Tiny.V4,27152870,264
0daee88dbd9af2d5,fallenstararena_quarter_01_c6r33.tgm,Tiny.VA,27035281,603
7e07f004a42fbc38,fallenstararena_quarter_01_c6r33.tgm.header,Tiny.VA,27035884,264
be68ae597e6f12bc,fallenstararena_quarter_01_c5r4.tgm,Tiny.V7,26781805,385
5cf7c08cdae39ee7,fallenstararena_quarter_01_c5r4.tgm.header,Tiny.VD,26805075,264
84b3ef0417b3a223,fallenstararena_quarter_01_c5r5.tgm,Streaming/Content/data/balance/worldareas/F9/mapuberboss_fallenstar.vworld,688392,54355
80612eafec80cdae,fallenstararena_quarter_01_c5r5.tgm.header,Tiny.V9,27299799,264
07832f405a2a3de8,fallenstararena_quarter_01_c5r6.tgm,Tiny.VA,27033021,417
a12b42804be8920e,fallenstararena_quarter_01_c5r6.tgm.header,Tiny.V0,27128843,264
9e6b7457566f621f,fallenstararena_quarter_01_c5r7.tgm,Tiny.VB,27028122,385
3df3dda6b4240a8d,fallenstararena_quarter_01_c5r7.tgm.header,Tiny.V8,26859554,264
90b7eb50a0c308cf,fallenstararena_quarter_01_c5r8.tgm,Streaming/Content/data/balance/worldareas/38/mapuberboss_fallenstar.vworld,769419,54625
954800be3d93a6b3,fallenstararena_quarter_01_c5r8.tgm.header,Tiny.V5,26397736,264
e3a7a89367ec83f6,fallenstararena_quarter_01_c5r9.tgm,Tiny.V9,27300063,707
282f2a7acca28fd0,fallenstararena_quarter_01_c5r9.tgm.header,Tiny.V0,27129107,264
c73509e5a5c54b90,fallenstararena_quarter_01_c5r1.tgm,Tiny.VF,27011066,379
359c3a726d5568a5,fallenstararena_quarter_01_c5r1.tgm.header,Tiny.V5,26395029,264
eba59ee5e002f4bf,fallenstararena_quarter_01_c5r10.tgm,Tiny.V5,26395293,595
d03f38dc7b158e4d,fallenstararena_quarter_01_c5r10.tgm.header,Tiny.VC,27009408,264
259b5b244a59662f,fallenstararena_quarter_01_c5r11.tgm,Streaming/Content/data/balance/worldareas/9B/mapuberboss_fallenstar.vworld,6988763,54591
a126b7e4d91d85a1,fallenstararena_quarter_01_c5r11.tgm.header,Tiny.V7,26781277,264
fd3954c974087149,fallenstararena_quarter_01_c5r12.tgm,Tiny.VC,27009672,529
feb89222f78a3783,fallenstararena_quarter_01_c5r12.tgm.header,Tiny.VC,27010201,264
052c633b4aa2ebc9,fallenstararena_quarter_01_c5r13.tgm,Tiny.V0,27127694,621
391e6d61517d99b7,fallenstararena_quarter_01_c5r13.tgm.header,Tiny.VB,27027858,264
32ff20a4c26476c1,fallenstararena_quarter_01_c5r14.tgm,Streaming/Content/data/balance/worldareas/58/mapuberboss_fallenstar.vworld,1785475,54251
8fb5cab39771d9e8,fallenstararena_quarter_01_c5r14.tgm.header,Tiny.VD,26803768,264
f653085a5130299f,fallenstararena_quarter_01_c5r15.tgm,Tiny.V2,26961169,437
8a5d72764a6236bb,fallenstararena_quarter_01_c5r15.tgm.header,Tiny.V1,26816745,264
5ad8416f8eded9fd,fallenstararena_quarter_01_c5r16.tgm,Tiny.V5,26395888,633
94ef5de310caca75,fallenstararena_quarter_01_c5r16.tgm.header,Tiny.VA,27031986,264
648953e68267402f,fallenstararena_quarter_01_c5r17.tgm,Streaming/Content/data/balance/worldareas/D2/mapuberboss_fallenstar.vworld,14129899,54553
d4cc0bc6de09e974,fallenstararena_quarter_01_c5r17.tgm.header,Tiny.V6,26841161,264
47c11847f2fea650,fallenstararena_quarter_01_c5r18.tgm,Tiny.V1,26817009,863
3f098c15ab4704f0,fallenstararena_quarter_01_c5r18.tgm.header,Tiny.VC,27010465,264
ce533f1d0833c8a8,fallenstararena_quarter_01_c5r19.tgm,Tiny.VA,27032250,771
f382b94b4930b71d,fallenstararena_quarter_01_c5r19.tgm.header,Tiny.V5,26396521,264
f31f0dda089f561a,fallenstararena_quarter_01_c5r2.tgm,Streaming/Content/data/balance/worldareas/E0/mapuberboss_fallenstar.vworld,5708308,54507
22fbbf023be83019,fallenstararena_quarter_01_c5r2.tgm.header,Tiny.V7,26781541,264
018057c93d47130b,fallenstararena_quarter_01_c5r20.tgm,Streaming/Content/data/balance/worldareas/7D/mapuberboss_fallenstar.vworld,5862812,54651
934190a757b290db,fallenstararena_quarter_01_c5r20.tgm.header,Tiny.VF,27011445,264
3ea86cf3f76f5cff,fallenstararena_quarter_01_c5r21.tgm,Tiny.V1,26817872,929
b8bce50ee1dc616f,fallenstararena_quarter_01_c5r21.tgm.header,Tiny.V1,26818801,264
45e69a81f242125a,fallenstararena_quarter_01_c5r22.tgm,Tiny.V4,27150801,851
3512d8d5e17b5663,fallenstararena_quarter_01_c5r22.tgm.header,Tiny.VD,26804032,264
679279979524147e,fallenstararena_quarter_01_c5r23.tgm,Streaming/Content/data/balance/worldareas/C0/mapuberboss_fallenstar.vworld,15080,54625
d938e6a56d6d3f49,fallenstararena_quarter_01_c5r23.tgm.header,Tiny.V9,27299271,264
44391ef4c4594899,fallenstararena_quarter_01_c5r24.tgm,Tiny.V6,26841425,739
c3764ec19db43d2e,fallenstararena_quarter_01_c5r24.tgm.header,Tiny.V0,27128315,264
7d893b77acb238a5,fallenstararena_quarter_01_c5r25.tgm,Tiny.V8,26858875,679
e5a08c38622576c5,fallenstararena_quarter_01_c5r25.tgm.header,Tiny.V5,26396785,264
2ceacb0c052f387e,fallenstararena_quarter_01_c5r26.tgm,Streaming/Content/data/balance/worldareas/6D/mapuberboss_fallenstar.vworld,6538995,54263
8310117fe41e2ed5,fallenstararena_quarter_01_c5r26.tgm.header,Tiny.V3,26667133,264
84ea9f6bfde76558,fallenstararena_quarter_01_c5r27.tgm,Tiny.V6,26842164,481
a7722bd147d4cf38,fallenstararena_quarter_01_c5r27.tgm.header,Tiny.VF,27011709,264
586b9e239b06428d,fallenstararena_quarter_01_c5r28.tgm,Tiny.V1,26819065,639
5abd849cdd2d27cf,fallenstararena_quarter_01_c5r28.tgm.header,Tiny.V9,27299535,264
30fc4946301a0f8b,fallenstararena_quarter_01_c5r29.tgm,Streaming/Content/data/balance/worldareas/6D/mapuberboss_fallenstar.vworld,6593258,54315
df1075dd48827b72,fallenstararena_quarter_01_c5r29.tgm.header,Tiny.VE,26784229,264
a7a450841108d893,fallenstararena_quarter_01_c5r3.tgm,Tiny.VD,26804296,515
cbb5a74e35083012,fallenstararena_quarter_01_c5r3.tgm.header,Tiny.V0,27128579,264
a9f5508121811ace,fallenstararena_quarter_01_c5r30.tgm,Tiny.V6,26842645,423
f447679fa793a0b6,fallenstararena_quarter_01_c5r30.tgm.header,Tiny.VF,27011973,264
38475916307f9756,fallenstararena_quarter_01_c5r31.tgm,Tiny.V5,26397049,423
ebe2038d0265b613,fallenstararena_quarter_01_c5r31.tgm.header,Tiny.V1,26819704,264
583ab6133cab4f6e,fallenstararena_quarter_01_c5r32.tgm,Streaming/Content/data/balance/worldareas/71/bossrush_area3.vworld.1,220937,54269
4f65e22fb5975331,fallenstararena_quarter_01_c5r32.tgm.header,Tiny.VD,26804811,264
ccc609757e740291,fallenstararena_quarter_01_c5r33.tgm,Streaming/Content/data/balance/worldareas/EF/bossrush_area3.vworld.1,499752,54433
a39b83d3dcdb2d30,fallenstararena_quarter_01_c5r33.tgm.header,Tiny.V5,26397472,264
6b2aeabc927a8b69,fallenstararena_quarter_01_c4r4.tgm,Tiny.VC,27007432,635
e94361d0493b7ce8,fallenstararena_quarter_01_c4r4.tgm.header,Tiny.V2,26960905,264
633f3dac7775a31b,fallenstararena_quarter_01_c4r5.tgm,Tiny.V0,27126627,803
0592239971a86076,fallenstararena_quarter_01_c4r5.tgm.header,Tiny.VC,27008067,264
30c8c49e33be6113,fallenstararena_quarter_01_c4r6.tgm,Tiny.V8,26858268,607
5661ee8c2b12c8b9,fallenstararena_quarter_01_c4r6.tgm.header,Tiny.VC,27008331,264
87180839f9406b04,fallenstararena_quarter_01_c4r7.tgm,Tiny.VF,27010517,549
03fbcc5a15bff502,fallenstararena_quarter_01_c4r7.tgm.header,Tiny.V0,27127430,264
1c50532686724d49,fallenstararena_quarter_01_c4r8.tgm,Tiny.V5,26394402,627
0a94dcc9cee06fab,fallenstararena_quarter_01_c4r8.tgm.header,Tiny.V7,26781013,264
b849d01df7b56b08,fallenstararena_quarter_01_c4r9.tgm,Tiny.VC,27008595,549
cdb43873f17d9e0e,fallenstararena_quarter_01_c4r9.tgm.header,Tiny.VC,27009144,264
e4f9e6097f0f119d,fallenstararena_quarter_01_c4r1.tgm,Tiny.VE,26782515,333
b9893940400c2348,fallenstararena_quarter_01_c4r1.tgm.header,Tiny.V8,26856915,264
54576dc2b052e971,fallenstararena_quarter_01_c4r10.tgm,Tiny.VB,27025590,385
3932d01aa6918eae,fallenstararena_quarter_01_c4r10.tgm.header,Tiny.VB,27025975,264
c31291fc6dba747b,fallenstararena_quarter_01_c4r11.tgm,Tiny.V2,26959238,569
8ff9f26cd0228c3f,fallenstararena_quarter_01_c4r11.tgm.header,Tiny.V3,26665617,264
f8b333c33429e8db,fallenstararena_quarter_01_c4r12.tgm,Tiny.VC,27006015,589
7d693fda16536e69,fallenstararena_quarter_01_c4r12.tgm.header,Tiny.V8,26857179,264
bd29ffce6bc6b26a,fallenstararena_quarter_01_c4r13.tgm,Tiny.VD,26802249,727
28913c8340c325b1,fallenstararena_quarter_01_c4r13.tgm.header,Tiny.V0,27125561,264
383bfedd2518c70c,fallenstararena_quarter_01_c4r14.tgm,Tiny.VB,27026239,563
805d7a7c14b61a13,fallenstararena_quarter_01_c4r14.tgm.header,Tiny.V7,26778743,264
0e062b3d81ba9a47,fallenstararena_quarter_01_c4r15.tgm,Tiny.V7,26779007,805
78aff454505d7dc0,fallenstararena_quarter_01_c4r15.tgm.header,Tiny.VB,27026802,264
b39ec705c1636aaa,fallenstararena_quarter_01_c4r16.tgm,Tiny.V5,26391977,819
a8b7fd0313ff28c5,fallenstararena_quarter_01_c4r16.tgm.header,Tiny.VE,26782848,264
ba82497474ec3fe3,fallenstararena_quarter_01_c4r17.tgm,Tiny.V5,26392796,655
78c83d38b5ad49e9,fallenstararena_quarter_01_c4r17.tgm.header,Tiny.VD,26802976,264
59ad858dd8d019db,fallenstararena_quarter_01_c4r18.tgm,Tiny.V5,26393451,687
f87cae03eef53492,fallenstararena_quarter_01_c4r18.tgm.header,Tiny.VD,26803240,264
f74956b9fa7a9df5,fallenstararena_quarter_01_c4r19.tgm,Tiny.V2,26959807,463
052febe4ff037bad,fallenstararena_quarter_01_c4r19.tgm.header,Tiny.VF,27010253,264
d94e90e99c113aaa,fallenstararena_quarter_01_c4r2.tgm,Tiny.VC,27006604,425
68e8ab269a822026,fallenstararena_quarter_01_c4r2.tgm.header,Tiny.V2,26960270,264
38b554fd3142c10f,fallenstararena_quarter_01_c4r20.tgm,Tiny.V0,27125825,431
f8a09e2712aad646,fallenstararena_quarter_01_c4r20.tgm.header,Tiny.V5,26394138,264
a89ea35e980884ca,fallenstararena_quarter_01_c4r21.tgm,Tiny.V4,27150022,515
0ff94e1776195e22,fallenstararena_quarter_01_c4r21.tgm.header,Tiny.V7,26779812,264
bc00ba0fe371bb8c,fallenstararena_quarter_01_c4r22.tgm,Tiny.V6,26840264,633
6f6b126a393dfe55,fallenstararena_quarter_01_c4r22.tgm.header,Tiny.VE,26783112,264
5b145728041d10b6,fallenstararena_quarter_01_c4r23.tgm,Tiny.V7,26780076,673
6ff7e8fb65edfe01,fallenstararena_quarter_01_c4r23.tgm.header,Tiny.V3,26665881,264
262259b52c833cf9,fallenstararena_quarter_01_c4r24.tgm,Tiny.VA,27031327,659
8af691ec27442573,fallenstararena_quarter_01_c4r24.tgm.header,Tiny.V7,26780749,264
a4ae85867848d4d7,fallenstararena_quarter_01_c4r25.tgm,Tiny.V9,27298177,645
f1e1034a88e4c58c,fallenstararena_quarter_01_c4r25.tgm.header,Tiny.VB,27027066,264
8c2bb41f3b5aeb2f,fallenstararena_quarter_01_c4r26.tgm,Tiny.V3,26666145,371
5eb2983ac572d541,fallenstararena_quarter_01_c4r26.tgm.header,Tiny.VB,27027330,264
a5f0877986ee79ed,fallenstararena_quarter_01_c4r27.tgm,Tiny.V2,26960534,371
80eb16e2ee776899,fallenstararena_quarter_01_c4r27.tgm.header,Tiny.V8,26857443,264
0365d4ef9e210533,fallenstararena_quarter_01_c4r28.tgm,Tiny.V9,27298822,449
40bb23a37c959b28,fallenstararena_quarter_01_c4r28.tgm.header,Tiny.V3,26666516,264
957a399355be2ebf,fallenstararena_quarter_01_c4r29.tgm,Tiny.VC,27007029,403
734ea5ec67f394c9,fallenstararena_quarter_01_c4r29.tgm.header,Tiny.V6,26840897,264
9622d03e5ecc75c4,fallenstararena_quarter_01_c4r3.tgm,Tiny.VE,26783376,589
b0c921d5340fc1ae,fallenstararena_quarter_01_c4r3.tgm.header,Tiny.V4,27150537,264
1605e2ea10d3f183,fallenstararena_quarter_01_c4r30.tgm,Tiny.V0,27126256,371
840313490b2d3999,fallenstararena_quarter_01_c4r30.tgm.header,Tiny.VE,26783965,264
ed8524c4bb2ca78a,fallenstararena_quarter_01_c4r31.tgm,Tiny.V1,26816096,385
a41ccb8536ce2f86,fallenstararena_quarter_01_c4r31.tgm.header,Tiny.VD,26803504,264
492e50bcef186cfd,fallenstararena_quarter_01_c4r32.tgm,Tiny.V3,26666780,353
64a651b51d53f2df,fallenstararena_quarter_01_c4r32.tgm.header,Tiny.V1,26816481,264
110795397e7c4395,fallenstararena_quarter_01_c4r33.tgm,Tiny.V8,26857707,561
37423e13856748e8,fallenstararena_quarter_01_c4r33.tgm.header,Tiny.VB,27027594,264
548292824d3fa194,fallenstararena_quarter_01_c33r4.tgm,Tiny.V9,27294684,1369
0601033ccecb8c2f,fallenstararena_quarter_01_c33r4.tgm.header,Tiny.V7,26775090,264
dd1087cf468cbd17,fallenstararena_quarter_01_c33r5.tgm,Tiny.VB,27023144,1295
3067ac7f8d7ee2be,fallenstararena_quarter_01_c33r5.tgm.header,Tiny.V9,27296053,264
2333fba5ba61362c,fallenstararena_quarter_01_c33r6.tgm,Tiny.V7,26775354,1279
9ff132ee4cf1ff53,fallenstararena_quarter_01_c33r6.tgm.header,Tiny.V9,27296317,264
a86674862d40232f,fallenstararena_quarter_01_c33r7.tgm,Tiny.V8,26854505,1335
bb1cccd60da3f6f6,fallenstararena_quarter_01_c33r7.tgm.header,Tiny.V2,26955141,264
6c95ccf5456808f4,fallenstararena_quarter_01_c33r8.tgm,Tiny.V0,27122769,1313
3fce8818d544d0db,fallenstararena_quarter_01_c33r8.tgm.header,Tiny.V4,27148703,264
68d5a95dc4caa3a9,fallenstararena_quarter_01_c33r9.tgm,Streaming/Content/data/balance/worldareas/4D/mapuberboss_fallenstar.vworld,5592580,221187
a32ce5c04466d0eb,fallenstararena_quarter_01_c33r9.tgm.header,Tiny.V8,26855840,283
d0119d48ca6868ee,fallenstararena_quarter_01_c33r1.tgm,Tiny.V3,26662006,389
9a945ca4205098fe,fallenstararena_quarter_01_c33r1.tgm.header,Tiny.VE,26777410,264
fd7bd9d54f223d54,fallenstararena_quarter_01_c33r10.tgm,Streaming/Content/data/balance/worldareas/8E/mapprecursortowerdesert.vworld,1056937,4921
d8e29bff1a3a989c,fallenstararena_quarter_01_c33r10.tgm.header,Tiny.VD,26800741,264
e83104cb9be4e796,fallenstararena_quarter_01_c33r11.tgm,Streaming/Content/data/balance/worldareas/18/mapuberboss_fallenstar.vworld,6608179,316213
260c933b755f438b,fallenstararena_quarter_01_c33r11.tgm.header,Tiny.V6,26835673,283
d8817990b28273db,fallenstararena_quarter_01_c33r12.tgm,Tiny.VA,27026900,2597
4af3233ea7add40b,fallenstararena_quarter_01_c33r12.tgm.header,Tiny.V6,26835956,264
eea6ebdf47d48736,fallenstararena_quarter_01_c33r13.tgm,Tiny.VB,27020855,2289
eabf5c21ada4de54,fallenstararena_quarter_01_c33r13.tgm.header,Tiny.V1,26810616,264
564681f3a85a7cbf,fallenstararena_quarter_01_c33r14.tgm,Tiny.V6,26836220,2897
859384b2e082bfd0,fallenstararena_quarter_01_c33r14.tgm.header,Tiny.VF,27007646,264
ad9bf022da4b6228,fallenstararena_quarter_01_c33r15.tgm,Streaming/Content/data/balance/worldareas/3F/mapuberboss_fallenstar.vworld,5837777,802897
adc5ea65ca168441,fallenstararena_quarter_01_c33r15.tgm.header,Tiny.V1,26810880,403
7e84322eca7a76d7,fallenstararena_quarter_01_c33r16.tgm,Tiny.V8,26852030,2475
3f7c75e74cb7ca56,fallenstararena_quarter_01_c33r16.tgm.header,Tiny.VD,26801005,264
58c58d58dfb46031,fallenstararena_quarter_01_c33r17.tgm,Tiny.V5,26388520,1525
5f73180ee16c8d52,fallenstararena_quarter_01_c33r17.tgm.header,Tiny.VE,26777674,264
7df8e72965469f16,fallenstararena_quarter_01_c33r18.tgm,Tiny.VF,27007910,1039
f66693dfe1e8dc3b,fallenstararena_quarter_01_c33r18.tgm.header,Tiny.V1,26811283,264
60c9a8a85d371ffc,fallenstararena_quarter_01_c33r19.tgm,Streaming/Content/data/balance/worldareas/20/mapuberboss_fallenstar.vworld,5625015,5727
f749da47affeb540,fallenstararena_quarter_01_c33r19.tgm.header,Tiny.VF,27008949,264
9378bc74e9cee09d,fallenstararena_quarter_01_c33r2.tgm,Tiny.VE,26777938,923
2ee824d8350cf09b,fallenstararena_quarter_01_c33r2.tgm.header,Tiny.VE,26778861,264
391f14169ded60d2,fallenstararena_quarter_01_c33r20.tgm,Streaming/Content/data/balance/worldareas/E6/mapuberboss_fallenstar.vworld,8580514,6925
90ae8a364224614b,fallenstararena_quarter_01_c33r20.tgm.header,Tiny.V2,26954590,290
1261bb78eba4c6e7,fallenstararena_quarter_01_c33r21.tgm,Streaming/Content/data/balance/worldareas/DE/mapuberboss_fallenstar.vworld,5797111,6839
cec53bb969690541,fallenstararena_quarter_01_c33r21.tgm.header,Tiny.V1,26811547,410
122f9e6b86a96d2f,fallenstararena_quarter_01_c33r22.tgm,Streaming/Content/data/balance/worldareas/A5/mapuberboss_fallenstar.vworld,238556,6723
50633134db4762c4,fallenstararena_quarter_01_c33r22.tgm.header,Tiny.VC,27001217,410
b2e8f96e8371d4d8,fallenstararena_quarter_01_c33r23.tgm,Streaming/Content/data/balance/worldareas/33/mapuberboss_fallenstar.vworld,7434662,8997
b3849ba7ad1a6397,fallenstararena_quarter_01_c33r23.tgm.header,Tiny.VC,27001627,330
f95a1b93ca754d3c,fallenstararena_quarter_01_c33r24.tgm,Streaming/Content/data/balance/worldareas/E5/mapuberboss_fallenstar.vworld,8605932,6517
eab65502da3ae391,fallenstararena_quarter_01_c33r24.tgm.header,Tiny.V0,27122241,264
32970a9417b5117b,fallenstararena_quarter_01_c33r25.tgm,Tiny.VC,27001957,2617
a4067c0f55419f6a,fallenstararena_quarter_01_c33r25.tgm.header,Tiny.V3,26662395,264
2be83040a18a1657,fallenstararena_quarter_01_c33r26.tgm,Tiny.V4,27144955,3297
b6b860ab0ec86ab5,fallenstararena_quarter_01_c33r26.tgm.header,Tiny.V1,26811957,264
be082c8fa674f5c2,fallenstararena_quarter_01_c33r27.tgm,Streaming/Content/data/balance/worldareas/F0/mapuberboss_fallenstar.vworld,1940238,4731
647bc35fd8ccdb80,fallenstararena_quarter_01_c33r27.tgm.header,Tiny.V0,27122505,264
845ee6a6b5533294,fallenstararena_quarter_01_c33r28.tgm,Tiny.V7,26773191,1635
c8d9c4e17a23c4a8,fallenstararena_quarter_01_c33r28.tgm.header,Tiny.V1,26812221,264
2732b266ff62a283,fallenstararena_quarter_01_c33r29.tgm,Tiny.VA,27029497,451
6db373bf0c5115cd,fallenstararena_quarter_01_c33r29.tgm.header,Tiny.VE,26779125,264
611988661a31a995,fallenstararena_quarter_01_c33r3.tgm,Tiny.V9,27293259,1425
390a99b7dbe4745a,fallenstararena_quarter_01_c33r3.tgm.header,Tiny.VC,27004574,264
72c53b9998f1e9d3,fallenstararena_quarter_01_c33r30.tgm,Tiny.V2,26954880,261
f0fac5663ed48abf,fallenstararena_quarter_01_c33r30.tgm.header,Tiny.V1,26812485,264
bd8c782eac844f87,fallenstararena_quarter_01_c33r31.tgm,Tiny.VF,27009213,287
3eae04388cff285a,fallenstararena_quarter_01_c33r31.tgm.header,Tiny.V7,26774826,264
6d6560e81dd20618,fallenstararena_quarter_01_c33r32.tgm,Tiny.V4,27148252,451
6aac82895ad9085d,fallenstararena_quarter_01_c33r32.tgm.header,Tiny.VA,27029948,264
f33f47aa9c36ed75,fallenstararena_quarter_01_c33r33.tgm,Streaming/Content/data/balance/worldareas/13/mapuberboss_fallenstar.vworld,5600797,9475
f413572f29f113f0,fallenstararena_quarter_01_c33r33.tgm.header,Tiny.VE,26779389,330
68382f64de4203e3,fallenstararena_quarter_01_c32r4.tgm,Tiny.V1,26808419,1933
055f1262f9e8108b,fallenstararena_quarter_01_c32r4.tgm.header,Tiny.VA,27026636,264
88fda144792f561d,fallenstararena_quarter_01_c32r5.tgm,Streaming/Content/data/balance/worldareas/8D/mapuberboss_fallenstar.vworld,515710,61659
5b4f145cf5b70d62,fallenstararena_quarter_01_c32r5.tgm.header,Tiny.V6,26835409,264
3e397d0b7943db17,fallenstararena_quarter_01_c32r6.tgm,Tiny.VF,27006095,1551
47fe8e7136f2d565,fallenstararena_quarter_01_c32r6.tgm.header,Tiny.V1,26810352,264
644d16acf9e5e57b,fallenstararena_quarter_01_c32r7.tgm,Tiny.V0,27120416,1561
a19d58a78ab97b68,fallenstararena_quarter_01_c32r7.tgm.header,Tiny.VD,26800477,264
db60e4828145c3b2,fallenstararena_quarter_01_c32r8.tgm,Streaming/Content/data/balance/worldareas/68/mapmothersoul_male_quest.vworld,571095,62037
a7cf56c9646c0e84,fallenstararena_quarter_01_c32r8.tgm.header,Tiny.V2,26954326,264
2421aa54d3a6675f,fallenstararena_quarter_01_c32r9.tgm,Streaming/Content/data/balance/worldareas/B6/mapuberboss_fallenstar.vworld,6620455,6159
a4cf093be45d2914,fallenstararena_quarter_01_c32r9.tgm.header,Tiny.V0,27121977,264
6a6145e1fe692247,fallenstararena_quarter_01_c32r1.tgm,Tiny.V8,26850641,861
4e9c325c325dce86,fallenstararena_quarter_01_c32r1.tgm.header,Tiny.V2,26953534,264
77d9bac5c96608a3,fallenstararena_quarter_01_c32r10.tgm,Streaming/Content/data/balance/worldareas/D5/mapuberboss_fallenstar.vworld,78885,6803
6009e92df92d038d,fallenstararena_quarter_01_c32r10.tgm.header,Tiny.V8,26851502,264
4d989e25489ac2a9,fallenstararena_quarter_01_c32r11.tgm,Streaming/Content/data/balance/worldareas/D7/mapuberboss_fallenstar.vworld,116445,64213
3a6a2b474fc71cd1,fallenstararena_quarter_01_c32r11.tgm.header,Tiny.VE,26770762,264
093b49604083cec5,fallenstararena_quarter_01_c32r12.tgm,Tiny.VE,26771026,3067
6503ce7c3e5f3050,fallenstararena_quarter_01_c32r12.tgm.header,Tiny.V8,26851766,264
ab4d8493db2eaffd,fallenstararena_quarter_01_c32r13.tgm,Tiny.V3,26658581,3425
09861d402b1d5a2d,fallenstararena_quarter_01_c32r13.tgm.header,Tiny.VA,27026108,264
be2d8916d537e3b6,fallenstararena_quarter_01_c32r14.tgm,Tiny.V0,27116279,3873
424de0f6762831d1,fallenstararena_quarter_01_c32r14.tgm.header,Tiny.VD,26800213,264
706ba7f4f336dc58,fallenstararena_quarter_01_c32r15.tgm,Streaming/Content/data/balance/worldareas/09/mapuberboss_fallenstar.vworld,562151,4285
88064f3a97cc4f35,fallenstararena_quarter_01_c32r15.tgm.header,Tiny.V7,26769767,264
4e7639b841714f8c,fallenstararena_quarter_01_c32r16.tgm,Tiny.VE,26774093,3317
3d3b0f267a9840cb,fallenstararena_quarter_01_c32r16.tgm.header,Tiny.V2,26953798,264
989020fca35cb994,fallenstararena_quarter_01_c32r17.tgm,Tiny.V6,26829836,2455
bb646b2ea21309b1,fallenstararena_quarter_01_c32r17.tgm.header,Tiny.VA,27026372,264
d63e7e514206f65e,fallenstararena_quarter_01_c32r18.tgm,Tiny.V9,27290860,1607
cce50e71ad8e5471,fallenstararena_quarter_01_c32r18.tgm.header,Tiny.V5,26387886,264
8f6c0518fa87fc47,fallenstararena_quarter_01_c32r19.tgm,Streaming/Content/data/balance/worldareas/38/mapuberboss_fallenstar.vworld,761562,7857
4558bc0824a91e4a,fallenstararena_quarter_01_c32r19.tgm.header,Tiny.V7,26770031,264
101247cdd77216a8,fallenstararena_quarter_01_c32r2.tgm,Streaming/Content/data/balance/worldareas/93/mapuberboss_delirium.vworld,254063,61479
f6d3297b416525d0,fallenstararena_quarter_01_c32r2.tgm.header,Tiny.VC,26999005,264
ddfa9f8da08952e6,fallenstararena_quarter_01_c32r20.tgm,Streaming/Content/data/balance/worldareas/A8/mapuberboss_fallenstar.vworld,7829980,281805
26d7e1fa64087561,fallenstararena_quarter_01_c32r20.tgm.header,Tiny.VB,27017256,370
745ab245c615356c,fallenstararena_quarter_01_c32r21.tgm,Streaming/Content/data/balance/worldareas/53/mapuberboss_fallenstar.vworld,539320,6087
e73865fe1e84b278,fallenstararena_quarter_01_c32r21.tgm.header,Tiny.V5,26388150,370
0ccb645fd6d2731a,fallenstararena_quarter_01_c32r22.tgm,Streaming/Content/data/balance/worldareas/91/bossrush_area3.vworld.1,147673,5351
b109fc7f6ad657fe,fallenstararena_quarter_01_c32r22.tgm.header,Tiny.VC,26999269,370
13ea44274d47c5f1,fallenstararena_quarter_01_c32r23.tgm,Streaming/Content/data/balance/worldareas/A4/mapuberboss_fallenstar.vworld,1410318,8403
eeafe368cb5c53a3,fallenstararena_quarter_01_c32r23.tgm.header,Tiny.V7,26770295,330
0b372798e7cdf67a,fallenstararena_quarter_01_c32r24.tgm,Streaming/Content/data/balance/worldareas/25/mapuberboss_fallenstar.vworld,6744609,7127
74e96c65046a9fcb,fallenstararena_quarter_01_c32r24.tgm.header,Tiny.V4,27144401,290
3b5e2ebfe8c86252,fallenstararena_quarter_01_c32r25.tgm,Streaming/Content/data/balance/worldareas/E4/mapuberboss_fallenstar.vworld,582733,4529
ba04af0cd70ef608,fallenstararena_quarter_01_c32r25.tgm.header,Tiny.V9,27292467,264
93d5ba27cfbbf826,fallenstararena_quarter_01_c32r26.tgm,Tiny.V6,26832291,2479
0d384720e5858aa9,fallenstararena_quarter_01_c32r26.tgm.header,Tiny.V0,27120152,264
b53a9d8a97b7410b,fallenstararena_quarter_01_c32r27.tgm,Streaming/Content/data/balance/worldareas/F2/mapuberboss_fallenstar.vworld,1960458,5159
536483bd049f6ca9,fallenstararena_quarter_01_c32r27.tgm.header,Tiny.V2,26954062,264
3d725ff9876531ec,fallenstararena_quarter_01_c32r28.tgm,Tiny.VB,27017626,3229
5819d6547bc9a0ed,fallenstararena_quarter_01_c32r28.tgm.header,Tiny.VF,27005567,264
4fad2eff2735a825,fallenstararena_quarter_01_c32r29.tgm,Tiny.V6,26834770,639
d0263158e5cba0da,fallenstararena_quarter_01_c32r29.tgm.header,Tiny.V7,26770625,264
cb983d6602bbc643,fallenstararena_quarter_01_c32r3.tgm,Tiny.V7,26770889,1667
c845b7606b2ac758,fallenstararena_quarter_01_c32r3.tgm.header,Tiny.VC,26999639,264
dfb313d63e272342,fallenstararena_quarter_01_c32r30.tgm,Tiny.VC,26999903,463
cf4541a5126ab1fd,fallenstararena_quarter_01_c32r30.tgm.header,Tiny.VF,27005831,264
612ac7c20f76f82d,fallenstararena_quarter_01_c32r31.tgm,Tiny.VC,27000366,851
60ee7f2b57207f17,fallenstararena_quarter_01_c32r31.tgm.header,Tiny.V9,27292731,264
b7fe282c84553551,fallenstararena_quarter_01_c32r32.tgm,Tiny.V7,26772556,635
c8f0b6e9dbcb632e,fallenstararena_quarter_01_c32r32.tgm.header,Tiny.V9,27292995,264
4f28517b368ecbbd,fallenstararena_quarter_01_c32r33.tgm,Streaming/Content/data/balance/worldareas/83/mapuberboss_fallenstar.vworld,7108486,55057
0017f651a9564bdd,fallenstararena_quarter_01_c32r33.tgm.header,Tiny.V4,27144691,264
896a0d0796135e10,fallenstararena_quarter_01_c31r4.tgm,Tiny.V0,27114510,1769
2f6aa8f88f91efff,fallenstararena_quarter_01_c31r4.tgm.header,Tiny.VA,27024363,264
5f5457386cc796ac,fallenstararena_quarter_01_c31r5.tgm,Tiny.VA,27024627,1481
2742fb95e0ad67c9,fallenstararena_quarter_01_c31r5.tgm.header,Tiny.V6,26829572,264
6912639e0c527965,fallenstararena_quarter_01_c31r6.tgm,Tiny.V8,26848900,1477
6a208995917ab162,fallenstararena_quarter_01_c31r6.tgm.header,Tiny.V8,26850377,264
4696589aaf311eb7,fallenstararena_quarter_01_c31r7.tgm,Tiny.V7,26768116,1651
b7bcec01c8db5538,fallenstararena_quarter_01_c31r7.tgm.header,Tiny.V1,26808155,264
fcf8a359f679f421,fallenstararena_quarter_01_c31r8.tgm,Tiny.VE,26768505,2257
bf1f182bceea380b,fallenstararena_quarter_01_c31r8.tgm.header,Tiny.VC,26998741,264
f15df48a3ff4490a,fallenstararena_quarter_01_c31r9.tgm,Streaming/Content/data/balance/worldareas/5A/g2_9_1.vworld,9553,353209
22d59f2124ddf5b8,fallenstararena_quarter_01_c31r9.tgm.header,Tiny.V2,26953171,363
962fbb71bb1a26d3,fallenstararena_quarter_01_c31r1.tgm,Tiny.V5,26386321,1301
07a113bc5b139fd2,fallenstararena_quarter_01_c31r1.tgm.header,Tiny.VC,26998213,264
cdebb8f63bce5be6,fallenstararena_quarter_01_c31r10.tgm,Streaming/Content/data/balance/worldareas/20/mapuberboss_fallenstar.vworld,5619520,5495
efb950d898fe2038,fallenstararena_quarter_01_c31r10.tgm.header,Tiny.VA,27020017,264
35cd203ee72f6fac,fallenstararena_quarter_01_c31r11.tgm,Tiny.V3,26654372,3681
1dacec1b5040021a,fallenstararena_quarter_01_c31r11.tgm.header,Tiny.VA,27020281,264
f578627bde1ba38e,fallenstararena_quarter_01_c31r12.tgm,Tiny.VB,27013987,2741
47dab2020645d691,fallenstararena_quarter_01_c31r12.tgm.header,Tiny.VB,27016728,264
c495064d26ca8a89,fallenstararena_quarter_01_c31r13.tgm,Tiny.VA,27020545,2821
e09bf2978ca274d9,fallenstararena_quarter_01_c31r13.tgm.header,Tiny.V4,27141158,264
35031ee4b42a3d79,fallenstararena_quarter_01_c31r14.tgm,Tiny.V7,26764845,3271
41a4bb7d6e8c9e9e,fallenstararena_quarter_01_c31r14.tgm.header,Tiny.VD,26798710,264
c719e5dc01dcb666,fallenstararena_quarter_01_c31r15.tgm,Streaming/Content/data/balance/worldareas/EA/mapuberboss_fallenstar.vworld,7568392,360281
27c26de5889bf732,fallenstararena_quarter_01_c31r15.tgm.header,Tiny.V0,27112629,264
6ed75e5c5df56642,fallenstararena_quarter_01_c31r16.tgm,Tiny.V4,27141422,2609
e23f6f4b668835d4,fallenstararena_quarter_01_c31r16.tgm.header,Tiny.V9,27286224,264
a2032054060992b3,fallenstararena_quarter_01_c31r17.tgm,Streaming/Content/data/balance/worldareas/FB/mapuniquereactor_01.vworld,430699,209557
fd0371bcb5925039,fallenstararena_quarter_01_c31r17.tgm.header,Tiny.VA,27023366,264
6216bac4b57b47ce,fallenstararena_quarter_01_c31r18.tgm,Tiny.V9,27286488,1749
d957b122c1580acb,fallenstararena_quarter_01_c31r18.tgm.header,Tiny.V1,26807891,264
6b693b321ee57f07,fallenstararena_quarter_01_c31r19.tgm,Streaming/Content/data/balance/worldareas/88/mapuberboss_fallenstar.vworld,256677,604189
d92307668e408820,fallenstararena_quarter_01_c31r19.tgm.header,Tiny.V2,26950436,264
a12044f7b4f8e8b4,fallenstararena_quarter_01_c31r2.tgm,Tiny.V0,27112893,1617
63cea471362c9d2f,fallenstararena_quarter_01_c31r2.tgm.header,Tiny.VD,26798974,264
5d6de405e170e824,fallenstararena_quarter_01_c31r20.tgm,Streaming/Content/data/balance/worldareas/8C/mapuberboss_fallenstar.vworld,231937,7485
8aa5d6582fcf5daf,fallenstararena_quarter_01_c31r20.tgm.header,Tiny.V8,26848016,290
2b843c7a7ebfd809,fallenstararena_quarter_01_c31r21.tgm,Streaming/Content/data/balance/worldareas/F9/mapuberboss_fallenstar.vworld,681829,6563
28fddf49f5560dd6,fallenstararena_quarter_01_c31r21.tgm.header,Tiny.V8,26848306,330
f694deb7ac54e5c3,fallenstararena_quarter_01_c31r22.tgm,Streaming/Content/data/balance/worldareas/D5/mapuberboss_fallenstar.vworld,74776,4109
5084c377af8823a7,fallenstararena_quarter_01_c31r22.tgm.header,Tiny.VF,27004603,370
c99e1c8bf2231d6c,fallenstararena_quarter_01_c31r23.tgm,Streaming/Content/data/balance/worldareas/60/mapuberboss_fallenstar.vworld,855136,6715
6929418e5ff2efbe,fallenstararena_quarter_01_c31r23.tgm.header,Tiny.V4,27144031,370
b18d8a2ce5d0cc13,fallenstararena_quarter_01_c31r24.tgm,Streaming/Content/data/balance/worldareas/70/mapuberboss_fallenstar.vworld,7829677,5657
dd83c32fe1d5ca70,fallenstararena_quarter_01_c31r24.tgm.header,Tiny.VF,27004973,330
ee3a1bbb2e541be3,fallenstararena_quarter_01_c31r25.tgm,Streaming/Content/data/balance/worldareas/F6/mapport.vworld,508992,6465
e122639ac83d4d69,fallenstararena_quarter_01_c31r25.tgm.header,Tiny.V5,26387622,264
6f34e6ba1a3ec8e9,fallenstararena_quarter_01_c31r26.tgm,Tiny.V2,26950700,2471
b57bd87ce32e08d7,fallenstararena_quarter_01_c31r26.tgm.header,Tiny.VF,27005303,264
aba1b9e570adc5f6,fallenstararena_quarter_01_c31r27.tgm,Streaming/Content/data/balance/worldareas/B8/mapuberboss_fallenstar.vworld,402925,4309
80a90dd0318359b9,fallenstararena_quarter_01_c31r27.tgm.header,Tiny.VC,26998477,264
54e1f70d5a4665e1,fallenstararena_quarter_01_c31r28.tgm,Streaming/Content/data/balance/worldareas/D7/mapuberboss_fallenstar.vworld,111954,4491
c8f7ef133bb4b78f,fallenstararena_quarter_01_c31r28.tgm.header,Tiny.V3,26658053,264
15bb81b0126f7d91,fallenstararena_quarter_01_c31r29.tgm,Tiny.VE,26766951,1169
2493fda829599182,fallenstararena_quarter_01_c31r29.tgm.header,Tiny.V9,27288237,264
dad7b456bbfafd5a,fallenstararena_quarter_01_c31r3.tgm,Tiny.V9,27288501,1831
cf1b9b8477596f39,fallenstararena_quarter_01_c31r3.tgm.header,Tiny.V8,26848636,264
d2b1fcceb9885490,fallenstararena_quarter_01_c31r30.tgm,Tiny.VE,26768120,385
46d037508b64ddf3,fallenstararena_quarter_01_c31r30.tgm.header,Tiny.V3,26658317,264
75f6c36d20080de0,fallenstararena_quarter_01_c31r31.tgm,Tiny.V6,26828819,753
effc2ff2eec5b281,fallenstararena_quarter_01_c31r31.tgm.header,Tiny.VB,27016992,264
fc4e7592a1ee85e2,fallenstararena_quarter_01_c31r32.tgm,Tiny.VA,27023630,733
16fac163065e63f4,fallenstararena_quarter_01_c31r32.tgm.header,Tiny.V9,27290332,264
f570eb128296492c,fallenstararena_quarter_01_c31r33.tgm,Tiny.VD,26799238,975
84a40d9245615d21,fallenstararena_quarter_01_c31r33.tgm.header,Tiny.V9,27290596,264
f898c2b2a80b7faf,fallenstararena_quarter_01_c30r4.tgm,Tiny.V5,26382281,1905
57f17039c734fc6c,fallenstararena_quarter_01_c30r4.tgm.header,Tiny.V4,27140630,264
ee38b70b6fdd0091,fallenstararena_quarter_01_c30r5.tgm,Tiny.VD,26797093,1617
624106536dae9c39,fallenstararena_quarter_01_c30r5.tgm.header,Tiny.V1,26807627,264
73074ed266ebc6a4,fallenstararena_quarter_01_c30r6.tgm,Tiny.V7,26763232,1613
c65434636039eff0,fallenstararena_quarter_01_c30r6.tgm.header,Tiny.VB,27013723,264
38fa49253638d893,fallenstararena_quarter_01_c30r7.tgm,Tiny.V5,26384186,1871
80e0706ba22f9fb0,fallenstararena_quarter_01_c30r7.tgm.header,Tiny.V4,27140894,264
edd522424dc1c399,fallenstararena_quarter_01_c30r8.tgm,Streaming/Content/data/balance/worldareas/8E/mapprecursortowerdesert.vworld,1051796,5141
eff2042d482982f7,fallenstararena_quarter_01_c30r8.tgm.header,Tiny.V2,26950172,264
95dcae3abc892629,fallenstararena_quarter_01_c30r9.tgm,Streaming/Content/data/balance/worldareas/E7/mapuberboss_fallenstar.vworld,8732538,6715
73c04f4f2a22dab9,fallenstararena_quarter_01_c30r9.tgm.header,Tiny.V5,26386057,264
17c9d16394b40719,fallenstararena_quarter_01_c30r1.tgm,Tiny.V7,26761987,1245
799c2a7950181980,fallenstararena_quarter_01_c30r1.tgm.header,Tiny.V1,26806743,264
314e3ece1602e97b,fallenstararena_quarter_01_c30r10.tgm,Streaming/Content/data/balance/worldareas/09/mapuberboss_fallenstar.vworld,371190,190961
8f03ba1623ca40e5,fallenstararena_quarter_01_c30r10.tgm.header,Tiny.VA,27016973,323
ec2ae8bf1883e0c8,fallenstararena_quarter_01_c30r11.tgm,Tiny.V0,27110254,2375
bd3f8f64a88d3c12,fallenstararena_quarter_01_c30r11.tgm.header,Tiny.V4,27133747,264
99a047a30e8b79a3,fallenstararena_quarter_01_c30r12.tgm,Tiny.VA,27017296,2351
ef31e255b9070664,fallenstararena_quarter_01_c30r12.tgm.header,Tiny.VE,26764550,264
d7274b4e57c47939,fallenstararena_quarter_01_c30r13.tgm,Tiny.V4,27134011,2201
8ba2968b4f9a2ae0,fallenstararena_quarter_01_c30r13.tgm.header,Tiny.V9,27281973,264
1ec86b0421cf0749,fallenstararena_quarter_01_c30r14.tgm,Streaming/Content/data/balance/worldareas/19/mapuberboss_fallenstar.vworld,6430584,327177
db15e0c6b577afd3,fallenstararena_quarter_01_c30r14.tgm.header,Tiny.V3,26650776,323
b05451f43fba93e0,fallenstararena_quarter_01_c30r15.tgm,Tiny.VC,26991496,3081
b3b27df3968cd824,fallenstararena_quarter_01_c30r15.tgm.header,Tiny.VF,27004075,264
f14d25b69d64741a,fallenstararena_quarter_01_c30r16.tgm,Tiny.V3,26651099,2745
9a1dbe304794bb0c,fallenstararena_quarter_01_c30r16.tgm.header,Tiny.VB,27013459,264
277efdeae1af171b,fallenstararena_quarter_01_c30r17.tgm,Tiny.VC,26994577,1973
def70db5197ac11c,fallenstararena_quarter_01_c30r17.tgm.header,Tiny.VD,26796829,264
c9c29a4da4cfc34f,fallenstararena_quarter_01_c30r18.tgm,Tiny.V8,26845839,1649
f5b418095317b347,fallenstararena_quarter_01_c30r18.tgm.header,Tiny.VE,26764814,264
54d145952649b1f3,fallenstararena_quarter_01_c30r19.tgm,Streaming/Content/data/balance/worldareas/78/mapuberboss_fallenstar.vworld,4961640,117019
e7616045ab2e666a,fallenstararena_quarter_01_c30r19.tgm.header,Tiny.V8,26847488,264
e48249285c0d4182,fallenstararena_quarter_01_c30r2.tgm,Tiny.VC,26996550,1663
989714d05dd8c5c0,fallenstararena_quarter_01_c30r2.tgm.header,Tiny.VF,27004339,264
6eb11627a4027fd0,fallenstararena_quarter_01_c30r20.tgm,Streaming/Content/data/balance/worldareas/E7/mapuberboss_fallenstar.vworld,8725963,6575
234b527976ce1f7c,fallenstararena_quarter_01_c30r20.tgm.header,Tiny.V1,26807007,290
ee9db9a28165ae00,fallenstararena_quarter_01_c30r21.tgm,Streaming/Content/data/balance/worldareas/22/mapuberboss_fallenstar.vworld,11196822,7521
a8e35228207f7611,fallenstararena_quarter_01_c30r21.tgm.header,Tiny.V9,27282237,330
d8a426e18889d9a8,fallenstararena_quarter_01_c30r22.tgm,Streaming/Content/data/balance/worldareas/CB/mapuberboss_fallenstar.vworld,725196,4507
f0d7d012a6b3c19a,fallenstararena_quarter_01_c30r22.tgm.header,Tiny.V1,26807297,330
1045d79b25de68a2,fallenstararena_quarter_01_c30r23.tgm,Streaming/Content/data/balance/worldareas/28/mapuberboss_fallenstar.vworld,956943,5067
9c2e959a4b234d7c,fallenstararena_quarter_01_c30r23.tgm.header,Tiny.VA,27019647,370
dceb988113b9bbc1,fallenstararena_quarter_01_c30r24.tgm,Streaming/Content/data/balance/worldareas/FE/mapuberboss_fallenstar.vworld,11291571,6513
72012cddae007236,fallenstararena_quarter_01_c30r24.tgm.header,Tiny.VE,26765078,290
68b6009610c46182,fallenstararena_quarter_01_c30r25.tgm,Streaming/Content/data/balance/worldareas/7F/mapuberboss_fallenstar.vworld,5941394,6017
8ea3ea4fcd7ea167,fallenstararena_quarter_01_c30r25.tgm.header,Tiny.V2,26947770,290
c71dc7814bca3f43,fallenstararena_quarter_01_c30r26.tgm,Streaming/Content/data/balance/worldareas/61/mapuberboss_fallenstar.vworld,1406133,5421
19299bbe5afccdf3,fallenstararena_quarter_01_c30r26.tgm.header,Tiny.V5,26380510,264
d4e48664c82ada44,fallenstararena_quarter_01_c30r27.tgm,Tiny.V4,27136212,3631
4e8050dd087f59c2,fallenstararena_quarter_01_c30r27.tgm.header,Tiny.V5,26380774,264
cf007a3d7169648c,fallenstararena_quarter_01_c30r28.tgm,Streaming/Content/data/balance/worldareas/78/mapuberboss_fallenstar.vworld,5078659,4299
e5adb8ac9750d595,fallenstararena_quarter_01_c30r28.tgm.header,Tiny.V6,26828291,264
136c43461edc5087,fallenstararena_quarter_01_c30r29.tgm,Tiny.V9,27282567,3657
7235a1f1b3c215da,fallenstararena_quarter_01_c30r29.tgm.header,Tiny.V3,26653844,264
1ae1dbf5af914e67,fallenstararena_quarter_01_c30r3.tgm,Tiny.VE,26765368,1583
6260aaf39bc7b6c5,fallenstararena_quarter_01_c30r3.tgm.header,Tiny.V3,26654108,264
82d6f4dd99fc5d37,fallenstararena_quarter_01_c30r30.tgm,Tiny.V5,26381038,1243
5c5431e103ac99c4,fallenstararena_quarter_01_c30r30.tgm.header,Tiny.V8,26847752,264
dff0c6cfb41b384a,fallenstararena_quarter_01_c30r31.tgm,Tiny.V4,27139843,523
be9da68dd124ac17,fallenstararena_quarter_01_c30r31.tgm.header,Tiny.V2,26948060,264
39bdf743e513672b,fallenstararena_quarter_01_c30r32.tgm,Tiny.V2,26948324,653
49eaefcea51f6964,fallenstararena_quarter_01_c30r32.tgm.header,Tiny.V6,26828555,264
7b52b7c28bcca2bb,fallenstararena_quarter_01_c30r33.tgm,Tiny.V2,26948977,1195
f933fcefb1ac2b9c,fallenstararena_quarter_01_c30r33.tgm.header,Tiny.V4,27140366,264
e84c24b596b41e04,fallenstararena_quarter_01_c3r4.tgm,Tiny.VD,26801818,431
e9e3018effc8efe1,fallenstararena_quarter_01_c3r4.tgm.header,Tiny.V7,26778479,264
4f04d503e1c3008d,fallenstararena_quarter_01_c3r5.tgm,Tiny.V1,26815211,621
0f95f86d4440cf30,fallenstararena_quarter_01_c3r5.tgm.header,Tiny.VB,27024703,264
bcb27bf5af379419,fallenstararena_quarter_01_c3r6.tgm,Tiny.VC,27005630,385
fcdfcc96ee1cbab9,fallenstararena_quarter_01_c3r6.tgm.header,Tiny.V0,27125033,264
6933c7b5dbe36378,fallenstararena_quarter_01_c3r7.tgm,Tiny.VB,27024967,359
fef23031e6542896,fallenstararena_quarter_01_c3r7.tgm.header,Tiny.V1,26815832,264
9fc48ae0d14e8853,fallenstararena_quarter_01_c3r8.tgm,Tiny.V2,26958879,359
08433cee0233ee9b,fallenstararena_quarter_01_c3r8.tgm.header,Tiny.V0,27125297,264
39adddb74132f82e,fallenstararena_quarter_01_c3r9.tgm,Tiny.VE,26782058,457
e41d40aa3ddab9fd,fallenstararena_quarter_01_c3r9.tgm.header,Tiny.VB,27025326,264
317630eb77e85201,fallenstararena_quarter_01_c3r1.tgm,Tiny.V5,26390045,517
7e7baa5bffda812b,fallenstararena_quarter_01_c3r1.tgm.header,Tiny.VC,27004838,264
2a6bb04837049c36,fallenstararena_quarter_01_c3r10.tgm,Tiny.V2,26955405,405
f42a3bea40d1a3f3,fallenstararena_quarter_01_c3r10.tgm.header,Tiny.V2,26955810,264
42869ba932e066e9,fallenstararena_quarter_01_c3r11.tgm,Tiny.V1,26812749,745
e6c3f93568d0f499,fallenstararena_quarter_01_c3r11.tgm.header,Tiny.VF,27009500,264
4f79ec3db57f9da7,fallenstararena_quarter_01_c3r12.tgm,Tiny.V6,26839117,883
5817f15519090f8a,fallenstararena_quarter_01_c3r12.tgm.header,Tiny.V9,27296581,264
2215c0167f91cef0,fallenstararena_quarter_01_c3r13.tgm,Tiny.V2,26956074,647
3b21ba0ed55b17f9,fallenstararena_quarter_01_c3r13.tgm.header,Tiny.V2,26956721,264
902893c57d744a9d,fallenstararena_quarter_01_c3r14.tgm,Tiny.V3,26662659,503
e6dd5b8345b34e40,fallenstararena_quarter_01_c3r14.tgm.header,Tiny.VA,27030212,264
b5e80cd751624f14,fallenstararena_quarter_01_c3r15.tgm,Tiny.V0,27124082,687
8e712a4eec919533,fallenstararena_quarter_01_c3r15.tgm.header,Tiny.V4,27148967,264
3a9bf52c2ed56cc0,fallenstararena_quarter_01_c3r16.tgm,Tiny.VD,26801269,549
3d967692e67a6527,fallenstararena_quarter_01_c3r16.tgm.header,Tiny.V8,26856123,264
918737d43b92ce5d,fallenstararena_quarter_01_c3r17.tgm,Tiny.V3,26663162,615
9cbcd538d23c58d3,fallenstararena_quarter_01_c3r17.tgm.header,Tiny.V2,26956985,264
b4ab0b3c1a84662c,fallenstararena_quarter_01_c3r18.tgm,Tiny.V3,26663777,659
ea7fba533d92aa58,fallenstararena_quarter_01_c3r18.tgm.header,Tiny.V3,26664436,264
65d286f8afc427d1,fallenstararena_quarter_01_c3r19.tgm,Tiny.V1,26813494,613
6916bca998367bba,fallenstararena_quarter_01_c3r19.tgm.header,Tiny.V5,26390562,264
d2850aa0ce95e57e,fallenstararena_quarter_01_c3r2.tgm,Tiny.VE,26779719,641
ae2bcfde2bc63766,fallenstararena_quarter_01_c3r2.tgm.header,Tiny.VA,27030476,264
42a126618935f52f,fallenstararena_quarter_01_c3r20.tgm,Tiny.VE,26780360,601
1c14c67a18fa814e,fallenstararena_quarter_01_c3r20.tgm.header,Tiny.V0,27124769,264
376e3adbf6808871,fallenstararena_quarter_01_c3r21.tgm,Tiny.V4,27149231,791
6ba4628d6f3d9455,fallenstararena_quarter_01_c3r21.tgm.header,Tiny.V8,26856387,264
cc081b1d582b5e60,fallenstararena_quarter_01_c3r22.tgm,Tiny.V7,26776633,595
822777c211d82f2c,fallenstararena_quarter_01_c3r22.tgm.header,Tiny.V7,26777228,264
cf0597f60ada74ef,fallenstararena_quarter_01_c3r23.tgm,Tiny.VE,26780961,569
d82b327f81c27a56,fallenstararena_quarter_01_c3r23.tgm.header,Tiny.VC,27005102,264
6812177ce5d24de1,fallenstararena_quarter_01_c3r24.tgm,Tiny.V2,26957249,679
e8b02c517761e66d,fallenstararena_quarter_01_c3r24.tgm.header,Tiny.V3,26664700,264
c9cb108fda8dc366,fallenstararena_quarter_01_c3r25.tgm,Tiny.V9,27296845,771
a8d86f00d7921095,fallenstararena_quarter_01_c3r25.tgm.header,Tiny.V2,26957928,264
48c7a2c6c3aff5e9,fallenstararena_quarter_01_c3r26.tgm,Tiny.V2,26958192,687
cf250c9ec3cb89f7,fallenstararena_quarter_01_c3r26.tgm.header,Tiny.VE,26781530,264
5a3dc15d2582ce1b,fallenstararena_quarter_01_c3r27.tgm,Tiny.V1,26814107,635
24ac26b982db1a3e,fallenstararena_quarter_01_c3r27.tgm.header,Tiny.VC,27005366,264
6d87efdd065b0f70,fallenstararena_quarter_01_c3r28.tgm,Tiny.V5,26390826,623
38c0db79f0406dc5,fallenstararena_quarter_01_c3r28.tgm.header,Tiny.V6,26840000,264
e9dcad9baa143028,fallenstararena_quarter_01_c3r29.tgm,Tiny.VF,27009764,489
4bd60644537af0ef,fallenstararena_quarter_01_c3r29.tgm.header,Tiny.V7,26777492,264
f89bcddc7b5a6a18,fallenstararena_quarter_01_c3r3.tgm,Tiny.V3,26664964,653
716cf5cdd68ac3e4,fallenstararena_quarter_01_c3r3.tgm.header,Tiny.VB,27024439,264
2de0cf9ea85d9917,fallenstararena_quarter_01_c3r30.tgm,Tiny.V9,27297616,561
8dbad45c26e0ee83,fallenstararena_quarter_01_c3r30.tgm.header,Tiny.V5,26391449,264
08872bbf79e5a492,fallenstararena_quarter_01_c3r31.tgm,Tiny.VA,27030740,587
79aea40e1ce93b71,fallenstararena_quarter_01_c3r31.tgm.header,Tiny.VE,26781794,264
65648997f405db52,fallenstararena_quarter_01_c3r32.tgm,Tiny.V1,26814742,469
b600dbd529215305,fallenstararena_quarter_01_c3r32.tgm.header,Tiny.V8,26856651,264
012354ab6f223c67,fallenstararena_quarter_01_c3r33.tgm,Tiny.V7,26777756,723
b66204da94fd04c8,fallenstararena_quarter_01_c3r33.tgm.header,Tiny.V5,26391713,264
0eeadf6a9301a585,fallenstararena_quarter_01_c29r4.tgm,Tiny.VD,26794203,1589
02fefea14274f385,fallenstararena_quarter_01_c29r4.tgm.header,Tiny.VD,26795792,264
3fc0fb792c19cd60,fallenstararena_quarter_01_c29r5.tgm,Streaming/Content/data/balance/worldareas/E5/mapuberboss_fallenstar.vworld,8539982,61433
4bfbd59c27610c56,fallenstararena_quarter_01_c29r5.tgm.header,Tiny.VB,27011880,264
c7b1781f31d5258b,fallenstararena_quarter_01_c29r6.tgm,Tiny.VE,26760260,1651
8642db272a4108dc,fallenstararena_quarter_01_c29r6.tgm.header,Tiny.VF,27001417,264
f6f17345b9a7189d,fallenstararena_quarter_01_c29r7.tgm,Tiny.V0,27104980,3403
d54415d879658f94,fallenstararena_quarter_01_c29r7.tgm.header,Tiny.VE,26761911,264
f0b53ff56b46627f,fallenstararena_quarter_01_c29r8.tgm,Streaming/Content/data/balance/worldareas/BF/mapuberboss_fallenstar.vworld,431680,267505
03903160be5793cf,fallenstararena_quarter_01_c29r8.tgm.header,Tiny.V0,27108383,443
6bbd2da20b02af1a,fallenstararena_quarter_01_c29r9.tgm,Streaming/Content/data/balance/worldareas/E5/mapuberboss_fallenstar.vworld,8601415,4517
391e084650ead725,fallenstararena_quarter_01_c29r9.tgm.header,Tiny.V3,26649456,264
35a95253171220b8,fallenstararena_quarter_01_c29r1.tgm,Tiny.V0,27102582,1177
3442e18c9d8455fd,fallenstararena_quarter_01_c29r1.tgm.header,Tiny.V0,27103759,264
ad80a1d1700eefae,fallenstararena_quarter_01_c29r10.tgm,Tiny.V4,27128183,3717
b4bf97c732c875c0,fallenstararena_quarter_01_c29r10.tgm.header,Tiny.V5,26374940,264
df19eaaa6b2f52be,fallenstararena_quarter_01_c29r11.tgm,Streaming/Content/data/balance/worldareas/2E/mapuberboss_fallenstar.vworld,1839747,62909
7d9eeae8d8e34244,fallenstararena_quarter_01_c29r11.tgm.header,Tiny.V1,26804701,264
f439dd24e77d0d4a,fallenstararena_quarter_01_c29r12.tgm,Tiny.V7,26758010,2345
56b278681651610c,fallenstararena_quarter_01_c29r12.tgm.header,Tiny.V3,26641362,264
4369c466168c716e,fallenstararena_quarter_01_c29r13.tgm,Tiny.VD,26791034,2641
d5706c82f5d41ff8,fallenstararena_quarter_01_c29r13.tgm.header,Tiny.V5,26375204,264
d8ad46eff2f85cf6,fallenstararena_quarter_01_c29r14.tgm,Tiny.VB,27005854,3797
0381c1ce45e9fa5b,fallenstararena_quarter_01_c29r14.tgm.header,Tiny.V8,26844519,264
bb869bb4d16d6945,fallenstararena_quarter_01_c29r15.tgm,Streaming/Content/data/balance/worldareas/82/mapuberboss_fallenstar.vworld,41352,536105
f75a1bdb0e1dd3da,fallenstararena_quarter_01_c29r15.tgm.header,Tiny.V0,27104023,403
e7b3e500f57af474,fallenstararena_quarter_01_c29r16.tgm,Tiny.V5,26375468,3445
c0dc7285e8620fd2,fallenstararena_quarter_01_c29r16.tgm.header,Tiny.V7,26760355,264
d7e86f727af0086a,fallenstararena_quarter_01_c29r17.tgm,Tiny.V6,26825125,2089
b9841cdb77680a20,fallenstararena_quarter_01_c29r17.tgm.header,Tiny.V3,26641626,264
7c79ae95060165ee,fallenstararena_quarter_01_c29r18.tgm,Tiny.V9,27276959,2711
a64d6bdd4d14f2b3,fallenstararena_quarter_01_c29r18.tgm.header,Tiny.V1,26804965,264
12cd3390040ab936,fallenstararena_quarter_01_c29r19.tgm,Streaming/Content/data/balance/worldareas/FD/mapuberboss_fallenstar.vworld,1650151,10035
d7b57f1fca8b5df0,fallenstararena_quarter_01_c29r19.tgm.header,Tiny.V0,27104426,290
332442ef0406347b,fallenstararena_quarter_01_c29r2.tgm,Streaming/Content/data/balance/worldareas/F7/g1_15.vworld,513810,61671
83f307e2c58edb7a,fallenstararena_quarter_01_c29r2.tgm.header,Tiny.V8,26844783,264
28c02efabee5147b,fallenstararena_quarter_01_c29r20.tgm,Streaming/Content/data/balance/worldareas/08/mapuberboss_fallenstar.vworld,8715953,9399
bfe089b5839d6852,fallenstararena_quarter_01_c29r20.tgm.header,Tiny.V3,26641890,330
e5d61b071531bd59,fallenstararena_quarter_01_c29r21.tgm,Streaming/Content/data/balance/worldareas/EF/bossrush_area3.vworld.1,491663,8089
64516f999719db03,fallenstararena_quarter_01_c29r21.tgm.header,Tiny.VC,26985971,330
d868b4ae5b99b743,fallenstararena_quarter_01_c29r22.tgm,Streaming/Content/data/balance/worldareas/9C/mapuberboss_fallenstar.vworld,463380,4399
6c8f749c54f5b546,fallenstararena_quarter_01_c29r22.tgm.header,Tiny.VC,26986301,330
5be3dd50276dd09f,fallenstararena_quarter_01_c29r23.tgm,Tiny.V3,26642220,3971
e1be17451969e128,fallenstararena_quarter_01_c29r23.tgm.header,Tiny.VF,27000552,330
e8f97b630c10413b,fallenstararena_quarter_01_c29r24.tgm,Streaming/Content/data/balance/worldareas/6F/delirium_hungerboss.vworld,359733,6249
241b04f79657e1ee,fallenstararena_quarter_01_c29r24.tgm.header,Tiny.V2,26946633,330
271521168ae809ae,fallenstararena_quarter_01_c29r25.tgm,Streaming/Content/data/balance/worldareas/C0/mapuberboss_fallenstar.vworld,8085,6995
9a673671680b2935,fallenstararena_quarter_01_c29r25.tgm.header,Tiny.V9,27279670,330
d94a3dc3c4b03018,fallenstararena_quarter_01_c29r26.tgm,Streaming/Content/data/balance/worldareas/31/mapuberboss_fallenstar.vworld,5033,7985
6dd5591a4d8983ea,fallenstararena_quarter_01_c29r26.tgm.header,Tiny.V3,26646191,264
dacb5873d81cf217,fallenstararena_quarter_01_c29r27.tgm,Streaming/Content/data/balance/worldareas/1B/mapuberboss_fallenstar.vworld,792559,4521
b37c78a1539eb107,fallenstararena_quarter_01_c29r27.tgm.header,Tiny.VB,27009651,264
83956a0c34256fb6,fallenstararena_quarter_01_c29r28.tgm,Tiny.V3,26646455,3001
0768425de958c76d,fallenstararena_quarter_01_c29r28.tgm.header,Tiny.VD,26793675,264
23b28d924d60494c,fallenstararena_quarter_01_c29r29.tgm,Tiny.VC,26986631,3545
4ba88a82a529f7aa,fallenstararena_quarter_01_c29r29.tgm.header,Tiny.V9,27280000,264
d7525ecee92cc371,fallenstararena_quarter_01_c29r3.tgm,Tiny.V4,27131900,1583
cd224beb4140af8c,fallenstararena_quarter_01_c29r3.tgm.header,Tiny.VB,27009915,264
4527dcb811fa30e5,fallenstararena_quarter_01_c29r30.tgm,Tiny.VB,27010179,1701
58ee516ff87c56b2,fallenstararena_quarter_01_c29r30.tgm.header,Tiny.V6,26827214,264
9135b0471613c65d,fallenstararena_quarter_01_c29r31.tgm,Tiny.V1,26805229,673
355878a2a61896d6,fallenstararena_quarter_01_c29r31.tgm.header,Tiny.VD,26793939,264
b29836f31b959b39,fallenstararena_quarter_01_c29r32.tgm,Tiny.VF,27000882,535
a5d12a509fbd55f1,fallenstararena_quarter_01_c29r32.tgm.header,Tiny.V0,27104716,264
cab8535bdf1dcf40,fallenstararena_quarter_01_c29r33.tgm,Streaming/Content/data/balance/worldareas/37/expeditionsubarea_blackknightboss.vworld,471734,55345
e9523c3b74beebd8,fallenstararena_quarter_01_c29r33.tgm.header,Tiny.V1,26805902,264
53ab57aefafd729a,fallenstararena_quarter_01_c28r4.tgm,Tiny.V0,27100957,1625
3cbc63908f119198,fallenstararena_quarter_01_c28r4.tgm.header,Tiny.VA,27015698,264
b238ea460caa2696,fallenstararena_quarter_01_c28r5.tgm,Tiny.V3,26639087,1747
9c5f38f2745479ee,fallenstararena_quarter_01_c28r5.tgm.header,Tiny.V5,26374676,264
a649ab13eff4e11d,fallenstararena_quarter_01_c28r6.tgm,Tiny.VB,27002405,3449
64d147263b77b6c3,fallenstararena_quarter_01_c28r6.tgm.header,Tiny.V3,26640834,264
6dbec390f308319f,fallenstararena_quarter_01_c28r7.tgm,Streaming/Content/data/balance/worldareas/D5/mapuberboss_fallenstar.vworld,68605,6171
2d3318d4d8a7652a,fallenstararena_quarter_01_c28r7.tgm.header,Tiny.VC,26985443,264
aaddd92218e2092c,fallenstararena_quarter_01_c28r8.tgm,Streaming/Content/data/balance/worldareas/53/mapuberboss_fallenstar.vworld,533795,5525
d56f5f4fefd933c5,fallenstararena_quarter_01_c28r8.tgm.header,Tiny.VC,26985707,264
e50ac8b322505892,fallenstararena_quarter_01_c28r9.tgm,Tiny.VE,26756547,3713
1c1a66953a418bca,fallenstararena_quarter_01_c28r9.tgm.header,Tiny.V3,26641098,264
c8a83baa7265e305,fallenstararena_quarter_01_c28r1.tgm,Tiny.V0,27095919,1183
10ed2aa4d97b479f,fallenstararena_quarter_01_c28r1.tgm.header,Tiny.V9,27272762,264
ecaafd9daabb1fb8,fallenstararena_quarter_01_c28r10.tgm,Tiny.V9,27273026,3603
94eb1a7220208274,fallenstararena_quarter_01_c28r10.tgm.header,Tiny.VF,26999760,264
57fd8e3c2d1420fb,fallenstararena_quarter_01_c28r11.tgm,Tiny.V5,26366934,3149
2d8f8152dd0c3c93,fallenstararena_quarter_01_c28r11.tgm.header,Tiny.VF,27000024,264
5867394146cec670,fallenstararena_quarter_01_c28r12.tgm,Tiny.VE,26752651,2635
1a26249a02d6565b,fallenstararena_quarter_01_c28r12.tgm.header,Tiny.VE,26755286,264
ea267b4a53013b0a,fallenstararena_quarter_01_c28r13.tgm,Tiny.V7,26752024,2671
be900c7ca1c6f29e,fallenstararena_quarter_01_c28r13.tgm.header,Tiny.V0,27097102,264
3bceb94e6613ca36,fallenstararena_quarter_01_c28r14.tgm,Tiny.V3,26635008,4079
d40fef444ad7478a,fallenstararena_quarter_01_c28r14.tgm.header,Tiny.V2,26943370,264
17c70edd545eef4d,fallenstararena_quarter_01_c28r15.tgm,Streaming/Content/data/balance/worldareas/AB/mapuberboss_fallenstar.vworld,3067874,4933
dcdf5d5bc1c0fb67,fallenstararena_quarter_01_c28r15.tgm.header,Tiny.V1,26803883,264
9ffc5cae60ea2628,fallenstararena_quarter_01_c28r16.tgm,Tiny.V4,27123023,3637
d0203e43d8b0f874,fallenstararena_quarter_01_c28r16.tgm.header,Tiny.VF,27000288,264
01a935c8faf94bda,fallenstararena_quarter_01_c28r17.tgm,Tiny.VB,26999624,2227
497a8d051c294ff7,fallenstararena_quarter_01_c28r17.tgm.header,Tiny.V5,26370083,264
d1def580bc40e21f,fallenstararena_quarter_01_c28r18.tgm,Tiny.VC,26981722,3457
d6ba7e6ba20185cb,fallenstararena_quarter_01_c28r18.tgm.header,Tiny.VD,26790400,264
5b0ba348e47109f2,fallenstararena_quarter_01_c28r19.tgm,Streaming/Content/data/balance/worldareas/D5/mapuberboss_fallenstar.vworld,16236,52369
741adbd64de4778c,fallenstararena_quarter_01_c28r19.tgm.header,Tiny.V2,26943634,370
0f1f72635eeeda63,fallenstararena_quarter_01_c28r2.tgm,Tiny.V8,26842530,1725
5cacf1f7550ffbe8,fallenstararena_quarter_01_c28r2.tgm.header,Tiny.V4,27126660,264
b8ef376a9c0f11db,fallenstararena_quarter_01_c28r20.tgm,Streaming/Content/data/balance/worldareas/53/mapuberboss_fallenstar.vworld,521268,12527
d5ccb4711948d621,fallenstararena_quarter_01_c28r20.tgm.header,Tiny.VD,26790664,370
42b4b4e94ba336a8,fallenstararena_quarter_01_c28r21.tgm,Streaming/Content/data/balance/worldareas/DD/g2_2.vworld,597875,6755
5dd57be8a71e1570,fallenstararena_quarter_01_c28r21.tgm.header,Tiny.VB,27001851,290
0f09d83f167c8815,fallenstararena_quarter_01_c28r22.tgm,Tiny.V7,26754695,3315
f00a3ccebd1eb298,fallenstararena_quarter_01_c28r22.tgm.header,Tiny.V9,27276629,330
9cfb74dc1e426408,fallenstararena_quarter_01_c28r23.tgm,Tiny.V0,27097366,2997
4de6d95f9640b9ad,fallenstararena_quarter_01_c28r23.tgm.header,Tiny.V1,26804147,290
54a90803524efd1d,fallenstararena_quarter_01_c28r24.tgm,Tiny.VA,27010930,3269
60ff5c71b854da57,fallenstararena_quarter_01_c28r24.tgm.header,Tiny.VE,26755550,290
6af9f65c1fabef4c,fallenstararena_quarter_01_c28r25.tgm,Streaming/Content/data/balance/worldareas/2E/mapuberboss_fallenstar.vworld,1833338,6409
0e07eb4ff43d4600,fallenstararena_quarter_01_c28r25.tgm.header,Tiny.V0,27100363,330
b8aeb492518c4ace,fallenstararena_quarter_01_c28r26.tgm,Streaming/Content/data/balance/worldareas/69/mapuberboss_fallenstar.vworld,3061698,7079
435ba85ef93e050b,fallenstararena_quarter_01_c28r26.tgm.header,Tiny.V5,26370347,370
40fcebe2bad73d08,fallenstararena_quarter_01_c28r27.tgm,Streaming/Content/data/balance/worldareas/ED/mapuberboss_fallenstar.vworld,8388944,6915
90cda4e367c41c7d,fallenstararena_quarter_01_c28r27.tgm.header,Tiny.V5,26370717,264
19d9de79f2e4394e,fallenstararena_quarter_01_c28r28.tgm,Streaming/Content/data/balance/worldareas/06/g2_9_1.vworld,537022,4843
aef2159410ec7800,fallenstararena_quarter_01_c28r28.tgm.header,Tiny.VC,26985179,264
f7e4220264b3a3e8,fallenstararena_quarter_01_c28r29.tgm,Tiny.V5,26370981,3431
ecc9c1878d366267,fallenstararena_quarter_01_c28r29.tgm.header,Tiny.V0,27100693,264
3aeb197e7595b69d,fallenstararena_quarter_01_c28r3.tgm,Tiny.VA,27014199,1499
9a47dc45a5439ef5,fallenstararena_quarter_01_c28r3.tgm.header,Tiny.V5,26374412,264
028dcf9cea604522,fallenstararena_quarter_01_c28r30.tgm,Tiny.V2,26944004,2629
6e6c346cac5d0ea1,fallenstararena_quarter_01_c28r30.tgm.header,Tiny.V4,27126924,264
41bd35b176f04526,fallenstararena_quarter_01_c28r31.tgm,Tiny.V4,27127188,995
8a2c5934fb5574a2,fallenstararena_quarter_01_c28r31.tgm.header,Tiny.V8,26844255,264
beea96704b1e1789,fallenstararena_quarter_01_c28r32.tgm,Tiny.VE,26755840,707
d4f03bb04188b53c,fallenstararena_quarter_01_c28r32.tgm.header,Tiny.V1,26804437,264
4f4b3294d2da876f,fallenstararena_quarter_01_c28r33.tgm,Tiny.V6,26823796,1329
2bf6dbb11c023e14,fallenstararena_quarter_01_c28r33.tgm.header,Tiny.VB,27002141,264
7dfa66e06c730539,fallenstararena_quarter_01_c27r4.tgm,Tiny.V0,27094262,1657
c6f1c895b3e3f47a,fallenstararena_quarter_01_c27r4.tgm.header,Tiny.VF,26999496,264
322f6ccb37cf5f18,fallenstararena_quarter_01_c27r5.tgm,Tiny.V5,26363423,3511
ebed636eeece6890,fallenstararena_quarter_01_c27r5.tgm.header,Tiny.VE,26752123,264
5d264e3b156ebffd,fallenstararena_quarter_01_c27r6.tgm,Streaming/Content/data/balance/worldareas/37/expeditionsubarea_blackknightboss.vworld,464365,7369
706c92f56fe8fdac,fallenstararena_quarter_01_c27r6.tgm.header,Tiny.V7,26751760,264
676fb90e57afdb21,fallenstararena_quarter_01_c27r7.tgm,Streaming/Content/data/balance/worldareas/BD/mapuberboss_fallenstar.vworld,11416415,6067
8d08d5a63affd6af,fallenstararena_quarter_01_c27r7.tgm.header,Tiny.VE,26752387,264
f29f826864ea159e,fallenstararena_quarter_01_c27r8.tgm,Streaming/Content/data/balance/worldareas/82/mapuberboss_fallenstar.vworld,36845,4507
8fa7d18fbc1b05e3,fallenstararena_quarter_01_c27r8.tgm.header,Tiny.V4,27122759,264
f03e94bf1fb0fad7,fallenstararena_quarter_01_c27r9.tgm,Streaming/Content/data/balance/worldareas/67/mapgeode.vworld,458360,4107
7785f85ba8891a0d,fallenstararena_quarter_01_c27r9.tgm.header,Tiny.V1,26803619,264
06ca47ea46fa191b,fallenstararena_quarter_01_c27r1.tgm,Tiny.V2,26939730,1267
43e57ecc7840213d,fallenstararena_quarter_01_c27r1.tgm.header,Tiny.V3,26631174,264
631a792369c3fc9f,fallenstararena_quarter_01_c27r10.tgm,Tiny.V4,27117523,2963
dc4e667e323565a1,fallenstararena_quarter_01_c27r10.tgm.header,Tiny.VD,26786315,264
750f0e2afcb8a71b,fallenstararena_quarter_01_c27r11.tgm,Tiny.VC,26977951,2689
4cc49130eb954975,fallenstararena_quarter_01_c27r11.tgm.header,Tiny.VD,26786579,264
f6efb66b24429c04,fallenstararena_quarter_01_c27r12.tgm,Tiny.V9,27268805,3165
4d07908c9660baca,fallenstararena_quarter_01_c27r12.tgm.header,Tiny.VD,26786843,264
a9902a2174b2f70d,fallenstararena_quarter_01_c27r13.tgm,Tiny.VE,26746611,3489
4e0bc400d53bc722,fallenstararena_quarter_01_c27r13.tgm.header,Tiny.V2,26940997,264
0c6fcc72e4b293e0,fallenstararena_quarter_01_c27r14.tgm,Streaming/Content/data/balance/worldareas/F8/mapuberboss_fallenstar.vworld,9396477,4245
65ba18d75de521b8,fallenstararena_quarter_01_c27r14.tgm.header,Tiny.V2,26941261,264
2d8fc7f52b4826dc,fallenstararena_quarter_01_c27r15.tgm,Streaming/Content/data/balance/worldareas/09/mapuberboss_fallenstar.vworld,366517,4673
7cdbe1f064f8c98c,fallenstararena_quarter_01_c27r15.tgm.header,Tiny.V9,27271970,264
94df160b6e8620e2,fallenstararena_quarter_01_c27r16.tgm,Tiny.VB,26996165,2931
895f39a4e720ac40,fallenstararena_quarter_01_c27r16.tgm.header,Tiny.V6,26820761,264
648640a0fa347567,fallenstararena_quarter_01_c27r17.tgm,Tiny.V3,26631438,2411
20688ca3c6acf691,fallenstararena_quarter_01_c27r17.tgm.header,Tiny.VC,26980640,264
6b7893b50cf97799,fallenstararena_quarter_01_c27r18.tgm,Streaming/Content/data/balance/worldareas/2E/mapuberboss_fallenstar.vworld,1828541,4797
297252c6bdd12216,fallenstararena_quarter_01_c27r18.tgm.header,Tiny.VE,26750100,290
c158a4cbb0a1e04f,fallenstararena_quarter_01_c27r19.tgm,Streaming/Content/data/balance/worldareas/48/expeditionsubarea_blackknightboss.vworld,190516,10169
a75e1e23a96f61eb,fallenstararena_quarter_01_c27r19.tgm.header,Tiny.V0,27092193,290
373f0f474492dc93,fallenstararena_quarter_01_c27r2.tgm,Tiny.V4,27120486,1719
06c2e6ee78c97c94,fallenstararena_quarter_01_c27r2.tgm.header,Tiny.VC,26980904,264
cc24cbb6f5899635,fallenstararena_quarter_01_c27r20.tgm,Streaming/Content/data/balance/worldareas/4A/mapuberboss_fallenstar.vworld,2162876,10583
89f7862aa0090930,fallenstararena_quarter_01_c27r20.tgm.header,Tiny.V6,26821025,330
fd48cceb0e2858ea,fallenstararena_quarter_01_c27r21.tgm,Streaming/Content/data/balance/worldareas/06/g2_9_1.vworld,531251,5771
3364930fdcc3ddc1,fallenstararena_quarter_01_c27r21.tgm.header,Tiny.V4,27122205,290
ef9ff0b3b7059dc0,fallenstararena_quarter_01_c27r22.tgm,Tiny.V1,26798121,1799
ead2077d84a829c6,fallenstararena_quarter_01_c27r22.tgm.header,Tiny.V9,27272234,264
17f3691fcd7f375d,fallenstararena_quarter_01_c27r23.tgm,Tiny.VE,26750390,1733
52f3aa3eba595f1b,fallenstararena_quarter_01_c27r23.tgm.header,Tiny.VB,26999096,264
0cd4a207658142ee,fallenstararena_quarter_01_c27r24.tgm,Tiny.V6,26821355,2441
b0973cd651d1f19c,fallenstararena_quarter_01_c27r24.tgm.header,Tiny.V2,26941525,290
4bad7a9cd158fbf7,fallenstararena_quarter_01_c27r25.tgm,Tiny.VD,26787107,3293
123e345820f9ea25,fallenstararena_quarter_01_c27r25.tgm.header,Tiny.V3,26633849,290
709becd4d7c7ffbc,fallenstararena_quarter_01_c27r26.tgm,Streaming/Content/data/balance/worldareas/80/mapuberboss_fallenstar.vworld,10163943,7405
b6812ea19c10b6f2,fallenstararena_quarter_01_c27r26.tgm.header,Tiny.V7,26750035,330
2c4a8f1a7f983a45,fallenstararena_quarter_01_c27r27.tgm,Streaming/Content/data/balance/worldareas/6B/mapuberboss_fallenstar.vworld,1782546,6073
7ccb9be11d939de1,fallenstararena_quarter_01_c27r27.tgm.header,Tiny.VC,26981168,290
d1845e3b88ce0aa7,fallenstararena_quarter_01_c27r28.tgm,Streaming/Content/data/balance/worldareas/DB/mapuberboss_fallenstar.vworld,65422,6789
bf7254f6894b4658,fallenstararena_quarter_01_c27r28.tgm.header,Tiny.V8,26842266,264
c8789f1c8fafc7ce,fallenstararena_quarter_01_c27r29.tgm,Streaming/Content/data/balance/worldareas/1A/mapuberboss_fallenstar.vworld,750214,5299
bc884639e47e38f8,fallenstararena_quarter_01_c27r29.tgm.header,Tiny.V0,27092483,290
16c2242ccc8e7046,fallenstararena_quarter_01_c27r3.tgm,Tiny.V2,26941815,1555
72194b04cb43f810,fallenstararena_quarter_01_c27r3.tgm.header,Tiny.V0,27092773,264
ede55f9cd700cbc7,fallenstararena_quarter_01_c27r30.tgm,Tiny.V1,26799920,3699
db93a4f2a4647f61,fallenstararena_quarter_01_c27r30.tgm.header,Tiny.VC,26981458,264
8ca7f7c2174322e0,fallenstararena_quarter_01_c27r31.tgm,Tiny.V0,27093037,1225
b336023bd5afea16,fallenstararena_quarter_01_c27r31.tgm.header,Tiny.V9,27272498,264
3e74fc2e7ff766ce,fallenstararena_quarter_01_c27r32.tgm,Tiny.V3,26634139,869
22e83a1c87059cbd,fallenstararena_quarter_01_c27r32.tgm.header,Tiny.VB,26999360,264
da2b2f61a8ecd439,fallenstararena_quarter_01_c27r33.tgm,Tiny.V7,26750365,1395
56072a463d241210,fallenstararena_quarter_01_c27r33.tgm.header,Tiny.V4,27122495,264
b87a222bd7ddff53,fallenstararena_quarter_01_c26r4.tgm,Streaming/Content/data/balance/worldareas/6D/mapuberboss_fallenstar.vworld,6184224,354771
ae08a0f09369dec5,fallenstararena_quarter_01_c26r4.tgm.header,Tiny.V6,26820078,683
80b7e06271a204ce,fallenstararena_quarter_01_c26r5.tgm,Streaming/Content/data/balance/worldareas/AC/mapuberboss_fallenstar.vworld,8501368,67169
4123cc02c4df5c9d,fallenstararena_quarter_01_c26r5.tgm.header,Tiny.V1,26797574,283
f4078580025cdf7b,fallenstararena_quarter_01_c26r6.tgm,Streaming/Content/data/balance/worldareas/0C/mapuberboss_fallenstar.vworld,6199324,7149
d964e2e2db9462b3,fallenstararena_quarter_01_c26r6.tgm.header,Tiny.V1,26797857,264
6696a263949447c6,fallenstararena_quarter_01_c26r7.tgm,Streaming/Content/data/balance/worldareas/B0/mapprecursortowerdesert.vworld,569840,4561
d7108942211a219b,fallenstararena_quarter_01_c26r7.tgm.header,Tiny.V5,26363159,264
63500898c9ea1d42,fallenstararena_quarter_01_c26r8.tgm,Streaming/Content/data/balance/worldareas/DF/mapuberboss_fallenstar.vworld,58936,63385
d4a6ed9e8cc80e9a,fallenstararena_quarter_01_c26r8.tgm.header,Tiny.VC,26977687,264
beb02bab61b78389,fallenstararena_quarter_01_c26r9.tgm,Tiny.V7,26747348,2687
07f3d68d515316cf,fallenstararena_quarter_01_c26r9.tgm.header,Tiny.V3,26630910,264
8695b5c9e800a89b,fallenstararena_quarter_01_c26r1.tgm,Tiny.VF,26996896,1155
b4934a6ec913ec0d,fallenstararena_quarter_01_c26r1.tgm.header,Tiny.VB,26995901,264
9712f9eeaa0450ec,fallenstararena_quarter_01_c26r10.tgm,Tiny.V8,26839877,2389
7ba355c0d3f8d175,fallenstararena_quarter_01_c26r10.tgm.header,Tiny.VE,26746017,264
e4e68739d289ab38,fallenstararena_quarter_01_c26r11.tgm,Streaming/Content/data/balance/worldareas/74/mapuberboss_fallenstar.vworld,6751645,65309
c27b88306f289bce,fallenstararena_quarter_01_c26r11.tgm.header,Tiny.V2,26938938,264
e079a84a26d74aab,fallenstararena_quarter_01_c26r12.tgm,Streaming/Content/data/balance/worldareas/6B/mapuberboss_fallenstar.vworld,1766790,7987
a7340e527445656b,fallenstararena_quarter_01_c26r12.tgm.header,Tiny.VF,26998051,264
e1b11468fe11c6c6,fallenstararena_quarter_01_c26r13.tgm,Streaming/Content/data/balance/worldareas/C3/mapuberboss_fallenstar.vworld,1518195,6543
f749adb4e151a939,fallenstararena_quarter_01_c26r13.tgm.header,Tiny.VF,26998315,264
57c63991a00e1768,fallenstararena_quarter_01_c26r14.tgm,Streaming/Content/data/balance/worldareas/E8/mapsinterrift.vworld,441977,216993
78df8763a73dfc5d,fallenstararena_quarter_01_c26r14.tgm.header,Tiny.VF,26998579,363
4e0b25afe9c61dc6,fallenstararena_quarter_01_c26r15.tgm,Streaming/Content/data/balance/worldareas/3B/mapuberboss_fallenstar.vworld,365474,5177
abe3bf693817f21b,fallenstararena_quarter_01_c26r15.tgm.header,Tiny.VD,26783442,264
59ac9f9ce4a215e3,fallenstararena_quarter_01_c26r16.tgm,Streaming/Content/data/balance/worldareas/46/mapuberboss_fallenstar.vworld,4635,1358311
f4f72f04cf4e26f8,fallenstararena_quarter_01_c26r16.tgm.header,Tiny.V0,27087563,683
08efe345c871d2e2,fallenstararena_quarter_01_c26r17.tgm,Tiny.V4,27114607,2049
d208126be619f874,fallenstararena_quarter_01_c26r17.tgm.header,Tiny.VD,26783706,264
f17bf37e2a6c5d73,fallenstararena_quarter_01_c26r18.tgm,Streaming/Content/data/balance/worldareas/6F/delirium_hungerboss.vworld,350402,9331
1c1291c9e162e4b3,fallenstararena_quarter_01_c26r18.tgm.header,Tiny.VA,27009125,264
fdcab013257035f9,fallenstararena_quarter_01_c26r19.tgm,Streaming/Content/data/balance/worldareas/0D/mapuberboss_fallenstar.vworld,733043,9973
390e7c4c2559d7f8,fallenstararena_quarter_01_c26r19.tgm.header,Tiny.V1,26796914,330
7d33cb5c3220c5dc,fallenstararena_quarter_01_c26r2.tgm,Streaming/Content/data/balance/worldareas/D2/mapuberboss_fallenstar.vworld,14067654,62245
3d477666679dd372,fallenstararena_quarter_01_c26r2.tgm.header,Tiny.V2,26939202,264
ab73484fb19250f9,fallenstararena_quarter_01_c26r20.tgm,Streaming/Content/data/balance/worldareas/55/mapport.vworld,422226,9781
9489118ab3efaf95,fallenstararena_quarter_01_c26r20.tgm.header,Tiny.VE,26746281,330
3846f436ba847ca8,fallenstararena_quarter_01_c26r21.tgm,Streaming/Content/data/balance/worldareas/56/mapuberboss_divinity.vworld,635551,5355
7b4c79adbeb9a1f1,fallenstararena_quarter_01_c26r21.tgm.header,Tiny.VF,26998942,290
9fc4353560d2e848,fallenstararena_quarter_01_c26r22.tgm,Tiny.VD,26783970,2345
e2f4a80ff7464904,fallenstararena_quarter_01_c26r22.tgm.header,Tiny.V9,27265502,290
6584bc6b516c85fa,fallenstararena_quarter_01_c26r23.tgm,Tiny.V3,26629427,1483
71f89b456d866d88,fallenstararena_quarter_01_c26r23.tgm.header,Tiny.VC,26977093,264
6786b2ba04fa1364,fallenstararena_quarter_01_c26r24.tgm,Tiny.V6,26817949,1799
995c188ff56b67cd,fallenstararena_quarter_01_c26r24.tgm.header,Tiny.V0,27088246,264
b0d076c348210f19,fallenstararena_quarter_01_c26r25.tgm,Tiny.V0,27088510,3683
cf2f44a8f5abfc9a,fallenstararena_quarter_01_c26r25.tgm.header,Tiny.V7,26747058,290
eaa1ec5cae75a466,fallenstararena_quarter_01_c26r26.tgm,Streaming/Content/data/balance/worldareas/E2/mapgeode.vworld,515813,6037
dfdbad31015e8772,fallenstararena_quarter_01_c26r26.tgm.header,Tiny.V1,26797244,330
28583596e5dd5206,fallenstararena_quarter_01_c26r27.tgm,Streaming/Content/data/balance/worldareas/BF/mapuberboss_fallenstar.vworld,424607,7073
03f3a33b7d885814,fallenstararena_quarter_01_c26r27.tgm.header,Tiny.VC,26977357,330
7166a5f94a80b857,fallenstararena_quarter_01_c26r28.tgm,Streaming/Content/data/balance/worldareas/6E/mapmothersoul_male_quest.vworld,276131,6215
661119ec27c86f51,fallenstararena_quarter_01_c26r28.tgm.header,Tiny.V6,26819748,330
f3451332c1c7778d,fallenstararena_quarter_01_c26r29.tgm,Streaming/Content/data/balance/worldareas/6B/mapuberboss_fallenstar.vworld,1774777,7769
699cbdf93f1ad9d1,fallenstararena_quarter_01_c26r29.tgm.header,Tiny.V5,26362315,290
04d26ade0b0d422f,fallenstararena_quarter_01_c26r3.tgm,Tiny.V9,27265792,2749
3d4d1685e7743ddd,fallenstararena_quarter_01_c26r3.tgm.header,Tiny.V9,27268541,264
d41c0b9800a4437f,fallenstararena_quarter_01_c26r30.tgm,Streaming/Content/data/balance/worldareas/C3/mapuberboss_fallenstar.vworld,1524738,6291
a63837e17a041908,fallenstararena_quarter_01_c26r30.tgm.header,Tiny.V5,26362605,290
b4c66b9043e130aa,fallenstararena_quarter_01_c26r31.tgm,Tiny.VA,27009389,1541
34643a23ce31ef4d,fallenstararena_quarter_01_c26r31.tgm.header,Tiny.V5,26362895,264
ed9273e85b0dadd7,fallenstararena_quarter_01_c26r32.tgm,Tiny.V4,27116656,867
f20189f00bc58e8c,fallenstararena_quarter_01_c26r32.tgm.header,Tiny.V2,26939466,264
927dedd455bd2db6,fallenstararena_quarter_01_c26r33.tgm,Streaming/Content/data/balance/worldareas/A5/mapuberboss_fallenstar.vworld,183305,55251
99b4d631ae3a4563,fallenstararena_quarter_01_c26r33.tgm.header,Tiny.VF,26999232,264
4347d2e7a1d498a5,fallenstararena_quarter_01_c25r4.tgm,Streaming/Content/data/balance/worldareas/79/mapuberboss_fallenstar.vworld,11195609,7359
8700edc3f3c93afe,fallenstararena_quarter_01_c25r4.tgm.header,Tiny.V2,26935679,264
16d0428341de7d8a,fallenstararena_quarter_01_c25r5.tgm,Streaming/Content/data/balance/worldareas/6F/delirium_hungerboss.vworld,344609,5793
8e19907a1f19d3dd,fallenstararena_quarter_01_c25r5.tgm.header,Tiny.V2,26935943,264
140b5dcca705f508,fallenstararena_quarter_01_c25r6.tgm,Streaming/Content/data/balance/worldareas/D1/mapuberboss_fallenstar.vworld,382183,4639
4fee0f6c63186f33,fallenstararena_quarter_01_c25r6.tgm.header,Tiny.VB,26995637,264
e1e9b89edac52e11,fallenstararena_quarter_01_c25r7.tgm,Tiny.VE,26742038,3979
4c32e8f801e559ce,fallenstararena_quarter_01_c25r7.tgm.header,Tiny.VC,26976829,264
f894c5522b20e540,fallenstararena_quarter_01_c25r8.tgm,Tiny.V0,27084468,3095
bb75cb18672abdbc,fallenstararena_quarter_01_c25r8.tgm.header,Tiny.V4,27114079,264
25c662e92e7262ab,fallenstararena_quarter_01_c25r9.tgm,Tiny.V2,26936207,2731
bacc62f3d711c4e1,fallenstararena_quarter_01_c25r9.tgm.header,Tiny.V4,27114343,264
c0b258a5a7236f55,fallenstararena_quarter_01_c25r1.tgm,Tiny.V2,26929939,2911
80b2796ac05f26dc,fallenstararena_quarter_01_c25r1.tgm.header,Tiny.V0,27083570,264
383c77e5a197d354,fallenstararena_quarter_01_c25r10.tgm,Tiny.V5,26354965,2569
cca52c96aa154315,fallenstararena_quarter_01_c25r10.tgm.header,Tiny.V9,27265238,264
b88803aea141ebb5,fallenstararena_quarter_01_c25r11.tgm,Streaming/Content/data/balance/worldareas/23/mapuberboss_fallenstar.vworld,102681,5057
e4ea03a69294b3f3,fallenstararena_quarter_01_c25r11.tgm.header,Tiny.V3,26624916,264
3c146ee99d3bf666,fallenstararena_quarter_01_c25r12.tgm,Streaming/Content/data/balance/worldareas/99/mapuberboss_fallenstar.vworld,325931,12083
46415cbdf440aa1c,fallenstararena_quarter_01_c25r12.tgm.header,Tiny.VA,27006054,264
a4ca0db72dbcd7b5,fallenstararena_quarter_01_c25r13.tgm,Streaming/Content/data/balance/worldareas/27/mapuberboss_fallenstar.vworld,2987772,9083
551bce9ec9aab261,fallenstararena_quarter_01_c25r13.tgm.header,Tiny.V4,27111916,264
947f524390e06804,fallenstararena_quarter_01_c25r14.tgm,Streaming/Content/data/balance/worldareas/E6/mapuberboss_fallenstar.vworld,8573329,7185
7c6f652d130c2681,fallenstararena_quarter_01_c25r14.tgm.header,Tiny.VD,26782294,264
9a4b87b2170794db,fallenstararena_quarter_01_c25r15.tgm,Streaming/Content/data/balance/worldareas/BB/mapuberboss_fallenstar.vworld,2295052,5031
e3b194a01e44031a,fallenstararena_quarter_01_c25r15.tgm.header,Tiny.V7,26745976,264
a7fb77eda9f75176,fallenstararena_quarter_01_c25r16.tgm,Tiny.V4,27112180,1609
11f5b3f3289400d4,fallenstararena_quarter_01_c25r16.tgm.header,Tiny.V0,27083834,264
9fa5d49c89124d74,fallenstararena_quarter_01_c25r17.tgm,Streaming/Content/data/balance/worldareas/D0/mapuberboss_fallenstar.vworld,0,5515
23801fb7c663b367,fallenstararena_quarter_01_c25r17.tgm.header,Tiny.VD,26782558,264
2a86101242984864,fallenstararena_quarter_01_c25r18.tgm,Streaming/Content/data/balance/worldareas/58/mapuberboss_fallenstar.vworld,1777324,8151
7c5269a90795840d,fallenstararena_quarter_01_c25r18.tgm.header,Tiny.VA,27006318,290
0a25c876b2b80a35,fallenstararena_quarter_01_c25r19.tgm,Streaming/Content/data/balance/worldareas/A4/mapuberboss_fallenstar.vworld,1348102,7887
bce2d4cfd26165b5,fallenstararena_quarter_01_c25r19.tgm.header,Tiny.V4,27113789,290
086a51de6f49c750,fallenstararena_quarter_01_c25r2.tgm,Streaming/Content/data/balance/worldareas/5C/mapuberboss_fallenstar.vworld,665881,5441
858cd6c3b7920d26,fallenstararena_quarter_01_c25r2.tgm.header,Tiny.V3,26625180,264
ea8d0e138e1007a8,fallenstararena_quarter_01_c25r20.tgm,Tiny.VF,26991604,3773
5af259588edacefa,fallenstararena_quarter_01_c25r20.tgm.header,Tiny.V5,26357534,290
884f0faf1522b368,fallenstararena_quarter_01_c25r21.tgm,Tiny.V3,26625444,3983
c4efd6266135b362,fallenstararena_quarter_01_c25r21.tgm.header,Tiny.VB,26995057,290
7b580ba19d2574a1,fallenstararena_quarter_01_c25r22.tgm,Tiny.VA,27006608,2517
39de91cee15da764,fallenstararena_quarter_01_c25r22.tgm.header,Tiny.VB,26995347,290
98463de6c7531f3a,fallenstararena_quarter_01_c25r23.tgm,Tiny.VF,26995377,1519
06e60b72bc3c7449,fallenstararena_quarter_01_c25r23.tgm.header,Tiny.V6,26815049,264
f6556305505b54fa,fallenstararena_quarter_01_c25r24.tgm,Tiny.V6,26815313,1381
ef18f7930b196eac,fallenstararena_quarter_01_c25r24.tgm.header,Tiny.V7,26746240,264
0338522c575d900a,fallenstararena_quarter_01_c25r25.tgm,Tiny.V8,26837442,2435
30466be37baf143f,fallenstararena_quarter_01_c25r25.tgm.header,Tiny.V1,26796360,290
87465b5c8664d871,fallenstararena_quarter_01_c25r26.tgm,Tiny.V5,26357824,3831
99f515784f4a5d11,fallenstararena_quarter_01_c25r26.tgm.header,Tiny.VC,26976539,290
2234744dfa3cd6ad,fallenstararena_quarter_01_c25r27.tgm,Streaming/Content/data/balance/worldareas/92/mapuberboss_fallenstar.vworld,687388,4835
1ec3ecd290218813,fallenstararena_quarter_01_c25r27.tgm.header,Tiny.V5,26361655,330
435a4239f2b442a7,fallenstararena_quarter_01_c25r28.tgm,Streaming/Content/data/balance/worldareas/C1/mapuberboss_fallenstar.vworld,5832492,6667
9777d8152ad6816e,fallenstararena_quarter_01_c25r28.tgm.header,Tiny.VD,26782822,330
5ab3a7ba0d70ef3a,fallenstararena_quarter_01_c25r29.tgm,Streaming/Content/data/balance/worldareas/5C/mapuberboss_fallenstar.vworld,671322,9273
adf9ba8110ff8c10,fallenstararena_quarter_01_c25r29.tgm.header,Tiny.VD,26783152,290
e0a9678428e4a818,fallenstararena_quarter_01_c25r3.tgm,Streaming/Content/data/balance/worldareas/D6/mapuberboss_fallenstar.vworld,7144290,6935
088e1da44d888578,fallenstararena_quarter_01_c25r3.tgm.header,Tiny.V7,26746504,264
dff279229843d28b,fallenstararena_quarter_01_c25r30.tgm,Streaming/Content/data/balance/worldareas/F4/mapuberboss_fallenstar.vworld,449710,9591
0acf813450fde26a,fallenstararena_quarter_01_c25r30.tgm.header,Tiny.V0,27084098,370
9f9f6c23dc91d602,fallenstararena_quarter_01_c25r31.tgm,Streaming/Content/data/balance/worldareas/D6/mapuberboss_fallenstar.vworld,7151225,6485
0b91fbef3fa6923b,fallenstararena_quarter_01_c25r31.tgm.header,Tiny.V5,26361985,330
0f6b136e3eece685,fallenstararena_quarter_01_c25r32.tgm,Tiny.V2,26932850,2829
270edaa9d79e9c33,fallenstararena_quarter_01_c25r32.tgm.header,Tiny.V7,26746768,290
806a264823888d1f,fallenstararena_quarter_01_c25r33.tgm,Tiny.V6,26816694,1255
21332c8bf2e96461,fallenstararena_quarter_01_c25r33.tgm.header,Tiny.V1,26796650,264
7c285bf2e255b994,fallenstararena_quarter_01_c24r4.tgm,Streaming/Content/data/balance/worldareas/67/mapgeode.vworld,453117,5243
f4a7f0fd396c59c8,fallenstararena_quarter_01_c24r4.tgm.header,Tiny.V3,26624652,264
58b3ae07f00c92f3,fallenstararena_quarter_01_c24r5.tgm,Streaming/Content/data/balance/worldareas/DF/mapuberboss_fallenstar.vworld,54559,4377
2df9e74f935b45ae,fallenstararena_quarter_01_c24r5.tgm.header,Tiny.VA,27005790,264
ff5eeb2c8ce5c395,fallenstararena_quarter_01_c24r6.tgm,Streaming/Content/data/balance/worldareas/59/mapuberboss_fallenstar.vworld,8883897,4469
c26176836134c0e7,fallenstararena_quarter_01_c24r6.tgm.header,Tiny.V6,26814521,264
434410120cacf69a,fallenstararena_quarter_01_c24r7.tgm,Tiny.V5,26351058,3907
04c50f3b66696e83,fallenstararena_quarter_01_c24r7.tgm.header,Tiny.V6,26814785,264
99c715c2ea943d4c,fallenstararena_quarter_01_c24r8.tgm,Tiny.VE,26739131,2907
9e0cbecb2d049e1d,fallenstararena_quarter_01_c24r8.tgm.header,Tiny.V9,27264974,264
bda387cd267ffb8e,fallenstararena_quarter_01_c24r9.tgm,Tiny.VF,26989057,2547
30584f43964d8105,fallenstararena_quarter_01_c24r9.tgm.header,Tiny.V8,26837178,264
4144cadf1f132125,fallenstararena_quarter_01_c24r1.tgm,Streaming/Content/data/balance/worldareas/18/mapuberboss_fallenstar.vworld,6597269,4629
95d2214bc036ead8,fallenstararena_quarter_01_c24r1.tgm.header,Tiny.V7,26742951,264
4345fbf2d58f6a79,fallenstararena_quarter_01_c24r10.tgm,Tiny.V2,26926664,3011
3847e7d8d63ac087,fallenstararena_quarter_01_c24r10.tgm.header,Tiny.V5,26349712,264
cd9b5e270fb92611,fallenstararena_quarter_01_c24r11.tgm,Tiny.V4,27103740,3881
b98fb681b7cfd3d7,fallenstararena_quarter_01_c24r11.tgm.header,Tiny.VA,27003509,264
e38c2d2ae9cddc89,fallenstararena_quarter_01_c24r12.tgm,Streaming/Content/data/balance/worldareas/19/mapuberboss_fallenstar.vworld,6421729,8855
aba345b1b396329b,fallenstararena_quarter_01_c24r12.tgm.header,Tiny.V7,26743215,264
f7cc854189ec477d,fallenstararena_quarter_01_c24r13.tgm,Streaming/Content/data/balance/worldareas/A0/mapuberboss_fallenstar.vworld,872528,8117
eb370b198b5910dc,fallenstararena_quarter_01_c24r13.tgm.header,Tiny.VD,26778167,264
6e44822bf7f823f9,fallenstararena_quarter_01_c24r14.tgm,Streaming/Content/data/balance/worldareas/56/mapuberboss_divinity.vworld,627534,8017
2ee61f60baa09e0f,fallenstararena_quarter_01_c24r14.tgm.header,Tiny.VF,26988793,264
10179c6b89686dba,fallenstararena_quarter_01_c24r15.tgm,Streaming/Content/data/balance/worldareas/C6/mapuberboss_fallenstar.vworld,2131943,5485
14dbc8c1183b9ba6,fallenstararena_quarter_01_c24r15.tgm.header,Tiny.V5,26349976,264
8b3da18549e13066,fallenstararena_quarter_01_c24r16.tgm,Tiny.VA,27003773,2017
df875edea766dda2,fallenstararena_quarter_01_c24r16.tgm.header,Tiny.V0,27083306,264
91169d51462cef9b,fallenstararena_quarter_01_c24r17.tgm,Streaming/Content/data/balance/worldareas/55/mapport.vworld,413749,8477
786b7cff8660a270,fallenstararena_quarter_01_c24r17.tgm.header,Tiny.VE,26733455,264
541346e60c1fcaa9,fallenstararena_quarter_01_c24r18.tgm,Streaming/Content/data/balance/worldareas/97/mapuberboss_fallenstar.vworld,4338999,7441
45a81bd1d3d4fa67,fallenstararena_quarter_01_c24r18.tgm.header,Tiny.V6,26810594,290
08f4bcadb2a3a16b,fallenstararena_quarter_01_c24r19.tgm,Streaming/Content/data/balance/worldareas/36/mapuberboss_fallenstar.vworld,436712,5463
55f156a5331f2b44,fallenstararena_quarter_01_c24r19.tgm.header,Tiny.V5,26350240,290
e1510037157fad9d,fallenstararena_quarter_01_c24r2.tgm,Streaming/Content/data/balance/worldareas/DD/g2_2.vworld,591140,6735
e1aa286cf6169a00,fallenstararena_quarter_01_c24r2.tgm.header,Tiny.V2,26929675,264
adacdaeb1c818bec,fallenstararena_quarter_01_c24r20.tgm,Tiny.V6,26810884,3347
f975156b31c6e81c,fallenstararena_quarter_01_c24r20.tgm.header,Tiny.VE,26733719,290
b566e3bc06704603,fallenstararena_quarter_01_c24r21.tgm,Tiny.V4,27107621,4031
007979aceed5d14b,fallenstararena_quarter_01_c24r21.tgm.header,Tiny.VD,26778431,290
e9c069cb4a251e71,fallenstararena_quarter_01_c24r22.tgm,Tiny.V3,26621929,2433
abca19fede3ad8b7,fallenstararena_quarter_01_c24r22.tgm.header,Tiny.VD,26778721,290
8523a72f2598a66b,fallenstararena_quarter_01_c24r23.tgm,Tiny.VB,26993062,1665
de536d780f0673c5,fallenstararena_quarter_01_c24r23.tgm.header,Tiny.V5,26350530,264
0f2dd5ce6a46e565,fallenstararena_quarter_01_c24r24.tgm,Tiny.VC,26974776,1763
3070b2485152ca65,fallenstararena_quarter_01_c24r24.tgm.header,Tiny.V7,26743479,264
835fa964cf4c56ca,fallenstararena_quarter_01_c24r25.tgm,Tiny.VE,26734009,1785
163ea5cb431e3770,fallenstararena_quarter_01_c24r25.tgm.header,Tiny.V9,27264710,264
c60c36d46838c8c0,fallenstararena_quarter_01_c24r26.tgm,Tiny.V7,26743743,2233
594a72e768656f7b,fallenstararena_quarter_01_c24r26.tgm.header,Tiny.V6,26814231,290
91f68c774842dbea,fallenstararena_quarter_01_c24r27.tgm,Tiny.VD,26779011,2689
53585ca521b2fac3,fallenstararena_quarter_01_c24r27.tgm.header,Tiny.VD,26781700,264
2daba3bee9751fe9,fallenstararena_quarter_01_c24r28.tgm,Tiny.VE,26735794,3337
9c1b8f5e5d75331d,fallenstararena_quarter_01_c24r28.tgm.header,Tiny.V5,26350794,264
49b6c25e180bd89f,fallenstararena_quarter_01_c24r29.tgm,Streaming/Content/data/balance/worldareas/37/expeditionsubarea_blackknightboss.vworld,456560,7805
53ae703dbf10c9cc,fallenstararena_quarter_01_c24r29.tgm.header,Tiny.VB,26994727,330
892f1f2d039d0614,fallenstararena_quarter_01_c24r3.tgm,Streaming/Content/data/balance/worldareas/18/mapuberboss_fallenstar.vworld,6601898,6281
e6a26d801f5c6262,fallenstararena_quarter_01_c24r3.tgm.header,Tiny.V4,27111652,264
9b58f0efb3e0642e,fallenstararena_quarter_01_c24r30.tgm,Streaming/Content/data/balance/worldareas/C5/mapuberboss_fallenstar.vworld,5771834,8829
9c30a92e3badebb5,fallenstararena_quarter_01_c24r30.tgm.header,Tiny.VD,26781964,330
b873b8eb6aad093a,fallenstararena_quarter_01_c24r31.tgm,Streaming/Content/data/balance/worldareas/6C/mapuberboss_fallenstar.vworld,2941175,6333
4ef9b9646ef8b246,fallenstararena_quarter_01_c24r31.tgm.header,Tiny.V8,26832352,330
8dc96ead0f2544f0,fallenstararena_quarter_01_c24r32.tgm,Tiny.V8,26832682,2883
900a879a34b0b99b,fallenstararena_quarter_01_c24r32.tgm.header,Tiny.V3,26624362,290
9b6160c8ca9d9c7f,fallenstararena_quarter_01_c24r33.tgm,Tiny.V8,26835565,1613
61f85b33908ba31d,fallenstararena_quarter_01_c24r33.tgm.header,Tiny.V1,26796096,264
6736a39ae2452323,fallenstararena_quarter_01_c23r4.tgm,Tiny.V3,26617918,4011
97d4dea62731b9a2,fallenstararena_quarter_01_c23r4.tgm.header,Tiny.V5,26349448,264
a15ca36ae851a5a1,fallenstararena_quarter_01_c23r5.tgm,Streaming/Content/data/balance/worldareas/89/mapuberboss_fallenstar.vworld,6120010,64143
60edaced9ac3c35e,fallenstararena_quarter_01_c23r5.tgm.header,Tiny.V8,26832088,264
d4c329817e4d293a,fallenstararena_quarter_01_c23r6.tgm,Tiny.V6,26806779,3815
2659d3987b827972,fallenstararena_quarter_01_c23r6.tgm.header,Tiny.VA,27003245,264
9904bad299f4bb59,fallenstararena_quarter_01_c23r7.tgm,Tiny.VD,26774368,3535
db21b76272568a51,fallenstararena_quarter_01_c23r7.tgm.header,Tiny.VD,26777903,264
69f32dc8bc062edf,fallenstararena_quarter_01_c23r8.tgm,Streaming/Content/data/balance/worldareas/34/mapuberboss_fallenstar.vworld,6299553,63077
807a3f262f914329,fallenstararena_quarter_01_c23r8.tgm.header,Tiny.V4,27103476,264
f96f57a40b60edef,fallenstararena_quarter_01_c23r9.tgm,Tiny.VC,26971555,3221
1397392a66d6df19,fallenstararena_quarter_01_c23r9.tgm.header,Tiny.VF,26988529,264
066ab228e1d24113,fallenstararena_quarter_01_c23r1.tgm,Tiny.VE,26726581,3491
900d3ca1d3ef0b72,fallenstararena_quarter_01_c23r1.tgm.header,Tiny.V1,26794741,264
6f5ef00f5891ab44,fallenstararena_quarter_01_c23r10.tgm,Tiny.V6,26799419,3715
16222f4b4fdebb07,fallenstararena_quarter_01_c23r10.tgm.header,Tiny.VA,27000736,264
7b52f6e3d7492484,fallenstararena_quarter_01_c23r11.tgm,Streaming/Content/data/balance/worldareas/02/g3_1.vworld,656055,64023
58e8976f42150588,fallenstararena_quarter_01_c23r11.tgm.header,Tiny.VB,26989783,264
95cc273ca085c2a8,fallenstararena_quarter_01_c23r12.tgm,Streaming/Content/data/balance/worldareas/0D/mapuberboss_fallenstar.vworld,727862,5181
88de3866d7c2cc6b,fallenstararena_quarter_01_c23r12.tgm.header,Tiny.V1,26795005,264
53d7e30c30d56ecb,fallenstararena_quarter_01_c23r13.tgm,Streaming/Content/data/balance/worldareas/2B/mapuberboss_fallenstar.vworld,1564065,9233
ee10728d8e9f7015,fallenstararena_quarter_01_c23r13.tgm.header,Tiny.V2,26926070,264
e8e54146c3de3a7b,fallenstararena_quarter_01_c23r14.tgm,Streaming/Content/data/balance/worldareas/56/mapuberboss_divinity.vworld,622087,5447
786cc63c6a12708a,fallenstararena_quarter_01_c23r14.tgm.header,Tiny.VA,27001000,264
ed2f8e5bd7c353d6,fallenstararena_quarter_01_c23r15.tgm,Tiny.VE,26730072,2855
d50ab60e1749b391,fallenstararena_quarter_01_c23r15.tgm.header,Tiny.VA,27001264,264
cb2dea5260e04a18,fallenstararena_quarter_01_c23r16.tgm,Streaming/Content/data/balance/worldareas/8C/mapuberboss_fallenstar.vworld,227534,4403
4b52dec17a16ee87,fallenstararena_quarter_01_c23r16.tgm.header,Tiny.V3,26617390,264
6c787abc0a9b6d06,fallenstararena_quarter_01_c23r17.tgm,Streaming/Content/data/balance/worldareas/28/mapuberboss_fallenstar.vworld,156272,800671
9e37ea70b224d7a5,fallenstararena_quarter_01_c23r17.tgm.header,Tiny.VA,27001528,570
79ed140f476c30d3,fallenstararena_quarter_01_c23r18.tgm,Streaming/Content/data/balance/worldareas/47/mapuberboss_fallenstar.vworld,5961994,1056565
f6ec5396d83d4d22,fallenstararena_quarter_01_c23r18.tgm.header,Tiny.V0,27082168,610
0b32f34bcec7f797,fallenstararena_quarter_01_c23r19.tgm,Tiny.V6,26803134,3645
191a48ded9860bdc,fallenstararena_quarter_01_c23r19.tgm.header,Tiny.VC,26966669,290
7837325cbb720374,fallenstararena_quarter_01_c23r2.tgm,Streaming/Content/data/balance/worldareas/9F/mapport.vworld.1,764925,64189
8a679727c2a86d9b,fallenstararena_quarter_01_c23r2.tgm.header,Tiny.VD,26772359,264
b5dd40b154687663,fallenstararena_quarter_01_c23r20.tgm,Tiny.VB,26990047,3015
64aba0e45f4db80e,fallenstararena_quarter_01_c23r20.tgm.header,Tiny.VD,26772623,290
51623eeb2e77982f,fallenstararena_quarter_01_c23r21.tgm,Streaming/Content/data/balance/worldareas/08/mapuberboss_fallenstar.vworld,8711288,4665
58da5d12805d0cc3,fallenstararena_quarter_01_c23r21.tgm.header,Tiny.V2,26926334,330
baaa3b71d7f8d464,fallenstararena_quarter_01_c23r22.tgm,Streaming/Content/data/balance/worldareas/C5/mapuberboss_fallenstar.vworld,5606435,165399
d019002faed47ca0,fallenstararena_quarter_01_c23r22.tgm.header,Tiny.V4,27100660,370
dd47231cbbcf609f,fallenstararena_quarter_01_c23r23.tgm,Tiny.VC,26966959,1499
1ec1f54d631a3d37,fallenstararena_quarter_01_c23r23.tgm.header,Tiny.V5,26349184,264
9f09ebae236647a4,fallenstararena_quarter_01_c23r24.tgm,Streaming/Content/data/balance/worldareas/75/mapuberboss_fallenstar.vworld,481291,117547
f6ec047fc684650d,fallenstararena_quarter_01_c23r24.tgm.header,Tiny.VF,26986916,290
4131a904d38adb0b,fallenstararena_quarter_01_c23r25.tgm,Tiny.V1,26795269,827
dfe3e056dbfc37bc,fallenstararena_quarter_01_c23r25.tgm.header,Tiny.V4,27101030,264
ed918683381c10f2,fallenstararena_quarter_01_c23r26.tgm,Tiny.V4,27101294,645
8f2e671edd5ffa63,fallenstararena_quarter_01_c23r26.tgm.header,Tiny.VF,26987206,264
76d1b004e304ac9b,fallenstararena_quarter_01_c23r27.tgm,Tiny.VF,26987470,1059
89a2b7045e69d251,fallenstararena_quarter_01_c23r27.tgm.header,Tiny.VE,26732927,264
5a5fea265f156d04,fallenstararena_quarter_01_c23r28.tgm,Tiny.V4,27101939,1537
62a56fe7d8af0de8,fallenstararena_quarter_01_c23r28.tgm.header,Tiny.V0,27082778,264
7b94450ff968ccd6,fallenstararena_quarter_01_c23r29.tgm,Tiny.VC,26968458,2569
354f3d9c23b6b26c,fallenstararena_quarter_01_c23r29.tgm.header,Tiny.V9,27261763,290
18690bfa5408c6c6,fallenstararena_quarter_01_c23r3.tgm,Streaming/Content/data/balance/worldareas/DC/mapuberboss_fallenstar.vworld,6055522,4665
7d477f193e14abf1,fallenstararena_quarter_01_c23r3.tgm.header,Tiny.VE,26733191,264
39b7139646918c84,fallenstararena_quarter_01_c23r30.tgm,Tiny.V9,27262053,2657
e30a4acef33c68d7,fallenstararena_quarter_01_c23r30.tgm.header,Tiny.VC,26971027,264
08a9381f65781709,fallenstararena_quarter_01_c23r31.tgm,Tiny.VD,26772913,1455
618d8421e090acb4,fallenstararena_quarter_01_c23r31.tgm.header,Tiny.V3,26617654,264
35904d05ee63a152,fallenstararena_quarter_01_c23r32.tgm,Tiny.VA,27002098,1147
149a9f52022a1792,fallenstararena_quarter_01_c23r32.tgm.header,Tiny.V0,27083042,264
8b4e9c4170f88853,fallenstararena_quarter_01_c23r33.tgm,Streaming/Content/data/balance/worldareas/4B/mapuberboss_fallenstar.vworld,598355,55435
a0ee8781b6da4d8b,fallenstararena_quarter_01_c23r33.tgm.header,Tiny.VC,26971291,264
61a80b4d28651ced,fallenstararena_quarter_01_c22r4.tgm,Tiny.V0,27078365,3539
8f52fdb8d1a52429,fallenstararena_quarter_01_c22r4.tgm.header,Tiny.VF,26986652,264
8007f732f11814a6,fallenstararena_quarter_01_c22r5.tgm,Tiny.V8,26828985,3103
1860dafd0afb30d6,fallenstararena_quarter_01_c22r5.tgm.header,Tiny.VC,26966141,264
fadbfdf0a8daea26,fallenstararena_quarter_01_c22r6.tgm,Tiny.VB,26986462,3321
faa95b2a8a1cfbb0,fallenstararena_quarter_01_c22r6.tgm.header,Tiny.V0,27081904,264
a1cb95c22cfa5908,fallenstararena_quarter_01_c22r7.tgm,Tiny.V1,26791320,3421
21579abfa0fe56e4,fallenstararena_quarter_01_c22r7.tgm.header,Tiny.V4,27100396,264
013b75204c0b3232,fallenstararena_quarter_01_c22r8.tgm,Tiny.VA,26997047,3689
d22d9d48c8569fd6,fallenstararena_quarter_01_c22r8.tgm.header,Tiny.V2,26925806,264
f16d0fa1cafef154,fallenstararena_quarter_01_c22r9.tgm,Streaming/Content/data/balance/worldareas/A3/mapuberboss_fallenstar.vworld,1454767,4655
97d3e6e94224d15a,fallenstararena_quarter_01_c22r9.tgm.header,Tiny.VC,26966405,264
1ad97d87e8c5913f,fallenstararena_quarter_01_c22r1.tgm,Tiny.V1,26787793,3527
b0f6b802f9befb98,fallenstararena_quarter_01_c22r1.tgm.header,Tiny.V5,26340147,264
9d5f8e324b8ad821,fallenstararena_quarter_01_c22r10.tgm,Streaming/Content/data/balance/worldareas/46/mapuberboss_fallenstar.vworld,0,4635
e66020b1b920de9e,fallenstararena_quarter_01_c22r10.tgm.header,Tiny.V2,26924327,264
34c381b83a09d2b3,fallenstararena_quarter_01_c22r11.tgm,Tiny.V5,26340411,4071
033c7216280c10fb,fallenstararena_quarter_01_c22r11.tgm.header,Tiny.VD,26768179,264
7e9fbf094a51036e,fallenstararena_quarter_01_c22r12.tgm,Tiny.V3,26613778,2655
dd491f806bcdf0cd,fallenstararena_quarter_01_c22r12.tgm.header,Tiny.V9,27258420,264
eb7006f3310f1b60,fallenstararena_quarter_01_c22r13.tgm,Tiny.V9,27258684,2815
f1446bf3d6d8955a,fallenstararena_quarter_01_c22r13.tgm.header,Tiny.V2,26924591,264
862f02dab198c3dc,fallenstararena_quarter_01_c22r14.tgm,Streaming/Content/data/balance/worldareas/47/mapuberboss_fallenstar.vworld,5798315,163679
5d7e703d880e6f7f,fallenstararena_quarter_01_c22r14.tgm.header,Tiny.V7,26741644,264
c5b566ab74101008,fallenstararena_quarter_01_c22r15.tgm,Tiny.VD,26768443,2917
a255e737c00c4ab6,fallenstararena_quarter_01_c22r15.tgm.header,Tiny.V6,26798271,264
6b0339d955aebf41,fallenstararena_quarter_01_c22r16.tgm,Streaming/Content/data/balance/worldareas/8D/mapuberboss_fallenstar.vworld,505779,9931
c296f27655f00202,fallenstararena_quarter_01_c22r16.tgm.header,Tiny.V2,26924855,264
bf10d9ea8d26b181,fallenstararena_quarter_01_c22r17.tgm,Streaming/Content/data/balance/worldareas/07/mapuberboss_fallenstar.vworld,5738832,366963
73a4788a7414a1ca,fallenstararena_quarter_01_c22r17.tgm.header,Tiny.VC,26964688,410
960cedc6e16f39de,fallenstararena_quarter_01_c22r18.tgm,Streaming/Content/data/balance/worldareas/D8/expeditionsubarea_blackknightboss.vworld,71941,11143
755b5931c489bcfb,fallenstararena_quarter_01_c22r18.tgm.header,Tiny.V8,26828391,330
fc2a33090dab2619,fallenstararena_quarter_01_c22r19.tgm,Streaming/Content/data/balance/worldareas/75/mapuberboss_fallenstar.vworld,476756,4535
1e64fc8a186d326a,fallenstararena_quarter_01_c22r19.tgm.header,Tiny.V3,26616433,290
992da2309ef94e51,fallenstararena_quarter_01_c22r2.tgm,Tiny.VB,26982260,3495
d12455b21a97bf72,fallenstararena_quarter_01_c22r2.tgm.header,Tiny.V7,26741908,264
ba7befa72111e67b,fallenstararena_quarter_01_c22r20.tgm,Streaming/Content/data/balance/worldareas/24/mapuberboss_fallenstar.vworld,1406235,4329
56e5c83b96dfbec6,fallenstararena_quarter_01_c22r20.tgm.header,Tiny.V6,26798535,330
f92c2d57cf59209b,fallenstararena_quarter_01_c22r21.tgm,Streaming/Content/data/balance/worldareas/82/mapuberboss_fallenstar.vworld,32064,4781
a35a17601f9187d4,fallenstararena_quarter_01_c22r21.tgm.header,Tiny.V6,26798865,290
701363beed08baaf,fallenstararena_quarter_01_c22r22.tgm,Tiny.VA,26994180,2603
b9e4b2d6ec468929,fallenstararena_quarter_01_c22r22.tgm.header,Tiny.V0,27076618,290
a7ac72666dc47151,fallenstararena_quarter_01_c22r23.tgm,Tiny.VF,26985641,747
8f8b13656013974e,fallenstararena_quarter_01_c22r23.tgm.header,Tiny.V5,26344482,264
6e634797d66fafe4,fallenstararena_quarter_01_c22r24.tgm,Tiny.VD,26771360,471
104f5d0ae09fa2eb,fallenstararena_quarter_01_c22r24.tgm.header,Tiny.VD,26771831,264
e2fb2d0341749e52,fallenstararena_quarter_01_c22r25.tgm,Tiny.V2,26925119,687
21cb5b7404968376,fallenstararena_quarter_01_c22r25.tgm.header,Tiny.V8,26828721,264
e3b6d19a9cd54d22,fallenstararena_quarter_01_c22r26.tgm,Tiny.VB,26985755,707
53285210e92f5268,fallenstararena_quarter_01_c22r26.tgm.header,Tiny.V9,27261499,264
f13a567334b37a72,fallenstararena_quarter_01_c22r27.tgm,Tiny.V7,26742172,779
cd040c48ccfcc479,fallenstararena_quarter_01_c22r27.tgm.header,Tiny.V0,27076908,264
a63e9434ed748327,fallenstararena_quarter_01_c22r28.tgm,Tiny.V5,26344746,733
c1622942b0fb1dd7,fallenstararena_quarter_01_c22r28.tgm.header,Tiny.VD,26772095,264
f95a4a69a7b1c700,fallenstararena_quarter_01_c22r29.tgm,Tiny.V4,27098020,687
0beaa388e19773d0,fallenstararena_quarter_01_c22r29.tgm.header,Tiny.VE,26726317,264
f68464f1a05f7e41,fallenstararena_quarter_01_c22r3.tgm,Tiny.V5,26345479,3705
e6ebe77d38880cf0,fallenstararena_quarter_01_c22r3.tgm.header,Tiny.V6,26799155,264
2dd27d37427b5471,fallenstararena_quarter_01_c22r30.tgm,Tiny.V3,26616723,667
94df7de54b513867,fallenstararena_quarter_01_c22r30.tgm.header,Tiny.VF,26986388,264
0e14885c8c538844,fallenstararena_quarter_01_c22r31.tgm,Tiny.V0,27077172,929
71902ac5144a9055,fallenstararena_quarter_01_c22r31.tgm.header,Tiny.VC,26965098,264
79c329b896b9636b,fallenstararena_quarter_01_c22r32.tgm,Tiny.VC,26965362,779
5b0cc72e56119c56,fallenstararena_quarter_01_c22r32.tgm.header,Tiny.V0,27078101,264
61a9faf1057989dc,fallenstararena_quarter_01_c22r33.tgm,Tiny.V4,27098707,1689
4065e038760bd7a2,fallenstararena_quarter_01_c22r33.tgm.header,Tiny.VA,26996783,264
51fe7ec7f015309a,fallenstararena_quarter_01_c21r4.tgm,Tiny.VC,26961415,3009
3f2619322ddf00fa,fallenstararena_quarter_01_c21r4.tgm.header,Tiny.V9,27258156,264
e6f5895e38f7def4,fallenstararena_quarter_01_c21r5.tgm,Tiny.V3,26611333,2445
d976949a8acc5257,fallenstararena_quarter_01_c21r5.tgm.header,Tiny.VC,26964424,264
053c518d74e36ee3,fallenstararena_quarter_01_c21r6.tgm,Tiny.V0,27073149,3205
ba39260a2505db67,fallenstararena_quarter_01_c21r6.tgm.header,Tiny.V0,27076354,264
f7dc2a86b7ee4429,fallenstararena_quarter_01_c21r7.tgm,Tiny.V8,26825178,2949
0e8335ee498efa5d,fallenstararena_quarter_01_c21r7.tgm.header,Tiny.V5,26335950,264
7867870153ef8a88,fallenstararena_quarter_01_c21r8.tgm,Tiny.V5,26336214,3933
6dbb7a447d948a8c,fallenstararena_quarter_01_c21r8.tgm.header,Tiny.V7,26741380,264
104600f6bb850405,fallenstararena_quarter_01_c21r9.tgm,Streaming/Content/data/balance/worldareas/9F/mapport.vworld.1,760220,4705
3b90ea11307809c4,fallenstararena_quarter_01_c21r9.tgm.header,Tiny.V8,26828127,264
ef21317ec947f990,fallenstararena_quarter_01_c21r1.tgm,Tiny.V0,27068713,2827
ada7656df8f6f5c4,fallenstararena_quarter_01_c21r1.tgm.header,Tiny.VE,26719597,264
09efb602b01dea41,fallenstararena_quarter_01_c21r10.tgm,Streaming/Content/data/balance/worldareas/54/mapuberboss_fallenstar.vworld,12528017,4665
247baa940755ddbb,fallenstararena_quarter_01_c21r10.tgm.header,Tiny.V0,27071540,264
e7db7e6be262763f,fallenstararena_quarter_01_c21r11.tgm,Tiny.VE,26719861,3121
7bdafed778160389,fallenstararena_quarter_01_c21r11.tgm.header,Tiny.VA,26988521,264
bb63434675d35162,fallenstararena_quarter_01_c21r12.tgm,Tiny.VC,26957402,1739
acacefc7be3ec294,fallenstararena_quarter_01_c21r12.tgm.header,Tiny.V1,26786551,264
5d43cb1f448ca68b,fallenstararena_quarter_01_c21r13.tgm,Tiny.VD,26766082,1569
aff224d632363e94,fallenstararena_quarter_01_c21r13.tgm.header,Tiny.V1,26786815,264
ba5ffa9e2d5c9bac,fallenstararena_quarter_01_c21r14.tgm,Tiny.VB,26976435,2863
08674f4b32431887,fallenstararena_quarter_01_c21r14.tgm.header,Tiny.VD,26767651,264
2e4bef648bba7ed8,fallenstararena_quarter_01_c21r15.tgm,Streaming/Content/data/balance/worldareas/79/mapuberboss_fallenstar.vworld,11185160,10449
07235ed76cd0d4b6,fallenstararena_quarter_01_c21r15.tgm.header,Tiny.V4,27097492,264
124d3b856f919215,fallenstararena_quarter_01_c21r16.tgm,Streaming/Content/data/balance/worldareas/98/mapmothersoul_male_quest.vworld,543203,9035
90efb9c59873f7f7,fallenstararena_quarter_01_c21r16.tgm.header,Tiny.V6,26793400,330
218633f6fa430d65,fallenstararena_quarter_01_c21r17.tgm,Streaming/Content/data/balance/worldareas/B3/mapuberboss_fallenstar.vworld,1341976,8271
f95d54b9cf032024,fallenstararena_quarter_01_c21r17.tgm.header,Tiny.V9,27257562,330
64fe0134db74cde9,fallenstararena_quarter_01_c21r18.tgm,Tiny.V6,26793730,4013
c2b290914300c1de,fallenstararena_quarter_01_c21r18.tgm.header,Tiny.VF,26985351,290
c71bdceeeeb7081d,fallenstararena_quarter_01_c21r19.tgm,Streaming/Content/data/balance/worldareas/A2/mapuberboss_fallenstar.vworld,5994524,565877
bb97ff0c9c5217cb,fallenstararena_quarter_01_c21r19.tgm.header,Tiny.V1,26787079,450
3a8832d51864f934,fallenstararena_quarter_01_c21r2.tgm,Tiny.VA,26988785,3465
f99bd23f6690e0ba,fallenstararena_quarter_01_c21r2.tgm.header,Tiny.V1,26787529,264
0aa5bafce2e3a30e,fallenstararena_quarter_01_c21r20.tgm,Streaming/Content/data/balance/worldareas/45/mapuberboss_fallenstar.vworld,1731642,4549
c7688f3c8f59a078,fallenstararena_quarter_01_c21r20.tgm.header,Tiny.V3,26611003,330
b242e0e32d7debc7,fallenstararena_quarter_01_c21r21.tgm,Streaming/Content/data/balance/worldareas/8F/mapuberboss_fallenstar.vworld,2145892,5287
f7b5a8d90e0f1202,fallenstararena_quarter_01_c21r21.tgm.header,Tiny.V0,27071804,290
a8e6c08dbfecc002,fallenstararena_quarter_01_c21r22.tgm,Tiny.VB,26979298,2097
2b7bf5802f86977d,fallenstararena_quarter_01_c21r22.tgm.header,Tiny.V0,27072094,264
d96445e4867a46ae,fallenstararena_quarter_01_c21r23.tgm,Tiny.V8,26823508,713
de14371262a7bcf6,fallenstararena_quarter_01_c21r23.tgm.header,Tiny.V6,26797743,264
21ee8df16b8b486f,fallenstararena_quarter_01_c21r24.tgm,Streaming/Content/data/balance/worldareas/74/mapuberboss_fallenstar.vworld,5951662,799983
8f9f7749a4165fd5,fallenstararena_quarter_01_c21r24.tgm.header,Tiny.V7,26739368,330
c4358d6915b182e5,fallenstararena_quarter_01_c21r25.tgm,Tiny.VB,26981395,601
798df7c72815dff3,fallenstararena_quarter_01_c21r25.tgm.header,Tiny.V8,26824221,264
45961359fec9fe0f,fallenstararena_quarter_01_c21r26.tgm,Tiny.VA,26992250,563
8b8650eef99eeabc,fallenstararena_quarter_01_c21r26.tgm.header,Tiny.VA,26992813,264
905b7934e9102eb8,fallenstararena_quarter_01_c21r27.tgm,Tiny.V7,26739698,759
d8035eefc288f58c,fallenstararena_quarter_01_c21r27.tgm.header,Tiny.VC,26959141,264
2f9ca626a3bc3d6a,fallenstararena_quarter_01_c21r28.tgm,Tiny.VC,26959405,661
a3a1f0e771163396,fallenstararena_quarter_01_c21r28.tgm.header,Tiny.VA,26993077,264
3e3f31b594bf35f5,fallenstararena_quarter_01_c21r29.tgm,Tiny.V8,26824485,693
03dbb5582c61c43d,fallenstararena_quarter_01_c21r29.tgm.header,Tiny.V9,27257892,264
f41c880977c4a627,fallenstararena_quarter_01_c21r3.tgm,Tiny.VE,26722982,3335
57122b919849da33,fallenstararena_quarter_01_c21r3.tgm.header,Tiny.VB,26981996,264
864b1aafc07faf2c,fallenstararena_quarter_01_c21r30.tgm,Tiny.V0,27072358,791
7b079343831028a1,fallenstararena_quarter_01_c21r30.tgm.header,Tiny.VD,26767915,264
80235c95a7ec1e29,fallenstararena_quarter_01_c21r31.tgm,Tiny.V7,26740457,923
fa5d96e620309c08,fallenstararena_quarter_01_c21r31.tgm.header,Tiny.V6,26798007,264
62f9a9fa09047602,fallenstararena_quarter_01_c21r32.tgm,Tiny.VA,26993341,575
1fd1acd33d1a8eb8,fallenstararena_quarter_01_c21r32.tgm.header,Tiny.VA,26993916,264
fe14439eb5357b0c,fallenstararena_quarter_01_c21r33.tgm,Tiny.VC,26960066,1349
ecc51fe1e2a91356,fallenstararena_quarter_01_c21r33.tgm.header,Tiny.V4,27097756,264
7eb550025482bd31,fallenstararena_quarter_01_c20r4.tgm,Tiny.VF,26982924,2427
81809b1750d289b1,fallenstararena_quarter_01_c20r4.tgm.header,Tiny.V4,27096700,264
b49c1e822e79fe12,fallenstararena_quarter_01_c20r5.tgm,Streaming/Content/data/balance/worldareas/0F/mapuberboss_fallenstar.vworld,1411040,62705
e68f8a49f942f709,fallenstararena_quarter_01_c20r5.tgm.header,Tiny.V1,26786287,264
325e5fad9a870512,fallenstararena_quarter_01_c20r6.tgm,Tiny.VD,26761805,4013
86840d70d9c34b01,fallenstararena_quarter_01_c20r6.tgm.header,Tiny.VD,26765818,264
3987cc9441fecc25,fallenstararena_quarter_01_c20r7.tgm,Streaming/Content/data/balance/worldareas/B0/mapprecursortowerdesert.vworld,565577,4263
0ecf93b318335bd1,fallenstararena_quarter_01_c20r7.tgm.header,Tiny.V4,27096964,264
e1f840564b1361d7,fallenstararena_quarter_01_c20r8.tgm,Streaming/Content/data/balance/worldareas/E1/mapuberboss_fallenstar.vworld,19251,65123
b3411591a2d38aef,fallenstararena_quarter_01_c20r8.tgm.header,Tiny.V4,27097228,264
33038ce0ee558e39,fallenstararena_quarter_01_c20r9.tgm,Tiny.V5,26332003,3947
b249134d295ce8dc,fallenstararena_quarter_01_c20r9.tgm.header,Tiny.VA,26988257,264
4bb18ce1be476f04,fallenstararena_quarter_01_c20r1.tgm,Tiny.V5,26328832,2643
74d720ded0225764,fallenstararena_quarter_01_c20r1.tgm.header,Tiny.V5,26331475,264
1d521903963b6f6d,fallenstararena_quarter_01_c20r10.tgm,Streaming/Content/data/balance/worldareas/FA/mapprecursortowerdesert.vworld,518634,4131
3711630e0d4f4079,fallenstararena_quarter_01_c20r10.tgm.header,Tiny.V3,26610475,264
8d874e767408ad8e,fallenstararena_quarter_01_c20r11.tgm,Streaming/Content/data/balance/worldareas/6D/mapuberboss_fallenstar.vworld,6121785,62439
27ae688f1bd79e68,fallenstararena_quarter_01_c20r11.tgm.header,Tiny.V1,26780276,264
1d7bdcea78570040,fallenstararena_quarter_01_c20r12.tgm,Tiny.VC,26951880,1345
76fe60db902bc1ca,fallenstararena_quarter_01_c20r12.tgm.header,Tiny.VB,26975907,264
c32737d374f7d048,fallenstararena_quarter_01_c20r13.tgm,Tiny.VA,26984294,3369
7cd46a87b389188b,fallenstararena_quarter_01_c20r13.tgm.header,Tiny.V2,26923799,264
ee36e6dca2315320,fallenstararena_quarter_01_c20r14.tgm,Streaming/Content/data/balance/worldareas/02/g3_1.vworld,647030,9025
654eebee40756e11,fallenstararena_quarter_01_c20r14.tgm.header,Tiny.V2,26924063,264
dd7b7c51bd0a6740,fallenstararena_quarter_01_c20r15.tgm,Streaming/Content/data/balance/worldareas/1B/mapuberboss_fallenstar.vworld,783838,8721
f6556e0fa1706be0,fallenstararena_quarter_01_c20r15.tgm.header,Tiny.V1,26780540,290
e018ba8066adc646,fallenstararena_quarter_01_c20r16.tgm,Streaming/Content/data/balance/worldareas/89/mapuberboss_fallenstar.vworld,6111917,8093
a43a936918f6ec7b,fallenstararena_quarter_01_c20r16.tgm.header,Tiny.VC,26953225,290
9a12eac0536cb5f9,fallenstararena_quarter_01_c20r17.tgm,Tiny.VC,26953515,3623
b032c7a2e355781c,fallenstararena_quarter_01_c20r17.tgm.header,Tiny.V6,26790763,264
aa04904ed504b766,fallenstararena_quarter_01_c20r18.tgm,Tiny.V7,26735255,3559
98b6b41c06c94c67,fallenstararena_quarter_01_c20r18.tgm.header,Tiny.V4,27092482,290
1c527b77a2d04f5c,fallenstararena_quarter_01_c20r19.tgm,Tiny.V1,26780830,3911
e564a30e5fadada9,fallenstararena_quarter_01_c20r19.tgm.header,Tiny.V7,26738814,290
2b3dc6813dd83f83,fallenstararena_quarter_01_c20r2.tgm,Streaming/Content/data/balance/worldareas/08/mapuberboss_fallenstar.vworld,8647853,63435
219a79b47537e2d3,fallenstararena_quarter_01_c20r2.tgm.header,Tiny.V5,26331739,264
d9ff6ec83db74bb6,fallenstararena_quarter_01_c20r20.tgm,Tiny.V8,26819599,3909
4cefb256c41ff7f8,fallenstararena_quarter_01_c20r20.tgm.header,Tiny.VA,26987663,330
19d996d755eada7c,fallenstararena_quarter_01_c20r21.tgm,Streaming/Content/data/balance/worldareas/98/mapmothersoul_male_quest.vworld,538270,4933
50edba67fca0f580,fallenstararena_quarter_01_c20r21.tgm.header,Tiny.VD,26761277,264
8d924b5ff1209bd8,fallenstararena_quarter_01_c20r22.tgm,Tiny.V0,27066242,2207
3c7074607196690f,fallenstararena_quarter_01_c20r22.tgm.header,Tiny.V4,27092772,264
0df85081b228cb37,fallenstararena_quarter_01_c20r23.tgm,Tiny.V6,26791027,707
d521713d10e0a35f,fallenstararena_quarter_01_c20r23.tgm.header,Tiny.VF,26981120,264
009eed0e2c39afe3,fallenstararena_quarter_01_c20r24.tgm,Tiny.V6,26791734,747
9851f8fe9478016a,fallenstararena_quarter_01_c20r24.tgm.header,Tiny.VC,26957138,264
3c19ad0a82aa44c8,fallenstararena_quarter_01_c20r25.tgm,Tiny.V4,27093036,655
37f641aaf72297bf,fallenstararena_quarter_01_c20r25.tgm.header,Tiny.VA,26987993,264
5cf7af3ffb98e9c7,fallenstararena_quarter_01_c20r26.tgm,Tiny.V1,26784741,641
37fcc6fbea881c69,fallenstararena_quarter_01_c20r26.tgm.header,Tiny.VF,26981384,264
88e46ae9d1da4435,fallenstararena_quarter_01_c20r27.tgm,Streaming/Content/data/balance/worldareas/95/mapuberboss_fallenstar.vworld,7671299,50649
a6cb7d73cace6ea5,fallenstararena_quarter_01_c20r27.tgm.header,Tiny.V6,26792481,264
7dc9cd94b6328d41,fallenstararena_quarter_01_c20r28.tgm,Tiny.VF,26981648,563
1b0a3f931878e6ed,fallenstararena_quarter_01_c20r28.tgm.header,Tiny.VB,26976171,264
aade99ba5ab47e73,fallenstararena_quarter_01_c20r29.tgm,Tiny.VF,26982211,713
a95d6ed7c50a5a60,fallenstararena_quarter_01_c20r29.tgm.header,Tiny.V3,26610739,264
d8a820ab5223f7a4,fallenstararena_quarter_01_c20r3.tgm,Tiny.V4,27093691,3009
ed14b34a5d5f50e4,fallenstararena_quarter_01_c20r3.tgm.header,Tiny.VD,26761541,264
674a60a9ef6fd108,fallenstararena_quarter_01_c20r30.tgm,Tiny.V6,26792745,655
ad12ae5362f8094f,fallenstararena_quarter_01_c20r30.tgm.header,Tiny.V7,26739104,264
ec8c9cd02ba64c22,fallenstararena_quarter_01_c20r31.tgm,Streaming/Content/data/balance/worldareas/CF/mapuberboss_fallenstar.vworld,8771663,123245
bd85864ee85f4bce,fallenstararena_quarter_01_c20r31.tgm.header,Tiny.VE,26719307,290
13d1d39d6a7b0335,fallenstararena_quarter_01_c20r32.tgm,Tiny.V1,26785382,641
e9b277b2fa7e0381,fallenstararena_quarter_01_c20r32.tgm.header,Tiny.V1,26786023,264
3772c20348fd25a0,fallenstararena_quarter_01_c20r33.tgm,Streaming/Content/data/balance/worldareas/B4/mapuberboss_fallenstar.vworld,97091,124447
f2e4c396a234ec6c,fallenstararena_quarter_01_c20r33.tgm.header,Tiny.V0,27068449,264
44b9be8138b87f47,fallenstararena_quarter_01_c2r4.tgm,Tiny.VD,26796320,509
458f2bbb638ec5ac,fallenstararena_quarter_01_c2r4.tgm.header,Tiny.V3,26650512,264
8ee95ef9d82b456d,fallenstararena_quarter_01_c2r5.tgm,Streaming/Content/data/balance/worldareas/1B/mapuberboss_fallenstar.vworld,797080,54749
a9d94afc086d01d3,fallenstararena_quarter_01_c2r5.tgm.header,Tiny.V6,26828027,264
73f441ba1e99b909,fallenstararena_quarter_01_c2r6.tgm,Tiny.VF,27003296,779
faf1c6eb4ae5024f,fallenstararena_quarter_01_c2r6.tgm.header,Tiny.V8,26845575,264
221d7d55d27479ba,fallenstararena_quarter_01_c2r7.tgm,Tiny.V5,26380027,483
bd081aed70ca3708,fallenstararena_quarter_01_c2r7.tgm.header,Tiny.VB,27012931,264
a7bf6d21efae813a,fallenstararena_quarter_01_c2r8.tgm,Streaming/Content/data/balance/worldareas/AE/g1_15.vworld,249487,54603
50f03849c976ea43,fallenstararena_quarter_01_c2r8.tgm.header,Tiny.VB,27013195,264
88cdaf8c787df692,fallenstararena_quarter_01_c2r9.tgm,Tiny.V7,26761288,699
53a299365a46d2da,fallenstararena_quarter_01_c2r9.tgm.header,Tiny.VE,26764286,264
db75228633b587a6,fallenstararena_quarter_01_c2r1.tgm,Tiny.V7,26760619,405
5c4102b4ce80e690,fallenstararena_quarter_01_c2r1.tgm.header,Tiny.VA,27015962,264
524295e61a5eea47,fallenstararena_quarter_01_c2r10.tgm,Tiny.V2,26946963,543
1b3ca12d6a199a35,fallenstararena_quarter_01_c2r10.tgm.header,Tiny.V0,27108826,264
9d41e9a4ca8d9aeb,fallenstararena_quarter_01_c2r11.tgm,Streaming/Content/data/balance/worldareas/A7/mapuberboss_fallenstar.vworld,1398276,54415
fead8320030dd588,fallenstararena_quarter_01_c2r11.tgm.header,Tiny.V9,27280264,264
7c861ce528eb191f,fallenstararena_quarter_01_c2r12.tgm,Tiny.VA,27016226,483
5bbbfe57550b17a6,fallenstararena_quarter_01_c2r12.tgm.header,Tiny.VC,26990176,264
d3278dd3a4ac2252,fallenstararena_quarter_01_c2r13.tgm,Tiny.VF,27001681,483
2247d8f872311dbd,fallenstararena_quarter_01_c2r13.tgm.header,Tiny.VC,26990440,264
7a78c8e084035c1a,fallenstararena_quarter_01_c2r14.tgm,Streaming/Content/data/balance/worldareas/EB/mapuberboss_fallenstar.vworld,15717183,54211
d5dc8b82b2180aaf,fallenstararena_quarter_01_c2r14.tgm.header,Tiny.VF,27002164,264
7ff450e2757db7d6,fallenstararena_quarter_01_c2r15.tgm,Tiny.V5,26378913,517
4ce8b0e2fff84604,fallenstararena_quarter_01_c2r15.tgm.header,Tiny.V8,26845047,264
d6a34e6a9f5df56d,fallenstararena_quarter_01_c2r16.tgm,Tiny.VB,27012144,523
394c25190ae47075,fallenstararena_quarter_01_c2r16.tgm.header,Tiny.V8,26845311,264
e2bbc257ba0874ae,fallenstararena_quarter_01_c2r17.tgm,Streaming/Content/data/balance/worldareas/A4/mapuberboss_fallenstar.vworld,1355989,54329
6b9bf3f957d01b13,fallenstararena_quarter_01_c2r17.tgm.header,Tiny.V2,26947506,264
d199dc8d0a350f51,fallenstararena_quarter_01_c2r18.tgm,Tiny.VF,27002428,509
486c38455ff41ed6,fallenstararena_quarter_01_c2r18.tgm.header,Tiny.V9,27280528,264
0309728c7da9d9c3,fallenstararena_quarter_01_c2r19.tgm,Tiny.V9,27280792,653
789ff202192f8f7f,fallenstararena_quarter_01_c2r19.tgm.header,Tiny.VC,26990704,264
468ff2a1e08dd6fb,fallenstararena_quarter_01_c2r2.tgm,Streaming/Content/data/balance/worldareas/DA/mapuberboss_fallenstar.vworld,512559,54283
831645572287976b,fallenstararena_quarter_01_c2r2.tgm.header,Tiny.V3,26649720,264
8153087081b2ecb7,fallenstararena_quarter_01_c2r20.tgm,Streaming/Content/data/balance/worldareas/C2/g3_11.vworld,627376,54473
141b6f96c4df145e,fallenstararena_quarter_01_c2r20.tgm.header,Tiny.VD,26796056,264
c791a5f27651ea60,fallenstararena_quarter_01_c2r21.tgm,Tiny.V6,26827478,549
47ff32fa516e00df,fallenstararena_quarter_01_c2r21.tgm.header,Tiny.V9,27281445,264
99565da912a8ccb3,fallenstararena_quarter_01_c2r22.tgm,Tiny.V1,26806166,313
0a14322957ba0122,fallenstararena_quarter_01_c2r22.tgm.header,Tiny.V7,26761024,264
4178935b8116dc2d,fallenstararena_quarter_01_c2r23.tgm,Streaming/Content/data/balance/worldareas/97/mapuberboss_fallenstar.vworld,4346440,54283
26329e547fbb5050,fallenstararena_quarter_01_c2r23.tgm.header,Tiny.VB,27012667,264
0550a2d75b525440,fallenstararena_quarter_01_c2r24.tgm,Tiny.VE,26762175,685
7e34c39caa55e169,fallenstararena_quarter_01_c2r24.tgm.header,Tiny.V4,27133483,264
21d1f102104694fc,fallenstararena_quarter_01_c2r25.tgm,Tiny.VE,26762860,843
74f9246c23b0159e,fallenstararena_quarter_01_c2r25.tgm.header,Tiny.V0,27109090,264
7df92f4fe052fea9,fallenstararena_quarter_01_c2r26.tgm,Streaming/Content/data/balance/worldareas/01/g2_9_1.vworld,823520,54525
40734e5e425f277c,fallenstararena_quarter_01_c2r26.tgm.header,Tiny.V3,26649984,264
40dc71890521ca31,fallenstararena_quarter_01_c2r27.tgm,Tiny.V0,27109354,483
16ccc208f75e0540,fallenstararena_quarter_01_c2r27.tgm.header,Tiny.V3,26650248,264
53e06419cba4ccea,fallenstararena_quarter_01_c2r28.tgm,Tiny.VF,27002937,359
e876b6a378690017,fallenstararena_quarter_01_c2r28.tgm.header,Tiny.V5,26379430,264
e311fbc6f35cbc7a,fallenstararena_quarter_01_c2r29.tgm,Streaming/Content/data/balance/worldareas/A6/mapuberboss_fallenstar.vworld,220827,54185
fef6dac287721372,fallenstararena_quarter_01_c2r29.tgm.header,Tiny.VC,26990968,264
c8580a447d09a7f2,fallenstararena_quarter_01_c2r3.tgm,Tiny.V0,27109837,417
ed932808e524ebd7,fallenstararena_quarter_01_c2r3.tgm.header,Tiny.V9,27281709,264
5bf8592f27165d25,fallenstararena_quarter_01_c2r30.tgm,Tiny.V5,26379694,333
6e880a113f7a83ea,fallenstararena_quarter_01_c2r30.tgm.header,Tiny.VC,26991232,264
ac9fc5a2823dff7c,fallenstararena_quarter_01_c2r31.tgm,Tiny.VE,26763703,319
9a80ac13946d6b14,fallenstararena_quarter_01_c2r31.tgm.header,Tiny.V1,26806479,264
4c3143797db8a057,fallenstararena_quarter_01_c2r32.tgm,Streaming/Content/data/balance/worldareas/75/mapuberboss_fallenstar.vworld,598838,54291
a913a37b48d53afc,fallenstararena_quarter_01_c2r32.tgm.header,Tiny.VA,27016709,264
4c00fdedfac56773,fallenstararena_quarter_01_c2r33.tgm,Streaming/Content/data/balance/worldareas/77/mapuberboss_fallenstar.vworld,3025212,54439
60520bb64c0998f6,fallenstararena_quarter_01_c2r33.tgm.header,Tiny.VE,26764022,264
8500a78cccaa4dd7,fallenstararena_quarter_01_c19r4.tgm,Tiny.V7,26729845,3505
f83eb1c47e70555b,fallenstararena_quarter_01_c19r4.tgm.header,Tiny.V8,26818008,264
086aff9a6cfcfedc,fallenstararena_quarter_01_c19r5.tgm,Tiny.VE,26707469,3885
1f3ba43bf6b6727e,fallenstararena_quarter_01_c19r5.tgm.header,Tiny.V8,26818272,264
846b67183607ad43,fallenstararena_quarter_01_c19r6.tgm,Streaming/Content/data/balance/worldareas/4F/mapuberboss_fallenstar.vworld,86414,4171
886e1a3cd1900c71,fallenstararena_quarter_01_c19r6.tgm.header,Tiny.V3,26609214,264
1b4727db40ca412f,fallenstararena_quarter_01_c19r7.tgm,Streaming/Content/data/balance/worldareas/44/mapuberboss_fallenstar.vworld,1141970,4167
f8e446fce2986a0f,fallenstararena_quarter_01_c19r7.tgm.header,Tiny.V2,26920446,264
ffa289167e14d521,fallenstararena_quarter_01_c19r8.tgm,Streaming/Content/data/balance/worldareas/5C/mapuberboss_fallenstar.vworld,661268,4613
2a9e630e55e6b103,fallenstararena_quarter_01_c19r8.tgm.header,Tiny.V5,26327307,264
685c96b2f6812b60,fallenstararena_quarter_01_c19r9.tgm,Tiny.VE,26711354,2545
de6b34494c4d4de1,fallenstararena_quarter_01_c19r9.tgm.header,Tiny.V3,26609478,264
27a4a9e185961ecd,fallenstararena_quarter_01_c19r1.tgm,Streaming/Content/data/balance/worldareas/0B/mapuberboss_fallenstar.vworld,548272,4177
3f03467c28b2c08b,fallenstararena_quarter_01_c19r1.tgm.header,Tiny.VA,26983209,264
b8e8800876d3465d,fallenstararena_quarter_01_c19r10.tgm,Tiny.V0,27062040,2159
323d50ef77b2fb16,fallenstararena_quarter_01_c19r10.tgm.header,Tiny.V1,26776534,264
17f72abcd45cec9d,fallenstararena_quarter_01_c19r11.tgm,Tiny.V7,26725158,2127
907a1c7314b7e06f,fallenstararena_quarter_01_c19r11.tgm.header,Tiny.V3,26600489,264
8e33613eb900df7e,fallenstararena_quarter_01_c19r12.tgm,Streaming/Content/data/balance/worldareas/FA/mapprecursortowerdesert.vworld,509431,9203
20466699be6aa28a,fallenstararena_quarter_01_c19r12.tgm.header,Tiny.V3,26600753,264
0957509fd42ea96a,fallenstararena_quarter_01_c19r13.tgm,Streaming/Content/data/balance/worldareas/A8/mapuberboss_fallenstar.vworld,7818071,11909
32b2de39f534e9ae,fallenstararena_quarter_01_c19r13.tgm.header,Tiny.VF,26979112,264
99a133dd346ad10f,fallenstararena_quarter_01_c19r14.tgm,Streaming/Content/data/balance/worldareas/56/mapuberboss_divinity.vworld,612720,9367
e369a043f6121af3,fallenstararena_quarter_01_c19r14.tgm.header,Tiny.V2,26917179,290
545e69ccea262ce6,fallenstararena_quarter_01_c19r15.tgm,Streaming/Content/data/balance/worldareas/A9/mapuberboss_fallenstar.vworld,46334,1128105
fc0c55be76bad4d6,fallenstararena_quarter_01_c19r15.tgm.header,Tiny.V8,26813471,650
ab3887a53c64b570,fallenstararena_quarter_01_c19r16.tgm,Tiny.VE,26698786,3979
ede92861068c21c8,fallenstararena_quarter_01_c19r16.tgm.header,Tiny.VC,26946946,264
9df4268aa5ed03d5,fallenstararena_quarter_01_c19r17.tgm,Tiny.VE,26702765,3213
215e981aa5cb76af,fallenstararena_quarter_01_c19r17.tgm.header,Tiny.VE,26705978,264
d60fdd8a71da4514,fallenstararena_quarter_01_c19r18.tgm,Tiny.V3,26601017,2867
4d2c0fa14252db2f,fallenstararena_quarter_01_c19r18.tgm.header,Tiny.V9,27248402,290
915331c73e750cbc,fallenstararena_quarter_01_c19r19.tgm,Tiny.V3,26603884,3275
d0e98c64bc612e49,fallenstararena_quarter_01_c19r19.tgm.header,Tiny.VD,26757561,264
48e039bbcc4eeef5,fallenstararena_quarter_01_c19r2.tgm,Tiny.V8,26814121,3887
4b38fd038bc0728e,fallenstararena_quarter_01_c19r2.tgm.header,Tiny.V9,27248692,264
a726f87621ba43cf,fallenstararena_quarter_01_c19r20.tgm,Tiny.V9,27248956,2751
f3d4c6f7eaf45de1,fallenstararena_quarter_01_c19r20.tgm.header,Tiny.VF,26979376,264
125d3fcf268d4e94,fallenstararena_quarter_01_c19r21.tgm,Tiny.V2,26917469,2449
edae85d6695d6ac8,fallenstararena_quarter_01_c19r21.tgm.header,Tiny.VE,26706242,264
3594e9cd1023d0e9,fallenstararena_quarter_01_c19r22.tgm,Tiny.V7,26727285,1135
79d4675055cdf534,fallenstararena_quarter_01_c19r22.tgm.header,Tiny.VF,26979640,264
a50444370d79401f,fallenstararena_quarter_01_c19r23.tgm,Tiny.V6,26786959,837
d41ad70cd325bbc8,fallenstararena_quarter_01_c19r23.tgm.header,Tiny.V9,27251707,264
321c53dcbe620801,fallenstararena_quarter_01_c19r24.tgm,Tiny.V3,26607159,681
90bcff3f33ab1985,fallenstararena_quarter_01_c19r24.tgm.header,Tiny.V6,26787796,264
8ba75aae2ab1ac9b,fallenstararena_quarter_01_c19r25.tgm,Tiny.V3,26607840,687
fefeafd48c5a857a,fallenstararena_quarter_01_c19r25.tgm.header,Tiny.V7,26728420,264
6bc6bf43d624620e,fallenstararena_quarter_01_c19r26.tgm,Tiny.V3,26608527,687
6425f29e1d12eed1,fallenstararena_quarter_01_c19r26.tgm.header,Tiny.VC,26947210,264
180f49cff702ea38,fallenstararena_quarter_01_c19r27.tgm,Tiny.VD,26757825,733
f0ff4890bdf45985,fallenstararena_quarter_01_c19r27.tgm.header,Tiny.V6,26788060,264
1e66294203f0ae94,fallenstararena_quarter_01_c19r28.tgm,Tiny.V7,26728684,897
0ee3501c88da9744,fallenstararena_quarter_01_c19r28.tgm.header,Tiny.V2,26919918,264
cac90c6aad593258,fallenstararena_quarter_01_c19r29.tgm,Tiny.V4,27089380,641
def96436ad84487b,fallenstararena_quarter_01_c19r29.tgm.header,Tiny.V9,27251971,264
cff2146b6facfbbf,fallenstararena_quarter_01_c19r3.tgm,Tiny.V9,27252235,3113
959e14c6e65a977d,fallenstararena_quarter_01_c19r3.tgm.header,Tiny.V7,26729581,264
a5ae166866b26538,fallenstararena_quarter_01_c19r30.tgm,Streaming/Content/data/balance/worldareas/FC/mapuberboss_fallenstar.vworld,0,450327
b5908625435054cf,fallenstararena_quarter_01_c19r30.tgm.header,Tiny.VE,26706506,264
4ed46df7d22f1429,fallenstararena_quarter_01_c19r31.tgm,Tiny.VC,26947474,865
df914cdc423163cc,fallenstararena_quarter_01_c19r31.tgm.header,Tiny.V2,26920182,264
32810b21624b46cb,fallenstararena_quarter_01_c19r32.tgm,Tiny.VE,26706770,699
aefeb6689a501cb2,fallenstararena_quarter_01_c19r32.tgm.header,Tiny.V4,27090021,264
0ab95cc98b5df8e4,fallenstararena_quarter_01_c19r33.tgm,Streaming/Content/data/balance/worldareas/EC/mapuberboss_fallenstar.vworld,7953,547823
1738caf3861bc222,fallenstararena_quarter_01_c19r33.tgm.header,Tiny.VD,26758558,264
a475e70074b71ad0,fallenstararena_quarter_01_c18r4.tgm,Tiny.VC,26943019,3927
cb1480942407a2c1,fallenstararena_quarter_01_c18r4.tgm.header,Tiny.V3,26600225,264
382e66de44577ec1,fallenstararena_quarter_01_c18r5.tgm,Tiny.V2,26913928,3251
4aa6a8d0725644b7,fallenstararena_quarter_01_c18r5.tgm.header,Tiny.V7,26724630,264
798a0beede6bb5f7,fallenstararena_quarter_01_c18r6.tgm,Tiny.VF,26974394,2979
ea4caa7e1ee5dec7,fallenstararena_quarter_01_c18r6.tgm.header,Tiny.V9,27246065,264
1fb3b601b7c2e6e6,fallenstararena_quarter_01_c18r7.tgm,Tiny.V8,26810484,2987
60b1a2ddd824ff22,fallenstararena_quarter_01_c18r7.tgm.header,Tiny.V7,26724894,264
c2b7dfe989678f18,fallenstararena_quarter_01_c18r8.tgm,Tiny.V9,27246329,2073
8445b7e66a24ad57,fallenstararena_quarter_01_c18r8.tgm.header,Tiny.V6,26786695,264
655be72885b796b4,fallenstararena_quarter_01_c18r9.tgm,Tiny.VF,26977373,1739
7207dd6e344f8510,fallenstararena_quarter_01_c18r9.tgm.header,Tiny.VA,26982945,264
8d8b1a4cfc4c5ccf,fallenstararena_quarter_01_c18r1.tgm,Tiny.V4,27084992,3503
2eddee634b0412dd,fallenstararena_quarter_01_c18r1.tgm.header,Tiny.V1,26774925,264
77d95cc18d40f35d,fallenstararena_quarter_01_c18r10.tgm,Streaming/Content/data/balance/worldareas/50/mapuberboss_fallenstar.vworld,5800766,5883
e7140801530dd8d7,fallenstararena_quarter_01_c18r10.tgm.header,Tiny.V1,26775189,264
30f31e7006d231d7,fallenstararena_quarter_01_c18r11.tgm,Streaming/Content/data/balance/worldareas/9F/mapport.vworld.1,749639,10581
07a6ebd62168c333,fallenstararena_quarter_01_c18r11.tgm.header,Tiny.V7,26721136,264
5693c4e5d51a8d43,fallenstararena_quarter_01_c18r12.tgm,Streaming/Content/data/balance/worldareas/E5/mapuberboss_fallenstar.vworld,8529707,10275
2977f9d66dd7f3db,fallenstararena_quarter_01_c18r12.tgm.header,Tiny.VD,26755541,264
db13edc2c9e71bf5,fallenstararena_quarter_01_c18r13.tgm,Streaming/Content/data/balance/worldareas/27/mapuberboss_fallenstar.vworld,2975295,12477
a3d8cd8f62c9ab65,fallenstararena_quarter_01_c18r13.tgm.header,Tiny.V9,27240115,264
ce79e9f24ef52ae9,fallenstararena_quarter_01_c18r14.tgm,Streaming/Content/data/balance/worldareas/D4/mapuberboss_fallenstar.vworld,7815,8349
a5f836fda22c876f,fallenstararena_quarter_01_c18r14.tgm.header,Tiny.VF,26970842,290
b072cf63b65eba67,fallenstararena_quarter_01_c18r15.tgm,Streaming/Content/data/balance/worldareas/5B/mapuberboss_fallenstar.vworld,517843,4687
a9a6033fb5d4a6da,fallenstararena_quarter_01_c18r15.tgm.header,Tiny.VC,26941566,264
763d708d702ecec1,fallenstararena_quarter_01_c18r16.tgm,Tiny.V9,27240379,2793
cb3a8ac35e106f1f,fallenstararena_quarter_01_c18r16.tgm.header,Tiny.VE,26698522,264
f693c2edff5861cd,fallenstararena_quarter_01_c18r17.tgm,Tiny.V5,26321044,2023
af634569805ee360,fallenstararena_quarter_01_c18r17.tgm.header,Tiny.V6,26785639,264
8e1dfd01204314bd,fallenstararena_quarter_01_c18r18.tgm,Tiny.VF,26971132,2101
f3877afc95ac0706,fallenstararena_quarter_01_c18r18.tgm.header,Tiny.V6,26785903,264
28369a27d7e31d05,fallenstararena_quarter_01_c18r19.tgm,Tiny.V7,26721400,2253
e286bff5da0ef941,fallenstararena_quarter_01_c18r19.tgm.header,Tiny.V6,26786167,264
1f5516cba1657b1b,fallenstararena_quarter_01_c18r2.tgm,Tiny.V0,27057254,3479
9bfea12045ae1856,fallenstararena_quarter_01_c18r2.tgm.header,Tiny.V5,26323067,264
0088bca102034588,fallenstararena_quarter_01_c18r20.tgm,Tiny.VC,26941830,925
071f37c4fb1e1ffc,fallenstararena_quarter_01_c18r20.tgm.header,Tiny.V3,26599961,264
b65cd385c5cd4bd8,fallenstararena_quarter_01_c18r21.tgm,Tiny.V5,26323331,615
e6b6491042a2e4c0,fallenstararena_quarter_01_c18r21.tgm.header,Tiny.V1,26775453,264
034098a0b8a544f7,fallenstararena_quarter_01_c18r22.tgm,Tiny.V8,26809521,699
e2fd21af1a1e4862,fallenstararena_quarter_01_c18r22.tgm.header,Tiny.V4,27088495,264
7ab405351642b046,fallenstararena_quarter_01_c18r23.tgm,Tiny.V9,27243172,667
90a5c6d24d6ef631,fallenstararena_quarter_01_c18r23.tgm.header,Tiny.V9,27243839,264
eb7e823588634963,fallenstararena_quarter_01_c18r24.tgm,Tiny.VD,26755805,687
70c5bb1e9c79da6d,fallenstararena_quarter_01_c18r24.tgm.header,Tiny.V6,26786431,264
541a86bc55134ea8,fallenstararena_quarter_01_c18r25.tgm,Tiny.V9,27244103,667
c7985f3bdf87e02e,fallenstararena_quarter_01_c18r25.tgm.header,Tiny.V7,26723653,264
c5fe8ca53be2fe49,fallenstararena_quarter_01_c18r26.tgm,Tiny.VB,26974310,805
c3c91633e456a993,fallenstararena_quarter_01_c18r26.tgm.header,Tiny.VD,26756492,264
b779d2aaf3880840,fallenstararena_quarter_01_c18r27.tgm,Tiny.VD,26756756,805
f7faba78e3036d7d,fallenstararena_quarter_01_c18r27.tgm.header,Tiny.VC,26942755,264
c02a8c0a9b3e4da7,fallenstararena_quarter_01_c18r28.tgm,Tiny.V1,26775717,817
87d2cec68cb30721,fallenstararena_quarter_01_c18r28.tgm.header,Tiny.V0,27060733,264
3c9f4b03f784e262,fallenstararena_quarter_01_c18r29.tgm,Tiny.V9,27244770,767
ff752d9f354d338e,fallenstararena_quarter_01_c18r29.tgm.header,Tiny.V2,26913664,264
0231bd5570968ef2,fallenstararena_quarter_01_c18r3.tgm,Tiny.V5,26323946,3097
724c2a7be949c77a,fallenstararena_quarter_01_c18r3.tgm.header,Tiny.V5,26327043,264
926f2051e63c1b3d,fallenstararena_quarter_01_c18r30.tgm,Tiny.V7,26723917,713
878585edb8b144f3,fallenstararena_quarter_01_c18r30.tgm.header,Tiny.V9,27245537,264
ff1ba5c1020bdae8,fallenstararena_quarter_01_c18r31.tgm,Tiny.V0,27060997,779
d8269c2c8bc3f188,fallenstararena_quarter_01_c18r31.tgm.header,Tiny.V8,26810220,264
925dd0602f44d54d,fallenstararena_quarter_01_c18r32.tgm,Tiny.V4,27088759,621
853713a3ea5919c7,fallenstararena_quarter_01_c18r32.tgm.header,Tiny.V9,27245801,264
1c9eeb68c0e92676,fallenstararena_quarter_01_c18r33.tgm,Tiny.VF,26973233,1161
a6b91f234dd3855e,fallenstararena_quarter_01_c18r33.tgm.header,Tiny.V0,27061776,264
e39b4610a0d74f6e,fallenstararena_quarter_01_c17r4.tgm,Tiny.VF,26968123,2719
ae869443d552d7c9,fallenstararena_quarter_01_c17r4.tgm.header,Tiny.V0,27056990,264
7debb33b33ab405e,fallenstararena_quarter_01_c17r5.tgm,Streaming/Content/data/balance/worldareas/98/mapmothersoul_male_quest.vworld,475873,62397
b059744ad8a77ab8,fallenstararena_quarter_01_c17r5.tgm.header,Tiny.VC,26939647,264
4116ab02d4c0226e,fallenstararena_quarter_01_c17r6.tgm,Tiny.VC,26939911,1655
87079214cc1201b1,fallenstararena_quarter_01_c17r6.tgm.header,Tiny.VE,26698258,264
7d23c577e5d40878,fallenstararena_quarter_01_c17r7.tgm,Tiny.V7,26719663,1473
de12d9a301700b19,fallenstararena_quarter_01_c17r7.tgm.header,Tiny.V8,26808993,264
0aaff3c3ee337f53,fallenstararena_quarter_01_c17r8.tgm,Streaming/Content/data/balance/worldareas/64/p2_1.vworld.1,628382,61759
27df086f2900190d,fallenstararena_quarter_01_c17r8.tgm.header,Tiny.V8,26809257,264
8b3d8f77a75ecf97,fallenstararena_quarter_01_c17r9.tgm,Streaming/Content/data/balance/worldareas/EF/bossrush_area3.vworld.1,486584,5079
be1c95374f0cbeea,fallenstararena_quarter_01_c17r9.tgm.header,Tiny.V6,26785375,264
72abdcd52bdd9520,fallenstararena_quarter_01_c17r1.tgm,Tiny.VA,26980252,2165
0d83da4ef8e965f8,fallenstararena_quarter_01_c17r1.tgm.header,Tiny.VF,26966494,264
0b48e3fced0db478,fallenstararena_quarter_01_c17r10.tgm,Streaming/Content/data/balance/worldareas/70/mapuberboss_fallenstar.vworld,7820752,8925
28f28372d897cea6,fallenstararena_quarter_01_c17r10.tgm.header,Tiny.VC,26939383,264
8f343ff1b6a13808,fallenstararena_quarter_01_c17r11.tgm,Streaming/Content/data/balance/worldareas/52/mapuberboss_fallenstar.vworld,226704,69375
de7c1b7c037fcdf9,fallenstararena_quarter_01_c17r11.tgm.header,Tiny.V5,26318262,264
ca7d3973ecb99873,fallenstararena_quarter_01_c17r12.tgm,Streaming/Content/data/balance/worldareas/43/mapuberboss_fallenstar.vworld,416449,8721
d89acd2390236230,fallenstararena_quarter_01_c17r12.tgm.header,Tiny.V9,27235605,264
9472ae69f87ed4d1,fallenstararena_quarter_01_c17r13.tgm,Streaming/Content/data/balance/worldareas/A2/mapuberboss_fallenstar.vworld,5989945,4579
353cf483644a7825,fallenstararena_quarter_01_c17r13.tgm.header,Tiny.VD,26751782,264
8ead8a22cfb0dc3d,fallenstararena_quarter_01_c17r14.tgm,Tiny.V4,27079061,2171
cd934910a119fce7,fallenstararena_quarter_01_c17r14.tgm.header,Tiny.VE,26694568,264
590ecf49f1fc78bc,fallenstararena_quarter_01_c17r15.tgm,Tiny.V9,27235869,1919
11cbb62bccfa538f,fallenstararena_quarter_01_c17r15.tgm.header,Tiny.V7,26718237,264
7e2c3dd4953bc59b,fallenstararena_quarter_01_c17r16.tgm,Streaming/Content/data/balance/worldareas/4B/mapuberboss_fallenstar.vworld,210342,388013
9197a7b68e55abbd,fallenstararena_quarter_01_c17r16.tgm.header,Tiny.V7,26718501,370
7b1e22086aa45e78,fallenstararena_quarter_01_c17r17.tgm,Tiny.VD,26752046,1767
c2d090f9d740926a,fallenstararena_quarter_01_c17r17.tgm.header,Tiny.V5,26318526,264
09dbe5fd46152d16,fallenstararena_quarter_01_c17r18.tgm,Tiny.V8,26805942,2523
09a457a0d8f4b45f,fallenstararena_quarter_01_c17r18.tgm.header,Tiny.V4,27081232,264
9dc9173a9bc8626e,fallenstararena_quarter_01_c17r19.tgm,Tiny.V4,27081496,2757
a80ade2ed352fc56,fallenstararena_quarter_01_c17r19.tgm.header,Tiny.VE,26694832,264
25ed0d9c6d4e90b5,fallenstararena_quarter_01_c17r2.tgm,Streaming/Content/data/balance/worldareas/5F/mapuberboss_fallenstar.vworld,599947,62655
86a83fae0d814030,fallenstararena_quarter_01_c17r2.tgm.header,Tiny.V7,26718871,264
01b9a05ecf306ed2,fallenstararena_quarter_01_c17r20.tgm,Tiny.V5,26318790,1033
03a5a2d19c3e6cff,fallenstararena_quarter_01_c17r20.tgm.header,Tiny.VA,26982417,264
99210c56296a76bf,fallenstararena_quarter_01_c17r21.tgm,Tiny.VE,26695096,647
f9e4dae07789fc01,fallenstararena_quarter_01_c17r21.tgm.header,Tiny.V6,26784372,264
5d2827f8a6be326a,fallenstararena_quarter_01_c17r22.tgm,Tiny.V4,27084253,739
c0d0934c7d48a606,fallenstararena_quarter_01_c17r22.tgm.header,Tiny.VF,26966758,264
f9a8f73258372eac,fallenstararena_quarter_01_c17r23.tgm,Tiny.VE,26695743,793
49dd38631eb8aea6,fallenstararena_quarter_01_c17r23.tgm.header,Tiny.V7,26719135,264
efab0c682698dc56,fallenstararena_quarter_01_c17r24.tgm,Tiny.V5,26319823,693
5f4c4ee2ef73e0af,fallenstararena_quarter_01_c17r24.tgm.header,Tiny.VA,26982681,264
3c2e1006193ecf55,fallenstararena_quarter_01_c17r25.tgm,Tiny.V2,26912997,667
b156dec40ca429ce,fallenstararena_quarter_01_c17r25.tgm.header,Tiny.V9,27237788,264
8de0360cdab22a9d,fallenstararena_quarter_01_c17r26.tgm,Tiny.V0,27055901,825
c61d4078f12ad889,fallenstararena_quarter_01_c17r26.tgm.header,Tiny.VF,26967022,264
a5cab3d1b5152c25,fallenstararena_quarter_01_c17r27.tgm,Tiny.VE,26696536,871
09f35e79b711bb81,fallenstararena_quarter_01_c17r27.tgm.header,Tiny.V5,26320516,264
8dfff8f8c8028b5b,fallenstararena_quarter_01_c17r28.tgm,Tiny.VE,26697407,851
69e05502afbe8dca,fallenstararena_quarter_01_c17r28.tgm.header,Tiny.V0,27056726,264
63dcae7a7b6ec77a,fallenstararena_quarter_01_c17r29.tgm,Tiny.VF,26967286,837
ffde2778315c2fb1,fallenstararena_quarter_01_c17r29.tgm.header,Tiny.V5,26320780,264
052971604723b4e4,fallenstararena_quarter_01_c17r3.tgm,Tiny.V9,27238052,2063
3314eb3520155184,fallenstararena_quarter_01_c17r3.tgm.header,Tiny.V8,26808465,264
9610e297d588372f,fallenstararena_quarter_01_c17r30.tgm,Tiny.VD,26753813,673
67ddbe192f5014c0,fallenstararena_quarter_01_c17r30.tgm.header,Tiny.VD,26754486,264
4098c5da6422615d,fallenstararena_quarter_01_c17r31.tgm,Tiny.V6,26784636,739
20b28bf97f9b34bf,fallenstararena_quarter_01_c17r31.tgm.header,Tiny.V7,26719399,264
ac755f8a521ea175,fallenstararena_quarter_01_c17r32.tgm,Tiny.VD,26754750,791
612b10918f605330,fallenstararena_quarter_01_c17r32.tgm.header,Tiny.V3,26599697,264
70d2a02d05adc3b9,fallenstararena_quarter_01_c17r33.tgm,Streaming/Content/data/balance/worldareas/FD/mapuberboss_fallenstar.vworld,1594998,55153
ebdfa9cae2cf4c6b,fallenstararena_quarter_01_c17r33.tgm.header,Tiny.V8,26808729,264
f30d2defecf15064,fallenstararena_quarter_01_c16r4.tgm,Tiny.V4,27077530,1531
9b36b64be3b78542,fallenstararena_quarter_01_c16r4.tgm.header,Tiny.VF,26966230,264
58c74a5e138fd0f7,fallenstararena_quarter_01_c16r5.tgm,Tiny.V3,26597938,1759
6c0bd0b1cb1e6cd4,fallenstararena_quarter_01_c16r5.tgm.header,Tiny.VD,26751518,264
bf840af81ea920d7,fallenstararena_quarter_01_c16r6.tgm,Tiny.V1,26772248,2677
1e731b584b421212,fallenstararena_quarter_01_c16r6.tgm.header,Tiny.V5,26317734,264
7c7b1827be351f00,fallenstararena_quarter_01_c16r7.tgm,Streaming/Content/data/balance/worldareas/AC/mapuberboss_fallenstar.vworld,8493689,7679
c8be995019a44f90,fallenstararena_quarter_01_c16r7.tgm.header,Tiny.V0,27055373,264
33628e38da2dfa61,fallenstararena_quarter_01_c16r8.tgm,Streaming/Content/data/balance/worldareas/8B/mapuberboss_fallenstar.vworld,854148,7267
29bef69167fa1d43,fallenstararena_quarter_01_c16r8.tgm.header,Tiny.V0,27055637,264
66f7c38d05ac6028,fallenstararena_quarter_01_c16r9.tgm,Streaming/Content/data/balance/worldareas/3E/mapuberboss_fallenstar.vworld,5606844,6225
57d226c12109fe0a,fallenstararena_quarter_01_c16r9.tgm.header,Tiny.V5,26317998,264
4fa8c67119fad67b,fallenstararena_quarter_01_c16r1.tgm,Tiny.VF,26957019,1455
78de55e5e23bc135,fallenstararena_quarter_01_c16r1.tgm.header,Tiny.V8,26801972,264
2239ad3f19ba670a,fallenstararena_quarter_01_c16r10.tgm,Streaming/Content/data/balance/worldareas/47/mapuberboss_fallenstar.vworld,5790542,7773
91cd6e02422a2c85,fallenstararena_quarter_01_c16r10.tgm.header,Tiny.VE,26690874,264
a5a67702fe054edf,fallenstararena_quarter_01_c16r11.tgm,Streaming/Content/data/balance/worldareas/1C/mapuberboss_fallenstar.vworld,639358,6937
1806bde030fae859,fallenstararena_quarter_01_c16r11.tgm.header,Tiny.VB,26971032,264
604f1416435373b7,fallenstararena_quarter_01_c16r12.tgm,Tiny.V6,26780530,3325
d882455005ac3822,fallenstararena_quarter_01_c16r12.tgm.header,Tiny.V3,26595371,264
2f1e07bd6349364d,fallenstararena_quarter_01_c16r13.tgm,Tiny.V7,26713308,1975
26ddcbbd3cf4acaf,fallenstararena_quarter_01_c16r13.tgm.header,Tiny.V2,26912469,264
4c5ded20e8aa5983,fallenstararena_quarter_01_c16r14.tgm,Streaming/Content/data/balance/worldareas/44/mapuberboss_fallenstar.vworld,669647,472323
44190c4dc0d58d0d,fallenstararena_quarter_01_c16r14.tgm.header,Tiny.V1,26771350,370
8bf0ec0c9be540ae,fallenstararena_quarter_01_c16r15.tgm,Tiny.VB,26971296,1753
532e575394997ee3,fallenstararena_quarter_01_c16r15.tgm.header,Tiny.V7,26715283,264
d3606709406fb787,fallenstararena_quarter_01_c16r16.tgm,Tiny.VE,26691138,2483
ff4da2cf86edab30,fallenstararena_quarter_01_c16r16.tgm.header,Tiny.VD,26750990,264
59a9f3ec44f147d9,fallenstararena_quarter_01_c16r17.tgm,Tiny.V8,26802236,2577
e8edfd530a0df923,fallenstararena_quarter_01_c16r17.tgm.header,Tiny.V1,26771720,264
bd36ea7049b86124,fallenstararena_quarter_01_c16r18.tgm,Tiny.VF,26958474,3355
bf57192ef790ebf6,fallenstararena_quarter_01_c16r18.tgm.header,Tiny.VF,26961829,264
c76379ddc2ebb917,fallenstararena_quarter_01_c16r19.tgm,Tiny.VF,26962093,3609
65168c514195d5b4,fallenstararena_quarter_01_c16r19.tgm.header,Tiny.VA,26977095,264
8a3424c4ca2f4ca2,fallenstararena_quarter_01_c16r2.tgm,Tiny.V0,27052159,1643
9543441ad2348b60,fallenstararena_quarter_01_c16r2.tgm.header,Tiny.VD,26751254,264
3c2a9ff34a8257ef,fallenstararena_quarter_01_c16r20.tgm,Tiny.VA,26977359,1611
7a8333878fa9a0ec,fallenstararena_quarter_01_c16r20.tgm.header,Tiny.V5,26316737,264
0003cadded5b34cb,fallenstararena_quarter_01_c16r21.tgm,Tiny.V8,26804813,865
d440124922c19650,fallenstararena_quarter_01_c16r21.tgm.header,Tiny.V4,27077266,264
4ae925235b924b35,fallenstararena_quarter_01_c16r22.tgm,Tiny.V3,26595635,903
c5ad16fcf3cc9a59,fallenstararena_quarter_01_c16r22.tgm.header,Tiny.V9,27233996,264
eece31505d55b941,fallenstararena_quarter_01_c16r23.tgm,Tiny.VA,26978970,641
b8c3b2b8eab4aed5,fallenstararena_quarter_01_c16r23.tgm.header,Tiny.V1,26771984,264
93b0931a78214ef9,fallenstararena_quarter_01_c16r24.tgm,Tiny.V0,27053802,779
43b7d050b408d919,fallenstararena_quarter_01_c16r24.tgm.header,Tiny.V8,26805678,264
058c7fbde9520207,fallenstararena_quarter_01_c16r25.tgm,Tiny.VA,26979611,641
f4c46091573a07dc,fallenstararena_quarter_01_c16r25.tgm.header,Tiny.V0,27054581,264
785ea90956b4f4df,fallenstararena_quarter_01_c16r26.tgm,Tiny.VB,26973049,733
619d501877a95417,fallenstararena_quarter_01_c16r26.tgm.header,Tiny.VB,26973782,264
9a9e88877eb4afa4,fallenstararena_quarter_01_c16r27.tgm,Tiny.V6,26783855,517
c7af833768883621,fallenstararena_quarter_01_c16r27.tgm.header,Tiny.V9,27234260,264
d13405474d01c280,fallenstararena_quarter_01_c16r28.tgm,Tiny.V3,26596538,661
aae7571d406de92d,fallenstararena_quarter_01_c16r28.tgm.header,Tiny.V0,27054845,264
bb2e749006355ca6,fallenstararena_quarter_01_c16r29.tgm,Tiny.V3,26597199,739
f2652bfc7db6beb4,fallenstararena_quarter_01_c16r29.tgm.header,Tiny.V9,27234524,264
fcb5c6370af9104d,fallenstararena_quarter_01_c16r3.tgm,Tiny.V7,26715547,1925
6ce914bb1dcb921b,fallenstararena_quarter_01_c16r3.tgm.header,Tiny.V2,26912733,264
f557c1d3e0576190,fallenstararena_quarter_01_c16r30.tgm,Tiny.V9,27234788,817
e2899f73e7af04f7,fallenstararena_quarter_01_c16r30.tgm.header,Tiny.VF,26965702,264
790891eb1a0c6e01,fallenstararena_quarter_01_c16r31.tgm,Tiny.V5,26317001,733
44b60577d4f5ff88,fallenstararena_quarter_01_c16r31.tgm.header,Tiny.VB,26974046,264
7504dbefcb8564e0,fallenstararena_quarter_01_c16r32.tgm,Tiny.V7,26717472,765
f95704d15157d6ba,fallenstararena_quarter_01_c16r32.tgm.header,Tiny.V0,27055109,264
bcd2a907393c6b6c,fallenstararena_quarter_01_c16r33.tgm,Tiny.VE,26693621,947
1a7d7ab29e4ad860,fallenstararena_quarter_01_c16r33.tgm.header,Tiny.VF,26965966,264
2ad628ef2acd5d4f,fallenstararena_quarter_01_c15r4.tgm,Streaming/Content/data/balance/worldareas/CE/mapuberboss_fallenstar.vworld,6359834,7609
2219724e78dd52a6,fallenstararena_quarter_01_c15r4.tgm.header,Tiny.V3,26595107,264
a98a08587c43758c,fallenstararena_quarter_01_c15r5.tgm,Streaming/Content/data/balance/worldareas/B5/mapuberboss_fallenstar.vworld,1421680,7761
1b56561de119fca5,fallenstararena_quarter_01_c15r5.tgm.header,Tiny.VD,26750462,264
ece301b15a927a26,fallenstararena_quarter_01_c15r6.tgm,Streaming/Content/data/balance/worldareas/2B/mapuberboss_fallenstar.vworld,1555456,8609
9dad4cf158964cad,fallenstararena_quarter_01_c15r6.tgm.header,Tiny.V8,26801708,264
e617f4095164b0a8,fallenstararena_quarter_01_c15r7.tgm,Streaming/Content/data/balance/worldareas/21/g3_11.vworld,758521,11563
54b66eafc7eca255,fallenstararena_quarter_01_c15r7.tgm.header,Tiny.V0,27051895,264
9f9ff260eeddd7f2,fallenstararena_quarter_01_c15r8.tgm,Streaming/Content/data/balance/worldareas/84/mapuberboss_ritual.vworld,333218,8171
04e844e919337a76,fallenstararena_quarter_01_c15r8.tgm.header,Tiny.V1,26771086,264
ce0af5b1654a4263,fallenstararena_quarter_01_c15r9.tgm,Streaming/Content/data/balance/worldareas/8E/mapprecursortowerdesert.vworld,1045043,6753
4c053d751fe07aef,fallenstararena_quarter_01_c15r9.tgm.header,Tiny.VD,26750726,264
bc1d8446b3ffaac7,fallenstararena_quarter_01_c15r1.tgm,Streaming/Content/data/balance/worldareas/42/mapuberboss_fallenstar.vworld,502948,5049
0aec89e2ff509fdf,fallenstararena_quarter_01_c15r1.tgm.header,Tiny.V4,27075853,264
06385a722a30ed90,fallenstararena_quarter_01_c15r10.tgm,Streaming/Content/data/balance/worldareas/71/bossrush_area3.vworld.1,214204,6733
ca1a9f109ef673a6,fallenstararena_quarter_01_c15r10.tgm.header,Tiny.VC,26934564,264
ab4996031676867d,fallenstararena_quarter_01_c15r11.tgm,Tiny.V2,26908016,2615
039aa5e8c551be01,fallenstararena_quarter_01_c15r11.tgm.header,Tiny.V0,27051367,264
3ed83550085caeb0,fallenstararena_quarter_01_c15r12.tgm,Tiny.V5,26312187,2267
58e3b13f0e8c456d,fallenstararena_quarter_01_c15r12.tgm.header,Tiny.V6,26775339,264
e858fe205bae3692,fallenstararena_quarter_01_c15r13.tgm,Tiny.VC,26934828,2819
26be1ba4fdb4279d,fallenstararena_quarter_01_c15r13.tgm.header,Tiny.V9,27233468,264
49d3adf7e1121b01,fallenstararena_quarter_01_c15r14.tgm,Tiny.VB,26966789,3451
eef582ac9c53188e,fallenstararena_quarter_01_c15r14.tgm.header,Tiny.VA,26973954,264
c7be4b98d51926fe,fallenstararena_quarter_01_c15r15.tgm,Tiny.V5,26314454,2283
53d078bd2b0f54fe,fallenstararena_quarter_01_c15r15.tgm.header,Tiny.V4,27076117,264
04e7902c53ef06e9,fallenstararena_quarter_01_c15r16.tgm,Streaming/Content/data/balance/worldareas/0C/mapuberboss_fallenstar.vworld,5907883,291441
c8351a894020f106,fallenstararena_quarter_01_c15r16.tgm.header,Tiny.V6,26775603,330
6a0faa93ead7f2d1,fallenstararena_quarter_01_c15r17.tgm,Tiny.V6,26775933,4069
0dc07194ec3a85df,fallenstararena_quarter_01_c15r17.tgm.header,Tiny.VE,26687641,264
88751eba12f2003a,fallenstararena_quarter_01_c15r18.tgm,Streaming/Content/data/balance/worldareas/83/mapuberboss_fallenstar.vworld,7104269,4217
ea5be1782420c380,fallenstararena_quarter_01_c15r18.tgm.header,Tiny.V9,27233732,264
aaeede24b0d9c822,fallenstararena_quarter_01_c15r19.tgm,Tiny.VE,26687905,2969
962a39ed99887c91,fallenstararena_quarter_01_c15r19.tgm.header,Tiny.VD,26747919,264
12f8dbbc2f7da14f,fallenstararena_quarter_01_c15r2.tgm,Streaming/Content/data/balance/worldareas/31/mapuberboss_fallenstar.vworld,0,5033
5fb5c71541a4afc3,fallenstararena_quarter_01_c15r2.tgm.header,Tiny.VA,26974218,264
1014ead55e643ba7,fallenstararena_quarter_01_c15r20.tgm,Tiny.V4,27076381,621
5df86d9083b727f0,fallenstararena_quarter_01_c15r20.tgm.header,Tiny.V0,27051631,264
ed749dd3651ec6ab,fallenstararena_quarter_01_c15r21.tgm,Tiny.VD,26748183,471
d3c7bbd2e632761e,fallenstararena_quarter_01_c15r21.tgm.header,Tiny.VD,26748654,264
925cf433ae3fac85,fallenstararena_quarter_01_c15r22.tgm,Tiny.VA,26974482,701
186795d3fb76f24d,fallenstararena_quarter_01_c15r22.tgm.header,Tiny.VB,26970240,264
986ecae20bf81299,fallenstararena_quarter_01_c15r23.tgm,Tiny.VC,26937647,641
b3ecb56aed603338,fallenstararena_quarter_01_c15r23.tgm.header,Tiny.V6,26780002,264
c1979f498754ff7d,fallenstararena_quarter_01_c15r24.tgm,Tiny.VC,26938288,831
8964a90e1242df2f,fallenstararena_quarter_01_c15r24.tgm.header,Tiny.V4,27077002,264
53e7f2a941031654,fallenstararena_quarter_01_c15r25.tgm,Tiny.V1,26768673,635
96b994a6569a5503,fallenstararena_quarter_01_c15r25.tgm.header,Tiny.VF,26956755,264
ff1bc27faf445c6b,fallenstararena_quarter_01_c15r26.tgm,Tiny.VD,26748918,825
f0fcbdfa5a2e3477,fallenstararena_quarter_01_c15r26.tgm.header,Tiny.VB,26970504,264
e0bf7581aab7b2e8,fallenstararena_quarter_01_c15r27.tgm,Tiny.V2,26910631,701
5b0cd6cc7d1f48ed,fallenstararena_quarter_01_c15r27.tgm.header,Tiny.V2,26911332,264
2b219146f89e1ec2,fallenstararena_quarter_01_c15r28.tgm,Tiny.V1,26769308,621
9bb66fae8949f4fc,fallenstararena_quarter_01_c15r28.tgm.header,Tiny.V6,26780266,264
edea74898d651099,fallenstararena_quarter_01_c15r29.tgm,Tiny.V2,26911596,609
8191071e249b4fc0,fallenstararena_quarter_01_c15r29.tgm.header,Tiny.VA,26975183,264
bcc13a752089096d,fallenstararena_quarter_01_c15r3.tgm,Streaming/Content/data/balance/worldareas/FF/mapuberboss_fallenstar.vworld,4261872,6815
3eafd457fd31e2bf,fallenstararena_quarter_01_c15r3.tgm.header,Tiny.VB,26970768,264
e30f67016f76a965,fallenstararena_quarter_01_c15r30.tgm,Tiny.VA,26975447,771
c31c191ce9111a19,fallenstararena_quarter_01_c15r30.tgm.header,Tiny.V3,26594579,264
a7b18b275543c9d3,fallenstararena_quarter_01_c15r31.tgm,Tiny.VD,26749743,719
bbf52deacd7e99a0,fallenstararena_quarter_01_c15r31.tgm.header,Tiny.V3,26594843,264
de8e10f8fd598fee,fallenstararena_quarter_01_c15r32.tgm,Tiny.VA,26976218,877
c8e2bb281fc9784e,fallenstararena_quarter_01_c15r32.tgm.header,Tiny.VC,26939119,264
f2f803d49a36c1a0,fallenstararena_quarter_01_c15r33.tgm,Tiny.V1,26769929,1157
8ad2e57a1f5b883a,fallenstararena_quarter_01_c15r33.tgm.header,Tiny.V2,26912205,264
df9c41c7db32b7f0,fallenstararena_quarter_01_c14r4.tgm,Streaming/Content/data/balance/worldareas/6B/mapuberboss_fallenstar.vworld,1758949,7841
1746971cdb698dac,fallenstararena_quarter_01_c14r4.tgm.header,Tiny.VD,26747655,264
a9f3f1a108711264,fallenstararena_quarter_01_c14r5.tgm,Streaming/Content/data/balance/worldareas/05/mapuberboss_fallenstar.vworld,702231,66145
6c152cf8af1d719d,fallenstararena_quarter_01_c14r5.tgm.header,Tiny.VC,26934036,264
e6c203ed05360b05,fallenstararena_quarter_01_c14r6.tgm,Streaming/Content/data/balance/worldareas/F7/g1_15.vworld,506853,6957
dd01743ae116ec52,fallenstararena_quarter_01_c14r6.tgm.header,Tiny.V6,26774811,264
51f9607863632f6f,fallenstararena_quarter_01_c14r7.tgm,Streaming/Content/data/balance/worldareas/F0/mapuberboss_fallenstar.vworld,1932391,7847
276573b3d43bfe24,fallenstararena_quarter_01_c14r7.tgm.header,Tiny.VC,26934300,264
e94773a0787e6f60,fallenstararena_quarter_01_c14r8.tgm,Streaming/Content/data/balance/worldareas/74/mapuberboss_fallenstar.vworld,5885717,65945
04413591e298f520,fallenstararena_quarter_01_c14r8.tgm.header,Tiny.VA,26973664,290
9c4d84c06442bcac,fallenstararena_quarter_01_c14r9.tgm,Tiny.V9,27230587,2881
4b6220061ffc6a2a,fallenstararena_quarter_01_c14r9.tgm.header,Tiny.V6,26775075,264
751181856251f4d0,fallenstararena_quarter_01_c14r1.tgm,Streaming/Content/data/balance/worldareas/77/mapuberboss_fallenstar.vworld,3018059,7153
738cc50e57dfbf5c,fallenstararena_quarter_01_c14r1.tgm.header,Tiny.VA,26970074,264
c17493ec117f68b1,fallenstararena_quarter_01_c14r10.tgm,Tiny.VA,26970338,2191
ab8fef66a31d2918,fallenstararena_quarter_01_c14r10.tgm.header,Tiny.V0,27049666,264
eed78e8af4b5a92b,fallenstararena_quarter_01_c14r11.tgm,Streaming/Content/data/balance/worldareas/FE/mapuberboss_fallenstar.vworld,11229464,62107
cafce81644dca151,fallenstararena_quarter_01_c14r11.tgm.header,Tiny.VA,26972529,264
e4d7eadc174f775b,fallenstararena_quarter_01_c14r12.tgm,Tiny.V6,26771724,2295
173e2cf92d60a4bc,fallenstararena_quarter_01_c14r12.tgm.header,Tiny.V3,26592457,264
f57a535d3b43ed73,fallenstararena_quarter_01_c14r13.tgm,Tiny.V1,26763882,3469
c184872c9a860a36,fallenstararena_quarter_01_c14r13.tgm.header,Tiny.V2,26906432,264
4556b45439b249ca,fallenstararena_quarter_01_c14r14.tgm,Streaming/Content/data/balance/worldareas/FB/mapuniquereactor_01.vworld,426244,4455
d31ec9f7cf9b735a,fallenstararena_quarter_01_c14r14.tgm.header,Tiny.V6,26774019,264
01284d99ce738354,fallenstararena_quarter_01_c14r15.tgm,Tiny.VE,26682571,3987
4fd040200153faf7,fallenstararena_quarter_01_c14r15.tgm.header,Tiny.VA,26972793,264
102921bb9195156c,fallenstararena_quarter_01_c14r16.tgm,Streaming/Content/data/balance/worldareas/DE/mapuberboss_fallenstar.vworld,5791116,5995
f013954536192094,fallenstararena_quarter_01_c14r16.tgm.header,Tiny.V2,26906696,264
bc4df56ce005a737,fallenstararena_quarter_01_c14r17.tgm,Tiny.VC,26927272,3449
a6d08fd845d28a90,fallenstararena_quarter_01_c14r17.tgm.header,Tiny.V6,26774283,264
9d37e58e51f239b9,fallenstararena_quarter_01_c14r18.tgm,Tiny.VC,26930721,1361
7436df9def7598b0,fallenstararena_quarter_01_c14r18.tgm.header,Tiny.V9,27229284,264
ce3e12eb78e2e70a,fallenstararena_quarter_01_c14r19.tgm,Tiny.V9,27229548,1039
02d796235517dce7,fallenstararena_quarter_01_c14r19.tgm.header,Tiny.V8,26801444,264
19c0f44666094683,fallenstararena_quarter_01_c14r2.tgm,Streaming/Content/data/balance/worldareas/C1/mapuberboss_fallenstar.vworld,5765319,67173
3fe165b0ec15bcd7,fallenstararena_quarter_01_c14r2.tgm.header,Tiny.V0,27049930,264
1a1f115086bf0170,fallenstararena_quarter_01_c14r20.tgm,Tiny.VC,26932082,759
cef19626f9a92ed1,fallenstararena_quarter_01_c14r20.tgm.header,Tiny.V2,26906960,264
e22d231efb52e93b,fallenstararena_quarter_01_c14r21.tgm,Tiny.V1,26767351,727
b0499faf8d6db522,fallenstararena_quarter_01_c14r21.tgm.header,Tiny.V5,26311395,264
7e70b10583977c3b,fallenstararena_quarter_01_c14r22.tgm,Tiny.V7,26711989,791
de4365189b7261d5,fallenstararena_quarter_01_c14r22.tgm.header,Tiny.V6,26774547,264
759e14d58744d918,fallenstararena_quarter_01_c14r23.tgm,Tiny.VA,26973057,607
5c4a10eecab90e9b,fallenstararena_quarter_01_c14r23.tgm.header,Tiny.VE,26686558,264
aef2bdb49076dc81,fallenstararena_quarter_01_c14r24.tgm,Tiny.V0,27050194,909
e17e575d2edcc822,fallenstararena_quarter_01_c14r24.tgm.header,Tiny.V5,26311659,264
e9fa362303d2b590,fallenstararena_quarter_01_c14r25.tgm,Tiny.VD,26746203,713
e572f6bde29beddd,fallenstararena_quarter_01_c14r25.tgm.header,Tiny.VC,26932841,264
206765d80e1f3421,fallenstararena_quarter_01_c14r26.tgm,Tiny.V1,26768078,595
cb053e6ed0490746,fallenstararena_quarter_01_c14r26.tgm.header,Tiny.V2,26907224,264
21a44410eaf8e4c5,fallenstararena_quarter_01_c14r27.tgm,Tiny.VC,26933105,667
43c6d803c0504d7f,fallenstararena_quarter_01_c14r27.tgm.header,Tiny.V3,26592721,264
09df898393f4b1b2,fallenstararena_quarter_01_c14r28.tgm,Tiny.V3,26592985,699
f7fc98064f07975e,fallenstararena_quarter_01_c14r28.tgm.header,Tiny.V5,26311923,264
55952f3a9ce3cc4b,fallenstararena_quarter_01_c14r29.tgm,Tiny.VF,26956082,673
6dfa574883a8c91f,fallenstararena_quarter_01_c14r29.tgm.header,Tiny.V2,26907488,264
9552239fcb12a67a,fallenstararena_quarter_01_c14r3.tgm,Streaming/Content/data/balance/worldareas/7E/mapuberboss_fallenstar.vworld,5201378,7735
596c6c7fd042ece3,fallenstararena_quarter_01_c14r3.tgm.header,Tiny.V0,27051103,264
dfac3e3d747c56ef,fallenstararena_quarter_01_c14r30.tgm,Tiny.VD,26746916,739
2c271b53bfbe5c7f,fallenstararena_quarter_01_c14r30.tgm.header,Tiny.V7,26712780,264
005dd3234db81935,fallenstararena_quarter_01_c14r31.tgm,Tiny.V3,26593684,895
64a5e05227f1f8d2,fallenstararena_quarter_01_c14r31.tgm.header,Tiny.V7,26713044,264
91a37aef8dc8af34,fallenstararena_quarter_01_c14r32.tgm,Tiny.VE,26686822,819
4305d606506c8994,fallenstararena_quarter_01_c14r32.tgm.header,Tiny.VC,26933772,264
474c1e3a70adf720,fallenstararena_quarter_01_c14r33.tgm,Streaming/Content/data/balance/worldareas/25/mapuberboss_fallenstar.vworld,6689506,55103
7ae2b75286819071,fallenstararena_quarter_01_c14r33.tgm.header,Tiny.V2,26907752,264
e5177fada556fec6,fallenstararena_quarter_01_c13r4.tgm,Streaming/Content/data/balance/worldareas/EB/mapuberboss_fallenstar.vworld,15710940,6243
f70654e8ab5a77fc,fallenstararena_quarter_01_c13r4.tgm.header,Tiny.V4,27075589,264
b75193e1590b8542,fallenstararena_quarter_01_c13r5.tgm,Tiny.V1,26754715,3359
2b18c1979725d4de,fallenstararena_quarter_01_c13r5.tgm.header,Tiny.V0,27049138,264
b2bf33acef764fcd,fallenstararena_quarter_01_c13r6.tgm,Tiny.V1,26758074,2121
e1de1d29dd532852,fallenstararena_quarter_01_c13r6.tgm.header,Tiny.V0,27049402,264
806dfef50f65d220,fallenstararena_quarter_01_c13r7.tgm,Tiny.V9,27226969,2315
9b09be6a39314d85,fallenstararena_quarter_01_c13r7.tgm.header,Tiny.VE,26682307,264
92fb7b4e1b63dad7,fallenstararena_quarter_01_c13r8.tgm,Tiny.VB,26964162,2627
a4e5268c74fc4da7,fallenstararena_quarter_01_c13r8.tgm.header,Tiny.V1,26760195,264
5751d80d7456d389,fallenstararena_quarter_01_c13r9.tgm,Tiny.V1,26760459,3423
b9a3c8c498c0b2ab,fallenstararena_quarter_01_c13r9.tgm.header,Tiny.V2,26906168,264
e4024f8b1d8dbe86,fallenstararena_quarter_01_c13r1.tgm,Streaming/Content/data/balance/worldareas/8A/mapuberboss_fallenstar.vworld,3489002,5835
311d5691fb774f50,fallenstararena_quarter_01_c13r1.tgm.header,Tiny.VF,26955157,264
02ab1712abe5818c,fallenstararena_quarter_01_c13r10.tgm,Tiny.V1,26749986,2445
9a453cc60fed97c3,fallenstararena_quarter_01_c13r10.tgm.header,Tiny.VA,26969546,264
d1c22d356ad34c69,fallenstararena_quarter_01_c13r11.tgm,Streaming/Content/data/balance/worldareas/97/mapuberboss_fallenstar.vworld,4053154,285845
12d680e8d7ba71e9,fallenstararena_quarter_01_c13r11.tgm.header,Tiny.VC,26924411,530
12f262abe30bd279,fallenstararena_quarter_01_c13r12.tgm,Streaming/Content/data/balance/worldareas/6A/mapuberboss_fallenstar.vworld,1817419,6265
a4fdccb8878f0ed8,fallenstararena_quarter_01_c13r12.tgm.header,Tiny.VC,26924941,264
f82a04adb84caeac,fallenstararena_quarter_01_c13r13.tgm,Streaming/Content/data/balance/worldareas/8D/mapuberboss_fallenstar.vworld,500692,5087
6d58ab0cecb72a35,fallenstararena_quarter_01_c13r13.tgm.header,Tiny.VB,26963634,264
0eb3ae241c749b3b,fallenstararena_quarter_01_c13r14.tgm,Tiny.V0,27045977,2633
2058f2bdd926427d,fallenstararena_quarter_01_c13r14.tgm.header,Tiny.V8,26801180,264
3f0e0cfbe7c1e3df,fallenstararena_quarter_01_c13r15.tgm,Streaming/Content/data/balance/worldareas/DC/mapuberboss_fallenstar.vworld,5991493,64029
bf574c7f927368c8,fallenstararena_quarter_01_c13r15.tgm.header,Tiny.V3,26591903,290
4d90fa6bd9e4812f,fallenstararena_quarter_01_c13r16.tgm,Streaming/Content/data/balance/worldareas/DF/mapuberboss_fallenstar.vworld,49178,5381
12a42d074636b990,fallenstararena_quarter_01_c13r16.tgm.header,Tiny.V9,27226098,264
635ddcd520529f5e,fallenstararena_quarter_01_c13r17.tgm,Tiny.VC,26925205,1803
73bd91da358a4bad,fallenstararena_quarter_01_c13r17.tgm.header,Tiny.V1,26752431,264
db2cbdd5aa9bb465,fallenstararena_quarter_01_c13r18.tgm,Streaming/Content/data/balance/worldareas/7F/mapuberboss_fallenstar.vworld,5886757,54637
61fc9d3d9ab755ee,fallenstararena_quarter_01_c13r18.tgm.header,Tiny.V1,26752695,264
763a545d42bda9e3,fallenstararena_quarter_01_c13r19.tgm,Tiny.VF,26955421,661
a0f7561ef4019f6e,fallenstararena_quarter_01_c13r19.tgm.header,Tiny.V6,27050306,264
d700e9647e8fce5f,fallenstararena_quarter_01_c13r2.tgm,Streaming/Content/data/balance/worldareas/3A/mapprecursortowerdesert.vworld,617751,6311
a67cedfe44cd9a26,fallenstararena_quarter_01_c13r2.tgm.header,Tiny.V3,26592193,264
53a0d83e7734e361,fallenstararena_quarter_01_c13r20.tgm,Tiny.V9,27226362,607
7780f9486a1965c7,fallenstararena_quarter_01_c13r20.tgm.header,Tiny.VE,26681362,264
06428548cc915086,fallenstararena_quarter_01_c13r21.tgm,Streaming/Content/data/balance/worldareas/02/g3_1.vworld,592465,54565
2e73548c7eb27fd5,fallenstararena_quarter_01_c13r21.tgm.header,Tiny.VD,26745675,264
8cab86056e4292a3,fallenstararena_quarter_01_c13r22.tgm,Tiny.V2,26902886,825
4546d0adc3649684,fallenstararena_quarter_01_c13r22.tgm.header,Tiny.V7,26711725,264
da161378a13a10c0,fallenstararena_quarter_01_c13r23.tgm,Tiny.V2,26903711,865
9d6844af12594796,fallenstararena_quarter_01_c13r23.tgm.header,Tiny.VC,26927008,264
89783359ef76820c,fallenstararena_quarter_01_c13r24.tgm,Tiny.V4,27073373,871
7d1fad42de022c92,fallenstararena_quarter_01_c13r24.tgm.header,Tiny.V1,26752959,264
59f238ff3617db2f,fallenstararena_quarter_01_c13r25.tgm,Tiny.V2,26904576,687
02b4f91d2743a780,fallenstararena_quarter_01_c13r25.tgm.header,Tiny.V0,27048610,264
bc08395b8d4d6c12,fallenstararena_quarter_01_c13r26.tgm,Tiny.VE,26681626,681
b3e6b1c1b41ea998,fallenstararena_quarter_01_c13r26.tgm.header,Tiny.V5,26310438,264
8ed056c4acde0e3a,fallenstararena_quarter_01_c13r27.tgm,Tiny.V2,26905263,641
3b6ba054524ce09c,fallenstararena_quarter_01_c13r27.tgm.header,Tiny.VA,26969810,264
dc302f7ddfb49698,fallenstararena_quarter_01_c13r28.tgm,Tiny.V6,26770094,739
b56baae6e2695ab8,fallenstararena_quarter_01_c13r28.tgm.header,Tiny.V4,27074244,264
3ce64f76bc66cb0b,fallenstararena_quarter_01_c13r29.tgm,Tiny.V6,26770833,627
8e35a118e6be8230,fallenstararena_quarter_01_c13r29.tgm.header,Tiny.V6,26771460,264
ba080b412003c980,fallenstararena_quarter_01_c13r3.tgm,Streaming/Content/data/balance/worldareas/92/mapuberboss_fallenstar.vworld,681943,5445
9c831136479ec835,fallenstararena_quarter_01_c13r3.tgm.header,Tiny.VD,26745939,264
ccf8b95b4ef8c609,fallenstararena_quarter_01_c13r30.tgm,Tiny.V5,26310702,693
d4491f2ddad9b402,fallenstararena_quarter_01_c13r30.tgm.header,Tiny.VB,26963898,264
872533d6c4653852,fallenstararena_quarter_01_c13r31.tgm,Tiny.V4,27074508,817
03c56d0d2b6f88c0,fallenstararena_quarter_01_c13r31.tgm.header,Tiny.V0,27048874,264
9442cef14e128799,fallenstararena_quarter_01_c13r32.tgm,Tiny.V1,26753223,621
3798c7236c64bcea,fallenstararena_quarter_01_c13r32.tgm.header,Tiny.V4,27075325,264
47a4df37e9de2b61,fallenstararena_quarter_01_c13r33.tgm,Tiny.V1,26753844,871
cfe0beb9e0cee9ed,fallenstararena_quarter_01_c13r33.tgm.header,Tiny.V2,26905904,264
16e02b5ab3bf63d9,fallenstararena_quarter_01_c12r4.tgm,Tiny.V2,26900101,2785
b92c04be4e4d50a8,fallenstararena_quarter_01_c12r4.tgm.header,Tiny.V9,27225834,264
749d3bf222767efb,fallenstararena_quarter_01_c12r5.tgm,Tiny.VE,26679229,2133
a26fbe9218d1b922,fallenstararena_quarter_01_c12r5.tgm.header,Tiny.V8,26800652,264
d0010b3ed1883aa2,fallenstararena_quarter_01_c12r6.tgm,Tiny.V7,26707524,3673
2aca0481f6d2e2fe,fallenstararena_quarter_01_c12r6.tgm.header,Tiny.V8,26800916,264
973437aa2f633943,fallenstararena_quarter_01_c12r7.tgm,Streaming/Content/data/balance/worldareas/08/mapuberboss_fallenstar.vworld,8642588,5265
0e26ac5ea9d394ee,fallenstararena_quarter_01_c12r7.tgm.header,Tiny.V7,26711197,264
d31d6977bf9b2a2a,fallenstararena_quarter_01_c12r8.tgm,Streaming/Content/data/balance/worldareas/F4/mapuberboss_fallenstar.vworld,444517,5193
7f79de7af55a6f21,fallenstararena_quarter_01_c12r8.tgm.header,Tiny.V7,26711461,264
0dfb8966cbff06da,fallenstararena_quarter_01_c12r9.tgm,Streaming/Content/data/balance/worldareas/F1/mapuberboss_fallenstar.vworld,178597,5215
f402ecda0158c26b,fallenstararena_quarter_01_c12r9.tgm.header,Tiny.V3,26591639,264
c56f31e272a7c6bb,fallenstararena_quarter_01_c12r1.tgm,Tiny.VC,26921788,2095
0149531ec222f976,fallenstararena_quarter_01_c12r1.tgm.header,Tiny.VC,26923883,264
f980af86b0cce01a,fallenstararena_quarter_01_c12r10.tgm,Streaming/Content/data/balance/worldareas/D6/mapuberboss_fallenstar.vworld,7139123,5167
99bfd5e24ee3c377,fallenstararena_quarter_01_c12r10.tgm.header,Tiny.V8,26799066,264
0c1ed8e754fadde2,fallenstararena_quarter_01_c12r11.tgm,Streaming/Content/data/balance/worldareas/BC/mapuberboss_fallenstar.vworld,3351307,5823
2881d5f077668574,fallenstararena_quarter_01_c12r11.tgm.header,Tiny.VA,26964795,264
0baf590fe073ba12,fallenstararena_quarter_01_c12r12.tgm,Streaming/Content/data/balance/worldareas/C9/mapuberboss_fallenstar.vworld,1406439,6333
2e4f4a831c803de3,fallenstararena_quarter_01_c12r12.tgm.header,Tiny.V4,27072066,264
1bb06afb0fee6b04,fallenstararena_quarter_01_c12r13.tgm,Tiny.VF,26950767,3413
830d9af16f28c503,fallenstararena_quarter_01_c12r13.tgm.header,Tiny.V2,26897969,264
989f5c2d79c7fae4,fallenstararena_quarter_01_c12r14.tgm,Tiny.VB,26959888,671
2a12b4cc22339782,fallenstararena_quarter_01_c12r14.tgm.header,Tiny.V0,27044219,264
7bbf4f7b000ce8ca,fallenstararena_quarter_01_c12r15.tgm,Tiny.V3,26589816,1295
ad03da2b2c685f0e,fallenstararena_quarter_01_c12r15.tgm.header,Tiny.VE,26677335,264
917f4e02642679d6,fallenstararena_quarter_01_c12r16.tgm,Tiny.VB,26960559,1427
f4031ed4c6482ac0,fallenstararena_quarter_01_c12r16.tgm.header,Tiny.VC,26924147,264
b37af2dfe682af0a,fallenstararena_quarter_01_c12r17.tgm,Tiny.V7,26706981,543
1f1d8bec816b4f13,fallenstararena_quarter_01_c12r17.tgm.header,Tiny.VE,26677599,264
97c944b6814547de,fallenstararena_quarter_01_c12r18.tgm,Tiny.VE,26677863,765
247ad1c5d0f5f572,fallenstararena_quarter_01_c12r18.tgm.header,Tiny.V6,26769302,264
8b0d3f703c9cd3ea,fallenstararena_quarter_01_c12r19.tgm,Tiny.V5,26309831,607
9f5d3483b9d4c236,fallenstararena_quarter_01_c12r19.tgm.header,Tiny.V2,26898233,264
f521a4488c5fda91,fallenstararena_quarter_01_c12r2.tgm,Tiny.VA,26965059,2639
9cb08d8965a062ab,fallenstararena_quarter_01_c12r2.tgm.header,Tiny.V6,26769566,264
ee55ec17e299dda8,fallenstararena_quarter_01_c12r20.tgm,Tiny.VA,26967698,693
e0c54e4002b15940,fallenstararena_quarter_01_c12r20.tgm.header,Tiny.V9,27222090,264
2d748e4181d96d45,fallenstararena_quarter_01_c12r21.tgm,Tiny.V8,26799330,885
7e51c48b5aba9b09,fallenstararena_quarter_01_c12r21.tgm.header,Tiny.V3,26591111,264
b47ab05f22db5cb3,fallenstararena_quarter_01_c12r22.tgm,Tiny.V4,27072330,779
c17c2d662348686f,fallenstararena_quarter_01_c12r22.tgm.header,Tiny.V3,26591375,264
e4471d185d4e738d,fallenstararena_quarter_01_c12r23.tgm,Tiny.VF,26954180,713
fa4455b600f48152,fallenstararena_quarter_01_c12r23.tgm.header,Tiny.VD,26744883,264
b31391da32c0d788,fallenstararena_quarter_01_c12r24.tgm,Tiny.V2,26898497,647
adb3d0b553108ca3,fallenstararena_quarter_01_c12r24.tgm.header,Tiny.V6,26769830,264
d6b2de4aca6b3d65,fallenstararena_quarter_01_c12r25.tgm,Tiny.V9,27222354,681
319fd8791793eb16,fallenstararena_quarter_01_c12r25.tgm.header,Tiny.V1,26749458,264
f848d4e15cac5900,fallenstararena_quarter_01_c12r26.tgm,Tiny.VE,26678628,601
eadfdfc73babc0f7,fallenstararena_quarter_01_c12r26.tgm.header,Tiny.V2,26899144,264
3bc81549b056edbf,fallenstararena_quarter_01_c12r27.tgm,Tiny.VA,26968391,627
a46aa334a75806cc,fallenstararena_quarter_01_c12r27.tgm.header,Tiny.VA,26969018,264
3ee40393c9d91583,fallenstararena_quarter_01_c12r28.tgm,Tiny.V0,27044483,575
78727eb266c3e81f,fallenstararena_quarter_01_c12r28.tgm.header,Tiny.VD,26745147,264
baa34811836cb512,fallenstararena_quarter_01_c12r29.tgm,Tiny.V8,26800215,437
30da8a15ba4b67e3,fallenstararena_quarter_01_c12r29.tgm.header,Tiny.V0,27045058,264
8b9c6fba3646b9fd,fallenstararena_quarter_01_c12r3.tgm,Tiny.V9,27223035,2799
2d05829265283a06,fallenstararena_quarter_01_c12r3.tgm.header,Tiny.VD,26745411,264
1718d1b3e2dd00b7,fallenstararena_quarter_01_c12r30.tgm,Tiny.VB,26961986,653
ca16c215d62120dd,fallenstararena_quarter_01_c12r30.tgm.header,Tiny.V1,26749722,264
e12ac9d1439f4191,fallenstararena_quarter_01_c12r31.tgm,Tiny.V2,26899408,693
6a111a70fd70f536,fallenstararena_quarter_01_c12r31.tgm.header,Tiny.VA,26969282,264
f77a35f0f684bca4,fallenstararena_quarter_01_c12r32.tgm,Tiny.V0,27045322,655
da361561f9dda5cb,fallenstararena_quarter_01_c12r32.tgm.header,Tiny.VF,26954893,264
7e4080726a0d7683,fallenstararena_quarter_01_c12r33.tgm,Tiny.VB,26962639,995
da7565784fcf35fc,fallenstararena_quarter_01_c12r33.tgm.header,Tiny.V4,27073109,264
c526f4ef9cf62334,fallenstararena_quarter_01_c11r4.tgm,Streaming/Content/data/balance/worldareas/85/g2_9_1.vworld,482483,5305
73e0cfbc66a9c18d,fallenstararena_quarter_01_c11r4.tgm.header,Tiny.V5,26306368,264
22bda559bb26743d,fallenstararena_quarter_01_c11r5.tgm,Streaming/Content/data/balance/worldareas/B7/mapuberboss_fallenstar.vworld,906984,64305
8209ce16d63258ef,fallenstararena_quarter_01_c11r5.tgm.header,Tiny.V0,27043929,290
fb58c3ed36b661e1,fallenstararena_quarter_01_c11r6.tgm,Streaming/Content/data/balance/worldareas/8D/mapuberboss_fallenstar.vworld,495609,5083
d9cfd7cd845c5d2d,fallenstararena_quarter_01_c11r6.tgm.header,Tiny.VE,26677071,264
acfd97474670ced6,fallenstararena_quarter_01_c11r7.tgm,Tiny.V5,26306632,2935
cc451ea8e00bcd83,fallenstararena_quarter_01_c11r7.tgm.header,Tiny.V3,26589552,264
e6533d379c5c78c3,fallenstararena_quarter_01_c11r8.tgm,Streaming/Content/data/balance/worldareas/C4/mapuberboss_fallenstar.vworld,13671400,55755
691d923cbe146602,fallenstararena_quarter_01_c11r8.tgm.header,Tiny.V5,26309567,264
81281677a2ac211c,fallenstararena_quarter_01_c11r9.tgm,Tiny.V4,27070389,1677
c07bea89f70f3ab6,fallenstararena_quarter_01_c11r9.tgm.header,Tiny.V6,26769038,264
461c067ca80081cd,fallenstararena_quarter_01_c11r1.tgm,Tiny.V8,26794553,2489
282daaeefe789f9f,fallenstararena_quarter_01_c11r1.tgm.header,Tiny.VB,26957921,264
5d3f825b145b3b68,fallenstararena_quarter_01_c11r10.tgm,Tiny.VD,26741379,2143
faca51374962db27,fallenstararena_quarter_01_c11r10.tgm.header,Tiny.V9,27219996,264
9f6d87775766d0a7,fallenstararena_quarter_01_c11r11.tgm,Streaming/Content/data/balance/worldareas/44/mapuberboss_fallenstar.vworld,613736,55911
c0900098daea56c5,fallenstararena_quarter_01_c11r11.tgm.header,Tiny.VD,26743522,264
2f98c00e2bbff2aa,fallenstararena_quarter_01_c11r12.tgm,Tiny.VE,26675702,1105
7b6fe7c2c85dffc1,fallenstararena_quarter_01_c11r12.tgm.header,Tiny.V3,26586990,264
323d2a0f91a93e73,fallenstararena_quarter_01_c11r13.tgm,Tiny.VA,26962999,701
336bffa239c1ec3a,fallenstararena_quarter_01_c11r13.tgm.header,Tiny.V9,27220260,264
bb0797da64506c2d,fallenstararena_quarter_01_c11r14.tgm,Tiny.VC,26919781,641
83649046f273c08c,fallenstararena_quarter_01_c11r14.tgm.header,Tiny.V3,26587254,264
3eb74c0abfb0a6bb,fallenstararena_quarter_01_c11r15.tgm,Tiny.V0,27042325,733
382f402d3ff1b4ad,fallenstararena_quarter_01_c11r15.tgm.header,Tiny.V7,26706427,264
bca1db8907344e59,fallenstararena_quarter_01_c11r16.tgm,Tiny.VD,26743786,569
2db840da09c0795a,fallenstararena_quarter_01_c11r16.tgm.header,Tiny.VB,26958185,264
a610129aea840542,fallenstararena_quarter_01_c11r17.tgm,Tiny.V6,26767802,517
9a06702d5ad9917a,fallenstararena_quarter_01_c11r17.tgm.header,Tiny.V3,26587518,264
5500522edd6d826d,fallenstararena_quarter_01_c11r18.tgm,Tiny.V1,26748493,701
5300b4ba57481888,fallenstararena_quarter_01_c11r18.tgm.header,Tiny.VF,26949069,264
7426c631901450be,fallenstararena_quarter_01_c11r19.tgm,Tiny.V3,26587782,759
24211f2c2cfbadde,fallenstararena_quarter_01_c11r19.tgm.header,Tiny.VB,26958449,264
12431bab818ceae3,fallenstararena_quarter_01_c11r2.tgm,Streaming/Content/data/balance/worldareas/E5/mapuberboss_fallenstar.vworld,8465048,64659
06f29e50dfed5d9e,fallenstararena_quarter_01_c11r2.tgm.header,Tiny.V7,26706691,290
fd5e2643299a3e3f,fallenstararena_quarter_01_c11r20.tgm,Tiny.V3,26588541,747
52d21c45f8cd92c1,fallenstararena_quarter_01_c11r20.tgm.header,Tiny.V4,27069861,264
72517fcd88d8a788,fallenstararena_quarter_01_c11r21.tgm,Tiny.V0,27043058,871
d5420f35166c17bc,fallenstararena_quarter_01_c11r21.tgm.header,Tiny.VB,26958713,264
d2666e79bbaa71dd,fallenstararena_quarter_01_c11r22.tgm,Tiny.VF,26949333,779
cdeab87de5e3495f,fallenstararena_quarter_01_c11r22.tgm.header,Tiny.VD,26744355,264
e01d4eba66cd73ae,fallenstararena_quarter_01_c11r23.tgm,Tiny.V8,26797042,903
44d43cd1cf1c9a96,fallenstararena_quarter_01_c11r23.tgm.header,Tiny.V8,26797945,264
647d7b8f16c5b73d,fallenstararena_quarter_01_c11r24.tgm,Tiny.VF,26950112,655
5501f4e08f39ded6,fallenstararena_quarter_01_c11r24.tgm.header,Tiny.V1,26749194,264
1377aa5d419f0929,fallenstararena_quarter_01_c11r25.tgm,Tiny.VB,26958977,647
cfca5f9cb66dffc4,fallenstararena_quarter_01_c11r25.tgm.header,Tiny.V4,27070125,264
596870d0b622b448,fallenstararena_quarter_01_c11r26.tgm,Tiny.V6,26768319,719
139c53dfa7f3c4cc,fallenstararena_quarter_01_c11r26.tgm.header,Tiny.VA,26963700,264
2e5f300bf4fcbfb0,fallenstararena_quarter_01_c11r27.tgm,Tiny.V9,27220524,621
93f4b1e95993917e,fallenstararena_quarter_01_c11r27.tgm.header,Tiny.VB,26959624,264
07a89df85d5ecf1d,fallenstararena_quarter_01_c11r28.tgm,Tiny.VA,26963964,567
324c43a81997a37e,fallenstararena_quarter_01_c11r28.tgm.header,Tiny.VA,26964531,264
58c0ceef974fb9c1,fallenstararena_quarter_01_c11r29.tgm,Tiny.V8,26798209,857
0faf90d6445b6b57,fallenstararena_quarter_01_c11r29.tgm.header,Tiny.V9,27221145,264
69460e75648f2292,fallenstararena_quarter_01_c11r3.tgm,Streaming/Content/data/balance/worldareas/0F/mapuberboss_fallenstar.vworld,1406055,4985
80672dece7b6755a,fallenstararena_quarter_01_c11r3.tgm.header,Tiny.VD,26744619,264
7b5aa2dc26316164,fallenstararena_quarter_01_c11r30.tgm,Tiny.V9,27221409,681
f689280053224443,fallenstararena_quarter_01_c11r30.tgm.header,Tiny.V3,26589288,264
9d61300141bb1458,fallenstararena_quarter_01_c11r31.tgm,Tiny.VC,26920422,693
12479d37407e1ffe,fallenstararena_quarter_01_c11r31.tgm.header,Tiny.V2,26897441,264
27b356d0075793dd,fallenstararena_quarter_01_c11r32.tgm,Tiny.VC,26921115,673
68d2ef388fd4f2f5,fallenstararena_quarter_01_c11r32.tgm.header,Tiny.V2,26897705,264
4e41afb315c6d7bb,fallenstararena_quarter_01_c11r33.tgm,Streaming/Content/data/balance/worldareas/AC/mapuberboss_fallenstar.vworld,8438626,55063
dffa7e92cb1f068c,fallenstararena_quarter_01_c11r33.tgm.header,Tiny.VE,26676807,264
ed9016c66ce4a930,fallenstararena_quarter_01_c10r4.tgm,Tiny.V7,26703546,2881
a99939049cd23158,fallenstararena_quarter_01_c10r4.tgm.header,Tiny.V8,26794289,264
bdc2ced9583823a2,fallenstararena_quarter_01_c10r5.tgm,Tiny.V1,26746602,1627
e52ff7a5520964e8,fallenstararena_quarter_01_c10r5.tgm.header,Tiny.VB,26957657,264
0386e7ed31eef7f6,fallenstararena_quarter_01_c10r6.tgm,Tiny.V4,27068508,1353
3f84295a773bc39b,fallenstararena_quarter_01_c10r6.tgm.header,Tiny.V1,26748229,264
81e7b44a2b7669a3,fallenstararena_quarter_01_c10r7.tgm,Tiny.VF,26948526,543
ada5c252c15a0004,fallenstararena_quarter_01_c10r7.tgm.header,Tiny.V4,27399147,264
cdd3f32b2fe7a0c5,fallenstararena_quarter_01_c10r8.tgm,Tiny.VD,26741066,313
93f42988c9651f08,fallenstararena_quarter_01_c10r8.tgm.header,Tiny.V9,27539568,264
00d7752e5f69589f,fallenstararena_quarter_01_c10r9.tgm,Tiny.VA,26962574,425
8fcd7ea118eb822c,fallenstararena_quarter_01_c10r9.tgm.header,Tiny.VA,27281266,264
1ba1ca9572af5e3a,fallenstararena_quarter_01_c10r1.tgm,Streaming/Content/data/balance/worldareas/5C/mapuberboss_fallenstar.vworld,656795,4473
22d435d7074328af,fallenstararena_quarter_01_c10r1.tgm.header,Tiny.VA,26961577,264
7aa69f4304fd44cd,fallenstararena_quarter_01_c10r10.tgm,Tiny.V7,26701652,655
28d13f3a0090d3e6,fallenstararena_quarter_01_c10r10.tgm.header,Tiny.VC,27225805,264
9423949d8a378e72,fallenstararena_quarter_01_c10r11.tgm,Tiny.V0,27041716,609
6a739110f6cff34e,fallenstararena_quarter_01_c10r11.tgm.header,Tiny.VD,26739126,264
09a311eb5f2bb676,fallenstararena_quarter_01_c10r12.tgm,Tiny.VA,26961841,733
3e1bbf3a1f8f1204,fallenstararena_quarter_01_c10r12.tgm.header,Tiny.V4,27066231,264
2aa46dde8809a4c8,fallenstararena_quarter_01_c10r13.tgm,Tiny.VD,26739390,897
3505eb9b76954414,fallenstararena_quarter_01_c10r13.tgm.header,Tiny.VC,26918540,264
befec5bbd0d6d1c2,fallenstararena_quarter_01_c10r14.tgm,Tiny.V9,27218714,615
8e04e19436fbc03d,fallenstararena_quarter_01_c10r14.tgm.header,Tiny.V3,26585333,264
4a8f34cfa2b465e9,fallenstararena_quarter_01_c10r15.tgm,Streaming/Content/data/balance/worldareas/A4/mapuberboss_fallenstar.vworld,1293549,54553
0d1d1dc38ac0e9b2,fallenstararena_quarter_01_c10r15.tgm.header,Tiny.V2,26897177,264
9f64ae074fe1f108,fallenstararena_quarter_01_c10r16.tgm,Tiny.V5,26304678,615
bdb6c1a7596599ed,fallenstararena_quarter_01_c10r16.tgm.header,Tiny.V7,26702307,264
6e2d4b88f263453c,fallenstararena_quarter_01_c10r17.tgm,Tiny.VE,26674527,647
0dceaa359a35cac9,fallenstararena_quarter_01_c10r17.tgm.header,Tiny.VF,26947470,264
4b24ffd51039610a,fallenstararena_quarter_01_c10r18.tgm,Streaming/Content/data/balance/worldareas/07/mapuberboss_fallenstar.vworld,5684313,54519
4fccee28ade36adb,fallenstararena_quarter_01_c10r18.tgm.header,Tiny.V1,26745810,264
9056d5b284956105,fallenstararena_quarter_01_c10r19.tgm,Tiny.V9,27219329,667
4212440fa757e4bf,fallenstararena_quarter_01_c10r19.tgm.header,Tiny.VB,26955923,264
e41daeae49779a59,fallenstararena_quarter_01_c10r2.tgm,Streaming/Content/data/balance/worldareas/04/mapuberboss_fallenstar.vworld,2157614,5979
1de0e27a902166eb,fallenstararena_quarter_01_c10r2.tgm.header,Tiny.VC,26918804,264
84cd3635252dba8c,fallenstararena_quarter_01_c10r20.tgm,Tiny.V3,26585597,601
9847e777ada77009,fallenstararena_quarter_01_c10r20.tgm.header,Tiny.VF,26947734,264
cb9a0a12763c9742,fallenstararena_quarter_01_c10r21.tgm,Streaming/Content/data/balance/worldareas/D6/mapuberboss_fallenstar.vworld,7084498,54625
dbb9d7aeaf9183f2,fallenstararena_quarter_01_c10r21.tgm.header,Tiny.V1,26746074,264
71c2a75ad5cb7dc7,fallenstararena_quarter_01_c10r22.tgm,Tiny.V4,27066495,693
1e327c684b943d2b,fallenstararena_quarter_01_c10r22.tgm.header,Tiny.VE,26675174,264
aa961e69498d32aa,fallenstararena_quarter_01_c10r23.tgm,Tiny.V6,26766080,681
8cb4fd69d0f6e9e4,fallenstararena_quarter_01_c10r23.tgm.header,Tiny.VF,26947998,264
04805dd334fe75aa,fallenstararena_quarter_01_c10r24.tgm,Streaming/Content/data/balance/worldareas/1F/mapuberboss_fallenstar.vworld,1573348,54737
a8bf7c4a960d1e1c,fallenstararena_quarter_01_c10r24.tgm.header,Tiny.V3,26586198,264
a1fd4fac3c613f42,fallenstararena_quarter_01_c10r25.tgm,Tiny.V6,26766761,777
c2ae39b2dd9d75b9,fallenstararena_quarter_01_c10r25.tgm.header,Tiny.VD,26740287,264
a7125d3c4a98a2b0,fallenstararena_quarter_01_c10r26.tgm,Tiny.V5,26305293,811
643e834b1bd436fc,fallenstararena_quarter_01_c10r26.tgm.header,Tiny.VE,26675438,264
23501f250f335751,fallenstararena_quarter_01_c10r27.tgm,Tiny.V4,27067188,469
c0ceea7bdfc29dc5,fallenstararena_quarter_01_c10r27.tgm.header,Tiny.V7,26702571,264
fe76458a21384b03,fallenstararena_quarter_01_c10r28.tgm,Tiny.V7,26702835,711
9d0b908f887d3038,fallenstararena_quarter_01_c10r28.tgm.header,Tiny.V3,26586462,264
3f7279a2c4b92d01,fallenstararena_quarter_01_c10r29.tgm,Tiny.VB,26956187,837
97e0c149408f9894,fallenstararena_quarter_01_c10r29.tgm.header,Tiny.VF,26948262,264
39309c5988c96ec1,fallenstararena_quarter_01_c10r3.tgm,Streaming/Content/data/balance/worldareas/22/mapuberboss_fallenstar.vworld,11192309,4513
68c2f38d15869255,fallenstararena_quarter_01_c10r3.tgm.header,Tiny.V8,26794025,264
b434d0f32d91802f,fallenstararena_quarter_01_c10r30.tgm,Tiny.VB,26957024,633
bc8ed142b8910ef0,fallenstararena_quarter_01_c10r30.tgm.header,Tiny.V1,26746338,264
b917d60d77fc25c6,fallenstararena_quarter_01_c10r31.tgm,Tiny.VC,26919068,713
5f393bd471159ecb,fallenstararena_quarter_01_c10r31.tgm.header,Tiny.V3,26586726,264
28f48b4ad09ebb4f,fallenstararena_quarter_01_c10r32.tgm,Tiny.VD,26740551,515
14bf7124d0eb113f,fallenstararena_quarter_01_c10r32.tgm.header,Tiny.V5,26306104,264
a73b7deacad711fc,fallenstararena_quarter_01_c10r33.tgm,Tiny.V4,27067657,851
f9c38bed5ec0f8d2,fallenstararena_quarter_01_c10r33.tgm.header,Tiny.V6,26767538,264
38e5ff7d20522e76,fallenstararena_quarter_01_c1r4.tgm,Tiny.V2,26921923,927
e2ff1dfd7e7d1352,fallenstararena_quarter_01_c1r4.tgm.header,Tiny.V4,27091954,264
6d862109752b8dd2,fallenstararena_quarter_01_c1r5.tgm,Tiny.VE,26717893,877
544f6f8aec0e6130,fallenstararena_quarter_01_c1r5.tgm.header,Tiny.V9,27257298,264
fdcec1df07abd7e8,fallenstararena_quarter_01_c1r6.tgm,Tiny.V5,26328099,733
b5db1a528cd043c6,fallenstararena_quarter_01_c1r6.tgm.header,Tiny.V0,27065978,264
c41e9d41655decab,fallenstararena_quarter_01_c1r7.tgm,Tiny.VE,26718770,537
92365b310d1da888,fallenstararena_quarter_01_c1r7.tgm.header,Tiny.V1,26780012,264
3f4ccfd18b23c846,fallenstararena_quarter_01_c1r8.tgm,Tiny.VF,26980421,699
bf51cd4d6d0c3f52,fallenstararena_quarter_01_c1r8.tgm.header,Tiny.V4,27092218,264
b9a82bf2f53d89fc,fallenstararena_quarter_01_c1r9.tgm,Tiny.V2,26922850,949
c6d42b584f683b58,fallenstararena_quarter_01_c1r9.tgm.header,Tiny.V7,26734991,264
fa6bc5aa3b062173,fallenstararena_quarter_01_c1r1.tgm,Tiny.V8,26818536,799
cb998be3d60d3c05,fallenstararena_quarter_01_c1r1.tgm.header,Tiny.V5,26327571,264
1b3b160a2cdc7bb1,fallenstararena_quarter_01_c1r10.tgm,Tiny.V6,26788324,759
f28683f2dc0e7067,fallenstararena_quarter_01_c1r10.tgm.header,Tiny.VC,26948339,264
6cf1e03875ad9613,fallenstararena_quarter_01_c1r11.tgm,Tiny.V9,27255348,901
df32e56241ffe3a9,fallenstararena_quarter_01_c1r11.tgm.header,Tiny.V7,26733350,264
1e3f633a57733781,fallenstararena_quarter_01_c1r12.tgm,Tiny.V4,27090285,877
14a30577c5ade34a,fallenstararena_quarter_01_c1r12.tgm.header,Tiny.V4,27091162,264
bf9f4e4d537bf7c3,fallenstararena_quarter_01_c1r13.tgm,Tiny.VC,26948603,753
ec811220c1a2eaf1,fallenstararena_quarter_01_c1r13.tgm.header,Tiny.V5,26327835,264
082936cba814601b,fallenstararena_quarter_01_c1r14.tgm,Tiny.VA,26983473,557
16c7497b2dda7306,fallenstararena_quarter_01_c1r14.tgm.header,Tiny.V7,26733614,264
439c08207d78110b,fallenstararena_quarter_01_c1r15.tgm,Tiny.V6,26789083,687
0c80f2c2c79122c4,fallenstararena_quarter_01_c1r15.tgm.header,Tiny.VC,26949356,264
19ce6648f097c137,fallenstararena_quarter_01_c1r16.tgm,Tiny.VE,26713899,923
90289c8ed36599bc,fallenstararena_quarter_01_c1r16.tgm.header,Tiny.VA,26984030,264
23566b7e985b7514,fallenstararena_quarter_01_c1r17.tgm,Tiny.VE,26714822,673
0dddfbf5284c1a9f,fallenstararena_quarter_01_c1r17.tgm.header,Tiny.VC,26949620,264
9655f9cee21c9113,fallenstararena_quarter_01_c1r18.tgm,Tiny.V0,27064199,987
f54486db4bc1d0fc,fallenstararena_quarter_01_c1r18.tgm.header,Tiny.VE,26715495,264
6f140c596e5c89f2,fallenstararena_quarter_01_c1r19.tgm,Tiny.V1,26776798,1041
8848535a20e54344,fallenstararena_quarter_01_c1r19.tgm.header,Tiny.VB,26975115,264
c2f1595e972d1b76,fallenstararena_quarter_01_c1r2.tgm,Tiny.VD,26758822,1069
d0f6595079608883,fallenstararena_quarter_01_c1r2.tgm.header,Tiny.VE,26715759,264
09a36a93e6afe862,fallenstararena_quarter_01_c1r20.tgm,Tiny.V9,27256249,785
9eaa7d975b1ae56f,fallenstararena_quarter_01_c1r20.tgm.header,Tiny.V4,27091426,264
3f770aa62a5802b7,fallenstararena_quarter_01_c1r21.tgm,Tiny.V1,26777839,949
311bf26bffbe2e0a,fallenstararena_quarter_01_c1r21.tgm.header,Tiny.VB,26975379,264
2eb73954af8ac4c6,fallenstararena_quarter_01_c1r22.tgm,Tiny.VE,26716023,993
71ad1be04c2e09b3,fallenstararena_quarter_01_c1r22.tgm.header,Tiny.V0,27065186,264
af183c534dc62ce1,fallenstararena_quarter_01_c1r23.tgm,Tiny.V7,26733878,849
6353001f7302fef7,fallenstararena_quarter_01_c1r23.tgm.header,Tiny.V2,26920710,264
d055609c924cf0d2,fallenstararena_quarter_01_c1r24.tgm,Tiny.VD,26759891,633
8a49647072e3a43b,fallenstararena_quarter_01_c1r24.tgm.header,Tiny.V4,27091690,264
b65370140ae66b93,fallenstararena_quarter_01_c1r25.tgm,Tiny.VC,26949884,841
cc58d3a97c620d02,fallenstararena_quarter_01_c1r25.tgm.header,Tiny.V0,27065450,264
4a71cf1981ca8ba7,fallenstararena_quarter_01_c1r26.tgm,Tiny.V2,26920974,949
6de9b48816b35786,fallenstararena_quarter_01_c1r26.tgm.header,Tiny.V0,27065714,264
dbaa1ab564d576fa,fallenstararena_quarter_01_c1r27.tgm,Tiny.VD,26760524,753
2a16947d7fa75527,fallenstararena_quarter_01_c1r27.tgm.header,Tiny.V8,26819335,264
4821da6477dbf54d,fallenstararena_quarter_01_c1r28.tgm,Tiny.VF,26979904,517
ca841e121d29d17c,fallenstararena_quarter_01_c1r28.tgm.header,Tiny.V6,26789770,264
f7205cf086e168df,fallenstararena_quarter_01_c1r29.tgm,Tiny.V1,26778788,503
2ee2066e58c89234,fallenstararena_quarter_01_c1r29.tgm.header,Tiny.VB,26975643,264
2478fe516996d561,fallenstararena_quarter_01_c1r3.tgm,Tiny.V3,26609742,733
d3e83480022db22f,fallenstararena_quarter_01_c1r3.tgm.header,Tiny.VE,26717016,264
ecc29f5fdca90b36,fallenstararena_quarter_01_c1r30.tgm,Tiny.VC,26950725,627
ee86c3bccc5f0478,fallenstararena_quarter_01_c1r30.tgm.header,Tiny.V7,26734727,264
04f2d0f56aba861a,fallenstararena_quarter_01_c1r31.tgm,Tiny.V6,26790034,729
da68e872ffcfb56d,fallenstararena_quarter_01_c1r31.tgm.header,Tiny.VC,26951352,264
4b04b2a9d2d3b0d8,fallenstararena_quarter_01_c1r32.tgm,Tiny.VE,26717280,613
657892e3064dd94c,fallenstararena_quarter_01_c1r32.tgm.header,Tiny.V9,27257034,264
75e38872eecce544,fallenstararena_quarter_01_c1r33.tgm,Tiny.V1,26779291,721
de3f500afda89317,fallenstararena_quarter_01_c1r33.tgm.header,Tiny.VC,26951616,264
5da0706d8919573d,fallenstararena_quarter_02_c9r4.tgm,Tiny.VB,27130330,3513
e07c6577f12ef15c,fallenstararena_quarter_02_c9r4.tgm.header,Tiny.V3,26777928,330
690be0c688fdca3a,fallenstararena_quarter_02_c9r5.tgm,Streaming/Content/data/balance/worldareas/C1/mapuberboss_fallenstar.vworld,5893350,5021
fb89ed981136f708,fallenstararena_quarter_02_c9r5.tgm.header,Tiny.V2,27073492,330
53b297c0d34a109f,fallenstararena_quarter_02_c9r6.tgm,Streaming/Content/data/balance/worldareas/A0/mapuberboss_fallenstar.vworld,880645,6083
9a4753ba7165df70,fallenstararena_quarter_02_c9r6.tgm.header,Tiny.V7,26889412,290
6304028e857b1aa1,fallenstararena_quarter_02_c9r7.tgm,Streaming/Content/data/balance/worldareas/AE/g1_15.vworld,418315,6855
f93860e3492b180d,fallenstararena_quarter_02_c9r7.tgm.header,Tiny.V6,26924944,290
60f1070e1762d92c,fallenstararena_quarter_02_c9r8.tgm,Streaming/Content/data/balance/worldareas/18/mapuberboss_fallenstar.vworld,6978951,7483
05571a5515aa9ee2,fallenstararena_quarter_02_c9r8.tgm.header,Tiny.V3,26778258,290
65bcc0503931ffe4,fallenstararena_quarter_02_c9r9.tgm,Streaming/Content/data/balance/worldareas/5A/g2_9_1.vworld,367601,9145
df7d4a77d8a11745,fallenstararena_quarter_02_c9r9.tgm.header,Tiny.VF,27089900,330
e7d120da6f9b1583,fallenstararena_quarter_02_c9r1.tgm,Streaming/Content/data/balance/worldareas/AE/g1_15.vworld,413010,5305
d2ac9f61929d0094,fallenstararena_quarter_02_c9r1.tgm.header,Tiny.VA,27130125,330
7e9a0d5f8d6860b9,fallenstararena_quarter_02_c9r10.tgm,Streaming/Content/data/balance/worldareas/8A/mapuberboss_fallenstar.vworld,4122754,11939
e4b9334cf59e6f17,fallenstararena_quarter_02_c9r10.tgm.header,Tiny.V2,27071793,330
bb4565393297fd02,fallenstararena_quarter_02_c9r11.tgm,Streaming/Content/data/balance/worldareas/F8/mapuberboss_fallenstar.vworld,9418536,12569
509608b3ac22724f,fallenstararena_quarter_02_c9r11.tgm.header,Tiny.V2,27072123,330
37b3c2bd51c28554,fallenstararena_quarter_02_c9r12.tgm,Streaming/Content/data/balance/worldareas/B9/mapport.vworld,196215,11267
648def0cfd89878c,fallenstararena_quarter_02_c9r12.tgm.header,Tiny.V2,27072453,330
eb6cebacf143dc01,fallenstararena_quarter_02_c9r13.tgm,Streaming/Content/data/balance/worldareas/AF/mapuberboss_fallenstar.vworld,476727,9821
27b708a624987d71,fallenstararena_quarter_02_c9r13.tgm.header,Tiny.V6,26924614,330
b3fe900d48d89e3c,fallenstararena_quarter_02_c9r14.tgm,Streaming/Content/data/balance/worldareas/E2/mapgeode.vworld,550936,7859
7f8a651876ae2998,fallenstararena_quarter_02_c9r14.tgm.header,Tiny.VF,27089570,330
c5154c0250e2fe87,fallenstararena_quarter_02_c9r15.tgm,Streaming/Content/data/balance/worldareas/55/mapport.vworld,492125,6085
5851442a49da056c,fallenstararena_quarter_02_c9r15.tgm.header,Tiny.V4,27246289,290
e83524892016377f,fallenstararena_quarter_02_c9r16.tgm,Streaming/Content/data/balance/worldareas/0E/mapuberboss_fallenstar.vworld,11908751,472177
c16ff0427dd5449e,fallenstararena_quarter_02_c9r16.tgm.header,Tiny.V8,26950516,410
9ebec693b710791c,fallenstararena_quarter_02_c9r17.tgm,Streaming/Content/data/balance/worldareas/B7/mapuberboss_fallenstar.vworld,1088180,4145
56c0f9a38da215be,fallenstararena_quarter_02_c9r17.tgm.header,Tiny.VC,27108810,290
a0f8897d81190b9e,fallenstararena_quarter_02_c9r18.tgm,Streaming/Content/data/balance/worldareas/A1/mapuberboss_fallenstar.vworld,1413394,4831
7aa25ced1d308ca6,fallenstararena_quarter_02_c9r18.tgm.header,Tiny.V8,26950926,290
72f1eccfbb64ca05,fallenstararena_quarter_02_c9r19.tgm,Streaming/Content/data/balance/worldareas/B0/mapprecursortowerdesert.vworld,584372,7647
bdd5f273e50e2b3b,fallenstararena_quarter_02_c9r19.tgm.header,Tiny.V3,26770764,290
758c3f44adbf99d7,fallenstararena_quarter_02_c9r2.tgm,Tiny.V3,26771054,3319
56bfbe11bf44515e,fallenstararena_quarter_02_c9r2.tgm.header,Tiny.V9,27388412,290
0f4dce9c8471e963,fallenstararena_quarter_02_c9r20.tgm,Streaming/Content/data/balance/worldareas/6F/delirium_hungerboss.vworld,420423,7023
b5c322d9580d27c8,fallenstararena_quarter_02_c9r20.tgm.header,Tiny.V4,27246579,290
17e427c908a3f4e7,fallenstararena_quarter_02_c9r21.tgm,Streaming/Content/data/balance/worldareas/A5/mapuberboss_fallenstar.vworld,309090,437567
29f1c62952e70170,fallenstararena_quarter_02_c9r21.tgm.header,Tiny.VC,27109100,410
812a0752487d0c8b,fallenstararena_quarter_02_c9r22.tgm,Tiny.V8,26951216,2139
4e5fb2ee513175cd,fallenstararena_quarter_02_c9r22.tgm.header,Tiny.VC,27109510,264
3c1880137c6d5a69,fallenstararena_quarter_02_c9r23.tgm,Tiny.VC,27109774,2895
ea75c439564635df,fallenstararena_quarter_02_c9r23.tgm.header,Tiny.V1,26903336,264
4de244b5bfb27e94,fallenstararena_quarter_02_c9r24.tgm,Streaming/Content/data/balance/worldareas/B9/mapport.vworld,207482,107653
330ec51929d9053b,fallenstararena_quarter_02_c9r24.tgm.header,Tiny.VD,26891999,330
35d606b99064b0c0,fallenstararena_quarter_02_c9r25.tgm,Tiny.V5,26511160,793
cd63371f7528dd57,fallenstararena_quarter_02_c9r25.tgm.header,Tiny.V4,27246869,264
664a4e83b6dd1947,fallenstararena_quarter_02_c9r26.tgm,Streaming/Content/data/balance/worldareas/D4/mapuberboss_fallenstar.vworld,30696,476461
326d3b3f6f08f361,fallenstararena_quarter_02_c9r26.tgm.header,Tiny.V4,27247133,370
e044c9a33d6193b1,fallenstararena_quarter_02_c9r27.tgm,Tiny.VB,27129373,693
24d6b8041ccf11cd,fallenstararena_quarter_02_c9r27.tgm.header,Tiny.V5,26511953,264
cf24e1ecd5478a85,fallenstararena_quarter_02_c9r28.tgm,Tiny.VC,27112669,431
8dba557a31cfdf76,fallenstararena_quarter_02_c9r28.tgm.header,Tiny.VB,27130066,264
7e7ddf154e1d9703,fallenstararena_quarter_02_c9r29.tgm,Tiny.VE,26872464,451
0ba39742dedb5660,fallenstararena_quarter_02_c9r29.tgm.header,Tiny.VA,27130455,264
7fb231259391d392,fallenstararena_quarter_02_c9r3.tgm,Tiny.V3,26774373,3555
e0f6dc37863fee13,fallenstararena_quarter_02_c9r3.tgm.header,Tiny.V2,27072783,330
9356aea847675ffd,fallenstararena_quarter_02_c9r30.tgm,Tiny.V5,26512217,471
7ff5058ad4be5290,fallenstararena_quarter_02_c9r30.tgm.header,Tiny.V7,26889148,264
6d7078b92d1ae548,fallenstararena_quarter_02_c9r31.tgm,Tiny.V2,27073113,379
9f2d8a2c96ce8e0e,fallenstararena_quarter_02_c9r31.tgm.header,Tiny.V0,27203425,264
bbcbd4c3a9768af3,fallenstararena_quarter_02_c9r32.tgm,Tiny.VD,26892329,517
e5b72d2c95f61e15,fallenstararena_quarter_02_c9r32.tgm.header,Tiny.V8,26953355,264
7ffafd078011f4f5,fallenstararena_quarter_02_c9r33.tgm,Tiny.V1,26903600,865
ed3a76a4b5625403,fallenstararena_quarter_02_c9r33.tgm.header,Tiny.VD,26892846,264
dfe37e13e388d523,fallenstararena_quarter_02_c8r4.tgm,Streaming/Content/data/balance/worldareas/CC/mapuberboss_fallenstar.vworld,362621,6595
4591d4332fe1a740,fallenstararena_quarter_02_c8r4.tgm.header,Tiny.VB,27128513,370
3ac60cae19d4629c,fallenstararena_quarter_02_c8r5.tgm,Streaming/Content/data/balance/worldareas/6D/mapuberboss_fallenstar.vworld,6659081,70281
7407738add347584,fallenstararena_quarter_02_c8r5.tgm.header,Tiny.VB,27128883,490
7f14ce10b84b2f73,fallenstararena_quarter_02_c8r6.tgm,Streaming/Content/data/balance/worldareas/1A/mapuberboss_fallenstar.vworld,829030,10811
8947667fd2d832fe,fallenstararena_quarter_02_c8r6.tgm.header,Tiny.V0,27202751,410
34d013ac12d04df9,fallenstararena_quarter_02_c8r7.tgm,Streaming/Content/data/balance/worldareas/2D/mapuberboss_fallenstar.vworld,395150,6919
868095a6563d2cf7,fallenstararena_quarter_02_c8r7.tgm.header,Tiny.VD,26891735,264
86413a1463b0d816,fallenstararena_quarter_02_c8r8.tgm,Streaming/Content/data/balance/worldareas/F4/mapuberboss_fallenstar.vworld,459301,67467
00b1779a6bfbd721,fallenstararena_quarter_02_c8r8.tgm.header,Tiny.V9,27388148,264
e87ed1912478e345,fallenstararena_quarter_02_c8r9.tgm,Streaming/Content/data/balance/worldareas/2C/mapuberboss_fallenstar.vworld,810185,6889
6131e9997b1919c2,fallenstararena_quarter_02_c8r9.tgm.header,Tiny.V0,27203161,264
68744fb6fd9a558a,fallenstararena_quarter_02_c8r1.tgm,Tiny.V8,26946393,3833
de4e94e9c3e23dd2,fallenstararena_quarter_02_c8r1.tgm.header,Tiny.V1,26901078,290
5c6d2c944dab9972,fallenstararena_quarter_02_c8r10.tgm,Streaming/Content/data/balance/worldareas/84/mapuberboss_ritual.vworld,353002,6133
1b647b22490ca98b,fallenstararena_quarter_02_c8r10.tgm.header,Tiny.V5,26510896,264
4f076c6645c3b1ea,fallenstararena_quarter_02_c8r11.tgm,Streaming/Content/data/balance/worldareas/9F/mapport.vworld.1,829114,6455
06c9fb01ba9c208e,fallenstararena_quarter_02_c8r11.tgm.header,Tiny.V6,26924350,264
7e5e602293ac70a8,fallenstararena_quarter_02_c8r12.tgm,Streaming/Content/data/balance/worldareas/85/g2_9_1.vworld,487788,7867
1b2373f215f49bdb,fallenstararena_quarter_02_c8r12.tgm.header,Tiny.V9,27387884,264
67fbe792eb25a743,fallenstararena_quarter_02_c8r13.tgm,Streaming/Content/data/balance/worldareas/C3/mapuberboss_fallenstar.vworld,1531029,255069
198aeea789794bf4,fallenstararena_quarter_02_c8r13.tgm.header,Tiny.VC,27105888,323
28a53a9c5bb1183b,fallenstararena_quarter_02_c8r14.tgm,Streaming/Content/data/balance/worldareas/E2/mapgeode.vworld,542589,8347
3a03e503cdbb372a,fallenstararena_quarter_02_c8r14.tgm.header,Tiny.VF,27088950,330
bcc98735c78f65c5,fallenstararena_quarter_02_c8r15.tgm,Streaming/Content/data/balance/worldareas/2F/mapprecursortowerdesert.vworld,575402,7723
b8b7e9b7bf873139,fallenstararena_quarter_02_c8r15.tgm.header,Tiny.V7,26888514,370
17d7050fb0acc038,fallenstararena_quarter_02_c8r16.tgm,Streaming/Content/data/balance/worldareas/2E/mapuberboss_fallenstar.vworld,2076727,5655
465e8449cc034878,fallenstararena_quarter_02_c8r16.tgm.header,Tiny.V8,26950226,290
3029184ffebedb71,fallenstararena_quarter_02_c8r17.tgm,Tiny.VE,26867857,4079
04aa65923ae13be2,fallenstararena_quarter_02_c8r17.tgm.header,Tiny.VE,26871936,264
05179788845cea4e,fallenstararena_quarter_02_c8r18.tgm,Streaming/Content/data/balance/worldareas/71/bossrush_area3.vworld.1,317663,5057
89efd3167bcd4fb5,fallenstararena_quarter_02_c8r18.tgm.header,Tiny.V1,26901368,290
e1b7ec6249112c1d,fallenstararena_quarter_02_c8r19.tgm,Streaming/Content/data/balance/worldareas/B1/g2_6.vworld,603698,6311
928a9ead4894e8fc,fallenstararena_quarter_02_c8r19.tgm.header,Tiny.VD,26890850,290
aa34818bc9e9f6e7,fallenstararena_quarter_02_c8r2.tgm,Streaming/Content/data/balance/worldareas/A5/mapuberboss_fallenstar.vworld,245279,63811
7de2bf34c8572d5b,fallenstararena_quarter_02_c8r2.tgm.header,Tiny.V2,27070631,370
7e0595287a8ffc5d,fallenstararena_quarter_02_c8r20.tgm,Streaming/Content/data/balance/worldareas/92/mapuberboss_fallenstar.vworld,696426,8897
1548937edbd7ce5f,fallenstararena_quarter_02_c8r20.tgm.header,Tiny.VF,27089280,290
5ca257a2e23ee178,fallenstararena_quarter_02_c8r21.tgm,Streaming/Content/data/balance/worldareas/4E/mapuberboss_fallenstar.vworld,6135845,9121
d91fbe01978ace99,fallenstararena_quarter_02_c8r21.tgm.header,Tiny.V0,27202197,290
6bccb04edc8ae8d8,fallenstararena_quarter_02_c8r22.tgm,Streaming/Content/data/balance/worldareas/3F/mapuberboss_fallenstar.vworld,6695127,608475
d06a4b3dbf892ee4,fallenstararena_quarter_02_c8r22.tgm.header,Tiny.V3,26769509,410
3e9fd253f4fc60ff,fallenstararena_quarter_02_c8r23.tgm,Tiny.VC,27106211,2229
29e1c3f6298a0749,fallenstararena_quarter_02_c8r23.tgm.header,Tiny.V1,26901658,264
b325abdecfb82e28,fallenstararena_quarter_02_c8r24.tgm,Tiny.VB,27125222,2921
683af80e642f41ed,fallenstararena_quarter_02_c8r24.tgm.header,Tiny.V7,26888884,264
ba7e71e6ab6ff81c,fallenstararena_quarter_02_c8r25.tgm,Streaming/Content/data/balance/worldareas/73/mapuberboss_fallenstar.vworld,0,302239
69da7c51948ff17f,fallenstararena_quarter_02_c8r25.tgm.header,Tiny.VB,27128143,370
1a3ed036c2132820,fallenstararena_quarter_02_c8r26.tgm,Tiny.VA,27127024,759
e0564ba27c47cb78,fallenstararena_quarter_02_c8r26.tgm.header,Tiny.VA,27127783,264
25104b0fefac4cf7,fallenstararena_quarter_02_c8r27.tgm,Tiny.V1,26901922,891
68522e6afabecab6,fallenstararena_quarter_02_c8r27.tgm.header,Tiny.V2,27071001,264
a2fa0e5fbce66047,fallenstararena_quarter_02_c8r28.tgm,Streaming/Content/data/balance/worldareas/74/mapuberboss_fallenstar.vworld,6816954,234015
6f553668e2ba3918,fallenstararena_quarter_02_c8r28.tgm.header,Tiny.VC,27108440,370
dd2dc6cba7756e8e,fallenstararena_quarter_02_c8r29.tgm,Tiny.V3,26769919,845
3d72cdc8e4d00cfe,fallenstararena_quarter_02_c8r29.tgm.header,Tiny.V4,27246025,264
e930b640ec3bae3b,fallenstararena_quarter_02_c8r3.tgm,Streaming/Content/data/balance/worldareas/6D/mapuberboss_fallenstar.vworld,6654830,4251
da5fbed46c60eb57,fallenstararena_quarter_02_c8r3.tgm.header,Tiny.VA,27128047,330
c0256d0daed9b963,fallenstararena_quarter_02_c8r30.tgm,Tiny.VA,27128377,975
526a452df23baa02,fallenstararena_quarter_02_c8r30.tgm.header,Tiny.V2,27071265,264
2a039aef5184ebfa,fallenstararena_quarter_02_c8r31.tgm,Tiny.V1,26902813,523
eb408bc44f645fe7,fallenstararena_quarter_02_c8r31.tgm.header,Tiny.V0,27202487,264
ef3b54333767ceec,fallenstararena_quarter_02_c8r32.tgm,Tiny.VD,26891140,595
509ba1b9dabcae40,fallenstararena_quarter_02_c8r32.tgm.header,Tiny.VE,26872200,264
b2a9889bd72cb01c,fallenstararena_quarter_02_c8r33.tgm,Tiny.VA,27129352,773
1368374c649dd06f,fallenstararena_quarter_02_c8r33.tgm.header,Tiny.V2,27071529,264
d477ffc2ab7809c6,fallenstararena_quarter_02_c7r4.tgm,Streaming/Content/data/balance/worldareas/82/mapuberboss_fallenstar.vworld,577457,9121
5097bb4211fc6a5f,fallenstararena_quarter_02_c7r4.tgm.header,Tiny.V8,26945943,450
1190ab59c0f7a787,fallenstararena_quarter_02_c7r5.tgm,Streaming/Content/data/balance/worldareas/64/p2_1.vworld.1,702275,10049
1a214c28693bfaad,fallenstararena_quarter_02_c7r5.tgm.header,Tiny.VF,27088500,450
1e1a97c5c89fc5de,fallenstararena_quarter_02_c7r6.tgm,Streaming/Content/data/balance/worldareas/1A/mapuberboss_fallenstar.vworld,819515,9515
f608e6524b8a5760,fallenstararena_quarter_02_c7r6.tgm.header,Tiny.V7,26885110,323
04182d25e34033ed,fallenstararena_quarter_02_c7r7.tgm,Streaming/Content/data/balance/worldareas/69/mapuberboss_fallenstar.vworld,3068777,6277
8b04ba5d85274cb7,fallenstararena_quarter_02_c7r7.tgm.header,Tiny.V2,27070348,283
e7da5dde61063a17,fallenstararena_quarter_02_c7r8.tgm,Tiny.VB,27122435,2787
5476944fdc0851e0,fallenstararena_quarter_02_c7r8.tgm.header,Tiny.V5,26510632,264
b56252d1079b0dc2,fallenstararena_quarter_02_c7r9.tgm,Tiny.V7,26885433,3081
041fe19b0a7047ff,fallenstararena_quarter_02_c7r9.tgm.header,Tiny.V9,27387620,264
a37d043680379f47,fallenstararena_quarter_02_c7r1.tgm,Tiny.VB,27119635,1857
7cdb11659f529989,fallenstararena_quarter_02_c7r1.tgm.header,Tiny.VE,26867168,264
f39c8065078c3fd8,fallenstararena_quarter_02_c7r10.tgm,Tiny.V8,26942040,2725
e5c62d2d6f3add5b,fallenstararena_quarter_02_c7r10.tgm.header,Tiny.VF,27088236,264
e44bc184688669b9,fallenstararena_quarter_02_c7r11.tgm,Tiny.V9,27384001,3065
aa93011befc414e7,fallenstararena_quarter_02_c7r11.tgm.header,Tiny.V4,27244417,264
eb481afb06625451,fallenstararena_quarter_02_c7r12.tgm,Tiny.V1,26896051,2985
bd2ca8ad96c1c5fc,fallenstararena_quarter_02_c7r12.tgm.header,Tiny.V5,26509627,264
2fb6a557e344ef3e,fallenstararena_quarter_02_c7r13.tgm,Tiny.VC,27103429,2195
96639496a2360e16,fallenstararena_quarter_02_c7r13.tgm.header,Tiny.VC,27105624,264
a375e036ae65f2ad,fallenstararena_quarter_02_c7r14.tgm,Tiny.VD,26885308,3805
b1e7ccb4c4560aea,fallenstararena_quarter_02_c7r14.tgm.header,Tiny.V9,27387066,264
75ad26e55296d2d9,fallenstararena_quarter_02_c7r15.tgm,Streaming/Content/data/balance/worldareas/D4/mapuberboss_fallenstar.vworld,23185,7511
4edee9395fe897d9,fallenstararena_quarter_02_c7r15.tgm.header,Tiny.V2,27065851,264
0fe51ce7d3446bbc,fallenstararena_quarter_02_c7r16.tgm,Streaming/Content/data/balance/worldareas/51/g3_2_1.vworld,326894,8961
92fac8e8ec68a029,fallenstararena_quarter_02_c7r16.tgm.header,Tiny.V1,26899036,330
5b5d979ed0d2e34f,fallenstararena_quarter_02_c7r17.tgm,Streaming/Content/data/balance/worldareas/A1/mapuberboss_fallenstar.vworld,1406649,6745
a805cb720df9d24c,fallenstararena_quarter_02_c7r17.tgm.header,Tiny.V9,27387330,290
0077469b9aeef67f,fallenstararena_quarter_02_c7r18.tgm,Tiny.V2,27066115,3969
8f2555c118bc563e,fallenstararena_quarter_02_c7r18.tgm.header,Tiny.VD,26889113,290
42f0da39569d6b02,fallenstararena_quarter_02_c7r19.tgm,Streaming/Content/data/balance/worldareas/F3/mapuberboss_fallenstar.vworld,3356048,4431
3128f05104e88567,fallenstararena_quarter_02_c7r19.tgm.header,Tiny.VD,26889403,264
6446e725b4dad8f6,fallenstararena_quarter_02_c7r2.tgm,Tiny.VA,27124087,2937
a9e875320b4660b1,fallenstararena_quarter_02_c7r2.tgm.header,Tiny.V3,26768889,330
bc1f31426ad5928b,fallenstararena_quarter_02_c7r20.tgm,Streaming/Content/data/balance/worldareas/76/mapuberboss_fallenstar.vworld,3654433,703039
4ab1d6fcb9e01e61,fallenstararena_quarter_02_c7r20.tgm.header,Tiny.V8,26944765,650
5d363da1ce4bf09e,fallenstararena_quarter_02_c7r21.tgm,Streaming/Content/data/balance/worldareas/1C/mapuberboss_fallenstar.vworld,822573,11117
e363c7bd6c56d7fd,fallenstararena_quarter_02_c7r21.tgm.header,Tiny.V4,27244681,330
f1d0ac20a342e0ec,fallenstararena_quarter_02_c7r22.tgm,Streaming/Content/data/balance/worldareas/40/g4_8a.vworld,603831,6055
6f67d74be322b831,fallenstararena_quarter_02_c7r22.tgm.header,Tiny.V1,26899366,264
5c4e3983fe7f4b51,fallenstararena_quarter_02_c7r23.tgm,Tiny.V0,27196323,2287
ce4f9dba1d65facb,fallenstararena_quarter_02_c7r23.tgm.header,Tiny.V1,26899630,264
b7c7355189b749c9,fallenstararena_quarter_02_c7r24.tgm,Tiny.V0,27198610,3059
28e5c4eefc4be9ec,fallenstararena_quarter_02_c7r24.tgm.header,Tiny.V0,27201669,264
a5afe6d4bd116b9d,fallenstararena_quarter_02_c7r25.tgm,Streaming/Content/data/balance/worldareas/62/mapuberboss_fallenstar.vworld,2062607,174889
239bf91bc57d9b1c,fallenstararena_quarter_02_c7r25.tgm.header,Tiny.V3,26769219,290
a049558a1b8b207c,fallenstararena_quarter_02_c7r26.tgm,Tiny.V5,26509891,477
32a9acce48418bf5,fallenstararena_quarter_02_c7r26.tgm.header,Tiny.V6,26924086,264
38443ae143ee11d6,fallenstararena_quarter_02_c7r27.tgm,Tiny.V1,26899894,425
1f48c7115c4e788a,fallenstararena_quarter_02_c7r27.tgm.header,Tiny.V7,26884846,264
a523b34562b1d0ee,fallenstararena_quarter_02_c7r28.tgm,Tiny.V4,27245011,517
564ccd077689549d,fallenstararena_quarter_02_c7r28.tgm.header,Tiny.V8,26945415,264
624a24b4382ea3a3,fallenstararena_quarter_02_c7r29.tgm,Tiny.V4,27245528,497
4837f0bdbbf99641,fallenstararena_quarter_02_c7r29.tgm.header,Tiny.VD,26889667,264
3382100ad19e6500,fallenstararena_quarter_02_c7r3.tgm,Streaming/Content/data/balance/worldareas/81/mapuberboss_fallenstar.vworld,6242024,5337
f7070ff978a72281,fallenstararena_quarter_02_c7r3.tgm.header,Tiny.VD,26889931,370
6585a167cd1e0d17,fallenstararena_quarter_02_c7r30.tgm,Tiny.V1,26900319,759
8ede9be641b24ba4,fallenstararena_quarter_02_c7r30.tgm.header,Tiny.V2,27070084,264
f4c3bfd09ab885c1,fallenstararena_quarter_02_c7r31.tgm,Tiny.VD,26890301,549
b002397a1a33845c,fallenstararena_quarter_02_c7r31.tgm.header,Tiny.V0,27201933,264
19278a9650265a99,fallenstararena_quarter_02_c7r32.tgm,Tiny.VE,26867432,425
121af6f4d9329fb7,fallenstararena_quarter_02_c7r32.tgm.header,Tiny.V5,26510368,264
fcea35a7630d0069,fallenstararena_quarter_02_c7r33.tgm,Tiny.VB,27121492,943
437474016965195f,fallenstararena_quarter_02_c7r33.tgm.header,Tiny.V8,26945679,264
42f403f1875d09c4,fallenstararena_quarter_02_c6r4.tgm,Streaming/Content/data/balance/worldareas/53/mapuberboss_fallenstar.vworld,545407,6373
e46f73a7661a09ad,fallenstararena_quarter_02_c6r4.tgm.header,Tiny.VF,27087913,323
4b1f859a8361354e,fallenstararena_quarter_02_c6r5.tgm,Streaming/Content/data/balance/worldareas/D2/mapuberboss_fallenstar.vworld,14184452,7765
1e047feaeabfb52a,fallenstararena_quarter_02_c6r5.tgm.header,Tiny.V1,26895728,323
c9108ca6ad2b416e,fallenstararena_quarter_02_c6r6.tgm,Streaming/Content/data/balance/worldareas/5A/g2_9_1.vworld,362762,4839
8a8f0e77b5807571,fallenstararena_quarter_02_c6r6.tgm.header,Tiny.V9,27383473,264
c630310e398d9566,fallenstararena_quarter_02_c6r7.tgm,Streaming/Content/data/balance/worldareas/8E/mapprecursortowerdesert.vworld,1077566,4597
e268928e76a4412a,fallenstararena_quarter_02_c6r7.tgm.header,Tiny.VD,26885044,264
e29d7b7192ad04a2,fallenstararena_quarter_02_c6r8.tgm,Tiny.V2,27062136,3715
253ce31d9fb965ce,fallenstararena_quarter_02_c6r8.tgm.header,Tiny.VC,27103165,264
b3deb5f12b7bdd14,fallenstararena_quarter_02_c6r9.tgm,Tiny.VB,27116496,3139
4f0873da0a4042ef,fallenstararena_quarter_02_c6r9.tgm.header,Tiny.V9,27383737,264
a8d4452a70a29226,fallenstararena_quarter_02_c6r1.tgm,Tiny.V2,27059891,1155
43c58eb5e5263a62,fallenstararena_quarter_02_c6r1.tgm.header,Tiny.V4,27239173,264
04ccf28db78a8952,fallenstararena_quarter_02_c6r10.tgm,Tiny.V4,27239437,3287
514aebc364660262,fallenstararena_quarter_02_c6r10.tgm.header,Tiny.V4,27242724,264
3ff26a5a2db701a6,fallenstararena_quarter_02_c6r11.tgm,Tiny.VC,27095949,2919
10840e3c8a237bb2,fallenstararena_quarter_02_c6r11.tgm.header,Tiny.VA,27121963,264
ed5135f34821b351,fallenstararena_quarter_02_c6r12.tgm,Streaming/Content/data/balance/worldareas/F1/mapuberboss_fallenstar.vworld,183812,499789
106b3095971b3471,fallenstararena_quarter_02_c6r12.tgm.header,Tiny.V6,26922849,323
0b4d54fc50314539,fallenstararena_quarter_02_c6r13.tgm,Tiny.VC,27098868,3505
941dca525b6f3dc8,fallenstararena_quarter_02_c6r13.tgm.header,Tiny.VD,26884516,264
14d14b2a02a562e8,fallenstararena_quarter_02_c6r14.tgm,Tiny.V1,26890898,3245
1e7427954d909963,fallenstararena_quarter_02_c6r14.tgm.header,Tiny.V0,27196059,264
093860998d2adaf4,fallenstararena_quarter_02_c6r15.tgm,Tiny.V5,26498766,3389
7672ea01ab585135,fallenstararena_quarter_02_c6r15.tgm.header,Tiny.VF,27086791,264
9d593e6fd4d6b597,fallenstararena_quarter_02_c6r16.tgm,Streaming/Content/data/balance/worldareas/B5/mapuberboss_fallenstar.vworld,1501623,8691
8e3a263a468b6644,fallenstararena_quarter_02_c6r16.tgm.header,Tiny.V3,26762742,264
9a5ce83a71186505,fallenstararena_quarter_02_c6r17.tgm,Streaming/Content/data/balance/worldareas/1D/mapuberboss_fallenstar.vworld,2944396,9073
83dae539f2822c24,fallenstararena_quarter_02_c6r17.tgm.header,Tiny.V2,27061046,330
02d24c62fe9267df,fallenstararena_quarter_02_c6r18.tgm,Streaming/Content/data/balance/worldareas/2A/mapuberboss_fallenstar.vworld,54277,382253
629b76089d282117,fallenstararena_quarter_02_c6r18.tgm.header,Tiny.V4,27242988,570
e287f6a5553765bc,fallenstararena_quarter_02_c6r19.tgm,Tiny.V5,26502155,3847
c7d6e8c3b5e7b801,fallenstararena_quarter_02_c6r19.tgm.header,Tiny.VC,27102373,264
8d9042276d819104,fallenstararena_quarter_02_c6r2.tgm,Tiny.V1,26894143,1585
ee5749a659c20234,fallenstararena_quarter_02_c6r2.tgm.header,Tiny.V4,27243558,264
cfdf3a5c0c5a8863,fallenstararena_quarter_02_c6r20.tgm,Streaming/Content/data/balance/worldareas/CB/mapuberboss_fallenstar.vworld,792478,7533
6d8985fd117c40d2,fallenstararena_quarter_02_c6r20.tgm.header,Tiny.V5,26506002,330
e0c239718a2f3145,fallenstararena_quarter_02_c6r21.tgm,Streaming/Content/data/balance/worldareas/BB/mapuberboss_fallenstar.vworld,2378880,10405
2e0089694ae381e9,fallenstararena_quarter_02_c6r21.tgm.header,Tiny.VF,27087055,330
c6b39bd713e9075d,fallenstararena_quarter_02_c6r22.tgm,Streaming/Content/data/balance/worldareas/99/mapuberboss_fallenstar.vworld,338014,7427
64eee7ee8ac3b731,fallenstararena_quarter_02_c6r22.tgm.header,Tiny.V8,26941222,290
437a03e215a9b2fa,fallenstararena_quarter_02_c6r23.tgm,Streaming/Content/data/balance/worldareas/2C/mapuberboss_fallenstar.vworld,459092,351093
7d6e0bfa32e3f6bf,fallenstararena_quarter_02_c6r23.tgm.header,Tiny.VD,26884780,264
6765a12b53746006,fallenstararena_quarter_02_c6r24.tgm,Tiny.V5,26506332,3295
ba0b99119df0d08c,fallenstararena_quarter_02_c6r24.tgm.header,Tiny.V8,26941512,264
fb38f326d8129568,fallenstararena_quarter_02_c6r25.tgm,Tiny.V3,26763006,2087
a31dabef14141f9b,fallenstararena_quarter_02_c6r25.tgm.header,Tiny.V9,27383209,264
ac57cd0e31995b99,fallenstararena_quarter_02_c6r26.tgm,Tiny.V7,26884323,523
d97da20f3dd90fdb,fallenstararena_quarter_02_c6r26.tgm.header,Tiny.V7,27040135,264
6b29387fb30006a5,fallenstararena_quarter_02_c6r27.tgm,Tiny.V4,27243822,595
e63df112f5f75b1a,fallenstararena_quarter_02_c6r27.tgm.header,Tiny.VC,27102637,264
eb2d3866c595d912,fallenstararena_quarter_02_c6r28.tgm,Tiny.V3,26765093,647
b58a2d1938c91319,fallenstararena_quarter_02_c6r28.tgm.header,Tiny.VF,27087385,264
defd611757224f92,fallenstararena_quarter_02_c6r29.tgm,Tiny.V2,27061376,477
44a650fec426ba5e,fallenstararena_quarter_02_c6r29.tgm.header,Tiny.VE,26866904,264
daf96535f6b59e8f,fallenstararena_quarter_02_c6r3.tgm,Tiny.V3,26765740,3149
ff22131d2526aeb0,fallenstararena_quarter_02_c6r3.tgm.header,Tiny.V2,27061853,283
bed5d1c1aaf661ae,fallenstararena_quarter_02_c6r30.tgm,Tiny.V6,26923172,457
d5986e1e2dbba81d,fallenstararena_quarter_02_c6r30.tgm.header,Tiny.VF,27087649,264
8311358010fc7be3,fallenstararena_quarter_02_c6r31.tgm,Tiny.V6,26923629,457
281c0acd3f9a63e2,fallenstararena_quarter_02_c6r31.tgm.header,Tiny.VA,27122227,264
1ba983968d495c71,fallenstararena_quarter_02_c6r32.tgm,Tiny.VA,27122491,641
d81587642914f908,fallenstararena_quarter_02_c6r32.tgm.header,Tiny.VC,27102901,264
efed7139572d58d9,fallenstararena_quarter_02_c6r33.tgm,Tiny.VA,27123132,955
d7e13c1cc18d56bf,fallenstararena_quarter_02_c6r33.tgm.header,Tiny.V8,26941776,264
14eb1407acb160e2,fallenstararena_quarter_02_c5r4.tgm,Tiny.V4,27237462,1711
4ea73ea15aceecb0,fallenstararena_quarter_02_c5r4.tgm.header,Tiny.V5,26498502,264
8574b4821527f7d8,fallenstararena_quarter_02_c5r5.tgm,Streaming/Content/data/balance/worldareas/DA/mapuberboss_fallenstar.vworld,621223,62879
e8a126de8594fb8a,fallenstararena_quarter_02_c5r5.tgm.header,Tiny.VC,27095666,283
f03d684a72f70981,fallenstararena_quarter_02_c5r6.tgm,Streaming/Content/data/balance/worldareas/E2/mapgeode.vworld,537820,4769
f7860457b9349d44,fallenstararena_quarter_02_c5r6.tgm.header,Tiny.V1,26890370,264
1039af6dae2b9fe8,fallenstararena_quarter_02_c5r7.tgm,Streaming/Content/data/balance/worldareas/19/mapuberboss_fallenstar.vworld,7629944,4489
757c08c8622c5fd1,fallenstararena_quarter_02_c5r7.tgm.header,Tiny.V9,27382945,264
7c34669967d1d3d8,fallenstararena_quarter_02_c5r8.tgm,Streaming/Content/data/balance/worldareas/0A/mapuberboss_fallenstar.vworld,5634807,65035
6e4873de18f934a2,fallenstararena_quarter_02_c5r8.tgm.header,Tiny.V3,26762459,283
402d8fed32f43570,fallenstararena_quarter_02_c5r9.tgm,Streaming/Content/data/balance/worldareas/8C/mapuberboss_fallenstar.vworld,301080,4525
15772e67c0f1764f,fallenstararena_quarter_02_c5r9.tgm.header,Tiny.V1,26890634,264
6f2f3f2d12ce2de0,fallenstararena_quarter_02_c5r1.tgm,Tiny.V7,26883090,1233
583145efb844976a,fallenstararena_quarter_02_c5r1.tgm.header,Tiny.VE,26862803,264
5ad25c5de8112083,fallenstararena_quarter_02_c5r10.tgm,Tiny.VE,26863067,3573
94b4c8488e10ee80,fallenstararena_quarter_02_c5r10.tgm.header,Tiny.V5,26495282,264
381b023a2859c657,fallenstararena_quarter_02_c5r11.tgm,Tiny.V4,27233695,3213
4e44443526202d23,fallenstararena_quarter_02_c5r11.tgm.header,Tiny.V4,27236908,264
4013927360bb96e5,fallenstararena_quarter_02_c5r12.tgm,Tiny.VB,27109938,3809
8ade61de82796d4b,fallenstararena_quarter_02_c5r12.tgm.header,Tiny.V5,26495546,264
ec2fd0d629b6fc33,fallenstararena_quarter_02_c5r13.tgm,Streaming/Content/data/balance/worldareas/95/mapuberboss_fallenstar.vworld,7721948,4225
3c8605c4edd50c9f,fallenstararena_quarter_02_c5r13.tgm.header,Tiny.VD,26883341,264
f25d0df37407af81,fallenstararena_quarter_02_c5r14.tgm,Tiny.VC,27092285,3381
d45eda86c50417bd,fallenstararena_quarter_02_c5r14.tgm.header,Tiny.V6,26922321,264
921e83429c60b05b,fallenstararena_quarter_02_c5r15.tgm,Tiny.VF,27083370,2827
17467066b56893bc,fallenstararena_quarter_02_c5r15.tgm.header,Tiny.VE,26866640,264
ae8f1d29f8f366eb,fallenstararena_quarter_02_c5r16.tgm,Streaming/Content/data/balance/worldareas/93/mapuberboss_delirium.vworld,315542,4267
400f099e2bcc96b5,fallenstararena_quarter_02_c5r16.tgm.header,Tiny.VD,26883605,264
624dc834d11bbc97,fallenstararena_quarter_02_c5r17.tgm,Streaming/Content/data/balance/worldareas/32/mapuberboss_fallenstar.vworld,646269,7261
6cb2988fdb15a681,fallenstararena_quarter_02_c5r17.tgm.header,Tiny.V2,27059099,264
71bd62dc297be0e0,fallenstararena_quarter_02_c5r18.tgm,Streaming/Content/data/balance/worldareas/20/mapuberboss_fallenstar.vworld,5637243,8119
0a1a05c159ca763e,fallenstararena_quarter_02_c5r18.tgm.header,Tiny.VF,27086197,330
4b9676fe71d846da,fallenstararena_quarter_02_c5r19.tgm,Streaming/Content/data/balance/worldareas/60/mapuberboss_fallenstar.vworld,861851,6903
1762591f7347d583,fallenstararena_quarter_02_c5r19.tgm.header,Tiny.V4,27237172,290
6f67beb11f50a878,fallenstararena_quarter_02_c5r2.tgm,Streaming/Content/data/balance/worldareas/98/mapmothersoul_male_quest.vworld,552238,61569
27a5e942f0b4e28f,fallenstararena_quarter_02_c5r2.tgm.header,Tiny.V0,27194125,264
a8501d982f1b0d44,fallenstararena_quarter_02_c5r20.tgm,Streaming/Content/data/balance/worldareas/00/mapuberboss_fallenstar.vworld,4075475,65563
5f064f8779b2c9ee,fallenstararena_quarter_02_c5r20.tgm.header,Tiny.VA,27120761,410
3be6558497d3e9ea,fallenstararena_quarter_02_c5r21.tgm,Streaming/Content/data/balance/worldareas/4B/mapuberboss_fallenstar.vworld,653790,10723
f5af6d1ae0291267,fallenstararena_quarter_02_c5r21.tgm.header,Tiny.V8,26937707,330
295fadfba9c97855,fallenstararena_quarter_02_c5r22.tgm,Streaming/Content/data/balance/worldareas/6D/mapuberboss_fallenstar.vworld,6647573,7257
3a361fbe8627b59e,fallenstararena_quarter_02_c5r22.tgm.header,Tiny.V5,26495810,290
c8a1868ebaf4d9ef,fallenstararena_quarter_02_c5r23.tgm,Tiny.V8,26938037,3185
6b753ad282c0f885,fallenstararena_quarter_02_c5r23.tgm.header,Tiny.V5,26496100,264
d3fc2eedc632c895,fallenstararena_quarter_02_c5r24.tgm,Tiny.V1,26887112,2531
d6b4ffab6eba0074,fallenstararena_quarter_02_c5r24.tgm.header,Tiny.VF,27086527,264
f769424398d6cfea,fallenstararena_quarter_02_c5r25.tgm,Tiny.VB,27113747,2749
0f0ee798a81a1308,fallenstararena_quarter_02_c5r25.tgm.header,Tiny.VA,27121171,264
f61b74089dce1129,fallenstararena_quarter_02_c5r26.tgm,Tiny.V5,26496364,995
ee9d1e45563c9fbb,fallenstararena_quarter_02_c5r26.tgm.header,Tiny.V0,27194389,264
bf46c5babd01789e,fallenstararena_quarter_02_c5r27.tgm,Tiny.V1,26889643,727
d61f2fc603e0092e,fallenstararena_quarter_02_c5r27.tgm.header,Tiny.VA,27121435,264
0988a124615e7413,fallenstararena_quarter_02_c5r28.tgm,Tiny.V9,27381882,799
f39b83bd52fb1c7f,fallenstararena_quarter_02_c5r28.tgm.header,Tiny.V5,26497359,264
ebcbf3cdd264a13a,fallenstararena_quarter_02_c5r29.tgm,Tiny.V0,27194653,615
d1979912b28f6074,fallenstararena_quarter_02_c5r29.tgm.header,Tiny.VA,27121699,264
f7a7235fdc44ae7f,fallenstararena_quarter_02_c5r3.tgm,Tiny.V3,26761006,1453
416069616fb14922,fallenstararena_quarter_02_c5r3.tgm.header,Tiny.V5,26497623,264
23eee9e57feaaebe,fallenstararena_quarter_02_c5r30.tgm,Tiny.V0,27195268,791
cd70ad848a498ab9,fallenstararena_quarter_02_c5r30.tgm.header,Tiny.V2,27059363,264
0737b6a898ecebf0,fallenstararena_quarter_02_c5r31.tgm,Tiny.V5,26497887,615
a541f405a77442f1,fallenstararena_quarter_02_c5r31.tgm.header,Tiny.V2,27059627,264
9183849467f519a6,fallenstararena_quarter_02_c5r32.tgm,Tiny.VD,26883869,647
62a702d7718e0869,fallenstararena_quarter_02_c5r32.tgm.header,Tiny.V6,26922585,264
826e4b53ae2dd7d7,fallenstararena_quarter_02_c5r33.tgm,Streaming/Content/data/balance/worldareas/77/mapuberboss_fallenstar.vworld,3079651,54637
a5de4d612f769529,fallenstararena_quarter_02_c5r33.tgm.header,Tiny.V9,27382681,264
6ecd31c5cc02da29,fallenstararena_quarter_02_c4r4.tgm,Tiny.VC,27090110,1911
ec09e71c9a7aa287,fallenstararena_quarter_02_c4r4.tgm.header,Tiny.V6,26922057,264
1e31c5b87e18ddac,fallenstararena_quarter_02_c4r5.tgm,Tiny.V1,26885241,1871
4d9230dd71c06b63,fallenstararena_quarter_02_c4r5.tgm.header,Tiny.V3,26756829,264
761e3e8699bf8b75,fallenstararena_quarter_02_c4r6.tgm,Tiny.V8,26935026,2681
44c0ffa51e6e5de0,fallenstararena_quarter_02_c4r6.tgm.header,Tiny.V2,27058835,264
2be14b679df48472,fallenstararena_quarter_02_c4r7.tgm,Tiny.VE,26855685,3067
7e5d0c8b45bf6a38,fallenstararena_quarter_02_c4r7.tgm.header,Tiny.VC,27092021,264
fe6dfff5fee283a2,fallenstararena_quarter_02_c4r8.tgm,Tiny.VE,26858752,4051
ce526556e464851c,fallenstararena_quarter_02_c4r8.tgm.header,Tiny.VD,26883077,264
b7d7f2ec66483225,fallenstararena_quarter_02_c4r9.tgm,Tiny.V3,26757093,3913
62df130a7472f575,fallenstararena_quarter_02_c4r9.tgm.header,Tiny.V0,27193861,264
6a0628e9c5d19131,fallenstararena_quarter_02_c4r1.tgm,Tiny.V8,26930470,1335
763332a522793a48,fallenstararena_quarter_02_c4r1.tgm.header,Tiny.V4,27228911,264
1fd7e3c6a66955a2,fallenstararena_quarter_02_c4r10.tgm,Tiny.V8,26931805,2957
6f9ae00b27699d34,fallenstararena_quarter_02_c4r10.tgm.header,Tiny.V6,26921510,264
8b6e45abe5b1b600,fallenstararena_quarter_02_c4r11.tgm,Streaming/Content/data/balance/worldareas/E9/mapuberboss_fallenstar.vworld,5714465,1118069
e9bded284049f476,fallenstararena_quarter_02_c4r11.tgm.header,Tiny.VB,27106180,483
51efa40bc73fa539,fallenstararena_quarter_02_c4r12.tgm,Tiny.V2,27051774,3885
53570b1a5c746459,fallenstararena_quarter_02_c4r12.tgm.header,Tiny.V0,27192515,264
12d757cdb0675a29,fallenstararena_quarter_02_c4r13.tgm,Tiny.V4,27229175,3813
eab3cf7ef477a81b,fallenstararena_quarter_02_c4r13.tgm.header,Tiny.V5,26493682,264
ab1fe8251b20ddf2,fallenstararena_quarter_02_c4r14.tgm,Tiny.VB,27106663,3011
0cdeac15616dff9a,fallenstararena_quarter_02_c4r14.tgm.header,Tiny.V2,27055659,264
37cac15c636c1082,fallenstararena_quarter_02_c4r15.tgm,Streaming/Content/data/balance/worldareas/FD/mapuberboss_fallenstar.vworld,1665489,213829
6d87723205340839,fallenstararena_quarter_02_c4r15.tgm.header,Tiny.V0,27192779,264
892b7011565350c0,fallenstararena_quarter_02_c4r16.tgm,Tiny.V3,26753148,3351
f9c245a00c5ff91e,fallenstararena_quarter_02_c4r16.tgm.header,Tiny.VC,27089846,264
b99e15eaba407942,fallenstararena_quarter_02_c4r17.tgm,Streaming/Content/data/balance/worldareas/19/mapuberboss_fallenstar.vworld,7270693,359251
a49200fde97d3419,fallenstararena_quarter_02_c4r17.tgm.header,Tiny.V5,26493946,323
c30d84b478ab854a,fallenstararena_quarter_02_c4r18.tgm,Streaming/Content/data/balance/worldareas/E2/mapgeode.vworld,529789,8031
7d70f183a886c2f3,fallenstararena_quarter_02_c4r18.tgm.header,Tiny.V6,26921774,283
e75e6e875ddd3895,fallenstararena_quarter_02_c4r19.tgm,Streaming/Content/data/balance/worldareas/7D/mapuberboss_fallenstar.vworld,5925466,749251
0d910d2f6b5c2d0b,fallenstararena_quarter_02_c4r19.tgm.header,Tiny.V5,26494269,490
e0c84168b30802fe,fallenstararena_quarter_02_c4r2.tgm,Tiny.V2,27055923,1899
fb4c9fa9fce66e40,fallenstararena_quarter_02_c4r2.tgm.header,Tiny.VE,26854532,264
503116f3e0e5d97b,fallenstararena_quarter_02_c4r20.tgm,Streaming/Content/data/balance/worldareas/23/mapuberboss_fallenstar.vworld,107738,5439
e5f01bed3cf9fc07,fallenstararena_quarter_02_c4r20.tgm.header,Tiny.V0,27193043,290
98892f12877a41c0,fallenstararena_quarter_02_c4r21.tgm,Streaming/Content/data/balance/worldareas/50/mapuberboss_fallenstar.vworld,5806649,10831
c3edf08a63ebc37a,fallenstararena_quarter_02_c4r21.tgm.header,Tiny.V3,26756499,330
baa235521a1407c6,fallenstararena_quarter_02_c4r22.tgm,Streaming/Content/data/balance/worldareas/B0/mapprecursortowerdesert.vworld,574401,9971
0519b54e70810962,fallenstararena_quarter_02_c4r22.tgm.header,Tiny.VA,27120391,370
3a2da9199f57f030,fallenstararena_quarter_02_c4r23.tgm,Streaming/Content/data/balance/worldareas/AF/mapuberboss_fallenstar.vworld,470452,6275
71fd14684d808670,fallenstararena_quarter_02_c4r23.tgm.header,Tiny.V7,26876021,264
fee0e721dc8f9412,fallenstararena_quarter_02_c4r24.tgm,Tiny.VD,26880532,2545
bf429e5d746e4467,fallenstararena_quarter_02_c4r24.tgm.header,Tiny.V7,26876285,264
ad15810b3a990069,fallenstararena_quarter_02_c4r25.tgm,Tiny.V7,26876549,3731
2c49b8a7f75526c4,fallenstararena_quarter_02_c4r25.tgm.header,Tiny.V9,27381354,264
6fc7989e0c39c5d7,fallenstararena_quarter_02_c4r26.tgm,Tiny.V1,26882182,2531
78d250ec5ab82da6,fallenstararena_quarter_02_c4r26.tgm.header,Tiny.V8,26934762,264
74a255f1c7d0c405,fallenstararena_quarter_02_c4r27.tgm,Tiny.VE,26854796,889
0638124a8087f168,fallenstararena_quarter_02_c4r27.tgm.header,Tiny.V7,26880280,264
58cee31e4209ab9e,fallenstararena_quarter_02_c4r28.tgm,Tiny.V4,27232988,707
032ba6dd218e9dca,fallenstararena_quarter_02_c4r28.tgm.header,Tiny.V1,26884713,264
fa3cf190dc02f64c,fallenstararena_quarter_02_c4r29.tgm,Tiny.VF,27082318,523
327a1c8f28f49467,fallenstararena_quarter_02_c4r29.tgm.header,Tiny.VB,27109674,264
06d1dfecb9408762,fallenstararena_quarter_02_c4r3.tgm,Tiny.V7,26880544,1701
ba415d44bff8c650,fallenstararena_quarter_02_c4r3.tgm.header,Tiny.V0,27193333,264
5ef49123a36c3804,fallenstararena_quarter_02_c4r30.tgm,Tiny.V5,26494759,523
fa57d7e05d3b30dc,fallenstararena_quarter_02_c4r30.tgm.header,Tiny.V1,26884977,264
c2e8f4f1f5e93f9a,fallenstararena_quarter_02_c4r31.tgm,Tiny.VF,27082841,529
fd81d12eed4ca0e4,fallenstararena_quarter_02_c4r31.tgm.header,Tiny.V0,27193597,264
7223aa92d2e06807,fallenstararena_quarter_02_c4r32.tgm,Tiny.V7,26882245,581
794c594a4cee7e1d,fallenstararena_quarter_02_c4r32.tgm.header,Tiny.V9,27381618,264
a3e42ffb3f57cd25,fallenstararena_quarter_02_c4r33.tgm,Tiny.V2,27057822,1013
735c936dac8fb908,fallenstararena_quarter_02_c4r33.tgm.header,Tiny.V7,26882826,264
f4ea5158bb71b086,fallenstararena_quarter_02_c33r4.tgm,Tiny.V5,26487348,915
cceb8c11a97a3595,fallenstararena_quarter_02_c33r4.tgm.header,Tiny.V5,26488263,264
71dd708ca9b4aa3e,fallenstararena_quarter_02_c33r5.tgm,Tiny.V4,27220573,1075
07019c60f8ae8312,fallenstararena_quarter_02_c33r5.tgm.header,Tiny.VE,26848078,264
f6a5756287c8c4bf,fallenstararena_quarter_02_c33r6.tgm,Tiny.V7,26865081,1003
5f87ed7c7dda0fd1,fallenstararena_quarter_02_c33r6.tgm.header,Tiny.V3,26748709,264
d361414ea172fdf3,fallenstararena_quarter_02_c33r7.tgm,Tiny.V6,26920119,1127
f3670e39a2431a36,fallenstararena_quarter_02_c33r7.tgm.header,Tiny.V8,26929678,264
dd7fe9af008c3a57,fallenstararena_quarter_02_c33r8.tgm,Tiny.V5,26488527,1179
30de71dd6dfd5f46,fallenstararena_quarter_02_c33r8.tgm.header,Tiny.V7,26866084,264
6a62be8813daccea,fallenstararena_quarter_02_c33r9.tgm,Tiny.VC,27075708,1101
d0eb09bff0f61e15,fallenstararena_quarter_02_c33r9.tgm.header,Tiny.V8,26929942,264
2c06d3e71f84a6ab,fallenstararena_quarter_02_c33r1.tgm,Tiny.V0,27190473,661
272e975376ee1c16,fallenstararena_quarter_02_c33r1.tgm.header,Tiny.VA,27115300,264
2b7b637b2adee533,fallenstararena_quarter_02_c33r10.tgm,Tiny.VC,27073095,851
b6517f4356ed1c18,fallenstararena_quarter_02_c33r10.tgm.header,Tiny.V2,27045321,264
c270623976a542fd,fallenstararena_quarter_02_c33r11.tgm,Tiny.VD,26877904,1145
eabed5e7c50b0610,fallenstararena_quarter_02_c33r11.tgm.header,Tiny.V5,26486061,264
ffabb473e17d5c2e,fallenstararena_quarter_02_c33r12.tgm,Tiny.VA,27115564,1101
6bcaf3b5d3437a8e,fallenstararena_quarter_02_c33r12.tgm.header,Tiny.VB,27104596,264
58b899454cddf442,fallenstararena_quarter_02_c33r13.tgm,Streaming/Content/data/balance/worldareas/1B/mapuberboss_fallenstar.vworld,912231,287203
495e52ce7111226a,fallenstararena_quarter_02_c33r13.tgm.header,Tiny.V9,27375028,290
2100a14a107375a3,fallenstararena_quarter_02_c33r14.tgm,Tiny.V8,26924688,1007
f0f77d527cb9d41c,fallenstararena_quarter_02_c33r14.tgm.header,Tiny.V7,26863576,264
ccc007aa994e3d9c,fallenstararena_quarter_02_c33r15.tgm,Streaming/Content/data/balance/worldareas/D7/mapuberboss_fallenstar.vworld,180658,233949
58170834085a940d,fallenstararena_quarter_02_c33r15.tgm.header,Tiny.V3,26747547,370
45a1ddac34fa2fa1,fallenstararena_quarter_02_c33r16.tgm,Tiny.V8,26925695,1091
f42fb8fffca98e0e,fallenstararena_quarter_02_c33r16.tgm.header,Tiny.VD,26879049,264
b17db9d759824ebd,fallenstararena_quarter_02_c33r17.tgm,Streaming/Content/data/balance/worldareas/8A/mapuberboss_fallenstar.vworld,3494837,627917
1d9fddb482a2af5e,fallenstararena_quarter_02_c33r17.tgm.header,Tiny.V9,27375318,330
9af58add798a14bf,fallenstararena_quarter_02_c33r18.tgm,Tiny.V6,26917160,659
54371fc59783c98b,fallenstararena_quarter_02_c33r18.tgm.header,Tiny.V1,26875458,264
cddd9a74ecc684bf,fallenstararena_quarter_02_c33r19.tgm,Tiny.V1,26875722,961
6643bb54edf09fa2,fallenstararena_quarter_02_c33r19.tgm.header,Tiny.V4,27219008,264
e785519d593fe2d0,fallenstararena_quarter_02_c33r2.tgm,Tiny.V5,26486325,1023
3ef8d494bba71e4f,fallenstararena_quarter_02_c33r2.tgm.header,Tiny.V7,26863840,264
32936c39635a0a49,fallenstararena_quarter_02_c33r20.tgm,Tiny.V6,26917819,773
5032397f7595682b,fallenstararena_quarter_02_c33r20.tgm.header,Tiny.VF,27082054,264
d3da55764e7bdddf,fallenstararena_quarter_02_c33r21.tgm,Tiny.VC,27073946,689
2cf6cb4212d5f9d5,fallenstararena_quarter_02_c33r21.tgm.header,Tiny.V3,26747917,264
204d8f2a9fb8b288,fallenstararena_quarter_02_c33r22.tgm,Tiny.V8,26926786,877
d7ea0ec03340599b,fallenstararena_quarter_02_c33r22.tgm.header,Tiny.V6,26918592,264
325ce63bbe8f6e33,fallenstararena_quarter_02_c33r23.tgm,Tiny.V2,27045585,1173
c8bd0f74f0c30f5e,fallenstararena_quarter_02_c33r23.tgm.header,Tiny.VA,27116665,264
0a81e93b1c57a962,fallenstararena_quarter_02_c33r24.tgm,Tiny.V4,27219272,773
066f725b9a3a2b03,fallenstararena_quarter_02_c33r24.tgm.header,Tiny.V4,27220045,264
b09b984290288f48,fallenstararena_quarter_02_c33r25.tgm,Tiny.V6,26918856,999
d626005113062dc7,fallenstararena_quarter_02_c33r25.tgm.header,Tiny.VB,27104860,264
c9e5b5c73d40eba2,fallenstararena_quarter_02_c33r26.tgm,Tiny.VC,27074635,1073
c068ef4393fba7e7,fallenstararena_quarter_02_c33r26.tgm.header,Tiny.VE,26847550,264
0c50aa30bcdb2428,fallenstararena_quarter_02_c33r27.tgm,Tiny.V7,26864104,713
afa01a5cd07532a4,fallenstararena_quarter_02_c33r27.tgm.header,Tiny.VD,26879313,264
6e3a0c3fd2a2570c,fallenstararena_quarter_02_c33r28.tgm,Tiny.V8,26927663,629
fcf93e05c03f839c,fallenstararena_quarter_02_c33r28.tgm.header,Tiny.V3,26748181,264
07597ee6c8015165,fallenstararena_quarter_02_c33r29.tgm,Tiny.V8,26928292,489
35000ca061c7fc6d,fallenstararena_quarter_02_c33r29.tgm.header,Tiny.V4,27220309,264
435500511ef790cb,fallenstararena_quarter_02_c33r3.tgm,Tiny.VA,27116929,773
8aef5157f128bf20,fallenstararena_quarter_02_c33r3.tgm.header,Tiny.V7,26864817,264
e5d4235d55c25019,fallenstararena_quarter_02_c33r30.tgm,Tiny.V8,26928781,633
725abf3da7e430da,fallenstararena_quarter_02_c33r30.tgm.header,Tiny.V3,26748445,264
d929a604262da546,fallenstararena_quarter_02_c33r31.tgm,Tiny.V1,26876683,801
fab5cd750f29577f,fallenstararena_quarter_02_c33r31.tgm.header,Tiny.V6,26919855,264
27b37aa58769efde,fallenstararena_quarter_02_c33r32.tgm,Tiny.VD,26879577,691
8f83d8b87f1f2d5e,fallenstararena_quarter_02_c33r32.tgm.header,Tiny.V8,26929414,264
effd77cfa339cc98,fallenstararena_quarter_02_c33r33.tgm,Tiny.V2,27046758,779
e290b034781b669b,fallenstararena_quarter_02_c33r33.tgm.header,Tiny.VE,26847814,264
1b0c4c25bf3904a0,fallenstararena_quarter_02_c32r4.tgm,Tiny.V9,27373686,839
a22e769cb13d5cdf,fallenstararena_quarter_02_c32r4.tgm.header,Tiny.VF,27081790,264
d447fcb023875b69,fallenstararena_quarter_02_c32r5.tgm,Streaming/Content/data/balance/worldareas/49/mapuberboss_fallenstar.vworld,16496,54545
e3692998b9b81fc0,fallenstararena_quarter_02_c32r5.tgm.header,Tiny.VB,27104332,264
89af76e6ca79f1ec,fallenstararena_quarter_02_c32r6.tgm,Tiny.V9,27374525,503
643681cc10bfc977,fallenstararena_quarter_02_c32r6.tgm.header,Tiny.VE,26846275,264
2ae9baeaf03053e0,fallenstararena_quarter_02_c32r7.tgm,Tiny.VE,26846539,747
2be9e570761c7e49,fallenstararena_quarter_02_c32r7.tgm.header,Tiny.VA,27115036,264
5d23bc827b2df3ad,fallenstararena_quarter_02_c32r8.tgm,Streaming/Content/data/balance/worldareas/48/expeditionsubarea_blackknightboss.vworld,209070,54599
cb424303fde46d08,fallenstararena_quarter_02_c32r8.tgm.header,Tiny.VE,26847286,264
2ce616a5173c786f,fallenstararena_quarter_02_c32r9.tgm,Tiny.V1,26874693,765
23cf13726cb18899,fallenstararena_quarter_02_c32r9.tgm.header,Tiny.V5,26485797,264
b576cfd07ab15a32,fallenstararena_quarter_02_c32r1.tgm,Tiny.V8,26923169,497
e3620edd6114e6d2,fallenstararena_quarter_02_c32r1.tgm.header,Tiny.V2,27044158,264
9d46f7f0b44371a3,fallenstararena_quarter_02_c32r10.tgm,Tiny.V6,26915303,589
14da02b87637fe0d,fallenstararena_quarter_02_c32r10.tgm.header,Tiny.VA,27114031,264
e269f23ad1d611c9,fallenstararena_quarter_02_c32r11.tgm,Streaming/Content/data/balance/worldareas/9C/mapuberboss_fallenstar.vworld,467779,54625
d35ca46f94a14670,fallenstararena_quarter_02_c32r11.tgm.header,Tiny.V3,26746536,264
c49a0fd532d53110,fallenstararena_quarter_02_c32r12.tgm,Tiny.V6,26915892,523
f1119b19611ef0e0,fallenstararena_quarter_02_c32r12.tgm.header,Tiny.VD,26877376,264
9667ecf40b6be16f,fallenstararena_quarter_02_c32r13.tgm,Tiny.V7,26862261,523
6b45f9263b5345ed,fallenstararena_quarter_02_c32r13.tgm.header,Tiny.V2,27044422,264
b61aed81dd420fbc,fallenstararena_quarter_02_c32r14.tgm,Streaming/Content/data/balance/worldareas/EC/mapuberboss_fallenstar.vworld,618373,54435
bdf6648f7fe7c46e,fallenstararena_quarter_02_c32r14.tgm.header,Tiny.VB,27102856,264
6826815b39816f9f,fallenstararena_quarter_02_c32r15.tgm,Tiny.V1,26873185,609
029e6078ca6a2217,fallenstararena_quarter_02_c32r15.tgm.header,Tiny.V0,27188097,264
1c74ff42c483cda9,fallenstararena_quarter_02_c32r16.tgm,Tiny.V9,27372833,589
c86e6ce7090ac717,fallenstararena_quarter_02_c32r16.tgm.header,Tiny.V1,26873794,264
ffd969b1dd64234b,fallenstararena_quarter_02_c32r17.tgm,Streaming/Content/data/balance/worldareas/2F/mapprecursortowerdesert.vworld,520799,54603
decebc1779b48794,fallenstararena_quarter_02_c32r17.tgm.header,Tiny.V3,26746800,264
7dba9577f02763ee,fallenstararena_quarter_02_c32r18.tgm,Tiny.V8,26923666,457
00c45a8e7fd413b6,fallenstararena_quarter_02_c32r18.tgm.header,Tiny.VF,27081262,264
e8894b237a99fd15,fallenstararena_quarter_02_c32r19.tgm,Tiny.V2,27044686,635
ce82d59ed35df818,fallenstararena_quarter_02_c32r19.tgm.header,Tiny.VF,27081526,264
b1be9de9ef404ede,fallenstararena_quarter_02_c32r2.tgm,Streaming/Content/data/balance/worldareas/44/mapuberboss_fallenstar.vworld,1146137,54507
b7df69f0058dd3b3,fallenstararena_quarter_02_c32r2.tgm.header,Tiny.V8,26924123,264
937feb8f0fecc4e2,fallenstararena_quarter_02_c32r20.tgm,Streaming/Content/data/balance/worldareas/4D/mapuberboss_fallenstar.vworld,5813767,54507
466bed53ce3cbc82,fallenstararena_quarter_02_c32r20.tgm.header,Tiny.VA,27114295,264
86eae86bea8dd9c2,fallenstararena_quarter_02_c32r21.tgm,Tiny.VA,27114559,477
25b8dbcff67a6da9,fallenstararena_quarter_02_c32r21.tgm.header,Tiny.VD,26877640,264
724a5e32fc85c901,fallenstararena_quarter_02_c32r22.tgm,Tiny.VB,27103120,543
e05de9ca91966e3c,fallenstararena_quarter_02_c32r22.tgm.header,Tiny.V7,26862784,264
da356c752ba80b3c,fallenstararena_quarter_02_c32r23.tgm,Streaming/Content/data/balance/worldareas/42/mapuberboss_fallenstar.vworld,529875,54637
04e9ebac8e762eee,fallenstararena_quarter_02_c32r23.tgm.header,Tiny.VB,27103663,264
c213159ea08410b3,fallenstararena_quarter_02_c32r24.tgm,Tiny.V0,27188361,601
02665e85c7796a6a,fallenstararena_quarter_02_c32r24.tgm.header,Tiny.V1,26874058,264
7cccb340078dbd11,fallenstararena_quarter_02_c32r25.tgm,Tiny.V3,26747064,483
22ef4629013dd475,fallenstararena_quarter_02_c32r25.tgm.header,Tiny.VC,27072831,264
aabfc9588023856c,fallenstararena_quarter_02_c32r26.tgm,Streaming/Content/data/balance/worldareas/CE/mapuberboss_fallenstar.vworld,6367443,54395
1191d82382315fc2,fallenstararena_quarter_02_c32r26.tgm.header,Tiny.V0,27188962,264
f98ddc9bf8086326,fallenstararena_quarter_02_c32r27.tgm,Tiny.VE,26845844,431
5461f91550d763cb,fallenstararena_quarter_02_c32r27.tgm.header,Tiny.V9,27373422,264
4b9c2ccc666a9faf,fallenstararena_quarter_02_c32r28.tgm,Tiny.VB,27103927,405
d92faff5efa2ef18,fallenstararena_quarter_02_c32r28.tgm.header,Tiny.V7,26863048,264
9a30dff670cf0ebf,fallenstararena_quarter_02_c32r29.tgm,Streaming/Content/data/balance/worldareas/8D/mapuberboss_fallenstar.vworld,638848,54159
90ae3795e2b82158,fallenstararena_quarter_02_c32r29.tgm.header,Tiny.V4,27218480,264
efe9c8a0126431a1,fallenstararena_quarter_02_c32r3.tgm,Tiny.V0,27189226,719
f3ecde09371b18fb,fallenstararena_quarter_02_c32r3.tgm.header,Tiny.V7,26863312,264
6e9642e117e087ba,fallenstararena_quarter_02_c32r30.tgm,Tiny.V8,26924387,301
11416bc574d223b1,fallenstararena_quarter_02_c32r30.tgm.header,Tiny.V6,26916415,264
ceb4c8b17c33d18d,fallenstararena_quarter_02_c32r31.tgm,Tiny.V1,26874322,371
d6d62322c264b211,fallenstararena_quarter_02_c32r31.tgm.header,Tiny.V4,27218744,264
8e453577436bc942,fallenstararena_quarter_02_c32r32.tgm,Streaming/Content/data/balance/worldareas/2A/mapuberboss_fallenstar.vworld,0,54277
21d3a3387c4b6fb9,fallenstararena_quarter_02_c32r32.tgm.header,Tiny.V0,27189945,264
b4989b2631fe69df,fallenstararena_quarter_02_c32r33.tgm,Tiny.V6,26916679,481
a4cde5f7ae413970,fallenstararena_quarter_02_c32r33.tgm.header,Tiny.V0,27190209,264
f7f15c1c2ad9a898,fallenstararena_quarter_02_c31r4.tgm,Tiny.VD,26876879,497
f848e00bf95247f8,fallenstararena_quarter_02_c31r4.tgm.header,Tiny.VB,27102328,264
0052832879687825,fallenstararena_quarter_02_c31r5.tgm,Tiny.VE,26845393,451
d31e09d019f3eebc,fallenstararena_quarter_02_c31r5.tgm.header,Tiny.V6,26915039,264
30fe0888950f814e,fallenstararena_quarter_02_c31r6.tgm,Tiny.VA,27112985,385
9154d066d26ca8d6,fallenstararena_quarter_02_c31r6.tgm.header,Tiny.V8,26922905,264
9a4223b5ba99dff1,fallenstararena_quarter_02_c31r7.tgm,Tiny.V7,26861350,647
bc0075ee17dde0fb,fallenstararena_quarter_02_c31r7.tgm.header,Tiny.V9,27372569,264
5cd9245a6088d4ab,fallenstararena_quarter_02_c31r8.tgm,Tiny.VA,27113370,661
f953eb1633303933,fallenstararena_quarter_02_c31r8.tgm.header,Tiny.VB,27102592,264
3bdd1fe3ae3bb249,fallenstararena_quarter_02_c31r9.tgm,Tiny.V3,26745803,733
b2827063c396a99c,fallenstararena_quarter_02_c31r9.tgm.header,Tiny.V7,26861997,264
b10f172131b02818,fallenstararena_quarter_02_c31r1.tgm,Tiny.VA,27111221,293
0fd7b1f66e235048,fallenstararena_quarter_02_c31r1.tgm.header,Tiny.V6,26912990,264
9a85369eee072ca2,fallenstararena_quarter_02_c31r10.tgm,Tiny.VD,26875900,451
4bc59f0672c26bf7,fallenstararena_quarter_02_c31r10.tgm.header,Tiny.V8,26921293,264
d1604edac14040f9,fallenstararena_quarter_02_c31r11.tgm,Tiny.VC,27069721,627
682da7f77e16f5fd,fallenstararena_quarter_02_c31r11.tgm.header,Tiny.V2,27042982,264
bcc810da5241afe9,fallenstararena_quarter_02_c31r12.tgm,Tiny.V5,26483972,483
5be17964290ba64f,fallenstararena_quarter_02_c31r12.tgm.header,Tiny.VA,27111514,264
bd70011bd10c391e,fallenstararena_quarter_02_c31r13.tgm,Tiny.VF,27079089,641
8074cb7749dc1729,fallenstararena_quarter_02_c31r13.tgm.header,Tiny.VD,26876351,264
c5b3ac3c05939c97,fallenstararena_quarter_02_c31r14.tgm,Tiny.VC,27070348,721
b911f90e687393b2,fallenstararena_quarter_02_c31r14.tgm.header,Tiny.V3,26743241,264
ca2e7b7faf9216c3,fallenstararena_quarter_02_c31r15.tgm,Tiny.V8,26921557,739
cd8082bbfef356b5,fallenstararena_quarter_02_c31r15.tgm.header,Tiny.V3,26743505,264
f92489f92b4399af,fallenstararena_quarter_02_c31r16.tgm,Tiny.VC,27071069,693
42d1c838fa2f4dde,fallenstararena_quarter_02_c31r16.tgm.header,Tiny.V7,26860294,264
c1347d4b8ff88cfd,fallenstararena_quarter_02_c31r17.tgm,Tiny.V9,27370722,699
acf59f0a3c9e6b42,fallenstararena_quarter_02_c31r17.tgm.header,Tiny.V3,26743769,264
31657bc82a6f5d35,fallenstararena_quarter_02_c31r18.tgm,Tiny.V6,26913254,595
dfa6806c74c28fb2,fallenstararena_quarter_02_c31r18.tgm.header,Tiny.VF,27079730,264
a25f17a363e3d3ad,fallenstararena_quarter_02_c31r19.tgm,Tiny.VC,27071762,805
36e8cbda706a838a,fallenstararena_quarter_02_c31r19.tgm.header,Tiny.V1,26872116,264
97a6eef3ba8331a4,fallenstararena_quarter_02_c31r2.tgm,Tiny.V8,26922296,345
25699841e12b3a09,fallenstararena_quarter_02_c31r2.tgm.header,Tiny.VA,27111778,264
c3c3b33576443c8b,fallenstararena_quarter_02_c31r20.tgm,Tiny.V3,26744033,837
78e4da0bb988f4b6,fallenstararena_quarter_02_c31r20.tgm.header,Tiny.VD,26876615,264
90d15f2254a65a8f,fallenstararena_quarter_02_c31r21.tgm,Tiny.VA,27112042,943
6b3a95f860cba1df,fallenstararena_quarter_02_c31r21.tgm.header,Tiny.V7,26860558,264
9eb596dab38b1c75,fallenstararena_quarter_02_c31r22.tgm,Tiny.V5,26484455,765
77b25956677d15e3,fallenstararena_quarter_02_c31r22.tgm.header,Tiny.V4,27218216,264
fcbee8ad93b76767,fallenstararena_quarter_02_c31r23.tgm,Tiny.V1,26872380,805
9fce16646e33d06c,fallenstararena_quarter_02_c31r23.tgm.header,Tiny.VE,26844390,264
3bfde7215d599c0e,fallenstararena_quarter_02_c31r24.tgm,Tiny.VF,27079994,773
cbe9b67c268d5d52,fallenstararena_quarter_02_c31r24.tgm.header,Tiny.V8,26922641,264
4425354105ee83b8,fallenstararena_quarter_02_c31r25.tgm,Tiny.V9,27371421,685
3c270abbcf85f8f3,fallenstararena_quarter_02_c31r25.tgm.header,Tiny.V5,26485220,264
f963083e5f0b7310,fallenstararena_quarter_02_c31r26.tgm,Tiny.V2,27043246,521
a48532fae1a288bc,fallenstararena_quarter_02_c31r26.tgm.header,Tiny.V7,26860822,264
11b90a6ff4497394,fallenstararena_quarter_02_c31r27.tgm,Tiny.VE,26844654,475
767536bf2472ed57,fallenstararena_quarter_02_c31r27.tgm.header,Tiny.V0,27187569,264
81b8fc113dc508cf,fallenstararena_quarter_02_c31r28.tgm,Tiny.V5,26485484,313
ee852f628b34e0a8,fallenstararena_quarter_02_c31r28.tgm.header,Tiny.VC,27072567,264
0bcd2b6e599052b4,fallenstararena_quarter_02_c31r29.tgm,Tiny.V6,26913849,299
9215a1bebc72e904,fallenstararena_quarter_02_c31r29.tgm.header,Tiny.V0,27187833,264
d9bcecff9156a736,fallenstararena_quarter_02_c31r3.tgm,Tiny.V2,27043767,391
5f3dd02d1ba4323e,fallenstararena_quarter_02_c31r3.tgm.header,Tiny.VE,26845129,264
a6609286ec063373,fallenstararena_quarter_02_c31r30.tgm,Tiny.VF,27080767,495
108c5063db4bdf7e,fallenstararena_quarter_02_c31r30.tgm.header,Tiny.V7,26861086,264
f1635a2531b4c2e8,fallenstararena_quarter_02_c31r31.tgm,Tiny.V6,26914148,627
371845fe427b6a6e,fallenstararena_quarter_02_c31r31.tgm.header,Tiny.V3,26744870,264
b583cabf4883cf5f,fallenstararena_quarter_02_c31r32.tgm,Tiny.V9,27372106,463
f46122e03db29ae3,fallenstararena_quarter_02_c31r32.tgm.header,Tiny.VB,27102064,264
afed9a2e6b8c9b76,fallenstararena_quarter_02_c31r33.tgm,Tiny.V3,26745134,669
61f46ce5df008221,fallenstararena_quarter_02_c31r33.tgm.header,Tiny.V6,26914775,264
2a471192a3261990,fallenstararena_quarter_02_c30r4.tgm,Tiny.VC,27068583,661
4acec961adbfdabb,fallenstararena_quarter_02_c30r4.tgm.header,Tiny.VA,27110957,264
c0b5e667bcfeee54,fallenstararena_quarter_02_c30r5.tgm,Tiny.VC,27069244,477
52d5951d84d00ad9,fallenstararena_quarter_02_c30r5.tgm.header,Tiny.V0,27186880,264
17a94bb56933bff2,fallenstararena_quarter_02_c30r6.tgm,Tiny.V2,27042669,313
bf8bd31fbdf9d7b1,fallenstararena_quarter_02_c30r6.tgm.header,Tiny.V7,26860030,264
3c0d5c88298354e2,fallenstararena_quarter_02_c30r7.tgm,Tiny.V6,26912493,497
da3f047c9ccf1153,fallenstararena_quarter_02_c30r7.tgm.header,Tiny.V4,27217952,264
f15e9bee410c6b19,fallenstararena_quarter_02_c30r8.tgm,Tiny.VB,27101547,517
eb85a5ba3e089310,fallenstararena_quarter_02_c30r8.tgm.header,Tiny.V8,26921029,264
619f918a30e6028a,fallenstararena_quarter_02_c30r9.tgm,Tiny.V0,27187144,425
111c7804fdbfd121,fallenstararena_quarter_02_c30r9.tgm.header,Tiny.VF,27078825,264
3bd988f047f078fd,fallenstararena_quarter_02_c30r1.tgm,Tiny.V2,27041885,333
89cee48aca2b8150,fallenstararena_quarter_02_c30r1.tgm.header,Tiny.V8,26919423,264
50d4f1062a329d1c,fallenstararena_quarter_02_c30r10.tgm,Tiny.V4,27216266,497
3a5ac0522ec959ce,fallenstararena_quarter_02_c30r10.tgm.header,Tiny.VA,27109095,264
ed8115c9a9c00574,fallenstararena_quarter_02_c30r11.tgm,Tiny.V2,27042218,451
717da518b3070478,fallenstararena_quarter_02_c30r11.tgm.header,Tiny.VE,26842856,264
11f1b696194afef9,fallenstararena_quarter_02_c30r12.tgm,Tiny.VD,26874519,405
b9ed7a6ce679aa03,fallenstararena_quarter_02_c30r12.tgm.header,Tiny.V3,26742408,264
61173dbcbdafd769,fallenstararena_quarter_02_c30r13.tgm,Tiny.VE,26843120,589
9f7146dc4c02b826,fallenstararena_quarter_02_c30r13.tgm.header,Tiny.VE,26843709,264
ad3f23df83e0dca9,fallenstararena_quarter_02_c30r14.tgm,Tiny.VF,27076259,569
c8dab436a743391e,fallenstararena_quarter_02_c30r14.tgm.header,Tiny.V6,26911437,264
0714cca7615ed719,fallenstararena_quarter_02_c30r15.tgm,Tiny.V1,26870338,471
eb20a17da0447a15,fallenstararena_quarter_02_c30r15.tgm.header,Tiny.V5,26482329,264
d789c9832b903a62,fallenstararena_quarter_02_c30r16.tgm,Tiny.V8,26919687,425
798a9b7f2182558e,fallenstararena_quarter_02_c30r16.tgm.header,Tiny.V9,27370458,264
33fb720979016354,fallenstararena_quarter_02_c30r17.tgm,Tiny.V3,26742672,569
93270d6308317a84,fallenstararena_quarter_02_c30r17.tgm.header,Tiny.VC,27066692,264
258d963d41d1fc63,fallenstararena_quarter_02_c30r18.tgm,Tiny.VC,27066956,569
80b67f8f5551b399,fallenstararena_quarter_02_c30r18.tgm.header,Tiny.V6,26911701,264
415b7b20c6e20700,fallenstararena_quarter_02_c30r19.tgm,Tiny.V4,27216763,661
023806b353179855,fallenstararena_quarter_02_c30r19.tgm.header,Tiny.V6,26911965,264
3ab23b6bebf83bad,fallenstararena_quarter_02_c30r2.tgm,Tiny.V8,26920112,653
4293dd015cdad6a2,fallenstararena_quarter_02_c30r2.tgm.header,Tiny.V0,27186088,264
b48014030f2e7c3b,fallenstararena_quarter_02_c30r20.tgm,Tiny.V1,26870809,779
8fcf2ad862872831,fallenstararena_quarter_02_c30r20.tgm.header,Tiny.VA,27109359,264
0f619bf99c061320,fallenstararena_quarter_02_c30r21.tgm,Tiny.VF,27076828,779
5fae8691400ddd01,fallenstararena_quarter_02_c30r21.tgm.header,Tiny.V0,27186352,264
685250b2842330fe,fallenstararena_quarter_02_c30r22.tgm,Tiny.VA,27109623,503
7e0a14e72d046bf7,fallenstararena_quarter_02_c30r22.tgm.header,Tiny.V1,26871588,264
312d0cee6545cd1c,fallenstararena_quarter_02_c30r23.tgm,Tiny.VF,27077607,589
f56d4c382d87f66d,fallenstararena_quarter_02_c30r23.tgm.header,Tiny.V0,27186616,264
8d66a697a4d78bc9,fallenstararena_quarter_02_c30r24.tgm,Tiny.V5,26482593,451
e66d01cb2984c1a1,fallenstararena_quarter_02_c30r24.tgm.header,Tiny.V4,27217424,264
18a32e3bc4c80fa2,fallenstararena_quarter_02_c30r25.tgm,Tiny.VF,27078196,365
5b748845ae677b1f,fallenstararena_quarter_02_c30r25.tgm.header,Tiny.VB,27100478,264
ed26911752abdff7,fallenstararena_quarter_02_c30r26.tgm,Tiny.V5,26483044,503
1fde726b55b167f9,fallenstararena_quarter_02_c30r26.tgm.header,Tiny.V8,26920765,264
284b94b049e8e2fe,fallenstararena_quarter_02_c30r27.tgm,Tiny.V5,26483547,425
caf49c84ed6184e4,fallenstararena_quarter_02_c30r27.tgm.header,Tiny.V6,26912229,264
e4299431153a8767,fallenstararena_quarter_02_c30r28.tgm,Tiny.VD,26874924,675
369d67fe50a62abf,fallenstararena_quarter_02_c30r28.tgm.header,Tiny.V4,27217688,264
5dad92f3f1cb7c53,fallenstararena_quarter_02_c30r29.tgm,Tiny.VC,27067525,443
c977942671d628b7,fallenstararena_quarter_02_c30r29.tgm.header,Tiny.V7,26859502,264
7dee2dc5215a0f8b,fallenstararena_quarter_02_c30r3.tgm,Tiny.VC,27067968,615
21b057b609c444ef,fallenstararena_quarter_02_c30r3.tgm.header,Tiny.V7,26859766,264
3ff3889551b3af4a,fallenstararena_quarter_02_c30r30.tgm,Tiny.VB,27100742,541
7305610d94c6805e,fallenstararena_quarter_02_c30r30.tgm.header,Tiny.VF,27078561,264
22f1c95b863f7baf,fallenstararena_quarter_02_c30r31.tgm,Tiny.VE,26843973,417
f8892c43a75eee80,fallenstararena_quarter_02_c30r31.tgm.header,Tiny.V1,26871852,264
d0527d930ed0aa8c,fallenstararena_quarter_02_c30r32.tgm,Tiny.VD,26875599,301
672c7c0bf0982797,fallenstararena_quarter_02_c30r32.tgm.header,Tiny.VA,27110126,264
0894189a41cab23c,fallenstararena_quarter_02_c30r33.tgm,Tiny.VA,27110390,567
870bcf227eef5ae5,fallenstararena_quarter_02_c30r33.tgm.header,Tiny.VB,27101283,264
0792dbfee3cbff21,fallenstararena_quarter_02_c3r4.tgm,Tiny.V2,27049865,1645
9dfa9d737c1ea94a,fallenstararena_quarter_02_c3r4.tgm.header,Tiny.V8,26930206,264
6b1383ff70630be4,fallenstararena_quarter_02_c3r5.tgm,Tiny.V7,26874292,1729
c6dd135566fb46bb,fallenstararena_quarter_02_c3r5.tgm.header,Tiny.VE,26854004,264
8957614a3dc95679,fallenstararena_quarter_02_c3r6.tgm,Tiny.VC,27085612,1645
fad415cdec78f401,fallenstararena_quarter_02_c3r6.tgm.header,Tiny.VE,26854268,264
6430dd41568deec7,fallenstararena_quarter_02_c3r7.tgm,Tiny.V9,27379247,2107
ac551131df219f86,fallenstararena_quarter_02_c3r7.tgm.header,Tiny.VD,26880268,264
9df06156c59b4b32,fallenstararena_quarter_02_c3r8.tgm,Tiny.VA,27117702,2689
7a28002311ed33ad,fallenstararena_quarter_02_c3r8.tgm.header,Tiny.V2,27051510,264
55dcb52f4f3c4079,fallenstararena_quarter_02_c3r9.tgm,Tiny.VC,27087257,2589
d5ea2e15cd5d3bfa,fallenstararena_quarter_02_c3r9.tgm.header,Tiny.V0,27192251,264
904b246ff3c1900d,fallenstararena_quarter_02_c3r1.tgm,Tiny.VC,27076809,1267
093bc4b46ea00019,fallenstararena_quarter_02_c3r1.tgm.header,Tiny.VC,27078076,264
44d8acb96c838283,fallenstararena_quarter_02_c3r10.tgm,Tiny.V1,26877484,2903
23921cb2eac1a80e,fallenstararena_quarter_02_c3r10.tgm.header,Tiny.VB,27105124,264
7723bb12239f5439,fallenstararena_quarter_02_c3r11.tgm,Tiny.VE,26848342,3731
ec43cf61f9cf5374,fallenstararena_quarter_02_c3r11.tgm.header,Tiny.V1,26880387,264
23d93fb3d7a92a27,fallenstararena_quarter_02_c3r12.tgm,Tiny.V5,26489706,3387
eaba2d8bd41f900c,fallenstararena_quarter_02_c3r12.tgm.header,Tiny.VB,27105388,264
b5384d6e8d34d6ef,fallenstararena_quarter_02_c3r13.tgm,Tiny.VC,27078340,2957
bccb2cf385673f6f,fallenstararena_quarter_02_c3r13.tgm.header,Tiny.VB,27105652,264
3b1fec46466f39b8,fallenstararena_quarter_02_c3r14.tgm,Tiny.V4,27221648,2885
ecd2196019522843,fallenstararena_quarter_02_c3r14.tgm.header,Tiny.V1,26880651,264
c6c7a473a8ad40d0,fallenstararena_quarter_02_c3r15.tgm,Tiny.V7,26866348,3547
a45706b741e754c9,fallenstararena_quarter_02_c3r15.tgm.header,Tiny.VE,26852073,264
45e63a76914e2fd7,fallenstararena_quarter_02_c3r16.tgm,Tiny.V4,27224533,3307
a90a8dedccdc6496,fallenstararena_quarter_02_c3r16.tgm.header,Tiny.V3,26748973,264
1bffde3a0293a599,fallenstararena_quarter_02_c3r17.tgm,Tiny.V7,26869895,2719
c31e7a4afcb4ec98,fallenstararena_quarter_02_c3r17.tgm.header,Tiny.VC,27081297,264
d54fc744d7b42b6c,fallenstararena_quarter_02_c3r18.tgm,Streaming/Content/data/balance/worldareas/g1_5.vworld.1,520654,6477
21f53fe544ba50f7,fallenstararena_quarter_02_c3r18.tgm.header,Tiny.V2,27047537,264
dd62a7b42eb51ea8,fallenstararena_quarter_02_c3r19.tgm,Streaming/Content/data/balance/worldareas/81/mapuberboss_fallenstar.vworld,6233521,8503
caeb3c346e744990,fallenstararena_quarter_02_c3r19.tgm.header,Tiny.V4,27227840,370
77c9469be3c999fc,fallenstararena_quarter_02_c3r2.tgm,Tiny.VE,26852337,1667
94fa93fcac8d8d0e,fallenstararena_quarter_02_c3r2.tgm.header,Tiny.V9,27375648,264
7fa2f097b35f22c9,fallenstararena_quarter_02_c3r20.tgm,Streaming/Content/data/balance/worldareas/BD/mapuberboss_fallenstar.vworld,11482732,6345
8dca5edda83d6c3e,fallenstararena_quarter_02_c3r20.tgm.header,Tiny.V3,26749237,330
577b1c3528179c58,fallenstararena_quarter_02_c3r21.tgm,Streaming/Content/data/balance/worldareas/FE/mapuberboss_fallenstar.vworld,11298084,6911
c86ade2af4e71399,fallenstararena_quarter_02_c3r21.tgm.header,Tiny.V3,26749567,370
0620719354f08d15,fallenstararena_quarter_02_c3r22.tgm,Streaming/Content/data/balance/worldareas/F8/mapuberboss_fallenstar.vworld,9407663,10873
5b751229a4279a2f,fallenstararena_quarter_02_c3r22.tgm.header,Tiny.V1,26880915,330
f5b2fed2d9f7a53c,fallenstararena_quarter_02_c3r23.tgm,Streaming/Content/data/balance/worldareas/DC/mapuberboss_fallenstar.vworld,6060187,7485
e5ca2e4646b2ee54,fallenstararena_quarter_02_c3r23.tgm.header,Tiny.V9,27375912,330
6c9f00c4e6b983f6,fallenstararena_quarter_02_c3r24.tgm,Tiny.VC,27081561,3523
9dbb801788c094ee,fallenstararena_quarter_02_c3r24.tgm.header,Tiny.VB,27105916,264
c9501ee66ba7dade,fallenstararena_quarter_02_c3r25.tgm,Tiny.V3,26749937,3211
8ae4bbbef8a37b2c,fallenstararena_quarter_02_c3r25.tgm.header,Tiny.V1,26881245,264
6220d9afc652d5a1,fallenstararena_quarter_02_c3r26.tgm,Tiny.V9,27376242,2477
512d1cd4503d80b3,fallenstararena_quarter_02_c3r26.tgm.header,Tiny.V4,27228210,264
8baf680e10f9f5e0,fallenstararena_quarter_02_c3r27.tgm,Tiny.V5,26493093,589
f526c3dd996e239d,fallenstararena_quarter_02_c3r27.tgm.header,Tiny.VC,27085084,264
50f0bb6555d7efb9,fallenstararena_quarter_02_c3r28.tgm,Tiny.V0,27191134,589
61a82fa0ff91d001,fallenstararena_quarter_02_c3r28.tgm.header,Tiny.V6,26921246,264
4444f11fb80913a3,fallenstararena_quarter_02_c3r29.tgm,Tiny.V1,26881509,673
e4223c4a69e90082,fallenstararena_quarter_02_c3r29.tgm.header,Tiny.V9,27378719,264
cc60a19a5699ecb6,fallenstararena_quarter_02_c3r3.tgm,Tiny.V2,27047801,1639
c95d984590075a38,fallenstararena_quarter_02_c3r3.tgm.header,Tiny.V7,26872614,264
a94289d7aff300ee,fallenstararena_quarter_02_c3r30.tgm,Tiny.V7,26872878,385
a011d9c72fb600e2,fallenstararena_quarter_02_c3r30.tgm.header,Tiny.V9,27378983,264
fad1842bb813e340,fallenstararena_quarter_02_c3r31.tgm,Tiny.V4,27228474,437
964d6950264b2731,fallenstararena_quarter_02_c3r31.tgm.header,Tiny.V0,27191723,264
311034a45c53b16b,fallenstararena_quarter_02_c3r32.tgm,Tiny.V2,27049440,425
28a09fd8bbc56fde,fallenstararena_quarter_02_c3r32.tgm.header,Tiny.V0,27191987,264
d1bfa37711e9f970,fallenstararena_quarter_02_c3r33.tgm,Tiny.V7,26873263,1029
41a1a865195dffa9,fallenstararena_quarter_02_c3r33.tgm.header,Tiny.VC,27085348,264
db0a17a49f0a4579,fallenstararena_quarter_02_c29r4.tgm,Tiny.V7,26849746,823
dff8639471cb0088,fallenstararena_quarter_02_c29r4.tgm.header,Tiny.VC,27065372,264
f05ae6fa20282bc8,fallenstararena_quarter_02_c29r5.tgm,Streaming/Content/data/balance/worldareas/5D/mapprecursortowerdesert.vworld,474036,54697
b639370fa9a746a7,fallenstararena_quarter_02_c29r5.tgm.header,Tiny.VD,26868697,264
cdd5c2fcf425f8a0,fallenstararena_quarter_02_c29r6.tgm,Tiny.V5,26480908,563
66370d130fc4a424,fallenstararena_quarter_02_c29r6.tgm.header,Tiny.V4,27212895,264
a89e709eb139d622,fallenstararena_quarter_02_c29r7.tgm,Tiny.VE,26840943,857
9ff8df59e463c973,fallenstararena_quarter_02_c29r7.tgm.header,Tiny.V1,26868847,264
167cf542c51a6785,fallenstararena_quarter_02_c29r8.tgm,Streaming/Content/data/balance/worldareas/E0/mapuberboss_fallenstar.vworld,5762815,54585
a60a75912cc676e9,fallenstararena_quarter_02_c29r8.tgm.header,Tiny.VE,26841800,264
14343ca3e0bb6711,fallenstararena_quarter_02_c29r9.tgm,Tiny.VB,27091169,483
c2a72c29848bddce,fallenstararena_quarter_02_c29r9.tgm.header,Tiny.VB,27091652,264
acc4694b53fc0b7d,fallenstararena_quarter_02_c29r1.tgm,Tiny.VA,27105288,287
8404fd1ef8ec979c,fallenstararena_quarter_02_c29r1.tgm.header,Tiny.VB,27089051,264
2e46a7df0f975934,fallenstararena_quarter_02_c29r10.tgm,Tiny.VB,27089315,725
801d61b91568d0ba,fallenstararena_quarter_02_c29r10.tgm.header,Tiny.V7,26848385,264
abc03c20f111e4dd,fallenstararena_quarter_02_c29r11.tgm,Streaming/Content/data/balance/worldareas/AE/g1_15.vworld,358589,54421
7282c551bc269b7b,fallenstararena_quarter_02_c29r11.tgm.header,Tiny.VF,27071774,264
8063ee8f2e2dbc35,fallenstararena_quarter_02_c29r12.tgm,Tiny.V8,26916920,607
0be20399398c6e90,fallenstararena_quarter_02_c29r12.tgm.header,Tiny.VB,27090040,264
80357b3812bc0764,fallenstararena_quarter_02_c29r13.tgm,Tiny.V8,26917527,483
fb510f591f0125f4,fallenstararena_quarter_02_c29r13.tgm.header,Tiny.V0,27184593,264
b3a5bb41259c892f,fallenstararena_quarter_02_c29r14.tgm,Streaming/Content/data/balance/worldareas/F3/mapuberboss_fallenstar.vworld,3301745,54303
3e2c98f2b9cfb18b,fallenstararena_quarter_02_c29r14.tgm.header,Tiny.V7,26848649,264
cf42d134ba9cc758,fallenstararena_quarter_02_c29r15.tgm,Tiny.VC,27064531,313
12ecb775c4340542,fallenstararena_quarter_02_c29r15.tgm.header,Tiny.V3,26738275,264
a62b08907f8aff6f,fallenstararena_quarter_02_c29r16.tgm,Tiny.V7,26848913,569
207cb121f3422629,fallenstararena_quarter_02_c29r16.tgm.header,Tiny.V5,26478996,264
5b2e746c92784496,fallenstararena_quarter_02_c29r17.tgm,Streaming/Content/data/balance/worldareas/55/mapport.vworld,437566,54559
b82c07b786f58d1e,fallenstararena_quarter_02_c29r17.tgm.header,Tiny.V8,26918010,264
1edbc525056e43a2,fallenstararena_quarter_02_c29r18.tgm,Tiny.V5,26479260,831
4379fe3d8303f2ef,fallenstararena_quarter_02_c29r18.tgm.header,Tiny.V2,27039604,264
513585fc848fafd1,fallenstararena_quarter_02_c29r19.tgm,Tiny.VE,26839872,543
37480fe05f6b3597,fallenstararena_quarter_02_c29r19.tgm.header,Tiny.V6,26908705,264
1324068d8862a64d,fallenstararena_quarter_02_c29r2.tgm,Streaming/Content/data/balance/worldareas/BD/mapuberboss_fallenstar.vworld,11422482,54545
65ff265dbf3fb839,fallenstararena_quarter_02_c29r2.tgm.header,Tiny.VE,26840415,264
c3ef2734fc2ffdf7,fallenstararena_quarter_02_c29r20.tgm,Streaming/Content/data/balance/worldareas/E6/mapuberboss_fallenstar.vworld,8703624,54573
24eb358ea5b5dcf7,fallenstararena_quarter_02_c29r20.tgm.header,Tiny.VB,27090304,264
6929f8d86838f6e0,fallenstararena_quarter_02_c29r21.tgm,Tiny.V4,27211886,745
9f35f34cd0e566f7,fallenstararena_quarter_02_c29r21.tgm.header,Tiny.VA,27105575,264
a50459acaa382de0,fallenstararena_quarter_02_c29r22.tgm,Tiny.VB,27090568,601
f3497ef50fa3830b,fallenstararena_quarter_02_c29r22.tgm.header,Tiny.V4,27212631,264
74674a39b9493c31,fallenstararena_quarter_02_c29r23.tgm,Streaming/Content/data/balance/worldareas/9D/mapuberboss_fallenstar.vworld,5714406,54565
ae3f69866162bb0d,fallenstararena_quarter_02_c29r23.tgm.header,Tiny.V7,26849482,264
fefe32061d89f43b,fallenstararena_quarter_02_c29r24.tgm,Tiny.V9,27362866,543
ab06418d995c9919,fallenstararena_quarter_02_c29r24.tgm.header,Tiny.V6,26908969,264
586244aae52f61b5,fallenstararena_quarter_02_c29r25.tgm,Tiny.V6,26909233,659
5fbbfd13d2967fb7,fallenstararena_quarter_02_c29r25.tgm.header,Tiny.VE,26840679,264
18e989670aa806b0,fallenstararena_quarter_02_c29r26.tgm,Streaming/Content/data/balance/worldareas/0B/mapuberboss_fallenstar.vworld,552449,54577
bd5ca506ae510438,fallenstararena_quarter_02_c29r26.tgm.header,Tiny.V9,27363409,264
e5efd030da7ab8ea,fallenstararena_quarter_02_c29r27.tgm,Tiny.V9,27363673,739
9066ac73a036cca7,fallenstararena_quarter_02_c29r27.tgm.header,Tiny.V9,27364412,264
16490a5670a0b4c8,fallenstararena_quarter_02_c29r28.tgm,Tiny.V5,26480091,817
95a8031c420757d2,fallenstararena_quarter_02_c29r28.tgm.header,Tiny.VC,27064844,264
f2413f5dfc3caba1,fallenstararena_quarter_02_c29r29.tgm,Streaming/Content/data/balance/worldareas/1B/mapuberboss_fallenstar.vworld,851829,54263
5dca44cc49deea1c,fallenstararena_quarter_02_c29r29.tgm.header,Tiny.V9,27364676,264
8028ec2ae0400d33,fallenstararena_quarter_02_c29r3.tgm,Tiny.VF,27072038,627
afcde15f0e6b2534,fallenstararena_quarter_02_c29r3.tgm.header,Tiny.V2,27039868,264
1b535dbb4b918001,fallenstararena_quarter_02_c29r30.tgm,Tiny.VA,27105839,365
5b2643fae51195f6,fallenstararena_quarter_02_c29r30.tgm.header,Tiny.V6,26909892,264
9f9d2147c9d6dc62,fallenstararena_quarter_02_c29r31.tgm,Tiny.V9,27364940,325
aa415fa1acb93c65,fallenstararena_quarter_02_c29r31.tgm.header,Tiny.VC,27065108,264
7dfab95d9364bde8,fallenstararena_quarter_02_c29r32.tgm,Streaming/Content/data/balance/worldareas/C1/mapuberboss_fallenstar.vworld,5839159,54191
1d989bdd05b9bb00,fallenstararena_quarter_02_c29r32.tgm.header,Tiny.V8,26918274,264
d30009c60e72dc04,fallenstararena_quarter_02_c29r33.tgm,Tiny.V3,26738539,457
b04c258e18c095ab,fallenstararena_quarter_02_c29r33.tgm.header,Tiny.VA,27106204,264
f47825dee2cb126d,fallenstararena_quarter_02_c28r4.tgm,Tiny.V3,26737760,515
691815e16bd7a707,fallenstararena_quarter_02_c28r4.tgm.header,Tiny.V0,27184329,264
3fe960bcc764bff3,fallenstararena_quarter_02_c28r5.tgm,Tiny.VB,27088666,385
131834435bdc92fe,fallenstararena_quarter_02_c28r5.tgm.header,Tiny.VE,26838548,264
16de924656836e8b,fallenstararena_quarter_02_c28r6.tgm,Tiny.VE,26838812,471
bf3499614dea4230,fallenstararena_quarter_02_c28r6.tgm.header,Tiny.VC,27063882,264
6189183f5040617c,fallenstararena_quarter_02_c28r7.tgm,Tiny.VE,26839283,589
9e5b0fad3be96faa,fallenstararena_quarter_02_c28r7.tgm.header,Tiny.V7,26848121,264
cdd73fae397e7bf1,fallenstararena_quarter_02_c28r8.tgm,Tiny.V2,27039081,523
5c7944c683d30b93,fallenstararena_quarter_02_c28r8.tgm.header,Tiny.V9,27362602,264
ca4dd2389a03bf65,fallenstararena_quarter_02_c28r9.tgm,Tiny.VC,27064146,385
a40d9c24390e4644,fallenstararena_quarter_02_c28r9.tgm.header,Tiny.V6,26908441,264
5ac29a13974baefd,fallenstararena_quarter_02_c28r1.tgm,Tiny.V7,26845585,379
64ec2fa60f9325e8,fallenstararena_quarter_02_c28r1.tgm.header,Tiny.V5,26478468,264
8ea6b65e71027ad2,fallenstararena_quarter_02_c28r10.tgm,Tiny.VA,27104032,601
a9d86f9d1323c4ba,fallenstararena_quarter_02_c28r10.tgm.header,Tiny.V1,26867810,264
69c8f7976a378d93,fallenstararena_quarter_02_c28r11.tgm,Tiny.VA,27104633,391
617018b58ca4d96b,fallenstararena_quarter_02_c28r11.tgm.header,Tiny.V4,27209932,264
bdfced987b3a3c87,fallenstararena_quarter_02_c28r12.tgm,Tiny.V2,27037134,437
23c737a78be4fb0f,fallenstararena_quarter_02_c28r12.tgm.header,Tiny.V1,26868074,264
abf84311bd82d283,fallenstararena_quarter_02_c28r13.tgm,Tiny.V9,27360202,385
cb25b7333662a0a6,fallenstararena_quarter_02_c28r13.tgm.header,Tiny.VB,27087793,264
795b52ed444ffe70,fallenstararena_quarter_02_c28r14.tgm,Tiny.V9,27360587,417
b0359eba6660acfe,fallenstararena_quarter_02_c28r14.tgm.header,Tiny.VA,27105024,264
d6ebf29d6ac13592,fallenstararena_quarter_02_c28r15.tgm,Tiny.VB,27088057,345
d0a030cbcaec9726,fallenstararena_quarter_02_c28r15.tgm.header,Tiny.VD,26867324,264
7d33bf9ab4efb2df,fallenstararena_quarter_02_c28r16.tgm,Tiny.V8,26916425,495
95f6b729c7f5cff3,fallenstararena_quarter_02_c28r16.tgm.header,Tiny.VC,27062667,264
9c4271e73bc493ec,fallenstararena_quarter_02_c28r17.tgm,Tiny.V4,27210196,509
670fe1b9775fcfa7,fallenstararena_quarter_02_c28r17.tgm.header,Tiny.V7,26845964,264
a5a2c8c942711d65,fallenstararena_quarter_02_c28r18.tgm,Tiny.V9,27361004,753
6107134a644bdd05,fallenstararena_quarter_02_c28r18.tgm.header,Tiny.V4,27210705,264
ff70bc1ee1aa4e1c,fallenstararena_quarter_02_c28r19.tgm,Tiny.V7,26846228,655
115a18c380964297,fallenstararena_quarter_02_c28r19.tgm.header,Tiny.V6,26907344,264
ba1b4e34cc8eeefb,fallenstararena_quarter_02_c28r2.tgm,Tiny.V4,27210969,653
336b39fc8bcabd37,fallenstararena_quarter_02_c28r2.tgm.header,Tiny.V3,26735647,264
3c76b48042ebd05e,fallenstararena_quarter_02_c28r20.tgm,Tiny.VC,27062931,687
2314cb92610774c2,fallenstararena_quarter_02_c28r20.tgm.header,Tiny.V5,26478732,264
9729c6c6e4dcfaf7,fallenstararena_quarter_02_c28r21.tgm,Tiny.V3,26735911,437
8141a8bf0629f2d1,fallenstararena_quarter_02_c28r21.tgm.header,Tiny.V2,27155603,264
ae5f258fa2da0f4d,fallenstararena_quarter_02_c28r22.tgm,Tiny.V7,26846883,411
b4bf7928f0e5db65,fallenstararena_quarter_02_c28r22.tgm.header,Tiny.VE,26837669,264
67d28fde821aff73,fallenstararena_quarter_02_c28r23.tgm,Tiny.VF,27070413,569
e09c3f3dfd4d9f46,fallenstararena_quarter_02_c28r23.tgm.header,Tiny.V6,26907608,264
7aa4ef45f7e0baa9,fallenstararena_quarter_02_c28r24.tgm,Tiny.V7,26847294,563
57e5713eb947f2dc,fallenstararena_quarter_02_c28r24.tgm.header,Tiny.VF,27070982,264
8a7d564d3f18f305,fallenstararena_quarter_02_c28r25.tgm,Tiny.VE,26837933,615
8483f97bdd0875fc,fallenstararena_quarter_02_c28r25.tgm.header,Tiny.V4,27211622,264
1d63bd4323008b47,fallenstararena_quarter_02_c28r26.tgm,Tiny.V9,27361757,581
ea443bd655a912f7,fallenstararena_quarter_02_c28r26.tgm.header,Tiny.VF,27071246,264
7ef8e2daae2bc18b,fallenstararena_quarter_02_c28r27.tgm,Tiny.V6,26907872,569
238a11cdcd5d38b6,fallenstararena_quarter_02_c28r27.tgm.header,Tiny.VD,26867588,264
92527a0cd4b672e1,fallenstararena_quarter_02_c28r28.tgm,Tiny.V3,26736348,713
db1dd1f24bb35705,fallenstararena_quarter_02_c28r28.tgm.header,Tiny.VB,27088402,264
293c595b350604cc,fallenstararena_quarter_02_c28r29.tgm,Tiny.V2,27037571,529
cd851127038ee1bf,fallenstararena_quarter_02_c28r29.tgm.header,Tiny.V7,26847857,264
72def7a674a37367,fallenstararena_quarter_02_c28r3.tgm,Tiny.VD,26867852,581
4164cceca2f4eb4e,fallenstararena_quarter_02_c28r3.tgm.header,Tiny.V9,27362338,264
19bae6efa8d6f140,fallenstararena_quarter_02_c28r30.tgm,Tiny.V3,26737061,699
f96bf54223474003,fallenstararena_quarter_02_c28r30.tgm.header,Tiny.V2,27038100,264
c700565b82e9143f,fallenstararena_quarter_02_c28r31.tgm,Tiny.V2,27038364,717
b592256e71153015,fallenstararena_quarter_02_c28r31.tgm.header,Tiny.VF,27071510,264
b3be56d01eb2b681,fallenstararena_quarter_02_c28r32.tgm,Tiny.V1,26868338,509
7c6a4bdc7c8050de,fallenstararena_quarter_02_c28r32.tgm.header,Tiny.VC,27063618,264
e09dff6d87e80b30,fallenstararena_quarter_02_c28r33.tgm,Tiny.V0,27183384,945
dd7c093fd9786a37,fallenstararena_quarter_02_c28r33.tgm.header,Tiny.VD,26868433,264
f5c2d739be5b4b5a,fallenstararena_quarter_02_c27r4.tgm,Tiny.VF,27069824,589
a394675ff2f5ebd2,fallenstararena_quarter_02_c27r4.tgm.header,Tiny.V2,27036870,264
984a9daa4df7955d,fallenstararena_quarter_02_c27r5.tgm,Tiny.VE,26836724,681
5698f237c8de4ae2,fallenstararena_quarter_02_c27r5.tgm.header,Tiny.VE,26837405,264
9969166fc09e0ce0,fallenstararena_quarter_02_c27r6.tgm,Tiny.V8,26914569,785
97c744a2a142c7d7,fallenstararena_quarter_02_c27r6.tgm.header,Tiny.V1,26867546,264
326b420b1427d97a,fallenstararena_quarter_02_c27r7.tgm,Tiny.V8,26915354,543
2b64e31f01ef06e8,fallenstararena_quarter_02_c27r7.tgm.header,Tiny.V8,26915897,264
0c61170c213230d7,fallenstararena_quarter_02_c27r8.tgm,Tiny.VA,27103319,713
f44bca9249e53e82,fallenstararena_quarter_02_c27r8.tgm.header,Tiny.V8,26916161,264
d5b3f9f80423398d,fallenstararena_quarter_02_c27r9.tgm,Tiny.VB,27087178,615
d59aefd177726530,fallenstararena_quarter_02_c27r9.tgm.header,Tiny.V3,26735383,264
190f63b10b179a66,fallenstararena_quarter_02_c27r1.tgm,Tiny.V6,26906793,287
29bd5b407cf9fe1c,fallenstararena_quarter_02_c27r1.tgm.header,Tiny.V6,26907080,264
29f8722d040e8de8,fallenstararena_quarter_02_c27r10.tgm,Tiny.VF,27068564,653
7cd24e2daf3b6c4f,fallenstararena_quarter_02_c27r10.tgm.header,Tiny.VD,26867060,264
5ca3c1b0c7ff1983,fallenstararena_quarter_02_c27r11.tgm,Tiny.VE,26835600,693
c1cc94ec8d60b347,fallenstararena_quarter_02_c27r11.tgm.header,Tiny.VA,27101643,264
9c3151fc02474492,fallenstararena_quarter_02_c27r12.tgm,Tiny.VA,27101907,561
336f5521bf1da368,fallenstararena_quarter_02_c27r12.tgm.header,Tiny.V5,26477571,264
b064280adc1780b6,fallenstararena_quarter_02_c27r13.tgm,Tiny.VB,27085179,619
be11507f01993f95,fallenstararena_quarter_02_c27r13.tgm.header,Tiny.V9,27357076,264
0f5ba733daf4a749,fallenstararena_quarter_02_c27r14.tgm,Tiny.V0,27180657,561
79a169b1c8b1f147,fallenstararena_quarter_02_c27r14.tgm.header,Tiny.V3,26734572,264
8c9055e926f31ff7,fallenstararena_quarter_02_c27r15.tgm,Tiny.V4,27207941,681
32e5849103e78cb7,fallenstararena_quarter_02_c27r15.tgm.header,Tiny.VC,27061630,264
7883b5817e41c829,fallenstararena_quarter_02_c27r16.tgm,Tiny.V0,27181218,693
2f2229f04a0b58dd,fallenstararena_quarter_02_c27r16.tgm.header,Tiny.V1,26866303,264
d0ee6bb7a5e17ac8,fallenstararena_quarter_02_c27r17.tgm,Tiny.V5,26477835,633
6c7fc30186b0ca68,fallenstararena_quarter_02_c27r17.tgm.header,Tiny.V1,26866567,264
11385afb534a0af9,fallenstararena_quarter_02_c27r18.tgm,Tiny.V4,27208622,477
ed1c347bee044d1e,fallenstararena_quarter_02_c27r18.tgm.header,Tiny.V7,26843410,264
c544d192a43ef4cd,fallenstararena_quarter_02_c27r19.tgm,Tiny.V7,26843674,609
534784969b204bc2,fallenstararena_quarter_02_c27r19.tgm.header,Tiny.V7,26844283,264
45bd5d2f07f9ffc7,fallenstararena_quarter_02_c27r2.tgm,Tiny.V8,26912907,477
931beae8b6926503,fallenstararena_quarter_02_c27r2.tgm.header,Tiny.V4,27209099,264
397ca652aae5c851,fallenstararena_quarter_02_c27r20.tgm,Tiny.V1,26866831,451
d2cd370f1e3e8efe,fallenstararena_quarter_02_c27r20.tgm.header,Tiny.V0,27181911,264
2bc8be8cb035815e,fallenstararena_quarter_02_c27r21.tgm,Tiny.V3,26734836,547
88de8a6f2de681da,fallenstararena_quarter_02_c27r21.tgm.header,Tiny.V1,26867282,264
ecccf0734cb180d5,fallenstararena_quarter_02_c27r22.tgm,Tiny.VB,27085798,411
da1ddbc2e26ac4ba,fallenstararena_quarter_02_c27r22.tgm.header,Tiny.VA,27102468,264
603db387d63836f1,fallenstararena_quarter_02_c27r23.tgm,Tiny.V4,27209363,569
436572ecae3141ee,fallenstararena_quarter_02_c27r23.tgm.header,Tiny.V0,27182175,264
639c0224a919a7d6,fallenstararena_quarter_02_c27r24.tgm,Tiny.V9,27357340,883
0b76da5f6f86bb75,fallenstararena_quarter_02_c27r24.tgm.header,Tiny.V2,27036606,264
4a2922f3afe53641,fallenstararena_quarter_02_c27r25.tgm,Tiny.V7,26844547,489
aada4c7554d11bd7,fallenstararena_quarter_02_c27r25.tgm.header,Tiny.V0,27182439,264
0fb99270aa0cbc60,fallenstararena_quarter_02_c27r26.tgm,Tiny.VC,27061894,509
6d1f66a3e4cfc81c,fallenstararena_quarter_02_c27r26.tgm.header,Tiny.VC,27062403,264
f3c3480828a8602b,fallenstararena_quarter_02_c27r27.tgm,Tiny.V0,27182703,417
9a44e70a4047e918,fallenstararena_quarter_02_c27r27.tgm.header,Tiny.V9,27358223,264
35f69005277f7970,fallenstararena_quarter_02_c27r28.tgm,Tiny.V7,26845036,549
a05a677579215ca3,fallenstararena_quarter_02_c27r28.tgm.header,Tiny.VB,27086209,264
87e2d623bb99f66f,fallenstararena_quarter_02_c27r29.tgm,Tiny.V9,27358487,659
47b527e513867735,fallenstararena_quarter_02_c27r29.tgm.header,Tiny.V9,27359146,264
f4cb6ff4466c7c56,fallenstararena_quarter_02_c27r3.tgm,Tiny.VE,26836293,431
355cf565d74c9b4b,fallenstararena_quarter_02_c27r3.tgm.header,Tiny.V9,27359410,264
a6d38d6c3a0dc608,fallenstararena_quarter_02_c27r30.tgm,Tiny.VB,27086473,705
d697919441480fc3,fallenstararena_quarter_02_c27r30.tgm.header,Tiny.V9,27359674,264
6321a3758c2c3e55,fallenstararena_quarter_02_c27r31.tgm,Tiny.VA,27102732,587
69ec754984b297c5,fallenstararena_quarter_02_c27r31.tgm.header,Tiny.V0,27183120,264
8fb6f42cfa14a093,fallenstararena_quarter_02_c27r32.tgm,Tiny.VF,27069217,607
1ee087e70ebe0554,fallenstararena_quarter_02_c27r32.tgm.header,Tiny.V8,26913384,264
ab5964163775dc07,fallenstararena_quarter_02_c27r33.tgm,Tiny.V8,26913648,921
055573746afc8fa9,fallenstararena_quarter_02_c27r33.tgm.header,Tiny.V9,27359938,264
da41b30c305a006a,fallenstararena_quarter_02_c26r4.tgm,Tiny.V6,26906034,759
0bf607be9653f851,fallenstararena_quarter_02_c26r4.tgm.header,Tiny.VA,27101379,264
a96886155e2366ce,fallenstararena_quarter_02_c26r5.tgm,Streaming/Content/data/balance/worldareas/87/g3_1.vworld,321547,54579
4cd624f8be8e958b,fallenstararena_quarter_02_c26r5.tgm.header,Tiny.VE,26835072,264
ba45aed279f265aa,fallenstararena_quarter_02_c26r6.tgm,Tiny.VB,27084326,589
8fee23c70e658ed5,fallenstararena_quarter_02_c26r6.tgm.header,Tiny.VE,26835336,264
31a92b0b3cc3ba9e,fallenstararena_quarter_02_c26r7.tgm,Tiny.V5,26477146,425
e841856896e5b8a8,fallenstararena_quarter_02_c26r7.tgm.header,Tiny.VA,27281266,264
3d93b785dcf3c043,fallenstararena_quarter_02_c26r8.tgm,Streaming/Content/data/balance/worldareas/30/mapgreenhouse.vworld,353011,54481
9528622c9bfa5858,fallenstararena_quarter_02_c26r8.tgm.header,Tiny.VB,27084915,264
e652ca1dcdcfc061,fallenstararena_quarter_02_c26r9.tgm,Tiny.VC,27061113,517
56c397461dd09892,fallenstararena_quarter_02_c26r9.tgm.header,Tiny.VE,26896554,264
851399014e93021f,fallenstararena_quarter_02_c26r1.tgm,Tiny.V2,27034868,379
6fed395c0e017b39,fallenstararena_quarter_02_c26r1.tgm.header,Tiny.V0,27177872,264
85a1f73888d7b69b,fallenstararena_quarter_02_c26r10.tgm,Tiny.V0,27178136,851
8a0675e4ae1bab0a,fallenstararena_quarter_02_c26r10.tgm.header,Tiny.V9,27355537,264
0bc30b17ddc31f33,fallenstararena_quarter_02_c26r11.tgm,Streaming/Content/data/balance/worldareas/E6/mapuberboss_fallenstar.vworld,8649203,54421
18dd0990e82764f5,fallenstararena_quarter_02_c26r11.tgm.header,Tiny.V2,27035247,264
b2d1ed0b259b1fc9,fallenstararena_quarter_02_c26r12.tgm,Tiny.V3,26734167,405
d3ce7fc563706f23,fallenstararena_quarter_02_c26r12.tgm.header,Tiny.V7,26842354,264
8e477faa8b008cf8,fallenstararena_quarter_02_c26r13.tgm,Tiny.VD,26865085,549
8383683725ec158a,fallenstararena_quarter_02_c26r13.tgm.header,Tiny.V9,27355801,264
be3aa7b1978cb829,fallenstararena_quarter_02_c26r14.tgm,Streaming/Content/data/balance/worldareas/18/mapuberboss_fallenstar.vworld,6924392,54559
55b4f661d37db06e,fallenstararena_quarter_02_c26r14.tgm.header,Tiny.V6,26905506,264
77b16535e3473be5,fallenstararena_quarter_02_c26r15.tgm,Tiny.V2,27035511,831
d5f1cfe1fcefff06,fallenstararena_quarter_02_c26r15.tgm.header,Tiny.VE,26833000,264
78bf1e82c9e333f5,fallenstararena_quarter_02_c26r16.tgm,Tiny.VC,27060234,615
20767293acf53c38,fallenstararena_quarter_02_c26r16.tgm.header,Tiny.V4,27207413,264
02ae40117e214c59,fallenstararena_quarter_02_c26r17.tgm,Streaming/Content/data/balance/worldareas/B7/mapuberboss_fallenstar.vworld,1033673,54507
186bab65219e8f57,fallenstararena_quarter_02_c26r17.tgm.header,Tiny.V7,26842618,264
aa4badf0623ae98a,fallenstararena_quarter_02_c26r18.tgm,Tiny.VF,27066013,543
46e5a766ec7a9b96,fallenstararena_quarter_02_c26r18.tgm.header,Tiny.V6,26905770,264
79be7d953d77f341,fallenstararena_quarter_02_c26r19.tgm,Tiny.VA,27100264,851
fbde599543f54a8b,fallenstararena_quarter_02_c26r19.tgm.header,Tiny.V7,26842882,264
bb8ba2eb1735ee3d,fallenstararena_quarter_02_c26r2.tgm,Streaming/Content/data/balance/worldareas/88/mapuberboss_fallenstar.vworld,860866,54841
00d3f646a7d8ae08,fallenstararena_quarter_02_c26r2.tgm.header,Tiny.V1,26865775,264
1bc7b076b06d3e80,fallenstararena_quarter_02_c26r20.tgm,Streaming/Content/data/balance/worldareas/79/mapuberboss_fallenstar.vworld,11209065,54757
dda34a143eec5f1c,fallenstararena_quarter_02_c26r20.tgm.header,Tiny.VA,27101115,264
21c2c96c7784a797,fallenstararena_quarter_02_c26r21.tgm,Tiny.VD,26865634,785
bad6b1d8486be140,fallenstararena_quarter_02_c26r21.tgm.header,Tiny.VF,27066556,264
28d8063dc5f3ed97,fallenstararena_quarter_02_c26r22.tgm,Tiny.VF,27066820,877
05c4797d07a2e045,fallenstararena_quarter_02_c26r22.tgm.header,Tiny.V9,27356065,264
a813316cd03f7b68,fallenstararena_quarter_02_c26r23.tgm,Streaming/Content/data/balance/worldareas/1A/mapuberboss_fallenstar.vworld,764528,54987
786bf92ad85eda32,fallenstararena_quarter_02_c26r23.tgm.header,Tiny.V4,27207677,264
17b71d11b2fc0057,fallenstararena_quarter_02_c26r24.tgm,Tiny.VE,26833264,1213
23c2ec919a935216,fallenstararena_quarter_02_c26r24.tgm.header,Tiny.VC,27060849,264
cbec6b84ddd6e7c4,fallenstararena_quarter_02_c26r25.tgm,Tiny.VE,26834477,595
f9dbedd4b8f5ab07,fallenstararena_quarter_02_c26r25.tgm.header,Tiny.V5,26476201,264
b66806e26f45958a,fallenstararena_quarter_02_c26r26.tgm,Streaming/Content/data/balance/worldareas/0F/mapuberboss_fallenstar.vworld,1528278,54343
3ee1f49c3418a3bf,fallenstararena_quarter_02_c26r26.tgm.header,Tiny.VF,27067697,264
1ed41ac3a53e037d,fallenstararena_quarter_02_c26r27.tgm,Tiny.V9,27356329,483
54ca15c7cf015fda,fallenstararena_quarter_02_c26r27.tgm.header,Tiny.V7,26843146,264
436e0dc195898f50,fallenstararena_quarter_02_c26r28.tgm,Tiny.V0,27178987,661
80370e0f8a2a9d48,fallenstararena_quarter_02_c26r28.tgm.header,Tiny.VF,27067961,264
971af041681571d5,fallenstararena_quarter_02_c26r29.tgm,Streaming/Content/data/balance/worldareas/E5/mapuberboss_fallenstar.vworld,8617540,54441
67fdf0d9b1a145c5,fallenstararena_quarter_02_c26r29.tgm.header,Tiny.V1,26866039,264
94798815eae697cc,fallenstararena_quarter_02_c26r3.tgm,Tiny.V5,26476465,681
9d048e5d211798fe,fallenstararena_quarter_02_c26r3.tgm.header,Tiny.VB,27084062,264
3fe302b8323ecf55,fallenstararena_quarter_02_c26r30.tgm,Tiny.VF,27068225,339
ca32ef52e039dc40,fallenstararena_quarter_02_c26r30.tgm.header,Tiny.V0,27179648,264
6f3810ae26c14a00,fallenstararena_quarter_02_c26r31.tgm,Tiny.V0,27179912,481
379226e3895d9457,fallenstararena_quarter_02_c26r31.tgm.header,Tiny.V0,27180393,264
41effd77c0a03dd5,fallenstararena_quarter_02_c26r32.tgm,Streaming/Content/data/balance/worldareas/AC/mapuberboss_fallenstar.vworld,8623110,54329
3b1b6b9a4408057f,fallenstararena_quarter_02_c26r32.tgm.header,Tiny.V9,27356812,264
a7f859c300e16d00,fallenstararena_quarter_02_c26r33.tgm,Tiny.VD,26866419,641
afeff54ab60c915e,fallenstararena_quarter_02_c26r33.tgm.header,Tiny.V2,27036342,264
ff07c438626a03d1,fallenstararena_quarter_02_c25r4.tgm,Tiny.V3,26733710,457
06a1e7bfd6d518a1,fallenstararena_quarter_02_c25r4.tgm.header,Tiny.V1,26865511,264
94b31e38f510deda,fallenstararena_quarter_02_c25r5.tgm,Tiny.VE,26832451,549
c5e8290b05dffa7c,fallenstararena_quarter_02_c25r5.tgm.header,Tiny.V6,26905242,264
8666a4f162dfdb84,fallenstararena_quarter_02_c25r6.tgm,Tiny.V2,27034325,543
272edc219c04690f,fallenstararena_quarter_02_c25r6.tgm.header,Tiny.V4,27399147,264
a221dc7005c4b8b3,fallenstararena_quarter_02_c25r7.tgm,Tiny.VB,27082648,851
4d466214e552852a,fallenstararena_quarter_02_c25r7.tgm.header,Tiny.V0,27331958,264
9471e5a2a562be1b,fallenstararena_quarter_02_c25r8.tgm,Tiny.VC,27059257,977
cb24d62ca62ffc8b,fallenstararena_quarter_02_c25r8.tgm.header,Tiny.V5,26475937,264
96324595d51f68dd,fallenstararena_quarter_02_c25r9.tgm,Tiny.VB,27083499,563
d314bfc4c37c5214,fallenstararena_quarter_02_c25r9.tgm.header,Tiny.V6,27014287,264
68048c3c8487aa01,fallenstararena_quarter_02_c25r1.tgm,Tiny.V3,26729823,1011
12da1dbf547fae5c,fallenstararena_quarter_02_c25r1.tgm.header,Tiny.V8,26910561,264
075f81a8000a6b3a,fallenstararena_quarter_02_c25r10.tgm,Tiny.V8,26910825,957
1171cfe300890fbb,fallenstararena_quarter_02_c25r10.tgm.header,Tiny.V6,26902576,264
093c8799424c7824,fallenstararena_quarter_02_c25r11.tgm,Tiny.VE,26830523,753
05bd6114608c6bac,fallenstararena_quarter_02_c25r11.tgm.header,Tiny.V8,26911782,264
5c41bf1782255838,fallenstararena_quarter_02_c25r12.tgm,Tiny.V5,26472124,661
b13b9682d87d23d2,fallenstararena_quarter_02_c25r12.tgm.header,Tiny.V6,26902840,264
ee7b34f1c6b9f733,fallenstararena_quarter_02_c25r13.tgm,Tiny.V5,26472785,739
9a56eb94f5e49308,fallenstararena_quarter_02_c25r13.tgm.header,Tiny.VA,27098618,264
4795f53733853eff,fallenstararena_quarter_02_c25r14.tgm,Tiny.V1,26863669,563
1a6ff06cfd0b8c20,fallenstararena_quarter_02_c25r14.tgm.header,Tiny.V8,26912046,264
d400c1749f5bb205,fallenstararena_quarter_02_c25r15.tgm,Tiny.V3,26730834,569
159b8abdb51b8757,fallenstararena_quarter_02_c25r15.tgm.header,Tiny.VB,27082384,264
ac0360202ded52b4,fallenstararena_quarter_02_c25r16.tgm,Tiny.V5,26473524,701
05c1de7dad93a056,fallenstararena_quarter_02_c25r16.tgm.header,Tiny.V5,26474225,264
5a5a16234b0ce432,fallenstararena_quarter_02_c25r17.tgm,Tiny.VE,26831276,647
d0a24e7fedbe8ed6,fallenstararena_quarter_02_c25r17.tgm.header,Tiny.VC,27057776,264
7a9a9f408de3acba,fallenstararena_quarter_02_c25r18.tgm,Tiny.V3,26731403,569
50fe9d822e0bdea2,fallenstararena_quarter_02_c25r18.tgm.header,Tiny.V6,26903104,264
d78b53273089412f,fallenstararena_quarter_02_c25r19.tgm,Tiny.V0,27176310,471
1abd481101771883,fallenstararena_quarter_02_c25r19.tgm.header,Tiny.V2,27034061,264
dfd9b2bc91e7f3fc,fallenstararena_quarter_02_c25r2.tgm,Tiny.V6,26903368,845
edbd1858d2c660d7,fallenstararena_quarter_02_c25r2.tgm.header,Tiny.V8,26912310,264
7486c80a053d438a,fallenstararena_quarter_02_c25r20.tgm,Tiny.VD,26863150,569
50d6ec7d3e119ca7,fallenstararena_quarter_02_c25r20.tgm.header,Tiny.V3,26731972,264
fce1ab284c3b444e,fallenstararena_quarter_02_c25r21.tgm,Tiny.VD,26863719,661
777430843fef76e4,fallenstararena_quarter_02_c25r21.tgm.header,Tiny.VA,27098882,264
eb4842bf89ace0bc,fallenstararena_quarter_02_c25r22.tgm,Tiny.V5,26474489,635
a0bf8cb7f36a1e96,fallenstararena_quarter_02_c25r22.tgm.header,Tiny.V6,26904213,264
6b92ceaf0d973a6d,fallenstararena_quarter_02_c25r23.tgm,Tiny.V0,27176781,563
aeca3d9c6027d59a,fallenstararena_quarter_02_c25r23.tgm.header,Tiny.V1,26864232,264
d98d5c821b8ca853,fallenstararena_quarter_02_c25r24.tgm,Tiny.V8,26912574,333
edfb9e2800e9f86f,fallenstararena_quarter_02_c25r24.tgm.header,Tiny.V3,26732236,264
513a6f5edc32009c,fallenstararena_quarter_02_c25r25.tgm,Tiny.VA,27099146,529
27a16dacb489f7e1,fallenstararena_quarter_02_c25r25.tgm.header,Tiny.VA,27099675,264
403c1b8f9c2c9a0a,fallenstararena_quarter_02_c25r26.tgm,Tiny.V4,27206680,733
493d2de4d604ccd4,fallenstararena_quarter_02_c25r26.tgm.header,Tiny.V0,27177344,264
5e413fb186303a82,fallenstararena_quarter_02_c25r27.tgm,Tiny.V6,26904477,765
d4885a64b8b8f0be,fallenstararena_quarter_02_c25r27.tgm.header,Tiny.VE,26831923,264
6faf91394e5f8b11,fallenstararena_quarter_02_c25r28.tgm,Tiny.VD,26864380,705
c4ff42112048e269,fallenstararena_quarter_02_c25r28.tgm.header,Tiny.V3,26732500,264
ece9ea91545b6c6f,fallenstararena_quarter_02_c25r29.tgm,Tiny.V5,26475124,549
e66dea5f151a825d,fallenstararena_quarter_02_c25r29.tgm.header,Tiny.V0,27177608,264
9429d1351bca2fc2,fallenstararena_quarter_02_c25r3.tgm,Tiny.V3,26732764,451
3df2389ecdba9082,fallenstararena_quarter_02_c25r3.tgm.header,Tiny.VC,27058040,264
55b633e6117c5864,fallenstararena_quarter_02_c25r30.tgm,Tiny.V1,26864496,751
44430e56b247a1af,fallenstararena_quarter_02_c25r30.tgm.header,Tiny.VE,26832187,264
5b351c54e735ffa2,fallenstararena_quarter_02_c25r31.tgm,Tiny.V3,26733215,495
ee88fb068b569f76,fallenstararena_quarter_02_c25r31.tgm.header,Tiny.V5,26475673,264
bc1d32b2fa64a433,fallenstararena_quarter_02_c25r32.tgm,Tiny.VA,27099939,325
526406cd6fa6e679,fallenstararena_quarter_02_c25r32.tgm.header,Tiny.V1,26865247,264
f52e2d98696227d7,fallenstararena_quarter_02_c25r33.tgm,Tiny.VC,27058304,953
94fa721e5fc94824,fallenstararena_quarter_02_c25r33.tgm.header,Tiny.V7,26842090,264
cafe91fd85c7f274,fallenstararena_quarter_02_c24r4.tgm,Tiny.V5,26470021,2103
99f3b2709d3b5d20,fallenstararena_quarter_02_c24r4.tgm.header,Tiny.V4,27203851,264
c4e80c0db1c0fe28,fallenstararena_quarter_02_c24r5.tgm,Tiny.V2,27029625,1815
2ad4b96e42bdd763,fallenstararena_quarter_02_c24r5.tgm.header,Tiny.V4,27204115,264
8135c1419e5b48ac,fallenstararena_quarter_02_c24r6.tgm,Tiny.V4,27204379,2037
565fde3c262f7c74,fallenstararena_quarter_02_c24r6.tgm.header,Tiny.V4,27206416,264
c7be0124d28a1016,fallenstararena_quarter_02_c24r7.tgm,Tiny.V2,27031440,2621
207d092cfa2714cb,fallenstararena_quarter_02_c24r7.tgm.header,Tiny.VD,26862886,264
4dd926ca5fc52cb9,fallenstararena_quarter_02_c24r8.tgm,Tiny.V0,27173933,2377
7a7dd1790b5ae18a,fallenstararena_quarter_02_c24r8.tgm.header,Tiny.VC,27057512,264
0612b5edfcdb82a3,fallenstararena_quarter_02_c24r9.tgm,Tiny.VE,26829336,1187
ebe3339d8c78fd57,fallenstararena_quarter_02_c24r9.tgm.header,Tiny.V7,26841826,264
406c0e5c96928a2b,fallenstararena_quarter_02_c24r1.tgm,Tiny.V6,26899390,2781
c81fd138b69d4424,fallenstararena_quarter_02_c24r1.tgm.header,Tiny.V2,27026148,264
2c447507abd14b5e,fallenstararena_quarter_02_c24r10.tgm,Tiny.V2,27026412,517
8dd9f344e22dd637,fallenstararena_quarter_02_c24r10.tgm.header,Tiny.VE,26896554,264
4ff301dec0e894fa,fallenstararena_quarter_02_c24r11.tgm,Tiny.V7,26837237,621
697079ee9fb7cb83,fallenstararena_quarter_02_c24r11.tgm.header,Tiny.V0,27173152,264
0edcf8f4ab1419ee,fallenstararena_quarter_02_c24r12.tgm,Tiny.VF,27065232,517
7bd065dca75bab18,fallenstararena_quarter_02_c24r12.tgm.header,Tiny.V8,26909562,264
3047bb9fa861aa2b,fallenstararena_quarter_02_c24r13.tgm,Tiny.VA,27093652,471
6727c02ffac44e5d,fallenstararena_quarter_02_c24r13.tgm.header,Tiny.VA,27094123,264
1972401cb8466a1b,fallenstararena_quarter_02_c24r14.tgm,Tiny.V3,26727858,333
11ea9c892f2ef8af,fallenstararena_quarter_02_c24r14.tgm.header,Tiny.V3,26728191,264
3883fc3eb9532d8c,fallenstararena_quarter_02_c24r15.tgm,Tiny.V1,26862770,635
afcd45df3b11bb9a,fallenstararena_quarter_02_c24r15.tgm.header,Tiny.VC,27056377,264
28a9e807db46a1b6,fallenstararena_quarter_02_c24r16.tgm,Tiny.VA,27094387,517
8ea67d9655e4b8c8,fallenstararena_quarter_02_c24r16.tgm.header,Tiny.V2,27026929,264
307af5137162c9f6,fallenstararena_quarter_02_c24r17.tgm,Tiny.V8,26909826,471
4354db8064521513,fallenstararena_quarter_02_c24r17.tgm.header,Tiny.VB,27080468,264
22e768278a4e973c,fallenstararena_quarter_02_c24r18.tgm,Tiny.VB,27080732,707
51dbbe42aac09505,fallenstararena_quarter_02_c24r18.tgm.header,Tiny.V4,27202604,264
c80dc893e7f98c5a,fallenstararena_quarter_02_c24r19.tgm,Tiny.V3,26728455,661
7cda78db8024173b,fallenstararena_quarter_02_c24r19.tgm.header,Tiny.V5,26469493,264
ffd52ccd19461c8f,fallenstararena_quarter_02_c24r2.tgm,Tiny.V7,26837858,2837
940890f36ccdeaa4,fallenstararena_quarter_02_c24r2.tgm.header,Tiny.V1,26863405,264
085d47166edc7617,fallenstararena_quarter_02_c24r20.tgm,Tiny.VA,27094904,805
74fb2ac53fb29ac4,fallenstararena_quarter_02_c24r20.tgm.header,Tiny.V8,26910297,264
ca1f6ccf6c67d83c,fallenstararena_quarter_02_c24r21.tgm,Tiny.V0,27173416,517
1cc96d6144a02439,fallenstararena_quarter_02_c24r21.tgm.header,Tiny.V2,27027193,264
650a560c02d2fde1,fallenstararena_quarter_02_c24r22.tgm,Tiny.V6,26902171,405
39a867edce7fd2c4,fallenstararena_quarter_02_c24r22.tgm.header,Tiny.V7,26840695,264
c2f63901cf204cf9,fallenstararena_quarter_02_c24r23.tgm,Tiny.V3,26729116,707
f2a27167b4237f7c,fallenstararena_quarter_02_c24r23.tgm.header,Tiny.VF,27065749,264
6558394c5c8b4d71,fallenstararena_quarter_02_c24r24.tgm,Tiny.V9,27354043,773
1f71bd27a7675303,fallenstararena_quarter_02_c24r24.tgm.header,Tiny.V2,27027457,264
59558660a7cf8871,fallenstararena_quarter_02_c24r25.tgm,Tiny.VC,27056641,871
480fec8fced990fd,fallenstararena_quarter_02_c24r25.tgm.header,Tiny.VB,27081439,264
148e4e2f621b1258,fallenstararena_quarter_02_c24r26.tgm,Tiny.V4,27202868,719
fe60c1b7f394f816,fallenstararena_quarter_02_c24r26.tgm.header,Tiny.V7,26840959,264
b441cbcaf645fdb4,fallenstararena_quarter_02_c24r27.tgm,Tiny.VE,26828238,457
7120e271921fbcc5,fallenstararena_quarter_02_c24r27.tgm.header,Tiny.V5,26469757,264
f0c7bceaa27ae00b,fallenstararena_quarter_02_c24r28.tgm,Tiny.V7,26841223,339
c558e8f810b28b8b,fallenstararena_quarter_02_c24r28.tgm.header,Tiny.VD,26862358,264
2a36e70454bd36b7,fallenstararena_quarter_02_c24r29.tgm,Tiny.VE,26828695,641
ce5f110ca34cda69,fallenstararena_quarter_02_c24r29.tgm.header,Tiny.VD,26862622,264
97c6fe9ed05b2f9f,fallenstararena_quarter_02_c24r3.tgm,Tiny.VA,27095709,2645
4a5279b78cc31218,fallenstararena_quarter_02_c24r3.tgm.header,Tiny.VA,27098354,264
e829b4db1dcf4eed,fallenstararena_quarter_02_c24r30.tgm,Tiny.V2,27027721,791
21dbe58be57a839d,fallenstararena_quarter_02_c24r30.tgm.header,Tiny.V4,27203587,264
a62e40495f7e3ba3,fallenstararena_quarter_02_c24r31.tgm,Tiny.VB,27081703,417
b18067fd2cf155f7,fallenstararena_quarter_02_c24r31.tgm.header,Tiny.V9,27354816,264
bf8caa3b3cdcae83,fallenstararena_quarter_02_c24r32.tgm,Tiny.V9,27355080,457
3d35978ff95a8ccb,fallenstararena_quarter_02_c24r32.tgm.header,Tiny.VB,27082120,264
cd7f092e73e9eba2,fallenstararena_quarter_02_c24r33.tgm,Tiny.V2,27028512,1113
8a7a07193c183a7f,fallenstararena_quarter_02_c24r33.tgm.header,Tiny.V7,26841562,264
214501d571b2067d,fallenstararena_quarter_02_c23r4.tgm,Tiny.V8,26906301,3261
6a12b7207d7e7124,fallenstararena_quarter_02_c23r4.tgm.header,Tiny.V2,27021903,264
fc9abcaeae92e816,fallenstararena_quarter_02_c23r5.tgm,Streaming/Content/data/balance/worldareas/B6/mapuberboss_fallenstar.vworld,6626614,63235
217316f27c517996,fallenstararena_quarter_02_c23r5.tgm.header,Tiny.V3,26727330,264
802dc040a81b8e34,fallenstararena_quarter_02_c23r6.tgm,Tiny.V6,26895481,3909
cd155f4b2aaa61b4,fallenstararena_quarter_02_c23r6.tgm.header,Tiny.V0,27172888,264
2cc7267f2a39a762,fallenstararena_quarter_02_c23r7.tgm,Tiny.V2,27022167,3981
a42496d90b7bb5b2,fallenstararena_quarter_02_c23r7.tgm.header,Tiny.V3,26727594,264
c7ea14778e07a2de,fallenstararena_quarter_02_c23r8.tgm,Streaming/Content/data/balance/worldareas/BB/mapuberboss_fallenstar.vworld,2314991,63889
3730b1e0d35ed483,fallenstararena_quarter_02_c23r8.tgm.header,Tiny.V4,27202076,264
e95386b149ad947e,fallenstararena_quarter_02_c23r9.tgm,Tiny.VB,27077047,3421
3aa790462349b6a0,fallenstararena_quarter_02_c23r9.tgm.header,Tiny.V4,27202340,264
a691fc11c4874877,fallenstararena_quarter_02_c23r1.tgm,Tiny.VC,27050606,2893
2143e8cb53b77ef0,fallenstararena_quarter_02_c23r1.tgm.header,Tiny.V9,27353779,264
f056e522145323a3,fallenstararena_quarter_02_c23r10.tgm,Tiny.VC,27053499,1741
3ee28c8d849676cf,fallenstararena_quarter_02_c23r10.tgm.header,Tiny.V1,26861095,264
bbb500218ae4b5eb,fallenstararena_quarter_02_c23r11.tgm,Streaming/Content/data/balance/worldareas/1F/mapuberboss_fallenstar.vworld,1628085,54723
c44781f698e5ccb2,fallenstararena_quarter_02_c23r11.tgm.header,Tiny.V8,26905008,264
6c744881a98eadee,fallenstararena_quarter_02_c23r12.tgm,Tiny.VE,26823496,661
2d277a138acf87ef,fallenstararena_quarter_02_c23r12.tgm.header,Tiny.VA,27093388,264
bc45960568716912,fallenstararena_quarter_02_c23r13.tgm,Tiny.V8,26905272,765
8fd0c0239a50bcc4,fallenstararena_quarter_02_c23r13.tgm.header,Tiny.VE,26824157,264
59a9d55893f74586,fallenstararena_quarter_02_c23r14.tgm,Streaming/Content/data/balance/worldareas/DA/mapuberboss_fallenstar.vworld,566842,54381
aeee731f308072c3,fallenstararena_quarter_02_c23r14.tgm.header,Tiny.VF,27064075,264
ccaf7d8f2cfbf194,fallenstararena_quarter_02_c23r15.tgm,Tiny.V1,26861359,883
dec8a407e81df39d,fallenstararena_quarter_02_c23r15.tgm.header,Tiny.VC,27055240,264
66e4ab1548fa9def,fallenstararena_quarter_02_c23r16.tgm,Tiny.V3,26725983,819
78f491d199752ce9,fallenstararena_quarter_02_c23r16.tgm.header,Tiny.VB,27076168,264
94e39b11fbd42014,fallenstararena_quarter_02_c23r17.tgm,Streaming/Content/data/balance/worldareas/E6/mapuberboss_fallenstar.vworld,8594532,54671
d3300ca1d8844ef9,fallenstararena_quarter_02_c23r17.tgm.header,Tiny.VF,27064339,264
9f48d47b6281258b,fallenstararena_quarter_02_c23r18.tgm,Tiny.V6,26893145,693
eb2b699e9c25acc1,fallenstararena_quarter_02_c23r18.tgm.header,Tiny.VD,26860753,264
ad89a319b6128689,fallenstararena_quarter_02_c23r19.tgm,Tiny.V6,26893838,609
f1f4c7b8bcc1f335,fallenstararena_quarter_02_c23r19.tgm.header,Tiny.VD,26861017,264
c1ac8b161da7594a,fallenstararena_quarter_02_c23r2.tgm,Streaming/Content/data/balance/worldareas/59/mapuberboss_fallenstar.vworld,8894233,63443
17935c1439eefc08,fallenstararena_quarter_02_c23r2.tgm.header,Tiny.V1,26862242,264
a0bf67e67ffa2d3f,fallenstararena_quarter_02_c23r20.tgm,Streaming/Content/data/balance/worldareas/09/mapuberboss_fallenstar.vworld,575915,54619
fe97f370383f9383,fallenstararena_quarter_02_c23r20.tgm.header,Tiny.V2,27021375,264
d79a2ed1900436c1,fallenstararena_quarter_02_c23r21.tgm,Tiny.VC,27055504,609
1a4d5fed9a18f580,fallenstararena_quarter_02_c23r21.tgm.header,Tiny.V3,26726802,264
6b6772e2926041d4,fallenstararena_quarter_02_c23r22.tgm,Tiny.V4,27201099,713
d2c884e0698a402a,fallenstararena_quarter_02_c23r22.tgm.header,Tiny.V8,26906037,264
e8e10685c4a148e7,fallenstararena_quarter_02_c23r23.tgm,Streaming/Content/data/balance/worldareas/40/g4_8a.vworld,549234,54597
5b0309427f9c45d1,fallenstararena_quarter_02_c23r23.tgm.header,Tiny.V2,27021639,264
b165c17fc8d53a04,fallenstararena_quarter_02_c23r24.tgm,Tiny.VD,26861281,549
083f92bb25dc4b07,fallenstararena_quarter_02_c23r24.tgm.header,Tiny.V1,26862506,264
1248c7a83043893b,fallenstararena_quarter_02_c23r25.tgm,Tiny.VB,27076432,615
bdfb7a9b6216394f,fallenstararena_quarter_02_c23r25.tgm.header,Tiny.VF,27064603,264
aa7c5c735acb5dff,fallenstararena_quarter_02_c23r26.tgm,Streaming/Content/data/balance/worldareas/CA/mapuberboss_fallenstar.vworld,6165419,54461
076bd57f7b53b910,fallenstararena_quarter_02_c23r26.tgm.header,Tiny.V3,26727066,264
d0bd5c0a4195e5d0,fallenstararena_quarter_02_c23r27.tgm,Tiny.V7,26836610,627
8bacb50c17074f2b,fallenstararena_quarter_02_c23r27.tgm.header,Tiny.V4,27201812,264
a1b589d9849ac894,fallenstararena_quarter_02_c23r28.tgm,Tiny.V6,26894447,471
b5d17feeeaa9296e,fallenstararena_quarter_02_c23r28.tgm.header,Tiny.VE,26824421,264
6306c54c7345f441,fallenstararena_quarter_02_c23r29.tgm,Streaming/Content/data/balance/worldareas/6F/delirium_hungerboss.vworld,365982,54441
95457e33fab9dac4,fallenstararena_quarter_02_c23r29.tgm.header,Tiny.VC,27056113,264
cbfdf037b4c4779e,fallenstararena_quarter_02_c23r3.tgm,Tiny.VE,26824685,3553
bf7ee752caebad93,fallenstararena_quarter_02_c23r3.tgm.header,Tiny.VD,26861830,264
8995112157312684,fallenstararena_quarter_02_c23r30.tgm,Tiny.V6,26894918,299
b3cf1b8dc7aba121,fallenstararena_quarter_02_c23r30.tgm.header,Tiny.V6,26895217,264
9f5260073841d378,fallenstararena_quarter_02_c23r31.tgm,Tiny.VF,27064867,365
ff5e267e09e0ff98,fallenstararena_quarter_02_c23r31.tgm.header,Tiny.V0,27172624,264
f5afb835a9136271,fallenstararena_quarter_02_c23r32.tgm,Streaming/Content/data/balance/worldareas/7E/mapuberboss_fallenstar.vworld,5209113,54545
d6b12804c87c2dd7,fallenstararena_quarter_02_c23r32.tgm.header,Tiny.V5,26468364,264
9edcaca63e0c057a,fallenstararena_quarter_02_c23r33.tgm,Tiny.V5,26468628,865
a6f0a5ce85779887,fallenstararena_quarter_02_c23r33.tgm.header,Tiny.VD,26862094,264
3c8752a29b41866d,fallenstararena_quarter_02_c22r4.tgm,Tiny.VD,26854360,1545
aefa1d236e8f2719,fallenstararena_quarter_02_c22r4.tgm.header,Tiny.VE,26823232,264
fb9f4dcfddfb386c,fallenstararena_quarter_02_c22r5.tgm,Tiny.VD,26855905,1829
f426cdda7a522385,fallenstararena_quarter_02_c22r5.tgm.header,Tiny.VF,27059475,264
ba430d70189c9411,fallenstararena_quarter_02_c22r6.tgm,Tiny.VD,26857734,2755
c6b0e282f79f188e,fallenstararena_quarter_02_c22r6.tgm.header,Tiny.V6,26892881,264
b37d2a5454c23dbe,fallenstararena_quarter_02_c22r7.tgm,Tiny.VF,27059739,2257
1de4abf7d4dd423e,fallenstararena_quarter_02_c22r7.tgm.header,Tiny.VD,26860489,264
742c880e2b69fcf6,fallenstararena_quarter_02_c22r8.tgm,Tiny.VF,27061996,2079
7ece095cd7f530b3,fallenstararena_quarter_02_c22r8.tgm.header,Tiny.V0,27172360,264
3eb0cb9baa04e43b,fallenstararena_quarter_02_c22r9.tgm,Tiny.V5,26465645,2719
6a683c49e3ce8c47,fallenstararena_quarter_02_c22r9.tgm.header,Tiny.V8,26904744,264
307db25d43810754,fallenstararena_quarter_02_c22r1.tgm,Tiny.V0,27169010,2035
0941648259213b3b,fallenstararena_quarter_02_c22r1.tgm.header,Tiny.VB,27074735,264
dabaee6dac13b5c5,fallenstararena_quarter_02_c22r10.tgm,Tiny.VE,26819550,2347
c58e97435e5fe664,fallenstararena_quarter_02_c22r10.tgm.header,Tiny.VD,26852428,264
615c0e8383e5d3b9,fallenstararena_quarter_02_c22r11.tgm,Tiny.V7,26832851,2247
a78ca07a58fc376c,fallenstararena_quarter_02_c22r11.tgm.header,Tiny.VE,26821897,264
3ab2badbd9a7f50d,fallenstararena_quarter_02_c22r12.tgm,Tiny.V9,27351319,1699
d7d582b656301cb5,fallenstararena_quarter_02_c22r12.tgm.header,Tiny.V6,26891528,264
0d43b8d204353c39,fallenstararena_quarter_02_c22r13.tgm,Tiny.V1,26858975,793
035d141869b62dca,fallenstararena_quarter_02_c22r13.tgm.header,Tiny.VC,27049449,264
0e0c306d6f1d11ea,fallenstararena_quarter_02_c22r14.tgm,Tiny.VB,27074999,641
46138e694c6259cd,fallenstararena_quarter_02_c22r14.tgm.header,Tiny.V8,26904480,264
6d543552f58670f8,fallenstararena_quarter_02_c22r15.tgm,Tiny.VF,27058886,589
b46ba9bafb5f28bb,fallenstararena_quarter_02_c22r15.tgm.header,Tiny.V4,27198980,264
2d99358ab01d4eed,fallenstararena_quarter_02_c22r16.tgm,Tiny.V5,26464611,609
71f3b48be40f2c56,fallenstararena_quarter_02_c22r16.tgm.header,Tiny.VE,26822161,264
e46e5b4ae5936ece,fallenstararena_quarter_02_c22r17.tgm,Tiny.V9,27353018,497
f3408940d3a5346e,fallenstararena_quarter_02_c22r17.tgm.header,Tiny.V3,26721681,264
0e81f949791685ea,fallenstararena_quarter_02_c22r18.tgm,Tiny.VC,27049713,365
77fc95663e1a67c8,fallenstararena_quarter_02_c22r18.tgm.header,Tiny.VC,27050078,264
c03519770430b950,fallenstararena_quarter_02_c22r19.tgm,Tiny.V2,27020726,385
e29cbf01fcc027f9,fallenstararena_quarter_02_c22r19.tgm.header,Tiny.V0,27171045,264
1309603371252b53,fallenstararena_quarter_02_c22r2.tgm,Tiny.V3,26721945,2095
9af938a0083243fe,fallenstararena_quarter_02_c22r2.tgm.header,Tiny.VB,27075640,264
c0a0d3a14f561117,fallenstararena_quarter_02_c22r20.tgm,Tiny.VD,26852692,425
0687daa70bfefed3,fallenstararena_quarter_02_c22r20.tgm.header,Tiny.V6,26891792,264
ef85366739cbb76e,fallenstararena_quarter_02_c22r21.tgm,Tiny.V1,26859768,799
db43b2c5e9883a13,fallenstararena_quarter_02_c22r21.tgm.header,Tiny.VD,26853117,264
43937eeb4e0bde26,fallenstararena_quarter_02_c22r22.tgm,Tiny.V7,26835098,943
6d5f841fefc9db84,fallenstararena_quarter_02_c22r22.tgm.header,Tiny.VD,26853381,264
ba82f9076bbe9181,fallenstararena_quarter_02_c22r23.tgm,Tiny.V3,26724040,727
2a281fbd06b961f4,fallenstararena_quarter_02_c22r23.tgm.header,Tiny.V2,27021111,264
a26e70b7b40c21e6,fallenstararena_quarter_02_c22r24.tgm,Tiny.V3,26724767,701
0554a5aa3e29716d,fallenstararena_quarter_02_c22r24.tgm.header,Tiny.V0,27171309,264
acf3831b104c4a53,fallenstararena_quarter_02_c22r25.tgm,Tiny.VA,27091890,851
470518f597665755,fallenstararena_quarter_02_c22r25.tgm.header,Tiny.V9,27353515,264
0cf56a3947f3f62a,fallenstararena_quarter_02_c22r26.tgm,Tiny.VE,26822425,543
9d8283a786b3355b,fallenstararena_quarter_02_c22r26.tgm.header,Tiny.V6,26892056,264
93111bebe3642d63,fallenstararena_quarter_02_c22r27.tgm,Tiny.V0,27171573,523
ade8a30b21431250,fallenstararena_quarter_02_c22r27.tgm.header,Tiny.V1,26860567,264
8c8df10c0b2e5fa1,fallenstararena_quarter_02_c22r28.tgm,Tiny.V5,26465220,425
156025dde1ead781,fallenstararena_quarter_02_c22r28.tgm.header,Tiny.VD,26853645,264
38bd47e1e0c65049,fallenstararena_quarter_02_c22r29.tgm,Tiny.VD,26853909,451
ecb13155aaf42525,fallenstararena_quarter_02_c22r29.tgm.header,Tiny.V1,26860831,264
61663fae90eb6881,fallenstararena_quarter_02_c22r3.tgm,Tiny.V4,27199244,1591
e4bc2e84c0ac6a8d,fallenstararena_quarter_02_c22r3.tgm.header,Tiny.VE,26822968,264
85518629b1027f2d,fallenstararena_quarter_02_c22r30.tgm,Tiny.V3,26725468,515
452b0dd9461b0f7a,fallenstararena_quarter_02_c22r30.tgm.header,Tiny.VB,27075904,264
57365aed1110c6e4,fallenstararena_quarter_02_c22r31.tgm,Tiny.VA,27092741,647
13b91f4021b08633,fallenstararena_quarter_02_c22r31.tgm.header,Tiny.VC,27050342,264
7eb51be80f5e6eef,fallenstararena_quarter_02_c22r32.tgm,Tiny.V6,26892320,561
b5ed4e788f08d24c,fallenstararena_quarter_02_c22r32.tgm.header,Tiny.V0,27172096,264
96e6c495ec8db6d3,fallenstararena_quarter_02_c22r33.tgm,Tiny.V7,26836041,569
d8b1de096b31b18c,fallenstararena_quarter_02_c22r33.tgm.header,Tiny.V4,27200835,264
be59a4f3572d5466,fallenstararena_quarter_02_c21r4.tgm,Streaming/Content/data/balance/worldareas/F8/mapuberboss_fallenstar.vworld,9400722,6941
bb2640fe513cc55f,fallenstararena_quarter_02_c21r4.tgm.header,Tiny.V9,27350791,264
672e3bf168e5ed05,fallenstararena_quarter_02_c21r5.tgm,Streaming/Content/data/balance/worldareas/E6/mapuberboss_fallenstar.vworld,8587439,7093
4a5300a1e2c7a0b4,fallenstararena_quarter_02_c21r5.tgm.header,Tiny.V1,26855132,264
36e175c2e7a5c076,fallenstararena_quarter_02_c21r6.tgm,Streaming/Content/data/balance/worldareas/94/mapmothersoul_female.vworld,436662,4579
902dc5bf9ac585c1,fallenstararena_quarter_02_c21r6.tgm.header,Tiny.V1,26855396,264
2dcb8426513eaa3b,fallenstararena_quarter_02_c21r7.tgm,Tiny.V1,26855660,3315
287d8c2f8b23fb42,fallenstararena_quarter_02_c21r7.tgm.header,Tiny.V9,27351055,264
e88bf24f5de40a4a,fallenstararena_quarter_02_c21r8.tgm,Tiny.V5,26461510,3101
9024eafb3ece0087,fallenstararena_quarter_02_c21r8.tgm.header,Tiny.VF,27058622,264
8329b3e93fd9229c,fallenstararena_quarter_02_c21r9.tgm,Tiny.V2,27018423,2303
9c9a06324a8dff53,fallenstararena_quarter_02_c21r9.tgm.header,Tiny.VC,27049185,264
7e7babef521f22f0,fallenstararena_quarter_02_c21r1.tgm,Streaming/Content/data/balance/worldareas/DE/mapuberboss_fallenstar.vworld,5803950,6151
566e9c6c21b23aac,fallenstararena_quarter_02_c21r1.tgm.header,Tiny.V1,26852211,264
d2e71e2bb2419c6d,fallenstararena_quarter_02_c21r10.tgm,Tiny.V2,27015704,1927
66a5682d2929f8d3,fallenstararena_quarter_02_c21r10.tgm.header,Tiny.V7,26831337,264
fa07a70e48f4194f,fallenstararena_quarter_02_c21r11.tgm,Tiny.V5,26457553,2181
3096ac7538b90e45,fallenstararena_quarter_02_c21r11.tgm.header,Tiny.VE,26819286,264
bc4c5eddc777914c,fallenstararena_quarter_02_c21r12.tgm,Tiny.VF,27049452,2079
994e29bda8fdf79a,fallenstararena_quarter_02_c21r12.tgm.header,Tiny.VC,27048921,264
8f2ee79641a7cee6,fallenstararena_quarter_02_c21r13.tgm,Tiny.VF,27051531,2177
15b9a3868b9568c4,fallenstararena_quarter_02_c21r13.tgm.header,Tiny.V8,26902745,264
6190c5403cc3fc96,fallenstararena_quarter_02_c21r14.tgm,Tiny.VF,27053708,2499
3c5d1a9f18e13b0b,fallenstararena_quarter_02_c21r14.tgm.header,Tiny.VF,27056207,264
881311e3a094cfae,fallenstararena_quarter_02_c21r15.tgm,Tiny.VF,27056471,1887
a08c3cf4f18a9fab,fallenstararena_quarter_02_c21r15.tgm.header,Tiny.V1,26852475,264
c472fbfef9690564,fallenstararena_quarter_02_c21r16.tgm,Tiny.V6,26889631,1105
ce896c1ae5ec2cbd,fallenstararena_quarter_02_c21r16.tgm.header,Tiny.V3,26719621,264
268fc17d8eb4e4fc,fallenstararena_quarter_02_c21r17.tgm,Tiny.V4,27195722,543
981fb43956fd063c,fallenstararena_quarter_02_c21r17.tgm.header,Tiny.V2,27017631,264
0cdd205f2de75b15,fallenstararena_quarter_02_c21r18.tgm,Tiny.V8,26903009,943
242402bb088693b4,fallenstararena_quarter_02_c21r18.tgm.header,Tiny.V1,26852739,264
b5d7aee794ab29b0,fallenstararena_quarter_02_c21r19.tgm,Tiny.V5,26459734,839
085de7707ec4668f,fallenstararena_quarter_02_c21r19.tgm.header,Tiny.V8,26903952,264
149f4326a943e28c,fallenstararena_quarter_02_c21r2.tgm,Streaming/Content/data/balance/worldareas/6A/mapuberboss_fallenstar.vworld,1823684,5619
2bb5f0f4a53acdaa,fallenstararena_quarter_02_c21r2.tgm.header,Tiny.V4,27196265,264
d654ef502a06358b,fallenstararena_quarter_02_c21r20.tgm,Tiny.V5,26460573,937
f5c169179acb2669,fallenstararena_quarter_02_c21r20.tgm.header,Tiny.V1,26853003,264
3e400f9917685f5c,fallenstararena_quarter_02_c21r21.tgm,Tiny.VD,26851264,831
fbdba611647a67ce,fallenstararena_quarter_02_c21r21.tgm.header,Tiny.V2,27017895,264
8d6d98fb8b485a95,fallenstararena_quarter_02_c21r22.tgm,Tiny.V7,26831601,661
e100aff5c66c5ee5,fallenstararena_quarter_02_c21r22.tgm.header,Tiny.V0,27168482,264
0760ae15641af107,fallenstararena_quarter_02_c21r23.tgm,Tiny.V1,26853267,707
8d44f3b115c26559,fallenstararena_quarter_02_c21r23.tgm.header,Tiny.V6,26890736,264
c6b14c4b81c5440d,fallenstararena_quarter_02_c21r24.tgm,Tiny.VA,27091281,609
ae96e95f3b2c1b95,fallenstararena_quarter_02_c21r24.tgm.header,Tiny.V6,26891000,264
9867a990b2dbc6d3,fallenstararena_quarter_02_c21r25.tgm,Tiny.V1,26853974,701
77307a2b7ab00ce0,fallenstararena_quarter_02_c21r25.tgm.header,Tiny.V3,26719885,264
55932a0fe049aa21,fallenstararena_quarter_02_c21r26.tgm,Tiny.VD,26852095,333
d665c07007e3a122,fallenstararena_quarter_02_c21r26.tgm.header,Tiny.V2,27018159,264
090c827cbfc23fcd,fallenstararena_quarter_02_c21r27.tgm,Tiny.V3,26720149,569
92264d7d4f9b568a,fallenstararena_quarter_02_c21r27.tgm.header,Tiny.V4,27196529,264
0096b03414c4e9c2,fallenstararena_quarter_02_c21r28.tgm,Tiny.V7,26832262,589
e9f75f3c7b9906e6,fallenstararena_quarter_02_c21r28.tgm.header,Tiny.V8,26904216,264
e8232e5dc0df5ec9,fallenstararena_quarter_02_c21r29.tgm,Tiny.V3,26720718,699
a6bccc5233279d0b,fallenstararena_quarter_02_c21r29.tgm.header,Tiny.V6,26891264,264
58eea5c2b9f4ac6c,fallenstararena_quarter_02_c21r3.tgm,Streaming/Content/data/balance/worldareas/5C/mapuberboss_fallenstar.vworld,680595,6161
b817d9132899ed63,fallenstararena_quarter_02_c21r3.tgm.header,Tiny.VF,27058358,264
ec4eb149b35648a6,fallenstararena_quarter_02_c21r30.tgm,Tiny.V4,27196793,457
aa7719c68701d4c9,fallenstararena_quarter_02_c21r30.tgm.header,Tiny.V0,27168746,264
e3814d558ad72a4d,fallenstararena_quarter_02_c21r31.tgm,Tiny.V4,27197250,359
1c750a82d4adce70,fallenstararena_quarter_02_c21r31.tgm.header,Tiny.V4,27197609,264
eab77f37b4a0dcba,fallenstararena_quarter_02_c21r32.tgm,Tiny.V1,26854675,457
0c07387e4c257050,fallenstararena_quarter_02_c21r32.tgm.header,Tiny.V4,27197873,264
b69e765aba90eb94,fallenstararena_quarter_02_c21r33.tgm,Tiny.V4,27198137,843
7618fa3760bace96,fallenstararena_quarter_02_c21r33.tgm.header,Tiny.V3,26721417,264
c546b714abe17ff7,fallenstararena_quarter_02_c20r4.tgm,Streaming/Content/data/balance/worldareas/E2/mapgeode.vworld,521850,7939
0c014633698cecc4,fallenstararena_quarter_02_c20r4.tgm.header,Tiny.VE,26819022,264
f9685691804aa96a,fallenstararena_quarter_02_c20r5.tgm,Streaming/Content/data/balance/worldareas/5F/mapuberboss_fallenstar.vworld,672261,68247
161339529920a7a6,fallenstararena_quarter_02_c20r5.tgm.header,Tiny.VB,27074405,330
020ae6e65a3ad293,fallenstararena_quarter_02_c20r6.tgm,Streaming/Content/data/balance/worldareas/29/mapuberboss_fallenstar.vworld,2306248,10169
bb4b587a93bbb90f,fallenstararena_quarter_02_c20r6.tgm.header,Tiny.V8,26902455,290
0e07960623ef567e,fallenstararena_quarter_02_c20r7.tgm,Streaming/Content/data/balance/worldareas/7D/mapuberboss_fallenstar.vworld,5917463,8003
b1639331df762aaa,fallenstararena_quarter_02_c20r7.tgm.header,Tiny.VC,27048657,264
3ae7420dee51897c,fallenstararena_quarter_02_c20r8.tgm,Streaming/Content/data/balance/worldareas/D8/expeditionsubarea_blackknightboss.vworld,83084,68119
cdf3aafb38fce467,fallenstararena_quarter_02_c20r8.tgm.header,Tiny.VA,27087852,290
eeb587d55705871a,fallenstararena_quarter_02_c20r9.tgm,Tiny.VA,27088142,3139
5c6c32939ce4b17b,fallenstararena_quarter_02_c20r9.tgm.header,Tiny.V1,26851947,264
7de8173b86235493,fallenstararena_quarter_02_c20r1.tgm,Streaming/Content/data/balance/worldareas/DB/mapuberboss_fallenstar.vworld,72211,7837
2a8c72d4507dc83f,fallenstararena_quarter_02_c20r1.tgm.header,Tiny.V7,26826694,264
ee415e6ea59b1a27,fallenstararena_quarter_02_c20r10.tgm,Tiny.V5,26454295,2015
e3a2dddfdb853590,fallenstararena_quarter_02_c20r10.tgm.header,Tiny.V3,26715929,264
a04d4ecdd6ec6b37,fallenstararena_quarter_02_c20r11.tgm,Tiny.V8,26899013,2109
c09ad0102c9d6ec1,fallenstararena_quarter_02_c20r11.tgm.header,Tiny.VC,27041625,264
cacb2475da894588,fallenstararena_quarter_02_c20r12.tgm,Tiny.V2,27006847,2949
cbf57effbec9d82b,fallenstararena_quarter_02_c20r12.tgm.header,Tiny.V8,26901122,264
0622d5bd6291a4c1,fallenstararena_quarter_02_c20r13.tgm,Tiny.V7,26826958,2903
88de7153aa109c70,fallenstararena_quarter_02_c20r13.tgm.header,Tiny.V0,27166968,264
bf4674499d6219e2,fallenstararena_quarter_02_c20r14.tgm,Tiny.VC,27041889,2313
a2baefcb13fc790d,fallenstararena_quarter_02_c20r14.tgm.header,Tiny.VD,26849999,264
99f6d87fd2517f36,fallenstararena_quarter_02_c20r15.tgm,Tiny.V2,27009796,2529
f6b0e0f1116d8e5f,fallenstararena_quarter_02_c20r15.tgm.header,Tiny.V5,26456310,264
ef7c9689607dccfb,fallenstararena_quarter_02_c20r16.tgm,Tiny.VC,27044202,2763
84b503d2530a2729,fallenstararena_quarter_02_c20r16.tgm.header,Tiny.VC,27046965,264
75b90802009040c8,fallenstararena_quarter_02_c20r17.tgm,Tiny.V3,26716193,2495
a51c94dae4b08bd5,fallenstararena_quarter_02_c20r17.tgm.header,Tiny.V2,27012325,264
7277d943078ea27a,fallenstararena_quarter_02_c20r18.tgm,Tiny.V2,27012589,1719
68762c56d71a9449,fallenstararena_quarter_02_c20r18.tgm.header,Tiny.V3,26718688,264
f1c7dbaeaf894213,fallenstararena_quarter_02_c20r19.tgm,Tiny.V7,26829861,425
f5251e66ee726271,fallenstararena_quarter_02_c20r19.tgm.header,Tiny.VA,27281266,264
6534ededb0155a86,fallenstararena_quarter_02_c20r2.tgm,Streaming/Content/data/balance/worldareas/28/mapuberboss_fallenstar.vworld,972493,68591
8bbe5d69ec6ecc6d,fallenstararena_quarter_02_c20r2.tgm.header,Tiny.V0,27167232,264
177a533c968d4209,fallenstararena_quarter_02_c20r20.tgm,Tiny.V7,26830286,523
deaad9dcbf31bf24,fallenstararena_quarter_02_c20r20.tgm.header,Tiny.V7,27040135,264
3652dd49d312a554,fallenstararena_quarter_02_c20r21.tgm,Tiny.VC,27047229,523
e124b18908c3b6ff,fallenstararena_quarter_02_c20r21.tgm.header,Tiny.V8,26901386,264
dbb716dda5ba8064,fallenstararena_quarter_02_c20r22.tgm,Tiny.V9,27350136,655
05854a5ed9e41822,fallenstararena_quarter_02_c20r22.tgm.header,Tiny.VA,27087324,264
24690490103243cd,fallenstararena_quarter_02_c20r23.tgm,Tiny.V2,27014308,471
15245df707ba8cf4,fallenstararena_quarter_02_c20r23.tgm.header,Tiny.VB,27074141,264
8d3dea6dabe3d542,fallenstararena_quarter_02_c20r24.tgm,Tiny.V6,26889068,563
08e267ebc1ec37af,fallenstararena_quarter_02_c20r24.tgm.header,Tiny.VE,26818494,264
d8c1c6d371e82538,fallenstararena_quarter_02_c20r25.tgm,Tiny.V0,27167496,497
ca5cf5b64b448d58,fallenstararena_quarter_02_c20r25.tgm.header,Tiny.VF,27048671,264
5ba9fae5cdfb870a,fallenstararena_quarter_02_c20r26.tgm,Tiny.V3,26718952,405
a7e11818f2e4dbe8,fallenstararena_quarter_02_c20r26.tgm.header,Tiny.V5,26456574,264
3ba4007f0818b037,fallenstararena_quarter_02_c20r27.tgm,Tiny.V0,27167993,489
f8e9eedd05f78161,fallenstararena_quarter_02_c20r27.tgm.header,Tiny.V3,26719357,264
15dea83c74758215,fallenstararena_quarter_02_c20r28.tgm,Tiny.V5,26456838,451
e6b7fae2f00f1c2e,fallenstararena_quarter_02_c20r28.tgm.header,Tiny.VC,27047752,264
42c3706f758eb802,fallenstararena_quarter_02_c20r29.tgm,Tiny.V2,27014779,661
e69f03a33114ae00,fallenstararena_quarter_02_c20r29.tgm.header,Tiny.V7,26830809,264
049a0b0b619c00cb,fallenstararena_quarter_02_c20r3.tgm,Streaming/Content/data/balance/worldareas/A8/mapuberboss_fallenstar.vworld,8118914,7055
a85b629928de34a2,fallenstararena_quarter_02_c20r3.tgm.header,Tiny.VE,26818758,264
b1b139c8ad8c64cc,fallenstararena_quarter_02_c20r30.tgm,Tiny.VF,27048935,517
3ccc14274dbdd18e,fallenstararena_quarter_02_c20r30.tgm.header,Tiny.VA,27087588,264
38ff7694612418de,fallenstararena_quarter_02_c20r31.tgm,Tiny.VC,27048016,641
47c3669c9ca9b0ef,fallenstararena_quarter_02_c20r31.tgm.header,Tiny.V5,26457289,264
2c2ad08fe4057837,fallenstararena_quarter_02_c20r32.tgm,Tiny.V8,26901650,805
7168f8ef6c9d0a91,fallenstararena_quarter_02_c20r32.tgm.header,Tiny.V2,27015440,264
993a95003e12da98,fallenstararena_quarter_02_c20r33.tgm,Tiny.VD,26850263,1001
611539ce05d6fb8e,fallenstararena_quarter_02_c20r33.tgm.header,Tiny.V7,26831073,264
82827000f722af7f,fallenstararena_quarter_02_c2r4.tgm,Tiny.V2,27040132,1753
262343695ba855b4,fallenstararena_quarter_02_c2r4.tgm.header,Tiny.VE,26842592,264
b7c78a3e10e28da5,fallenstararena_quarter_02_c2r5.tgm,Streaming/Content/data/balance/worldareas/1E/mapuberboss_fallenstar.vworld,0,61659
a5d6ff3f1eced433,fallenstararena_quarter_02_c2r5.tgm.header,Tiny.VC,27066428,264
af93a4c441775a80,fallenstararena_quarter_02_c2r6.tgm,Tiny.VB,27098579,1635
03278a4f6cf21ea6,fallenstararena_quarter_02_c2r6.tgm.header,Tiny.VB,27100214,264
6ebca4685feac50f,fallenstararena_quarter_02_c2r7.tgm,Tiny.V7,26858059,1443
15bf76020b060912,fallenstararena_quarter_02_c2r7.tgm.header,Tiny.V4,27216002,264
fcb66db2a60faf31,fallenstararena_quarter_02_c2r8.tgm,Streaming/Content/data/balance/worldareas/A2/mapuberboss_fallenstar.vworld,6565906,61745
779e414d6226513f,fallenstararena_quarter_02_c2r8.tgm.header,Tiny.V3,26742144,264
66f287d5133203fa,fallenstararena_quarter_02_c2r9.tgm,Tiny.VF,27074664,1595
1e906128d1b29053,fallenstararena_quarter_02_c2r9.tgm.header,Tiny.V1,26870074,264
e0b5a12de1ececfd,fallenstararena_quarter_02_c2r1.tgm,Tiny.V9,27365265,641
7e5b968c3b2abcda,fallenstararena_quarter_02_c2r1.tgm.header,Tiny.VC,27065636,264
df01e7cb45555bec,fallenstararena_quarter_02_c2r10.tgm,Tiny.V0,27184857,967
5edc944138c1f432,fallenstararena_quarter_02_c2r10.tgm.header,Tiny.VE,26842064,264
44564acf09480809,fallenstararena_quarter_02_c2r11.tgm,Tiny.VA,27106468,2297
ef279f8b97fed124,fallenstararena_quarter_02_c2r11.tgm.header,Tiny.V4,27213159,264
b1c9610eb5ebd9b5,fallenstararena_quarter_02_c2r12.tgm,Tiny.V7,26850569,3459
73e18c41f223350d,fallenstararena_quarter_02_c2r12.tgm.header,Tiny.VD,26868961,264
60e88eed06d2f4e4,fallenstararena_quarter_02_c2r13.tgm,Tiny.VD,26869225,3155
7467325610dad920,fallenstararena_quarter_02_c2r13.tgm.header,Tiny.V0,27185824,264
7b21fd770744e56e,fallenstararena_quarter_02_c2r14.tgm,Tiny.V9,27365906,3389
01d64dc5f0585f76,fallenstararena_quarter_02_c2r14.tgm.header,Tiny.V3,26738996,264
4c32598834bd2ce3,fallenstararena_quarter_02_c2r15.tgm,Tiny.V7,26854028,3503
01089f93a74864bb,fallenstararena_quarter_02_c2r15.tgm.header,Tiny.V6,26910156,264
aaa944b09f895515,fallenstararena_quarter_02_c2r16.tgm,Tiny.VB,27091916,3233
278a44d879025d6c,fallenstararena_quarter_02_c2r16.tgm.header,Tiny.VC,27065900,264
f903cebd84f3329a,fallenstararena_quarter_02_c2r17.tgm,Tiny.V3,26739260,2229
1d041827fdf5ffb2,fallenstararena_quarter_02_c2r17.tgm.header,Tiny.V5,26481471,264
630c7dd12aa5c129,fallenstararena_quarter_02_c2r18.tgm,Streaming/Content/data/balance/worldareas/A4/mapuberboss_fallenstar.vworld,1418721,67531
1bab01444a4b0473,fallenstararena_quarter_02_c2r18.tgm.header,Tiny.VB,27095149,323
5cf00fc4f2ee8303,fallenstararena_quarter_02_c2r19.tgm,Streaming/Content/data/balance/worldareas/FB/mapuniquereactor_01.vworld,640256,7953
d373c823b605ea6a,fallenstararena_quarter_02_c2r19.tgm.header,Tiny.VF,27072665,264
5bccdc947192df6e,fallenstararena_quarter_02_c2r2.tgm,Streaming/Content/data/balance/worldareas/8D/mapuberboss_fallenstar.vworld,577369,61479
4c0f5233947c200c,fallenstararena_quarter_02_c2r2.tgm.header,Tiny.V8,26918538,264
7d16c9173630e840,fallenstararena_quarter_02_c2r20.tgm,Streaming/Content/data/balance/worldareas/1B/mapuberboss_fallenstar.vworld,906092,6139
a281f0db9efd310e,fallenstararena_quarter_02_c2r20.tgm.header,Tiny.V1,26869111,330
cf007cc501a090fa,fallenstararena_quarter_02_c2r21.tgm,Streaming/Content/data/balance/worldareas/BD/mapuberboss_fallenstar.vworld,11477027,5705
1ae52d4c89a83f75,fallenstararena_quarter_02_c2r21.tgm.header,Tiny.VA,27108765,330
a8090fa91dda0673,fallenstararena_quarter_02_c2r22.tgm,Streaming/Content/data/balance/worldareas/B5/mapuberboss_fallenstar.vworld,1491844,9779
4b622101eba0ba75,fallenstararena_quarter_02_c2r22.tgm.header,Tiny.V5,26481735,330
b6a20aff961ca1a6,fallenstararena_quarter_02_c2r23.tgm,Streaming/Content/data/balance/worldareas/6C/mapuberboss_fallenstar.vworld,2947508,8481
0f65f6d55bcd98ad,fallenstararena_quarter_02_c2r23.tgm.header,Tiny.V4,27213423,370
a8edd1797293a834,fallenstararena_quarter_02_c2r24.tgm,Streaming/Content/data/balance/worldareas/90/mapuberboss_fallenstar.vworld,6879117,6131
a5ee5c529ee2550d,fallenstararena_quarter_02_c2r24.tgm.header,Tiny.V7,26857531,264
2ee173aba78a035b,fallenstararena_quarter_02_c2r25.tgm,Tiny.V4,27213793,2209
3dbeb635e68cb8e4,fallenstararena_quarter_02_c2r25.tgm.header,Tiny.V5,26482065,264
065508c8da72c76e,fallenstararena_quarter_02_c2r26.tgm,Tiny.VB,27095472,3107
c40ecdb81df49b59,fallenstararena_quarter_02_c2r26.tgm.header,Tiny.VD,26872380,264
0464fdbd138f897e,fallenstararena_quarter_02_c2r27.tgm,Tiny.VF,27072929,1471
67653ed674a9eac5,fallenstararena_quarter_02_c2r27.tgm.header,Tiny.V9,27369295,264
39a5be4e911bfebb,fallenstararena_quarter_02_c2r28.tgm,Tiny.V9,27369559,635
ee453457e6049f4c,fallenstararena_quarter_02_c2r28.tgm.header,Tiny.V6,26910420,264
ae64de18d60620af,fallenstararena_quarter_02_c2r29.tgm,Tiny.V6,26910684,753
df1f63e0ed346e27,fallenstararena_quarter_02_c2r29.tgm.header,Tiny.VE,26842328,264
09775edff9926f5c,fallenstararena_quarter_02_c2r3.tgm,Tiny.VD,26872644,1611
eab1541bf21b2018,fallenstararena_quarter_02_c2r3.tgm.header,Tiny.V9,27370194,264
55fa9d46c681c76e,fallenstararena_quarter_02_c2r30.tgm,Tiny.V3,26741489,655
fb7ccd6c487eed4b,fallenstararena_quarter_02_c2r30.tgm.header,Tiny.VD,26874255,264
f1e4d99f6a004eba,fallenstararena_quarter_02_c2r31.tgm,Tiny.V1,26869441,633
d9d91f49f11a166b,fallenstararena_quarter_02_c2r31.tgm.header,Tiny.VC,27066164,264
a17c377ae36d37b8,fallenstararena_quarter_02_c2r32.tgm,Tiny.V8,26918802,621
54ab6e7dd8d68d8e,fallenstararena_quarter_02_c2r32.tgm.header,Tiny.VF,27074400,264
1d284e12725dc326,fallenstararena_quarter_02_c2r33.tgm,Streaming/Content/data/balance/worldareas/A3/mapuberboss_fallenstar.vworld,1459422,54717
53213b977738a104,fallenstararena_quarter_02_c2r33.tgm.header,Tiny.V7,26857795,264
f0115f342fbf5e94,fallenstararena_quarter_02_c19r4.tgm,Streaming/Content/data/balance/worldareas/D0/mapuberboss_fallenstar.vworld,5515,5163
0d2bcfefab0560a4,fallenstararena_quarter_02_c19r4.tgm.header,Tiny.VA,27084504,264
2abd115a7005f4e6,fallenstararena_quarter_02_c19r5.tgm,Streaming/Content/data/balance/worldareas/BB/mapuberboss_fallenstar.vworld,2306594,8397
60d083da3d11a9a1,fallenstararena_quarter_02_c19r5.tgm.header,Tiny.V1,26850486,264
ac90363358c4163d,fallenstararena_quarter_02_c19r6.tgm,Streaming/Content/data/balance/worldareas/8E/mapprecursortowerdesert.vworld,1069983,7583
92967def78ec1195,fallenstararena_quarter_02_c19r6.tgm.header,Tiny.VE,26815849,264
002d0f527ba0492d,fallenstararena_quarter_02_c19r7.tgm,Streaming/Content/data/balance/worldareas/CF/mapuberboss_fallenstar.vworld,8894908,8491
a6d5da6f80aad008,fallenstararena_quarter_02_c19r7.tgm.header,Tiny.V7,26824926,264
0faaf33b73e4c65b,fallenstararena_quarter_02_c19r8.tgm,Streaming/Content/data/balance/worldareas/67/mapgeode.vworld,462467,9295
21376bad570601c5,fallenstararena_quarter_02_c19r8.tgm.header,Tiny.V1,26850750,290
38f0f71fcd80e5ad,fallenstararena_quarter_02_c19r9.tgm,Streaming/Content/data/balance/worldareas/25/mapuberboss_fallenstar.vworld,6751736,7549
d3d1b730622a8392,fallenstararena_quarter_02_c19r9.tgm.header,Tiny.V1,26851040,264
38010df7436fef55,fallenstararena_quarter_02_c19r1.tgm,Streaming/Content/data/balance/worldareas/55/mapport.vworld,432007,5559
b6e69864e48af963,fallenstararena_quarter_02_c19r1.tgm.header,Tiny.VD,26845245,264
6802cb120d04b896,fallenstararena_quarter_02_c19r10.tgm,Streaming/Content/data/balance/worldareas/94/mapmothersoul_female.vworld,431641,5021
987bfba720196865,fallenstararena_quarter_02_c19r10.tgm.header,Tiny.V3,26707861,264
c1ed316ec00d63e6,fallenstararena_quarter_02_c19r11.tgm,Tiny.V8,26893769,2657
3007679bf7ccd6d5,fallenstararena_quarter_02_c19r11.tgm.header,Tiny.VC,27034421,264
c76993317881dbbe,fallenstararena_quarter_02_c19r12.tgm,Tiny.V9,27341415,2327
fc3f33b79ad43984,fallenstararena_quarter_02_c19r12.tgm.header,Tiny.VF,27043545,264
01c369d5c0a02b4a,fallenstararena_quarter_02_c19r13.tgm,Tiny.V8,26896426,1663
0a2353a421c2db84,fallenstararena_quarter_02_c19r13.tgm.header,Tiny.V4,27193620,264
c72c275460118a6c,fallenstararena_quarter_02_c19r14.tgm,Tiny.VF,27043809,1993
6739d9895f8abcd7,fallenstararena_quarter_02_c19r14.tgm.header,Tiny.VB,27070316,264
6a1bfd274f0a4659,fallenstararena_quarter_02_c19r15.tgm,Tiny.VE,26812891,2329
e4381f16364f7c7c,fallenstararena_quarter_02_c19r15.tgm.header,Tiny.V6,26880594,264
8e282277287ddc86,fallenstararena_quarter_02_c19r16.tgm,Tiny.V3,26708125,2641
4274ea19ec747e9d,fallenstararena_quarter_02_c19r16.tgm.header,Tiny.V5,26448646,264
cacc424792733c8d,fallenstararena_quarter_02_c19r17.tgm,Tiny.V6,26880858,2789
6208205dfc5270ae,fallenstararena_quarter_02_c19r17.tgm.header,Tiny.V1,26848933,264
697d3bf41de276bc,fallenstararena_quarter_02_c19r18.tgm,Tiny.V0,27157564,2783
1bc8793457f96554,fallenstararena_quarter_02_c19r18.tgm.header,Tiny.V1,26849197,264
b3bd2642f4059fe7,fallenstararena_quarter_02_c19r19.tgm,Tiny.VD,26845509,1689
bf47e61b7d4e2dd0,fallenstararena_quarter_02_c19r19.tgm.header,Tiny.V7,26824134,264
a0ecb1b190afc6c0,fallenstararena_quarter_02_c19r2.tgm,Tiny.V2,27000700,2849
450d061d8a55a8d6,fallenstararena_quarter_02_c19r2.tgm.header,Tiny.VD,26847198,264
d65f5c6b15691d97,fallenstararena_quarter_02_c19r20.tgm,Tiny.VC,27034685,701
9b02521e91a4cb17,fallenstararena_quarter_02_c19r20.tgm.header,Tiny.VB,27230602,264
b54652aeab3d59d7,fallenstararena_quarter_02_c19r21.tgm,Tiny.V6,26883647,425
b780df1721e514c6,fallenstararena_quarter_02_c19r21.tgm.header,Tiny.VA,27281266,264
fd5fa202078df78b,fallenstararena_quarter_02_c19r22.tgm,Tiny.VB,27070580,471
4d6dcd2e545cc4c3,fallenstararena_quarter_02_c19r22.tgm.header,Tiny.V0,27160347,264
37fd304625c9492f,fallenstararena_quarter_02_c19r23.tgm,Tiny.V5,26448910,425
92e960d91285dd93,fallenstararena_quarter_02_c19r23.tgm.header,Tiny.VA,27084240,264
34d5be3e951b94b4,fallenstararena_quarter_02_c19r24.tgm,Tiny.V3,26710766,943
25b79e2176a703d1,fallenstararena_quarter_02_c19r24.tgm.header,Tiny.VC,27035386,264
9fd140513bae5f2a,fallenstararena_quarter_02_c19r25.tgm,Tiny.V4,27193884,983
b0e0cdaff0f63a32,fallenstararena_quarter_02_c19r25.tgm.header,Tiny.VF,27045802,264
bb4c28590cc9826e,fallenstararena_quarter_02_c19r26.tgm,Tiny.V5,26449335,615
85cba9f884dfb1b6,fallenstararena_quarter_02_c19r26.tgm.header,Tiny.V7,26824398,264
e4cc9d3f8ffe90fc,fallenstararena_quarter_02_c19r27.tgm,Tiny.VE,26815220,365
45a51c16ee8894f4,fallenstararena_quarter_02_c19r27.tgm.header,Tiny.V2,27003549,264
d6e299f142408605,fallenstararena_quarter_02_c19r28.tgm,Tiny.V0,27160611,313
b8ce85852ecb040b,fallenstararena_quarter_02_c19r28.tgm.header,Tiny.V5,26449950,264
1444f63af1e47a70,fallenstararena_quarter_02_c19r29.tgm,Tiny.VB,27071051,543
81219c95ab68fef3,fallenstararena_quarter_02_c19r29.tgm.header,Tiny.V1,26849461,264
fc6d7e6fb73b3d18,fallenstararena_quarter_02_c19r3.tgm,Tiny.VB,27071594,2019
085fa644b1852404,fallenstararena_quarter_02_c19r3.tgm.header,Tiny.VB,27073613,264
69f423d2ea969337,fallenstararena_quarter_02_c19r30.tgm,Tiny.VF,27046066,497
319c7c4957d16fda,fallenstararena_quarter_02_c19r30.tgm.header,Tiny.V1,26849725,264
ddd6f9d6af20d298,fallenstararena_quarter_02_c19r31.tgm,Tiny.VF,27046563,627
110f7844ec249e15,fallenstararena_quarter_02_c19r31.tgm.header,Tiny.V7,26824662,264
33ee86c624c72785,fallenstararena_quarter_02_c19r32.tgm,Tiny.V1,26849989,497
5c979bdb9c4679c8,fallenstararena_quarter_02_c19r32.tgm.header,Tiny.VE,26815585,264
891322b474404929,fallenstararena_quarter_02_c19r33.tgm,Tiny.VD,26847462,621
3f136a9e959c81ba,fallenstararena_quarter_02_c19r33.tgm.header,Tiny.V4,27194867,264
4a4d12cad4e74fe5,fallenstararena_quarter_02_c18r4.tgm,Tiny.V2,26998585,1851
4d9658fa7f2e7bd9,fallenstararena_quarter_02_c18r4.tgm.header,Tiny.V2,27000436,264
efb0585462571503,fallenstararena_quarter_02_c18r5.tgm,Tiny.V7,26822545,1325
93454c1acd26a634,fallenstararena_quarter_02_c18r5.tgm.header,Tiny.V6,26880330,264
d34dd8607e031044,fallenstararena_quarter_02_c18r6.tgm,Tiny.VF,27042320,1225
f476a502380e8a50,fallenstararena_quarter_02_c18r6.tgm.header,Tiny.V5,26448118,264
c3145feac78da3ff,fallenstararena_quarter_02_c18r7.tgm,Tiny.V3,26704918,2943
fd5b8d3b21f75f07,fallenstararena_quarter_02_c18r7.tgm.header,Tiny.V7,26823870,264
8b1daf9f609d95db,fallenstararena_quarter_02_c18r8.tgm,Streaming/Content/data/balance/worldareas/15/mapuberboss_fallenstar.vworld,641421,9115
e41b48fcd2889b0b,fallenstararena_quarter_02_c18r8.tgm.header,Tiny.V9,27341151,264
50a3289e147c77d4,fallenstararena_quarter_02_c18r9.tgm,Streaming/Content/data/balance/worldareas/8E/mapprecursortowerdesert.vworld,1061858,8125
82cc65a95231d546,fallenstararena_quarter_02_c18r9.tgm.header,Tiny.V5,26448382,264
578075be63614ab8,fallenstararena_quarter_02_c18r1.tgm,Tiny.V2,26995693,919
9b62c5bfbf15eb60,fallenstararena_quarter_02_c18r1.tgm.header,Tiny.V8,26892977,264
a3717a1c17a940dc,fallenstararena_quarter_02_c18r10.tgm,Streaming/Content/data/balance/worldareas/96/mapuberboss_fallenstar.vworld,3844606,7185
0dd884fe7a7c27ff,fallenstararena_quarter_02_c18r10.tgm.header,Tiny.V6,26878596,264
0a7621e5bd8b9c4d,fallenstararena_quarter_02_c18r11.tgm,Streaming/Content/data/balance/worldareas/5F/mapuberboss_fallenstar.vworld,662602,9659
74b43d98a70e91bb,fallenstararena_quarter_02_c18r11.tgm.header,Tiny.V8,26893241,264
840fb96e216d5baa,fallenstararena_quarter_02_c18r12.tgm,Streaming/Content/data/balance/worldareas/E1/mapuberboss_fallenstar.vworld,84374,9141
e80979effca42dde,fallenstararena_quarter_02_c18r12.tgm.header,Tiny.V1,26847877,264
7822e8c305d72217,fallenstararena_quarter_02_c18r13.tgm,Tiny.VF,27039605,2715
ba260239cd962388,fallenstararena_quarter_02_c18r13.tgm.header,Tiny.V2,26996612,264
3a499efe89fe19b1,fallenstararena_quarter_02_c18r14.tgm,Tiny.V0,27152034,2095
3e882231de918a8f,fallenstararena_quarter_02_c18r14.tgm.header,Tiny.V1,26848141,264
4910d7293cf52fc4,fallenstararena_quarter_02_c18r15.tgm,Tiny.VD,26841726,1973
309165a9ffd7e98e,fallenstararena_quarter_02_c18r15.tgm.header,Tiny.V0,27154129,264
25087235ae08af29,fallenstararena_quarter_02_c18r16.tgm,Tiny.VE,26808634,2395
17b5b38cac38bc35,fallenstararena_quarter_02_c18r16.tgm.header,Tiny.V8,26893505,264
a94baa664fc77585,fallenstararena_quarter_02_c18r17.tgm,Tiny.V3,26702401,2517
456e3d554b82d03a,fallenstararena_quarter_02_c18r17.tgm.header,Tiny.V6,26878860,264
e94b37ca6f1218d3,fallenstararena_quarter_02_c18r18.tgm,Tiny.V7,26818585,2915
cae6388380949057,fallenstararena_quarter_02_c18r18.tgm.header,Tiny.V0,27154393,264
c239da5693e976e7,fallenstararena_quarter_02_c18r19.tgm,Tiny.V5,26443498,2685
20887c155b0d1c60,fallenstararena_quarter_02_c18r19.tgm.header,Tiny.V5,26446183,264
7e3b1072c601169b,fallenstararena_quarter_02_c18r2.tgm,Tiny.VB,27068518,1111
c7b5991d4ba0e25b,fallenstararena_quarter_02_c18r2.tgm.header,Tiny.VE,26811029,264
4524cb19bcb442ea,fallenstararena_quarter_02_c18r20.tgm,Tiny.V2,26996876,1445
afc62a92afe330db,fallenstararena_quarter_02_c18r20.tgm.header,Tiny.V1,26848405,264
9ed975a73a439299,fallenstararena_quarter_02_c18r21.tgm,Tiny.V9,27339695,313
f9c7bd0738b0ae26,fallenstararena_quarter_02_c18r21.tgm.header,Tiny.V9,27539568,264
35a42de35442fb69,fallenstararena_quarter_02_c18r22.tgm,Tiny.V6,26879124,379
77d61b2f03c48ce7,fallenstararena_quarter_02_c18r22.tgm.header,Tiny.VA,27083976,264
96e9e538e2c554cd,fallenstararena_quarter_02_c18r23.tgm,Tiny.VD,26843699,635
c94ccc152c4908a8,fallenstararena_quarter_02_c18r23.tgm.header,Tiny.V0,27154657,264
d9cfa0df48ecbbab,fallenstararena_quarter_02_c18r24.tgm,Tiny.V0,27154921,635
46ada865183c9dc8,fallenstararena_quarter_02_c18r24.tgm.header,Tiny.V2,26998321,264
37dc8d6f4883bf9d,fallenstararena_quarter_02_c18r25.tgm,Tiny.VE,26811293,543
987eef19588c4b45,fallenstararena_quarter_02_c18r25.tgm.header,Tiny.V6,26879503,264
a1e6f543909b2dc6,fallenstararena_quarter_02_c18r26.tgm,Tiny.V0,27155556,569
c4a9282ea7aa4859,fallenstararena_quarter_02_c18r26.tgm.header,Tiny.V0,27156125,264
5394aee140e67f09,fallenstararena_quarter_02_c18r27.tgm,Tiny.VD,26844334,647
c45f96f98a16cf12,fallenstararena_quarter_02_c18r27.tgm.header,Tiny.VE,26811836,264
c3e1bd5656d837ab,fallenstararena_quarter_02_c18r28.tgm,Tiny.V6,26879767,563
40b752e0f8054b3f,fallenstararena_quarter_02_c18r28.tgm.header,Tiny.V0,27156389,264
1ee160cbc80cc01a,fallenstararena_quarter_02_c18r29.tgm,Tiny.VE,26812100,791
22cf94747c922c2c,fallenstararena_quarter_02_c18r29.tgm.header,Tiny.VD,26844981,264
33b01eedfe8111a0,fallenstararena_quarter_02_c18r3.tgm,Tiny.V5,26446447,1671
fa715175ed791f3c,fallenstararena_quarter_02_c18r3.tgm.header,Tiny.V9,27340008,264
29c7417359af4c0b,fallenstararena_quarter_02_c18r30.tgm,Tiny.VB,27069629,687
6de2712002582ae6,fallenstararena_quarter_02_c18r30.tgm.header,Tiny.VC,27034157,264
acf85a3311419b6f,fallenstararena_quarter_02_c18r31.tgm,Tiny.V0,27156653,647
1dfd4e2b5bffd766,fallenstararena_quarter_02_c18r31.tgm.header,Tiny.V9,27340272,264
0d896457a3685887,fallenstararena_quarter_02_c18r32.tgm,Tiny.V9,27340536,615
928a1c10106e331d,fallenstararena_quarter_02_c18r32.tgm.header,Tiny.V0,27157300,264
2d66a6fffb68e635,fallenstararena_quarter_02_c18r33.tgm,Tiny.V7,26821500,1045
c31d20ad04884896,fallenstararena_quarter_02_c18r33.tgm.header,Tiny.V1,26848669,264
9c42d7a6332fd4b2,fallenstararena_quarter_02_c17r4.tgm,Tiny.V8,26890162,2815
3d844288468b8453,fallenstararena_quarter_02_c17r4.tgm.header,Tiny.VF,27039341,264
3e22f3f8c6f0529f,fallenstararena_quarter_02_c17r5.tgm,Streaming/Content/data/balance/worldareas/EC/mapuberboss_fallenstar.vworld,555776,62597
c90e90622dec3f54,fallenstararena_quarter_02_c17r5.tgm.header,Tiny.V6,26878068,264
7b13742e8dea9a23,fallenstararena_quarter_02_c17r6.tgm,Tiny.V2,26993616,2077
da2e511d8db181a9,fallenstararena_quarter_02_c17r6.tgm.header,Tiny.V6,26878332,264
9eae2400adb97e5f,fallenstararena_quarter_02_c17r7.tgm,Tiny.V3,26700270,2131
acffc299f73d1619,fallenstararena_quarter_02_c17r7.tgm.header,Tiny.V1,26847613,264
5c78a6afed9bd795,fallenstararena_quarter_02_c17r8.tgm,Streaming/Content/data/balance/worldareas/19/mapuberboss_fallenstar.vworld,7208414,62279
a84c3d2722f91fd1,fallenstararena_quarter_02_c17r8.tgm.header,Tiny.V5,26443234,264
fe7360d91377fff6,fallenstararena_quarter_02_c17r9.tgm,Streaming/Content/data/balance/worldareas/59/mapuberboss_fallenstar.vworld,8888366,5867
c9765729739fd137,fallenstararena_quarter_02_c17r9.tgm.header,Tiny.V7,26818321,264
baa4fe79dc62f916,fallenstararena_quarter_02_c17r1.tgm,Tiny.V4,27189778,1803
2c8c42cfc03133c9,fallenstararena_quarter_02_c17r1.tgm.header,Tiny.V4,27191581,264
86f39059c1cf2ba4,fallenstararena_quarter_02_c17r10.tgm,Streaming/Content/data/balance/worldareas/g1_5.vworld.1,512133,8521
ee0e738204d9fa42,fallenstararena_quarter_02_c17r10.tgm.header,Tiny.V3,26697156,264
e06ccb43f368c21f,fallenstararena_quarter_02_c17r11.tgm,Streaming/Content/data/balance/worldareas/42/mapuberboss_fallenstar.vworld,518966,10909
6d5490549d1e21ba,fallenstararena_quarter_02_c17r11.tgm.header,Tiny.VB,27066025,264
d308009dbfe726bc,fallenstararena_quarter_02_c17r12.tgm,Streaming/Content/data/balance/worldareas/84/mapuberboss_ritual.vworld,341389,11613
12c7b07cfc564f77,fallenstararena_quarter_02_c17r12.tgm.header,Tiny.V3,26697420,290
d5ba94f39f6d7b28,fallenstararena_quarter_02_c17r13.tgm,Streaming/Content/data/balance/worldareas/A9/mapuberboss_fallenstar.vworld,1174439,7613
3d15926e62c2aa5d,fallenstararena_quarter_02_c17r13.tgm.header,Tiny.VB,27066289,264
c288c9ec3c37440b,fallenstararena_quarter_02_c17r14.tgm,Tiny.V9,27334446,2955
fd92b877c340535b,fallenstararena_quarter_02_c17r14.tgm.header,Tiny.V9,27337401,264
47157b166b6c1abe,fallenstararena_quarter_02_c17r15.tgm,Tiny.V5,26435559,2259
568719d1efcdff8a,fallenstararena_quarter_02_c17r15.tgm.header,Tiny.VA,27080704,264
d9befa6a5f30a9dc,fallenstararena_quarter_02_c17r16.tgm,Tiny.V3,26697710,1747
cb1fd02fa356ff52,fallenstararena_quarter_02_c17r16.tgm.header,Tiny.V4,27191845,264
bc186604af2665de,fallenstararena_quarter_02_c17r17.tgm,Tiny.VB,27066553,1965
1dacefb50f3476f1,fallenstararena_quarter_02_c17r17.tgm.header,Tiny.V2,26990691,264
9f19a625bb354839,fallenstararena_quarter_02_c17r18.tgm,Tiny.V5,26437818,2501
3a5355e177621347,fallenstararena_quarter_02_c17r18.tgm.header,Tiny.V5,26440319,264
a29b27d68784c809,fallenstararena_quarter_02_c17r19.tgm,Tiny.VA,27080968,2413
83b18cc80767c97b,fallenstararena_quarter_02_c17r19.tgm.header,Tiny.VE,26807861,264
7c120845c7fadfa0,fallenstararena_quarter_02_c17r2.tgm,Streaming/Content/data/balance/worldareas/61/mapuberboss_fallenstar.vworld,1421989,61975
0a54886b2824f844,fallenstararena_quarter_02_c17r2.tgm.header,Tiny.VD,26841462,264
ea5e324a07f97c19,fallenstararena_quarter_02_c17r20.tgm,Tiny.V2,26990955,2661
c260449a03f86ab7,fallenstararena_quarter_02_c17r20.tgm.header,Tiny.VF,27038074,264
ce1c74bcc968e85f,fallenstararena_quarter_02_c17r21.tgm,Tiny.VC,27032486,1407
055ef96df97c0e23,fallenstararena_quarter_02_c17r21.tgm.header,Tiny.V1,26847349,264
5f7c5f2c071b60d4,fallenstararena_quarter_02_c17r22.tgm,Tiny.V7,26817250,543
6e7fb5bbcb04380d,fallenstararena_quarter_02_c17r22.tgm.header,Tiny.V4,27399147,264
04b44b085a44bdfa,fallenstararena_quarter_02_c17r23.tgm,Tiny.V0,27150252,1021
6d341ca22f682395,fallenstararena_quarter_02_c17r23.tgm.header,Tiny.V7,26817793,264
4439d7fc6483846f,fallenstararena_quarter_02_c17r24.tgm,Tiny.VF,27038338,1003
ad5ee19ee89db068,fallenstararena_quarter_02_c17r24.tgm.header,Tiny.V3,26699457,264
9f593eb75cdeee80,fallenstararena_quarter_02_c17r25.tgm,Tiny.V9,27337665,727
9bcdd44464f1fdcc,fallenstararena_quarter_02_c17r25.tgm.header,Tiny.V4,27192109,264
c5f56d46fc6e5ba3,fallenstararena_quarter_02_c17r26.tgm,Streaming/Content/data/balance/worldareas/71/bossrush_area3.vworld.1,275206,42457
b57b4d3d52341770,fallenstararena_quarter_02_c17r26.tgm.header,Tiny.V4,27192373,264
f412bcc039435d8a,fallenstararena_quarter_02_c17r27.tgm,Tiny.V4,27192637,719
4781a6f486604e5f,fallenstararena_quarter_02_c17r27.tgm.header,Tiny.V5,26440583,264
863ad005ab1fbc0d,fallenstararena_quarter_02_c17r28.tgm,Tiny.VA,27083381,595
d3a2009df9efc73b,fallenstararena_quarter_02_c17r28.tgm.header,Tiny.V6,26877804,264
d28defea989dc008,fallenstararena_quarter_02_c17r29.tgm,Tiny.VE,26808125,509
f0dadbebfb9e039b,fallenstararena_quarter_02_c17r29.tgm.header,Tiny.V9,27338392,264
4169ff783be51ea6,fallenstararena_quarter_02_c17r3.tgm,Tiny.V5,26440847,2387
670a06aa6668f352,fallenstararena_quarter_02_c17r3.tgm.header,Tiny.V8,26889173,264
98f5140e12225262,fallenstararena_quarter_02_c17r30.tgm,Tiny.V0,27151273,497
eecf3b535ccf7c4f,fallenstararena_quarter_02_c17r30.tgm.header,Tiny.V7,26818057,264
48d4559456070ec6,fallenstararena_quarter_02_c17r31.tgm,Tiny.V8,26889437,725
00f96e65a40717f9,fallenstararena_quarter_02_c17r31.tgm.header,Tiny.V4,27193356,264
11bef36bd4711d51,fallenstararena_quarter_02_c17r32.tgm,Tiny.V3,26699721,549
cdfcf683b58a7aab,fallenstararena_quarter_02_c17r32.tgm.header,Tiny.V0,27151770,264
cdf23f198d9ace72,fallenstararena_quarter_02_c17r33.tgm,Tiny.V9,27338656,1039
a00547f9814e9d76,fallenstararena_quarter_02_c17r33.tgm.header,Tiny.VC,27033893,264
19a42adaee62c311,fallenstararena_quarter_02_c16r4.tgm,Tiny.V2,26985899,2547
a5efa6b9a1a135a6,fallenstararena_quarter_02_c16r4.tgm.header,Tiny.VA,27080440,264
bfafc5020abf9f43,fallenstararena_quarter_02_c16r5.tgm,Tiny.V5,26432052,3243
3f29d92856175bd7,fallenstararena_quarter_02_c16r5.tgm.header,Tiny.V8,26888645,264
01b69d7ee228c43f,fallenstararena_quarter_02_c16r6.tgm,Tiny.V3,26693403,3753
88eb1d24f186692f,fallenstararena_quarter_02_c16r6.tgm.header,Tiny.VD,26837621,264
b52078b3ea8e384b,fallenstararena_quarter_02_c16r7.tgm,Tiny.VD,26837885,3313
1d1bbc1ecdbae4f6,fallenstararena_quarter_02_c16r7.tgm.header,Tiny.VD,26841198,264
dd703660172f8826,fallenstararena_quarter_02_c16r8.tgm,Tiny.VB,27063510,2515
694c9b9799a70452,fallenstararena_quarter_02_c16r8.tgm.header,Tiny.V5,26435295,264
193d3dc8041d1eb2,fallenstararena_quarter_02_c16r9.tgm,Tiny.V2,26988446,2245
00e040ffbbee3735,fallenstararena_quarter_02_c16r9.tgm.header,Tiny.V8,26888909,264
d450cc623329c277,fallenstararena_quarter_02_c16r1.tgm,Tiny.VD,26830739,2899
595f46f62a585efb,fallenstararena_quarter_02_c16r1.tgm.header,Tiny.V7,26816458,264
e7774f354dbf3515,fallenstararena_quarter_02_c16r10.tgm,Tiny.VB,27061089,2091
fdd4b8fce54c4252,fallenstararena_quarter_02_c16r10.tgm.header,Tiny.V9,27333918,264
a3963ee76261e671,fallenstararena_quarter_02_c16r11.tgm,Streaming/Content/data/balance/worldareas/78/mapuberboss_fallenstar.vworld,5082958,4577
8c1e2c589e37608f,fallenstararena_quarter_02_c16r11.tgm.header,Tiny.VA,27078387,264
426ce8bd3320929b,fallenstararena_quarter_02_c16r12.tgm,Streaming/Content/data/balance/worldareas/61/mapuberboss_fallenstar.vworld,1411554,10435
beadb9929af3b62c,fallenstararena_quarter_02_c16r12.tgm.header,Tiny.V7,26816722,264
d3f67c1198d9b6a9,fallenstararena_quarter_02_c16r13.tgm,Streaming/Content/data/balance/worldareas/16/mapuberboss_fallenstar.vworld,5736651,8993
52dcbbaf268b2b24,fallenstararena_quarter_02_c16r13.tgm.header,Tiny.VB,27063180,330
99cd9736685f6dcb,fallenstararena_quarter_02_c16r14.tgm,Streaming/Content/data/balance/worldareas/64/p2_1.vworld.1,694394,7881
ae5fe37b2a085e07,fallenstararena_quarter_02_c16r14.tgm.header,Tiny.V3,26692139,264
8ce5adc417b7a493,fallenstararena_quarter_02_c16r15.tgm,Tiny.VE,26802996,3545
d663858219375a7f,fallenstararena_quarter_02_c16r15.tgm.header,Tiny.V2,26985635,264
2d6dd5b0ae415262,fallenstararena_quarter_02_c16r16.tgm,Tiny.V5,26425767,2207
b2a141a07c2dae6a,fallenstararena_quarter_02_c16r16.tgm.header,Tiny.V1,26841585,264
8ce4f527ec6991a3,fallenstararena_quarter_02_c16r17.tgm,Tiny.VD,26833638,1921
86a3e928f0f7cb58,fallenstararena_quarter_02_c16r17.tgm.header,Tiny.V7,26816986,264
1f621f1aae6477d2,fallenstararena_quarter_02_c16r18.tgm,Tiny.V6,26875811,1993
b7d2a38671cfe2dc,fallenstararena_quarter_02_c16r18.tgm.header,Tiny.VC,27032222,264
5555738182bca7fd,fallenstararena_quarter_02_c16r19.tgm,Tiny.VF,27035501,1781
c20bcdc35ab6babd,fallenstararena_quarter_02_c16r19.tgm.header,Tiny.VE,26806541,264
1575fa5bb12361ee,fallenstararena_quarter_02_c16r2.tgm,Tiny.V1,26841849,3551
8b88608112cc44ab,fallenstararena_quarter_02_c16r2.tgm.header,Tiny.VE,26806805,264
be4c6852380d0c92,fallenstararena_quarter_02_c16r20.tgm,Tiny.V5,26427974,2173
885304c8f32e841b,fallenstararena_quarter_02_c16r20.tgm.header,Tiny.V0,27149988,264
336175e98f7667ae,fallenstararena_quarter_02_c16r21.tgm,Tiny.V1,26845400,1949
20bad6f972b6aa1d,fallenstararena_quarter_02_c16r21.tgm.header,Tiny.VA,27078651,264
6eeee7c5a5788151,fallenstararena_quarter_02_c16r22.tgm,Tiny.V5,26430147,655
1048ca206f180470,fallenstararena_quarter_02_c16r22.tgm.header,Tiny.VC,27225805,264
76ed7c5fa56b23fa,fallenstararena_quarter_02_c16r23.tgm,Tiny.V5,26430802,779
c8e6b0311db79c0e,fallenstararena_quarter_02_c16r23.tgm.header,Tiny.VE,26807069,264
672256b407f4d82c,fallenstararena_quarter_02_c16r24.tgm,Tiny.VA,27078915,733
43ebb77e06a507fc,fallenstararena_quarter_02_c16r24.tgm.header,Tiny.VA,27079648,264
7f4b56f3751b81c6,fallenstararena_quarter_02_c16r25.tgm,Tiny.V3,26692403,589
0f75c371f8f8b97e,fallenstararena_quarter_02_c16r25.tgm.header,Tiny.VF,27037282,264
9c27fbe2e621d53d,fallenstararena_quarter_02_c16r26.tgm,Tiny.V5,26431581,471
c01448e05961af0f,fallenstararena_quarter_02_c16r26.tgm.header,Tiny.VA,27079912,264
4e6aec0078db77bb,fallenstararena_quarter_02_c16r27.tgm,Tiny.VD,26835559,701
114153331599ac19,fallenstararena_quarter_02_c16r27.tgm.header,Tiny.V9,27334182,264
3a149b41382dc0e1,fallenstararena_quarter_02_c16r28.tgm,Streaming/Content/data/balance/worldareas/C0/mapuberboss_fallenstar.vworld,69705,1320837
ec7286d78ce52fe2,fallenstararena_quarter_02_c16r28.tgm.header,Tiny.VD,26836260,530
5cc7ba53b7ccf1b1,fallenstararena_quarter_02_c16r29.tgm,Tiny.VD,26836790,567
2059642e805a6a27,fallenstararena_quarter_02_c16r29.tgm.header,Tiny.VE,26807333,264
1a1cb80cafbf20ec,fallenstararena_quarter_02_c16r3.tgm,Tiny.V8,26886022,2623
b46ae906fa182fa6,fallenstararena_quarter_02_c16r3.tgm.header,Tiny.VF,27037546,264
b6ce3480bd94c2f1,fallenstararena_quarter_02_c16r30.tgm,Streaming/Content/data/balance/worldareas/D6/mapuberboss_fallenstar.vworld,7162027,658269
56e2308b4f5b2546,fallenstararena_quarter_02_c16r30.tgm.header,Tiny.VF,27037810,264
7d7bad2f4b7ba16a,fallenstararena_quarter_02_c16r31.tgm,Streaming/Content/data/balance/worldareas/7F/mapuberboss_fallenstar.vworld,5947411,61035
2c8076b728e12ca7,fallenstararena_quarter_02_c16r31.tgm.header,Tiny.VD,26837357,264
9ea864c0b997cc04,fallenstararena_quarter_02_c16r32.tgm,Tiny.V3,26692992,411
22ce13ece602e581,fallenstararena_quarter_02_c16r32.tgm.header,Tiny.VA,27080176,264
a9c8e0d470d74e9a,fallenstararena_quarter_02_c16r33.tgm,Tiny.V4,27188935,843
071b73e22ddf794c,fallenstararena_quarter_02_c16r33.tgm.header,Tiny.VE,26807597,264
6b7b89f16c8441e9,fallenstararena_quarter_02_c15r4.tgm,Tiny.VA,27075560,2563
6c8932011fc0a3b3,fallenstararena_quarter_02_c15r4.tgm.header,Tiny.V8,26885758,264
d68898bba5d1b658,fallenstararena_quarter_02_c15r5.tgm,Tiny.V9,27326792,3643
d00cbb9ca2a80fb4,fallenstararena_quarter_02_c15r5.tgm.header,Tiny.VE,26802732,264
2b211929a9e18327,fallenstararena_quarter_02_c15r6.tgm,Streaming/Content/data/balance/worldareas/D6/mapuberboss_fallenstar.vworld,7157710,4317
2f5810813ced48cf,fallenstararena_quarter_02_c15r6.tgm.header,Tiny.VB,27060561,264
1f93eb064bfdd566,fallenstararena_quarter_02_c15r7.tgm,Streaming/Content/data/balance/worldareas/64/p2_1.vworld.1,690141,4253
26dc91e751abf621,fallenstararena_quarter_02_c15r7.tgm.header,Tiny.VB,27060825,264
813944d99e62240a,fallenstararena_quarter_02_c15r8.tgm,Streaming/Content/data/balance/worldareas/F7/g1_15.vworld,640060,4201
138674e0c8bc2456,fallenstararena_quarter_02_c15r8.tgm.header,Tiny.V7,26816194,264
c29e2c0a6c76c0ed,fallenstararena_quarter_02_c15r9.tgm,Tiny.V9,27330435,3483
ad500fe904581ee8,fallenstararena_quarter_02_c15r9.tgm.header,Tiny.VA,27078123,264
2e5b730c65fb3593,fallenstararena_quarter_02_c15r1.tgm,Tiny.V1,26836859,3135
a24f6cc769516e97,fallenstararena_quarter_02_c15r1.tgm.header,Tiny.VF,27034363,264
339002a464bb88cc,fallenstararena_quarter_02_c15r10.tgm,Tiny.V7,26807901,3267
983c46c711532bd3,fallenstararena_quarter_02_c15r10.tgm.header,Tiny.V6,26875283,264
1884d279b97d5b25,fallenstararena_quarter_02_c15r11.tgm,Tiny.V5,26421085,2561
0766702163c8bb68,fallenstararena_quarter_02_c15r11.tgm.header,Tiny.VC,27030576,264
47366bf2d51cf0b0,fallenstararena_quarter_02_c15r12.tgm,Tiny.V7,26811168,3831
a6530c31d827a685,fallenstararena_quarter_02_c15r12.tgm.header,Tiny.V5,26423646,264
2748e3c244523e0d,fallenstararena_quarter_02_c15r13.tgm,Streaming/Content/data/balance/worldareas/6B/mapuberboss_fallenstar.vworld,1788619,10067
30be9166966a1d6c,fallenstararena_quarter_02_c15r13.tgm.header,Tiny.VB,27059703,264
9ac023666ef850c3,fallenstararena_quarter_02_c15r14.tgm,Streaming/Content/data/balance/worldareas/1A/mapuberboss_fallenstar.vworld,755513,9015
fb247ab2fcfbce34,fallenstararena_quarter_02_c15r14.tgm.header,Tiny.V4,27187748,330
cf505612cf28ba0a,fallenstararena_quarter_02_c15r15.tgm,Streaming/Content/data/balance/worldareas/8C/mapuberboss_fallenstar.vworld,293745,7335
3b2513315fd33ec9,fallenstararena_quarter_02_c15r15.tgm.header,Tiny.V3,26690904,290
3f1bdf1354012e31,fallenstararena_quarter_02_c15r16.tgm,Streaming/Content/data/balance/worldareas/A2/mapuberboss_fallenstar.vworld,6560401,5505
5b7977afcad11105,fallenstararena_quarter_02_c15r16.tgm.header,Tiny.VA,27070728,264
64b46f7d499d69dc,fallenstararena_quarter_02_c15r17.tgm,Tiny.V9,27324224,2025
2d7fe1027976f9af,fallenstararena_quarter_02_c15r17.tgm.header,Tiny.V6,26875547,264
7f148d9fcc8ab489,fallenstararena_quarter_02_c15r18.tgm,Tiny.V2,26984338,1297
990f62ceeb697a21,fallenstararena_quarter_02_c15r18.tgm.header,Tiny.VD,26826499,264
dcf1dec61cc5e988,fallenstararena_quarter_02_c15r19.tgm,Tiny.V5,26423910,1593
d6462413a7c8cd17,fallenstararena_quarter_02_c15r19.tgm.header,Tiny.V3,26691194,264
231da1381bb6ab24,fallenstararena_quarter_02_c15r2.tgm,Tiny.VD,26826763,3413
e173939354250add,fallenstararena_quarter_02_c15r2.tgm.header,Tiny.V7,26814999,264
f18160fce57b91de,fallenstararena_quarter_02_c15r20.tgm,Tiny.VE,26799402,2425
95c3351f85975d7d,fallenstararena_quarter_02_c15r20.tgm.header,Tiny.VA,27070992,264
9197e8a8cb05a912,fallenstararena_quarter_02_c15r21.tgm,Tiny.V0,27147431,2557
1d21930d6f423d12,fallenstararena_quarter_02_c15r21.tgm.header,Tiny.VA,27071256,264
9f9843b7c658a637,fallenstararena_quarter_02_c15r22.tgm,Streaming/Content/data/balance/worldareas/FC/mapuberboss_fallenstar.vworld,450327,655829
16ee972d1226656b,fallenstararena_quarter_02_c15r22.tgm.header,Tiny.VF,27034627,610
6428acc2f0c173b0,fallenstararena_quarter_02_c15r23.tgm,Tiny.VD,26830176,563
228b7c511924842a,fallenstararena_quarter_02_c15r23.tgm.header,Tiny.V6,27014287,264
891cc1fea62b6eba,fallenstararena_quarter_02_c15r24.tgm,Tiny.VC,27030840,457
6e8a7be7adeed92f,fallenstararena_quarter_02_c15r24.tgm.header,Tiny.V1,26839994,264
af34316d2e261471,fallenstararena_quarter_02_c15r25.tgm,Streaming/Content/data/balance/worldareas/AA/mapuberboss_fallenstar.vworld,8763,630993
8a08d877a76fc5d4,fallenstararena_quarter_02_c15r25.tgm.header,Tiny.VB,27059967,330
0fe2bb5a09180685,fallenstararena_quarter_02_c15r26.tgm,Tiny.V7,26815263,667
a6f65a766fa2c4d0,fallenstararena_quarter_02_c15r26.tgm.header,Tiny.VF,27035237,264
f1284ff4f576c761,fallenstararena_quarter_02_c15r27.tgm,Tiny.V3,26691458,681
915c6122aaeb6b04,fallenstararena_quarter_02_c15r27.tgm.header,Tiny.VA,27071520,264
3bb14d877ab52ea0,fallenstararena_quarter_02_c15r28.tgm,Tiny.V1,26840258,799
d4d68a71153dc849,fallenstararena_quarter_02_c15r28.tgm.header,Tiny.V5,26425503,264
96b33007b9d4b9ae,fallenstararena_quarter_02_c15r29.tgm,Tiny.VE,26801827,641
d0385aa0a7668a6b,fallenstararena_quarter_02_c15r29.tgm.header,Tiny.V1,26841057,264
b236687aedf9a578,fallenstararena_quarter_02_c15r3.tgm,Tiny.VA,27071784,3149
d5d14448edc0065a,fallenstararena_quarter_02_c15r3.tgm.header,Tiny.VE,26802468,264
58be954ddd3ec1bc,fallenstararena_quarter_02_c15r30.tgm,Tiny.VA,27074933,627
2067370f662a2bbe,fallenstararena_quarter_02_c15r30.tgm.header,Tiny.VC,27031297,264
3354102eeabc28b2,fallenstararena_quarter_02_c15r31.tgm,Tiny.VC,27031561,661
1a41d27aa8130490,fallenstararena_quarter_02_c15r31.tgm.header,Tiny.V1,26841321,264
4109d77ca16884b6,fallenstararena_quarter_02_c15r32.tgm,Tiny.V9,27326249,543
0f2fffa16eb72f61,fallenstararena_quarter_02_c15r32.tgm.header,Tiny.V7,26815930,264
b6df2f37ab070a5b,fallenstararena_quarter_02_c15r33.tgm,Tiny.V4,27188078,857
3789e6cd1922a243,fallenstararena_quarter_02_c15r33.tgm.header,Tiny.VB,27060297,264
34222de8aa9c0585,fallenstararena_quarter_02_c14r4.tgm,Tiny.V3,26688047,2857
5887fcf37166f017,fallenstararena_quarter_02_c14r4.tgm.header,Tiny.V2,26984074,264
fa2700516cba2921,fallenstararena_quarter_02_c14r5.tgm,Streaming/Content/data/balance/worldareas/52/mapuberboss_fallenstar.vworld,296079,64501
64f413ac66bdf6a6,fallenstararena_quarter_02_c14r5.tgm.header,Tiny.VE,26799112,290
a348d120df232dc5,fallenstararena_quarter_02_c14r6.tgm,Streaming/Content/data/balance/worldareas/0E/mapuberboss_fallenstar.vworld,11903554,5197
956f39cb97a7d4d0,fallenstararena_quarter_02_c14r6.tgm.header,Tiny.VF,27034099,264
3bc128da14d66458,fallenstararena_quarter_02_c14r7.tgm,Streaming/Content/data/balance/worldareas/F6/mapport.vworld,515457,5779
416b1de48279779b,fallenstararena_quarter_02_c14r7.tgm.header,Tiny.V8,26885494,264
50426c5fdaccce0e,fallenstararena_quarter_02_c14r8.tgm,Streaming/Content/data/balance/worldareas/F7/g1_15.vworld,575481,64579
e8f1dcebf0aaeadd,fallenstararena_quarter_02_c14r8.tgm.header,Tiny.V7,26807611,290
0b855a6596593d13,fallenstararena_quarter_02_c14r9.tgm,Tiny.V5,26417730,3355
2fb295b060c21b5d,fallenstararena_quarter_02_c14r9.tgm.header,Tiny.V9,27323960,264
b959951cd984900a,fallenstararena_quarter_02_c14r1.tgm,Tiny.V4,27178300,2833
f823f54f4e8c5002,fallenstararena_quarter_02_c14r1.tgm.header,Tiny.VE,26794367,264
401402f96abbe328,fallenstararena_quarter_02_c14r10.tgm,Tiny.VE,26794631,3953
ed3e00fb4ea09b08,fallenstararena_quarter_02_c14r10.tgm.header,Tiny.V0,27143701,264
05ab303fe95c061f,fallenstararena_quarter_02_c14r11.tgm,Tiny.VD,26823076,3159
1e02e7a9832e400a,fallenstararena_quarter_02_c14r11.tgm.header,Tiny.VE,26798584,264
4a9f672d9e2a3c36,fallenstararena_quarter_02_c14r12.tgm,Tiny.V3,26685190,2329
dfe71ed5c949e6ce,fallenstararena_quarter_02_c14r12.tgm.header,Tiny.VE,26798848,264
45614c3cb8676b2b,fallenstararena_quarter_02_c14r13.tgm,Tiny.V7,26805078,1713
3703552778155707,fallenstararena_quarter_02_c14r13.tgm.header,Tiny.VC,27029235,264
72d1e0c210ec5388,fallenstararena_quarter_02_c14r14.tgm,Streaming/Content/data/balance/worldareas/A6/mapuberboss_fallenstar.vworld,275012,7967
4ed9c05d9c8a3ee6,fallenstararena_quarter_02_c14r14.tgm.header,Tiny.V8,26884721,264
bfdff3165f81a6e9,fallenstararena_quarter_02_c14r15.tgm,Streaming/Content/data/balance/worldareas/14/mapuberboss_fallenstar.vworld,1990283,9249
835cc26b66314dd7,fallenstararena_quarter_02_c14r15.tgm.header,Tiny.V0,27143965,330
49d3cba117aff4b5,fallenstararena_quarter_02_c14r16.tgm,Streaming/Content/data/balance/worldareas/09/mapuberboss_fallenstar.vworld,566436,9479
ec8615dc559d2ea0,fallenstararena_quarter_02_c14r16.tgm.header,Tiny.VB,27058621,290
6b021a54f05e7a3b,fallenstararena_quarter_02_c14r17.tgm,Streaming/Content/data/balance/worldareas/C8/mapuberboss_fallenstar.vworld,7255043,7079
1eb6a4abde94eba7,fallenstararena_quarter_02_c14r17.tgm.header,Tiny.VB,27058911,264
7030cbda954d8a47,fallenstararena_quarter_02_c14r18.tgm,Tiny.V0,27144295,2223
e0735ac312578d9a,fallenstararena_quarter_02_c14r18.tgm.header,Tiny.VD,26826235,264
231351f5269aa1c6,fallenstararena_quarter_02_c14r19.tgm,Streaming/Content/data/balance/worldareas/4F/mapuberboss_fallenstar.vworld,90585,1008683
4f3fc992be77b671,fallenstararena_quarter_02_c14r19.tgm.header,Tiny.V7,26806791,530
187c24d348048195,fallenstararena_quarter_02_c14r2.tgm,Streaming/Content/data/balance/worldareas/CB/mapuberboss_fallenstar.vworld,729703,62775
63db85a3b3dd764d,fallenstararena_quarter_02_c14r2.tgm.header,Tiny.V7,26807321,290
1c35a18d01c41867,fallenstararena_quarter_02_c14r20.tgm,Tiny.V4,27181133,2747
c6ac740db8ce6a37,fallenstararena_quarter_02_c14r20.tgm.header,Tiny.VB,27059175,264
cdff3ded7ed577bc,fallenstararena_quarter_02_c14r21.tgm,Tiny.VA,27065665,3109
8d021abfb83edd39,fallenstararena_quarter_02_c14r21.tgm.header,Tiny.VC,27029499,264
5f32ca08dd0a3e30,fallenstararena_quarter_02_c14r22.tgm,Tiny.V1,26833661,2261
d232703e9ec6dfe6,fallenstararena_quarter_02_c14r22.tgm.header,Tiny.V3,26687519,264
912819ed06657061,fallenstararena_quarter_02_c14r23.tgm,Tiny.VC,27029763,549
d83803e2e73eef60,fallenstararena_quarter_02_c14r23.tgm.header,Tiny.V2,27244072,264
8d6d51e4e7450f1c,fallenstararena_quarter_02_c14r24.tgm,Tiny.VA,27068774,883
dfd3ea8d811d5488,fallenstararena_quarter_02_c14r24.tgm.header,Tiny.V9,27321564,264
d80f949f43b7617c,fallenstararena_quarter_02_c14r25.tgm,Tiny.V6,26874004,1279
e3110c34cc4fd9d4,fallenstararena_quarter_02_c14r25.tgm.header,Tiny.V0,27146518,264
78d2ca1ce299e6b0,fallenstararena_quarter_02_c14r26.tgm,Tiny.V4,27183880,799
92c0b189f4743e41,fallenstararena_quarter_02_c14r26.tgm.header,Tiny.VC,27030312,264
b8d7633a36782747,fallenstararena_quarter_02_c14r27.tgm,Tiny.V9,27321828,549
153f5e4e1e29a204,fallenstararena_quarter_02_c14r27.tgm.header,Tiny.V1,26835922,264
4db1f41ed2b9a364,fallenstararena_quarter_02_c14r28.tgm,Tiny.V1,26836186,673
8094b30be8b8ce9b,fallenstararena_quarter_02_c14r28.tgm.header,Tiny.V3,26687783,264
18c3b5cd838d21c2,fallenstararena_quarter_02_c14r29.tgm,Tiny.VA,27069657,543
40084d57ba1c67cf,fallenstararena_quarter_02_c14r29.tgm.header,Tiny.V9,27322377,264
1cd2a89b36564224,fallenstararena_quarter_02_c14r3.tgm,Tiny.V4,27184679,3069
7e56ce3b4b8cc77c,fallenstararena_quarter_02_c14r3.tgm.header,Tiny.VB,27059439,264
3ec21c5d5e55b4fd,fallenstararena_quarter_02_c14r30.tgm,Tiny.V0,27146782,385
56df84be1e6bead9,fallenstararena_quarter_02_c14r30.tgm.header,Tiny.VA,27070200,264
668667324e674f06,fallenstararena_quarter_02_c14r31.tgm,Tiny.V8,26884985,509
a69556e3cc05085c,fallenstararena_quarter_02_c14r31.tgm.header,Tiny.VA,27070464,264
eb6f60d21b469fed,fallenstararena_quarter_02_c14r32.tgm,Streaming/Content/data/balance/worldareas/19/mapuberboss_fallenstar.vworld,6757761,450653
741081dd9fcdef40,fallenstararena_quarter_02_c14r32.tgm.header,Tiny.V9,27322641,330
0216381623d6bd48,fallenstararena_quarter_02_c14r33.tgm,Tiny.V9,27322971,989
391d4209c446fc22,fallenstararena_quarter_02_c14r33.tgm.header,Tiny.V0,27147167,264
30514833518ae913,fallenstararena_quarter_02_c13r4.tgm,Tiny.V8,26880682,3775
ab81780e479d0b96,fallenstararena_quarter_02_c13r4.tgm.header,Tiny.VA,27061842,264
962dc2d6353af5b7,fallenstararena_quarter_02_c13r5.tgm,Tiny.VC,27025392,3843
e571f4dec0a3efec,fallenstararena_quarter_02_c13r5.tgm.header,Tiny.V3,26684926,264
148a9c93333ed147,fallenstararena_quarter_02_c13r6.tgm,Tiny.VA,27062106,3559
1e2a11de67537f40,fallenstararena_quarter_02_c13r6.tgm.header,Tiny.VF,27033835,264
69e1dccd7424a845,fallenstararena_quarter_02_c13r7.tgm,Tiny.V6,26870555,3449
2c77d400a932138d,fallenstararena_quarter_02_c13r7.tgm.header,Tiny.V2,26983810,264
66a601365b39f714,fallenstararena_quarter_02_c13r8.tgm,Tiny.V1,26831184,2213
3d22c6de2d81598d,fallenstararena_quarter_02_c13r8.tgm.header,Tiny.V8,26884457,264
ecc5d9ca01ba3625,fallenstararena_quarter_02_c13r9.tgm,Tiny.VB,27056848,1773
0bdb0e10875a82a3,fallenstararena_quarter_02_c13r9.tgm.header,Tiny.V1,26833397,264
2d5a4d7c1efaac19,fallenstararena_quarter_02_c13r1.tgm,Tiny.V6,26862722,3219
d36a654fa2c4b2cd,fallenstararena_quarter_02_c13r1.tgm.header,Tiny.V2,26982992,264
5f9aa1e8d0bcecb3,fallenstararena_quarter_02_c13r10.tgm,Tiny.V4,27165420,2875
200604ac171a7b94,fallenstararena_quarter_02_c13r10.tgm.header,Tiny.VA,27051147,264
60a512d41db03d00,fallenstararena_quarter_02_c13r11.tgm,Tiny.VA,27051411,3291
e3b9b7211c5353eb,fallenstararena_quarter_02_c13r11.tgm.header,Tiny.V8,26879393,264
b090c44e28d8b40a,fallenstararena_quarter_02_c13r12.tgm,Tiny.VA,27054702,3253
d84e79cf9f833446,fallenstararena_quarter_02_c13r12.tgm.header,Tiny.VA,27057955,264
c16e25dec7da4e8b,fallenstararena_quarter_02_c13r13.tgm,Tiny.V4,27168295,3121
05351faf0870fcc0,fallenstararena_quarter_02_c13r13.tgm.header,Tiny.V8,26879657,264
4f0f4b5a11b98a5d,fallenstararena_quarter_02_c13r14.tgm,Streaming/Content/data/balance/worldareas/2E/mapuberboss_fallenstar.vworld,1917162,159565
29e0b01f73127a84,fallenstararena_quarter_02_c13r14.tgm.header,Tiny.V6,26865941,530
94dbb2ed51a88cde,fallenstararena_quarter_02_c13r15.tgm,Streaming/Content/data/balance/worldareas/BB/mapuberboss_fallenstar.vworld,2300083,6511
5e9e4d2a0b5b99b4,fallenstararena_quarter_02_c13r15.tgm.header,Tiny.V7,26804022,264
d10327eebc70ce71,fallenstararena_quarter_02_c13r16.tgm,Streaming/Content/data/balance/worldareas/68/mapmothersoul_male_quest.vworld,633132,11027
9342756aaa38a14a,fallenstararena_quarter_02_c13r16.tgm.header,Tiny.VC,27023505,290
af41c50838be1dfa,fallenstararena_quarter_02_c13r17.tgm,Streaming/Content/data/balance/worldareas/42/mapuberboss_fallenstar.vworld,507997,10969
8fca698e9bedd237,fallenstararena_quarter_02_c13r17.tgm.header,Tiny.V2,26983256,290
1fd7bb79b564aa3b,fallenstararena_quarter_02_c13r18.tgm,Streaming/Content/data/balance/worldareas/4A/mapuberboss_fallenstar.vworld,2173459,5929
86d35421a13293d2,fallenstararena_quarter_02_c13r18.tgm.header,Tiny.VD,26820367,264
3bba1b23d7d0ea92,fallenstararena_quarter_02_c13r19.tgm,Tiny.VA,27058219,3359
128b0a788ca14db4,fallenstararena_quarter_02_c13r19.tgm.header,Tiny.VC,27023795,264
e70ba794cc548bac,fallenstararena_quarter_02_c13r2.tgm,Tiny.V6,26866471,3343
2ed765f2c98db64e,fallenstararena_quarter_02_c13r2.tgm.header,Tiny.VF,27032387,264
85fe6cda6ff2c486,fallenstararena_quarter_02_c13r20.tgm,Tiny.V3,26681928,2417
0e9af51a9581d41f,fallenstararena_quarter_02_c13r20.tgm.header,Tiny.VE,26793396,264
95632eecd6412198,fallenstararena_quarter_02_c13r21.tgm,Tiny.VB,27053573,3011
f0776975319b751b,fallenstararena_quarter_02_c13r21.tgm.header,Tiny.VA,27061578,264
3da12f1228dce5a5,fallenstararena_quarter_02_c13r22.tgm,Tiny.V4,27171416,2791
8d1d3ba110668fbb,fallenstararena_quarter_02_c13r22.tgm.header,Tiny.VC,27024059,264
8fb10896dc509129,fallenstararena_quarter_02_c13r23.tgm,Tiny.VD,26820631,1201
4314cfc13e192431,fallenstararena_quarter_02_c13r23.tgm.header,Tiny.VD,26821832,264
f42658abd5ce8e99,fallenstararena_quarter_02_c13r24.tgm,Tiny.VF,27032651,411
3f19fa5addbcd202,fallenstararena_quarter_02_c13r24.tgm.header,Tiny.V4,27174207,264
ad8f63bb5423c723,fallenstararena_quarter_02_c13r25.tgm,Tiny.VF,27033062,773
c4c582a08ef0deb5,fallenstararena_quarter_02_c13r25.tgm.header,Tiny.V5,26417466,264
84cc78581f7a9eb8,fallenstararena_quarter_02_c13r26.tgm,Tiny.V9,27320811,753
1b3f13d8e76daaea,fallenstararena_quarter_02_c13r26.tgm.header,Tiny.V7,26804286,264
afa0d6b35c3d5ac0,fallenstararena_quarter_02_c13r27.tgm,Tiny.V8,26879921,497
08c44017d32d7976,fallenstararena_quarter_02_c13r27.tgm.header,Tiny.VC,27024323,264
9ab73c68c35d7ff3,fallenstararena_quarter_02_c13r28.tgm,Tiny.VD,26822096,457
68932cd68734257e,fallenstararena_quarter_02_c13r28.tgm.header,Tiny.V7,26804550,264
27d93ef04cfe5cdd,fallenstararena_quarter_02_c13r29.tgm,Tiny.V3,26684345,581
f665b3dcf17ec930,fallenstararena_quarter_02_c13r29.tgm.header,Tiny.V2,26983546,264
49a8a3310688fcaf,fallenstararena_quarter_02_c13r3.tgm,Tiny.V4,27174471,3829
c29d6757d48211cd,fallenstararena_quarter_02_c13r3.tgm.header,Tiny.VB,27056584,264
9902d69e44c97b01,fallenstararena_quarter_02_c13r30.tgm,Tiny.V6,26869814,477
dbaad3a42019e95e,fallenstararena_quarter_02_c13r30.tgm.header,Tiny.V0,27143437,264
26e4f7d91fe4c224,fallenstararena_quarter_02_c13r31.tgm,Tiny.VE,26793660,707
fb7b33cf4387d25f,fallenstararena_quarter_02_c13r31.tgm.header,Tiny.V6,26870291,264
49454c091a93a568,fallenstararena_quarter_02_c13r32.tgm,Tiny.VD,26822553,523
a608553935cc4dca,fallenstararena_quarter_02_c13r32.tgm.header,Tiny.V7,26804814,264
877de8de17db1e12,fallenstararena_quarter_02_c13r33.tgm,Tiny.VC,27024587,805
92725d1ef7c87a00,fallenstararena_quarter_02_c13r33.tgm.header,Tiny.V8,26880418,264
f3a50777adff19b0,fallenstararena_quarter_02_c12r4.tgm,Tiny.V0,27140700,2737
4797a3c06ac577bb,fallenstararena_quarter_02_c12r4.tgm.header,Tiny.VD,26820103,264
17f2445cee3f48e9,fallenstararena_quarter_02_c12r5.tgm,Tiny.V5,26413286,2313
6fd4e7972772bd2c,fallenstararena_quarter_02_c12r5.tgm.header,Tiny.VF,27030626,264
f8408993ba71e0c4,fallenstararena_quarter_02_c12r6.tgm,Tiny.V9,27318586,1961
a850ac2c347f57f7,fallenstararena_quarter_02_c12r6.tgm.header,Tiny.VA,27049218,264
746243f69ff37b27,fallenstararena_quarter_02_c12r7.tgm,Tiny.VA,27049482,1665
d87b2a7aaaaa57cb,fallenstararena_quarter_02_c12r7.tgm.header,Tiny.V9,27320547,264
87cc4a1fda305a29,fallenstararena_quarter_02_c12r8.tgm,Tiny.VF,27030890,1497
0ad857343333608a,fallenstararena_quarter_02_c12r8.tgm.header,Tiny.VE,26792868,264
1d734dae44507f7a,fallenstararena_quarter_02_c12r9.tgm,Tiny.V5,26415599,1867
9eab5542031a4e59,fallenstararena_quarter_02_c12r9.tgm.header,Tiny.VE,26793132,264
f3b2fea51333fac8,fallenstararena_quarter_02_c12r1.tgm,Streaming/Content/data/balance/worldareas/08/mapuberboss_fallenstar.vworld,8730877,5559
0585704c8a0ae120,fallenstararena_quarter_02_c12r1.tgm.header,Tiny.V2,26973375,264
d1a5a1d0134352a6,fallenstararena_quarter_02_c12r10.tgm,Tiny.VB,27043629,1721
76ab05919d7ef903,fallenstararena_quarter_02_c12r10.tgm.header,Tiny.V5,26412758,264
8135bfe07c0c1d32,fallenstararena_quarter_02_c12r11.tgm,Tiny.VF,27027672,1937
822d59792982dfe2,fallenstararena_quarter_02_c12r11.tgm.header,Tiny.V8,26878337,264
35642f4805a41121,fallenstararena_quarter_02_c12r12.tgm,Tiny.VD,26818099,1501
c65e1f51a5aa2dea,fallenstararena_quarter_02_c12r12.tgm.header,Tiny.VF,27029609,264
5bb2bc5b8323088f,fallenstararena_quarter_02_c12r13.tgm,Tiny.VB,27045350,3071
dbe8084eeff2ba8c,fallenstararena_quarter_02_c12r13.tgm.header,Tiny.VB,27048421,264
0d4e259e42b14004,fallenstararena_quarter_02_c12r14.tgm,Tiny.VB,27048685,3369
256a7160e4db6749,fallenstararena_quarter_02_c12r14.tgm.header,Tiny.VB,27052054,264
5da60bbacbc375e8,fallenstararena_quarter_02_c12r15.tgm,Tiny.V2,26973639,3091
3c4fcccb1dbe97e2,fallenstararena_quarter_02_c12r15.tgm.header,Tiny.V8,26878601,264
ae95ea27c512f702,fallenstararena_quarter_02_c12r16.tgm,Streaming/Content/data/balance/worldareas/D4/mapuberboss_fallenstar.vworld,16164,7021
dd4d8c6d8d82d9b4,fallenstararena_quarter_02_c12r16.tgm.header,Tiny.V2,26976730,290
95ce94f01c26cf33,fallenstararena_quarter_02_c12r17.tgm,Streaming/Content/data/balance/worldareas/F9/mapuberboss_fallenstar.vworld,742747,636633
164b1ad18f68a7f6,fallenstararena_quarter_02_c12r17.tgm.header,Tiny.V2,26977020,490
8dd1786561f91793,fallenstararena_quarter_02_c12r18.tgm,Streaming/Content/data/balance/worldareas/5D/mapprecursortowerdesert.vworld,464583,9453
7fa53b986321557b,fallenstararena_quarter_02_c12r18.tgm.header,Tiny.V4,27162031,290
76bba502b021056a,fallenstararena_quarter_02_c12r19.tgm,Streaming/Content/data/balance/worldareas/94/mapmothersoul_female.vworld,427114,4527
80bd9a55cb3e459d,fallenstararena_quarter_02_c12r19.tgm.header,Tiny.V2,26977510,264
6f4ea76938edc36e,fallenstararena_quarter_02_c12r2.tgm,Tiny.VE,26788297,4043
4ec9b2b84132f1dc,fallenstararena_quarter_02_c12r2.tgm.header,Tiny.VE,26792340,264
edbc8d3de1b09bd0,fallenstararena_quarter_02_c12r20.tgm,Tiny.V4,27162321,1981
0888ceee768b7137,fallenstararena_quarter_02_c12r20.tgm.header,Tiny.VA,27048954,264
bd9e907aba890ead,fallenstararena_quarter_02_c12r21.tgm,Tiny.VC,27020780,2461
2b20b5690336a439,fallenstararena_quarter_02_c12r21.tgm.header,Tiny.V8,26878865,264
36ab4512a5f25a81,fallenstararena_quarter_02_c12r22.tgm,Tiny.V2,26977774,3951
517e903ef0d5eb5c,fallenstararena_quarter_02_c12r22.tgm.header,Tiny.V2,26981725,264
2387236df160d123,fallenstararena_quarter_02_c12r23.tgm,Tiny.V1,26828179,2741
8d0383ebf3823060,fallenstararena_quarter_02_c12r23.tgm.header,Tiny.VB,27052318,264
96fbee6dda0a3deb,fallenstararena_quarter_02_c12r24.tgm,Tiny.V6,26861066,555
cc1c94910b6d9c15,fallenstararena_quarter_02_c12r24.tgm.header,Tiny.V0,27249240,264
9646ee4a73c2dd0f,fallenstararena_quarter_02_c12r25.tgm,Tiny.V6,26861621,837
f49df740f2a57c7a,fallenstararena_quarter_02_c12r25.tgm.header,Tiny.V7,26803758,264
f50961432a4f0395,fallenstararena_quarter_02_c12r26.tgm,Tiny.VF,27029873,753
507a8a5c81f5b7fb,fallenstararena_quarter_02_c12r26.tgm.header,Tiny.V8,26879129,264
aa9b178dd98bc4e4,fallenstararena_quarter_02_c12r27.tgm,Tiny.V4,27164302,555
5508cfb3281d40d7,fallenstararena_quarter_02_c12r27.tgm.header,Tiny.VB,27052582,264
6f9701a51d055fe7,fallenstararena_quarter_02_c12r28.tgm,Tiny.V3,26681301,627
d167e0159b4a6d50,fallenstararena_quarter_02_c12r28.tgm.header,Tiny.V5,26413022,264
1d01c49dd2d51cc7,fallenstararena_quarter_02_c12r29.tgm,Tiny.V0,27140033,667
2cd4b0ee3c7462df,fallenstararena_quarter_02_c12r29.tgm.header,Tiny.V6,26862458,264
7222dcfae16d176c,fallenstararena_quarter_02_c12r3.tgm,Tiny.V9,27315081,3241
6b63ed3a95a38f75,fallenstararena_quarter_02_c12r3.tgm.header,Tiny.V2,26981989,264
1c25b709b041fe1c,fallenstararena_quarter_02_c12r30.tgm,Tiny.VD,26819600,503
9aa3680f5fce7207,fallenstararena_quarter_02_c12r30.tgm.header,Tiny.V1,26830920,264
5cb7c1e56f201e8d,fallenstararena_quarter_02_c12r31.tgm,Tiny.V2,26982253,739
69b8866c568b73ff,fallenstararena_quarter_02_c12r31.tgm.header,Tiny.VC,27023241,264
5d1b958203c55f11,fallenstararena_quarter_02_c12r32.tgm,Tiny.V4,27164857,563
0f563d6f0a226b13,fallenstararena_quarter_02_c12r32.tgm.header,Tiny.VE,26792604,264
7aded63843d9da67,fallenstararena_quarter_02_c12r33.tgm,Tiny.VB,27052846,727
90a8fddd24d98dbc,fallenstararena_quarter_02_c12r33.tgm.header,Tiny.V9,27318322,264
5246a2ce80ac49aa,fallenstararena_quarter_02_c11r4.tgm,Tiny.VC,27019205,1575
3d34fc49e15f32d9,fallenstararena_quarter_02_c11r4.tgm.header,Tiny.V7,26803494,264
932642d153dadda3,fallenstararena_quarter_02_c11r5.tgm,Streaming/Content/data/balance/worldareas/D1/mapuberboss_fallenstar.vworld,386822,62245
a181dbeef5e68746,fallenstararena_quarter_02_c11r5.tgm.header,Tiny.VB,27040500,290
712f4c312f56bbea,fallenstararena_quarter_02_c11r6.tgm,Tiny.VB,27040790,2839
1ba9fd67e584982a,fallenstararena_quarter_02_c11r6.tgm.header,Tiny.V4,27161767,264
23bcabf0ff84389e,fallenstararena_quarter_02_c11r7.tgm,Tiny.V8,26875246,3091
149466553325f14a,fallenstararena_quarter_02_c11r7.tgm.header,Tiny.VF,27027144,264
0bc08577fed8add7,fallenstararena_quarter_02_c11r8.tgm,Streaming/Content/data/balance/worldareas/65/mapuberboss_fallenstar.vworld,6032380,63285
beb1ad28c217071e,fallenstararena_quarter_02_c11r8.tgm.header,Tiny.V2,26973085,290
53b94ccfce7a9470,fallenstararena_quarter_02_c11r9.tgm,Tiny.VA,27045437,3517
e7a0464ab4da2b67,fallenstararena_quarter_02_c11r9.tgm.header,Tiny.VF,27027408,264
d166537462c78fb2,fallenstararena_quarter_02_c11r1.tgm,Streaming/Content/data/balance/worldareas/08/mapuberboss_fallenstar.vworld,8725352,5525
2c24cf229c946d24,fallenstararena_quarter_02_c11r1.tgm.header,Tiny.VE,26787769,264
0e68a3807b00ee2a,fallenstararena_quarter_02_c11r10.tgm,Tiny.V5,26409159,3335
6cbd2c48d04bd745,fallenstararena_quarter_02_c11r10.tgm.header,Tiny.V7,26799366,264
7d43272a1e592cbe,fallenstararena_quarter_02_c11r11.tgm,Tiny.V8,26871593,3363
8dbbc11d269560bb,fallenstararena_quarter_02_c11r11.tgm.header,Tiny.VA,27042910,264
23a1195a79c69249,fallenstararena_quarter_02_c11r12.tgm,Tiny.VF,27022313,3089
fd9658c53b3552f6,fallenstararena_quarter_02_c11r12.tgm.header,Tiny.V9,27311644,264
bb2f639d362a0431,fallenstararena_quarter_02_c11r13.tgm,Tiny.V7,26799630,2153
9af9ef66cc131018,fallenstararena_quarter_02_c11r13.tgm.header,Tiny.VE,26788033,264
ae293859412ceb5a,fallenstararena_quarter_02_c11r14.tgm,Tiny.V9,27311908,2381
b434d30a17ea6f77,fallenstararena_quarter_02_c11r14.tgm.header,Tiny.V7,26801783,264
c1b63e40c2cb36a4,fallenstararena_quarter_02_c11r15.tgm,Tiny.VB,27035132,3973
00d66a879756b9bc,fallenstararena_quarter_02_c11r15.tgm.header,Tiny.V0,27136475,264
23034273fb65c632,fallenstararena_quarter_02_c11r16.tgm,Streaming/Content/data/balance/worldareas/7B/mapuberboss_fallenstar.vworld,2669875,4213
6878872b0ce1b581,fallenstararena_quarter_02_c11r16.tgm.header,Tiny.V3,26680509,264
7bd57199950cbf7c,fallenstararena_quarter_02_c11r17.tgm,Streaming/Content/data/balance/worldareas/1C/mapuberboss_fallenstar.vworld,812866,9707
ed4d6f7245e8277e,fallenstararena_quarter_02_c11r17.tgm.header,Tiny.VD,26816446,290
9deb163bfd6a9470,fallenstararena_quarter_02_c11r18.tgm,Streaming/Content/data/balance/worldareas/28/mapuberboss_fallenstar.vworld,962010,10483
39664b33c11799c6,fallenstararena_quarter_02_c11r18.tgm.header,Tiny.V4,27157314,330
30f5c31b9c7cf743,fallenstararena_quarter_02_c11r19.tgm,Streaming/Content/data/balance/worldareas/49/mapuberboss_fallenstar.vworld,7821,8675
a35802a015a0a563,fallenstararena_quarter_02_c11r19.tgm.header,Tiny.V8,26874956,290
05a2890f3b676aa2,fallenstararena_quarter_02_c11r2.tgm,Streaming/Content/data/balance/worldareas/B5/mapuberboss_fallenstar.vworld,1429441,62403
9a5d23ae7004d759,fallenstararena_quarter_02_c11r2.tgm.header,Tiny.VB,27039105,290
7fcc969c0acca7ab,fallenstararena_quarter_02_c11r20.tgm,Tiny.V4,27157644,3595
ffe3d76755d5a7f5,fallenstararena_quarter_02_c11r20.tgm.header,Tiny.V9,27314289,264
b724508a668cb2a0,fallenstararena_quarter_02_c11r21.tgm,Tiny.VA,27043174,2263
03577d5fcd9955a5,fallenstararena_quarter_02_c11r21.tgm.header,Tiny.VF,27025402,264
ee8e9a240a8a4382,fallenstararena_quarter_02_c11r22.tgm,Tiny.V6,26857626,2411
1b52c8b7c6a0b129,fallenstararena_quarter_02_c11r22.tgm.header,Tiny.V4,27161239,264
8a899001984d494a,fallenstararena_quarter_02_c11r23.tgm,Tiny.V0,27136739,2843
ce08b11b89a19ebe,fallenstararena_quarter_02_c11r23.tgm.header,Tiny.V2,26971579,264
029c15e9f437ac44,fallenstararena_quarter_02_c11r24.tgm,Tiny.VD,26816736,1363
e768a119d461ad4e,fallenstararena_quarter_02_c11r24.tgm.header,Tiny.V7,26802047,264
2ac8d3c6ab2af048,fallenstararena_quarter_02_c11r25.tgm,Tiny.V2,26971843,667
f1e66084c3818799,fallenstararena_quarter_02_c11r25.tgm.header,Tiny.V5,26412494,264
99c437b89ce9653d,fallenstararena_quarter_02_c11r26.tgm,Tiny.V0,27139582,451
f6c58137b5ebf202,fallenstararena_quarter_02_c11r26.tgm.header,Tiny.V9,27314553,264
78e74f4b8ab8c86e,fallenstararena_quarter_02_c11r27.tgm,Tiny.VF,27025666,667
cf4c705c805b19b4,fallenstararena_quarter_02_c11r27.tgm.header,Tiny.V4,27161503,264
87df1f043dc41e6f,fallenstararena_quarter_02_c11r28.tgm,Tiny.V7,26802311,655
e825052e144d96f3,fallenstararena_quarter_02_c11r28.tgm.header,Tiny.V7,26802966,264
06c1e8bb7a822645,fallenstararena_quarter_02_c11r29.tgm,Tiny.VF,27026333,811
6e19ba632c829860,fallenstararena_quarter_02_c11r29.tgm.header,Tiny.V7,26803230,264
3eca92941114520e,fallenstararena_quarter_02_c11r3.tgm,Tiny.V1,26825971,1619
e35525b07022388c,fallenstararena_quarter_02_c11r3.tgm.header,Tiny.V9,27314817,264
e9f734509c7ca15f,fallenstararena_quarter_02_c11r30.tgm,Tiny.V2,26972510,575
35a3c4875834bf05,fallenstararena_quarter_02_c11r30.tgm.header,Tiny.V3,26680773,264
545bdc3b872ec492,fallenstararena_quarter_02_c11r31.tgm,Tiny.V6,26860037,765
d247edf08906a65d,fallenstararena_quarter_02_c11r31.tgm.header,Tiny.V3,26681037,264
f9960cced0aaf6ec,fallenstararena_quarter_02_c11r32.tgm,Tiny.V1,26827590,589
a6f232c07b038b1d,fallenstararena_quarter_02_c11r32.tgm.header,Tiny.VC,27018941,264
901a02056fba2895,fallenstararena_quarter_02_c11r33.tgm,Tiny.VB,27039395,1105
e60ca27b770baec5,fallenstararena_quarter_02_c11r33.tgm.header,Tiny.V6,26860802,264
10b4c75c1639a75f,fallenstararena_quarter_02_c10r4.tgm,Tiny.V6,26855353,2273
4daaf47bb6f268ef,fallenstararena_quarter_02_c10r4.tgm.header,Tiny.V1,26825707,264
c7ce59a81838a989,fallenstararena_quarter_02_c10r5.tgm,Tiny.V7,26791764,3383
cddbe3fac84cf33f,fallenstararena_quarter_02_c10r5.tgm.header,Tiny.V3,26679981,264
1a3f0cbc1ce4b9e0,fallenstararena_quarter_02_c10r6.tgm,Tiny.V7,26795147,3929
e1bff85dd2258f66,fallenstararena_quarter_02_c10r6.tgm.header,Tiny.VB,27034868,264
bdd4908a909ddef6,fallenstararena_quarter_02_c10r7.tgm,Streaming/Content/data/balance/worldareas/56/mapuberboss_divinity.vworld,640906,4377
14a1cfb42a67a651,fallenstararena_quarter_02_c10r7.tgm.header,Tiny.V3,26680245,264
635908f197125af9,fallenstararena_quarter_02_c10r8.tgm,Streaming/Content/data/balance/worldareas/E5/mapuberboss_fallenstar.vworld,8612449,5091
ba0a57863be10ae1,fallenstararena_quarter_02_c10r8.tgm.header,Tiny.V5,26408895,264
e4ce7b729614058a,fallenstararena_quarter_02_c10r9.tgm,Streaming/Content/data/balance/worldareas/2E/mapuberboss_fallenstar.vworld,1910549,6613
0efd125bfa39a506,fallenstararena_quarter_02_c10r9.tgm.header,Tiny.V7,26799076,290
d567e33dc8013cff,fallenstararena_quarter_02_c10r1.tgm,Streaming/Content/data/balance/worldareas/66/mapuberboss_fallenstar.vworld,1929644,6321
2181b8501f32f175,fallenstararena_quarter_02_c10r1.tgm.header,Tiny.VF,27020088,330
1556ed3bc5cf6b5c,fallenstararena_quarter_02_c10r10.tgm,Streaming/Content/data/balance/worldareas/A8/mapuberboss_fallenstar.vworld,8111785,7129
5992a6ecc5177c84,fallenstararena_quarter_02_c10r10.tgm.header,Tiny.V1,26824625,290
19f8259b71e07c9c,fallenstararena_quarter_02_c10r11.tgm,Streaming/Content/data/balance/worldareas/2E/mapuberboss_fallenstar.vworld,1902656,7893
41fa6c19e57ce1fd,fallenstararena_quarter_02_c10r11.tgm.header,Tiny.VF,27020418,290
e9e5ba1d0fb78cae,fallenstararena_quarter_02_c10r12.tgm,Streaming/Content/data/balance/worldareas/31/mapuberboss_fallenstar.vworld,13018,6911
eac01c6ecadfcc4a,fallenstararena_quarter_02_c10r12.tgm.header,Tiny.V7,26787160,290
adf3f5e1deedcdb3,fallenstararena_quarter_02_c10r13.tgm,Streaming/Content/data/balance/worldareas/07/mapuberboss_fallenstar.vworld,6105795,49241
9878c10cd69c8bd1,fallenstararena_quarter_02_c10r13.tgm.header,Tiny.VE,26787439,330
b64906859415b842,fallenstararena_quarter_02_c10r14.tgm,Tiny.V7,26787450,3145
772e5abc8fbe13d0,fallenstararena_quarter_02_c10r14.tgm.header,Tiny.V9,27307845,264
3aba5c4c0e0b24ec,fallenstararena_quarter_02_c10r15.tgm,Tiny.V8,26868802,2527
dc696c13ca7ce15b,fallenstararena_quarter_02_c10r15.tgm.header,Tiny.VA,27038645,264
6716322f2fca7783,fallenstararena_quarter_02_c10r16.tgm,Tiny.VA,27038909,4001
7a7e28e208e2d073,fallenstararena_quarter_02_c10r16.tgm.header,Tiny.VF,27020708,264
54387483dd07a675,fallenstararena_quarter_02_c10r17.tgm,Streaming/Content/data/balance/worldareas/92/mapuberboss_fallenstar.vworld,692223,4203
a0ded1cc1f4abacd,fallenstararena_quarter_02_c10r17.tgm.header,Tiny.V5,26406979,264
cb25d6e268e7617c,fallenstararena_quarter_02_c10r18.tgm,Streaming/Content/data/balance/worldareas/48/expeditionsubarea_blackknightboss.vworld,200685,8385
9e50384c44ed27b8,fallenstararena_quarter_02_c10r18.tgm.header,Tiny.V4,27156430,330
56f4d50657448ede,fallenstararena_quarter_02_c10r19.tgm,Streaming/Content/data/balance/worldareas/32/mapuberboss_fallenstar.vworld,638192,8077
419af2a87bf70e5f,fallenstararena_quarter_02_c10r19.tgm.header,Tiny.V9,27308109,330
53f53e57052cfc34,fallenstararena_quarter_02_c10r2.tgm,Tiny.VC,27015913,2347
5f97008e2c28d0b4,fallenstararena_quarter_02_c10r2.tgm.header,Tiny.V4,27156760,290
55072da1c53a23b5,fallenstararena_quarter_02_c10r20.tgm,Streaming/Content/data/balance/worldareas/B7/mapuberboss_fallenstar.vworld,1026274,7399
d0190829566391b6,fallenstararena_quarter_02_c10r20.tgm.header,Tiny.V5,26407243,290
3ee813ea106ea9fa,fallenstararena_quarter_02_c10r21.tgm,Tiny.V2,26968703,2253
0cb2a129868c2ccd,fallenstararena_quarter_02_c10r21.tgm.header,Tiny.V0,27134372,264
d2f5e9ee805c078c,fallenstararena_quarter_02_c10r22.tgm,Tiny.V0,27134636,1575
e8f2fc479ea2fc96,fallenstararena_quarter_02_c10r22.tgm.header,Tiny.V8,26871329,264
968210bd1bd15e9f,fallenstararena_quarter_02_c10r23.tgm,Tiny.V9,27308439,3205
fcdb9da9625347d9,fallenstararena_quarter_02_c10r23.tgm.header,Tiny.V7,26790595,264
c5fbdcd3cdc2875a,fallenstararena_quarter_02_c10r24.tgm,Tiny.VD,26814417,2029
1c498cf289e0fb30,fallenstararena_quarter_02_c10r24.tgm.header,Tiny.V1,26824915,264
fadd51148be50111,fallenstararena_quarter_02_c10r25.tgm,Streaming/Content/data/balance/worldareas/1C/mapuberboss_fallenstar.vworld,646295,166571
959aeab203c762f5,fallenstararena_quarter_02_c10r25.tgm.header,Tiny.V4,27157050,264
5a0a21e2697658a1,fallenstararena_quarter_02_c10r26.tgm,Tiny.V2,26970956,359
f681fb7cfaca3af5,fallenstararena_quarter_02_c10r26.tgm.header,Tiny.VF,27020972,264
ce84452741b25611,fallenstararena_quarter_02_c10r27.tgm,Tiny.V5,26407533,707
cf1f502adbd9f682,fallenstararena_quarter_02_c10r27.tgm.header,Tiny.V1,26825179,264
24c8804f9b910efd,fallenstararena_quarter_02_c10r28.tgm,Tiny.V7,26790859,615
c10b2dfd2a46ccdd,fallenstararena_quarter_02_c10r28.tgm.header,Tiny.V1,26825443,264
726648bb2e89a7c6,fallenstararena_quarter_02_c10r29.tgm,Tiny.V3,26677061,739
bb5d511841c3ac4f,fallenstararena_quarter_02_c10r29.tgm.header,Tiny.V2,26971315,264
43324dce0b47dbff,fallenstararena_quarter_02_c10r3.tgm,Tiny.V3,26677800,2181
5d0c4d2b175f0483,fallenstararena_quarter_02_c10r3.tgm.header,Tiny.V7,26791474,290
e375dda139ff6d28,fallenstararena_quarter_02_c10r30.tgm,Tiny.VF,27021236,549
4fa478cce8d1ea7c,fallenstararena_quarter_02_c10r30.tgm.header,Tiny.VF,27021785,264
9d4197d374b49daf,fallenstararena_quarter_02_c10r31.tgm,Tiny.VC,27018260,681
fbedb35c408a989e,fallenstararena_quarter_02_c10r31.tgm.header,Tiny.V6,26855089,264
572b66661bbad811,fallenstararena_quarter_02_c10r32.tgm,Tiny.V5,26408240,655
8460f094fa6eb616,fallenstararena_quarter_02_c10r32.tgm.header,Tiny.VF,27022049,264
e35f648688c322a5,fallenstararena_quarter_02_c10r33.tgm,Tiny.VB,27033577,1291
bff02cc88f017b83,fallenstararena_quarter_02_c10r33.tgm.header,Tiny.V0,27136211,264
1c4a1a60180a352f,fallenstararena_quarter_02_c1r4.tgm,Tiny.V6,26887761,1307
391bcd7a89255d92,fallenstararena_quarter_02_c1r4.tgm.header,Tiny.V9,27349608,264
4085911696b8f550,fallenstararena_quarter_02_c1r5.tgm,Tiny.V5,26451137,1323
482381ef2bab844b,fallenstararena_quarter_02_c1r5.tgm.header,Tiny.VE,26818230,264
32b7761b08336bc0,fallenstararena_quarter_02_c1r6.tgm,Tiny.VF,27047190,1217
fea8db84cfd6dc69,fallenstararena_quarter_02_c1r6.tgm.header,Tiny.VF,27048407,264
1cef50054ef8ee95,fallenstararena_quarter_02_c1r7.tgm,Tiny.VD,26848670,1329
8ee01257a1dd9b36,fallenstararena_quarter_02_c1r7.tgm.header,Tiny.V5,26452460,264
4b30c1e7bc6f0cc3,fallenstararena_quarter_02_c1r8.tgm,Tiny.V5,26452724,1307
6118793bf9032677,fallenstararena_quarter_02_c1r8.tgm.header,Tiny.V9,27349872,264
5dc9a23eead0a463,fallenstararena_quarter_02_c1r9.tgm,Tiny.VA,27085619,1705
9243a6613195a84a,fallenstararena_quarter_02_c1r9.tgm.header,Tiny.V5,26454031,264
2c2fad0aa23b8a87,fallenstararena_quarter_02_c1r1.tgm,Tiny.V3,26711709,417
20f76344f65d5002,fallenstararena_quarter_02_c1r1.tgm.header,Tiny.V9,27343742,264
a26657692e6c49c0,fallenstararena_quarter_02_c1r10.tgm,Streaming/Content/data/balance/worldareas/31/mapuberboss_fallenstar.vworld,19929,472287
60b7b424790d9ec1,fallenstararena_quarter_02_c1r10.tgm.header,Tiny.VA,27084768,323
82b73c554e0de347,fallenstararena_quarter_02_c1r11.tgm,Tiny.V0,27160924,2569
c3ffeb7ec7a980e1,fallenstararena_quarter_02_c1r11.tgm.header,Tiny.VC,27035650,264
4c5e7acefe9843d5,fallenstararena_quarter_02_c1r12.tgm,Tiny.V3,26712126,3539
c43f7e6abb9c3b02,fallenstararena_quarter_02_c1r12.tgm.header,Tiny.VE,26816113,264
fc818e36f026a203,fallenstararena_quarter_02_c1r13.tgm,Tiny.V9,27344006,2987
a6c42286dfc0df98,fallenstararena_quarter_02_c1r13.tgm.header,Tiny.V7,26825190,264
698d3807e1845457,fallenstararena_quarter_02_c1r14.tgm,Tiny.V6,26884072,2897
4653364869e3f226,fallenstararena_quarter_02_c1r14.tgm.header,Tiny.V6,26886969,264
1702746ac7462c9d,fallenstararena_quarter_02_c1r15.tgm,Streaming/Content/data/balance/worldareas/3B/mapuberboss_fallenstar.vworld,370651,598309
f631d98400b183f0,fallenstararena_quarter_02_c1r15.tgm.header,Tiny.VD,26848083,323
6d50b390e266bd41,fallenstararena_quarter_02_c1r16.tgm,Tiny.V0,27163493,3211
e8d6c2d84c4bd0e8,fallenstararena_quarter_02_c1r16.tgm.header,Tiny.VA,27085091,264
2efe4288335b2e29,fallenstararena_quarter_02_c1r17.tgm,Tiny.V2,27003813,2055
8c7fd3b427b2911c,fallenstararena_quarter_02_c1r17.tgm.header,Tiny.V4,27195131,264
0a607717db758f9e,fallenstararena_quarter_02_c1r18.tgm,Tiny.VE,26816377,1483
6f735b2d6ee82c5e,fallenstararena_quarter_02_c1r18.tgm.header,Tiny.V7,26825454,264
de4a57a0414930ba,fallenstararena_quarter_02_c1r19.tgm,Streaming/Content/data/balance/worldareas/E1/mapuberboss_fallenstar.vworld,93515,5035
fefbe05d6f5eb974,fallenstararena_quarter_02_c1r19.tgm.header,Tiny.V0,27166704,264
25743799f42f3e2c,fallenstararena_quarter_02_c1r2.tgm,Tiny.V5,26450214,923
625a15aa19f94300,fallenstararena_quarter_02_c1r2.tgm.header,Tiny.V6,26887233,264
6ac6c665738f12c1,fallenstararena_quarter_02_c1r20.tgm,Streaming/Content/data/balance/worldareas/20/mapuberboss_fallenstar.vworld,5630742,6501
9f99f00279d68fba,fallenstararena_quarter_02_c1r20.tgm.header,Tiny.V8,26898089,330
ef2f18b9c9cd821a,fallenstararena_quarter_02_c1r21.tgm,Streaming/Content/data/balance/worldareas/FD/mapuberboss_fallenstar.vworld,1660186,5303
d91eb438e4b2f89c,fallenstararena_quarter_02_c1r21.tgm.header,Tiny.VE,26817860,370
1af8ec4eb99596c2,fallenstararena_quarter_02_c1r22.tgm,Streaming/Content/data/balance/worldareas/38/mapuberboss_fallenstar.vworld,824044,7013
a1b3ad190289ef31,fallenstararena_quarter_02_c1r22.tgm.header,Tiny.VC,27035914,330
73e9f02ce5024c85,fallenstararena_quarter_02_c1r23.tgm,Streaming/Content/data/balance/worldareas/68/mapmothersoul_male_quest.vworld,644159,8645
79cb7da3e580ac0e,fallenstararena_quarter_02_c1r23.tgm.header,Tiny.V1,26851304,330
7a34ba8a7c256b35,fallenstararena_quarter_02_c1r24.tgm,Streaming/Content/data/balance/worldareas/79/mapuberboss_fallenstar.vworld,11202968,6097
de02f2bee477aa92,fallenstararena_quarter_02_c1r24.tgm.header,Tiny.V8,26898419,264
b9ee33f8055e5e59,fallenstararena_quarter_02_c1r25.tgm,Tiny.VC,27036244,1907
cb13bd550c3d8129,fallenstararena_quarter_02_c1r25.tgm.header,Tiny.V3,26715665,264
238fcc7ba94affe0,fallenstararena_quarter_02_c1r26.tgm,Tiny.V9,27346993,2615
bcfc2a9f62a13473,fallenstararena_quarter_02_c1r26.tgm.header,Tiny.V6,26887497,264
2dbca244136f5df0,fallenstararena_quarter_02_c1r27.tgm,Tiny.VC,27038151,1875
14e880cb48985ec1,fallenstararena_quarter_02_c1r27.tgm.header,Tiny.V7,26825718,264
8463d9a4789d4f62,fallenstararena_quarter_02_c1r28.tgm,Tiny.V7,26825982,379
11438bb9a9266aef,fallenstararena_quarter_02_c1r28.tgm.header,Tiny.VC,27040026,264
ba19b1648c318f43,fallenstararena_quarter_02_c1r29.tgm,Tiny.V7,26826361,333
85649adf4b31fac8,fallenstararena_quarter_02_c1r29.tgm.header,Tiny.V2,27005868,264
a2d40a7c856a2fdd,fallenstararena_quarter_02_c1r3.tgm,Tiny.VC,27040290,1335
5da3663949499548,fallenstararena_quarter_02_c1r3.tgm.header,Tiny.VB,27073877,264
8f61e59fc8043fd8,fallenstararena_quarter_02_c1r30.tgm,Tiny.V4,27195395,327
6bba2d3eccd248bb,fallenstararena_quarter_02_c1r30.tgm.header,Tiny.VD,26848406,264
5836079fdf6ee0c0,fallenstararena_quarter_02_c1r31.tgm,Tiny.V1,26851634,313
459f29e0439ca844,fallenstararena_quarter_02_c1r31.tgm.header,Tiny.V2,27006132,264
a6f01fc3bb5b617e,fallenstararena_quarter_02_c1r32.tgm,Tiny.V2,27006396,451
a997c3385fa532e9,fallenstararena_quarter_02_c1r32.tgm.header,Tiny.VA,27085355,264
7d564898f6c2203a,fallenstararena_quarter_02_c1r33.tgm,Streaming/Content/data/balance/worldareas/D5/mapuberboss_fallenstar.vworld,85688,9173
fa42e74ffd5e20b9,fallenstararena_quarter_02_c1r33.tgm.header,Tiny.V8,26898683,330
91db8b0b22c58a76,fallenstararena_quarter_03_c9r4.tgm,Tiny.VC,27201752,687
919f1e88ff53ef9a,fallenstararena_quarter_03_c9r4.tgm.header,Tiny.V5,26601891,264
e8c0cec55a2409ff,fallenstararena_quarter_03_c9r5.tgm,Tiny.V1,26990360,647
22bcee84c1728d61,fallenstararena_quarter_03_c9r5.tgm.header,Tiny.V1,26991007,264
57370c9bb5098222,fallenstararena_quarter_03_c9r6.tgm,Tiny.V5,26602155,365
5651df9c7a6a323b,fallenstararena_quarter_03_c9r6.tgm.header,Tiny.V8,27051673,264
9ec9b96c62be4d00,fallenstararena_quarter_03_c9r7.tgm,Tiny.V2,27162273,543
0a694fbacb41a4dc,fallenstararena_quarter_03_c9r7.tgm.header,Tiny.V2,27162816,264
9763d3ad12fef2e7,fallenstararena_quarter_03_c9r8.tgm,Tiny.V4,27340517,549
15a90fc0d55b5368,fallenstararena_quarter_03_c9r8.tgm.header,Tiny.VA,27228586,264
f03937bb7657f524,fallenstararena_quarter_03_c9r9.tgm,Tiny.VE,26954191,581
ffc4afa8ede92a7b,fallenstararena_quarter_03_c9r9.tgm.header,Tiny.VF,27179881,264
57f930968d73108e,fallenstararena_quarter_03_c9r1.tgm,Tiny.VE,26952019,1005
4e22ddfa1332188d,fallenstararena_quarter_03_c9r1.tgm.header,Tiny.V0,27312167,264
987b5273c7f7af03,fallenstararena_quarter_03_c9r10.tgm,Tiny.VB,27226993,431
88ff23e4101326fd,fallenstararena_quarter_03_c9r10.tgm.header,Tiny.VE,26953024,264
e499cd2188f5e09c,fallenstararena_quarter_03_c9r11.tgm,Tiny.V9,27482223,457
1151efb626bbb8d9,fallenstararena_quarter_03_c9r11.tgm.header,Tiny.VB,27227424,264
4f1ea014ed327db0,fallenstararena_quarter_03_c9r12.tgm,Tiny.V8,27049768,509
216750757e34bb1a,fallenstararena_quarter_03_c9r12.tgm.header,Tiny.V0,27312431,264
e4203389fc40c9fe,fallenstararena_quarter_03_c9r13.tgm,Tiny.VA,27226336,705
2b85372f64eb6993,fallenstararena_quarter_03_c9r13.tgm.header,Tiny.VF,27178835,264
709de2273dea7e8a,fallenstararena_quarter_03_c9r14.tgm,Tiny.VB,27227688,549
f470e0fe952b4a4b,fallenstararena_quarter_03_c9r14.tgm.header,Tiny.V7,26998979,264
d331eb1f1d8ef125,fallenstararena_quarter_03_c9r15.tgm,Tiny.V4,27339558,431
7dcb6b33722fac75,fallenstararena_quarter_03_c9r15.tgm.header,Tiny.VC,27199560,264
69e4f9d61fc75870,fallenstararena_quarter_03_c9r16.tgm,Tiny.V7,26999243,549
cd2f8d3d36f6322c,fallenstararena_quarter_03_c9r16.tgm.header,Tiny.V4,27339989,264
6beb9a4bfe0e7b36,fallenstararena_quarter_03_c9r17.tgm,Tiny.V2,27160761,587
8fe73e2ef472c644,fallenstararena_quarter_03_c9r17.tgm.header,Tiny.VB,27228237,264
108a8048907028e4,fallenstararena_quarter_03_c9r18.tgm,Tiny.V9,27482680,529
92ded3c778435eae,fallenstararena_quarter_03_c9r18.tgm.header,Tiny.VA,27227041,264
4637ae7c9e32a22c,fallenstararena_quarter_03_c9r19.tgm,Tiny.V9,27483209,457
aca866869baf2a40,fallenstararena_quarter_03_c9r19.tgm.header,Tiny.V1,26990096,264
0a9904e1ccab242f,fallenstararena_quarter_03_c9r2.tgm,Tiny.VB,27228501,463
a2dc514e36094007,fallenstararena_quarter_03_c9r2.tgm.header,Tiny.V8,27050277,264
c921aafe621c51fa,fallenstararena_quarter_03_c9r20.tgm,Tiny.VF,27179099,325
e1c9a2e3702e2f8a,fallenstararena_quarter_03_c9r20.tgm.header,Tiny.VB,27228964,264
bee22ada5c5e4916,fallenstararena_quarter_03_c9r21.tgm,Tiny.VE,26953288,639
be8d4ee54951ca22,fallenstararena_quarter_03_c9r21.tgm.header,Tiny.VE,26953927,264
24b09a4c42ce52b5,fallenstararena_quarter_03_c9r22.tgm,Tiny.VB,27229228,673
c97e8d1b9b7ad3cc,fallenstararena_quarter_03_c9r22.tgm.header,Tiny.V2,27161348,264
75ced045ea1c6526,fallenstararena_quarter_03_c9r23.tgm,Tiny.V2,27161612,661
38d9d23b0bee769c,fallenstararena_quarter_03_c9r23.tgm.header,Tiny.V7,26999792,264
30d8d3426dc36e79,fallenstararena_quarter_03_c9r24.tgm,Tiny.VC,27199824,963
f2c22958c81930a0,fallenstararena_quarter_03_c9r24.tgm.header,Tiny.V0,27312695,264
ee700425a1a79d5b,fallenstararena_quarter_03_c9r25.tgm,Tiny.V8,27050541,727
164f0862df587370,fallenstararena_quarter_03_c9r25.tgm.header,Tiny.VC,27200787,264
797ea6df10a06916,fallenstararena_quarter_03_c9r26.tgm,Tiny.VA,27227305,753
b2096611c2157afc,fallenstararena_quarter_03_c9r26.tgm.header,Tiny.V9,27541776,264
4a14eadacdda4dd3,fallenstararena_quarter_03_c9r27.tgm,Tiny.V9,27483666,805
891d1f7dbf13ba7d,fallenstararena_quarter_03_c9r27.tgm.header,Tiny.V4,27340253,264
5662e42cf3b1e33e,fallenstararena_quarter_03_c9r28.tgm,Tiny.V5,26601328,563
bc4c63b234472605,fallenstararena_quarter_03_c9r28.tgm.header,Tiny.V6,27014287,264
01077b59bd4280bd,fallenstararena_quarter_03_c9r29.tgm,Tiny.V8,27051268,405
c1ebf8ad2d013e2e,fallenstararena_quarter_03_c9r29.tgm.header,Tiny.V7,27000056,264
238145e5a44b9b32,fallenstararena_quarter_03_c9r3.tgm,Tiny.V0,27312959,639
7b64d0d59b77eb17,fallenstararena_quarter_03_c9r3.tgm.header,Tiny.VA,27228058,264
12e74bbf1eed59f1,fallenstararena_quarter_03_c9r30.tgm,Tiny.VF,27179424,457
8b4533fc9813da4b,fallenstararena_quarter_03_c9r30.tgm.header,Tiny.VA,27228322,264
5ec804fc3214a1ef,fallenstararena_quarter_03_c9r31.tgm,Tiny.V6,27014551,555
6a420f094c0e5bd4,fallenstararena_quarter_03_c9r31.tgm.header,Tiny.VD,26979898,264
64adf3e43b0fa266,fallenstararena_quarter_03_c9r32.tgm,Tiny.VC,27201051,437
b04d85cb8fd80bcd,fallenstararena_quarter_03_c9r32.tgm.header,Tiny.V0,27313598,264
ddce5d8fcafbdd09,fallenstararena_quarter_03_c9r33.tgm,Tiny.V6,27015106,827
f15edf6e4ff47206,fallenstararena_quarter_03_c9r33.tgm.header,Tiny.VC,27201488,264
72b2045235c60d8f,fallenstararena_quarter_03_c8r4.tgm,Tiny.V9,27481642,581
1c2cf98e94986a2f,fallenstararena_quarter_03_c8r4.tgm.header,Tiny.VE,26951755,264
8f21d39fd4cf900a,fallenstararena_quarter_03_c8r5.tgm,Streaming/Content/data/balance/worldareas/63/mapuberboss_fallenstar.vworld,5782372,54525
ae643aa7ea035b22,fallenstararena_quarter_03_c8r5.tgm.header,Tiny.VB,27226729,264
79b0143b4b143f60,fallenstararena_quarter_03_c8r6.tgm,Tiny.V8,27048785,719
20b56a495077a59a,fallenstararena_quarter_03_c8r6.tgm.header,Tiny.V4,27339294,264
91a5042c38f5e426,fallenstararena_quarter_03_c8r7.tgm,Tiny.V2,27159812,949
171fc0e27cfd9660,fallenstararena_quarter_03_c8r7.tgm.header,Tiny.V8,27049504,264
ebad81cd2bbe7173,fallenstararena_quarter_03_c8r8.tgm,Streaming/Content/data/balance/worldareas/9D/mapuberboss_fallenstar.vworld,5768971,54499
1c1e7d1092866c11,fallenstararena_quarter_03_c8r8.tgm.header,Tiny.V6,27014023,264
cfd0810f840987af,fallenstararena_quarter_03_c8r9.tgm,Tiny.V7,26998628,351
dbbd80ed4b0c6496,fallenstararena_quarter_03_c8r9.tgm.header,Tiny.V5,26601064,264
2bbb7d60cf9df092,fallenstararena_quarter_03_c8r1.tgm,Tiny.V6,27011074,849
b0067f4aa54acbe2,fallenstararena_quarter_03_c8r1.tgm.header,Tiny.V1,26989568,264
48eb10bb9b09a270,fallenstararena_quarter_03_c8r10.tgm,Tiny.VC,27197824,555
e1b1242c7e6f120d,fallenstararena_quarter_03_c8r10.tgm.header,Tiny.V3,26840724,264
0b2537bd29b6f906,fallenstararena_quarter_03_c8r11.tgm,Streaming/Content/data/balance/worldareas/C4/mapuberboss_fallenstar.vworld,13727155,54467
cf5dd05e58fb51a1,fallenstararena_quarter_03_c8r11.tgm.header,Tiny.VB,27223962,264
53a233b01b4858d1,fallenstararena_quarter_03_c8r12.tgm,Tiny.V2,27158252,535
05f697b7796078db,fallenstararena_quarter_03_c8r12.tgm.header,Tiny.VF,27177784,264
0589ba07b0fb728a,fallenstararena_quarter_03_c8r13.tgm,Tiny.VA,27225695,641
1082e3e98788c7d9,fallenstararena_quarter_03_c8r13.tgm.header,Tiny.V1,26989832,264
b6d1ea6433724808,fallenstararena_quarter_03_c8r14.tgm,Streaming/Content/data/balance/worldareas/E8/mapsinterrift.vworld,664313,54303
8d1ca7081c70ab00,fallenstararena_quarter_03_c8r14.tgm.header,Tiny.V6,27011923,264
8d168a028422ee08,fallenstararena_quarter_03_c8r15.tgm,Tiny.V6,27012187,653
d1a54a2537ba4005,fallenstararena_quarter_03_c8r15.tgm.header,Tiny.VE,26950598,264
ac309f1823490d5c,fallenstararena_quarter_03_c8r16.tgm,Tiny.V2,27158787,497
978ac70d49f5d452,fallenstararena_quarter_03_c8r16.tgm.header,Tiny.V3,26840988,264
f78d3e02e7f54e41,fallenstararena_quarter_03_c8r17.tgm,Streaming/Content/data/balance/worldareas/5B/mapuberboss_fallenstar.vworld,522530,54513
17d69a01011e7365,fallenstararena_quarter_03_c8r17.tgm.header,Tiny.V6,27012840,264
f004212380219fa5,fallenstararena_quarter_03_c8r18.tgm,Tiny.VB,27224226,595
991ba9f517520e3b,fallenstararena_quarter_03_c8r18.tgm.header,Tiny.V4,27338357,264
be0001b5fd858897,fallenstararena_quarter_03_c8r19.tgm,Tiny.VB,27224821,619
c8c9f0d10ce4f76c,fallenstararena_quarter_03_c8r19.tgm.header,Tiny.V6,27013104,264
5f66d06153b8d41d,fallenstararena_quarter_03_c8r2.tgm,Streaming/Content/data/balance/worldareas/AA/mapuberboss_fallenstar.vworld,645401,54283
ba4a66144207f803,fallenstararena_quarter_03_c8r2.tgm.header,Tiny.VF,27178048,264
66a26151e0755198,fallenstararena_quarter_03_c8r20.tgm,Streaming/Content/data/balance/worldareas/A8/mapuberboss_fallenstar.vworld,8134018,54407
1f8e5f6e1b4f6eaf,fallenstararena_quarter_03_c8r20.tgm.header,Tiny.V6,27013368,264
2f733f68624c8641,fallenstararena_quarter_03_c8r21.tgm,Tiny.VC,27198379,477
c0bf00f9897e2ae2,fallenstararena_quarter_03_c8r21.tgm.header,Tiny.V2,27159284,264
d1bb22074ad62ce8,fallenstararena_quarter_03_c8r22.tgm,Tiny.V6,27013632,391
01d91ad70334066b,fallenstararena_quarter_03_c8r22.tgm.header,Tiny.VB,27225440,264
03e6b00d6b4e85eb,fallenstararena_quarter_03_c8r23.tgm,Streaming/Content/data/balance/worldareas/13/mapuberboss_fallenstar.vworld,5676037,54283
e3bab27a80449358,fallenstararena_quarter_03_c8r23.tgm.header,Tiny.V7,26997821,264
fbf9412bff195502,fallenstararena_quarter_03_c8r24.tgm,Tiny.V4,27338621,673
254ea2138c419280,fallenstararena_quarter_03_c8r24.tgm.header,Tiny.V5,26600063,264
c8849a3c5e4ca5e1,fallenstararena_quarter_03_c8r25.tgm,Tiny.V7,26998085,543
f24302d26f3c074f,fallenstararena_quarter_03_c8r25.tgm.header,Tiny.VD,26979634,264
545c93c718b31aaf,fallenstararena_quarter_03_c8r26.tgm,Streaming/Content/data/balance/worldareas/42/mapuberboss_fallenstar.vworld,638855,54323
9fb2fa9892897481,fallenstararena_quarter_03_c8r26.tgm.header,Tiny.VB,27225704,264
401ca00e6a9e254e,fallenstararena_quarter_03_c8r27.tgm,Tiny.VB,27225968,497
11759468ddb4afad,fallenstararena_quarter_03_c8r27.tgm.header,Tiny.V0,27347808,264
34e0119803de30bf,fallenstararena_quarter_03_c8r28.tgm,Tiny.VF,27178312,523
07fe563499450c2f,fallenstararena_quarter_03_c8r28.tgm.header,Tiny.V2,27159548,264
53e4c65d2c487d91,fallenstararena_quarter_03_c8r29.tgm,Streaming/Content/data/balance/worldareas/A4/mapuberboss_fallenstar.vworld,1486252,54257
e3110d6275f4f43b,fallenstararena_quarter_03_c8r29.tgm.header,Tiny.VE,26950862,264
c4ec8cab15431232,fallenstararena_quarter_03_c8r3.tgm,Tiny.VE,26951126,365
1a6407987022f57c,fallenstararena_quarter_03_c8r3.tgm.header,Tiny.V9,27481378,264
076bc585c33ec555,fallenstararena_quarter_03_c8r30.tgm,Tiny.V5,26600327,737
1dd21dfc6ada9c89,fallenstararena_quarter_03_c8r30.tgm.header,Tiny.V3,26841252,264
839c89b42fc5767e,fallenstararena_quarter_03_c8r31.tgm,Tiny.VC,27198856,463
f994afb8b04ff854,fallenstararena_quarter_03_c8r31.tgm.header,Tiny.VB,27226465,264
f87c8f790e664970,fallenstararena_quarter_03_c8r32.tgm,Streaming/Content/data/balance/worldareas/23/mapuberboss_fallenstar.vworld,117318,54277
7a00076e5b29bb51,fallenstararena_quarter_03_c8r32.tgm.header,Tiny.V3,26841516,264
f715e5571ddba3c6,fallenstararena_quarter_03_c8r33.tgm,Tiny.VC,27199319,241
c5f5b8a05027dcc9,fallenstararena_quarter_03_c8r33.tgm.header,Tiny.VE,26951491,264
570f30e8134ec029,fallenstararena_quarter_03_c7r4.tgm,Tiny.V7,26996541,587
a5cba21dbdbf0a18,fallenstararena_quarter_03_c7r4.tgm.header,Tiny.VD,26979370,264
3aa560a1e89b6a33,fallenstararena_quarter_03_c7r5.tgm,Tiny.V3,26840241,483
97b8a4c0be046397,fallenstararena_quarter_03_c7r5.tgm.header,Tiny.V5,26599535,264
9537ba0bb9c3e02c,fallenstararena_quarter_03_c7r6.tgm,Tiny.VF,27177255,529
076b5ef5698bcd9a,fallenstararena_quarter_03_c7r6.tgm.header,Tiny.V5,26599799,264
3419b6983f53054c,fallenstararena_quarter_03_c7r7.tgm,Tiny.V4,27337572,785
720f94ec5b26fe11,fallenstararena_quarter_03_c7r7.tgm.header,Tiny.VE,26950334,264
105607eada177e3d,fallenstararena_quarter_03_c7r8.tgm,Tiny.V7,26997128,693
45abd1c169562164,fallenstararena_quarter_03_c7r8.tgm.header,Tiny.VC,27197560,264
4884e612555dd84a,fallenstararena_quarter_03_c7r9.tgm,Tiny.V8,27048354,431
18ee4b411c892fe5,fallenstararena_quarter_03_c7r9.tgm.header,Tiny.V9,27481114,264
1b0c1e2dfb24f07b,fallenstararena_quarter_03_c7r1.tgm,Tiny.V7,26995070,679
343501f6764c75ab,fallenstararena_quarter_03_c7r1.tgm.header,Tiny.V3,26837514,264
03c7c86f8a77c6b5,fallenstararena_quarter_03_c7r10.tgm,Tiny.V3,26837778,765
63ab6fd0177bd9ac,fallenstararena_quarter_03_c7r10.tgm.header,Tiny.V8,27043382,264
f666b34e1f87eb34,fallenstararena_quarter_03_c7r11.tgm,Tiny.V8,27043646,727
36b71912f7145cc7,fallenstararena_quarter_03_c7r11.tgm.header,Tiny.VD,26977653,264
2b1d0799cee81fa1,fallenstararena_quarter_03_c7r12.tgm,Tiny.V3,26838543,451
576fce1fd1125a06,fallenstararena_quarter_03_c7r12.tgm.header,Tiny.V1,26988017,264
051205706a2f39be,fallenstararena_quarter_03_c7r13.tgm,Tiny.VA,27225082,613
f47e09a40bb3e899,fallenstararena_quarter_03_c7r13.tgm.header,Tiny.V0,27311639,264
044b6c89ff1e9785,fallenstararena_quarter_03_c7r14.tgm,Tiny.VC,27197097,463
6cd0d1ed5f852feb,fallenstararena_quarter_03_c7r14.tgm.header,Tiny.V7,26995749,264
57e1705b3e7f016f,fallenstararena_quarter_03_c7r15.tgm,Tiny.V9,27478364,667
a151fee8e3958046,fallenstararena_quarter_03_c7r15.tgm.header,Tiny.V3,26838994,264
976b297234347434,fallenstararena_quarter_03_c7r16.tgm,Tiny.V9,27479031,471
b2007d5748a50c52,fallenstararena_quarter_03_c7r16.tgm.header,Tiny.V9,27479502,264
87b246533a7719c7,fallenstararena_quarter_03_c7r17.tgm,Tiny.V8,27044373,831
d59061d45b216561,fallenstararena_quarter_03_c7r17.tgm.header,Tiny.V6,27009506,264
7f17acc750a81d77,fallenstararena_quarter_03_c7r18.tgm,Tiny.V8,27045204,733
931a232f202365bb,fallenstararena_quarter_03_c7r18.tgm.header,Tiny.VD,26977917,264
8ac250ed27c00802,fallenstararena_quarter_03_c7r19.tgm,Tiny.V9,27479766,641
592bc220c5625a71,fallenstararena_quarter_03_c7r19.tgm.header,Tiny.VD,26978181,264
ad30d5bd01570728,fallenstararena_quarter_03_c7r2.tgm,Tiny.V4,27336630,385
38e4d094efcf0664,fallenstararena_quarter_03_c7r2.tgm.header,Tiny.V7,26996013,264
d0742535cd02a3fc,fallenstararena_quarter_03_c7r20.tgm,Tiny.V6,27009770,615
44bc5e31384fc6bb,fallenstararena_quarter_03_c7r20.tgm.header,Tiny.V4,27337015,264
0ae206b297c4ae21,fallenstararena_quarter_03_c7r21.tgm,Tiny.V8,27045937,647
9d43fcdb36435284,fallenstararena_quarter_03_c7r21.tgm.header,Tiny.VF,27176991,264
4cc1155dbe6627df,fallenstararena_quarter_03_c7r22.tgm,Tiny.VB,27222476,607
409237b68defb8bb,fallenstararena_quarter_03_c7r22.tgm.header,Tiny.V1,26988281,264
0f1905134774a822,fallenstararena_quarter_03_c7r23.tgm,Tiny.V2,27157269,719
4a284dc351fc5bb1,fallenstararena_quarter_03_c7r23.tgm.header,Tiny.V1,26988545,264
36d6c733cafc6021,fallenstararena_quarter_03_c7r24.tgm,Tiny.V5,26598340,667
56c2b304772a6863,fallenstararena_quarter_03_c7r24.tgm.header,Tiny.V2,27157988,264
c684099820092dcb,fallenstararena_quarter_03_c7r25.tgm,Tiny.VD,26978445,661
62b029c91594bace,fallenstararena_quarter_03_c7r25.tgm.header,Tiny.VB,27223083,264
6a9bce5efed74957,fallenstararena_quarter_03_c7r26.tgm,Tiny.V3,26839258,719
7040927773a0c7ea,fallenstararena_quarter_03_c7r26.tgm.header,Tiny.V9,27480407,264
013105bca976afb5,fallenstararena_quarter_03_c7r27.tgm,Tiny.V8,27046584,563
810652fa326fb66b,fallenstararena_quarter_03_c7r27.tgm.header,Tiny.V5,26599007,264
46a812f61c94ea87,fallenstararena_quarter_03_c7r28.tgm,Tiny.V1,26988809,759
5bbc6b53780f42fb,fallenstararena_quarter_03_c7r28.tgm.header,Tiny.V0,27311903,264
53c06aaa90822927,fallenstararena_quarter_03_c7r29.tgm,Tiny.VB,27223347,615
574baaf3db14f8c4,fallenstararena_quarter_03_c7r29.tgm.header,Tiny.VD,26979106,264
9be0aab88739cda5,fallenstararena_quarter_03_c7r3.tgm,Tiny.V4,27337279,293
611f2a1afd66f26b,fallenstararena_quarter_03_c7r3.tgm.header,Tiny.V8,27047147,264
8251ea05d64ea8fb,fallenstararena_quarter_03_c7r30.tgm,Tiny.V8,27047411,943
1215146acf911d79,fallenstararena_quarter_03_c7r30.tgm.header,Tiny.V7,26996277,264
270af03f08f4a5e0,fallenstararena_quarter_03_c7r31.tgm,Tiny.VE,26949877,457
b50270d37a7f6201,fallenstararena_quarter_03_c7r31.tgm.header,Tiny.V5,26599271,264
683f43d6e1ed1921,fallenstararena_quarter_03_c7r32.tgm,Tiny.V9,27480671,443
da375bfd818e5a90,fallenstararena_quarter_03_c7r32.tgm.header,Tiny.V6,27010385,264
97244d94a76e9e6e,fallenstararena_quarter_03_c7r33.tgm,Tiny.V6,27010649,425
b3e72bde5a6db95b,fallenstararena_quarter_03_c7r33.tgm.header,Tiny.V3,26839977,264
2e5cb523c0fadf4f,fallenstararena_quarter_03_c6r4.tgm,Tiny.VA,27224317,501
25a4d1ef382a7e98,fallenstararena_quarter_03_c6r4.tgm.header,Tiny.VF,27176463,264
42413950035607d2,fallenstararena_quarter_03_c6r5.tgm,Tiny.V4,27335788,345
07519ca993c33bf4,fallenstararena_quarter_03_c6r5.tgm.header,Tiny.V3,26836986,264
e1d3b6ef041913fa,fallenstararena_quarter_03_c6r6.tgm,Tiny.V6,27008831,411
e51f6ed8b758eb8e,fallenstararena_quarter_03_c6r6.tgm.header,Tiny.VA,27224818,264
031cf01db9d27736,fallenstararena_quarter_03_c6r7.tgm,Tiny.V5,26597869,471
651838439dd7451b,fallenstararena_quarter_03_c6r7.tgm.header,Tiny.V3,26837250,264
dc422d54475036ef,fallenstararena_quarter_03_c6r8.tgm,Tiny.VB,27221829,647
4a6f373a742904a3,fallenstararena_quarter_03_c6r8.tgm.header,Tiny.VF,27176727,264
0362521c72675181,fallenstararena_quarter_03_c6r9.tgm,Tiny.V4,27336133,497
d6191d2c9fae01fb,fallenstararena_quarter_03_c6r9.tgm.header,Tiny.V6,27009242,264
a98026d1325657bb,fallenstararena_quarter_03_c6r1.tgm,Tiny.V3,26835593,865
d2fa2ec1a093db8b,fallenstararena_quarter_03_c6r1.tgm.header,Tiny.VE,26947643,264
8d7a28e7d7897927,fallenstararena_quarter_03_c6r10.tgm,Tiny.VB,27221091,333
070212dfdd381e82,fallenstararena_quarter_03_c6r10.tgm.header,Tiny.VA,27223789,264
3c9b14d50ca3a719,fallenstararena_quarter_03_c6r11.tgm,Tiny.V0,27309041,563
9e72aea117af22e0,fallenstararena_quarter_03_c6r11.tgm.header,Tiny.V0,27309604,264
f650fb72ccb7ff5d,fallenstararena_quarter_03_c6r12.tgm,Tiny.V9,27477114,543
3ad1747f11943edb,fallenstararena_quarter_03_c6r12.tgm.header,Tiny.V8,27041540,264
a4e05836aabc6be2,fallenstararena_quarter_03_c6r13.tgm,Tiny.VE,26947907,437
d1aed7780e626ab2,fallenstararena_quarter_03_c6r13.tgm.header,Tiny.V2,27155603,264
adc643d86ac7cea6,fallenstararena_quarter_03_c6r14.tgm,Tiny.V6,27007299,673
821e46da8b204d8f,fallenstararena_quarter_03_c6r14.tgm.header,Tiny.VF,27174642,264
5e16624a7c1d0606,fallenstararena_quarter_03_c6r15.tgm,Tiny.V1,26985392,615
0270a1f72ee85093,fallenstararena_quarter_03_c6r15.tgm.header,Tiny.V3,26836458,264
ca14bc6e8ddea402,fallenstararena_quarter_03_c6r16.tgm,Tiny.V6,27007972,595
b3f4f576c741e1e4,fallenstararena_quarter_03_c6r16.tgm.header,Tiny.V3,26836722,264
51ec162b8906648d,fallenstararena_quarter_03_c6r17.tgm,Tiny.V8,27041804,641
04c5fe1b51780fc0,fallenstararena_quarter_03_c6r17.tgm.header,Tiny.VE,26948344,264
3a8f3c4d1356b1bc,fallenstararena_quarter_03_c6r18.tgm,Tiny.V4,27334716,733
5e204780018188f5,fallenstararena_quarter_03_c6r18.tgm.header,Tiny.V0,27309868,264
a301e088fb4e13b3,fallenstararena_quarter_03_c6r19.tgm,Tiny.V2,27155867,451
1fbb5e0c0e438ca0,fallenstararena_quarter_03_c6r19.tgm.header,Tiny.VE,26948608,264
8a2fb7a592313666,fallenstararena_quarter_03_c6r2.tgm,Tiny.V0,27310132,547
fe1118f6c1c605ce,fallenstararena_quarter_03_c6r2.tgm.header,Tiny.V1,26986007,264
de7f2866ec478a1d,fallenstararena_quarter_03_c6r20.tgm,Tiny.VE,26948872,477
c0b3a835c3a7e58f,fallenstararena_quarter_03_c6r20.tgm.header,Tiny.VE,26949349,264
6e7541bfbf6dff04,fallenstararena_quarter_03_c6r21.tgm,Tiny.V0,27310679,497
a54e9774435dc5c3,fallenstararena_quarter_03_c6r21.tgm.header,Tiny.V1,26986271,264
3bc197aaea2524f3,fallenstararena_quarter_03_c6r22.tgm,Tiny.V2,27156318,687
e9f38fe87d106b44,fallenstararena_quarter_03_c6r22.tgm.header,Tiny.VC,27195549,264
6bf6b744cbd8e3d3,fallenstararena_quarter_03_c6r23.tgm,Tiny.V9,27477657,707
ad952d878705e925,fallenstararena_quarter_03_c6r23.tgm.header,Tiny.V1,26986535,264
72248ece2895b29d,fallenstararena_quarter_03_c6r24.tgm,Tiny.VC,27195813,595
598f7985c573bcb1,fallenstararena_quarter_03_c6r24.tgm.header,Tiny.V8,27042445,264
f604806a065033b9,fallenstararena_quarter_03_c6r25.tgm,Tiny.V8,27042709,673
57a482c14e8502aa,fallenstararena_quarter_03_c6r25.tgm.header,Tiny.VE,26949613,264
79343ea2ec61ba18,fallenstararena_quarter_03_c6r26.tgm,Tiny.V1,26986799,437
4f445f6ad4259e4c,fallenstararena_quarter_03_c6r26.tgm.header,Tiny.VC,27196408,264
6591bd5e9033adad,fallenstararena_quarter_03_c6r27.tgm,Tiny.VF,27174906,497
095f3ef08dbb1b87,fallenstararena_quarter_03_c6r27.tgm.header,Tiny.V1,26987236,264
0507049472320e77,fallenstararena_quarter_03_c6r28.tgm,Tiny.V1,26987500,517
0c76af8af210497b,fallenstararena_quarter_03_c6r28.tgm.header,Tiny.V7,26994278,264
87a6ead0324acde6,fallenstararena_quarter_03_c6r29.tgm,Tiny.VC,27196672,425
56b631439cd7d98f,fallenstararena_quarter_03_c6r29.tgm.header,Tiny.V7,26994542,264
bace15dda164af4f,fallenstararena_quarter_03_c6r3.tgm,Tiny.V0,27311176,463
ff84df0191c20c8f,fallenstararena_quarter_03_c6r3.tgm.header,Tiny.V2,27157005,264
75b021e8a6f3a119,fallenstararena_quarter_03_c6r30.tgm,Tiny.VF,27175403,543
a599993d0afe652c,fallenstararena_quarter_03_c6r30.tgm.header,Tiny.V7,26994806,264
bda70b9241a2283b,fallenstararena_quarter_03_c6r31.tgm,Tiny.V4,27335449,339
9603f689e8db06f8,fallenstararena_quarter_03_c6r31.tgm.header,Tiny.V5,26597605,264
fcb04ccace02fcb5,fallenstararena_quarter_03_c6r32.tgm,Tiny.VB,27221424,405
0ae13796ccfec1f7,fallenstararena_quarter_03_c6r32.tgm.header,Tiny.VA,27224053,264
072c2dad90026df1,fallenstararena_quarter_03_c6r33.tgm,Tiny.VF,27175946,517
b5a41b2afbb2f372,fallenstararena_quarter_03_c6r33.tgm.header,Tiny.V6,27008567,264
cc3645e4dc4259c1,fallenstararena_quarter_03_c5r4.tgm,Tiny.V8,27041175,365
ba63ad884d9b24f1,fallenstararena_quarter_03_c5r4.tgm.header,Tiny.V0,27308513,264
e87687219ff67605,fallenstararena_quarter_03_c5r5.tgm,Streaming/Content/data/balance/worldareas/22/mapuberboss_fallenstar.vworld,11417136,54237
dc187afdde0f093b,fallenstararena_quarter_03_c5r5.tgm.header,Tiny.VA,27223226,264
ebe4603c9f13276b,fallenstararena_quarter_03_c5r6.tgm,Tiny.VA,27223490,299
a1ab2bf079d7c983,fallenstararena_quarter_03_c5r6.tgm.header,Tiny.V6,27007035,264
a678043f3c3d25e1,fallenstararena_quarter_03_c5r7.tgm,Tiny.V2,27155146,457
67921a4b1333037f,fallenstararena_quarter_03_c5r7.tgm.header,Tiny.V7,26994014,264
ceba876750545291,fallenstararena_quarter_03_c5r8.tgm,Streaming/Content/data/balance/worldareas/53/mapuberboss_fallenstar.vworld,560979,54695
c461385393193d5b,fallenstararena_quarter_03_c5r8.tgm.header,Tiny.V0,27308777,264
3303f2238b7bd06f,fallenstararena_quarter_03_c5r9.tgm,Tiny.V4,27333905,811
0e200c7ff1606ee9,fallenstararena_quarter_03_c5r9.tgm.header,Tiny.VF,27174378,264
b084bba8e0dadaac,fallenstararena_quarter_03_c5r1.tgm,Tiny.VD,26974620,873
a3e1584a6300c32c,fallenstararena_quarter_03_c5r1.tgm.header,Tiny.V1,26984864,264
476f2321c364fa0b,fallenstararena_quarter_03_c5r10.tgm,Tiny.VB,27219525,589
05bac912cb75a586,fallenstararena_quarter_03_c5r10.tgm.header,Tiny.V6,27005979,264
f4cfa11cf5cf0e7c,fallenstararena_quarter_03_c5r11.tgm,Streaming/Content/data/balance/worldareas/CE/mapuberboss_fallenstar.vworld,6421838,54611
dcb4d6932fbbc762,fallenstararena_quarter_03_c5r11.tgm.header,Tiny.VD,26975493,264
6876d6388fe8986d,fallenstararena_quarter_03_c5r12.tgm,Tiny.V4,27332650,727
5ef126c6dbd70f58,fallenstararena_quarter_03_c5r12.tgm.header,Tiny.V5,26594348,264
f3552d888463b2f7,fallenstararena_quarter_03_c5r13.tgm,Tiny.VB,27220114,713
62b30a0de0be6ac6,fallenstararena_quarter_03_c5r13.tgm.header,Tiny.V6,27006243,264
abba34ad85f56335,fallenstararena_quarter_03_c5r14.tgm,Streaming/Content/data/balance/worldareas/AE/g1_15.vworld,499118,54487
13cfc4ad23599f84,fallenstararena_quarter_03_c5r14.tgm.header,Tiny.V9,27476065,264
5426eec6f99d48bd,fallenstararena_quarter_03_c5r15.tgm,Tiny.V7,26992039,425
3834e062afe37906,fallenstararena_quarter_03_c5r15.tgm.header,Tiny.V6,27006507,264
079f7eccd0d0764a,fallenstararena_quarter_03_c5r16.tgm,Tiny.V7,26992464,779
e60c26ca2b9b242d,fallenstararena_quarter_03_c5r16.tgm.header,Tiny.V4,27333377,264
a3c626ea1be6e33f,fallenstararena_quarter_03_c5r17.tgm,Streaming/Content/data/balance/worldareas/88/mapuberboss_fallenstar.vworld,915707,54625
25769a46ac570607,fallenstararena_quarter_03_c5r17.tgm.header,Tiny.V2,27154882,264
a7143ff89e5798fd,fallenstararena_quarter_03_c5r18.tgm,Tiny.V5,26594612,661
9628ac0e1f4efceb,fallenstararena_quarter_03_c5r18.tgm.header,Tiny.VF,27173735,264
f2dd5bf5e40eb17f,fallenstararena_quarter_03_c5r19.tgm,Tiny.VF,27173999,379
271078571a521a38,fallenstararena_quarter_03_c5r19.tgm.header,Tiny.V5,26595273,264
7599da5961f864cc,fallenstararena_quarter_03_c5r2.tgm,Streaming/Content/data/balance/worldareas/5E/mapuberboss_fallenstar.vworld,68070,54459
986df7e893ddac53,fallenstararena_quarter_03_c5r2.tgm.header,Tiny.VE,26947379,264
6954b99026f08ec3,fallenstararena_quarter_03_c5r20.tgm,Streaming/Content/data/balance/worldareas/8F/mapuberboss_fallenstar.vworld,2151179,54441
c489bd6210bf69d1,fallenstararena_quarter_03_c5r20.tgm.header,Tiny.VD,26975757,264
4f411cc7b4d2a4f4,fallenstararena_quarter_03_c5r21.tgm,Tiny.VD,26976021,569
11ec5796f1045d80,fallenstararena_quarter_03_c5r21.tgm.header,Tiny.V5,26595537,264
7470ada37ffd39b6,fallenstararena_quarter_03_c5r22.tgm,Tiny.V7,26993243,771
ab7cf3ba02b788c0,fallenstararena_quarter_03_c5r22.tgm.header,Tiny.V5,26595801,264
6108f90e9144ff2d,fallenstararena_quarter_03_c5r23.tgm,Streaming/Content/data/balance/worldareas/99/mapuberboss_fallenstar.vworld,345441,54769
389328301abce006,fallenstararena_quarter_03_c5r23.tgm.header,Tiny.VC,27194708,264
29b7231890381449,fallenstararena_quarter_03_c5r24.tgm,Tiny.V5,26596065,471
99d52e4c2bcfbf68,fallenstararena_quarter_03_c5r24.tgm.header,Tiny.VC,27194972,264
2877250a5c7b530c,fallenstararena_quarter_03_c5r25.tgm,Tiny.V8,27039635,839
f594c2d16f55b6c6,fallenstararena_quarter_03_c5r25.tgm.header,Tiny.VB,27220827,264
dd2738dc26ecdd05,fallenstararena_quarter_03_c5r26.tgm,Streaming/Content/data/balance/worldareas/0C/mapuberboss_fallenstar.vworld,6206473,54671
99a3a5587a2f03df,fallenstararena_quarter_03_c5r26.tgm.header,Tiny.VA,27222170,264
579a925a9f023b11,fallenstararena_quarter_03_c5r27.tgm,Tiny.V9,27476329,785
d5b7a591a39cf166,fallenstararena_quarter_03_c5r27.tgm.header,Tiny.V1,26985128,264
4682030a488cb31d,fallenstararena_quarter_03_c5r28.tgm,Tiny.VD,26976590,799
5fd01db5ce00d891,fallenstararena_quarter_03_c5r28.tgm.header,Tiny.VA,27222434,264
176d4c8a20f9c525,fallenstararena_quarter_03_c5r29.tgm,Streaming/Content/data/balance/worldareas/85/g2_9_1.vworld,504672,54507
8e06107f4da69cd2,fallenstararena_quarter_03_c5r29.tgm.header,Tiny.V6,27006771,264
89380cd15186c514,fallenstararena_quarter_03_c5r3.tgm,Tiny.VC,27195236,313
ab47141f3dcb4a73,fallenstararena_quarter_03_c5r3.tgm.header,Tiny.VA,27222698,264
d21a05a18c2f54da,fallenstararena_quarter_03_c5r30.tgm,Tiny.V5,26596536,805
3dea089cbf75316f,fallenstararena_quarter_03_c5r30.tgm.header,Tiny.VA,27222962,264
49a2b83d2b2197c8,fallenstararena_quarter_03_c5r31.tgm,Tiny.V8,27040474,701
152442505cab3da8,fallenstararena_quarter_03_c5r31.tgm.header,Tiny.V5,26597341,264
687f76f173ad58de,fallenstararena_quarter_03_c5r32.tgm,Streaming/Content/data/balance/worldareas/C8/mapuberboss_fallenstar.vworld,7316529,54519
c725ef44fff19a94,fallenstararena_quarter_03_c5r32.tgm.header,Tiny.VD,26977389,264
a2b952ff1295efde,fallenstararena_quarter_03_c5r33.tgm,Tiny.V0,27308062,451
7003dfc78bfef271,fallenstararena_quarter_03_c5r33.tgm.header,Tiny.V4,27333641,264
168ac934996548dd,fallenstararena_quarter_03_c4r4.tgm,Tiny.V8,27038369,737
1cf120b9e3bc48af,fallenstararena_quarter_03_c4r4.tgm.header,Tiny.V0,27307270,264
cadd691d0ad9aaeb,fallenstararena_quarter_03_c4r5.tgm,Tiny.VE,26946732,647
e5f83586ed03eb6e,fallenstararena_quarter_03_c4r5.tgm.header,Tiny.V9,27475537,264
136bb9b4f5a7aa6b,fallenstararena_quarter_03_c4r6.tgm,Tiny.V8,27039106,529
9972b39dc09f0210,fallenstararena_quarter_03_c4r6.tgm.header,Tiny.V0,27307534,264
badd2776d053c325,fallenstararena_quarter_03_c4r7.tgm,Tiny.V6,27005139,495
e10b271ea3b2dc87,fallenstararena_quarter_03_c4r7.tgm.header,Tiny.V0,27307798,264
80ca14dd1530eec6,fallenstararena_quarter_03_c4r8.tgm,Tiny.V6,27005634,345
226217b5643b2ea9,fallenstararena_quarter_03_c4r8.tgm.header,Tiny.V9,27475801,264
c361065863adfeaf,fallenstararena_quarter_03_c4r9.tgm,Tiny.V5,26593963,385
11e8ce4e58a62251,fallenstararena_quarter_03_c4r9.tgm.header,Tiny.VB,27219261,264
ec78303df66fc7d5,fallenstararena_quarter_03_c4r1.tgm,Tiny.V3,26832364,567
30b4321b4793fd76,fallenstararena_quarter_03_c4r1.tgm.header,Tiny.VD,26972840,264
d0c64c7c6d33eef6,fallenstararena_quarter_03_c4r10.tgm,Tiny.V6,27003235,379
73c5301f886f8f8b,fallenstararena_quarter_03_c4r10.tgm.header,Tiny.VD,26973104,264
c5ffa15c37f91f98,fallenstararena_quarter_03_c4r11.tgm,Tiny.V6,27003614,477
1cc298241d44abf0,fallenstararena_quarter_03_c4r11.tgm.header,Tiny.V6,27004091,264
4185bb9e1330b558,fallenstararena_quarter_03_c4r12.tgm,Tiny.VD,26973368,379
2d145c0033f98abc,fallenstararena_quarter_03_c4r12.tgm.header,Tiny.V0,27306742,264
2e7caac3821760c7,fallenstararena_quarter_03_c4r13.tgm,Tiny.V9,27472873,569
ef0939017bbb5baa,fallenstararena_quarter_03_c4r13.tgm.header,Tiny.V1,26983368,264
9f77e12f8ae28eb2,fallenstararena_quarter_03_c4r14.tgm,Tiny.V5,26593051,509
58c34becf46097e3,fallenstararena_quarter_03_c4r14.tgm.header,Tiny.V1,26983632,264
ae0c388a747acced,fallenstararena_quarter_03_c4r15.tgm,Tiny.VC,27194065,379
17cf7b09cc9c1862,fallenstararena_quarter_03_c4r15.tgm.header,Tiny.V8,27038105,264
8b3cc1b943fa76fc,fallenstararena_quarter_03_c4r16.tgm,Tiny.V3,26832931,333
3732f04c60729c6c,fallenstararena_quarter_03_c4r16.tgm.header,Tiny.VE,26945779,264
8a01bf62ad928d8b,fallenstararena_quarter_03_c4r17.tgm,Tiny.V9,27473442,471
b2543826bcde5ff2,fallenstararena_quarter_03_c4r17.tgm.header,Tiny.V4,27331809,264
60b8812b9dc59cf1,fallenstararena_quarter_03_c4r18.tgm,Tiny.V3,26833264,431
6fcb0971da9421da,fallenstararena_quarter_03_c4r18.tgm.header,Tiny.VF,27171656,264
1bdd8909a9d84a9c,fallenstararena_quarter_03_c4r19.tgm,Tiny.VF,27171920,477
ac27c0632622f778,fallenstararena_quarter_03_c4r19.tgm.header,Tiny.V9,27473913,264
d6d74f78b0443c15,fallenstararena_quarter_03_c4r2.tgm,Tiny.V5,26593560,403
79632cadbb52af64,fallenstararena_quarter_03_c4r2.tgm.header,Tiny.V2,27154618,264
cfa37808919a2aff,fallenstararena_quarter_03_c4r20.tgm,Tiny.VE,26946043,425
1d7f930b6073e7d0,fallenstararena_quarter_03_c4r20.tgm.header,Tiny.V3,26833695,264
b2f534335422d106,fallenstararena_quarter_03_c4r21.tgm,Tiny.VF,27172397,543
bfaf8c288eab3f52,fallenstararena_quarter_03_c4r21.tgm.header,Tiny.V3,26833959,264
012952bf6ccdca70,fallenstararena_quarter_03_c4r22.tgm,Tiny.V3,26834223,589
cc44786bf5ec857f,fallenstararena_quarter_03_c4r22.tgm.header,Tiny.VF,27172940,264
9349c4901e5e928c,fallenstararena_quarter_03_c4r23.tgm,Tiny.VD,26973747,609
5da0a7b0f17d05d2,fallenstararena_quarter_03_c4r23.tgm.header,Tiny.VA,27220941,264
32fdfc3136e279bd,fallenstararena_quarter_03_c4r24.tgm,Tiny.V3,26834812,517
db0efebb35504c9b,fallenstararena_quarter_03_c4r24.tgm.header,Tiny.V0,27307006,264
01308bbf2e318615,fallenstararena_quarter_03_c4r25.tgm,Tiny.V1,26983896,425
df3fcf8b7ffa455b,fallenstararena_quarter_03_c4r25.tgm.header,Tiny.VC,27194444,264
321235561a068f59,fallenstararena_quarter_03_c4r26.tgm,Tiny.V1,26984321,543
1f3817777cbcb75f,fallenstararena_quarter_03_c4r26.tgm.header,Tiny.V9,27474177,264
39f5669d22418d5a,fallenstararena_quarter_03_c4r27.tgm,Tiny.VB,27218738,523
13b7aa3905233916,fallenstararena_quarter_03_c4r27.tgm.header,Tiny.VD,26974356,264
0e5adfc7e91731d0,fallenstararena_quarter_03_c4r28.tgm,Tiny.V6,27004355,379
d8b8fac580d91ace,fallenstararena_quarter_03_c4r28.tgm.header,Tiny.VF,27173204,264
d2f6922e6e84fd74,fallenstararena_quarter_03_c4r29.tgm,Tiny.V4,27332073,313
49b471805baacdd4,fallenstararena_quarter_03_c4r29.tgm.header,Tiny.VA,27221205,264
5045b40eda82294e,fallenstararena_quarter_03_c4r3.tgm,Tiny.V9,27474441,619
852cae4afbbab93a,fallenstararena_quarter_03_c4r3.tgm.header,Tiny.V7,26991775,264
dafe251b6d689eee,fallenstararena_quarter_03_c4r30.tgm,Tiny.V9,27475060,477
02e4850742b24acb,fallenstararena_quarter_03_c4r30.tgm.header,Tiny.V4,27332386,264
e6b18e9993b18497,fallenstararena_quarter_03_c4r31.tgm,Tiny.V6,27004734,405
806daae511487ee9,fallenstararena_quarter_03_c4r31.tgm.header,Tiny.VA,27221469,264
d3f1fc2b7459948a,fallenstararena_quarter_03_c4r32.tgm,Tiny.VA,27221733,437
bc8238dadd1f1a34,fallenstararena_quarter_03_c4r32.tgm.header,Tiny.V3,26835329,264
7298617b3a22f666,fallenstararena_quarter_03_c4r33.tgm,Tiny.VF,27173468,267
35f6bcd22a673a09,fallenstararena_quarter_03_c4r33.tgm.header,Tiny.VE,26946468,264
8b01b6ae9742f1f2,fallenstararena_quarter_03_c33r4.tgm,Tiny.V0,27305142,345
2f4752752fd98152,fallenstararena_quarter_03_c33r4.tgm.header,Tiny.VC,27193537,264
2305be9df7c0cb88,fallenstararena_quarter_03_c33r5.tgm,Tiny.V6,27001495,385
ddd8835cdb7516f2,fallenstararena_quarter_03_c33r5.tgm.header,Tiny.V9,27468564,264
cba7374bfbf7e4ec,fallenstararena_quarter_03_c33r6.tgm,Tiny.V5,26589211,379
c46fea839efa42ea,fallenstararena_quarter_03_c33r6.tgm.header,Tiny.VE,26943588,264
6ae87a1a1849a54a,fallenstararena_quarter_03_c33r7.tgm,Tiny.V9,27468828,635
4d2d373d16674e5e,fallenstararena_quarter_03_c33r7.tgm.header,Tiny.VB,27214585,264
8b78cef41da9273f,fallenstararena_quarter_03_c33r8.tgm,Tiny.V3,26829261,793
579ed82fb27aa080,fallenstararena_quarter_03_c33r8.tgm.header,Tiny.VB,27214849,264
c300e3e67a9cee8f,fallenstararena_quarter_03_c33r9.tgm,Tiny.V5,26589590,1603
d550fe9235079077,fallenstararena_quarter_03_c33r9.tgm.header,Tiny.VF,27169519,264
9117eabed96d9845,fallenstararena_quarter_03_c33r1.tgm,Streaming/Content/data/balance/worldareas/BB/mapuberboss_fallenstar.vworld,2443772,9411
324065131cbafd08,fallenstararena_quarter_03_c33r1.tgm.header,Tiny.V2,27145229,330
eb0dbc7ff8624c8a,fallenstararena_quarter_03_c33r10.tgm,Tiny.VE,26937506,3139
8ffbac6bb395ae01,fallenstararena_quarter_03_c33r10.tgm.header,Tiny.V9,27461175,264
8b5d0bd5a9312882,fallenstararena_quarter_03_c33r11.tgm,Tiny.V9,27461439,2561
7083741f1449bd69,fallenstararena_quarter_03_c33r11.tgm.header,Tiny.V0,27304614,264
39fb0f667382fd64,fallenstararena_quarter_03_c33r12.tgm,Tiny.VF,27166577,1863
d89acb80cd754628,fallenstararena_quarter_03_c33r12.tgm.header,Tiny.V2,27145559,264
c708962ad84bac0a,fallenstararena_quarter_03_c33r13.tgm,Streaming/Content/data/balance/worldareas/46/mapuberboss_fallenstar.vworld,1362946,5745
ceb1d9ff0e8be49c,fallenstararena_quarter_03_c33r13.tgm.header,Tiny.VE,26940645,264
30d7b0c15c842e1c,fallenstararena_quarter_03_c33r14.tgm,Streaming/Content/data/balance/worldareas/7C/g3_1.vworld,496410,6893
672cba6d3e175064,fallenstararena_quarter_03_c33r14.tgm.header,Tiny.V9,27464000,264
f6276a5ae642c004,fallenstararena_quarter_03_c33r15.tgm,Streaming/Content/data/balance/worldareas/81/mapuberboss_fallenstar.vworld,6247361,653031
0dfb9f582172c27f,fallenstararena_quarter_03_c33r15.tgm.header,Tiny.V2,27145823,264
61e47bbf40fe64ff,fallenstararena_quarter_03_c33r16.tgm,Tiny.V2,27146087,1545
e93f92d20964e88f,fallenstararena_quarter_03_c33r16.tgm.header,Tiny.V5,26588683,264
873722dbd658236e,fallenstararena_quarter_03_c33r17.tgm,Tiny.V2,27147632,1985
52f879d3c225deb5,fallenstararena_quarter_03_c33r17.tgm.header,Tiny.V4,27328560,264
7cb4201d19b422a6,fallenstararena_quarter_03_c33r18.tgm,Tiny.V1,26972940,2511
3dd27c904c2c3412,fallenstararena_quarter_03_c33r18.tgm.header,Tiny.V1,26975451,264
79eef4b949ff37da,fallenstararena_quarter_03_c33r19.tgm,Tiny.V9,27464264,2819
e25701f0a613d478,fallenstararena_quarter_03_c33r19.tgm.header,Tiny.V8,27033845,264
73710ee337a4f7fa,fallenstararena_quarter_03_c33r2.tgm,Tiny.V6,27001044,451
9062a08838a88fe7,fallenstararena_quarter_03_c33r2.tgm.header,Tiny.V0,27304878,264
c6fbae53f0536904,fallenstararena_quarter_03_c33r20.tgm,Tiny.VE,26940909,2415
dbe21baf4d05ec37,fallenstararena_quarter_03_c33r20.tgm.header,Tiny.VF,27168440,264
7c7d7a9dd73eb63a,fallenstararena_quarter_03_c33r21.tgm,Tiny.VB,27211956,2365
1d1df2505205691e,fallenstararena_quarter_03_c33r21.tgm.header,Tiny.VA,27215405,264
d2ff2eadaa748b0c,fallenstararena_quarter_03_c33r22.tgm,Tiny.V8,27034109,3141
e0b9f2ef81ddb1f7,fallenstararena_quarter_03_c33r22.tgm.header,Tiny.VB,27214321,264
bdae0b6a0fa8f6b7,fallenstararena_quarter_03_c33r23.tgm,Tiny.VD,26965601,3151
e6dbd942bae00048,fallenstararena_quarter_03_c33r23.tgm.header,Tiny.VF,27168704,264
38f6974d6e344dce,fallenstararena_quarter_03_c33r24.tgm,Tiny.V1,26975715,3981
1c1232a5283cc28e,fallenstararena_quarter_03_c33r24.tgm.header,Tiny.VD,26968752,264
61a8e0dde49b9220,fallenstararena_quarter_03_c33r25.tgm,Tiny.VA,27215669,2889
730b5c5eb6f5715c,fallenstararena_quarter_03_c33r25.tgm.header,Tiny.V5,26588947,264
6e46295fabc689a9,fallenstararena_quarter_03_c33r26.tgm,Tiny.V2,27149617,1223
eb10460f083eae06,fallenstararena_quarter_03_c33r26.tgm.header,Tiny.VE,26943324,264
2e166623fd23602a,fallenstararena_quarter_03_c33r27.tgm,Tiny.V7,26988690,1267
3a0c578ece3fd58b,fallenstararena_quarter_03_c33r27.tgm.header,Tiny.V4,27328824,264
28a67081ba7d86ea,fallenstararena_quarter_03_c33r28.tgm,Tiny.V9,27467083,1217
2d540190ca5aafad,fallenstararena_quarter_03_c33r28.tgm.header,Tiny.VD,26969016,264
2ae38614db06dcb5,fallenstararena_quarter_03_c33r29.tgm,Tiny.V1,26979696,1267
3ae403cd68f66abd,fallenstararena_quarter_03_c33r29.tgm.header,Tiny.VC,27193273,264
635ffe60f20befdd,fallenstararena_quarter_03_c33r3.tgm,Tiny.VF,27168968,287
7a11553aa9d240ae,fallenstararena_quarter_03_c33r3.tgm.header,Tiny.V8,27037250,264
93183da17a2ccc9e,fallenstararena_quarter_03_c33r30.tgm,Tiny.V2,27150840,1217
6a63dd22f1822f69,fallenstararena_quarter_03_c33r30.tgm.header,Tiny.VF,27169255,264
6a099147d08115cf,fallenstararena_quarter_03_c33r31.tgm,Tiny.VD,26969280,1301
359489fab01663e1,fallenstararena_quarter_03_c33r31.tgm.header,Tiny.V9,27468300,264
a1298ee48d8f22fb,fallenstararena_quarter_03_c33r32.tgm,Tiny.VA,27218558,799
7ca1585c67046530,fallenstararena_quarter_03_c33r32.tgm.header,Tiny.V1,26980963,264
28dfd06c6d0e5326,fallenstararena_quarter_03_c33r33.tgm,Tiny.V8,27037514,327
683ab3cfd99156d3,fallenstararena_quarter_03_c33r33.tgm.header,Tiny.VD,26970581,264
daac93f9c2a3ae4c,fallenstararena_quarter_03_c32r4.tgm,Tiny.V6,27000107,673
cb5b9bf197a8e3ba,fallenstararena_quarter_03_c32r4.tgm.header,Tiny.V5,26588419,264
1999c520ee1f56a9,fallenstararena_quarter_03_c32r5.tgm,Tiny.VD,26964868,733
93108af310c1a1d8,fallenstararena_quarter_03_c32r5.tgm.header,Tiny.V7,26987105,264
3bf97d18c2cfaf52,fallenstararena_quarter_03_c32r6.tgm,Tiny.V2,27144732,497
19062206b69c466a,fallenstararena_quarter_03_c32r6.tgm.header,Tiny.VE,26937242,264
af6bddef236f0875,fallenstararena_quarter_03_c32r7.tgm,Tiny.VB,27210703,989
8b9bb52a7ec673d6,fallenstararena_quarter_03_c32r7.tgm.header,Tiny.VB,27211692,264
8c26b168e1102877,fallenstararena_quarter_03_c32r8.tgm,Tiny.V0,27303579,1035
1237cd272cebc78a,fallenstararena_quarter_03_c32r8.tgm.header,Tiny.V7,26963296,264
f93709a3c638de43,fallenstararena_quarter_03_c32r9.tgm,Tiny.V7,26987369,1321
7d32da11a0426fc3,fallenstararena_quarter_03_c32r9.tgm.header,Tiny.V6,27000780,264
e909a5ffd7b17b9f,fallenstararena_quarter_03_c32r1.tgm,Tiny.VB,27206479,943
c58a3e197eac6b1c,fallenstararena_quarter_03_c32r1.tgm.header,Tiny.V1,26969693,264
e5087b845e78255e,fallenstararena_quarter_03_c32r10.tgm,Tiny.VB,27207422,3281
848e8c61260244b9,fallenstararena_quarter_03_c32r10.tgm.header,Tiny.VD,26964604,264
038037d3b3d5069e,fallenstararena_quarter_03_c32r11.tgm,Tiny.V0,27298933,3325
0d4932d360a6f1bf,fallenstararena_quarter_03_c32r11.tgm.header,Tiny.VF,27162949,264
874eeeec274497dd,fallenstararena_quarter_03_c32r12.tgm,Tiny.VC,27187693,2131
b0093bd57b66e43e,fallenstararena_quarter_03_c32r12.tgm.header,Tiny.V9,27458558,264
f87dfb50f53ddc96,fallenstararena_quarter_03_c32r13.tgm,Streaming/Content/data/balance/worldareas/AC/mapuberboss_fallenstar.vworld,8677439,6315
f43e7a10b233552d,fallenstararena_quarter_03_c32r13.tgm.header,Tiny.VC,27189824,264
e1c7d9c9598c2b6b,fallenstararena_quarter_03_c32r14.tgm,Streaming/Content/data/balance/worldareas/A3/mapuberboss_fallenstar.vworld,1521718,186737
60ed6b442959ed21,fallenstararena_quarter_03_c32r14.tgm.header,Tiny.VF,27163213,443
de794f1c704a38bd,fallenstararena_quarter_03_c32r15.tgm,Streaming/Content/data/balance/worldareas/4B/mapuberboss_fallenstar.vworld,672288,5281
63a4a4c479a14c0a,fallenstararena_quarter_03_c32r15.tgm.header,Tiny.VA,27211291,264
738e00d4c26f6eb5,fallenstararena_quarter_03_c32r16.tgm,Tiny.VA,27211555,1789
db9b65c13c53be71,fallenstararena_quarter_03_c32r16.tgm.header,Tiny.V0,27302258,264
2f9aa9f85c151310,fallenstararena_quarter_03_c32r17.tgm,Tiny.V4,27325547,2221
3ef7d29fd55eb19f,fallenstararena_quarter_03_c32r17.tgm.header,Tiny.V3,26827002,264
298f2a0f58e1b3c4,fallenstararena_quarter_03_c32r18.tgm,Tiny.V9,27458822,2089
0d0f481890dc31ad,fallenstararena_quarter_03_c32r18.tgm.header,Tiny.VA,27213344,264
196b02d9cc5fb692,fallenstararena_quarter_03_c32r19.tgm,Tiny.VF,27163656,2393
0a2f836a53eefd88,fallenstararena_quarter_03_c32r19.tgm.header,Tiny.V4,27327768,264
022df32fbd23f92f,fallenstararena_quarter_03_c32r2.tgm,Tiny.V0,27302522,793
b336282fc2293a9c,fallenstararena_quarter_03_c32r2.tgm.header,Tiny.V3,26827266,264
a1c99d5b5b4ae712,fallenstararena_quarter_03_c32r20.tgm,Tiny.VE,26934495,2747
5a86605bf5839068,fallenstararena_quarter_03_c32r20.tgm.header,Tiny.VF,27166049,264
4cf060ca48816036,fallenstararena_quarter_03_c32r21.tgm,Tiny.V1,26969957,2719
9f92d4e93576e5bd,fallenstararena_quarter_03_c32r21.tgm.header,Tiny.V9,27460911,264
c5daeed745527c05,fallenstararena_quarter_03_c32r22.tgm,Tiny.VC,27190088,2657
68a67bbe791d1d07,fallenstararena_quarter_03_c32r22.tgm.header,Tiny.V2,27142473,264
7e0fe9764a3d209d,fallenstararena_quarter_03_c32r23.tgm,Tiny.V6,26996155,3155
a7c03e0adfb8d692,fallenstararena_quarter_03_c32r23.tgm.header,Tiny.V7,26986577,264
b33e7be3b045222a,fallenstararena_quarter_03_c32r24.tgm,Streaming/Content/data/balance/worldareas/E8/mapsinterrift.vworld,658970,5343
606ac5677757b02b,fallenstararena_quarter_03_c32r24.tgm.header,Tiny.V2,27142737,264
b7e86597c4e037a4,fallenstararena_quarter_03_c32r25.tgm,Streaming/Content/data/balance/worldareas/1A/mapuberboss_fallenstar.vworld,839841,4591
90e040aa70d470b5,fallenstararena_quarter_03_c32r25.tgm.header,Tiny.V4,27328032,264
5f295cbff9c87c5e,fallenstararena_quarter_03_c32r26.tgm,Streaming/Content/data/balance/worldareas/86/mapuberboss_fallenstar.vworld,3061685,61795
840c3c77ffa16295,fallenstararena_quarter_03_c32r26.tgm.header,Tiny.VC,27192745,264
9f813118375cc257,fallenstararena_quarter_03_c32r27.tgm,Tiny.V5,26586678,1477
2277412d0dbf8b2a,fallenstararena_quarter_03_c32r27.tgm.header,Tiny.V8,27032658,264
a7937c89cc02cf5b,fallenstararena_quarter_03_c32r28.tgm,Tiny.V2,27143001,1731
cf7bc043cc14336b,fallenstararena_quarter_03_c32r28.tgm.header,Tiny.VC,27193009,264
6a7b7f7432b70ecf,fallenstararena_quarter_03_c32r29.tgm,Streaming/Content/data/balance/worldareas/5E/mapuberboss_fallenstar.vworld,6383,61687
03830e4506dd840a,fallenstararena_quarter_03_c32r29.tgm.header,Tiny.V7,26986841,264
77cbebf1e6b89edb,fallenstararena_quarter_03_c32r3.tgm,Tiny.V6,26999310,797
c1eadcb5c9d578fb,fallenstararena_quarter_03_c32r3.tgm.header,Tiny.V0,27303315,264
7a928ac8c665745c,fallenstararena_quarter_03_c32r30.tgm,Tiny.V3,26827530,1731
6b184582fec0856c,fallenstararena_quarter_03_c32r30.tgm.header,Tiny.V5,26588155,264
71c8a50b6ba3d713,fallenstararena_quarter_03_c32r31.tgm,Tiny.VA,27213608,1797
2887288527fbbb9e,fallenstararena_quarter_03_c32r31.tgm.header,Tiny.V4,27328296,264
3ae7748e327eab29,fallenstararena_quarter_03_c32r32.tgm,Streaming/Content/data/balance/worldareas/E9/mapuberboss_fallenstar.vworld,6832534,61569
9f960448b6f59bb0,fallenstararena_quarter_03_c32r32.tgm.header,Tiny.VF,27166313,264
e16648ad0e14d3c5,fallenstararena_quarter_03_c32r33.tgm,Tiny.V8,27032922,923
ec14438cad2dec4b,fallenstararena_quarter_03_c32r33.tgm.header,Tiny.V1,26972676,264
0abacb5c53637688,fallenstararena_quarter_03_c31r4.tgm,Tiny.V7,26986192,385
7b652e0ab06007ad,fallenstararena_quarter_03_c31r4.tgm.header,Tiny.V4,27324550,264
172d972b0bbc47fd,fallenstararena_quarter_03_c31r5.tgm,Tiny.V3,26826283,719
e02a15254390e6a3,fallenstararena_quarter_03_c31r5.tgm.header,Tiny.VA,27211027,264
920f536b2a0c5acd,fallenstararena_quarter_03_c31r6.tgm,Tiny.V5,26586083,595
5eed38f70f551a8f,fallenstararena_quarter_03_c31r6.tgm.header,Tiny.V8,27032394,264
25094f1d31de427d,fallenstararena_quarter_03_c31r7.tgm,Tiny.V4,27324814,733
700ccb6e3c5a1665,fallenstararena_quarter_03_c31r7.tgm.header,Tiny.V0,27298120,264
3df59808420b974a,fallenstararena_quarter_03_c31r8.tgm,Tiny.V0,27298384,549
031c9e99878912d8,fallenstararena_quarter_03_c31r8.tgm.header,Tiny.V2,27244072,264
b159ddb5b615c3ee,fallenstararena_quarter_03_c31r9.tgm,Tiny.VE,26933808,687
45e29473944f7489,fallenstararena_quarter_03_c31r9.tgm.header,Tiny.V2,27216463,264
305b6b9089b636f1,fallenstararena_quarter_03_c31r1.tgm,Tiny.VE,26930954,845
2d800aee77cf19fe,fallenstararena_quarter_03_c31r1.tgm.header,Tiny.V7,26981402,264
e788e2a8c2fe1ad4,fallenstararena_quarter_03_c31r10.tgm,Tiny.VA,27203784,2185
c4800a4c9b507850,fallenstararena_quarter_03_c31r10.tgm.header,Tiny.VF,27162685,264
765bb192d12bf824,fallenstararena_quarter_03_c31r11.tgm,Tiny.VA,27205969,3097
f95f02dda703f143,fallenstararena_quarter_03_c31r11.tgm.header,Tiny.V9,27453581,264
cc43f8b37b6b38ed,fallenstararena_quarter_03_c31r12.tgm,Tiny.V1,26959196,2325
300af50ff8015f57,fallenstararena_quarter_03_c31r12.tgm.header,Tiny.V2,27141417,264
548ec81ae9a059eb,fallenstararena_quarter_03_c31r13.tgm,Streaming/Content/data/balance/worldareas/F3/mapuberboss_fallenstar.vworld,3360479,54983
66ae9856a6ee7190,fallenstararena_quarter_03_c31r13.tgm.header,Tiny.V5,26585489,330
198e7608d046d61b,fallenstararena_quarter_03_c31r14.tgm,Streaming/Content/data/balance/worldareas/B2/mapuberboss_fallenstar.vworld,5601281,7869
c719d4a6575a6fb8,fallenstararena_quarter_03_c31r14.tgm.header,Tiny.V1,26961521,264
e3cc44243d5186f7,fallenstararena_quarter_03_c31r15.tgm,Streaming/Content/data/balance/worldareas/52/mapuberboss_fallenstar.vworld,360580,6905
78531f9e4446efc3,fallenstararena_quarter_03_c31r15.tgm.header,Tiny.VC,27184083,264
a44bd42d44719529,fallenstararena_quarter_03_c31r16.tgm,Tiny.V6,26994102,1525
cdfb578fd9a6736c,fallenstararena_quarter_03_c31r16.tgm.header,Tiny.V6,26995627,264
203cccd228c0252b,fallenstararena_quarter_03_c31r17.tgm,Tiny.VA,27209066,1697
f0a3d6d8e5c8220e,fallenstararena_quarter_03_c31r17.tgm.header,Tiny.V9,27453845,264
6cbd3a2f9a59a08b,fallenstararena_quarter_03_c31r18.tgm,Tiny.VE,26931799,2009
59192ccdfdc4bb32,fallenstararena_quarter_03_c31r18.tgm.header,Tiny.V0,27292166,264
894f280c335ff079,fallenstararena_quarter_03_c31r19.tgm,Tiny.V7,26981666,2201
d63e2f1797a4d2f1,fallenstararena_quarter_03_c31r19.tgm.header,Tiny.VC,27184347,264
f97dc2b9bf19a285,fallenstararena_quarter_03_c31r2.tgm,Tiny.V9,27454109,811
0ccec5a484bcf924,fallenstararena_quarter_03_c31r2.tgm.header,Tiny.V2,27141681,264
c1d13d2417476d47,fallenstararena_quarter_03_c31r20.tgm,Streaming/Content/data/balance/worldareas/73/mapuberboss_fallenstar.vworld,427729,165843
72e0bbb50f868e22,fallenstararena_quarter_03_c31r20.tgm.header,Tiny.V2,27141945,264
0a7a16cce3de05f4,fallenstararena_quarter_03_c31r21.tgm,Tiny.V0,27292430,2075
b8d4ba4ab916df8b,fallenstararena_quarter_03_c31r21.tgm.header,Tiny.V1,26961785,264
224aba292dab42d0,fallenstararena_quarter_03_c31r22.tgm,Tiny.V1,26962049,2247
ed7e0eec6eb8e9a2,fallenstararena_quarter_03_c31r22.tgm.header,Tiny.V2,27142209,264
64e65eb059263735,fallenstararena_quarter_03_c31r23.tgm,Tiny.V0,27294505,3615
9a8d70061961e75c,fallenstararena_quarter_03_c31r23.tgm.header,Tiny.V8,27030969,264
c4ed6483e8d74c80,fallenstararena_quarter_03_c31r24.tgm,Streaming/Content/data/balance/worldareas/g1_5.vworld.1,581592,4525
5afb2a2f823e645b,fallenstararena_quarter_03_c31r24.tgm.header,Tiny.V5,26585819,264
bb368b0b7972ecf8,fallenstararena_quarter_03_c31r25.tgm,Streaming/Content/data/balance/worldareas/12/mapuberboss_fallenstar.vworld,8813901,5123
d44c754276013c8f,fallenstararena_quarter_03_c31r25.tgm.header,Tiny.VD,26964340,264
e1d96f39b086ea08,fallenstararena_quarter_03_c31r26.tgm,Tiny.V1,26964296,2603
04e0f06ff7852ea7,fallenstararena_quarter_03_c31r26.tgm.header,Tiny.V8,27031233,264
2c9a21dd688448a3,fallenstararena_quarter_03_c31r27.tgm,Tiny.V9,27454920,1549
5604c98e3603b2df,fallenstararena_quarter_03_c31r27.tgm.header,Tiny.V9,27456469,264
6e6fad53fb8e82bf,fallenstararena_quarter_03_c31r28.tgm,Tiny.VC,27184611,1567
1a3584653bdbbab2,fallenstararena_quarter_03_c31r28.tgm.header,Tiny.V4,27324286,264
91800bdc65f8361b,fallenstararena_quarter_03_c31r29.tgm,Tiny.V1,26966899,1493
f1c93e0e4cd457f2,fallenstararena_quarter_03_c31r29.tgm.header,Tiny.V6,26995891,264
f98337b4ae0b784a,fallenstararena_quarter_03_c31r3.tgm,Tiny.V8,27031497,633
1dbe24f01b653ee0,fallenstararena_quarter_03_c31r3.tgm.header,Tiny.VA,27210763,264
2be14bdf7b48b12a,fallenstararena_quarter_03_c31r30.tgm,Tiny.V9,27456733,1561
30d993b5d1ffb85e,fallenstararena_quarter_03_c31r30.tgm.header,Tiny.V7,26983867,264
912eaaab5ed15ed3,fallenstararena_quarter_03_c31r31.tgm,Tiny.V7,26984131,1797
7dc12aad3fc5bfd3,fallenstararena_quarter_03_c31r31.tgm.header,Tiny.V7,26985928,264
a3409dd597a5735d,fallenstararena_quarter_03_c31r32.tgm,Tiny.VC,27186178,1515
604145ed9d9d3082,fallenstararena_quarter_03_c31r32.tgm.header,Tiny.V8,27032130,264
34a3533fa2ee100c,fallenstararena_quarter_03_c31r33.tgm,Tiny.V1,26968392,1301
23099a04b8c4ab7b,fallenstararena_quarter_03_c31r33.tgm.header,Tiny.V9,27458294,264
08ff2f683b87a85d,fallenstararena_quarter_03_c30r4.tgm,Tiny.V6,26992542,707
a4f6c8932a2c8cf3,fallenstararena_quarter_03_c30r4.tgm.header,Tiny.V7,26980874,264
81e58f47ce456bc2,fallenstararena_quarter_03_c30r5.tgm,Tiny.V6,26993249,589
2fbfd5fbb92d566d,fallenstararena_quarter_03_c30r5.tgm.header,Tiny.V0,27291902,264
2954273b1c9eb63b,fallenstararena_quarter_03_c30r6.tgm,Tiny.V8,27030452,517
eff923d1a96af963,fallenstararena_quarter_03_c30r6.tgm.header,Tiny.V6,26993838,264
1d09726df7e70538,fallenstararena_quarter_03_c30r7.tgm,Tiny.V4,27323587,699
5cd158876b7bce79,fallenstararena_quarter_03_c30r7.tgm.header,Tiny.VA,27203520,264
57e563cd70a991d1,fallenstararena_quarter_03_c30r8.tgm,Tiny.VD,26963779,561
849d4c89670c1857,fallenstararena_quarter_03_c30r8.tgm.header,Tiny.V7,26981138,264
ea019a9889ce871f,fallenstararena_quarter_03_c30r9.tgm,Tiny.V5,26584934,555
c3bbc24f9a6a0a4a,fallenstararena_quarter_03_c30r9.tgm.header,Tiny.V0,27249240,264
79fb7194d5921f78,fallenstararena_quarter_03_c30r1.tgm,Tiny.V3,26824722,1033
837eab087c949ba6,fallenstararena_quarter_03_c30r1.tgm.header,Tiny.V3,26825755,264
0b33224c601e3db9,fallenstararena_quarter_03_c30r10.tgm,Tiny.V6,26991097,1181
937fffada6f4c2a4,fallenstararena_quarter_03_c30r10.tgm.header,Tiny.V2,27140162,264
ea136860bb7ed9d5,fallenstararena_quarter_03_c30r11.tgm,Tiny.VB,27201407,3185
932827caa9814678,fallenstararena_quarter_03_c30r11.tgm.header,Tiny.V4,27320088,264
202cce060735ebb0,fallenstararena_quarter_03_c30r12.tgm,Tiny.V7,26977999,2611
d06b4a60a38c7341,fallenstararena_quarter_03_c30r12.tgm.header,Tiny.V4,27320352,264
1a63bf287c369473,fallenstararena_quarter_03_c30r13.tgm,Streaming/Content/data/balance/worldareas/43/mapuberboss_fallenstar.vworld,431359,619151
73a6f3e918334513,fallenstararena_quarter_03_c30r13.tgm.header,Tiny.V9,27448897,450
57da40a3af87d066,fallenstararena_quarter_03_c30r14.tgm,Streaming/Content/data/balance/worldareas/F0/mapuberboss_fallenstar.vworld,1944969,7875
0eb323b3bb3ca2b4,fallenstararena_quarter_03_c30r14.tgm.header,Tiny.V7,26980610,264
19452eba54ba4d2f,fallenstararena_quarter_03_c30r15.tgm,Streaming/Content/data/balance/worldareas/44/mapuberboss_fallenstar.vworld,1200644,7359
1162e13fe0a01425,fallenstararena_quarter_03_c30r15.tgm.header,Tiny.V1,26953064,264
de86ad5ba1e74417,fallenstararena_quarter_03_c30r16.tgm,Tiny.V0,27284321,1247
3cbc8613d7665225,fallenstararena_quarter_03_c30r16.tgm.header,Tiny.VE,26929898,264
3bc76d22ccd69538,fallenstararena_quarter_03_c30r17.tgm,Tiny.V4,27320616,2443
70e4e46f3e84f353,fallenstararena_quarter_03_c30r17.tgm.header,Tiny.V5,26583878,264
92da898cc8e596c5,fallenstararena_quarter_03_c30r18.tgm,Tiny.V0,27285568,2331
b2fd0d6c926b9ac6,fallenstararena_quarter_03_c30r18.tgm.header,Tiny.V3,26826019,264
e837842a1da7e009,fallenstararena_quarter_03_c30r19.tgm,Streaming/Content/data/balance/worldareas/22/mapuberboss_fallenstar.vworld,11204343,212793
f0e525e18813351d,fallenstararena_quarter_03_c30r19.tgm.header,Tiny.V4,27323059,264
79a5b90d96a44caf,fallenstararena_quarter_03_c30r2.tgm,Tiny.V2,27140426,727
d94ebadd4d1a886f,fallenstararena_quarter_03_c30r2.tgm.header,Tiny.V4,27323323,264
454032ef451d2f40,fallenstararena_quarter_03_c30r20.tgm,Tiny.V1,26953328,2589
dc3cb221ba5300be,fallenstararena_quarter_03_c30r20.tgm.header,Tiny.V6,26992278,264
015fbcad0cc29c85,fallenstararena_quarter_03_c30r21.tgm,Tiny.V1,26955917,3015
3fa79a3155500374,fallenstararena_quarter_03_c30r21.tgm.header,Tiny.V5,26584142,264
952a58636dc0fddd,fallenstararena_quarter_03_c30r22.tgm,Tiny.V9,27449347,2837
9d4665254e468362,fallenstararena_quarter_03_c30r22.tgm.header,Tiny.V5,26584406,264
0a7c372826575378,fallenstararena_quarter_03_c30r23.tgm,Tiny.V0,27287899,4003
ddc462fa045d2b86,fallenstararena_quarter_03_c30r23.tgm.header,Tiny.V2,27141153,264
9cd296440ac6cc35,fallenstararena_quarter_03_c30r24.tgm,Streaming/Content/data/balance/worldareas/A9/mapuberboss_fallenstar.vworld,1189411,4395
ad140e159e8874ab,fallenstararena_quarter_03_c30r24.tgm.header,Tiny.VD,26961245,264
6e3e2db42c202f2a,fallenstararena_quarter_03_c30r25.tgm,Streaming/Content/data/balance/worldareas/C0/mapuberboss_fallenstar.vworld,1390542,5849
cd1c9b4dbc1052d3,fallenstararena_quarter_03_c30r25.tgm.header,Tiny.V8,27026352,264
3a50f5543f6c5fd9,fallenstararena_quarter_03_c30r26.tgm,Streaming/Content/data/balance/worldareas/1E/mapuberboss_fallenstar.vworld,70492,5093
764a023d7801b153,fallenstararena_quarter_03_c30r26.tgm.header,Tiny.V1,26958932,264
769520e1274c1cd6,fallenstararena_quarter_03_c30r27.tgm,Tiny.VB,27204592,1887
f5ed3acf73fc2877,fallenstararena_quarter_03_c30r27.tgm.header,Tiny.VE,26930162,264
202d8245ad127c9a,fallenstararena_quarter_03_c30r28.tgm,Tiny.VA,27201817,1703
a842f33d5fe3e452,fallenstararena_quarter_03_c30r28.tgm.header,Tiny.VC,27181740,264
5a07a929fe26eb7a,fallenstararena_quarter_03_c30r29.tgm,Tiny.VD,26961509,1589
8f8d88685b57d08b,fallenstararena_quarter_03_c30r29.tgm.header,Tiny.VE,26930426,264
5e5cc1e617dac8c3,fallenstararena_quarter_03_c30r3.tgm,Tiny.VD,26963098,681
f3e66078ca47fb15,fallenstararena_quarter_03_c30r3.tgm.header,Tiny.V8,27026616,264
5e814d4218083773,fallenstararena_quarter_03_c30r30.tgm,Tiny.VC,27182004,1815
c2d3bf87be9fe131,fallenstararena_quarter_03_c30r30.tgm.header,Tiny.V5,26584670,264
2bf69a4f44302a0b,fallenstararena_quarter_03_c30r31.tgm,Tiny.V8,27026880,1797
63214ecb6ddd9799,fallenstararena_quarter_03_c30r31.tgm.header,Tiny.VE,26930690,264
20817552fac0a522,fallenstararena_quarter_03_c30r32.tgm,Tiny.V8,27028677,1775
df231a626d48c913,fallenstararena_quarter_03_c30r32.tgm.header,Tiny.VC,27183819,264
655838183ab99135,fallenstararena_quarter_03_c30r33.tgm,Tiny.V9,27452184,1397
f5eb6aa0ce0f7cff,fallenstararena_quarter_03_c30r33.tgm.header,Tiny.VF,27162421,264
fbb73980e7ab51ab,fallenstararena_quarter_03_c3r4.tgm,Tiny.V7,26990960,815
1a86c70c14be0ecb,fallenstararena_quarter_03_c3r4.tgm.header,Tiny.VB,27217815,264
ef84d5eee9fccb4c,fallenstararena_quarter_03_c3r5.tgm,Tiny.VE,26945244,535
5cd85a8e0796c5bf,fallenstararena_quarter_03_c3r5.tgm.header,Tiny.V0,27306478,264
14ad691c832a321a,fallenstararena_quarter_03_c3r6.tgm,Tiny.V9,27472442,431
b630def0b030bd8b,fallenstararena_quarter_03_c3r6.tgm.header,Tiny.VF,27171392,264
cedd3fdea2335af0,fallenstararena_quarter_03_c3r7.tgm,Tiny.V5,26592548,503
0eb60b623f145bd7,fallenstararena_quarter_03_c3r7.tgm.header,Tiny.V1,26982575,264
76d138316781b9f0,fallenstararena_quarter_03_c3r8.tgm,Tiny.V1,26982839,529
74b3690420bc4ce9,fallenstararena_quarter_03_c3r8.tgm.header,Tiny.VA,27220677,264
b1e1371a0502c785,fallenstararena_quarter_03_c3r9.tgm,Tiny.VB,27218079,659
83459a1012b02217,fallenstararena_quarter_03_c3r9.tgm.header,Tiny.V6,27002971,264
e638ceff16a09781,fallenstararena_quarter_03_c3r1.tgm,Tiny.VB,27215113,841
36fc7cd7cf445498,fallenstararena_quarter_03_c3r1.tgm.header,Tiny.V4,27329088,264
f4f6e4fe66cfde12,fallenstararena_quarter_03_c3r10.tgm,Tiny.VA,27219357,647
1d9de4dc42bea56c,fallenstararena_quarter_03_c3r10.tgm.header,Tiny.V5,26591193,264
450698ca42527a71,fallenstararena_quarter_03_c3r11.tgm,Tiny.VA,27220004,673
fe921271272f2f2b,fallenstararena_quarter_03_c3r11.tgm.header,Tiny.V3,26830054,264
a1797fb19879bbc3,fallenstararena_quarter_03_c3r12.tgm,Tiny.V7,26989957,739
3f6bd7f626f13ed7,fallenstararena_quarter_03_c3r12.tgm.header,Tiny.VF,27169783,264
d54f1f21e4f01738,fallenstararena_quarter_03_c3r13.tgm,Tiny.V6,27001880,563
c269f9ad19ca14d4,fallenstararena_quarter_03_c3r13.tgm.header,Tiny.V2,27152057,264
ec453743090ab869,fallenstararena_quarter_03_c3r14.tgm,Tiny.VF,27170047,817
963b025d36fc1e62,fallenstararena_quarter_03_c3r14.tgm.header,Tiny.V0,27305487,264
b4708ca3734d6373,fallenstararena_quarter_03_c3r15.tgm,Tiny.V9,27469463,851
2b053a92e369eaa9,fallenstararena_quarter_03_c3r15.tgm.header,Tiny.VB,27215954,264
1e6762935871b343,fallenstararena_quarter_03_c3r16.tgm,Tiny.V4,27329352,609
4c1bbd279082d4b6,fallenstararena_quarter_03_c3r16.tgm.header,Tiny.V6,27002443,264
8dea7c4b212b3a29,fallenstararena_quarter_03_c3r17.tgm,Tiny.VD,26970845,759
41f87388c68d33ee,fallenstararena_quarter_03_c3r17.tgm.header,Tiny.V9,27470314,264
4a46c692b042ee37,fallenstararena_quarter_03_c3r18.tgm,Tiny.V4,27329961,621
aa0a4b2a04234569,fallenstararena_quarter_03_c3r18.tgm.header,Tiny.V6,27002707,264
75ab975fbc6ee39d,fallenstararena_quarter_03_c3r19.tgm,Tiny.V1,26981227,659
27af41374a9bb763,fallenstararena_quarter_03_c3r19.tgm.header,Tiny.V4,27330582,264
9d06a403d38e471b,fallenstararena_quarter_03_c3r2.tgm,Tiny.VE,26943852,561
70f4468310571c56,fallenstararena_quarter_03_c3r2.tgm.header,Tiny.V8,27037841,264
f8fd38c95b6d0db3,fallenstararena_quarter_03_c3r20.tgm,Tiny.VB,27216218,805
580ab431ded6298e,fallenstararena_quarter_03_c3r20.tgm.header,Tiny.VF,27170864,264
ba32b02464cc4d9d,fallenstararena_quarter_03_c3r21.tgm,Tiny.V2,27152321,759
84fb01b7b956513a,fallenstararena_quarter_03_c3r21.tgm.header,Tiny.V9,27470578,264
70ebbfcfd8792f49,fallenstararena_quarter_03_c3r22.tgm,Tiny.VE,26944413,831
af7d76d6438ffc02,fallenstararena_quarter_03_c3r22.tgm.header,Tiny.V4,27330846,264
85c4a348e71e5039,fallenstararena_quarter_03_c3r23.tgm,Tiny.V9,27470842,779
798631ba2a61ac4c,fallenstararena_quarter_03_c3r23.tgm.header,Tiny.V2,27153080,264
a5638669317e6193,fallenstararena_quarter_03_c3r24.tgm,Tiny.VD,26971604,825
d5f5c596088b9ea5,fallenstararena_quarter_03_c3r24.tgm.header,Tiny.V7,26990696,264
f4fd70f83ec88597,fallenstararena_quarter_03_c3r25.tgm,Tiny.V3,26830318,851
bf6ff5e81d741d65,fallenstararena_quarter_03_c3r25.tgm.header,Tiny.V1,26981886,264
7e353d0fd891184b,fallenstararena_quarter_03_c3r26.tgm,Tiny.V5,26591457,563
75d28555fb3d49c0,fallenstararena_quarter_03_c3r26.tgm.header,Tiny.VB,27217023,264
4b9cb53470da7de3,fallenstararena_quarter_03_c3r27.tgm,Tiny.V4,27331110,699
857c964f11d36018,fallenstararena_quarter_03_c3r27.tgm.header,Tiny.V3,26831169,264
c1937817ac230685,fallenstararena_quarter_03_c3r28.tgm,Tiny.V2,27153344,621
494684f83820c92f,fallenstararena_quarter_03_c3r28.tgm.header,Tiny.V5,26592020,264
ceed34d6ce971287,fallenstararena_quarter_03_c3r29.tgm,Tiny.VD,26972429,411
6dd63e5d227f50d6,fallenstararena_quarter_03_c3r29.tgm.header,Tiny.V3,26831433,264
e659cc5755e41664,fallenstararena_quarter_03_c3r3.tgm,Tiny.V9,27471621,821
11f5a165400ca941,fallenstararena_quarter_03_c3r3.tgm.header,Tiny.VC,27193801,264
58d6916a304ad6ae,fallenstararena_quarter_03_c3r30.tgm,Tiny.V0,27305751,727
bbc1ec3e351f6755,fallenstararena_quarter_03_c3r30.tgm.header,Tiny.VB,27217287,264
d23d2cab11e82c36,fallenstararena_quarter_03_c3r31.tgm,Tiny.V3,26831697,667
80ddb57aa2765992,fallenstararena_quarter_03_c3r31.tgm.header,Tiny.V5,26592284,264
b7f4d7bba931ad09,fallenstararena_quarter_03_c3r32.tgm,Tiny.V2,27153965,653
c29ab5910f84d1d2,fallenstararena_quarter_03_c3r32.tgm.header,Tiny.VB,27217551,264
a1341955e3110080,fallenstararena_quarter_03_c3r33.tgm,Tiny.V1,26982150,425
d180fa21ee73a715,fallenstararena_quarter_03_c3r33.tgm.header,Tiny.VF,27171128,264
eea99e5cba9847d0,fallenstararena_quarter_03_c29r4.tgm,Tiny.V3,26821742,929
688670a7ae6c9ed8,fallenstararena_quarter_03_c29r4.tgm.header,Tiny.V6,26990305,264
7d09a2e732508440,fallenstararena_quarter_03_c29r5.tgm,Tiny.VE,26927323,719
c813b600ee4cc3de,fallenstararena_quarter_03_c29r5.tgm.header,Tiny.VF,27160885,264
7303005ec751b987,fallenstararena_quarter_03_c29r6.tgm,Tiny.VE,26928042,595
3f3a6d9a69aa10be,fallenstararena_quarter_03_c29r6.tgm.header,Tiny.V6,26990569,264
6ed02e78bd1c9ab6,fallenstararena_quarter_03_c29r7.tgm,Tiny.V3,26822671,641
556b62ba0a93887f,fallenstararena_quarter_03_c29r7.tgm.header,Tiny.V0,27283265,264
0522f05fbe2bf2ee,fallenstararena_quarter_03_c29r8.tgm,Tiny.V1,26950573,503
cd7826f52d94aa89,fallenstararena_quarter_03_c29r8.tgm.header,Tiny.V3,26867044,264
02685c78dffb9aff,fallenstararena_quarter_03_c29r9.tgm,Tiny.VF,27161149,451
b7a7b4eebb405e24,fallenstararena_quarter_03_c29r9.tgm.header,Tiny.V7,26976512,264
2eb5ad9efeb4589c,fallenstararena_quarter_03_c29r1.tgm,Tiny.V4,27314972,923
7ce51b28d85c57e9,fallenstararena_quarter_03_c29r1.tgm.header,Tiny.V9,27446327,264
f086accece922994,fallenstararena_quarter_03_c29r10.tgm,Tiny.VA,27196064,689
ded8c0002a3528f2,fallenstararena_quarter_03_c29r10.tgm.header,Tiny.V3,26821478,264
35617ae52e191ad8,fallenstararena_quarter_03_c29r11.tgm,Tiny.VD,26951216,2245
18fc4e92b9d16520,fallenstararena_quarter_03_c29r11.tgm.header,Tiny.V4,27315895,264
f51f58ec4aed77e9,fallenstararena_quarter_03_c29r12.tgm,Tiny.V1,26945695,1979
ea092c06fb8c540d,fallenstararena_quarter_03_c29r12.tgm.header,Tiny.V9,27446591,264
f964b1c14fa62b7f,fallenstararena_quarter_03_c29r13.tgm,Tiny.V5,26574294,3153
c95bb0017fae79e6,fallenstararena_quarter_03_c29r13.tgm.header,Tiny.VB,27197791,264
2c8c5ee2d79c3274,fallenstararena_quarter_03_c29r14.tgm,Streaming/Content/data/balance/worldareas/11/mapport.vworld,466922,6125
c703a1c8f64fe1dc,fallenstararena_quarter_03_c29r14.tgm.header,Tiny.VB,27198055,264
5eba9e566bf81d1b,fallenstararena_quarter_03_c29r15.tgm,Streaming/Content/data/balance/worldareas/B9/mapport.vworld,315135,7659
e552cb57ef6ac26c,fallenstararena_quarter_03_c29r15.tgm.header,Tiny.V0,27282737,264
ad44461d687785b4,fallenstararena_quarter_03_c29r16.tgm,Tiny.V5,26577447,1601
acda75ebd7ae7d47,fallenstararena_quarter_03_c29r16.tgm.header,Tiny.V1,26947674,264
79120500ff0cfe23,fallenstararena_quarter_03_c29r17.tgm,Tiny.V4,27316159,1723
a5e74c02cae2a5ed,fallenstararena_quarter_03_c29r17.tgm.header,Tiny.VA,27196753,264
d9cb5e8e0a407c55,fallenstararena_quarter_03_c29r18.tgm,Tiny.VB,27198319,2013
60b68346fcd24908,fallenstararena_quarter_03_c29r18.tgm.header,Tiny.VB,27200332,264
b825b9c915314b7c,fallenstararena_quarter_03_c29r19.tgm,Tiny.V1,26947938,2371
9cd0f24110e07f75,fallenstararena_quarter_03_c29r19.tgm.header,Tiny.V5,26579048,264
d06d220a1efccc2d,fallenstararena_quarter_03_c29r2.tgm,Tiny.VF,27160154,731
cbb74e8a9e540dec,fallenstararena_quarter_03_c29r2.tgm.header,Tiny.VA,27197017,264
8794ef42b9535db4,fallenstararena_quarter_03_c29r20.tgm,Tiny.V6,26987430,2347
c23a68b01416259b,fallenstararena_quarter_03_c29r20.tgm.header,Tiny.V5,26579312,264
a0b5bdd312de12ec,fallenstararena_quarter_03_c29r21.tgm,Tiny.VD,26953461,2985
5b4dda2c7cd532ba,fallenstararena_quarter_03_c29r21.tgm.header,Tiny.VD,26956446,264
2d052c6300a14e4e,fallenstararena_quarter_03_c29r22.tgm,Tiny.VA,27197281,2527
25d9ef6a4e23b26d,fallenstararena_quarter_03_c29r22.tgm.header,Tiny.V7,26976248,264
08f74b7fe8e3ad42,fallenstararena_quarter_03_c29r23.tgm,Tiny.VD,26956710,3743
752de763e2ea4285,fallenstararena_quarter_03_c29r23.tgm.header,Tiny.V2,27137290,264
432a826651175a27,fallenstararena_quarter_03_c29r24.tgm,Streaming/Content/data/balance/worldareas/B6/mapuberboss_fallenstar.vworld,6689849,4127
2edbb045abb52be9,fallenstararena_quarter_03_c29r24.tgm.header,Tiny.V1,26950309,264
1729396b6bc775a7,fallenstararena_quarter_03_c29r25.tgm,Streaming/Content/data/balance/worldareas/12/mapuberboss_fallenstar.vworld,8808654,5247
24d01f4bfb601e49,fallenstararena_quarter_03_c29r25.tgm.header,Tiny.VA,27199808,264
7ffa7e913079bea1,fallenstararena_quarter_03_c29r26.tgm,Streaming/Content/data/balance/worldareas/3C/mapport.vworld,359101,65545
b468b70369f73fb5,fallenstararena_quarter_03_c29r26.tgm.header,Tiny.VB,27200596,283
ade249286338a57f,fallenstararena_quarter_03_c29r27.tgm,Tiny.V5,26579576,3211
f40d367481d7a57e,fallenstararena_quarter_03_c29r27.tgm.header,Tiny.V5,26582787,264
97eb1040bb5a516b,fallenstararena_quarter_03_c29r28.tgm,Tiny.V8,27022920,1809
3a50e510a1c22af0,fallenstararena_quarter_03_c29r28.tgm.header,Tiny.V4,27317882,264
59f71522fafbe49d,fallenstararena_quarter_03_c29r29.tgm,Streaming/Content/data/balance/worldareas/E1/mapuberboss_fallenstar.vworld,103771,61647
e7de3d809d270a4d,fallenstararena_quarter_03_c29r29.tgm.header,Tiny.VE,26925454,264
d045ab49ddac0d34,fallenstararena_quarter_03_c29r3.tgm,Tiny.VC,27178561,523
b2fe4dc1a7e54844,fallenstararena_quarter_03_c29r3.tgm.header,Tiny.V6,26989777,264
32f541b73dd8e54a,fallenstararena_quarter_03_c29r30.tgm,Tiny.VC,27179084,1763
7d5be591f92e9abf,fallenstararena_quarter_03_c29r30.tgm.header,Tiny.VA,27200072,264
736bdde84bc0fc10,fallenstararena_quarter_03_c29r31.tgm,Tiny.VE,26925718,1605
40d53fcbfa3b2354,fallenstararena_quarter_03_c29r31.tgm.header,Tiny.VA,27200336,264
ca99b88bca36fa02,fallenstararena_quarter_03_c29r32.tgm,Streaming/Content/data/balance/worldareas/64/p2_1.vworld.1,712324,61687
0f345512ae0336f0,fallenstararena_quarter_03_c29r32.tgm.header,Tiny.V6,26990041,264
7718db843b758deb,fallenstararena_quarter_03_c29r33.tgm,Tiny.V9,27446855,1295
e0ba9b7cb5cc0cc8,fallenstararena_quarter_03_c29r33.tgm.header,Tiny.V0,27283001,264
7fe7fbd38c6440b7,fallenstararena_quarter_03_c28r4.tgm,Tiny.V5,26573415,615
6954345ed27770a8,fallenstararena_quarter_03_c28r4.tgm.header,Tiny.V8,27022656,264
425aa95e5cfa1e4d,fallenstararena_quarter_03_c28r5.tgm,Tiny.VB,27196581,411
3433ece8d56e4a23,fallenstararena_quarter_03_c28r5.tgm.header,Tiny.VC,27178033,264
b12734614b4fbcc2,fallenstararena_quarter_03_c28r6.tgm,Tiny.V2,27136689,601
758725568cb810d2,fallenstararena_quarter_03_c28r6.tgm.header,Tiny.V0,27282473,264
06b1f2a3da3b1a63,fallenstararena_quarter_03_c28r7.tgm,Tiny.V9,27445424,903
79f9c91102f5aaf6,fallenstararena_quarter_03_c28r7.tgm.header,Tiny.VC,27178297,264
9a7717a435bd7c49,fallenstararena_quarter_03_c28r8.tgm,Tiny.VD,26950273,943
9522dff4de8614a2,fallenstararena_quarter_03_c28r8.tgm.header,Tiny.V5,26574030,264
70656dadd861941d,fallenstararena_quarter_03_c28r9.tgm,Tiny.VB,27196992,799
8314250a779cab2a,fallenstararena_quarter_03_c28r9.tgm.header,Tiny.VF,27159890,264
60aa062edc718de0,fallenstararena_quarter_03_c28r1.tgm,Tiny.V0,27277908,825
01715e4dff75ce49,fallenstararena_quarter_03_c28r1.tgm.header,Tiny.V8,27018077,264
68c0f3c3af3536cb,fallenstararena_quarter_03_c28r10.tgm,Tiny.V0,27278733,957
c6c02ec999e386db,fallenstararena_quarter_03_c28r10.tgm.header,Tiny.VA,27191582,264
5ee51aebf480f2bd,fallenstararena_quarter_03_c28r11.tgm,Tiny.V6,26978679,2183
8545d15bec83afce,fallenstararena_quarter_03_c28r11.tgm.header,Tiny.V0,27279690,264
cc31fb5d561e6a4c,fallenstararena_quarter_03_c28r12.tgm,Tiny.V6,26980862,2741
217929c70aab0050,fallenstararena_quarter_03_c28r12.tgm.header,Tiny.V3,26819133,264
9c28da199a4ef932,fallenstararena_quarter_03_c28r13.tgm,Tiny.VE,26923131,2059
565b5a3eb28daaa0,fallenstararena_quarter_03_c28r13.tgm.header,Tiny.V9,27439442,264
44f0be84322a21f6,fallenstararena_quarter_03_c28r14.tgm,Streaming/Content/data/balance/worldareas/41/g4_8a.vworld,363415,6933
d6a9756d72662651,fallenstararena_quarter_03_c28r14.tgm.header,Tiny.V4,27314444,264
8a1e169516766edb,fallenstararena_quarter_03_c28r15.tgm,Streaming/Content/data/balance/worldareas/C2/g3_11.vworld,688102,8799
475554d2be9b3c77,fallenstararena_quarter_03_c28r15.tgm.header,Tiny.V5,26572359,264
45ea4e3ec78f9093,fallenstararena_quarter_03_c28r16.tgm,Tiny.VD,26946894,2851
e434899208d9ccf1,fallenstararena_quarter_03_c28r16.tgm.header,Tiny.V5,26572623,264
fd480b1302307376,fallenstararena_quarter_03_c28r17.tgm,Tiny.V3,26819397,1817
30bf7d1517a14f3b,fallenstararena_quarter_03_c28r17.tgm.header,Tiny.V7,26974183,264
0a5dd5caba43ffbd,fallenstararena_quarter_03_c28r18.tgm,Tiny.VC,27175536,2233
8341894944af9e31,fallenstararena_quarter_03_c28r18.tgm.header,Tiny.V2,27135422,264
7e6701bce8285204,fallenstararena_quarter_03_c28r19.tgm,Tiny.V1,26938004,2351
4becbf5d08f47f78,fallenstararena_quarter_03_c28r19.tgm.header,Tiny.V5,26572887,264
9bd32ef4b50cf5ef,fallenstararena_quarter_03_c28r2.tgm,Tiny.V2,27135686,739
4d21d5ca102a90e1,fallenstararena_quarter_03_c28r2.tgm.header,Tiny.VB,27194812,264
f60de2b4d3b6f98a,fallenstararena_quarter_03_c28r20.tgm,Tiny.V0,27279954,2519
a37ae96247921c3d,fallenstararena_quarter_03_c28r20.tgm.header,Tiny.VC,27177769,264
0e71066062345f44,fallenstararena_quarter_03_c28r21.tgm,Tiny.V1,26940355,3065
d6a39e0689ff55f7,fallenstararena_quarter_03_c28r21.tgm.header,Tiny.VA,27191846,264
b827a97d26104364,fallenstararena_quarter_03_c28r22.tgm,Tiny.VF,27154810,3383
e6cb8231b44f8d25,fallenstararena_quarter_03_c28r22.tgm.header,Tiny.V1,26943420,264
36d19d6af1c69f5e,fallenstararena_quarter_03_c28r23.tgm,Tiny.V8,27018341,4051
c1e6f2a3956e1521,fallenstararena_quarter_03_c28r23.tgm.header,Tiny.V2,27136425,264
f151d5356347bb04,fallenstararena_quarter_03_c28r24.tgm,Tiny.V6,26983603,3563
1692d6e636e59582,fallenstararena_quarter_03_c28r24.tgm.header,Tiny.V7,26974447,264
418c8753ea66861a,fallenstararena_quarter_03_c28r25.tgm,Tiny.V9,27439706,4083
f03bdcd28a7c3635,fallenstararena_quarter_03_c28r25.tgm.header,Tiny.V3,26821214,264
147072fd5655cf89,fallenstararena_quarter_03_c28r26.tgm,Streaming/Content/data/balance/worldareas/AE/g1_15.vworld,493445,5673
8978454b9117e085,fallenstararena_quarter_03_c28r26.tgm.header,Tiny.VD,26949745,264
6589ab732029621c,fallenstararena_quarter_03_c28r27.tgm,Streaming/Content/data/balance/worldareas/43/mapuberboss_fallenstar.vworld,425170,6189
7f20c4c6e10cf174,fallenstararena_quarter_03_c28r27.tgm.header,Tiny.V6,26987166,264
74c30c9e251b9696,fallenstararena_quarter_03_c28r28.tgm,Tiny.VA,27192110,3239
d05233551624c0bb,fallenstararena_quarter_03_c28r28.tgm.header,Tiny.V7,26974711,264
3346b105ad77c362,fallenstararena_quarter_03_c28r29.tgm,Tiny.V1,26943684,2011
5b14bf1d6beaacc5,fallenstararena_quarter_03_c28r29.tgm.header,Tiny.V5,26573151,264
06fa717a2bdb3608,fallenstararena_quarter_03_c28r3.tgm,Tiny.VA,27195349,451
1e7bec2928e4fe76,fallenstararena_quarter_03_c28r3.tgm.header,Tiny.VA,27195800,264
2aa58a5d88536266,fallenstararena_quarter_03_c28r30.tgm,Tiny.VF,27158193,1697
8266ba56debc5e81,fallenstararena_quarter_03_c28r30.tgm.header,Tiny.VE,26925190,264
5c6960cc3b614af5,fallenstararena_quarter_03_c28r31.tgm,Tiny.VB,27195076,1505
209de64aec2aceeb,fallenstararena_quarter_03_c28r31.tgm.header,Tiny.VD,26950009,264
bb8d248bc46e4580,fallenstararena_quarter_03_c28r32.tgm,Tiny.V9,27443789,1635
8769c71b588c81c5,fallenstararena_quarter_03_c28r32.tgm.header,Tiny.V8,27022392,264
9d540cbbb29e8a31,fallenstararena_quarter_03_c28r33.tgm,Tiny.V7,26974975,1273
c895334d101a0fbb,fallenstararena_quarter_03_c28r33.tgm.header,Tiny.V4,27314708,264
168dcffbebe43e32,fallenstararena_quarter_03_c27r4.tgm,Tiny.V6,26978104,575
09f7866f8f19014b,fallenstararena_quarter_03_c27r4.tgm.header,Tiny.V7,26973324,264
2eeb7f12afaf38f1,fallenstararena_quarter_03_c27r5.tgm,Tiny.V7,26973588,595
d48cb652e88e59b5,fallenstararena_quarter_03_c27r5.tgm.header,Tiny.V5,26571434,264
6335198c7ea831d7,fallenstararena_quarter_03_c27r6.tgm,Tiny.VC,27174683,589
a920dc112fd85375,fallenstararena_quarter_03_c27r6.tgm.header,Tiny.VC,27175272,264
bc19d2eb31afa5d0,fallenstararena_quarter_03_c27r7.tgm,Tiny.V0,27277411,497
a7636c0fd70e815a,fallenstararena_quarter_03_c27r7.tgm.header,Tiny.VF,27154546,264
146e18401f7c5656,fallenstararena_quarter_03_c27r8.tgm,Tiny.V5,26571698,661
6a6898def0d2ffed,fallenstararena_quarter_03_c27r8.tgm.header,Tiny.V3,26818869,264
fa1edc54d14278b9,fallenstararena_quarter_03_c27r9.tgm,Tiny.VD,26946259,635
52ab906b0deb9e9f,fallenstararena_quarter_03_c27r9.tgm.header,Tiny.VE,27014991,264
6f92aea11ef23a33,fallenstararena_quarter_03_c27r1.tgm,Tiny.V6,26972233,837
a5a1963be8f458ba,fallenstararena_quarter_03_c27r1.tgm.header,Tiny.V2,27132789,264
3f07cb026b2cd510,fallenstararena_quarter_03_c27r10.tgm,Tiny.V4,27310682,609
f536c69e74039cb2,fallenstararena_quarter_03_c27r10.tgm.header,Tiny.VC,27241098,264
a8100020142a6301,fallenstararena_quarter_03_c27r11.tgm,Tiny.V8,27017512,565
7abaac4da5891610,fallenstararena_quarter_03_c27r11.tgm.header,Tiny.VB,27194284,264
ab45a429bfa0f680,fallenstararena_quarter_03_c27r12.tgm,Tiny.VA,27187184,2497
eaf949d7ce4c9818,fallenstararena_quarter_03_c27r12.tgm.header,Tiny.V7,26967704,264
893683aa88ded856,fallenstararena_quarter_03_c27r13.tgm,Tiny.VA,27189681,1901
c069733908c994d5,fallenstararena_quarter_03_c27r13.tgm.header,Tiny.V5,26567529,264
d2e5663d31a371c4,fallenstararena_quarter_03_c27r14.tgm,Streaming/Content/data/balance/worldareas/4B/mapuberboss_fallenstar.vworld,664513,7775
08af95fb7b7bde9e,fallenstararena_quarter_03_c27r14.tgm.header,Tiny.V1,26937212,264
50b73cb434a794c8,fallenstararena_quarter_03_c27r15.tgm,Streaming/Content/data/balance/worldareas/A0/mapuberboss_fallenstar.vworld,886728,11771
a8e36e02faf6faeb,fallenstararena_quarter_03_c27r15.tgm.header,Tiny.V9,27438914,264
ea5e6366af2f77d8,fallenstararena_quarter_03_c27r16.tgm,Streaming/Content/data/balance/worldareas/9E/mapuberboss_fallenstar.vworld,5981154,7385
165329ace3aaebcc,fallenstararena_quarter_03_c27r16.tgm.header,Tiny.V4,27311291,264
996a69c997145e53,fallenstararena_quarter_03_c27r17.tgm,Tiny.V0,27271016,1579
9eecceca2ea28f40,fallenstararena_quarter_03_c27r17.tgm.header,Tiny.V6,26973070,264
6296842dd71459a6,fallenstararena_quarter_03_c27r18.tgm,Tiny.V7,26967968,2425
51354a26be6fd5b0,fallenstararena_quarter_03_c27r18.tgm.header,Tiny.V7,26970393,264
46de15d16284d6e2,fallenstararena_quarter_03_c27r19.tgm,Tiny.V6,26973334,2787
dfb998c229fd6310,fallenstararena_quarter_03_c27r19.tgm.header,Tiny.V2,27133053,264
4c4b3effca006ce4,fallenstararena_quarter_03_c27r2.tgm,Tiny.VC,27163561,523
ddce44345142f1a1,fallenstararena_quarter_03_c27r2.tgm.header,Tiny.V2,27133317,264
05c5f4ad674786a2,fallenstararena_quarter_03_c27r20.tgm,Tiny.V4,27311555,2361
f9146939a305c296,fallenstararena_quarter_03_c27r20.tgm.header,Tiny.VB,27194548,264
949d5feebf37865f,fallenstararena_quarter_03_c27r21.tgm,Tiny.V7,26970657,2139
4c9bb80add368584,fallenstararena_quarter_03_c27r21.tgm.header,Tiny.V7,26972796,264
5776f21396acb58f,fallenstararena_quarter_03_c27r22.tgm,Tiny.VC,27164084,3075
518b0a22d9514330,fallenstararena_quarter_03_c27r22.tgm.header,Tiny.V9,27439178,264
a82250b50b4ad422,fallenstararena_quarter_03_c27r23.tgm,Tiny.V5,26567793,3641
9c7f2ebc06928fe3,fallenstararena_quarter_03_c27r23.tgm.header,Tiny.V1,26937476,264
dedc4999fe25803e,fallenstararena_quarter_03_c27r24.tgm,Tiny.VC,27167159,3533
0a57e79a7bf79b06,fallenstararena_quarter_03_c27r24.tgm.header,Tiny.V2,27133581,264
fdb67bb6b83c5dca,fallenstararena_quarter_03_c27r25.tgm,Tiny.VC,27170692,3727
84cf38d0f0bd50a3,fallenstararena_quarter_03_c27r25.tgm.header,Tiny.VC,27174419,264
dcb9672d8b1fd8c7,fallenstararena_quarter_03_c27r26.tgm,Tiny.VE,26918657,3521
7baff7a0f8e9d7c2,fallenstararena_quarter_03_c27r26.tgm.header,Tiny.VF,27152693,264
0bd71c0fdea610f7,fallenstararena_quarter_03_c27r27.tgm,Streaming/Content/data/balance/worldareas/50/mapuberboss_fallenstar.vworld,5817480,4807
1fd9cc3b4d8555ad,fallenstararena_quarter_03_c27r27.tgm.header,Tiny.V1,26937740,264
7f6a137f70427045,fallenstararena_quarter_03_c27r28.tgm,Streaming/Content/data/balance/worldareas/7E/mapuberboss_fallenstar.vworld,5263658,4877
7cdff8a0c4f73657,fallenstararena_quarter_03_c27r28.tgm.header,Tiny.V3,26818605,264
4b8bb870f3489ff1,fallenstararena_quarter_03_c27r29.tgm,Tiny.V0,27272595,3493
6c559122a544fe31,fallenstararena_quarter_03_c27r29.tgm.header,Tiny.VE,26922178,264
395f32396daf56c4,fallenstararena_quarter_03_c27r3.tgm,Tiny.VE,26922442,425
1584f2a7537b61ba,fallenstararena_quarter_03_c27r3.tgm.header,Tiny.V4,27313916,264
855fdcb8c2b5728e,fallenstararena_quarter_03_c27r30.tgm,Tiny.V6,26976121,1719
bd60649c5b3b8519,fallenstararena_quarter_03_c27r30.tgm.header,Tiny.V4,27314180,264
ccab9f3e2cb75dec,fallenstararena_quarter_03_c27r31.tgm,Tiny.V2,27133845,1577
0eae3ff0572dceee,fallenstararena_quarter_03_c27r31.tgm.header,Tiny.V6,26977840,264
b23e2304091ee776,fallenstararena_quarter_03_c27r32.tgm,Tiny.VF,27152957,1589
3a432e90cb7b8791,fallenstararena_quarter_03_c27r32.tgm.header,Tiny.V7,26973060,264
457ba517d701f69f,fallenstararena_quarter_03_c27r33.tgm,Tiny.V0,27276088,1323
5c3cf5dad3a3f3b5,fallenstararena_quarter_03_c27r33.tgm.header,Tiny.VE,26922867,264
674b6d0afe75e2f2,fallenstararena_quarter_03_c26r4.tgm,Tiny.VD,26943893,1047
72c7e60ef6567a77,fallenstararena_quarter_03_c26r4.tgm.header,Tiny.VF,27151682,264
5b1aa494290ae163,fallenstararena_quarter_03_c26r5.tgm,Tiny.VD,26944940,1055
015017606d2391e3,fallenstararena_quarter_03_c26r5.tgm.header,Tiny.VB,27193339,264
0cef325c913d01d0,fallenstararena_quarter_03_c26r6.tgm,Tiny.VF,27151946,747
b073439b337f627c,fallenstararena_quarter_03_c26r6.tgm.header,Tiny.VD,26945995,264
2ae4e7f935ceba47,fallenstararena_quarter_03_c26r7.tgm,Tiny.VB,27193603,681
86d970694941fd82,fallenstararena_quarter_03_c26r7.tgm.header,Tiny.V2,27132525,264
19425a4c43707dd7,fallenstararena_quarter_03_c26r8.tgm,Tiny.V9,27438267,647
c309219aa773dae2,fallenstararena_quarter_03_c26r8.tgm.header,Tiny.V4,27310418,264
b4bd11f1cf12f22d,fallenstararena_quarter_03_c26r9.tgm,Tiny.V5,26566986,543
6d393f7435872d8d,fallenstararena_quarter_03_c26r9.tgm.header,Tiny.V4,27399147,264
b4976364141383d8,fallenstararena_quarter_03_c26r1.tgm,Tiny.VF,27149466,843
e002b72c5ffb9c99,fallenstararena_quarter_03_c26r1.tgm.header,Tiny.V5,26564371,264
238b9963eda9fe97,fallenstararena_quarter_03_c26r10.tgm,Tiny.V8,27016616,425
f730484c7616deb6,fallenstararena_quarter_03_c26r10.tgm.header,Tiny.VA,27281266,264
6add512a7b7244cd,fallenstararena_quarter_03_c26r11.tgm,Tiny.V8,27017041,471
ef662553e0f9c165,fallenstararena_quarter_03_c26r11.tgm.header,Tiny.VD,27029512,264
ecd861ca726bfba8,fallenstararena_quarter_03_c26r12.tgm,Streaming/Content/data/balance/worldareas/D5/mapuberboss_fallenstar.vworld,94861,705705
350ca0bc31c2bcfc,fallenstararena_quarter_03_c26r12.tgm.header,Tiny.VF,27150309,330
a8d5bed076eeb8d9,fallenstararena_quarter_03_c26r13.tgm,Tiny.V4,27308291,2127
092151d3de6e5f0e,fallenstararena_quarter_03_c26r13.tgm.header,Tiny.VF,27150639,264
cd1e0897bb50ec42,fallenstararena_quarter_03_c26r14.tgm,Streaming/Content/data/balance/worldareas/09/mapuberboss_fallenstar.vworld,630534,40291
59b464c64332c4c5,fallenstararena_quarter_03_c26r14.tgm.header,Tiny.VC,27162439,330
03d762fc2dded216,fallenstararena_quarter_03_c26r15.tgm,Streaming/Content/data/balance/worldareas/7D/mapuberboss_fallenstar.vworld,6685542,8103
d41385e0068687de,fallenstararena_quarter_03_c26r15.tgm.header,Tiny.VC,27162769,264
7a8bfd05ebdbd10f,fallenstararena_quarter_03_c26r16.tgm,Streaming/Content/data/balance/worldareas/E7/mapuberboss_fallenstar.vworld,8746690,7023
f76be00087af7675,fallenstararena_quarter_03_c26r16.tgm.header,Tiny.V2,27128630,264
9f05cbbe93ec69f9,fallenstararena_quarter_03_c26r17.tgm,Tiny.V0,27266290,1655
1a45a486c36eb95f,fallenstararena_quarter_03_c26r17.tgm.header,Tiny.V5,26564635,264
dd9a3a948da5d6c7,fallenstararena_quarter_03_c26r18.tgm,Tiny.VD,26938333,2225
6bd9d34b5332ed43,fallenstararena_quarter_03_c26r18.tgm.header,Tiny.VB,27192811,264
4e15ea1341ae280e,fallenstararena_quarter_03_c26r19.tgm,Tiny.VD,26940558,3071
4b5d675522763045,fallenstararena_quarter_03_c26r19.tgm.header,Tiny.V5,26564899,264
2f3847538814997b,fallenstararena_quarter_03_c26r2.tgm,Tiny.VA,27180044,639
b1a2db7787bbd4ed,fallenstararena_quarter_03_c26r2.tgm.header,Tiny.V1,26936420,264
efd8b54b569db54f,fallenstararena_quarter_03_c26r20.tgm,Tiny.V7,26965331,2109
ba0d279e566adcf9,fallenstararena_quarter_03_c26r20.tgm.header,Tiny.V6,26967804,264
efb56b4ea23bdb1a,fallenstararena_quarter_03_c26r21.tgm,Tiny.V5,26565163,1559
d6f517b72f991c0a,fallenstararena_quarter_03_c26r21.tgm.header,Tiny.V1,26936684,264
91e501d8e296b500,fallenstararena_quarter_03_c26r22.tgm,Tiny.VA,27180683,3369
9abc846c1966ea40,fallenstararena_quarter_03_c26r22.tgm.header,Tiny.VA,27184052,264
701d13e06c2e33cf,fallenstararena_quarter_03_c26r23.tgm,Tiny.V2,27128894,3631
10661973bd45397d,fallenstararena_quarter_03_c26r23.tgm.header,Tiny.VA,27184316,264
bc5353236a7cc8be,fallenstararena_quarter_03_c26r24.tgm,Tiny.V0,27267945,3071
0c3908bc186133df,fallenstararena_quarter_03_c26r24.tgm.header,Tiny.V5,26566722,264
0eacef606b7ca5eb,fallenstararena_quarter_03_c26r25.tgm,Tiny.V3,26815922,2683
6d21cd2b7734d35d,fallenstararena_quarter_03_c26r25.tgm.header,Tiny.V1,26936948,264
58b97d241339792a,fallenstararena_quarter_03_c26r26.tgm,Streaming/Content/data/balance/worldareas/C1/mapuberboss_fallenstar.vworld,5898371,63047
0ec9ff4a1f4ca8c6,fallenstararena_quarter_03_c26r26.tgm.header,Tiny.VB,27193075,264
3a583a03c0a7c3db,fallenstararena_quarter_03_c26r27.tgm,Tiny.V6,26968068,3901
796264f94fbcf450,fallenstararena_quarter_03_c26r27.tgm.header,Tiny.VC,27163033,264
bd2023740a9d22b2,fallenstararena_quarter_03_c26r28.tgm,Streaming/Content/data/balance/worldareas/CD/mapuberboss_fallenstar.vworld,239781,5083
dae34210ea1661ca,fallenstararena_quarter_03_c26r28.tgm.header,Tiny.VF,27150903,264
7ae9055779a3121a,fallenstararena_quarter_03_c26r29.tgm,Streaming/Content/data/balance/worldareas/13/mapuberboss_fallenstar.vworld,5610272,65765
7208b1e973eba2ed,fallenstararena_quarter_03_c26r29.tgm.header,Tiny.VA,27184580,283
46655c62054b400d,fallenstararena_quarter_03_c26r3.tgm,Tiny.VF,27151167,515
b15478c281354368,fallenstararena_quarter_03_c26r3.tgm.header,Tiny.VC,27163297,264
a282a9ad620bf695,fallenstararena_quarter_03_c26r30.tgm,Streaming/Content/data/balance/worldareas/2E/mapuberboss_fallenstar.vworld,2082382,4185
903c82100cbd690f,fallenstararena_quarter_03_c26r30.tgm.header,Tiny.V7,26967440,264
598e603a2d744676,fallenstararena_quarter_03_c26r31.tgm,Tiny.VA,27184863,2321
b318d19de14686b7,fallenstararena_quarter_03_c26r31.tgm.header,Tiny.V6,26971969,264
84d72e1585158e1b,fallenstararena_quarter_03_c26r32.tgm,Streaming/Content/data/balance/worldareas/6D/mapuberboss_fallenstar.vworld,6738391,61835
42474a1c54da7648,fallenstararena_quarter_03_c26r32.tgm.header,Tiny.VD,26943629,264
790774a0c362e07c,fallenstararena_quarter_03_c26r33.tgm,Tiny.VE,26917446,1211
577b20c59609896d,fallenstararena_quarter_03_c26r33.tgm.header,Tiny.V9,27438003,264
f6e5ce9ef715f172,fallenstararena_quarter_03_c25r4.tgm,Tiny.V0,27265107,655
80cf58ac92856368,fallenstararena_quarter_03_c25r4.tgm.header,Tiny.VD,26937805,264
31cd8a8b798a8d84,fallenstararena_quarter_03_c25r5.tgm,Tiny.V7,26964880,451
afc1d3d1bccd0b7d,fallenstararena_quarter_03_c25r5.tgm.header,Tiny.VD,26938069,264
21eb7ae75de78fd3,fallenstararena_quarter_03_c25r6.tgm,Tiny.VA,27177879,405
004ae83e31ca9c40,fallenstararena_quarter_03_c25r6.tgm.header,Tiny.V0,27265762,264
5a56870f673c28a8,fallenstararena_quarter_03_c25r7.tgm,Tiny.VA,27178284,895
ef539a48affea5cf,fallenstararena_quarter_03_c25r7.tgm.header,Tiny.V0,27266026,264
163226e11876197f,fallenstararena_quarter_03_c25r8.tgm,Tiny.V5,26563488,883
2fd3248a347410d5,fallenstararena_quarter_03_c25r8.tgm.header,Tiny.VF,27123905,264
b7802bee43317f6c,fallenstararena_quarter_03_c25r9.tgm,Tiny.VA,27179179,865
4cb8248e5cc9ea73,fallenstararena_quarter_03_c25r9.tgm.header,Tiny.V2,27206445,264
29da6f502513544f,fallenstararena_quarter_03_c25r1.tgm,Tiny.VF,27145424,699
305ab2abfaddb0df,fallenstararena_quarter_03_c25r1.tgm.header,Tiny.V8,27015824,264
cc1be2c327ff1b62,fallenstararena_quarter_03_c25r10.tgm,Tiny.V2,27125196,701
36f03629c1692a68,fallenstararena_quarter_03_c25r10.tgm.header,Tiny.VB,27230602,264
8850e147ce4a8d84,fallenstararena_quarter_03_c25r11.tgm,Tiny.VC,27158671,1035
bf6e9fd3aefdf9fc,fallenstararena_quarter_03_c25r11.tgm.header,Tiny.V7,26963296,264
68c5a805bf54e264,fallenstararena_quarter_03_c25r12.tgm,Tiny.VB,27182493,2725
47f81ce83ef56151,fallenstararena_quarter_03_c25r12.tgm.header,Tiny.VB,27185218,264
b85cad3c094d90b1,fallenstararena_quarter_03_c25r13.tgm,Tiny.V1,26930970,2597
e17e4399b9058270,fallenstararena_quarter_03_c25r13.tgm.header,Tiny.VB,27185482,264
d4b722142e14d61c,fallenstararena_quarter_03_c25r14.tgm,Tiny.VF,27146123,3079
993a4da24a45366f,fallenstararena_quarter_03_c25r14.tgm.header,Tiny.VB,27185746,264
bddbe9bca6ee4164,fallenstararena_quarter_03_c25r15.tgm,Streaming/Content/data/balance/worldareas/5E/mapuberboss_fallenstar.vworld,0,6383
4eb3876bbfe47b60,fallenstararena_quarter_03_c25r15.tgm.header,Tiny.V4,27306418,264
08f10d04369430a0,fallenstararena_quarter_03_c25r16.tgm,Streaming/Content/data/balance/worldareas/C2/g3_11.vworld,681849,6253
fbae3e75c88801d0,fallenstararena_quarter_03_c25r16.tgm.header,Tiny.V7,26963560,264
df7b23bfde139a46,fallenstararena_quarter_03_c25r17.tgm,Streaming/Content/data/balance/worldareas/29/mapuberboss_fallenstar.vworld,2418898,5005
fd5080cabcadf824,fallenstararena_quarter_03_c25r17.tgm.header,Tiny.V8,27016088,264
54174dd510937c20,fallenstararena_quarter_03_c25r18.tgm,Tiny.V4,27306682,1609
542382d16473a3e4,fallenstararena_quarter_03_c25r18.tgm.header,Tiny.V3,26811641,264
774a32520f86e81c,fallenstararena_quarter_03_c25r19.tgm,Tiny.V2,27125897,2205
4a94030a91a19b1d,fallenstararena_quarter_03_c25r19.tgm.header,Tiny.V7,26963824,264
6ae2710f8a09d4df,fallenstararena_quarter_03_c25r2.tgm,Tiny.V9,27437618,385
6469612fbf933234,fallenstararena_quarter_03_c25r2.tgm.header,Tiny.VF,27149202,264
e9ada4902837dc49,fallenstararena_quarter_03_c25r20.tgm,Tiny.V5,26558946,2455
43f67b207b8e7e89,fallenstararena_quarter_03_c25r20.tgm.header,Tiny.V2,27128102,264
381efb2ef60d4e43,fallenstararena_quarter_03_c25r21.tgm,Tiny.V5,26561401,2087
7853506327488934,fallenstararena_quarter_03_c25r21.tgm.header,Tiny.V6,26965187,264
72325d0637ac0024,fallenstararena_quarter_03_c25r22.tgm,Tiny.VE,26914711,2735
94d9ad778aef3c9a,fallenstararena_quarter_03_c25r22.tgm.header,Tiny.V1,26933567,264
400c1c7995554b3b,fallenstararena_quarter_03_c25r23.tgm,Tiny.V0,27262838,2269
cdbad05cb64491bd,fallenstararena_quarter_03_c25r23.tgm.header,Tiny.V7,26964088,264
909fe5afbc723372,fallenstararena_quarter_03_c25r24.tgm,Tiny.V6,26965451,2353
03a442638b127d97,fallenstararena_quarter_03_c25r24.tgm.header,Tiny.VA,27177351,264
d696931a80663e45,fallenstararena_quarter_03_c25r25.tgm,Tiny.V1,26933831,2589
5072486af3a1e72b,fallenstararena_quarter_03_c25r25.tgm.header,Tiny.V7,26964352,264
980a3501afe0c723,fallenstararena_quarter_03_c25r26.tgm,Tiny.VD,26931363,2697
947504641668cf40,fallenstararena_quarter_03_c25r26.tgm.header,Tiny.V7,26964616,264
b5d81e8c4bbaf4db,fallenstararena_quarter_03_c25r27.tgm,Tiny.V3,26811905,3225
9b3d064b4868231c,fallenstararena_quarter_03_c25r27.tgm.header,Tiny.VB,27186010,264
a7d75b02b79ff5ad,fallenstararena_quarter_03_c25r28.tgm,Tiny.VC,27159706,2733
2482762fdd60b1d2,fallenstararena_quarter_03_c25r28.tgm.header,Tiny.V3,26815130,264
001b72a35a34a449,fallenstararena_quarter_03_c25r29.tgm,Tiny.VD,26934060,3745
681894a7928d2e49,fallenstararena_quarter_03_c25r29.tgm.header,Tiny.V8,27016352,264
9fc6e9478bfde06a,fallenstararena_quarter_03_c25r3.tgm,Tiny.VB,27186274,549
347eb4cdc11ff340,fallenstararena_quarter_03_c25r3.tgm.header,Tiny.VB,27186823,264
c420d80eea8b52d0,fallenstararena_quarter_03_c25r30.tgm,Streaming/Content/data/balance/worldareas/D1/mapuberboss_fallenstar.vworld,449067,4615
b18540c3e1ea1fb1,fallenstararena_quarter_03_c25r30.tgm.header,Tiny.V3,26815394,264
3dff18a49a84679c,fallenstararena_quarter_03_c25r31.tgm,Streaming/Content/data/balance/worldareas/9B/mapuberboss_fallenstar.vworld,7048963,4819
adf386fca21ce9ac,fallenstararena_quarter_03_c25r31.tgm.header,Tiny.V2,27128366,264
f6eb182c589194b3,fallenstararena_quarter_03_c25r32.tgm,Tiny.VB,27187087,3737
47c39bf0ead7c898,fallenstararena_quarter_03_c25r32.tgm.header,Tiny.VA,27177615,264
7794b1b033db32ff,fallenstararena_quarter_03_c25r33.tgm,Tiny.VB,27190824,1987
325a51e96bf04e60,fallenstararena_quarter_03_c25r33.tgm.header,Tiny.V3,26815658,264
7d59bb3722231d64,fallenstararena_quarter_03_c24r4.tgm,Tiny.VD,26930892,471
1446c6a254f282cd,fallenstararena_quarter_03_c24r4.tgm.header,Tiny.V2,27124147,264
2e4121a83a0882fb,fallenstararena_quarter_03_c24r5.tgm,Tiny.V7,26962701,595
4041681a730ba308,fallenstararena_quarter_03_c24r5.tgm.header,Tiny.VA,27177087,264
a3fd6415d9788dc0,fallenstararena_quarter_03_c24r6.tgm,Tiny.VF,27144565,595
99aceae53d5fd2b2,fallenstararena_quarter_03_c24r6.tgm.header,Tiny.VB,27182229,264
617ad17906d63ea0,fallenstararena_quarter_03_c24r7.tgm,Tiny.V2,27124411,785
687b8f143b9b3ff6,fallenstararena_quarter_03_c24r7.tgm.header,Tiny.VF,27145160,264
5ccd224ba216179e,fallenstararena_quarter_03_c24r8.tgm,Tiny.V9,27436997,621
90d79ab1f38c4edd,fallenstararena_quarter_03_c24r8.tgm.header,Tiny.V8,27015560,264
f462fb2668a92b0f,fallenstararena_quarter_03_c24r9.tgm,Tiny.V4,27305941,477
23287b43e2b87f46,fallenstararena_quarter_03_c24r9.tgm.header,Tiny.V8,27094231,264
cbd35daeb07d0ec0,fallenstararena_quarter_03_c24r1.tgm,Tiny.V6,26963097,935
f732df09b914438a,fallenstararena_quarter_03_c24r1.tgm.header,Tiny.V0,27262310,264
469059183f36bcc9,fallenstararena_quarter_03_c24r10.tgm,Tiny.V5,26557717,701
c88f42d1f52db957,fallenstararena_quarter_03_c24r10.tgm.header,Tiny.VB,27230602,264
4c4abc77613871b6,fallenstararena_quarter_03_c24r11.tgm,Tiny.V6,26964032,891
76e53624c87b3d88,fallenstararena_quarter_03_c24r11.tgm.header,Tiny.VF,27140318,264
03bbad0df2105ac8,fallenstararena_quarter_03_c24r12.tgm,Tiny.VE,26911033,2451
4003f25437d77c39,fallenstararena_quarter_03_c24r12.tgm.header,Tiny.V4,27303538,264
eb98584926a09163,fallenstararena_quarter_03_c24r13.tgm,Tiny.V7,26945293,2215
b91ee48450bc1342,fallenstararena_quarter_03_c24r13.tgm.header,Tiny.VD,26930628,264
7f00b13b13275e8a,fallenstararena_quarter_03_c24r14.tgm,Tiny.V4,27303802,2139
4bf5fcceb04c939e,fallenstararena_quarter_03_c24r14.tgm.header,Tiny.VA,27168197,264
07d3e4659f5ad914,fallenstararena_quarter_03_c24r15.tgm,Streaming/Content/data/balance/worldareas/5D/mapprecursortowerdesert.vworld,528733,6215
a443e302825cdc39,fallenstararena_quarter_03_c24r15.tgm.header,Tiny.VE,26913484,264
e90dd6c72141f4c2,fallenstararena_quarter_03_c24r16.tgm,Streaming/Content/data/balance/worldareas/A3/mapuberboss_fallenstar.vworld,1514139,7579
0ad9d394dec86beb,fallenstararena_quarter_03_c24r16.tgm.header,Tiny.V2,27123355,264
147c7881494da62d,fallenstararena_quarter_03_c24r17.tgm,Streaming/Content/data/balance/worldareas/1E/mapuberboss_fallenstar.vworld,61659,8833
75aca75deb7fecda,fallenstararena_quarter_03_c24r17.tgm.header,Tiny.V9,27432988,264
cc9f3d47baeaed3e,fallenstararena_quarter_03_c24r18.tgm,Streaming/Content/data/balance/worldareas/AA/mapuberboss_fallenstar.vworld,639756,5645
161b4f1bda74e6d4,fallenstararena_quarter_03_c24r18.tgm.header,Tiny.V9,27433252,264
169ecf0230477f97,fallenstararena_quarter_03_c24r19.tgm,Tiny.V7,26947508,2047
28ddf212dbb413db,fallenstararena_quarter_03_c24r19.tgm.header,Tiny.V9,27433516,264
d74e8e6a726b85b8,fallenstararena_quarter_03_c24r2.tgm,Tiny.VC,27158188,483
2539e7942c3c086e,fallenstararena_quarter_03_c24r2.tgm.header,Tiny.V8,27012705,264
e664a63b6aba4edd,fallenstararena_quarter_03_c24r20.tgm,Tiny.V9,27433780,2689
bb68b51545890135,fallenstararena_quarter_03_c24r20.tgm.header,Tiny.V3,26808640,264
ee8cf5ebea3e9704,fallenstararena_quarter_03_c24r21.tgm,Tiny.V8,27012969,2591
8c8bb886c1f56a73,fallenstararena_quarter_03_c24r21.tgm.header,Tiny.V5,26558418,264
ddd65edf8ad7d13f,fallenstararena_quarter_03_c24r22.tgm,Tiny.VA,27168461,2081
da523c6fd062a233,fallenstararena_quarter_03_c24r22.tgm.header,Tiny.V7,26949555,264
fd50d7cf0d5a7100,fallenstararena_quarter_03_c24r23.tgm,Tiny.VA,27170542,1791
2f43885bae593c67,fallenstararena_quarter_03_c24r23.tgm.header,Tiny.V2,27123619,264
67a5db37e1b4acaa,fallenstararena_quarter_03_c24r24.tgm,Tiny.VA,27172333,2213
decee56bf68c15e5,fallenstararena_quarter_03_c24r24.tgm.header,Tiny.V5,26558682,264
399bf567999b2be5,fallenstararena_quarter_03_c24r25.tgm,Tiny.V3,26808904,2473
3df6978af0bb3fe5,fallenstararena_quarter_03_c24r25.tgm.header,Tiny.V3,26811377,264
8988878533ffcb21,fallenstararena_quarter_03_c24r26.tgm,Tiny.V7,26949819,2703
2a358c1ea2f5d8ec,fallenstararena_quarter_03_c24r26.tgm.header,Tiny.V0,27262574,264
5d07b4cb32772a2b,fallenstararena_quarter_03_c24r27.tgm,Tiny.V7,26952522,3035
98d4a090e8a20869,fallenstararena_quarter_03_c24r27.tgm.header,Tiny.V2,27123883,264
8c85d4d260444421,fallenstararena_quarter_03_c24r28.tgm,Tiny.VA,27174546,2541
a14262900e7a135b,fallenstararena_quarter_03_c24r28.tgm.header,Tiny.VF,27140582,264
83587912e4cb58d1,fallenstararena_quarter_03_c24r29.tgm,Tiny.V7,26955557,3145
6baab953c6faf714,fallenstararena_quarter_03_c24r29.tgm.header,Tiny.VB,27181965,264
152f9fa568415c1d,fallenstararena_quarter_03_c24r3.tgm,Tiny.VE,26913748,699
8031f5271849c581,fallenstararena_quarter_03_c24r3.tgm.header,Tiny.V1,26930706,264
fe62b1430cd854e1,fallenstararena_quarter_03_c24r30.tgm,Tiny.VF,27140846,3719
5a0ee955b1bfff10,fallenstararena_quarter_03_c24r30.tgm.header,Tiny.V9,27436469,264
3306044d25e30a00,fallenstararena_quarter_03_c24r31.tgm,Streaming/Content/data/balance/worldareas/B0/mapprecursortowerdesert.vworld,600190,4165
c56dfe8bde5d1bf7,fallenstararena_quarter_03_c24r31.tgm.header,Tiny.V9,27436733,264
b0a9da33e6247ee9,fallenstararena_quarter_03_c24r32.tgm,Streaming/Content/data/balance/worldareas/A5/mapuberboss_fallenstar.vworld,746657,4671
ec1bad2bcae51194,fallenstararena_quarter_03_c24r32.tgm.header,Tiny.V6,26964923,264
3fae5f3e80574017,fallenstararena_quarter_03_c24r33.tgm,Tiny.V7,26958702,3999
88f6a2d448205793,fallenstararena_quarter_03_c24r33.tgm.header,Tiny.VE,26914447,264
bd534a0a9352ed73,fallenstararena_quarter_03_c23r4.tgm,Tiny.VE,26910470,563
1f332603f5bd658d,fallenstararena_quarter_03_c23r4.tgm.header,Tiny.V3,26808376,264
d3c29409f058e65e,fallenstararena_quarter_03_c23r5.tgm,Tiny.V5,26556415,713
314775cd23cfb361,fallenstararena_quarter_03_c23r5.tgm.header,Tiny.VF,27139790,264
e5455665e669d20f,fallenstararena_quarter_03_c23r6.tgm,Tiny.VD,26929993,635
ce8626006c698aff,fallenstararena_quarter_03_c23r6.tgm.header,Tiny.VF,27140054,264
c5bbd00d25d6d559,fallenstararena_quarter_03_c23r7.tgm,Tiny.V1,26929933,509
a4691e8767560fee,fallenstararena_quarter_03_c23r7.tgm.header,Tiny.VC,27157924,264
f86b4fb48bf91bb3,fallenstararena_quarter_03_c23r8.tgm,Tiny.V9,27432491,497
b0cceb963b057648,fallenstararena_quarter_03_c23r8.tgm.header,Tiny.V1,26930442,264
5f37e018dabc39bd,fallenstararena_quarter_03_c23r9.tgm,Tiny.V5,26557128,589
0033b0bb8be6f85f,fallenstararena_quarter_03_c23r9.tgm.header,Tiny.V1,27059810,264
c9d4112a83bc2637,fallenstararena_quarter_03_c23r1.tgm,Tiny.V8,27006772,1099
0053ca356119d021,fallenstararena_quarter_03_c23r1.tgm.header,Tiny.V7,26936490,264
1e7056d9f35ac47a,fallenstararena_quarter_03_c23r10.tgm,Tiny.V9,27429465,635
d7495c174ab1dbaa,fallenstararena_quarter_03_c23r10.tgm.header,Tiny.VE,27014991,264
5b58e2e80057f5de,fallenstararena_quarter_03_c23r11.tgm,Tiny.V2,27119313,477
c8e79b7aab37553d,fallenstararena_quarter_03_c23r11.tgm.header,Tiny.V8,27094231,264
b9fade0711834403,fallenstararena_quarter_03_c23r12.tgm,Tiny.VB,27178912,2525
c6eafe60cdea1621,fallenstararena_quarter_03_c23r12.tgm.header,Tiny.V8,27007871,264
3b7bd794a501a018,fallenstararena_quarter_03_c23r13.tgm,Tiny.VE,26906022,3037
018319108e3683f3,fallenstararena_quarter_03_c23r13.tgm.header,Tiny.V7,26936754,264
6c1cc2054388eada,fallenstararena_quarter_03_c23r14.tgm,Tiny.V8,27008135,1991
dc59a278df86d259,fallenstararena_quarter_03_c23r14.tgm.header,Tiny.V5,26551605,264
38109f8916d442fa,fallenstararena_quarter_03_c23r15.tgm,Tiny.V0,27255952,2345
4146abf23e6da723,fallenstararena_quarter_03_c23r15.tgm.header,Tiny.V1,26929141,264
59104c4a8a83ed21,fallenstararena_quarter_03_c23r16.tgm,Streaming/Content/data/balance/worldareas/8A/mapuberboss_fallenstar.vworld,4134693,6653
5f06422827b2757e,fallenstararena_quarter_03_c23r16.tgm.header,Tiny.V7,26937018,264
a4f89477078a8c2e,fallenstararena_quarter_03_c23r17.tgm,Streaming/Content/data/balance/worldareas/90/mapuberboss_fallenstar.vworld,6885248,9327
acec1669e3e13fc9,fallenstararena_quarter_03_c23r17.tgm.header,Tiny.V7,26937282,264
23a124fccbdddfbc,fallenstararena_quarter_03_c23r18.tgm,Streaming/Content/data/balance/worldareas/2F/mapprecursortowerdesert.vworld,583125,10215
bc083a13ca82740c,fallenstararena_quarter_03_c23r18.tgm.header,Tiny.V7,26937546,264
c800fe5a8f748506,fallenstararena_quarter_03_c23r19.tgm,Tiny.V5,26551869,2115
ebcd73e554727d23,fallenstararena_quarter_03_c23r19.tgm.header,Tiny.V4,27301101,264
c7773446ec5d6908,fallenstararena_quarter_03_c23r2.tgm,Tiny.V3,26804712,503
0a7c631155ecdd5d,fallenstararena_quarter_03_c23r2.tgm.header,Tiny.VE,26909059,264
db628fc3b1af9f62,fallenstararena_quarter_03_c23r20.tgm,Tiny.V7,26937810,1859
9055df58f6569eac,fallenstararena_quarter_03_c23r20.tgm.header,Tiny.VD,26928673,264
938ff775702dbbc4,fallenstararena_quarter_03_c23r21.tgm,Tiny.V7,26939669,2165
237faa5a72d8a463,fallenstararena_quarter_03_c23r21.tgm.header,Tiny.VD,26928937,264
1dff639157283982,fallenstararena_quarter_03_c23r22.tgm,Tiny.V9,27430100,2391
2e8e2e3ef390d26c,fallenstararena_quarter_03_c23r22.tgm.header,Tiny.VB,27181437,264
3a292c04767cd1c6,fallenstararena_quarter_03_c23r23.tgm,Tiny.V4,27301365,2173
63685293378391ef,fallenstararena_quarter_03_c23r23.tgm.header,Tiny.V0,27258297,264
705dc04d4225cf57,fallenstararena_quarter_03_c23r24.tgm,Tiny.VA,27165550,2383
2f6ee0a13938741d,fallenstararena_quarter_03_c23r24.tgm.header,Tiny.VE,26909323,264
0b23dc853eeb33a7,fallenstararena_quarter_03_c23r25.tgm,Tiny.V3,26805215,2897
36d6e37b57ae9de0,fallenstararena_quarter_03_c23r25.tgm.header,Tiny.V3,26808112,264
9731d6aa385bd540,fallenstararena_quarter_03_c23r26.tgm,Streaming/Content/data/balance/worldareas/2C/mapuberboss_fallenstar.vworld,817074,62599
bf280c9f8fd36f97,fallenstararena_quarter_03_c23r26.tgm.header,Tiny.VA,27167933,264
c749cc6897ea88bc,fallenstararena_quarter_03_c23r27.tgm,Tiny.V5,26553984,2431
2a74b16b142d25d1,fallenstararena_quarter_03_c23r27.tgm.header,Tiny.VD,26929201,264
618bfdb0bbbe5588,fallenstararena_quarter_03_c23r28.tgm,Tiny.V8,27010126,2579
57411f4d9343d13f,fallenstararena_quarter_03_c23r28.tgm.header,Tiny.VD,26929465,264
e28b16b25a9fc8b3,fallenstararena_quarter_03_c23r29.tgm,Streaming/Content/data/balance/worldareas/73/mapuberboss_fallenstar.vworld,364740,62989
ac31fdfb148fa902,fallenstararena_quarter_03_c23r29.tgm.header,Tiny.V1,26929405,264
3fee79badee1597a,fallenstararena_quarter_03_c23r3.tgm,Tiny.VE,26909587,883
21a1c07a725bb28e,fallenstararena_quarter_03_c23r3.tgm.header,Tiny.VD,26929729,264
c654679966c06d87,fallenstararena_quarter_03_c23r30.tgm,Tiny.V2,27119790,3301
4e78153807c62421,fallenstararena_quarter_03_c23r30.tgm.header,Tiny.V2,27123091,264
6e9d191c43b772f8,fallenstararena_quarter_03_c23r31.tgm,Tiny.V0,27258561,3749
53169513d851bbd8,fallenstararena_quarter_03_c23r31.tgm.header,Tiny.VB,27181701,264
568658195c2b3553,fallenstararena_quarter_03_c23r32.tgm,Streaming/Content/data/balance/worldareas/80/mapuberboss_fallenstar.vworld,10171348,63667
6f121d8bb8fb5032,fallenstararena_quarter_03_c23r32.tgm.header,Tiny.V6,26962833,264
8a36d14748202a2b,fallenstararena_quarter_03_c23r33.tgm,Tiny.V7,26941834,3459
92a5d2643cfd42de,fallenstararena_quarter_03_c23r33.tgm.header,Tiny.V1,26929669,264
8dfd80321fafaa6d,fallenstararena_quarter_03_c22r4.tgm,Tiny.VE,26905571,451
0beea573e50cae1a,fallenstararena_quarter_03_c22r4.tgm.header,Tiny.V8,27006508,264
20f29529b831eccd,fallenstararena_quarter_03_c22r5.tgm,Tiny.VA,27165053,497
335af5959d09e393,fallenstararena_quarter_03_c22r5.tgm.header,Tiny.V3,26804184,264
f193bc7b22d85437,fallenstararena_quarter_03_c22r6.tgm,Tiny.VF,27139091,699
b22a3b6184298a5d,fallenstararena_quarter_03_c22r6.tgm.header,Tiny.V3,26804448,264
aad6c5b424e8d8c0,fallenstararena_quarter_03_c22r7.tgm,Tiny.V4,27299311,871
fd00dcd81718ef4d,fallenstararena_quarter_03_c22r7.tgm.header,Tiny.V1,26928877,264
4a2aebbb6eb0e27f,fallenstararena_quarter_03_c22r8.tgm,Tiny.V4,27300182,655
a8b70cf0d915200b,fallenstararena_quarter_03_c22r8.tgm.header,Tiny.V4,27300837,264
228897c30583adb8,fallenstararena_quarter_03_c22r9.tgm,Tiny.VB,27178225,687
08d34f351d8105a8,fallenstararena_quarter_03_c22r9.tgm.header,Tiny.V9,27429201,264
05eb57cd0455aff4,fallenstararena_quarter_03_c22r1.tgm,Tiny.V9,27425351,983
f3ac684fa663fb05,fallenstararena_quarter_03_c22r1.tgm.header,Tiny.V7,26927683,264
dd5fbc6424a63a56,fallenstararena_quarter_03_c22r10.tgm,Streaming/Content/data/balance/worldareas/B4/mapuberboss_fallenstar.vworld,221538,65387
77345da7ff8d6b0f,fallenstararena_quarter_03_c22r10.tgm.header,Tiny.V5,26549088,264
c975e2d012eff6f4,fallenstararena_quarter_03_c22r11.tgm,Tiny.V6,26962356,477
84a621bc7635d1dd,fallenstararena_quarter_03_c22r11.tgm.header,Tiny.V8,27094231,264
d691c2f5aa7374c6,fallenstararena_quarter_03_c22r12.tgm,Tiny.VA,27161598,2663
47a067edd4d25b3f,fallenstararena_quarter_03_c22r12.tgm.header,Tiny.VF,27138035,264
26d88b6864d7f7f4,fallenstararena_quarter_03_c22r13.tgm,Tiny.V7,26927947,3941
04bed7b599328d33,fallenstararena_quarter_03_c22r13.tgm.header,Tiny.V1,26928349,264
37d343d3e93407db,fallenstararena_quarter_03_c22r14.tgm,Tiny.V2,27114505,2357
3e193a4bbbe1cd94,fallenstararena_quarter_03_c22r14.tgm.header,Tiny.V0,27251310,264
e778f05fc2574131,fallenstararena_quarter_03_c22r15.tgm,Tiny.V8,26993195,2223
dfaf2d6dc0cf0623,fallenstararena_quarter_03_c22r15.tgm.header,Tiny.VB,27177961,264
6979f08836a88926,fallenstararena_quarter_03_c22r16.tgm,Tiny.VC,27153360,2875
b872adc9099eafff,fallenstararena_quarter_03_c22r16.tgm.header,Tiny.VF,27138299,264
a3b24983749cd0c6,fallenstararena_quarter_03_c22r17.tgm,Streaming/Content/data/balance/worldareas/25/mapuberboss_fallenstar.vworld,6766872,8187
d10cc202ff370b78,fallenstararena_quarter_03_c22r17.tgm.header,Tiny.VC,27156235,264
00b87cd8224889b7,fallenstararena_quarter_03_c22r18.tgm,Streaming/Content/data/balance/worldareas/48/expeditionsubarea_blackknightboss.vworld,271478,10167
4a31c48f24c8c979,fallenstararena_quarter_03_c22r18.tgm.header,Tiny.VA,27164261,264
b9daf3d957210634,fallenstararena_quarter_03_c22r19.tgm,Streaming/Content/data/balance/worldareas/0D/mapuberboss_fallenstar.vworld,743016,8979
8708bbbfe5126244,fallenstararena_quarter_03_c22r19.tgm.header,Tiny.VF,27138563,264
cfe670a12922dcb6,fallenstararena_quarter_03_c22r2.tgm,Tiny.V0,27251574,727
b914c89650256f6e,fallenstararena_quarter_03_c22r2.tgm.header,Tiny.VF,27138827,264
ec0ccff5929f8aac,fallenstararena_quarter_03_c22r20.tgm,Tiny.VE,26902065,1587
4458dd4e696d4722,fallenstararena_quarter_03_c22r20.tgm.header,Tiny.V0,27252301,264
54219b212ea32785,fallenstararena_quarter_03_c22r21.tgm,Tiny.VE,26903652,1655
dac295eabf3fbd92,fallenstararena_quarter_03_c22r21.tgm.header,Tiny.V4,27295976,264
cf56262f20daa634,fallenstararena_quarter_03_c22r22.tgm,Tiny.V7,26931888,1905
92fac74bab4e7f55,fallenstararena_quarter_03_c22r22.tgm.header,Tiny.V9,27426334,264
590620619e996da1,fallenstararena_quarter_03_c22r23.tgm,Tiny.V8,26995418,2505
38f876c5d5323aa2,fallenstararena_quarter_03_c22r23.tgm.header,Tiny.VC,27156499,264
2ad0a0305a65f9b5,fallenstararena_quarter_03_c22r24.tgm,Tiny.V8,26997923,2457
cd97cbb7d4985599,fallenstararena_quarter_03_c22r24.tgm.header,Tiny.VC,27156763,264
35c84f748443c686,fallenstararena_quarter_03_c22r25.tgm,Tiny.V5,26549352,2253
9112d8ab47796988,fallenstararena_quarter_03_c22r25.tgm.header,Tiny.VD,26925624,264
34891e6f23e80c81,fallenstararena_quarter_03_c22r26.tgm,Tiny.V2,27116862,2451
20ad9f6f2321c411,fallenstararena_quarter_03_c22r26.tgm.header,Tiny.V0,27252565,264
df74fb757fc47cd8,fallenstararena_quarter_03_c22r27.tgm,Tiny.V9,27426598,2603
eca0a5d72d7537d3,fallenstararena_quarter_03_c22r27.tgm.header,Tiny.VA,27164525,264
f25e4413932d7a04,fallenstararena_quarter_03_c22r28.tgm,Tiny.V8,27000380,2579
c68fb52663e8c4db,fallenstararena_quarter_03_c22r28.tgm.header,Tiny.VA,27164789,264
ff220f9a26ed7f97,fallenstararena_quarter_03_c22r29.tgm,Tiny.VD,26925888,2521
bf23ecd05a012bbe,fallenstararena_quarter_03_c22r29.tgm.header,Tiny.V8,27002959,264
89ed9fe31bc5dd71,fallenstararena_quarter_03_c22r3.tgm,Tiny.VC,27157027,897
2bc33355cffbe380,fallenstararena_quarter_03_c22r3.tgm.header,Tiny.V4,27296240,264
a2fa8c305033bd7a,fallenstararena_quarter_03_c22r30.tgm,Tiny.V4,27296504,2543
77701fb4ff2dcb7d,fallenstararena_quarter_03_c22r30.tgm.header,Tiny.V4,27299047,264
de82731bfe7b6d53,fallenstararena_quarter_03_c22r31.tgm,Tiny.V7,26933793,2697
134bfe3b4abc2552,fallenstararena_quarter_03_c22r31.tgm.header,Tiny.VD,26928409,264
0e1bcfb75395eaf2,fallenstararena_quarter_03_c22r32.tgm,Tiny.V8,27003223,3285
625533d30bbfca9b,fallenstararena_quarter_03_c22r32.tgm.header,Tiny.V1,26928613,264
a21d41eb8eb11e43,fallenstararena_quarter_03_c22r33.tgm,Tiny.V0,27252829,3123
71228917d9dda9f7,fallenstararena_quarter_03_c22r33.tgm.header,Tiny.VE,26905307,264
25897df593fd4104,fallenstararena_quarter_03_c21r4.tgm,Tiny.VF,27137486,549
6acd4af876e4d000,fallenstararena_quarter_03_c21r4.tgm.header,Tiny.V2,27114241,264
219147470e864fd9,fallenstararena_quarter_03_c21r5.tgm,Tiny.V4,27295467,509
148b16b8c0c24881,fallenstararena_quarter_03_c21r5.tgm.header,Tiny.V5,26547615,264
43a8a467e0208cbf,fallenstararena_quarter_03_c21r6.tgm,Tiny.V6,26961747,609
869c8c6fe8421471,fallenstararena_quarter_03_c21r6.tgm.header,Tiny.V5,26547879,264
5a504596ba70cef4,fallenstararena_quarter_03_c21r7.tgm,Streaming/Content/data/balance/worldareas/29/mapuberboss_fallenstar.vworld,2316417,102481
8fc4207bc363af1c,fallenstararena_quarter_03_c21r7.tgm.header,Tiny.V3,26803087,264
b0fd8a5f176bae0b,fallenstararena_quarter_03_c21r8.tgm,Tiny.V5,26548143,681
dbead489f4513588,fallenstararena_quarter_03_c21r8.tgm.header,Tiny.V3,26803351,264
6e43557bd1877ff4,fallenstararena_quarter_03_c21r9.tgm,Tiny.V3,26803615,569
acba225c50715580,fallenstararena_quarter_03_c21r9.tgm.header,Tiny.V5,26548824,264
09e7adc111c9d7ac,fallenstararena_quarter_03_c21r1.tgm,Tiny.V3,26801568,727
86868e90dd4a4cf7,fallenstararena_quarter_03_c21r1.tgm.header,Tiny.V1,26924788,264
4e5213d2a37d1e8c,fallenstararena_quarter_03_c21r10.tgm,Tiny.V8,26987504,431
c065de97f324df7c,fallenstararena_quarter_03_c21r10.tgm.header,Tiny.V1,26925052,264
7b15391ab026abdc,fallenstararena_quarter_03_c21r11.tgm,Tiny.V6,26960432,523
b611369e5f5e60a4,fallenstararena_quarter_03_c21r11.tgm.header,Tiny.V7,27040135,264
ac22583f379beb6a,fallenstararena_quarter_03_c21r12.tgm,Tiny.V8,26987935,1487
1e46037e521292dd,fallenstararena_quarter_03_c21r12.tgm.header,Tiny.V8,26989422,264
d4ef70073acaf882,fallenstararena_quarter_03_c21r13.tgm,Tiny.VA,27154917,2999
db424d7d7d72f951,fallenstararena_quarter_03_c21r13.tgm.header,Tiny.VE,26899648,264
239c3c500d72615c,fallenstararena_quarter_03_c21r14.tgm,Tiny.V8,26989686,2717
18bc9828d35c90a9,fallenstararena_quarter_03_c21r14.tgm.header,Tiny.V8,26992403,264
0103263add358215,fallenstararena_quarter_03_c21r15.tgm,Tiny.V7,26922221,2325
067318aefc99eddd,fallenstararena_quarter_03_c21r15.tgm.header,Tiny.VF,27134133,264
6cb7f64942634182,fallenstararena_quarter_03_c21r16.tgm,Tiny.VE,26899912,1889
f676edc4b93bc7f5,fallenstararena_quarter_03_c21r16.tgm.header,Tiny.V8,26992667,264
a6d64eac237b0ce5,fallenstararena_quarter_03_c21r17.tgm,Streaming/Content/data/balance/worldareas/23/mapuberboss_fallenstar.vworld,113177,4141
afb223ff35cded6c,fallenstararena_quarter_03_c21r17.tgm.header,Tiny.V3,26802295,264
d225f92474087cfe,fallenstararena_quarter_03_c21r18.tgm,Streaming/Content/data/balance/worldareas/D4/mapuberboss_fallenstar.vworld,507157,12449
3e447f0112fe21cc,fallenstararena_quarter_03_c21r18.tgm.header,Tiny.V5,26542081,264
f1c204a29a55d706,fallenstararena_quarter_03_c21r19.tgm,Streaming/Content/data/balance/worldareas/8B/mapuberboss_fallenstar.vworld,861415,11379
8272a5d2ba9e1bbc,fallenstararena_quarter_03_c21r19.tgm.header,Tiny.V4,27285289,264
d0b2a3e49db7c3c1,fallenstararena_quarter_03_c21r2.tgm,Tiny.VD,26923340,451
6f53eed166441968,fallenstararena_quarter_03_c21r2.tgm.header,Tiny.V5,26542345,264
abc7eedd068cc86e,fallenstararena_quarter_03_c21r20.tgm,Tiny.V4,27285553,3255
92bb2ec3f6d33a41,fallenstararena_quarter_03_c21r20.tgm.header,Tiny.V3,26802559,264
c9788b4dfefe7fd8,fallenstararena_quarter_03_c21r21.tgm,Tiny.VD,26923791,1569
1b7800ce9c532417,fallenstararena_quarter_03_c21r21.tgm.header,Tiny.V4,27288808,264
73ab32505b6aa12e,fallenstararena_quarter_03_c21r22.tgm,Tiny.V4,27289072,1847
af5b21e0aca7c214,fallenstararena_quarter_03_c21r22.tgm.header,Tiny.V6,26960955,264
a2bc89e8b85071f0,fallenstararena_quarter_03_c21r23.tgm,Tiny.V7,26924546,2345
ec9354feda786e2d,fallenstararena_quarter_03_c21r23.tgm.header,Tiny.V7,26926891,264
3312caf6d9c65085,fallenstararena_quarter_03_c21r24.tgm,Tiny.VA,27157916,1975
41dbc0f5962b0b41,fallenstararena_quarter_03_c21r24.tgm.header,Tiny.VD,26925360,264
62b7d9e8b5336493,fallenstararena_quarter_03_c21r25.tgm,Tiny.VC,27151657,1703
c7faa96613493f3a,fallenstararena_quarter_03_c21r25.tgm.header,Tiny.V7,26927155,264
e1b5dc56530d5610,fallenstararena_quarter_03_c21r26.tgm,Tiny.VA,27159891,1707
659dd3f5e20e54c4,fallenstararena_quarter_03_c21r26.tgm.header,Tiny.V8,26992931,264
ecbc5bfcc58fdced,fallenstararena_quarter_03_c21r27.tgm,Tiny.V4,27290919,2287
a25bdfc0cf37eed5,fallenstararena_quarter_03_c21r27.tgm.header,Tiny.V7,26927419,264
55de07f3252260bd,fallenstararena_quarter_03_c21r28.tgm,Tiny.VF,27134397,2561
f0be12617753bbb0,fallenstararena_quarter_03_c21r28.tgm.header,Tiny.V3,26802823,264
f6e26502815b3621,fallenstararena_quarter_03_c21r29.tgm,Tiny.V5,26542609,2551
1436661e60715bad,fallenstararena_quarter_03_c21r29.tgm.header,Tiny.V6,26961219,264
20c6485685125706,fallenstararena_quarter_03_c21r3.tgm,Streaming/Content/data/balance/worldareas/3E/mapuberboss_fallenstar.vworld,5613069,586377
8512f522f4435cf8,fallenstararena_quarter_03_c21r3.tgm.header,Tiny.V6,26961483,264
59c79e22b39a78bb,fallenstararena_quarter_03_c21r30.tgm,Tiny.V4,27293206,2261
f023809269043318,fallenstararena_quarter_03_c21r30.tgm.header,Tiny.VF,27136958,264
29c64a15e20c4749,fallenstararena_quarter_03_c21r31.tgm,Tiny.V5,26545160,2455
f9a81f5c4e91aad2,fallenstararena_quarter_03_c21r31.tgm.header,Tiny.VE,26901801,264
a71154509e428d3f,fallenstararena_quarter_03_c21r32.tgm,Tiny.V1,26925316,3033
95104747a55a2213,fallenstararena_quarter_03_c21r32.tgm.header,Tiny.VF,27137222,264
7a1bc4dd9f249a36,fallenstararena_quarter_03_c21r33.tgm,Tiny.V9,27422612,2475
728dc38f1a281e69,fallenstararena_quarter_03_c21r33.tgm.header,Tiny.V9,27425087,264
05586087998ca90a,fallenstararena_quarter_03_c20r4.tgm,Tiny.VC,27150964,693
557772bc96ae691f,fallenstararena_quarter_03_c20r4.tgm.header,Tiny.V8,26986283,264
6d813f4b0fbea885,fallenstararena_quarter_03_c20r5.tgm,Tiny.V4,27283881,563
fd530c1021c54635,fallenstararena_quarter_03_c20r5.tgm.header,Tiny.V7,26921957,264
14df8d165cdd72b2,fallenstararena_quarter_03_c20r6.tgm,Tiny.V0,27249504,837
1fd3d50243e135b5,fallenstararena_quarter_03_c20r6.tgm.header,Tiny.VA,27154653,264
8615c45e40e725ed,fallenstararena_quarter_03_c20r7.tgm,Tiny.V0,27250341,969
401c083a8e729663,fallenstararena_quarter_03_c20r7.tgm.header,Tiny.V1,26924524,264
72ac8da6e49d7e50,fallenstararena_quarter_03_c20r8.tgm,Tiny.V8,26986547,957
b59138358321c35b,fallenstararena_quarter_03_c20r8.tgm.header,Tiny.V2,27113977,264
84538ccea8bfd452,fallenstararena_quarter_03_c20r9.tgm,Tiny.V4,27284444,845
4fb86d4a682505cb,fallenstararena_quarter_03_c20r9.tgm.header,Tiny.VE,27014727,264
e2d5afb340a97270,fallenstararena_quarter_03_c20r1.tgm,Tiny.VC,27149541,895
f6688b7c2c41ed61,fallenstararena_quarter_03_c20r1.tgm.header,Tiny.V0,27248013,264
70c92f49e867816a,fallenstararena_quarter_03_c20r10.tgm,Tiny.V0,27248277,699
0c5c92bc67a7da9b,fallenstararena_quarter_03_c20r10.tgm.header,Tiny.V0,27248976,264
e00a22d8f7c14512,fallenstararena_quarter_03_c20r11.tgm,Tiny.V6,26958821,555
f03707ce6f7890fe,fallenstararena_quarter_03_c20r11.tgm.header,Tiny.V0,27249240,264
a28ff6d519f18e04,fallenstararena_quarter_03_c20r12.tgm,Tiny.VA,27150849,779
87a418144cce19f4,fallenstararena_quarter_03_c20r12.tgm.header,Tiny.V4,27279649,264
e70e533c1057792e,fallenstararena_quarter_03_c20r13.tgm,Tiny.VF,27131400,2469
acf6fee52595fee6,fallenstararena_quarter_03_c20r13.tgm.header,Tiny.V7,26921429,264
59bad4d11a3753c5,fallenstararena_quarter_03_c20r14.tgm,Tiny.V8,26980637,2885
853cd7f885267027,fallenstararena_quarter_03_c20r14.tgm.header,Tiny.V4,27279913,264
1122c0a83f587fb6,fallenstararena_quarter_03_c20r15.tgm,Tiny.VA,27151628,2471
183d4e0a48e3bb77,fallenstararena_quarter_03_c20r15.tgm.header,Tiny.V6,26959376,264
a9fe87aed4ea1d32,fallenstararena_quarter_03_c20r16.tgm,Tiny.V9,27418626,2067
be2dd4080aaa66bd,fallenstararena_quarter_03_c20r16.tgm.header,Tiny.V7,26921693,264
4e2b0e94ab6dfb8b,fallenstararena_quarter_03_c20r17.tgm,Tiny.VD,26918734,2093
3db46b8a652dda47,fallenstararena_quarter_03_c20r17.tgm.header,Tiny.V6,26959640,264
5293bcb56932c997,fallenstararena_quarter_03_c20r18.tgm,Streaming/Content/data/balance/worldareas/CD/mapuberboss_fallenstar.vworld,231484,8297
7029b4466bf36e3a,fallenstararena_quarter_03_c20r18.tgm.header,Tiny.V1,26921625,264
b4886c1f2a9cc155,fallenstararena_quarter_03_c20r19.tgm,Streaming/Content/data/balance/worldareas/6D/mapuberboss_fallenstar.vworld,6729362,9029
e63d4117de8b21c0,fallenstararena_quarter_03_c20r19.tgm.header,Tiny.VA,27154099,290
f4f772c4894565bd,fallenstararena_quarter_03_c20r2.tgm,Streaming/Content/data/balance/worldareas/A1/mapuberboss_fallenstar.vworld,1418225,66873
b57ee9a2ff78d52f,fallenstararena_quarter_03_c20r2.tgm.header,Tiny.V2,27110616,330
fe2cb82952031a38,fallenstararena_quarter_03_c20r20.tgm,Streaming/Content/data/balance/worldareas/30/mapgreenhouse.vworld,461907,8849
10e536fcd9ce53e8,fallenstararena_quarter_03_c20r20.tgm.header,Tiny.VA,27154389,264
ab02f7a1cb18c2df,fallenstararena_quarter_03_c20r21.tgm,Tiny.V2,27110946,2767
99b2f87281ae9f5d,fallenstararena_quarter_03_c20r21.tgm.header,Tiny.V8,26983522,264
edc9289719bfa492,fallenstararena_quarter_03_c20r22.tgm,Tiny.VB,27174121,1181
c1fa305398b8c500,fallenstararena_quarter_03_c20r22.tgm.header,Tiny.V6,26959904,264
9b40b0584ffc918c,fallenstararena_quarter_03_c20r23.tgm,Tiny.V4,27280177,1779
794eeb9fea8d6146,fallenstararena_quarter_03_c20r23.tgm.header,Tiny.V3,26800247,264
2e349a721b38c27d,fallenstararena_quarter_03_c20r24.tgm,Tiny.V8,26983786,2233
7a0375f094bdf487,fallenstararena_quarter_03_c20r24.tgm.header,Tiny.VC,27150436,264
e3da89618806fa31,fallenstararena_quarter_03_c20r25.tgm,Tiny.VD,26920827,2249
3364fe372bf322b4,fallenstararena_quarter_03_c20r25.tgm.header,Tiny.VD,26923076,264
055edc2067e621fe,fallenstararena_quarter_03_c20r26.tgm,Streaming/Content/data/balance/worldareas/F9/mapuberboss_fallenstar.vworld,1388191,62099
a5e1c8fed874c6b3,fallenstararena_quarter_03_c20r26.tgm.header,Tiny.V1,26921889,264
da883e064103f657,fallenstararena_quarter_03_c20r27.tgm,Tiny.V1,26922153,2371
31a5f16b96d68540,fallenstararena_quarter_03_c20r27.tgm.header,Tiny.V3,26800511,264
946b823ea1471f4e,fallenstararena_quarter_03_c20r28.tgm,Tiny.VB,27175302,2659
24635387ade84814,fallenstararena_quarter_03_c20r28.tgm.header,Tiny.V2,27113713,264
4a590e03842dbe6a,fallenstararena_quarter_03_c20r29.tgm,Streaming/Content/data/balance/worldareas/63/mapuberboss_fallenstar.vworld,5719795,62577
f15915148bb89512,fallenstararena_quarter_03_c20r29.tgm.header,Tiny.VC,27150700,264
a74abacc63fdbcef,fallenstararena_quarter_03_c20r3.tgm,Tiny.V3,26800775,529
c5a2ada3e71b5777,fallenstararena_quarter_03_c20r3.tgm.header,Tiny.VE,26899384,264
9e29ff347e99c5fd,fallenstararena_quarter_03_c20r30.tgm,Tiny.V9,27420693,1919
5e12de34f2a6c06f,fallenstararena_quarter_03_c20r30.tgm.header,Tiny.V8,26986019,264
5938510f213c6e2e,fallenstararena_quarter_03_c20r31.tgm,Tiny.V4,27281956,1925
036ac44c38436276,fallenstararena_quarter_03_c20r31.tgm.header,Tiny.V6,26960168,264
89efebffdf1812d4,fallenstararena_quarter_03_c20r32.tgm,Streaming/Content/data/balance/worldareas/73/mapuberboss_fallenstar.vworld,302239,62501
03019e16dc307c15,fallenstararena_quarter_03_c20r32.tgm.header,Tiny.VF,27133869,264
c2f99b07ac7a0157,fallenstararena_quarter_03_c20r33.tgm,Tiny.V5,26540112,1969
eb451ab22c625f9c,fallenstararena_quarter_03_c20r33.tgm.header,Tiny.V3,26801304,264
560c349f7da76d0c,fallenstararena_quarter_03_c2r4.tgm,Tiny.VE,26929165,469
c689fcf863181a75,fallenstararena_quarter_03_c2r4.tgm.header,Tiny.VA,27201553,264
b289f6a7d30db557,fallenstararena_quarter_03_c2r5.tgm,Streaming/Content/data/balance/worldareas/56/mapuberboss_divinity.vworld,645283,54341
3e8650638673afb6,fallenstararena_quarter_03_c2r5.tgm.header,Tiny.V1,26952800,264
4704ec416c9f66a9,fallenstararena_quarter_03_c2r6.tgm,Tiny.VF,27162128,293
d2253e633df6f461,fallenstararena_quarter_03_c2r6.tgm.header,Tiny.VB,27200879,264
a0d4405507e21768,fallenstararena_quarter_03_c2r7.tgm,Tiny.V4,27319240,417
070bc163786049a4,fallenstararena_quarter_03_c2r7.tgm.header,Tiny.VE,26929634,264
1ddc743f38af23ed,fallenstararena_quarter_03_c2r8.tgm,Streaming/Content/data/balance/worldareas/D3/mapuberboss_fallenstar.vworld,985388,54427
dcdb6ec6780a7e7b,fallenstararena_quarter_03_c2r8.tgm.header,Tiny.V5,26583614,264
0580bf104f92cb6d,fallenstararena_quarter_03_c2r9.tgm,Tiny.V4,27319657,431
e1dc8336caed5784,fallenstararena_quarter_03_c2r9.tgm.header,Tiny.VB,27201143,264
4cc96871eb49dde2,fallenstararena_quarter_03_c2r1.tgm,Tiny.V1,26951076,719
08f8d66ebc4bfa53,fallenstararena_quarter_03_c2r1.tgm.header,Tiny.V7,26976776,264
6c7da2b2c51612e0,fallenstararena_quarter_03_c2r10.tgm,Tiny.V2,27137554,451
7ce2b06bdc816176,fallenstararena_quarter_03_c2r10.tgm.header,Tiny.VF,27161600,264
523a59b9cbc9c74a,fallenstararena_quarter_03_c2r11.tgm,Streaming/Content/data/balance/worldareas/07/mapuberboss_fallenstar.vworld,6218243,54231
543b97ca807bb49a,fallenstararena_quarter_03_c2r11.tgm.header,Tiny.V9,27448150,264
21414267636e53a7,fallenstararena_quarter_03_c2r12.tgm,Tiny.V7,26977040,431
5f1a1b8e4b70a030,fallenstararena_quarter_03_c2r12.tgm.header,Tiny.VC,27180847,264
ed6bb97563af304b,fallenstararena_quarter_03_c2r13.tgm,Tiny.V2,27138005,615
d98b21b08733fcdf,fallenstararena_quarter_03_c2r13.tgm.header,Tiny.V1,26951795,264
d6aa0ad7d4aab28e,fallenstararena_quarter_03_c2r14.tgm,Streaming/Content/data/balance/worldareas/E3/mapuberboss_fallenstar.vworld,10795148,54441
0889736c711c06aa,fallenstararena_quarter_03_c2r14.tgm.header,Tiny.VA,27200600,264
43d7574920482d69,fallenstararena_quarter_03_c2r15.tgm,Tiny.VC,27181111,365
79fb1c57ea6eb67b,fallenstararena_quarter_03_c2r15.tgm.header,Tiny.V8,27024729,264
7de10282d833eecc,fallenstararena_quarter_03_c2r16.tgm,Tiny.V8,27024993,405
3229051ebae27f60,fallenstararena_quarter_03_c2r16.tgm.header,Tiny.V3,26823312,264
e09aa702fccf26fa,fallenstararena_quarter_03_c2r17.tgm,Streaming/Content/data/balance/worldareas/30/mapgreenhouse.vworld,470756,54297
a064bc540e681388,fallenstararena_quarter_03_c2r17.tgm.header,Tiny.VC,27181476,264
2bb824e439ba62e3,fallenstararena_quarter_03_c2r18.tgm,Tiny.V4,27318146,359
c282d496e97ef454,fallenstararena_quarter_03_c2r18.tgm.header,Tiny.V6,26990833,264
fb76b73d69756dea,fallenstararena_quarter_03_c2r19.tgm,Tiny.V5,26583051,563
6e0d497590e4a69b,fallenstararena_quarter_03_c2r19.tgm.header,Tiny.V7,26977471,264
5a96a781835f03ca,fallenstararena_quarter_03_c2r2.tgm,Streaming/Content/data/balance/worldareas/FF/mapuberboss_fallenstar.vworld,4276432,54427
246af5b481a41ea3,fallenstararena_quarter_03_c2r2.tgm.header,Tiny.VE,26928637,264
2318074ce466ebfb,fallenstararena_quarter_03_c2r20.tgm,Streaming/Content/data/balance/worldareas/E2/mapgeode.vworld,558795,54435
200b280f0fe97ff1,fallenstararena_quarter_03_c2r20.tgm.header,Tiny.V2,27138620,264
533e37d9a8320233,fallenstararena_quarter_03_c2r21.tgm,Tiny.VA,27200864,425
0a99a03df896e886,fallenstararena_quarter_03_c2r21.tgm.header,Tiny.VE,26928901,264
13cbaca3d9715e10,fallenstararena_quarter_03_c2r22.tgm,Tiny.V2,27138884,517
c303a789c5f0e05f,fallenstararena_quarter_03_c2r22.tgm.header,Tiny.V2,27139401,264
905ceeb880d0fd8c,fallenstararena_quarter_03_c2r23.tgm,Streaming/Content/data/balance/worldareas/BB/mapuberboss_fallenstar.vworld,2389285,54487
9ce5f360ea3d4106,fallenstararena_quarter_03_c2r23.tgm.header,Tiny.VD,26960453,264
d03988becdb5430b,fallenstararena_quarter_03_c2r24.tgm,Tiny.V1,26952059,477
ae07ab305942a658,fallenstararena_quarter_03_c2r24.tgm.header,Tiny.VA,27201289,264
a65a8a68e7d77abe,fallenstararena_quarter_03_c2r25.tgm,Tiny.V4,27318505,471
639d45b292c33078,fallenstararena_quarter_03_c2r25.tgm.header,Tiny.V1,26952536,264
f2dd829ba501860d,fallenstararena_quarter_03_c2r26.tgm,Streaming/Content/data/balance/worldareas/19/mapuberboss_fallenstar.vworld,7634433,54343
aaf58bc831bb7566,fallenstararena_quarter_03_c2r26.tgm.header,Tiny.VD,26960717,264
213554ead5f3638a,fallenstararena_quarter_03_c2r27.tgm,Tiny.V3,26823576,431
ab8157bd207ba26b,fallenstararena_quarter_03_c2r27.tgm.header,Tiny.V7,26977735,264
a318dc7e37545264,fallenstararena_quarter_03_c2r28.tgm,Tiny.V8,27025398,359
c16a85e4672c1851,fallenstararena_quarter_03_c2r28.tgm.header,Tiny.V4,27318976,264
b791b523fc104b55,fallenstararena_quarter_03_c2r29.tgm,Streaming/Content/data/balance/worldareas/42/mapuberboss_fallenstar.vworld,584512,54343
3a2b9ba95eb47b5f,fallenstararena_quarter_03_c2r29.tgm.header,Tiny.V3,26824007,264
03df0378e0c84468,fallenstararena_quarter_03_c2r3.tgm,Tiny.V9,27448414,483
19088368ce6c7ab4,fallenstararena_quarter_03_c2r3.tgm.header,Tiny.VF,27161864,264
17a6b8380aedacaf,fallenstararena_quarter_03_c2r30.tgm,Tiny.V8,27025757,595
6d710898dc0c6a91,fallenstararena_quarter_03_c2r30.tgm.header,Tiny.VD,26960981,264
029c0f114904ecba,fallenstararena_quarter_03_c2r31.tgm,Tiny.V2,27139665,497
3b694db134b010f6,fallenstararena_quarter_03_c2r31.tgm.header,Tiny.V0,27283529,264
0dda9f31fcae509d,fallenstararena_quarter_03_c2r32.tgm,Streaming/Content/data/balance/worldareas/E6/mapuberboss_fallenstar.vworld,8758197,54343
6410939f936924c0,fallenstararena_quarter_03_c2r32.tgm.header,Tiny.V0,27283793,264
5fb171e728e150e2,fallenstararena_quarter_03_c2r33.tgm,Tiny.V3,26824271,451
1d5a33c944c5aea1,fallenstararena_quarter_03_c2r33.tgm.header,Tiny.V0,27284057,264
6a230a22d535f73e,fallenstararena_quarter_03_c19r4.tgm,Tiny.VC,27146225,477
3faead767bf86f08,fallenstararena_quarter_03_c19r4.tgm.header,Tiny.V4,27275559,264
0a9d0f4c73d7808c,fallenstararena_quarter_03_c19r5.tgm,Streaming/Content/data/balance/worldareas/7C/g3_1.vworld,399467,96943
8e7eda722e249728,fallenstararena_quarter_03_c19r5.tgm.header,Tiny.V3,26799693,290
48bb205abcfad58c,fallenstararena_quarter_03_c19r6.tgm,Tiny.VF,27129015,917
dae8765bc4fa4f0c,fallenstararena_quarter_03_c19r6.tgm.header,Tiny.V4,27275823,264
7bacd47b3ebc90fc,fallenstararena_quarter_03_c19r7.tgm,Tiny.VF,27129932,609
3b0acb0a67679cd6,fallenstararena_quarter_03_c19r7.tgm.header,Tiny.V1,26918858,264
9817d054a53be3b6,fallenstararena_quarter_03_c19r8.tgm,Tiny.VC,27146702,693
b4bd591e7d744932,fallenstararena_quarter_03_c19r8.tgm.header,Tiny.VF,27130541,264
6cd3fa41024bd508,fallenstararena_quarter_03_c19r9.tgm,Tiny.V9,27414935,615
6d0d505a1a01d335,fallenstararena_quarter_03_c19r9.tgm.header,Tiny.VE,26897082,264
910d57f5996378e3,fallenstararena_quarter_03_c19r1.tgm,Tiny.VA,27144975,827
f56ad9daac38b284,fallenstararena_quarter_03_c19r1.tgm.header,Tiny.VD,26913718,264
ef9d43d69e3548b5,fallenstararena_quarter_03_c19r10.tgm,Tiny.VA,27145802,477
f58dc180471b8859,fallenstararena_quarter_03_c19r10.tgm.header,Tiny.VF,27123641,264
31c53bc3de84fc03,fallenstararena_quarter_03_c19r11.tgm,Tiny.V3,26798912,517
09d1711806bedde9,fallenstararena_quarter_03_c19r11.tgm.header,Tiny.VE,26896554,264
15c08f887218d2e9,fallenstararena_quarter_03_c19r12.tgm,Tiny.VB,27166313,883
ece1017e47d60637,fallenstararena_quarter_03_c19r12.tgm.header,Tiny.VF,27123905,264
ecea7de61f42bd11,fallenstararena_quarter_03_c19r13.tgm,Tiny.VA,27146279,2535
acfff062c366cf0d,fallenstararena_quarter_03_c19r13.tgm.header,Tiny.VC,27143656,264
7e944d71b4d10133,fallenstararena_quarter_03_c19r14.tgm,Tiny.V9,27410147,2327
98a09ab134c5fda4,fallenstararena_quarter_03_c19r14.tgm.header,Tiny.V0,27246693,264
4117febc3b395f0a,fallenstararena_quarter_03_c19r15.tgm,Tiny.V7,26914917,2105
04feea554adbce72,fallenstararena_quarter_03_c19r15.tgm.header,Tiny.VE,26896818,264
6d32ec3769feacb3,fallenstararena_quarter_03_c19r16.tgm,Tiny.VC,27143920,1777
a57f48e5c1f5b8f3,fallenstararena_quarter_03_c19r16.tgm.header,Tiny.V8,26977326,264
2a8fdc2bad650631,fallenstararena_quarter_03_c19r17.tgm,Tiny.V7,26917022,1913
23c356014838bdbd,fallenstararena_quarter_03_c19r17.tgm.header,Tiny.VB,27167196,264
41dd0497ad25fc56,fallenstararena_quarter_03_c19r18.tgm,Streaming/Content/data/balance/worldareas/2D/mapuberboss_fallenstar.vworld,402069,4141
4a759f5b9a5b65f9,fallenstararena_quarter_03_c19r18.tgm.header,Tiny.VC,27145697,264
e79a6a9c1f6affa8,fallenstararena_quarter_03_c19r19.tgm,Streaming/Content/data/balance/worldareas/A9/mapuberboss_fallenstar.vworld,1182052,7359
392f71cc9e022706,fallenstararena_quarter_03_c19r19.tgm.header,Tiny.V7,26918935,264
ae58e1dca8356a85,fallenstararena_quarter_03_c19r2.tgm,Tiny.V2,27104394,489
18a7c42f656deac6,fallenstararena_quarter_03_c19r2.tgm.header,Tiny.V7,26919199,264
13ae8c9dc87941a5,fallenstararena_quarter_03_c19r20.tgm,Streaming/Content/data/balance/worldareas/F9/mapuberboss_fallenstar.vworld,1379380,8811
60d02df8853c5a9a,fallenstararena_quarter_03_c19r20.tgm.header,Tiny.VD,26913982,290
b64288782eb02399,fallenstararena_quarter_03_c19r21.tgm,Streaming/Content/data/balance/worldareas/20/mapuberboss_fallenstar.vworld,5645362,10311
95b48fa72cbff50d,fallenstararena_quarter_03_c19r21.tgm.header,Tiny.V4,27274767,264
11a685567e8d1066,fallenstararena_quarter_03_c19r22.tgm,Tiny.VF,27124169,2807
1bc06500c752ee27,fallenstararena_quarter_03_c19r22.tgm.header,Tiny.VC,27145961,264
1cc61993c65453a0,fallenstararena_quarter_03_c19r23.tgm,Tiny.V2,27104883,1845
7aa5a014cf930755,fallenstararena_quarter_03_c19r23.tgm.header,Tiny.V3,26799429,264
6775c3433cc695d0,fallenstararena_quarter_03_c19r24.tgm,Tiny.VF,27126976,1775
ce225f6fc4d16963,fallenstararena_quarter_03_c19r24.tgm.header,Tiny.VF,27128751,264
b1d4098a1f38956c,fallenstararena_quarter_03_c19r25.tgm,Tiny.VB,27167460,1853
c5e642efcba3b4e4,fallenstararena_quarter_03_c19r25.tgm.header,Tiny.VD,26914272,264
c34cbe3e72737141,fallenstararena_quarter_03_c19r26.tgm,Tiny.VD,26914536,1861
bcf00d4bdb099646,fallenstararena_quarter_03_c19r26.tgm.header,Tiny.V8,26977590,264
fa0f9f2fa2489587,fallenstararena_quarter_03_c19r27.tgm,Tiny.V6,26954029,1923
b7dd80596f573bbd,fallenstararena_quarter_03_c19r27.tgm.header,Tiny.VD,26916397,264
b0391a6ecfe787b9,fallenstararena_quarter_03_c19r28.tgm,Tiny.V5,26534919,2593
27a3be5aafed2ff7,fallenstararena_quarter_03_c19r28.tgm.header,Tiny.V5,26537512,264
88ec54555cbd1e4e,fallenstararena_quarter_03_c19r29.tgm,Tiny.V9,27412474,2197
ac04cb45c72ff004,fallenstararena_quarter_03_c19r29.tgm.header,Tiny.V9,27414671,264
cfada90372f5b0b3,fallenstararena_quarter_03_c19r3.tgm,Tiny.V8,26977854,299
5127d3428306cefb,fallenstararena_quarter_03_c19r3.tgm.header,Tiny.V2,27106728,264
278210dd5f1f0ddb,fallenstararena_quarter_03_c19r30.tgm,Tiny.V1,26915278,1713
62e06855659aaf27,fallenstararena_quarter_03_c19r30.tgm.header,Tiny.V4,27275031,264
72b5eb0f623ae70f,fallenstararena_quarter_03_c19r31.tgm,Tiny.VA,27148814,1771
43e1536d416df1b5,fallenstararena_quarter_03_c19r31.tgm.header,Tiny.VB,27169313,264
5599bf7692b5fbaf,fallenstararena_quarter_03_c19r32.tgm,Tiny.V1,26916991,1867
ffb0cabb2821c820,fallenstararena_quarter_03_c19r32.tgm.header,Tiny.V2,27106992,264
d7b3c37a846ffc3e,fallenstararena_quarter_03_c19r33.tgm,Tiny.VB,27169577,2335
09c8584f9cbe3aca,fallenstararena_quarter_03_c19r33.tgm.header,Tiny.V4,27275295,264
f6987a428d6b19f6,fallenstararena_quarter_03_c18r4.tgm,Tiny.VA,27144590,385
ef29958f184d5bd1,fallenstararena_quarter_03_c18r4.tgm.header,Tiny.V3,26798648,264
863616e1db7ef64d,fallenstararena_quarter_03_c18r5.tgm,Tiny.VC,27142865,791
9261ff63d43ba18e,fallenstararena_quarter_03_c18r5.tgm.header,Tiny.V5,26534655,264
e6b0298a74a89596,fallenstararena_quarter_03_c18r6.tgm,Tiny.V8,26976283,779
496201b1593745df,fallenstararena_quarter_03_c18r6.tgm.header,Tiny.V9,27409883,264
fc478f1b70e77c09,fallenstararena_quarter_03_c18r7.tgm,Tiny.V1,26914669,609
0c6df4e8773aeac3,fallenstararena_quarter_03_c18r7.tgm.header,Tiny.V8,26977062,264
0f168e91a0744519,fallenstararena_quarter_03_c18r8.tgm,Tiny.V6,26953558,471
f93e0596c24c062e,fallenstararena_quarter_03_c18r8.tgm.header,Tiny.VD,26913454,264
426c6e53bf2c4b34,fallenstararena_quarter_03_c18r9.tgm,Tiny.V0,27245920,773
e859df9bd516615c,fallenstararena_quarter_03_c18r9.tgm.header,Tiny.VB,27166049,264
1bd9f1dc633c977b,fallenstararena_quarter_03_c18r1.tgm,Tiny.V9,27403934,711
46b5e7fb6eadcfe5,fallenstararena_quarter_03_c18r1.tgm.header,Tiny.V6,26950675,264
01ceeddbeff2419e,fallenstararena_quarter_03_c18r10.tgm,Tiny.V8,26974950,805
ab2a74c8a9a58eb9,fallenstararena_quarter_03_c18r10.tgm.header,Tiny.V6,26950939,264
362951cf60bce108,fallenstararena_quarter_03_c18r11.tgm,Tiny.VF,27117942,785
3eac31b349d386a8,fallenstararena_quarter_03_c18r11.tgm.header,Tiny.VE,26893366,264
9253d8c072d28bb2,fallenstararena_quarter_03_c18r12.tgm,Tiny.V4,27270767,615
d1ec728603b0f7e0,fallenstararena_quarter_03_c18r12.tgm.header,Tiny.VD,27071646,264
0899892a32d1953c,fallenstararena_quarter_03_c18r13.tgm,Tiny.VF,27118727,2751
cad7990a8b4f012e,fallenstararena_quarter_03_c18r13.tgm.header,Tiny.V3,26795608,264
536cb5012a0644f8,fallenstararena_quarter_03_c18r14.tgm,Tiny.VA,27140437,3625
ac983c6e7005f015,fallenstararena_quarter_03_c18r14.tgm.header,Tiny.V9,27404645,264
c7015dfde60c5190,fallenstararena_quarter_03_c18r15.tgm,Tiny.V9,27404909,2667
151f3f4adefc455b,fallenstararena_quarter_03_c18r15.tgm.header,Tiny.V7,26909571,264
fde8060abdedf62d,fallenstararena_quarter_03_c18r16.tgm,Tiny.VB,27163016,2241
11907dd6bf4f7c03,fallenstararena_quarter_03_c18r16.tgm.header,Tiny.VF,27121478,264
e271d4d15bdf7e28,fallenstararena_quarter_03_c18r17.tgm,Tiny.V0,27242362,1723
dd6ea2d005b041a7,fallenstararena_quarter_03_c18r17.tgm.header,Tiny.VB,27165257,264
242add05fe2aade2,fallenstararena_quarter_03_c18r18.tgm,Tiny.V9,27407576,2043
5d1e13b3e80715d2,fallenstararena_quarter_03_c18r18.tgm.header,Tiny.V7,26909835,264
b72086bc0b0286ae,fallenstararena_quarter_03_c18r19.tgm,Tiny.V4,27271382,3121
cdda52074af6ad68,fallenstararena_quarter_03_c18r19.tgm.header,Tiny.V8,26975755,264
d5ea770a4572629c,fallenstararena_quarter_03_c18r2.tgm,Tiny.V3,26795872,477
19142924dd9366c1,fallenstararena_quarter_03_c18r2.tgm.header,Tiny.V7,26910099,264
2f8e647913d36cef,fallenstararena_quarter_03_c18r20.tgm,Streaming/Content/data/balance/worldareas/FF/mapuberboss_fallenstar.vworld,4268687,7745
0b5405f3a40e6a37,fallenstararena_quarter_03_c18r20.tgm.header,Tiny.VB,27165521,264
75652be14a425403,fallenstararena_quarter_03_c18r21.tgm,Streaming/Content/data/balance/worldareas/85/g2_9_1.vworld,495655,9017
c563fd9bbe27049e,fallenstararena_quarter_03_c18r21.tgm.header,Tiny.VF,27121742,290
53e370fa6514ac2a,fallenstararena_quarter_03_c18r22.tgm,Streaming/Content/data/balance/worldareas/CD/mapuberboss_fallenstar.vworld,221419,10065
b4e313d82acf6b31,fallenstararena_quarter_03_c18r22.tgm.header,Tiny.V1,26914141,264
169b0ef1e53ca14f,fallenstararena_quarter_03_c18r23.tgm,Streaming/Content/data/balance/worldareas/45/mapuberboss_fallenstar.vworld,1736191,4177
411f30f11b04cca5,fallenstararena_quarter_03_c18r23.tgm.header,Tiny.V7,26910363,264
6cdcbea391854230,fallenstararena_quarter_03_c18r24.tgm,Tiny.V7,26910627,1555
cd29754232b72e63,fallenstararena_quarter_03_c18r24.tgm.header,Tiny.VA,27144062,264
81fd39501330ecc4,fallenstararena_quarter_03_c18r25.tgm,Tiny.VF,27122032,1609
f386c905bf51ea70,fallenstararena_quarter_03_c18r25.tgm.header,Tiny.V1,26914405,264
75645c7cc24b5a7e,fallenstararena_quarter_03_c18r26.tgm,Tiny.V5,26533136,1519
e19f897e5cf42649,fallenstararena_quarter_03_c18r26.tgm.header,Tiny.VA,27144326,264
c0a63851f87e40ed,fallenstararena_quarter_03_c18r27.tgm,Tiny.V6,26951203,2091
3cfcb3d5abdd6227,fallenstararena_quarter_03_c18r27.tgm.header,Tiny.VC,27140888,264
a9ab6765ec2a26e7,fallenstararena_quarter_03_c18r28.tgm,Tiny.V7,26912182,2471
cfc6e1ce6735c41c,fallenstararena_quarter_03_c18r28.tgm.header,Tiny.V6,26953294,264
793b9c21c0d43b79,fallenstararena_quarter_03_c18r29.tgm,Tiny.V3,26796349,2035
27047d5327c09b4a,fallenstararena_quarter_03_c18r29.tgm.header,Tiny.V8,26976019,264
d1e6dc80bce3bba3,fallenstararena_quarter_03_c18r3.tgm,Tiny.VE,26893630,457
46f2054f9d763d23,fallenstararena_quarter_03_c18r3.tgm.header,Tiny.VB,27165785,264
fc0d351a9c4f11ff,fallenstararena_quarter_03_c18r30.tgm,Tiny.VD,26911351,2103
bc15d473aa78f99a,fallenstararena_quarter_03_c18r30.tgm.header,Tiny.V4,27274503,264
88ed35a350b12692,fallenstararena_quarter_03_c18r31.tgm,Tiny.VC,27141152,1713
565aa9ab2b4ef4c3,fallenstararena_quarter_03_c18r31.tgm.header,Tiny.V9,27409619,264
de082e334cbcff08,fallenstararena_quarter_03_c18r32.tgm,Tiny.V0,27244085,1835
ce12f2ead9229475,fallenstararena_quarter_03_c18r32.tgm.header,Tiny.V3,26798384,264
ddec49ce036d6058,fallenstararena_quarter_03_c18r33.tgm,Tiny.VE,26894087,2467
b04ceb892697dbe2,fallenstararena_quarter_03_c18r33.tgm.header,Tiny.V7,26914653,264
11e5f860d3cd96db,fallenstararena_quarter_03_c17r4.tgm,Tiny.VC,27139606,503
7eda5523b0915ea0,fallenstararena_quarter_03_c17r4.tgm.header,Tiny.VD,26910320,264
a8ed684688abaf49,fallenstararena_quarter_03_c17r5.tgm,Tiny.V4,27270166,601
8430ff7c8f6a6d98,fallenstararena_quarter_03_c17r5.tgm.header,Tiny.V5,26532872,264
e33adde6abf60933,fallenstararena_quarter_03_c17r6.tgm,Tiny.VD,26910584,503
9131a0a3bb11f655,fallenstararena_quarter_03_c17r6.tgm.header,Tiny.V0,27242098,264
c30b449d38d4f258,fallenstararena_quarter_03_c17r7.tgm,Tiny.V2,27103267,863
9f02d64f89425ebe,fallenstararena_quarter_03_c17r7.tgm.header,Tiny.VD,26911087,264
e55cbe114e1dae3e,fallenstararena_quarter_03_c17r8.tgm,Tiny.V8,26973975,975
825f75038dd52950,fallenstararena_quarter_03_c17r8.tgm.header,Tiny.V2,27104130,264
8b4711e838829417,fallenstararena_quarter_03_c17r9.tgm,Tiny.VC,27140109,779
7f769274e8b18f62,fallenstararena_quarter_03_c17r9.tgm.header,Tiny.VE,26893102,264
1c0864ff65a0a022,fallenstararena_quarter_03_c17r1.tgm,Tiny.V4,27268899,739
6e39d497823b5121,fallenstararena_quarter_03_c17r1.tgm.header,Tiny.V0,27237324,264
e9aeeaafff0b2888,fallenstararena_quarter_03_c17r10.tgm,Tiny.V3,26792364,701
7124a37b3d90505c,fallenstararena_quarter_03_c17r10.tgm.header,Tiny.VE,26892310,264
1bfabeebce0ddd07,fallenstararena_quarter_03_c17r11.tgm,Tiny.V7,26905793,955
24fdff875927e15a,fallenstararena_quarter_03_c17r11.tgm.header,Tiny.V2,27102739,264
d849a5804dcd28ce,fallenstararena_quarter_03_c17r12.tgm,Tiny.VF,27114816,851
a66962a9de0706cf,fallenstararena_quarter_03_c17r12.tgm.header,Tiny.V0,27331958,264
3e8c9df01ff4c986,fallenstararena_quarter_03_c17r13.tgm,Tiny.VC,27136665,1859
5897c1fe53b47335,fallenstararena_quarter_03_c17r13.tgm.header,Tiny.V4,27269638,264
ec87ea35bcf4fa47,fallenstararena_quarter_03_c17r14.tgm,Tiny.V5,26525367,3331
010aee8dba74ec02,fallenstararena_quarter_03_c17r14.tgm.header,Tiny.VC,27138524,264
5768d2f6660a3949,fallenstararena_quarter_03_c17r15.tgm,Tiny.V7,26906748,2823
d1dd9b718b0abeec,fallenstararena_quarter_03_c17r15.tgm.header,Tiny.V6,26950411,264
208bcddf8663797b,fallenstararena_quarter_03_c17r16.tgm,Tiny.VB,27160623,2393
41c013694a66636d,fallenstararena_quarter_03_c17r16.tgm.header,Tiny.V4,27269902,264
ad52832a313fa0bc,fallenstararena_quarter_03_c17r17.tgm,Tiny.V0,27237588,1903
7a4db6da9449761f,fallenstararena_quarter_03_c17r17.tgm.header,Tiny.V1,26913613,264
93a177e145f10507,fallenstararena_quarter_03_c17r18.tgm,Tiny.V3,26793065,1751
9cac7c9f1f1afdab,fallenstararena_quarter_03_c17r18.tgm.header,Tiny.V8,26969963,264
3feb8dff1e5d364f,fallenstararena_quarter_03_c17r19.tgm,Tiny.V5,26528698,2099
874926d5c76ca7c4,fallenstararena_quarter_03_c17r19.tgm.header,Tiny.VA,27140173,264
4650d71165fa5070,fallenstararena_quarter_03_c17r2.tgm,Tiny.V9,27402903,503
fc6f3de3c3d360a1,fallenstararena_quarter_03_c17r2.tgm.header,Tiny.V5,26530797,264
edb849bd2806acf3,fallenstararena_quarter_03_c17r20.tgm,Tiny.VD,26907697,2623
ebc735210adf5713,fallenstararena_quarter_03_c17r20.tgm.header,Tiny.V3,26794816,264
834036e4819b37db,fallenstararena_quarter_03_c17r21.tgm,Streaming/Content/data/balance/worldareas/E7/mapuberboss_fallenstar.vworld,8739253,7437
34c045fae0962719,fallenstararena_quarter_03_c17r21.tgm.header,Tiny.V3,26795080,264
52763c1bf4365cfd,fallenstararena_quarter_03_c17r22.tgm,Streaming/Content/data/balance/worldareas/60/mapuberboss_fallenstar.vworld,868754,11603
1f95cee9017154c1,fallenstararena_quarter_03_c17r22.tgm.header,Tiny.VC,27138788,290
c9719dcef3e7880a,fallenstararena_quarter_03_c17r23.tgm,Streaming/Content/data/balance/worldareas/7D/mapuberboss_fallenstar.vworld,6674717,10825
5e16ecfedbb40e91,fallenstararena_quarter_03_c17r23.tgm.header,Tiny.V0,27239491,264
ac2567a2e7070519,fallenstararena_quarter_03_c17r24.tgm,Streaming/Content/data/balance/worldareas/B0/mapprecursortowerdesert.vworld,592019,8171
62d0bd1629dd6cd6,fallenstararena_quarter_03_c17r24.tgm.header,Tiny.V2,27103003,264
24c07a5a39eab626,fallenstararena_quarter_03_c17r25.tgm,Streaming/Content/data/balance/worldareas/87/g3_1.vworld,376126,5299
e72eef9ce2cec3a9,fallenstararena_quarter_03_c17r25.tgm.header,Tiny.V3,26795344,264
ca978b79a3205d95,fallenstararena_quarter_03_c17r26.tgm,Streaming/Content/data/balance/worldareas/E4/mapuberboss_fallenstar.vworld,641997,61731
05ce07b396753cbf,fallenstararena_quarter_03_c17r26.tgm.header,Tiny.VE,26892574,264
27af826f9a79d226,fallenstararena_quarter_03_c17r27.tgm,Tiny.V5,26531061,1547
b8793db64dc75353,fallenstararena_quarter_03_c17r27.tgm.header,Tiny.VC,27139078,264
0549d49558382f97,fallenstararena_quarter_03_c17r28.tgm,Tiny.V8,26970227,1619
6d777315ae43d356,fallenstararena_quarter_03_c17r28.tgm.header,Tiny.V5,26532608,264
7588f1e71897ce76,fallenstararena_quarter_03_c17r29.tgm,Streaming/Content/data/balance/worldareas/DC/mapuberboss_fallenstar.vworld,6067672,62143
4a37d45a3567e184,fallenstararena_quarter_03_c17r29.tgm.header,Tiny.V8,26971846,264
2c07f8039e2fbb3f,fallenstararena_quarter_03_c17r3.tgm,Streaming/Content/data/balance/worldareas/E5/mapuberboss_fallenstar.vworld,8671981,207415
7eb5c32b3fc7a29e,fallenstararena_quarter_03_c17r3.tgm.header,Tiny.V9,27403406,264
9bca36edc5bf01ef,fallenstararena_quarter_03_c17r30.tgm,Tiny.VF,27115667,2275
3e405b252c52bb9c,fallenstararena_quarter_03_c17r30.tgm.header,Tiny.VC,27139342,264
4a18192ca4a12f7e,fallenstararena_quarter_03_c17r31.tgm,Tiny.V0,27239755,2343
7eb74a7c40aa0577,fallenstararena_quarter_03_c17r31.tgm.header,Tiny.V1,26913877,264
86489de1a284e6a1,fallenstararena_quarter_03_c17r32.tgm,Streaming/Content/data/balance/worldareas/D3/mapuberboss_fallenstar.vworld,923143,62245
9571541f0de8b9eb,fallenstararena_quarter_03_c17r32.tgm.header,Tiny.V9,27403670,264
02a5762d5e039831,fallenstararena_quarter_03_c17r33.tgm,Tiny.V8,26972110,1865
c622a3621196ed41,fallenstararena_quarter_03_c17r33.tgm.header,Tiny.VE,26892838,264
c49dbc862ff7f4e9,fallenstararena_quarter_03_c16r4.tgm,Tiny.VC,27135093,753
91f841218803f30f,fallenstararena_quarter_03_c16r4.tgm.header,Tiny.V9,27402639,264
9a03df705ce5815c,fallenstararena_quarter_03_c16r5.tgm,Tiny.V7,26904956,837
8bb3235e48192a3c,fallenstararena_quarter_03_c16r5.tgm.header,Tiny.V2,27102064,264
4ab159f390274135,fallenstararena_quarter_03_c16r6.tgm,Tiny.VB,27160100,523
c7563bbf9632498b,fallenstararena_quarter_03_c16r6.tgm.header,Tiny.V4,27268635,264
74bb0e412f9446e8,fallenstararena_quarter_03_c16r7.tgm,Tiny.VC,27135846,555
5d678ec471c222cf,fallenstararena_quarter_03_c16r7.tgm.header,Tiny.VC,27136401,264
450ccef6fc6fe751,fallenstararena_quarter_03_c16r8.tgm,Tiny.V1,26913136,477
737de359415a4cbe,fallenstararena_quarter_03_c16r8.tgm.header,Tiny.V8,26969699,264
0599dcf96a8b5a66,fallenstararena_quarter_03_c16r9.tgm,Tiny.V2,27102328,411
ed77a56de6994908,fallenstararena_quarter_03_c16r9.tgm.header,Tiny.VA,27139909,264
9e661a37ef46267b,fallenstararena_quarter_03_c16r1.tgm,Tiny.V3,26789132,939
f54896e3be312098,fallenstararena_quarter_03_c16r1.tgm.header,Tiny.V0,27233316,264
3601082a7803fee0,fallenstararena_quarter_03_c16r10.tgm,Streaming/Content/data/balance/worldareas/70/mapuberboss_fallenstar.vworld,7835334,143239
16a7721d99b5a10d,fallenstararena_quarter_03_c16r10.tgm.header,Tiny.VB,27155431,264
27c360237c35f016,fallenstararena_quarter_03_c16r11.tgm,Tiny.V8,26964832,437
9571c425a9ae61ed,fallenstararena_quarter_03_c16r11.tgm.header,Tiny.V6,26949355,264
5d5291569cc45187,fallenstararena_quarter_03_c16r12.tgm,Tiny.V2,27101587,477
30d7dcb2c0efde0a,fallenstararena_quarter_03_c16r12.tgm.header,Tiny.V5,26524839,264
aad7d0cb77054dff,fallenstararena_quarter_03_c16r13.tgm,Tiny.VC,27132087,609
567264217a4161be,fallenstararena_quarter_03_c16r13.tgm.header,Tiny.VC,27241098,264
66759196b75731b1,fallenstararena_quarter_03_c16r14.tgm,Tiny.V3,26790071,1501
773cfe08550533d9,fallenstararena_quarter_03_c16r14.tgm.header,Tiny.V7,26901945,264
fab5b77419d18158,fallenstararena_quarter_03_c16r15.tgm,Tiny.V4,27264307,3317
503465f981b1fe6d,fallenstararena_quarter_03_c16r15.tgm.header,Tiny.VE,26889715,264
ee0854dce7c3c05f,fallenstararena_quarter_03_c16r16.tgm,Tiny.V8,26965269,3947
5e80d08d52e933ff,fallenstararena_quarter_03_c16r16.tgm.header,Tiny.VB,27155695,264
8d4420a52186a549,fallenstararena_quarter_03_c16r17.tgm,Tiny.V7,26902209,2747
78f54409acf5211d,fallenstararena_quarter_03_c16r17.tgm.header,Tiny.VF,27112487,264
5e4679cda36d7021,fallenstararena_quarter_03_c16r18.tgm,Tiny.V0,27233580,2323
5514ea81299cb26a,fallenstararena_quarter_03_c16r18.tgm.header,Tiny.V3,26791572,264
dd97c52b086de739,fallenstararena_quarter_03_c16r19.tgm,Tiny.VE,26889979,2067
0df9ecd8f4368cda,fallenstararena_quarter_03_c16r19.tgm.header,Tiny.V1,26912344,264
8e1931dcb885d8c2,fallenstararena_quarter_03_c16r2.tgm,Tiny.V8,26969216,483
e861e60ec5f141a0,fallenstararena_quarter_03_c16r2.tgm.header,Tiny.VF,27112751,264
c9eef3d91e8abab6,fallenstararena_quarter_03_c16r20.tgm,Tiny.VC,27132696,2133
ee38e91b6af930b2,fallenstararena_quarter_03_c16r20.tgm.header,Tiny.V6,26949619,264
ba2b21cf75244cc1,fallenstararena_quarter_03_c16r21.tgm,Tiny.V9,27398503,2755
c54967601b65f6b9,fallenstararena_quarter_03_c16r21.tgm.header,Tiny.V1,26912608,264
ca9e389d4ad73906,fallenstararena_quarter_03_c16r22.tgm,Streaming/Content/data/balance/worldareas/53/mapuberboss_fallenstar.vworld,551780,9199
740c4a66b55c8409,fallenstararena_quarter_03_c16r22.tgm.header,Tiny.V3,26791836,264
7e5ab3d6356f415b,fallenstararena_quarter_03_c16r23.tgm,Streaming/Content/data/balance/worldareas/01/g2_9_1.vworld,878045,9669
068e4ba99ea54f1a,fallenstararena_quarter_03_c16r23.tgm.header,Tiny.V4,27267624,264
aa76fdd487775d58,fallenstararena_quarter_03_c16r24.tgm,Streaming/Content/data/balance/worldareas/00/mapuberboss_fallenstar.vworld,4141038,7213
5d19302ada622dfd,fallenstararena_quarter_03_c16r24.tgm.header,Tiny.V5,26525103,264
88e95299c00ec542,fallenstararena_quarter_03_c16r25.tgm,Streaming/Content/data/balance/worldareas/E3/mapuberboss_fallenstar.vworld,10787159,7989
ab7f5bec75e86e82,fallenstararena_quarter_03_c16r25.tgm.header,Tiny.V3,26792100,264
abef37637cde9a9a,fallenstararena_quarter_03_c16r26.tgm,Streaming/Content/data/balance/worldareas/B2/mapuberboss_fallenstar.vworld,5592580,8701
d807dba500958e3f,fallenstararena_quarter_03_c16r26.tgm.header,Tiny.VD,26904322,264
a051802177d8e69c,fallenstararena_quarter_03_c16r27.tgm,Tiny.VD,26904586,2847
a733bdf50091380b,fallenstararena_quarter_03_c16r27.tgm.header,Tiny.V9,27401258,264
e4626a045a6f9c1f,fallenstararena_quarter_03_c16r28.tgm,Tiny.VB,27155959,1157
aa4775b5e43574fe,fallenstararena_quarter_03_c16r28.tgm.header,Tiny.V1,26912872,264
159924c6feb3cdcc,fallenstararena_quarter_03_c16r29.tgm,Tiny.V0,27235903,1421
a75404cc8e537dd9,fallenstararena_quarter_03_c16r29.tgm.header,Tiny.V6,26949883,264
89d4fb6722e57cd4,fallenstararena_quarter_03_c16r3.tgm,Tiny.V4,27267888,483
903bd3d15342364e,fallenstararena_quarter_03_c16r3.tgm.header,Tiny.VC,27134829,264
cb9483a4aa6f543b,fallenstararena_quarter_03_c16r30.tgm,Tiny.VF,27113015,1801
b8955d3a76744e64,fallenstararena_quarter_03_c16r30.tgm.header,Tiny.V4,27268371,264
3a4a20e84830d219,fallenstararena_quarter_03_c16r31.tgm,Tiny.VB,27157116,1699
9f8ed8e15f6c2907,fallenstararena_quarter_03_c16r31.tgm.header,Tiny.V6,26950147,264
e9e337766c9e3a77,fallenstararena_quarter_03_c16r32.tgm,Tiny.VB,27158815,1285
5322168e0f87610d,fallenstararena_quarter_03_c16r32.tgm.header,Tiny.VD,26907433,264
dcb0c3d20b3eee72,fallenstararena_quarter_03_c16r33.tgm,Tiny.V9,27401522,1117
fe0f26ee648d397e,fallenstararena_quarter_03_c16r33.tgm.header,Tiny.VE,26892046,264
b6453a5c966b7cb2,fallenstararena_quarter_03_c15r4.tgm,Tiny.VC,27131260,563
bae4628c11531fdf,fallenstararena_quarter_03_c15r4.tgm.header,Tiny.V1,26911583,264
15ad2be15e6b40ac,fallenstararena_quarter_03_c15r5.tgm,Tiny.V1,26911847,497
ccf3a4dcffd5bb7a,fallenstararena_quarter_03_c15r5.tgm.header,Tiny.V6,26949091,264
937bd18323dbb495,fallenstararena_quarter_03_c15r6.tgm,Tiny.V5,26524196,379
0952333c7c95d295,fallenstararena_quarter_03_c15r6.tgm.header,Tiny.V5,26524575,264
848e89099c771e40,fallenstararena_quarter_03_c15r7.tgm,Streaming/Content/data/balance/worldareas/3F/mapuberboss_fallenstar.vworld,7303602,418773
a3f62813e86ec8b6,fallenstararena_quarter_03_c15r7.tgm.header,Tiny.VF,27112223,264
68a72a09e822aa96,fallenstararena_quarter_03_c15r8.tgm,Tiny.VB,27154626,805
6bc03ac9c8e32774,fallenstararena_quarter_03_c15r8.tgm.header,Tiny.V2,27101323,264
217af068e905a05a,fallenstararena_quarter_03_c15r9.tgm,Tiny.V8,26963967,865
5cc27ce084b1ac68,fallenstararena_quarter_03_c15r9.tgm.header,Tiny.VC,27131823,264
6883f590a61e052e,fallenstararena_quarter_03_c15r1.tgm,Tiny.VC,27126036,895
70965ac244c97c85,fallenstararena_quarter_03_c15r1.tgm.header,Tiny.VA,27137890,264
2d58c3d67552035f,fallenstararena_quarter_03_c15r10.tgm,Tiny.VA,27138154,963
bbef83e046f6e0e5,fallenstararena_quarter_03_c15r10.tgm.header,Tiny.VA,27139117,264
71d8e8058d6ad1d9,fallenstararena_quarter_03_c15r11.tgm,Tiny.V1,26910228,563
370997c1cc23806d,fallenstararena_quarter_03_c15r11.tgm.header,Tiny.VC,27126931,264
fabe77f7c2200131,fallenstararena_quarter_03_c15r12.tgm,Tiny.V7,26900334,529
624e59dbfa973c76,fallenstararena_quarter_03_c15r12.tgm.header,Tiny.V1,26910791,264
7653b3b19d2fe54c,fallenstararena_quarter_03_c15r13.tgm,Tiny.VF,27111654,569
d710b7767ce85450,fallenstararena_quarter_03_c15r13.tgm.header,Tiny.V5,26635405,264
92da67fd4f64358e,fallenstararena_quarter_03_c15r14.tgm,Tiny.V6,26945957,727
e51bd10999e48748,fallenstararena_quarter_03_c15r14.tgm.header,Tiny.VC,27200787,264
9ce4353d1db4f57b,fallenstararena_quarter_03_c15r15.tgm,Tiny.V2,27098464,2067
2f2007642da82473,fallenstararena_quarter_03_c15r15.tgm.header,Tiny.V5,26519930,264
1a447f916f5d5201,fallenstararena_quarter_03_c15r16.tgm,Tiny.VC,27127195,3801
2d657733ba1827d1,fallenstararena_quarter_03_c15r16.tgm.header,Tiny.VD,26901413,264
7b0b649294d574de,fallenstararena_quarter_03_c15r17.tgm,Tiny.VB,27148226,3603
677de46f024540fc,fallenstararena_quarter_03_c15r17.tgm.header,Tiny.VC,27130996,264
252a515de6d66fae,fallenstararena_quarter_03_c15r18.tgm,Tiny.VD,26901677,2645
163ee8f0c2957fcf,fallenstararena_quarter_03_c15r18.tgm.header,Tiny.VA,27139381,264
6e433dce95eb758b,fallenstararena_quarter_03_c15r19.tgm,Tiny.VB,27151829,2533
83f28fed9d4988b7,fallenstararena_quarter_03_c15r19.tgm.header,Tiny.V7,26900863,264
81f6eedbd06a7a82,fallenstararena_quarter_03_c15r2.tgm,Tiny.V0,27229375,451
189e1b1500416098,fallenstararena_quarter_03_c15r2.tgm.header,Tiny.V2,27100531,264
76ad5d4be918d237,fallenstararena_quarter_03_c15r20.tgm,Tiny.V4,27259735,2075
08a2102a420746a1,fallenstararena_quarter_03_c15r20.tgm.header,Tiny.V1,26911055,264
4276edba83a313ff,fallenstararena_quarter_03_c15r21.tgm,Tiny.V5,26520194,1673
c336de306056de2a,fallenstararena_quarter_03_c15r21.tgm.header,Tiny.V4,27261810,264
dbdf338ae41bda52,fallenstararena_quarter_03_c15r22.tgm,Tiny.V6,26946684,2143
e186f5f4044b3e46,fallenstararena_quarter_03_c15r22.tgm.header,Tiny.V4,27262074,264
6576c7a8bef21667,fallenstararena_quarter_03_c15r23.tgm,Tiny.V5,26521867,2329
2246b1e3f1f4a486,fallenstararena_quarter_03_c15r23.tgm.header,Tiny.V0,27229826,264
15aaa68cb920ab7d,fallenstararena_quarter_03_c15r24.tgm,Streaming/Content/data/balance/worldareas/DA/mapuberboss_fallenstar.vworld,684102,4933
01a16e4a926d5543,fallenstararena_quarter_03_c15r24.tgm.header,Tiny.VB,27154362,264
4f880ae48608e936,fallenstararena_quarter_03_c15r25.tgm,Streaming/Content/data/balance/worldareas/78/mapuberboss_fallenstar.vworld,5087535,7595
3542163e17307d64,fallenstararena_quarter_03_c15r25.tgm.header,Tiny.V7,26901127,264
dea4e74996f0eed5,fallenstararena_quarter_03_c15r26.tgm,Streaming/Content/data/balance/worldareas/89/mapuberboss_fallenstar.vworld,6184153,9267
679ee2ca265aabfe,fallenstararena_quarter_03_c15r26.tgm.header,Tiny.V7,26901391,290
f6401004f04b6d9b,fallenstararena_quarter_03_c15r27.tgm,Streaming/Content/data/balance/worldareas/EF/bossrush_area3.vworld.1,554185,8435
70fff77d812c0f39,fallenstararena_quarter_03_c15r27.tgm.header,Tiny.V7,26901681,264
54970dd3c47014ca,fallenstararena_quarter_03_c15r28.tgm,Streaming/Content/data/balance/worldareas/77/mapuberboss_fallenstar.vworld,3134288,7447
ac64501a958e8170,fallenstararena_quarter_03_c15r28.tgm.header,Tiny.VE,26889451,264
268b26fa14854a96,fallenstararena_quarter_03_c15r29.tgm,Streaming/Content/data/balance/worldareas/3C/mapport.vworld,350902,8199
9a383d3f9f880ebb,fallenstararena_quarter_03_c15r29.tgm.header,Tiny.V2,27100795,264
b37d8576f718005a,fallenstararena_quarter_03_c15r3.tgm,Tiny.V0,27230090,609
b84d2780adb516c7,fallenstararena_quarter_03_c15r3.tgm.header,Tiny.V2,27101059,264
c371a1f6d6ab5dce,fallenstararena_quarter_03_c15r30.tgm,Streaming/Content/data/balance/worldareas/0B/mapuberboss_fallenstar.vworld,675157,4799
378685fe6af7df10,fallenstararena_quarter_03_c15r30.tgm.header,Tiny.V1,26911319,264
ccc05ce5fb00a620,fallenstararena_quarter_03_c15r31.tgm,Tiny.V4,27262338,1969
600b47535b9422c7,fallenstararena_quarter_03_c15r31.tgm.header,Tiny.V0,27230699,264
37c1fa9600903696,fallenstararena_quarter_03_c15r32.tgm,Tiny.V0,27230963,2353
46e45b58a04e67a6,fallenstararena_quarter_03_c15r32.tgm.header,Tiny.V6,26948827,264
b94457ef4539568e,fallenstararena_quarter_03_c15r33.tgm,Streaming/Content/data/balance/worldareas/E1/mapuberboss_fallenstar.vworld,98550,5221
c63c9b1be7e1fa9d,fallenstararena_quarter_03_c15r33.tgm.header,Tiny.VA,27139645,264
bdee271647110ece,fallenstararena_quarter_03_c14r4.tgm,Tiny.VB,27146976,543
fd3e65708aa443d8,fallenstararena_quarter_03_c14r4.tgm.header,Tiny.V5,26519666,264
2460f0f1c7a7390e,fallenstararena_quarter_03_c14r5.tgm,Tiny.V3,26788661,471
ee8ac1baa6700f06,fallenstararena_quarter_03_c14r5.tgm.header,Tiny.VC,27125508,264
30af24d02a2fac84,fallenstararena_quarter_03_c14r6.tgm,Tiny.V2,27097439,497
4a3ef0e11a6ee6da,fallenstararena_quarter_03_c14r6.tgm.header,Tiny.VF,27111390,264
4d89a1c4cb6e37ac,fallenstararena_quarter_03_c14r7.tgm,Tiny.V6,26945272,685
1f11099d8bf0fc00,fallenstararena_quarter_03_c14r7.tgm.header,Tiny.VC,27125772,264
e15d6650ffe4af52,fallenstararena_quarter_03_c14r8.tgm,Tiny.VA,27137263,627
a1266605fb7af11e,fallenstararena_quarter_03_c14r8.tgm.header,Tiny.V2,27097936,264
954a048abdeb8859,fallenstararena_quarter_03_c14r9.tgm,Tiny.VB,27147519,707
90ba370946cca9ca,fallenstararena_quarter_03_c14r9.tgm.header,Tiny.V2,27098200,264
2d6b094f64c6409b,fallenstararena_quarter_03_c14r1.tgm,Tiny.VE,26884914,739
a06c07d52a9653b0,fallenstararena_quarter_03_c14r1.tgm.header,Tiny.V5,26519402,264
8ac5b99f424f0d37,fallenstararena_quarter_03_c14r10.tgm,Tiny.VB,27145318,753
d4af2e5ffce28ada,fallenstararena_quarter_03_c14r10.tgm.header,Tiny.V0,27226456,264
e3e8de92b6df9e77,fallenstararena_quarter_03_c14r11.tgm,Tiny.VB,27146071,641
4e8da16234b1a4f1,fallenstararena_quarter_03_c14r11.tgm.header,Tiny.VD,26900357,264
ba0b470a3d1d77a5,fallenstararena_quarter_03_c14r12.tgm,Tiny.VE,26885653,529
ad603a6467dc41dd,fallenstararena_quarter_03_c14r12.tgm.header,Tiny.VF,27109612,264
0a7b3fcc267d1c85,fallenstararena_quarter_03_c14r13.tgm,Tiny.V4,27254078,385
4d226892ac2fd53f,fallenstararena_quarter_03_c14r13.tgm.header,Tiny.V3,26785340,264
5807f7da2610ac99,fallenstararena_quarter_03_c14r14.tgm,Tiny.V6,26941306,457
01f3cab91aab383f,fallenstararena_quarter_03_c14r14.tgm.header,Tiny.V4,27254463,264
d4a03ffc6d872f5f,fallenstararena_quarter_03_c14r15.tgm,Tiny.VF,27109876,379
9166e08bfaa124ed,fallenstararena_quarter_03_c14r15.tgm.header,Tiny.V2,27212727,264
10aa6db6023d6bc2,fallenstararena_quarter_03_c14r16.tgm,Tiny.V8,26962142,1535
5e83d48bc873f0eb,fallenstararena_quarter_03_c14r16.tgm.header,Tiny.V0,27226720,264
b146688bb209a1c0,fallenstararena_quarter_03_c14r17.tgm,Tiny.V2,27088267,2879
63ff1167456e841a,fallenstararena_quarter_03_c14r17.tgm.header,Tiny.VA,27136471,264
9a94d2d9d15b577c,fallenstararena_quarter_03_c14r18.tgm,Tiny.VE,26886182,2715
189c7621edc39a0f,fallenstararena_quarter_03_c14r18.tgm.header,Tiny.VE,26888897,264
d8893f9937a4ba77,fallenstararena_quarter_03_c14r19.tgm,Tiny.V3,26785604,2793
2fef996904b91f4e,fallenstararena_quarter_03_c14r19.tgm.header,Tiny.V1,26909964,264
f3934131646e1866,fallenstararena_quarter_03_c14r2.tgm,Tiny.V2,27091146,661
37579289fe1b653a,fallenstararena_quarter_03_c14r2.tgm.header,Tiny.VD,26900621,264
6cd6c0be5e55eb62,fallenstararena_quarter_03_c14r20.tgm,Tiny.V2,27091807,2685
a412fb0642799a31,fallenstararena_quarter_03_c14r20.tgm.header,Tiny.V6,26941763,264
23fd6e7174c7cb22,fallenstararena_quarter_03_c14r21.tgm,Tiny.V2,27094492,2683
557afc8dece0e560,fallenstararena_quarter_03_c14r21.tgm.header,Tiny.VA,27136735,264
b1f81d620fb3fc27,fallenstararena_quarter_03_c14r22.tgm,Tiny.V4,27254727,3097
fbf3215006119a7f,fallenstararena_quarter_03_c14r22.tgm.header,Tiny.V3,26788397,264
cc2388af8b141a4d,fallenstararena_quarter_03_c14r23.tgm,Tiny.V0,27226984,2391
d93c20431aad7149,fallenstararena_quarter_03_c14r23.tgm.header,Tiny.V9,27398239,264
6ff41cb74a2f2c93,fallenstararena_quarter_03_c14r24.tgm,Tiny.V4,27257824,1911
0e8c09a0f7868093,fallenstararena_quarter_03_c14r24.tgm.header,Tiny.VD,26900885,264
0138dd34e5cf8290,fallenstararena_quarter_03_c14r25.tgm,Tiny.V6,26942027,2717
3bf2d4ca9c8f19db,fallenstararena_quarter_03_c14r25.tgm.header,Tiny.V6,26944744,264
7c869b5cd23f0855,fallenstararena_quarter_03_c14r26.tgm,Streaming/Content/data/balance/worldareas/8D/mapuberboss_fallenstar.vworld,693007,67899
afac0c09d8450497,fallenstararena_quarter_03_c14r26.tgm.header,Tiny.V8,26963677,290
4da7dd9ca3669d5b,fallenstararena_quarter_03_c14r27.tgm,Streaming/Content/data/balance/worldareas/A8/mapuberboss_fallenstar.vworld,8125969,8049
476b1071f8565648,fallenstararena_quarter_03_c14r27.tgm.header,Tiny.V2,27097175,264
fe74b193baf9ddbb,fallenstararena_quarter_03_c14r28.tgm,Streaming/Content/data/balance/worldareas/8D/mapuberboss_fallenstar.vworld,760906,10131
b8b8f8cbb347f36f,fallenstararena_quarter_03_c14r28.tgm.header,Tiny.VE,26889161,290
352190c1017a0898,fallenstararena_quarter_03_c14r29.tgm,Streaming/Content/data/balance/worldareas/AE/g1_15.vworld,425170,68275
972152be002311fe,fallenstararena_quarter_03_c14r29.tgm.header,Tiny.VF,27110255,330
dfe88193bc134d9d,fallenstararena_quarter_03_c14r3.tgm,Tiny.VF,27110585,805
b0980a280207a9c6,fallenstararena_quarter_03_c14r3.tgm.header,Tiny.V6,26945008,264
968f6d89fcbdbd49,fallenstararena_quarter_03_c14r30.tgm,Streaming/Content/data/balance/worldareas/48/expeditionsubarea_blackknightboss.vworld,263669,7809
672d7805407263d7,fallenstararena_quarter_03_c14r30.tgm.header,Tiny.VA,27136999,264
d35d5ecc5e051eee,fallenstararena_quarter_03_c14r31.tgm,Streaming/Content/data/balance/worldareas/B7/mapuberboss_fallenstar.vworld,1146792,6863
c40501501c2760a6,fallenstararena_quarter_03_c14r31.tgm.header,Tiny.VB,27146712,264
ff7fcc048074c671,fallenstararena_quarter_03_c14r32.tgm,Streaming/Content/data/balance/worldareas/0B/mapuberboss_fallenstar.vworld,607026,68131
2e5ce23b73133726,fallenstararena_quarter_03_c14r32.tgm.header,Tiny.V7,26900070,264
9ece190549db1ce7,fallenstararena_quarter_03_c14r33.tgm,Streaming/Content/data/balance/worldareas/25/mapuberboss_fallenstar.vworld,6759285,7587
19f131763820b50f,fallenstararena_quarter_03_c14r33.tgm.header,Tiny.VD,26901149,264
7d5d59457690d758,fallenstararena_quarter_03_c13r4.tgm,Tiny.V0,27225795,661
bb62662cc288df0a,fallenstararena_quarter_03_c13r4.tgm.header,Tiny.VC,27125244,264
c2273f0cdf86f143,fallenstararena_quarter_03_c13r5.tgm,Tiny.VE,26883845,805
1810ce5a084ff0ef,fallenstararena_quarter_03_c13r5.tgm.header,Tiny.V8,26961097,264
04a2d92e2392f19a,fallenstararena_quarter_03_c13r6.tgm,Tiny.V3,26784883,457
90ef60f321d704da,fallenstararena_quarter_03_c13r6.tgm.header,Tiny.V8,26961361,264
e204b4b08b6405f2,fallenstararena_quarter_03_c13r7.tgm,Tiny.V5,26518847,555
1318c5deb0d4f308,fallenstararena_quarter_03_c13r7.tgm.header,Tiny.V7,26899542,264
d5a476586f4266a5,fallenstararena_quarter_03_c13r8.tgm,Tiny.VA,27136158,313
05c6ab823cab02db,fallenstararena_quarter_03_c13r8.tgm.header,Tiny.VE,26884650,264
770ac7fd3bffd3f2,fallenstararena_quarter_03_c13r9.tgm,Tiny.V8,26961625,517
221cd8eb22632c32,fallenstararena_quarter_03_c13r9.tgm.header,Tiny.V7,26899806,264
8e13e8ab762068e4,fallenstararena_quarter_03_c13r1.tgm,Tiny.V4,27250396,1041
9d304fccd91cb2e1,fallenstararena_quarter_03_c13r1.tgm.header,Tiny.V3,26784619,264
d6a2bad6a2ddd0ce,fallenstararena_quarter_03_c13r10.tgm,Tiny.VE,26881323,333
a56079de24ccf799,fallenstararena_quarter_03_c13r10.tgm.header,Tiny.VA,27134667,264
c5c14f361229807a,fallenstararena_quarter_03_c13r11.tgm,Tiny.V7,26898807,471
37b92f07b359ca32,fallenstararena_quarter_03_c13r11.tgm.header,Tiny.VF,27103871,264
0f546b7e0ffa2007,fallenstararena_quarter_03_c13r12.tgm,Tiny.V5,26515800,563
2b56a59f7f75e3de,fallenstararena_quarter_03_c13r12.tgm.header,Tiny.V7,26899278,264
8b2e396073b4c11e,fallenstararena_quarter_03_c13r13.tgm,Tiny.VA,27134931,963
a569c1646aa14693,fallenstararena_quarter_03_c13r13.tgm.header,Tiny.V0,27222600,264
00096328dd94f0df,fallenstararena_quarter_03_c13r14.tgm,Tiny.V6,26939795,983
df765d1b35ee3996,fallenstararena_quarter_03_c13r14.tgm.header,Tiny.V2,27080300,264
5de7212ec1e8a3cb,fallenstararena_quarter_03_c13r15.tgm,Tiny.VB,27143152,543
c7644038b4e5ea66,fallenstararena_quarter_03_c13r15.tgm.header,Tiny.V6,26940778,264
63c181e84c78a9d5,fallenstararena_quarter_03_c13r16.tgm,Tiny.VB,27143695,831
9452fd813da668ce,fallenstararena_quarter_03_c13r16.tgm.header,Tiny.VF,27104135,264
e0f5a9152590885a,fallenstararena_quarter_03_c13r17.tgm,Tiny.V2,27080564,799
2063af5f495e2eb4,fallenstararena_quarter_03_c13r17.tgm.header,Tiny.VD,26899829,264
d2dd27b602e25933,fallenstararena_quarter_03_c13r18.tgm,Tiny.V5,26516363,1151
79d16643ed578715,fallenstararena_quarter_03_c13r18.tgm.header,Tiny.VF,27104399,264
8797843cf2f50aff,fallenstararena_quarter_03_c13r19.tgm,Tiny.VF,27104663,1967
3a9708a47841208b,fallenstararena_quarter_03_c13r19.tgm.header,Tiny.VA,27135894,264
32db5294040d445e,fallenstararena_quarter_03_c13r2.tgm,Tiny.VF,27106630,983
816ad9f2a97b41f7,fallenstararena_quarter_03_c13r2.tgm.header,Tiny.VE,26881656,264
8879fcd1cc6e6053,fallenstararena_quarter_03_c13r20.tgm,Tiny.V9,27395482,2757
88e91e2e28736ba6,fallenstararena_quarter_03_c13r20.tgm.header,Tiny.VB,27144526,264
8e01f7007e0da302,fallenstararena_quarter_03_c13r21.tgm,Tiny.V0,27222864,2403
1884fe61cc23523b,fallenstararena_quarter_03_c13r21.tgm.header,Tiny.VD,26900093,264
ac93ec4996edaaf4,fallenstararena_quarter_03_c13r22.tgm,Tiny.V4,27251437,2377
2fe43e385aad7183,fallenstararena_quarter_03_c13r22.tgm.header,Tiny.V4,27253814,264
056d3cf195fdae7e,fallenstararena_quarter_03_c13r23.tgm,Tiny.VC,27122275,2441
8e7bf9d2f5e03f61,fallenstararena_quarter_03_c13r23.tgm.header,Tiny.VC,27124716,264
24d298933ac08909,fallenstararena_quarter_03_c13r24.tgm,Tiny.VF,27107613,1735
f9054bf784ae162b,fallenstararena_quarter_03_c13r24.tgm.header,Tiny.V2,27081363,264
f2026f315ee13cab,fallenstararena_quarter_03_c13r25.tgm,Tiny.VE,26881920,1925
4118e95fee0db881,fallenstararena_quarter_03_c13r25.tgm.header,Tiny.V6,26941042,264
7545ede028157f39,fallenstararena_quarter_03_c13r26.tgm,Tiny.V2,27081627,3119
2f18d79a2545f9db,fallenstararena_quarter_03_c13r26.tgm.header,Tiny.VB,27144790,264
2da336542aec2329,fallenstararena_quarter_03_c13r27.tgm,Tiny.V2,27084746,3521
7d06b3b8f405aa84,fallenstararena_quarter_03_c13r27.tgm.header,Tiny.V5,26517514,264
e9c852eb230e8263,fallenstararena_quarter_03_c13r28.tgm,Streaming/Content/data/balance/worldareas/54/mapuberboss_fallenstar.vworld,12532682,4903
adcbcf0ac652e99f,fallenstararena_quarter_03_c13r28.tgm.header,Tiny.V5,26517778,264
c430cb0f21695d83,fallenstararena_quarter_03_c13r29.tgm,Streaming/Content/data/balance/worldareas/A6/mapuberboss_fallenstar.vworld,282979,7245
287f1369c50ed96b,fallenstararena_quarter_03_c13r29.tgm.header,Tiny.V1,26909700,264
4d52a7bd688a6309,fallenstararena_quarter_03_c13r3.tgm,Tiny.V5,26518042,805
0531648b141b0014,fallenstararena_quarter_03_c13r3.tgm.header,Tiny.VC,27124980,264
52185196ddf62010,fallenstararena_quarter_03_c13r30.tgm,Streaming/Content/data/balance/worldareas/96/mapuberboss_fallenstar.vworld,3851791,7091
7126bb9ed437b329,fallenstararena_quarter_03_c13r30.tgm.header,Tiny.VB,27145054,264
8ebb06a3fd8fc38a,fallenstararena_quarter_03_c13r31.tgm,Streaming/Content/data/balance/worldareas/AB/mapuberboss_fallenstar.vworld,3072807,6355
338144dd96812f9b,fallenstararena_quarter_03_c13r31.tgm.header,Tiny.V0,27225267,264
863403a4320e72c0,fallenstararena_quarter_03_c13r32.tgm,Streaming/Content/data/balance/worldareas/9B/mapuberboss_fallenstar.vworld,7043354,5609
9be2e5095a8f0545,fallenstararena_quarter_03_c13r32.tgm.header,Tiny.V0,27225531,264
f2b74d7209a82f3d,fallenstararena_quarter_03_c13r33.tgm,Streaming/Content/data/balance/worldareas/C9/mapuberboss_fallenstar.vworld,1412772,6067
c242384faece1321,fallenstararena_quarter_03_c13r33.tgm.header,Tiny.VF,27109348,264
072625194384e220,fallenstararena_quarter_03_c12r4.tgm,Tiny.V9,27394258,543
c09a5103dfb3b87d,fallenstararena_quarter_03_c12r4.tgm.header,Tiny.VB,27142888,264
9f7c8e295d8c6e58,fallenstararena_quarter_03_c12r5.tgm,Tiny.V9,27394801,681
543c384fd79be765,fallenstararena_quarter_03_c12r5.tgm.header,Tiny.VC,27121483,264
714c3be72ef35249,fallenstararena_quarter_03_c12r6.tgm,Tiny.V5,26515409,391
0eb4f2c9cf489c2d,fallenstararena_quarter_03_c12r6.tgm.header,Tiny.VC,27121747,264
bcdbe076f235eb00,fallenstararena_quarter_03_c12r7.tgm,Tiny.V0,27222097,503
241ed19a143235de,fallenstararena_quarter_03_c12r7.tgm.header,Tiny.V7,26898543,264
741552973e807cf1,fallenstararena_quarter_03_c12r8.tgm,Tiny.VE,26880918,405
608c781386e7801d,fallenstararena_quarter_03_c12r8.tgm.header,Tiny.VC,27122011,264
8df5b02f9c0c8a4b,fallenstararena_quarter_03_c12r9.tgm,Tiny.VD,26899090,739
c846a7bc979d59a8,fallenstararena_quarter_03_c12r9.tgm.header,Tiny.V8,26960833,264
97e99fd35d119450,fallenstararena_quarter_03_c12r1.tgm,Tiny.V1,26908501,1199
5e06debe1f7b03a0,fallenstararena_quarter_03_c12r1.tgm.header,Tiny.V0,27216670,264
e10a5752c9100957,fallenstararena_quarter_03_c12r10.tgm,Tiny.VF,27096467,733
7b88d5c6ffc009cc,fallenstararena_quarter_03_c12r10.tgm.header,Tiny.VB,27142153,264
4ab8f8ea41719b61,fallenstararena_quarter_03_c12r11.tgm,Tiny.V8,26958937,641
0f08753881d74d39,fallenstararena_quarter_03_c12r11.tgm.header,Tiny.VE,26878141,264
ad69087a283a39f5,fallenstararena_quarter_03_c12r12.tgm,Tiny.VE,26878405,589
d8d9f9eb895448dc,fallenstararena_quarter_03_c12r12.tgm.header,Tiny.VF,27097200,264
9a22b6f2d9510003,fallenstararena_quarter_03_c12r13.tgm,Tiny.V0,27216934,543
e87326af81daa4f2,fallenstararena_quarter_03_c12r13.tgm.header,Tiny.VE,26878994,264
f0fe2df63bfacd82,fallenstararena_quarter_03_c12r14.tgm,Tiny.VE,26879258,543
28efb19a3315f163,fallenstararena_quarter_03_c12r14.tgm.header,Tiny.VD,26895776,264
c511deda3b429bb1,fallenstararena_quarter_03_c12r15.tgm,Tiny.VB,27142417,471
8310c79498a573df,fallenstararena_quarter_03_c12r15.tgm.header,Tiny.V4,27249604,264
291e86d85022b103,fallenstararena_quarter_03_c12r16.tgm,Tiny.V3,26783453,477
2d1a3d1ed73dc7cb,fallenstararena_quarter_03_c12r16.tgm.header,Tiny.VD,26896040,264
d449f75929a2a6b9,fallenstararena_quarter_03_c12r17.tgm,Tiny.VD,26896304,595
6e95d9d9e465b879,fallenstararena_quarter_03_c12r17.tgm.header,Tiny.V0,27217477,264
e418739742178f5d,fallenstararena_quarter_03_c12r18.tgm,Tiny.V6,26936083,563
ee24dcb2f404db96,fallenstararena_quarter_03_c12r18.tgm.header,Tiny.V8,26959578,264
3de72954a1ec19d2,fallenstararena_quarter_03_c12r19.tgm,Tiny.V3,26783930,425
f6ca51c1734cd8fe,fallenstararena_quarter_03_c12r19.tgm.header,Tiny.VE,26879801,264
c1f4b19af71acb36,fallenstararena_quarter_03_c12r2.tgm,Tiny.VE,26880065,589
d9025b38f5caec18,fallenstararena_quarter_03_c12r2.tgm.header,Tiny.V4,27249868,264
2d90df14e0a2b51f,fallenstararena_quarter_03_c12r20.tgm,Tiny.V7,26895917,595
037a3bd0b7287c95,fallenstararena_quarter_03_c12r20.tgm.header,Tiny.VA,27132344,264
cc392fa2c3ca0934,fallenstararena_quarter_03_c12r21.tgm,Tiny.V8,26959842,727
0e0a16b33787a779,fallenstararena_quarter_03_c12r21.tgm.header,Tiny.VC,27200787,264
3ab13e08b57c4bb8,fallenstararena_quarter_03_c12r22.tgm,Tiny.VF,27097464,1673
35b35008b4c1f71d,fallenstararena_quarter_03_c12r22.tgm.header,Tiny.V5,26514881,264
e328b0cf3ef57c4e,fallenstararena_quarter_03_c12r23.tgm,Tiny.V9,27392023,2235
d87ec6307ae3dcba,fallenstararena_quarter_03_c12r23.tgm.header,Tiny.V5,26515145,264
c5c818aec44dec7b,fallenstararena_quarter_03_c12r24.tgm,Tiny.VF,27099137,2393
c35fd396e5676ed4,fallenstararena_quarter_03_c12r24.tgm.header,Tiny.VF,27101530,264
c2d865ef062921ba,fallenstararena_quarter_03_c12r25.tgm,Tiny.V6,26936646,2621
709fbd7165218e26,fallenstararena_quarter_03_c12r25.tgm.header,Tiny.V3,26784355,264
6ef75ee06483936c,fallenstararena_quarter_03_c12r26.tgm,Tiny.VC,27119592,1891
0957e07d1eecdf73,fallenstararena_quarter_03_c12r26.tgm.header,Tiny.V4,27250132,264
38dd6e55e7d14ddd,fallenstararena_quarter_03_c12r27.tgm,Tiny.VF,27101794,2077
f2bd88ce14fdc787,fallenstararena_quarter_03_c12r27.tgm.header,Tiny.VA,27132608,264
2b1e1a9e9a1d1226,fallenstararena_quarter_03_c12r28.tgm,Tiny.V2,27076364,2865
f36a907aea706351,fallenstararena_quarter_03_c12r28.tgm.header,Tiny.V6,26939267,264
07ef6e0b2cf36e5d,fallenstararena_quarter_03_c12r29.tgm,Tiny.V7,26896512,2031
e9484c646ed9571c,fallenstararena_quarter_03_c12r29.tgm.header,Tiny.V2,27079229,264
f8f9ef8ec1eca82b,fallenstararena_quarter_03_c12r3.tgm,Tiny.V2,27079493,543
664ec70e355afb57,fallenstararena_quarter_03_c12r3.tgm.header,Tiny.V0,27217741,264
825af24779114487,fallenstararena_quarter_03_c12r30.tgm,Tiny.VA,27132872,1795
5a61d5866e728e30,fallenstararena_quarter_03_c12r30.tgm.header,Tiny.V6,26939531,264
b6f6c999e448a951,fallenstararena_quarter_03_c12r31.tgm,Tiny.V0,27218005,1767
c6276c8384550bfe,fallenstararena_quarter_03_c12r31.tgm.header,Tiny.V8,26960569,264
c299d7fa93a555d9,fallenstararena_quarter_03_c12r32.tgm,Tiny.V0,27219772,2325
bbb73e9903b0cb2e,fallenstararena_quarter_03_c12r32.tgm.header,Tiny.V2,27080036,264
57cdf62a7c327f49,fallenstararena_quarter_03_c12r33.tgm,Tiny.VD,26896899,2191
6e72c1994effa493,fallenstararena_quarter_03_c12r33.tgm.header,Tiny.VE,26880654,264
23db5fa3bcd15a77,fallenstararena_quarter_03_c11r4.tgm,Tiny.V0,27216021,385
7e3d96518def8be0,fallenstararena_quarter_03_c11r4.tgm.header,Tiny.V5,26514617,264
b6716d2134a1b8f3,fallenstararena_quarter_03_c11r5.tgm,Streaming/Content/data/balance/worldareas/55/mapport.vworld,498210,54441
d16c3181832f6523,fallenstararena_quarter_03_c11r5.tgm.header,Tiny.V9,27391495,264
115497b471c5d9aa,fallenstararena_quarter_03_c11r6.tgm,Tiny.VB,27141676,477
6ddbe748d1a1a7a1,fallenstararena_quarter_03_c11r6.tgm.header,Tiny.V9,27391759,264
86cc6bc645bff741,fallenstararena_quarter_03_c11r7.tgm,Tiny.V1,26907874,627
7f5d3a919ae00581,fallenstararena_quarter_03_c11r7.tgm.header,Tiny.V0,27216406,264
1d58f94b3ea904d3,fallenstararena_quarter_03_c11r8.tgm,Streaming/Content/data/balance/worldareas/B7/mapuberboss_fallenstar.vworld,1092325,54467
aaeac1119b0f9dea,fallenstararena_quarter_03_c11r8.tgm.header,Tiny.V4,27249340,264
7d65461337a461b9,fallenstararena_quarter_03_c11r9.tgm,Tiny.V6,26935468,615
e9504b8bd8ede6b5,fallenstararena_quarter_03_c11r9.tgm.header,Tiny.VE,26877877,264
3e4c0cd437e26f98,fallenstararena_quarter_03_c11r1.tgm,Tiny.V0,27206725,963
630e0f8a868149d3,fallenstararena_quarter_03_c11r1.tgm.header,Tiny.V2,27075281,264
d8601b4510b0ceb2,fallenstararena_quarter_03_c11r10.tgm,Tiny.V9,27389849,595
513c63d8bfdbdc2c,fallenstararena_quarter_03_c11r10.tgm.header,Tiny.V6,26933753,264
5ceb010f3056d4ef,fallenstararena_quarter_03_c11r11.tgm,Streaming/Content/data/balance/worldareas/E4/mapuberboss_fallenstar.vworld,587262,54735
8ac23261e1e82147,fallenstararena_quarter_03_c11r11.tgm.header,Tiny.V3,26782925,264
4977332fe5fc8057,fallenstararena_quarter_03_c11r12.tgm,Tiny.V2,27075545,819
e1bf3f9d26e426a8,fallenstararena_quarter_03_c11r12.tgm.header,Tiny.VB,27137197,264
5c39d257f8b4cca8,fallenstararena_quarter_03_c11r13.tgm,Tiny.V4,27248559,517
f915b61f4980a69f,fallenstararena_quarter_03_c11r13.tgm.header,Tiny.VE,26875498,264
9ad6cea027725a1d,fallenstararena_quarter_03_c11r14.tgm,Streaming/Content/data/balance/worldareas/30/mapgreenhouse.vworld,407492,54415
db216831977ac80b,fallenstararena_quarter_03_c11r14.tgm.header,Tiny.V5,26513480,264
bf1c5f40ee4d6d55,fallenstararena_quarter_03_c11r15.tgm,Tiny.V5,26513744,609
2d7e28506759be17,fallenstararena_quarter_03_c11r15.tgm.header,Tiny.V7,26894861,264
c8f4cc7a93b65855,fallenstararena_quarter_03_c11r16.tgm,Tiny.V8,26957908,765
b818f80f58b6e7cd,fallenstararena_quarter_03_c11r16.tgm.header,Tiny.VA,27131816,264
27e410f801cdfbe1,fallenstararena_quarter_03_c11r17.tgm,Streaming/Content/data/balance/worldareas/FD/mapuberboss_fallenstar.vworld,1879318,54637
cca39b9c781d3b85,fallenstararena_quarter_03_c11r17.tgm.header,Tiny.V8,26958673,264
af83416eec8180a5,fallenstararena_quarter_03_c11r18.tgm,Tiny.VF,27092595,503
13bc3f31a6eae218,fallenstararena_quarter_03_c11r18.tgm.header,Tiny.V6,26934017,264
be27a3c43cbc0c91,fallenstararena_quarter_03_c11r19.tgm,Tiny.VD,26894925,851
7bd9bd7c82f0bf55,fallenstararena_quarter_03_c11r19.tgm.header,Tiny.V4,27249076,264
10b084e7af7a8c52,fallenstararena_quarter_03_c11r2.tgm,Streaming/Content/data/balance/worldareas/C8/mapuberboss_fallenstar.vworld,7262122,54407
fb4baea774613f36,fallenstararena_quarter_03_c11r2.tgm.header,Tiny.VF,27093098,264
90a01eafc39344a8,fallenstararena_quarter_03_c11r20.tgm,Streaming/Content/data/balance/worldareas/g1_5.vworld.1,527131,54461
6e505010f84a9b16,fallenstararena_quarter_03_c11r20.tgm.header,Tiny.V5,26514353,264
80226b5cb7002156,fallenstararena_quarter_03_c11r21.tgm,Tiny.V0,27207688,929
f2057eaaccbc2021,fallenstararena_quarter_03_c11r21.tgm.header,Tiny.V7,26895125,264
69fd8fdce306c42c,fallenstararena_quarter_03_c11r22.tgm,Tiny.V6,26934281,923
989ce4d07ba81a98,fallenstararena_quarter_03_c11r22.tgm.header,Tiny.V7,26895389,264
7b4e00680820cdc3,fallenstararena_quarter_03_c11r23.tgm,Streaming/Content/data/balance/worldareas/7B/mapuberboss_fallenstar.vworld,2674088,54697
1316a3c3907de052,fallenstararena_quarter_03_c11r23.tgm.header,Tiny.V9,27390444,264
0877e5da3c06780c,fallenstararena_quarter_03_c11r24.tgm,Tiny.VE,26875762,1587
eb4ebfc414180927,fallenstararena_quarter_03_c11r24.tgm.header,Tiny.V3,26783189,264
81a92721428686f5,fallenstararena_quarter_03_c11r25.tgm,Tiny.V0,27208617,3267
d00816d76c6932d7,fallenstararena_quarter_03_c11r25.tgm.header,Tiny.V6,26935204,264
6fd155c97338323d,fallenstararena_quarter_03_c11r26.tgm,Streaming/Content/data/balance/worldareas/66/mapuberboss_fallenstar.vworld,1935965,64009
e64a49453b2e56a9,fallenstararena_quarter_03_c11r26.tgm.header,Tiny.VE,26877349,264
cb3a35133dc5b71b,fallenstararena_quarter_03_c11r27.tgm,Tiny.VB,27137461,3951
37b6687c4f4346eb,fallenstararena_quarter_03_c11r27.tgm.header,Tiny.V7,26895653,264
3c7010977ddd7dda,fallenstararena_quarter_03_c11r28.tgm,Tiny.V0,27211884,3873
1a8e2f0d9efe7676,fallenstararena_quarter_03_c11r28.tgm.header,Tiny.VB,27141412,264
a230164a63c8d1b3,fallenstararena_quarter_03_c11r29.tgm,Streaming/Content/data/balance/worldareas/07/mapuberboss_fallenstar.vworld,6155036,63207
7cdd8c16fad6102b,fallenstararena_quarter_03_c11r29.tgm.header,Tiny.VE,26877613,264
26c7cc8b4fa1382c,fallenstararena_quarter_03_c11r3.tgm,Tiny.V9,27390708,523
7f1ce8650307c2a0,fallenstararena_quarter_03_c11r3.tgm.header,Tiny.V0,27215757,264
72596b3eea9f23f4,fallenstararena_quarter_03_c11r30.tgm,Tiny.V1,26904465,3409
1bf5f1888d9cfafe,fallenstararena_quarter_03_c11r30.tgm.header,Tiny.VA,27132080,264
66887d1505414116,fallenstararena_quarter_03_c11r31.tgm,Tiny.VC,27115237,3827
54fccafa04e9f7ac,fallenstararena_quarter_03_c11r31.tgm.header,Tiny.VC,27119064,264
c325295075b7f82b,fallenstararena_quarter_03_c11r32.tgm,Streaming/Content/data/balance/worldareas/8E/mapprecursortowerdesert.vworld,1082163,63983
13eb91ae475958be,fallenstararena_quarter_03_c11r32.tgm.header,Tiny.VC,27119328,264
2993b076cd2a6f73,fallenstararena_quarter_03_c11r33.tgm,Tiny.VF,27093362,3105
eff07ba344085bbf,fallenstararena_quarter_03_c11r33.tgm.header,Tiny.V9,27391231,264
4a43bedf570880d3,fallenstararena_quarter_03_c10r4.tgm,Tiny.V2,27074942,339
0a3fcecbf930c27a,fallenstararena_quarter_03_c10r4.tgm.header,Tiny.V5,26513216,264
403628a669e007ba,fallenstararena_quarter_03_c10r5.tgm,Tiny.V0,27205533,503
12acae0a3cd3934d,fallenstararena_quarter_03_c10r5.tgm.header,Tiny.V9,27389585,264
1567db92d12987aa,fallenstararena_quarter_03_c10r6.tgm,Tiny.V0,27206036,425
13a5f00cf1c5a584,fallenstararena_quarter_03_c10r6.tgm.header,Tiny.VA,27131552,264
fff0b050215a25e3,fallenstararena_quarter_03_c10r7.tgm,Tiny.V7,26894146,451
d49bd655bb7888f0,fallenstararena_quarter_03_c10r7.tgm.header,Tiny.V0,27206461,264
d43dc5e499fed848,fallenstararena_quarter_03_c10r8.tgm,Tiny.VC,27114336,901
a6cf6bf2c70819de,fallenstararena_quarter_03_c10r8.tgm.header,Tiny.V7,26894597,264
64c41d742d8cb3c9,fallenstararena_quarter_03_c10r9.tgm,Tiny.V3,26781978,947
5ca3dc57a12663f8,fallenstararena_quarter_03_c10r9.tgm.header,Tiny.VE,26875234,264
16a74670cf651544,fallenstararena_quarter_03_c10r1.tgm,Tiny.VB,27133843,799
20f2e923d079edab,fallenstararena_quarter_03_c10r1.tgm.header,Tiny.V8,26953619,264
3003278020df6d77,fallenstararena_quarter_03_c10r10.tgm,Tiny.V6,26925234,503
0c4f2a6846014c4c,fallenstararena_quarter_03_c10r10.tgm.header,Tiny.V2,27073822,264
5d21e36476178f04,fallenstararena_quarter_03_c10r11.tgm,Tiny.V0,27203689,713
0ab7a1ab8c512380,fallenstararena_quarter_03_c10r11.tgm.header,Tiny.V5,26512688,264
5a3d06b159d456fb,fallenstararena_quarter_03_c10r12.tgm,Tiny.VF,27090230,595
e51099ce8156cf52,fallenstararena_quarter_03_c10r12.tgm.header,Tiny.V6,26925737,264
73bda14e3fc20783,fallenstararena_quarter_03_c10r13.tgm,Tiny.VD,26893110,495
3e98b696d4f3a73a,fallenstararena_quarter_03_c10r13.tgm.header,Tiny.VF,27090825,264
136d4f55ca61f894,fallenstararena_quarter_03_c10r14.tgm,Tiny.V9,27388702,883
327fc02b33ee4b97,fallenstararena_quarter_03_c10r14.tgm.header,Tiny.VD,26893605,264
fa69448c88189dd1,fallenstararena_quarter_03_c10r15.tgm,Tiny.VF,27091089,839
e22a06657b7ea77a,fallenstararena_quarter_03_c10r15.tgm.header,Tiny.V4,27247503,264
5a9cba2c2444bb5e,fallenstararena_quarter_03_c10r16.tgm,Tiny.V8,26953883,609
e9333a39d55e5769,fallenstararena_quarter_03_c10r16.tgm.header,Tiny.VA,27130719,264
b6f6e624eb3ff8f3,fallenstararena_quarter_03_c10r17.tgm,Tiny.V8,26954492,477
55202c9393e783b1,fallenstararena_quarter_03_c10r17.tgm.header,Tiny.V4,27247767,264
7cf3697a0d9fef9c,fallenstararena_quarter_03_c10r18.tgm,Tiny.VA,27130983,569
a4de3ac9b6e46141,fallenstararena_quarter_03_c10r18.tgm.header,Tiny.V4,27248031,264
8e34a90228d83083,fallenstararena_quarter_03_c10r19.tgm,Tiny.V7,26889702,885
6a4e6b27d85ad5ef,fallenstararena_quarter_03_c10r19.tgm.header,Tiny.VD,26893869,264
b8585b5f876d9f5d,fallenstararena_quarter_03_c10r2.tgm,Tiny.V0,27204402,339
8cbb609f5f1fb796,fallenstararena_quarter_03_c10r2.tgm.header,Tiny.V3,26778548,264
441e4b6e3fe70942,fallenstararena_quarter_03_c10r20.tgm,Tiny.V2,27074086,431
45cabbe64e4dbae4,fallenstararena_quarter_03_c10r20.tgm.header,Tiny.V7,26890587,264
0e9d805e8be43d46,fallenstararena_quarter_03_c10r21.tgm,Tiny.VC,27113100,509
bf171b2021380aa1,fallenstararena_quarter_03_c10r21.tgm.header,Tiny.V3,26778812,264
9a39085140de1894,fallenstararena_quarter_03_c10r22.tgm,Tiny.V6,26926001,503
da4aa5ccf8ec88bf,fallenstararena_quarter_03_c10r22.tgm.header,Tiny.V7,26890851,264
c6366bcab510a15a,fallenstararena_quarter_03_c10r23.tgm,Tiny.VF,27091928,667
b487f38bfb3e1d0a,fallenstararena_quarter_03_c10r23.tgm.header,Tiny.V0,27204741,264
9ed0f51cf07fbf64,fallenstararena_quarter_03_c10r24.tgm,Tiny.VC,27113609,727
f5d1157ba8194c93,fallenstararena_quarter_03_c10r24.tgm.header,Tiny.VC,27200787,264
25ed8b3475da6ed3,fallenstararena_quarter_03_c10r25.tgm,Tiny.V3,26779076,1149
d3ac380edca0764e,fallenstararena_quarter_03_c10r25.tgm.header,Tiny.VD,26894133,264
26c6b1609373dd75,fallenstararena_quarter_03_c10r26.tgm,Tiny.VE,26872915,2319
a60182157b8b71a0,fallenstararena_quarter_03_c10r26.tgm.header,Tiny.V0,27205005,264
c583365011a64d69,fallenstararena_quarter_03_c10r27.tgm,Tiny.V8,26954969,2411
03420b844b437f8c,fallenstararena_quarter_03_c10r27.tgm.header,Tiny.V6,26926504,264
93d5f92f57d8ee58,fallenstararena_quarter_03_c10r28.tgm,Tiny.V3,26780225,1753
21e22dc2b8b31238,fallenstararena_quarter_03_c10r28.tgm.header,Tiny.VD,26894397,264
78893b7fd78112c4,fallenstararena_quarter_03_c10r29.tgm,Tiny.V6,26926768,1677
48fcd6c5aaefff98,fallenstararena_quarter_03_c10r29.tgm.header,Tiny.VD,26894661,264
992624c7ad9024de,fallenstararena_quarter_03_c10r3.tgm,Tiny.V2,27074517,425
e5a15f81549df836,fallenstararena_quarter_03_c10r3.tgm.header,Tiny.V4,27248295,264
7f1a9e4705bd3346,fallenstararena_quarter_03_c10r30.tgm,Tiny.V6,26928445,2179
bbf534e955cafc43,fallenstararena_quarter_03_c10r30.tgm.header,Tiny.V8,26957380,264
6b1764c74b4eaaef,fallenstararena_quarter_03_c10r31.tgm,Tiny.V6,26930624,3129
487ef78da3034619,fallenstararena_quarter_03_c10r31.tgm.header,Tiny.V8,26957644,264
6606d8e0e8e798ea,fallenstararena_quarter_03_c10r32.tgm,Tiny.V7,26891115,3031
4e60a640ee3e40a7,fallenstararena_quarter_03_c10r32.tgm.header,Tiny.V0,27205269,264
3910035c01fb8aa7,fallenstararena_quarter_03_c10r33.tgm,Tiny.VB,27134642,2555
90678fee1cdacffc,fallenstararena_quarter_03_c10r33.tgm.header,Tiny.V5,26512952,264
3154a8b8022a5969,fallenstararena_quarter_03_c1r4.tgm,Tiny.VB,27172671,889
466d7633edb02fc8,fallenstararena_quarter_03_c1r4.tgm.header,Tiny.V9,27417834,264
21610ac20282dc2a,fallenstararena_quarter_03_c1r5.tgm,Tiny.V1,26920946,679
cfe8425d1fa948b8,fallenstararena_quarter_03_c1r5.tgm.header,Tiny.V9,27418098,264
5bbc79c58f7ad94f,fallenstararena_quarter_03_c1r6.tgm,Tiny.VB,27173560,561
cb1ad35ca6d16aa4,fallenstararena_quarter_03_c1r6.tgm.header,Tiny.V9,27418362,264
e5dccf44e8208821,fallenstararena_quarter_03_c1r7.tgm,Tiny.VE,26898679,705
2f7e4fac111a0b74,fallenstararena_quarter_03_c1r7.tgm.header,Tiny.VA,27150585,264
4b80b0da0f743ff9,fallenstararena_quarter_03_c1r8.tgm,Tiny.VD,26917977,757
a45854a9fa6b59c5,fallenstararena_quarter_03_c1r8.tgm.header,Tiny.VC,27149277,264
7ff34f0a883e5bec,fallenstararena_quarter_03_c1r9.tgm,Tiny.V4,27278818,567
3bbd57f653d1e97b,fallenstararena_quarter_03_c1r9.tgm.header,Tiny.V4,27279385,264
9ffaf62b419a819d,fallenstararena_quarter_03_c1r1.tgm,Tiny.V8,26978153,919
ec45a38c31d3921c,fallenstararena_quarter_03_c1r1.tgm.header,Tiny.V4,27276087,264
9f79a8e4cf1a1adf,fallenstararena_quarter_03_c1r10.tgm,Tiny.V1,26919122,855
c95bd8c1f540bd7a,fallenstararena_quarter_03_c1r10.tgm.header,Tiny.V6,26955952,264
4614bb602f4c32c7,fallenstararena_quarter_03_c1r11.tgm,Tiny.VE,26897346,805
1e8c236957dbfac1,fallenstararena_quarter_03_c1r11.tgm.header,Tiny.V9,27415550,264
c8ea25b549b22191,fallenstararena_quarter_03_c1r12.tgm,Tiny.V6,26956216,779
67100aeabf852a8e,fallenstararena_quarter_03_c1r12.tgm.header,Tiny.V9,27415814,264
9085f855a525895e,fallenstararena_quarter_03_c1r13.tgm,Tiny.V1,26919977,969
00a1974bbe3442b0,fallenstararena_quarter_03_c1r13.tgm.header,Tiny.V5,26537776,264
66375578a04c18ec,fallenstararena_quarter_03_c1r14.tgm,Tiny.V2,27107256,773
af953f18b4e66100,fallenstararena_quarter_03_c1r14.tgm.header,Tiny.VC,27147395,264
d4408f302257cedd,fallenstararena_quarter_03_c1r15.tgm,Tiny.V9,27416078,765
1c73091d1b54b1fb,fallenstararena_quarter_03_c1r15.tgm.header,Tiny.V9,27416843,264
49c34a1fc056dd6f,fallenstararena_quarter_03_c1r16.tgm,Tiny.V4,27276351,1055
6261e55dec60a689,fallenstararena_quarter_03_c1r16.tgm.header,Tiny.V9,27417107,264
475edd7ccf925586,fallenstararena_quarter_03_c1r17.tgm,Tiny.V5,26538040,845
6185ecf99b2379db,fallenstararena_quarter_03_c1r17.tgm.header,Tiny.V5,26538885,264
65788cabf68b62fe,fallenstararena_quarter_03_c1r18.tgm,Tiny.V6,26956995,615
136fd348ae2d9a8b,fallenstararena_quarter_03_c1r18.tgm.header,Tiny.V2,27108029,264
629612b49db62428,fallenstararena_quarter_03_c1r19.tgm,Tiny.V2,27108293,785
a713768c37acf651,fallenstararena_quarter_03_c1r19.tgm.header,Tiny.V5,26539149,264
ad907e113bd0b929,fallenstararena_quarter_03_c1r2.tgm,Tiny.VB,27171912,759
d45919700f166be1,fallenstararena_quarter_03_c1r2.tgm.header,Tiny.V0,27246957,264
58fb64f13f708fae,fallenstararena_quarter_03_c1r20.tgm,Tiny.VD,26916661,793
938b99e23add229d,fallenstararena_quarter_03_c1r20.tgm.header,Tiny.V8,26979072,264
c3379d09df3c2de6,fallenstararena_quarter_03_c1r21.tgm,Tiny.VC,27147659,635
89cb887ecb74d6c4,fallenstararena_quarter_03_c1r21.tgm.header,Tiny.V8,26979336,264
0a1c791bf7b3442d,fallenstararena_quarter_03_c1r22.tgm,Tiny.VC,27148294,719
b84aaacdd4641ab0,fallenstararena_quarter_03_c1r22.tgm.header,Tiny.V7,26919463,264
705e7eb523640a50,fallenstararena_quarter_03_c1r23.tgm,Tiny.V7,26919727,705
9064b8f345dfd191,fallenstararena_quarter_03_c1r23.tgm.header,Tiny.V3,26799983,264
77d1bdb072dcf615,fallenstararena_quarter_03_c1r24.tgm,Tiny.V8,26979600,509
5744e8064a97dddf,fallenstararena_quarter_03_c1r24.tgm.header,Tiny.V0,27247221,264
4a9484d12bee36f5,fallenstararena_quarter_03_c1r25.tgm,Tiny.V5,26539413,699
c66ae8c1bf959ce0,fallenstararena_quarter_03_c1r25.tgm.header,Tiny.VE,26898151,264
0d3a5c5b33713f49,fallenstararena_quarter_03_c1r26.tgm,Tiny.V4,27277406,779
684f9a52994047dd,fallenstararena_quarter_03_c1r26.tgm.header,Tiny.V6,26957610,264
c78be74cde4f50c7,fallenstararena_quarter_03_c1r27.tgm,Tiny.VF,27130805,595
0098a7b3fc46d312,fallenstararena_quarter_03_c1r27.tgm.header,Tiny.V8,26980109,264
b86185065d8392ed,fallenstararena_quarter_03_c1r28.tgm,Tiny.V4,27278185,633
f41ebbb22dbc06b8,fallenstararena_quarter_03_c1r28.tgm.header,Tiny.V0,27247485,264
881260dddc14807c,fallenstararena_quarter_03_c1r29.tgm,Tiny.V2,27109078,673
4242e2e65aff4da6,fallenstararena_quarter_03_c1r29.tgm.header,Tiny.VE,26898415,264
ea19fef86ce280b9,fallenstararena_quarter_03_c1r3.tgm,Tiny.V6,26957874,947
75d807c4e29316d8,fallenstararena_quarter_03_c1r3.tgm.header,Tiny.VC,27149013,264
7ee7893e34e66d23,fallenstararena_quarter_03_c1r30.tgm,Tiny.V9,27417371,463
7817498dc23c1a81,fallenstararena_quarter_03_c1r30.tgm.header,Tiny.V2,27109751,264
b9374e85a9a58531,fallenstararena_quarter_03_c1r31.tgm,Tiny.V2,27110015,601
e4faee4f3534dbcf,fallenstararena_quarter_03_c1r31.tgm.header,Tiny.V0,27247749,264
8b8710107f2e4ed8,fallenstararena_quarter_03_c1r32.tgm,Tiny.V7,26920432,733
88ddd572da27f546,fallenstararena_quarter_03_c1r32.tgm.header,Tiny.V7,26921165,264
f8c01cb94d456e6f,fallenstararena_quarter_03_c1r33.tgm,Tiny.VD,26917454,523
6bd2027b23936229,fallenstararena_quarter_03_c1r33.tgm.header,Tiny.V8,26980373,264
2f200511e0e7787a,fallenstararena_quarter_04_c9r4.tgm,Tiny.VF,27260615,655
5a638b75b5142375,fallenstararena_quarter_04_c9r4.tgm.header,Tiny.V3,26905792,264
81677c61541e9857,fallenstararena_quarter_04_c9r5.tgm,Tiny.V9,27590972,681
764cbab86dbc837a,fallenstararena_quarter_04_c9r5.tgm.header,Tiny.V1,27105354,264
f3e79ee608b927fd,fallenstararena_quarter_04_c9r6.tgm,Tiny.V7,27083099,727
46143a91a7f0b6b9,fallenstararena_quarter_04_c9r6.tgm.header,Tiny.VB,27327364,264
ed889ca9fa10be49,fallenstararena_quarter_04_c9r7.tgm,Tiny.V9,27591653,563
e61bf8c59c688c78,fallenstararena_quarter_04_c9r7.tgm.header,Tiny.VC,27277364,264
1aa133f1e54267f6,fallenstararena_quarter_04_c9r8.tgm,Tiny.VB,27327628,379
0467518bcdbe846e,fallenstararena_quarter_04_c9r8.tgm.header,Tiny.V2,27245961,264
5c2358bde1b259e6,fallenstararena_quarter_04_c9r9.tgm,Tiny.V1,27105618,589
5eb9267d9bb61898,fallenstararena_quarter_04_c9r9.tgm.header,Tiny.V0,27391014,264
3cf81919da612f45,fallenstararena_quarter_04_c9r1.tgm,Tiny.V4,27442914,793
3de51b2d08d58630,fallenstararena_quarter_04_c9r1.tgm.header,Tiny.VD,27073484,264
42f5c889e860e6c6,fallenstararena_quarter_04_c9r10.tgm,Streaming/Content/data/balance/worldareas/5E/mapuberboss_fallenstar.vworld,750387,133933
7a3002b68a68e29f,fallenstararena_quarter_04_c9r10.tgm.header,Tiny.V7,27082571,264
1ce4be3eee961ee5,fallenstararena_quarter_04_c9r11.tgm,Tiny.V4,27443707,3199
d5c4f5db569e940e,fallenstararena_quarter_04_c9r11.tgm.header,Tiny.VB,27326836,264
a856106aa4cfc967,fallenstararena_quarter_04_c9r12.tgm,Tiny.V5,26665098,2667
0461989aec75ca58,fallenstararena_quarter_04_c9r12.tgm.header,Tiny.VA,27331909,264
716764bf2be06b4f,fallenstararena_quarter_04_c9r13.tgm,Tiny.V0,27385958,1793
ee9205b5bcf66e93,fallenstararena_quarter_04_c9r13.tgm.header,Tiny.VC,27273873,264
5a93921228bbf587,fallenstararena_quarter_04_c9r14.tgm,Streaming/Content/data/balance/worldareas/A8/mapuberboss_fallenstar.vworld,8188425,6419
30fe0ee998bc3b34,fallenstararena_quarter_04_c9r14.tgm.header,Tiny.V2,27245697,264
53a05560cd204dd7,fallenstararena_quarter_04_c9r15.tgm,Streaming/Content/data/balance/worldareas/B1/g2_6.vworld,680701,7907
fd1097fefab5c66b,fallenstararena_quarter_04_c9r15.tgm.header,Tiny.V0,27387751,290
bc61c0d997a717bc,fallenstararena_quarter_04_c9r16.tgm,Streaming/Content/data/balance/worldareas/5F/mapuberboss_fallenstar.vworld,747089,7819
5550fc2878e068b6,fallenstararena_quarter_04_c9r16.tgm.header,Tiny.VE,27048154,264
a31c3ed30a405ca7,fallenstararena_quarter_04_c9r17.tgm,Streaming/Content/data/balance/worldareas/E3/mapuberboss_fallenstar.vworld,10849589,274731
35a59c43a4e763a3,fallenstararena_quarter_04_c9r17.tgm.header,Tiny.V0,27388041,264
fcd63444680a1c52,fallenstararena_quarter_04_c9r18.tgm,Tiny.V1,27103973,1117
9d56b1ab99c4453f,fallenstararena_quarter_04_c9r18.tgm.header,Tiny.V9,27586989,264
6d5080f96e7954df,fallenstararena_quarter_04_c9r19.tgm,Streaming/Content/data/balance/worldareas/D8/expeditionsubarea_blackknightboss.vworld,151203,253683
03f47f93257f5c0d,fallenstararena_quarter_04_c9r19.tgm.header,Tiny.V1,27105090,264
fe2328118e27a62a,fallenstararena_quarter_04_c9r2.tgm,Tiny.VD,27073748,405
785fae7811a163ac,fallenstararena_quarter_04_c9r2.tgm.header,Tiny.V6,27112742,264
9d3040225355fd5c,fallenstararena_quarter_04_c9r20.tgm,Tiny.VE,27048418,2925
24c5041b335cd684,fallenstararena_quarter_04_c9r20.tgm.header,Tiny.VF,27259326,264
c670aa8c988ed7f8,fallenstararena_quarter_04_c9r21.tgm,Tiny.V3,26902763,3029
802d557343b11c4d,fallenstararena_quarter_04_c9r21.tgm.header,Tiny.VA,27332173,264
874b8c526408af59,fallenstararena_quarter_04_c9r22.tgm,Tiny.V0,27388305,2709
b68c0a506da64f30,fallenstararena_quarter_04_c9r22.tgm.header,Tiny.V9,27587253,264
1ae79d6df521d347,fallenstararena_quarter_04_c9r23.tgm,Tiny.V9,27587517,2927
a6b37dcf5d2bf74a,fallenstararena_quarter_04_c9r23.tgm.header,Tiny.VA,27332437,264
46f77246fd8f13df,fallenstararena_quarter_04_c9r24.tgm,Tiny.V8,27135318,2545
8375d25c19fc4569,fallenstararena_quarter_04_c9r24.tgm.header,Tiny.VA,27332701,264
3eb4546807c24e4f,fallenstararena_quarter_04_c9r25.tgm,Tiny.V5,26667765,2533
b809f95c582a5496,fallenstararena_quarter_04_c9r25.tgm.header,Tiny.VE,27051343,264
a985e56d777cf98e,fallenstararena_quarter_04_c9r26.tgm,Tiny.V5,26670298,2863
bd95b003b4566773,fallenstararena_quarter_04_c9r26.tgm.header,Tiny.VB,27327100,264
ddec18ee40d2a871,fallenstararena_quarter_04_c9r27.tgm,Streaming/Content/data/balance/worldareas/8C/mapuberboss_fallenstar.vworld,317618,4361
e21c5012a00a1056,fallenstararena_quarter_04_c9r27.tgm.header,Tiny.V5,26673161,264
62b38611d9ab4d97,fallenstararena_quarter_04_c9r28.tgm,Streaming/Content/data/balance/worldareas/EE/mapuberboss_fallenstar.vworld,6724002,5001
fcb3e1fcdc27da92,fallenstararena_quarter_04_c9r28.tgm.header,Tiny.VF,27259590,264
6a447dabf9182b43,fallenstararena_quarter_04_c9r29.tgm,Streaming/Content/data/balance/worldareas/71/bossrush_area3.vworld.1,398158,5725
52cce11902595a19,fallenstararena_quarter_04_c9r29.tgm.header,Tiny.V9,27590444,264
f0405f4ad8e1a606,fallenstararena_quarter_04_c9r3.tgm,Tiny.VF,27259854,497
612eb9ea78200963,fallenstararena_quarter_04_c9r3.tgm.header,Tiny.VC,27274137,264
1009ab5b682f97be,fallenstararena_quarter_04_c9r30.tgm,Streaming/Content/data/balance/worldareas/87/g3_1.vworld,381425,7397
3bbcedd5deb767af,fallenstararena_quarter_04_c9r30.tgm.header,Tiny.VF,27260351,264
81d1409b40bd0907,fallenstararena_quarter_04_c9r31.tgm,Streaming/Content/data/balance/worldareas/78/mapuberboss_fallenstar.vworld,5095130,6035
ab960716b7dbeb24,fallenstararena_quarter_04_c9r31.tgm.header,Tiny.V7,27082835,264
427b684976e5d9d6,fallenstararena_quarter_04_c9r32.tgm,Tiny.VC,27274401,2963
5ec1703bc362240d,fallenstararena_quarter_04_c9r32.tgm.header,Tiny.V9,27590708,264
45d46a5a70767d6b,fallenstararena_quarter_04_c9r33.tgm,Tiny.VA,27332965,1959
d7abf27c7bee6e2d,fallenstararena_quarter_04_c9r33.tgm.header,Tiny.V6,27113006,264
b96ffffb3b5c5ccc,fallenstararena_quarter_04_c8r4.tgm,Tiny.V7,27081976,595
a6deb7decdb91812,fallenstararena_quarter_04_c8r4.tgm.header,Tiny.V9,27586461,264
ee46ebb2fb040ea6,fallenstararena_quarter_04_c8r5.tgm,Tiny.VC,27273186,687
dc2ebd795789cf00,fallenstararena_quarter_04_c8r5.tgm.header,Tiny.V5,26664834,264
f68a48329116e5a5,fallenstararena_quarter_04_c8r6.tgm,Tiny.VD,27072823,661
dd309e7bfd8f6200,fallenstararena_quarter_04_c8r6.tgm.header,Tiny.V9,27586725,264
ab92c23da8c2dbf0,fallenstararena_quarter_04_c8r7.tgm,Tiny.VF,27258613,713
fb4eaf604dab21fd,fallenstararena_quarter_04_c8r7.tgm.header,Tiny.V4,27442650,264
8162ccabd1c426d0,fallenstararena_quarter_04_c8r8.tgm,Tiny.V1,27103502,471
0030e37419814966,fallenstararena_quarter_04_c8r8.tgm.header,Tiny.VD,27029512,264
83efcf73ce8f2de2,fallenstararena_quarter_04_c8r9.tgm,Tiny.VB,27326017,819
68edb9a8aa9cd517,fallenstararena_quarter_04_c8r9.tgm.header,Tiny.V6,27112478,264
6a9a8141b4c8b874,fallenstararena_quarter_04_c8r1.tgm,Tiny.V8,27132726,589
7ccd04fa0fe23f90,fallenstararena_quarter_04_c8r1.tgm.header,Tiny.VD,27071910,264
fb3d098942e83d26,fallenstararena_quarter_04_c8r10.tgm,Tiny.V8,27133315,1475
bdb7caddd0ad7401,fallenstararena_quarter_04_c8r10.tgm.header,Tiny.V4,27436406,264
53a6abcb08f2cf2e,fallenstararena_quarter_04_c8r11.tgm,Tiny.V6,27105346,3753
0a7bc8f3f2cad2e0,fallenstararena_quarter_04_c8r11.tgm.header,Tiny.V4,27436670,264
25d3641703362f3e,fallenstararena_quarter_04_c8r12.tgm,Tiny.VB,27317244,2461
a434b9275f4c6840,fallenstararena_quarter_04_c8r12.tgm.header,Tiny.V6,27109099,264
5d1d469f72cdb762,fallenstararena_quarter_04_c8r13.tgm,Streaming/Content/data/balance/worldareas/F3/mapuberboss_fallenstar.vworld,3477019,276607
cbc4756f15b49aa3,fallenstararena_quarter_04_c8r13.tgm.header,Tiny.V5,26663224,290
c0b83a6c734297b8,fallenstararena_quarter_04_c8r14.tgm,Streaming/Content/data/balance/worldareas/30/mapgreenhouse.vworld,525053,9577
716e3aa88374995c,fallenstararena_quarter_04_c8r14.tgm.header,Tiny.V4,27436934,264
0c62a4484074d0ea,fallenstararena_quarter_04_c8r15.tgm,Streaming/Content/data/balance/worldareas/8C/mapuberboss_fallenstar.vworld,305605,12013
d92df7e82be076b4,fallenstararena_quarter_04_c8r15.tgm.header,Tiny.VC,27272632,290
a6eac55be3c25d58,fallenstararena_quarter_04_c8r16.tgm,Streaming/Content/data/balance/worldareas/F6/mapport.vworld,588954,6025
a5bac7ec2540ad9d,fallenstararena_quarter_04_c8r16.tgm.header,Tiny.V7,27080623,264
cbf475b7bf9775ef,fallenstararena_quarter_04_c8r17.tgm,Tiny.VB,27319705,1247
dd8d78f8428e51ad,fallenstararena_quarter_04_c8r17.tgm.header,Tiny.VE,27044971,264
6a49d011a4138dd3,fallenstararena_quarter_04_c8r18.tgm,Tiny.VB,27320952,1163
fb20eb2ec0fb49dd,fallenstararena_quarter_04_c8r18.tgm.header,Tiny.VA,27331645,264
d77545c6a23706b6,fallenstararena_quarter_04_c8r19.tgm,Streaming/Content/data/balance/worldareas/04/mapuberboss_fallenstar.vworld,2168710,1044631
d338663531feda2a,fallenstararena_quarter_04_c8r19.tgm.header,Tiny.VF,27257946,403
7587131987a29c19,fallenstararena_quarter_04_c8r2.tgm,Tiny.VD,27072174,385
a7396f7c910532f9,fallenstararena_quarter_04_c8r2.tgm.header,Tiny.VF,27258349,264
8c5d4340dd573880,fallenstararena_quarter_04_c8r20.tgm,Tiny.VE,27045235,2919
d76d14db62fe8337,fallenstararena_quarter_04_c8r20.tgm.header,Tiny.V8,27134790,264
fb161a17c96d815f,fallenstararena_quarter_04_c8r21.tgm,Tiny.V3,26898419,3071
dc8c09b354433d3a,fallenstararena_quarter_04_c8r21.tgm.header,Tiny.V5,26663514,264
c2250d151db367dc,fallenstararena_quarter_04_c8r22.tgm,Tiny.V4,27437198,2783
c67f4c183d96a0ff,fallenstararena_quarter_04_c8r22.tgm.header,Tiny.V8,27135054,264
8a30b2f84536e372,fallenstararena_quarter_04_c8r23.tgm,Streaming/Content/data/balance/worldareas/12/mapuberboss_fallenstar.vworld,8969733,62633
97eb559194be1407,fallenstararena_quarter_04_c8r23.tgm.header,Tiny.V9,27586197,264
89d1849c3b1f2756,fallenstararena_quarter_04_c8r24.tgm,Tiny.V4,27439981,2669
9333edf4fa6c4927,fallenstararena_quarter_04_c8r24.tgm.header,Tiny.V5,26663778,264
9e1c51457e28d785,fallenstararena_quarter_04_c8r25.tgm,Tiny.VB,27322115,3619
5722998e50efd1dd,fallenstararena_quarter_04_c8r25.tgm.header,Tiny.VC,27272922,264
efd6e6bba3293c71,fallenstararena_quarter_04_c8r26.tgm,Streaming/Content/data/balance/worldareas/A3/mapuberboss_fallenstar.vworld,1708455,63651
732dfaa4e43d799e,fallenstararena_quarter_04_c8r26.tgm.header,Tiny.VD,27072559,264
830f3d3f2ef48b2f,fallenstararena_quarter_04_c8r27.tgm,Streaming/Content/data/balance/worldareas/F0/mapuberboss_fallenstar.vworld,2014657,4339
99d59f87cfa422f3,fallenstararena_quarter_04_c8r27.tgm.header,Tiny.V0,27385694,264
dd110726afc9b2cf,fallenstararena_quarter_04_c8r28.tgm,Streaming/Content/data/balance/worldareas/F6/mapport.vworld,594979,7227
b72d99273b724e37,fallenstararena_quarter_04_c8r28.tgm.header,Tiny.V5,26664042,264
954b8fa4c9b38c6d,fallenstararena_quarter_04_c8r29.tgm,Streaming/Content/data/balance/worldareas/6E/mapmothersoul_male_quest.vworld,354516,67431
cfada6c5038c0ede,fallenstararena_quarter_04_c8r29.tgm.header,Tiny.VB,27325734,283
97e5c2b665ecbeaf,fallenstararena_quarter_04_c8r3.tgm,Tiny.V7,27080887,561
ce2d028f43e5b558,fallenstararena_quarter_04_c8r3.tgm.header,Tiny.V7,27081448,264
648f8a47a7c7d343,fallenstararena_quarter_04_c8r30.tgm,Streaming/Content/data/balance/worldareas/D6/mapuberboss_fallenstar.vworld,7885151,5607
1f0a5c3bec3579d0,fallenstararena_quarter_04_c8r30.tgm.header,Tiny.V2,27245433,264
fc6635e07b186482,fallenstararena_quarter_04_c8r31.tgm,Tiny.V6,27109363,3115
fe011e69e6dd3cfd,fallenstararena_quarter_04_c8r31.tgm.header,Tiny.V5,26664306,264
431569dd2a84605c,fallenstararena_quarter_04_c8r32.tgm,Streaming/Content/data/balance/worldareas/70/mapuberboss_fallenstar.vworld,7978573,62459
7c0c9f07436b9de3,fallenstararena_quarter_04_c8r32.tgm.header,Tiny.V5,26664570,264
f105c9200309a05a,fallenstararena_quarter_04_c8r33.tgm,Tiny.V3,26901490,1273
10479156508bce1b,fallenstararena_quarter_04_c8r33.tgm.header,Tiny.V7,27081712,264
7022f3a8d1686ca1,fallenstararena_quarter_04_c7r4.tgm,Tiny.VA,27330522,595
65a480274432e104,fallenstararena_quarter_04_c7r4.tgm.header,Tiny.VA,27331117,264
edcbfe6e2348587a,fallenstararena_quarter_04_c7r5.tgm,Tiny.V0,27384783,647
6345558aac2a88fd,fallenstararena_quarter_04_c7r5.tgm.header,Tiny.VA,27331381,264
9f2703cfdcac1c44,fallenstararena_quarter_04_c7r6.tgm,Tiny.V9,27585726,471
39d9f5311acb0039,fallenstararena_quarter_04_c7r6.tgm.header,Tiny.V0,27385430,264
e5602a23e3acdb1a,fallenstararena_quarter_04_c7r7.tgm,Tiny.V2,27244864,569
bb5d575634cef1a4,fallenstararena_quarter_04_c7r7.tgm.header,Tiny.VC,27272368,264
c1880198f462e1c7,fallenstararena_quarter_04_c7r8.tgm,Tiny.V6,27104731,615
d33208dd1e3bd7f8,fallenstararena_quarter_04_c7r8.tgm.header,Tiny.VD,27071646,264
9ea3d1cdbe2d5c25,fallenstararena_quarter_04_c7r9.tgm,Tiny.V7,27079528,831
a1d156009afcfccc,fallenstararena_quarter_04_c7r9.tgm.header,Tiny.V7,27080359,264
fc9d0c0cc0a5fffd,fallenstararena_quarter_04_c7r1.tgm,Tiny.V6,27096904,957
068aed7f58356396,fallenstararena_quarter_04_c7r1.tgm.header,Tiny.VE,27038661,264
d94f8760a848076f,fallenstararena_quarter_04_c7r10.tgm,Tiny.V6,27097861,2525
05dedad010067721,fallenstararena_quarter_04_c7r10.tgm.header,Tiny.V8,27129132,264
409c46117618e52c,fallenstararena_quarter_04_c7r11.tgm,Tiny.VE,27038925,3609
6f0d4ad1a0442e37,fallenstararena_quarter_04_c7r11.tgm.header,Tiny.V4,27430168,264
d8c20572e7e6592d,fallenstararena_quarter_04_c7r12.tgm,Tiny.V9,27583435,2291
8acee53fc745ed9d,fallenstararena_quarter_04_c7r12.tgm.header,Tiny.VA,27325874,264
9215a36775a79d0c,fallenstararena_quarter_04_c7r13.tgm,Tiny.V0,27382192,2591
71bfcde0be1f39e1,fallenstararena_quarter_04_c7r13.tgm.header,Tiny.V3,26896568,264
e4c9908d73dd823f,fallenstararena_quarter_04_c7r14.tgm,Streaming/Content/data/balance/worldareas/23/mapuberboss_fallenstar.vworld,171595,7835
751494ee50f8c4c7,fallenstararena_quarter_04_c7r14.tgm.header,Tiny.VB,27314673,264
9c9728cc32402ebe,fallenstararena_quarter_04_c7r15.tgm,Streaming/Content/data/balance/worldareas/0D/mapuberboss_fallenstar.vworld,751995,25315
ee805d673602e5d1,fallenstararena_quarter_04_c7r15.tgm.header,Tiny.V1,27102710,264
803a897fd848d7a6,fallenstararena_quarter_04_c7r16.tgm,Tiny.V7,27073427,1677
07d6520a7258a601,fallenstararena_quarter_04_c7r16.tgm.header,Tiny.V4,27430432,264
ac4f0c118326edc5,fallenstararena_quarter_04_c7r17.tgm,Streaming/Content/data/balance/worldareas/73/mapuberboss_fallenstar.vworld,593572,431413
f17d01448ae420fb,fallenstararena_quarter_04_c7r17.tgm.header,Tiny.VB,27314937,264
82cb4ee7fcbf3a80,fallenstararena_quarter_04_c7r18.tgm,Tiny.V8,27129396,2187
8a952252cf99d395,fallenstararena_quarter_04_c7r18.tgm.header,Tiny.V8,27131583,264
9ba6fd96f8764c6d,fallenstararena_quarter_04_c7r19.tgm,Tiny.V6,27100386,3817
aefdd20e37efb254,fallenstararena_quarter_04_c7r19.tgm.header,Tiny.VA,27326138,264
e00f812380a7a8c5,fallenstararena_quarter_04_c7r2.tgm,Tiny.V7,27075104,609
5159e2d072eca3ef,fallenstararena_quarter_04_c7r2.tgm.header,Tiny.V6,27104203,264
ce71e976a00d60ea,fallenstararena_quarter_04_c7r20.tgm,Tiny.V7,27075713,3815
b94b7d155f00645c,fallenstararena_quarter_04_c7r20.tgm.header,Tiny.V2,27244336,264
6ac98ef80eeecf5a,fallenstararena_quarter_04_c7r21.tgm,Tiny.VA,27326402,2627
bbdec285ccef9713,fallenstararena_quarter_04_c7r21.tgm.header,Tiny.VD,27071118,264
75c9bf671e4c4e4f,fallenstararena_quarter_04_c7r22.tgm,Tiny.V4,27430696,2685
a9fbad515d219c9b,fallenstararena_quarter_04_c7r22.tgm.header,Tiny.V8,27131847,264
0589505ff471e297,fallenstararena_quarter_04_c7r23.tgm,Tiny.V4,27433381,3025
a69f8a43e7439ed6,fallenstararena_quarter_04_c7r23.tgm.header,Tiny.VD,27071382,264
dc6c982c9aaa43e2,fallenstararena_quarter_04_c7r24.tgm,Tiny.VC,27268671,3433
910c2c0712beb50e,fallenstararena_quarter_04_c7r24.tgm.header,Tiny.VB,27315201,264
b7b5676a6f18ac91,fallenstararena_quarter_04_c7r25.tgm,Streaming/Content/data/balance/worldareas/45/mapuberboss_fallenstar.vworld,1740368,4165
680e4de5b8423053,fallenstararena_quarter_04_c7r25.tgm.header,Tiny.V2,27244600,264
686ba06dfaf04c7e,fallenstararena_quarter_04_c7r26.tgm,Streaming/Content/data/balance/worldareas/F6/mapport.vworld,583945,5009
83e2f7375809d806,fallenstararena_quarter_04_c7r26.tgm.header,Tiny.VC,27272104,264
5f2a144968c574e6,fallenstararena_quarter_04_c7r27.tgm,Streaming/Content/data/balance/worldareas/17/mapuberboss_fallenstar.vworld,8518146,6105
41a760c7db457bc9,fallenstararena_quarter_04_c7r27.tgm.header,Tiny.VB,27315465,264
60eafb738baff0b4,fallenstararena_quarter_04_c7r28.tgm,Streaming/Content/data/balance/worldareas/62/mapuberboss_fallenstar.vworld,2241815,7957
5de372d39b5993c5,fallenstararena_quarter_04_c7r28.tgm.header,Tiny.V3,26896832,264
029ec984ef403934,fallenstararena_quarter_04_c7r29.tgm,Streaming/Content/data/balance/worldareas/73/mapuberboss_fallenstar.vworld,1024985,4347
9e87b010ee8d4fd0,fallenstararena_quarter_04_c7r29.tgm.header,Tiny.V1,27102974,264
e4997031611214e8,fallenstararena_quarter_04_c7r3.tgm,Tiny.V8,27132111,615
930c0a8e1d1c03db,fallenstararena_quarter_04_c7r3.tgm.header,Tiny.VE,27042534,264
d5ade009c13a7050,fallenstararena_quarter_04_c7r30.tgm,Tiny.VE,27042798,1909
80b543ce387b77c6,fallenstararena_quarter_04_c7r30.tgm.header,Tiny.VE,27044707,264
76289110135a087b,fallenstararena_quarter_04_c7r31.tgm,Tiny.VB,27315729,1515
a9ed8195f225a550,fallenstararena_quarter_04_c7r31.tgm.header,Tiny.V5,26662960,264
8349781f88b77b0d,fallenstararena_quarter_04_c7r32.tgm,Tiny.VA,27329029,1493
3ff975e125c9e0f2,fallenstararena_quarter_04_c7r32.tgm.header,Tiny.V6,27104467,264
8b20f17b7d553009,fallenstararena_quarter_04_c7r33.tgm,Tiny.V3,26897096,1323
c17463175024eff1,fallenstararena_quarter_04_c7r33.tgm.header,Tiny.V1,27103238,264
f708e2d51bfeb4ff,fallenstararena_quarter_04_c6r4.tgm,Tiny.V0,27381623,569
3dec88e203ab0f17,fallenstararena_quarter_04_c6r4.tgm.header,Tiny.VB,27314409,264
7e264584b9a615b8,fallenstararena_quarter_04_c6r5.tgm,Tiny.V9,27582530,641
b54b2af0131081a9,fallenstararena_quarter_04_c6r5.tgm.header,Tiny.VF,27257133,264
cdafde04b0ba3ddd,fallenstararena_quarter_04_c6r6.tgm,Tiny.V7,27072712,451
4bf55768a9593cbb,fallenstararena_quarter_04_c6r6.tgm.header,Tiny.V9,27583171,264
0de2f66834e8d7e0,fallenstararena_quarter_04_c6r7.tgm,Tiny.V3,26895987,581
2dbb0f015bf05fb3,fallenstararena_quarter_04_c6r7.tgm.header,Tiny.V2,27243808,264
3a23cc0cfd4432b1,fallenstararena_quarter_04_c6r8.tgm,Tiny.VD,27070661,457
b764098e9bd2e68b,fallenstararena_quarter_04_c6r8.tgm.header,Tiny.V7,27073163,264
6dc16127017867ea,fallenstararena_quarter_04_c6r9.tgm,Tiny.VF,27257397,549
e74bb81c60917571,fallenstararena_quarter_04_c6r9.tgm.header,Tiny.V2,27244072,264
550cf6507091b6f5,fallenstararena_quarter_04_c6r1.tgm,Tiny.V8,27125878,1029
22282eaf2c09a0f3,fallenstararena_quarter_04_c6r1.tgm.header,Tiny.V2,27235057,264
3173d14daa173ed7,fallenstararena_quarter_04_c6r10.tgm,Tiny.V2,27235321,2629
fc6a8f723da05480,fallenstararena_quarter_04_c6r10.tgm.header,Tiny.V0,27375739,264
b078f504c3aaad13,fallenstararena_quarter_04_c6r11.tgm,Tiny.V0,27376003,2881
bbf64c231c2e94ed,fallenstararena_quarter_04_c6r11.tgm.header,Tiny.VF,27256341,264
9466d634f8652ff7,fallenstararena_quarter_04_c6r12.tgm,Tiny.V0,27378884,2739
db8b831e2a307b97,fallenstararena_quarter_04_c6r12.tgm.header,Tiny.V8,27126907,264
5be46164500b59d3,fallenstararena_quarter_04_c6r13.tgm,Tiny.VD,27061134,3905
0a4668cb74b69d16,fallenstararena_quarter_04_c6r13.tgm.header,Tiny.VC,27262831,264
19ba32d787b042f7,fallenstararena_quarter_04_c6r14.tgm,Streaming/Content/data/balance/worldareas/C4/mapuberboss_fallenstar.vworld,13836201,10079
f3782b001938881b,fallenstararena_quarter_04_c6r14.tgm.header,Tiny.V3,26890987,290
9a8ff5032fe53304,fallenstararena_quarter_04_c6r15.tgm,Streaming/Content/data/balance/worldareas/1E/mapuberboss_fallenstar.vworld,75585,8235
a5d0156c19e14328,fallenstararena_quarter_04_c6r15.tgm.header,Tiny.V6,27095523,264
eb4cf6a26bbe6634,fallenstararena_quarter_04_c6r16.tgm,Tiny.V3,26891277,1327
34d7b582632ddcb8,fallenstararena_quarter_04_c6r16.tgm.header,Tiny.V1,27100063,264
11b848cb37446690,fallenstararena_quarter_04_c6r17.tgm,Tiny.V5,26661443,1517
128902e5d12707bf,fallenstararena_quarter_04_c6r17.tgm.header,Tiny.V1,27100327,264
b4f6f15be4110215,fallenstararena_quarter_04_c6r18.tgm,Tiny.VA,27319395,3155
70c078d42f504ff9,fallenstararena_quarter_04_c6r18.tgm.header,Tiny.V8,27127171,264
203054470585fd6a,fallenstararena_quarter_04_c6r19.tgm,Streaming/Content/data/balance/worldareas/14/mapuberboss_fallenstar.vworld,1999532,4465
d75047f0a6d9f04f,fallenstararena_quarter_04_c6r19.tgm.header,Tiny.VF,27256605,264
26a49b23cda42b3a,fallenstararena_quarter_04_c6r2.tgm,Tiny.V6,27095787,589
d704f84b17b7555e,fallenstararena_quarter_04_c6r2.tgm.header,Tiny.V7,27072184,264
aa10218b8931add5,fallenstararena_quarter_04_c6r20.tgm,Tiny.VD,27065039,3821
1dfa4fe2e88e36f8,fallenstararena_quarter_04_c6r20.tgm.header,Tiny.VC,27263095,264
abc927fb4a2cda2a,fallenstararena_quarter_04_c6r21.tgm,Tiny.VA,27322550,2499
8acb7c13712954b8,fallenstararena_quarter_04_c6r21.tgm.header,Tiny.V3,26892604,264
b1ff67260844cc72,fallenstararena_quarter_04_c6r22.tgm,Tiny.V2,27237950,2211
2a92e9898b10d337,fallenstararena_quarter_04_c6r22.tgm.header,Tiny.VD,27068860,264
8bcde23d92c904a3,fallenstararena_quarter_04_c6r23.tgm,Tiny.V3,26892868,2855
0f7173ffb74380be,fallenstararena_quarter_04_c6r23.tgm.header,Tiny.VB,27310102,264
89f93b1dc9438cf6,fallenstararena_quarter_04_c6r24.tgm,Tiny.VC,27263359,3559
351b36f01c2faada,fallenstararena_quarter_04_c6r24.tgm.header,Tiny.V1,27100591,264
f1f023351da0d226,fallenstararena_quarter_04_c6r25.tgm,Tiny.VB,27310366,3515
b32cb8cb061dc3a0,fallenstararena_quarter_04_c6r25.tgm.header,Tiny.VD,27069124,264
b77ce5f89ec6e2d9,fallenstararena_quarter_04_c6r26.tgm,Streaming/Content/data/balance/worldareas/B5/mapuberboss_fallenstar.vworld,1510314,5661
9420bb2b6316441a,fallenstararena_quarter_04_c6r26.tgm.header,Tiny.VF,27256869,264
e8313ba270e4050e,fallenstararena_quarter_04_c6r27.tgm,Streaming/Content/data/balance/worldareas/DF/mapuberboss_fallenstar.vworld,122321,6445
e2b8ec36cb1c9220,fallenstararena_quarter_04_c6r27.tgm.header,Tiny.VB,27313881,264
66d23cf60afb1dc5,fallenstararena_quarter_04_c6r28.tgm,Tiny.V2,27240161,3647
dd487e44874626d6,fallenstararena_quarter_04_c6r28.tgm.header,Tiny.V7,27072448,264
9a64b3b9b915c8b6,fallenstararena_quarter_04_c6r29.tgm,Tiny.V4,27427971,1933
079db74f94b074af,fallenstararena_quarter_04_c6r29.tgm.header,Tiny.V4,27429904,264
049096be020bae22,fallenstararena_quarter_04_c6r3.tgm,Tiny.VA,27325049,561
60fc923976beed11,fallenstararena_quarter_04_c6r3.tgm.header,Tiny.V3,26895723,264
bc35889279de2657,fallenstararena_quarter_04_c6r30.tgm,Tiny.V1,27100855,1855
cd77720dff934515,fallenstararena_quarter_04_c6r30.tgm.header,Tiny.V6,27096376,264
635ea8295914f728,fallenstararena_quarter_04_c6r31.tgm,Tiny.VC,27266918,1753
1a63876402fb68aa,fallenstararena_quarter_04_c6r31.tgm.header,Tiny.VB,27314145,264
46095374f9c505f3,fallenstararena_quarter_04_c6r32.tgm,Tiny.V8,27127435,1697
0a77612b6836b9da,fallenstararena_quarter_04_c6r32.tgm.header,Tiny.VA,27325610,264
70b3d1077fddee45,fallenstararena_quarter_04_c6r33.tgm,Tiny.VD,27069388,1273
11bb3c24ff803b1e,fallenstararena_quarter_04_c6r33.tgm.header,Tiny.V6,27096640,264
6fd1182c61276efa,fallenstararena_quarter_04_c5r4.tgm,Tiny.VD,27060683,451
bd6a8e683db7cace,fallenstararena_quarter_04_c5r4.tgm.header,Tiny.V4,27426848,264
3c44da0539080c0c,fallenstararena_quarter_04_c5r5.tgm,Tiny.VF,27255832,509
68290b53a0858054,fallenstararena_quarter_04_c5r5.tgm.header,Tiny.V6,27095259,264
d24244222b735eb4,fallenstararena_quarter_04_c5r6.tgm,Tiny.V0,27375236,503
1c6d07305554e889,fallenstararena_quarter_04_c5r6.tgm.header,Tiny.V4,27427112,264
f5eea0af8c5f64a7,fallenstararena_quarter_04_c5r7.tgm,Tiny.V4,27427376,595
0ab74d68df78f8e4,fallenstararena_quarter_04_c5r7.tgm.header,Tiny.V1,27099799,264
4d9edbaae00aa883,fallenstararena_quarter_04_c5r8.tgm,Tiny.V5,26660940,503
730c483d6c916dee,fallenstararena_quarter_04_c5r8.tgm.header,Tiny.V3,26890723,264
983b61e65d8d35cb,fallenstararena_quarter_04_c5r9.tgm,Tiny.VA,27318924,471
675d1e714db59b75,fallenstararena_quarter_04_c5r9.tgm.header,Tiny.V7,27071920,264
b2354c6eda802b6e,fallenstararena_quarter_04_c5r1.tgm,Tiny.V1,27096734,839
4df8aa4a2198a21f,fallenstararena_quarter_04_c5r1.tgm.header,Tiny.V4,27424544,264
7b66077783473eef,fallenstararena_quarter_04_c5r10.tgm,Tiny.VF,27252183,3121
ba9989fe2865f749,fallenstararena_quarter_04_c5r10.tgm.header,Tiny.VD,27059627,264
144a07c82d711e16,fallenstararena_quarter_04_c5r11.tgm,Tiny.V9,27574365,2273
d368798f08e80564,fallenstararena_quarter_04_c5r11.tgm.header,Tiny.V0,27373035,264
a2c23a4bed5656b1,fallenstararena_quarter_04_c5r12.tgm,Tiny.V9,27576638,1855
f6682dae26aa8543,fallenstararena_quarter_04_c5r12.tgm.header,Tiny.V2,27233737,264
935d75f69490859a,fallenstararena_quarter_04_c5r13.tgm,Streaming/Content/data/balance/worldareas/56/mapuberboss_divinity.vworld,699624,6413
6bcd4e968015921a,fallenstararena_quarter_04_c5r13.tgm.header,Tiny.V5,26660676,264
cc7161fe5ce53d61,fallenstararena_quarter_04_c5r14.tgm,Streaming/Content/data/balance/worldareas/C7/mapuberboss_fallenstar.vworld,5745197,60209
90d0918239b3cee4,fallenstararena_quarter_04_c5r14.tgm.header,Tiny.VC,27261840,410
68a7554af628ed41,fallenstararena_quarter_04_c5r15.tgm,Streaming/Content/data/balance/worldareas/A2/mapuberboss_fallenstar.vworld,6627651,8885
c71a41ca28f3e9c3,fallenstararena_quarter_04_c5r15.tgm.header,Tiny.VD,27059891,264
59d5bdcb48f007c9,fallenstararena_quarter_04_c5r16.tgm,Tiny.V4,27424808,1405
83378affdf695836,fallenstararena_quarter_04_c5r16.tgm.header,Tiny.V8,27125086,264
40bb4b6227bf8430,fallenstararena_quarter_04_c5r17.tgm,Tiny.V1,27097573,1943
2bf607b188133577,fallenstararena_quarter_04_c5r17.tgm.header,Tiny.V9,27578493,264
2555fba9d23be834,fallenstararena_quarter_04_c5r18.tgm,Tiny.V6,27090667,3033
39eeebbe64e6cf15,fallenstararena_quarter_04_c5r18.tgm.header,Tiny.V7,27070219,264
108c05e83de2dbb5,fallenstararena_quarter_04_c5r19.tgm,Streaming/Content/data/balance/worldareas/C0/mapuberboss_fallenstar.vworld,1396391,433617
b29eff44ffb18ad9,fallenstararena_quarter_04_c5r19.tgm.header,Tiny.V2,27234001,264
80134ee8eb134b4e,fallenstararena_quarter_04_c5r2.tgm,Tiny.V4,27426213,635
20776068c4053171,fallenstararena_quarter_04_c5r2.tgm.header,Tiny.V3,26887980,264
85eaac1a978019de,fallenstararena_quarter_04_c5r20.tgm,Tiny.V9,27578757,3773
25305c98c9ffad3e,fallenstararena_quarter_04_c5r20.tgm.header,Tiny.V3,26888244,264
5c7ea02a28718048,fallenstararena_quarter_04_c5r21.tgm,Tiny.VA,27312626,2573
3974cb98edb3b918,fallenstararena_quarter_04_c5r21.tgm.header,Tiny.VF,27255304,264
c8ffc439af0a6783,fallenstararena_quarter_04_c5r22.tgm,Tiny.V3,26888508,2215
c1eef44a39c8edc9,fallenstararena_quarter_04_c5r22.tgm.header,Tiny.V0,27373299,264
144561d864e398af,fallenstararena_quarter_04_c5r23.tgm,Streaming/Content/data/balance/worldareas/58/mapuberboss_fallenstar.vworld,1839726,62795
a55ddaae9eaafe94,fallenstararena_quarter_04_c5r23.tgm.header,Tiny.VF,27255568,264
eb3d2dc4fc629277,fallenstararena_quarter_04_c5r24.tgm,Streaming/Content/data/balance/worldareas/44/mapuberboss_fallenstar.vworld,1255198,4399
0110f9a72b841e8b,fallenstararena_quarter_04_c5r24.tgm.header,Tiny.V2,27234265,264
3187f71011df544b,fallenstararena_quarter_04_c5r25.tgm,Streaming/Content/data/balance/worldareas/80/mapuberboss_fallenstar.vworld,10294215,5089
4d4dc423595295b7,fallenstararena_quarter_04_c5r25.tgm.header,Tiny.V2,27234529,264
1ee010fad2ed6c3a,fallenstararena_quarter_04_c5r26.tgm,Streaming/Content/data/balance/worldareas/7D/mapuberboss_fallenstar.vworld,6699982,65669
88e779971f6f33e1,fallenstararena_quarter_04_c5r26.tgm.header,Tiny.V1,27099516,283
c6d27628041d13a4,fallenstararena_quarter_04_c5r27.tgm,Tiny.VA,27315199,3725
b388a21f3db24b3b,fallenstararena_quarter_04_c5r27.tgm.header,Tiny.VE,27036674,264
856db29817e44d29,fallenstararena_quarter_04_c5r28.tgm,Tiny.V0,27373563,1673
80dd189943fe70e3,fallenstararena_quarter_04_c5r28.tgm.header,Tiny.VD,27060155,264
0391a951e4d949ed,fallenstararena_quarter_04_c5r29.tgm,Streaming/Content/data/balance/worldareas/F3/mapuberboss_fallenstar.vworld,3415462,61557
3c8dcae9e061ac84,fallenstararena_quarter_04_c5r29.tgm.header,Tiny.V8,27125350,264
39eadbce0d76fcc5,fallenstararena_quarter_04_c5r3.tgm,Tiny.VC,27262250,581
c254f9e4e6c6a042,fallenstararena_quarter_04_c5r3.tgm.header,Tiny.VD,27060419,264
614a207d9de04e8e,fallenstararena_quarter_04_c5r30.tgm,Tiny.V7,27070483,1437
11a10bcd7d767d1f,fallenstararena_quarter_04_c5r30.tgm.header,Tiny.VE,27036938,264
b6c6868c06f9d02c,fallenstararena_quarter_04_c5r31.tgm,Tiny.VE,27037202,1459
da64a9032ffd7b66,fallenstararena_quarter_04_c5r31.tgm.header,Tiny.V6,27093700,264
c7d559d09ff964c3,fallenstararena_quarter_04_c5r32.tgm,Streaming/Content/data/balance/worldareas/5A/g2_9_1.vworld,383803,61535
a41eeb2c493114ec,fallenstararena_quarter_04_c5r32.tgm.header,Tiny.V2,27234793,264
7706dfc942bab209,fallenstararena_quarter_04_c5r33.tgm,Tiny.V6,27093964,1295
035d24f5cf4c3733,fallenstararena_quarter_04_c5r33.tgm.header,Tiny.V8,27125614,264
cd4995a1dd6db8d4,fallenstararena_quarter_04_c4r4.tgm,Tiny.VA,27311775,851
4ff7120bc3477c7d,fallenstararena_quarter_04_c4r4.tgm.header,Tiny.V6,27090403,264
1210012147455a8b,fallenstararena_quarter_04_c4r5.tgm,Tiny.VE,27035797,877
22621534ea119ff9,fallenstararena_quarter_04_c4r5.tgm.header,Tiny.V3,26887716,264
bfd1a371b941d714,fallenstararena_quarter_04_c4r6.tgm,Tiny.VF,27250569,733
d557486928727581,fallenstararena_quarter_04_c4r6.tgm.header,Tiny.VD,27059363,264
01bab3e86ad25572,fallenstararena_quarter_04_c4r7.tgm,Tiny.V8,27123939,883
731bbb8e3d8a0622,fallenstararena_quarter_04_c4r7.tgm.header,Tiny.V2,27233473,264
d1f54d37056135bb,fallenstararena_quarter_04_c4r8.tgm,Tiny.VF,27251302,881
c4548e09ca7013aa,fallenstararena_quarter_04_c4r8.tgm.header,Tiny.V5,26660412,264
08e274382f994169,fallenstararena_quarter_04_c4r9.tgm,Tiny.VB,27309403,699
8c3a01946c7281d2,fallenstararena_quarter_04_c4r9.tgm.header,Tiny.V8,27124822,264
d38c7374c15694f4,fallenstararena_quarter_04_c4r1.tgm,Tiny.V5,26656778,987
daf337a28780533e,fallenstararena_quarter_04_c4r1.tgm.header,Tiny.VB,27299931,264
068423e07b9a9786,fallenstararena_quarter_04_c4r10.tgm,Tiny.VA,27307157,3019
e4c3bb54022e690c,fallenstararena_quarter_04_c4r10.tgm.header,Tiny.V9,27569655,264
a57d17c3c94c6d2c,fallenstararena_quarter_04_c4r11.tgm,Tiny.V4,27418883,2593
e510074ccde5f464,fallenstararena_quarter_04_c4r11.tgm.header,Tiny.V6,27089875,264
cca25bbcdceacf30,fallenstararena_quarter_04_c4r12.tgm,Tiny.V4,27421476,1895
7e0dc1242b034938,fallenstararena_quarter_04_c4r12.tgm.header,Tiny.V3,26887452,264
cfd671615f46be73,fallenstararena_quarter_04_c4r13.tgm,Streaming/Content/data/balance/worldareas/DD/g2_2.vworld,609013,6829
905017a173d0b020,fallenstararena_quarter_04_c4r13.tgm.header,Tiny.V1,27090624,264
e9499a152008c2c6,fallenstararena_quarter_04_c4r14.tgm,Streaming/Content/data/balance/worldareas/03/mapuberboss_fallenstar.vworld,14442315,8659
c20a61e4f8b9c94c,fallenstararena_quarter_04_c4r14.tgm.header,Tiny.V1,27090888,264
af7ab0d7e280ddbc,fallenstararena_quarter_04_c4r15.tgm,Streaming/Content/data/balance/worldareas/B1/g2_6.vworld,675594,5107
94d10dfd4f620bb5,fallenstararena_quarter_04_c4r15.tgm.header,Tiny.V4,27423371,264
c2a819c72831a237,fallenstararena_quarter_04_c4r16.tgm,Tiny.VB,27300195,1743
b37db58834817e4a,fallenstararena_quarter_04_c4r16.tgm.header,Tiny.V5,26657765,264
aeb326564ea14168,fallenstararena_quarter_04_c4r17.tgm,Tiny.V1,27091152,2391
70ce9b6bd32cb1eb,fallenstararena_quarter_04_c4r17.tgm.header,Tiny.V5,26658029,264
519d03ce85df79c5,fallenstararena_quarter_04_c4r18.tgm,Tiny.V9,27569919,2665
5dcb2036d0aaf98b,fallenstararena_quarter_04_c4r18.tgm.header,Tiny.V0,27370260,264
254486d17eb35357,fallenstararena_quarter_04_c4r19.tgm,Tiny.V0,27370524,2247
c26b177602569fc8,fallenstararena_quarter_04_c4r19.tgm.header,Tiny.V7,27067516,264
17befc4981e21ca7,fallenstararena_quarter_04_c4r2.tgm,Tiny.V8,27122582,1093
699e94e805138ec9,fallenstararena_quarter_04_c4r2.tgm.header,Tiny.V7,27067780,264
d727f533be5f63c8,fallenstararena_quarter_04_c4r20.tgm,Tiny.VB,27301938,2565
7e0d38d0f2889b58,fallenstararena_quarter_04_c4r20.tgm.header,Tiny.V0,27372771,264
e97a66b48357d0a0,fallenstararena_quarter_04_c4r21.tgm,Tiny.VB,27304503,2687
95277c500acc3145,fallenstararena_quarter_04_c4r21.tgm.header,Tiny.VE,27035269,264
8c08513199845507,fallenstararena_quarter_04_c4r22.tgm,Tiny.V1,27093543,2927
2c23fdf5e1668ba7,fallenstararena_quarter_04_c4r22.tgm.header,Tiny.V6,27090139,264
441fcf878c810200,fallenstararena_quarter_04_c4r23.tgm,Tiny.VD,27052486,3433
b9550dd32f27eb81,fallenstararena_quarter_04_c4r23.tgm.header,Tiny.V5,26658293,264
a8ba2409c960f998,fallenstararena_quarter_04_c4r24.tgm,Streaming/Content/data/balance/worldareas/F7/g1_15.vworld,718875,4463
540c2dbd7eef4a85,fallenstararena_quarter_04_c4r24.tgm.header,Tiny.VF,27250305,264
506dd59be0344e35,fallenstararena_quarter_04_c4r25.tgm,Streaming/Content/data/balance/worldareas/DC/mapuberboss_fallenstar.vworld,6129815,6393
c1a5981050a9f869,fallenstararena_quarter_04_c4r25.tgm.header,Tiny.VC,27261048,264
b335129333f512c2,fallenstararena_quarter_04_c4r26.tgm,Streaming/Content/data/balance/worldareas/11/mapport.vworld,527474,4609
df783cd684a5b356,fallenstararena_quarter_04_c4r26.tgm.header,Tiny.V1,27096470,264
bc7f9a217f864da7,fallenstararena_quarter_04_c4r27.tgm,Tiny.VD,27055919,1781
f7878801b0bdd24e,fallenstararena_quarter_04_c4r27.tgm.header,Tiny.VE,27035533,264
5d465793ad4652f8,fallenstararena_quarter_04_c4r28.tgm,Tiny.V7,27068044,1911
af6b1023b8899a8d,fallenstararena_quarter_04_c4r28.tgm.header,Tiny.VC,27261312,264
e1e2de722a9c5611,fallenstararena_quarter_04_c4r29.tgm,Tiny.VB,27307190,1949
44b6da35d8987fbc,fallenstararena_quarter_04_c4r29.tgm.header,Tiny.V7,27069955,264
8768f4a76bc416ba,fallenstararena_quarter_04_c4r3.tgm,Tiny.V4,27423635,909
7dc8c17249312e5c,fallenstararena_quarter_04_c4r3.tgm.header,Tiny.VC,27261576,264
3e54575507fe722a,fallenstararena_quarter_04_c4r30.tgm,Tiny.V5,26658557,1855
a4bb455db4fb5c3e,fallenstararena_quarter_04_c4r30.tgm.header,Tiny.V8,27123675,264
0419e44f0dc5d31f,fallenstararena_quarter_04_c4r31.tgm,Tiny.V9,27572584,1781
411bcec8cac09e0e,fallenstararena_quarter_04_c4r31.tgm.header,Tiny.VA,27310176,264
abeca325aedc5b83,fallenstararena_quarter_04_c4r32.tgm,Tiny.VD,27057700,1663
f6316e90fa4337d3,fallenstararena_quarter_04_c4r32.tgm.header,Tiny.V2,27233209,264
d292ff08a4581ca2,fallenstararena_quarter_04_c4r33.tgm,Tiny.VA,27310440,1335
1a223cc496900a92,fallenstararena_quarter_04_c4r33.tgm.header,Tiny.VB,27309139,264
4dbd13de4ef81ae5,fallenstararena_quarter_04_c33r4.tgm,Tiny.V3,26883050,889
3b235b70cdbe62ad,fallenstararena_quarter_04_c33r4.tgm.header,Tiny.V7,27062917,264
4b08012d142d7c39,fallenstararena_quarter_04_c33r5.tgm,Tiny.V2,27231732,659
18f560617400ffb9,fallenstararena_quarter_04_c33r5.tgm.header,Tiny.V3,26883939,264
44476356617ae052,fallenstararena_quarter_04_c33r6.tgm,Tiny.V6,27084525,841
7dbc284683663eea,fallenstararena_quarter_04_c33r6.tgm.header,Tiny.V7,27063181,264
05dd08854988af1f,fallenstararena_quarter_04_c33r7.tgm,Tiny.V6,27085366,935
b4842a90b95a72d8,fallenstararena_quarter_04_c33r7.tgm.header,Tiny.VF,27246279,264
1bce3ad95965abe0,fallenstararena_quarter_04_c33r8.tgm,Tiny.V5,26652877,693
1f07eb5a2070ef1b,fallenstararena_quarter_04_c33r8.tgm.header,Tiny.VD,27044543,264
cde873d7c306533c,fallenstararena_quarter_04_c33r9.tgm,Tiny.V9,27561079,1011
26402e08a5bf5aa8,fallenstararena_quarter_04_c33r9.tgm.header,Tiny.V2,27232391,264
4a8422c7feedc031,fallenstararena_quarter_04_c33r1.tgm,Tiny.V5,26650194,1023
877d45d4524ae046,fallenstararena_quarter_04_c33r1.tgm.header,Tiny.V8,27119695,264
753ba1c78bdc72fe,fallenstararena_quarter_04_c33r10.tgm,Tiny.VC,27257650,1197
edf6b7a8cc4fe20c,fallenstararena_quarter_04_c33r10.tgm.header,Tiny.VF,27244734,264
8c7af351a49b76eb,fallenstararena_quarter_04_c33r11.tgm,Tiny.V9,27557450,1081
071bc37275e3f65b,fallenstararena_quarter_04_c33r11.tgm.header,Tiny.VF,27244998,264
6e6cf5bfca99de21,fallenstararena_quarter_04_c33r12.tgm,Tiny.VA,27298587,911
2f275eba99b825c4,fallenstararena_quarter_04_c33r12.tgm.header,Tiny.VE,27032355,264
fd62d412cef6c332,fallenstararena_quarter_04_c33r13.tgm,Tiny.V9,27558531,1139
3417cd80d037354a,fallenstararena_quarter_04_c33r13.tgm.header,Tiny.V9,27559670,264
86aae186b10e6920,fallenstararena_quarter_04_c33r14.tgm,Tiny.V6,27082849,969
c3396f166e44b7b4,fallenstararena_quarter_04_c33r14.tgm.header,Tiny.V0,27367463,264
2b1386d6b4528aa3,fallenstararena_quarter_04_c33r15.tgm,Tiny.VD,27042071,739
56ea699d68def97d,fallenstararena_quarter_04_c33r15.tgm.header,Tiny.VD,27042810,264
fdaff42cfb306cb0,fallenstararena_quarter_04_c33r16.tgm,Tiny.V4,27414688,913
f9a47d2fc44849a6,fallenstararena_quarter_04_c33r16.tgm.header,Tiny.VA,27299498,264
262a26cf8c79f896,fallenstararena_quarter_04_c33r17.tgm,Tiny.V9,27559934,881
01c2ebcaf8e89a8c,fallenstararena_quarter_04_c33r17.tgm.header,Tiny.VA,27299762,264
c17e0efcd3bd4909,fallenstararena_quarter_04_c33r18.tgm,Tiny.V5,26651217,613
82dcadbeb29cef34,fallenstararena_quarter_04_c33r18.tgm.header,Tiny.V3,26880915,264
71512a0fe45fd9d9,fallenstararena_quarter_04_c33r19.tgm,Tiny.V5,26651830,783
d1a7abcc654ca5a3,fallenstararena_quarter_04_c33r19.tgm.header,Tiny.VD,27043074,264
284ecafee734ea65,fallenstararena_quarter_04_c33r2.tgm,Tiny.VE,27032619,797
1574d8bfb3370825,fallenstararena_quarter_04_c33r2.tgm.header,Tiny.V5,26652613,264
0278c72fb4064406,fallenstararena_quarter_04_c33r20.tgm,Tiny.V4,27415601,969
9e2dd8446d20ef35,fallenstararena_quarter_04_c33r20.tgm.header,Tiny.V3,26881179,264
1d75bf0843670842,fallenstararena_quarter_04_c33r21.tgm,Tiny.VA,27300026,929
9aa9cef3fcb55d54,fallenstararena_quarter_04_c33r21.tgm.header,Tiny.VA,27300955,264
960580add9c96ecf,fallenstararena_quarter_04_c33r22.tgm,Tiny.VF,27245262,753
f10570d677c08ca5,fallenstararena_quarter_04_c33r22.tgm.header,Tiny.V0,27367727,264
776279e2fe2177e9,fallenstararena_quarter_04_c33r23.tgm,Tiny.V3,26881443,1079
a8777963e0c4def9,fallenstararena_quarter_04_c33r23.tgm.header,Tiny.VA,27301219,264
affc514f8e141161,fallenstararena_quarter_04_c33r24.tgm,Tiny.VD,27043338,1205
7aa37ab0e90bd738,fallenstararena_quarter_04_c33r24.tgm.header,Tiny.VF,27246015,264
a5ffbdf24687c924,fallenstararena_quarter_04_c33r25.tgm,Tiny.VA,27301483,937
74fba62ca0b4f75d,fallenstararena_quarter_04_c33r25.tgm.header,Tiny.V0,27367991,264
bc694b50d800ebfb,fallenstararena_quarter_04_c33r26.tgm,Tiny.V6,27083818,707
23b4a85a0b150d3c,fallenstararena_quarter_04_c33r26.tgm.header,Tiny.VE,27033416,264
ddbc9e013d84d6f6,fallenstararena_quarter_04_c33r27.tgm,Tiny.V1,27085442,989
eb8e30c5d63897a7,fallenstararena_quarter_04_c33r27.tgm.header,Tiny.VA,27302420,264
f633e9a69c158912,fallenstararena_quarter_04_c33r28.tgm,Tiny.V1,27086431,1021
2bc973ee9363feda,fallenstararena_quarter_04_c33r28.tgm.header,Tiny.V1,27087452,264
5917d2ca61f0fba7,fallenstararena_quarter_04_c33r29.tgm,Tiny.V2,27228979,983
9ffc98f69c439f76,fallenstararena_quarter_04_c33r29.tgm.header,Tiny.V8,27119959,264
3e162b57aefe3137,fallenstararena_quarter_04_c33r3.tgm,Tiny.V2,27229962,867
9e9ca9ff76dc2a64,fallenstararena_quarter_04_c33r3.tgm.header,Tiny.VB,27296118,264
bb1ddb2fc05867a1,fallenstararena_quarter_04_c33r30.tgm,Tiny.VC,27258847,1145
0ddb98903e62b55b,fallenstararena_quarter_04_c33r30.tgm.header,Tiny.VA,27302684,264
dbb0db826aedb290,fallenstararena_quarter_04_c33r31.tgm,Tiny.VE,27033680,1061
a7be63c28478418e,fallenstararena_quarter_04_c33r31.tgm.header,Tiny.V3,26882522,264
560bf9a84dffa915,fallenstararena_quarter_04_c33r32.tgm,Tiny.V2,27230829,903
4956cdc6a32159b1,fallenstararena_quarter_04_c33r32.tgm.header,Tiny.V9,27560815,264
69c6c9ea31a92e6e,fallenstararena_quarter_04_c33r33.tgm,Tiny.V1,27087716,595
39c941d3692d01ca,fallenstararena_quarter_04_c33r33.tgm.header,Tiny.V3,26882786,264
e7bdcb516a87fac3,fallenstararena_quarter_04_c32r4.tgm,Tiny.V5,26649631,299
b265a8a53dc0ea5c,fallenstararena_quarter_04_c32r4.tgm.header,Tiny.V8,27119167,264
9789bc1249c90630,fallenstararena_quarter_04_c32r5.tgm,Streaming/Content/data/balance/worldareas/06/g2_9_1.vworld,547128,54237
fad07e857276b973,fallenstararena_quarter_04_c32r5.tgm.header,Tiny.VE,27031700,264
1ce1d1d3d11ccb5f,fallenstararena_quarter_04_c32r6.tgm,Tiny.VC,27257305,345
03072732826b4967,fallenstararena_quarter_04_c32r6.tgm.header,Tiny.VB,27295854,264
2bcc568953c8de51,fallenstararena_quarter_04_c32r7.tgm,Tiny.VE,27031964,391
b0ba86fab2530bb6,fallenstararena_quarter_04_c32r7.tgm.header,Tiny.V8,27119431,264
76812b7331722780,fallenstararena_quarter_04_c32r8.tgm,Streaming/Content/data/balance/worldareas/4B/mapuberboss_fallenstar.vworld,677569,54447
290468819b99b8cf,fallenstararena_quarter_04_c32r8.tgm.header,Tiny.VA,27298323,264
40f72c417102c3d7,fallenstararena_quarter_04_c32r9.tgm,Tiny.V6,27082230,619
806c76d2641944ed,fallenstararena_quarter_04_c32r9.tgm.header,Tiny.V5,26649930,264
795d745e64e3ff40,fallenstararena_quarter_04_c32r1.tgm,Tiny.V5,26646948,667
49d612556b242bce,fallenstararena_quarter_04_c32r1.tgm.header,Tiny.V5,26647615,264
54d3243567ad1833,fallenstararena_quarter_04_c32r10.tgm,Tiny.V0,27366325,541
b5f43e496cedc5c7,fallenstararena_quarter_04_c32r10.tgm.header,Tiny.VE,27029345,264
ab6a536a55ce5bb3,fallenstararena_quarter_04_c32r11.tgm,Streaming/Content/data/balance/worldareas/8B/mapuberboss_fallenstar.vworld,890280,54537
9c9837613dcef451,fallenstararena_quarter_04_c32r11.tgm.header,Tiny.V4,27414424,264
aa37e187c7c796a8,fallenstararena_quarter_04_c32r12.tgm,Tiny.V9,27556651,535
46cf3c6294f3312d,fallenstararena_quarter_04_c32r12.tgm.header,Tiny.V6,27080559,264
cee36961369df31d,fallenstararena_quarter_04_c32r13.tgm,Tiny.V6,27080823,615
5e3ce6f47d615bf8,fallenstararena_quarter_04_c32r13.tgm.header,Tiny.V3,26880387,264
0b2f364390109d15,fallenstararena_quarter_04_c32r14.tgm,Streaming/Content/data/balance/worldareas/59/mapuberboss_fallenstar.vworld,8957676,54481
89a29b336f019742,fallenstararena_quarter_04_c32r14.tgm.header,Tiny.VB,27295062,264
324500db1ee71048,fallenstararena_quarter_04_c32r15.tgm,Tiny.VD,27041428,379
cebc4431729e6584,fallenstararena_quarter_04_c32r15.tgm.header,Tiny.VA,27297795,264
e71f6e0f777ed1d8,fallenstararena_quarter_04_c32r16.tgm,Tiny.V0,27366866,333
7d51c1ff1d2696c3,fallenstararena_quarter_04_c32r16.tgm.header,Tiny.VB,27295326,264
3e89888a8bc99634,fallenstararena_quarter_04_c32r17.tgm,Streaming/Content/data/balance/worldareas/55/mapport.vworld,552651,54303
930253279dd89ca5,fallenstararena_quarter_04_c32r17.tgm.header,Tiny.V0,27367199,264
3f1bf71c6d5ce625,fallenstararena_quarter_04_c32r18.tgm,Tiny.VE,27029609,405
681a9604a58b1e38,fallenstararena_quarter_04_c32r18.tgm.header,Tiny.V6,27081438,264
1ac0c9efa18519ec,fallenstararena_quarter_04_c32r19.tgm,Tiny.VF,27244125,609
bb35fd46a4fb383e,fallenstararena_quarter_04_c32r19.tgm.header,Tiny.VA,27298059,264
29c73b2e6220813b,fallenstararena_quarter_04_c32r2.tgm,Streaming/Content/data/balance/worldareas/03/mapuberboss_fallenstar.vworld,14387874,54441
4874b2f5638b639d,fallenstararena_quarter_04_c32r2.tgm.header,Tiny.VB,27295590,264
36cc43f46872815d,fallenstararena_quarter_04_c32r20.tgm,Streaming/Content/data/balance/worldareas/8B/mapuberboss_fallenstar.vworld,944817,54343
2d526ba61b82658a,fallenstararena_quarter_04_c32r20.tgm.header,Tiny.V8,27118124,264
7c22b7d242d246bf,fallenstararena_quarter_04_c32r21.tgm,Tiny.V7,27062043,333
a0868a6e4ea7c957,fallenstararena_quarter_04_c32r21.tgm.header,Tiny.VE,27030014,264
7a3462e474209332,fallenstararena_quarter_04_c32r22.tgm,Tiny.VE,27030278,543
41692adc70b3f177,fallenstararena_quarter_04_c32r22.tgm.header,Tiny.V2,27228451,264
3899ec6959e0adb6,fallenstararena_quarter_04_c32r23.tgm,Streaming/Content/data/balance/worldareas/86/mapuberboss_fallenstar.vworld,3123480,54389
077aade4ba9640d3,fallenstararena_quarter_04_c32r23.tgm.header,Tiny.V3,26880651,264
f55ebf9a427ae3a4,fallenstararena_quarter_04_c32r24.tgm,Tiny.VE,27030821,615
9f4e297b1ea260b8,fallenstararena_quarter_04_c32r24.tgm.header,Tiny.V9,27557186,264
0f3e36520bd94ac8,fallenstararena_quarter_04_c32r25.tgm,Tiny.V5,26647879,773
962a0c9c3e6fe2a0,fallenstararena_quarter_04_c32r25.tgm.header,Tiny.VC,27255996,264
0737305413212a7d,fallenstararena_quarter_04_c32r26.tgm,Streaming/Content/data/balance/worldareas/31/mapuberboss_fallenstar.vworld,492216,54559
a63eb233daf99f9a,fallenstararena_quarter_04_c32r26.tgm.header,Tiny.VC,27256260,264
a49be3bf8d234180,fallenstararena_quarter_04_c32r27.tgm,Tiny.VC,27256524,517
5c31765479b33b16,fallenstararena_quarter_04_c32r27.tgm.header,Tiny.V2,27228715,264
7b234ae65e4643c8,fallenstararena_quarter_04_c32r28.tgm,Tiny.V1,27084284,517
57b9bbf415e33953,fallenstararena_quarter_04_c32r28.tgm.header,Tiny.VE,27031436,264
26204297ef53c859,fallenstararena_quarter_04_c32r29.tgm,Streaming/Content/data/balance/worldareas/FE/mapuberboss_fallenstar.vworld,11304995,54369
152cad5f8020c0da,fallenstararena_quarter_04_c32r29.tgm.header,Tiny.V6,27081702,264
8169356ea863d036,fallenstararena_quarter_04_c32r3.tgm,Tiny.V7,27062376,541
6c9f44f714481867,fallenstararena_quarter_04_c32r3.tgm.header,Tiny.V5,26648652,264
06309948893cfdea,fallenstararena_quarter_04_c32r30.tgm,Tiny.V1,27084801,641
f14283effda6c2b5,fallenstararena_quarter_04_c32r30.tgm.header,Tiny.VC,27257041,264
baee921dad43bdb3,fallenstararena_quarter_04_c32r31.tgm,Tiny.V8,27118388,779
e7fe2cd8104af5b8,fallenstararena_quarter_04_c32r31.tgm.header,Tiny.V5,26648916,264
992fadb7e9263b9c,fallenstararena_quarter_04_c32r32.tgm,Streaming/Content/data/balance/worldareas/C4/mapuberboss_fallenstar.vworld,13781622,54579
23ad130dc172368a,fallenstararena_quarter_04_c32r32.tgm.header,Tiny.V6,27081966,264
53b5d9aa8a7a6dd0,fallenstararena_quarter_04_c32r33.tgm,Tiny.V5,26649180,451
da66a373c9c6a9e5,fallenstararena_quarter_04_c32r33.tgm.header,Tiny.VD,27041807,264
118c43239970d86f,fallenstararena_quarter_04_c31r4.tgm,Tiny.V9,27556260,391
cce6ad1e9f4df44d,fallenstararena_quarter_04_c31r4.tgm.header,Tiny.VD,27041164,264
fe38bc2b200009dc,fallenstararena_quarter_04_c31r5.tgm,Tiny.VE,27028511,385
f3d52c8d01581135,fallenstararena_quarter_04_c31r5.tgm.header,Tiny.V5,26646684,264
bb94d74a9d4103f5,fallenstararena_quarter_04_c31r6.tgm,Tiny.V1,27083847,437
78ca549d02c599d8,fallenstararena_quarter_04_c31r6.tgm.header,Tiny.V2,27228187,264
028779023800a806,fallenstararena_quarter_04_c31r7.tgm,Tiny.VE,27028896,449
5ecd182eada058a2,fallenstararena_quarter_04_c31r7.tgm.header,Tiny.V7,27061515,264
9f953f6105c9e335,fallenstararena_quarter_04_c31r8.tgm,Tiny.VA,27297104,691
233311b34dc86ba4,fallenstararena_quarter_04_c31r8.tgm.header,Tiny.V7,27061779,264
2b34aefbf5b1b2a6,fallenstararena_quarter_04_c31r9.tgm,Tiny.VB,27294363,699
d53e6bcc8ea292e5,fallenstararena_quarter_04_c31r9.tgm.header,Tiny.V6,27080295,264
780af4643a6d378c,fallenstararena_quarter_04_c31r1.tgm,Tiny.VE,27027380,867
08e21cffb7d49817,fallenstararena_quarter_04_c31r1.tgm.header,Tiny.VB,27292936,264
f8e121ca73443e31,fallenstararena_quarter_04_c31r10.tgm,Tiny.V6,27078430,569
6d49660c596d9b12,fallenstararena_quarter_04_c31r10.tgm.header,Tiny.VC,27253361,264
1c26e59bab99e999,fallenstararena_quarter_04_c31r11.tgm,Tiny.V6,27078999,411
c1ebf1cfdb54c6b3,fallenstararena_quarter_04_c31r11.tgm.header,Tiny.V0,27365797,264
1127e1a60d7cd9f6,fallenstararena_quarter_04_c31r12.tgm,Tiny.VD,27040159,477
c02cbd7f55aaeb27,fallenstararena_quarter_04_c31r12.tgm.header,Tiny.VC,27253625,264
9fb386ae5b3403d6,fallenstararena_quarter_04_c31r13.tgm,Tiny.V5,26644814,451
b5b797b57c6fb24a,fallenstararena_quarter_04_c31r13.tgm.header,Tiny.V7,27059852,264
60ef1b92489fc631,fallenstararena_quarter_04_c31r14.tgm,Tiny.V4,27412432,857
6a45f22e47dd71f3,fallenstararena_quarter_04_c31r14.tgm.header,Tiny.V5,26645265,264
ad682c9a27e36d56,fallenstararena_quarter_04_c31r15.tgm,Tiny.V4,27413289,871
f99a1bf551205218,fallenstararena_quarter_04_c31r15.tgm.header,Tiny.VD,27040636,264
837c91860b642472,fallenstararena_quarter_04_c31r16.tgm,Tiny.VC,27253889,483
c0517c71e556254b,fallenstararena_quarter_04_c31r16.tgm.header,Tiny.V5,26645529,264
0264376a4ca10925,fallenstararena_quarter_04_c31r17.tgm,Tiny.V5,26645793,627
224050ddf003aa52,fallenstararena_quarter_04_c31r17.tgm.header,Tiny.VA,27295570,264
df7dd8d58df5d6f7,fallenstararena_quarter_04_c31r18.tgm,Tiny.V9,27553610,517
3f47fe66a1a5fd7b,fallenstararena_quarter_04_c31r18.tgm.header,Tiny.V4,27414160,264
154f2ae66a330e6a,fallenstararena_quarter_04_c31r19.tgm,Tiny.V1,27082335,773
50e4a0daf8e6dfd8,fallenstararena_quarter_04_c31r19.tgm.header,Tiny.VA,27295834,264
eb60cade929a2530,fallenstararena_quarter_04_c31r2.tgm,Tiny.VA,27296098,509
b82425aa5556d712,fallenstararena_quarter_04_c31r2.tgm.header,Tiny.V8,27116645,264
8e2546881d2f6c33,fallenstararena_quarter_04_c31r20.tgm,Tiny.V8,27116909,687
6bf8dfc746afed45,fallenstararena_quarter_04_c31r20.tgm.header,Tiny.V6,27079410,264
fa630f6c2e470e5d,fallenstararena_quarter_04_c31r21.tgm,Tiny.VC,27254372,569
9e1ca14274b6e5f6,fallenstararena_quarter_04_c31r21.tgm.header,Tiny.VB,27293200,264
a9ee4dc544474702,fallenstararena_quarter_04_c31r22.tgm,Tiny.V1,27083108,739
6e1b2048793c8e99,fallenstararena_quarter_04_c31r22.tgm.header,Tiny.VB,27293464,264
9a8cb06d05adecbf,fallenstararena_quarter_04_c31r23.tgm,Tiny.V3,26879904,483
8077c839bd3c0c04,fallenstararena_quarter_04_c31r23.tgm.header,Tiny.V7,27060116,264
55bba197c431d67a,fallenstararena_quarter_04_c31r24.tgm,Tiny.V9,27554127,607
49975f964c9ef438,fallenstararena_quarter_04_c31r24.tgm.header,Tiny.V9,27554734,264
15f49f05a51faaad,fallenstararena_quarter_04_c31r25.tgm,Tiny.VA,27296607,497
a7880af162bd4f33,fallenstararena_quarter_04_c31r25.tgm.header,Tiny.V0,27366061,264
c5dd354f6f4f35ec,fallenstararena_quarter_04_c31r26.tgm,Tiny.V2,27226885,477
f1a625e27b54cc58,fallenstararena_quarter_04_c31r26.tgm.header,Tiny.V9,27554998,264
7839527db49e74f3,fallenstararena_quarter_04_c31r27.tgm,Tiny.VF,27243556,569
da7e695b3da689c8,fallenstararena_quarter_04_c31r27.tgm.header,Tiny.V8,27117596,264
c8b1176b979e8e19,fallenstararena_quarter_04_c31r28.tgm,Tiny.V2,27227362,825
2d55afb72fc21ca7,fallenstararena_quarter_04_c31r28.tgm.header,Tiny.V5,26646420,264
b416e0d8109800af,fallenstararena_quarter_04_c31r29.tgm,Tiny.V6,27079674,621
fe8f4bff2b213676,fallenstararena_quarter_04_c31r29.tgm.header,Tiny.V7,27060380,264
fba84957f87a09de,fallenstararena_quarter_04_c31r3.tgm,Tiny.V9,27555262,619
37b4e3cffe40cd2f,fallenstararena_quarter_04_c31r3.tgm.header,Tiny.VC,27254941,264
2ca314d757b6e835,fallenstararena_quarter_04_c31r30.tgm,Tiny.V7,27060644,607
3bb71036af25073b,fallenstararena_quarter_04_c31r30.tgm.header,Tiny.VD,27040900,264
b9791cbab2caffb8,fallenstararena_quarter_04_c31r31.tgm,Tiny.VC,27255205,791
4c79fdaae9ef917a,fallenstararena_quarter_04_c31r31.tgm.header,Tiny.V7,27061251,264
311c8425570e8dac,fallenstararena_quarter_04_c31r32.tgm,Tiny.VB,27293728,635
080b9bcf6866c817,fallenstararena_quarter_04_c31r32.tgm.header,Tiny.VE,27028247,264
6fb1dd41b8e14c92,fallenstararena_quarter_04_c31r33.tgm,Tiny.V9,27555881,379
b40b32cb3720d652,fallenstararena_quarter_04_c31r33.tgm.header,Tiny.V8,27117860,264
7d4d5760f93ee35b,fallenstararena_quarter_04_c30r4.tgm,Tiny.VF,27242010,345
e1284674b4cb4a13,fallenstararena_quarter_04_c30r4.tgm.header,Tiny.V0,27365533,264
04f8e6cc0c1c7815,fallenstararena_quarter_04_c30r5.tgm,Tiny.V1,27081826,509
1b4aa16989364eb1,fallenstararena_quarter_04_c30r5.tgm.header,Tiny.V4,27411904,264
55533fda6a1b2ba0,fallenstararena_quarter_04_c30r6.tgm,Tiny.V8,27114961,855
3b9a04afbcaf1143,fallenstararena_quarter_04_c30r6.tgm.header,Tiny.VF,27242355,264
89399e15ae9d46eb,fallenstararena_quarter_04_c30r7.tgm,Tiny.VF,27242619,673
18f017da319e86a9,fallenstararena_quarter_04_c30r7.tgm.header,Tiny.VF,27243292,264
60fc9922417e946b,fallenstararena_quarter_04_c30r8.tgm,Tiny.V9,27553107,503
9ed71ad138c0bdc3,fallenstararena_quarter_04_c30r8.tgm.header,Tiny.V4,27412168,264
cd195a1278e1732b,fallenstararena_quarter_04_c30r9.tgm,Tiny.V8,27115816,829
91c4a8ed8696a214,fallenstararena_quarter_04_c30r9.tgm.header,Tiny.VD,27039895,264
c6a99bba7caf1996,fallenstararena_quarter_04_c30r1.tgm,Tiny.V3,26879193,711
1ebeffeb2cbaaa29,fallenstararena_quarter_04_c30r1.tgm.header,Tiny.VB,27291793,264
89eafe731c61d9f4,fallenstararena_quarter_04_c30r10.tgm,Tiny.V5,26643014,803
11a2f384973abcd3,fallenstararena_quarter_04_c30r10.tgm.header,Tiny.V6,27077638,264
45d83533aa37700d,fallenstararena_quarter_04_c30r11.tgm,Tiny.VC,27251694,555
1aa9b6dbbcac9c10,fallenstararena_quarter_04_c30r11.tgm.header,Tiny.V6,27077902,264
6d073b035206f9a7,fallenstararena_quarter_04_c30r12.tgm,Tiny.VD,27038605,681
8ea745c0b79d04d6,fallenstararena_quarter_04_c30r12.tgm.header,Tiny.V1,27079359,264
984873cf18761e77,fallenstararena_quarter_04_c30r13.tgm,Tiny.VD,27039286,609
4da63de0bf8b1ad2,fallenstararena_quarter_04_c30r13.tgm.header,Tiny.V6,27078166,264
101f34c6d0dac63b,fallenstararena_quarter_04_c30r14.tgm,Tiny.VA,27293959,359
014b529bf7750d2c,fallenstararena_quarter_04_c30r14.tgm.header,Tiny.V2,27226093,264
94af18c2caabeacf,fallenstararena_quarter_04_c30r15.tgm,Tiny.VF,27239144,517
bd45963ee9ecfd4d,fallenstararena_quarter_04_c30r15.tgm.header,Tiny.VB,27292057,264
f4d08d26bdcb3d10,fallenstararena_quarter_04_c30r16.tgm,Tiny.V9,27551041,727
2109363a40aa723c,fallenstararena_quarter_04_c30r16.tgm.header,Tiny.V8,27113160,264
ca781b34bdc2ddbb,fallenstararena_quarter_04_c30r17.tgm,Tiny.VC,27252249,635
c8d73c6dc62cc467,fallenstararena_quarter_04_c30r17.tgm.header,Tiny.V7,27057999,264
c5397da77051f39e,fallenstararena_quarter_04_c30r18.tgm,Tiny.VC,27252884,477
ecf7ceec0dafbd6d,fallenstararena_quarter_04_c30r18.tgm.header,Tiny.VF,27239661,264
2ba630c791f429a6,fallenstararena_quarter_04_c30r19.tgm,Tiny.V9,27551768,811
7f5735baa36673d6,fallenstararena_quarter_04_c30r19.tgm.header,Tiny.VB,27292321,264
aad328242d5e31d3,fallenstararena_quarter_04_c30r2.tgm,Tiny.VA,27294318,299
09fddabfb8c6f896,fallenstararena_quarter_04_c30r2.tgm.header,Tiny.V9,27552579,264
40b06a3474c745f3,fallenstararena_quarter_04_c30r20.tgm,Tiny.V1,27079623,615
bfdb8f3850fbc4a5,fallenstararena_quarter_04_c30r20.tgm.header,Tiny.V8,27113424,264
d64d4cba8431d429,fallenstararena_quarter_04_c30r21.tgm,Tiny.V7,27058263,569
1ec33e8bd53f4834,fallenstararena_quarter_04_c30r21.tgm.header,Tiny.V1,27080238,264
2ea1aa1d064aa883,fallenstararena_quarter_04_c30r22.tgm,Tiny.VA,27294617,425
5e339194f24ed865,fallenstararena_quarter_04_c30r22.tgm.header,Tiny.VF,27239925,264
3f51071f85e60d53,fallenstararena_quarter_04_c30r23.tgm,Tiny.VF,27240189,497
9ca51a69edce2755,fallenstararena_quarter_04_c30r23.tgm.header,Tiny.VA,27295042,264
cd75313728d89ad4,fallenstararena_quarter_04_c30r24.tgm,Tiny.V0,27364746,523
e50479e88ea13c1b,fallenstararena_quarter_04_c30r24.tgm.header,Tiny.VF,27240686,264
84161095ec8677e3,fallenstararena_quarter_04_c30r25.tgm,Tiny.V7,27058832,405
5cea174f5fa0da7a,fallenstararena_quarter_04_c30r25.tgm.header,Tiny.VA,27295306,264
12bd47908bcd5011,fallenstararena_quarter_04_c30r26.tgm,Tiny.V8,27113688,745
aa4da2f93b863e80,fallenstararena_quarter_04_c30r26.tgm.header,Tiny.V4,27411640,264
2bd55037955aa363,fallenstararena_quarter_04_c30r27.tgm,Tiny.VF,27240950,451
724f0301a8ea6966,fallenstararena_quarter_04_c30r27.tgm.header,Tiny.V5,26643817,264
d28b4246f68d06a7,fallenstararena_quarter_04_c30r28.tgm,Tiny.VF,27241401,609
f1232da12e2bb83e,fallenstararena_quarter_04_c30r28.tgm.header,Tiny.V0,27365269,264
f59c194a5a2e037b,fallenstararena_quarter_04_c30r29.tgm,Tiny.V5,26644081,733
c71332f9dc12f089,fallenstararena_quarter_04_c30r29.tgm.header,Tiny.V2,27226357,264
3bdeabdd75f4205f,fallenstararena_quarter_04_c30r3.tgm,Tiny.VB,27292585,351
2130cb46ee0bef43,fallenstararena_quarter_04_c30r3.tgm.header,Tiny.V8,27114433,264
377d52295b6fd4d6,fallenstararena_quarter_04_c30r30.tgm,Tiny.V7,27059237,615
0a43172e2f39c80d,fallenstararena_quarter_04_c30r30.tgm.header,Tiny.V9,27552843,264
41c272f91ddfa418,fallenstararena_quarter_04_c30r31.tgm,Tiny.V1,27080502,701
2d6202b4118f10b9,fallenstararena_quarter_04_c30r31.tgm.header,Tiny.V2,27226621,264
01ed54164507d706,fallenstararena_quarter_04_c30r32.tgm,Tiny.VE,27026929,451
fea435fc78a0ab35,fallenstararena_quarter_04_c30r32.tgm.header,Tiny.V8,27114697,264
45bdcfa1d05e5aad,fallenstararena_quarter_04_c30r33.tgm,Tiny.V1,27081203,359
fde536e752a910dc,fallenstararena_quarter_04_c30r33.tgm.header,Tiny.V1,27081562,264
986211b0d7c00b2b,fallenstararena_quarter_04_c3r4.tgm,Tiny.VA,27306726,431
949769f00c1faa3c,fallenstararena_quarter_04_c3r4.tgm.header,Tiny.VE,27035005,264
ab3fc421cbd54293,fallenstararena_quarter_04_c3r5.tgm,Tiny.V5,26656393,385
88b4f57ffc61e636,fallenstararena_quarter_04_c3r5.tgm.header,Tiny.V4,27418619,264
8c2b82fe8c87d4d0,fallenstararena_quarter_04_c3r6.tgm,Tiny.V9,27568143,333
5f0d9d05b87658e0,fallenstararena_quarter_04_c3r6.tgm.header,Tiny.V7,27066717,264
ed7642b8e51e76e3,fallenstararena_quarter_04_c3r7.tgm,Tiny.VF,27249538,503
956c9a2cacc4d1d7,fallenstararena_quarter_04_c3r7.tgm.header,Tiny.V3,26887188,264
5bc9c6366b63bf0f,fallenstararena_quarter_04_c3r8.tgm,Tiny.V7,27066981,535
bf295a7c6a3daae8,fallenstararena_quarter_04_c3r8.tgm.header,Tiny.VF,27250041,264
4ae8312f818bac02,fallenstararena_quarter_04_c3r9.tgm,Tiny.V9,27568476,1179
4e43bec68d2b2623,fallenstararena_quarter_04_c3r9.tgm.header,Tiny.VB,27299667,264
c7938f43c97e1e75,fallenstararena_quarter_04_c3r1.tgm,Tiny.V0,27368255,949
1c9dbfd5e73e0d68,fallenstararena_quarter_04_c3r1.tgm.header,Tiny.V2,27232655,264
777d23b45e1d2f74,fallenstararena_quarter_04_c3r10.tgm,Tiny.VD,27044807,3539
939cb33043f56ae7,fallenstararena_quarter_04_c3r10.tgm.header,Tiny.VC,27259992,264
46e3fd188f85e4cd,fallenstararena_quarter_04_c3r11.tgm,Tiny.V5,26653570,2295
3417f97a53471064,fallenstararena_quarter_04_c3r11.tgm.header,Tiny.VC,27260256,264
4fd12776af55b4b8,fallenstararena_quarter_04_c3r12.tgm,Tiny.VA,27302948,1603
4dfdfaecefcdf5ac,fallenstararena_quarter_04_c3r12.tgm.header,Tiny.V0,27369204,264
08d262a21ee2f91a,fallenstararena_quarter_04_c3r13.tgm,Streaming/Content/data/balance/worldareas/05/mapuberboss_fallenstar.vworld,830651,6623
75eeb00be30e871d,fallenstararena_quarter_04_c3r13.tgm.header,Tiny.V2,27232919,290
d3e3b6b981f6a6d0,fallenstararena_quarter_04_c3r14.tgm,Streaming/Content/data/balance/worldareas/3E/mapuberboss_fallenstar.vworld,6279131,39389
0d7bd9fe7fa64901,fallenstararena_quarter_04_c3r14.tgm.header,Tiny.VC,27260520,264
7fb0e4397ef15b55,fallenstararena_quarter_04_c3r15.tgm,Tiny.VA,27304551,1911
0c1b2e68b918358a,fallenstararena_quarter_04_c3r15.tgm.header,Tiny.VB,27296382,264
3af0f3dc210866ac,fallenstararena_quarter_04_c3r16.tgm,Tiny.V6,27086301,1851
6fef18f75b7297ec,fallenstararena_quarter_04_c3r16.tgm.header,Tiny.VE,27034741,264
5f143aa680a91597,fallenstararena_quarter_04_c3r17.tgm,Tiny.VB,27296646,2493
cad486dab4614654,fallenstararena_quarter_04_c3r17.tgm.header,Tiny.VD,27048346,264
86bdcf3ecb0c1c18,fallenstararena_quarter_04_c3r18.tgm,Tiny.V9,27562090,2105
802fd1242ea38331,fallenstararena_quarter_04_c3r18.tgm.header,Tiny.V3,26884203,264
8b41143cfa6f1fde,fallenstararena_quarter_04_c3r19.tgm,Tiny.VD,27048610,2181
28e685b7cddc7c9a,fallenstararena_quarter_04_c3r19.tgm.header,Tiny.VB,27299139,264
19cfe1f85fe7995c,fallenstararena_quarter_04_c3r2.tgm,Tiny.V9,27564195,687
59fe65c275e5bf28,fallenstararena_quarter_04_c3r2.tgm.header,Tiny.V7,27063445,264
1bec7e14ae4110a6,fallenstararena_quarter_04_c3r20.tgm,Tiny.V8,27120223,2095
9c82e0e8829c56fc,fallenstararena_quarter_04_c3r20.tgm.header,Tiny.V8,27122318,264
8dac1fc4b2d83151,fallenstararena_quarter_04_c3r21.tgm,Tiny.VF,27246543,2731
81d895985dc79da3,fallenstararena_quarter_04_c3r21.tgm.header,Tiny.VF,27249274,264
81cfb61c40eb630d,fallenstararena_quarter_04_c3r22.tgm,Tiny.V3,26884467,2721
6dc844846ac9d4ac,fallenstararena_quarter_04_c3r22.tgm.header,Tiny.V5,26655865,264
813e9f00db01d1ae,fallenstararena_quarter_04_c3r23.tgm,Streaming/Content/data/balance/worldareas/85/g2_9_1.vworld,574817,4299
429a591f91cadfa4,fallenstararena_quarter_04_c3r23.tgm.header,Tiny.V5,26656129,264
c29cf102406bc0cf,fallenstararena_quarter_04_c3r24.tgm,Streaming/Content/data/balance/worldareas/89/mapuberboss_fallenstar.vworld,6193420,6073
6c25d05b89a86bd0,fallenstararena_quarter_04_c3r24.tgm.header,Tiny.VD,27050791,264
aefeab83470c948e,fallenstararena_quarter_04_c3r25.tgm,Streaming/Content/data/balance/worldareas/29/mapuberboss_fallenstar.vworld,2423903,5651
a154752750514992,fallenstararena_quarter_04_c3r25.tgm.header,Tiny.VA,27306462,264
f2fe8d42fdbef443,fallenstararena_quarter_04_c3r26.tgm,Tiny.V4,27416570,2049
314cc6e1c72ca562,fallenstararena_quarter_04_c3r26.tgm.header,Tiny.V1,27088311,264
352d2a55961dc201,fallenstararena_quarter_04_c3r27.tgm,Tiny.VD,27051055,1431
2c06a3739966bbaf,fallenstararena_quarter_04_c3r27.tgm.header,Tiny.V0,27369468,264
59831f14c9716934,fallenstararena_quarter_04_c3r28.tgm,Tiny.V7,27063709,1465
28772e5c85420b3c,fallenstararena_quarter_04_c3r28.tgm.header,Tiny.V0,27369732,264
a65a7d71e3f858fe,fallenstararena_quarter_04_c3r29.tgm,Tiny.V9,27564882,1515
b4ef4dd99434d317,fallenstararena_quarter_04_c3r29.tgm.header,Tiny.V1,27088575,264
b735e7bdb0c5da81,fallenstararena_quarter_04_c3r3.tgm,Tiny.V9,27566397,451
c5bb51d19b4111ee,fallenstararena_quarter_04_c3r3.tgm.header,Tiny.V6,27088152,264
2950a4ba81ce415b,fallenstararena_quarter_04_c3r30.tgm,Tiny.V1,27088839,1521
238affb5a5e47e32,fallenstararena_quarter_04_c3r30.tgm.header,Tiny.V0,27369996,264
39d0e44563d0f8fb,fallenstararena_quarter_04_c3r31.tgm,Tiny.V7,27065174,1543
e7d01598a42d83aa,fallenstararena_quarter_04_c3r31.tgm.header,Tiny.VB,27299403,264
169e89491fedc812,fallenstararena_quarter_04_c3r32.tgm,Tiny.V6,27088416,1459
1edd3ab67ffbd1e9,fallenstararena_quarter_04_c3r32.tgm.header,Tiny.VC,27260784,264
b26385ffcc0e93d1,fallenstararena_quarter_04_c3r33.tgm,Tiny.V9,27566848,1295
5656153acdcf0e00,fallenstararena_quarter_04_c3r33.tgm.header,Tiny.V1,27090360,264
fa7a09b5a9df4faf,fallenstararena_quarter_04_c29r4.tgm,Tiny.V0,27362130,351
7535bca0b673dc2a,fallenstararena_quarter_04_c29r4.tgm.header,Tiny.V9,27546301,264
78496e73ee88a95e,fallenstararena_quarter_04_c29r5.tgm,Streaming/Content/data/balance/worldareas/BD/mapuberboss_fallenstar.vworld,11489077,54465
a49dd296d01fb645,fallenstararena_quarter_04_c29r5.tgm.header,Tiny.V5,26641146,264
bbe022a637f1e31f,fallenstararena_quarter_04_c29r6.tgm,Tiny.VB,27290342,659
36f43565463e445b,fallenstararena_quarter_04_c29r6.tgm.header,Tiny.VA,27291858,264
47da37ba3d091e3c,fallenstararena_quarter_04_c29r7.tgm,Tiny.V6,27075466,509
5e8bad6c143a23c0,fallenstararena_quarter_04_c29r7.tgm.header,Tiny.V4,27409113,264
c1e6052cb2ac206b,fallenstararena_quarter_04_c29r8.tgm,Streaming/Content/data/balance/worldareas/5B/mapuberboss_fallenstar.vworld,586358,54453
dc1f7ee29e566068,fallenstararena_quarter_04_c29r8.tgm.header,Tiny.V6,27075975,264
6f9973173ab35202,fallenstararena_quarter_04_c29r9.tgm,Tiny.VF,27238207,673
0127d74866adfc98,fallenstararena_quarter_04_c29r9.tgm.header,Tiny.V7,27052086,264
b3097c0dd7223e4c,fallenstararena_quarter_04_c29r1.tgm,Tiny.V8,27106184,959
87ef8dc5caf9bf63,fallenstararena_quarter_04_c29r1.tgm.header,Tiny.V3,26875338,264
cc71640c3a06c4ec,fallenstararena_quarter_04_c29r10.tgm,Tiny.VD,27034930,745
e7f34e7697a7d751,fallenstararena_quarter_04_c29r10.tgm.header,Tiny.V3,26875602,264
80280cc834513355,fallenstararena_quarter_04_c29r11.tgm,Streaming/Content/data/balance/worldareas/6F/delirium_hungerboss.vworld,427446,54637
2be2ced5e7abc361,fallenstararena_quarter_04_c29r11.tgm.header,Tiny.VF,27237943,264
39e94d967b2da9ef,fallenstararena_quarter_04_c29r12.tgm,Tiny.VA,27290786,621
042851560d82fc09,fallenstararena_quarter_04_c29r12.tgm.header,Tiny.V4,27408585,264
d312e809419d9564,fallenstararena_quarter_04_c29r13.tgm,Tiny.VD,27035675,823
5269e1f5e8a02253,fallenstararena_quarter_04_c29r13.tgm.header,Tiny.V7,27051030,264
931558676752feca,fallenstararena_quarter_04_c29r14.tgm,Streaming/Content/data/balance/worldareas/B8/mapuberboss_fallenstar.vworld,407234,54657
a248993cce58685e,fallenstararena_quarter_04_c29r14.tgm.header,Tiny.V1,27069433,264
74ab090c8470bcb5,fallenstararena_quarter_04_c29r15.tgm,Tiny.V5,26640129,753
7b36a9502e69957f,fallenstararena_quarter_04_c29r15.tgm.header,Tiny.V8,27107143,264
11d846c2e40c30c8,fallenstararena_quarter_04_c29r16.tgm,Tiny.V8,27107407,863
1e5112f3d6560a29,fallenstararena_quarter_04_c29r16.tgm.header,Tiny.VD,27036498,264
1ac803cdb1420171,fallenstararena_quarter_04_c29r17.tgm,Streaming/Content/data/balance/worldareas/9F/mapport.vworld.1,835569,54585
54f8873f3ff9b42e,fallenstararena_quarter_04_c29r17.tgm.header,Tiny.VC,27244991,264
ad0722c36843ce2d,fallenstararena_quarter_04_c29r18.tgm,Tiny.VB,27287703,713
79e8b266d99837a4,fallenstararena_quarter_04_c29r18.tgm.header,Tiny.VE,27020824,264
dd48bee52f7b13f3,fallenstararena_quarter_04_c29r19.tgm,Tiny.VD,27036762,523
6a3ea65fccbcda7b,fallenstararena_quarter_04_c29r19.tgm.header,Tiny.VB,27288416,264
c56040603c217234,fallenstararena_quarter_04_c29r2.tgm,Streaming/Content/data/balance/worldareas/DE/mapuberboss_fallenstar.vworld,5810101,54421
874d6dffa8701e5f,fallenstararena_quarter_04_c29r2.tgm.header,Tiny.VD,27037285,264
bd3443cd58b15a5f,fallenstararena_quarter_04_c29r20.tgm,Streaming/Content/data/balance/worldareas/EB/mapuberboss_fallenstar.vworld,15771394,54297
d98a9c5f44e6d5d9,fallenstararena_quarter_04_c29r20.tgm.header,Tiny.VD,27037549,264
93b38d0d099736a9,fallenstararena_quarter_04_c29r21.tgm,Tiny.VB,27288680,647
316e9e29358375ea,fallenstararena_quarter_04_c29r21.tgm.header,Tiny.VD,27037813,264
a1c7d63335e71f17,fallenstararena_quarter_04_c29r22.tgm,Tiny.VC,27245255,589
910a1203f9a4530c,fallenstararena_quarter_04_c29r22.tgm.header,Tiny.V0,27360572,264
d02423363fbc7fbc,fallenstararena_quarter_04_c29r23.tgm,Streaming/Content/data/balance/worldareas/A1/mapuberboss_fallenstar.vworld,1485098,54761
88c0e1d9523a0d8b,fallenstararena_quarter_04_c29r23.tgm.header,Tiny.V7,27051294,264
cd6b4b3fa02c1f0e,fallenstararena_quarter_04_c29r24.tgm,Tiny.VB,27289327,751
5e48a954fed943ca,fallenstararena_quarter_04_c29r24.tgm.header,Tiny.V1,27069697,264
72d0ddd97376cc6f,fallenstararena_quarter_04_c29r25.tgm,Tiny.V0,27360836,555
ba5ebca3026b546e,fallenstararena_quarter_04_c29r25.tgm.header,Tiny.V2,27221628,264
fd9a46e8b47c853e,fallenstararena_quarter_04_c29r26.tgm,Streaming/Content/data/balance/worldareas/BA/mapuberboss_fallenstar.vworld,8426770,54841
066695ffc0e85195,fallenstararena_quarter_04_c29r26.tgm.header,Tiny.V8,27108270,264
56e416273baf1532,fallenstararena_quarter_04_c29r27.tgm,Tiny.V3,26875866,451
d9fb790d1bc3d76d,fallenstararena_quarter_04_c29r27.tgm.header,Tiny.V7,27051558,264
2c61133d99389fb2,fallenstararena_quarter_04_c29r28.tgm,Tiny.V1,27069961,365
208255c356ca837a,fallenstararena_quarter_04_c29r28.tgm.header,Tiny.V4,27408849,264
9b7eaeaa8e6e2c9d,fallenstararena_quarter_04_c29r29.tgm,Streaming/Content/data/balance/worldareas/B0/mapprecursortowerdesert.vworld,604355,54657
9a58aeb376f8420c,fallenstararena_quarter_04_c29r29.tgm.header,Tiny.VE,27021088,264
a3270c57c505e0bb,fallenstararena_quarter_04_c29r3.tgm,Tiny.V0,27361391,475
a1978dcc985fb599,fallenstararena_quarter_04_c29r3.tgm.header,Tiny.V5,26640882,264
1348d522c4029620,fallenstararena_quarter_04_c29r30.tgm,Tiny.V1,27070326,523
9a583ae8766dfb9d,fallenstararena_quarter_04_c29r30.tgm.header,Tiny.VB,27290078,264
158c2bde5c0433bd,fallenstararena_quarter_04_c29r31.tgm,Tiny.V1,27070849,613
933f89285c5c71a6,fallenstararena_quarter_04_c29r31.tgm.header,Tiny.V7,27051822,264
081eb638c0f00cb5,fallenstararena_quarter_04_c29r32.tgm,Streaming/Content/data/balance/worldareas/11/mapport.vworld,473047,54427
9ee1a7b4fd39ead6,fallenstararena_quarter_04_c29r32.tgm.header,Tiny.VD,27038077,264
e94aca3e73801bb5,fallenstararena_quarter_04_c29r33.tgm,Tiny.VA,27291407,451
c9d96edce8509727,fallenstararena_quarter_04_c29r33.tgm.header,Tiny.V0,27361866,264
2a9a3b9c6c4c1ef2,fallenstararena_quarter_04_c28r4.tgm,Tiny.V6,27074811,391
95b16e536a765a16,fallenstararena_quarter_04_c28r4.tgm.header,Tiny.VD,27034666,264
fb42ccafd0b0326e,fallenstararena_quarter_04_c28r5.tgm,Tiny.V8,27104753,423
343495dc24d4185e,fallenstararena_quarter_04_c28r5.tgm.header,Tiny.V0,27360308,264
092d67ee3e804583,fallenstararena_quarter_04_c28r6.tgm,Tiny.V8,27105176,339
3308bd412f8dc900,fallenstararena_quarter_04_c28r6.tgm.header,Tiny.V6,27075202,264
e61122898edb780e,fallenstararena_quarter_04_c28r7.tgm,Tiny.V8,27105515,405
50978e2ab5d836f8,fallenstararena_quarter_04_c28r7.tgm.header,Tiny.VC,27244727,264
bd15876e84f1581f,fallenstararena_quarter_04_c28r8.tgm,Tiny.V4,27407820,765
62fa6104e5de10d3,fallenstararena_quarter_04_c28r8.tgm.header,Tiny.V5,26639865,264
47642475ce5d2017,fallenstararena_quarter_04_c28r9.tgm,Tiny.VB,27287088,615
40f47c1ed07f19e0,fallenstararena_quarter_04_c28r9.tgm.header,Tiny.V8,27105920,264
3141e480966ff331,fallenstararena_quarter_04_c28r1.tgm,Tiny.VD,27033124,999
b1f33274af615ef0,fallenstararena_quarter_04_c28r1.tgm.header,Tiny.V2,27220281,264
7c5a3a75cb6cfd7e,fallenstararena_quarter_04_c28r10.tgm,Tiny.V9,27544193,523
3ac30c3f71364759,fallenstararena_quarter_04_c28r10.tgm.header,Tiny.VA,27289425,264
46521eadcfcc3844,fallenstararena_quarter_04_c28r11.tgm,Tiny.V5,26638325,549
fd7dbe7029fa1826,fallenstararena_quarter_04_c28r11.tgm.header,Tiny.V9,27544716,264
8cb32652d876db18,fallenstararena_quarter_04_c28r12.tgm,Tiny.V4,27406774,417
f4038ca4d8f075f0,fallenstararena_quarter_04_c28r12.tgm.header,Tiny.V5,26638874,264
62c9ff9737912230,fallenstararena_quarter_04_c28r13.tgm,Tiny.V0,27359627,417
c3c2c6ef3c192692,fallenstararena_quarter_04_c28r13.tgm.header,Tiny.V2,27220545,264
19bad77a0cc50898,fallenstararena_quarter_04_c28r14.tgm,Tiny.V2,27220809,555
bd416c1eec89d1d0,fallenstararena_quarter_04_c28r14.tgm.header,Tiny.V4,27407191,264
2c23d2f4df1ac6f4,fallenstararena_quarter_04_c28r15.tgm,Tiny.V3,26872718,523
b66c28be54500ac5,fallenstararena_quarter_04_c28r15.tgm.header,Tiny.VF,27236728,264
d779f3e3e76e6cda,fallenstararena_quarter_04_c28r16.tgm,Tiny.V9,27544980,339
d3edf0b79c0bc7e2,fallenstararena_quarter_04_c28r16.tgm.header,Tiny.V7,27049649,264
0c27129c84553ecb,fallenstararena_quarter_04_c28r17.tgm,Tiny.V9,27545319,385
a5de4b808fc9ffe7,fallenstararena_quarter_04_c28r17.tgm.header,Tiny.V0,27360044,264
c016c06fc250240b,fallenstararena_quarter_04_c28r18.tgm,Tiny.V8,27102615,615
eb578390312f3bab,fallenstararena_quarter_04_c28r18.tgm.header,Tiny.V3,26873241,264
9bd9bdd10a886333,fallenstararena_quarter_04_c28r19.tgm,Tiny.V3,26873505,595
3a8fcb3a9fca383f,fallenstararena_quarter_04_c28r19.tgm.header,Tiny.V7,27049913,264
78f3f42ce73a64d2,fallenstararena_quarter_04_c28r2.tgm,Tiny.VB,27286364,391
7784d7e244121670,fallenstararena_quarter_04_c28r2.tgm.header,Tiny.V9,27545704,264
6e30aa8c48eb7c7b,fallenstararena_quarter_04_c28r20.tgm,Tiny.V1,27068271,639
a17e9fd61c2cbca3,fallenstararena_quarter_04_c28r20.tgm.header,Tiny.V2,27221364,264
a0f098cfe385d816,fallenstararena_quarter_04_c28r21.tgm,Tiny.V5,26639138,463
2cefd17e9719c5c1,fallenstararena_quarter_04_c28r21.tgm.header,Tiny.V8,27103230,264
46f1c3900ec735ab,fallenstararena_quarter_04_c28r22.tgm,Tiny.V8,27103494,731
b641b2154f8670c3,fallenstararena_quarter_04_c28r22.tgm.header,Tiny.V8,27104225,264
18de66528c6975a4,fallenstararena_quarter_04_c28r23.tgm,Tiny.VA,27289689,569
de0d44838be9a25b,fallenstararena_quarter_04_c28r23.tgm.header,Tiny.V7,27050177,264
4dca8771f4045525,fallenstararena_quarter_04_c28r24.tgm,Tiny.VE,27019627,405
8920edc80bf6476d,fallenstararena_quarter_04_c28r24.tgm.header,Tiny.VE,27020032,264
aab77fe26db37807,fallenstararena_quarter_04_c28r25.tgm,Tiny.V3,26874100,379
23ffdde67068d2ff,fallenstararena_quarter_04_c28r25.tgm.header,Tiny.VF,27236992,264
422e21a5c440655b,fallenstararena_quarter_04_c28r26.tgm,Tiny.V7,27050441,589
0e4a6f82f4719c10,fallenstararena_quarter_04_c28r26.tgm.header,Tiny.VA,27290258,264
5b46c970eb58a451,fallenstararena_quarter_04_c28r27.tgm,Tiny.VC,27244098,365
2227e7dc3401dafc,fallenstararena_quarter_04_c28r27.tgm.header,Tiny.VF,27237256,264
d8820912b1f27381,fallenstararena_quarter_04_c28r28.tgm,Tiny.VF,27237520,423
01a935bfd85281f7,fallenstararena_quarter_04_c28r28.tgm.header,Tiny.V3,26874479,264
95ed69a2a03fce4b,fallenstararena_quarter_04_c28r29.tgm,Tiny.V3,26874743,595
ee9865859cdf1826,fallenstararena_quarter_04_c28r29.tgm.header,Tiny.V5,26639601,264
75423a9d2c6a056c,fallenstararena_quarter_04_c28r3.tgm,Tiny.V4,27407455,365
597ef45cce4c1aa2,fallenstararena_quarter_04_c28r3.tgm.header,Tiny.VE,27020296,264
73b9c82eb8c37ed7,fallenstararena_quarter_04_c28r30.tgm,Tiny.V1,27068910,523
64ec724e9c94c92c,fallenstararena_quarter_04_c28r30.tgm.header,Tiny.VC,27244463,264
5e32bf0dab02d5eb,fallenstararena_quarter_04_c28r31.tgm,Tiny.VD,27034123,543
e190bc9ff299d31f,fallenstararena_quarter_04_c28r31.tgm.header,Tiny.VA,27290522,264
9693f3c61a7f5c66,fallenstararena_quarter_04_c28r32.tgm,Tiny.V9,27545968,333
b730d14eeb544351,fallenstararena_quarter_04_c28r32.tgm.header,Tiny.VE,27020560,264
bd319ac9c3153203,fallenstararena_quarter_04_c28r33.tgm,Tiny.VB,27286755,333
84532f3883596342,fallenstararena_quarter_04_c28r33.tgm.header,Tiny.V8,27104489,264
5dd2df87eb06a69f,fallenstararena_quarter_04_c27r4.tgm,Tiny.V3,26871216,451
ecadea0d6c79adc1,fallenstararena_quarter_04_c27r4.tgm.header,Tiny.V2,27220017,264
1d672ba293410278,fallenstararena_quarter_04_c27r5.tgm,Tiny.VE,27019216,411
85c9b48c52511f79,fallenstararena_quarter_04_c27r5.tgm.header,Tiny.V0,27359363,264
e4bf57716282547f,fallenstararena_quarter_04_c27r6.tgm,Tiny.VD,27031948,457
b8196da929849520,fallenstararena_quarter_04_c27r6.tgm.header,Tiny.VA,27289161,264
75c9847122189180,fallenstararena_quarter_04_c27r7.tgm,Tiny.V4,27406127,647
5ec4a582e903f77c,fallenstararena_quarter_04_c27r7.tgm.header,Tiny.V1,27068007,264
79439632cef9d5f9,fallenstararena_quarter_04_c27r8.tgm,Tiny.VD,27032405,719
cd8f687cbc65b41a,fallenstararena_quarter_04_c27r8.tgm.header,Tiny.V3,26871667,264
89e7c5a3a4763e09,fallenstararena_quarter_04_c27r9.tgm,Tiny.V3,26871931,523
43f1737cf55ef5a4,fallenstararena_quarter_04_c27r9.tgm.header,Tiny.V3,26872454,264
4e78f45a8bcb706f,fallenstararena_quarter_04_c27r1.tgm,Tiny.VB,27284854,923
b0afba827f48a771,fallenstararena_quarter_04_c27r1.tgm.header,Tiny.VA,27287841,264
f66b232a41895482,fallenstararena_quarter_04_c27r10.tgm,Tiny.V2,27217396,503
ce108a6b9abd0840,fallenstararena_quarter_04_c27r10.tgm.header,Tiny.V5,26637174,264
4257611e3d84d6ab,fallenstararena_quarter_04_c27r11.tgm,Tiny.V4,27404356,777
eafe6881c586da0b,fallenstararena_quarter_04_c27r11.tgm.header,Tiny.V9,27542497,264
930d6fcb5c7affe3,fallenstararena_quarter_04_c27r12.tgm,Tiny.V0,27357729,639
cde38135ef2fbacc,fallenstararena_quarter_04_c27r12.tgm.header,Tiny.VE,27017364,264
724d986fd9a84f05,fallenstararena_quarter_04_c27r13.tgm,Tiny.VC,27242890,613
965f7833a4567769,fallenstararena_quarter_04_c27r13.tgm.header,Tiny.V8,27100846,264
086c645afb6f28f1,fallenstararena_quarter_04_c27r14.tgm,Tiny.V6,27073130,625
8fd1bd20dc00ce4e,fallenstararena_quarter_04_c27r14.tgm.header,Tiny.V6,27073755,264
6bd57a44b2d36e99,fallenstararena_quarter_04_c27r15.tgm,Tiny.V7,27049206,443
ad8d6bdb35a88519,fallenstararena_quarter_04_c27r15.tgm.header,Tiny.V8,27101110,264
9b74bb05f1007688,fallenstararena_quarter_04_c27r16.tgm,Tiny.VB,27285777,587
f23567b6bcc05073,fallenstararena_quarter_04_c27r16.tgm.header,Tiny.VD,27030773,264
a8a1c08ef8cced7e,fallenstararena_quarter_04_c27r17.tgm,Tiny.VE,27017628,699
58926c163fe179bd,fallenstararena_quarter_04_c27r17.tgm.header,Tiny.V0,27358368,264
59a877e28488b224,fallenstararena_quarter_04_c27r18.tgm,Tiny.V1,27063864,497
080e96c35afa0d07,fallenstararena_quarter_04_c27r18.tgm.header,Tiny.V6,27074019,264
caae7e9eeae7f192,fallenstararena_quarter_04_c27r19.tgm,Tiny.V4,27405133,471
d2c387a9cc91c088,fallenstararena_quarter_04_c27r19.tgm.header,Tiny.V8,27101374,264
3b1bb0681f8d32f3,fallenstararena_quarter_04_c27r2.tgm,Tiny.V1,27064361,581
a1011ab9e6cc8081,fallenstararena_quarter_04_c27r2.tgm.header,Tiny.VA,27288105,264
3e16ccbb0124d814,fallenstararena_quarter_04_c27r20.tgm,Tiny.VD,27031037,647
28f1f14ac64f74fc,fallenstararena_quarter_04_c27r20.tgm.header,Tiny.V5,26637438,264
ffbe2d4fe742c0bb,fallenstararena_quarter_04_c27r21.tgm,Tiny.V2,27217899,903
a455392792f69ecb,fallenstararena_quarter_04_c27r21.tgm.header,Tiny.V3,26870311,264
68b950d79be0d3b4,fallenstararena_quarter_04_c27r22.tgm,Tiny.VE,27018327,889
a4eb4bb1cd2286bb,fallenstararena_quarter_04_c27r22.tgm.header,Tiny.V1,27064942,264
b65d0c7ba88c987c,fallenstararena_quarter_04_c27r23.tgm,Tiny.V9,27542761,673
78bc21f7d234169c,fallenstararena_quarter_04_c27r23.tgm.header,Tiny.V9,27543434,264
2324bfb508c62d3b,fallenstararena_quarter_04_c27r24.tgm,Tiny.V8,27101638,713
c2fc296863d4aebd,fallenstararena_quarter_04_c27r24.tgm.header,Tiny.V6,27074283,264
2c6efcebebe6f929,fallenstararena_quarter_04_c27r25.tgm,Tiny.V0,27358632,731
89112bba91f270e4,fallenstararena_quarter_04_c27r25.tgm.header,Tiny.V1,27065206,264
97e8a1f4a958cc50,fallenstararena_quarter_04_c27r26.tgm,Tiny.V3,26870575,641
5c7aa156363ff58a,fallenstararena_quarter_04_c27r26.tgm.header,Tiny.VD,27031684,264
87f3494f7c3d96c7,fallenstararena_quarter_04_c27r27.tgm,Tiny.V4,27405604,523
f44aecfffd811869,fallenstararena_quarter_04_c27r27.tgm.header,Tiny.VA,27288369,264
26c692c1bc05fd6f,fallenstararena_quarter_04_c27r28.tgm,Tiny.V1,27065470,785
21a230303ecd4a2e,fallenstararena_quarter_04_c27r28.tgm.header,Tiny.V5,26637702,264
3eff39380fa87271,fallenstararena_quarter_04_c27r29.tgm,Tiny.V2,27218802,687
591e53837165d12f,fallenstararena_quarter_04_c27r29.tgm.header,Tiny.VA,27288633,264
411bf441e39d7710,fallenstararena_quarter_04_c27r3.tgm,Tiny.V9,27543698,495
b4ffb27e480c053b,fallenstararena_quarter_04_c27r3.tgm.header,Tiny.V2,27219489,264
4cafb72250b44edd,fallenstararena_quarter_04_c27r30.tgm,Tiny.V1,27066255,1013
9c62f63392f4d939,fallenstararena_quarter_04_c27r30.tgm.header,Tiny.V6,27074547,264
d1210f478b21c065,fallenstararena_quarter_04_c27r31.tgm,Tiny.VC,27243503,595
d909f7dc750b0ef6,fallenstararena_quarter_04_c27r31.tgm.header,Tiny.VA,27288897,264
21564c0a9253c6ea,fallenstararena_quarter_04_c27r32.tgm,Tiny.V1,27067268,739
f55d025ccf53858b,fallenstararena_quarter_04_c27r32.tgm.header,Tiny.V2,27219753,264
2db56aff676af9cf,fallenstararena_quarter_04_c27r33.tgm,Tiny.V5,26637966,359
dbdf91643a68f5c7,fallenstararena_quarter_04_c27r33.tgm.header,Tiny.V8,27102351,264
6285d5200c411e8e,fallenstararena_quarter_04_c26r4.tgm,Tiny.V3,26869420,627
39dcf4e1f48aa657,fallenstararena_quarter_04_c26r4.tgm.header,Tiny.V8,27100582,264
ac0dac92d48755bc,fallenstararena_quarter_04_c26r5.tgm,Streaming/Content/data/balance/worldareas/25/mapuberboss_fallenstar.vworld,6775059,54735
af449b3aaf138621,fallenstararena_quarter_04_c26r5.tgm.header,Tiny.V4,27403828,264
d3a4ad4a98d72280,fallenstararena_quarter_04_c26r6.tgm,Tiny.VA,27287180,661
a998ce863bc12912,fallenstararena_quarter_04_c26r6.tgm.header,Tiny.V3,26870047,264
c0c5a82e2bcdb661,fallenstararena_quarter_04_c26r7.tgm,Tiny.V9,27542040,457
9c02999eced1e935,fallenstararena_quarter_04_c26r7.tgm.header,Tiny.VF,27236200,264
214396028f97fa94,fallenstararena_quarter_04_c26r8.tgm,Streaming/Content/data/balance/worldareas/80/mapuberboss_fallenstar.vworld,10239984,54231
70e3cd648bd3368d,fallenstararena_quarter_04_c26r8.tgm.header,Tiny.V4,27404092,264
3cd480051885ab3f,fallenstararena_quarter_04_c26r9.tgm,Tiny.V2,27216991,405
021e69d7bceb5af5,fallenstararena_quarter_04_c26r9.tgm.header,Tiny.VF,27236464,264
b8f0e46176f7656c,fallenstararena_quarter_04_c26r1.tgm,Tiny.V1,27060479,837
00c7448f207dc203,fallenstararena_quarter_04_c26r1.tgm.header,Tiny.V9,27540903,264
ab144a4c54a0cc30,fallenstararena_quarter_04_c26r10.tgm,Tiny.VA,27284491,745
39f3d5dc444dce28,fallenstararena_quarter_04_c26r10.tgm.header,Tiny.VE,27015752,264
f365b0725616cff4,fallenstararena_quarter_04_c26r11.tgm,Streaming/Content/data/balance/worldareas/2F/mapprecursortowerdesert.vworld,593340,54395
50ab2e1f4712e8dc,fallenstararena_quarter_04_c26r11.tgm.header,Tiny.V1,27061316,264
dbcc7dd94e9e478c,fallenstararena_quarter_04_c26r12.tgm,Tiny.V2,27215794,405
2b6b993a6f5adb0b,fallenstararena_quarter_04_c26r12.tgm.header,Tiny.V6,27072263,264
3a06928cb1b4755c,fallenstararena_quarter_04_c26r13.tgm,Tiny.VE,27016016,417
f2cb427e3868d526,fallenstararena_quarter_04_c26r13.tgm.header,Tiny.VC,27241819,264
ebe0f73cdf1848fd,fallenstararena_quarter_04_c26r14.tgm,Streaming/Content/data/balance/worldareas/B2/mapuberboss_fallenstar.vworld,5609150,54237
4a9691d86f2c8037,fallenstararena_quarter_04_c26r14.tgm.header,Tiny.V7,27048678,264
38ea322301097d66,fallenstararena_quarter_04_c26r15.tgm,Tiny.VD,27030040,733
413c3408d8fba51f,fallenstararena_quarter_04_c26r15.tgm.header,Tiny.V5,26635669,264
453372bb9fb273a4,fallenstararena_quarter_04_c26r16.tgm,Tiny.V1,27061580,949
3f0d5afb19b8587d,fallenstararena_quarter_04_c26r16.tgm.header,Tiny.V6,27072527,264
ae64184505a78311,fallenstararena_quarter_04_c26r17.tgm,Streaming/Content/data/balance/worldareas/A7/mapuberboss_fallenstar.vworld,1452691,54769
5f10fd0cf86c9213,fallenstararena_quarter_04_c26r17.tgm.header,Tiny.V1,27062529,264
13ba7d1853a64b1d,fallenstararena_quarter_04_c26r18.tgm,Tiny.V9,27541167,609
f5d13277b33fa7f0,fallenstararena_quarter_04_c26r18.tgm.header,Tiny.V1,27062793,264
25bed5ef783dd328,fallenstararena_quarter_04_c26r19.tgm,Tiny.VE,27016433,667
db527c3acfba1958,fallenstararena_quarter_04_c26r19.tgm.header,Tiny.V4,27401653,264
a7c7efc9423c1d2b,fallenstararena_quarter_04_c26r2.tgm,Streaming/Content/data/balance/worldareas/0E/mapuberboss_fallenstar.vworld,12380928,54479
32b5b38f05d1eb3f,fallenstararena_quarter_04_c26r2.tgm.header,Tiny.V0,27357465,264
7105bc23cba47fbc,fallenstararena_quarter_04_c26r20.tgm,Streaming/Content/data/balance/worldareas/47/mapuberboss_fallenstar.vworld,7018559,54553
fc429da2113356d8,fallenstararena_quarter_04_c26r20.tgm.header,Tiny.VF,27235672,264
6f6ed149f2d99f52,fallenstararena_quarter_04_c26r21.tgm,Tiny.V8,27099703,615
2bf400555112c928,fallenstararena_quarter_04_c26r21.tgm.header,Tiny.VA,27285236,264
3efe454a833f2e9d,fallenstararena_quarter_04_c26r22.tgm,Tiny.VC,27242083,543
ec9a5754e9dd629a,fallenstararena_quarter_04_c26r22.tgm.header,Tiny.V2,27216199,264
662f9bb9483b36bf,fallenstararena_quarter_04_c26r23.tgm,Streaming/Content/data/balance/worldareas/91/bossrush_area3.vworld.1,161371,54665
f7590a0ae597efd8,fallenstararena_quarter_04_c26r23.tgm.header,Tiny.V5,26635933,264
9b5a271e4b1d2896,fallenstararena_quarter_04_c26r24.tgm,Tiny.V1,27063057,543
cf1228eca89bdddd,fallenstararena_quarter_04_c26r24.tgm.header,Tiny.V8,27100318,264
d069260f32f08309,fallenstararena_quarter_04_c26r25.tgm,Tiny.V5,26636197,713
e76580ae2e17cd32,fallenstararena_quarter_04_c26r25.tgm.header,Tiny.VC,27242626,264
9947b33a18fd322f,fallenstararena_quarter_04_c26r26.tgm,Streaming/Content/data/balance/worldareas/AF/mapuberboss_fallenstar.vworld,486548,54467
f5af15880d4532fa,fallenstararena_quarter_04_c26r26.tgm.header,Tiny.V3,26869156,264
24d674c7ccabfd8a,fallenstararena_quarter_04_c26r27.tgm,Tiny.V4,27401917,471
842d4b6ac5788023,fallenstararena_quarter_04_c26r27.tgm.header,Tiny.VF,27235936,264
632a3214d5875b37,fallenstararena_quarter_04_c26r28.tgm,Tiny.V4,27402388,753
e25718cf96c94ee3,fallenstararena_quarter_04_c26r28.tgm.header,Tiny.V9,27541776,264
0dbdb70ce184a20e,fallenstararena_quarter_04_c26r29.tgm,Streaming/Content/data/balance/worldareas/C2/g3_11.vworld,696901,54717
b4a917dbe6a658a8,fallenstararena_quarter_04_c26r29.tgm.header,Tiny.V7,27048942,264
955b5585810d01dd,fallenstararena_quarter_04_c26r3.tgm,Tiny.VA,27285500,489
d61c722ba3513b4e,fallenstararena_quarter_04_c26r3.tgm.header,Tiny.V5,26636910,264
f4ae7ea8f6bcea15,fallenstararena_quarter_04_c26r30.tgm,Tiny.VA,27285989,1191
5fafd1021f06eade,fallenstararena_quarter_04_c26r30.tgm.header,Tiny.VE,27017100,264
81d45cf0ffb96a6a,fallenstararena_quarter_04_c26r31.tgm,Tiny.V4,27403141,687
1cd4fc65c14773c0,fallenstararena_quarter_04_c26r31.tgm.header,Tiny.V2,27216463,264
ee7763befa6a4946,fallenstararena_quarter_04_c26r32.tgm,Streaming/Content/data/balance/worldareas/DB/mapuberboss_fallenstar.vworld,80048,54625
63a2d862d0af1d1b,fallenstararena_quarter_04_c26r32.tgm.header,Tiny.V2,27216727,264
e53bdfba50e715b5,fallenstararena_quarter_04_c26r33.tgm,Tiny.V6,27072791,339
4742cd9a76a3d48f,fallenstararena_quarter_04_c26r33.tgm.header,Tiny.V1,27063600,264
627ab6057ebd2778,fallenstararena_quarter_04_c25r4.tgm,Tiny.V4,27400952,437
0c052e8589535a62,fallenstararena_quarter_04_c25r4.tgm.header,Tiny.V4,27401389,264
2847811475008fa6,fallenstararena_quarter_04_c25r5.tgm,Tiny.VC,27241362,457
ba0bd07dfb4700cf,fallenstararena_quarter_04_c25r5.tgm.header,Tiny.V9,27540639,264
f2d476a8ff40505d,fallenstararena_quarter_04_c25r6.tgm,Tiny.VE,27015255,497
1fe5bfa31bd91437,fallenstararena_quarter_04_c25r6.tgm.header,Tiny.V7,27048414,264
3d4d36bc3e151cc2,fallenstararena_quarter_04_c25r7.tgm,Tiny.VF,27234915,757
9f05f04611aa0b2c,fallenstararena_quarter_04_c25r7.tgm.header,Tiny.VB,27284590,264
1eb7630f6615b5fa,fallenstararena_quarter_04_c25r8.tgm,Tiny.V6,27071446,817
09295e8d7a6e759f,fallenstararena_quarter_04_c25r8.tgm.header,Tiny.VD,27029776,264
86467005841994b4,fallenstararena_quarter_04_c25r9.tgm,Tiny.V8,27098846,857
93577729b9b44018,fallenstararena_quarter_04_c25r9.tgm.header,Tiny.V3,26868892,264
b64c08c0b7a8f26d,fallenstararena_quarter_04_c25r1.tgm,Tiny.V9,27536833,1033
b614ddb444f241b8,fallenstararena_quarter_04_c25r1.tgm.header,Tiny.VC,27239351,264
1a82af6bc4b35005,fallenstararena_quarter_04_c25r10.tgm,Tiny.V9,27537866,995
2f6a9eb66bc013f0,fallenstararena_quarter_04_c25r10.tgm.header,Tiny.V7,27045288,264
d61180a033e70b00,fallenstararena_quarter_04_c25r11.tgm,Tiny.VB,27283803,523
a58bfd46e2f6fe6a,fallenstararena_quarter_04_c25r11.tgm.header,Tiny.V4,27397593,264
8b2a20820dd06597,fallenstararena_quarter_04_c25r12.tgm,Tiny.VE,27013123,903
ad7b7e98dc7b8ecb,fallenstararena_quarter_04_c25r12.tgm.header,Tiny.VF,27231930,264
8b37bcc13f07a0f5,fallenstararena_quarter_04_c25r13.tgm,Tiny.V6,27069405,759
3392945851388f91,fallenstararena_quarter_04_c25r13.tgm.header,Tiny.VB,27284326,264
e37cef4fb1dfc136,fallenstararena_quarter_04_c25r14.tgm,Tiny.VC,27239615,563
c37a05fde4ea1bca,fallenstararena_quarter_04_c25r14.tgm.header,Tiny.V7,27045552,264
773c4c57a03274a9,fallenstararena_quarter_04_c25r15.tgm,Tiny.VE,27014026,701
613937c82b7bf2ea,fallenstararena_quarter_04_c25r15.tgm.header,Tiny.V1,27059282,264
ce24c42fe694f02d,fallenstararena_quarter_04_c25r16.tgm,Tiny.V4,27397857,471
2b6a5ce787ea8b2c,fallenstararena_quarter_04_c25r16.tgm.header,Tiny.V3,26868364,264
47f27236a0c89152,fallenstararena_quarter_04_c25r17.tgm,Tiny.VF,27232194,569
c233acb4729b6b6f,fallenstararena_quarter_04_c25r17.tgm.header,Tiny.V4,27398328,264
344ffc96092af0e9,fallenstararena_quarter_04_c25r18.tgm,Tiny.V9,27538861,707
f194df08406b6b36,fallenstararena_quarter_04_c25r18.tgm.header,Tiny.V8,27098582,264
70e144378fdacd6d,fallenstararena_quarter_04_c25r19.tgm,Tiny.V6,27070164,575
2dd68cb4d9cb5ae8,fallenstararena_quarter_04_c25r19.tgm.header,Tiny.V5,26634308,264
d20c1baedf57cb0d,fallenstararena_quarter_04_c25r2.tgm,Tiny.V7,27045816,725
d49325cbd470a052,fallenstararena_quarter_04_c25r2.tgm.header,Tiny.V0,27356356,264
83dd1391817bf0e5,fallenstararena_quarter_04_c25r20.tgm,Tiny.V0,27356620,845
3d751eaebe1bcf50,fallenstararena_quarter_04_c25r20.tgm.header,Tiny.VE,27014727,264
a1a43aa74362a21d,fallenstararena_quarter_04_c25r21.tgm,Tiny.V6,27070739,707
7c76a35d58275340,fallenstararena_quarter_04_c25r21.tgm.header,Tiny.V1,27059546,264
83f995ce3b130519,fallenstararena_quarter_04_c25r22.tgm,Tiny.V4,27398592,555
7d8c6f800b42be50,fallenstararena_quarter_04_c25r22.tgm.header,Tiny.V2,27214921,264
e4994ae56aa76dfd,fallenstararena_quarter_04_c25r23.tgm,Tiny.V7,27046541,589
328b23380c27d24b,fallenstararena_quarter_04_c25r23.tgm.header,Tiny.V1,27059810,264
1fdce8f6125b8d07,fallenstararena_quarter_04_c25r24.tgm,Tiny.VF,27232763,405
8774359fd48f43fb,fallenstararena_quarter_04_c25r24.tgm.header,Tiny.V7,27048150,264
c21e024cb5ac40aa,fallenstararena_quarter_04_c25r25.tgm,Tiny.V7,27047130,635
ac8d851664880f1b,fallenstararena_quarter_04_c25r25.tgm.header,Tiny.VE,27014991,264
fa0e6a037f6a475a,fallenstararena_quarter_04_c25r26.tgm,Tiny.VC,27240178,313
14855896adbce0f2,fallenstararena_quarter_04_c25r26.tgm.header,Tiny.V9,27539568,264
487989fd36367346,fallenstararena_quarter_04_c25r27.tgm,Tiny.V7,27047765,385
4d020d0b36a215ba,fallenstararena_quarter_04_c25r27.tgm.header,Tiny.V5,26634572,264
909528171f389a28,fallenstararena_quarter_04_c25r28.tgm,Tiny.V5,26634836,569
dc0c920e28fefd04,fallenstararena_quarter_04_c25r28.tgm.header,Tiny.V5,26635405,264
937d4278ce0aff91,fallenstararena_quarter_04_c25r29.tgm,Tiny.V9,27539832,543
aa54d02cb7746c47,fallenstararena_quarter_04_c25r29.tgm.header,Tiny.V4,27399147,264
80ed8b0537541f4e,fallenstararena_quarter_04_c25r3.tgm,Tiny.VC,27240491,607
37dce361ef7b7314,fallenstararena_quarter_04_c25r3.tgm.header,Tiny.V3,26868628,264
81cdce832fc93c07,fallenstararena_quarter_04_c25r30.tgm,Tiny.V1,27060074,405
b09cb8f27d9042df,fallenstararena_quarter_04_c25r30.tgm.header,Tiny.V7,27048150,264
1c2f0b1740fccf29,fallenstararena_quarter_04_c25r31.tgm,Tiny.V2,27215185,609
5d46d7f04b3ab37a,fallenstararena_quarter_04_c25r31.tgm.header,Tiny.VC,27241098,264
06ca91f3a69f00c6,fallenstararena_quarter_04_c25r32.tgm,Tiny.V4,27399411,1541
f59c510cb0050ab7,fallenstararena_quarter_04_c25r32.tgm.header,Tiny.VF,27233168,264
adfb01871a8d3da8,fallenstararena_quarter_04_c25r33.tgm,Tiny.VF,27233432,1483
47bdfe9f9b5f7ca2,fallenstararena_quarter_04_c25r33.tgm.header,Tiny.V9,27540375,264
fff887b0f8be5bcd,fallenstararena_quarter_04_c24r4.tgm,Tiny.VE,27012408,451
115421bf31ab6caa,fallenstararena_quarter_04_c24r4.tgm.header,Tiny.VF,27231402,264
6f691084c44e6759,fallenstararena_quarter_04_c24r5.tgm,Tiny.V4,27396415,497
c9a73346d9faaf88,fallenstararena_quarter_04_c24r5.tgm.header,Tiny.VE,27012859,264
1d5b3d089a2561e9,fallenstararena_quarter_04_c24r6.tgm,Tiny.V0,27356043,313
f0199f557c0e6340,fallenstararena_quarter_04_c24r6.tgm.header,Tiny.V5,26634044,264
833469a2c09d8e74,fallenstararena_quarter_04_c24r7.tgm,Tiny.V6,27068712,693
d2dbc8437aa38e62,fallenstararena_quarter_04_c24r7.tgm.header,Tiny.VC,27238662,264
05bf9103d61022d9,fallenstararena_quarter_04_c24r8.tgm,Tiny.V4,27396912,681
473d9e348db9639f,fallenstararena_quarter_04_c24r8.tgm.header,Tiny.V9,27536569,264
6f426e5d8b265346,fallenstararena_quarter_04_c24r9.tgm,Tiny.VC,27238926,425
79834086c867d796,fallenstararena_quarter_04_c24r9.tgm.header,Tiny.VF,27231666,264
f45f261e1e0a85fb,fallenstararena_quarter_04_c24r1.tgm,Tiny.V6,27067070,1093
7ba4867f48cb49b6,fallenstararena_quarter_04_c24r1.tgm.header,Tiny.VF,27228346,264
9cc5af48b37cdb10,fallenstararena_quarter_04_c24r10.tgm,Tiny.V1,27056998,517
667aa41ed421d5ad,fallenstararena_quarter_04_c24r10.tgm.header,Tiny.V9,27531321,264
99cd2af453709f08,fallenstararena_quarter_04_c24r11.tgm,Tiny.VD,27027773,517
4632251af46671d6,fallenstararena_quarter_04_c24r11.tgm.header,Tiny.V9,27531585,264
217c778eab09cc61,fallenstararena_quarter_04_c24r12.tgm,Tiny.V1,27057515,773
28603bed23c1674d,fallenstararena_quarter_04_c24r12.tgm.header,Tiny.V3,26867572,264
9a1121484365f34c,fallenstararena_quarter_04_c24r13.tgm,Tiny.VC,27236950,549
058dac6554c6b6d6,fallenstararena_quarter_04_c24r13.tgm.header,Tiny.V8,27098318,264
9f4b2f34d8a188ff,fallenstararena_quarter_04_c24r14.tgm,Tiny.VD,27028290,759
6fd319eb05ed24bf,fallenstararena_quarter_04_c24r14.tgm.header,Tiny.VE,27009507,264
56e3a690defaf35a,fallenstararena_quarter_04_c24r15.tgm,Tiny.VE,27009771,785
a8154ce0c4d48cb9,fallenstararena_quarter_04_c24r15.tgm.header,Tiny.V7,27044527,264
6b8f7d5ddf065424,fallenstararena_quarter_04_c24r16.tgm,Tiny.VB,27283306,497
01dc5e7c7d49cbec,fallenstararena_quarter_04_c24r16.tgm.header,Tiny.V2,27212463,264
7382b23a529ff83c,fallenstararena_quarter_04_c24r17.tgm,Tiny.V7,27044791,497
6e8fb23815183c60,fallenstararena_quarter_04_c24r17.tgm.header,Tiny.V9,27531849,264
78ab356a36c6e72c,fallenstararena_quarter_04_c24r18.tgm,Tiny.VC,27237499,635
4e4d1a8a226b7400,fallenstararena_quarter_04_c24r18.tgm.header,Tiny.V4,27395354,264
41c8f87ccb80b870,fallenstararena_quarter_04_c24r19.tgm,Tiny.V6,27068163,549
ddce42e5b7c2e26d,fallenstararena_quarter_04_c24r19.tgm.header,Tiny.VA,27280313,264
0945216262a385bb,fallenstararena_quarter_04_c24r2.tgm,Tiny.VF,27228610,641
5dd56a62aa4d0094,fallenstararena_quarter_04_c24r2.tgm.header,Tiny.VC,27238134,264
ef336e22ffc1b99b,fallenstararena_quarter_04_c24r20.tgm,Tiny.V4,27395618,797
2edeff43c6abef83,fallenstararena_quarter_04_c24r20.tgm.header,Tiny.V9,27532113,264
59b6f16864174a8e,fallenstararena_quarter_04_c24r21.tgm,Tiny.VD,27029049,463
1506a1b9213832e0,fallenstararena_quarter_04_c24r21.tgm.header,Tiny.VC,27238398,264
a39fa119acca0b4a,fallenstararena_quarter_04_c24r22.tgm,Tiny.V9,27532377,621
38743c727511cfe7,fallenstararena_quarter_04_c24r22.tgm.header,Tiny.VA,27280577,264
5720ff7f6a683008,fallenstararena_quarter_04_c24r23.tgm,Tiny.V1,27058288,471
9d9f850096b47c6f,fallenstararena_quarter_04_c24r23.tgm.header,Tiny.VD,27029512,264
8411ec17e5ac8614,fallenstararena_quarter_04_c24r24.tgm,Tiny.VE,27010556,379
98dd8a86b76d2fc9,fallenstararena_quarter_04_c24r24.tgm.header,Tiny.V2,27212727,264
05f4d55985ba1cc9,fallenstararena_quarter_04_c24r25.tgm,Tiny.VE,27010935,681
31e7f9a8c4a8ebd3,fallenstararena_quarter_04_c24r25.tgm.header,Tiny.VE,27011616,264
eb2cb3b2ec0d9ecc,fallenstararena_quarter_04_c24r26.tgm,Tiny.V2,27212991,405
f90322f4573721e9,fallenstararena_quarter_04_c24r26.tgm.header,Tiny.V7,27048150,264
f2c90981698a2b60,fallenstararena_quarter_04_c24r27.tgm,Tiny.VA,27280841,425
d7a987616d2cc0df,fallenstararena_quarter_04_c24r27.tgm.header,Tiny.VA,27281266,264
1ed822d328711c82,fallenstararena_quarter_04_c24r28.tgm,Tiny.VF,27229251,1887
f7fc9d7dcefd7bb1,fallenstararena_quarter_04_c24r28.tgm.header,Tiny.V3,26867836,264
18f0ab96803f9887,fallenstararena_quarter_04_c24r29.tgm,Tiny.V2,27213396,1261
4ffb1e954de9dd0b,fallenstararena_quarter_04_c24r29.tgm.header,Tiny.V9,27532998,264
0d392eb581bc706b,fallenstararena_quarter_04_c24r3.tgm,Tiny.V1,27058759,523
fa00c4a4f9ad0991,fallenstararena_quarter_04_c24r3.tgm.header,Tiny.V3,26868100,264
47e0341c2f9fd38a,fallenstararena_quarter_04_c24r30.tgm,Tiny.V0,27352471,1193
7e0e335f49959fc9,fallenstararena_quarter_04_c24r30.tgm.header,Tiny.VF,27231138,264
f8b560f220f68e5a,fallenstararena_quarter_04_c24r31.tgm,Tiny.V0,27353664,2379
d168212c72c8e4b1,fallenstararena_quarter_04_c24r31.tgm.header,Tiny.VE,27011880,264
3d84fa52f78a1be7,fallenstararena_quarter_04_c24r32.tgm,Tiny.V9,27533262,3307
f76b462520a3d6d3,fallenstararena_quarter_04_c24r32.tgm.header,Tiny.VE,27012144,264
ff9d0050dac94d33,fallenstararena_quarter_04_c24r33.tgm,Tiny.VA,27281530,2961
ffb5d840c8ba86e8,fallenstararena_quarter_04_c24r33.tgm.header,Tiny.V2,27214657,264
1bfe79d460c90de0,fallenstararena_quarter_04_c23r4.tgm,Tiny.VC,27234941,589
1ff49e016c0481e8,fallenstararena_quarter_04_c23r4.tgm.header,Tiny.V2,27212199,264
58c98bea6ccdb9c6,fallenstararena_quarter_04_c23r5.tgm,Tiny.VC,27235530,785
555f0bc1a4df0a56,fallenstararena_quarter_04_c23r5.tgm.header,Tiny.V9,27531057,264
070104bf61ee2ec0,fallenstararena_quarter_04_c23r6.tgm,Tiny.V1,27056245,753
9465ff1995753c84,fallenstararena_quarter_04_c23r6.tgm.header,Tiny.VB,27283042,264
7b698087040257a6,fallenstararena_quarter_04_c23r7.tgm,Tiny.VC,27236315,635
366b3966db04e62c,fallenstararena_quarter_04_c23r7.tgm.header,Tiny.V6,27066542,264
48b35a8684af8fb8,fallenstararena_quarter_04_c23r8.tgm,Tiny.V8,27097591,727
b9a7ceb8c4cf6a5c,fallenstararena_quarter_04_c23r8.tgm.header,Tiny.V0,27352207,264
2ecdc85a5b763e4a,fallenstararena_quarter_04_c23r9.tgm,Tiny.VA,27279336,977
5feba9d05ed60c92,fallenstararena_quarter_04_c23r9.tgm.header,Tiny.V6,27066806,264
b98c706a7e30c983,fallenstararena_quarter_04_c23r1.tgm,Tiny.V9,27529580,949
4435c5ad4ce752f3,fallenstararena_quarter_04_c23r1.tgm.header,Tiny.V2,27205370,264
46ef81393e887b32,fallenstararena_quarter_04_c23r10.tgm,Tiny.V0,27351242,701
1c551e85f196bae0,fallenstararena_quarter_04_c23r10.tgm.header,Tiny.V1,27052251,264
61451d28bed01908,fallenstararena_quarter_04_c23r11.tgm,Tiny.V8,27095118,713
1e0e073d2a58ffa4,fallenstararena_quarter_04_c23r11.tgm.header,Tiny.V3,26866297,264
8eb8c355398e8325,fallenstararena_quarter_04_c23r12.tgm,Tiny.VA,27276176,563
b136f7d76753145a,fallenstararena_quarter_04_c23r12.tgm.header,Tiny.V0,27351943,264
85ef905ca06556bc,fallenstararena_quarter_04_c23r13.tgm,Tiny.V1,27052515,425
b8541e8a35caa629,fallenstararena_quarter_04_c23r13.tgm.header,Tiny.V8,27095831,264
ce8732cc226020f9,fallenstararena_quarter_04_c23r14.tgm,Tiny.VE,27008139,701
86518ed8722a936c,fallenstararena_quarter_04_c23r14.tgm.header,Tiny.V4,27394443,264
0f926f371cf9ec6e,fallenstararena_quarter_04_c23r15.tgm,Tiny.V8,27096095,425
b263412e5d312f82,fallenstararena_quarter_04_c23r15.tgm.header,Tiny.V8,27096520,264
8f47918636d94fcb,fallenstararena_quarter_04_c23r16.tgm,Tiny.VF,27227030,451
d11ab22ef8908d3d,fallenstararena_quarter_04_c23r16.tgm.header,Tiny.V7,27044263,264
b15b5e7f13f5aea5,fallenstararena_quarter_04_c23r17.tgm,Tiny.V4,27394707,647
e2860af3003d396e,fallenstararena_quarter_04_c23r17.tgm.header,Tiny.V8,27096784,264
95cddd1837d04412,fallenstararena_quarter_04_c23r18.tgm,Tiny.VE,27008840,667
faa0818f1690c843,fallenstararena_quarter_04_c23r18.tgm.header,Tiny.VC,27233696,264
1ec2bc04b3cf63e1,fallenstararena_quarter_04_c23r19.tgm,Tiny.V3,26866561,483
dd01d95ab978d65c,fallenstararena_quarter_04_c23r19.tgm.header,Tiny.V5,26633516,264
408a0c0a8e3144b7,fallenstararena_quarter_04_c23r2.tgm,Tiny.V8,27097048,543
a758d474480511d4,fallenstararena_quarter_04_c23r2.tgm.header,Tiny.VA,27276739,264
227098d00b2af387,fallenstararena_quarter_04_c23r20.tgm,Tiny.VB,27281872,503
4a6094e6295c8444,fallenstararena_quarter_04_c23r20.tgm.header,Tiny.V3,26867044,264
dc6274a5a4104b83,fallenstararena_quarter_04_c23r21.tgm,Tiny.V2,27205634,811
6d4b0546632c8c7e,fallenstararena_quarter_04_c23r21.tgm.header,Tiny.V5,26633780,264
df5a38a98d954b1e,fallenstararena_quarter_04_c23r22.tgm,Tiny.VC,27233960,981
9920925136d1c9df,fallenstararena_quarter_04_c23r22.tgm.header,Tiny.V3,26867308,264
2112e53397ef1747,fallenstararena_quarter_04_c23r23.tgm,Streaming/Content/data/balance/worldareas/CD/mapuberboss_fallenstar.vworld,346057,54789
38cbdbb031ec1203,fallenstararena_quarter_04_c23r23.tgm.header,Tiny.V1,27052940,264
3a92088ccf3ae09c,fallenstararena_quarter_04_c23r24.tgm,Tiny.VF,27227481,865
f6520462b97f4d87,fallenstararena_quarter_04_c23r24.tgm.header,Tiny.V2,27206445,264
c304379bb108d942,fallenstararena_quarter_04_c23r25.tgm,Tiny.VD,27025808,909
d5c79ffd34c5b825,fallenstararena_quarter_04_c23r25.tgm.header,Tiny.VD,27026717,264
80bc85bd138832f3,fallenstararena_quarter_04_c23r26.tgm,Streaming/Content/data/balance/worldareas/5E/mapuberboss_fallenstar.vworld,688596,61791
52e543637a0154c2,fallenstararena_quarter_04_c23r26.tgm.header,Tiny.VD,27026981,264
61e79b6a30f18326,fallenstararena_quarter_04_c23r27.tgm,Tiny.V2,27206709,2463
6720d95d047756b5,fallenstararena_quarter_04_c23r27.tgm.header,Tiny.V6,27063079,264
8e00ebf90afea4ec,fallenstararena_quarter_04_c23r28.tgm,Tiny.V2,27209172,3027
ef4f84f404f2d756,fallenstararena_quarter_04_c23r28.tgm.header,Tiny.VD,27027245,264
ab4908955eddf5ff,fallenstararena_quarter_04_c23r29.tgm,Streaming/Content/data/balance/worldareas/F6/mapport.vworld,521236,62709
528ce4edb428ef26,fallenstararena_quarter_04_c23r29.tgm.header,Tiny.VA,27277003,264
77d179d624189cf7,fallenstararena_quarter_04_c23r3.tgm,Tiny.VB,27282375,667
44012d5a1531cbac,fallenstararena_quarter_04_c23r3.tgm.header,Tiny.V6,27063343,264
d1abd6c35563c098,fallenstararena_quarter_04_c23r30.tgm,Tiny.V1,27053204,3041
693da7452f728ef1,fallenstararena_quarter_04_c23r30.tgm.header,Tiny.VD,27027509,264
871f432931a20af4,fallenstararena_quarter_04_c23r31.tgm,Tiny.V6,27063607,2671
c9baf06986f29fe6,fallenstararena_quarter_04_c23r31.tgm.header,Tiny.V9,27530529,264
862775ed5434dd81,fallenstararena_quarter_04_c23r32.tgm,Streaming/Content/data/balance/worldareas/05/mapuberboss_fallenstar.vworld,768376,62275
242463497b5b91b0,fallenstararena_quarter_04_c23r32.tgm.header,Tiny.V9,27530793,264
c5dbcb31825aaaaf,fallenstararena_quarter_04_c23r33.tgm,Tiny.VA,27277267,2069
c7d6b8d72e1ce94d,fallenstararena_quarter_04_c23r33.tgm.header,Tiny.V6,27066278,264
6b31ac2444843208,fallenstararena_quarter_04_c22r4.tgm,Tiny.VA,27275152,359
2b09af1bea912f32,fallenstararena_quarter_04_c22r4.tgm.header,Tiny.VF,27226766,264
2e521b90020c4b2b,fallenstararena_quarter_04_c22r5.tgm,Tiny.V0,27350489,753
62b84b24db8f2a53,fallenstararena_quarter_04_c22r5.tgm.header,Tiny.V1,27051987,264
2487f0830b2705fe,fallenstararena_quarter_04_c22r6.tgm,Tiny.V7,27043648,615
f39648b106fffa08,fallenstararena_quarter_04_c22r6.tgm.header,Tiny.VE,27007875,264
642f300248115c2f,fallenstararena_quarter_04_c22r7.tgm,Tiny.V6,27062674,405
762b2b696800fc70,fallenstararena_quarter_04_c22r7.tgm.header,Tiny.V4,27394179,264
8393dd0568f7feb2,fallenstararena_quarter_04_c22r8.tgm,Tiny.VA,27275511,665
3a2ab7ad27882c73,fallenstararena_quarter_04_c22r8.tgm.header,Tiny.V5,26633252,264
b6d37f96cc0a3197,fallenstararena_quarter_04_c22r9.tgm,Tiny.V2,27204547,823
0c050100c83fab08,fallenstararena_quarter_04_c22r9.tgm.header,Tiny.V9,27529316,264
31129b7bfc4366f5,fallenstararena_quarter_04_c22r1.tgm,Tiny.V1,27044335,1271
43ddc1a2d24cc06e,fallenstararena_quarter_04_c22r1.tgm.header,Tiny.V1,27045606,264
fd274cb5c25713e1,fallenstararena_quarter_04_c22r10.tgm,Tiny.V0,27346473,543
4d3da739941da710,fallenstararena_quarter_04_c22r10.tgm.header,Tiny.VD,27020543,264
5117ad84b993473e,fallenstararena_quarter_04_c22r11.tgm,Tiny.VF,27225806,483
a0fb12f0b610725e,fallenstararena_quarter_04_c22r11.tgm.header,Tiny.V0,27347016,264
f7139dff18bfe995,fallenstararena_quarter_04_c22r12.tgm,Tiny.V8,27094495,359
08db031569f4e31c,fallenstararena_quarter_04_c22r12.tgm.header,Tiny.VD,27020807,264
36c9562364f0d86e,fallenstararena_quarter_04_c22r13.tgm,Tiny.V2,27200294,563
0d0e6b8aa4bb509e,fallenstararena_quarter_04_c22r13.tgm.header,Tiny.V0,27347280,264
b45e1417c8a93082,fallenstararena_quarter_04_c22r14.tgm,Tiny.V9,27528589,727
a15b27927fcc4237,fallenstararena_quarter_04_c22r14.tgm.header,Tiny.V1,27045870,264
72e1ca852c8fb558,fallenstararena_quarter_04_c22r15.tgm,Tiny.VB,27278856,517
e5e7ef648c4c2780,fallenstararena_quarter_04_c22r15.tgm.header,Tiny.V0,27347544,264
e521209bc5e99cfa,fallenstararena_quarter_04_c22r16.tgm,Tiny.V6,27058433,425
176eb86a0d6c8f22,fallenstararena_quarter_04_c22r16.tgm.header,Tiny.V1,27046134,264
1dfb9a129f1a53b7,fallenstararena_quarter_04_c22r17.tgm,Tiny.VF,27226289,477
75867715311f5b8c,fallenstararena_quarter_04_c22r17.tgm.header,Tiny.V8,27094231,264
eb7591a5791c2aca,fallenstararena_quarter_04_c22r18.tgm,Tiny.VD,27021071,497
f4b2f7028c3a669c,fallenstararena_quarter_04_c22r18.tgm.header,Tiny.V0,27347808,264
153f629d23629fc1,fallenstararena_quarter_04_c22r19.tgm,Tiny.V6,27058858,667
08e8532c9a510ce5,fallenstararena_quarter_04_c22r19.tgm.header,Tiny.V6,27059525,264
c82b7a6487ea9cb4,fallenstararena_quarter_04_c22r2.tgm,Tiny.V3,26865217,655
895d5acb273790f0,fallenstararena_quarter_04_c22r2.tgm.header,Tiny.V6,27059789,264
8b1667ff900d3d1d,fallenstararena_quarter_04_c22r20.tgm,Tiny.V3,26865872,425
391bcc85d1218a42,fallenstararena_quarter_04_c22r20.tgm.header,Tiny.VA,27281266,264
b9d52d6f9aeae15f,fallenstararena_quarter_04_c22r21.tgm,Tiny.VE,27004405,707
385f5fcceca6bff9,fallenstararena_quarter_04_c22r21.tgm.header,Tiny.V7,27043384,264
60acba10a89851be,fallenstararena_quarter_04_c22r22.tgm,Tiny.V2,27200857,1403
a15188bc87653d61,fallenstararena_quarter_04_c22r22.tgm.header,Tiny.VD,27021568,264
dc693c94af778840,fallenstararena_quarter_04_c22r23.tgm,Tiny.VD,27021832,2011
19d1a636a38fba3b,fallenstararena_quarter_04_c22r23.tgm.header,Tiny.VA,27271739,264
2367275fd01625bb,fallenstararena_quarter_04_c22r24.tgm,Tiny.V2,27202260,2023
2c65100930136de9,fallenstararena_quarter_04_c22r24.tgm.header,Tiny.V8,27094854,264
a3d6191843495a24,fallenstararena_quarter_04_c22r25.tgm,Tiny.V0,27348072,2417
2a190f21b279c0be,fallenstararena_quarter_04_c22r25.tgm.header,Tiny.V2,27204283,264
1fbc10a3728565ff,fallenstararena_quarter_04_c22r26.tgm,Tiny.VA,27272003,2885
9c6b307bbfed0296,fallenstararena_quarter_04_c22r26.tgm.header,Tiny.VD,27023843,264
3c08b3029286fc82,fallenstararena_quarter_04_c22r27.tgm,Tiny.V1,27046398,2361
367fe1659ad9e074,fallenstararena_quarter_04_c22r27.tgm.header,Tiny.VB,27279373,264
852a4d8db3c69fab,fallenstararena_quarter_04_c22r28.tgm,Tiny.VC,27230923,2245
e12786bca663d9ee,fallenstararena_quarter_04_c22r28.tgm.header,Tiny.VE,27005112,264
11c1f8045fdac94c,fallenstararena_quarter_04_c22r29.tgm,Tiny.VE,27005376,2499
9f11b59c9926ca15,fallenstararena_quarter_04_c22r29.tgm.header,Tiny.VB,27279637,264
355195de162131c6,fallenstararena_quarter_04_c22r3.tgm,Tiny.V1,27048759,687
45d6e297a8ce3607,fallenstararena_quarter_04_c22r3.tgm.header,Tiny.VA,27274888,264
e97c4f89380a0dd6,fallenstararena_quarter_04_c22r30.tgm,Tiny.V1,27049446,2541
30d1f974fecd060a,fallenstararena_quarter_04_c22r30.tgm.header,Tiny.V6,27060053,264
3f19fdbf69e2bdba,fallenstararena_quarter_04_c22r31.tgm,Tiny.V6,27060317,2357
f306adae52391b6d,fallenstararena_quarter_04_c22r31.tgm.header,Tiny.V5,26632988,264
6ab418ef6b342190,fallenstararena_quarter_04_c22r32.tgm,Tiny.VB,27279901,1971
bcedd2164cb94a37,fallenstararena_quarter_04_c22r32.tgm.header,Tiny.VC,27233168,264
b0c8a5b71a148373,fallenstararena_quarter_04_c22r33.tgm,Tiny.VD,27024107,1701
7257559e1d1b13d5,fallenstararena_quarter_04_c22r33.tgm.header,Tiny.VC,27233432,264
16d6579695309833,fallenstararena_quarter_04_c21r4.tgm,Tiny.VF,27224841,701
ccb2f656b844b57d,fallenstararena_quarter_04_c21r4.tgm.header,Tiny.V4,27393004,264
6cc7a1b0c31b4630,fallenstararena_quarter_04_c21r5.tgm,Tiny.V5,26632105,883
961386faa5c98956,fallenstararena_quarter_04_c21r5.tgm.header,Tiny.VE,27004141,264
375f330bb8e578bd,fallenstararena_quarter_04_c21r6.tgm,Tiny.V4,27393268,647
9b3cdefb7709387b,fallenstararena_quarter_04_c21r6.tgm.header,Tiny.V4,27393915,264
e8796d2cf3563007,fallenstararena_quarter_04_c21r7.tgm,Tiny.V6,27057444,725
1acbb1500eb552c7,fallenstararena_quarter_04_c21r7.tgm.header,Tiny.VF,27225542,264
617352f2403e05cb,fallenstararena_quarter_04_c21r8.tgm,Tiny.V2,27199799,495
b727a5e15d430241,fallenstararena_quarter_04_c21r8.tgm.header,Tiny.V1,27044071,264
0f9a3a5e714c8f33,fallenstararena_quarter_04_c21r9.tgm,Tiny.V7,27042875,509
3cf4a9eade589156,fallenstararena_quarter_04_c21r9.tgm.header,Tiny.V6,27058169,264
4bd738c9c3015ae8,fallenstararena_quarter_04_c21r1.tgm,Tiny.VC,27224720,1085
9e6ae10d9d44aa29,fallenstararena_quarter_04_c21r1.tgm.header,Tiny.V6,27054423,264
b898700606d5b8e2,fallenstararena_quarter_04_c21r10.tgm,Tiny.V2,27198917,497
71c4660cde062dfd,fallenstararena_quarter_04_c21r10.tgm.header,Tiny.VA,27270826,264
6ad27f6cd1abc2a2,fallenstararena_quarter_04_c21r11.tgm,Tiny.VA,27271090,385
75b399b3dd764d22,fallenstararena_quarter_04_c21r11.tgm.header,Tiny.VA,27271475,264
cef132e7814c6625,fallenstararena_quarter_04_c21r12.tgm,Tiny.V2,27199414,385
0eed97072d860d2c,fallenstararena_quarter_04_c21r12.tgm.header,Tiny.V6,27054687,264
718bf7389643a77b,fallenstararena_quarter_04_c21r13.tgm,Tiny.VF,27221377,1035
6735b5128477b9ff,fallenstararena_quarter_04_c21r13.tgm.header,Tiny.V4,27390085,264
56c222bd9525fd07,fallenstararena_quarter_04_c21r14.tgm,Tiny.V5,26630574,1003
b0ceb457bc220fbc,fallenstararena_quarter_04_c21r14.tgm.header,Tiny.VB,27275608,264
e3d98875b6b276bd,fallenstararena_quarter_04_c21r15.tgm,Tiny.V8,27093576,655
9b8124c21e340b7b,fallenstararena_quarter_04_c21r15.tgm.header,Tiny.VC,27225805,264
f928a9bf49ca71fd,fallenstararena_quarter_04_c21r16.tgm,Tiny.V4,27390349,471
dd99f5a213c9adac,fallenstararena_quarter_04_c21r16.tgm.header,Tiny.VD,27029512,264
c4965d6305a634e7,fallenstararena_quarter_04_c21r17.tgm,Tiny.VD,27016528,477
646d77a695cf2a28,fallenstararena_quarter_04_c21r17.tgm.header,Tiny.V8,27094231,264
51c5cf201bc4e747,fallenstararena_quarter_04_c21r18.tgm,Tiny.V4,27390820,695
73847996d07c844a,fallenstararena_quarter_04_c21r18.tgm.header,Tiny.VD,27017005,264
386003a06e37a9da,fallenstararena_quarter_04_c21r19.tgm,Tiny.VC,27226069,1569
150440a5c7f73796,fallenstararena_quarter_04_c21r19.tgm.header,Tiny.V3,26864689,264
fc121db32cf99a40,fallenstararena_quarter_04_c21r2.tgm,Tiny.VB,27275872,529
4f15481b23c5e5a5,fallenstararena_quarter_04_c21r2.tgm.header,Tiny.V5,26631577,264
df8d52abb4465dc1,fallenstararena_quarter_04_c21r20.tgm,Tiny.V9,27526716,1873
d20739f0bc430434,fallenstararena_quarter_04_c21r20.tgm.header,Tiny.VE,27001380,264
61637061e7074eda,fallenstararena_quarter_04_c21r21.tgm,Tiny.V1,27041412,2395
e5f318270056070f,fallenstararena_quarter_04_c21r21.tgm.header,Tiny.V0,27342470,264
34c60daeff8213ee,fallenstararena_quarter_04_c21r22.tgm,Tiny.VC,27227638,3021
9e2a37bcc87c3f1e,fallenstararena_quarter_04_c21r22.tgm.header,Tiny.V0,27342734,264
bdef658be1224737,fallenstararena_quarter_04_c21r23.tgm,Tiny.VF,27222412,2429
f5ead11ed7f49523,fallenstararena_quarter_04_c21r23.tgm.header,Tiny.V1,27043807,264
4dd3a4873400b1bb,fallenstararena_quarter_04_c21r24.tgm,Tiny.VB,27276401,1927
87a015dce79b3db5,fallenstararena_quarter_04_c21r24.tgm.header,Tiny.VB,27278328,264
43a3fdaf14b5bcb8,fallenstararena_quarter_04_c21r25.tgm,Tiny.V6,27054951,2229
88b6c4bf29901a63,fallenstararena_quarter_04_c21r25.tgm.header,Tiny.VD,27017269,264
7e5676c6a18e38d4,fallenstararena_quarter_04_c21r26.tgm,Tiny.VE,27001644,2233
0b791df5c387a46c,fallenstararena_quarter_04_c21r26.tgm.header,Tiny.V7,27042083,264
91c58af223832929,fallenstararena_quarter_04_c21r27.tgm,Tiny.V4,27391515,1489
6429dc3d43980fae,fallenstararena_quarter_04_c21r27.tgm.header,Tiny.VB,27278592,264
0391f44004d639b7,fallenstararena_quarter_04_c21r28.tgm,Tiny.VD,27017533,2263
e3182a6b665280e3,fallenstararena_quarter_04_c21r28.tgm.header,Tiny.V3,26864953,264
34411e8ddf1180b9,fallenstararena_quarter_04_c21r29.tgm,Tiny.V0,27342998,3475
422e8338948f0e19,fallenstararena_quarter_04_c21r29.tgm.header,Tiny.V6,27057180,264
12a89ef0b281a46c,fallenstararena_quarter_04_c21r3.tgm,Tiny.VD,27019796,747
a6afd0d4d43b7b86,fallenstararena_quarter_04_c21r3.tgm.header,Tiny.VE,27003877,264
342d835b6c439ae8,fallenstararena_quarter_04_c21r30.tgm,Streaming/Content/data/balance/worldareas/9C/mapuberboss_fallenstar.vworld,530823,6055
576842a0b1b60189,fallenstararena_quarter_04_c21r30.tgm.header,Tiny.V7,27042347,264
f115d6754f929f9c,fallenstararena_quarter_04_c21r31.tgm,Streaming/Content/data/balance/worldareas/99/mapuberboss_fallenstar.vworld,400210,5543
bd40f23815d08f35,fallenstararena_quarter_04_c21r31.tgm.header,Tiny.VC,27230659,264
1078627db9676d0b,fallenstararena_quarter_04_c21r32.tgm,Streaming/Content/data/balance/worldareas/CF/mapuberboss_fallenstar.vworld,8903399,6497
4cfa69e900011b90,fallenstararena_quarter_04_c21r32.tgm.header,Tiny.V7,27042611,264
6219fd1c81b76172,fallenstararena_quarter_04_c21r33.tgm,Streaming/Content/data/balance/worldareas/BF/mapuberboss_fallenstar.vworld,710416,5807
7c5c91ba55b0ba15,fallenstararena_quarter_04_c21r33.tgm.header,Tiny.V5,26631841,264
b4404d2bf5722d9a,fallenstararena_quarter_04_c20r4.tgm,Tiny.V8,27092889,687
03ebe93fafc3267a,fallenstararena_quarter_04_c20r4.tgm.header,Tiny.VE,27000852,264
aa2832623b3d81aa,fallenstararena_quarter_04_c20r5.tgm,Tiny.V0,27341723,747
f3ee7f5b261d931a,fallenstararena_quarter_04_c20r5.tgm.header,Tiny.V3,26864425,264
24e52b4efbfc19e8,fallenstararena_quarter_04_c20r6.tgm,Tiny.V7,27040663,805
507e3fcd16700d52,fallenstararena_quarter_04_c20r6.tgm.header,Tiny.VB,27275344,264
f0beeebf6756afe1,fallenstararena_quarter_04_c20r7.tgm,Tiny.V6,27053900,523
0a399a20e04344e3,fallenstararena_quarter_04_c20r7.tgm.header,Tiny.V5,26630310,264
740722021849a153,fallenstararena_quarter_04_c20r8.tgm,Tiny.VF,27220960,417
3438a2d6dabf780d,fallenstararena_quarter_04_c20r8.tgm.header,Tiny.VE,27001116,264
4b7ae8279d55d6f6,fallenstararena_quarter_04_c20r9.tgm,Tiny.V7,27041468,615
9e12e5492767a96a,fallenstararena_quarter_04_c20r9.tgm.header,Tiny.V9,27526452,264
e9b929e7cdc4175b,fallenstararena_quarter_04_c20r1.tgm,Tiny.V6,27049745,561
4ddb49d713906414,fallenstararena_quarter_04_c20r1.tgm.header,Tiny.V4,27386429,264
26a7c8e5f2189351,fallenstararena_quarter_04_c20r10.tgm,Tiny.VC,27223487,969
e4439d61529adb4f,fallenstararena_quarter_04_c20r10.tgm.header,Tiny.V7,27039871,264
edcd1703667a0ff8,fallenstararena_quarter_04_c20r11.tgm,Tiny.V2,27196869,799
99a9b82d024274b7,fallenstararena_quarter_04_c20r11.tgm.header,Tiny.V4,27386693,264
14f585c18df78dd0,fallenstararena_quarter_04_c20r12.tgm,Tiny.VA,27269735,563
c22b631f197e2137,fallenstararena_quarter_04_c20r12.tgm.header,Tiny.VA,27270298,264
8e22fd04516f830f,fallenstararena_quarter_04_c20r13.tgm,Tiny.V9,27525441,747
1acb880f74e66842,fallenstararena_quarter_04_c20r13.tgm.header,Tiny.V0,27337648,264
d3d237283a0d2513,fallenstararena_quarter_04_c20r14.tgm,Tiny.VE,26998416,661
0c0be1e3fb1519f4,fallenstararena_quarter_04_c20r14.tgm.header,Tiny.V6,27050306,264
9bd5d6498400f589,fallenstararena_quarter_04_c20r15.tgm,Tiny.VB,27272361,523
989184287f987464,fallenstararena_quarter_04_c20r15.tgm.header,Tiny.V7,27040135,264
ede9f02816e4896d,fallenstararena_quarter_04_c20r16.tgm,Tiny.V6,27050570,425
a2d9b91ca7d11a6b,fallenstararena_quarter_04_c20r16.tgm.header,Tiny.VA,27281266,264
938cb88fff27aee7,fallenstararena_quarter_04_c20r17.tgm,Tiny.V2,27197668,985
4ffbf93ae9263f00,fallenstararena_quarter_04_c20r17.tgm.header,Tiny.VF,27217747,264
8aa6b2f98e7e5de7,fallenstararena_quarter_04_c20r18.tgm,Tiny.VF,27218011,2949
1ce8f9352010f0e4,fallenstararena_quarter_04_c20r18.tgm.header,Tiny.VD,27016000,264
5cb5fe62eda385f2,fallenstararena_quarter_04_c20r19.tgm,Tiny.V8,27089156,3469
2250a7569d05c600,fallenstararena_quarter_04_c20r19.tgm.header,Tiny.V0,27337912,264
5248bb4b75e5efd5,fallenstararena_quarter_04_c20r2.tgm,Tiny.V4,27386957,391
98ae9d45196b7637,fallenstararena_quarter_04_c20r2.tgm.header,Tiny.V0,27338176,264
882b56d3bc695228,fallenstararena_quarter_04_c20r20.tgm,Tiny.V1,27038251,2897
553ba011f47f97e1,fallenstararena_quarter_04_c20r20.tgm.header,Tiny.V0,27338440,264
a4424d1aa4560de4,fallenstararena_quarter_04_c20r21.tgm,Tiny.V0,27338704,2755
82f7fd65c6de5c0a,fallenstararena_quarter_04_c20r21.tgm.header,Tiny.V9,27526188,264
6f4522d312e04baa,fallenstararena_quarter_04_c20r22.tgm,Tiny.V4,27387348,2209
8f011c0a54e97829,fallenstararena_quarter_04_c20r22.tgm.header,Tiny.V3,26863897,264
8c30de0a896fbb64,fallenstararena_quarter_04_c20r23.tgm,Streaming/Content/data/balance/worldareas/51/g3_2_1.vworld,340162,61749
f884e89cb0b3dfc5,fallenstararena_quarter_04_c20r23.tgm.header,Tiny.V0,27341459,264
e9512df1578b4dd9,fallenstararena_quarter_04_c20r24.tgm,Tiny.VE,26999077,1511
de807653199cf4b6,fallenstararena_quarter_04_c20r24.tgm.header,Tiny.V7,27040399,264
79f04f5582fb8c83,fallenstararena_quarter_04_c20r25.tgm,Tiny.VB,27272884,1703
bb22d5f4702dfda1,fallenstararena_quarter_04_c20r25.tgm.header,Tiny.V2,27198653,264
a45ba2d84f30f111,fallenstararena_quarter_04_c20r26.tgm,Streaming/Content/data/balance/worldareas/1A/mapuberboss_fallenstar.vworld,844432,62207
bb6b8c6f4b60991c,fallenstararena_quarter_04_c20r26.tgm.header,Tiny.V4,27389557,264
8121bcf75de0e43c,fallenstararena_quarter_04_c20r27.tgm,Tiny.V6,27050995,2905
6c898db674b57ce5,fallenstararena_quarter_04_c20r27.tgm.header,Tiny.VE,27000588,264
b88276a918b9e3f8,fallenstararena_quarter_04_c20r28.tgm,Streaming/Content/data/balance/worldareas/5F/mapuberboss_fallenstar.vworld,740508,6581
d91c00cb61d8f29b,fallenstararena_quarter_04_c20r28.tgm.header,Tiny.V3,26864161,264
a290b1ec25e3cef1,fallenstararena_quarter_04_c20r29.tgm,Streaming/Content/data/balance/worldareas/96/mapuberboss_fallenstar.vworld,3858882,67279
7e94659489ea5a84,fallenstararena_quarter_04_c20r29.tgm.header,Tiny.VC,27224456,264
bd2cf45393f46ecb,fallenstararena_quarter_04_c20r3.tgm,Tiny.VB,27274587,757
c3adc1ca4d30d3db,fallenstararena_quarter_04_c20r3.tgm.header,Tiny.V1,27041148,264
c573ec2307fd373f,fallenstararena_quarter_04_c20r30.tgm,Streaming/Content/data/balance/worldareas/8B/mapuberboss_fallenstar.vworld,872794,8273
d542f7349830f26c,fallenstararena_quarter_04_c20r30.tgm.header,Tiny.V4,27389821,264
3ea2470840611046,fallenstararena_quarter_04_c20r31.tgm,Streaming/Content/data/balance/worldareas/A4/mapuberboss_fallenstar.vworld,1540509,7621
bda36a6363eb5adc,fallenstararena_quarter_04_c20r31.tgm.header,Tiny.V8,27092625,264
8912558c4da26b75,fallenstararena_quarter_04_c20r32.tgm,Streaming/Content/data/balance/worldareas/B3/mapuberboss_fallenstar.vworld,1404544,67381
8b0a25386733eac1,fallenstararena_quarter_04_c20r32.tgm.header,Tiny.VD,27016264,264
4ec126e1e0e9adb6,fallenstararena_quarter_04_c20r33.tgm,Streaming/Content/data/balance/worldareas/5A/g2_9_1.vworld,376746,7057
fa3c8b774efb79de,fallenstararena_quarter_04_c20r33.tgm.header,Tiny.VA,27270562,264
dd502d22f9d2d319,fallenstararena_quarter_04_c2r4.tgm,Tiny.V5,26642287,463
81307a6beb96e91b,fallenstararena_quarter_04_c2r4.tgm.header,Tiny.VD,27038341,264
bed53dec2bbcd3e1,fallenstararena_quarter_04_c2r5.tgm,Tiny.VE,27025181,653
c4b896f443a05367,fallenstararena_quarter_04_c2r5.tgm.header,Tiny.V5,26642750,264
42a1d4874eab864d,fallenstararena_quarter_04_c2r6.tgm,Tiny.V7,27057476,523
291b91586889c601,fallenstararena_quarter_04_c2r6.tgm.header,Tiny.V0,27364482,264
ca402f2d467a569d,fallenstararena_quarter_04_c2r7.tgm,Tiny.V8,27112349,811
8452628700b49490,fallenstararena_quarter_04_c2r7.tgm.header,Tiny.VB,27291529,264
75805b204aec128f,fallenstararena_quarter_04_c2r8.tgm,Tiny.VE,27025834,831
a1ddd691359a5732,fallenstararena_quarter_04_c2r8.tgm.header,Tiny.VE,27026665,264
e9c57005843847ef,fallenstararena_quarter_04_c2r9.tgm,Tiny.V9,27549704,1073
d1751350d036266a,fallenstararena_quarter_04_c2r9.tgm.header,Tiny.V9,27550777,264
b8a78c8ed32dc412,fallenstararena_quarter_04_c2r1.tgm,Tiny.V6,27076239,845
62f0c785341a67eb,fallenstararena_quarter_04_c2r1.tgm.header,Tiny.V5,26641410,264
f0f1f0fcbd18aedc,fallenstararena_quarter_04_c2r10.tgm,Tiny.V7,27052350,3435
e5ca8bec1fcb1746,fallenstararena_quarter_04_c2r10.tgm.header,Tiny.V1,27071462,264
573c2702bc9cdbad,fallenstararena_quarter_04_c2r11.tgm,Tiny.V9,27546565,2875
52c66f3729bb7d1e,fallenstararena_quarter_04_c2r11.tgm.header,Tiny.VE,27021352,264
7e736130f3b83f92,fallenstararena_quarter_04_c2r12.tgm,Tiny.V1,27071726,2239
e7aab5b1bb3b6345,fallenstararena_quarter_04_c2r12.tgm.header,Tiny.V1,27073965,264
c99f3993139ca738,fallenstararena_quarter_04_c2r13.tgm,Streaming/Content/data/balance/worldareas/EC/mapuberboss_fallenstar.vworld,672808,5777
26530db2306f43d0,fallenstararena_quarter_04_c2r13.tgm.header,Tiny.V6,27077084,290
c689f04b8ccd407e,fallenstararena_quarter_04_c2r14.tgm,Streaming/Content/data/balance/worldareas/8B/mapuberboss_fallenstar.vworld,881067,9213
ebcefecfa7d0a89e,fallenstararena_quarter_04_c2r14.tgm.header,Tiny.V0,27362481,264
bfbc3051f6685c06,fallenstararena_quarter_04_c2r15.tgm,Tiny.VC,27245844,2317
4b4b86d6f2c5bd06,fallenstararena_quarter_04_c2r15.tgm.header,Tiny.V1,27074229,264
b326ea21343c1f70,fallenstararena_quarter_04_c2r16.tgm,Streaming/Content/data/balance/worldareas/39/mapport.vworld,594674,71501
047720f75e6930e3,fallenstararena_quarter_04_c2r16.tgm.header,Tiny.V4,27409377,264
ebe15df8193546c6,fallenstararena_quarter_04_c2r17.tgm,Tiny.V3,26876317,2363
a20886a80a70cd34,fallenstararena_quarter_04_c2r17.tgm.header,Tiny.V7,27055785,264
88e8316ebb9ef796,fallenstararena_quarter_04_c2r18.tgm,Tiny.VC,27248161,3005
0ba898ebc24f0f33,fallenstararena_quarter_04_c2r18.tgm.header,Tiny.V7,27056049,264
64cf1ddfd3dce05a,fallenstararena_quarter_04_c2r19.tgm,Tiny.V1,27074493,2989
08967a1666d889b4,fallenstararena_quarter_04_c2r19.tgm.header,Tiny.V6,27077374,264
5e7b8e35bbbdc3d4,fallenstararena_quarter_04_c2r2.tgm,Tiny.V7,27056313,635
dda44ae279c53ac6,fallenstararena_quarter_04_c2r2.tgm.header,Tiny.V8,27108534,264
b32b72041dfa7c1d,fallenstararena_quarter_04_c2r20.tgm,Tiny.VE,27021616,3037
652f8ee1c2c3884b,fallenstararena_quarter_04_c2r20.tgm.header,Tiny.V9,27549440,264
9cae8d71b4e484de,fallenstararena_quarter_04_c2r21.tgm,Tiny.V8,27108798,3287
ca069f85643ec1e0,fallenstararena_quarter_04_c2r21.tgm.header,Tiny.V7,27056948,264
eaa6e58f75dfac99,fallenstararena_quarter_04_c2r22.tgm,Tiny.V2,27221892,3673
da72afe32d881864,fallenstararena_quarter_04_c2r22.tgm.header,Tiny.VE,27024653,264
977f2fb0534f06f9,fallenstararena_quarter_04_c2r23.tgm,Streaming/Content/data/balance/worldareas/94/mapmothersoul_female.vworld,505246,65105
ed03b376d389bea5,fallenstararena_quarter_04_c2r23.tgm.header,Tiny.VC,27251166,264
1620fb6ae638569c,fallenstararena_quarter_04_c2r24.tgm,Streaming/Content/data/balance/worldareas/B3/mapuberboss_fallenstar.vworld,1471925,6621
be053e580593511d,fallenstararena_quarter_04_c2r24.tgm.header,Tiny.V7,27057212,264
31ff9b8b1c032bc1,fallenstararena_quarter_04_c2r25.tgm,Streaming/Content/data/balance/worldareas/2B/mapuberboss_fallenstar.vworld,1573298,4151
eac1b5e9f74a5610,fallenstararena_quarter_04_c2r25.tgm.header,Tiny.V4,27409641,264
da9c8a8014381484,fallenstararena_quarter_04_c2r26.tgm,Streaming/Content/data/balance/worldareas/F0/mapuberboss_fallenstar.vworld,1952844,61813
f5082f22c5d0f05f,fallenstararena_quarter_04_c2r26.tgm.header,Tiny.VE,27024917,264
4a83e4cb179404f2,fallenstararena_quarter_04_c2r27.tgm,Tiny.VA,27292122,1573
0d253e1f6a85863e,fallenstararena_quarter_04_c2r27.tgm.header,Tiny.VB,27291001,264
e15f354a83d5fc94,fallenstararena_quarter_04_c2r28.tgm,Tiny.V0,27362745,1737
7bd3741b6fc864e2,fallenstararena_quarter_04_c2r28.tgm.header,Tiny.V8,27112085,264
5d61a0a68ba0d157,fallenstararena_quarter_04_c2r29.tgm,Streaming/Content/data/balance/worldareas/97/mapuberboss_fallenstar.vworld,4455184,61755
63802becb3e419cf,fallenstararena_quarter_04_c2r29.tgm.header,Tiny.VF,27238880,264
d808956918a6e1cd,fallenstararena_quarter_04_c2r3.tgm,Tiny.V5,26641674,613
06ea193d834ee752,fallenstararena_quarter_04_c2r3.tgm.header,Tiny.VB,27291265,264
b4d562d50ec45d37,fallenstararena_quarter_04_c2r30.tgm,Tiny.V1,27077482,1877
818d806767f24199,fallenstararena_quarter_04_c2r30.tgm.header,Tiny.VC,27251430,264
41fc05e3e0d9a17c,fallenstararena_quarter_04_c2r31.tgm,Tiny.V4,27409905,1735
ac1fdbb25482f6da,fallenstararena_quarter_04_c2r31.tgm.header,Tiny.V2,27225565,264
77ea2efd830dc67f,fallenstararena_quarter_04_c2r32.tgm,Streaming/Content/data/balance/worldareas/79/mapuberboss_fallenstar.vworld,11263822,61377
724efd524ffde870,fallenstararena_quarter_04_c2r32.tgm.header,Tiny.V2,27225829,264
30ee0a79e9149b40,fallenstararena_quarter_04_c2r33.tgm,Tiny.V3,26878680,513
6cf1563bc39d45b4,fallenstararena_quarter_04_c2r33.tgm.header,Tiny.VA,27293695,264
b39eea92a17e92c3,fallenstararena_quarter_04_c19r4.tgm,Tiny.V6,27044562,405
bcc2d43c77411191,fallenstararena_quarter_04_c19r4.tgm.header,Tiny.V2,27195660,264
bd474de8c059b345,fallenstararena_quarter_04_c19r5.tgm,Tiny.V3,26861217,405
8319de53f71bacc0,fallenstararena_quarter_04_c19r5.tgm.header,Tiny.VE,26994860,264
531ddb5228a03a00,fallenstararena_quarter_04_c19r6.tgm,Tiny.V2,27195924,681
864b400b833efb59,fallenstararena_quarter_04_c19r6.tgm.header,Tiny.V0,27333061,264
b490479b8b5c8130,fallenstararena_quarter_04_c19r7.tgm,Tiny.V7,27034438,661
c8b9cbf2c904dea9,fallenstararena_quarter_04_c19r7.tgm.header,Tiny.VD,27011232,264
d1946f0cc53cfd7c,fallenstararena_quarter_04_c19r8.tgm,Tiny.VB,27266731,751
a481d43886fadb71,fallenstararena_quarter_04_c19r8.tgm.header,Tiny.VE,26995124,264
01682618465031a8,fallenstararena_quarter_04_c19r9.tgm,Tiny.V5,26626011,463
7fe1051246e7cde0,fallenstararena_quarter_04_c19r9.tgm.header,Tiny.V5,26626474,264
b7b900a6556befab,fallenstararena_quarter_04_c19r1.tgm,Tiny.VF,27214366,1091
640a8009e0bc8a0a,fallenstararena_quarter_04_c19r1.tgm.header,Tiny.V8,27086327,264
45b888cb2c74cc57,fallenstararena_quarter_04_c19r10.tgm,Tiny.VA,27265469,543
24c20c579a3add06,fallenstararena_quarter_04_c19r10.tgm.header,Tiny.VA,27266012,264
f84ffa01648a31d9,fallenstararena_quarter_04_c19r11.tgm,Tiny.VE,26991566,451
f3b735211f19a77a,fallenstararena_quarter_04_c19r11.tgm.header,Tiny.V3,26859925,264
5b293458c18ba5f2,fallenstararena_quarter_04_c19r12.tgm,Tiny.V3,26860189,359
f9e5c17a49d8788e,fallenstararena_quarter_04_c19r12.tgm.header,Tiny.VC,27220687,264
eac187fb3ec7d53b,fallenstararena_quarter_04_c19r13.tgm,Tiny.V4,27373632,359
0b055f617867713c,fallenstararena_quarter_04_c19r13.tgm.header,Tiny.V4,27373991,264
b35b3c8dd53776a8,fallenstararena_quarter_04_c19r14.tgm,Tiny.V3,26860548,405
3ed7b5889ec210a3,fallenstararena_quarter_04_c19r14.tgm.header,Tiny.V7,27048150,264
a921c742e2eca05a,fallenstararena_quarter_04_c19r15.tgm,Tiny.V6,27043873,425
90a72c67dd8eb911,fallenstararena_quarter_04_c19r15.tgm.header,Tiny.VA,27281266,264
8aac0adf2ea9b1d0,fallenstararena_quarter_04_c19r16.tgm,Tiny.V4,27374255,719
f06abfb9b7a43deb,fallenstararena_quarter_04_c19r16.tgm.header,Tiny.VC,27220951,264
305bb4cc5afe73ac,fallenstararena_quarter_04_c19r17.tgm,Tiny.VE,26992017,2579
b8ab6431a787dde2,fallenstararena_quarter_04_c19r17.tgm.header,Tiny.VC,27221215,264
f23edc6df91ed295,fallenstararena_quarter_04_c19r18.tgm,Streaming/Content/data/balance/worldareas/DD/g2_2.vworld,604630,4383
52f19be7f1536b20,fallenstararena_quarter_04_c19r18.tgm.header,Tiny.V5,26621699,264
67eb999759b00a59,fallenstararena_quarter_04_c19r19.tgm,Tiny.VB,27263452,2751
6a6e1213a843b044,fallenstararena_quarter_04_c19r19.tgm.header,Tiny.VB,27266203,264
544e27657bc0d642,fallenstararena_quarter_04_c19r2.tgm,Tiny.V0,27332486,575
1c281594bb9675ef,fallenstararena_quarter_04_c19r2.tgm.header,Tiny.V2,27195396,264
e757ac7043004726,fallenstararena_quarter_04_c19r20.tgm,Tiny.VA,27266276,2667
d27c1124bff8f57a,fallenstararena_quarter_04_c19r20.tgm.header,Tiny.V6,27044298,264
2d78a57c1b1e0631,fallenstararena_quarter_04_c19r21.tgm,Tiny.V5,26621963,2893
04d32db54ebfcd66,fallenstararena_quarter_04_c19r21.tgm.header,Tiny.V4,27374974,264
fe1b8c05400ad904,fallenstararena_quarter_04_c19r22.tgm,Tiny.V4,27375238,2405
4e94c711c2c79e17,fallenstararena_quarter_04_c19r22.tgm.header,Tiny.V8,27086591,264
c1940e13d9339eca,fallenstararena_quarter_04_c19r23.tgm,Tiny.V9,27521846,2539
452045813b02cec4,fallenstararena_quarter_04_c19r23.tgm.header,Tiny.VB,27266467,264
d53f3a1d890da4ea,fallenstararena_quarter_04_c19r24.tgm,Tiny.V7,27030349,3825
cccda70b09b816f0,fallenstararena_quarter_04_c19r24.tgm.header,Tiny.V5,26624856,264
d7801ee52cc06879,fallenstararena_quarter_04_c19r25.tgm,Streaming/Content/data/balance/worldareas/51/g3_2_1.vworld,335855,4307
11861656b27cb3be,fallenstararena_quarter_04_c19r25.tgm.header,Tiny.V5,26625120,264
7428a6d04fd17580,fallenstararena_quarter_04_c19r26.tgm,Streaming/Content/data/balance/worldareas/41/g4_8a.vworld,370348,6969
b9d6e732d69c8bd2,fallenstararena_quarter_04_c19r26.tgm.header,Tiny.V3,26860953,264
9c8975e60402c03e,fallenstararena_quarter_04_c19r27.tgm,Streaming/Content/data/balance/worldareas/7E/mapuberboss_fallenstar.vworld,5268535,10015
0847ce79d33c544a,fallenstararena_quarter_04_c19r27.tgm.header,Tiny.V9,27524385,264
2df3b74de2863418,fallenstararena_quarter_04_c19r28.tgm,Streaming/Content/data/balance/worldareas/6C/mapuberboss_fallenstar.vworld,2965296,11013
69af2af7b364405c,fallenstararena_quarter_04_c19r28.tgm.header,Tiny.VD,27010968,264
62f9fb39b0b64978,fallenstararena_quarter_04_c19r29.tgm,Streaming/Content/data/balance/worldareas/6E/mapmothersoul_male_quest.vworld,345741,8775
f9fedea5854b230c,fallenstararena_quarter_04_c19r29.tgm.header,Tiny.V4,27377643,264
c9a22f5a6d0063c8,fallenstararena_quarter_04_c19r3.tgm,Tiny.V5,26625384,627
d353c44410281bc4,fallenstararena_quarter_04_c19r3.tgm.header,Tiny.V9,27524649,264
c28146d44231f37c,fallenstararena_quarter_04_c19r30.tgm,Streaming/Content/data/balance/worldareas/2D/mapuberboss_fallenstar.vworld,406210,7833
ca5c01d62e07a524,fallenstararena_quarter_04_c19r30.tgm.header,Tiny.V7,27034174,264
8c78ada57d54f0f2,fallenstararena_quarter_04_c19r31.tgm,Streaming/Content/data/balance/worldareas/D7/mapuberboss_fallenstar.vworld,414607,6701
4ea616bebbc235e3,fallenstararena_quarter_04_c19r31.tgm.header,Tiny.V1,27032847,264
2031dd491abf4066,fallenstararena_quarter_04_c19r32.tgm,Streaming/Content/data/balance/worldareas/06/g2_9_1.vworld,541865,5263
4ce3310cbf6fcab1,fallenstararena_quarter_04_c19r32.tgm.header,Tiny.VA,27268943,264
8949318b09a918c6,fallenstararena_quarter_04_c19r33.tgm,Streaming/Content/data/balance/worldareas/04/mapuberboss_fallenstar.vworld,2163593,5117
d6caf700823cbcb2,fallenstararena_quarter_04_c19r33.tgm.header,Tiny.VE,26994596,264
f50004bf182f6ce0,fallenstararena_quarter_04_c18r4.tgm,Tiny.VA,27264946,523
829da4fb5b023ea1,fallenstararena_quarter_04_c18r4.tgm.header,Tiny.VE,26990713,264
fbb2c2ba632fd740,fallenstararena_quarter_04_c18r5.tgm,Tiny.V4,27372741,627
223457bdb606c989,fallenstararena_quarter_04_c18r5.tgm.header,Tiny.VC,27220423,264
a3a511713d09bfd3,fallenstararena_quarter_04_c18r6.tgm,Tiny.VD,27010373,595
a0a0b3a59407e986,fallenstararena_quarter_04_c18r6.tgm.header,Tiny.V4,27373368,264
19bd621eeeb23b60,fallenstararena_quarter_04_c18r7.tgm,Tiny.V2,27194893,503
0398a51a9c957bb7,fallenstararena_quarter_04_c18r7.tgm.header,Tiny.VF,27213838,264
36a78b6d5aa6a13d,fallenstararena_quarter_04_c18r8.tgm,Tiny.V6,27043146,727
201879804e0c192a,fallenstararena_quarter_04_c18r8.tgm.header,Tiny.VB,27263188,264
be53cf3a7b937f7e,fallenstararena_quarter_04_c18r9.tgm,Tiny.VE,26990977,589
be80235d02c62b5f,fallenstararena_quarter_04_c18r9.tgm.header,Tiny.VF,27214102,264
69803a88117c8046,fallenstararena_quarter_04_c18r1.tgm,Tiny.VF,27208830,1159
ff58a4847b23f7cd,fallenstararena_quarter_04_c18r1.tgm.header,Tiny.VB,27262396,264
2c94ef49f374834f,fallenstararena_quarter_04_c18r10.tgm,Tiny.V0,27331177,517
cc5cd12639567d2c,fallenstararena_quarter_04_c18r10.tgm.header,Tiny.VC,27218286,264
a1c37e6d21dd691f,fallenstararena_quarter_04_c18r11.tgm,Tiny.V4,27370597,765
6e38ad614da76ba7,fallenstararena_quarter_04_c18r11.tgm.header,Tiny.V7,27027264,264
ade40393c44f1e76,fallenstararena_quarter_04_c18r12.tgm,Tiny.V9,27514267,523
5d41ec3de53e3334,fallenstararena_quarter_04_c18r12.tgm.header,Tiny.V0,27331694,264
b42bc297c1a1e698,fallenstararena_quarter_04_c18r13.tgm,Tiny.V9,27514790,837
e475b8b4b88f5378,fallenstararena_quarter_04_c18r13.tgm.header,Tiny.V9,27515627,264
e93197a60ad43e85,fallenstararena_quarter_04_c18r14.tgm,Tiny.V4,27371362,851
0b9f218c367507d7,fallenstararena_quarter_04_c18r14.tgm.header,Tiny.V0,27331958,264
8255d38a4df9266a,fallenstararena_quarter_04_c18r15.tgm,Tiny.V1,27028382,1755
2235b72c6444908c,fallenstararena_quarter_04_c18r15.tgm.header,Tiny.VB,27262660,264
45313ed44c81fb3e,fallenstararena_quarter_04_c18r16.tgm,Tiny.VF,27209989,2793
6abda41da2501697,fallenstararena_quarter_04_c18r16.tgm.header,Tiny.VC,27218550,264
913e2613b10fbe1a,fallenstararena_quarter_04_c18r17.tgm,Tiny.V8,27082538,2997
50aa903499f72e22,fallenstararena_quarter_04_c18r17.tgm.header,Tiny.VF,27212782,264
5cc97990025b4397,fallenstararena_quarter_04_c18r18.tgm,Tiny.VE,26987572,2877
2e1c83d79468c572,fallenstararena_quarter_04_c18r18.tgm.header,Tiny.VF,27213046,264
43e0d8f42e8a03b8,fallenstararena_quarter_04_c18r19.tgm,Tiny.V9,27515891,1997
f22f48c5520b7f5d,fallenstararena_quarter_04_c18r19.tgm.header,Tiny.V9,27517888,264
faa5619bf2f5e28d,fallenstararena_quarter_04_c18r2.tgm,Streaming/Content/data/balance/worldareas/CD/mapuberboss_fallenstar.vworld,244864,101193
1b6f4860d8b31a16,fallenstararena_quarter_04_c18r2.tgm.header,Tiny.V8,27085535,264
0ea8e4fe842c2a59,fallenstararena_quarter_04_c18r20.tgm,Tiny.V1,27030137,2103
506bc911192e1529,fallenstararena_quarter_04_c18r20.tgm.header,Tiny.V6,27042618,264
46fbcc0622c81ad5,fallenstararena_quarter_04_c18r21.tgm,Tiny.V7,27027528,2821
169be7cec65bf29a,fallenstararena_quarter_04_c18r21.tgm.header,Tiny.V4,27372213,264
13a4219f09f5d0a0,fallenstararena_quarter_04_c18r22.tgm,Streaming/Content/data/balance/worldareas/85/g2_9_1.vworld,559179,5967
fae147a51635c555,fallenstararena_quarter_04_c18r22.tgm.header,Tiny.VE,26990449,264
7910a71feb526a30,fallenstararena_quarter_04_c18r23.tgm,Streaming/Content/data/balance/worldareas/32/mapuberboss_fallenstar.vworld,653530,8065
28efa37e5cde0b05,fallenstararena_quarter_04_c18r23.tgm.header,Tiny.VF,27213310,264
2c88b206b53a20af,fallenstararena_quarter_04_c18r24.tgm,Streaming/Content/data/balance/worldareas/10/mapuberboss_fallenstar.vworld,6639166,8005
c4d82aa7a7670c10,fallenstararena_quarter_04_c18r24.tgm.header,Tiny.V9,27518152,290
f5bc953b6e1f0aa0,fallenstararena_quarter_04_c18r25.tgm,Streaming/Content/data/balance/worldareas/3C/mapport.vworld,424646,6895
04286fbde3e9a896,fallenstararena_quarter_04_c18r25.tgm.header,Tiny.V6,27042882,264
ae0f2462a4c9c9c6,fallenstararena_quarter_04_c18r26.tgm,Streaming/Content/data/balance/worldareas/85/g2_9_1.vworld,565146,9671
68436020baa852c6,fallenstararena_quarter_04_c18r26.tgm.header,Tiny.V3,26859661,264
1a579758117653dd,fallenstararena_quarter_04_c18r27.tgm,Streaming/Content/data/balance/worldareas/6B/mapuberboss_fallenstar.vworld,1798686,10039
d1da01c95139abf7,fallenstararena_quarter_04_c18r27.tgm.header,Tiny.V8,27085799,264
710f803de4d0e19c,fallenstararena_quarter_04_c18r28.tgm,Streaming/Content/data/balance/worldareas/8A/mapuberboss_fallenstar.vworld,4141346,7543
3d3e1addd4246261,fallenstararena_quarter_04_c18r28.tgm.header,Tiny.V4,27372477,264
6f58cadd90ea8173,fallenstararena_quarter_04_c18r29.tgm,Tiny.V2,27191555,1939
5bf20f56533b0fac,fallenstararena_quarter_04_c18r29.tgm.header,Tiny.V8,27086063,264
b9f1a5323ac2823d,fallenstararena_quarter_04_c18r3.tgm,Tiny.V1,27032240,607
a8d83c1b47539eb6,fallenstararena_quarter_04_c18r3.tgm.header,Tiny.VD,27009845,264
436704e845244cda,fallenstararena_quarter_04_c18r30.tgm,Tiny.VC,27218814,1609
0b9ce823d5b2a3b7,fallenstararena_quarter_04_c18r30.tgm.header,Tiny.VD,27010109,264
26b02bf39cf7140b,fallenstararena_quarter_04_c18r31.tgm,Tiny.V9,27518442,1677
377d4236e8f2d5cd,fallenstararena_quarter_04_c18r31.tgm.header,Tiny.VF,27213574,264
58ef7506a1504c43,fallenstararena_quarter_04_c18r32.tgm,Tiny.V9,27520119,1727
f8d47ccfe1ccd429,fallenstararena_quarter_04_c18r32.tgm.header,Tiny.VB,27262924,264
f8bd54f4e330e2d6,fallenstararena_quarter_04_c18r33.tgm,Tiny.V2,27193494,1399
e05340a04bdcffb3,fallenstararena_quarter_04_c18r33.tgm.header,Tiny.V0,27332222,264
f4c8338cc227b6ac,fallenstararena_quarter_04_c17r4.tgm,Tiny.VB,27261833,563
8003f2f81cdea90e,fallenstararena_quarter_04_c17r4.tgm.header,Tiny.V2,27190748,264
66c5968a75ac2386,fallenstararena_quarter_04_c17r5.tgm,Tiny.VF,27208195,635
4d22ebed046d1955,fallenstararena_quarter_04_c17r5.tgm.header,Tiny.V8,27081746,264
dd013ea55b9bc730,fallenstararena_quarter_04_c17r6.tgm,Tiny.V7,27025962,635
f2894636c1498748,fallenstararena_quarter_04_c17r6.tgm.header,Tiny.V8,27082010,264
5c3facc10f359b57,fallenstararena_quarter_04_c17r7.tgm,Tiny.V7,27026597,667
86ae6e2515407d45,fallenstararena_quarter_04_c17r7.tgm.header,Tiny.VE,26987308,264
5ba490cdbe370b55,fallenstararena_quarter_04_c17r8.tgm,Tiny.V2,27191012,543
2012b881d81c09ad,fallenstararena_quarter_04_c17r8.tgm.header,Tiny.VD,27009581,264
615e249c125935d8,fallenstararena_quarter_04_c17r9.tgm,Tiny.V3,26858950,711
52bb856b32fdd551,fallenstararena_quarter_04_c17r9.tgm.header,Tiny.V8,27082274,264
4e88f9513baeafe7,fallenstararena_quarter_04_c17r1.tgm,Tiny.V8,27080399,819
a51bee88936a8add,fallenstararena_quarter_04_c17r1.tgm.header,Tiny.V1,27027854,264
a35e2ca8c57eb1d7,fallenstararena_quarter_04_c17r10.tgm,Tiny.VE,26982694,443
8cc14c8baf52d243,fallenstararena_quarter_04_c17r10.tgm.header,Tiny.V8,27081218,264
11301f0efc95e899,fallenstararena_quarter_04_c17r11.tgm,Tiny.VA,27263969,713
ffe97b6d623c1f69,fallenstararena_quarter_04_c17r11.tgm.header,Tiny.VA,27264682,264
3e3f7119476ef401,fallenstararena_quarter_04_c17r12.tgm,Tiny.VE,26983137,589
0c1be13789ee7b19,fallenstararena_quarter_04_c17r12.tgm.header,Tiny.V8,27081482,264
c1b5bc181514163b,fallenstararena_quarter_04_c17r13.tgm,Tiny.V3,26856931,673
a3b6585705f74306,fallenstararena_quarter_04_c17r13.tgm.header,Tiny.V7,27025698,264
26d52ed42d586b31,fallenstararena_quarter_04_c17r14.tgm,Tiny.V4,27364893,2309
dd58944657318fc7,fallenstararena_quarter_04_c17r14.tgm.header,Tiny.VE,26983726,264
5f506b977d284109,fallenstararena_quarter_04_c17r15.tgm,Tiny.V0,27327974,3203
91cdc37d12f1b3e5,fallenstararena_quarter_04_c17r15.tgm.header,Tiny.V2,27186204,264
2378e59b37b5809a,fallenstararena_quarter_04_c17r16.tgm,Tiny.V6,27036906,3165
5e85dbce4bb49b76,fallenstararena_quarter_04_c17r16.tgm.header,Tiny.V1,27028118,264
baa6dd751763a136,fallenstararena_quarter_04_c17r17.tgm,Tiny.V2,27186468,2493
70c001e10e9e3176,fallenstararena_quarter_04_c17r17.tgm.header,Tiny.VF,27207403,264
cb7dba4ede8dd650,fallenstararena_quarter_04_c17r18.tgm,Tiny.VE,26983990,1771
43c67fa95fef68d3,fallenstararena_quarter_04_c17r18.tgm.header,Tiny.VD,27008525,264
cd885d77905a4018,fallenstararena_quarter_04_c17r19.tgm,Tiny.V2,27188961,1523
dfbfe443ebf5f386,fallenstararena_quarter_04_c17r19.tgm.header,Tiny.V6,27040071,264
dfbe7ffb07cc659f,fallenstararena_quarter_04_c17r2.tgm,Tiny.V9,27509184,589
5412db69513be69d,fallenstararena_quarter_04_c17r2.tgm.header,Tiny.VB,27261569,264
4d0c87a844289ad8,fallenstararena_quarter_04_c17r20.tgm,Tiny.V4,27367202,3131
3bc865671f223489,fallenstararena_quarter_04_c17r20.tgm.header,Tiny.V6,27040335,264
a20d1fa9c15b6f80,fallenstararena_quarter_04_c17r21.tgm,Streaming/Content/data/balance/worldareas/6C/mapuberboss_fallenstar.vworld,2955989,9307
4b3d67060af01906,fallenstararena_quarter_04_c17r21.tgm.header,Tiny.VD,27008789,264
689ed9e6c098abc7,fallenstararena_quarter_04_c17r22.tgm,Streaming/Content/data/balance/worldareas/FD/mapuberboss_fallenstar.vworld,1933955,9667
5e7b654dea3598f2,fallenstararena_quarter_04_c17r22.tgm.header,Tiny.V3,26857604,290
10ee2decfd88d3a7,fallenstararena_quarter_04_c17r23.tgm,Streaming/Content/data/balance/worldareas/3E/mapuberboss_fallenstar.vworld,6208074,71057
4fa910ecc9d78cf6,fallenstararena_quarter_04_c17r23.tgm.header,Tiny.V9,27509773,264
2cf35ffb20a1da7b,fallenstararena_quarter_04_c17r24.tgm,Streaming/Content/data/balance/worldareas/5B/mapuberboss_fallenstar.vworld,577043,9315
f83ae8e3b24c213b,fallenstararena_quarter_04_c17r24.tgm.header,Tiny.VF,27207667,264
e887a97c7632dec8,fallenstararena_quarter_04_c17r25.tgm,Streaming/Content/data/balance/worldareas/E8/mapsinterrift.vworld,718616,6299
8fceca07701e602b,fallenstararena_quarter_04_c17r25.tgm.header,Tiny.V3,26857894,264
8ef6689afa28d831,fallenstararena_quarter_04_c17r26.tgm,Streaming/Content/data/balance/worldareas/B1/g2_6.vworld,610009,65585
719ae8f10c9c5814,fallenstararena_quarter_04_c17r26.tgm.header,Tiny.VC,27217355,264
2945d6b870349f28,fallenstararena_quarter_04_c17r27.tgm,Tiny.VE,26985761,1547
273171cc44cc97d1,fallenstararena_quarter_04_c17r27.tgm.header,Tiny.V3,26858158,264
cfb097cfd7a3e78e,fallenstararena_quarter_04_c17r28.tgm,Tiny.V9,27510037,1643
dc2fc8032c683b7b,fallenstararena_quarter_04_c17r28.tgm.header,Tiny.VF,27207931,264
2373ce60ed9a96bf,fallenstararena_quarter_04_c17r29.tgm,Streaming/Content/data/balance/worldareas/A0/mapuberboss_fallenstar.vworld,898499,62569
4adba67f766ba5ec,fallenstararena_quarter_04_c17r29.tgm.header,Tiny.VD,27009053,264
d9bab6f55cd5fbb0,fallenstararena_quarter_04_c17r3.tgm,Tiny.VC,27217619,667
c32d804d339e1e37,fallenstararena_quarter_04_c17r3.tgm.header,Tiny.VD,27009317,264
280baf994c806afe,fallenstararena_quarter_04_c17r30.tgm,Tiny.V9,27511680,2587
e037302a8c0b58ba,fallenstararena_quarter_04_c17r30.tgm.header,Tiny.V2,27190484,264
ceaece09c430840f,fallenstararena_quarter_04_c17r31.tgm,Tiny.V5,26619534,2165
b9c2b03542d0a560,fallenstararena_quarter_04_c17r31.tgm.header,Tiny.V3,26858422,264
07251ce78ce0fe72,fallenstararena_quarter_04_c17r32.tgm,Streaming/Content/data/balance/worldareas/39/mapport.vworld,531969,62705
372f1b7067c451a7,fallenstararena_quarter_04_c17r32.tgm.header,Tiny.V4,27370333,264
4fe8bf8f4fb30e50,fallenstararena_quarter_04_c17r33.tgm,Tiny.V6,27040599,2019
0dbd51d83a769118,fallenstararena_quarter_04_c17r33.tgm.header,Tiny.V3,26858686,264
5c04e725f4a43549,fallenstararena_quarter_04_c16r4.tgm,Tiny.VD,27007528,733
bc0ec0f777e0283e,fallenstararena_quarter_04_c16r4.tgm.header,Tiny.V4,27364629,264
d40f05477b519cc0,fallenstararena_quarter_04_c16r5.tgm,Tiny.V1,27027081,773
70b460f45f6fb3a4,fallenstararena_quarter_04_c16r5.tgm.header,Tiny.V0,27326995,264
2226b7a3874b2936,fallenstararena_quarter_04_c16r6.tgm,Tiny.VF,27206776,627
707495988653af3f,fallenstararena_quarter_04_c16r6.tgm.header,Tiny.V8,27080135,264
e69e828925835ea0,fallenstararena_quarter_04_c16r7.tgm,Tiny.V9,27508773,411
43632f1be1295235,fallenstararena_quarter_04_c16r7.tgm.header,Tiny.V0,27327259,264
5cf173a694dafbab,fallenstararena_quarter_04_c16r8.tgm,Tiny.V0,27327523,451
5d4a5978609fd849,fallenstararena_quarter_04_c16r8.tgm.header,Tiny.VD,27008261,264
a240c3b93c0af566,fallenstararena_quarter_04_c16r9.tgm,Tiny.VE,26982127,567
b9fa363476f24ab9,fallenstararena_quarter_04_c16r9.tgm.header,Tiny.V5,26619270,264
0470d0348adf141b,fallenstararena_quarter_04_c16r1.tgm,Tiny.V6,27033834,1065
59923162e52c25fe,fallenstararena_quarter_04_c16r1.tgm.header,Tiny.V2,27184941,264
976184f9e471aebf,fallenstararena_quarter_04_c16r10.tgm,Tiny.VF,27201217,417
8ff19c29d08331e5,fallenstararena_quarter_04_c16r10.tgm.header,Tiny.V8,27077678,264
baa57ba8541ede12,fallenstararena_quarter_04_c16r11.tgm,Streaming/Content/data/balance/worldareas/4A/mapuberboss_fallenstar.vworld,2179388,3536677
d344edb1d149ddf3,fallenstararena_quarter_04_c16r11.tgm.header,Tiny.VA,27254266,1170
ab75e27580da4d7e,fallenstararena_quarter_04_c16r12.tgm,Tiny.V2,27185205,471
eaaa755ccdb123f0,fallenstararena_quarter_04_c16r12.tgm.header,Tiny.VA,27255436,264
abaad1105a24c5ed,fallenstararena_quarter_04_c16r13.tgm,Tiny.VF,27201634,2127
84086d0a71e7824d,fallenstararena_quarter_04_c16r13.tgm.header,Tiny.V9,27500550,264
d8446a6b676d850d,fallenstararena_quarter_04_c16r14.tgm,Tiny.VE,26977249,3159
df0c2b35f470c797,fallenstararena_quarter_04_c16r14.tgm.header,Tiny.V8,27077942,264
bd68432755050647,fallenstararena_quarter_04_c16r15.tgm,Tiny.VA,27255700,2983
20fb18eefe7a87c0,fallenstararena_quarter_04_c16r15.tgm.header,Tiny.V0,27325384,264
c8a369437fed5323,fallenstararena_quarter_04_c16r16.tgm,Tiny.V9,27500814,1973
6644943f24e90673,fallenstararena_quarter_04_c16r16.tgm.header,Tiny.V2,27185676,264
197c678c4a4e5bb4,fallenstararena_quarter_04_c16r17.tgm,Tiny.V3,26855418,1513
f781beb49acb208c,fallenstararena_quarter_04_c16r17.tgm.header,Tiny.V9,27502787,264
33f32916918b3b52,fallenstararena_quarter_04_c16r18.tgm,Tiny.V4,27358887,2293
262d40fe1a34c4fe,fallenstararena_quarter_04_c16r18.tgm.header,Tiny.VB,27261041,264
74942a50f7939078,fallenstararena_quarter_04_c16r19.tgm,Streaming/Content/data/balance/worldareas/16/mapuberboss_fallenstar.vworld,5745644,4231
fa19faf84b9867bb,fallenstararena_quarter_04_c16r19.tgm.header,Tiny.V0,27325648,264
da728fa98d3067ae,fallenstararena_quarter_04_c16r2.tgm,Tiny.V5,26618603,667
3db19d3c02971bd6,fallenstararena_quarter_04_c16r2.tgm.header,Tiny.V2,27185940,264
b841730f18755052,fallenstararena_quarter_04_c16r20.tgm,Streaming/Content/data/balance/worldareas/EA/mapuberboss_fallenstar.vworld,7928673,10273
15cf6a9cc65041b0,fallenstararena_quarter_04_c16r20.tgm.header,Tiny.VF,27203761,264
e48d846ea39f03cb,fallenstararena_quarter_04_c16r21.tgm,Streaming/Content/data/balance/worldareas/77/mapuberboss_fallenstar.vworld,3205126,14219
9f378c5cd2e9d052,fallenstararena_quarter_04_c16r21.tgm.header,Tiny.VD,27006974,290
aa64f16c2177378d,fallenstararena_quarter_04_c16r22.tgm,Streaming/Content/data/balance/worldareas/BF/mapuberboss_fallenstar.vworld,699185,11231
b026d0a5c62c0b9c,fallenstararena_quarter_04_c16r22.tgm.header,Tiny.V7,27025170,264
28c23fbb17243b66,fallenstararena_quarter_04_c16r23.tgm,Streaming/Content/data/balance/worldareas/00/mapuberboss_fallenstar.vworld,4148251,8739
328bb0082d37aa5e,fallenstararena_quarter_04_c16r23.tgm.header,Tiny.V1,27024674,264
ef05ea1fd8d4ef0a,fallenstararena_quarter_04_c16r24.tgm,Tiny.V9,27503051,2731
b5c8a9445cad61ab,fallenstararena_quarter_04_c16r24.tgm.header,Tiny.V1,27024938,264
19b097cbb39b07a5,fallenstararena_quarter_04_c16r25.tgm,Tiny.V8,27078206,1665
84510d9ab8db32ec,fallenstararena_quarter_04_c16r25.tgm.header,Tiny.V0,27325912,264
a73355dacd961201,fallenstararena_quarter_04_c16r26.tgm,Tiny.V6,27034899,1743
d466abfc93553a3a,fallenstararena_quarter_04_c16r26.tgm.header,Tiny.V1,27025202,264
fb2f82f4c06bdf1b,fallenstararena_quarter_04_c16r27.tgm,Tiny.V1,27025466,1615
425420fc6c2de552,fallenstararena_quarter_04_c16r27.tgm.header,Tiny.VF,27204025,264
256e33f7f597f09b,fallenstararena_quarter_04_c16r28.tgm,Tiny.VE,26980408,1719
f5fad040c78d1a91,fallenstararena_quarter_04_c16r28.tgm.header,Tiny.VB,27261305,264
0bb02a1996a0cddd,fallenstararena_quarter_04_c16r29.tgm,Tiny.V4,27361180,3185
0f96e62722a3d15b,fallenstararena_quarter_04_c16r29.tgm.header,Tiny.V6,27036642,264
b86f3a52f40c2221,fallenstararena_quarter_04_c16r3.tgm,Tiny.V0,27326176,555
26361d39d1e59187,fallenstararena_quarter_04_c16r3.tgm.header,Tiny.V7,27025434,264
39ea8e38cf17cc0c,fallenstararena_quarter_04_c16r30.tgm,Tiny.VA,27258683,2743
841e664cf011c849,fallenstararena_quarter_04_c16r30.tgm.header,Tiny.VD,27007264,264
38808832537cd7e4,fallenstararena_quarter_04_c16r31.tgm,Tiny.VF,27204289,2487
1d79239ffb5ddf1e,fallenstararena_quarter_04_c16r31.tgm.header,Tiny.V4,27364365,264
21e001932d6ea562,fallenstararena_quarter_04_c16r32.tgm,Tiny.VA,27261426,2543
e383c4cea1dfb74d,fallenstararena_quarter_04_c16r32.tgm.header,Tiny.V0,27326731,264
1328a9eb442dc370,fallenstararena_quarter_04_c16r33.tgm,Tiny.V9,27505782,2991
b8148af12a221784,fallenstararena_quarter_04_c16r33.tgm.header,Tiny.V8,27079871,264
af0f4e479f0a92e8,fallenstararena_quarter_04_c15r4.tgm,Tiny.V2,27184444,497
dc0f7adea30cf26a,fallenstararena_quarter_04_c15r4.tgm.header,Tiny.V4,27358028,264
782919badeb1cac5,fallenstararena_quarter_04_c15r5.tgm,Tiny.VB,27260636,405
c97620599659c82e,fallenstararena_quarter_04_c15r5.tgm.header,Tiny.V1,27023731,264
44ef09674d61104d,fallenstararena_quarter_04_c15r6.tgm,Tiny.VF,27200740,477
3909e9dc47089195,fallenstararena_quarter_04_c15r6.tgm.header,Tiny.VA,27254002,264
b9c1a6ad0f4e7299,fallenstararena_quarter_04_c15r7.tgm,Tiny.V4,27358292,595
c9ddd9605f5b9e7a,fallenstararena_quarter_04_c15r7.tgm.header,Tiny.V9,27500286,264
ce6d30236e1c38ce,fallenstararena_quarter_04_c15r8.tgm,Tiny.V7,27024103,803
12ef99be6f549247,fallenstararena_quarter_04_c15r8.tgm.header,Tiny.V7,27024906,264
cd500059bab6f66a,fallenstararena_quarter_04_c15r9.tgm,Tiny.V1,27023995,679
5ee593bc44ed9a38,fallenstararena_quarter_04_c15r9.tgm.header,Tiny.V6,27033570,264
9db9052698c1c396,fallenstararena_quarter_04_c15r1.tgm,Tiny.VB,27252793,817
073c3c63a55b2cc2,fallenstararena_quarter_04_c15r1.tgm.header,Tiny.V3,26855154,264
d32c4ab81141eee9,fallenstararena_quarter_04_c15r10.tgm,Tiny.VF,27196488,745
4fe449dd925891f5,fallenstararena_quarter_04_c15r10.tgm.header,Tiny.V8,27073110,264
aef1e22e71ff18a5,fallenstararena_quarter_04_c15r11.tgm,Tiny.VA,27250566,771
052b59d0838ecb1e,fallenstararena_quarter_04_c15r11.tgm.header,Tiny.V8,27073374,264
ade7ec89cd1f6628,fallenstararena_quarter_04_c15r12.tgm,Tiny.V8,27073638,1089
6e3b01e5085bbaee,fallenstararena_quarter_04_c15r12.tgm.header,Tiny.VD,27002731,264
7ae26987f34d299f,fallenstararena_quarter_04_c15r13.tgm,Tiny.V9,27493798,3435
216e900124c05803,fallenstararena_quarter_04_c15r13.tgm.header,Tiny.V7,27020648,264
8a034a7e0d177250,fallenstararena_quarter_04_c15r14.tgm,Tiny.VD,27002995,3187
6ec1f3397e6530cd,fallenstararena_quarter_04_c15r14.tgm.header,Tiny.VB,27253610,264
2e3ab1119ed8d65b,fallenstararena_quarter_04_c15r15.tgm,Tiny.V8,27074727,2423
65f7c547c9e5ac94,fallenstararena_quarter_04_c15r15.tgm.header,Tiny.V4,27354845,264
d0f0d5b8815e5af2,fallenstararena_quarter_04_c15r16.tgm,Tiny.V9,27497233,2525
07649cf8e426abf7,fallenstararena_quarter_04_c15r16.tgm.header,Tiny.V0,27321075,264
36d5435020341414,fallenstararena_quarter_04_c15r17.tgm,Tiny.VA,27251337,2665
43acaf9b76eed5e9,fallenstararena_quarter_04_c15r17.tgm.header,Tiny.V8,27077150,264
62e9d6f21064d87e,fallenstararena_quarter_04_c15r18.tgm,Streaming/Content/data/balance/worldareas/7D/mapuberboss_fallenstar.vworld,6693645,6337
568d447c95388d57,fallenstararena_quarter_04_c15r18.tgm.header,Tiny.VD,27006182,264
1114c2bffd44b346,fallenstararena_quarter_04_c15r19.tgm,Streaming/Content/data/balance/worldareas/34/mapuberboss_fallenstar.vworld,6362630,9319
5945789ad8d12d98,fallenstararena_quarter_04_c15r19.tgm.header,Tiny.V6,27029867,290
0897a163b09fd49b,fallenstararena_quarter_04_c15r2.tgm,Tiny.VE,26973037,535
91b09e80fda92a16,fallenstararena_quarter_04_c15r2.tgm.header,Tiny.V2,27182301,264
f7f8ab3e3790b28c,fallenstararena_quarter_04_c15r20.tgm,Streaming/Content/data/balance/worldareas/03/mapuberboss_fallenstar.vworld,14377803,10071
a4b04ceedf537947,fallenstararena_quarter_04_c15r20.tgm.header,Tiny.V4,27355109,290
e6a15eded1fbc3d6,fallenstararena_quarter_04_c15r21.tgm,Streaming/Content/data/balance/worldareas/F8/mapuberboss_fallenstar.vworld,9431105,11699
ab2a58451ce2dcc4,fallenstararena_quarter_04_c15r21.tgm.header,Tiny.VD,27006446,264
9240895c883fdcd1,fallenstararena_quarter_04_c15r22.tgm,Tiny.V6,27030157,3149
53c39b2cbb9fa49c,fallenstararena_quarter_04_c15r22.tgm.header,Tiny.V8,27077414,264
064dd8d49e843fdb,fallenstararena_quarter_04_c15r23.tgm,Tiny.V2,27182565,1879
ed316990118a6245,fallenstararena_quarter_04_c15r23.tgm.header,Tiny.V0,27321339,264
9210decaadd2c57c,fallenstararena_quarter_04_c15r24.tgm,Tiny.V5,26613355,2367
0fb258c31a4e389b,fallenstararena_quarter_04_c15r24.tgm.header,Tiny.VC,27214170,264
c9000bbc6a6507af,fallenstararena_quarter_04_c15r25.tgm,Tiny.V4,27355399,2365
1fd3d1d5f2e4fc44,fallenstararena_quarter_04_c15r25.tgm.header,Tiny.V0,27321603,264
ce18fac50584723d,fallenstararena_quarter_04_c15r26.tgm,Tiny.V5,26615722,2881
b9d2937b93110934,fallenstararena_quarter_04_c15r26.tgm.header,Tiny.VF,27197233,264
7c42bc2ccf1272f1,fallenstararena_quarter_04_c15r27.tgm,Tiny.VF,27197497,2979
0742f9052ace55e2,fallenstararena_quarter_04_c15r27.tgm.header,Tiny.V4,27357764,264
1ae7ae521c3ce2a2,fallenstararena_quarter_04_c15r28.tgm,Tiny.V7,27020912,3191
30cb063990e9df50,fallenstararena_quarter_04_c15r28.tgm.header,Tiny.V1,27023467,264
ddbc63354530bc1e,fallenstararena_quarter_04_c15r29.tgm,Tiny.VE,26973572,3677
08f30577ab4fe08d,fallenstararena_quarter_04_c15r29.tgm.header,Tiny.V0,27321867,264
aa3e323e1951d660,fallenstararena_quarter_04_c15r3.tgm,Streaming/Content/data/balance/worldareas/66/mapuberboss_fallenstar.vworld,1999974,42409
b82f373267bfb804,fallenstararena_quarter_04_c15r3.tgm.header,Tiny.V9,27499758,264
aa0233b7ad993c49,fallenstararena_quarter_04_c15r30.tgm,Tiny.VB,27253874,3071
2c1ae01551f34bf8,fallenstararena_quarter_04_c15r30.tgm.header,Tiny.VF,27200476,264
1031532eb5cb4ff8,fallenstararena_quarter_04_c15r31.tgm,Tiny.VC,27214434,2921
7ccc075de28bf238,fallenstararena_quarter_04_c15r31.tgm.header,Tiny.VD,27006710,264
25e546cc3ab884c4,fallenstararena_quarter_04_c15r32.tgm,Tiny.V0,27322131,3253
924989692717e74f,fallenstararena_quarter_04_c15r32.tgm.header,Tiny.V9,27500022,264
207bb6952a81ea67,fallenstararena_quarter_04_c15r33.tgm,Tiny.VB,27256945,3691
f4ccc62321189454,fallenstararena_quarter_04_c15r33.tgm.header,Tiny.V6,27033306,264
46274100ebf14ad4,fallenstararena_quarter_04_c14r4.tgm,Tiny.VE,26972250,523
1f5d271459ca1314,fallenstararena_quarter_04_c14r4.tgm.header,Tiny.VB,27252529,264
7f22d0107933cf14,fallenstararena_quarter_04_c14r5.tgm,Streaming/Content/data/balance/worldareas/0C/mapuberboss_fallenstar.vworld,6261144,171115
df3d12ae4c555e3b,fallenstararena_quarter_04_c14r5.tgm.header,Tiny.V0,27320811,264
b7061e66a8b7b4c0,fallenstararena_quarter_04_c14r6.tgm,Tiny.V8,27072561,549
93b8e03aae30d2e6,fallenstararena_quarter_04_c14r6.tgm.header,Tiny.VE,26972773,264
80392ff727de6c01,fallenstararena_quarter_04_c14r7.tgm,Tiny.VA,27249819,483
e1f8e8daabde2a2b,fallenstararena_quarter_04_c14r7.tgm.header,Tiny.VA,27250302,264
e6bf1caeb412c6c9,fallenstararena_quarter_04_c14r8.tgm,Tiny.V6,27029154,449
8054ad0e8755cc7f,fallenstararena_quarter_04_c14r8.tgm.header,Tiny.V7,27020384,264
6e1ba4583b06eb4c,fallenstararena_quarter_04_c14r9.tgm,Tiny.V2,27181930,371
c2cbd49c6fae4280,fallenstararena_quarter_04_c14r9.tgm.header,Tiny.V6,27029603,264
80c2d14a12bf77f7,fallenstararena_quarter_04_c14r1.tgm,Tiny.VB,27249167,725
422f37ae3dcc0e64,fallenstararena_quarter_04_c14r1.tgm.header,Tiny.V9,27493534,264
5a62f5221e078b59,fallenstararena_quarter_04_c14r10.tgm,Tiny.V6,27028235,391
62dcb94856278f18,fallenstararena_quarter_04_c14r10.tgm.header,Tiny.V3,26854890,264
3a2d384e9d1384b7,fallenstararena_quarter_04_c14r11.tgm,Tiny.V1,27022488,451
f80f97e5106bb847,fallenstararena_quarter_04_c14r11.tgm.header,Tiny.V1,27022939,264
0b5b6ad8ea88d4e7,fallenstararena_quarter_04_c14r12.tgm,Tiny.V8,27070990,1307
16a20e16b170ff5b,fallenstararena_quarter_04_c14r12.tgm.header,Tiny.V5,26612563,264
33dc18e3a8465569,fallenstararena_quarter_04_c14r13.tgm,Tiny.VA,27243445,3069
3233f94db15c93c4,fallenstararena_quarter_04_c14r13.tgm.header,Tiny.VF,27195670,264
23b04360a956d9fb,fallenstararena_quarter_04_c14r14.tgm,Tiny.VB,27249892,2109
894e1bc512429674,fallenstararena_quarter_04_c14r14.tgm.header,Tiny.V1,27023203,264
08ec1d6fe395db63,fallenstararena_quarter_04_c14r15.tgm,Tiny.VD,26995996,2007
cc947cc99276f4f6,fallenstararena_quarter_04_c14r15.tgm.header,Tiny.VB,27252001,264
e6bcd6974a2d9ac9,fallenstararena_quarter_04_c14r16.tgm,Tiny.VD,26998003,2697
ccec32dd794443a6,fallenstararena_quarter_04_c14r16.tgm.header,Tiny.V6,27028626,264
501ab66648d77671,fallenstararena_quarter_04_c14r17.tgm,Streaming/Content/data/balance/worldareas/02/g3_1.vworld,720078,6201
35b87fd6653cc094,fallenstararena_quarter_04_c14r17.tgm.header,Tiny.VB,27252265,264
50fce730d6ff538e,fallenstararena_quarter_04_c14r18.tgm,Streaming/Content/data/balance/worldareas/8F/mapuberboss_fallenstar.vworld,2205620,9671
833b4fc7c1b8842c,fallenstararena_quarter_04_c14r18.tgm.header,Tiny.VF,27195934,290
7afa4e0550f3ed72,fallenstararena_quarter_04_c14r19.tgm,Streaming/Content/data/balance/worldareas/F7/g1_15.vworld,644261,10245
8866a0885c54071a,fallenstararena_quarter_04_c14r19.tgm.header,Tiny.VE,26967298,264
5fa461b94d361a4c,fallenstararena_quarter_04_c14r2.tgm,Tiny.VE,26967562,405
4d185e5981e2f617,fallenstararena_quarter_04_c14r2.tgm.header,Tiny.VD,27000700,264
1675fc7382715912,fallenstararena_quarter_04_c14r20.tgm,Streaming/Content/data/balance/worldareas/54/mapuberboss_fallenstar.vworld,12537585,7535
d35f7d3402989298,fallenstararena_quarter_04_c14r20.tgm.header,Tiny.V0,27320283,264
a205f115b1eb4c85,fallenstararena_quarter_04_c14r21.tgm,Tiny.VD,27000964,1503
17d544e603d9c2fa,fallenstararena_quarter_04_c14r21.tgm.header,Tiny.VA,27246514,264
558911135e781980,fallenstararena_quarter_04_c14r22.tgm,Tiny.V7,27012035,1625
e546db50d2343b1e,fallenstararena_quarter_04_c14r22.tgm.header,Tiny.V5,26612827,264
1e0da7e39e4935b4,fallenstararena_quarter_04_c14r23.tgm,Streaming/Content/data/balance/worldareas/01/g2_9_1.vworld,887714,62399
11314f0b3544513b,fallenstararena_quarter_04_c14r23.tgm.header,Tiny.V8,27072297,264
e8b5cce56d5e2ecd,fallenstararena_quarter_04_c14r24.tgm,Tiny.VE,26967967,3491
b8b41e3aefa4abe4,fallenstararena_quarter_04_c14r24.tgm.header,Tiny.VE,26971458,264
fec13363c944def7,fallenstararena_quarter_04_c14r25.tgm,Tiny.V7,27013660,3649
6a5f9d4da446246b,fallenstararena_quarter_04_c14r25.tgm.header,Tiny.VC,27213906,264
e34590d6227887ca,fallenstararena_quarter_04_c14r26.tgm,Streaming/Content/data/balance/worldareas/F7/g1_15.vworld,654506,64369
67ba8a4245b76467,fallenstararena_quarter_04_c14r26.tgm.header,Tiny.VA,27246778,264
d5d66e92423127b4,fallenstararena_quarter_04_c14r27.tgm,Streaming/Content/data/balance/worldareas/1F/mapuberboss_fallenstar.vworld,1690045,4733
76f6c223077468b9,fallenstararena_quarter_04_c14r27.tgm.header,Tiny.VF,27196224,264
add08eaee007aa05,fallenstararena_quarter_04_c14r28.tgm,Streaming/Content/data/balance/worldareas/15/mapuberboss_fallenstar.vworld,656453,4933
21223d9dfdec7d63,fallenstararena_quarter_04_c14r28.tgm.header,Tiny.V6,27028890,264
6f6cda4289df2c75,fallenstararena_quarter_04_c14r29.tgm,Streaming/Content/data/balance/worldareas/94/mapmothersoul_female.vworld,441241,64005
3d359cc3797de76c,fallenstararena_quarter_04_c14r29.tgm.header,Tiny.V5,26613091,264
6ff2cec82c293ed3,fallenstararena_quarter_04_c14r3.tgm,Tiny.V4,27354316,529
cc7e6e10492abe44,fallenstararena_quarter_04_c14r3.tgm.header,Tiny.V0,27320547,264
f32a957905efa11a,fallenstararena_quarter_04_c14r30.tgm,Tiny.V2,27178651,3279
bc4c1045821b0054,fallenstararena_quarter_04_c14r30.tgm.header,Tiny.VE,26971722,264
f5789f8cb6862d6a,fallenstararena_quarter_04_c14r31.tgm,Tiny.V7,27017309,2811
d42d355a17ce295b,fallenstararena_quarter_04_c14r31.tgm.header,Tiny.VE,26971986,264
5df7a8b06f94b691,fallenstararena_quarter_04_c14r32.tgm,Streaming/Content/data/balance/worldareas/6E/mapmothersoul_male_quest.vworld,282346,63395
2cf93b7293a83cf0,fallenstararena_quarter_04_c14r32.tgm.header,Tiny.VD,27002467,264
c842abcee57990f8,fallenstararena_quarter_04_c14r33.tgm,Tiny.VA,27247042,2777
9e2af2d69972db7a,fallenstararena_quarter_04_c14r33.tgm.header,Tiny.V7,27020120,264
1e61e9fd2a5ef653,fallenstararena_quarter_04_c13r4.tgm,Tiny.V1,27022057,431
ec35c3aa3a7b8d71,fallenstararena_quarter_04_c13r4.tgm.header,Tiny.VD,26995732,264
b82149688e2f8776,fallenstararena_quarter_04_c13r5.tgm,Tiny.V6,27027474,497
3256d6479836e1ad,fallenstararena_quarter_04_c13r5.tgm.header,Tiny.V6,27027971,264
5b09d1d34b575665,fallenstararena_quarter_04_c13r6.tgm,Tiny.V8,27070321,405
99ee745c763ae495,fallenstararena_quarter_04_c13r6.tgm.header,Tiny.V4,27353788,264
a949d82b97eb5795,fallenstararena_quarter_04_c13r7.tgm,Tiny.V7,27011428,607
cce6ddab06952ac3,fallenstararena_quarter_04_c13r7.tgm.header,Tiny.V4,27354052,264
c6b6dc8fdb486e1e,fallenstararena_quarter_04_c13r8.tgm,Tiny.VC,27213383,523
2cdceebc25f9fe07,fallenstararena_quarter_04_c13r8.tgm.header,Tiny.VF,27195406,264
afd0aa243f24694f,fallenstararena_quarter_04_c13r9.tgm,Streaming/Content/data/balance/worldareas/CC/mapuberboss_fallenstar.vworld,374489,450315
9f5818d1753e663a,fallenstararena_quarter_04_c13r9.tgm.header,Tiny.V8,27070726,264
f723b6d2866edc4a,fallenstararena_quarter_04_c13r1.tgm,Tiny.V2,27171738,863
1026ba1576413203,fallenstararena_quarter_04_c13r1.tgm.header,Tiny.V6,27025033,264
e19448d40bbe443d,fallenstararena_quarter_04_c13r10.tgm,Tiny.V7,27002471,615
c317c3f99ecfad1e,fallenstararena_quarter_04_c13r10.tgm.header,Tiny.VC,27212855,264
28de21b7412ec046,fallenstararena_quarter_04_c13r11.tgm,Tiny.V1,27013677,765
338486b71bc3545d,fallenstararena_quarter_04_c13r11.tgm.header,Tiny.V2,27172601,264
a35ebf7fd0222b98,fallenstararena_quarter_04_c13r12.tgm,Tiny.VB,27246862,1777
be5c2eb0e108acbd,fallenstararena_quarter_04_c13r12.tgm.header,Tiny.VC,27213119,264
4ad8c7495dd297f4,fallenstararena_quarter_04_c13r13.tgm,Tiny.VF,27189302,2535
35445f63ecc6af75,fallenstararena_quarter_04_c13r13.tgm.header,Tiny.V6,27025297,264
e0a15cfd1b4edeae,fallenstararena_quarter_04_c13r14.tgm,Streaming/Content/data/balance/worldareas/C5/mapuberboss_fallenstar.vworld,5780663,1753687
129d40745f2f87c0,fallenstararena_quarter_04_c13r14.tgm.header,Tiny.V4,27349311,730
4fe022af1f3c81fd,fallenstararena_quarter_04_c13r15.tgm,Tiny.VA,27239434,2955
a69cd74fe15f4de3,fallenstararena_quarter_04_c13r15.tgm.header,Tiny.V9,27492742,264
28b4e967cd9bb130,fallenstararena_quarter_04_c13r16.tgm,Streaming/Content/data/balance/worldareas/C5/mapuberboss_fallenstar.vworld,7534350,7723
a2eae209f31b6e58,fallenstararena_quarter_04_c13r16.tgm.header,Tiny.VA,27242389,264
72ffbf3a5b9dbfed,fallenstararena_quarter_04_c13r17.tgm,Streaming/Content/data/balance/worldareas/9C/mapuberboss_fallenstar.vworld,522404,8419
fea22d4e9ce3a073,fallenstararena_quarter_04_c13r17.tgm.header,Tiny.VA,27242653,264
4034bc839cc35d71,fallenstararena_quarter_04_c13r18.tgm,Streaming/Content/data/balance/worldareas/38/mapuberboss_fallenstar.vworld,831057,11117
2b44147fbcaaff4c,fallenstararena_quarter_04_c13r18.tgm.header,Tiny.VB,27248639,264
f0c749786f35d905,fallenstararena_quarter_04_c13r19.tgm,Streaming/Content/data/balance/worldareas/80/mapuberboss_fallenstar.vworld,10235015,4969
3c20ed7828ddaf7c,fallenstararena_quarter_04_c13r19.tgm.header,Tiny.V5,26612035,264
13f1e254e3203bb0,fallenstararena_quarter_04_c13r2.tgm,Tiny.VD,26992960,509
4d296e657bd00189,fallenstararena_quarter_04_c13r2.tgm.header,Tiny.V8,27065505,264
3a7900dcd294f12e,fallenstararena_quarter_04_c13r20.tgm,Tiny.V6,27025561,1649
da1e516e347370b8,fallenstararena_quarter_04_c13r20.tgm.header,Tiny.V3,26854626,264
1d7333a51c1492ea,fallenstararena_quarter_04_c13r21.tgm,Tiny.V0,27318512,1507
87f16f71be308981,fallenstararena_quarter_04_c13r21.tgm.header,Tiny.V0,27320019,264
2171f6bfd07aa627,fallenstararena_quarter_04_c13r22.tgm,Tiny.V1,27014442,1901
e90b3c8aefe466ff,fallenstararena_quarter_04_c13r22.tgm.header,Tiny.VA,27242917,264
f22b7c993f03b43d,fallenstararena_quarter_04_c13r23.tgm,Tiny.V1,27016343,2881
1a6b05d138204a84,fallenstararena_quarter_04_c13r23.tgm.header,Tiny.V4,27350041,264
a1172b7b932d6cdb,fallenstararena_quarter_04_c13r24.tgm,Streaming/Content/data/balance/worldareas/EF/bossrush_area3.vworld.1,562620,4439
83799ce67fe2f8c3,fallenstararena_quarter_04_c13r24.tgm.header,Tiny.V4,27350305,264
373dd641c8a90cf7,fallenstararena_quarter_04_c13r25.tgm,Tiny.V7,27003086,4035
dd0ade56c738324b,fallenstararena_quarter_04_c13r25.tgm.header,Tiny.V4,27350569,264
2578a8b9d3933d6b,fallenstararena_quarter_04_c13r26.tgm,Tiny.VF,27191837,3569
eebf03826ff0eeee,fallenstararena_quarter_04_c13r26.tgm.header,Tiny.VB,27248903,264
83e9c57381d0e11c,fallenstararena_quarter_04_c13r27.tgm,Tiny.V7,27007121,4043
aa1f309502269b8c,fallenstararena_quarter_04_c13r27.tgm.header,Tiny.V1,27019224,264
7e420f8cce1c0614,fallenstararena_quarter_04_c13r28.tgm,Tiny.V8,27065769,3985
1bff91095dced72e,fallenstararena_quarter_04_c13r28.tgm.header,Tiny.V7,27011164,264
6d98503c14ad1645,fallenstararena_quarter_04_c13r29.tgm,Tiny.V4,27350833,2955
f26e7fad6a502cc8,fallenstararena_quarter_04_c13r29.tgm.header,Tiny.V9,27493006,264
e0d8381fcf7bfdd6,fallenstararena_quarter_04_c13r3.tgm,Tiny.V8,27069754,567
359f188585491618,fallenstararena_quarter_04_c13r3.tgm.header,Tiny.VA,27243181,264
d9f4c634f5337b53,fallenstararena_quarter_04_c13r30.tgm,Tiny.V2,27172865,2671
735dfe716d4f64c3,fallenstararena_quarter_04_c13r30.tgm.header,Tiny.V6,27027210,264
88ae727a0a114eba,fallenstararena_quarter_04_c13r31.tgm,Tiny.VD,26993469,2263
f0d10d5a18bbbab7,fallenstararena_quarter_04_c13r31.tgm.header,Tiny.V5,26612299,264
b480a96e22e7964c,fallenstararena_quarter_04_c13r32.tgm,Tiny.V2,27175536,2851
ff35c45c11677762,fallenstararena_quarter_04_c13r32.tgm.header,Tiny.V2,27178387,264
970d2940dad17f97,fallenstararena_quarter_04_c13r33.tgm,Tiny.V1,27019488,2569
3eb6f287e55cdda3,fallenstararena_quarter_04_c13r33.tgm.header,Tiny.V9,27493270,264
49a0b01e8a52ead6,fallenstararena_quarter_04_c12r4.tgm,Tiny.V9,27489804,773
88db674ac9984766,fallenstararena_quarter_04_c12r4.tgm.header,Tiny.VE,26967034,264
b8cfa06883b4ec73,fallenstararena_quarter_04_c12r5.tgm,Tiny.V6,27024360,673
b112a91ca91e227f,fallenstararena_quarter_04_c12r5.tgm.header,Tiny.V3,26854362,264
cb97c826d55c0be4,fallenstararena_quarter_04_c12r6.tgm,Tiny.V9,27490577,549
3d4ee90826a5e8cd,fallenstararena_quarter_04_c12r6.tgm.header,Tiny.V7,27001943,264
da1c782311b251b9,fallenstararena_quarter_04_c12r7.tgm,Streaming/Content/data/balance/worldareas/D6/mapuberboss_fallenstar.vworld,7820296,64855
77688d1146c61496,fallenstararena_quarter_04_c12r7.tgm.header,Tiny.V9,27491126,330
3185fdd966dde5e5,fallenstararena_quarter_04_c12r8.tgm,Tiny.V9,27491456,555
2f08ad306eeaf2dc,fallenstararena_quarter_04_c12r8.tgm.header,Tiny.V1,27013413,264
04f616ba59513f06,fallenstararena_quarter_04_c12r9.tgm,Tiny.V9,27492011,731
ebe94011d965b70a,fallenstararena_quarter_04_c12r9.tgm.header,Tiny.V7,27002207,264
84e1419d88b95657,fallenstararena_quarter_04_c12r1.tgm,Tiny.V1,27008425,733
9b37e0f6c38649a0,fallenstararena_quarter_04_c12r1.tgm.header,Tiny.V7,27001415,264
6d4e3a0ad6cf1fa6,fallenstararena_quarter_04_c12r10.tgm,Tiny.V8,27054150,411
13251f602e7913cb,fallenstararena_quarter_04_c12r10.tgm.header,Tiny.VA,27232978,264
158c4555295d2c18,fallenstararena_quarter_04_c12r11.tgm,Tiny.V5,26611408,627
b064a5e27d3d34f2,fallenstararena_quarter_04_c12r11.tgm.header,Tiny.V4,27345872,264
7a240e2a13da1453,fallenstararena_quarter_04_c12r12.tgm,Tiny.VB,27238795,1835
d7a20c32b07274f9,fallenstararena_quarter_04_c12r12.tgm.header,Tiny.V4,27346136,264
a1aed3df1b4baa3f,fallenstararena_quarter_04_c12r13.tgm,Tiny.VA,27233242,2359
ca06bd4d4c231c83,fallenstararena_quarter_04_c12r13.tgm.header,Tiny.V0,27317720,264
dd5d124977b33d6a,fallenstararena_quarter_04_c12r14.tgm,Tiny.VC,27210071,2373
f8709c6089f39173,fallenstararena_quarter_04_c12r14.tgm.header,Tiny.V2,27170682,264
945656ae99ec4f7f,fallenstararena_quarter_04_c12r15.tgm,Streaming/Content/data/balance/worldareas/7F/mapuberboss_fallenstar.vworld,6008446,4829
ea3bcb5b147cc511,fallenstararena_quarter_04_c12r15.tgm.header,Tiny.V2,27170946,264
10beea074055cabe,fallenstararena_quarter_04_c12r16.tgm,Streaming/Content/data/balance/worldareas/22/mapuberboss_fallenstar.vworld,11471373,10235
238342cfad0bf95f,fallenstararena_quarter_04_c12r16.tgm.header,Tiny.VF,27186183,264
b2172bc03bd2ccdf,fallenstararena_quarter_04_c12r17.tgm,Streaming/Content/data/balance/worldareas/B4/mapuberboss_fallenstar.vworld,286925,10079
81b79b3ad49d7abc,fallenstararena_quarter_04_c12r17.tgm.header,Tiny.V9,27489276,264
b8ceaf9f745db726,fallenstararena_quarter_04_c12r18.tgm,Tiny.V1,27009158,3991
a3e7395f3d3c82a8,fallenstararena_quarter_04_c12r18.tgm.header,Tiny.V9,27489540,264
6aadc62f017a6821,fallenstararena_quarter_04_c12r19.tgm,Tiny.VD,26990793,1639
7e81e71b9b5c247b,fallenstararena_quarter_04_c12r19.tgm.header,Tiny.V2,27171210,264
93fec99d18cacb97,fallenstararena_quarter_04_c12r2.tgm,Tiny.VC,27212444,411
f8aaefdcf5366a56,fallenstararena_quarter_04_c12r2.tgm.header,Tiny.V7,27001679,264
e666bc762c052bfb,fallenstararena_quarter_04_c12r20.tgm,Tiny.V8,27054561,2355
c2c4809409e0cee9,fallenstararena_quarter_04_c12r20.tgm.header,Tiny.V1,27013149,264
d63467f7591d8024,fallenstararena_quarter_04_c12r21.tgm,Tiny.VB,27240630,2545
2c96b94d2dee7c47,fallenstararena_quarter_04_c12r21.tgm.header,Tiny.VD,26992432,264
46a934fa9f841000,fallenstararena_quarter_04_c12r22.tgm,Tiny.V8,27056916,2303
e1c15feee20ff037,fallenstararena_quarter_04_c12r22.tgm.header,Tiny.V0,27317984,264
ed0d20b07b374849,fallenstararena_quarter_04_c12r23.tgm,Tiny.VE,26962660,3351
3161ea99e3fb15fb,fallenstararena_quarter_04_c12r23.tgm.header,Tiny.V8,27059219,264
618bb3ca98f9c509,fallenstararena_quarter_04_c12r24.tgm,Streaming/Content/data/balance/worldareas/3E/mapuberboss_fallenstar.vworld,6203727,4347
9b22d987b315efe1,fallenstararena_quarter_04_c12r24.tgm.header,Tiny.VB,27243175,264
ab90edc0bce61054,fallenstararena_quarter_04_c12r25.tgm,Streaming/Content/data/balance/worldareas/08/mapuberboss_fallenstar.vworld,8736436,4863
84b22bfe8064b81e,fallenstararena_quarter_04_c12r25.tgm.header,Tiny.VB,27243439,264
58cc3f67d04afe5d,fallenstararena_quarter_04_c12r26.tgm,Tiny.VA,27235601,3569
4c253e90cc69bd99,fallenstararena_quarter_04_c12r26.tgm.header,Tiny.V2,27171474,264
9de645b4e1365c9e,fallenstararena_quarter_04_c12r27.tgm,Tiny.V6,27020755,3605
7d03e972f34be30a,fallenstararena_quarter_04_c12r27.tgm.header,Tiny.VF,27186447,264
96fb46d3220adc21,fallenstararena_quarter_04_c12r28.tgm,Tiny.VF,27186711,2591
15249ac9b5a41618,fallenstararena_quarter_04_c12r28.tgm.header,Tiny.VA,27239170,264
84cf0218f9b7b042,fallenstararena_quarter_04_c12r29.tgm,Tiny.V3,26851139,3223
6fe75fb1a42131fb,fallenstararena_quarter_04_c12r29.tgm.header,Tiny.VB,27243703,264
e674a6fc16d345b9,fallenstararena_quarter_04_c12r3.tgm,Tiny.VE,26966011,759
594a4eafed45fee8,fallenstararena_quarter_04_c12r3.tgm.header,Tiny.V8,27059483,264
694aefcc8f5a18f5,fallenstararena_quarter_04_c12r30.tgm,Tiny.VB,27243967,2631
0d0ff8bc321a3dc4,fallenstararena_quarter_04_c12r30.tgm.header,Tiny.VE,26966770,264
a3cf946acd6fc5fd,fallenstararena_quarter_04_c12r31.tgm,Tiny.V8,27059747,2501
46efb24474ffb828,fallenstararena_quarter_04_c12r31.tgm.header,Tiny.V0,27318248,264
2d3661624e8de6d7,fallenstararena_quarter_04_c12r32.tgm,Tiny.V4,27346400,2911
ca3f3fa8714927cb,fallenstararena_quarter_04_c12r32.tgm.header,Tiny.VD,26992696,264
b938ac7d3b969ae7,fallenstararena_quarter_04_c12r33.tgm,Tiny.V8,27062248,3257
aa095f8a09a2b8d5,fallenstararena_quarter_04_c12r33.tgm.header,Tiny.VB,27246598,264
3a5c50062f93a266,fallenstararena_quarter_04_c11r4.tgm,Streaming/Content/data/balance/worldareas/48/expeditionsubarea_blackknightboss.vworld,281645,206827
b1cc7222f06ca6e8,fallenstararena_quarter_04_c11r4.tgm.header,Tiny.V0,27317390,330
37034ae45095944d,fallenstararena_quarter_04_c11r5.tgm,Tiny.VE,26962327,333
b74f8f7a07855c0c,fallenstararena_quarter_04_c11r5.tgm.header,Tiny.V2,27170418,264
9c8393684312c5c8,fallenstararena_quarter_04_c11r6.tgm,Tiny.V3,26850702,437
ca15a8c4b4964c59,fallenstararena_quarter_04_c11r6.tgm.header,Tiny.VC,27209807,264
4fbfdfbf737031a7,fallenstararena_quarter_04_c11r7.tgm,Tiny.V5,26610879,529
70101ec34dca553e,fallenstararena_quarter_04_c11r7.tgm.header,Tiny.V4,27345608,264
f47ef60624b8cb43,fallenstararena_quarter_04_c11r8.tgm,Tiny.V8,27053455,431
a3ac89149eb2206b,fallenstararena_quarter_04_c11r8.tgm.header,Tiny.VA,27232714,264
c7ee1dca2f134171,fallenstararena_quarter_04_c11r9.tgm,Tiny.VD,26990284,509
8d08df7ffffb4d8a,fallenstararena_quarter_04_c11r9.tgm.header,Tiny.V8,27053886,264
0d5dac3174c74cef,fallenstararena_quarter_04_c11r1.tgm,Tiny.V0,27315691,1171
b6ccfed3aeed751a,fallenstararena_quarter_04_c11r1.tgm.header,Tiny.VC,27205490,264
232acfc4ff30aa6f,fallenstararena_quarter_04_c11r10.tgm,Tiny.V8,27052201,607
e57e5b6c8b66e346,fallenstararena_quarter_04_c11r10.tgm.header,Tiny.VA,27232450,264
a7184d997fc2a8a5,fallenstararena_quarter_04_c11r11.tgm,Tiny.V6,27019122,1369
197b82bc414ed62a,fallenstararena_quarter_04_c11r11.tgm.header,Tiny.V5,26607430,264
7daabbe9488945f4,fallenstararena_quarter_04_c11r12.tgm,Streaming/Content/data/balance/worldareas/F5/mapuberboss_fallenstar.vworld,436846,350675
311a86aa7a26a877,fallenstararena_quarter_04_c11r12.tgm.header,Tiny.VC,27205754,264
c4205d32d618d3e0,fallenstararena_quarter_04_c11r13.tgm,Tiny.V1,27002302,1907
07d1cc663d685abd,fallenstararena_quarter_04_c11r13.tgm.header,Tiny.V2,27166585,264
7fea71613070aa8e,fallenstararena_quarter_04_c11r14.tgm,Tiny.VF,27183778,2141
eda20292c6159dbf,fallenstararena_quarter_04_c11r14.tgm.header,Tiny.VC,27206018,264
03ab71e197e90350,fallenstararena_quarter_04_c11r15.tgm,Streaming/Content/data/balance/worldareas/15/mapuberboss_fallenstar.vworld,650536,5917
95d0f57859828b2d,fallenstararena_quarter_04_c11r15.tgm.header,Tiny.VE,26958454,264
71bbd6daa6ebfef7,fallenstararena_quarter_04_c11r16.tgm,Streaming/Content/data/balance/worldareas/82/mapuberboss_fallenstar.vworld,586578,9077
eff3e2ab5b1d8d63,fallenstararena_quarter_04_c11r16.tgm.header,Tiny.V2,27166849,290
797ed403b2a5bc64,fallenstararena_quarter_04_c11r17.tgm,Streaming/Content/data/balance/worldareas/1F/mapuberboss_fallenstar.vworld,1682808,7237
841dc0a94a98429b,fallenstararena_quarter_04_c11r17.tgm.header,Tiny.V4,27344485,264
041989fc74326308,fallenstararena_quarter_04_c11r18.tgm,Tiny.V1,27004209,1333
235ac764bfb8f9e5,fallenstararena_quarter_04_c11r18.tgm.header,Tiny.VD,26982062,264
b2de8045ac3bf687,fallenstararena_quarter_04_c11r19.tgm,Tiny.VB,27236774,2021
bb1b82769b1e7b8c,fallenstararena_quarter_04_c11r19.tgm.header,Tiny.V4,27344749,264
9c7cc9413474a316,fallenstararena_quarter_04_c11r2.tgm,Tiny.V4,27345013,595
28c10f74dea6d68e,fallenstararena_quarter_04_c11r2.tgm.header,Tiny.V9,27485263,264
ca38d67b7104656f,fallenstararena_quarter_04_c11r20.tgm,Tiny.V2,27167139,2751
4a2d620ed7fb8b74,fallenstararena_quarter_04_c11r20.tgm.header,Tiny.V5,26607694,264
ff0f28bec8517170,fallenstararena_quarter_04_c11r21.tgm,Tiny.V1,27005542,2883
1c62dcce9cd93ab6,fallenstararena_quarter_04_c11r21.tgm.header,Tiny.VF,27185919,264
e6fa3f7df537ee35,fallenstararena_quarter_04_c11r22.tgm,Tiny.V3,26847793,2645
3fafd4285cb08366,fallenstararena_quarter_04_c11r22.tgm.header,Tiny.V3,26850438,264
d974faab02898364,fallenstararena_quarter_04_c11r23.tgm,Streaming/Content/data/balance/worldareas/90/mapuberboss_fallenstar.vworld,6894575,62555
e278f8935a25a83a,fallenstararena_quarter_04_c11r23.tgm.header,Tiny.VD,26982326,264
4f184eca905e1091,fallenstararena_quarter_04_c11r24.tgm,Tiny.V5,26607958,2657
619d68c0f186f304,fallenstararena_quarter_04_c11r24.tgm.header,Tiny.V9,27485527,264
c67fef0d23f929f1,fallenstararena_quarter_04_c11r25.tgm,Tiny.VC,27206282,3525
53143684b7c3495c,fallenstararena_quarter_04_c11r25.tgm.header,Tiny.VD,26982590,264
3f3eef353fa60336,fallenstararena_quarter_04_c11r26.tgm,Streaming/Content/data/balance/worldareas/77/mapuberboss_fallenstar.vworld,3141735,63391
da788725dc1a280d,fallenstararena_quarter_04_c11r26.tgm.header,Tiny.VD,26982854,264
36691df7c930b74d,fallenstararena_quarter_04_c11r27.tgm,Tiny.VD,26983118,3939
0706d39f73960514,fallenstararena_quarter_04_c11r27.tgm.header,Tiny.V2,27169890,264
16e600ec3fe6d7d0,fallenstararena_quarter_04_c11r28.tgm,Tiny.VE,26958718,3081
6ea0389192bb52a9,fallenstararena_quarter_04_c11r28.tgm.header,Tiny.VE,26961799,264
e26846313f5020c8,fallenstararena_quarter_04_c11r29.tgm,Streaming/Content/data/balance/worldareas/7A/mapuberboss_ritual.vworld,399850,63531
3009d08959eb5f27,fallenstararena_quarter_04_c11r29.tgm.header,Tiny.V0,27316862,264
6899163a6048118a,fallenstararena_quarter_04_c11r3.tgm,Tiny.V8,27052808,647
9cc64b9a6d5c36fd,fallenstararena_quarter_04_c11r3.tgm.header,Tiny.V6,27020491,264
1f5404431d2db8dc,fallenstararena_quarter_04_c11r30.tgm,Tiny.VD,26987057,3227
36d559dcc1c3e8ca,fallenstararena_quarter_04_c11r30.tgm.header,Tiny.V2,27170154,264
076f23327cfb32ae,fallenstararena_quarter_04_c11r31.tgm,Streaming/Content/data/balance/worldareas/62/mapuberboss_fallenstar.vworld,2237496,4319
e0f76eae9a055d39,fallenstararena_quarter_04_c11r31.tgm.header,Tiny.VE,26962063,264
60dc4a84641a5e26,fallenstararena_quarter_04_c11r32.tgm,Streaming/Content/data/balance/worldareas/74/mapuberboss_fallenstar.vworld,7050969,63927
fe9e063ea4d5c236,fallenstararena_quarter_04_c11r32.tgm.header,Tiny.V0,27317126,264
6be09a87853519af,fallenstararena_quarter_04_c11r33.tgm,Tiny.V9,27485791,3485
c898c44c8cfba4b5,fallenstararena_quarter_04_c11r33.tgm.header,Tiny.V5,26610615,264
d4523c9232f2c051,fallenstararena_quarter_04_c10r4.tgm,Tiny.VE,26957695,759
3ee7903772e2f195,fallenstararena_quarter_04_c10r4.tgm.header,Tiny.V2,27166321,264
81df1e9c23d37d70,fallenstararena_quarter_04_c10r5.tgm,Tiny.V3,26847000,793
da464a1d95cd9a7e,fallenstararena_quarter_04_c10r5.tgm.header,Tiny.V0,27315427,264
4fbd7e61c2774dcf,fallenstararena_quarter_04_c10r6.tgm,Tiny.V7,27000584,831
4e91432e32a3401d,fallenstararena_quarter_04_c10r6.tgm.header,Tiny.V9,27484735,264
f6bd98906bc63f17,fallenstararena_quarter_04_c10r7.tgm,Tiny.VA,27231927,523
3890eedc17a4839c,fallenstararena_quarter_04_c10r7.tgm.header,Tiny.V5,26607166,264
2d7f9c3a6d254482,fallenstararena_quarter_04_c10r8.tgm,Tiny.VD,26981461,601
a0f2b058834acbd7,fallenstararena_quarter_04_c10r8.tgm.header,Tiny.V9,27484999,264
aeb4dfdad2dd1d53,fallenstararena_quarter_04_c10r9.tgm,Streaming/Content/data/balance/worldareas/5E/mapuberboss_fallenstar.vworld,122529,566067
a34b0243269cbaf7,fallenstararena_quarter_04_c10r9.tgm.header,Tiny.VB,27236510,264
b6d4ec88c8e873fc,fallenstararena_quarter_04_c10r1.tgm,Tiny.V3,26841780,1285
53cda2e522ce0e73,fallenstararena_quarter_04_c10r1.tgm.header,Tiny.VC,27202439,264
9199d9eeca815591,fallenstararena_quarter_04_c10r10.tgm,Tiny.VB,27229901,701
3acfd5f0fc9a9bae,fallenstararena_quarter_04_c10r10.tgm.header,Tiny.VB,27230602,264
d1c3900731d6373f,fallenstararena_quarter_04_c10r11.tgm,Tiny.VC,27202703,2523
8c466407a722ad8a,fallenstararena_quarter_04_c10r11.tgm.header,Tiny.VB,27230866,264
b690dc583b800165,fallenstararena_quarter_04_c10r12.tgm,Tiny.VA,27228850,2549
0eb7e3fae35d26bb,fallenstararena_quarter_04_c10r12.tgm.header,Tiny.VB,27231130,264
b88d0931650e597b,fallenstararena_quarter_04_c10r13.tgm,Streaming/Content/data/balance/worldareas/44/mapuberboss_fallenstar.vworld,1208003,47195
c5c5b0602247e077,fallenstararena_quarter_04_c10r13.tgm.header,Tiny.V0,27313862,290
a1187500ea4bfde6,fallenstararena_quarter_04_c10r14.tgm,Tiny.V1,26991271,2769
cb3e23e1aa63af7f,fallenstararena_quarter_04_c10r14.tgm.header,Tiny.VC,27205226,264
4516c026998cdf17,fallenstararena_quarter_04_c10r15.tgm,Streaming/Content/data/balance/worldareas/68/mapmothersoul_male_quest.vworld,652804,6701
b76dd98f43f79424,fallenstararena_quarter_04_c10r15.tgm.header,Tiny.V0,27314152,264
3c172ca3ad193671,fallenstararena_quarter_04_c10r16.tgm,Streaming/Content/data/balance/worldareas/57/mapuberboss_fallenstar.vworld,4972849,8191
2ef02b94db39b3b0,fallenstararena_quarter_04_c10r16.tgm.header,Tiny.V8,27051937,264
f87c658281335da5,fallenstararena_quarter_04_c10r17.tgm,Tiny.VB,27231394,2517
be4a2bfe10f3a550,fallenstararena_quarter_04_c10r17.tgm.header,Tiny.V4,27341066,264
b53e4c5ea8aa8924,fallenstararena_quarter_04_c10r18.tgm,Tiny.V5,26602520,1507
44743ce1d4f4299e,fallenstararena_quarter_04_c10r18.tgm.header,Tiny.VD,26980162,264
bf4903a33e074ac0,fallenstararena_quarter_04_c10r19.tgm,Tiny.VB,27233911,2335
c93be72e27143abb,fallenstararena_quarter_04_c10r19.tgm.header,Tiny.V1,26994040,264
f355187e50c0090c,fallenstararena_quarter_04_c10r2.tgm,Tiny.V0,27314416,747
0d2ee9e838cb7ffb,fallenstararena_quarter_04_c10r2.tgm.header,Tiny.V0,27315163,264
24b7cba2369be7e7,fallenstararena_quarter_04_c10r20.tgm,Tiny.V2,27163080,2977
b547e5e5922baf47,fallenstararena_quarter_04_c10r20.tgm.header,Tiny.V9,27484471,264
8ff31176b6afdc27,fallenstararena_quarter_04_c10r21.tgm,Tiny.V6,27015933,3189
5b10f48d62c2de56,fallenstararena_quarter_04_c10r21.tgm.header,Tiny.VB,27236246,264
e5dd0fc661e66669,fallenstararena_quarter_04_c10r22.tgm,Tiny.VE,26954772,2659
09bbeca18607dc2d,fallenstararena_quarter_04_c10r22.tgm.header,Tiny.V7,27000320,264
35d2c119a8cf5509,fallenstararena_quarter_04_c10r23.tgm,Tiny.V4,27341330,2627
c4c3067a8c64d657,fallenstararena_quarter_04_c10r23.tgm.header,Tiny.V3,26843065,264
b8edf8271e44848c,fallenstararena_quarter_04_c10r24.tgm,Tiny.V5,26604027,3139
16515afbc76354f9,fallenstararena_quarter_04_c10r24.tgm.header,Tiny.V1,26994304,264
b073a576eff241f4,fallenstararena_quarter_04_c10r25.tgm,Tiny.V3,26843329,3407
ef8e1cff81e97f3d,fallenstararena_quarter_04_c10r25.tgm.header,Tiny.V2,27166057,264
fac813d276f928e0,fallenstararena_quarter_04_c10r26.tgm,Tiny.VF,27180145,3369
bbc7408676a67ec6,fallenstararena_quarter_04_c10r26.tgm.header,Tiny.VF,27183514,264
28ead64019cdf868,fallenstararena_quarter_04_c10r27.tgm,Streaming/Content/data/balance/worldareas/10/mapuberboss_fallenstar.vworld,6634703,4463
2437b7d0bea171fa,fallenstararena_quarter_04_c10r27.tgm.header,Tiny.VE,26957431,264
319617dc836b102d,fallenstararena_quarter_04_c10r28.tgm,Streaming/Content/data/balance/worldareas/B9/mapport.vworld,322794,4293
8fc8d948b35c7426,fallenstararena_quarter_04_c10r28.tgm.header,Tiny.VD,26980426,264
f4af6a8263cacce8,fallenstararena_quarter_04_c10r29.tgm,Streaming/Content/data/balance/worldareas/3E/mapuberboss_fallenstar.vworld,6199446,4281
aece2f45158f146e,fallenstararena_quarter_04_c10r29.tgm.header,Tiny.V4,27343957,264
da5400f6d6ad2792,fallenstararena_quarter_04_c10r3.tgm,Tiny.VD,26980690,771
f571e8e07849329a,fallenstararena_quarter_04_c10r3.tgm.header,Tiny.V4,27344221,264
08fa3302fbce734e,fallenstararena_quarter_04_c10r30.tgm,Streaming/Content/data/balance/worldareas/CB/mapuberboss_fallenstar.vworld,800011,4929
fbbeb3f77a86d674,fallenstararena_quarter_04_c10r30.tgm.header,Tiny.VA,27231399,264
fb60230d7bd1fd2e,fallenstararena_quarter_04_c10r31.tgm,Streaming/Content/data/balance/worldareas/CC/mapuberboss_fallenstar.vworld,369216,5273
628ea11288d2affc,fallenstararena_quarter_04_c10r31.tgm.header,Tiny.V3,26846736,264
867de7237db4cbf0,fallenstararena_quarter_04_c10r32.tgm,Tiny.V1,26994568,4021
3bd9e01b54a2f501,fallenstararena_quarter_04_c10r32.tgm.header,Tiny.VA,27231663,264
436079bf24674a8b,fallenstararena_quarter_04_c10r33.tgm,Tiny.V1,26998589,3449
054c7182de730106,fallenstararena_quarter_04_c10r33.tgm.header,Tiny.V1,27002038,264
65796fcc9a1d1a40,fallenstararena_quarter_04_c1r4.tgm,Tiny.V4,27385944,221
32dc52802eae54ac,fallenstararena_quarter_04_c1r4.tgm.header,Tiny.V0,27337120,264
313eadff0d2a336e,fallenstararena_quarter_04_c1r5.tgm,Tiny.V5,26629833,477
e2b9d69099fb51c4,fallenstararena_quarter_04_c1r5.tgm.header,Tiny.V4,27386165,264
ec322aaf5fa1549b,fallenstararena_quarter_04_c1r6.tgm,Tiny.VC,27222752,471
9e540a6a3c6a7235,fallenstararena_quarter_04_c1r6.tgm.header,Tiny.V0,27337384,264
daf158b07248067a,fallenstararena_quarter_04_c1r7.tgm,Tiny.VD,27015457,543
0ca94493d875c3c7,fallenstararena_quarter_04_c1r7.tgm.header,Tiny.V6,27049481,264
6e4d2b716563765d,fallenstararena_quarter_04_c1r8.tgm,Tiny.V1,27036451,569
d00c8198b6db5de8,fallenstararena_quarter_04_c1r8.tgm.header,Tiny.VC,27223223,264
adaa1bf86cd27d73,fallenstararena_quarter_04_c1r9.tgm,Tiny.V1,27037020,1231
c27e6b1c624f2d44,fallenstararena_quarter_04_c1r9.tgm.header,Tiny.V7,27039607,264
766b283c48458197,fallenstararena_quarter_04_c1r1.tgm,Streaming/Content/data/balance/worldareas/12/mapuberboss_fallenstar.vworld,8819024,150709
7d03e196e56a4953,fallenstararena_quarter_04_c1r1.tgm.header,Tiny.V5,26626738,410
6fca19b3cad94dd8,fallenstararena_quarter_04_c1r10.tgm,Tiny.V1,27033111,3053
1fb16d73722da5c2,fallenstararena_quarter_04_c1r10.tgm.header,Tiny.V0,27333325,264
d6c47b93a7deb601,fallenstararena_quarter_04_c1r11.tgm,Tiny.V7,27035099,2863
248fd00a59ba405a,fallenstararena_quarter_04_c1r11.tgm.header,Tiny.V0,27333589,264
e7250c635fef7a16,fallenstararena_quarter_04_c1r12.tgm,Streaming/Content/data/balance/worldareas/71/bossrush_area3.vworld.1,322720,70133
3bf3d9dd563cc994,fallenstararena_quarter_04_c1r12.tgm.header,Tiny.V4,27377907,290
e9dde18b8802cfcf,fallenstararena_quarter_04_c1r13.tgm,Streaming/Content/data/balance/worldareas/D4/mapuberboss_fallenstar.vworld,519606,6011
2ed413090e90c0c0,fallenstararena_quarter_04_c1r13.tgm.header,Tiny.V9,27524913,264
646347312b7b8939,fallenstararena_quarter_04_c1r14.tgm,Streaming/Content/data/balance/worldareas/91/bossrush_area3.vworld.1,153024,8347
a498d1b437e6f00a,fallenstararena_quarter_04_c1r14.tgm.header,Tiny.V5,26627148,264
694532a5ea2f010e,fallenstararena_quarter_04_c1r15.tgm,Streaming/Content/data/balance/worldareas/71/bossrush_area3.vworld.1,392853,5305
d9a028d8c59fd617,fallenstararena_quarter_04_c1r15.tgm.header,Tiny.V3,26861622,264
022c7c778b0a5f9a,fallenstararena_quarter_04_c1r16.tgm,Tiny.V7,27037962,1117
f4f04e8f89cbae8b,fallenstararena_quarter_04_c1r16.tgm.header,Tiny.V8,27086855,264
19126d38a0978d3a,fallenstararena_quarter_04_c1r17.tgm,Tiny.V3,26861886,1747
b8e1ab9baa38ce7a,fallenstararena_quarter_04_c1r17.tgm.header,Tiny.VB,27267482,264
5a63ca190a10cbd1,fallenstararena_quarter_04_c1r18.tgm,Tiny.V4,27378197,2647
aaf12d09a7f92382,fallenstararena_quarter_04_c1r18.tgm.header,Tiny.V8,27087119,264
f90c3d2edf0ac408,fallenstararena_quarter_04_c1r19.tgm,Tiny.V0,27333853,2739
612e77a076a83a9c,fallenstararena_quarter_04_c1r19.tgm.header,Tiny.VE,26995388,264
1306bd2d7eccf5af,fallenstararena_quarter_04_c1r2.tgm,Tiny.VB,27267746,451
21db0557d8bd8574,fallenstararena_quarter_04_c1r2.tgm.header,Tiny.VF,27215457,264
b65fa6e2f5268664,fallenstararena_quarter_04_c1r20.tgm,Tiny.V5,26627412,2421
fc5fcae1402c9a45,fallenstararena_quarter_04_c1r20.tgm.header,Tiny.V8,27087383,264
014c56e3e9eba1c9,fallenstararena_quarter_04_c1r21.tgm,Tiny.VB,27268197,2689
664825dc9850146a,fallenstararena_quarter_04_c1r21.tgm.header,Tiny.V7,27039079,264
97d4a162ace14f68,fallenstararena_quarter_04_c1r22.tgm,Tiny.V4,27380844,3237
6f2828c1853fd833,fallenstararena_quarter_04_c1r22.tgm.header,Tiny.V0,27336592,264
5ff3682492631263,fallenstararena_quarter_04_c1r23.tgm,Tiny.V6,27044967,3631
61bc4357fb045244,fallenstararena_quarter_04_c1r23.tgm.header,Tiny.V2,27196605,264
9d7832a5d2455388,fallenstararena_quarter_04_c1r24.tgm,Tiny.VD,27011496,3961
4a09728ecfb45a2f,fallenstararena_quarter_04_c1r24.tgm.header,Tiny.VA,27269207,264
935f1815b20941b7,fallenstararena_quarter_04_c1r25.tgm,Tiny.V4,27384081,1863
79c1e7dda67f4859,fallenstararena_quarter_04_c1r25.tgm.header,Tiny.VE,26995652,264
910cff7a8ff40c98,fallenstararena_quarter_04_c1r26.tgm,Tiny.V8,27087647,1245
884e6d05597f5c02,fallenstararena_quarter_04_c1r26.tgm.header,Tiny.VB,27270886,264
26e78f92d579251f,fallenstararena_quarter_04_c1r27.tgm,Tiny.VE,26995916,1233
d6e2f983ab674262,fallenstararena_quarter_04_c1r27.tgm.header,Tiny.V8,27088892,264
272a922de180bd65,fallenstararena_quarter_04_c1r28.tgm,Tiny.VB,27271150,1211
c143458388302f68,fallenstararena_quarter_04_c1r28.tgm.header,Tiny.V0,27336856,264
8e941c0422905c85,fallenstararena_quarter_04_c1r29.tgm,Tiny.VF,27215721,1261
c3602fb815bbb8f8,fallenstararena_quarter_04_c1r29.tgm.header,Tiny.V7,27039343,264
59c5501f90b66184,fallenstararena_quarter_04_c1r3.tgm,Tiny.V1,27036164,287
1b98df97759844ec,fallenstararena_quarter_04_c1r3.tgm.header,Tiny.V6,27048598,264
7bf3343a32ee3a28,fallenstararena_quarter_04_c1r30.tgm,Tiny.VC,27221479,1273
832b1f528bf94b8f,fallenstararena_quarter_04_c1r30.tgm.header,Tiny.V6,27048862,264
58a3ef4c2926f2fe,fallenstararena_quarter_04_c1r31.tgm,Tiny.VE,26997149,1267
a468dc4f13fc6f91,fallenstararena_quarter_04_c1r31.tgm.header,Tiny.VA,27269471,264
5f01ac5dca3eadf9,fallenstararena_quarter_04_c1r32.tgm,Tiny.VF,27216982,765
44b6944ce46c8d73,fallenstararena_quarter_04_c1r32.tgm.header,Tiny.V9,27525177,264
69a76b68b9431399,fallenstararena_quarter_04_c1r33.tgm,Tiny.V6,27049126,355
62c8a17dade4ce3e,fallenstararena_quarter_04_c1r33.tgm.header,Tiny.V3,26863633,264
