hash,file,bundle,offset,size
6d645e2fb59702ac,part2_sarntown_01_01_c9r9.tgm,Tiny_3,53823746,1033
9eddda7d35ab0c39,part2_sarntown_01_01_c9r9.tgm.header,Tiny_3,53824779,264
3b80a0e482b4c688,part2_sarntown_01_01_c9r8.tgm,Tiny_3,53821987,1495
73d435cccbfe8527,part2_sarntown_01_01_c9r8.tgm.header,Tiny_3,53823482,264
399507e6bc30d42f,part2_sarntown_01_01_c9r7.tgm,Tiny_3,53817766,3957
01c38ecb1ba350b9,part2_sarntown_01_01_c9r7.tgm.header,Tiny_3,53821723,264
64cb70b05449f9bc,part2_sarntown_01_01_c9r6.tgm,Tiny_3,53814505,2997
d75df65f3174be17,part2_sarntown_01_01_c9r6.tgm.header,Tiny_3,53817502,264
48a2262753dcc414,part2_sarntown_01_01_c9r5.tgm,Tiny_3,53811938,2567
61e8964d8e70c927,part2_sarntown_01_01_c9r5.tgm.header,Tiny_3,52076943,264
19a4eb816f2cb23c,part2_sarntown_01_01_c9r4.tgm,Tiny_3,53809281,2657
eb1c4c1b9d4cbbb0,part2_sarntown_01_01_c9r4.tgm.header,Tiny_3,52074112,264
d0b9040630e82183,part2_sarntown_01_01_c9r3.tgm,Tiny_3,53806858,2423
0459253de2e378d2,part2_sarntown_01_01_c9r3.tgm.header,Tiny_3,52071191,264
bef1bb60589c1c54,part2_sarntown_01_01_c9r26.tgm,Tiny_3,53806037,821
f2b3145ce5a813d3,part2_sarntown_01_01_c9r26.tgm.header,Tiny_3,52068504,264
1bfbfa26c3faf272,part2_sarntown_01_01_c9r25.tgm,Tiny_3,53804838,1199
d648acd2eecfd567,part2_sarntown_01_01_c9r25.tgm.header,Tiny_3,52067419,264
0dcfd6ad1c2c7911,part2_sarntown_01_01_c9r24.tgm,Tiny_3,53803531,1307
cc274c58ce0e542f,part2_sarntown_01_01_c9r24.tgm.header,Tiny_3,52065956,264
44b8c4fb92bea43c,part2_sarntown_01_01_c9r23.tgm,Tiny_3,53802224,1307
f1c7a61a2161e15d,part2_sarntown_01_01_c9r23.tgm.header,Tiny_3,52064385,264
3516bd46df1a7efb,part2_sarntown_01_01_c9r22.tgm,Tiny_3,53800701,1523
efead2df1eacfbe5,part2_sarntown_01_01_c9r22.tgm.header,Tiny_3,52062814,264
3fcd325f6182d1be,part2_sarntown_01_01_c9r21.tgm,Art/Models/Terrain/Act3Town/tgms_10,0,587059
99ee01565d92c177,part2_sarntown_01_01_c9r21.tgm.header,Tiny_3,52060985,306
05a4de0cb9448198,part2_sarntown_01_01_c9r20.tgm,Tiny_3,53798998,1703
8858eeaff7d6f97c,part2_sarntown_01_01_c9r20.tgm.header,Tiny_3,52060721,264
be4a221fba650882,part2_sarntown_01_01_c9r2.tgm,Tiny_3,53797457,1541
3bd0f0d63b0288f2,part2_sarntown_01_01_c9r2.tgm.header,Tiny_3,52058754,264
1e5e0f3a4149cf54,part2_sarntown_01_01_c9r19.tgm,Tiny_3,53795484,1973
f47771881cf9dcb7,part2_sarntown_01_01_c9r19.tgm.header,Tiny_3,52056949,264
db38400518cf2d76,part2_sarntown_01_01_c9r18.tgm,Tiny_3,53792791,2693
e414850e939f63a0,part2_sarntown_01_01_c9r18.tgm.header,Tiny_3,52054712,264
422f322d36c3377b,part2_sarntown_01_01_c9r17.tgm,Tiny_3,53789810,2981
bdbe737416c341a5,part2_sarntown_01_01_c9r17.tgm.header,Tiny_3,52051755,264
3864bb64b2760067,part2_sarntown_01_01_c9r16.tgm,Tiny_3,53786415,3395
bf9fbad041db7a2a,part2_sarntown_01_01_c9r16.tgm.header,Tiny_3,52048510,264
b990369f8804d07b,part2_sarntown_01_01_c9r15.tgm,Tiny_3,53782212,3939
1dbe8deebe4d8742,part2_sarntown_01_01_c9r15.tgm.header,Tiny_3,53786151,264
8b9d5b4ed4a3302e,part2_sarntown_01_01_c9r14.tgm,Tiny_3,53778717,3231
a192618c125ee85d,part2_sarntown_01_01_c9r14.tgm.header,Tiny_3,53781948,264
73d6d813eca9ceae,part2_sarntown_01_01_c9r13.tgm,Tiny_3,53775520,2933
85494c7c30be1826,part2_sarntown_01_01_c9r13.tgm.header,Tiny_3,53778453,264
398a3af025bfbbe5,part2_sarntown_01_01_c9r12.tgm,Tiny_3,53772401,2855
74951895220ec155,part2_sarntown_01_01_c9r12.tgm.header,Tiny_3,53775256,264
23fac9a02835655f,part2_sarntown_01_01_c9r11.tgm,Tiny_3,53769366,2771
940de7dceb92ac6f,part2_sarntown_01_01_c9r11.tgm.header,Tiny_3,53772137,264
9f0d6a5ad04f21cd,part2_sarntown_01_01_c9r10.tgm,Tiny_3,53766689,2413
d340efe23e591a49,part2_sarntown_01_01_c9r10.tgm.header,Tiny_3,53769102,264
474a5d2d6aad20db,part2_sarntown_01_01_c9r1.tgm,Tiny_3,52024892,409
fca95959fe800f51,part2_sarntown_01_01_c9r1.tgm.header,Tiny_3,52025301,264
33db44b1f5186d47,part2_sarntown_01_01_c8r9.tgm,Tiny_3,53763754,2671
b2efaefc7b1203ec,part2_sarntown_01_01_c8r9.tgm.header,Tiny_3,53766425,264
d4948361d77c9b3f,part2_sarntown_01_01_c8r8.tgm,Tiny_3,53761647,1843
0d9dbce4cadd099e,part2_sarntown_01_01_c8r8.tgm.header,Tiny_3,53763490,264
88d15e5deb5b42f2,part2_sarntown_01_01_c8r7.tgm,Tiny_3,53758128,3255
4a790f65d53a13d6,part2_sarntown_01_01_c8r7.tgm.header,Tiny_3,53761383,264
4e3a1922cdddaf01,part2_sarntown_01_01_c8r6.tgm,Tiny_3,53755885,2243
7f448c1527070b3f,part2_sarntown_01_01_c8r6.tgm.header,Tiny_3,52016101,264
56dbc349b9eee4b2,part2_sarntown_01_01_c8r5.tgm,Tiny_3,53753804,2081
471e9ffa8dbc2271,part2_sarntown_01_01_c8r5.tgm.header,Tiny_3,52013594,264
6d27a95243088c65,part2_sarntown_01_01_c8r4.tgm,Tiny_3,53752065,1739
e7abcc7991e34b9d,part2_sarntown_01_01_c8r4.tgm.header,Tiny_3,52011249,264
c039cc8ec2f1ce17,part2_sarntown_01_01_c8r3.tgm,Tiny_3,53750128,1937
d18b3cc4d7e597ff,part2_sarntown_01_01_c8r3.tgm.header,Tiny_3,52009246,264
060c0e9fa85e3647,part2_sarntown_01_01_c8r26.tgm,Tiny_3,53749523,605
a2452af37fd01f27,part2_sarntown_01_01_c8r26.tgm.header,Tiny_3,52007045,264
28e029f08311f412,part2_sarntown_01_01_c8r25.tgm,Art/Models/Terrain/Act3Town/tgms_9,1775813,9161
f32720da41bc2963,part2_sarntown_01_01_c8r25.tgm.header,Tiny_3,53749173,350
bec3da21e2fef2fe,part2_sarntown_01_01_c8r24.tgm,Tiny_3,53748352,821
f0d64474c9602c02,part2_sarntown_01_01_c8r24.tgm.header,Tiny_3,52005782,264
87d9b5daba1c8d98,part2_sarntown_01_01_c8r23.tgm,Tiny_3,53747585,767
645023b310360da5,part2_sarntown_01_01_c8r23.tgm.header,Tiny_3,52004697,264
b0d6fe10c1cf9b53,part2_sarntown_01_01_c8r22.tgm,Tiny_3,53746242,1343
bb5ddc82538ee2b0,part2_sarntown_01_01_c8r22.tgm.header,Tiny_3,52003666,264
256dbfcb0aca772e,part2_sarntown_01_01_c8r21.tgm,Tiny_3,53744773,1469
602af52193ddbe02,part2_sarntown_01_01_c8r21.tgm.header,Tiny_3,52002059,264
22fffa6c8cb8ac97,part2_sarntown_01_01_c8r20.tgm,Tiny_3,53743052,1721
f8cf95c56557c3dd,part2_sarntown_01_01_c8r20.tgm.header,Tiny_3,52000326,264
12fba8711669967e,part2_sarntown_01_01_c8r2.tgm,Tiny_3,53740593,2459
29650e6f9ade56ee,part2_sarntown_01_01_c8r2.tgm.header,Tiny_3,51998341,264
9c2c3a3a0990b7ea,part2_sarntown_01_01_c8r19.tgm,Art/Models/Terrain/Act3Town/tgms_9,1384622,391191
ee8e0483691313f6,part2_sarntown_01_01_c8r19.tgm.header,Folders/art/models/terrain/templedungeon/tgms,590538,4486
1fc7fe15744e264b,part2_sarntown_01_01_c8r18.tgm,Tiny_3,53738350,2243
84fb948e915140c2,part2_sarntown_01_01_c8r18.tgm.header,Tiny_3,51995618,264
1a54dc4bf0283c01,part2_sarntown_01_01_c8r17.tgm,Tiny_3,53736413,1937
8d8771992b3476bb,part2_sarntown_01_01_c8r17.tgm.header,Tiny_3,51993111,264
4583fbf9447919bd,part2_sarntown_01_01_c8r16.tgm,Tiny_3,53734188,2225
b04693b3f3ec2aef,part2_sarntown_01_01_c8r16.tgm.header,Tiny_3,51990910,264
fba52929817dca4b,part2_sarntown_01_01_c8r15.tgm,Art/Models/Terrain/Act3Town/tgms_9,1333659,50963
e7a9be2ec57af31c,part2_sarntown_01_01_c8r15.tgm.header,Tiny_3,51987939,746
8092886ed9623ef1,part2_sarntown_01_01_c8r14.tgm,Art/Models/Terrain/Act3Town/tgms_9,1218758,114901
3228b626d587d447,part2_sarntown_01_01_c8r14.tgm.header,Tiny_3,53733090,1098
5bf0507da5b225fb,part2_sarntown_01_01_c8r13.tgm,Tiny_3,53730513,2313
72b82f5e307224d7,part2_sarntown_01_01_c8r13.tgm.header,Tiny_3,53732826,264
4fef680efb037523,part2_sarntown_01_01_c8r12.tgm,Tiny_3,53728498,1751
fe5f1b905b463bdd,part2_sarntown_01_01_c8r12.tgm.header,Tiny_3,53730249,264
2d0821ee6b36d440,part2_sarntown_01_01_c8r11.tgm,Tiny_3,53726747,1487
f97b0338cd920a5a,part2_sarntown_01_01_c8r11.tgm.header,Tiny_3,53728234,264
de7bcd37f3a93460,part2_sarntown_01_01_c8r10.tgm,Tiny_3,53723788,2695
548addc0563e96bb,part2_sarntown_01_01_c8r10.tgm.header,Tiny_3,53726483,264
c49ea9a99b3dac93,part2_sarntown_01_01_c8r1.tgm,Tiny_3,53722565,1223
8fadb7a89cc755f8,part2_sarntown_01_01_c8r1.tgm.header,Tiny_3,51977441,264
564c5bd253b06cc4,part2_sarntown_01_01_c7r9.tgm,Tiny_3,53720482,1819
638003504c064e55,part2_sarntown_01_01_c7r9.tgm.header,Tiny_3,53722301,264
3962f2ba8c342f44,part2_sarntown_01_01_c7r8.tgm,Tiny_3,53718309,1909
6b532a461c2e4d69,part2_sarntown_01_01_c7r8.tgm.header,Tiny_3,53720218,264
fa73170c81677ca6,part2_sarntown_01_01_c7r7.tgm,Tiny_3,53715528,2517
215372ce0375bc26,part2_sarntown_01_01_c7r7.tgm.header,Tiny_3,53718045,264
deb3bcfa34b1f602,part2_sarntown_01_01_c7r6.tgm,Tiny_3,53713615,1913
8d1e4ca0d095861e,part2_sarntown_01_01_c7r6.tgm.header,Tiny_3,51968951,264
83a5608b678c12d4,part2_sarntown_01_01_c7r5.tgm,Tiny_3,53711660,1955
a11440935e178319,part2_sarntown_01_01_c7r5.tgm.header,Tiny_3,51966774,264
f41518911106dfe9,part2_sarntown_01_01_c7r4.tgm,Tiny_3,53709705,1955
9c28b80c437a8485,part2_sarntown_01_01_c7r4.tgm.header,Tiny_3,51964555,264
6fbf7656d288e897,part2_sarntown_01_01_c7r3.tgm,Tiny_3,53707336,2369
0d5bfdfb433d74e9,part2_sarntown_01_01_c7r3.tgm.header,Tiny_3,51962336,264
0ec523bc5a91e8bc,part2_sarntown_01_01_c7r26.tgm,Tiny_3,53706593,743
6340972a82605d50,part2_sarntown_01_01_c7r26.tgm.header,Tiny_3,51959703,264
289c6fcca4bebe8a,part2_sarntown_01_01_c7r25.tgm,Tiny_3,53705610,983
2a746fd0d348154c,part2_sarntown_01_01_c7r25.tgm.header,Tiny_3,51958696,264
19df290e8243aa01,part2_sarntown_01_01_c7r24.tgm,Tiny_3,53704267,1343
1fb7cb0ee9d37ed1,part2_sarntown_01_01_c7r24.tgm.header,Tiny_3,51957449,264
b9307180b8c54b0a,part2_sarntown_01_01_c7r23.tgm,Tiny_3,53703014,1253
d10ca88452680f6a,part2_sarntown_01_01_c7r23.tgm.header,Tiny_3,51955842,264
cf07c8d103ef0a98,part2_sarntown_01_01_c7r22.tgm,Art/Models/Terrain/Act3Town/tgms_9,1162047,56711
66d97354c7cf6233,part2_sarntown_01_01_c7r22.tgm.header,Tiny_3,53700156,2858
0334ef084de16faa,part2_sarntown_01_01_c7r21.tgm,Tiny_3,53698903,1253
08cc2287ff14a358,part2_sarntown_01_01_c7r21.tgm.header,Tiny_3,51950939,264
6b02669cc1df9a18,part2_sarntown_01_01_c7r20.tgm,Tiny_3,53697758,1145
016d293910d06c39,part2_sarntown_01_01_c7r20.tgm.header,Tiny_3,51949422,264
16e7f05e066379c1,part2_sarntown_01_01_c7r2.tgm,Tiny_3,53695137,2621
117b5e48dec78ffc,part2_sarntown_01_01_c7r2.tgm.header,Tiny_3,51948013,264
23f995799ba3973b,part2_sarntown_01_01_c7r19.tgm,Tiny_3,53693308,1829
b79bc3220b0339e3,part2_sarntown_01_01_c7r19.tgm.header,Tiny_3,51945128,264
d0901e48f6f471f5,part2_sarntown_01_01_c7r18.tgm,Tiny_3,53691587,1721
5d653d34423bfef3,part2_sarntown_01_01_c7r18.tgm.header,Tiny_3,51943035,264
271e94a55e0e755e,part2_sarntown_01_01_c7r17.tgm,Tiny_3,53690028,1559
39b2dc5819fb9dc0,part2_sarntown_01_01_c7r17.tgm.header,Tiny_3,51941050,264
d706984a68295fb1,part2_sarntown_01_01_c7r16.tgm,Tiny_3,53688325,1703
c6dd528fa84c27f0,part2_sarntown_01_01_c7r16.tgm.header,Tiny_3,51939227,264
85d04fd4ef898798,part2_sarntown_01_01_c7r15.tgm,Tiny_3,53686550,1775
74c86614e7cb93d7,part2_sarntown_01_01_c7r15.tgm.header,Tiny_3,51937260,264
f383c8fbf3e2d451,part2_sarntown_01_01_c7r14.tgm,Tiny_3,53684577,1973
6e95ee127223b3be,part2_sarntown_01_01_c7r14.tgm.header,Tiny_3,51935221,264
36acdb1c16b23b29,part2_sarntown_01_01_c7r13.tgm,Tiny_3,53680782,3531
4201b742a720c45a,part2_sarntown_01_01_c7r13.tgm.header,Tiny_3,53684313,264
3581956391f95a1e,part2_sarntown_01_01_c7r12.tgm,Tiny_3,53677943,2575
6890511ddfe2188b,part2_sarntown_01_01_c7r12.tgm.header,Tiny_3,53680518,264
29964fdf828eaca6,part2_sarntown_01_01_c7r11.tgm,Tiny_3,53675830,1849
9a76708feacec128,part2_sarntown_01_01_c7r11.tgm.header,Tiny_3,53677679,264
aac1cb1a581f67b4,part2_sarntown_01_01_c7r10.tgm,Tiny_3,53673669,1897
c582051bd97cfb80,part2_sarntown_01_01_c7r10.tgm.header,Tiny_3,53675566,264
223eec5f10f4a23a,part2_sarntown_01_01_c7r1.tgm,Tiny_3,53672224,1445
3a7ac644ccb7d362,part2_sarntown_01_01_c7r1.tgm.header,Tiny_3,51922110,264
8f25081f0d17c856,part2_sarntown_01_01_c6r9.tgm,Tiny_3,53670057,1903
5dce240676478c5a,part2_sarntown_01_01_c6r9.tgm.header,Tiny_3,53671960,264
62867725b0e3bb4d,part2_sarntown_01_01_c6r8.tgm,Tiny_3,53668316,1477
9c8ac3a980c88eb8,part2_sarntown_01_01_c6r8.tgm.header,Tiny_3,53669793,264
72f58671412e788d,part2_sarntown_01_01_c6r7.tgm,Tiny_3,53666025,2027
e5b2710a9fefd954,part2_sarntown_01_01_c6r7.tgm.header,Tiny_3,53668052,264
48136917b868e2ad,part2_sarntown_01_01_c6r6.tgm,Tiny_3,53663076,2685
524a35c946fe5261,part2_sarntown_01_01_c6r6.tgm.header,Tiny_3,53665761,264
264e4a0f4b478494,part2_sarntown_01_01_c6r5.tgm,Tiny_3,53661001,2075
63f2b9231f92841c,part2_sarntown_01_01_c6r5.tgm.header,Tiny_3,51911321,264
99a9ca8b0c6c667e,part2_sarntown_01_01_c6r4.tgm,Tiny_3,53658764,1973
7e062ba101a64752,part2_sarntown_01_01_c6r4.tgm.header,Tiny_3,53660737,264
10dc7c18f5167505,part2_sarntown_01_01_c6r3.tgm,Tiny_3,53655969,2531
de9298bb9c32357f,part2_sarntown_01_01_c6r3.tgm.header,Tiny_3,53658500,264
d8c8342d0ee7c406,part2_sarntown_01_01_c6r26.tgm,Art/Models/Terrain/Act3Town/tgms_9,1132058,29989
e6dfef8b94103000,part2_sarntown_01_01_c6r26.tgm.header,Tiny_3,53655531,438
7a32387c7d23501c,part2_sarntown_01_01_c6r25.tgm,Tiny_3,53654656,875
14af2278ca74606a,part2_sarntown_01_01_c6r25.tgm.header,Tiny_3,51902757,264
47f373e418c019f9,part2_sarntown_01_01_c6r24.tgm,Tiny_3,53653619,1037
3c782bc30fa5c748,part2_sarntown_01_01_c6r24.tgm.header,Tiny_3,51901618,264
e413bb16f6075897,part2_sarntown_01_01_c6r23.tgm,Tiny_3,53652312,1307
c4b8819d080328d3,part2_sarntown_01_01_c6r23.tgm.header,Tiny_3,51900317,264
0ed9845d939f5fc4,part2_sarntown_01_01_c6r22.tgm,Tiny_3,53651167,1145
c53895a3eca19002,part2_sarntown_01_01_c6r22.tgm.header,Tiny_3,51898746,264
3fe034f71747dd49,part2_sarntown_01_01_c6r21.tgm,Tiny_3,53649716,1451
c66e71ef8e0daa3d,part2_sarntown_01_01_c6r21.tgm.header,Tiny_3,51897337,264
cdbc9efceb51ce85,part2_sarntown_01_01_c6r20.tgm,Art/Models/Terrain/Act3Town/tgms_9,1011079,120979
3b6e6ed0eb4ed09b,part2_sarntown_01_01_c6r20.tgm.header,Tiny_3,53647958,1758
4cf21bc99cab6106,part2_sarntown_01_01_c6r2.tgm,Tiny_3,53644605,3089
569bca5fe86ce9b2,part2_sarntown_01_01_c6r2.tgm.header,Tiny_3,53647694,264
411693af024abc6b,part2_sarntown_01_01_c6r19.tgm,Tiny_3,53643298,1307
871b68910e08b0c3,part2_sarntown_01_01_c6r19.tgm.header,Tiny_3,51890731,264
8e5de613c48af006,part2_sarntown_01_01_c6r18.tgm,Tiny_3,53641631,1667
0bacf1115ba6bb20,part2_sarntown_01_01_c6r18.tgm.header,Tiny_3,51889160,264
f369033135485b2c,part2_sarntown_01_01_c6r17.tgm,Art/Models/Terrain/Act3Town/tgms_9,729188,281891
bb0adf5993517d0d,part2_sarntown_01_01_c6r17.tgm.header,Tiny_3,53638905,2726
fbbd95beadc0bd8e,part2_sarntown_01_01_c6r16.tgm,Art/Models/Terrain/Act3Town/tgms_9,688335,40853
84599227f19b9635,part2_sarntown_01_01_c6r16.tgm.header,Tiny_3,53638555,350
3bd17169a479de85,part2_sarntown_01_01_c6r15.tgm,Tiny_3,53636942,1613
6c599b70bf66e22f,part2_sarntown_01_01_c6r15.tgm.header,Tiny_3,51883537,264
75f9c5bc4cb72789,part2_sarntown_01_01_c6r14.tgm,Tiny_3,53635113,1829
47de21c34b8339cd,part2_sarntown_01_01_c6r14.tgm.header,Tiny_3,51881660,264
f4d465d7270f94f7,part2_sarntown_01_01_c6r13.tgm,Tiny_3,53631852,2997
0550ec4b10fb8a00,part2_sarntown_01_01_c6r13.tgm.header,Tiny_3,53634849,264
ab6651fb313f641e,part2_sarntown_01_01_c6r12.tgm,Tiny_3,53628681,2907
bb7eb685785f4a2e,part2_sarntown_01_01_c6r12.tgm.header,Tiny_3,53631588,264
2fddac7bf2804dc2,part2_sarntown_01_01_c6r11.tgm,Art/Models/Terrain/Act3Town/tgms_9,655732,32603
6d5d573b01edc994,part2_sarntown_01_01_c6r11.tgm.header,Tiny_3,53627803,878
dbd810abcc45f89b,part2_sarntown_01_01_c6r10.tgm,Tiny_3,53624796,2743
245c07d8177d9178,part2_sarntown_01_01_c6r10.tgm.header,Tiny_3,53627539,264
f25e2230fd180cbb,part2_sarntown_01_01_c6r1.tgm,Tiny_3,53622031,2501
694bfef370bf5cc3,part2_sarntown_01_01_c6r1.tgm.header,Tiny_3,53624532,264
a190828bd0e72345,part2_sarntown_01_01_c5r9.tgm,Tiny_3,53619058,2709
7cd8745b3801cb3e,part2_sarntown_01_01_c5r9.tgm.header,Tiny_3,53621767,264
9b14af3c4a5ea9dd,part2_sarntown_01_01_c5r8.tgm,Tiny_3,53616311,2483
9ddc149d2c1ee39f,part2_sarntown_01_01_c5r8.tgm.header,Tiny_3,53618794,264
36db52040d5c09c9,part2_sarntown_01_01_c5r7.tgm,Tiny_3,53612594,3453
db49a2341ff760b8,part2_sarntown_01_01_c5r7.tgm.header,Tiny_3,53616047,264
e39811aa599b99cc,part2_sarntown_01_01_c5r6.tgm,Tiny_3,53608625,3705
36542723f6a7b90a,part2_sarntown_01_01_c5r6.tgm.header,Tiny_3,53612330,264
3968436882c533e5,part2_sarntown_01_01_c5r5.tgm,Tiny_3,53606094,2267
7fd8e38d01c28e87,part2_sarntown_01_01_c5r5.tgm.header,Tiny_3,53608361,264
2537a8116f5aa535,part2_sarntown_01_01_c5r4.tgm,Tiny_3,53603767,2063
c482cc5d96be0536,part2_sarntown_01_01_c5r4.tgm.header,Tiny_3,53605830,264
c00bdfb28a420e7c,part2_sarntown_01_01_c5r3.tgm,Tiny_3,53600864,2639
4a9cd688a56c395b,part2_sarntown_01_01_c5r3.tgm.header,Tiny_3,53603503,264
abcadafe97d2441d,part2_sarntown_01_01_c5r26.tgm,Tiny_3,53600259,605
58512c63e78c1746,part2_sarntown_01_01_c5r26.tgm.header,Tiny_3,51845458,264
1d541956959afce1,part2_sarntown_01_01_c5r25.tgm,Tiny_3,53599438,821
3929d01094d487a0,part2_sarntown_01_01_c5r25.tgm.header,Tiny_3,51844589,264
79726f12aaea0e46,part2_sarntown_01_01_c5r24.tgm,Tiny_3,53598671,767
3a0283a3e620d16f,part2_sarntown_01_01_c5r24.tgm.header,Tiny_3,51843504,264
6cb6f40fbe59a861,part2_sarntown_01_01_c5r23.tgm,Art/Models/Terrain/Act3Town/tgms_9,627655,28077
de99947e1afad177,part2_sarntown_01_01_c5r23.tgm.header,Tiny_3,53598013,658
7a9a7b32568c21ee,part2_sarntown_01_01_c5r22.tgm,Tiny_3,53596868,1145
4e039f66fa19dd0e,part2_sarntown_01_01_c5r22.tgm.header,Tiny_3,51841639,264
f6e6f2585cf4ebeb,part2_sarntown_01_01_c5r21.tgm,Art/Models/Terrain/Act3Town/tgms_9,0,627655
c59e95edf13d16e0,part2_sarntown_01_01_c5r21.tgm.header,Tiny_3,51840188,306
eb56bda45045ac1e,part2_sarntown_01_01_c5r20.tgm,Tiny_3,53595147,1721
bee3360e36a0ebc3,part2_sarntown_01_01_c5r20.tgm.header,Tiny_3,51839924,264
b03f94372d8afd84,part2_sarntown_01_01_c5r2.tgm,Tiny_3,53592676,2207
8e3174a7dcf819aa,part2_sarntown_01_01_c5r2.tgm.header,Tiny_3,53594883,264
d4050e910a4d5555,part2_sarntown_01_01_c5r19.tgm,Tiny_3,53591207,1469
90e73ad50c37c776,part2_sarntown_01_01_c5r19.tgm.header,Tiny_3,51835630,264
a48bfca04b8abaaf,part2_sarntown_01_01_c5r18.tgm,Tiny_3,53589648,1559
393e6088d4641d94,part2_sarntown_01_01_c5r18.tgm.header,Tiny_3,51833897,264
4ed99544147e33f5,part2_sarntown_01_01_c5r17.tgm,Tiny_3,53588233,1415
b444ecccbd6d989d,part2_sarntown_01_01_c5r17.tgm.header,Tiny_3,51832074,264
791ea2f0df009c6e,part2_sarntown_01_01_c5r16.tgm,Art/Models/Terrain/Act3Town/tgms_8,1817513,84819
7f7f9d5831793d27,part2_sarntown_01_01_c5r16.tgm.header,Tiny_3,53587311,922
2b66878bd6b22c02,part2_sarntown_01_01_c5r15.tgm,Tiny_3,53585878,1433
b2242d3416727cf6,part2_sarntown_01_01_c5r15.tgm.header,Tiny_3,51829473,264
3992c04b268f740d,part2_sarntown_01_01_c5r14.tgm,Tiny_3,53584247,1631
1e8c299210681ac6,part2_sarntown_01_01_c5r14.tgm.header,Tiny_3,51827776,264
ce3a0c2c3d0b3953,part2_sarntown_01_01_c5r13.tgm,Tiny_3,53581878,2369
672c94ef415e3b6a,part2_sarntown_01_01_c5r13.tgm.header,Tiny_3,51825881,264
d7d3a10b6acf26c7,part2_sarntown_01_01_c5r12.tgm,Tiny_3,53578563,3051
d118abbddefce3b3,part2_sarntown_01_01_c5r12.tgm.header,Tiny_3,53581614,264
320b498c2e3ca13a,part2_sarntown_01_01_c5r11.tgm,Tiny_3,53574516,3783
1bd1af5430416c42,part2_sarntown_01_01_c5r11.tgm.header,Tiny_3,53578299,264
5c2c0e67da13f022,part2_sarntown_01_01_c5r10.tgm,Tiny_3,53571339,2913
d7b1c42666c13065,part2_sarntown_01_01_c5r10.tgm.header,Tiny_3,53574252,264
f5ce2037504330bd,part2_sarntown_01_01_c5r1.tgm,Tiny_3,53569210,1865
8625cae9316f4315,part2_sarntown_01_01_c5r1.tgm.header,Tiny_3,53571075,264
f08d23cf64e6587b,part2_sarntown_01_01_c4r9.tgm,Tiny_3,53564959,3987
aa130d0d3dfc6d78,part2_sarntown_01_01_c4r9.tgm.header,Tiny_3,53568946,264
1b3127fea4590de4,part2_sarntown_01_01_c4r8.tgm,Tiny_3,53561332,3363
706122923095b611,part2_sarntown_01_01_c4r8.tgm.header,Tiny_3,53564695,264
610972e3ddeec64b,part2_sarntown_01_01_c4r7.tgm,Tiny_3,53557537,3531
60db720dcb232c45,part2_sarntown_01_01_c4r7.tgm.header,Tiny_3,53561068,264
49ed0f16b2d8d4a4,part2_sarntown_01_01_c4r6.tgm,Tiny_3,53555456,2081
330ca0a1763a85dc,part2_sarntown_01_01_c4r6.tgm.header,Tiny_3,51799003,264
c730b2296c4fadc2,part2_sarntown_01_01_c4r5.tgm,Tiny_3,53553753,1703
82a9f7550db230f9,part2_sarntown_01_01_c4r5.tgm.header,Tiny_3,51796658,264
f2d091543573d181,part2_sarntown_01_01_c4r4.tgm,Tiny_3,53551750,1739
21f3ed4b4cd425d9,part2_sarntown_01_01_c4r4.tgm.header,Tiny_3,53553489,264
be7f86f70864b1fd,part2_sarntown_01_01_c4r3.tgm,Tiny_3,53549981,1505
2347e87e05b3580d,part2_sarntown_01_01_c4r3.tgm.header,Tiny_3,53551486,264
40e62ee853ec9266,part2_sarntown_01_01_c4r26.tgm,Tiny_3,53549238,743
f45852720bcb932e,part2_sarntown_01_01_c4r26.tgm.header,Tiny_3,51790973,264
78340e0670701f99,part2_sarntown_01_01_c4r25.tgm,Tiny_3,53548147,1091
8943f907b14b2eb5,part2_sarntown_01_01_c4r25.tgm.header,Tiny_3,51789966,264
9b187bbc4aad0574,part2_sarntown_01_01_c4r24.tgm,Tiny_3,53546678,1469
682c0587a9fe9993,part2_sarntown_01_01_c4r24.tgm.header,Tiny_3,51788611,264
6a852c147112bca3,part2_sarntown_01_01_c4r23.tgm,Tiny_3,53544957,1721
147aeda3b02fe0f6,part2_sarntown_01_01_c4r23.tgm.header,Tiny_3,51786878,264
b5ec82efd901f782,part2_sarntown_01_01_c4r22.tgm,Tiny_3,53543434,1523
4fe5ef2b80b149ce,part2_sarntown_01_01_c4r22.tgm.header,Tiny_3,51784893,264
fe12d1550c01638b,part2_sarntown_01_01_c4r21.tgm,Tiny_3,53542181,1253
bf3319ac351d3f29,part2_sarntown_01_01_c4r21.tgm.header,Tiny_3,51783106,264
abed310e40190fff,part2_sarntown_01_01_c4r20.tgm,Tiny_3,53540874,1307
b1732005f069cee2,part2_sarntown_01_01_c4r20.tgm.header,Tiny_3,51781589,264
d71a4539bd95a013,part2_sarntown_01_01_c4r2.tgm,Tiny_3,53538943,1667
a200761e40c655c8,part2_sarntown_01_01_c4r2.tgm.header,Tiny_3,53540610,264
b1c012433f659d5c,part2_sarntown_01_01_c4r19.tgm,Tiny_3,53537582,1361
8842f18663b4a4f1,part2_sarntown_01_01_c4r19.tgm.header,Tiny_3,51778195,264
84828dc27d4a81eb,part2_sarntown_01_01_c4r18.tgm,Tiny_3,53535807,1775
127ca9596a014c94,part2_sarntown_01_01_c4r18.tgm.header,Tiny_3,51776570,264
63d12f75ae30bb65,part2_sarntown_01_01_c4r17.tgm,Art/Models/Terrain/Act3Town/tgms_8,1775644,41869
6ce31d8ba0508a12,part2_sarntown_01_01_c4r17.tgm.header,Tiny_3,53534577,1230
99568d8334cf12b7,part2_sarntown_01_01_c4r16.tgm,Tiny_3,53532046,2531
f8d5e18b360a90d8,part2_sarntown_01_01_c4r16.tgm.header,Tiny_3,51773301,264
80f87f2f4ba267bc,part2_sarntown_01_01_c4r15.tgm,Tiny_3,53529245,2801
d50b07fb589b10a6,part2_sarntown_01_01_c4r15.tgm.header,Tiny_3,51770506,264
1a5fa241e55bed4c,part2_sarntown_01_01_c4r14.tgm,Tiny_3,53525688,3557
6f87268d76564435,part2_sarntown_01_01_c4r14.tgm.header,Tiny_3,51767441,264
0eec8da2d90cc95d,part2_sarntown_01_01_c4r13.tgm,Tiny_3,53522329,3359
d19af856d5252899,part2_sarntown_01_01_c4r13.tgm.header,Tiny_3,51763620,264
bd3326e24bb57e2d,part2_sarntown_01_01_c4r12.tgm,Tiny_3,53519510,2819
44c2c2f716bc3f70,part2_sarntown_01_01_c4r12.tgm.header,Tiny_3,51759997,264
ab1963f3738e719f,part2_sarntown_01_01_c4r11.tgm,Tiny_3,53515881,3629
45bcbfa2baa5c8bf,part2_sarntown_01_01_c4r11.tgm.header,Tiny_3,51756914,264
44fbd19b6d645f77,part2_sarntown_01_01_c4r10.tgm,Tiny_3,53512036,3845
1f9bc6bf8b292eed,part2_sarntown_01_01_c4r10.tgm.header,Tiny_3,51753021,264
97a74a0dfa7389ea,part2_sarntown_01_01_c4r1.tgm,Tiny_3,53510207,1565
98695a5212226354,part2_sarntown_01_01_c4r1.tgm.header,Tiny_3,53511772,264
7b4f7ee59e8e00eb,part2_sarntown_01_01_c3r9.tgm,Tiny_3,53507982,2225
078c0f2eb7742ec6,part2_sarntown_01_01_c3r9.tgm.header,Tiny_3,51747137,264
4a95d09fe67160b1,part2_sarntown_01_01_c3r8.tgm,Tiny_3,53505343,2639
7b6a041c04edc0a5,part2_sarntown_01_01_c3r8.tgm.header,Tiny_3,51744648,264
4351221a0e19b971,part2_sarntown_01_01_c3r7.tgm,Tiny_3,53502740,2603
c3021c9a3ef438de,part2_sarntown_01_01_c3r7.tgm.header,Tiny_3,51741745,264
1b27535be272e61e,part2_sarntown_01_01_c3r6.tgm,Tiny_3,53501199,1541
98aa64ec50db1fff,part2_sarntown_01_01_c3r6.tgm.header,Tiny_3,51738878,264
9a7e123c0558eee2,part2_sarntown_01_01_c3r5.tgm,Tiny_3,53499730,1469
82336761e0a74965,part2_sarntown_01_01_c3r5.tgm.header,Tiny_3,51737073,264
3aaa322258906717,part2_sarntown_01_01_c3r4.tgm,Tiny_3,53498117,1613
e9ba3b61b396e128,part2_sarntown_01_01_c3r4.tgm.header,Tiny_3,51735340,264
ad5d1bbdfb11b86e,part2_sarntown_01_01_c3r3.tgm,Tiny_3,53496474,1379
8a714803fe5a3c5d,part2_sarntown_01_01_c3r3.tgm.header,Tiny_3,53497853,264
880e42faee5139ba,part2_sarntown_01_01_c3r26.tgm,Art/Models/Terrain/Act3Town/tgms_8,1659799,115845
b9614a1af7a7b424,part2_sarntown_01_01_c3r26.tgm.header,Tiny_3,53493572,2902
7928c43669b94e0b,part2_sarntown_01_01_c3r25.tgm,Tiny_3,53492805,767
e79336e5d9f89369,part2_sarntown_01_01_c3r25.tgm.header,Tiny_3,51728336,264
748b299e14c7b19a,part2_sarntown_01_01_c3r24.tgm,Tiny_3,53491876,929
641ca2ebe85b8b0d,part2_sarntown_01_01_c3r24.tgm.header,Tiny_3,51727305,264
6e1d2f06462340fa,part2_sarntown_01_01_c3r23.tgm,Tiny_3,53490947,929
e311bf2490a1434d,part2_sarntown_01_01_c3r23.tgm.header,Tiny_3,51726112,264
efd9b83fee5046b4,part2_sarntown_01_01_c3r22.tgm,Tiny_3,53489478,1469
6cf9d8a91789db8b,part2_sarntown_01_01_c3r22.tgm.header,Tiny_3,51724919,264
252923d3774ed4d9,part2_sarntown_01_01_c3r21.tgm,Tiny_3,53488009,1469
8e8acd1bad752831,part2_sarntown_01_01_c3r21.tgm.header,Tiny_3,51723186,264
5f5178261f8c7f7c,part2_sarntown_01_01_c3r20.tgm,Tiny_3,53486324,1685
a387f2de1818192e,part2_sarntown_01_01_c3r20.tgm.header,Tiny_3,51721453,264
fe6d0fa20e0cb623,part2_sarntown_01_01_c3r2.tgm,Tiny_3,53484771,1289
27c27ca315772535,part2_sarntown_01_01_c3r2.tgm.header,Tiny_3,53486060,264
f426d62b53a7579e,part2_sarntown_01_01_c3r19.tgm,Tiny_3,53482546,2225
3361772318311bfe,part2_sarntown_01_01_c3r19.tgm.header,Tiny_3,51718005,264
4d67de4827ab0f09,part2_sarntown_01_01_c3r18.tgm,Tiny_3,53479835,2711
1282640e69fcf334,part2_sarntown_01_01_c3r18.tgm.header,Tiny_3,51715516,264
7a1f615e4d36f5c4,part2_sarntown_01_01_c3r17.tgm,Tiny_3,53476530,3305
47d42f0d8c89df98,part2_sarntown_01_01_c3r17.tgm.header,Tiny_3,51712541,264
fc3a346a760ceed8,part2_sarntown_01_01_c3r16.tgm,Tiny_3,53472847,3683
599b62d03161d592,part2_sarntown_01_01_c3r16.tgm.header,Tiny_3,51708972,264
2ec9486ccaee0572,part2_sarntown_01_01_c3r15.tgm,Tiny_3,53468786,4061
9761bf64c20c91b3,part2_sarntown_01_01_c3r15.tgm.header,Tiny_3,51705025,264
4a71943cf5efa044,part2_sarntown_01_01_c3r14.tgm,Tiny_3,53464905,3881
d7e636114f489a56,part2_sarntown_01_01_c3r14.tgm.header,Tiny_3,51700700,264
9ffefdc1ff21b556,part2_sarntown_01_01_c3r13.tgm,Tiny_3,53461402,3503
93d2f5146d0b2e8f,part2_sarntown_01_01_c3r13.tgm.header,Tiny_3,51696555,264
40e30b5ba313b4b8,part2_sarntown_01_01_c3r12.tgm,Tiny_3,53458493,2909
d70c85e67f44746d,part2_sarntown_01_01_c3r12.tgm.header,Tiny_3,51692788,264
4ba441da37b7d659,part2_sarntown_01_01_c3r11.tgm,Tiny_3,53456178,2315
9a7bcc13341fe1b7,part2_sarntown_01_01_c3r11.tgm.header,Tiny_3,51689615,264
ca78c69f62299a95,part2_sarntown_01_01_c3r10.tgm,Tiny_3,53453989,2189
67c85ec3898a506f,part2_sarntown_01_01_c3r10.tgm.header,Tiny_3,51687036,264
7974966dfd0c4fdb,part2_sarntown_01_01_c3r1.tgm,Tiny_3,53452304,1421
5b979d6d45ba4b4a,part2_sarntown_01_01_c3r1.tgm.header,Tiny_3,53453725,264
d330e259ab03de58,part2_sarntown_01_01_c33r9.tgm,Art/Models/Terrain/Act3Town/tgms_8,1655144,4655
d97a4758adc406a0,part2_sarntown_01_01_c33r9.tgm.header,Tiny_3,53452040,264
2bb516582c25020c,part2_sarntown_01_01_c33r8.tgm,Art/Models/Terrain/Act3Town/tgms_8,1650527,4617
069ffc93bd60bea5,part2_sarntown_01_01_c33r8.tgm.header,Tiny_3,53451776,264
4fc9c457328088e4,part2_sarntown_01_01_c33r7.tgm,Art/Models/Terrain/Act3Town/tgms_8,1645238,5289
de1a6d7883e266b5,part2_sarntown_01_01_c33r7.tgm.header,Tiny_3,53451512,264
08de428517f51f10,part2_sarntown_01_01_c33r6.tgm,Art/Models/Terrain/Act3Town/tgms_8,1640357,4881
0a34f02975037ccf,part2_sarntown_01_01_c33r6.tgm.header,Tiny_3,53451248,264
693a1166da29805c,part2_sarntown_01_01_c33r5.tgm,Tiny_3,53446977,4007
ba9213eb49ddb618,part2_sarntown_01_01_c33r5.tgm.header,Tiny_3,53450984,264
4595f727f779779e,part2_sarntown_01_01_c33r4.tgm,Tiny_3,53442706,4007
ce0ea4b893492917,part2_sarntown_01_01_c33r4.tgm.header,Tiny_3,53446713,264
6b94abe3a4e393a8,part2_sarntown_01_01_c33r3.tgm,Tiny_3,53438435,4007
f3c027982189d853,part2_sarntown_01_01_c33r3.tgm.header,Tiny_3,53442442,264
cf1df4b7d96e3189,part2_sarntown_01_01_c33r26.tgm,Tiny_3,53437188,983
6436e45ae02c65e3,part2_sarntown_01_01_c33r26.tgm.header,Tiny_3,53438171,264
0ef23bd55f765438,part2_sarntown_01_01_c33r25.tgm,Tiny_3,53435347,1577
551e315c374b78a4,part2_sarntown_01_01_c33r25.tgm.header,Tiny_3,53436924,264
88d68eadb09c9730,part2_sarntown_01_01_c33r24.tgm,Tiny_3,53433074,2009
19524f061c1b10f4,part2_sarntown_01_01_c33r24.tgm.header,Tiny_3,53435083,264
e742fcc2f9e1e46f,part2_sarntown_01_01_c33r23.tgm,Tiny_3,53430477,2333
c0ee580947352164,part2_sarntown_01_01_c33r23.tgm.header,Tiny_3,53432810,264
8704b024ec94ef15,part2_sarntown_01_01_c33r22.tgm,Tiny_3,53427772,2441
187f1eaceb227ef8,part2_sarntown_01_01_c33r22.tgm.header,Tiny_3,53430213,264
e4f6500868dcb671,part2_sarntown_01_01_c33r21.tgm,Tiny_3,53424959,2549
187276b4af80ad94,part2_sarntown_01_01_c33r21.tgm.header,Tiny_3,53427508,264
88bcfb8f8d051d92,part2_sarntown_01_01_c33r20.tgm,Tiny_3,53421822,2873
4b9dc3f7d644c134,part2_sarntown_01_01_c33r20.tgm.header,Tiny_3,53424695,264
f05a3e4b38d7cc17,part2_sarntown_01_01_c33r2.tgm,Art/Models/Terrain/Act3Town/tgms_8,1636134,4223
93307dba65ee0c64,part2_sarntown_01_01_c33r2.tgm.header,Tiny_3,53421558,264
6c93419c8a43c8f2,part2_sarntown_01_01_c33r19.tgm,Tiny_3,53418313,2981
c0753be2a9c014f0,part2_sarntown_01_01_c33r19.tgm.header,Tiny_3,53421294,264
4eadf44e5b41068c,part2_sarntown_01_01_c33r18.tgm,Tiny_3,53415122,2927
bf85c1884caeba0e,part2_sarntown_01_01_c33r18.tgm.header,Tiny_3,53418049,264
567bb6c00ca1bbf7,part2_sarntown_01_01_c33r17.tgm,Tiny_3,53411715,3143
e3b9a102461f6648,part2_sarntown_01_01_c33r17.tgm.header,Tiny_3,53414858,264
fe4e397e067db472,part2_sarntown_01_01_c33r16.tgm,Tiny_3,53408092,3359
9991378a4d537646,part2_sarntown_01_01_c33r16.tgm.header,Tiny_3,53411451,264
8f0a1f87d43a4a81,part2_sarntown_01_01_c33r15.tgm,Tiny_3,53404253,3575
0a12f066c46996bf,part2_sarntown_01_01_c33r15.tgm.header,Tiny_3,53407828,264
45c00c6b2b98e6d5,part2_sarntown_01_01_c33r14.tgm,Tiny_3,53400198,3791
4d489af568da1aef,part2_sarntown_01_01_c33r14.tgm.header,Tiny_3,53403989,264
4ba09d8ae02f413a,part2_sarntown_01_01_c33r13.tgm,Tiny_3,53395903,4031
e4899bd854f0e40d,part2_sarntown_01_01_c33r13.tgm.header,Tiny_3,53399934,264
52ad8c4fe4befd75,part2_sarntown_01_01_c33r12.tgm,Art/Models/Terrain/Act3Town/tgms_8,1631911,4223
2d6e2e076fb51434,part2_sarntown_01_01_c33r12.tgm.header,Tiny_3,53395639,264
cb88dbc938884ff3,part2_sarntown_01_01_c33r11.tgm,Art/Models/Terrain/Act3Town/tgms_8,1627472,4439
8e4f6758d9b6a532,part2_sarntown_01_01_c33r11.tgm.header,Tiny_3,53395375,264
6ed62f9395053716,part2_sarntown_01_01_c33r10.tgm,Art/Models/Terrain/Act3Town/tgms_8,1622709,4763
3853ec4e8f4b1695,part2_sarntown_01_01_c33r10.tgm.header,Tiny_3,53395111,264
13989b75b223962e,part2_sarntown_01_01_c33r1.tgm,Tiny_3,53392514,2333
78d08ccff9ba5125,part2_sarntown_01_01_c33r1.tgm.header,Tiny_3,53394847,264
af58ba2f9aefa36e,part2_sarntown_01_01_c32r9.tgm,Tiny_3,53389917,2333
6ea27e904e22c449,part2_sarntown_01_01_c32r9.tgm.header,Tiny_3,53392250,264
7e8cb63968fbc308,part2_sarntown_01_01_c32r8.tgm,Tiny_3,53386764,2889
285da44821654637,part2_sarntown_01_01_c32r8.tgm.header,Tiny_3,53389653,264
1f0fe166cedd0d5a,part2_sarntown_01_01_c32r7.tgm,Art/Models/Terrain/Act3Town/tgms_8,1617840,4869
bfb5d83295a1fbff,part2_sarntown_01_01_c32r7.tgm.header,Tiny_3,53386500,264
2aa0161adb8debf8,part2_sarntown_01_01_c32r6.tgm,Art/Models/Terrain/Act3Town/tgms_8,1613655,4185
cc3cafaea6e8f1cf,part2_sarntown_01_01_c32r6.tgm.header,Tiny_3,53386236,264
b44108901f0d73be,part2_sarntown_01_01_c32r5.tgm,Tiny_3,53383099,2873
d4bf20f3e32ba95e,part2_sarntown_01_01_c32r5.tgm.header,Tiny_3,53385972,264
9796e5c0db611fe3,part2_sarntown_01_01_c32r4.tgm,Tiny_3,53379962,2873
65c849be5aa0aff4,part2_sarntown_01_01_c32r4.tgm.header,Tiny_3,53382835,264
febb94e8c3ac55d5,part2_sarntown_01_01_c32r3.tgm,Tiny_3,53376879,2819
069440b64e80855b,part2_sarntown_01_01_c32r3.tgm.header,Tiny_3,53379698,264
dfe01b81fab56399,part2_sarntown_01_01_c32r26.tgm,Tiny_3,53375686,929
80c4c4a38e7a0076,part2_sarntown_01_01_c32r26.tgm.header,Tiny_3,53376615,264
585427d9119d0f8d,part2_sarntown_01_01_c32r25.tgm,Tiny_3,53374277,1145
d90c456d56b57f44,part2_sarntown_01_01_c32r25.tgm.header,Tiny_3,53375422,264
0fc7a8326f3cff53,part2_sarntown_01_01_c32r24.tgm,Tiny_3,53372706,1307
d8b658ac959c9417,part2_sarntown_01_01_c32r24.tgm.header,Tiny_3,53374013,264
48a9cf6fcc98b84b,part2_sarntown_01_01_c32r23.tgm,Tiny_3,53371081,1361
63b70d9ed865c16e,part2_sarntown_01_01_c32r23.tgm.header,Tiny_3,53372442,264
175088797ddd3964,part2_sarntown_01_01_c32r22.tgm,Tiny_3,53369078,1739
ecff427206e8aa7a,part2_sarntown_01_01_c32r22.tgm.header,Tiny_3,53370817,264
87284a4ab861bdce,part2_sarntown_01_01_c32r21.tgm,Tiny_3,53366859,1955
efd0b720c35df5e7,part2_sarntown_01_01_c32r21.tgm.header,Tiny_3,53368814,264
a1db25486b3badec,part2_sarntown_01_01_c32r20.tgm,Tiny_3,53364370,2225
c7c9204cef5dbad9,part2_sarntown_01_01_c32r20.tgm.header,Tiny_3,53366595,264
a8b619acdbd2f6a5,part2_sarntown_01_01_c32r2.tgm,Tiny_3,53361287,2819
8c7aff880e688118,part2_sarntown_01_01_c32r2.tgm.header,Tiny_3,53364106,264
d592047cf15b5036,part2_sarntown_01_01_c32r19.tgm,Tiny_3,53358582,2441
a37ae00a950d06cc,part2_sarntown_01_01_c32r19.tgm.header,Tiny_3,53361023,264
fa330e326baefead,part2_sarntown_01_01_c32r18.tgm,Tiny_3,53355607,2711
e4114d294c038380,part2_sarntown_01_01_c32r18.tgm.header,Tiny_3,53358318,264
c18ca8fe3979d8d9,part2_sarntown_01_01_c32r17.tgm,Tiny_3,53352416,2927
be43276621480dbe,part2_sarntown_01_01_c32r17.tgm.header,Tiny_3,53355343,264
e776ab348f51ea06,part2_sarntown_01_01_c32r16.tgm,Tiny_3,53349171,2981
26201cce64f8aa0c,part2_sarntown_01_01_c32r16.tgm.header,Tiny_3,53352152,264
e7e640becdca12b3,part2_sarntown_01_01_c32r15.tgm,Tiny_3,53345602,3305
9197ab733fe88900,part2_sarntown_01_01_c32r15.tgm.header,Tiny_3,53348907,264
ca43f3a744c42f0f,part2_sarntown_01_01_c32r14.tgm,Tiny_3,53342441,2897
a864f411b9f2f623,part2_sarntown_01_01_c32r14.tgm.header,Tiny_3,53345338,264
d263daa8f58a07f5,part2_sarntown_01_01_c32r13.tgm,Tiny_3,53339790,2387
6e523bc95d9f4bd9,part2_sarntown_01_01_c32r13.tgm.header,Tiny_3,53342177,264
7ae7c1b188dd7cfd,part2_sarntown_01_01_c32r12.tgm,Tiny_3,53336923,2603
1e0b26f3e48759fa,part2_sarntown_01_01_c32r12.tgm.header,Tiny_3,53339526,264
ed8e31deed842524,part2_sarntown_01_01_c32r11.tgm,Tiny_3,53334056,2603
82a6281a3ccfc2c2,part2_sarntown_01_01_c32r11.tgm.header,Tiny_3,53336659,264
d09707685e9f0fd7,part2_sarntown_01_01_c32r10.tgm,Tiny_3,53331189,2603
2c6214118c6e65ea,part2_sarntown_01_01_c32r10.tgm.header,Tiny_3,53333792,264
351763b3536dadb3,part2_sarntown_01_01_c32r1.tgm,Tiny_3,53329294,1631
61f61d7f7f34bf40,part2_sarntown_01_01_c32r1.tgm.header,Tiny_3,53330925,264
50a1c61de8d36ef1,part2_sarntown_01_01_c31r9.tgm,Art/Models/Terrain/Act3Town/tgms_8,1609108,4547
18d8287b8254f45e,part2_sarntown_01_01_c31r9.tgm.header,Tiny_3,53329030,264
9dd8053613c983ff,part2_sarntown_01_01_c31r8.tgm,Art/Models/Terrain/Act3Town/tgms_8,1603897,5211
f6239185d9f2e004,part2_sarntown_01_01_c31r8.tgm.header,Tiny_3,53328766,264
b862da70a27d330e,part2_sarntown_01_01_c31r7.tgm,Art/Models/Terrain/Act3Town/tgms_8,1597540,6357
d45ee21870ecb25b,part2_sarntown_01_01_c31r7.tgm.header,Tiny_3,53328502,264
8f7af5304168fc9c,part2_sarntown_01_01_c31r6.tgm,Art/Models/Terrain/Act3Town/tgms_8,1591315,6225
0dfc3a2520b916b9,part2_sarntown_01_01_c31r6.tgm.header,Tiny_3,53328238,264
118fec0f592060fa,part2_sarntown_01_01_c31r5.tgm,Art/Models/Terrain/Act3Town/tgms_8,1585742,5573
2e738071cf93622f,part2_sarntown_01_01_c31r5.tgm.header,Tiny_3,53327974,264
906e7c07d04d3bf2,part2_sarntown_01_01_c31r4.tgm,Art/Models/Terrain/Act3Town/tgms_8,1580331,5411
2e186ad48b4a5e0c,part2_sarntown_01_01_c31r4.tgm.header,Tiny_3,53327710,264
1ee05852d4eefaaa,part2_sarntown_01_01_c31r3.tgm,Art/Models/Terrain/Act3Town/tgms_8,1574758,5573
568897481c93719a,part2_sarntown_01_01_c31r3.tgm.header,Tiny_3,53327446,264
5cb378b5bd7affb7,part2_sarntown_01_01_c31r26.tgm,Tiny_3,53326223,959
e8beca4cfb394a3c,part2_sarntown_01_01_c31r26.tgm.header,Tiny_3,53327182,264
ab507f76fcf50449,part2_sarntown_01_01_c31r25.tgm,Tiny_3,53324706,1253
abd13a2c3c7afbe0,part2_sarntown_01_01_c31r25.tgm.header,Tiny_3,53325959,264
9ffbdef351c333d9,part2_sarntown_01_01_c31r24.tgm,Tiny_3,53322757,1685
324bea274135b94b,part2_sarntown_01_01_c31r24.tgm.header,Tiny_3,53324442,264
4a7f47d3f9d6ae75,part2_sarntown_01_01_c31r23.tgm,Tiny_3,53320592,1901
3fa98663b239b2a3,part2_sarntown_01_01_c31r23.tgm.header,Tiny_3,53322493,264
0493630647407b7f,part2_sarntown_01_01_c31r22.tgm,Tiny_3,53318211,2117
4eea19f751b224fc,part2_sarntown_01_01_c31r22.tgm.header,Tiny_3,53320328,264
f1dfe1c946d4151a,part2_sarntown_01_01_c31r21.tgm,Tiny_3,53315668,2279
aa21e3d05a27c656,part2_sarntown_01_01_c31r21.tgm.header,Tiny_3,53317947,264
be52c1a6c4342bec,part2_sarntown_01_01_c31r20.tgm,Tiny_3,53312801,2603
4329fb7e91f977e0,part2_sarntown_01_01_c31r20.tgm.header,Tiny_3,53315404,264
3d8984609a65a314,part2_sarntown_01_01_c31r2.tgm,Art/Models/Terrain/Act3Town/tgms_8,1569239,5519
c2abfaea8f2cb74d,part2_sarntown_01_01_c31r2.tgm.header,Tiny_3,53312537,264
8809e16b652cbf92,part2_sarntown_01_01_c31r19.tgm,Tiny_3,53309508,2765
a0c523d0c0360c8a,part2_sarntown_01_01_c31r19.tgm.header,Tiny_3,53312273,264
6963634ae8ea82b5,part2_sarntown_01_01_c31r18.tgm,Tiny_3,53306101,3143
6481ad03a0b022fc,part2_sarntown_01_01_c31r18.tgm.header,Tiny_3,53309244,264
2f410a3f3be88e37,part2_sarntown_01_01_c31r17.tgm,Tiny_3,53302478,3359
cc3bc65b8211e328,part2_sarntown_01_01_c31r17.tgm.header,Tiny_3,53305837,264
10bac5ae2a61cc46,part2_sarntown_01_01_c31r16.tgm,Tiny_3,53298909,3305
9cc7e97dd659977a,part2_sarntown_01_01_c31r16.tgm.header,Tiny_3,53302214,264
f90e316901d4a789,part2_sarntown_01_01_c31r15.tgm,Tiny_3,53295016,3629
c1de1ef48ddf2362,part2_sarntown_01_01_c31r15.tgm.header,Tiny_3,53298645,264
ff69b3d19e7d9ed3,part2_sarntown_01_01_c31r14.tgm,Tiny_3,53290799,3953
8b751669e03e78a6,part2_sarntown_01_01_c31r14.tgm.header,Tiny_3,53294752,264
844e437a812351a5,part2_sarntown_01_01_c31r13.tgm,Art/Models/Terrain/Act3Town/tgms_8,1565070,4169
aa7451d8dda2a3db,part2_sarntown_01_01_c31r13.tgm.header,Tiny_3,53290535,264
f9be921a7123e13f,part2_sarntown_01_01_c31r12.tgm,Art/Models/Terrain/Act3Town/tgms_8,1560739,4331
ae11d94c7ba633d9,part2_sarntown_01_01_c31r12.tgm.header,Tiny_3,53290271,264
9c03adfd8af8aa4e,part2_sarntown_01_01_c31r11.tgm,Art/Models/Terrain/Act3Town/tgms_8,1556300,4439
370a6266916dd548,part2_sarntown_01_01_c31r11.tgm.header,Tiny_3,53290007,264
9ab04fc256e705ef,part2_sarntown_01_01_c31r10.tgm,Art/Models/Terrain/Act3Town/tgms_8,1551915,4385
55a00a67b5945e11,part2_sarntown_01_01_c31r10.tgm.header,Tiny_3,53289743,264
b9ad2d23f70b259e,part2_sarntown_01_01_c31r1.tgm,Tiny_3,53286606,2873
d42a7e204d7b815e,part2_sarntown_01_01_c31r1.tgm.header,Tiny_3,53289479,264
eea483c53853876f,part2_sarntown_01_01_c30r9.tgm,Art/Models/Terrain/Act3Town/tgms_8,1546990,4925
cc6f43237f7dbbe6,part2_sarntown_01_01_c30r9.tgm.header,Tiny_3,53286342,264
c38c086368987c91,part2_sarntown_01_01_c30r8.tgm,Art/Models/Terrain/Act3Town/tgms_8,1541221,5769
bb8fe912b3df3493,part2_sarntown_01_01_c30r8.tgm.header,Tiny_3,53286078,264
155191da607b2bbb,part2_sarntown_01_01_c30r7.tgm,Art/Models/Terrain/Act3Town/tgms_8,1534336,6885
a2e755fe065fe84b,part2_sarntown_01_01_c30r7.tgm.header,Tiny_3,53285814,264
cd0a8965865cbeb6,part2_sarntown_01_01_c30r6.tgm,Art/Models/Terrain/Act3Town/tgms_8,1527529,6807
9d8adfb908f1befc,part2_sarntown_01_01_c30r6.tgm.header,Tiny_3,53285550,264
91ab0c86e544b091,part2_sarntown_01_01_c30r5.tgm,Art/Models/Terrain/Act3Town/tgms_8,1521416,6113
ad20fd533079d584,part2_sarntown_01_01_c30r5.tgm.header,Tiny_3,53285286,264
143ec7772c9842d7,part2_sarntown_01_01_c30r4.tgm,Art/Models/Terrain/Act3Town/tgms_8,1514979,6437
f1997ae229d52b25,part2_sarntown_01_01_c30r4.tgm.header,Tiny_3,53285022,264
dd8240ddad20e2ca,part2_sarntown_01_01_c30r3.tgm,Art/Models/Terrain/Act3Town/tgms_8,1508596,6383
065d2e7ac316f0ec,part2_sarntown_01_01_c30r3.tgm.header,Tiny_3,53284758,264
0d1612adf2627826,part2_sarntown_01_01_c30r26.tgm,Tiny_3,53284045,713
a6629be886dd910f,part2_sarntown_01_01_c30r26.tgm.header,Tiny_3,51515520,264
8341dbd80d97e505,part2_sarntown_01_01_c30r25.tgm,Tiny_3,53282906,875
9fa8ecc94b4a5d6b,part2_sarntown_01_01_c30r25.tgm.header,Tiny_3,53283781,264
e94fee74d4337149,part2_sarntown_01_01_c30r24.tgm,Tiny_3,53281551,1091
fafb71e903add788,part2_sarntown_01_01_c30r24.tgm.header,Tiny_3,53282642,264
b59a2c3b1254556d,part2_sarntown_01_01_c30r23.tgm,Tiny_3,53279926,1361
9574628f1c77953e,part2_sarntown_01_01_c30r23.tgm.header,Tiny_3,53281287,264
9bc7078f9d2bc5f6,part2_sarntown_01_01_c30r22.tgm,Tiny_3,53277869,1793
1f292a7ca207501d,part2_sarntown_01_01_c30r22.tgm.header,Tiny_3,53279662,264
1bd5b59d6d3356b8,part2_sarntown_01_01_c30r21.tgm,Tiny_3,53275650,1955
0f5606a4cd29d51d,part2_sarntown_01_01_c30r21.tgm.header,Tiny_3,53277605,264
ab01502fb5bfa91a,part2_sarntown_01_01_c30r20.tgm,Tiny_3,53273215,2171
2d82706fa91f27fa,part2_sarntown_01_01_c30r20.tgm.header,Tiny_3,53275386,264
6e0646a612dfa5b0,part2_sarntown_01_01_c30r2.tgm,Art/Models/Terrain/Act3Town/tgms_8,1502051,6545
1c170f03f5eeb7c2,part2_sarntown_01_01_c30r2.tgm.header,Tiny_3,53272951,264
0139d71d26d5b8af,part2_sarntown_01_01_c30r19.tgm,Tiny_3,53270192,2495
4d72e5a8c923d3d5,part2_sarntown_01_01_c30r19.tgm.header,Tiny_3,53272687,264
87534caec3274f55,part2_sarntown_01_01_c30r18.tgm,Tiny_3,53267109,2819
94192fba4d12d23b,part2_sarntown_01_01_c30r18.tgm.header,Tiny_3,53269928,264
8264dfeabbdc2966,part2_sarntown_01_01_c30r17.tgm,Tiny_3,53263918,2927
5421c5f326667f05,part2_sarntown_01_01_c30r17.tgm.header,Tiny_3,53266845,264
4a82b05a03b5bcc0,part2_sarntown_01_01_c30r16.tgm,Tiny_3,53260565,3089
da37e1546eff0809,part2_sarntown_01_01_c30r16.tgm.header,Tiny_3,53263654,264
d28b88b8db08e33b,part2_sarntown_01_01_c30r15.tgm,Tiny_3,53256888,3413
a9ca1b2b7e7ddf20,part2_sarntown_01_01_c30r15.tgm.header,Tiny_3,53260301,264
335bba1e70cc8b9d,part2_sarntown_01_01_c30r14.tgm,Tiny_3,53252941,3683
9aeb0632921362a4,part2_sarntown_01_01_c30r14.tgm.header,Tiny_3,53256624,264
b374d619970889c6,part2_sarntown_01_01_c30r13.tgm,Tiny_3,53248886,3791
d52744fdcd9306b4,part2_sarntown_01_01_c30r13.tgm.header,Tiny_3,53252677,264
c9dd4a8a098d4548,part2_sarntown_01_01_c30r12.tgm,Tiny_3,53244777,3845
d540d1caf95a04de,part2_sarntown_01_01_c30r12.tgm.header,Tiny_3,53248622,264
e4133c1bfba40545,part2_sarntown_01_01_c30r11.tgm,Art/Models/Terrain/Act3Town/tgms_8,1497882,4169
dfa5b68e0ef5ec60,part2_sarntown_01_01_c30r11.tgm.header,Tiny_3,53244513,264
20abd5e3958e9b7f,part2_sarntown_01_01_c30r10.tgm,Art/Models/Terrain/Act3Town/tgms_8,1493281,4601
c298f8ba75e1d212,part2_sarntown_01_01_c30r10.tgm.header,Tiny_3,53244249,264
5e11d75bf78a0a63,part2_sarntown_01_01_c30r1.tgm,Tiny_3,53240542,3443
7dde69b31826059e,part2_sarntown_01_01_c30r1.tgm.header,Tiny_3,53243985,264
bab48266ec9e1ac0,part2_sarntown_01_01_c2r9.tgm,Tiny_3,53237921,2621
c7339ef6aeda332b,part2_sarntown_01_01_c2r9.tgm.header,Tiny_3,51476613,264
318e2ff31e170dd2,part2_sarntown_01_01_c2r8.tgm,Tiny_3,53235174,2747
674e7de452222682,part2_sarntown_01_01_c2r8.tgm.header,Tiny_3,51473728,264
34c8c219a4193a54,part2_sarntown_01_01_c2r7.tgm,Tiny_3,53232733,2441
45bf2a791d2ed284,part2_sarntown_01_01_c2r7.tgm.header,Tiny_3,51470717,264
0d64d1d08ba58023,part2_sarntown_01_01_c2r6.tgm,Tiny_3,53231390,1343
7a69f16641455406,part2_sarntown_01_01_c2r6.tgm.header,Tiny_3,51468012,264
b779144dd72d4cfd,part2_sarntown_01_01_c2r5.tgm,Tiny_3,53230263,1127
36df9a9c8ecaf5d6,part2_sarntown_01_01_c2r5.tgm.header,Tiny_3,51466405,264
3c12b67045ea59a9,part2_sarntown_01_01_c2r4.tgm,Tiny_3,53229136,1127
1a750b6982ee7b1a,part2_sarntown_01_01_c2r4.tgm.header,Tiny_3,51465014,264
b21b58f8b3cd9f2a,part2_sarntown_01_01_c2r3.tgm,Tiny_3,53227529,1343
67d44dc01a34ea5a,part2_sarntown_01_01_c2r3.tgm.header,Tiny_3,53228872,264
580fe87a9fda9338,part2_sarntown_01_01_c2r26.tgm,Tiny_3,53226978,551
ced95530e404ddf7,part2_sarntown_01_01_c2r26.tgm.header,Tiny_3,51462124,264
7b189f0198c05508,part2_sarntown_01_01_c2r25.tgm,Tiny_3,53226265,713
363a48ae7af7ef65,part2_sarntown_01_01_c2r25.tgm.header,Tiny_3,51461309,264
48ad282e72d34876,part2_sarntown_01_01_c2r24.tgm,Tiny_3,53225282,983
8c2656b5ab45f83f,part2_sarntown_01_01_c2r24.tgm.header,Tiny_3,51460332,264
2f2d743eb1c12609,part2_sarntown_01_01_c2r23.tgm,Tiny_3,53223993,1289
1b7ad2a277c78ef7,part2_sarntown_01_01_c2r23.tgm.header,Tiny_3,51459085,264
ce34ea6126574a2f,part2_sarntown_01_01_c2r22.tgm,Tiny_3,53222038,1955
710f2502c60dc224,part2_sarntown_01_01_c2r22.tgm.header,Tiny_3,51457532,264
585b0813c691959e,part2_sarntown_01_01_c2r21.tgm,Tiny_3,53219327,2711
9011b2de39d7adfc,part2_sarntown_01_01_c2r21.tgm.header,Tiny_3,51455313,264
6bed3d2295ae1915,part2_sarntown_01_01_c2r20.tgm,Tiny_3,53216346,2981
5c459b6d81e87255,part2_sarntown_01_01_c2r20.tgm.header,Tiny_3,51452338,264
149ce85e2eedac78,part2_sarntown_01_01_c2r2.tgm,Tiny_3,53214901,1181
3aa061a192942632,part2_sarntown_01_01_c2r2.tgm.header,Tiny_3,53216082,264
54c4c1ea2d7d9490,part2_sarntown_01_01_c2r19.tgm,Tiny_3,53211884,3017
453bfb6f746c0dce,part2_sarntown_01_01_c2r19.tgm.header,Tiny_3,51447756,264
55da6f6ce936d938,part2_sarntown_01_01_c2r18.tgm,Tiny_3,53209011,2873
b1c6504c240f7bd1,part2_sarntown_01_01_c2r18.tgm.header,Tiny_3,51444475,264
a90dd2d86327dc14,part2_sarntown_01_01_c2r17.tgm,Tiny_3,53206732,2279
067e5277dc8e0d37,part2_sarntown_01_01_c2r17.tgm.header,Tiny_3,51441338,264
a8ad9c20130b5f59,part2_sarntown_01_01_c2r16.tgm,Tiny_3,53204957,1775
00c7dd44bb901150,part2_sarntown_01_01_c2r16.tgm.header,Tiny_3,51438795,264
ac3ed417bc606b54,part2_sarntown_01_01_c2r15.tgm,Tiny_3,53203380,1577
bd545ad1f2e4b7f3,part2_sarntown_01_01_c2r15.tgm.header,Tiny_3,51436756,264
53964202748448f7,part2_sarntown_01_01_c2r14.tgm,Tiny_3,53201479,1901
f533f3f9b6f59b49,part2_sarntown_01_01_c2r14.tgm.header,Tiny_3,51434915,264
ec02cb6f6285312b,part2_sarntown_01_01_c2r13.tgm,Tiny_3,53199434,2045
9fd067ea56a288a6,part2_sarntown_01_01_c2r13.tgm.header,Tiny_3,51432750,264
f12a4bf2c53049f1,part2_sarntown_01_01_c2r12.tgm,Tiny_3,53197245,2189
d03a7c1487ab5675,part2_sarntown_01_01_c2r12.tgm.header,Tiny_3,51430441,264
ac422d99118ce6d3,part2_sarntown_01_01_c2r11.tgm,Tiny_3,53194822,2423
2fbf2e681535adce,part2_sarntown_01_01_c2r11.tgm.header,Tiny_3,51427988,264
46249b410b63e163,part2_sarntown_01_01_c2r10.tgm,Tiny_3,53192273,2549
2841f5799f8aab6f,part2_sarntown_01_01_c2r10.tgm.header,Tiny_3,51425301,264
d719daacf9c55455,part2_sarntown_01_01_c2r1.tgm,Tiny_3,53190414,1595
6835dbdab46cc204,part2_sarntown_01_01_c2r1.tgm.header,Tiny_3,53192009,264
a59c741a933083a3,part2_sarntown_01_01_c29r9.tgm,Tiny_3,53187061,3089
a2fbb52cc5697b57,part2_sarntown_01_01_c29r9.tgm.header,Tiny_3,53190150,264
a6f7f01a7ebcca7b,part2_sarntown_01_01_c29r8.tgm,Tiny_3,53183446,3351
e29050b11f09e298,part2_sarntown_01_01_c29r8.tgm.header,Tiny_3,53186797,264
c17190bd49068476,part2_sarntown_01_01_c29r7.tgm,Tiny_3,53180077,3105
afe4201eb9b2d137,part2_sarntown_01_01_c29r7.tgm.header,Tiny_3,53183182,264
d334fd89cf710f37,part2_sarntown_01_01_c29r6.tgm,Tiny_3,53176912,2901
e373c904c828735a,part2_sarntown_01_01_c29r6.tgm.header,Tiny_3,53179813,264
96f7bd3d11f943c4,part2_sarntown_01_01_c29r5.tgm,Tiny_3,53174585,2063
6b634d079aa51994,part2_sarntown_01_01_c29r5.tgm.header,Tiny_3,53176648,264
684858fc2f879629,part2_sarntown_01_01_c29r4.tgm,Tiny_3,53171880,2441
62b32a9c60d1ae5f,part2_sarntown_01_01_c29r4.tgm.header,Tiny_3,53174321,264
c09a94ef25a9d107,part2_sarntown_01_01_c29r3.tgm,Tiny_3,53169067,2549
926cb7e6e7dae36f,part2_sarntown_01_01_c29r3.tgm.header,Tiny_3,53171616,264
e6762cde4d0790f2,part2_sarntown_01_01_c29r26.tgm,Tiny_3,53168408,659
e190211854641194,part2_sarntown_01_01_c29r26.tgm.header,Tiny_3,51398844,264
36279b50aaa0e62f,part2_sarntown_01_01_c29r25.tgm,Tiny_3,53167377,767
e3f7f0c5c68a6dd9,part2_sarntown_01_01_c29r25.tgm.header,Tiny_3,53168144,264
be7a27221aad66a4,part2_sarntown_01_01_c29r24.tgm,Tiny_3,53166022,1091
3203c3c83a5ac287,part2_sarntown_01_01_c29r24.tgm.header,Tiny_3,53167113,264
1f8a0284cbf906de,part2_sarntown_01_01_c29r23.tgm,Tiny_3,53164877,1145
1c745f49f1ba5c11,part2_sarntown_01_01_c29r23.tgm.header,Tiny_3,51591037,264
ad9290f901947a4a,part2_sarntown_01_01_c29r22.tgm,Tiny_3,53163360,1253
1697614ede03f944,part2_sarntown_01_01_c29r22.tgm.header,Tiny_3,53164613,264
0aa36cedf9883769,part2_sarntown_01_01_c29r21.tgm,Tiny_3,53161627,1469
cdf43eb0f64b30d7,part2_sarntown_01_01_c29r21.tgm.header,Tiny_3,53163096,264
5a4e7fd757c66aa0,part2_sarntown_01_01_c29r20.tgm,Tiny_3,53159786,1577
8f987f54ae234f31,part2_sarntown_01_01_c29r20.tgm.header,Tiny_3,53161363,264
7f7914c94870cb8d,part2_sarntown_01_01_c29r2.tgm,Tiny_3,53157027,2495
fcf9743963ea803c,part2_sarntown_01_01_c29r2.tgm.header,Tiny_3,53159522,264
ef40eb410882ed75,part2_sarntown_01_01_c29r19.tgm,Tiny_3,53154970,1793
45aa1f2baf8a4dbe,part2_sarntown_01_01_c29r19.tgm.header,Tiny_3,53156763,264
5bb520c2e3490916,part2_sarntown_01_01_c29r18.tgm,Tiny_3,53152913,1793
69c4c26aed4da623,part2_sarntown_01_01_c29r18.tgm.header,Tiny_3,53154706,264
5daa6cc37649e436,part2_sarntown_01_01_c29r17.tgm,Tiny_3,53150478,2171
6bc0f2c7e2700640,part2_sarntown_01_01_c29r17.tgm.header,Tiny_3,53152649,264
2792b281859d384e,part2_sarntown_01_01_c29r16.tgm,Tiny_3,53147665,2549
4d1241c8b5b0b445,part2_sarntown_01_01_c29r16.tgm.header,Tiny_3,53150214,264
02e4843b5ee29aee,part2_sarntown_01_01_c29r15.tgm,Tiny_3,53144528,2873
7f652b0bab1cff4a,part2_sarntown_01_01_c29r15.tgm.header,Tiny_3,53147401,264
b0a76db3b6a77368,part2_sarntown_01_01_c29r14.tgm,Tiny_3,53141067,3197
bd641097bf7797e7,part2_sarntown_01_01_c29r14.tgm.header,Tiny_3,53144264,264
65cf9800c0bed308,part2_sarntown_01_01_c29r13.tgm,Tiny_3,53138200,2603
763a780f23d63adc,part2_sarntown_01_01_c29r13.tgm.header,Tiny_3,53140803,264
d8bc54ba5b476675,part2_sarntown_01_01_c29r12.tgm,Tiny_3,53135819,2117
b4a3b1ec8e0467fe,part2_sarntown_01_01_c29r12.tgm.header,Tiny_3,53137936,264
5d510f1eba2e9a6a,part2_sarntown_01_01_c29r11.tgm,Tiny_3,53133114,2441
cb5c83c984cdf7bb,part2_sarntown_01_01_c29r11.tgm.header,Tiny_3,53135555,264
6d97352772cfcc59,part2_sarntown_01_01_c29r10.tgm,Tiny_3,53130085,2765
efbeef27350ca98b,part2_sarntown_01_01_c29r10.tgm.header,Tiny_3,53132850,264
f9c864f3c878601d,part2_sarntown_01_01_c29r1.tgm,Tiny_3,53128460,1361
99f3f1805a21ed4b,part2_sarntown_01_01_c29r1.tgm.header,Tiny_3,53129821,264
145105a4ed429eff,part2_sarntown_01_01_c28r9.tgm,Art/Models/Terrain/Act3Town/tgms_8,1488032,5249
49e6682e359a9c2d,part2_sarntown_01_01_c28r9.tgm.header,Tiny_3,53128196,264
1566b327a8fbc11d,part2_sarntown_01_01_c28r8.tgm,Art/Models/Terrain/Act3Town/tgms_8,1482365,5667
d376fa96aaa91903,part2_sarntown_01_01_c28r8.tgm.header,Tiny_3,53127932,264
2abacae1b250c0d2,part2_sarntown_01_01_c28r7.tgm,Art/Models/Terrain/Act3Town/tgms_8,1476284,6081
4900ec13c3cae264,part2_sarntown_01_01_c28r7.tgm.header,Tiny_3,53127668,264
e164717375902ecd,part2_sarntown_01_01_c28r6.tgm,Art/Models/Terrain/Act3Town/tgms_8,1470041,6243
00ca50bbf0f27923,part2_sarntown_01_01_c28r6.tgm.header,Tiny_3,53127404,264
935367525e2007de,part2_sarntown_01_01_c28r5.tgm,Art/Models/Terrain/Act3Town/tgms_8,1464630,5411
21710bcca9e3ed77,part2_sarntown_01_01_c28r5.tgm.header,Tiny_3,53127140,264
97fa16f645a9e727,part2_sarntown_01_01_c28r4.tgm,Art/Models/Terrain/Act3Town/tgms_8,1458841,5789
1f44c365ce03cbf4,part2_sarntown_01_01_c28r4.tgm.header,Tiny_3,51356605,264
52edafcb73593b1d,part2_sarntown_01_01_c28r3.tgm,Art/Models/Terrain/Act3Town/tgms_8,1452458,6383
9b7d4d34ee5f0d45,part2_sarntown_01_01_c28r3.tgm.header,Tiny_3,53126876,264
29fb349f94f771ec,part2_sarntown_01_01_c28r26.tgm,Tiny_3,53125947,929
74bdaf56cbcea64e,part2_sarntown_01_01_c28r26.tgm.header,Tiny_3,51356077,264
d8a9510f380cffce,part2_sarntown_01_01_c28r25.tgm,Tiny_3,53124376,1307
5c39e410c3d842ee,part2_sarntown_01_01_c28r25.tgm.header,Tiny_3,53125683,264
6442b17ddb64386b,part2_sarntown_01_01_c28r24.tgm,Tiny_3,53122535,1577
5ba71c4d77990054,part2_sarntown_01_01_c28r24.tgm.header,Tiny_3,53124112,264
6eeb54a292aefcae,part2_sarntown_01_01_c28r23.tgm,Tiny_3,53120424,1847
5a7694b4e16dbc39,part2_sarntown_01_01_c28r23.tgm.header,Tiny_3,53122271,264
98c9f470c08c9865,part2_sarntown_01_01_c28r22.tgm,Tiny_3,53117881,2279
f0e743bad353e969,part2_sarntown_01_01_c28r22.tgm.header,Tiny_3,53120160,264
70d23b358a396d3a,part2_sarntown_01_01_c28r21.tgm,Art/Models/Terrain/Act3Town/tgms_8,1161813,290645
8c31e496f7944aa7,part2_sarntown_01_01_c28r21.tgm.header,Folders/art/models/terrain/templedungeon/tgms,585700,4838
70494c5c5d172306,part2_sarntown_01_01_c28r20.tgm,Tiny_3,53114528,3089
5c987517ad0efb7b,part2_sarntown_01_01_c28r20.tgm.header,Tiny_3,53117617,264
b7438caf4da74423,part2_sarntown_01_01_c28r2.tgm,Art/Models/Terrain/Act3Town/tgms_8,1155214,6599
90b87bb2f7a58265,part2_sarntown_01_01_c28r2.tgm.header,Tiny_3,51343141,264
dbe1af248c1a0845,part2_sarntown_01_01_c28r19.tgm,Tiny_3,53110905,3359
4851aea11cda1f5d,part2_sarntown_01_01_c28r19.tgm.header,Tiny_3,53114264,264
72cf65f01cc62be9,part2_sarntown_01_01_c28r18.tgm,Tiny_3,53106958,3683
dafc6f390e282f14,part2_sarntown_01_01_c28r18.tgm.header,Tiny_3,53110641,264
604eb437e1a95584,part2_sarntown_01_01_c28r17.tgm,Tiny_3,53103119,3575
76f7470d4ec36e61,part2_sarntown_01_01_c28r17.tgm.header,Tiny_3,53106694,264
ab66eeac7864462c,part2_sarntown_01_01_c28r16.tgm,Tiny_3,53099922,3197
e7f11a7ba05b38b7,part2_sarntown_01_01_c28r16.tgm.header,Tiny_3,51540120,264
3aa472e39a50b0f8,part2_sarntown_01_01_c28r15.tgm,Tiny_3,53096617,3305
494b8f6d67d33021,part2_sarntown_01_01_c28r15.tgm.header,Tiny_3,51536659,264
0014fe450b2c4a30,part2_sarntown_01_01_c28r14.tgm,Tiny_3,53092724,3629
8657f23d4881ad03,part2_sarntown_01_01_c28r14.tgm.header,Tiny_3,53096353,264
64d30b8bae07681e,part2_sarntown_01_01_c28r13.tgm,Tiny_3,53088507,3953
a8e15c6b2784dc02,part2_sarntown_01_01_c28r13.tgm.header,Tiny_3,53092460,264
99f492ff1f516c3f,part2_sarntown_01_01_c28r12.tgm,Art/Models/Terrain/Act3Town/tgms_8,1150937,4277
7ace8edf14f269b3,part2_sarntown_01_01_c28r12.tgm.header,Tiny_3,53088243,264
01bc7596b83c9e2d,part2_sarntown_01_01_c28r11.tgm,Art/Models/Terrain/Act3Town/tgms_8,1146336,4601
3c7ccc94588a6cb1,part2_sarntown_01_01_c28r11.tgm.header,Tiny_3,53087979,264
b5967ac9e0dcfc0c,part2_sarntown_01_01_c28r10.tgm,Art/Models/Terrain/Act3Town/tgms_8,1141411,4925
06c43853c31db02b,part2_sarntown_01_01_c28r10.tgm.header,Tiny_3,53087715,264
86610fa1409bd12d,part2_sarntown_01_01_c28r1.tgm,Tiny_3,53084008,3443
0068dc16975ed52f,part2_sarntown_01_01_c28r1.tgm.header,Tiny_3,53087451,264
a729660849f491ff,part2_sarntown_01_01_c27r9.tgm,Tiny_3,53081033,2711
fbc073797478f8a2,part2_sarntown_01_01_c27r9.tgm.header,Tiny_3,53083744,264
542a10dac60a83fe,part2_sarntown_01_01_c27r8.tgm,Tiny_3,53077724,3045
82e708e25f26d7b0,part2_sarntown_01_01_c27r8.tgm.header,Tiny_3,53080769,264
54a236749bb85e17,part2_sarntown_01_01_c27r7.tgm,Tiny_3,53073893,3567
b66430eb4887921c,part2_sarntown_01_01_c27r7.tgm.header,Tiny_3,53077460,264
6a777641c916f3ce,part2_sarntown_01_01_c27r6.tgm,Tiny_3,53069894,3735
838f214a5dd4a13d,part2_sarntown_01_01_c27r6.tgm.header,Tiny_3,53073629,264
d0ecb60000689a8b,part2_sarntown_01_01_c27r5.tgm,Tiny_3,53067081,2549
159f0b4354ceed2e,part2_sarntown_01_01_c27r5.tgm.header,Tiny_3,53069630,264
28adceae7bdd0094,part2_sarntown_01_01_c27r4.tgm,Tiny_3,53064970,1847
9a753adec4737360,part2_sarntown_01_01_c27r4.tgm.header,Tiny_3,53066817,264
5e49c652b4cf267f,part2_sarntown_01_01_c27r3.tgm,Tiny_3,53063615,1091
7861e3eb1015a5f8,part2_sarntown_01_01_c27r3.tgm.header,Tiny_3,53064706,264
89798b25ed40e29a,part2_sarntown_01_01_c27r26.tgm,Tiny_3,53062710,905
5b2c6ce4bac68d8e,part2_sarntown_01_01_c27r26.tgm.header,Tiny_3,51294195,264
2a0ca57c5613eb76,part2_sarntown_01_01_c27r25.tgm,Tiny_3,53061241,1469
d841835959bfdef6,part2_sarntown_01_01_c27r25.tgm.header,Tiny_3,51293026,264
e1a59bf985b9a782,part2_sarntown_01_01_c27r24.tgm,Tiny_3,53059448,1793
d3c0547b2c612a16,part2_sarntown_01_01_c27r24.tgm.header,Tiny_3,51291293,264
dd6e916eae663eb1,part2_sarntown_01_01_c27r23.tgm,Tiny_3,53057229,1955
93320b73d70b4860,part2_sarntown_01_01_c27r23.tgm.header,Tiny_3,53059184,264
5f5dbecbcb5e97d2,part2_sarntown_01_01_c27r22.tgm,Tiny_3,53054686,2279
6df6c918d77ccf35,part2_sarntown_01_01_c27r22.tgm.header,Tiny_3,53056965,264
1b743a12d5e9532a,part2_sarntown_01_01_c27r21.tgm,Tiny_3,53052197,2225
dc756dff0dfe14db,part2_sarntown_01_01_c27r21.tgm.header,Tiny_3,53054422,264
4aafcd2aed857cc1,part2_sarntown_01_01_c27r20.tgm,Tiny_3,53049870,2063
f275b3fed9afefd1,part2_sarntown_01_01_c27r20.tgm.header,Tiny_3,53051933,264
f65562c28ef4d643,part2_sarntown_01_01_c27r2.tgm,Tiny_3,53048245,1361
14fb8bcfea84587f,part2_sarntown_01_01_c27r2.tgm.header,Tiny_3,53049606,264
9e8a192871738580,part2_sarntown_01_01_c27r19.tgm,Tiny_3,53046728,1253
58bde72aff7cea5c,part2_sarntown_01_01_c27r19.tgm.header,Tiny_3,53047981,264
40f390533c99e694,part2_sarntown_01_01_c27r18.tgm,Tiny_3,53045535,929
29850c5eb8527202,part2_sarntown_01_01_c27r18.tgm.header,Tiny_3,53046464,264
9850f562e5f3aaf0,part2_sarntown_01_01_c27r17.tgm,Tiny_3,53044288,983
263f99547422504d,part2_sarntown_01_01_c27r17.tgm.header,Tiny_3,53045271,264
a63999ddb206fc9a,part2_sarntown_01_01_c27r16.tgm,Tiny_3,53042825,1199
e529889028b449cf,part2_sarntown_01_01_c27r16.tgm.header,Tiny_3,53044024,264
63eda81dc5da5d01,part2_sarntown_01_01_c27r15.tgm,Tiny_3,53041146,1415
b45460b87d18892e,part2_sarntown_01_01_c27r15.tgm.header,Tiny_3,53042561,264
f626b71d6be0d32d,part2_sarntown_01_01_c27r14.tgm,Tiny_3,53039251,1631
17f1fa3e0c2b7110,part2_sarntown_01_01_c27r14.tgm.header,Tiny_3,53040882,264
46bfd4ea6b80f4f9,part2_sarntown_01_01_c27r13.tgm,Tiny_3,53037140,1847
36dd3da288fc4248,part2_sarntown_01_01_c27r13.tgm.header,Tiny_3,53038987,264
00b0db5f66a7bca8,part2_sarntown_01_01_c27r12.tgm,Tiny_3,53034813,2063
b7c29eb65c20e874,part2_sarntown_01_01_c27r12.tgm.header,Tiny_3,53036876,264
69e71cb38e99f773,part2_sarntown_01_01_c27r11.tgm,Tiny_3,53032270,2279
c8be614529b40e73,part2_sarntown_01_01_c27r11.tgm.header,Tiny_3,53034549,264
7b9cf5fb69be8f92,part2_sarntown_01_01_c27r10.tgm,Tiny_3,53029511,2495
2941b6dcf5191ce4,part2_sarntown_01_01_c27r10.tgm.header,Tiny_3,53032006,264
edf30bb50219367d,part2_sarntown_01_01_c27r1.tgm,Tiny_3,53028426,821
11fb977bbbe88816,part2_sarntown_01_01_c27r1.tgm.header,Tiny_3,53029247,264
87e9278f25722aa1,part2_sarntown_01_01_c26r9.tgm,Tiny_3,53025343,2819
fc99bc4306a107da,part2_sarntown_01_01_c26r9.tgm.header,Tiny_3,53028162,264
d7796b702cdf1e0f,part2_sarntown_01_01_c26r8.tgm,Tiny_3,53022112,2967
0d7293ba0c1683d9,part2_sarntown_01_01_c26r8.tgm.header,Tiny_3,53025079,264
2b4e647f9b5610f5,part2_sarntown_01_01_c26r7.tgm,Tiny_3,53018359,3489
ba76e469003eeb91,part2_sarntown_01_01_c26r7.tgm.header,Tiny_3,53021848,264
30ea0784993bb8cf,part2_sarntown_01_01_c26r6.tgm,Tiny_3,53015092,3003
ba3e3f7180eb9a69,part2_sarntown_01_01_c26r6.tgm.header,Tiny_3,53018095,264
c811a3e579fc34ad,part2_sarntown_01_01_c26r5.tgm,Tiny_3,53014169,659
e918dc94bc009327,part2_sarntown_01_01_c26r5.tgm.header,Tiny_3,53014828,264
12f1c2b539a71ace,part2_sarntown_01_01_c26r4.tgm,Tiny_3,53013030,875
847210ea7b9af85b,part2_sarntown_01_01_c26r4.tgm.header,Tiny_3,53013905,264
4a21a033ea4d38dc,part2_sarntown_01_01_c26r3.tgm,Tiny_3,53011891,875
4b251683fe703e7c,part2_sarntown_01_01_c26r3.tgm.header,Tiny_3,53012766,264
8a27f461c0acbd84,part2_sarntown_01_01_c26r26.tgm,Tiny_3,53011340,551
00101ac0447a3b72,part2_sarntown_01_01_c26r26.tgm.header,Tiny_3,51238973,264
a3aa681db5fc2700,part2_sarntown_01_01_c26r25.tgm,Tiny_3,53010465,875
0113116a6e23bc40,part2_sarntown_01_01_c26r25.tgm.header,Tiny_3,51238158,264
2a31e6f5612cbeb9,part2_sarntown_01_01_c26r24.tgm,Tiny_3,53009002,1199
8445bbafa5f3060c,part2_sarntown_01_01_c26r24.tgm.header,Tiny_3,53010201,264
18be12a3dcd54a13,part2_sarntown_01_01_c26r23.tgm,Tiny_3,53007377,1361
e25cc93f1f6a9f4b,part2_sarntown_01_01_c26r23.tgm.header,Tiny_3,53008738,264
d4d8ba4953604ed8,part2_sarntown_01_01_c26r22.tgm,Tiny_3,53005374,1739
9f91cadf881acac9,part2_sarntown_01_01_c26r22.tgm.header,Tiny_3,53007113,264
5a13287c69d6c33c,part2_sarntown_01_01_c26r21.tgm,Tiny_3,53003047,2063
dee000d2145a478d,part2_sarntown_01_01_c26r21.tgm.header,Tiny_3,53005110,264
a93a428aa208334d,part2_sarntown_01_01_c26r20.tgm,Tiny_3,53000342,2441
2733c0b4af584642,part2_sarntown_01_01_c26r20.tgm.header,Tiny_3,53002783,264
4c615cbc20cd90d0,part2_sarntown_01_01_c26r2.tgm,Tiny_3,52998771,1307
d37e6884525a1cd2,part2_sarntown_01_01_c26r2.tgm.header,Tiny_3,53000078,264
035fb942b1e4d564,part2_sarntown_01_01_c26r19.tgm,Tiny_3,52995796,2711
52a75b96384bcfef,part2_sarntown_01_01_c26r19.tgm.header,Tiny_3,52998507,264
d03662bd5ef8243f,part2_sarntown_01_01_c26r18.tgm,Tiny_3,52992605,2927
10705fe0abf30d59,part2_sarntown_01_01_c26r18.tgm.header,Tiny_3,52995532,264
02a51a20f58c6960,part2_sarntown_01_01_c26r17.tgm,Tiny_3,52989360,2981
75676d3b08aa6d35,part2_sarntown_01_01_c26r17.tgm.header,Tiny_3,52992341,264
0ddee9a4798fc092,part2_sarntown_01_01_c26r16.tgm,Tiny_3,52986223,2873
b86c725c3e391a43,part2_sarntown_01_01_c26r16.tgm.header,Tiny_3,52989096,264
bd74d129bc3b574e,part2_sarntown_01_01_c26r15.tgm,Tiny_3,52982762,3197
88130f5380d41224,part2_sarntown_01_01_c26r15.tgm.header,Tiny_3,52985959,264
11ef29ba59ce15bd,part2_sarntown_01_01_c26r14.tgm,Tiny_3,52978977,3521
294faf6f24fb6bb7,part2_sarntown_01_01_c26r14.tgm.header,Tiny_3,52982498,264
7095b1b5240579ef,part2_sarntown_01_01_c26r13.tgm,Tiny_3,52975300,3413
35b29483859019a9,part2_sarntown_01_01_c26r13.tgm.header,Tiny_3,52978713,264
36c0244fcd0d7019,part2_sarntown_01_01_c26r12.tgm,Tiny_3,52971893,3143
4851b7f31ea23a44,part2_sarntown_01_01_c26r12.tgm.header,Tiny_3,52975036,264
46308bb841391a31,part2_sarntown_01_01_c26r11.tgm,Tiny_3,52968702,2927
ef9e55f4092fbaea,part2_sarntown_01_01_c26r11.tgm.header,Tiny_3,52971629,264
78672d703c24e9e1,part2_sarntown_01_01_c26r10.tgm,Tiny_3,52965835,2603
25297739f93c4e6c,part2_sarntown_01_01_c26r10.tgm.header,Tiny_3,52968438,264
38fd46719ab4bd4b,part2_sarntown_01_01_c26r1.tgm,Tiny_3,52964798,1037
062540708e1a8026,part2_sarntown_01_01_c26r1.tgm.header,Tiny_3,51191741,264
6fa320fef1834168,part2_sarntown_01_01_c25r9.tgm,Tiny_3,52960473,4061
43709e1510691340,part2_sarntown_01_01_c25r9.tgm.header,Tiny_3,52964534,264
5d19c077afd9a168,part2_sarntown_01_01_c25r8.tgm,Art/Models/Terrain/Act3Town/tgms_8,1137058,4353
39b7ce7ad6724c50,part2_sarntown_01_01_c25r8.tgm.header,Tiny_3,52960209,264
607c2cb86da9b6e8,part2_sarntown_01_01_c25r7.tgm,Art/Models/Terrain/Act3Town/tgms_8,1132063,4995
a704822fe05335e1,part2_sarntown_01_01_c25r7.tgm.header,Tiny_3,52959945,264
7c7a996ac8044bc8,part2_sarntown_01_01_c25r6.tgm,Art/Models/Terrain/Act3Town/tgms_8,1127734,4329
2f40dccfa81eabe5,part2_sarntown_01_01_c25r6.tgm.header,Tiny_3,52959681,264
aa1753d94c0c9a30,part2_sarntown_01_01_c25r5.tgm,Tiny_3,52957138,2279
ef3cc6ca7e4590c1,part2_sarntown_01_01_c25r5.tgm.header,Tiny_3,52959417,264
0a9da82d09f06db7,part2_sarntown_01_01_c25r4.tgm,Tiny_3,52954271,2603
aa65191ff121bd03,part2_sarntown_01_01_c25r4.tgm.header,Tiny_3,52956874,264
c53b20200847676f,part2_sarntown_01_01_c25r3.tgm,Tiny_3,52951836,2171
55effecbf81da60e,part2_sarntown_01_01_c25r3.tgm.header,Tiny_3,52954007,264
3dac9281b83fad16,part2_sarntown_01_01_c25r26.tgm,Tiny_3,52951039,797
376c019c294e2a64,part2_sarntown_01_01_c25r26.tgm.header,Tiny_3,51180945,264
235547b771dd452e,part2_sarntown_01_01_c25r25.tgm,Tiny_3,52949894,1145
90da99d6a3f5b4ed,part2_sarntown_01_01_c25r25.tgm.header,Tiny_3,51179884,264
eb83320be3c53a19,part2_sarntown_01_01_c25r24.tgm,Tiny_3,52948269,1361
237bc82af7476e7e,part2_sarntown_01_01_c25r24.tgm.header,Tiny_3,52949630,264
9b6f38c010bc622a,part2_sarntown_01_01_c25r23.tgm,Tiny_3,52946638,1631
2391fd790e471761,part2_sarntown_01_01_c25r23.tgm.header,Tiny_3,51176742,264
e366657b00f64465,part2_sarntown_01_01_c25r22.tgm,Tiny_3,52944851,1523
2b4ba0df33959553,part2_sarntown_01_01_c25r22.tgm.header,Tiny_3,52946374,264
d0daaa5af6739cb0,part2_sarntown_01_01_c25r21.tgm,Tiny_3,52943226,1361
02bc616d215a5050,part2_sarntown_01_01_c25r21.tgm.header,Tiny_3,52944587,264
b12beb8904b2a178,part2_sarntown_01_01_c25r20.tgm,Tiny_3,52941385,1577
2b282523a4e9829a,part2_sarntown_01_01_c25r20.tgm.header,Tiny_3,52942962,264
1819bb3de514f7c9,part2_sarntown_01_01_c25r2.tgm,Tiny_3,52940030,1091
c53b5244680ebdba,part2_sarntown_01_01_c25r2.tgm.header,Tiny_3,52941121,264
40b770be44f71e72,part2_sarntown_01_01_c25r19.tgm,Tiny_3,52937865,1901
b446d65342f54faf,part2_sarntown_01_01_c25r19.tgm.header,Tiny_3,52939766,264
5a0d72e7a2e3be73,part2_sarntown_01_01_c25r18.tgm,Tiny_3,52935376,2225
483d1622201394ea,part2_sarntown_01_01_c25r18.tgm.header,Tiny_3,52937601,264
c3aa09d657d0ac2c,part2_sarntown_01_01_c25r17.tgm,Tiny_3,52932779,2333
e28e09a5b00fdc4e,part2_sarntown_01_01_c25r17.tgm.header,Tiny_3,52935112,264
c0d1291408bda534,part2_sarntown_01_01_c25r16.tgm,Tiny_3,52930290,2225
614c85762c167d06,part2_sarntown_01_01_c25r16.tgm.header,Tiny_3,52932515,264
063a2eecc57f8923,part2_sarntown_01_01_c25r15.tgm,Tiny_3,52927477,2549
435b92275660b110,part2_sarntown_01_01_c25r15.tgm.header,Tiny_3,52930026,264
3b5e133855559691,part2_sarntown_01_01_c25r14.tgm,Tiny_3,52924340,2873
a60f119963809172,part2_sarntown_01_01_c25r14.tgm.header,Tiny_3,52927213,264
30c6fa5e9d12884b,part2_sarntown_01_01_c25r13.tgm,Tiny_3,52920717,3359
9661e6b39ad26159,part2_sarntown_01_01_c25r13.tgm.header,Tiny_3,52924076,264
3c29870a93775fac,part2_sarntown_01_01_c25r12.tgm,Tiny_3,52917040,3413
c37f0c6312bcdce0,part2_sarntown_01_01_c25r12.tgm.header,Tiny_3,52920453,264
f97485f5a82347df,part2_sarntown_01_01_c25r11.tgm,Tiny_3,52913363,3413
c5237bc5acd4e0e5,part2_sarntown_01_01_c25r11.tgm.header,Tiny_3,52916776,264
8f72d0d711e6892e,part2_sarntown_01_01_c25r10.tgm,Tiny_3,52909362,3737
9ccb1e78beb502d0,part2_sarntown_01_01_c25r10.tgm.header,Tiny_3,52913099,264
a74c259c5da921bf,part2_sarntown_01_01_c25r1.tgm,Tiny_3,52908439,659
944dcb72af97ed7a,part2_sarntown_01_01_c25r1.tgm.header,Tiny_3,52909098,264
f6ff28beb027aa6c,part2_sarntown_01_01_c24r9.tgm,Tiny_3,52905458,2981
29067da57a12bbb8,part2_sarntown_01_01_c24r9.tgm.header,Tiny_3,51134596,264
7686766ee0beeeb9,part2_sarntown_01_01_c24r8.tgm,Tiny_3,52902035,3159
c60caa984c3bd8a7,part2_sarntown_01_01_c24r8.tgm.header,Tiny_3,52905194,264
4878d10c902681ad,part2_sarntown_01_01_c24r7.tgm,Tiny_3,52898240,3531
815daf48a12286d1,part2_sarntown_01_01_c24r7.tgm.header,Tiny_3,52901771,264
206cc2ead7288da6,part2_sarntown_01_01_c24r6.tgm,Tiny_3,52894301,3675
0867c3ca063d8c2e,part2_sarntown_01_01_c24r6.tgm.header,Tiny_3,52897976,264
d24dc91601d00096,part2_sarntown_01_01_c24r5.tgm,Tiny_3,52891214,2823
373bab02c8f15292,part2_sarntown_01_01_c24r5.tgm.header,Tiny_3,52894037,264
54c0df3c4a1462b1,part2_sarntown_01_01_c24r4.tgm,Tiny_3,52887503,3447
1f55086bfc60c047,part2_sarntown_01_01_c24r4.tgm.header,Tiny_3,52890950,264
47d892ac7b0caf12,part2_sarntown_01_01_c24r3.tgm,Tiny_3,52883996,3243
1df964661dd2d473,part2_sarntown_01_01_c24r3.tgm.header,Tiny_3,52887239,264
3ee5b99f37168bb0,part2_sarntown_01_01_c24r26.tgm,Tiny_3,52883337,659
fe30d71cec3ba4fb,part2_sarntown_01_01_c24r26.tgm.header,Tiny_3,51109445,264
70e1314d19371a9a,part2_sarntown_01_01_c24r25.tgm,Tiny_3,52882462,875
337e11114b309bb3,part2_sarntown_01_01_c24r25.tgm.header,Tiny_3,51108522,264
9966f8a3a2ee08a8,part2_sarntown_01_01_c24r24.tgm,Tiny_3,52881053,1145
21429d89aa7c5141,part2_sarntown_01_01_c24r24.tgm.header,Tiny_3,52882198,264
1845fb3ea5878354,part2_sarntown_01_01_c24r23.tgm,Tiny_3,52879374,1415
8e9a5a913df9722a,part2_sarntown_01_01_c24r23.tgm.header,Tiny_3,52880789,264
21959c0b989da913,part2_sarntown_01_01_c24r22.tgm,Tiny_3,52877743,1631
d0009a22c7211ff4,part2_sarntown_01_01_c24r22.tgm.header,Tiny_3,51104511,264
7c238eee2ab9a87a,part2_sarntown_01_01_c24r21.tgm,Tiny_3,52875860,1883
9279433a19ab62b1,part2_sarntown_01_01_c24r21.tgm.header,Tiny_3,51102616,264
3b7b3c51741b8cbf,part2_sarntown_01_01_c24r20.tgm,Tiny_3,52874283,1577
27b3e80e0b921927,part2_sarntown_01_01_c24r20.tgm.header,Tiny_3,51100469,264
34c192ed63fde145,part2_sarntown_01_01_c24r2.tgm,Tiny_3,52872010,2009
00b308ec76178142,part2_sarntown_01_01_c24r2.tgm.header,Tiny_3,52874019,264
c31ef8440478aebc,part2_sarntown_01_01_c24r19.tgm,Tiny_3,52870109,1901
ac8068faeb08360d,part2_sarntown_01_01_c24r19.tgm.header,Tiny_3,51096193,264
8ea372c9fc9cd2cd,part2_sarntown_01_01_c24r18.tgm,Tiny_3,52867884,2225
334816d8cf69be91,part2_sarntown_01_01_c24r18.tgm.header,Tiny_3,51094028,264
ad232e2c376312c0,part2_sarntown_01_01_c24r17.tgm,Tiny_3,52865065,2819
91348841a2219a53,part2_sarntown_01_01_c24r17.tgm.header,Tiny_3,51091539,264
53037b8541bf8cd0,part2_sarntown_01_01_c24r16.tgm,Tiny_3,52862048,3017
6b5d3194ddd210cf,part2_sarntown_01_01_c24r16.tgm.header,Tiny_3,51088456,264
3578f54750648314,part2_sarntown_01_01_c24r15.tgm,Tiny_3,52859175,2873
dc6bbe8f945c9820,part2_sarntown_01_01_c24r15.tgm.header,Tiny_3,51085175,264
cf467e02d5591f3b,part2_sarntown_01_01_c24r14.tgm,Tiny_3,52856410,2765
069ef66950671ad2,part2_sarntown_01_01_c24r14.tgm.header,Tiny_3,51082038,264
68df3d8ad36eb73f,part2_sarntown_01_01_c24r13.tgm,Tiny_3,52853429,2981
3a943456cc3b4c3b,part2_sarntown_01_01_c24r13.tgm.header,Tiny_3,51079009,264
4067ccdab5b646a0,part2_sarntown_01_01_c24r12.tgm,Tiny_3,52849962,3467
a82c0b0f487cc9b5,part2_sarntown_01_01_c24r12.tgm.header,Tiny_3,51075764,264
631ab8c85a8cde6b,part2_sarntown_01_01_c24r11.tgm,Tiny_3,52846009,3953
844b47d65353b0ca,part2_sarntown_01_01_c24r11.tgm.header,Tiny_3,51072033,264
54a8dd2aa6a928e2,part2_sarntown_01_01_c24r10.tgm,Art/Models/Terrain/Act3Town/tgms_8,1123603,4131
a17149cd621241b3,part2_sarntown_01_01_c24r10.tgm.header,Tiny_3,52845745,264
f6ea25947c05b680,part2_sarntown_01_01_c24r1.tgm,Tiny_3,52844114,1367
d70a9f86ede31547,part2_sarntown_01_01_c24r1.tgm.header,Tiny_3,52845481,264
d923aaf26257a0df,part2_sarntown_01_01_c23r9.tgm,Tiny_3,52839845,4005
9a10ec660341f81b,part2_sarntown_01_01_c23r9.tgm.header,Tiny_3,52843850,264
78f9c96758dfecd6,part2_sarntown_01_01_c23r8.tgm,Tiny_3,52835978,3603
271c91f733416615,part2_sarntown_01_01_c23r8.tgm.header,Tiny_3,52839581,264
6d78f9ac57a59f87,part2_sarntown_01_01_c23r7.tgm,Tiny_3,52832861,2853
75bbfaab3b0b9439,part2_sarntown_01_01_c23r7.tgm.header,Tiny_3,52835714,264
3733ef15c893fe64,part2_sarntown_01_01_c23r6.tgm,Tiny_3,52829462,3135
99763160925a723e,part2_sarntown_01_01_c23r6.tgm.header,Tiny_3,52832597,264
c5a07aff2df50bc8,part2_sarntown_01_01_c23r5.tgm,Tiny_3,52826801,2397
cc873f2ffd91f1de,part2_sarntown_01_01_c23r5.tgm.header,Tiny_3,52829198,264
49ce62fb9fc8da36,part2_sarntown_01_01_c23r4.tgm,Tiny_3,52823882,2655
c85195abc80cd274,part2_sarntown_01_01_c23r4.tgm.header,Tiny_3,52826537,264
0d602b7fe3b89c17,part2_sarntown_01_01_c23r3.tgm,Tiny_3,52820147,3471
d0ecf2422b8496f2,part2_sarntown_01_01_c23r3.tgm.header,Tiny_3,52823618,264
3c53e73694ff1f82,part2_sarntown_01_01_c23r26.tgm,Tiny_3,52819434,713
1c25b012f5de3cc5,part2_sarntown_01_01_c23r26.tgm.header,Tiny_3,51041454,264
d41be9b88b043b80,part2_sarntown_01_01_c23r25.tgm,Tiny_3,52818505,929
5701f9e423ccb58b,part2_sarntown_01_01_c23r25.tgm.header,Tiny_3,51040477,264
2aaa737d838cc78b,part2_sarntown_01_01_c23r24.tgm,Tiny_3,52817468,1037
7733f3761526d29f,part2_sarntown_01_01_c23r24.tgm.header,Tiny_3,51039284,264
9f1b3aab43a6fa78,part2_sarntown_01_01_c23r23.tgm,Tiny_3,52816269,1199
9c882d1ac7d49c43,part2_sarntown_01_01_c23r23.tgm.header,Tiny_3,51037983,264
35873e4ae955c29f,part2_sarntown_01_01_c23r22.tgm,Art/Models/Terrain/Act3Town/tgms_8,922756,200847
6486dc1c797da5bb,part2_sarntown_01_01_c23r22.tgm.header,Tiny_3,51032958,3826
93e17dd7f5964308,part2_sarntown_01_01_c23r21.tgm,Tiny_3,52814584,1685
cd8173b92d843936,part2_sarntown_01_01_c23r21.tgm.header,Tiny_3,51032694,264
a7660baa56631c70,part2_sarntown_01_01_c23r20.tgm,Art/Models/Terrain/Act3Town/tgms_8,807105,115651
bc0857639dab77fc,part2_sarntown_01_01_c23r20.tgm.header,Folders/art/models/terrain/templedungeon/tgms,579454,6246
0c405d843336068c,part2_sarntown_01_01_c23r2.tgm,Tiny_3,52811053,3267
70f2b69554b3956e,part2_sarntown_01_01_c23r2.tgm.header,Tiny_3,52814320,264
af9cd5be770dbf59,part2_sarntown_01_01_c23r19.tgm,Tiny_3,52809314,1739
38c80f0a1a922e74,part2_sarntown_01_01_c23r19.tgm.header,Tiny_3,51026924,264
2770f24f331b85e2,part2_sarntown_01_01_c23r18.tgm,Art/Models/Terrain/Act3Town/tgms_8,618996,188109
0097c76cbda215d5,part2_sarntown_01_01_c23r18.tgm.header,Tiny_3,52808524,790
2b816d52e24611b7,part2_sarntown_01_01_c23r17.tgm,Tiny_3,52806731,1793
c913be5d4a6419cb,part2_sarntown_01_01_c23r17.tgm.header,Tiny_3,51024087,264
17d3289159d83afd,part2_sarntown_01_01_c23r16.tgm,Tiny_3,52804776,1955
01cf65b8905119f5,part2_sarntown_01_01_c23r16.tgm.header,Tiny_3,51022030,264
3adcad5d7e724d6d,part2_sarntown_01_01_c23r15.tgm,Tiny_3,52802281,2495
7ff882d017cc8e74,part2_sarntown_01_01_c23r15.tgm.header,Tiny_3,51019811,264
7fe652babd4ae686,part2_sarntown_01_01_c23r14.tgm,Tiny_3,52799894,2387
a8ce97d072dbbbd2,part2_sarntown_01_01_c23r14.tgm.header,Tiny_3,51017052,264
84e3d172634a3723,part2_sarntown_01_01_c23r13.tgm,Tiny_3,52797155,2475
01449378ee4f0625,part2_sarntown_01_01_c23r13.tgm.header,Tiny_3,52799630,264
9d98d3a3d22cfa4e,part2_sarntown_01_01_c23r12.tgm,Tiny_3,52793372,3519
372ef56fc97f6308,part2_sarntown_01_01_c23r12.tgm.header,Tiny_3,52796891,264
736e53be4b77b2c2,part2_sarntown_01_01_c23r11.tgm,Tiny_3,52789307,3801
d827de81995cca02,part2_sarntown_01_01_c23r11.tgm.header,Tiny_3,52793108,264
6152d810493e841f,part2_sarntown_01_01_c23r10.tgm,Art/Models/Terrain/Act3Town/tgms_8,614547,4449
af9b7c7ddea0be53,part2_sarntown_01_01_c23r10.tgm.header,Tiny_3,52789043,264
c1e1db3058ba91ed,part2_sarntown_01_01_c23r1.tgm,Tiny_3,52786400,2379
36dea9944048aae2,part2_sarntown_01_01_c23r1.tgm.header,Tiny_3,52788779,264
5f70c22c8a3adb2d,part2_sarntown_01_01_c22r9.tgm,Art/Models/Terrain/Act3Town/tgms_8,608850,5697
57cd437351978ca6,part2_sarntown_01_01_c22r9.tgm.header,Tiny_3,52786136,264
5d34f4d9972a5e9a,part2_sarntown_01_01_c22r8.tgm,Art/Models/Terrain/Act3Town/tgms_8,604437,4413
5ccb79db793f6b5d,part2_sarntown_01_01_c22r8.tgm.header,Tiny_3,52785872,264
d78089be435b0643,part2_sarntown_01_01_c22r7.tgm,Tiny_3,52782281,3327
a26ce19038b0d799,part2_sarntown_01_01_c22r7.tgm.header,Tiny_3,52785608,264
861e04c77d202455,part2_sarntown_01_01_c22r6.tgm,Tiny_3,52778798,3219
d592822029272e04,part2_sarntown_01_01_c22r6.tgm.header,Tiny_3,52782017,264
7397875fc34da3b4,part2_sarntown_01_01_c22r5.tgm,Tiny_3,52775945,2589
2cadb82335ebcec7,part2_sarntown_01_01_c22r5.tgm.header,Tiny_3,52778534,264
07a2641b8dcc122a,part2_sarntown_01_01_c22r4.tgm,Tiny_3,52772438,3243
2583f31b1448f818,part2_sarntown_01_01_c22r4.tgm.header,Tiny_3,52775681,264
024f5d6d9f818d7b,part2_sarntown_01_01_c22r3.tgm,Art/Models/Terrain/Act3Town/tgms_8,600276,4161
f67b0a14a2a76d35,part2_sarntown_01_01_c22r3.tgm.header,Tiny_3,52772174,264
03e7f63247b877f3,part2_sarntown_01_01_c22r26.tgm,Tiny_3,52771077,1097
9045704bc25fbc00,part2_sarntown_01_01_c22r26.tgm.header,Tiny_3,50983456,264
23cb774f3d8f66f7,part2_sarntown_01_01_c22r25.tgm,Tiny_3,52769284,1793
2ce23859ef0e43f4,part2_sarntown_01_01_c22r25.tgm.header,Tiny_3,50982095,264
3a159df8f9232928,part2_sarntown_01_01_c22r24.tgm,Tiny_3,52767005,2279
0f9495ac4b879a9e,part2_sarntown_01_01_c22r24.tgm.header,Tiny_3,50980038,264
8c325fbf8956ec05,part2_sarntown_01_01_c22r23.tgm,Tiny_3,52764240,2765
e280c1ed516550f9,part2_sarntown_01_01_c22r23.tgm.header,Tiny_3,50977495,264
dc6555816f61d49d,part2_sarntown_01_01_c22r22.tgm,Tiny_3,52760989,3251
9a235e538c3b93c2,part2_sarntown_01_01_c22r22.tgm.header,Tiny_3,50974466,264
10e6fa4381dd88e3,part2_sarntown_01_01_c22r21.tgm,Tiny_3,52757792,3197
698b1650b5e619af,part2_sarntown_01_01_c22r21.tgm.header,Tiny_3,50970951,264
21ba9a4139153cb6,part2_sarntown_01_01_c22r20.tgm,Art/Models/Terrain/Act3Town/tgms_8,370979,229297
7870614615e77b10,part2_sarntown_01_01_c22r20.tgm.header,Tiny_3,52754054,3738
082c4a069b866c4f,part2_sarntown_01_01_c22r2.tgm,Art/Models/Terrain/Act3Town/tgms_8,366416,4563
fcdfd75781f11e06,part2_sarntown_01_01_c22r2.tgm.header,Tiny_3,52753790,264
c84f93585ba62430,part2_sarntown_01_01_c22r19.tgm,Tiny_3,52750647,3143
f07f0c87da82022a,part2_sarntown_01_01_c22r19.tgm.header,Tiny_3,50967226,264
1d9eafe4892383c3,part2_sarntown_01_01_c22r18.tgm,Art/Models/Terrain/Act3Town/tgms_8,329005,37411
adeb290abd8cbd80,part2_sarntown_01_01_c22r18.tgm.header,Tiny_3,52750341,306
7497374ee2f0a656,part2_sarntown_01_01_c22r17.tgm,Tiny_3,52746460,3881
5f514bfbe20b96a6,part2_sarntown_01_01_c22r17.tgm.header,Tiny_3,50963555,264
d3cb2292acba19d9,part2_sarntown_01_01_c22r16.tgm,Tiny_3,52742741,3719
df9f222688a19d0c,part2_sarntown_01_01_c22r16.tgm.header,Tiny_3,50959410,264
89b2413d93ec9509,part2_sarntown_01_01_c22r15.tgm,Art/Models/Terrain/Act3Town/tgms_8,231304,97701
085f5d3cb71aa210,part2_sarntown_01_01_c22r15.tgm.header,Folders/art/models/terrain/templedungeon/tgms,574836,4618
b17a795f690aefcd,part2_sarntown_01_01_c22r14.tgm,Art/Models/Terrain/Act3Town/tgms_8,225805,5499
eade565ff258d2ff,part2_sarntown_01_01_c22r14.tgm.header,Tiny_3,52742477,264
5891b0c03eddf6d9,part2_sarntown_01_01_c22r13.tgm,Art/Models/Terrain/Act3Town/tgms_8,219838,5967
41c8b97cc6ae7449,part2_sarntown_01_01_c22r13.tgm.header,Tiny_3,52742213,264
f7106441292d5990,part2_sarntown_01_01_c22r12.tgm,Art/Models/Terrain/Act3Town/tgms_8,213079,6759
3f687a3c5f821cb2,part2_sarntown_01_01_c22r12.tgm.header,Tiny_3,52741949,264
ea1c8a4d8df93f69,part2_sarntown_01_01_c22r11.tgm,Art/Models/Terrain/Act3Town/tgms_8,206644,6435
51fd71a395cf4a74,part2_sarntown_01_01_c22r11.tgm.header,Tiny_3,52741685,264
7232e86fe901e526,part2_sarntown_01_01_c22r10.tgm,Art/Models/Terrain/Act3Town/tgms_8,200683,5961
62bc39ad630f5073,part2_sarntown_01_01_c22r10.tgm.header,Tiny_3,52741421,264
eb5dde66392e8251,part2_sarntown_01_01_c22r1.tgm,Art/Models/Terrain/Act3Town/tgms_8,196270,4413
48c0a57167865d9a,part2_sarntown_01_01_c22r1.tgm.header,Tiny_3,52741157,264
a188ae9552fa3d51,part2_sarntown_01_01_c21r9.tgm,Tiny_3,52737882,3275
e83265a642b4b4ec,part2_sarntown_01_01_c21r9.tgm.header,Tiny_3,50953843,264
0cdae59a0decf7ab,part2_sarntown_01_01_c21r8.tgm,Tiny_3,52734811,2807
41df520b9f7a47cb,part2_sarntown_01_01_c21r8.tgm.header,Tiny_3,52737618,264
00f5c5542accf9e1,part2_sarntown_01_01_c21r7.tgm,Tiny_3,52731394,3153
6c01006b5312c363,part2_sarntown_01_01_c21r7.tgm.header,Tiny_3,52734547,264
21cec69bc7255475,part2_sarntown_01_01_c21r6.tgm,Tiny_3,52727281,3849
2e9d3d8db0b6d00c,part2_sarntown_01_01_c21r6.tgm.header,Tiny_3,52731130,264
deb5907ed6865dee,part2_sarntown_01_01_c21r5.tgm,Tiny_3,52725254,1763
4d555f3ada584c8a,part2_sarntown_01_01_c21r5.tgm.header,Tiny_3,52727017,264
13ad4f5487c14994,part2_sarntown_01_01_c21r4.tgm,Tiny_3,52723609,1381
59f220a5446e58b4,part2_sarntown_01_01_c21r4.tgm.header,Tiny_3,52724990,264
214db5d955984d37,part2_sarntown_01_01_c21r3.tgm,Tiny_3,52721910,1435
697d3f3402c21ec6,part2_sarntown_01_01_c21r3.tgm.header,Tiny_3,52723345,264
920ceace4d273da8,part2_sarntown_01_01_c21r26.tgm,Tiny_3,52721143,767
3dda0738a733966e,part2_sarntown_01_01_c21r26.tgm.header,Tiny_3,50935210,264
80917034bca4d5fb,part2_sarntown_01_01_c21r25.tgm,Tiny_3,52719944,1199
f64497ff39ee506f,part2_sarntown_01_01_c21r25.tgm.header,Tiny_3,50934179,264
bc80721391447450,part2_sarntown_01_01_c21r24.tgm,Tiny_3,52718637,1307
eaec228dfd70ace0,part2_sarntown_01_01_c21r24.tgm.header,Tiny_3,50932716,264
000fc5dfbc393eeb,part2_sarntown_01_01_c21r23.tgm,Tiny_3,52716952,1685
9c285d9cd5d3f1ea,part2_sarntown_01_01_c21r23.tgm.header,Tiny_3,50931145,264
328415e7c8709e54,part2_sarntown_01_01_c21r22.tgm,Art/Models/Terrain/Act3Town/tgms_8,124243,72027
02aa7ef5bda736ef,part2_sarntown_01_01_c21r22.tgm.header,Tiny_3,52714842,2110
1ed70e31bc70e660,part2_sarntown_01_01_c21r21.tgm,Tiny_3,52713121,1721
edacce55976b9a55,part2_sarntown_01_01_c21r21.tgm.header,Tiny_3,50929196,264
76ea25436cec9898,part2_sarntown_01_01_c21r20.tgm,Tiny_3,52711724,1397
25b9d1f04be5b068,part2_sarntown_01_01_c21r20.tgm.header,Tiny_3,50927211,264
a2719346f25373ea,part2_sarntown_01_01_c21r2.tgm,Tiny_3,52710397,1327
07df030d5dcd36cd,part2_sarntown_01_01_c21r2.tgm.header,Tiny_3,52672895,264
b876c8d1650dbff4,part2_sarntown_01_01_c21r19.tgm,Tiny_3,52708676,1721
4dc8daf97876b13b,part2_sarntown_01_01_c21r19.tgm.header,Tiny_3,50924067,264
0a7e0cbac96ac1d9,part2_sarntown_01_01_c21r18.tgm,Tiny_3,52706937,1739
14f9be3abe470131,part2_sarntown_01_01_c21r18.tgm.header,Tiny_3,50922082,264
b350bf3230c01ff7,part2_sarntown_01_01_c21r17.tgm,Tiny_3,52705090,1847
a1dc701d3fe9ae0d,part2_sarntown_01_01_c21r17.tgm.header,Tiny_3,50920079,264
a2c997e2e7e53282,part2_sarntown_01_01_c21r16.tgm,Tiny_3,52702369,2457
e4149715ad8d3390,part2_sarntown_01_01_c21r16.tgm.header,Tiny_3,52704826,264
215631811f133544,part2_sarntown_01_01_c21r15.tgm,Tiny_3,52698532,3573
43d7e5485df81d03,part2_sarntown_01_01_c21r15.tgm.header,Tiny_3,52702105,264
7e38f863abdbcae2,part2_sarntown_01_01_c21r14.tgm,Art/Models/Terrain/Act3Town/tgms_8,119830,4413
32bcdf69a3ea018c,part2_sarntown_01_01_c21r14.tgm.header,Tiny_3,52698268,264
e9a6e493a91f1ff2,part2_sarntown_01_01_c21r13.tgm,Tiny_3,52694653,3351
b256ca59a6850c92,part2_sarntown_01_01_c21r13.tgm.header,Tiny_3,52698004,264
5f73f2bec1f91a82,part2_sarntown_01_01_c21r12.tgm,Tiny_3,52691188,3201
2ea7e7f3a6511586,part2_sarntown_01_01_c21r12.tgm.header,Tiny_3,52694389,264
6e840c91961b5aa9,part2_sarntown_01_01_c21r11.tgm,Tiny_3,52688213,2975
e366f3e41f9af30b,part2_sarntown_01_01_c21r11.tgm.header,Tiny_3,50904202,264
92d6d285f9e41c51,part2_sarntown_01_01_c21r10.tgm,Tiny_3,52684740,3473
24f1c6d48f6226dc,part2_sarntown_01_01_c21r10.tgm.header,Tiny_3,50900963,264
44c5bedc926dd0d9,part2_sarntown_01_01_c21r1.tgm,Tiny_3,52682581,1895
78b8b50ef24a842c,part2_sarntown_01_01_c21r1.tgm.header,Tiny_3,52684476,264
6f422dd8b6db5133,part2_sarntown_01_01_c20r9.tgm,Tiny_3,52679942,2639
56939a8b4f807eae,part2_sarntown_01_01_c20r9.tgm.header,Tiny_3,50895121,264
6e0e896b6188ad07,part2_sarntown_01_01_c20r8.tgm,Tiny_3,52677453,2225
2e41b33667c9e7d0,part2_sarntown_01_01_c20r8.tgm.header,Tiny_3,52679678,264
f3927b009ae7dd3d,part2_sarntown_01_01_c20r7.tgm,Art/Models/Terrain/Act3Town/tgms_8,115537,4293
3277d122f740c748,part2_sarntown_01_01_c20r7.tgm.header,Tiny_3,52677189,264
c869ad39cba7934f,part2_sarntown_01_01_c20r6.tgm,Art/Models/Terrain/Act3Town/tgms_8,110956,4581
b1e850ebb00a79c4,part2_sarntown_01_01_c20r6.tgm.header,Tiny_3,52676925,264
84c59b0a1329aeac,part2_sarntown_01_01_c20r5.tgm,Tiny_3,52674592,2069
f3279d7f1a1627bd,part2_sarntown_01_01_c20r5.tgm.header,Tiny_3,52676661,264
bced4f096202e72f,part2_sarntown_01_01_c20r4.tgm,Tiny_3,52673159,1169
615dc7d7dbb8f90a,part2_sarntown_01_01_c20r4.tgm.header,Tiny_3,52674328,264
f37c57cbb5e66680,part2_sarntown_01_01_c20r3.tgm,Tiny_3,52671568,1327
0e174ef1b940e1c3,part2_sarntown_01_01_c20r3.tgm.header,Tiny_3,52672895,264
9230110a2cafe41c,part2_sarntown_01_01_c20r26.tgm,Tiny_3,52670825,743
54f55b520dfe565c,part2_sarntown_01_01_c20r26.tgm.header,Tiny_3,50883736,264
b929680865a9737a,part2_sarntown_01_01_c20r25.tgm,Tiny_3,52669482,1343
ac7d4f3fc2a5d9b5,part2_sarntown_01_01_c20r25.tgm.header,Tiny_3,50882729,264
fc643dcd704d69e5,part2_sarntown_01_01_c20r24.tgm,Tiny_3,52668391,1091
8fbcc65124a0b4ca,part2_sarntown_01_01_c20r24.tgm.header,Tiny_3,50881122,264
0aabebf7a3ad50d7,part2_sarntown_01_01_c20r23.tgm,Tiny_3,52666886,1505
1b479c5734b955d5,part2_sarntown_01_01_c20r23.tgm.header,Tiny_3,50879767,264
847e489ac27b8d32,part2_sarntown_01_01_c20r22.tgm,Tiny_3,52665597,1289
ae719ada24bc46bb,part2_sarntown_01_01_c20r22.tgm.header,Tiny_3,50877998,264
f9abf1961964429d,part2_sarntown_01_01_c20r21.tgm,Tiny_3,52664146,1451
ed15fc2ad59a40ea,part2_sarntown_01_01_c20r21.tgm.header,Tiny_3,50876445,264
8837e8afe786c676,part2_sarntown_01_01_c20r20.tgm,Tiny_3,52662947,1199
1753012c72122579,part2_sarntown_01_01_c20r20.tgm.header,Tiny_3,50874730,264
2c10e63e60c476a2,part2_sarntown_01_01_c20r2.tgm,Tiny_3,52661728,1219
23ec9c16a98d9924,part2_sarntown_01_01_c20r2.tgm.header,Tiny_3,50938068,264
74acfb0fe86d7aa9,part2_sarntown_01_01_c20r19.tgm,Tiny_3,52660151,1577
7a325ecb46d7c4ff,part2_sarntown_01_01_c20r19.tgm.header,Tiny_3,50872108,264
2dcf110e0d00b39b,part2_sarntown_01_01_c20r18.tgm,Tiny_3,52658376,1775
4b831c6e6bf10f28,part2_sarntown_01_01_c20r18.tgm.header,Tiny_3,50870267,264
31cc34ee46c11d40,part2_sarntown_01_01_c20r17.tgm,Tiny_3,52655589,2523
f7ca578e0c989f08,part2_sarntown_01_01_c20r17.tgm.header,Tiny_3,52658112,264
11e3d70e93719244,part2_sarntown_01_01_c20r16.tgm,Tiny_3,52651380,3945
bc04e14604185c5b,part2_sarntown_01_01_c20r16.tgm.header,Tiny_3,52655325,264
2dcba204019c9321,part2_sarntown_01_01_c20r15.tgm,Art/Models/Terrain/Act3Town/tgms_8,106837,4119
fd7a4ecee861c1bc,part2_sarntown_01_01_c20r15.tgm.header,Tiny_3,52651116,264
b416be039e533b2d,part2_sarntown_01_01_c20r14.tgm,Tiny_3,52647711,3141
f84ec437b472bcbe,part2_sarntown_01_01_c20r14.tgm.header,Tiny_3,52650852,264
80ce39f9833780ac,part2_sarntown_01_01_c20r13.tgm,Tiny_3,52645720,1991
586278d74c20ed07,part2_sarntown_01_01_c20r13.tgm.header,Tiny_3,50853580,264
40c1e72d7e3ef87d,part2_sarntown_01_01_c20r12.tgm,Tiny_3,52643147,2573
d8be904dfcef2b9f,part2_sarntown_01_01_c20r12.tgm.header,Tiny_3,50851325,264
e20ace5e06a28c95,part2_sarntown_01_01_c20r11.tgm,Tiny_3,52640490,2657
50853488a7cadfc7,part2_sarntown_01_01_c20r11.tgm.header,Tiny_3,50848488,264
4f82d71cab233f9e,part2_sarntown_01_01_c20r10.tgm,Tiny_3,52637095,3395
f685330d94261977,part2_sarntown_01_01_c20r10.tgm.header,Tiny_3,50845567,264
87dc89df43f5b7bf,part2_sarntown_01_01_c20r1.tgm,Tiny_3,52636206,625
fe4756030714030f,part2_sarntown_01_01_c20r1.tgm.header,Tiny_3,52636831,264
a4db3228754e7ccf,part2_sarntown_01_01_c1r9.tgm,Tiny_3,52633573,2633
f4a6c081a31fb4b1,part2_sarntown_01_01_c1r9.tgm.header,Tiny_3,50841073,264
513e4cdfece952e2,part2_sarntown_01_01_c1r8.tgm,Tiny_3,52630916,2657
cebc6c800d60e332,part2_sarntown_01_01_c1r8.tgm.header,Tiny_3,50838176,264
ab3d8520ad220e61,part2_sarntown_01_01_c1r7.tgm,Tiny_3,52627989,2927
2332bf58023d913f,part2_sarntown_01_01_c1r7.tgm.header,Tiny_3,50835255,264
0f7b8825fbb111c8,part2_sarntown_01_01_c1r6.tgm,Tiny_3,52626136,1853
b7ac852c3012598d,part2_sarntown_01_01_c1r6.tgm.header,Tiny_3,50832064,264
d30c57347b5152c8,part2_sarntown_01_01_c1r5.tgm,Tiny_3,52625477,659
8370fdc3d3440fd8,part2_sarntown_01_01_c1r5.tgm.header,Tiny_3,50829947,264
37e204a4ebfda531,part2_sarntown_01_01_c1r4.tgm,Tiny_3,52624626,851
53886485d5c188bc,part2_sarntown_01_01_c1r4.tgm.header,Tiny_3,50829024,264
647e38e0c17f488d,part2_sarntown_01_01_c1r3.tgm,Tiny_3,52623181,1181
379b6c3250617576,part2_sarntown_01_01_c1r3.tgm.header,Tiny_3,52624362,264
d1b094e31d17be96,part2_sarntown_01_01_c1r26.tgm,Tiny_3,52622522,659
765db81a6c76a9b1,part2_sarntown_01_01_c1r26.tgm.header,Tiny_3,50826464,264
e471beee289f6aea,part2_sarntown_01_01_c1r25.tgm,Tiny_3,52621377,1145
bbd1da45b87d6266,part2_sarntown_01_01_c1r25.tgm.header,Tiny_3,50825541,264
312ab1337db72f29,part2_sarntown_01_01_c1r24.tgm,Tiny_3,52619746,1631
e5f8887e35eb62fa,part2_sarntown_01_01_c1r24.tgm.header,Tiny_3,50824132,264
b2542988842356c9,part2_sarntown_01_01_c1r23.tgm,Tiny_3,52617869,1877
3d279598ad9378ba,part2_sarntown_01_01_c1r23.tgm.header,Tiny_3,50822237,264
0f6a407f8f98d760,part2_sarntown_01_01_c1r22.tgm,Tiny_3,52616316,1553
6b2add8f96f24b0d,part2_sarntown_01_01_c1r22.tgm.header,Tiny_3,50820096,264
0d20c3f23032aba7,part2_sarntown_01_01_c1r21.tgm,Tiny_3,52615225,1091
c3db3a96a35e0e42,part2_sarntown_01_01_c1r21.tgm.header,Tiny_3,50818279,264
5c75a4fd20698c36,part2_sarntown_01_01_c1r20.tgm,Tiny_3,52613942,1283
d0f86c1bda28ae4f,part2_sarntown_01_01_c1r20.tgm.header,Tiny_3,50816924,264
b999789ed3fc3aa4,part2_sarntown_01_01_c1r2.tgm,Tiny_3,52612413,1265
5546e5612121753d,part2_sarntown_01_01_c1r2.tgm.header,Tiny_3,52613678,264
3af26cd417c21aa7,part2_sarntown_01_01_c1r19.tgm,Tiny_3,52610944,1469
ca61c8c228c43ae8,part2_sarntown_01_01_c1r19.tgm.header,Tiny_3,50814010,264
c3ee7b813d371ff9,part2_sarntown_01_01_c1r18.tgm,Tiny_3,52609313,1631
7896f91c00c4b302,part2_sarntown_01_01_c1r18.tgm.header,Tiny_3,50812277,264
410620d59cad720a,part2_sarntown_01_01_c1r17.tgm,Tiny_3,52607598,1715
ad6fdd8ca74bb788,part2_sarntown_01_01_c1r17.tgm.header,Tiny_3,50810382,264
db200cd33c8ce43d,part2_sarntown_01_01_c1r16.tgm,Tiny_3,52605967,1631
20a69fe506029614,part2_sarntown_01_01_c1r16.tgm.header,Tiny_3,50808403,264
f389f357c5d0d8c3,part2_sarntown_01_01_c1r15.tgm,Tiny_3,52604198,1769
74f58d0ca3335f0e,part2_sarntown_01_01_c1r15.tgm.header,Tiny_3,50806508,264
4a4222390bc49293,part2_sarntown_01_01_c1r14.tgm,Tiny_3,52602297,1901
f4951584c7a6641f,part2_sarntown_01_01_c1r14.tgm.header,Tiny_3,50804475,264
0abb84a9c527ef5f,part2_sarntown_01_01_c1r13.tgm,Tiny_3,52600288,2009
a9781c50cf7f76be,part2_sarntown_01_01_c1r13.tgm.header,Tiny_3,50802310,264
7bc0e3cf1672a3bb,part2_sarntown_01_01_c1r12.tgm,Tiny_3,52598087,2201
f1ff1699aca9f540,part2_sarntown_01_01_c1r12.tgm.header,Tiny_3,50800037,264
eadc7cb1123c2539,part2_sarntown_01_01_c1r11.tgm,Tiny_3,52595778,2309
b634c283a0a583c5,part2_sarntown_01_01_c1r11.tgm.header,Tiny_3,50797572,264
0019512b85b71366,part2_sarntown_01_01_c1r10.tgm,Tiny_3,52593229,2549
9bd9eb14d0da91f6,part2_sarntown_01_01_c1r10.tgm.header,Tiny_3,50794999,264
9d6ae8450a196c69,part2_sarntown_01_01_c1r1.tgm,Tiny_3,52591628,1337
d6361f08d925462d,part2_sarntown_01_01_c1r1.tgm.header,Tiny_3,52592965,264
85779d199971edb2,part2_sarntown_01_01_c19r9.tgm,Tiny_3,52589463,1901
97e1faad37f4be06,part2_sarntown_01_01_c19r9.tgm.header,Tiny_3,52591364,264
d7858da77e8dbcad,part2_sarntown_01_01_c19r8.tgm,Tiny_3,52586938,2261
9cac094461f3e328,part2_sarntown_01_01_c19r8.tgm.header,Tiny_3,52589199,264
77059fd79463746e,part2_sarntown_01_01_c19r7.tgm,Art/Models/Terrain/Act3Town/tgms_8,100564,6273
01df874fc2367cb0,part2_sarntown_01_01_c19r7.tgm.header,Tiny_3,52586674,264
b750d9ddb6d3938f,part2_sarntown_01_01_c19r6.tgm,Art/Models/Terrain/Act3Town/tgms_8,95233,5331
d431d944a275ea77,part2_sarntown_01_01_c19r6.tgm.header,Tiny_3,52586410,264
1692412567775498,part2_sarntown_01_01_c19r5.tgm,Tiny_3,52584005,2405
8a0fa7549511b43f,part2_sarntown_01_01_c19r5.tgm.header,Tiny_3,50785637,264
b1a4c48b3d5137c0,part2_sarntown_01_01_c19r4.tgm,Tiny_3,52581930,1811
e623bc1364367a0f,part2_sarntown_01_01_c19r4.tgm.header,Tiny_3,52583741,264
d8b4f70913340f2d,part2_sarntown_01_01_c19r3.tgm,Tiny_3,52580071,1595
9b516e22172e025d,part2_sarntown_01_01_c19r3.tgm.header,Tiny_3,52581666,264
93979e9f9f6da330,part2_sarntown_01_01_c19r26.tgm,Art/Models/Terrain/Act3Town/tgms_8,0,95233
060802a8aed41d8b,part2_sarntown_01_01_c19r26.tgm.header,Tiny_3,52578313,1758
88ea6d47036faea0,part2_sarntown_01_01_c19r25.tgm,Art/Models/Terrain/Act3Town/tgms_7,966218,1194619
87f65b6aff3a9262,part2_sarntown_01_01_c19r25.tgm.header,Tiny_3,50777472,306
6e76bd9c760a4272,part2_sarntown_01_01_c19r24.tgm,Tiny_3,52577114,1199
d9a98ecf9e6ef41e,part2_sarntown_01_01_c19r24.tgm.header,Tiny_3,50777208,264
620bb9acb69fe795,part2_sarntown_01_01_c19r23.tgm,Tiny_3,52575501,1613
a38422fd3a475978,part2_sarntown_01_01_c19r23.tgm.header,Tiny_3,50775745,264
f80eb55a8e77f889,part2_sarntown_01_01_c19r22.tgm,Tiny_3,52573870,1631
9344203b8de08675,part2_sarntown_01_01_c19r22.tgm.header,Tiny_3,50773868,264
da54feda8772fce5,part2_sarntown_01_01_c19r21.tgm,Tiny_3,52571609,2261
a5bb991010cec1f4,part2_sarntown_01_01_c19r21.tgm.header,Tiny_3,50771973,264
6ad2c6db8148ca7a,part2_sarntown_01_01_c19r20.tgm,Tiny_3,52569564,2045
b1c0853973801125,part2_sarntown_01_01_c19r20.tgm.header,Tiny_3,50769448,264
58b9918c19a906e2,part2_sarntown_01_01_c19r2.tgm,Tiny_3,52567801,1499
cb675db6be635217,part2_sarntown_01_01_c19r2.tgm.header,Tiny_3,52569300,264
3479b4171fcf864a,part2_sarntown_01_01_c19r19.tgm,Tiny_3,52565738,2063
bfefa8107b384cca,part2_sarntown_01_01_c19r19.tgm.header,Tiny_3,50765430,264
4eaa33ea4eb8d0d8,part2_sarntown_01_01_c19r18.tgm,Tiny_3,52562513,2961
dae87c3737822fbc,part2_sarntown_01_01_c19r18.tgm.header,Tiny_3,52565474,264
1c913e1dcde17ad5,part2_sarntown_01_01_c19r17.tgm,Tiny_3,52558550,3699
637e3455bab9204a,part2_sarntown_01_01_c19r17.tgm.header,Tiny_3,52562249,264
d5f99689cde0ce67,part2_sarntown_01_01_c19r16.tgm,Tiny_3,52554425,3861
5b2c390c909cb7f7,part2_sarntown_01_01_c19r16.tgm.header,Tiny_3,52558286,264
ea33b991326ae7c1,part2_sarntown_01_01_c19r15.tgm,Tiny_3,52551314,2847
b5689caf6a8b342d,part2_sarntown_01_01_c19r15.tgm.header,Tiny_3,52554161,264
27890e3f9ff46682,part2_sarntown_01_01_c19r14.tgm,Tiny_3,52549059,2255
11a8ea44490778c3,part2_sarntown_01_01_c19r14.tgm.header,Tiny_3,50748317,264
840ab5f60e285eba,part2_sarntown_01_01_c19r13.tgm,Tiny_3,52546312,2747
e67656f3febfc41e,part2_sarntown_01_01_c19r13.tgm.header,Tiny_3,50745798,264
88399daf12c3a13c,part2_sarntown_01_01_c19r12.tgm,Art/Models/Terrain/Act3Town/tgms_7,860901,105317
d8e0c8e9a2158001,part2_sarntown_01_01_c19r12.tgm.header,Folders/art/models/terrain/templedungeon/tgms,568942,5894
1195d07a598fdd53,part2_sarntown_01_01_c19r11.tgm,Tiny_3,52542737,3575
e56dfe5b89efaf9e,part2_sarntown_01_01_c19r11.tgm.header,Tiny_3,50742787,264
8e8de0c65aec3b39,part2_sarntown_01_01_c19r10.tgm,Tiny_3,52540188,2549
2912a33dbc460423,part2_sarntown_01_01_c19r10.tgm.header,Tiny_3,50738948,264
589f2950f95f7034,part2_sarntown_01_01_c19r1.tgm,Tiny_3,52538887,1037
de7d30c69e342de9,part2_sarntown_01_01_c19r1.tgm.header,Tiny_3,52539924,264
cf81f85fbcddab1c,part2_sarntown_01_01_c18r9.tgm,Tiny_3,52537022,1865
f1560863ee26cb77,part2_sarntown_01_01_c18r9.tgm.header,Tiny_3,50735050,264
26b571d662ec78f8,part2_sarntown_01_01_c18r8.tgm,Tiny_3,52533881,2877
0a3afe91951f6ddf,part2_sarntown_01_01_c18r8.tgm.header,Tiny_3,52536758,264
960be13ea7225500,part2_sarntown_01_01_c18r7.tgm,Tiny_3,52529696,3921
5834658e5200cc2d,part2_sarntown_01_01_c18r7.tgm.header,Tiny_3,52533617,264
1913beb089af1212,part2_sarntown_01_01_c18r6.tgm,Tiny_3,52525643,3789
0971cad5729fe8f9,part2_sarntown_01_01_c18r6.tgm.header,Tiny_3,52529432,264
0c2b7220baa66dfe,part2_sarntown_01_01_c18r5.tgm,Tiny_3,52523562,2081
5f2b7761307af646,part2_sarntown_01_01_c18r5.tgm.header,Tiny_3,50729976,264
926b4db211ceaa95,part2_sarntown_01_01_c18r4.tgm,Tiny_3,52521235,2063
bc936548ef6e252e,part2_sarntown_01_01_c18r4.tgm.header,Tiny_3,52523298,264
7bdf3fd69968e85e,part2_sarntown_01_01_c18r3.tgm,Tiny_3,52518884,2351
ebfb1cc4647a0d57,part2_sarntown_01_01_c18r3.tgm.header,Tiny_3,50725304,264
1636fe470a826b01,part2_sarntown_01_01_c18r26.tgm,Tiny_3,52517871,1013
d84601cd42952874,part2_sarntown_01_01_c18r26.tgm.header,Tiny_3,50722689,264
0cf43fe29a0ff222,part2_sarntown_01_01_c18r25.tgm,Tiny_3,52516348,1523
0b8d03a8034bab43,part2_sarntown_01_01_c18r25.tgm.header,Tiny_3,50721412,264
acb9be3dd288da0a,part2_sarntown_01_01_c18r24.tgm,Tiny_3,52514357,1991
eec9dcb8da459e33,part2_sarntown_01_01_c18r24.tgm.header,Tiny_3,50719625,264
5e64bebfdc36e92f,part2_sarntown_01_01_c18r23.tgm,Tiny_3,52512402,1955
ef7a331d63dc1af2,part2_sarntown_01_01_c18r23.tgm.header,Tiny_3,50717370,264
f2445b405f3df246,part2_sarntown_01_01_c18r22.tgm,Tiny_3,52510303,2099
b168e532fc8b0441,part2_sarntown_01_01_c18r22.tgm.header,Tiny_3,50715151,264
2c377ad3e9aa2cc5,part2_sarntown_01_01_c18r21.tgm,Tiny_3,52507646,2657
a1d9b65fc0d8bc38,part2_sarntown_01_01_c18r21.tgm.header,Tiny_3,50712788,264
b84aaa11ad155e34,part2_sarntown_01_01_c18r20.tgm,Tiny_3,52505007,2639
dcab996f523a6703,part2_sarntown_01_01_c18r20.tgm.header,Tiny_3,50709867,264
42699f294f424528,part2_sarntown_01_01_c18r2.tgm,Tiny_3,52502752,1991
3dfd158af5743b4e,part2_sarntown_01_01_c18r2.tgm.header,Tiny_3,52504743,264
e483f95edd3d985a,part2_sarntown_01_01_c18r19.tgm,Tiny_3,52498669,3819
69bd194e31e828b4,part2_sarntown_01_01_c18r19.tgm.header,Tiny_3,52502488,264
cbd4fc160614409b,part2_sarntown_01_01_c18r18.tgm,Art/Models/Terrain/Act3Town/tgms_7,855564,5337
26eafd716673dfeb,part2_sarntown_01_01_c18r18.tgm.header,Tiny_3,52498405,264
85bf2298ba3d0ee3,part2_sarntown_01_01_c18r17.tgm,Art/Models/Terrain/Act3Town/tgms_7,850581,4983
9ab22bef9befa62d,part2_sarntown_01_01_c18r17.tgm.header,Tiny_3,52498141,264
d3b51e5833d03f14,part2_sarntown_01_01_c18r16.tgm,Tiny_3,52493794,4083
11b833dfb3a4447c,part2_sarntown_01_01_c18r16.tgm.header,Tiny_3,52497877,264
e3ead6e741140860,part2_sarntown_01_01_c18r15.tgm,Tiny_3,52490003,3791
515f655e40a48d0e,part2_sarntown_01_01_c18r15.tgm.header,Tiny_3,50695711,264
327911a0d2b5bb74,part2_sarntown_01_01_c18r14.tgm,Tiny_3,52485996,4007
8579d26d262624d4,part2_sarntown_01_01_c18r14.tgm.header,Tiny_3,50691656,264
9c3e261a615e1c29,part2_sarntown_01_01_c18r13.tgm,Tiny_3,52481971,4025
817d88416cc0353e,part2_sarntown_01_01_c18r13.tgm.header,Tiny_3,50687385,264
dd4521f5c7c878e5,part2_sarntown_01_01_c18r12.tgm,Tiny_3,52478126,3845
283e63c0b1f4c568,part2_sarntown_01_01_c18r12.tgm.header,Tiny_3,50683096,264
4cfc30a51799fc59,part2_sarntown_01_01_c18r11.tgm,Tiny_3,52474677,3449
0191c3aeb390f2f9,part2_sarntown_01_01_c18r11.tgm.header,Tiny_3,50678987,264
3d8acc14b92e5996,part2_sarntown_01_01_c18r10.tgm,Tiny_3,52472794,1883
d1d0774d721e25a1,part2_sarntown_01_01_c18r10.tgm.header,Tiny_3,50675274,264
2e922744c5b6f97d,part2_sarntown_01_01_c18r1.tgm,Tiny_3,52470887,1643
5d0c8b73192f1655,part2_sarntown_01_01_c18r1.tgm.header,Tiny_3,52472530,264
962610f8ae4bf427,part2_sarntown_01_01_c17r9.tgm,Art/Models/Terrain/Act3Town/tgms_7,747808,102773
a47a6e6fe7f7f3f4,part2_sarntown_01_01_c17r9.tgm.header,Folders/art/models/terrain/templedungeon/tgms,564500,4442
8cd24a96b058641c,part2_sarntown_01_01_c17r8.tgm,Art/Models/Terrain/Act3Town/tgms_7,743653,4155
00a5a22575ca62c5,part2_sarntown_01_01_c17r8.tgm.header,Tiny_3,52470623,264
ce4828ade26c96b3,part2_sarntown_01_01_c17r7.tgm,Art/Models/Terrain/Act3Town/tgms_7,738322,5331
d8ab0a097b09743f,part2_sarntown_01_01_c17r7.tgm.header,Tiny_3,52470359,264
412d02ee47d53baa,part2_sarntown_01_01_c17r6.tgm,Art/Models/Terrain/Act3Town/tgms_7,733159,5163
06d2e1a15f4b901f,part2_sarntown_01_01_c17r6.tgm.header,Tiny_3,52470095,264
b7ef14f935ff8dfc,part2_sarntown_01_01_c17r5.tgm,Tiny_3,52466846,2985
b7c0248c1a83f78f,part2_sarntown_01_01_c17r5.tgm.header,Tiny_3,52469831,264
c0897603de49798d,part2_sarntown_01_01_c17r4.tgm,Tiny_3,52464069,2513
be4db3a6fa603a1d,part2_sarntown_01_01_c17r4.tgm.header,Tiny_3,52466582,264
21d09793aee18dfb,part2_sarntown_01_01_c17r3.tgm,Tiny_3,52461250,2819
03670476a16cee70,part2_sarntown_01_01_c17r3.tgm.header,Tiny_3,50661983,264
ad5b27a42b585f68,part2_sarntown_01_01_c17r26.tgm,Tiny_3,52460075,1175
4d8f71d15ec15f0b,part2_sarntown_01_01_c17r26.tgm.header,Tiny_3,50658900,264
403330eef8029629,part2_sarntown_01_01_c17r25.tgm,Tiny_3,52457850,2225
fc55465c018b2a55,part2_sarntown_01_01_c17r25.tgm.header,Tiny_3,50657461,264
5a32b5e7f8c81f21,part2_sarntown_01_01_c17r24.tgm,Tiny_3,52454437,3413
8d1320bf6a83f59f,part2_sarntown_01_01_c17r24.tgm.header,Tiny_3,50654972,264
7daef651add11cb0,part2_sarntown_01_01_c17r23.tgm,Tiny_3,52450718,3719
87654b671d97f3e2,part2_sarntown_01_01_c17r23.tgm.header,Tiny_3,50651295,264
fa0abb2bc79124fe,part2_sarntown_01_01_c17r22.tgm,Art/Models/Terrain/Act3Town/tgms_7,728486,4673
62b209b4bb8272e4,part2_sarntown_01_01_c17r22.tgm.header,Tiny_3,50647312,264
f6ccec43b2917aca,part2_sarntown_01_01_c17r21.tgm,Art/Models/Terrain/Act3Town/tgms_7,722595,5891
73fe4c3bb121f761,part2_sarntown_01_01_c17r21.tgm.header,Tiny_3,50647048,264
f71e02842a3a211d,part2_sarntown_01_01_c17r20.tgm,Art/Models/Terrain/Act3Town/tgms_7,716094,6501
107946345a63c62e,part2_sarntown_01_01_c17r20.tgm.header,Tiny_3,52450454,264
fbd2d8ffbb9fbb52,part2_sarntown_01_01_c17r2.tgm,Tiny_3,52447065,3125
44a1e5f1b3c6968d,part2_sarntown_01_01_c17r2.tgm.header,Tiny_3,52450190,264
686d7ade43427aae,part2_sarntown_01_01_c17r19.tgm,Art/Models/Terrain/Act3Town/tgms_7,708111,7983
cd32ef4e002fa1f8,part2_sarntown_01_01_c17r19.tgm.header,Tiny_3,52446801,264
28fef08e8c534bb2,part2_sarntown_01_01_c17r18.tgm,Art/Models/Terrain/Act3Town/tgms_7,698742,9369
fd0b7e91d3555151,part2_sarntown_01_01_c17r18.tgm.header,Tiny_3,52446537,264
5576c88bf0c75b98,part2_sarntown_01_01_c17r17.tgm,Art/Models/Terrain/Act3Town/tgms_7,690033,8709
536ead83307cae6c,part2_sarntown_01_01_c17r17.tgm.header,Tiny_3,52446273,264
efa4d387605ee503,part2_sarntown_01_01_c17r16.tgm,Art/Models/Terrain/Act3Town/tgms_7,680728,9305
6ea1c85388d52534,part2_sarntown_01_01_c17r16.tgm.header,Tiny_3,50639877,264
8277682a771a84c8,part2_sarntown_01_01_c17r15.tgm,Art/Models/Terrain/Act3Town/tgms_7,671051,9677
c5b93c0f667f00d7,part2_sarntown_01_01_c17r15.tgm.header,Tiny_3,50639613,264
d8f34ac3031e6979,part2_sarntown_01_01_c17r14.tgm,Art/Models/Terrain/Act3Town/tgms_7,661068,9983
0c2d4a43f33ed314,part2_sarntown_01_01_c17r14.tgm.header,Tiny_3,50639349,264
77e8dc8095d1079d,part2_sarntown_01_01_c17r13.tgm,Art/Models/Terrain/Act3Town/tgms_7,651271,9797
f20cc4a9ce959b2b,part2_sarntown_01_01_c17r13.tgm.header,Tiny_3,50639085,264
b64ad34cc56b88b9,part2_sarntown_01_01_c17r12.tgm,Art/Models/Terrain/Act3Town/tgms_7,645014,6257
f83e2015162da0eb,part2_sarntown_01_01_c17r12.tgm.header,Tiny_3,50638821,264
0d6b6fea2f74349f,part2_sarntown_01_01_c17r11.tgm,Tiny_3,52443352,2921
c2c4543b8d91b57e,part2_sarntown_01_01_c17r11.tgm.header,Tiny_3,50638557,264
9e40116262ed25c1,part2_sarntown_01_01_c17r10.tgm,Tiny_3,52440437,2915
203d25cef3a486a4,part2_sarntown_01_01_c17r10.tgm.header,Tiny_3,50635372,264
f053c24d187eedae,part2_sarntown_01_01_c17r1.tgm,Tiny_3,52437708,2465
1ce00d537add3495,part2_sarntown_01_01_c17r1.tgm.header,Tiny_3,52440173,264
d7ca3b53a7b43835,part2_sarntown_01_01_c16r9.tgm,Art/Models/Terrain/Act3Town/tgms_7,640805,4209
85ecb8ca81bf3ab5,part2_sarntown_01_01_c16r9.tgm.header,Tiny_3,52437444,264
fcc74443e5f496da,part2_sarntown_01_01_c16r8.tgm,Tiny_3,52433589,3591
f6a6826b156c0703,part2_sarntown_01_01_c16r8.tgm.header,Tiny_3,52437180,264
c240c570ddfa1258,part2_sarntown_01_01_c16r7.tgm,Tiny_3,52429674,3651
aec517175b25d247,part2_sarntown_01_01_c16r7.tgm.header,Tiny_3,52433325,264
7ece8b52362da296,part2_sarntown_01_01_c16r6.tgm,Tiny_3,52426143,3267
3a83d31893b899a0,part2_sarntown_01_01_c16r6.tgm.header,Tiny_3,52429410,264
9c476128ce104330,part2_sarntown_01_01_c16r5.tgm,Tiny_3,52424122,1757
52387082e97088cf,part2_sarntown_01_01_c16r5.tgm.header,Tiny_3,52425879,264
e14fef0c5e6582c2,part2_sarntown_01_01_c16r4.tgm,Tiny_3,52422137,1721
a9f370f387c9bf14,part2_sarntown_01_01_c16r4.tgm.header,Tiny_3,52423858,264
ca60b17d0ad23a77,part2_sarntown_01_01_c16r3.tgm,Tiny_3,52419810,2063
51b2356ea7096881,part2_sarntown_01_01_c16r3.tgm.header,Tiny_3,52421873,264
266d82ae959fd8ba,part2_sarntown_01_01_c16r26.tgm,Tiny_3,52418959,851
674e3cb0eed06d3e,part2_sarntown_01_01_c16r26.tgm.header,Tiny_3,50621805,264
115671f654272b86,part2_sarntown_01_01_c16r25.tgm,Tiny_3,52417760,1199
65190c0f7355be7c,part2_sarntown_01_01_c16r25.tgm.header,Tiny_3,50620690,264
0d7fa17f211b7ebe,part2_sarntown_01_01_c16r24.tgm,Art/Models/Terrain/Act3Town/tgms_7,614060,26745
7c3e40cbd1c658ad,part2_sarntown_01_01_c16r24.tgm.header,Tiny_3,52417366,394
12670da1b449b980,part2_sarntown_01_01_c16r23.tgm,Tiny_3,52415483,1883
931af1e67981f693,part2_sarntown_01_01_c16r23.tgm.header,Tiny_3,50618833,264
047c6d381608e84c,part2_sarntown_01_01_c16r22.tgm,Tiny_3,52413006,2477
e70884612735d44e,part2_sarntown_01_01_c16r22.tgm.header,Tiny_3,50616686,264
7ae07cba4dd47135,part2_sarntown_01_01_c16r21.tgm,Tiny_3,52409455,3551
1ec32c0bce9eb8a0,part2_sarntown_01_01_c16r21.tgm.header,Tiny_3,50613945,264
88dc9ca3f85b3d11,part2_sarntown_01_01_c16r20.tgm,Art/Models/Terrain/Act3Town/tgms_7,544029,70031
8ee6dac85f7618a5,part2_sarntown_01_01_c16r20.tgm.header,Tiny_3,52407125,2330
9f9ab2f64adb1bb5,part2_sarntown_01_01_c16r2.tgm,Tiny_3,52404618,2243
e8d796ebea21c822,part2_sarntown_01_01_c16r2.tgm.header,Tiny_3,52406861,264
169e75dd750dc7c0,part2_sarntown_01_01_c16r19.tgm,Tiny_3,52400617,3737
c384d7574b787b63,part2_sarntown_01_01_c16r19.tgm.header,Tiny_3,52404354,264
d093a4ce763050af,part2_sarntown_01_01_c16r18.tgm,Art/Models/Terrain/Act3Town/tgms_7,539292,4737
2cea8a36046664b0,part2_sarntown_01_01_c16r18.tgm.header,Tiny_3,52400353,264
3c6d6b5d0d719a52,part2_sarntown_01_01_c16r17.tgm,Art/Models/Terrain/Act3Town/tgms_7,535069,4223
875f155dc8f95bae,part2_sarntown_01_01_c16r17.tgm.header,Tiny_3,50599454,264
6ab2d6cf92f97d0d,part2_sarntown_01_01_c16r16.tgm,Art/Models/Terrain/Act3Town/tgms_7,530822,4247
a569becfb5792491,part2_sarntown_01_01_c16r16.tgm.header,Tiny_3,50599190,264
ea9673e83a8fe895,part2_sarntown_01_01_c16r15.tgm,Art/Models/Terrain/Act3Town/tgms_7,526419,4403
7aab087382d5e1a4,part2_sarntown_01_01_c16r15.tgm.header,Tiny_3,50598926,264
71a476324d5591ca,part2_sarntown_01_01_c16r14.tgm,Art/Models/Terrain/Act3Town/tgms_7,521476,4943
d216c6aa02ee0cb2,part2_sarntown_01_01_c16r14.tgm.header,Tiny_3,50598662,264
897be8a21c4eeb3b,part2_sarntown_01_01_c16r13.tgm,Art/Models/Terrain/Act3Town/tgms_7,516209,5267
6c65b6b36de037b6,part2_sarntown_01_01_c16r13.tgm.header,Tiny_3,50598398,264
34bdada4301ede1f,part2_sarntown_01_01_c16r12.tgm,Art/Models/Terrain/Act3Town/tgms_7,510398,5811
b2f4db2f39c41bd9,part2_sarntown_01_01_c16r12.tgm.header,Tiny_3,52400089,264
f524c834a17587c3,part2_sarntown_01_01_c16r11.tgm,Art/Models/Terrain/Act3Town/tgms_7,505793,4605
a820ef2aa11cb663,part2_sarntown_01_01_c16r11.tgm.header,Tiny_3,52399825,264
e35cf8b9d92ee614,part2_sarntown_01_01_c16r10.tgm,Tiny_3,52396402,3159
3a03f38dbfa3ae0e,part2_sarntown_01_01_c16r10.tgm.header,Tiny_3,52399561,264
7c228a0a91ef6482,part2_sarntown_01_01_c16r1.tgm,Tiny_3,52394267,1871
6af2551006e0e937,part2_sarntown_01_01_c16r1.tgm.header,Tiny_3,52396138,264
22784e75afba4ba7,part2_sarntown_01_01_c15r9.tgm,Tiny_3,52390756,3247
1a189317f483c137,part2_sarntown_01_01_c15r9.tgm.header,Tiny_3,52394003,264
a06bb64b689ce7f2,part2_sarntown_01_01_c15r8.tgm,Tiny_3,52387995,2497
c1ba67b5213c3662,part2_sarntown_01_01_c15r8.tgm.header,Tiny_3,52390492,264
bd6814d411122890,part2_sarntown_01_01_c15r7.tgm,Tiny_3,52385082,2649
a596db962f91851c,part2_sarntown_01_01_c15r7.tgm.header,Tiny_3,52387731,264
d1401860100227ed,part2_sarntown_01_01_c15r6.tgm,Tiny_3,52382343,2475
29e5daebbaf91cd9,part2_sarntown_01_01_c15r6.tgm.header,Tiny_3,52384818,264
e798ec31c6080f7f,part2_sarntown_01_01_c15r5.tgm,Tiny_3,52380448,1631
1575a107f710353b,part2_sarntown_01_01_c15r5.tgm.header,Tiny_3,52382079,264
f6a9b0a784afdbef,part2_sarntown_01_01_c15r4.tgm,Tiny_3,52378547,1901
e1107657558e9920,part2_sarntown_01_01_c15r4.tgm.header,Tiny_3,50586501,264
df11f5d9c9403608,part2_sarntown_01_01_c15r3.tgm,Tiny_3,52376448,2099
5625babb6aff76d2,part2_sarntown_01_01_c15r3.tgm.header,Tiny_3,50584336,264
36a429f4d39e13a4,part2_sarntown_01_01_c15r26.tgm,Tiny_3,52375489,959
76a141150b55827f,part2_sarntown_01_01_c15r26.tgm.header,Tiny_3,50581973,264
26c9c6d910f82413,part2_sarntown_01_01_c15r25.tgm,Tiny_3,52373318,2171
0be2ac1f9f5a340b,part2_sarntown_01_01_c15r25.tgm.header,Tiny_3,50580750,264
0f8220e755796603,part2_sarntown_01_01_c15r24.tgm,Tiny_3,52370715,2603
7d0b8a8dadb25387,part2_sarntown_01_01_c15r24.tgm.header,Tiny_3,50578315,264
32ca2013a02fecdc,part2_sarntown_01_01_c15r23.tgm,Tiny_3,52367878,2837
6f1f3a88880e1d99,part2_sarntown_01_01_c15r23.tgm.header,Tiny_3,50575448,264
f7e17dc2c1efb4bf,part2_sarntown_01_01_c15r22.tgm,Tiny_3,52364363,3515
b9f6e282172e6dc1,part2_sarntown_01_01_c15r22.tgm.header,Tiny_3,50572347,264
a4e4e29b32560b80,part2_sarntown_01_01_c15r21.tgm,Tiny_3,52361322,3041
a2fa9513e97090b8,part2_sarntown_01_01_c15r21.tgm.header,Tiny_3,50568568,264
b0a7811f3e2b4d96,part2_sarntown_01_01_c15r20.tgm,Tiny_3,50562856,2407
afdc1f496fdb79b4,part2_sarntown_01_01_c15r20.tgm.header,Tiny_3,50565263,264
e5876dbff97cfd6a,part2_sarntown_01_01_c15r2.tgm,Tiny_3,52358095,2963
9cea2e01f8f409f0,part2_sarntown_01_01_c15r2.tgm.header,Tiny_3,52361058,264
3e57e04217b1028f,part2_sarntown_01_01_c15r19.tgm,Art/Models/Terrain/Act3Town/tgms_7,315462,190331
62cb1f7be2dc52bc,part2_sarntown_01_01_c15r19.tgm.header,Tiny_3,52355548,2547
4074b5f8b4add901,part2_sarntown_01_01_c15r18.tgm,Tiny_3,52352105,3443
5a60b75005d097d5,part2_sarntown_01_01_c15r18.tgm.header,Tiny_3,50556314,264
9002bac12022dc45,part2_sarntown_01_01_c15r17.tgm,Art/Models/Terrain/Act3Town/tgms_7,310819,4643
24b894970a9ceb8c,part2_sarntown_01_01_c15r17.tgm.header,Tiny_3,50552607,264
a84094d749a1b184,part2_sarntown_01_01_c15r16.tgm,Art/Models/Terrain/Act3Town/tgms_7,305840,4979
e0441a085c2091f5,part2_sarntown_01_01_c15r16.tgm.header,Tiny_3,50552343,264
c569c6ab1565d0b5,part2_sarntown_01_01_c15r15.tgm,Art/Models/Terrain/Act3Town/tgms_7,301665,4175
2d3c5fff8f77daae,part2_sarntown_01_01_c15r15.tgm.header,Tiny_3,50552079,264
f2981d7f2db09887,part2_sarntown_01_01_c15r14.tgm,Art/Models/Terrain/Act3Town/tgms_7,0,301665
9dfc39f798354d75,part2_sarntown_01_01_c15r14.tgm.header,Tiny_3,52348543,3562
5d4c61acc4c3f13c,part2_sarntown_01_01_c15r13.tgm,Art/Models/Terrain/Act3Town/tgms_6,2211827,28849
7bd05525889fe1e2,part2_sarntown_01_01_c15r13.tgm.header,Tiny_3,52348105,438
80b029436c60bd32,part2_sarntown_01_01_c15r12.tgm,Tiny_3,52344328,3513
ef5563e6f4acfa34,part2_sarntown_01_01_c15r12.tgm.header,Tiny_3,52347841,264
b8d1976ff6d64f7f,part2_sarntown_01_01_c15r11.tgm,Tiny_3,52342205,1859
3c90e99830c2a9be,part2_sarntown_01_01_c15r11.tgm.header,Tiny_3,52344064,264
6d85b2eec714f690,part2_sarntown_01_01_c15r10.tgm,Tiny_3,52340398,1543
98a47c73a2ac2cf6,part2_sarntown_01_01_c15r10.tgm.header,Tiny_3,52341941,264
6c936ef816a50ab7,part2_sarntown_01_01_c15r1.tgm,Tiny_3,52338005,2129
23f60e0607210815,part2_sarntown_01_01_c15r1.tgm.header,Tiny_3,52340134,264
a9926c38afb4d700,part2_sarntown_01_01_c14r9.tgm,Tiny_3,52334608,3133
c5b5085d1ef1ad2d,part2_sarntown_01_01_c14r9.tgm.header,Tiny_3,52337741,264
ae56fd8188c9b7ea,part2_sarntown_01_01_c14r8.tgm,Art/Models/Terrain/Act3Town/tgms_6,2011328,200499
5e7dc82352fc52f2,part2_sarntown_01_01_c14r8.tgm.header,Folders/art/models/terrain/templedungeon/tgms,557242,7258
dbb6c7ed9a68e741,part2_sarntown_01_01_c14r7.tgm,Art/Models/Terrain/Act3Town/tgms_6,2004339,6989
910b495ddaa779f0,part2_sarntown_01_01_c14r7.tgm.header,Tiny_3,52334344,264
31593ea9509baefd,part2_sarntown_01_01_c14r6.tgm,Art/Models/Terrain/Act3Town/tgms_6,1999320,5019
c501a25e1a871d42,part2_sarntown_01_01_c14r6.tgm.header,Tiny_3,52334080,264
9b152d225236a8f7,part2_sarntown_01_01_c14r5.tgm,Tiny_3,52332827,1253
f1f81a45105c8261,part2_sarntown_01_01_c14r5.tgm.header,Tiny_3,50526052,264
448151c6fd341202,part2_sarntown_01_01_c14r4.tgm,Tiny_3,52331070,1757
5236000f359cd719,part2_sarntown_01_01_c14r4.tgm.header,Tiny_3,50524535,264
2767e675f03be12a,part2_sarntown_01_01_c14r3.tgm,Tiny_3,52328863,2207
7e956104c2bef3c6,part2_sarntown_01_01_c14r3.tgm.header,Tiny_3,50522514,264
9cc437ebb6aafcda,part2_sarntown_01_01_c14r26.tgm,Tiny_3,52326716,2147
ff47cc90187d63da,part2_sarntown_01_01_c14r26.tgm.header,Tiny_3,50520043,264
cb4f357a9b005dc4,part2_sarntown_01_01_c14r25.tgm,Tiny_3,52323969,2747
80e8c96f125ef71d,part2_sarntown_01_01_c14r25.tgm.header,Tiny_3,50517632,264
ab3068933a4ba375,part2_sarntown_01_01_c14r24.tgm,Tiny_3,52320952,3017
db4d795c86e2a40c,part2_sarntown_01_01_c14r24.tgm.header,Tiny_3,50514621,264
b14c4ac391207899,part2_sarntown_01_01_c14r23.tgm,Tiny_3,52317467,3485
5275886c550ff515,part2_sarntown_01_01_c14r23.tgm.header,Tiny_3,50511340,264
95fd8afc88003c49,part2_sarntown_01_01_c14r22.tgm,Art/Models/Terrain/Act3Town/tgms_6,1994875,4445
24d6b215ec558499,part2_sarntown_01_01_c14r22.tgm.header,Tiny_3,50507591,264
23f45437462b234b,part2_sarntown_01_01_c14r21.tgm,Tiny_3,52313592,3875
3d38c4ee3c76f396,part2_sarntown_01_01_c14r21.tgm.header,Tiny_3,50507327,264
815f7b0bdd16a08a,part2_sarntown_01_01_c14r20.tgm,Tiny_3,52310287,3305
4f183245fa234325,part2_sarntown_01_01_c14r20.tgm.header,Tiny_3,50503188,264
21b1f08d7857826b,part2_sarntown_01_01_c14r2.tgm,Tiny_3,52307270,3017
2f1ef56e5fcc17d5,part2_sarntown_01_01_c14r2.tgm.header,Tiny_3,50499619,264
4806041f3c466a6c,part2_sarntown_01_01_c14r19.tgm,Art/Models/Terrain/Act3Town/tgms_6,1825026,169849
0e7ba24ef1a5fbb9,part2_sarntown_01_01_c14r19.tgm.header,Tiny_3,52303928,3342
fcd48d58c28648df,part2_sarntown_01_01_c14r18.tgm,Art/Models/Terrain/Act3Town/tgms_6,1819885,5141
66b87a14190b7ed4,part2_sarntown_01_01_c14r18.tgm.header,Tiny_3,50492952,264
be48492c9d5db18e,part2_sarntown_01_01_c14r17.tgm,Art/Models/Terrain/Act3Town/tgms_6,1814348,5537
b67c8a6d737b5985,part2_sarntown_01_01_c14r17.tgm.header,Tiny_3,50492688,264
e629debac95efce2,part2_sarntown_01_01_c14r16.tgm,Art/Models/Terrain/Act3Town/tgms_6,1808433,5915
58f8a4af2577bbf3,part2_sarntown_01_01_c14r16.tgm.header,Tiny_3,50492424,264
14e86d28cc2eeeed,part2_sarntown_01_01_c14r15.tgm,Art/Models/Terrain/Act3Town/tgms_6,1804288,4145
edb23010d6bb5d96,part2_sarntown_01_01_c14r15.tgm.header,Tiny_3,50492160,264
0a89083363afb195,part2_sarntown_01_01_c14r14.tgm,Tiny_3,52301525,2139
df34f85368ae455f,part2_sarntown_01_01_c14r14.tgm.header,Tiny_3,52303664,264
67c3b113d2d644f9,part2_sarntown_01_01_c14r13.tgm,Tiny_3,52298744,2517
6b5ba3dfb1247226,part2_sarntown_01_01_c14r13.tgm.header,Tiny_3,52301261,264
93059488af7378f5,part2_sarntown_01_01_c14r12.tgm,Tiny_3,52296733,1747
8ac39d3157c0bef8,part2_sarntown_01_01_c14r12.tgm.header,Tiny_3,52298480,264
e197fec6db1e5890,part2_sarntown_01_01_c14r11.tgm,Tiny_3,52295370,1099
2255bc643b95273f,part2_sarntown_01_01_c14r11.tgm.header,Tiny_3,52296469,264
15536ef78ec0d87a,part2_sarntown_01_01_c14r10.tgm,Tiny_3,52292675,2431
10164942aa6979d6,part2_sarntown_01_01_c14r10.tgm.header,Tiny_3,52295106,264
f5b8583c3713c796,part2_sarntown_01_01_c14r1.tgm,Tiny_3,52290930,1481
b6f7462e5251adac,part2_sarntown_01_01_c14r1.tgm.header,Tiny_3,52292411,264
dbe34c4a16d63e98,part2_sarntown_01_01_c13r9.tgm,Art/Models/Terrain/Act3Town/tgms_6,1799111,5177
1f61076a94e9e035,part2_sarntown_01_01_c13r9.tgm.header,Tiny_3,52290666,264
72a47563c8b7fec3,part2_sarntown_01_01_c13r8.tgm,Art/Models/Terrain/Act3Town/tgms_6,1794886,4225
5d985dd086ddc2dc,part2_sarntown_01_01_c13r8.tgm.header,Tiny_3,52290402,264
42d380245d07af01,part2_sarntown_01_01_c13r7.tgm,Art/Models/Terrain/Act3Town/tgms_6,1786985,7901
b394a046e01be2ba,part2_sarntown_01_01_c13r7.tgm.header,Tiny_3,52290138,264
709faff2b01d100c,part2_sarntown_01_01_c13r6.tgm,Art/Models/Terrain/Act3Town/tgms_6,1780970,6015
a73b5a6f7531601e,part2_sarntown_01_01_c13r6.tgm.header,Tiny_3,52289874,264
7cbac0b984ae58cd,part2_sarntown_01_01_c13r5.tgm,Tiny_3,52288045,1829
68a872f9b8b7db58,part2_sarntown_01_01_c13r5.tgm.header,Tiny_3,50471212,264
9b15b4e077759ff1,part2_sarntown_01_01_c13r4.tgm,Tiny_3,52286090,1955
5120b8c0d5e144fb,part2_sarntown_01_01_c13r4.tgm.header,Tiny_3,50469119,264
9e74c8f092e22c1c,part2_sarntown_01_01_c13r3.tgm,Tiny_3,52283955,2135
f75ad37de5983308,part2_sarntown_01_01_c13r3.tgm.header,Tiny_3,50466900,264
dc43ad315658765c,part2_sarntown_01_01_c13r26.tgm,Tiny_3,52280782,3173
c6099fa1ea5190f3,part2_sarntown_01_01_c13r26.tgm.header,Tiny_3,50464501,264
d4ff90f458a9e1d3,part2_sarntown_01_01_c13r25.tgm,Art/Models/Terrain/Act3Town/tgms_6,1776207,4763
c0011ed017e058bc,part2_sarntown_01_01_c13r25.tgm.header,Tiny_3,50461064,264
ee2511595e0ce64a,part2_sarntown_01_01_c13r24.tgm,Art/Models/Terrain/Act3Town/tgms_6,1769896,6311
2ebf88eac3869bca,part2_sarntown_01_01_c13r24.tgm.header,Tiny_3,50460800,264
6fd8ec3fc23402ad,part2_sarntown_01_01_c13r23.tgm,Art/Models/Terrain/Act3Town/tgms_6,1764683,5213
b2aee0beefe429d4,part2_sarntown_01_01_c13r23.tgm.header,Tiny_3,50460536,264
b8b84801958746ed,part2_sarntown_01_01_c13r22.tgm,Art/Models/Terrain/Act3Town/tgms_6,1759812,4871
176f05aa0afc43f2,part2_sarntown_01_01_c13r22.tgm.header,Tiny_3,50460272,264
b43f70de5c852a3d,part2_sarntown_01_01_c13r21.tgm,Art/Models/Terrain/Act3Town/tgms_6,1754551,5261
a2230fe0c39681ea,part2_sarntown_01_01_c13r21.tgm.header,Tiny_3,50460008,264
7818fe3e25e072ac,part2_sarntown_01_01_c13r20.tgm,Art/Models/Terrain/Act3Town/tgms_6,1677190,77361
747f604111998576,part2_sarntown_01_01_c13r20.tgm.header,Tiny_3,52277880,2902
937a27248a855fd6,part2_sarntown_01_01_c13r2.tgm,Tiny_3,52275295,2585
10fb510a63287220,part2_sarntown_01_01_c13r2.tgm.header,Tiny_3,50457634,264
fd2944c5935a51f8,part2_sarntown_01_01_c13r19.tgm,Art/Models/Terrain/Act3Town/tgms_6,1672583,4607
7ed7870eb449ce34,part2_sarntown_01_01_c13r19.tgm.header,Tiny_3,50454785,264
3c046ce1c18bf91a,part2_sarntown_01_01_c13r18.tgm,Art/Models/Terrain/Act3Town/tgms_6,1547034,125549
6c4e2247cda84195,part2_sarntown_01_01_c13r18.tgm.header,Tiny_3,52272041,3254
4df40ae7b0b51454,part2_sarntown_01_01_c13r17.tgm,Art/Models/Terrain/Act3Town/tgms_6,1541443,5591
518b87b966c42f7b,part2_sarntown_01_01_c13r17.tgm.header,Tiny_3,50454257,264
72ef0a0f77fcc2dd,part2_sarntown_01_01_c13r16.tgm,Art/Models/Terrain/Act3Town/tgms_6,1535014,6429
9ef91c0d28dc0bc4,part2_sarntown_01_01_c13r16.tgm.header,Tiny_3,52271777,264
e6acebe89b029e79,part2_sarntown_01_01_c13r15.tgm,Art/Models/Terrain/Act3Town/tgms_6,1528759,6255
9ffbe20344deef6f,part2_sarntown_01_01_c13r15.tgm.header,Tiny_3,52271513,264
d47c12bfd6e53a78,part2_sarntown_01_01_c13r14.tgm,Art/Models/Terrain/Act3Town/tgms_6,1524322,4437
0ccebd0ec150506a,part2_sarntown_01_01_c13r14.tgm.header,Tiny_3,52271249,264
90cb2563eafea138,part2_sarntown_01_01_c13r13.tgm,Tiny_3,52268388,2597
5ea000ff6c891598,part2_sarntown_01_01_c13r13.tgm.header,Tiny_3,52270985,264
16ca24c13c1f2c20,part2_sarntown_01_01_c13r12.tgm,Tiny_3,52266125,1999
754714d81eb5e51b,part2_sarntown_01_01_c13r12.tgm.header,Tiny_3,52268124,264
56a9e9008200020c,part2_sarntown_01_01_c13r11.tgm,Tiny_3,52264402,1459
b6cf97ee3cb88835,part2_sarntown_01_01_c13r11.tgm.header,Tiny_3,52265861,264
c533d8a1d7c48f3b,part2_sarntown_01_01_c13r10.tgm,Tiny_3,52262463,1675
6039711fcb2e7dfc,part2_sarntown_01_01_c13r10.tgm.header,Tiny_3,52264138,264
eb3073b8217941cf,part2_sarntown_01_01_c13r1.tgm,Tiny_3,52261264,1199
55b5cd28b8ce0575,part2_sarntown_01_01_c13r1.tgm.header,Tiny_3,50444449,264
fcdcbebf0b48a303,part2_sarntown_01_01_c12r9.tgm,Tiny_3,52257915,3085
665d650b85aaabc1,part2_sarntown_01_01_c12r9.tgm.header,Tiny_3,52261000,264
68cb4596f14afd17,part2_sarntown_01_01_c12r8.tgm,Tiny_3,52254458,3193
06fcd51577616e61,part2_sarntown_01_01_c12r8.tgm.header,Tiny_3,52257651,264
0e3c04f5a4c14b6a,part2_sarntown_01_01_c12r7.tgm,Art/Models/Terrain/Act3Town/tgms_6,1519127,5195
485b1885650dddf4,part2_sarntown_01_01_c12r7.tgm.header,Tiny_3,52254194,264
def0f1ceb4b2b145,part2_sarntown_01_01_c12r6.tgm,Art/Models/Terrain/Act3Town/tgms_6,1514588,4539
ce642af2b4745cb8,part2_sarntown_01_01_c12r6.tgm.header,Tiny_3,52253930,264
b4cd89c875aa21f0,part2_sarntown_01_01_c12r5.tgm,Tiny_3,52252299,1631
ee0b56a39a5b00f0,part2_sarntown_01_01_c12r5.tgm.header,Tiny_3,50435652,264
8a0124158893553c,part2_sarntown_01_01_c12r4.tgm,Tiny_3,52250380,1919
d39003f05aa360c7,part2_sarntown_01_01_c12r4.tgm.header,Tiny_3,50433757,264
f197dd9394e7f10c,part2_sarntown_01_01_c12r3.tgm,Tiny_3,52248749,1631
2452186d401b1f66,part2_sarntown_01_01_c12r3.tgm.header,Tiny_3,50431574,264
91a7464216ccc279,part2_sarntown_01_01_c12r26.tgm,Tiny_3,52247568,1181
b467f571a9d4ee05,part2_sarntown_01_01_c12r26.tgm.header,Tiny_3,50429679,264
e12ec064befff57b,part2_sarntown_01_01_c12r25.tgm,Tiny_3,52246153,1415
8d1dc72cde701ab1,part2_sarntown_01_01_c12r25.tgm.header,Tiny_3,50428234,264
e0eebdc100daf027,part2_sarntown_01_01_c12r24.tgm,Tiny_3,52243604,2549
58c650406a4145d6,part2_sarntown_01_01_c12r24.tgm.header,Tiny_3,50426555,264
af11d50ae3a655cd,part2_sarntown_01_01_c12r23.tgm,Tiny_3,52239921,3683
f763c12379c7379c,part2_sarntown_01_01_c12r23.tgm.header,Tiny_3,50423742,264
119c3895a46e6e95,part2_sarntown_01_01_c12r22.tgm,Art/Models/Terrain/Act3Town/tgms_6,1510401,4187
5825010acf136320,part2_sarntown_01_01_c12r22.tgm.header,Tiny_3,50419795,264
c34c22face2a111c,part2_sarntown_01_01_c12r21.tgm,Tiny_3,52236526,3395
5b27fd89d06a1370,part2_sarntown_01_01_c12r21.tgm.header,Tiny_3,50419531,264
71cf74e8b04359b7,part2_sarntown_01_01_c12r20.tgm,Tiny_3,52233311,3215
9abfacaabd9ff964,part2_sarntown_01_01_c12r20.tgm.header,Tiny_3,50415872,264
9b606a4c220b0b56,part2_sarntown_01_01_c12r2.tgm,Tiny_3,52231950,1361
eeb05fd7c05edfe6,part2_sarntown_01_01_c12r2.tgm.header,Tiny_3,50412393,264
46df44cce6c29c3e,part2_sarntown_01_01_c12r19.tgm,Art/Models/Terrain/Act3Town/tgms_6,1285044,225357
b6e8b1c999eb714c,part2_sarntown_01_01_c12r19.tgm.header,Tiny_3,52229444,2506
cc3821cf05bc0de0,part2_sarntown_01_01_c12r18.tgm,Tiny_3,52226247,3197
c899635deb162416,part2_sarntown_01_01_c12r18.tgm.header,Tiny_3,50408262,264
0bd3397c5f02f89a,part2_sarntown_01_01_c12r17.tgm,Tiny_3,52222176,3807
9230b3330e6e8c63,part2_sarntown_01_01_c12r17.tgm.header,Tiny_3,52225983,264
9b8c6476fc8775fb,part2_sarntown_01_01_c12r16.tgm,Art/Models/Terrain/Act3Town/tgms_6,1180001,105043
3cc44df4f3bde96e,part2_sarntown_01_01_c12r16.tgm.header,Tiny_3,52220022,2154
febdb6f40b81160f,part2_sarntown_01_01_c12r15.tgm,Tiny_3,52215745,4013
33cd830ad67d1f2a,part2_sarntown_01_01_c12r15.tgm.header,Tiny_3,52219758,264
56e1015c9e57d067,part2_sarntown_01_01_c12r14.tgm,Tiny_3,52211960,3521
a980a7534dc2189b,part2_sarntown_01_01_c12r14.tgm.header,Tiny_3,52215481,264
2780643e2433f395,part2_sarntown_01_01_c12r13.tgm,Tiny_3,52209217,2479
7de682db5337e7b1,part2_sarntown_01_01_c12r13.tgm.header,Tiny_3,52211696,264
dfee2f72d229fde4,part2_sarntown_01_01_c12r12.tgm,Tiny_3,52207026,1927
86d2be0defbd953a,part2_sarntown_01_01_c12r12.tgm.header,Tiny_3,52208953,264
116d4054f6843e76,part2_sarntown_01_01_c12r11.tgm,Tiny_3,52205135,1627
cd67caf1286da6ca,part2_sarntown_01_01_c12r11.tgm.header,Tiny_3,52206762,264
0793c3cbfe5a6be2,part2_sarntown_01_01_c12r10.tgm,Tiny_3,52203028,1843
01bd41cb9d3cdd48,part2_sarntown_01_01_c12r10.tgm.header,Tiny_3,52204871,264
a7d80321531583c8,part2_sarntown_01_01_c12r1.tgm,Tiny_3,50382895,625
b42907572c79bdf1,part2_sarntown_01_01_c12r1.tgm.header,Tiny_3,50383520,264
fe08f2364cb21ad3,part2_sarntown_01_01_c11r9.tgm,Tiny_3,52199781,2983
aab22ce77676ec23,part2_sarntown_01_01_c11r9.tgm.header,Tiny_3,52202764,264
e97e70ed6b70c09c,part2_sarntown_01_01_c11r8.tgm,Tiny_3,52195754,3763
098670c3dc59a87b,part2_sarntown_01_01_c11r8.tgm.header,Tiny_3,52199517,264
8e4935b97301549d,part2_sarntown_01_01_c11r7.tgm,Art/Models/Terrain/Act3Town/tgms_6,1175772,4229
a98a2723e57c7537,part2_sarntown_01_01_c11r7.tgm.header,Tiny_3,52195490,264
ab601db66a9ee998,part2_sarntown_01_01_c11r6.tgm,Tiny_3,52191503,3723
3d325b295f2df46b,part2_sarntown_01_01_c11r6.tgm.header,Tiny_3,52195226,264
3ccb879ff4b79b22,part2_sarntown_01_01_c11r5.tgm,Tiny_3,52189818,1685
d01bd7d894a7616c,part2_sarntown_01_01_c11r5.tgm.header,Tiny_3,50371338,264
61712e5825a3861c,part2_sarntown_01_01_c11r4.tgm,Tiny_3,52187647,2171
a521d05418e07ecd,part2_sarntown_01_01_c11r4.tgm.header,Tiny_3,50369389,264
bd8476d7ab7f14a5,part2_sarntown_01_01_c11r3.tgm,Tiny_3,52185728,1919
142c84aaee1fded4,part2_sarntown_01_01_c11r3.tgm.header,Tiny_3,50366954,264
0be850359a6bc4ac,part2_sarntown_01_01_c11r26.tgm,Art/Models/Terrain/Act3Town/tgms_6,867807,307965
3cd015cfe991e650,part2_sarntown_01_01_c11r26.tgm.header,Folders/art/models/terrain/templedungeon/tgms,552888,4354
6a6f1ea1080b771e,part2_sarntown_01_01_c11r25.tgm,Tiny_3,52184799,929
9ada35c0f48d3ec7,part2_sarntown_01_01_c11r25.tgm.header,Tiny_3,50361121,264
9f31c83fc5b2a793,part2_sarntown_01_01_c11r24.tgm,Art/Models/Terrain/Act3Town/tgms_6,693906,173901
8fa3890ab9357c1e,part2_sarntown_01_01_c11r24.tgm.header,Tiny_3,52181765,3034
d6405c7226c48055,part2_sarntown_01_01_c11r23.tgm,Tiny_3,52180512,1253
37aaf11321827bc1,part2_sarntown_01_01_c11r23.tgm.header,Tiny_3,50356234,264
d070b9e3dc7f5f76,part2_sarntown_01_01_c11r22.tgm,Art/Models/Terrain/Act3Town/tgms_6,541129,152777
dfca5303a69f3a9a,part2_sarntown_01_01_c11r22.tgm.header,Tiny_3,52177522,2990
8adb0a38ee6b4c91,part2_sarntown_01_01_c11r21.tgm,Tiny_3,52174289,3233
b8b92b22afa2af00,part2_sarntown_01_01_c11r21.tgm.header,Tiny_3,50352387,264
d71996cfadaa848f,part2_sarntown_01_01_c11r20.tgm,Tiny_3,52170714,3575
37f4b5b66a13dc9a,part2_sarntown_01_01_c11r20.tgm.header,Tiny_3,50348890,264
9f7e4cf7620bb577,part2_sarntown_01_01_c11r2.tgm,Tiny_3,52170139,575
08ece7b9be84da66,part2_sarntown_01_01_c11r2.tgm.header,Tiny_3,50345051,264
91e1ae7c8964db49,part2_sarntown_01_01_c11r19.tgm,Tiny_3,52166066,3809
7766e217dbdf4983,part2_sarntown_01_01_c11r19.tgm.header,Tiny_3,52169875,264
025b453cb1fecb18,part2_sarntown_01_01_c11r18.tgm,Art/Models/Terrain/Act3Town/tgms_6,0,541129
cfe5fb7797598587,part2_sarntown_01_01_c11r18.tgm.header,Tiny_3,50343906,306
b9d076b9147ce324,part2_sarntown_01_01_c11r17.tgm,Tiny_3,52162517,3285
1c4f3e930a65e916,part2_sarntown_01_01_c11r17.tgm.header,Tiny_3,52165802,264
01ef7147c56f4d8e,part2_sarntown_01_01_c11r16.tgm,Tiny_3,52158850,3403
17077c96853e98b6,part2_sarntown_01_01_c11r16.tgm.header,Tiny_3,52162253,264
6561cbc96e1af405,part2_sarntown_01_01_c11r15.tgm,Tiny_3,52155615,2971
89a335ffc08fce50,part2_sarntown_01_01_c11r15.tgm.header,Tiny_3,52158586,264
ea2b414d3bc7457f,part2_sarntown_01_01_c11r14.tgm,Tiny_3,52152524,2827
4ea6ce79df42c42c,part2_sarntown_01_01_c11r14.tgm.header,Tiny_3,52155351,264
d4bb257411135413,part2_sarntown_01_01_c11r13.tgm,Tiny_3,52149883,2377
8b9e74b7d7b6a93c,part2_sarntown_01_01_c11r13.tgm.header,Tiny_3,52152260,264
0598a2536ad325e3,part2_sarntown_01_01_c11r12.tgm,Art/Models/Terrain/Act3Town/tgms_5,1228899,289045
baf3a9cf8c566410,part2_sarntown_01_01_c11r12.tgm.header,Tiny_3,52146145,3738
10fc152177ffb7ef,part2_sarntown_01_01_c11r11.tgm,Tiny_3,52143138,2743
19f565143509278d,part2_sarntown_01_01_c11r11.tgm.header,Tiny_3,52145881,264
2ead1c889aa345c0,part2_sarntown_01_01_c11r10.tgm,Tiny_3,52140473,2401
ac6d9d41bd455a40,part2_sarntown_01_01_c11r10.tgm.header,Tiny_3,52142874,264
1942e10994864111,part2_sarntown_01_01_c11r1.tgm,Tiny_3,52139692,517
d742267222b58463,part2_sarntown_01_01_c11r1.tgm.header,Tiny_3,52140209,264
b283d147701926a6,part2_sarntown_01_01_c10r9.tgm,Art/Models/Terrain/Act3Town/tgms_5,1208424,20475
2fa958e695d6ffe2,part2_sarntown_01_01_c10r9.tgm.header,Tiny_3,52139428,264
38449e41cd35958d,part2_sarntown_01_01_c10r8.tgm,Tiny_3,52136091,3073
b54e58a28e063596,part2_sarntown_01_01_c10r8.tgm.header,Tiny_3,52139164,264
981116340eb7236b,part2_sarntown_01_01_c10r7.tgm,Tiny_3,52133138,2689
45477fb531d99212,part2_sarntown_01_01_c10r7.tgm.header,Tiny_3,52135827,264
9dbeede1078eebb1,part2_sarntown_01_01_c10r6.tgm,Tiny_3,52129205,3669
7cb1cbb275c18513,part2_sarntown_01_01_c10r6.tgm.header,Tiny_3,52132874,264
a7cbaf1a1667f140,part2_sarntown_01_01_c10r5.tgm,Tiny_3,52126404,2801
b925c8f1836f7ad5,part2_sarntown_01_01_c10r5.tgm.header,Tiny_3,50306463,264
81f5bd63e7165bce,part2_sarntown_01_01_c10r4.tgm,Tiny_3,52124377,2027
3cf8e9085bb16245,part2_sarntown_01_01_c10r4.tgm.header,Tiny_3,50303398,264
06fed034b7e42397,part2_sarntown_01_01_c10r3.tgm,Tiny_3,52122722,1655
42dec0f2ba694d7b,part2_sarntown_01_01_c10r3.tgm.header,Tiny_3,50301107,264
c549060554f2f80a,part2_sarntown_01_01_c10r26.tgm,Tiny_3,52121871,851
f2ec87f7329e3c75,part2_sarntown_01_01_c10r26.tgm.header,Tiny_3,50299188,264
2c145a6b8ed70f07,part2_sarntown_01_01_c10r25.tgm,Tiny_3,52120888,983
ff3ccd7403b8258a,part2_sarntown_01_01_c10r25.tgm.header,Tiny_3,50298073,264
c4ac6e31a997606e,part2_sarntown_01_01_c10r24.tgm,Tiny_3,52119329,1559
5d580fcc49d3310e,part2_sarntown_01_01_c10r24.tgm.header,Tiny_3,50296826,264
47a6cc63f8875480,part2_sarntown_01_01_c10r23.tgm,Art/Models/Terrain/Act3Town/tgms_5,1175035,33389
73a28150f5154cbc,part2_sarntown_01_01_c10r23.tgm.header,Tiny_3,52118715,614
14b3a0282b711bf8,part2_sarntown_01_01_c10r22.tgm,Tiny_3,52117048,1667
defd4b17c6de57cc,part2_sarntown_01_01_c10r22.tgm.header,Tiny_3,50294389,264
b30d2d41334bd0e5,part2_sarntown_01_01_c10r21.tgm,Tiny_3,52115129,1919
106f5a5ab757615f,part2_sarntown_01_01_c10r21.tgm.header,Tiny_3,50292458,264
90088523ab503cf5,part2_sarntown_01_01_c10r20.tgm,Tiny_3,52112544,2585
12fe544d5c4ce74b,part2_sarntown_01_01_c10r20.tgm.header,Tiny_3,50290275,264
61548f9a8f3fc0c4,part2_sarntown_01_01_c10r2.tgm,Tiny_3,50286963,463
a0cc9d2418a970cd,part2_sarntown_01_01_c10r2.tgm.header,Tiny_3,50287426,264
8037a786abb5af2d,part2_sarntown_01_01_c10r19.tgm,Art/Models/Terrain/Act3Town/tgms_5,999256,175779
f92700a1ed5d5292,part2_sarntown_01_01_c10r19.tgm.header,Folders/art/models/terrain/templedungeon/tgms,547874,5014
4f01f235a38b6986,part2_sarntown_01_01_c10r18.tgm,Tiny_3,52109203,3341
c68222ea9f0afe93,part2_sarntown_01_01_c10r18.tgm.header,Tiny_3,50286699,264
2dbf1632fcf20081,part2_sarntown_01_01_c10r17.tgm,Tiny_3,52105168,3771
e3e8e1e0e470b408,part2_sarntown_01_01_c10r17.tgm.header,Tiny_3,52108939,264
51ee74453377b844,part2_sarntown_01_01_c10r16.tgm,Art/Models/Terrain/Act3Town/tgms_5,994987,4269
aafdb6ca9acbf1fd,part2_sarntown_01_01_c10r16.tgm.header,Tiny_3,52104904,264
63ac899cf3a990a0,part2_sarntown_01_01_c10r15.tgm,Art/Models/Terrain/Act3Town/tgms_5,914014,80973
247faf6709648c35,part2_sarntown_01_01_c10r15.tgm.header,Tiny_3,52102926,1978
d9642de5a485a6f2,part2_sarntown_01_01_c10r14.tgm,Tiny_3,52099507,3155
7b673424abd9012d,part2_sarntown_01_01_c10r14.tgm.header,Tiny_3,52102662,264
d3ba2f4f887b8557,part2_sarntown_01_01_c10r13.tgm,Tiny_3,52096986,2257
47186cb6ab1c0df9,part2_sarntown_01_01_c10r13.tgm.header,Tiny_3,52099243,264
e9e627885b661e99,part2_sarntown_01_01_c10r12.tgm,Tiny_3,52094975,1747
c7d22901b9eca0e7,part2_sarntown_01_01_c10r12.tgm.header,Tiny_3,52096722,264
ae09865505b73753,part2_sarntown_01_01_c10r11.tgm,Tiny_3,52091986,2725
be2899e86ad22233,part2_sarntown_01_01_c10r11.tgm.header,Tiny_3,52094711,264
19cd3f1dc06acae3,part2_sarntown_01_01_c10r10.tgm,Tiny_3,52090011,1711
610daa40a5e3b4d0,part2_sarntown_01_01_c10r10.tgm.header,Tiny_3,52091722,264
5149fd1b8eeb27c3,part2_sarntown_01_01_c10r1.tgm,Tiny_3,52089548,463
b61b4030cf53b816,part2_sarntown_01_01_c10r1.tgm.header,Tiny_3,50287426,264
57833f8fa1fb4825,panadaunsrotten01_c2r2.tgm,Art/Models/Terrain/Act3Town/tgms_5,758009,156005
e009b2aae0f6a056,panadaunsrotten01_c2r2.tgm.header,Tiny_3,52089284,264
aeebce962937eb05,panadaunsrotten01_c2r1.tgm,Art/Models/Terrain/Act3Town/tgms_5,0,758009
bacc0e6856038439,panadaunsrotten01_c2r1.tgm.header,Tiny_3,52089020,264
9fa3600bf9740fd6,panadaunsrotten01_c1r2.tgm,Art/Models/Terrain/Act3Town/tgms_4,1751167,91211
97bd7f72eb964fe4,panadaunsrotten01_c1r2.tgm.header,Tiny_3,52088756,264
71eb0ab90089221b,panadaunsrotten01_c1r1.tgm,Art/Models/Terrain/Act3Town/tgms_4,1375532,375635
d1ec07ccd252b976,panadaunsrotten01_c1r1.tgm.header,Tiny_3,52088492,264
a7cd61fcfde65162,cityriverfill_01.tgm,Tiny_3,52087677,551
6a90ffba041aaea6,cityriverfill_01.tgm.header,Tiny_3,52088228,264
84e97eb3534ae476,act3_town_01_01_c9r9.tgm,Tiny_3,52086380,1033
93d1e8bd389884bd,act3_town_01_01_c9r9.tgm.header,Tiny_3,52087413,264
5f64e8d0f83812e7,act3_town_01_01_c9r8.tgm,Tiny_3,52084621,1495
b4dbb89cdf3bc96b,act3_town_01_01_c9r8.tgm.header,Tiny_3,52086116,264
5c1426c82dfb9795,act3_town_01_01_c9r7.tgm,Tiny_3,52080434,3923
4cf5c83153f2431f,act3_town_01_01_c9r7.tgm.header,Tiny_3,52084357,264
e9e78a375258674c,act3_town_01_01_c9r6.tgm,Tiny_3,52077207,2963
4d68806bef1eedf8,act3_town_01_01_c9r6.tgm.header,Tiny_3,52080170,264
1da2281bb71cb7a7,act3_town_01_01_c9r5.tgm,Tiny_3,52074376,2567
01d3456f436ba3d7,act3_town_01_01_c9r5.tgm.header,Tiny_3,52076943,264
ea355501de856171,act3_town_01_01_c9r4.tgm,Tiny_3,52071455,2657
7073f7e84ef22c79,act3_town_01_01_c9r4.tgm.header,Tiny_3,52074112,264
dfb3388d1f833e69,act3_town_01_01_c9r3.tgm,Tiny_3,52068768,2423
b6b9a47b3ebe18f8,act3_town_01_01_c9r3.tgm.header,Tiny_3,52071191,264
432edc9e3984753d,act3_town_01_01_c9r26.tgm,Tiny_3,52067683,821
545216ec1e54f4a7,act3_town_01_01_c9r26.tgm.header,Tiny_3,52068504,264
0c08c5a4110b2bd1,act3_town_01_01_c9r25.tgm,Tiny_3,52066220,1199
cabc010750686007,act3_town_01_01_c9r25.tgm.header,Tiny_3,52067419,264
6efa463cdb1b7ea7,act3_town_01_01_c9r24.tgm,Tiny_3,52064649,1307
9cdb0d00638113f6,act3_town_01_01_c9r24.tgm.header,Tiny_3,52065956,264
ece27da1611be726,act3_town_01_01_c9r23.tgm,Tiny_3,52063078,1307
e52afabcdd480ec0,act3_town_01_01_c9r23.tgm.header,Tiny_3,52064385,264
ef103ad6c95d6185,act3_town_01_01_c9r22.tgm,Tiny_3,52061291,1523
a9fb3318c54764ba,act3_town_01_01_c9r22.tgm.header,Tiny_3,52062814,264
8c6831a81a40403e,act3_town_01_01_c9r21.tgm,Art/Models/Terrain/Act3Town/tgms_4,788473,587059
0e37cbb62bdc8efe,act3_town_01_01_c9r21.tgm.header,Tiny_3,52060985,306
480edffed908761d,act3_town_01_01_c9r20.tgm,Tiny_3,52059018,1703
70ffedbda567b70d,act3_town_01_01_c9r20.tgm.header,Tiny_3,52060721,264
f9c654c04219a02d,act3_town_01_01_c9r2.tgm,Tiny_3,52057213,1541
438f2bbbafd65700,act3_town_01_01_c9r2.tgm.header,Tiny_3,52058754,264
2663c53b958a8f45,act3_town_01_01_c9r19.tgm,Tiny_3,52054976,1973
849fb34d30496c96,act3_town_01_01_c9r19.tgm.header,Tiny_3,52056949,264
e201e59d503018c6,act3_town_01_01_c9r18.tgm,Tiny_3,52052019,2693
ef247a656bc5e9ee,act3_town_01_01_c9r18.tgm.header,Tiny_3,52054712,264
68ee60ace777f869,act3_town_01_01_c9r17.tgm,Tiny_3,52048774,2981
1b352a3d34ac662b,act3_town_01_01_c9r17.tgm.header,Tiny_3,52051755,264
66789fb0f9f3c954,act3_town_01_01_c9r16.tgm,Tiny_3,52045115,3395
91d2a9cf24fcdd86,act3_town_01_01_c9r16.tgm.header,Tiny_3,52048510,264
2f071362e736894d,act3_town_01_01_c9r15.tgm,Tiny_3,52040946,3905
c8f9e6cbbf64b754,act3_town_01_01_c9r15.tgm.header,Tiny_3,52044851,264
dcb7d9532e75cdd3,act3_town_01_01_c9r14.tgm,Tiny_3,52037485,3197
c3a9d2797c2fa5d3,act3_town_01_01_c9r14.tgm.header,Tiny_3,52040682,264
2226aecfba8e382b,act3_town_01_01_c9r13.tgm,Tiny_3,52034396,2825
29afdff214737b6d,act3_town_01_01_c9r13.tgm.header,Tiny_3,52037221,264
9b600578ea13c781,act3_town_01_01_c9r12.tgm,Tiny_3,52031277,2855
877e630bba0e81cf,act3_town_01_01_c9r12.tgm.header,Tiny_3,52034132,264
a92c1ad8d6b84257,act3_town_01_01_c9r11.tgm,Tiny_3,52028242,2771
aac939ebef30473b,act3_town_01_01_c9r11.tgm.header,Tiny_3,52031013,264
4aa8b8532f24eb39,act3_town_01_01_c9r10.tgm,Tiny_3,52025565,2413
7869ad76e0e40e92,act3_town_01_01_c9r10.tgm.header,Tiny_3,52027978,264
1134dea52ff25222,act3_town_01_01_c9r1.tgm,Tiny_3,52024892,409
e7512809ecc5a517,act3_town_01_01_c9r1.tgm.header,Tiny_3,52025301,264
eda787e7580e6647,act3_town_01_01_c8r9.tgm,Tiny_3,52021957,2671
f3627691772fa16c,act3_town_01_01_c8r9.tgm.header,Tiny_3,52024628,264
2bf4ad2ef62f4a4a,act3_town_01_01_c8r8.tgm,Tiny_3,52019850,1843
54b22a010108887d,act3_town_01_01_c8r8.tgm.header,Tiny_3,52021693,264
c706cbddcfba9a3f,act3_town_01_01_c8r7.tgm,Tiny_3,52016365,3221
91ea3dad0525b8bb,act3_town_01_01_c8r7.tgm.header,Tiny_3,52019586,264
d87d03b1a0cbe881,act3_town_01_01_c8r6.tgm,Tiny_3,52013858,2243
20c47c89aa4204bf,act3_town_01_01_c8r6.tgm.header,Tiny_3,52016101,264
eb8c7e0b2a843eb7,act3_town_01_01_c8r5.tgm,Tiny_3,52011513,2081
411a7c7fa73456db,act3_town_01_01_c8r5.tgm.header,Tiny_3,52013594,264
4839427694bf1e25,act3_town_01_01_c8r4.tgm,Tiny_3,52009510,1739
c80fa74a6d093f8d,act3_town_01_01_c8r4.tgm.header,Tiny_3,52011249,264
f538aaeea0ab3ae9,act3_town_01_01_c8r3.tgm,Tiny_3,52007309,1937
151171c8b6babe32,act3_town_01_01_c8r3.tgm.header,Tiny_3,52009246,264
6a402cd09857a5ad,act3_town_01_01_c8r26.tgm,Tiny_3,52006440,605
ef50f11df6e986e7,act3_town_01_01_c8r26.tgm.header,Tiny_3,52007045,264
d001753e88ca4c27,act3_town_01_01_c8r25.tgm,Art/Models/Terrain/Act3Town/tgms_4,772222,16251
440f1b19e7cee2d8,act3_town_01_01_c8r25.tgm.header,Tiny_3,52006046,394
bd916629d92c17e5,act3_town_01_01_c8r24.tgm,Tiny_3,52004961,821
df26d185f6287723,act3_town_01_01_c8r24.tgm.header,Tiny_3,52005782,264
a3faa3bd0b27738f,act3_town_01_01_c8r23.tgm,Tiny_3,52003930,767
0bb295f482dcaf72,act3_town_01_01_c8r23.tgm.header,Tiny_3,52004697,264
efa901c80069191c,act3_town_01_01_c8r22.tgm,Tiny_3,52002323,1343
1828b9f734a58f10,act3_town_01_01_c8r22.tgm.header,Tiny_3,52003666,264
c71a7229f553bc11,act3_town_01_01_c8r21.tgm,Tiny_3,52000590,1469
02534470a48a7727,act3_town_01_01_c8r21.tgm.header,Tiny_3,52002059,264
9a600452cd909cd5,act3_town_01_01_c8r20.tgm,Tiny_3,51998605,1721
8c64cfef92189f1d,act3_town_01_01_c8r20.tgm.header,Tiny_3,52000326,264
588c46cfe6c8bcf7,act3_town_01_01_c8r2.tgm,Tiny_3,51995882,2459
8282bdf121305b6b,act3_town_01_01_c8r2.tgm.header,Tiny_3,51998341,264
cf0cf45891c3807a,act3_town_01_01_c8r19.tgm,Art/Models/Terrain/Act3Town/tgms_4,305141,467081
b23824164c0dc0f6,act3_town_01_01_c8r19.tgm.header,Folders/art/models/terrain/templedungeon/tgms,542112,5762
dfc714ec3dc08ca6,act3_town_01_01_c8r18.tgm,Tiny_3,51993375,2243
f0f55a1a5ddfcfa4,act3_town_01_01_c8r18.tgm.header,Tiny_3,51995618,264
d1c314035963355d,act3_town_01_01_c8r17.tgm,Tiny_3,51991174,1937
c2073039464ae863,act3_town_01_01_c8r17.tgm.header,Tiny_3,51993111,264
7b1e604bfa71abdd,act3_town_01_01_c8r16.tgm,Tiny_3,51988685,2225
a3db6a4dc7460924,act3_town_01_01_c8r16.tgm.header,Tiny_3,51990910,264
59065deacebb0e75,act3_town_01_01_c8r15.tgm,Art/Models/Terrain/Act3Town/tgms_4,254178,50963
c9d08ac6fe7c950a,act3_town_01_01_c8r15.tgm.header,Tiny_3,51987939,746
e46a4637b43a2c95,act3_town_01_01_c8r14.tgm,Art/Models/Terrain/Act3Town/tgms_4,64037,190141
9c0d979675482f15,act3_town_01_01_c8r14.tgm.header,Tiny_3,51986973,966
f11fc14f4b3529ca,act3_town_01_01_c8r13.tgm,Tiny_3,51984430,2279
a207db72fdeba4f7,act3_town_01_01_c8r13.tgm.header,Tiny_3,51986709,264
5322f13b583fcbc1,act3_town_01_01_c8r12.tgm,Tiny_3,51982415,1751
ad93e808df150d1f,act3_town_01_01_c8r12.tgm.header,Tiny_3,51984166,264
20959d739bf9472f,act3_town_01_01_c8r11.tgm,Tiny_3,51980664,1487
e931a7682360e3fc,act3_town_01_01_c8r11.tgm.header,Tiny_3,51982151,264
e3ccac02f1bf8e11,act3_town_01_01_c8r10.tgm,Tiny_3,51977705,2695
0d1b72af583c2252,act3_town_01_01_c8r10.tgm.header,Tiny_3,51980400,264
0e6398b92d1e1c33,act3_town_01_01_c8r1.tgm,Tiny_3,51976218,1223
a9a0d135aead362f,act3_town_01_01_c8r1.tgm.header,Tiny_3,51977441,264
b10e568e7ebd6d36,act3_town_01_01_c7r9.tgm,Tiny_3,51974195,1759
9389a3e4bb66aa15,act3_town_01_01_c7r9.tgm.header,Tiny_3,51975954,264
1cd3d3adb28df127,act3_town_01_01_c7r8.tgm,Tiny_3,51971962,1969
65045ddabfe56bb0,act3_town_01_01_c7r8.tgm.header,Tiny_3,51973931,264
8bf4ea8ce5635f39,act3_town_01_01_c7r7.tgm,Tiny_3,51969215,2483
443d7b67a577065f,act3_town_01_01_c7r7.tgm.header,Tiny_3,51971698,264
9636e8a4b6c81484,act3_town_01_01_c7r6.tgm,Tiny_3,51967038,1913
908aba3cae3f1436,act3_town_01_01_c7r6.tgm.header,Tiny_3,51968951,264
a5f78524cd6b0b93,act3_town_01_01_c7r5.tgm,Tiny_3,51964819,1955
ad470b0e816325b4,act3_town_01_01_c7r5.tgm.header,Tiny_3,51966774,264
c1cacd3761644901,act3_town_01_01_c7r4.tgm,Tiny_3,51962600,1955
3d75416f8bf931cb,act3_town_01_01_c7r4.tgm.header,Tiny_3,51964555,264
96639695021c4ea1,act3_town_01_01_c7r3.tgm,Tiny_3,51959967,2369
071cbb36bfe67a5f,act3_town_01_01_c7r3.tgm.header,Tiny_3,51962336,264
bc0a58d216cd9382,act3_town_01_01_c7r26.tgm,Tiny_3,51958960,743
a5790f34987eb444,act3_town_01_01_c7r26.tgm.header,Tiny_3,51959703,264
1557063f5405e444,act3_town_01_01_c7r25.tgm,Tiny_3,51957713,983
1cd426eb25b6df76,act3_town_01_01_c7r25.tgm.header,Tiny_3,51958696,264
43686681257936ec,act3_town_01_01_c7r24.tgm,Tiny_3,51956106,1343
d84a9dbfea68038c,act3_town_01_01_c7r24.tgm.header,Tiny_3,51957449,264
4dc8fd3931b35cab,act3_town_01_01_c7r23.tgm,Tiny_3,51954589,1253
ec269d5009682c96,act3_town_01_01_c7r23.tgm.header,Tiny_3,51955842,264
f6e875a2ef13243e,act3_town_01_01_c7r22.tgm,Art/Models/Terrain/Act3Town/tgms_4,0,64037
89b3d76b62f050e0,act3_town_01_01_c7r22.tgm.header,Tiny_3,51951203,3386
f4a6a7e7870e94f8,act3_town_01_01_c7r21.tgm,Tiny_3,51949686,1253
0a7a470654757074,act3_town_01_01_c7r21.tgm.header,Tiny_3,51950939,264
122c73e5e8e17008,act3_town_01_01_c7r20.tgm,Tiny_3,51948277,1145
c2628ee87e007b96,act3_town_01_01_c7r20.tgm.header,Tiny_3,51949422,264
76e5926e88d0984f,act3_town_01_01_c7r2.tgm,Tiny_3,51945392,2621
6ce96888c4ea3e8b,act3_town_01_01_c7r2.tgm.header,Tiny_3,51948013,264
7618a2e8007c6ab8,act3_town_01_01_c7r19.tgm,Tiny_3,51943299,1829
341ddf6aa1675c37,act3_town_01_01_c7r19.tgm.header,Tiny_3,51945128,264
26c7bb9471572a09,act3_town_01_01_c7r18.tgm,Tiny_3,51941314,1721
bb9bec6497a32cde,act3_town_01_01_c7r18.tgm.header,Tiny_3,51943035,264
f05ac57607be8a7c,act3_town_01_01_c7r17.tgm,Tiny_3,51939491,1559
c012539adad9c7c0,act3_town_01_01_c7r17.tgm.header,Tiny_3,51941050,264
01eb9b279ddbd974,act3_town_01_01_c7r16.tgm,Tiny_3,51937524,1703
73daf5ff6036e353,act3_town_01_01_c7r16.tgm.header,Tiny_3,51939227,264
236a277094cb5af1,act3_town_01_01_c7r15.tgm,Tiny_3,51935485,1775
dc10f4a5430f85ff,act3_town_01_01_c7r15.tgm.header,Tiny_3,51937260,264
1beb279702e7e44f,act3_town_01_01_c7r14.tgm,Tiny_3,51933248,1973
a13eac00743ba39e,act3_town_01_01_c7r14.tgm.header,Tiny_3,51935221,264
0fe83dbf0c5ca85b,act3_town_01_01_c7r13.tgm,Tiny_3,51929487,3497
9eb2117bb88c0a2d,act3_town_01_01_c7r13.tgm.header,Tiny_3,51932984,264
f2f93350732dce82,act3_town_01_01_c7r12.tgm,Tiny_3,51926648,2575
5d2f263a3f9d10ee,act3_town_01_01_c7r12.tgm.header,Tiny_3,51929223,264
273e3e278bd9f80a,act3_town_01_01_c7r11.tgm,Tiny_3,51924535,1849
5cc13d7f3bbb80f5,act3_town_01_01_c7r11.tgm.header,Tiny_3,51926384,264
da1e255ef6c61263,act3_town_01_01_c7r10.tgm,Tiny_3,51922374,1897
2c95db98b482081e,act3_town_01_01_c7r10.tgm.header,Tiny_3,51924271,264
900c61b33c0fad9f,act3_town_01_01_c7r1.tgm,Tiny_3,51920665,1445
f668875b16dc6ffa,act3_town_01_01_c7r1.tgm.header,Tiny_3,51922110,264
c29c8eaf3567d266,act3_town_01_01_c6r9.tgm,Tiny_3,51918498,1903
83008484e54e271b,act3_town_01_01_c6r9.tgm.header,Tiny_3,51920401,264
eacc42a014b9528d,act3_town_01_01_c6r8.tgm,Tiny_3,51916757,1477
a25bf00ffff7e6c0,act3_town_01_01_c6r8.tgm.header,Tiny_3,51918234,264
73b7590c74d4c940,act3_town_01_01_c6r7.tgm,Tiny_3,51914500,1993
bb08b8ab5a18a907,act3_town_01_01_c6r7.tgm.header,Tiny_3,51916493,264
c3dec7be1b04d6fd,act3_town_01_01_c6r6.tgm,Tiny_3,51911585,2651
afed9b1bd186cc17,act3_town_01_01_c6r6.tgm.header,Tiny_3,51914236,264
bab02d0c5ee25dcf,act3_town_01_01_c6r5.tgm,Tiny_3,51909246,2075
427b7292fdfb4a10,act3_town_01_01_c6r5.tgm.header,Tiny_3,51911321,264
6e1b89cec411d5a9,act3_town_01_01_c6r4.tgm,Tiny_3,51906901,2081
e819bd6476cfab8e,act3_town_01_01_c6r4.tgm.header,Tiny_3,51908982,264
0d1d817bb1804450,act3_town_01_01_c6r3.tgm,Tiny_3,51903944,2693
cf4a9ee98be1100c,act3_town_01_01_c6r3.tgm.header,Tiny_3,51906637,264
367cc3bcc65fdbd6,act3_town_01_01_c6r26.tgm,Tiny_3,51903021,659
a9154f92322ff32e,act3_town_01_01_c6r26.tgm.header,Tiny_3,51903680,264
5a5111d66e2691d3,act3_town_01_01_c6r25.tgm,Tiny_3,51901882,875
712c3ca4fe8d2a73,act3_town_01_01_c6r25.tgm.header,Tiny_3,51902757,264
8d7e857dd90a4f1f,act3_town_01_01_c6r24.tgm,Tiny_3,51900581,1037
25eae9f8c625c24a,act3_town_01_01_c6r24.tgm.header,Tiny_3,51901618,264
4c405a673c9eef66,act3_town_01_01_c6r23.tgm,Tiny_3,51899010,1307
443b4a11c472ef5e,act3_town_01_01_c6r23.tgm.header,Tiny_3,51900317,264
66e7cd37e9cf5e03,act3_town_01_01_c6r22.tgm,Tiny_3,51897601,1145
bf46a406ddc016b9,act3_town_01_01_c6r22.tgm.header,Tiny_3,51898746,264
ab3dc9239e4d5073,act3_town_01_01_c6r21.tgm,Tiny_3,51895886,1451
ec67d37a46406af4,act3_town_01_01_c6r21.tgm.header,Tiny_3,51897337,264
04f0aafe64991b64,act3_town_01_01_c6r20.tgm,Art/Models/Terrain/Act3Town/tgms_3,2380878,108095
f102fd6b78450946,act3_town_01_01_c6r20.tgm.header,Tiny_3,51894348,1538
dbdaf687b683aa5b,act3_town_01_01_c6r2.tgm,Tiny_3,51890995,3089
cc12febfd7d4de71,act3_town_01_01_c6r2.tgm.header,Tiny_3,51894084,264
9d77c2a02e3a64f2,act3_town_01_01_c6r19.tgm,Tiny_3,51889424,1307
e0d38b768971581d,act3_town_01_01_c6r19.tgm.header,Tiny_3,51890731,264
d26600250a60c91c,act3_town_01_01_c6r18.tgm,Tiny_3,51887493,1667
06815843acc0dbc2,act3_town_01_01_c6r18.tgm.header,Tiny_3,51889160,264
e27831681244f1fc,act3_town_01_01_c6r17.tgm,Art/Models/Terrain/Act3Town/tgms_3,2046959,333919
45675a1625c97563,act3_town_01_01_c6r17.tgm.header,Tiny_3,51884151,3342
4c4b09b992c19082,act3_town_01_01_c6r16.tgm,Art/Models/Terrain/Act3Town/tgms_3,2006106,40853
f9f8fb3ded910d7e,act3_town_01_01_c6r16.tgm.header,Tiny_3,51883801,350
5f2ecb070037fde4,act3_town_01_01_c6r15.tgm,Tiny_3,51881924,1613
578c82aeb41eff88,act3_town_01_01_c6r15.tgm.header,Tiny_3,51883537,264
96e0b9025242111a,act3_town_01_01_c6r14.tgm,Tiny_3,51879831,1829
5902d24efec744ca,act3_town_01_01_c6r14.tgm.header,Tiny_3,51881660,264
68d28624dadd75a6,act3_town_01_01_c6r13.tgm,Tiny_3,51876604,2963
28311b4f2ca4a1d1,act3_town_01_01_c6r13.tgm.header,Tiny_3,51879567,264
05b24e9b516403a8,act3_town_01_01_c6r12.tgm,Tiny_3,51873467,2873
dd93ad6277c971c8,act3_town_01_01_c6r12.tgm.header,Tiny_3,51876340,264
6f906997b21b3edd,act3_town_01_01_c6r11.tgm,Art/Models/Terrain/Act3Town/tgms_3,1973537,32569
addcbdad92834dfd,act3_town_01_01_c6r11.tgm.header,Tiny_3,51872633,834
17c6d86926eba9e8,act3_town_01_01_c6r10.tgm,Tiny_3,51869626,2743
98166ab6dc7be1e1,act3_town_01_01_c6r10.tgm.header,Tiny_3,51872369,264
37e67578a0bcb441,act3_town_01_01_c6r1.tgm,Tiny_3,51866861,2501
d3e3ef7cb9d82bdc,act3_town_01_01_c6r1.tgm.header,Tiny_3,51869362,264
3851094965abe86d,act3_town_01_01_c5r9.tgm,Tiny_3,51863922,2675
edc05d60cd07e4b0,act3_town_01_01_c5r9.tgm.header,Tiny_3,51866597,264
964f180162019822,act3_town_01_01_c5r8.tgm,Tiny_3,51861209,2449
a832871de9f86434,act3_town_01_01_c5r8.tgm.header,Tiny_3,51863658,264
5d7c56d06386c446,act3_town_01_01_c5r7.tgm,Tiny_3,51857526,3419
e90a651540220cca,act3_town_01_01_c5r7.tgm.header,Tiny_3,51860945,264
60c1de556f18d91d,act3_town_01_01_c5r6.tgm,Tiny_3,51853591,3671
4ba63f88eaac68f0,act3_town_01_01_c5r6.tgm.header,Tiny_3,51857262,264
2dd376791a369f9c,act3_town_01_01_c5r5.tgm,Tiny_3,51850844,2483
557854204f2a51e0,act3_town_01_01_c5r5.tgm.header,Tiny_3,51853327,264
2c445bdde93b044e,act3_town_01_01_c5r4.tgm,Tiny_3,51848355,2225
22916b4470a823c0,act3_town_01_01_c5r4.tgm.header,Tiny_3,51850580,264
7023b8eba6017422,act3_town_01_01_c5r3.tgm,Tiny_3,51845722,2369
a8b6e7ee07098189,act3_town_01_01_c5r3.tgm.header,Tiny_3,51848091,264
c8ec4a5303e8ba1f,act3_town_01_01_c5r26.tgm,Tiny_3,51844853,605
c64e5f5bbfe73aff,act3_town_01_01_c5r26.tgm.header,Tiny_3,51845458,264
1001a335345d2af8,act3_town_01_01_c5r25.tgm,Tiny_3,51843768,821
58a4a8b94c986e89,act3_town_01_01_c5r25.tgm.header,Tiny_3,51844589,264
8225567895332006,act3_town_01_01_c5r24.tgm,Tiny_3,51842737,767
4af73fba2947175b,act3_town_01_01_c5r24.tgm.header,Tiny_3,51843504,264
cafd73a36966e582,act3_town_01_01_c5r23.tgm,Art/Models/Terrain/Act3Town/tgms_3,1944592,28945
40d92f4479086ac9,act3_town_01_01_c5r23.tgm.header,Tiny_3,51841903,834
df95c326ec81611d,act3_town_01_01_c5r22.tgm,Tiny_3,51840494,1145
0cc952a40c1d4d40,act3_town_01_01_c5r22.tgm.header,Tiny_3,51841639,264
2b8b8aac5cc08618,act3_town_01_01_c5r21.tgm,Art/Models/Terrain/Act3Town/tgms_3,1316937,627655
31b8bf8767cf1e75,act3_town_01_01_c5r21.tgm.header,Tiny_3,51840188,306
10cef7a50481a716,act3_town_01_01_c5r20.tgm,Tiny_3,51838203,1721
71cff36f36a8c214,act3_town_01_01_c5r20.tgm.header,Tiny_3,51839924,264
f0e955df67e457be,act3_town_01_01_c5r2.tgm,Tiny_3,51835894,2045
4828402e8585557e,act3_town_01_01_c5r2.tgm.header,Tiny_3,51837939,264
b42495abc8a0d259,act3_town_01_01_c5r19.tgm,Tiny_3,51834161,1469
fd1fdffe201848e0,act3_town_01_01_c5r19.tgm.header,Tiny_3,51835630,264
024d5272567012ca,act3_town_01_01_c5r18.tgm,Tiny_3,51832338,1559
7e9818b6c4793225,act3_town_01_01_c5r18.tgm.header,Tiny_3,51833897,264
0edc15160161b7b2,act3_town_01_01_c5r17.tgm,Tiny_3,51830659,1415
d9060f693486631b,act3_town_01_01_c5r17.tgm.header,Tiny_3,51832074,264
e95d662f52211d75,act3_town_01_01_c5r16.tgm,Art/Models/Terrain/Act3Town/tgms_3,1232118,84819
b752e0565ea4e9b7,act3_town_01_01_c5r16.tgm.header,Tiny_3,51829737,922
f2a3366acf39bbc4,act3_town_01_01_c5r15.tgm,Tiny_3,51828040,1433
cafb3949a46475b4,act3_town_01_01_c5r15.tgm.header,Tiny_3,51829473,264
3e0685718dc3ca90,act3_town_01_01_c5r14.tgm,Tiny_3,51826145,1631
e9193a739bc30e32,act3_town_01_01_c5r14.tgm.header,Tiny_3,51827776,264
8e32dd9c1a3e9022,act3_town_01_01_c5r13.tgm,Tiny_3,51823512,2369
e6f1d4710fd4e5ed,act3_town_01_01_c5r13.tgm.header,Tiny_3,51825881,264
b3941e4b9a901044,act3_town_01_01_c5r12.tgm,Tiny_3,51820231,3017
beb4195e4144ca53,act3_town_01_01_c5r12.tgm.header,Tiny_3,51823248,264
e9c23b1c4285f7c1,act3_town_01_01_c5r11.tgm,Tiny_3,51816218,3749
554498e87f89a31f,act3_town_01_01_c5r11.tgm.header,Tiny_3,51819967,264
884f9814432e754f,act3_town_01_01_c5r10.tgm,Tiny_3,51813075,2879
0d808a6f61c7a519,act3_town_01_01_c5r10.tgm.header,Tiny_3,51815954,264
caf20696d50f46d8,act3_town_01_01_c5r1.tgm,Tiny_3,51810838,1973
352a5a0ab87e6b07,act3_town_01_01_c5r1.tgm.header,Tiny_3,51812811,264
8f81514111e914d2,act3_town_01_01_c4r9.tgm,Tiny_3,51806621,3953
39aaabcfd2bc4aa0,act3_town_01_01_c4r9.tgm.header,Tiny_3,51810574,264
2939ebfb35407ab8,act3_town_01_01_c4r8.tgm,Tiny_3,51803028,3329
3c13b041e0ca0bdf,act3_town_01_01_c4r8.tgm.header,Tiny_3,51806357,264
e1b567789c1e7257,act3_town_01_01_c4r7.tgm,Tiny_3,51799267,3497
c4047664b326f1ef,act3_town_01_01_c4r7.tgm.header,Tiny_3,51802764,264
bbc62115586464d1,act3_town_01_01_c4r6.tgm,Tiny_3,51796922,2081
b71e05956daaf365,act3_town_01_01_c4r6.tgm.header,Tiny_3,51799003,264
e6184f13921a9e1f,act3_town_01_01_c4r5.tgm,Tiny_3,51794955,1703
1cbe695cebb4bf0c,act3_town_01_01_c4r5.tgm.header,Tiny_3,51796658,264
f75b63aeaff523a9,act3_town_01_01_c4r4.tgm,Tiny_3,51792952,1739
3133981646cb4ad5,act3_town_01_01_c4r4.tgm.header,Tiny_3,51794691,264
1aa5d5f62e904e65,act3_town_01_01_c4r3.tgm,Tiny_3,51791237,1451
2d61d18053278f7d,act3_town_01_01_c4r3.tgm.header,Tiny_3,51792688,264
228b2086421df633,act3_town_01_01_c4r26.tgm,Tiny_3,51790230,743
5b2e0b349baeb0f0,act3_town_01_01_c4r26.tgm.header,Tiny_3,51790973,264
c94f7665c94b3cd1,act3_town_01_01_c4r25.tgm,Tiny_3,51788875,1091
a9fcc3543845fdc8,act3_town_01_01_c4r25.tgm.header,Tiny_3,51789966,264
f932f49564eda66c,act3_town_01_01_c4r24.tgm,Tiny_3,51787142,1469
fd5899426f0d1dd0,act3_town_01_01_c4r24.tgm.header,Tiny_3,51788611,264
2ee0cb95285394c7,act3_town_01_01_c4r23.tgm,Tiny_3,51785157,1721
0d484dee57cd44b5,act3_town_01_01_c4r23.tgm.header,Tiny_3,51786878,264
d9cc6586b68a01ec,act3_town_01_01_c4r22.tgm,Tiny_3,51783370,1523
edc843e3165d2865,act3_town_01_01_c4r22.tgm.header,Tiny_3,51784893,264
7d740de99e14349c,act3_town_01_01_c4r21.tgm,Tiny_3,51781853,1253
6ce2b3d117f19667,act3_town_01_01_c4r21.tgm.header,Tiny_3,51783106,264
96a5acdca817a26d,act3_town_01_01_c4r20.tgm,Tiny_3,51780282,1307
28b5f6db398ed3f8,act3_town_01_01_c4r20.tgm.header,Tiny_3,51781589,264
c548a1a2116d7754,act3_town_01_01_c4r2.tgm,Tiny_3,51778459,1559
21b6c4a68663e4f4,act3_town_01_01_c4r2.tgm.header,Tiny_3,51780018,264
f4196533c8f983f3,act3_town_01_01_c4r19.tgm,Tiny_3,51776834,1361
e6dfed0d00a9ce74,act3_town_01_01_c4r19.tgm.header,Tiny_3,51778195,264
6cdf13e30792e0ed,act3_town_01_01_c4r18.tgm,Tiny_3,51774795,1775
bd683589f771811d,act3_town_01_01_c4r18.tgm.header,Tiny_3,51776570,264
cbbfa752ebc89437,act3_town_01_01_c4r17.tgm,Art/Models/Terrain/Act3Town/tgms_3,1190249,41869
5bd0ef1e89df643e,act3_town_01_01_c4r17.tgm.header,Tiny_3,51773565,1230
a91e10e0cecc50c3,act3_town_01_01_c4r16.tgm,Tiny_3,51770770,2531
5dc668adc85684f1,act3_town_01_01_c4r16.tgm.header,Tiny_3,51773301,264
e1397f42bcef1c11,act3_town_01_01_c4r15.tgm,Tiny_3,51767705,2801
5b220f30cbad3af1,act3_town_01_01_c4r15.tgm.header,Tiny_3,51770506,264
4e885384becabf2d,act3_town_01_01_c4r14.tgm,Tiny_3,51763884,3557
aa06576647e1ed1d,act3_town_01_01_c4r14.tgm.header,Tiny_3,51767441,264
6bc78fcbd88de49f,act3_town_01_01_c4r13.tgm,Tiny_3,51760261,3359
1f5a83043c9be989,act3_town_01_01_c4r13.tgm.header,Tiny_3,51763620,264
4e4fdc541ee619b3,act3_town_01_01_c4r12.tgm,Tiny_3,51757178,2819
ac57a1710496e009,act3_town_01_01_c4r12.tgm.header,Tiny_3,51759997,264
714c1707a6f940d0,act3_town_01_01_c4r11.tgm,Tiny_3,51753285,3629
341172ab509b3675,act3_town_01_01_c4r11.tgm.header,Tiny_3,51756914,264
5be7f2c499bd05dc,act3_town_01_01_c4r10.tgm,Tiny_3,51749176,3845
bb29718efaff446b,act3_town_01_01_c4r10.tgm.header,Tiny_3,51753021,264
4b358300fd2b242f,act3_town_01_01_c4r1.tgm,Tiny_3,51747401,1511
de06ac52065f2f13,act3_town_01_01_c4r1.tgm.header,Tiny_3,51748912,264
98dd9373ab1e1934,act3_town_01_01_c3r9.tgm,Tiny_3,51744912,2225
77fd0dbc439da705,act3_town_01_01_c3r9.tgm.header,Tiny_3,51747137,264
f7cee463be805901,act3_town_01_01_c3r8.tgm,Tiny_3,51742009,2639
d49bf490bb167297,act3_town_01_01_c3r8.tgm.header,Tiny_3,51744648,264
6ec1481210ef0b90,act3_town_01_01_c3r7.tgm,Tiny_3,51739142,2603
140db5c7cd294fea,act3_town_01_01_c3r7.tgm.header,Tiny_3,51741745,264
fef332cb8d7c9a51,act3_town_01_01_c3r6.tgm,Tiny_3,51737337,1541
f00ad3b6494a92c2,act3_town_01_01_c3r6.tgm.header,Tiny_3,51738878,264
bfff8ca149679cfc,act3_town_01_01_c3r5.tgm,Tiny_3,51735604,1469
bf43f69feae8ac94,act3_town_01_01_c3r5.tgm.header,Tiny_3,51737073,264
c0705acce47b7fdf,act3_town_01_01_c3r4.tgm,Tiny_3,51733727,1613
f673fb06b7966bd8,act3_town_01_01_c3r4.tgm.header,Tiny_3,51735340,264
42a1712ad7655ac3,act3_town_01_01_c3r3.tgm,Tiny_3,51732030,1433
6cb39fce09e7763d,act3_town_01_01_c3r3.tgm.header,Tiny_3,51733463,264
2b934c9abe78f859,act3_town_01_01_c3r26.tgm,Art/Models/Terrain/Act3Town/tgms_3,1062338,127911
1727a0da05d9805f,act3_town_01_01_c3r26.tgm.header,Tiny_3,51728600,3430
bfa13f13ad4e3daf,act3_town_01_01_c3r25.tgm,Tiny_3,51727569,767
ad5ef4967b67c5ef,act3_town_01_01_c3r25.tgm.header,Tiny_3,51728336,264
89da86b4baf9e54d,act3_town_01_01_c3r24.tgm,Tiny_3,51726376,929
03091d463b3f369f,act3_town_01_01_c3r24.tgm.header,Tiny_3,51727305,264
336ef14cf5748e99,act3_town_01_01_c3r23.tgm,Tiny_3,51725183,929
32c6c40891e29073,act3_town_01_01_c3r23.tgm.header,Tiny_3,51726112,264
bf08897e8c92798b,act3_town_01_01_c3r22.tgm,Tiny_3,51723450,1469
51f16851628e6f92,act3_town_01_01_c3r22.tgm.header,Tiny_3,51724919,264
56e25b18c21082d6,act3_town_01_01_c3r21.tgm,Tiny_3,51721717,1469
98180675e43f4c53,act3_town_01_01_c3r21.tgm.header,Tiny_3,51723186,264
138a5bae80871a92,act3_town_01_01_c3r20.tgm,Tiny_3,51719768,1685
832664829ed34bb6,act3_town_01_01_c3r20.tgm.header,Tiny_3,51721453,264
8063eb521683e771,act3_town_01_01_c3r2.tgm,Tiny_3,51718269,1235
34ee05486f94b8df,act3_town_01_01_c3r2.tgm.header,Tiny_3,51719504,264
0dbce9e16f7d055d,act3_town_01_01_c3r19.tgm,Tiny_3,51715780,2225
feaf8342e57bb7db,act3_town_01_01_c3r19.tgm.header,Tiny_3,51718005,264
53a9b9c2f7893715,act3_town_01_01_c3r18.tgm,Tiny_3,51712805,2711
95e8ac1f778d9865,act3_town_01_01_c3r18.tgm.header,Tiny_3,51715516,264
822526ff6d0814e8,act3_town_01_01_c3r17.tgm,Tiny_3,51709236,3305
334b15bbdea7f78f,act3_town_01_01_c3r17.tgm.header,Tiny_3,51712541,264
8b1adbb9631b5572,act3_town_01_01_c3r16.tgm,Tiny_3,51705289,3683
b49cb386fe9000fa,act3_town_01_01_c3r16.tgm.header,Tiny_3,51708972,264
8bad35ab0b307fe8,act3_town_01_01_c3r15.tgm,Tiny_3,51700964,4061
2750c7979c218eb5,act3_town_01_01_c3r15.tgm.header,Tiny_3,51705025,264
cb0f09ea76c9d51f,act3_town_01_01_c3r14.tgm,Tiny_3,51696819,3881
7690702b6971e63e,act3_town_01_01_c3r14.tgm.header,Tiny_3,51700700,264
def75beedeaacd19,act3_town_01_01_c3r13.tgm,Tiny_3,51693052,3503
7d186613dc14d0ae,act3_town_01_01_c3r13.tgm.header,Tiny_3,51696555,264
3c23b9fdfd01411d,act3_town_01_01_c3r12.tgm,Tiny_3,51689879,2909
2d20fdef4196460a,act3_town_01_01_c3r12.tgm.header,Tiny_3,51692788,264
4df97ea032b6d5c7,act3_town_01_01_c3r11.tgm,Tiny_3,51687300,2315
547d1c777e07e192,act3_town_01_01_c3r11.tgm.header,Tiny_3,51689615,264
4ac569991398d12c,act3_town_01_01_c3r10.tgm,Tiny_3,51684847,2189
ea751da8311392aa,act3_town_01_01_c3r10.tgm.header,Tiny_3,51687036,264
cdc88aa8cf36ff4f,act3_town_01_01_c3r1.tgm,Tiny_3,51683162,1421
573d2f2308b29e4d,act3_town_01_01_c3r1.tgm.header,Tiny_3,51684583,264
144b9b9b3aae283e,act3_town_01_01_c33r9.tgm,Art/Models/Terrain/Act3Town/tgms_3,1058007,4331
f5b8dd0563c08c47,act3_town_01_01_c33r9.tgm.header,Tiny_3,51682898,264
457dfcf56989013a,act3_town_01_01_c33r8.tgm,Art/Models/Terrain/Act3Town/tgms_3,1053262,4745
a68a4e762c894f45,act3_town_01_01_c33r8.tgm.header,Tiny_3,51682634,264
60d2f85ec1031821,act3_town_01_01_c33r7.tgm,Art/Models/Terrain/Act3Town/tgms_3,1047467,5795
c96e0c41c3f831df,act3_town_01_01_c33r7.tgm.header,Tiny_3,51682370,264
bf189db62322e442,act3_town_01_01_c33r6.tgm,Art/Models/Terrain/Act3Town/tgms_3,1040460,7007
e8f5a9607125c5ce,act3_town_01_01_c33r6.tgm.header,Tiny_3,51682106,264
fde8b4872996f2b1,act3_town_01_01_c33r5.tgm,Art/Models/Terrain/Act3Town/tgms_3,1033483,6977
8cc11256450166de,act3_town_01_01_c33r5.tgm.header,Tiny_3,51681842,264
e08da5b0def85212,act3_town_01_01_c33r4.tgm,Art/Models/Terrain/Act3Town/tgms_3,1027370,6113
72580306a3ae657a,act3_town_01_01_c33r4.tgm.header,Tiny_3,51681578,264
ebad928d6a24d273,act3_town_01_01_c33r3.tgm,Art/Models/Terrain/Act3Town/tgms_3,1021959,5411
36e708ac6ce7c53b,act3_town_01_01_c33r3.tgm.header,Tiny_3,51681314,264
b71ac72cdf300c58,act3_town_01_01_c33r26.tgm,Tiny_3,51680067,983
c42a47ba1e5934a5,act3_town_01_01_c33r26.tgm.header,Tiny_3,51681050,264
0760cd3f29942d73,act3_town_01_01_c33r25.tgm,Tiny_3,51677902,1901
4a9f32ca1692d4f0,act3_town_01_01_c33r25.tgm.header,Tiny_3,51679803,264
f9faf98fe912d1b9,act3_town_01_01_c33r24.tgm,Tiny_3,51675089,2549
229be162e8848106,act3_town_01_01_c33r24.tgm.header,Tiny_3,51677638,264
0558f085947e3e16,act3_town_01_01_c33r23.tgm,Tiny_3,51671736,3089
fbf022b9d4e74432,act3_town_01_01_c33r23.tgm.header,Tiny_3,51674825,264
1e4dc440f3162c55,act3_town_01_01_c33r22.tgm,Tiny_3,51667951,3521
f12b905541bdc217,act3_town_01_01_c33r22.tgm.header,Tiny_3,51671472,264
dab323897a9d4a78,act3_town_01_01_c33r21.tgm,Tiny_3,51664058,3629
3c384de7c9b48ce2,act3_town_01_01_c33r21.tgm.header,Tiny_3,51667687,264
b26f85a788580915,act3_town_01_01_c33r20.tgm,Tiny_3,51660003,3791
8a57ef469a6a8b1e,act3_town_01_01_c33r20.tgm.header,Tiny_3,51663794,264
e29c294eff87afbb,act3_town_01_01_c33r2.tgm,Art/Models/Terrain/Act3Town/tgms_3,1017088,4871
d9b5d623944b925a,act3_town_01_01_c33r2.tgm.header,Tiny_3,51659739,264
01225391e0db51ab,act3_town_01_01_c33r19.tgm,Tiny_3,51655414,4061
5d86234da50ae309,act3_town_01_01_c33r19.tgm.header,Tiny_3,51659475,264
bfa23e0190882c5b,act3_town_01_01_c33r18.tgm,Tiny_3,51651089,4061
bfe383b9962e98a4,act3_town_01_01_c33r18.tgm.header,Tiny_3,51655150,264
89b22cbc94e1dfc4,act3_town_01_01_c33r17.tgm,Tiny_3,51646818,4007
0a4d155bd715948b,act3_town_01_01_c33r17.tgm.header,Tiny_3,51650825,264
f6f5f2d2c479e50a,act3_town_01_01_c33r16.tgm,Tiny_3,51642763,3791
869d84a79bc0a74c,act3_town_01_01_c33r16.tgm.header,Tiny_3,51646554,264
a26eff59175a3096,act3_town_01_01_c33r15.tgm,Tiny_3,51638492,4007
331bc111247eb3bf,act3_town_01_01_c33r15.tgm.header,Tiny_3,51642499,264
88e096f382f3d7c6,act3_town_01_01_c33r14.tgm,Tiny_3,51634437,3791
1300d1660850cf5d,act3_town_01_01_c33r14.tgm.header,Tiny_3,51638228,264
31c4a675771245b5,act3_town_01_01_c33r13.tgm,Tiny_3,51630706,3467
4860b0b4739f8825,act3_town_01_01_c33r13.tgm.header,Tiny_3,51634173,264
64458e4917bcefc7,act3_town_01_01_c33r12.tgm,Tiny_3,51626759,3683
295a40007af07609,act3_town_01_01_c33r12.tgm.header,Tiny_3,51630442,264
3b4c92d93d9c7bdd,act3_town_01_01_c33r11.tgm,Tiny_3,51622596,3899
9083877779041826,act3_town_01_01_c33r11.tgm.header,Tiny_3,51626495,264
f4040896cf4cbfaf,act3_town_01_01_c33r10.tgm,Art/Models/Terrain/Act3Town/tgms_3,1012973,4115
964b0583d8d8b23d,act3_town_01_01_c33r10.tgm.header,Tiny_3,51622332,264
d527b245e2444493,act3_town_01_01_c33r1.tgm,Tiny_3,51619573,2495
a8d6da262b3827ec,act3_town_01_01_c33r1.tgm.header,Tiny_3,51622068,264
e5f69038adf1f088,act3_town_01_01_c32r9.tgm,Tiny_3,51616706,2603
c4f2be82f82c4ec3,act3_town_01_01_c32r9.tgm.header,Tiny_3,51619309,264
c6e6c9be23c4f691,act3_town_01_01_c32r8.tgm,Tiny_3,51612939,3503
65f62a948c45cd88,act3_town_01_01_c32r8.tgm.header,Tiny_3,51616442,264
363c55771dc4d7c5,act3_town_01_01_c32r7.tgm,Art/Models/Terrain/Act3Town/tgms_3,1008462,4511
1303dc936e5b676b,act3_town_01_01_c32r7.tgm.header,Tiny_3,51612675,264
d3cb8ccd3a5e46a5,act3_town_01_01_c32r6.tgm,Tiny_3,51608800,3611
a8ff338d5742be68,act3_town_01_01_c32r6.tgm.header,Tiny_3,51612411,264
e1b1e8cfbf36ee4f,act3_town_01_01_c32r5.tgm,Tiny_3,51605231,3305
2fdc5f43e35f7d13,act3_town_01_01_c32r5.tgm.header,Tiny_3,51608536,264
f739f4c8580d6d1a,act3_town_01_01_c32r4.tgm,Tiny_3,51601554,3413
90aab13699363589,act3_town_01_01_c32r4.tgm.header,Tiny_3,51604967,264
959d2501ec1610f5,act3_town_01_01_c32r3.tgm,Tiny_3,51597931,3359
c61da13780521ad5,act3_town_01_01_c32r3.tgm.header,Tiny_3,51601290,264
377fe67a35e20429,act3_town_01_01_c32r26.tgm,Tiny_3,51597272,659
dda32eeca3704f82,act3_town_01_01_c32r26.tgm.header,Tiny_3,51398844,264
353d5ccfb9ca9336,act3_town_01_01_c32r25.tgm,Tiny_3,51596187,821
32f50e9e831d0682,act3_town_01_01_c32r25.tgm.header,Tiny_3,51597008,264
1b1447dc8e2b3b7b,act3_town_01_01_c32r24.tgm,Tiny_3,51595366,821
4d2fc18bef9548be,act3_town_01_01_c32r24.tgm.header,Tiny_3,51396944,264
2c6af204c53727a8,act3_town_01_01_c32r23.tgm,Tiny_3,51594011,1091
459b861fbc0378a2,act3_town_01_01_c32r23.tgm.header,Tiny_3,51595102,264
91463cfd225c732b,act3_town_01_01_c32r22.tgm,Tiny_3,51592656,1091
ed7a1b54bfe8ad4d,act3_town_01_01_c32r22.tgm.header,Tiny_3,51593747,264
26dd6b86cd9d7707,act3_town_01_01_c32r21.tgm,Tiny_3,51591301,1091
09b04f86bd0cf046,act3_town_01_01_c32r21.tgm.header,Tiny_3,51592392,264
c3bc5800d91667a6,act3_town_01_01_c32r20.tgm,Tiny_3,51589892,1145
fea52c25e8b29cfe,act3_town_01_01_c32r20.tgm.header,Tiny_3,51591037,264
bb2d5e3afce39d26,act3_town_01_01_c32r2.tgm,Tiny_3,51586323,3305
6a9eccfcd98b0977,act3_town_01_01_c32r2.tgm.header,Tiny_3,51589628,264
3b6ba98a26858e98,act3_town_01_01_c32r19.tgm,Tiny_3,51584752,1307
673eb9353782f69f,act3_town_01_01_c32r19.tgm.header,Tiny_3,51586059,264
f12260530bbeaa28,act3_town_01_01_c32r18.tgm,Tiny_3,51583127,1361
86a5cdeb0b5098c2,act3_town_01_01_c32r18.tgm.header,Tiny_3,51584488,264
9f5e54250c5a1c10,act3_town_01_01_c32r17.tgm,Tiny_3,51581448,1415
89dc840473bb5375,act3_town_01_01_c32r17.tgm.header,Tiny_3,51582863,264
9b63d0ca4d132855,act3_town_01_01_c32r16.tgm,Tiny_3,51579661,1523
a582c1b146d54313,act3_town_01_01_c32r16.tgm.header,Tiny_3,51581184,264
54e1008ded4a9e49,act3_town_01_01_c32r15.tgm,Tiny_3,51577658,1739
4dc312095365baaa,act3_town_01_01_c32r15.tgm.header,Tiny_3,51579397,264
bf964f75d4e58906,act3_town_01_01_c32r14.tgm,Tiny_3,51575655,1739
768002fa3012d43d,act3_town_01_01_c32r14.tgm.header,Tiny_3,51577394,264
41b0bc5a08bfefef,act3_town_01_01_c32r13.tgm,Tiny_3,51573652,1739
f0dd93a25488c8fd,act3_town_01_01_c32r13.tgm.header,Tiny_3,51575391,264
119a7a8db2bfe636,act3_town_01_01_c32r12.tgm,Tiny_3,51571433,1955
2cdda516d8e1ee4c,act3_town_01_01_c32r12.tgm.header,Tiny_3,51573388,264
7485f49e795cff07,act3_town_01_01_c32r11.tgm,Tiny_3,51568998,2171
55275baba4760484,act3_town_01_01_c32r11.tgm.header,Tiny_3,51571169,264
cdbb24512f6fb321,act3_town_01_01_c32r10.tgm,Tiny_3,51566347,2387
84c5db32dcba1b98,act3_town_01_01_c32r10.tgm.header,Tiny_3,51568734,264
5f24a5a8670b4b3a,act3_town_01_01_c32r1.tgm,Tiny_3,51564398,1685
c98a46c1098ef755,act3_town_01_01_c32r1.tgm.header,Tiny_3,51566083,264
2a2aede2d9e805b4,act3_town_01_01_c31r9.tgm,Art/Models/Terrain/Act3Town/tgms_3,1003591,4871
a40f5f6c5340420d,act3_town_01_01_c31r9.tgm.header,Tiny_3,51564134,264
d93bf5cf51003c9d,act3_town_01_01_c31r8.tgm,Art/Models/Terrain/Act3Town/tgms_3,998252,5339
641a6b438fd5f3e2,act3_town_01_01_c31r8.tgm.header,Tiny_3,51563870,264
a5d366072f639986,act3_town_01_01_c31r7.tgm,Art/Models/Terrain/Act3Town/tgms_3,992091,6161
1da0fd07082a0dc3,act3_town_01_01_c31r7.tgm.header,Tiny_3,51563606,264
c58716dcd1076f9c,act3_town_01_01_c31r6.tgm,Art/Models/Terrain/Act3Town/tgms_3,986440,5651
62bf4bfe0bad1ba0,act3_town_01_01_c31r6.tgm.header,Tiny_3,51563342,264
d2caf383d5283ba0,act3_town_01_01_c31r5.tgm,Art/Models/Terrain/Act3Town/tgms_3,981353,5087
24d3112ebbec3bcb,act3_town_01_01_c31r5.tgm.header,Tiny_3,51563078,264
e4b44b411cdba41b,act3_town_01_01_c31r4.tgm,Art/Models/Terrain/Act3Town/tgms_3,975888,5465
39cb312344dfdb05,act3_town_01_01_c31r4.tgm.header,Tiny_3,51562814,264
25f2ce04d1557265,act3_town_01_01_c31r3.tgm,Art/Models/Terrain/Act3Town/tgms_3,970639,5249
4b9c2951a9db9372,act3_town_01_01_c31r3.tgm.header,Tiny_3,51562550,264
c081d080270ef2f4,act3_town_01_01_c31r26.tgm,Tiny_3,51561489,797
d08e9014cd2ea6b7,act3_town_01_01_c31r26.tgm.header,Tiny_3,51562286,264
50017d6a79f200b8,act3_town_01_01_c31r25.tgm,Tiny_3,51560080,1145
d825ec7313c3885d,act3_town_01_01_c31r25.tgm.header,Tiny_3,51561225,264
ce9e61d08ea10ce6,act3_town_01_01_c31r24.tgm,Tiny_3,51558347,1469
2817980bca90d149,act3_town_01_01_c31r24.tgm.header,Tiny_3,51559816,264
c5b466630bccaec9,act3_town_01_01_c31r23.tgm,Tiny_3,51556554,1793
9b49c6d237f5e0c0,act3_town_01_01_c31r23.tgm.header,Tiny_3,51353205,264
264afb3e610efe58,act3_town_01_01_c31r22.tgm,Tiny_3,51554443,1847
1a3473b1399d87b3,act3_town_01_01_c31r22.tgm.header,Tiny_3,51556290,264
09ca9b68a27d7ad7,act3_town_01_01_c31r21.tgm,Tiny_3,51552116,2063
68c334392fe07614,act3_town_01_01_c31r21.tgm.header,Tiny_3,51554179,264
1a09a3a2fd4810f4,act3_town_01_01_c31r20.tgm,Tiny_3,51549465,2387
6dc493a33b76f129,act3_town_01_01_c31r20.tgm.header,Tiny_3,51551852,264
3af597ac98abbaec,act3_town_01_01_c31r2.tgm,Art/Models/Terrain/Act3Town/tgms_3,965228,5411
2bb8250c0b6ec9d9,act3_town_01_01_c31r2.tgm.header,Tiny_3,51549201,264
49c2575e6adde37d,act3_town_01_01_c31r19.tgm,Tiny_3,51546442,2495
c661869237a0d4ef,act3_town_01_01_c31r19.tgm.header,Tiny_3,51548937,264
4b87027a20951df8,act3_town_01_01_c31r18.tgm,Tiny_3,51543521,2657
3ba8954e81902336,act3_town_01_01_c31r18.tgm.header,Tiny_3,51546178,264
b6d01f4a69353bba,act3_town_01_01_c31r17.tgm,Tiny_3,51540384,2873
a7b45d26b0dc49a9,act3_town_01_01_c31r17.tgm.header,Tiny_3,51543257,264
fa5dc0d8e1990645,act3_town_01_01_c31r16.tgm,Tiny_3,51536923,3197
c12124707ba406b5,act3_town_01_01_c31r16.tgm.header,Tiny_3,51540120,264
99bab06eb9e0a473,act3_town_01_01_c31r15.tgm,Tiny_3,51533354,3305
245d2a5e5bb7cff4,act3_town_01_01_c31r15.tgm.header,Tiny_3,51536659,264
7049cf284ee33ee9,act3_town_01_01_c31r14.tgm,Tiny_3,51529677,3413
8326f2236674908e,act3_town_01_01_c31r14.tgm.header,Tiny_3,51533090,264
61b6088e100e5d67,act3_town_01_01_c31r13.tgm,Tiny_3,51525676,3737
53fe998f941cb6d3,act3_town_01_01_c31r13.tgm.header,Tiny_3,51529413,264
640e12cbb36f6cd7,act3_town_01_01_c31r12.tgm,Tiny_3,51521351,4061
5fdd5144cb110f90,act3_town_01_01_c31r12.tgm.header,Tiny_3,51525412,264
ab6f8f27aae8a81f,act3_town_01_01_c31r11.tgm,Art/Models/Terrain/Act3Town/tgms_3,960843,4385
7ddb7a900063a5e4,act3_town_01_01_c31r11.tgm.header,Tiny_3,51521087,264
520f26fa59048e05,act3_town_01_01_c31r10.tgm,Art/Models/Terrain/Act3Town/tgms_3,956134,4709
4ef458f02ffa132d,act3_town_01_01_c31r10.tgm.header,Tiny_3,51520823,264
76555cd5f4cbaf51,act3_town_01_01_c31r1.tgm,Tiny_3,51517632,2927
331d8011c3d9de87,act3_town_01_01_c31r1.tgm.header,Tiny_3,51520559,264
0044368f4e70f0fe,act3_town_01_01_c30r9.tgm,Art/Models/Terrain/Act3Town/tgms_3,950885,5249
e24aee3e7cb627e5,act3_town_01_01_c30r9.tgm.header,Tiny_3,51517368,264
c251350e9bdd5bc7,act3_town_01_01_c30r8.tgm,Art/Models/Terrain/Act3Town/tgms_3,944988,5897
d5e4183c464e633c,act3_town_01_01_c30r8.tgm.header,Tiny_3,51517104,264
28a591f9e2f62e1f,act3_town_01_01_c30r7.tgm,Art/Models/Terrain/Act3Town/tgms_3,938191,6797
b637b3851837432c,act3_town_01_01_c30r7.tgm.header,Tiny_3,51516840,264
40274d7221273163,act3_town_01_01_c30r6.tgm,Art/Models/Terrain/Act3Town/tgms_3,931364,6827
8b7815a10bf33211,act3_town_01_01_c30r6.tgm.header,Tiny_3,51516576,264
8e839af8dd3b6d35,act3_town_01_01_c30r5.tgm,Art/Models/Terrain/Act3Town/tgms_3,925629,5735
a2da8cab70d271cd,act3_town_01_01_c30r5.tgm.header,Tiny_3,51516312,264
610826f38548a856,act3_town_01_01_c30r4.tgm,Art/Models/Terrain/Act3Town/tgms_3,919138,6491
7f805466993b63f1,act3_town_01_01_c30r4.tgm.header,Tiny_3,51516048,264
a3e0dc6c51f28b34,act3_town_01_01_c30r3.tgm,Art/Models/Terrain/Act3Town/tgms_3,912377,6761
45e60e1fce8e153b,act3_town_01_01_c30r3.tgm.header,Tiny_3,51515784,264
47792021a1b7482f,act3_town_01_01_c30r26.tgm,Tiny_3,51514807,713
29af3da33828099e,act3_town_01_01_c30r26.tgm.header,Tiny_3,51515520,264
7700075251998ee4,act3_town_01_01_c30r25.tgm,Tiny_3,51513668,875
4837f6e12b6e960f,act3_town_01_01_c30r25.tgm.header,Tiny_3,51514543,264
65e53b26e5e3b185,act3_town_01_01_c30r24.tgm,Tiny_3,51512313,1091
5c7010c82731fa31,act3_town_01_01_c30r24.tgm.header,Tiny_3,51513404,264
ff1a022cb16f7e47,act3_town_01_01_c30r23.tgm,Tiny_3,51510742,1307
db3c8ad16ad98429,act3_town_01_01_c30r23.tgm.header,Tiny_3,51512049,264
1e13394b31139991,act3_town_01_01_c30r22.tgm,Tiny_3,51508901,1577
eeccca13f4ee117d,act3_town_01_01_c30r22.tgm.header,Tiny_3,51510478,264
11c16a19760ba873,act3_town_01_01_c30r21.tgm,Tiny_3,51506736,1901
f7d9dcf33366c8c8,act3_town_01_01_c30r21.tgm.header,Tiny_3,51508637,264
06216f342d67c92d,act3_town_01_01_c30r20.tgm,Tiny_3,51504409,2063
d152332a92395e7b,act3_town_01_01_c30r20.tgm.header,Tiny_3,51506472,264
4116be7ba4339b76,act3_town_01_01_c30r2.tgm,Art/Models/Terrain/Act3Town/tgms_3,905616,6761
bfbea579bbbbb371,act3_town_01_01_c30r2.tgm.header,Tiny_3,51504145,264
837a3e2dbd7a706e,act3_town_01_01_c30r19.tgm,Tiny_3,51501710,2171
12706152e515484b,act3_town_01_01_c30r19.tgm.header,Tiny_3,51503881,264
25ff2a7aa4a50f29,act3_town_01_01_c30r18.tgm,Tiny_3,51499005,2441
aa8839fc8157b1e0,act3_town_01_01_c30r18.tgm.header,Tiny_3,51501446,264
36f28f8010cf155d,act3_town_01_01_c30r17.tgm,Tiny_3,51495922,2819
dc1c0de787eb8d43,act3_town_01_01_c30r17.tgm.header,Tiny_3,51498741,264
c583a74690a89b6e,act3_town_01_01_c30r16.tgm,Tiny_3,51492677,2981
7c76384d82ce2405,act3_town_01_01_c30r16.tgm.header,Tiny_3,51495658,264
841cbd72f1f5ac8c,act3_town_01_01_c30r15.tgm,Tiny_3,51489324,3089
b417fca2ae82faca,act3_town_01_01_c30r15.tgm.header,Tiny_3,51492413,264
a2332df2fcb24bd5,act3_town_01_01_c30r14.tgm,Tiny_3,51485647,3413
cba38cd8d02f2bba,act3_town_01_01_c30r14.tgm.header,Tiny_3,51489060,264
08b9afa0f41457f8,act3_town_01_01_c30r13.tgm,Tiny_3,51481538,3845
1093713ca4f05072,act3_town_01_01_c30r13.tgm.header,Tiny_3,51485383,264
0e8419dfbeba147f,act3_town_01_01_c30r12.tgm,Art/Models/Terrain/Act3Town/tgms_3,901447,4169
dfe178a39aef0044,act3_town_01_01_c30r12.tgm.header,Tiny_3,51481274,264
fafd7587b255e258,act3_town_01_01_c30r11.tgm,Art/Models/Terrain/Act3Town/tgms_3,896954,4493
2628644796bed568,act3_town_01_01_c30r11.tgm.header,Tiny_3,51481010,264
459fc09872356cb5,act3_town_01_01_c30r10.tgm,Art/Models/Terrain/Act3Town/tgms_3,892029,4925
f618cf904381f5f6,act3_town_01_01_c30r10.tgm.header,Tiny_3,51480746,264
618543988aa8ecc2,act3_town_01_01_c30r1.tgm,Tiny_3,51476877,3605
206d65cef2dc4cd8,act3_town_01_01_c30r1.tgm.header,Tiny_3,51480482,264
4f35aa5ee57c4a2d,act3_town_01_01_c2r9.tgm,Tiny_3,51473992,2621
ed874b50a5a08bf0,act3_town_01_01_c2r9.tgm.header,Tiny_3,51476613,264
e22cdec3d54da4eb,act3_town_01_01_c2r8.tgm,Tiny_3,51470981,2747
4e6baf762f64ced4,act3_town_01_01_c2r8.tgm.header,Tiny_3,51473728,264
b302b024aef4b89d,act3_town_01_01_c2r7.tgm,Tiny_3,51468276,2441
9d624daf4e6719bc,act3_town_01_01_c2r7.tgm.header,Tiny_3,51470717,264
e812ac9bb16b780e,act3_town_01_01_c2r6.tgm,Tiny_3,51466669,1343
71e6662c888da556,act3_town_01_01_c2r6.tgm.header,Tiny_3,51468012,264
87fce679167674ea,act3_town_01_01_c2r5.tgm,Tiny_3,51465278,1127
da844e01f89e085c,act3_town_01_01_c2r5.tgm.header,Tiny_3,51466405,264
80dd41f43e327b77,act3_town_01_01_c2r4.tgm,Tiny_3,51463887,1127
771c41605bff373b,act3_town_01_01_c2r4.tgm.header,Tiny_3,51465014,264
bf8785726dc2bc0f,act3_town_01_01_c2r3.tgm,Tiny_3,51462388,1235
3a47be17830a61fd,act3_town_01_01_c2r3.tgm.header,Tiny_3,51463623,264
a18c278827fd3e99,act3_town_01_01_c2r26.tgm,Tiny_3,51461573,551
b6984511464421a5,act3_town_01_01_c2r26.tgm.header,Tiny_3,51462124,264
6d832b74f29f8f46,act3_town_01_01_c2r25.tgm,Tiny_3,51460596,713
de103d48f8acf8db,act3_town_01_01_c2r25.tgm.header,Tiny_3,51461309,264
733b79f822b5af1e,act3_town_01_01_c2r24.tgm,Tiny_3,51459349,983
6e8258e6fd33a502,act3_town_01_01_c2r24.tgm.header,Tiny_3,51460332,264
b4307e707c96fe1b,act3_town_01_01_c2r23.tgm,Tiny_3,51457796,1289
1518ca5681833f0f,act3_town_01_01_c2r23.tgm.header,Tiny_3,51459085,264
e26dae5c8f48676a,act3_town_01_01_c2r22.tgm,Tiny_3,51455577,1955
21867028f21a9043,act3_town_01_01_c2r22.tgm.header,Tiny_3,51457532,264
fab0ea4d4c9196df,act3_town_01_01_c2r21.tgm,Tiny_3,51452602,2711
c1f1a9f373c0e217,act3_town_01_01_c2r21.tgm.header,Tiny_3,51455313,264
6a5c459cb27ef8c0,act3_town_01_01_c2r20.tgm,Tiny_3,51449357,2981
74dd3950c32264db,act3_town_01_01_c2r20.tgm.header,Tiny_3,51452338,264
8d29ab989be824d3,act3_town_01_01_c2r2.tgm,Tiny_3,51448020,1073
be94a5c96bdb5815,act3_town_01_01_c2r2.tgm.header,Tiny_3,51449093,264
0b654c356d0aa20a,act3_town_01_01_c2r19.tgm,Tiny_3,51444739,3017
1c447981a1fad4ed,act3_town_01_01_c2r19.tgm.header,Tiny_3,51447756,264
aebf483ffb5d8473,act3_town_01_01_c2r18.tgm,Tiny_3,51441602,2873
665e91030904396a,act3_town_01_01_c2r18.tgm.header,Tiny_3,51444475,264
dc8f68e6b8b1af91,act3_town_01_01_c2r17.tgm,Tiny_3,51439059,2279
8350493af034c5d2,act3_town_01_01_c2r17.tgm.header,Tiny_3,51441338,264
52c97a022fd09d91,act3_town_01_01_c2r16.tgm,Tiny_3,51437020,1775
ebcdb7593f013fb4,act3_town_01_01_c2r16.tgm.header,Tiny_3,51438795,264
059c11eef8f67829,act3_town_01_01_c2r15.tgm,Tiny_3,51435179,1577
033fd4837d981a25,act3_town_01_01_c2r15.tgm.header,Tiny_3,51436756,264
70aab65c7e9c38dc,act3_town_01_01_c2r14.tgm,Tiny_3,51433014,1901
4e2ef8daf40fb6e4,act3_town_01_01_c2r14.tgm.header,Tiny_3,51434915,264
5e9de78d69a5f5c3,act3_town_01_01_c2r13.tgm,Tiny_3,51430705,2045
13025155584f2661,act3_town_01_01_c2r13.tgm.header,Tiny_3,51432750,264
39aef5f94f440913,act3_town_01_01_c2r12.tgm,Tiny_3,51428252,2189
9b0917cca81b5ea3,act3_town_01_01_c2r12.tgm.header,Tiny_3,51430441,264
654c22185ec5f158,act3_town_01_01_c2r11.tgm,Tiny_3,51425565,2423
cbc66c92b59d322d,act3_town_01_01_c2r11.tgm.header,Tiny_3,51427988,264
1de36dc95ddf3cc3,act3_town_01_01_c2r10.tgm,Tiny_3,51422752,2549
4d76dd518c232605,act3_town_01_01_c2r10.tgm.header,Tiny_3,51425301,264
e6073de97955d177,act3_town_01_01_c2r1.tgm,Tiny_3,51420893,1595
f287ca40fd21adcd,act3_town_01_01_c2r1.tgm.header,Tiny_3,51422488,264
86e9746eb0e2a1a4,act3_town_01_01_c29r9.tgm,Tiny_3,51417216,3413
390f876b6c315ddc,act3_town_01_01_c29r9.tgm.header,Tiny_3,51420629,264
b9c179977a114202,act3_town_01_01_c29r8.tgm,Tiny_3,51413473,3479
daa46a9d52929339,act3_town_01_01_c29r8.tgm.header,Tiny_3,51416952,264
05a0030df8d76880,act3_town_01_01_c29r7.tgm,Tiny_3,51410192,3017
d668343087f93ae6,act3_town_01_01_c29r7.tgm.header,Tiny_3,51413209,264
7dd242df7cda5913,act3_town_01_01_c29r6.tgm,Tiny_3,51407061,2867
d4ebd6867c421552,act3_town_01_01_c29r6.tgm.header,Tiny_3,51409928,264
ac9e5976b043e62c,act3_town_01_01_c29r5.tgm,Tiny_3,51404734,2063
252127155c4d1fba,act3_town_01_01_c29r5.tgm.header,Tiny_3,51406797,264
8b9ecd35176bfd16,act3_town_01_01_c29r4.tgm,Tiny_3,51402029,2441
86a53b5f395b7612,act3_town_01_01_c29r4.tgm.header,Tiny_3,51404470,264
0442d8207a9acb0b,act3_town_01_01_c29r3.tgm,Tiny_3,51399108,2657
8d4e9be5055f32b1,act3_town_01_01_c29r3.tgm.header,Tiny_3,51401765,264
250ee144cd355b20,act3_town_01_01_c29r26.tgm,Tiny_3,51398185,659
8e083a6ef1e1370d,act3_town_01_01_c29r26.tgm.header,Tiny_3,51398844,264
c8f370b469e58d5e,act3_town_01_01_c29r25.tgm,Tiny_3,51397208,713
0fb8b4876ed305b4,act3_town_01_01_c29r25.tgm.header,Tiny_3,51397921,264
5adbb6e9ddbeabea,act3_town_01_01_c29r24.tgm,Tiny_3,51396123,821
9a1d94051788a96d,act3_town_01_01_c29r24.tgm.header,Tiny_3,51396944,264
a8a89f2309e2a99a,act3_town_01_01_c29r23.tgm,Tiny_3,51394876,983
526a8e6e4c154a0d,act3_town_01_01_c29r23.tgm.header,Tiny_3,51395859,264
ae6c6391adb35aa5,act3_town_01_01_c29r22.tgm,Tiny_3,51393413,1199
09283f199e980d62,act3_town_01_01_c29r22.tgm.header,Tiny_3,51394612,264
860b948228a99289,act3_town_01_01_c29r21.tgm,Tiny_3,51391896,1253
c6d64dab9eca5049,act3_town_01_01_c29r21.tgm.header,Tiny_3,51393149,264
d5998ec6934e3c52,act3_town_01_01_c29r20.tgm,Tiny_3,51390379,1253
589df682ea9256bb,act3_town_01_01_c29r20.tgm.header,Tiny_3,51391632,264
74804f753cdce12c,act3_town_01_01_c29r2.tgm,Tiny_3,51387566,2549
971ab4dffb209ba2,act3_town_01_01_c29r2.tgm.header,Tiny_3,51390115,264
a02ee75a15ed1c27,act3_town_01_01_c29r19.tgm,Tiny_3,51385833,1469
cf722a488a3e91ad,act3_town_01_01_c29r19.tgm.header,Tiny_3,51387302,264
8eb9015e328db7da,act3_town_01_01_c29r18.tgm,Tiny_3,51383884,1685
51c3d687841ef774,act3_town_01_01_c29r18.tgm.header,Tiny_3,51385569,264
cd5847dbd8477bd2,act3_town_01_01_c29r17.tgm,Tiny_3,51381449,2171
909600e78f38c795,act3_town_01_01_c29r17.tgm.header,Tiny_3,51383620,264
72cd4fe6b4902fed,act3_town_01_01_c29r16.tgm,Tiny_3,51378798,2387
25e775ee8dcfce67,act3_town_01_01_c29r16.tgm.header,Tiny_3,51381185,264
8af65cd762b834ff,act3_town_01_01_c29r15.tgm,Tiny_3,51375715,2819
be3ce6b679b489fe,act3_town_01_01_c29r15.tgm.header,Tiny_3,51378534,264
1454dc807fd2d168,act3_town_01_01_c29r14.tgm,Tiny_3,51372200,3251
8054945e6751f37a,act3_town_01_01_c29r14.tgm.header,Tiny_3,51375451,264
5add40b6216ecaaa,act3_town_01_01_c29r13.tgm,Tiny_3,51369009,2927
427e863bdf3862a9,act3_town_01_01_c29r13.tgm.header,Tiny_3,51371936,264
0f793211df7d367b,act3_town_01_01_c29r12.tgm,Tiny_3,51366304,2441
651244b04d46cb2e,act3_town_01_01_c29r12.tgm.header,Tiny_3,51368745,264
c3bc8260fbc804fe,act3_town_01_01_c29r11.tgm,Tiny_3,51363275,2765
205867342d1261f7,act3_town_01_01_c29r11.tgm.header,Tiny_3,51366040,264
af57722a979098b0,act3_town_01_01_c29r10.tgm,Tiny_3,51359922,3089
2a5ea58c12f6582d,act3_town_01_01_c29r10.tgm.header,Tiny_3,51363011,264
b78dd97ba2f05488,act3_town_01_01_c29r1.tgm,Tiny_3,51358189,1469
1ac73c36b424ae23,act3_town_01_01_c29r1.tgm.header,Tiny_3,51359658,264
343d60dfbd498b9e,act3_town_01_01_c28r9.tgm,Art/Models/Terrain/Act3Town/tgms_3,886564,5465
ef4676d90e926182,act3_town_01_01_c28r9.tgm.header,Tiny_3,51357925,264
b787daaef6a406bd,act3_town_01_01_c28r8.tgm,Art/Models/Terrain/Act3Town/tgms_3,880823,5741
ab4348f2d40bc945,act3_town_01_01_c28r8.tgm.header,Tiny_3,51357661,264
6744169be66b9ef0,act3_town_01_01_c28r7.tgm,Art/Models/Terrain/Act3Town/tgms_3,874938,5885
c07e183de38e6257,act3_town_01_01_c28r7.tgm.header,Tiny_3,51357397,264
a4a802652f365feb,act3_town_01_01_c28r6.tgm,Art/Models/Terrain/Act3Town/tgms_3,868891,6047
c7914877912aa4f8,act3_town_01_01_c28r6.tgm.header,Tiny_3,51357133,264
3e8cc72825db84bf,act3_town_01_01_c28r5.tgm,Art/Models/Terrain/Act3Town/tgms_3,863426,5465
c7f25840a135f914,act3_town_01_01_c28r5.tgm.header,Tiny_3,51356869,264
f1aabfb16d175a51,act3_town_01_01_c28r4.tgm,Art/Models/Terrain/Act3Town/tgms_3,857637,5789
f3fed1bd54cf36f4,act3_town_01_01_c28r4.tgm.header,Tiny_3,51356605,264
046c22262f4a5358,act3_town_01_01_c28r3.tgm,Art/Models/Terrain/Act3Town/tgms_3,851308,6329
be449a3d9c5734d8,act3_town_01_01_c28r3.tgm.header,Tiny_3,51356341,264
fdfe39fed4a56ac7,act3_town_01_01_c28r26.tgm,Tiny_3,51355148,929
cd7d5e07152547a8,act3_town_01_01_c28r26.tgm.header,Tiny_3,51356077,264
20a7dae3abb24b45,act3_town_01_01_c28r25.tgm,Tiny_3,51353469,1415
2eb5b327598c132d,act3_town_01_01_c28r25.tgm.header,Tiny_3,51354884,264
8d095f3ce57d6bcb,act3_town_01_01_c28r24.tgm,Tiny_3,51351412,1793
ad666421dcc8c9d0,act3_town_01_01_c28r24.tgm.header,Tiny_3,51353205,264
069291e63571ddd4,act3_town_01_01_c28r23.tgm,Tiny_3,51349139,2009
f6ba0876a1a3d9bd,act3_town_01_01_c28r23.tgm.header,Tiny_3,51351148,264
49db4a63dbe7284e,act3_town_01_01_c28r22.tgm,Tiny_3,51346650,2225
519440c16a21cf9e,act3_town_01_01_c28r22.tgm.header,Tiny_3,51348875,264
6c0cadc0ca0f07d4,act3_town_01_01_c28r21.tgm,Art/Models/Terrain/Act3Town/tgms_3,560879,290429
f7f97a65576e6519,act3_town_01_01_c28r21.tgm.header,Folders/art/models/terrain/templedungeon/tgms,537274,4838
f0cb9aad7b8cb9e5,act3_town_01_01_c28r20.tgm,Tiny_3,51343405,2981
70c9dcfaa00e44e7,act3_town_01_01_c28r20.tgm.header,Tiny_3,51346386,264
6527970d0bc67bce,act3_town_01_01_c28r2.tgm,Art/Models/Terrain/Act3Town/tgms_3,554280,6599
c6f484c44917c1fd,act3_town_01_01_c28r2.tgm.header,Tiny_3,51343141,264
63a7532163b09d86,act3_town_01_01_c28r19.tgm,Tiny_3,51339572,3305
c7e232c9f80b8f63,act3_town_01_01_c28r19.tgm.header,Tiny_3,51342877,264
a5f9ace7c4705a00,act3_town_01_01_c28r18.tgm,Tiny_3,51335733,3575
1a54cc4c5976959b,act3_town_01_01_c28r18.tgm.header,Tiny_3,51339308,264
67a2c197d5d4236d,act3_town_01_01_c28r17.tgm,Tiny_3,51331948,3521
33d1af57e26a0e79,act3_town_01_01_c28r17.tgm.header,Tiny_3,51335469,264
33c46ef75fd39d29,act3_town_01_01_c28r16.tgm,Tiny_3,51328487,3197
7c2613a90540cedc,act3_town_01_01_c28r16.tgm.header,Tiny_3,51331684,264
6760f8a4d8c26145,act3_town_01_01_c28r15.tgm,Tiny_3,51324702,3521
75b78c447702d2eb,act3_town_01_01_c28r15.tgm.header,Tiny_3,51328223,264
e4fead38dadae54f,act3_town_01_01_c28r14.tgm,Tiny_3,51320593,3845
887708aa8a8ca52f,act3_town_01_01_c28r14.tgm.header,Tiny_3,51324438,264
42fcf8ddc7db8f9f,act3_town_01_01_c28r13.tgm,Art/Models/Terrain/Act3Town/tgms_3,550111,4169
8fbf4b9502c20cbf,act3_town_01_01_c28r13.tgm.header,Tiny_3,51320329,264
7d516b25712f3473,act3_town_01_01_c28r12.tgm,Art/Models/Terrain/Act3Town/tgms_3,545618,4493
f690082e1fc2ba85,act3_town_01_01_c28r12.tgm.header,Tiny_3,51320065,264
6aaa597602831ef4,act3_town_01_01_c28r11.tgm,Art/Models/Terrain/Act3Town/tgms_3,540801,4817
c0fe915cc46d134e,act3_town_01_01_c28r11.tgm.header,Tiny_3,51319801,264
ab35bad291ce17df,act3_town_01_01_c28r10.tgm,Art/Models/Terrain/Act3Town/tgms_3,535660,5141
fb45f220cf8c6b57,act3_town_01_01_c28r10.tgm.header,Tiny_3,51319537,264
9c3cf23ecc16ce7f,act3_town_01_01_c28r1.tgm,Tiny_3,51315722,3551
3be83ea92dab0568,act3_town_01_01_c28r1.tgm.header,Tiny_3,51319273,264
7167c70a74ba3991,act3_town_01_01_c27r9.tgm,Tiny_3,51312531,2927
e490199c445ba8a0,act3_town_01_01_c27r9.tgm.header,Tiny_3,51315458,264
84f5a081775a22d5,act3_town_01_01_c27r8.tgm,Tiny_3,51309148,3119
5b1fec45dbafb569,act3_town_01_01_c27r8.tgm.header,Tiny_3,51312267,264
9b9d9f8b3d7115a7,act3_town_01_01_c27r7.tgm,Tiny_3,51305351,3533
2a7764ca54eda2f4,act3_town_01_01_c27r7.tgm.header,Tiny_3,51308884,264
ad0ce86bd5664f16,act3_town_01_01_c27r6.tgm,Tiny_3,51301386,3701
3b5a386be2e71b23,act3_town_01_01_c27r6.tgm.header,Tiny_3,51305087,264
f87f8e83762c650d,act3_town_01_01_c27r5.tgm,Tiny_3,51298465,2657
2d0c57a28a6b9805,act3_town_01_01_c27r5.tgm.header,Tiny_3,51301122,264
f58bec13805dbf61,act3_town_01_01_c27r4.tgm,Tiny_3,51296138,2063
21ba3aca48eab16d,act3_town_01_01_c27r4.tgm.header,Tiny_3,51298201,264
1c64325122f2b4e0,act3_town_01_01_c27r3.tgm,Tiny_3,51294459,1415
b4f8e68479c721c6,act3_town_01_01_c27r3.tgm.header,Tiny_3,51295874,264
bfc244cdd6377796,act3_town_01_01_c27r26.tgm,Tiny_3,51293290,905
230acaa1fc7f6bb1,act3_town_01_01_c27r26.tgm.header,Tiny_3,51294195,264
997a70109e18e8d0,act3_town_01_01_c27r25.tgm,Tiny_3,51291557,1469
df489eb37110969e,act3_town_01_01_c27r25.tgm.header,Tiny_3,51293026,264
48cfc3ccfa379cfd,act3_town_01_01_c27r24.tgm,Tiny_3,51289500,1793
ac21c94f3458831a,act3_town_01_01_c27r24.tgm.header,Tiny_3,51291293,264
f37d8b66aa8d63b2,act3_town_01_01_c27r23.tgm,Tiny_3,51287227,2009
1d31362ee764e45f,act3_town_01_01_c27r23.tgm.header,Tiny_3,51289236,264
4adaa816a74fc633,act3_town_01_01_c27r22.tgm,Tiny_3,51284738,2225
ad1812e6d83c82b9,act3_town_01_01_c27r22.tgm.header,Tiny_3,51286963,264
a73616708fff76a9,act3_town_01_01_c27r21.tgm,Tiny_3,51282087,2387
81cbf74489ba10f0,act3_town_01_01_c27r21.tgm.header,Tiny_3,51284474,264
0848ca7b38f8ddcb,act3_town_01_01_c27r20.tgm,Tiny_3,51279706,2117
82a6234692de5ebb,act3_town_01_01_c27r20.tgm.header,Tiny_3,51281823,264
6b1ea7dd42cadbbc,act3_town_01_01_c27r2.tgm,Tiny_3,51278027,1415
bb05b0c69f0700b6,act3_town_01_01_c27r2.tgm.header,Tiny_3,51279442,264
978f47c009429478,act3_town_01_01_c27r19.tgm,Tiny_3,51276564,1199
24e6c6db88ba4466,act3_town_01_01_c27r19.tgm.header,Tiny_3,51277763,264
c4d9c026bf5777bf,act3_town_01_01_c27r18.tgm,Tiny_3,51275317,983
1b4fee8ae006a74a,act3_town_01_01_c27r18.tgm.header,Tiny_3,51276300,264
703503af2571c98b,act3_town_01_01_c27r17.tgm,Tiny_3,51273854,1199
578cde85f4f96e4c,act3_town_01_01_c27r17.tgm.header,Tiny_3,51275053,264
a1f2a4af84e28a76,act3_town_01_01_c27r16.tgm,Tiny_3,51272175,1415
388a6362619f6347,act3_town_01_01_c27r16.tgm.header,Tiny_3,51273590,264
d0ed963b2d41922d,act3_town_01_01_c27r15.tgm,Tiny_3,51270280,1631
ded9a633832e25df,act3_town_01_01_c27r15.tgm.header,Tiny_3,51271911,264
b7edfb1496d47490,act3_town_01_01_c27r14.tgm,Tiny_3,51268169,1847
dc921178a3eb1d05,act3_town_01_01_c27r14.tgm.header,Tiny_3,51270016,264
3c95bd36957363fd,act3_town_01_01_c27r13.tgm,Tiny_3,51265842,2063
3067347ba505b662,act3_town_01_01_c27r13.tgm.header,Tiny_3,51267905,264
e973c78a2110cc99,act3_town_01_01_c27r12.tgm,Tiny_3,51263299,2279
621a8788e271e8b6,act3_town_01_01_c27r12.tgm.header,Tiny_3,51265578,264
2957236c27b95d95,act3_town_01_01_c27r11.tgm,Tiny_3,51260540,2495
10e0ab27197b035a,act3_town_01_01_c27r11.tgm.header,Tiny_3,51263035,264
7d05ef9ac2d5cf84,act3_town_01_01_c27r10.tgm,Tiny_3,51257565,2711
e45e63fe64896407,act3_town_01_01_c27r10.tgm.header,Tiny_3,51260276,264
8bc9e4fa6c5f3c75,act3_town_01_01_c27r1.tgm,Tiny_3,51256534,767
3be4674547ed84c6,act3_town_01_01_c27r1.tgm.header,Tiny_3,51257301,264
91a109d063beab2a,act3_town_01_01_c26r9.tgm,Tiny_3,51253343,2927
757dfd1f50d97621,act3_town_01_01_c26r9.tgm.header,Tiny_3,51256270,264
05cec68e9cea372b,act3_town_01_01_c26r8.tgm,Tiny_3,51250092,2987
6a226b80bbe2b011,act3_town_01_01_c26r8.tgm.header,Tiny_3,51253079,264
171cd05472d04c55,act3_town_01_01_c26r7.tgm,Tiny_3,51246373,3455
9fa2f7cae3a214fa,act3_town_01_01_c26r7.tgm.header,Tiny_3,51249828,264
f4450b29ee17936d,act3_town_01_01_c26r6.tgm,Tiny_3,51243140,2969
137c48e9cb78ff00,act3_town_01_01_c26r6.tgm.header,Tiny_3,51246109,264
a3a87462cd2091b7,act3_town_01_01_c26r5.tgm,Tiny_3,51242001,875
3a44dc9d20c72738,act3_town_01_01_c26r5.tgm.header,Tiny_3,51242876,264
40beb5f173199303,act3_town_01_01_c26r4.tgm,Tiny_3,51240646,1091
edc9571291f2fc8a,act3_town_01_01_c26r4.tgm.header,Tiny_3,51241737,264
5ee79a64e19d6b5e,act3_town_01_01_c26r3.tgm,Tiny_3,51239237,1145
278984823152b8ff,act3_town_01_01_c26r3.tgm.header,Tiny_3,51240382,264
972e22f876c7a461,act3_town_01_01_c26r26.tgm,Tiny_3,51238422,551
903eb4bc02760f75,act3_town_01_01_c26r26.tgm.header,Tiny_3,51238973,264
838f2a32e9802586,act3_town_01_01_c26r25.tgm,Tiny_3,51237283,875
b74155843034b31f,act3_town_01_01_c26r25.tgm.header,Tiny_3,51238158,264
4e1226be18a77f90,act3_town_01_01_c26r24.tgm,Tiny_3,51235874,1145
1d3560632440b20b,act3_town_01_01_c26r24.tgm.header,Tiny_3,51237019,264
3d0ac89834a1bb1e,act3_town_01_01_c26r23.tgm,Tiny_3,51234411,1199
c90aea87d901c565,act3_town_01_01_c26r23.tgm.header,Tiny_3,51235610,264
6f7f9b08ac339c6f,act3_town_01_01_c26r22.tgm,Tiny_3,51232462,1685
34cb88291303a2ee,act3_town_01_01_c26r22.tgm.header,Tiny_3,51234147,264
7b75c0ed7d0a65a6,act3_town_01_01_c26r21.tgm,Tiny_3,51230189,2009
c170f9253dc5cfd6,act3_town_01_01_c26r21.tgm.header,Tiny_3,51232198,264
959991fc1dd595cc,act3_town_01_01_c26r20.tgm,Tiny_3,51227646,2279
19fc1101d1cae0d4,act3_town_01_01_c26r20.tgm.header,Tiny_3,51229925,264
041888e3769550e4,act3_town_01_01_c26r2.tgm,Tiny_3,51225805,1577
6348daa87d5303af,act3_town_01_01_c26r2.tgm.header,Tiny_3,51227382,264
c3d5ff63b70477ae,act3_town_01_01_c26r19.tgm,Tiny_3,51222938,2603
f0e4639e8f52fd7d,act3_town_01_01_c26r19.tgm.header,Tiny_3,51225541,264
1a89a40b78bfc288,act3_town_01_01_c26r18.tgm,Tiny_3,51219639,3035
460b26875fa5febd,act3_town_01_01_c26r18.tgm.header,Tiny_3,51222674,264
22709fd9a4501398,act3_town_01_01_c26r17.tgm,Tiny_3,51216286,3089
1bf5aa514ac6923c,act3_town_01_01_c26r17.tgm.header,Tiny_3,51219375,264
5d4e7174ac1f2f78,act3_town_01_01_c26r16.tgm,Tiny_3,51213041,2981
d2f8d780af0661a9,act3_town_01_01_c26r16.tgm.header,Tiny_3,51216022,264
481fc3d413bb88e3,act3_town_01_01_c26r15.tgm,Tiny_3,51209472,3305
65bdab45cfadf8f5,act3_town_01_01_c26r15.tgm.header,Tiny_3,51212777,264
61f54f30a273e89d,act3_town_01_01_c26r14.tgm,Tiny_3,51205579,3629
da36e1b099e765ef,act3_town_01_01_c26r14.tgm.header,Tiny_3,51209208,264
2b4f74d6e6f41996,act3_town_01_01_c26r13.tgm,Tiny_3,51201794,3521
b91e683f9b05bc5c,act3_town_01_01_c26r13.tgm.header,Tiny_3,51205315,264
d4461cb13f9e27a2,act3_town_01_01_c26r12.tgm,Tiny_3,51198279,3251
b6ab9d9b2908f052,act3_town_01_01_c26r12.tgm.header,Tiny_3,51201530,264
050541526e74d373,act3_town_01_01_c26r11.tgm,Tiny_3,51194980,3035
8b524bacd3a46184,act3_town_01_01_c26r11.tgm.header,Tiny_3,51198015,264
f37e2ed6d0dd267f,act3_town_01_01_c26r10.tgm,Tiny_3,51192005,2711
a5c02463be8c86cd,act3_town_01_01_c26r10.tgm.header,Tiny_3,51194716,264
cb6cf2e3738c4136,act3_town_01_01_c26r1.tgm,Tiny_3,51190704,1037
f5c049c7ec72721b,act3_town_01_01_c26r1.tgm.header,Tiny_3,51191741,264
ca1d351ed9eb1cf8,act3_town_01_01_c25r9.tgm,Art/Models/Terrain/Act3Town/tgms_3,531491,4169
a6ba454e8c4bc995,act3_town_01_01_c25r9.tgm.header,Tiny_3,51190440,264
ab23d3af7ecaf670,act3_town_01_01_c25r8.tgm,Art/Models/Terrain/Act3Town/tgms_3,527118,4373
3339b1434873ffdc,act3_town_01_01_c25r8.tgm.header,Tiny_3,51190176,264
b9a9c06b9a6b92c4,act3_town_01_01_c25r7.tgm,Art/Models/Terrain/Act3Town/tgms_3,522157,4961
dd613f1f86e73b77,act3_town_01_01_c25r7.tgm.header,Tiny_3,51189912,264
bfb3b10917e3640e,act3_town_01_01_c25r6.tgm,Art/Models/Terrain/Act3Town/tgms_3,517862,4295
3c202983b9a59124,act3_town_01_01_c25r6.tgm.header,Tiny_3,51189648,264
31875ca9cb7c8590,act3_town_01_01_c25r5.tgm,Tiny_3,51186889,2495
fde9b39539039699,act3_town_01_01_c25r5.tgm.header,Tiny_3,51189384,264
a44ab398f5cc4a62,act3_town_01_01_c25r4.tgm,Tiny_3,51183914,2711
286a8ded271cdc3a,act3_town_01_01_c25r4.tgm.header,Tiny_3,51186625,264
35104db12e049d3f,act3_town_01_01_c25r3.tgm,Tiny_3,51181209,2441
d9a5a03013241740,act3_town_01_01_c25r3.tgm.header,Tiny_3,51183650,264
36a209a1a792957c,act3_town_01_01_c25r26.tgm,Tiny_3,51180148,797
bc5ec47204b249bd,act3_town_01_01_c25r26.tgm.header,Tiny_3,51180945,264
f95cfb7d99fa1122,act3_town_01_01_c25r25.tgm,Tiny_3,51178739,1145
1454790df16b2305,act3_town_01_01_c25r25.tgm.header,Tiny_3,51179884,264
47573fc314d9f825,act3_town_01_01_c25r24.tgm,Tiny_3,51177006,1469
df76e644c8376c54,act3_town_01_01_c25r24.tgm.header,Tiny_3,51178475,264
b4164a7df5f22be5,act3_town_01_01_c25r23.tgm,Tiny_3,51175111,1631
296284bcec5227d6,act3_town_01_01_c25r23.tgm.header,Tiny_3,51176742,264
6504bdfd3f0f5d53,act3_town_01_01_c25r22.tgm,Tiny_3,51173216,1631
96887e34b8964f4f,act3_town_01_01_c25r22.tgm.header,Tiny_3,51174847,264
58b90f8e302227f9,act3_town_01_01_c25r21.tgm,Tiny_3,51171645,1307
fa9057c2d56a65d6,act3_town_01_01_c25r21.tgm.header,Tiny_3,51172952,264
6d50ae2e1b8bd28e,act3_town_01_01_c25r20.tgm,Tiny_3,51169696,1685
77c5e8ceb3f6b933,act3_town_01_01_c25r20.tgm.header,Tiny_3,51171381,264
582d8218f68e1dd4,act3_town_01_01_c25r2.tgm,Tiny_3,51167747,1685
14075d34f72ae129,act3_town_01_01_c25r2.tgm.header,Tiny_3,51169432,264
a1c5c3c3244352ba,act3_town_01_01_c25r19.tgm,Tiny_3,51165474,2009
0141664f75d8e74a,act3_town_01_01_c25r19.tgm.header,Tiny_3,51167483,264
e242930b130445d3,act3_town_01_01_c25r18.tgm,Tiny_3,51162877,2333
bf1e395157e0b798,act3_town_01_01_c25r18.tgm.header,Tiny_3,51165210,264
99aad2b06ccff46e,act3_town_01_01_c25r17.tgm,Tiny_3,51160172,2441
4f3dec25721441a1,act3_town_01_01_c25r17.tgm.header,Tiny_3,51162613,264
6a05f59698adec13,act3_town_01_01_c25r16.tgm,Tiny_3,51157575,2333
390f5d59c70af090,act3_town_01_01_c25r16.tgm.header,Tiny_3,51159908,264
a21fa5e848c5d508,act3_town_01_01_c25r15.tgm,Tiny_3,51154654,2657
a04c79de553af46b,act3_town_01_01_c25r15.tgm.header,Tiny_3,51157311,264
cce332fc7a09a7b1,act3_town_01_01_c25r14.tgm,Tiny_3,51151409,2981
2df63ba2a6b944fc,act3_town_01_01_c25r14.tgm.header,Tiny_3,51154390,264
1bf5d3d527fbd064,act3_town_01_01_c25r13.tgm,Tiny_3,51147678,3467
479b16e46c4b2eaf,act3_town_01_01_c25r13.tgm.header,Tiny_3,51151145,264
e7947f3521b9c61b,act3_town_01_01_c25r12.tgm,Tiny_3,51143893,3521
32396d7a096f9d0a,act3_town_01_01_c25r12.tgm.header,Tiny_3,51147414,264
7bf38a2094e5000a,act3_town_01_01_c25r11.tgm,Tiny_3,51140108,3521
4d61cb0edeb1d589,act3_town_01_01_c25r11.tgm.header,Tiny_3,51143629,264
52d8fd65b5f7bee1,act3_town_01_01_c25r10.tgm,Tiny_3,51135999,3845
531f4b608ab7fcaf,act3_town_01_01_c25r10.tgm.header,Tiny_3,51139844,264
ac72fc9506e70aab,act3_town_01_01_c25r1.tgm,Tiny_3,51134860,875
7e4ebed72e3829d4,act3_town_01_01_c25r1.tgm.header,Tiny_3,51135735,264
faaa93f881c99952,act3_town_01_01_c24r9.tgm,Tiny_3,51131615,2981
67790b928f2c5bb1,act3_town_01_01_c24r9.tgm.header,Tiny_3,51134596,264
15e1e1f59b14f5ce,act3_town_01_01_c24r8.tgm,Tiny_3,51128226,3125
7c2d8c460fd4dade,act3_town_01_01_c24r8.tgm.header,Tiny_3,51131351,264
2538efb87f0d2dc4,act3_town_01_01_c24r7.tgm,Tiny_3,51124465,3497
20fb39cff172bcf3,act3_town_01_01_c24r7.tgm.header,Tiny_3,51127962,264
c30a333f0f2243e1,act3_town_01_01_c24r6.tgm,Tiny_3,51120560,3641
5b04ef1dcb62a9cc,act3_town_01_01_c24r6.tgm.header,Tiny_3,51124201,264
ff0a1444cbc2102e,act3_town_01_01_c24r5.tgm,Tiny_3,51117291,3005
f92fc26430714ef0,act3_town_01_01_c24r5.tgm.header,Tiny_3,51120296,264
c61244107ef8bfb9,act3_town_01_01_c24r4.tgm,Tiny_3,51113398,3629
943b351cef21e89f,act3_town_01_01_c24r4.tgm.header,Tiny_3,51117027,264
211345d8b942af0f,act3_town_01_01_c24r3.tgm,Tiny_3,51109709,3425
980f4d8cbbb4ce72,act3_town_01_01_c24r3.tgm.header,Tiny_3,51113134,264
ccbcc474351d8b98,act3_town_01_01_c24r26.tgm,Tiny_3,51108786,659
9d6bb34d13987122,act3_town_01_01_c24r26.tgm.header,Tiny_3,51109445,264
4f0bc315cade3ff9,act3_town_01_01_c24r25.tgm,Tiny_3,51107647,875
5764ca0e02fbca45,act3_town_01_01_c24r25.tgm.header,Tiny_3,51108522,264
43476db99abaa870,act3_town_01_01_c24r24.tgm,Tiny_3,51106292,1091
d917c6c75158f9a7,act3_town_01_01_c24r24.tgm.header,Tiny_3,51107383,264
f0ee2742c3a81a15,act3_town_01_01_c24r23.tgm,Tiny_3,51104775,1253
37db3a2d11127070,act3_town_01_01_c24r23.tgm.header,Tiny_3,51106028,264
aed8aa24b1ee3304,act3_town_01_01_c24r22.tgm,Tiny_3,51102880,1631
08c6ba6d2015b7d5,act3_town_01_01_c24r22.tgm.header,Tiny_3,51104511,264
ae0e27c54103cab3,act3_town_01_01_c24r21.tgm,Tiny_3,51100733,1883
3e5939cdc8875e92,act3_town_01_01_c24r21.tgm.header,Tiny_3,51102616,264
011f13feba1b603a,act3_town_01_01_c24r20.tgm,Tiny_3,51098892,1577
22cb57414f370ba9,act3_town_01_01_c24r20.tgm.header,Tiny_3,51100469,264
c4790d7dae28c7c1,act3_town_01_01_c24r2.tgm,Tiny_3,51096457,2171
720c763052ee9785,act3_town_01_01_c24r2.tgm.header,Tiny_3,51098628,264
26a9e466df1e892d,act3_town_01_01_c24r19.tgm,Tiny_3,51094292,1901
ea2896aaa0e1d326,act3_town_01_01_c24r19.tgm.header,Tiny_3,51096193,264
4fdbc5772119b498,act3_town_01_01_c24r18.tgm,Tiny_3,51091803,2225
9a9559bdd95626c3,act3_town_01_01_c24r18.tgm.header,Tiny_3,51094028,264
f842f6e1744f50f6,act3_town_01_01_c24r17.tgm,Tiny_3,51088720,2819
b13ab833c8fa0672,act3_town_01_01_c24r17.tgm.header,Tiny_3,51091539,264
9a0ace1a3f817b64,act3_town_01_01_c24r16.tgm,Tiny_3,51085439,3017
1d5b76ee979226b8,act3_town_01_01_c24r16.tgm.header,Tiny_3,51088456,264
0fdba97c4f37d42d,act3_town_01_01_c24r15.tgm,Tiny_3,51082302,2873
2723615ffacc7a1b,act3_town_01_01_c24r15.tgm.header,Tiny_3,51085175,264
4c61c4b0b0b966b7,act3_town_01_01_c24r14.tgm,Tiny_3,51079273,2765
9f0c26a1a07ebc44,act3_town_01_01_c24r14.tgm.header,Tiny_3,51082038,264
411d26d9029e1669,act3_town_01_01_c24r13.tgm,Tiny_3,51076028,2981
db1291a111ac2a22,act3_town_01_01_c24r13.tgm.header,Tiny_3,51079009,264
361acdfe049d3e2a,act3_town_01_01_c24r12.tgm,Tiny_3,51072297,3467
e35f5bbabe5a2e00,act3_town_01_01_c24r12.tgm.header,Tiny_3,51075764,264
fa84d968634121cb,act3_town_01_01_c24r11.tgm,Tiny_3,51068080,3953
27ffa5416a284238,act3_town_01_01_c24r11.tgm.header,Tiny_3,51072033,264
62a741936b7b60b4,act3_town_01_01_c24r10.tgm,Art/Models/Terrain/Act3Town/tgms_3,513765,4097
cec8d9c780db576a,act3_town_01_01_c24r10.tgm.header,Tiny_3,51067816,264
6393e1da02024d07,act3_town_01_01_c24r1.tgm,Tiny_3,51066077,1475
6b1c72ff7ab66657,act3_town_01_01_c24r1.tgm.header,Tiny_3,51067552,264
bf5d2643f0021b51,act3_town_01_01_c23r9.tgm,Tiny_3,51061878,3935
f50533088a0e2641,act3_town_01_01_c23r9.tgm.header,Tiny_3,51065813,264
c6e906901d822d2f,act3_town_01_01_c23r8.tgm,Tiny_3,51058009,3605
d8889de4b4740256,act3_town_01_01_c23r8.tgm.header,Tiny_3,51061614,264
8da7380612ab089a,act3_town_01_01_c23r7.tgm,Tiny_3,51054926,2819
27a39e6d0d4b42ff,act3_town_01_01_c23r7.tgm.header,Tiny_3,51057745,264
8d3774b914de856f,act3_town_01_01_c23r6.tgm,Tiny_3,51051669,2993
58370183ea51e8a1,act3_town_01_01_c23r6.tgm.header,Tiny_3,51054662,264
a98160b4a935251f,act3_town_01_01_c23r5.tgm,Tiny_3,51048934,2471
2ebc544498084257,act3_town_01_01_c23r5.tgm.header,Tiny_3,51051405,264
433010df1c636fa8,act3_town_01_01_c23r4.tgm,Tiny_3,51045689,2981
3231a812bbd0acc8,act3_town_01_01_c23r4.tgm.header,Tiny_3,51048670,264
e0095beee697b0f1,act3_town_01_01_c23r3.tgm,Tiny_3,51041718,3707
4fd765e110595da0,act3_town_01_01_c23r3.tgm.header,Tiny_3,51045425,264
f1f17085e8110e6e,act3_town_01_01_c23r26.tgm,Tiny_3,51040741,713
6f65bd58eed6e4d4,act3_town_01_01_c23r26.tgm.header,Tiny_3,51041454,264
635a8c4dd1f73060,act3_town_01_01_c23r25.tgm,Tiny_3,51039548,929
62c772a914a46e8e,act3_town_01_01_c23r25.tgm.header,Tiny_3,51040477,264
f97a445c7f4ed301,act3_town_01_01_c23r24.tgm,Tiny_3,51038247,1037
116a2a3c656340aa,act3_town_01_01_c23r24.tgm.header,Tiny_3,51039284,264
4541a7ee91f229c9,act3_town_01_01_c23r23.tgm,Tiny_3,51036784,1199
4e62c55a2efbd5ab,act3_town_01_01_c23r23.tgm.header,Tiny_3,51037983,264
40871244eaaac9b1,act3_town_01_01_c23r22.tgm,Art/Models/Terrain/Act3Town/tgms_3,312918,200847
df61b63dcbf42ef1,act3_town_01_01_c23r22.tgm.header,Tiny_3,51032958,3826
a07ee81034cbb52f,act3_town_01_01_c23r21.tgm,Tiny_3,51031009,1685
9bfd0e3db458fc51,act3_town_01_01_c23r21.tgm.header,Tiny_3,51032694,264
0374da67ee0187e6,act3_town_01_01_c23r20.tgm,Art/Models/Terrain/Act3Town/tgms_3,201625,111293
1e8f3b987b921b91,act3_town_01_01_c23r20.tgm.header,Folders/art/models/terrain/templedungeon/tgms,531116,6158
0008a873b92ecfbe,act3_town_01_01_c23r2.tgm,Tiny_3,51027188,3557
2733a569039f486b,act3_town_01_01_c23r2.tgm.header,Tiny_3,51030745,264
05e30868bc139783,act3_town_01_01_c23r19.tgm,Tiny_3,51025185,1739
53e05716708bf2a1,act3_town_01_01_c23r19.tgm.header,Tiny_3,51026924,264
d56693d5600c61c5,act3_town_01_01_c23r18.tgm,Art/Models/Terrain/Act3Town/tgms_3,0,201625
eb7b7f759cdd27dc,act3_town_01_01_c23r18.tgm.header,Tiny_3,51024351,834
1dc0035b8c8f2e42,act3_town_01_01_c23r17.tgm,Tiny_3,51022294,1793
def60fad1bbfad40,act3_town_01_01_c23r17.tgm.header,Tiny_3,51024087,264
41449a8267ebbfc5,act3_town_01_01_c23r16.tgm,Tiny_3,51020075,1955
76f243b7ddcbad54,act3_town_01_01_c23r16.tgm.header,Tiny_3,51022030,264
fad594d55996eddc,act3_town_01_01_c23r15.tgm,Tiny_3,51017316,2495
bfaa3e77fc6d4fe8,act3_town_01_01_c23r15.tgm.header,Tiny_3,51019811,264
d9ea6e3d69cbd0f5,act3_town_01_01_c23r14.tgm,Tiny_3,51014665,2387
dc20ff5bec583cdf,act3_town_01_01_c23r14.tgm.header,Tiny_3,51017052,264
727538c445c4b955,act3_town_01_01_c23r13.tgm,Tiny_3,51011960,2441
c8d2fa977aad8a63,act3_town_01_01_c23r13.tgm.header,Tiny_3,51014401,264
062c49a11b58b24c,act3_town_01_01_c23r12.tgm,Tiny_3,51008211,3485
37507d89c8c4744c,act3_town_01_01_c23r12.tgm.header,Tiny_3,51011696,264
adbe85d6624b417c,act3_town_01_01_c23r11.tgm,Tiny_3,51004180,3767
f97e7a3ddf30f737,act3_town_01_01_c23r11.tgm.header,Tiny_3,51007947,264
6bef90bdb2c8a7a1,act3_town_01_01_c23r10.tgm,Art/Models/Terrain/Act3Town/tgms_2,1982884,4415
ad00c6c5243f67b7,act3_town_01_01_c23r10.tgm.header,Tiny_3,51003916,264
f5b534296fcf3363,act3_town_01_01_c23r1.tgm,Tiny_3,51000983,2669
ce5cd7636946ed35,act3_town_01_01_c23r1.tgm.header,Tiny_3,51003652,264
df0ff5158356f024,act3_town_01_01_c22r9.tgm,Art/Models/Terrain/Act3Town/tgms_2,1977221,5663
81d793d1727cacb3,act3_town_01_01_c22r9.tgm.header,Tiny_3,51000719,264
ef0352dc9d7988ed,act3_town_01_01_c22r8.tgm,Art/Models/Terrain/Act3Town/tgms_2,1972842,4379
4d13f851735a934d,act3_town_01_01_c22r8.tgm.header,Tiny_3,51000455,264
21515ef386d58ff4,act3_town_01_01_c22r7.tgm,Tiny_3,50997036,3155
57dbc66e470f4ade,act3_town_01_01_c22r7.tgm.header,Tiny_3,51000191,264
4abec5ea456631a6,act3_town_01_01_c22r6.tgm,Tiny_3,50993827,2945
48404d17961d7bbc,act3_town_01_01_c22r6.tgm.header,Tiny_3,50996772,264
07c04e505b2a332e,act3_town_01_01_c22r5.tgm,Tiny_3,50991224,2339
2db8e11dc55fdd1f,act3_town_01_01_c22r5.tgm.header,Tiny_3,50993563,264
b81192492236854d,act3_town_01_01_c22r4.tgm,Tiny_3,50988003,2957
81c3dae219eda723,act3_town_01_01_c22r4.tgm.header,Tiny_3,50990960,264
9217e23b3c558ec1,act3_town_01_01_c22r3.tgm,Tiny_3,50983720,4019
b36391466ff4bdea,act3_town_01_01_c22r3.tgm.header,Tiny_3,50987739,264
5156375e4b4286fd,act3_town_01_01_c22r26.tgm,Tiny_3,50982359,1097
93378139d9441f3e,act3_town_01_01_c22r26.tgm.header,Tiny_3,50983456,264
fc2658bba61e4a98,act3_town_01_01_c22r25.tgm,Tiny_3,50980302,1793
9c03f113bdcbbe7e,act3_town_01_01_c22r25.tgm.header,Tiny_3,50982095,264
a1da9fbb02d47d83,act3_town_01_01_c22r24.tgm,Tiny_3,50977759,2279
3f5a2d0977247f81,act3_town_01_01_c22r24.tgm.header,Tiny_3,50980038,264
debb17a95d8991c2,act3_town_01_01_c22r23.tgm,Tiny_3,50974730,2765
79de9a62990a8261,act3_town_01_01_c22r23.tgm.header,Tiny_3,50977495,264
00d0ace10f49f550,act3_town_01_01_c22r22.tgm,Tiny_3,50971215,3251
aae88c3d2fc10469,act3_town_01_01_c22r22.tgm.header,Tiny_3,50974466,264
0b885e7fec62b7bb,act3_town_01_01_c22r21.tgm,Tiny_3,50967754,3197
9842b3679eef97ee,act3_town_01_01_c22r21.tgm.header,Tiny_3,50970951,264
17f4879e87f7f4d0,act3_town_01_01_c22r20.tgm,Art/Models/Terrain/Act3Town/tgms_2,1691029,281813
6ab5cdaad40dc9d5,act3_town_01_01_c22r20.tgm.header,Folders/art/models/terrain/templedungeon/tgms,526806,4310
a954e83b0231ad95,act3_town_01_01_c22r2.tgm,Art/Models/Terrain/Act3Town/tgms_2,1686608,4421
e0b7d72812491234,act3_town_01_01_c22r2.tgm.header,Tiny_3,50967490,264
182a9cd12bfd0be9,act3_town_01_01_c22r19.tgm,Tiny_3,50964083,3143
ca9210a30c3f1bd2,act3_town_01_01_c22r19.tgm.header,Tiny_3,50967226,264
ff8b1fffa2715c15,act3_town_01_01_c22r18.tgm,Art/Models/Terrain/Act3Town/tgms_2,1662713,23895
32d5c30559c21889,act3_town_01_01_c22r18.tgm.header,Tiny_3,50963819,264
80a172baf4574387,act3_town_01_01_c22r17.tgm,Tiny_3,50959674,3881
05d88476b9455c83,act3_town_01_01_c22r17.tgm.header,Tiny_3,50963555,264
091e19d5d65732c1,act3_town_01_01_c22r16.tgm,Tiny_3,50955691,3719
2ce08a2b0fe4fc17,act3_town_01_01_c22r16.tgm.header,Tiny_3,50959410,264
3503ee9159791d45,act3_town_01_01_c22r15.tgm,Art/Models/Terrain/Act3Town/tgms_2,1565012,97701
fbf0450d84f33548,act3_town_01_01_c22r15.tgm.header,Folders/art/models/terrain/templedungeon/tgms,522188,4618
ec515346f36b28df,act3_town_01_01_c22r14.tgm,Art/Models/Terrain/Act3Town/tgms_2,1559547,5465
78fb17139824d79e,act3_town_01_01_c22r14.tgm.header,Tiny_3,50955427,264
f2100c98db04af55,act3_town_01_01_c22r13.tgm,Art/Models/Terrain/Act3Town/tgms_2,1553614,5933
b18eebace4e3da68,act3_town_01_01_c22r13.tgm.header,Tiny_3,50955163,264
e3c778c24c7e0b53,act3_town_01_01_c22r12.tgm,Art/Models/Terrain/Act3Town/tgms_2,1546889,6725
87496e01a8300d1b,act3_town_01_01_c22r12.tgm.header,Tiny_3,50954899,264
9e09641f5680cd9e,act3_town_01_01_c22r11.tgm,Art/Models/Terrain/Act3Town/tgms_2,1540488,6401
2f0b30f9b7918ab5,act3_town_01_01_c22r11.tgm.header,Tiny_3,50954635,264
a5a9cd3b18d72dae,act3_town_01_01_c22r10.tgm,Art/Models/Terrain/Act3Town/tgms_2,1534561,5927
68d3f2dd6dbda2b3,act3_town_01_01_c22r10.tgm.header,Tiny_3,50954371,264
5ba1c732320b51d5,act3_town_01_01_c22r1.tgm,Art/Models/Terrain/Act3Town/tgms_2,1530182,4379
fa01f50541fb40b0,act3_town_01_01_c22r1.tgm.header,Tiny_3,50954107,264
542eb3368ee16876,act3_town_01_01_c21r9.tgm,Tiny_3,50950568,3275
55a2b275ba505aa4,act3_town_01_01_c21r9.tgm.header,Tiny_3,50953843,264
424822ff4e1ef583,act3_town_01_01_c21r8.tgm,Tiny_3,50947497,2807
d3a5090325050b25,act3_town_01_01_c21r8.tgm.header,Tiny_3,50950304,264
13e50dfcab4f24ee,act3_town_01_01_c21r7.tgm,Tiny_3,50944006,3227
a87130fba3f8034c,act3_town_01_01_c21r7.tgm.header,Tiny_3,50947233,264
3b44ad7ee7a51afb,act3_town_01_01_c21r6.tgm,Tiny_3,50940035,3707
eda9d1ca9c760e5c,act3_town_01_01_c21r6.tgm.header,Tiny_3,50943742,264
378af6565fae3fd5,act3_town_01_01_c21r5.tgm,Tiny_3,50938332,1439
dc9bfa40e79bf29e,act3_town_01_01_c21r5.tgm.header,Tiny_3,50939771,264
6c00feaa239552af,act3_town_01_01_c21r4.tgm,Tiny_3,50936849,1219
2e3bf707c5db5799,act3_town_01_01_c21r4.tgm.header,Tiny_3,50938068,264
a547df146081f67b,act3_town_01_01_c21r3.tgm,Tiny_3,50935474,1111
dd238ed6009b7f78,act3_town_01_01_c21r3.tgm.header,Tiny_3,50936585,264
2f431193203eee59,act3_town_01_01_c21r26.tgm,Tiny_3,50934443,767
a5afb89f3de523e6,act3_town_01_01_c21r26.tgm.header,Tiny_3,50935210,264
ac47e20e68ea9739,act3_town_01_01_c21r25.tgm,Tiny_3,50932980,1199
85398802d4534491,act3_town_01_01_c21r25.tgm.header,Tiny_3,50934179,264
7ed314ae2a44ed44,act3_town_01_01_c21r24.tgm,Tiny_3,50931409,1307
3164613ec42ef027,act3_town_01_01_c21r24.tgm.header,Tiny_3,50932716,264
904e8962bcc8914d,act3_town_01_01_c21r23.tgm,Tiny_3,50929460,1685
e7149e9a5ff33c99,act3_town_01_01_c21r23.tgm.header,Tiny_3,50931145,264
531c3a2c6da84961,act3_town_01_01_c21r22.tgm,Art/Models/Terrain/Act3Town/tgms_2,1294747,235435
f3e8709e132428b6,act3_town_01_01_c21r22.tgm.header,Folders/art/models/terrain/templedungeon/tgms,516734,5454
2cc3ee9df0f1da5d,act3_town_01_01_c21r21.tgm,Tiny_3,50927475,1721
420763c2f8c77587,act3_town_01_01_c21r21.tgm.header,Tiny_3,50929196,264
4a4248045506e353,act3_town_01_01_c21r20.tgm,Tiny_3,50925814,1397
385b2246fb3671e6,act3_town_01_01_c21r20.tgm.header,Tiny_3,50927211,264
4b5a12b1e8375117,act3_town_01_01_c21r2.tgm,Tiny_3,50924331,1219
3bf1bd04d658008a,act3_town_01_01_c21r2.tgm.header,Tiny_3,50925550,264
5b3b02899c543d55,act3_town_01_01_c21r19.tgm,Tiny_3,50922346,1721
0390dfab20c3c19a,act3_town_01_01_c21r19.tgm.header,Tiny_3,50924067,264
0f3299d29ee459e6,act3_town_01_01_c21r18.tgm,Tiny_3,50920343,1739
5017ce8d302db0bf,act3_town_01_01_c21r18.tgm.header,Tiny_3,50922082,264
7afff229e9b604ee,act3_town_01_01_c21r17.tgm,Tiny_3,50918232,1847
761aff907c3b301e,act3_town_01_01_c21r17.tgm.header,Tiny_3,50920079,264
3c5449228fe04796,act3_town_01_01_c21r16.tgm,Tiny_3,50915545,2423
4b48bd8e791fb8e6,act3_town_01_01_c21r16.tgm.header,Tiny_3,50917968,264
e2fb2f8f51833e88,act3_town_01_01_c21r15.tgm,Tiny_3,50911742,3539
d76bf90aea1d0f3e,act3_town_01_01_c21r15.tgm.header,Tiny_3,50915281,264
e81a8d0299f5c641,act3_town_01_01_c21r14.tgm,Art/Models/Terrain/Act3Town/tgms_2,1290368,4379
4ec54e9fc94b4b9c,act3_town_01_01_c21r14.tgm.header,Tiny_3,50911478,264
7b3e6113e804a374,act3_town_01_01_c21r13.tgm,Tiny_3,50907897,3317
163feb4d68d8605e,act3_town_01_01_c21r13.tgm.header,Tiny_3,50911214,264
581d9e038c638a63,act3_town_01_01_c21r12.tgm,Tiny_3,50904466,3167
07bd9b71b11be5ed,act3_town_01_01_c21r12.tgm.header,Tiny_3,50907633,264
e7ae588c0dd417d5,act3_town_01_01_c21r11.tgm,Tiny_3,50901227,2975
844bdc1991cf99d0,act3_town_01_01_c21r11.tgm.header,Tiny_3,50904202,264
a3ff3fabaf5657ab,act3_town_01_01_c21r10.tgm,Tiny_3,50897490,3473
42f0912747451628,act3_town_01_01_c21r10.tgm.header,Tiny_3,50900963,264
10d19a76ed36eb6f,act3_town_01_01_c21r1.tgm,Tiny_3,50895385,1841
1b89a9a418067b57,act3_town_01_01_c21r1.tgm.header,Tiny_3,50897226,264
d53abc8787198e3b,act3_town_01_01_c20r9.tgm,Tiny_3,50892482,2639
569af3e95c590ac8,act3_town_01_01_c20r9.tgm.header,Tiny_3,50895121,264
3071ba8775b32389,act3_town_01_01_c20r8.tgm,Tiny_3,50889993,2225
a01038c471457b0d,act3_town_01_01_c20r8.tgm.header,Tiny_3,50892218,264
7ab24b8d3242a5de,act3_town_01_01_c20r7.tgm,Art/Models/Terrain/Act3Town/tgms_2,1286109,4259
e63f4ccadb01d6d5,act3_town_01_01_c20r7.tgm.header,Tiny_3,50889729,264
72f9e759492ea00d,act3_town_01_01_c20r6.tgm,Art/Models/Terrain/Act3Town/tgms_2,1281400,4709
313cdf21375cb7fc,act3_town_01_01_c20r6.tgm.header,Tiny_3,50889465,264
23d2310807536177,act3_town_01_01_c20r5.tgm,Tiny_3,50887024,2177
4449bc673ecd3cb6,act3_town_01_01_c20r5.tgm.header,Tiny_3,50889201,264
5a00cae864110f36,act3_town_01_01_c20r4.tgm,Tiny_3,50885321,1439
43fa27017dfbb9f6,act3_town_01_01_c20r4.tgm.header,Tiny_3,50886760,264
f2ffef4071c9ed86,act3_town_01_01_c20r3.tgm,Tiny_3,50884000,1057
8b03eeaae8be4157,act3_town_01_01_c20r3.tgm.header,Tiny_3,50885057,264
fbaebd7e8d011103,act3_town_01_01_c20r26.tgm,Tiny_3,50882993,743
7e5092266b0bc0e1,act3_town_01_01_c20r26.tgm.header,Tiny_3,50883736,264
d8b9bc21c001b28d,act3_town_01_01_c20r25.tgm,Tiny_3,50881386,1343
7f84db91dc42ab4a,act3_town_01_01_c20r25.tgm.header,Tiny_3,50882729,264
f8dd186636e3699f,act3_town_01_01_c20r24.tgm,Tiny_3,50880031,1091
3793774ef85aec44,act3_town_01_01_c20r24.tgm.header,Tiny_3,50881122,264
6ac08b3b2bf01b63,act3_town_01_01_c20r23.tgm,Tiny_3,50878262,1505
3b5e185e0d131de3,act3_town_01_01_c20r23.tgm.header,Tiny_3,50879767,264
ca77b0e6ad45b655,act3_town_01_01_c20r22.tgm,Tiny_3,50876709,1289
a35c2905b254e253,act3_town_01_01_c20r22.tgm.header,Tiny_3,50877998,264
1bcf90e61948bc3b,act3_town_01_01_c20r21.tgm,Tiny_3,50874994,1451
5750cb84b7480a34,act3_town_01_01_c20r21.tgm.header,Tiny_3,50876445,264
7d30a641673bd247,act3_town_01_01_c20r20.tgm,Tiny_3,50873531,1199
fcd03ff9794e50cb,act3_town_01_01_c20r20.tgm.header,Tiny_3,50874730,264
8c5ac2f3e7eb4dba,act3_town_01_01_c20r2.tgm,Tiny_3,50872372,895
e67a7fea45c9afec,act3_town_01_01_c20r2.tgm.header,Tiny_3,50873267,264
ac6465a3e8a1a11c,act3_town_01_01_c20r19.tgm,Tiny_3,50870531,1577
6de369cc6e6570a1,act3_town_01_01_c20r19.tgm.header,Tiny_3,50872108,264
a262d189e8a450a2,act3_town_01_01_c20r18.tgm,Tiny_3,50868492,1775
926eaf1213db81f1,act3_town_01_01_c20r18.tgm.header,Tiny_3,50870267,264
bd142b7cd593026d,act3_town_01_01_c20r17.tgm,Tiny_3,50865739,2489
d37e6e08e08f288a,act3_town_01_01_c20r17.tgm.header,Tiny_3,50868228,264
4dde3450fe7647c1,act3_town_01_01_c20r16.tgm,Tiny_3,50861564,3911
0e39a58494411a08,act3_town_01_01_c20r16.tgm.header,Tiny_3,50865475,264
e3de5616ca765f3a,act3_town_01_01_c20r15.tgm,Tiny_3,50857215,4085
5aa3a5c09b096502,act3_town_01_01_c20r15.tgm.header,Tiny_3,50861300,264
4bf623a279463c42,act3_town_01_01_c20r14.tgm,Tiny_3,50853844,3107
7340cbe5934db3a5,act3_town_01_01_c20r14.tgm.header,Tiny_3,50856951,264
c8bcd1dab76d608a,act3_town_01_01_c20r13.tgm,Tiny_3,50851589,1991
6de813f15a912d5d,act3_town_01_01_c20r13.tgm.header,Tiny_3,50853580,264
ea47a1128f5fc914,act3_town_01_01_c20r12.tgm,Tiny_3,50848752,2573
a82fc142cf37ab49,act3_town_01_01_c20r12.tgm.header,Tiny_3,50851325,264
1f8f0d013e665bf7,act3_town_01_01_c20r11.tgm,Tiny_3,50845831,2657
4bbd11a42b22c5a9,act3_town_01_01_c20r11.tgm.header,Tiny_3,50848488,264
63e9adb85f14be76,act3_town_01_01_c20r10.tgm,Tiny_3,50842172,3395
d63831e12eeb6ccb,act3_town_01_01_c20r10.tgm.header,Tiny_3,50845567,264
ae09276a8ef33e2a,act3_town_01_01_c20r1.tgm,Tiny_3,50841337,571
37a66d724b5e0d6d,act3_town_01_01_c20r1.tgm.header,Tiny_3,50841908,264
97e55a7e125bf4f9,act3_town_01_01_c1r9.tgm,Tiny_3,50838440,2633
f7806412c59aba75,act3_town_01_01_c1r9.tgm.header,Tiny_3,50841073,264
880b29fb0aab8dc1,act3_town_01_01_c1r8.tgm,Tiny_3,50835519,2657
9dfb93cb31cccca6,act3_town_01_01_c1r8.tgm.header,Tiny_3,50838176,264
08f3a5a7aa580321,act3_town_01_01_c1r7.tgm,Tiny_3,50832328,2927
216ee11d78a84c20,act3_town_01_01_c1r7.tgm.header,Tiny_3,50835255,264
6fee681d072942c8,act3_town_01_01_c1r6.tgm,Tiny_3,50830211,1853
6db7f3ed5536133f,act3_town_01_01_c1r6.tgm.header,Tiny_3,50832064,264
8f85a919e7bba753,act3_town_01_01_c1r5.tgm,Tiny_3,50829288,659
bec40be01f8538b1,act3_town_01_01_c1r5.tgm.header,Tiny_3,50829947,264
c3584c0415b2cb2d,act3_town_01_01_c1r4.tgm,Tiny_3,50828173,851
4e25805d1352a4b4,act3_town_01_01_c1r4.tgm.header,Tiny_3,50829024,264
e8c5b561af3470f0,act3_town_01_01_c1r3.tgm,Tiny_3,50826728,1181
6401dc1da1cff33b,act3_town_01_01_c1r3.tgm.header,Tiny_3,50827909,264
f694868bee61dbe3,act3_town_01_01_c1r26.tgm,Tiny_3,50825805,659
6bcbfd8fc4c677cc,act3_town_01_01_c1r26.tgm.header,Tiny_3,50826464,264
4b515a44b245c3d1,act3_town_01_01_c1r25.tgm,Tiny_3,50824396,1145
a1d74db2df26fb1e,act3_town_01_01_c1r25.tgm.header,Tiny_3,50825541,264
6cf733ce1cd01c5a,act3_town_01_01_c1r24.tgm,Tiny_3,50822501,1631
8286f991818835b2,act3_town_01_01_c1r24.tgm.header,Tiny_3,50824132,264
2c511a1a6ad61f64,act3_town_01_01_c1r23.tgm,Tiny_3,50820360,1877
10ff8cb52caa5ff2,act3_town_01_01_c1r23.tgm.header,Tiny_3,50822237,264
890efa6c03ee658d,act3_town_01_01_c1r22.tgm,Tiny_3,50818543,1553
0b12edf0ab84bb1f,act3_town_01_01_c1r22.tgm.header,Tiny_3,50820096,264
4c9e9e61c480be74,act3_town_01_01_c1r21.tgm,Tiny_3,50817188,1091
a8c57f8e194df7b1,act3_town_01_01_c1r21.tgm.header,Tiny_3,50818279,264
1db8e8983a762323,act3_town_01_01_c1r20.tgm,Tiny_3,50815641,1283
cd74eb2efa85335e,act3_town_01_01_c1r20.tgm.header,Tiny_3,50816924,264
5d3c3bbb2c66f9cf,act3_town_01_01_c1r2.tgm,Tiny_3,50814274,1103
a2663df3220597cc,act3_town_01_01_c1r2.tgm.header,Tiny_3,50815377,264
90f8ce3bbaba87ce,act3_town_01_01_c1r19.tgm,Tiny_3,50812541,1469
82eb989fd5089065,act3_town_01_01_c1r19.tgm.header,Tiny_3,50814010,264
dca2b209c295b251,act3_town_01_01_c1r18.tgm,Tiny_3,50810646,1631
08406db41fe6fc46,act3_town_01_01_c1r18.tgm.header,Tiny_3,50812277,264
a19a4acd2dfbfba3,act3_town_01_01_c1r17.tgm,Tiny_3,50808667,1715
9316be6798975144,act3_town_01_01_c1r17.tgm.header,Tiny_3,50810382,264
90ee4a440e6c0c62,act3_town_01_01_c1r16.tgm,Tiny_3,50806772,1631
a62a2e72bd295a05,act3_town_01_01_c1r16.tgm.header,Tiny_3,50808403,264
ac0f95e6704f64d2,act3_town_01_01_c1r15.tgm,Tiny_3,50804739,1769
9af91fafa18ba836,act3_town_01_01_c1r15.tgm.header,Tiny_3,50806508,264
435288a839ed671e,act3_town_01_01_c1r14.tgm,Tiny_3,50802574,1901
485b2766ea429894,act3_town_01_01_c1r14.tgm.header,Tiny_3,50804475,264
df538b97c6eeb60a,act3_town_01_01_c1r13.tgm,Tiny_3,50800301,2009
57f3841c55a3c6e2,act3_town_01_01_c1r13.tgm.header,Tiny_3,50802310,264
8d2928db4d94d963,act3_town_01_01_c1r12.tgm,Tiny_3,50797836,2201
132158e7cec8dc45,act3_town_01_01_c1r12.tgm.header,Tiny_3,50800037,264
a7f80a33a6fac385,act3_town_01_01_c1r11.tgm,Tiny_3,50795263,2309
96db99cfcd612c35,act3_town_01_01_c1r11.tgm.header,Tiny_3,50797572,264
9444c76512c92746,act3_town_01_01_c1r10.tgm,Tiny_3,50792450,2549
767d3afa2e9fc200,act3_town_01_01_c1r10.tgm.header,Tiny_3,50794999,264
0457a65c5575b784,act3_town_01_01_c1r1.tgm,Tiny_3,50791119,1067
ca8a6205ac105542,act3_town_01_01_c1r1.tgm.header,Tiny_3,50792186,264
3f950d5d53bf3408,act3_town_01_01_c19r9.tgm,Tiny_3,50788954,1901
43b99ed0e381f9be,act3_town_01_01_c19r9.tgm.header,Tiny_3,50790855,264
953b5a1645340016,act3_town_01_01_c19r8.tgm,Tiny_3,50786429,2261
e8b0dab52ee59661,act3_town_01_01_c19r8.tgm.header,Tiny_3,50788690,264
18398b22b58054a9,act3_town_01_01_c19r7.tgm,Art/Models/Terrain/Act3Town/tgms_2,1276475,4925
72d46b73e53fc60f,act3_town_01_01_c19r7.tgm.header,Tiny_3,50786165,264
f8edec553c6fe577,act3_town_01_01_c19r6.tgm,Art/Models/Terrain/Act3Town/tgms_2,1271808,4667
aec81e7da82311ea,act3_town_01_01_c19r6.tgm.header,Tiny_3,50785901,264
e1e63480cdf3fa51,act3_town_01_01_c19r5.tgm,Tiny_3,50783232,2405
444f37cfa97a00c8,act3_town_01_01_c19r5.tgm.header,Tiny_3,50785637,264
4da9a501a3c57d03,act3_town_01_01_c19r4.tgm,Tiny_3,50780995,1973
ff5f43c78367f30d,act3_town_01_01_c19r4.tgm.header,Tiny_3,50782968,264
df1b217ef2d8156b,act3_town_01_01_c19r3.tgm,Tiny_3,50778920,1811
d72c419cc524369e,act3_town_01_01_c19r3.tgm.header,Tiny_3,50780731,264
baf78fd8a4913354,act3_town_01_01_c19r26.tgm,Art/Models/Terrain/Act3Town/tgms_2,1194619,77189
07bdf2120e6970ab,act3_town_01_01_c19r26.tgm.header,Tiny_3,50777778,1142
8883e697bbef4155,act3_town_01_01_c19r25.tgm,Art/Models/Terrain/Act3Town/tgms_2,0,1194619
a91a1564d438a8f6,act3_town_01_01_c19r25.tgm.header,Tiny_3,50777472,306
175b8c5cdfc2951c,act3_town_01_01_c19r24.tgm,Tiny_3,50776009,1199
87dfe2f4a1e823ae,act3_town_01_01_c19r24.tgm.header,Tiny_3,50777208,264
cb14b8268dea1a0b,act3_town_01_01_c19r23.tgm,Tiny_3,50774132,1613
a8b1b5e2349fb5f3,act3_town_01_01_c19r23.tgm.header,Tiny_3,50775745,264
39f520a4d17b9baa,act3_town_01_01_c19r22.tgm,Tiny_3,50772237,1631
9b9439544a13a26c,act3_town_01_01_c19r22.tgm.header,Tiny_3,50773868,264
e8e380f651ad18da,act3_town_01_01_c19r21.tgm,Tiny_3,50769712,2261
30206bc1979eb233,act3_town_01_01_c19r21.tgm.header,Tiny_3,50771973,264
33c71c2351348b6c,act3_town_01_01_c19r20.tgm,Tiny_3,50767403,2045
97f230d3c1ebdc55,act3_town_01_01_c19r20.tgm.header,Tiny_3,50769448,264
486288829f1bcdcb,act3_town_01_01_c19r2.tgm,Tiny_3,50765694,1445
686af911b834a698,act3_town_01_01_c19r2.tgm.header,Tiny_3,50767139,264
eccb2491dc862f7a,act3_town_01_01_c19r19.tgm,Tiny_3,50763367,2063
84f406976708d6a6,act3_town_01_01_c19r19.tgm.header,Tiny_3,50765430,264
0fbcfbbb975d214c,act3_town_01_01_c19r18.tgm,Tiny_3,50760092,3011
16e6a7ed363d8711,act3_town_01_01_c19r18.tgm.header,Tiny_3,50763103,264
91023fee0a36e9ee,act3_town_01_01_c19r17.tgm,Tiny_3,50755857,3971
0557676020d1c2e1,act3_town_01_01_c19r17.tgm.header,Tiny_3,50759828,264
45b9542f86a13cf3,act3_town_01_01_c19r16.tgm,Tiny_3,50751658,3935
9d4e95bd2769ad31,act3_town_01_01_c19r16.tgm.header,Tiny_3,50755593,264
9cd81a1f54f79045,act3_town_01_01_c19r15.tgm,Tiny_3,50748581,2813
8a44f40539225536,act3_town_01_01_c19r15.tgm.header,Tiny_3,50751394,264
4863f32a5c0902f8,act3_town_01_01_c19r14.tgm,Tiny_3,50746062,2255
72228d1bae69863b,act3_town_01_01_c19r14.tgm.header,Tiny_3,50748317,264
7e39f7bd8ca33300,act3_town_01_01_c19r13.tgm,Tiny_3,50743051,2747
c99210520821a99d,act3_town_01_01_c19r13.tgm.header,Tiny_3,50745798,264
4cd32601f69600ab,act3_town_01_01_c19r12.tgm,Art/Models/Terrain/Act3Town/tgms_1,1324468,105317
3c7f9d802df51ffb,act3_town_01_01_c19r12.tgm.header,Folders/art/models/terrain/templedungeon/tgms,510840,5894
1c234db516262d66,act3_town_01_01_c19r11.tgm,Tiny_3,50739212,3575
456790eb57b2545c,act3_town_01_01_c19r11.tgm.header,Tiny_3,50742787,264
de53beb00dc311b3,act3_town_01_01_c19r10.tgm,Tiny_3,50736399,2549
d3dc12900ab0407b,act3_town_01_01_c19r10.tgm.header,Tiny_3,50738948,264
bffd66a19695c1cd,act3_town_01_01_c19r1.tgm,Tiny_3,50735314,821
cda4ad157ad2e141,act3_town_01_01_c19r1.tgm.header,Tiny_3,50736135,264
e21f1e7414cfddf6,act3_town_01_01_c18r9.tgm,Tiny_3,50733185,1865
a99fb3c97814a61e,act3_town_01_01_c18r9.tgm.header,Tiny_3,50735050,264
979fdd5fb07e22f0,act3_town_01_01_c18r8.tgm,Tiny_3,50730768,2153
8fdc064c16c5e0de,act3_town_01_01_c18r8.tgm.header,Tiny_3,50732921,264
58522577dc860bf8,act3_town_01_01_c18r7.tgm,Art/Models/Terrain/Act3Town/tgms_1,1319537,4931
d123db980d01dae3,act3_town_01_01_c18r7.tgm.header,Tiny_3,50730504,264
f8412133bb50ed76,act3_town_01_01_c18r6.tgm,Art/Models/Terrain/Act3Town/tgms_1,1315266,4271
b44d838b02a3c975,act3_town_01_01_c18r6.tgm.header,Tiny_3,50730240,264
b16fafb9da8d68cc,act3_town_01_01_c18r5.tgm,Tiny_3,50727895,2081
5f48b2a75570e3c3,act3_town_01_01_c18r5.tgm.header,Tiny_3,50729976,264
92077cad644e42a6,act3_town_01_01_c18r4.tgm,Tiny_3,50725568,2063
48efcf299f5c2529,act3_town_01_01_c18r4.tgm.header,Tiny_3,50727631,264
1d1a7e90462a139c,act3_town_01_01_c18r3.tgm,Tiny_3,50722953,2351
8136533a5d71515c,act3_town_01_01_c18r3.tgm.header,Tiny_3,50725304,264
60695984ff4aa3b3,act3_town_01_01_c18r26.tgm,Tiny_3,50721676,1013
6f37694926e5c770,act3_town_01_01_c18r26.tgm.header,Tiny_3,50722689,264
ad4ae4050084ac12,act3_town_01_01_c18r25.tgm,Tiny_3,50719889,1523
cfcc61bccaaaefd8,act3_town_01_01_c18r25.tgm.header,Tiny_3,50721412,264
9a0c9dce5100dd53,act3_town_01_01_c18r24.tgm,Tiny_3,50717634,1991
5fa315590da26357,act3_town_01_01_c18r24.tgm.header,Tiny_3,50719625,264
3076e86ded8809a5,act3_town_01_01_c18r23.tgm,Tiny_3,50715415,1955
ae8b36eb6098e5f8,act3_town_01_01_c18r23.tgm.header,Tiny_3,50717370,264
e6b2922dfd7f6ca4,act3_town_01_01_c18r22.tgm,Tiny_3,50713052,2099
e9fcb81ef147c7a9,act3_town_01_01_c18r22.tgm.header,Tiny_3,50715151,264
a5a7655806a935de,act3_town_01_01_c18r21.tgm,Tiny_3,50710131,2657
eb8b267eca505bcf,act3_town_01_01_c18r21.tgm.header,Tiny_3,50712788,264
65a27185a51ab0d7,act3_town_01_01_c18r20.tgm,Tiny_3,50707228,2639
fecc0145fadc8803,act3_town_01_01_c18r20.tgm.header,Tiny_3,50709867,264
c98c822af0e95d9c,act3_town_01_01_c18r2.tgm,Tiny_3,50704865,2099
f9f67210bbd109a6,act3_town_01_01_c18r2.tgm.header,Tiny_3,50706964,264
e1dda6f872a60680,act3_town_01_01_c18r19.tgm,Tiny_3,50700816,3785
9199e7403d7b175f,act3_town_01_01_c18r19.tgm.header,Tiny_3,50704601,264
be7d0f1737ebcacc,act3_town_01_01_c18r18.tgm,Art/Models/Terrain/Act3Town/tgms_1,1309939,5327
b1f400544610d4e9,act3_town_01_01_c18r18.tgm.header,Tiny_3,50700552,264
31465fd7f2fc21a7,act3_town_01_01_c18r17.tgm,Art/Models/Terrain/Act3Town/tgms_1,1304864,5075
2df334c3429c8f04,act3_town_01_01_c18r17.tgm.header,Tiny_3,50700288,264
39891b15c40088b5,act3_town_01_01_c18r16.tgm,Tiny_3,50695975,4049
de40ce39a51d9b57,act3_town_01_01_c18r16.tgm.header,Tiny_3,50700024,264
04426587b33d416b,act3_town_01_01_c18r15.tgm,Tiny_3,50691920,3791
8a922e2b16e5ec41,act3_town_01_01_c18r15.tgm.header,Tiny_3,50695711,264
49402261c18c510e,act3_town_01_01_c18r14.tgm,Tiny_3,50687649,4007
5b3cf234056f03bf,act3_town_01_01_c18r14.tgm.header,Tiny_3,50691656,264
a4d858aae2687518,act3_town_01_01_c18r13.tgm,Tiny_3,50683360,4025
999070b3da9a6a2f,act3_town_01_01_c18r13.tgm.header,Tiny_3,50687385,264
9a6c69fefaf54cfe,act3_town_01_01_c18r12.tgm,Tiny_3,50679251,3845
02bebf05890c55cf,act3_town_01_01_c18r12.tgm.header,Tiny_3,50683096,264
895ff3a93fe55377,act3_town_01_01_c18r11.tgm,Tiny_3,50675538,3449
7f7220338d701bd6,act3_town_01_01_c18r11.tgm.header,Tiny_3,50678987,264
87de491dd33b5e42,act3_town_01_01_c18r10.tgm,Tiny_3,50673391,1883
cd2f13bb2d763be6,act3_town_01_01_c18r10.tgm.header,Tiny_3,50675274,264
9b9061f16a2f78e6,act3_town_01_01_c18r1.tgm,Tiny_3,50671484,1643
8f57d83e52f5408e,act3_town_01_01_c18r1.tgm.header,Tiny_3,50673127,264
7de1a3d387f48870,act3_town_01_01_c17r9.tgm,Art/Models/Terrain/Act3Town/tgms_1,1205005,99859
c5681d96acb735ff,act3_town_01_01_c17r9.tgm.header,Folders/art/models/terrain/templedungeon/tgms,506442,4398
f726aaa248172373,act3_town_01_01_c17r8.tgm,Tiny_3,50668203,3017
c6f2cd59084a18e5,act3_town_01_01_c17r8.tgm.header,Tiny_3,50671220,264
247377091370de89,act3_town_01_01_c17r7.tgm,Art/Models/Terrain/Act3Town/tgms_1,1200008,4997
cceac7731dd0775c,act3_town_01_01_c17r7.tgm.header,Tiny_3,50667939,264
4c4bbf5e9e0327f4,act3_town_01_01_c17r6.tgm,Art/Models/Terrain/Act3Town/tgms_1,1194903,5105
a9e118e56d31433d,act3_town_01_01_c17r6.tgm.header,Tiny_3,50667675,264
f7493f8a7ee45eb4,act3_town_01_01_c17r5.tgm,Tiny_3,50664808,2603
78fc4b4cb01c1bc1,act3_town_01_01_c17r5.tgm.header,Tiny_3,50667411,264
e088144310665515,act3_town_01_01_c17r4.tgm,Tiny_3,50662247,2297
f8380ff78612aa81,act3_town_01_01_c17r4.tgm.header,Tiny_3,50664544,264
c93baf2375851f6d,act3_town_01_01_c17r3.tgm,Tiny_3,50659164,2819
39f3397b11b6c5b6,act3_town_01_01_c17r3.tgm.header,Tiny_3,50661983,264
65fe334736cecd73,act3_town_01_01_c17r26.tgm,Tiny_3,50657725,1175
abde701650b947eb,act3_town_01_01_c17r26.tgm.header,Tiny_3,50658900,264
509fbe2dbd7c9f6b,act3_town_01_01_c17r25.tgm,Tiny_3,50655236,2225
cfef77fdeac4e34e,act3_town_01_01_c17r25.tgm.header,Tiny_3,50657461,264
fdad88ebfc52e100,act3_town_01_01_c17r24.tgm,Tiny_3,50651559,3413
dfe5b98915729430,act3_town_01_01_c17r24.tgm.header,Tiny_3,50654972,264
3a753c1e8ddfdb66,act3_town_01_01_c17r23.tgm,Tiny_3,50647576,3719
394db6eaf7281228,act3_town_01_01_c17r23.tgm.header,Tiny_3,50651295,264
1477dff6cd1e3a2c,act3_town_01_01_c17r22.tgm,Art/Models/Terrain/Act3Town/tgms_1,1190230,4673
d7f3f64395ab9cac,act3_town_01_01_c17r22.tgm.header,Tiny_3,50647312,264
69b0b1da5f44e77d,act3_town_01_01_c17r21.tgm,Art/Models/Terrain/Act3Town/tgms_1,1184339,5891
ef9a7ebef720e3bf,act3_town_01_01_c17r21.tgm.header,Tiny_3,50647048,264
00ab7b1841070acc,act3_town_01_01_c17r20.tgm,Art/Models/Terrain/Act3Town/tgms_1,1177872,6467
fd20021d59bb400f,act3_town_01_01_c17r20.tgm.header,Tiny_3,50646784,264
13f032f18ee4e865,act3_town_01_01_c17r2.tgm,Tiny_3,50643395,3125
338f551c4208ede2,act3_town_01_01_c17r2.tgm.header,Tiny_3,50646520,264
adcdabf081c39da9,act3_town_01_01_c17r19.tgm,Art/Models/Terrain/Act3Town/tgms_1,1169923,7949
48ddc89f760d13aa,act3_town_01_01_c17r19.tgm.header,Tiny_3,50643131,264
123ce094e6fad074,act3_town_01_01_c17r18.tgm,Art/Models/Terrain/Act3Town/tgms_1,1046354,123569
004eb092150eea4b,act3_town_01_01_c17r18.tgm.header,Tiny_3,50640405,2726
fe8411353993c265,act3_town_01_01_c17r17.tgm,Art/Models/Terrain/Act3Town/tgms_1,1037679,8675
db4fdbe5a5be2712,act3_town_01_01_c17r17.tgm.header,Tiny_3,50640141,264
73773e5dc5e37203,act3_town_01_01_c17r16.tgm,Art/Models/Terrain/Act3Town/tgms_1,1028374,9305
0e1e8804dd0bdc5d,act3_town_01_01_c17r16.tgm.header,Tiny_3,50639877,264
40ec59d5d31b01ce,act3_town_01_01_c17r15.tgm,Art/Models/Terrain/Act3Town/tgms_1,1018697,9677
a4d8a09971be1462,act3_town_01_01_c17r15.tgm.header,Tiny_3,50639613,264
2ae2fe19d568b60c,act3_town_01_01_c17r14.tgm,Art/Models/Terrain/Act3Town/tgms_1,1008714,9983
156f60cdf53d3d9f,act3_town_01_01_c17r14.tgm.header,Tiny_3,50639349,264
6ad0f0ed4aac0473,act3_town_01_01_c17r13.tgm,Art/Models/Terrain/Act3Town/tgms_1,998917,9797
85f27d63ee71c8b9,act3_town_01_01_c17r13.tgm.header,Tiny_3,50639085,264
b61c45ecd91e7dc0,act3_town_01_01_c17r12.tgm,Art/Models/Terrain/Act3Town/tgms_1,992660,6257
2af7978db3d502dc,act3_town_01_01_c17r12.tgm.header,Tiny_3,50638821,264
884949a67be8a5c7,act3_town_01_01_c17r11.tgm,Tiny_3,50635636,2921
07bcef3c8d18bca2,act3_town_01_01_c17r11.tgm.header,Tiny_3,50638557,264
2949e919ca7bc9c0,act3_town_01_01_c17r10.tgm,Tiny_3,50632457,2915
c7e7596ccb540dfe,act3_town_01_01_c17r10.tgm.header,Tiny_3,50635372,264
f9ebdc694507681d,act3_town_01_01_c17r1.tgm,Tiny_3,50629728,2465
302ec6102561348d,act3_town_01_01_c17r1.tgm.header,Tiny_3,50632193,264
47ea3a48490b4e01,act3_town_01_01_c16r9.tgm,Art/Models/Terrain/Act3Town/tgms_1,988485,4175
5c23151669027b86,act3_town_01_01_c16r9.tgm.header,Tiny_3,50629464,264
7800b6a5056849d1,act3_town_01_01_c16r8.tgm,Art/Models/Terrain/Act3Town/tgms_1,983178,5307
bfa8f7258dfb96e5,act3_town_01_01_c16r8.tgm.header,Tiny_3,50629200,264
4a6cb6778090e923,act3_town_01_01_c16r7.tgm,Art/Models/Terrain/Act3Town/tgms_1,978103,5075
5b119eb518adda99,act3_town_01_01_c16r7.tgm.header,Tiny_3,50628936,264
8abef8566d04990e,act3_town_01_01_c16r6.tgm,Art/Models/Terrain/Act3Town/tgms_1,973454,4649
cf4bd68a49e7ce1e,act3_town_01_01_c16r6.tgm.header,Tiny_3,50628672,264
1a5b78fdbd1388a8,act3_town_01_01_c16r5.tgm,Tiny_3,50626543,1865
1115a854113215f2,act3_town_01_01_c16r5.tgm.header,Tiny_3,50628408,264
60ab352b0035aaa4,act3_town_01_01_c16r4.tgm,Tiny_3,50624504,1775
8a68a48df8b7b5b5,act3_town_01_01_c16r4.tgm.header,Tiny_3,50626279,264
cfec506e41bfac51,act3_town_01_01_c16r3.tgm,Tiny_3,50622069,2171
19b54ec2d2993855,act3_town_01_01_c16r3.tgm.header,Tiny_3,50624240,264
722b69735f49f9b0,act3_town_01_01_c16r26.tgm,Tiny_3,50620954,851
ab162629832ef607,act3_town_01_01_c16r26.tgm.header,Tiny_3,50621805,264
98a2fb227b72c339,act3_town_01_01_c16r25.tgm,Tiny_3,50619491,1199
443151eeb561917f,act3_town_01_01_c16r25.tgm.header,Tiny_3,50620690,264
c0bd803554320865,act3_town_01_01_c16r24.tgm,Art/Models/Terrain/Act3Town/tgms_1,946709,26745
5c0045dc4ebd3c11,act3_town_01_01_c16r24.tgm.header,Tiny_3,50619097,394
cb79ce90f7aadc27,act3_town_01_01_c16r23.tgm,Tiny_3,50616950,1883
ecec9303b8256e96,act3_town_01_01_c16r23.tgm.header,Tiny_3,50618833,264
a05a2299bec269d5,act3_town_01_01_c16r22.tgm,Tiny_3,50614209,2477
ae67ddfea2824530,act3_town_01_01_c16r22.tgm.header,Tiny_3,50616686,264
776341652b70d6f9,act3_town_01_01_c16r21.tgm,Tiny_3,50610394,3551
f4b401792becd2ae,act3_town_01_01_c16r21.tgm.header,Tiny_3,50613945,264
01a63fd8f47a9ac1,act3_town_01_01_c16r20.tgm,Art/Models/Terrain/Act3Town/tgms_1,796340,150369
994a0ef9206310e9,act3_town_01_01_c16r20.tgm.header,Tiny_3,50606436,3958
740b6e90e4887090,act3_town_01_01_c16r2.tgm,Tiny_3,50603983,2189
30e316053583f944,act3_town_01_01_c16r2.tgm.header,Tiny_3,50606172,264
0251585edb7077d3,act3_town_01_01_c16r19.tgm,Tiny_3,50599982,3737
6f058fc3e4c926c9,act3_town_01_01_c16r19.tgm.header,Tiny_3,50603719,264
dfffe6bda5f93bf1,act3_town_01_01_c16r18.tgm,Art/Models/Terrain/Act3Town/tgms_1,791637,4703
89d3300361460e7f,act3_town_01_01_c16r18.tgm.header,Tiny_3,50599718,264
1c99029e5246aec6,act3_town_01_01_c16r17.tgm,Art/Models/Terrain/Act3Town/tgms_1,787414,4223
c3c5763d58e3fa44,act3_town_01_01_c16r17.tgm.header,Tiny_3,50599454,264
dc2123b075e5cef8,act3_town_01_01_c16r16.tgm,Art/Models/Terrain/Act3Town/tgms_1,783167,4247
e3d624d437483acb,act3_town_01_01_c16r16.tgm.header,Tiny_3,50599190,264
9fe14692fa0c9f62,act3_town_01_01_c16r15.tgm,Art/Models/Terrain/Act3Town/tgms_1,778764,4403
d8b41ce052a99798,act3_town_01_01_c16r15.tgm.header,Tiny_3,50598926,264
1f45de6c4bf54eb8,act3_town_01_01_c16r14.tgm,Art/Models/Terrain/Act3Town/tgms_1,773821,4943
e1f0625ab57a412a,act3_town_01_01_c16r14.tgm.header,Tiny_3,50598662,264
66d1907b3b3a21c8,act3_town_01_01_c16r13.tgm,Art/Models/Terrain/Act3Town/tgms_1,768554,5267
2edf41e05c26397c,act3_town_01_01_c16r13.tgm.header,Tiny_3,50598398,264
845d89bc9a9180dd,act3_town_01_01_c16r12.tgm,Art/Models/Terrain/Act3Town/tgms_1,762777,5777
18e84c56e2551714,act3_town_01_01_c16r12.tgm.header,Tiny_3,50598134,264
1f5cbee02279cf4b,act3_town_01_01_c16r11.tgm,Art/Models/Terrain/Act3Town/tgms_1,758206,4571
54e800074de3408c,act3_town_01_01_c16r11.tgm.header,Tiny_3,50597870,264
0eacdf86356f73bc,act3_town_01_01_c16r10.tgm,Tiny_3,50594481,3125
5b44832ec6f1b3d9,act3_town_01_01_c16r10.tgm.header,Tiny_3,50597606,264
747f4b687434e48f,act3_town_01_01_c16r1.tgm,Tiny_3,50592562,1655
dbae18f1688c8616,act3_town_01_01_c16r1.tgm.header,Tiny_3,50594217,264
d633bf2a4024bbe6,act3_town_01_01_c15r9.tgm,Tiny_3,50589051,3247
9f5f46807588dffd,act3_town_01_01_c15r9.tgm.header,Tiny_3,50592298,264
f389757d92a62698,act3_town_01_01_c15r8.tgm,Art/Models/Terrain/Act3Town/tgms_1,634337,123869
2630bd1a78b0d0d6,act3_town_01_01_c15r8.tgm.header,Folders/art/models/terrain/templedungeon/tgms,502264,4178
9d09601f96657d36,act3_town_01_01_c15r7.tgm,Art/Models/Terrain/Act3Town/tgms_1,629748,4589
1b96213f4942ddfd,act3_town_01_01_c15r7.tgm.header,Tiny_3,50588787,264
fb1a4b73b8030a96,act3_town_01_01_c15r6.tgm,Art/Models/Terrain/Act3Town/tgms_1,625297,4451
98794a6bd96a93df,act3_town_01_01_c15r6.tgm.header,Tiny_3,50588523,264
099d0b6e2432b218,act3_town_01_01_c15r5.tgm,Art/Models/Terrain/Act3Town/tgms_1,551130,74167
939d5e9a2c301f18,act3_town_01_01_c15r5.tgm.header,Tiny_3,50586765,1758
2b9010b56259c839,act3_town_01_01_c15r4.tgm,Tiny_3,50584600,1901
eb663b1f484ea0a1,act3_town_01_01_c15r4.tgm.header,Tiny_3,50586501,264
fbc0c7289a2caeca,act3_town_01_01_c15r3.tgm,Tiny_3,50582237,2099
e1d496b0f1a29979,act3_town_01_01_c15r3.tgm.header,Tiny_3,50584336,264
4f0f74bee146baa9,act3_town_01_01_c15r26.tgm,Tiny_3,50581014,959
c0133931afeecd60,act3_town_01_01_c15r26.tgm.header,Tiny_3,50581973,264
dc428877a0c1a53f,act3_town_01_01_c15r25.tgm,Tiny_3,50578579,2171
b6d05ee7fd464a85,act3_town_01_01_c15r25.tgm.header,Tiny_3,50580750,264
700dd228f27eb961,act3_town_01_01_c15r24.tgm,Tiny_3,50575712,2603
5d1f67497ac256a6,act3_town_01_01_c15r24.tgm.header,Tiny_3,50578315,264
23b6e0d7504ef427,act3_town_01_01_c15r23.tgm,Tiny_3,50572611,2837
1d89b6604bf3f6b2,act3_town_01_01_c15r23.tgm.header,Tiny_3,50575448,264
82e354b08b69f8fe,act3_town_01_01_c15r22.tgm,Tiny_3,50568832,3515
717459c2d8275435,act3_town_01_01_c15r22.tgm.header,Tiny_3,50572347,264
64632ff632d76c7b,act3_town_01_01_c15r21.tgm,Tiny_3,50565527,3041
2aa6ceab72341149,act3_town_01_01_c15r21.tgm.header,Tiny_3,50568568,264
56498ad3df92179c,act3_town_01_01_c15r20.tgm,Tiny_3,50562856,2407
9a35287b985c7add,act3_town_01_01_c15r20.tgm.header,Tiny_3,50565263,264
33c67569a4831c85,act3_town_01_01_c15r2.tgm,Tiny_3,50559521,3071
a4e75aec284152f5,act3_town_01_01_c15r2.tgm.header,Tiny_3,50562592,264
762411e08b98dd8a,act3_town_01_01_c15r19.tgm,Art/Models/Terrain/Act3Town/tgms_1,345367,205763
744fa3f031c999cd,act3_town_01_01_c15r19.tgm.header,Tiny_3,50556578,2943
d94f45c0280670b9,act3_town_01_01_c15r18.tgm,Tiny_3,50552871,3443
89ce7a2f6a02ba39,act3_town_01_01_c15r18.tgm.header,Tiny_3,50556314,264
55fb2fa24b217ccd,act3_town_01_01_c15r17.tgm,Art/Models/Terrain/Act3Town/tgms_1,340724,4643
ac0600dc20a2700a,act3_town_01_01_c15r17.tgm.header,Tiny_3,50552607,264
faceb667673122be,act3_town_01_01_c15r16.tgm,Art/Models/Terrain/Act3Town/tgms_1,335745,4979
2f7931d82973382e,act3_town_01_01_c15r16.tgm.header,Tiny_3,50552343,264
ac6cf3cd25f2cdec,act3_town_01_01_c15r15.tgm,Art/Models/Terrain/Act3Town/tgms_1,331570,4175
b8fdc71b1f91141e,act3_town_01_01_c15r15.tgm.header,Tiny_3,50552079,264
7fab1e9f2bf9d0c6,act3_town_01_01_c15r14.tgm,Art/Models/Terrain/Act3Town/tgms_1,28815,302755
ab1013f27a0ebdff,act3_town_01_01_c15r14.tgm.header,Tiny_3,50548473,3606
689c3446ab879fc4,act3_town_01_01_c15r13.tgm,Art/Models/Terrain/Act3Town/tgms_1,0,28815
0e2f9b66f5a30c77,act3_town_01_01_c15r13.tgm.header,Tiny_3,50548079,394
3dec0fcaacd11b88,act3_town_01_01_c15r12.tgm,Tiny_3,50544336,3479
b4fba1a8241bcb1c,act3_town_01_01_c15r12.tgm.header,Tiny_3,50547815,264
9713fb38e226020a,act3_town_01_01_c15r11.tgm,Tiny_3,50542247,1825
d408a83f0dcbcf91,act3_town_01_01_c15r11.tgm.header,Tiny_3,50544072,264
98d1ded8415d6d97,act3_town_01_01_c15r10.tgm,Tiny_3,50540440,1543
71bf372b6cc6fa25,act3_town_01_01_c15r10.tgm.header,Tiny_3,50541983,264
7066f6b479f44e9d,act3_town_01_01_c15r1.tgm,Tiny_3,50538047,2129
235b7690573be67e,act3_town_01_01_c15r1.tgm.header,Tiny_3,50540176,264
892638e85576f698,act3_town_01_01_c14r9.tgm,Tiny_3,50534650,3133
30ca6b7eb4c287d2,act3_town_01_01_c14r9.tgm.header,Tiny_3,50537783,264
e42fa9799c47c55d,act3_town_01_01_c14r8.tgm,Tiny_3,50530929,3457
6635aec1a4ec0b15,act3_town_01_01_c14r8.tgm.header,Tiny_3,50534386,264
b75c3e10a008c386,act3_town_01_01_c14r7.tgm,Art/Models/Terrain/Act3Town/tgms,2288571,4891
9e5dfcce83a5f705,act3_town_01_01_c14r7.tgm.header,Tiny_3,50530665,264
86fb72b91a547c85,act3_town_01_01_c14r6.tgm,Tiny_3,50526316,4085
0da34cfbf16abf29,act3_town_01_01_c14r6.tgm.header,Tiny_3,50530401,264
f12c314669045433,act3_town_01_01_c14r5.tgm,Tiny_3,50524799,1253
475c1987f9d5cea0,act3_town_01_01_c14r5.tgm.header,Tiny_3,50526052,264
29c93b68af549d61,act3_town_01_01_c14r4.tgm,Tiny_3,50522778,1757
0e8d533bf297a242,act3_town_01_01_c14r4.tgm.header,Tiny_3,50524535,264
fe070ce8bae390a9,act3_town_01_01_c14r3.tgm,Tiny_3,50520307,2207
2a8aabd3b903b2da,act3_town_01_01_c14r3.tgm.header,Tiny_3,50522514,264
b53a11ee310cae06,act3_town_01_01_c14r26.tgm,Tiny_3,50517896,2147
ab8c0348abb47676,act3_town_01_01_c14r26.tgm.header,Tiny_3,50520043,264
d5260b4886f7d27b,act3_town_01_01_c14r25.tgm,Tiny_3,50514885,2747
725bc3cd9beecc3b,act3_town_01_01_c14r25.tgm.header,Tiny_3,50517632,264
9d4879a423973a9d,act3_town_01_01_c14r24.tgm,Tiny_3,50511604,3017
2674495078e98f80,act3_town_01_01_c14r24.tgm.header,Tiny_3,50514621,264
a123ad9990e01333,act3_town_01_01_c14r23.tgm,Tiny_3,50507855,3485
e07bddd4073e29a6,act3_town_01_01_c14r23.tgm.header,Tiny_3,50511340,264
d2fe068ebc5e7770,act3_town_01_01_c14r22.tgm,Art/Models/Terrain/Act3Town/tgms,2284126,4445
115ee43233b17d3e,act3_town_01_01_c14r22.tgm.header,Tiny_3,50507591,264
d04742b9099acf25,act3_town_01_01_c14r21.tgm,Tiny_3,50503452,3875
94fadc933250c47a,act3_town_01_01_c14r21.tgm.header,Tiny_3,50507327,264
53f08563abfa927d,act3_town_01_01_c14r20.tgm,Tiny_3,50499883,3305
78d0e074a4a2a50e,act3_town_01_01_c14r20.tgm.header,Tiny_3,50503188,264
fd6dea19db933885,act3_town_01_01_c14r2.tgm,Tiny_3,50496602,3017
27656988b6e8939d,act3_town_01_01_c14r2.tgm.header,Tiny_3,50499619,264
340e7902af1ae68a,act3_town_01_01_c14r19.tgm,Art/Models/Terrain/Act3Town/tgms,2113703,170423
2fa66c46ca0634d3,act3_town_01_01_c14r19.tgm.header,Tiny_3,50493216,3386
bb1ff06cf16daf66,act3_town_01_01_c14r18.tgm,Art/Models/Terrain/Act3Town/tgms,2108562,5141
e338a3496ce33a55,act3_town_01_01_c14r18.tgm.header,Tiny_3,50492952,264
e8ba3cfbb8f9c732,act3_town_01_01_c14r17.tgm,Art/Models/Terrain/Act3Town/tgms,2103025,5537
9564a69d0acb6e55,act3_town_01_01_c14r17.tgm.header,Tiny_3,50492688,264
9297c1cd7a30f0c2,act3_town_01_01_c14r16.tgm,Art/Models/Terrain/Act3Town/tgms,2097110,5915
f75c7e0f9cefab20,act3_town_01_01_c14r16.tgm.header,Tiny_3,50492424,264
38c5735f0d662bdb,act3_town_01_01_c14r15.tgm,Art/Models/Terrain/Act3Town/tgms,2092965,4145
2b751b0fc2bb5e57,act3_town_01_01_c14r15.tgm.header,Tiny_3,50492160,264
059fa219dc132787,act3_town_01_01_c14r14.tgm,Tiny_3,50489791,2105
dcd63e3e4a6b4266,act3_town_01_01_c14r14.tgm.header,Tiny_3,50491896,264
8505d156d6b641d2,act3_town_01_01_c14r13.tgm,Tiny_3,50487044,2483
67e2537f2cecb4c2,act3_town_01_01_c14r13.tgm.header,Tiny_3,50489527,264
eeb7051dcdadea09,act3_town_01_01_c14r12.tgm,Tiny_3,50485033,1747
b37d4e9f6ed78b03,act3_town_01_01_c14r12.tgm.header,Tiny_3,50486780,264
751c9c279f723a33,act3_town_01_01_c14r11.tgm,Tiny_3,50483670,1099
2a92009ef3bec42c,act3_town_01_01_c14r11.tgm.header,Tiny_3,50484769,264
17ad27cf7e5ae045,act3_town_01_01_c14r10.tgm,Tiny_3,50480975,2431
fdf155fe827af8e1,act3_town_01_01_c14r10.tgm.header,Tiny_3,50483406,264
9295edc03c73b5e1,act3_town_01_01_c14r1.tgm,Tiny_3,50479230,1481
50d8eddc029fd109,act3_town_01_01_c14r1.tgm.header,Tiny_3,50480711,264
c30603a2bdd37992,act3_town_01_01_c13r9.tgm,Tiny_3,50475947,3019
38c36766d7725cb8,act3_town_01_01_c13r9.tgm.header,Tiny_3,50478966,264
9a4a4d569b511d9f,act3_town_01_01_c13r8.tgm,Tiny_3,50472004,3679
d7d2844403078957,act3_town_01_01_c13r8.tgm.header,Tiny_3,50475683,264
e4cb55166caf1de5,act3_town_01_01_c13r7.tgm,Art/Models/Terrain/Act3Town/tgms,2088002,4963
1276011749a13fb9,act3_town_01_01_c13r7.tgm.header,Tiny_3,50471740,264
f86ebe9ce2f51816,act3_town_01_01_c13r6.tgm,Art/Models/Terrain/Act3Town/tgms,2083383,4619
31c4394f800f0717,act3_town_01_01_c13r6.tgm.header,Tiny_3,50471476,264
7b67223396b6c2ee,act3_town_01_01_c13r5.tgm,Tiny_3,50469383,1829
ba95885cdf98246a,act3_town_01_01_c13r5.tgm.header,Tiny_3,50471212,264
d3ff8b0a851ac4b1,act3_town_01_01_c13r4.tgm,Tiny_3,50467164,1955
96e2dfe009bd25a2,act3_town_01_01_c13r4.tgm.header,Tiny_3,50469119,264
4b92d776c873b01c,act3_town_01_01_c13r3.tgm,Tiny_3,50464765,2135
c474f4efe8fbb0bb,act3_town_01_01_c13r3.tgm.header,Tiny_3,50466900,264
96e61b3c1de2f515,act3_town_01_01_c13r26.tgm,Tiny_3,50461328,3173
3335a443603698fb,act3_town_01_01_c13r26.tgm.header,Tiny_3,50464501,264
8c1b4650e527a72b,act3_town_01_01_c13r25.tgm,Art/Models/Terrain/Act3Town/tgms,2078620,4763
97e40b12b738c401,act3_town_01_01_c13r25.tgm.header,Tiny_3,50461064,264
a19ff1950cacfb9c,act3_town_01_01_c13r24.tgm,Art/Models/Terrain/Act3Town/tgms,2072309,6311
ff70320e2460561b,act3_town_01_01_c13r24.tgm.header,Tiny_3,50460800,264
b8f860122de9b210,act3_town_01_01_c13r23.tgm,Art/Models/Terrain/Act3Town/tgms,2067096,5213
2ac388ed325c9b1e,act3_town_01_01_c13r23.tgm.header,Tiny_3,50460536,264
2989f287627bfd4a,act3_town_01_01_c13r22.tgm,Art/Models/Terrain/Act3Town/tgms,2062225,4871
98114767fe470303,act3_town_01_01_c13r22.tgm.header,Tiny_3,50460272,264
cbef6b823c561422,act3_town_01_01_c13r21.tgm,Art/Models/Terrain/Act3Town/tgms,2056964,5261
ab6bd6ffac8ae776,act3_town_01_01_c13r21.tgm.header,Tiny_3,50460008,264
0a1b7cc7b9f998ac,act3_town_01_01_c13r20.tgm,Art/Models/Terrain/Act3Town/tgms,1993307,63657
26d642c66a4f794d,act3_town_01_01_c13r20.tgm.header,Tiny_3,50457898,2110
00bbe9e3c7aea8ea,act3_town_01_01_c13r2.tgm,Tiny_3,50455049,2585
71fe15b02ccef42c,act3_town_01_01_c13r2.tgm.header,Tiny_3,50457634,264
ee5803776470b532,act3_town_01_01_c13r19.tgm,Art/Models/Terrain/Act3Town/tgms,1988700,4607
178f44b297ce715e,act3_town_01_01_c13r19.tgm.header,Tiny_3,50454785,264
40174432549ce8e5,act3_town_01_01_c13r18.tgm,Art/Models/Terrain/Act3Town/tgms,1983019,5681
5b6dc656579e58f8,act3_town_01_01_c13r18.tgm.header,Tiny_3,50454521,264
457f6da7b8594664,act3_town_01_01_c13r17.tgm,Art/Models/Terrain/Act3Town/tgms,1977428,5591
f5ce7d3aebc0007c,act3_town_01_01_c13r17.tgm.header,Tiny_3,50454257,264
20bb8b3a12b988de,act3_town_01_01_c13r16.tgm,Art/Models/Terrain/Act3Town/tgms,1971033,6395
53c37cac5a8b1698,act3_town_01_01_c13r16.tgm.header,Tiny_3,50453993,264
66ea7014ff96767a,act3_town_01_01_c13r15.tgm,Art/Models/Terrain/Act3Town/tgms,1964812,6221
18ab92e6e0fa6198,act3_town_01_01_c13r15.tgm.header,Tiny_3,50453729,264
51c8acb41f176054,act3_town_01_01_c13r14.tgm,Art/Models/Terrain/Act3Town/tgms,1960409,4403
7453789adde448ab,act3_town_01_01_c13r14.tgm.header,Tiny_3,50453465,264
7443513556d470c5,act3_town_01_01_c13r13.tgm,Tiny_3,50450638,2563
bc2a27b795208808,act3_town_01_01_c13r13.tgm.header,Tiny_3,50453201,264
f86a3f8634c98223,act3_town_01_01_c13r12.tgm,Tiny_3,50448375,1999
143e21afa8eede4f,act3_town_01_01_c13r12.tgm.header,Tiny_3,50450374,264
fbba5924a2f8cca3,act3_town_01_01_c13r11.tgm,Tiny_3,50446652,1459
6718dc1cf8f9a7da,act3_town_01_01_c13r11.tgm.header,Tiny_3,50448111,264
c65a89e0072744f8,act3_town_01_01_c13r10.tgm,Tiny_3,50444713,1675
1d57bc481a456d31,act3_town_01_01_c13r10.tgm.header,Tiny_3,50446388,264
85a74b7b48cfe690,act3_town_01_01_c13r1.tgm,Tiny_3,50443250,1199
d04c593bdfd42047,act3_town_01_01_c13r1.tgm.header,Tiny_3,50444449,264
74dd84d2c950ed94,act3_town_01_01_c12r9.tgm,Tiny_3,50439901,3085
dd72464a6e002b23,act3_town_01_01_c12r9.tgm.header,Tiny_3,50442986,264
0cb141c2c1e320bc,act3_town_01_01_c12r8.tgm,Tiny_3,50436444,3193
b0e06a54b49239db,act3_town_01_01_c12r8.tgm.header,Tiny_3,50439637,264
3a91423f2b0e64a7,act3_town_01_01_c12r7.tgm,Art/Models/Terrain/Act3Town/tgms,1955248,5161
67f20b1a652048a7,act3_town_01_01_c12r7.tgm.header,Tiny_3,50436180,264
89ac2ee924cde5e6,act3_town_01_01_c12r6.tgm,Art/Models/Terrain/Act3Town/tgms,1950983,4265
395c9c6492d4533a,act3_town_01_01_c12r6.tgm.header,Tiny_3,50435916,264
03d44f1030060b49,act3_town_01_01_c12r5.tgm,Tiny_3,50434021,1631
81d5801b0a597510,act3_town_01_01_c12r5.tgm.header,Tiny_3,50435652,264
f447099abef40aa5,act3_town_01_01_c12r4.tgm,Tiny_3,50431838,1919
6c5b6139e5c0123b,act3_town_01_01_c12r4.tgm.header,Tiny_3,50433757,264
3c86c45f0c3e7256,act3_town_01_01_c12r3.tgm,Tiny_3,50429943,1631
621563a6c9bd8f93,act3_town_01_01_c12r3.tgm.header,Tiny_3,50431574,264
2d10f5cf2cc40b2c,act3_town_01_01_c12r26.tgm,Tiny_3,50428498,1181
ee162192be7701e8,act3_town_01_01_c12r26.tgm.header,Tiny_3,50429679,264
d79c0efe4b75fee0,act3_town_01_01_c12r25.tgm,Tiny_3,50426819,1415
0b74694034a15c2a,act3_town_01_01_c12r25.tgm.header,Tiny_3,50428234,264
ec00c34368bb947a,act3_town_01_01_c12r24.tgm,Tiny_3,50424006,2549
6c09bbc0dfcb8474,act3_town_01_01_c12r24.tgm.header,Tiny_3,50426555,264
60efdc8252abe565,act3_town_01_01_c12r23.tgm,Tiny_3,50420059,3683
c78450be28b23fad,act3_town_01_01_c12r23.tgm.header,Tiny_3,50423742,264
da6c0f4c0ff56d3a,act3_town_01_01_c12r22.tgm,Art/Models/Terrain/Act3Town/tgms,1946796,4187
fb72afc15a82437d,act3_town_01_01_c12r22.tgm.header,Tiny_3,50419795,264
eebac2b60b239bfc,act3_town_01_01_c12r21.tgm,Tiny_3,50416136,3395
d08990730c72a404,act3_town_01_01_c12r21.tgm.header,Tiny_3,50419531,264
6c5ca08a027a3839,act3_town_01_01_c12r20.tgm,Tiny_3,50412657,3215
3ead6ef4cc20af19,act3_town_01_01_c12r20.tgm.header,Tiny_3,50415872,264
2f29e1b97178df91,act3_town_01_01_c12r2.tgm,Tiny_3,50411032,1361
830dd4f1007360fc,act3_town_01_01_c12r2.tgm.header,Tiny_3,50412393,264
4a3ec45c963ad543,act3_town_01_01_c12r19.tgm,Art/Models/Terrain/Act3Town/tgms,1721439,225357
65255817245be393,act3_town_01_01_c12r19.tgm.header,Tiny_3,50408526,2506
f52a31fa223fef85,act3_town_01_01_c12r18.tgm,Tiny_3,50405065,3197
5ae67584cb75aa7f,act3_town_01_01_c12r18.tgm.header,Tiny_3,50408262,264
73c9abcc51703bca,act3_town_01_01_c12r17.tgm,Tiny_3,50400974,3827
a3797801d8764958,act3_town_01_01_c12r17.tgm.header,Tiny_3,50404801,264
6cf58f81d26e5c1c,act3_town_01_01_c12r16.tgm,Art/Models/Terrain/Act3Town/tgms,1717084,4355
f354beaa310f9935,act3_town_01_01_c12r16.tgm.header,Tiny_3,50400710,264
f8448311eab52d18,act3_town_01_01_c12r15.tgm,Tiny_3,50396467,3979
3ea979c24e5a6f70,act3_town_01_01_c12r15.tgm.header,Tiny_3,50400446,264
01d484e6f25565bb,act3_town_01_01_c12r14.tgm,Tiny_3,50392716,3487
f7927f9ab14ce8a0,act3_town_01_01_c12r14.tgm.header,Tiny_3,50396203,264
803c019635869254,act3_town_01_01_c12r13.tgm,Tiny_3,50389973,2479
6239f513ae4eab61,act3_town_01_01_c12r13.tgm.header,Tiny_3,50392452,264
2e027430f3352604,act3_town_01_01_c12r12.tgm,Tiny_3,50387782,1927
add7f7345fff54b1,act3_town_01_01_c12r12.tgm.header,Tiny_3,50389709,264
4a4c51875f6ce0fd,act3_town_01_01_c12r11.tgm,Tiny_3,50385891,1627
1f407e3e9a6f633e,act3_town_01_01_c12r11.tgm.header,Tiny_3,50387518,264
34b98f04ddf60c1e,act3_town_01_01_c12r10.tgm,Tiny_3,50383784,1843
81fecb8e54fb64bf,act3_town_01_01_c12r10.tgm.header,Tiny_3,50385627,264
814381f3b3583ab9,act3_town_01_01_c12r1.tgm,Tiny_3,50382895,625
d25ef0fafcce2313,act3_town_01_01_c12r1.tgm.header,Tiny_3,50383520,264
9387075c39f43284,act3_town_01_01_c11r9.tgm,Tiny_3,50379648,2983
54fc86ea25e5e261,act3_town_01_01_c11r9.tgm.header,Tiny_3,50382631,264
79b78605545b279b,act3_town_01_01_c11r8.tgm,Tiny_3,50375819,3565
26a3e351b4f377f7,act3_town_01_01_c11r8.tgm.header,Tiny_3,50379384,264
b4d33a259b0e4f1f,act3_town_01_01_c11r7.tgm,Art/Models/Terrain/Act3Town/tgms,1712943,4141
b2cd1d48b2cf5a66,act3_town_01_01_c11r7.tgm.header,Tiny_3,50375555,264
1e8002472c7ed060,act3_town_01_01_c11r6.tgm,Tiny_3,50371602,3689
1cedf64d0dcd5ae8,act3_town_01_01_c11r6.tgm.header,Tiny_3,50375291,264
95689828b1814115,act3_town_01_01_c11r5.tgm,Tiny_3,50369653,1685
f86a1dd52a867c62,act3_town_01_01_c11r5.tgm.header,Tiny_3,50371338,264
097a3e035f115e4e,act3_town_01_01_c11r4.tgm,Tiny_3,50367218,2171
f0264c11d4df13ad,act3_town_01_01_c11r4.tgm.header,Tiny_3,50369389,264
ae5f13eefe3a1767,act3_town_01_01_c11r3.tgm,Tiny_3,50365035,1919
27fb15ce2a978d01,act3_town_01_01_c11r3.tgm.header,Tiny_3,50366954,264
4b60b5bcb472684d,act3_town_01_01_c11r26.tgm,Art/Models/Terrain/Act3Town/tgms,1479922,233021
339875a88c342b7a,act3_town_01_01_c11r26.tgm.header,Tiny_3,50361385,3650
196fe01bb684e86c,act3_town_01_01_c11r25.tgm,Tiny_3,50360192,929
d87f88a39734448c,act3_town_01_01_c11r25.tgm.header,Tiny_3,50361121,264
aeab140a46fb3ffe,act3_town_01_01_c11r24.tgm,Art/Models/Terrain/Act3Town/tgms,1272067,207855
db3ca2129777e461,act3_town_01_01_c11r24.tgm.header,Tiny_3,50356498,3694
ccbb0ab037b45faa,act3_town_01_01_c11r23.tgm,Tiny_3,50354981,1253
c2dd11ec5b6c377f,act3_town_01_01_c11r23.tgm.header,Tiny_3,50356234,264
c41ed73014cf7550,act3_town_01_01_c11r22.tgm,Art/Models/Terrain/Act3Town/tgms,1153352,118715
b688a9e979737d4d,act3_town_01_01_c11r22.tgm.header,Tiny_3,50352651,2330
8709dae4cf27bca3,act3_town_01_01_c11r21.tgm,Tiny_3,50349154,3233
93d6a15f105246b7,act3_town_01_01_c11r21.tgm.header,Tiny_3,50352387,264
230f41d19e984b8d,act3_town_01_01_c11r20.tgm,Tiny_3,50345315,3575
33d5ae9ff38b9962,act3_town_01_01_c11r20.tgm.header,Tiny_3,50348890,264
e2cf2ae2cf415b4e,act3_town_01_01_c11r2.tgm,Tiny_3,50344476,575
80f8ea418f2653ed,act3_town_01_01_c11r2.tgm.header,Tiny_3,50345051,264
1f81390bb5e03072,act3_town_01_01_c11r19.tgm,Art/Models/Terrain/Act3Town/tgms,1145291,8061
3759eb4b44cda6f6,act3_town_01_01_c11r19.tgm.header,Tiny_3,50344212,264
6abea87b13ecb51f,act3_town_01_01_c11r18.tgm,Art/Models/Terrain/Act3Town/tgms,604162,541129
6507f0644f142cf9,act3_town_01_01_c11r18.tgm.header,Tiny_3,50343906,306
d32b066d115d8be7,act3_town_01_01_c11r17.tgm,Tiny_3,50340391,3251
7439f7352d3c3463,act3_town_01_01_c11r17.tgm.header,Tiny_3,50343642,264
147930c03a987033,act3_town_01_01_c11r16.tgm,Tiny_3,50336958,3169
dcba88a09870573e,act3_town_01_01_c11r16.tgm.header,Tiny_3,50340127,264
2f25fc9814e88bd2,act3_town_01_01_c11r15.tgm,Tiny_3,50333723,2971
ab543b2ecf901bff,act3_town_01_01_c11r15.tgm.header,Tiny_3,50336694,264
2b4f984b1c6ea72e,act3_town_01_01_c11r14.tgm,Tiny_3,50330632,2827
8d00eeaff79332a2,act3_town_01_01_c11r14.tgm.header,Tiny_3,50333459,264
e46c34ecd5f683a6,act3_town_01_01_c11r13.tgm,Tiny_3,50327991,2377
d4aa198dd0ee49bf,act3_town_01_01_c11r13.tgm.header,Tiny_3,50330368,264
d1fbb2b4f3c34e8f,act3_town_01_01_c11r12.tgm,Art/Models/Terrain/Act3Town/tgms,315367,288795
7a2276e10f315b7e,act3_town_01_01_c11r12.tgm.header,Tiny_3,50324297,3694
1b8d006c0762ec9e,act3_town_01_01_c11r11.tgm,Tiny_3,50321290,2743
e2001eca0b62ab4d,act3_town_01_01_c11r11.tgm.header,Tiny_3,50324033,264
f4a38f405281f04f,act3_town_01_01_c11r10.tgm,Tiny_3,50318625,2401
8a25cbdcaece7424,act3_town_01_01_c11r10.tgm.header,Tiny_3,50321026,264
9bc72d13e5715a36,act3_town_01_01_c11r1.tgm,Tiny_3,50317432,929
b4de0c32c75131cc,act3_town_01_01_c11r1.tgm.header,Tiny_3,50318361,264
ac83b202860b9df7,act3_town_01_01_c10r9.tgm,Art/Models/Terrain/Act3Town/tgms,294892,20475
461d3b911209840d,act3_town_01_01_c10r9.tgm.header,Tiny_3,50317168,264
09370f71a9b010bd,act3_town_01_01_c10r8.tgm,Tiny_3,50313741,3163
9602202bc38637bd,act3_town_01_01_c10r8.tgm.header,Tiny_3,50316904,264
45372cd4b7a9eb0b,act3_town_01_01_c10r7.tgm,Tiny_3,50310626,2851
4c06461eb2112fd4,act3_town_01_01_c10r7.tgm.header,Tiny_3,50313477,264
037baf54f2ba3906,act3_town_01_01_c10r6.tgm,Tiny_3,50306727,3635
c62f1c27533ca4a5,act3_town_01_01_c10r6.tgm.header,Tiny_3,50310362,264
51cb7f0f6bece43f,act3_town_01_01_c10r5.tgm,Tiny_3,50303662,2801
2db2d969ab89743c,act3_town_01_01_c10r5.tgm.header,Tiny_3,50306463,264
7e028d5e2d646911,act3_town_01_01_c10r4.tgm,Tiny_3,50301371,2027
a7dfa261fb9b188f,act3_town_01_01_c10r4.tgm.header,Tiny_3,50303398,264
d36538e16d9c7b59,act3_town_01_01_c10r3.tgm,Tiny_3,50299452,1655
2ebec6afb994bb13,act3_town_01_01_c10r3.tgm.header,Tiny_3,50301107,264
75c88607a9dea3da,act3_town_01_01_c10r26.tgm,Tiny_3,50298337,851
6614ddb53ac17e81,act3_town_01_01_c10r26.tgm.header,Tiny_3,50299188,264
42491c0653b983d4,act3_town_01_01_c10r25.tgm,Tiny_3,50297090,983
9716dd8c7388f5a6,act3_town_01_01_c10r25.tgm.header,Tiny_3,50298073,264
061c457e7d08c41d,act3_town_01_01_c10r24.tgm,Tiny_3,50295267,1559
c17ea596923b86e4,act3_town_01_01_c10r24.tgm.header,Tiny_3,50296826,264
f615d691624ae27f,act3_town_01_01_c10r23.tgm,Art/Models/Terrain/Act3Town/tgms,261887,33005
d3291527fca38c3a,act3_town_01_01_c10r23.tgm.header,Tiny_3,50294653,614
68efbc25f60609e1,act3_town_01_01_c10r22.tgm,Tiny_3,50292722,1667
9bc00b15013b794c,act3_town_01_01_c10r22.tgm.header,Tiny_3,50294389,264
ef36662a5c01762e,act3_town_01_01_c10r21.tgm,Tiny_3,50290539,1919
88154f4b1eec32b5,act3_town_01_01_c10r21.tgm.header,Tiny_3,50292458,264
48ad6936cd656d95,act3_town_01_01_c10r20.tgm,Tiny_3,50287690,2585
60a6fe24935f0632,act3_town_01_01_c10r20.tgm.header,Tiny_3,50290275,264
ac5801afd8841e1e,act3_town_01_01_c10r2.tgm,Tiny_3,50286963,463
32abc0352675344c,act3_town_01_01_c10r2.tgm.header,Tiny_3,50287426,264
a9e88c04e8d2ebdb,act3_town_01_01_c10r19.tgm,Art/Models/Terrain/Act3Town/tgms,85174,176713
3ad2a6958262c455,act3_town_01_01_c10r19.tgm.header,Folders/art/models/terrain/templedungeon/tgms,497206,5058
cfb0b294dfaf1461,act3_town_01_01_c10r18.tgm,Tiny_3,50283358,3341
97fdffdfc4a55a06,act3_town_01_01_c10r18.tgm.header,Tiny_3,50286699,264
1bc478dffc43820d,act3_town_01_01_c10r17.tgm,Tiny_3,50279357,3737
b1ebb7cb0a234b0e,act3_town_01_01_c10r17.tgm.header,Tiny_3,50283094,264
7ac7f5bb016a7629,act3_town_01_01_c10r16.tgm,Art/Models/Terrain/Act3Town/tgms,80939,4235
f791a91b822e49a9,act3_town_01_01_c10r16.tgm.header,Tiny_3,50279093,264
33a2fbc46225ec53,act3_town_01_01_c10r15.tgm,Art/Models/Terrain/Act3Town/tgms,0,80939
56f232700ac76f91,act3_town_01_01_c10r15.tgm.header,Tiny_3,50277159,1934
497301df43623537,act3_town_01_01_c10r14.tgm,Tiny_3,50273774,3121
3c0377b44fcc5cf0,act3_town_01_01_c10r14.tgm.header,Tiny_3,50276895,264
d239e32f06375b3c,act3_town_01_01_c10r13.tgm,Tiny_3,50271253,2257
ba927cbfde60f88f,act3_town_01_01_c10r13.tgm.header,Tiny_3,50273510,264
f513cbfa7b43f223,act3_town_01_01_c10r12.tgm,Tiny_3,50269134,1855
759a53959ce2d3e9,act3_town_01_01_c10r12.tgm.header,Tiny_3,50270989,264
f9b63d337c329491,act3_town_01_01_c10r11.tgm,Tiny_3,50266145,2725
a92c21ad7e7cd033,act3_town_01_01_c10r11.tgm.header,Tiny_3,50268870,264
cb261afdc5c248dc,act3_town_01_01_c10r10.tgm,Tiny_3,50264170,1711
bf23f910bc9129ed,act3_town_01_01_c10r10.tgm.header,Tiny_3,50265881,264
012ebe555260c25f,act3_town_01_01_c10r1.tgm,Tiny_3,50263247,659
d4ac4bdb2c33824f,act3_town_01_01_c10r1.tgm.header,Tiny_3,50263906,264
