hash,file,bundle,offset,size
c445163126e0255c,sacredflamearena_01_c9r2.tgm,Streaming/Content/data/balance/worldareas/19/mapuberboss_monolith.vworld,5681781,13043
f422ba71628f5d0e,sacredflamearena_01_c9r2.tgm.header,Tiny.V9,28797273,536
b0257302db96ee38,sacredflamearena_01_c9r3.tgm,Streaming/Content/data/balance/worldareas/7F/mapuberboss_ritual.vworld,366602,7027
2880b33259f9db36,sacredflamearena_01_c9r3.tgm.header,Tiny.V2,28460503,536
0d2855ce58e531c9,sacredflamearena_01_c9r4.tgm,Streaming/Content/data/balance/worldareas/FB/mapprecursortowerdesert.vworld,634896,4995
e1ac8d4b1799d7d4,sacredflamearena_01_c9r4.tgm.header,Tiny.V6,28335450,448
fbeacf3d395864af,sacredflamearena_01_c9r5.tgm,Tiny.VD,28374601,3935
7ac9ede4fc289473,sacredflamearena_01_c9r5.tgm.header,Tiny.V1,28320429,448
85ce7155b994d95a,sacredflamearena_01_c9r6.tgm,Tiny.VD,28378536,2641
32062c8e5012c02c,sacredflamearena_01_c9r6.tgm.header,Tiny.VB,28578101,424
7f27cfa943a865f6,sacredflamearena_01_c9r7.tgm,Tiny.V2,28461039,2379
1bdd20a13d55575d,sacredflamearena_01_c9r7.tgm.header,Tiny.V7,28348642,424
58c3ae771b935e8c,sacredflamearena_01_c9r8.tgm,Tiny.V9,28797809,3635
013bd6c4aa7d81e7,sacredflamearena_01_c9r8.tgm.header,Tiny.V0,28663144,424
19368c6de3779a5b,sacredflamearena_01_c9r9.tgm,Streaming/Content/data/balance/worldareas/9B/mapuberboss_monolith.vworld,2426094,4601
64b0642cd37d55c2,sacredflamearena_01_c9r9.tgm.header,Tiny.VF,28613524,448
a0a1c9bce8135fd3,sacredflamearena_01_c9r1.tgm,Streaming/Content/data/balance/worldareas/03/mapuberboss_monolith.vworld,20582,1016569
4d44d019be8a1437,sacredflamearena_01_c9r1.tgm.header,Tiny.VA,28548196,668
c2533a9e55501816,sacredflamearena_01_c9r10.tgm,Streaming/Content/data/balance/worldareas/3E/mapuberboss_monolith.vworld,2631455,26131
c81aa4b0a2306fbf,sacredflamearena_01_c9r10.tgm.header,Tiny.VC,28569729,668
05a13f8e0b17edb6,sacredflamearena_01_c9r11.tgm,Streaming/Content/data/balance/worldareas/52/mapuberboss_monolith.vworld,1488331,104343
370123fb05f8ffde,sacredflamearena_01_c9r11.tgm.header,Tiny.V1,28317599,712
9dcb068525cc55cb,sacredflamearena_01_c9r12.tgm,Streaming/Content/data/balance/worldareas/A2/g2_9_1.vworld,673431,239311
3d041f74d15e9c72,sacredflamearena_01_c9r12.tgm.header,Tiny.V0,28662036,1108
8c5807798ec8ccff,sacredflamearena_01_c9r13.tgm,Streaming/Content/data/worldareas/DF/mapuberboss_monolith.vworld,2796364,923747
57ddb875d8e90d66,sacredflamearena_01_c9r13.tgm.header,Tiny.VC,28570397,1020
8373f75a95a9ef0c,sacredflamearena_01_c9r14.tgm,Tiny.VA,28548864,1063
18bf4109fb1bbbdc,sacredflamearena_01_c9r14.tgm.header,Tiny.VD,28364271,424
e245290a19b58e6b,sacredflamearena_01_c9r15.tgm,Tiny.V1,28318311,955
c9f177c65c46f467,sacredflamearena_01_c9r15.tgm.header,Tiny.V6,28328191,424
40cfcb54d628b5c8,sacredflamearena_01_c9r16.tgm,Tiny.VA,28549927,847
2d0372ad0e37b54a,sacredflamearena_01_c9r16.tgm.header,Tiny.V4,28639426,424
881222140d39d2f0,sacredflamearena_01_c9r17.tgm,Tiny.V1,28319266,739
7c777ef6e751c3d3,sacredflamearena_01_c9r17.tgm.header,Tiny.V0,28655029,424
0bad1d2f3fce4360,sacredflamearena_01_c9r18.tgm,Tiny.V2,28459710,793
b5382203f132d1c8,sacredflamearena_01_c9r18.tgm.header,Tiny.V1,28320005,424
52ca088d359ee5bc,sacredflamearena_01_c8r2.tgm,Streaming/Content/data/balance/worldareas/EF/mapuberboss_monolith.vworld,8451863,7319
a6050229f0c88f28,sacredflamearena_01_c8r2.tgm.header,Tiny.V6,28331627,492
b7b41ce220e84b91,sacredflamearena_01_c8r3.tgm,Streaming/Content/data/balance/worldareas/EF/mapuberboss_monolith.vworld,8459182,5299
fc2bd0a7110eb188,sacredflamearena_01_c8r3.tgm.header,Tiny.VE,28146211,448
00ed72b7abf86e81,sacredflamearena_01_c8r4.tgm,Streaming/Content/data/balance/worldareas/94/mapgeode.vworld,394554,4265
be159a998a7f43d8,sacredflamearena_01_c8r4.tgm.header,Tiny.VA,28547348,424
53653b10b805772e,sacredflamearena_01_c8r5.tgm,Tiny.V6,28332119,3331
24a71013c334e88c,sacredflamearena_01_c8r5.tgm.header,Tiny.V2,28459286,424
b5186dd762d9249c,sacredflamearena_01_c8r6.tgm,Tiny.V5,27902676,2631
bbf9f2c2ca88ade3,sacredflamearena_01_c8r6.tgm.header,Tiny.V9,28794848,424
6cbc4bd0cc2cd923,sacredflamearena_01_c8r7.tgm,Tiny.V4,28637007,1995
0cd0f3642af5056a,sacredflamearena_01_c8r7.tgm.header,Tiny.V4,28639002,424
ecffe833e7a132b5,sacredflamearena_01_c8r8.tgm,Tiny.V9,28795272,2001
e2aeee383c17c82f,sacredflamearena_01_c8r8.tgm.header,Tiny.V3,28071980,424
7c0e6df3d7a637ff,sacredflamearena_01_c8r9.tgm,Tiny.V0,28658625,3411
79b6f0f8681c6400,sacredflamearena_01_c8r9.tgm.header,Tiny.VA,28547772,424
5f855349037d472e,sacredflamearena_01_c8r1.tgm,Streaming/Content/data/balance/worldareas/D7/mapuberboss_monolith.vworld,598990,246343
d2604f9f35ed111a,sacredflamearena_01_c8r1.tgm.header,Tiny.VA,28546724,624
296f602369f85643,sacredflamearena_01_c8r10.tgm,Streaming/Content/data/balance/worldareas/81/mapgeode.vworld,311356,5971
ce359eacaf1d0746,sacredflamearena_01_c8r10.tgm.header,Tiny.V9,28793617,492
f3f74873865bc660,sacredflamearena_01_c8r11.tgm,Streaming/Content/data/balance/worldareas/44/mapuberboss_monolith.vworld,1014188,6177
4edfef8194ceb256,sacredflamearena_01_c8r11.tgm.header,Tiny.V5,27902184,492
398c2096e173e4e6,sacredflamearena_01_c8r12.tgm,Streaming/Content/data/balance/worldareas/93/mapuberboss_monolith.vworld,8225383,349481
def29a26ad6073c8,sacredflamearena_01_c8r12.tgm.header,Tiny.V8,28375135,888
5e00fcf738b35763,sacredflamearena_01_c8r13.tgm,Streaming/Content/data/balance/worldareas/EA/mapuberboss_monolith.vworld,4048016,136273
c2fd5fad56f5fba5,sacredflamearena_01_c8r13.tgm.header,Tiny.V3,28070916,1064
ad3b5c86122c889e,sacredflamearena_01_c8r14.tgm,Tiny.V2,28458223,1063
6c77b59dd801bd04,sacredflamearena_01_c8r14.tgm.header,Tiny.V6,28331203,424
339e0bf6031272c0,sacredflamearena_01_c8r15.tgm,Tiny.VC,28568774,955
db36480021c1ba5e,sacredflamearena_01_c8r15.tgm.header,Tiny.VB,28576830,424
f430426f351e1465,sacredflamearena_01_c8r16.tgm,Tiny.V8,28376023,847
9bece95ddd035fca,sacredflamearena_01_c8r16.tgm.header,Tiny.V0,28658201,424
871d4a6d6c3e3dbd,sacredflamearena_01_c8r17.tgm,Tiny.V9,28794109,739
2cf12352d6a4c830,sacredflamearena_01_c8r17.tgm.header,Tiny.V4,28636159,424
0b59bfaa2a9ea31f,sacredflamearena_01_c8r18.tgm,Tiny.VB,28577254,847
1b1b5aea2c1c9ee5,sacredflamearena_01_c8r18.tgm.header,Tiny.V4,28636583,424
a30a1373010b66ca,sacredflamearena_01_c7r2.tgm,Streaming/Content/data/balance/worldareas/6F/mapmothersoul_male_quest.vworld,548780,6361
6c0a2b0b25500a1a,sacredflamearena_01_c7r2.tgm.header,Tiny.V1,28313144,492
01880cd36e7b8973,sacredflamearena_01_c7r3.tgm,Streaming/Content/data/worldareas/B9/mapuberboss_monolith.vworld,8396339,5339
fc142f11ba46d413,sacredflamearena_01_c7r3.tgm.header,Tiny.V3,28070468,448
636ecbb24fabaac8,sacredflamearena_01_c7r4.tgm,Streaming/Content/data/balance/worldareas/F2/mapport.vworld,376527,4545
81049f1354222b01,sacredflamearena_01_c7r4.tgm.header,Tiny.V0,28657353,424
8ba758127e9425ce,sacredflamearena_01_c7r5.tgm,Tiny.V1,28313636,3963
0cbb0c2822df89fa,sacredflamearena_01_c7r5.tgm.header,Tiny.VC,28568350,424
6397883e424e7e9f,sacredflamearena_01_c7r6.tgm,Tiny.V5,27898721,3463
9bf1d6415febe524,sacredflamearena_01_c7r6.tgm.header,Tiny.V0,28657777,424
fa853b4d28e8a918,sacredflamearena_01_c7r7.tgm,Tiny.VF,28611079,2445
7300edbb7ef3d4b6,sacredflamearena_01_c7r7.tgm.header,Tiny.V6,28330779,424
06291a351b1c2c29,sacredflamearena_01_c7r8.tgm,Tiny.V2,28455844,2379
602549eceef2127e,sacredflamearena_01_c7r8.tgm.header,Tiny.V9,28793193,424
7fa87bb1172488f7,sacredflamearena_01_c7r9.tgm,Tiny.V4,28633594,2565
5a6e95c9cec6bc5c,sacredflamearena_01_c7r9.tgm.header,Tiny.V8,28374711,424
0c4f3bcff5ed1573,sacredflamearena_01_c7r1.tgm,Streaming/Content/data/balance/worldareas/C9/g4_8a.vworld,558290,81745
3782435a24ae3d46,sacredflamearena_01_c7r1.tgm.header,Tiny.V8,28374131,580
a6d35f02c231f98b,sacredflamearena_01_c7r10.tgm,Tiny.V3,28066995,3473
d0f1e7cca28a2513,sacredflamearena_01_c7r10.tgm.header,Tiny.V5,27898297,424
0fe21343d621c84b,sacredflamearena_01_c7r11.tgm,Streaming/Content/data/balance/worldareas/C9/g4_8a.vworld,640035,4861
7b50b2a1f288c175,sacredflamearena_01_c7r11.tgm.header,Tiny.V9,28791426,448
1319b718a5aaa103,sacredflamearena_01_c7r12.tgm,Streaming/Content/data/balance/worldareas/08/mapgreenhouse.vworld,537840,74875
da88648e88f5e7f6,sacredflamearena_01_c7r12.tgm.header,Tiny.V9,28791874,580
cdd235fa0b2be790,sacredflamearena_01_c7r13.tgm,Streaming/Content/data/worldareas/87/mapuberboss_monolith.vworld,796283,139641
8a543ed159e37df8,sacredflamearena_01_c7r13.tgm.header,Tiny.VE,28144343,1020
c50ca00a23a6ac7e,sacredflamearena_01_c7r14.tgm,Tiny.V7,28346678,1063
bc9fb157c15c2414,sacredflamearena_01_c7r14.tgm.header,Tiny.VE,28145363,424
55ced436ab923509,sacredflamearena_01_c7r15.tgm,Tiny.VB,28575451,955
f851b3b5151a7568,sacredflamearena_01_c7r15.tgm.header,Tiny.V6,28330355,424
94fee0991e0f88e6,sacredflamearena_01_c7r16.tgm,Tiny.VA,28545877,847
f49b8540d419be1b,sacredflamearena_01_c7r16.tgm.header,Tiny.VE,28145787,424
9190e3b95c5f81d0,sacredflamearena_01_c7r17.tgm,Tiny.V9,28792454,739
c19cec50d18acc97,sacredflamearena_01_c7r17.tgm.header,Tiny.VF,28610655,424
8a022b2749e17916,sacredflamearena_01_c7r18.tgm,Tiny.V7,28347741,901
48a65a9aa3cc012d,sacredflamearena_01_c7r18.tgm.header,Tiny.VB,28576406,424
2368a45df18d3ec0,sacredflamearena_01_c6r2.tgm,Streaming/Content/data/balance/worldareas/30/mapuberboss_monolith.vworld,2111417,7281
4d526f6bf299cf5f,sacredflamearena_01_c6r2.tgm.header,Tiny.VE,28143051,492
8f5f4127e99bfb47,sacredflamearena_01_c6r3.tgm,Streaming/Content/data/worldareas/78/mapuberboss_monolith.vworld,2796364,5713
47b297111256b827,sacredflamearena_01_c6r3.tgm.header,Tiny.V2,28455396,448
250937245f2f0d0c,sacredflamearena_01_c6r4.tgm,Streaming/Content/data/balance/worldareas/4E/mapuberboss_monolith.vworld,5627573,5179
29b027c0fe9e148d,sacredflamearena_01_c6r4.tgm.header,Tiny.VF,28610231,424
fdd04c7766e46859,sacredflamearena_01_c6r5.tgm,Streaming/Content/data/balance/worldareas/A5/g4_8a.vworld,465515,4779
cec3f4a90fa902ef,sacredflamearena_01_c6r5.tgm.header,Tiny.VA,28545029,424
bd4dae66cdcc4c96,sacredflamearena_01_c6r6.tgm,Streaming/Content/data/balance/worldareas/E3/mapuberboss_monolith.vworld,484944,4113
cfe448d98394d5d1,sacredflamearena_01_c6r6.tgm.header,Tiny.V3,28066571,424
2ab5f3b10039051b,sacredflamearena_01_c6r7.tgm,Streaming/Content/data/balance/worldareas/FA/mapprecursortowerdesert.vworld,669526,257367
0982b64f39c40449,sacredflamearena_01_c6r7.tgm.header,Tiny.VE,28143543,800
4e9886fe898940cc,sacredflamearena_01_c6r8.tgm,Streaming/Content/data/balance/worldareas/22/g4_8a.vworld,423495,4155
f0972a29ead069c2,sacredflamearena_01_c6r8.tgm.header,Tiny.VA,28545453,424
6351a4df06f0e6dc,sacredflamearena_01_c6r9.tgm,Tiny.VD,28371288,3313
3c1e89e93a6600a9,sacredflamearena_01_c6r9.tgm.header,Tiny.VC,28567926,424
18c6f33598a3f729,sacredflamearena_01_c6r1.tgm,Streaming/Content/data/balance/worldareas/FD/mapuberboss_monolith.vworld,2870756,89015
149f3345c919ae29,sacredflamearena_01_c6r1.tgm.header,Tiny.V0,28656349,580
5265b2a08a8f7ee7,sacredflamearena_01_c6r10.tgm,Tiny.V2,28451319,4077
42c7fd84e48b24de,sacredflamearena_01_c6r10.tgm.header,Tiny.VF,28609807,424
5a645122f899cab0,sacredflamearena_01_c6r11.tgm,Streaming/Content/data/balance/worldareas/56/g4_8a.vworld,472909,5339
2d838154e1f17176,sacredflamearena_01_c6r11.tgm.header,Tiny.VA,28544581,448
7609de47c34f25c4,sacredflamearena_01_c6r12.tgm,Streaming/Content/data/balance/worldareas/8B/g3_1.vworld,459579,120351
ffe8608fc6a5c99f,sacredflamearena_01_c6r12.tgm.header,Tiny.V1,28311904,1240
395a09a0e7d78881,sacredflamearena_01_c6r13.tgm,Streaming/Content/data/balance/worldareas/F3/mapbazaar.vworld,336253,153001
14f52eb574442e7d,sacredflamearena_01_c6r13.tgm.header,Tiny.V8,28373067,1064
650f95331d668356,sacredflamearena_01_c6r14.tgm,Tiny.V4,28632107,1063
ef217c01a531e49a,sacredflamearena_01_c6r14.tgm.header,Tiny.VC,28566763,424
57befff5cea8734e,sacredflamearena_01_c6r15.tgm,Tiny.V3,28065138,1009
2510412498676db6,sacredflamearena_01_c6r15.tgm.header,Tiny.V3,28066147,424
ed5f68cf67f01952,sacredflamearena_01_c6r16.tgm,Tiny.V5,27897450,847
593d608e31c70285,sacredflamearena_01_c6r16.tgm.header,Tiny.V4,28633170,424
f8f2edf372f4deea,sacredflamearena_01_c6r17.tgm,Tiny.VC,28567187,739
878593f5bec5200c,sacredflamearena_01_c6r17.tgm.header,Tiny.V0,28656929,424
ca45802815a46a4e,sacredflamearena_01_c6r18.tgm,Tiny.V9,28790047,955
453df669b3df0813,sacredflamearena_01_c6r18.tgm.header,Tiny.V9,28791002,424
b725e320d2123d5b,sacredflamearena_01_c5r2.tgm,Streaming/Content/data/balance/worldareas/F7/g4_8a.vworld,1338046,6943
2a77df90a580bb9b,sacredflamearena_01_c5r2.tgm.header,Tiny.V6,28329863,492
daefad92d4e44145,sacredflamearena_01_c5r3.tgm,Streaming/Content/data/balance/worldareas/3E/mapuberboss_monolith.vworld,2626124,5331
ec9eb8a7554baded,sacredflamearena_01_c5r3.tgm.header,Tiny.V0,28655901,448
55473587d2d9b905,sacredflamearena_01_c5r4.tgm,Streaming/Content/data/balance/worldareas/17/mapgeode.vworld,301569,4637
359883b1add01b67,sacredflamearena_01_c5r4.tgm.header,Tiny.V7,28346254,424
5c63c6a828d9b396,sacredflamearena_01_c5r5.tgm,Tiny.VD,28366963,3901
1ccaa9e8b95a163f,sacredflamearena_01_c5r5.tgm.header,Tiny.V8,28372643,424
3c93f6f8b9e1c9df,sacredflamearena_01_c5r6.tgm,Streaming/Content/data/balance/worldareas/EF/mapuberboss_monolith.vworld,8447216,4647
012cdaa746ca0bad,sacredflamearena_01_c5r6.tgm.header,Tiny.VD,28370864,424
afc185b44355fe1e,sacredflamearena_01_c5r7.tgm,Streaming/Content/data/balance/worldareas/A9/mapuberboss_monolith.vworld,1963026,4663
ad7e3cbafb86040b,sacredflamearena_01_c5r7.tgm.header,Tiny.V5,27897026,424
1f38819ff2d4a2d8,sacredflamearena_01_c5r8.tgm,Streaming/Content/data/balance/worldareas/65/mapgeode.vworld,533540,4535
97f99bfa554732a9,sacredflamearena_01_c5r8.tgm.header,Tiny.VE,28142627,424
aabd61dcab955372,sacredflamearena_01_c5r9.tgm,Streaming/Content/data/balance/worldareas/B5/g4_8a.vworld,444009,4175
89b0e03f19688f5e,sacredflamearena_01_c5r9.tgm.header,Tiny.V2,28450871,448
2323b6f2a2cea607,sacredflamearena_01_c5r1.tgm,Streaming/Content/data/balance/worldareas/89/mapuberboss_monolith.vworld,1567406,251829
703b07db3b96ddf9,sacredflamearena_01_c5r1.tgm.header,Tiny.VF,28608444,624
cd839b2483762440,sacredflamearena_01_c5r10.tgm,Streaming/Content/data/balance/worldareas/60/mapport.vworld,508536,4511
57989903c6d86722,sacredflamearena_01_c5r10.tgm.header,Tiny.VE,28142179,448
5d337f2cf6d4a63f,sacredflamearena_01_c5r11.tgm,Streaming/Content/data/balance/worldareas/86/g2_9_1.vworld,543644,5111
21c2c2cd1c111a47,sacredflamearena_01_c5r11.tgm.header,Tiny.V7,28345762,492
c1412f5c0ce787c4,sacredflamearena_01_c5r12.tgm,Streaming/Content/data/balance/worldareas/5B/mapuberboss_monolith.vworld,892769,343935
a36f892500feb199,sacredflamearena_01_c5r12.tgm.header,Tiny.VD,28366119,844
eecb0117a8ce0c9c,sacredflamearena_01_c5r13.tgm,Streaming/Content/data/balance/worldareas/C5/mapmothersoul_male_quest.vworld,417263,143985
a2f3750874d0914d,sacredflamearena_01_c5r13.tgm.header,Tiny.V1,28309831,1064
714fefebcd5ee90e,sacredflamearena_01_c5r14.tgm,Tiny.VA,28543094,1063
acf21387f3118fbb,sacredflamearena_01_c5r14.tgm.header,Tiny.VD,28364271,424
a202ef310de608e3,sacredflamearena_01_c5r15.tgm,Tiny.V9,28789092,955
9577534ca7043452,sacredflamearena_01_c5r15.tgm.header,Tiny.V6,28328191,424
b19367a49143ba2f,sacredflamearena_01_c5r16.tgm,Tiny.VC,28565970,793
81baa158a7939401,sacredflamearena_01_c5r16.tgm.header,Tiny.V5,27896602,424
6ac27041e7e7ff4b,sacredflamearena_01_c5r17.tgm,Tiny.VF,28609068,739
a3e100b775c6873d,sacredflamearena_01_c5r17.tgm.header,Tiny.V0,28655029,424
a9ac216696c140dc,sacredflamearena_01_c5r18.tgm,Tiny.V1,28310895,1009
de69301427d7f473,sacredflamearena_01_c5r18.tgm.header,Tiny.VA,28544157,424
6ec0bab31b52e8ee,sacredflamearena_01_c4r2.tgm,Streaming/Content/data/balance/worldareas/E8/mapuberboss_monolith.vworld,5614248,10285
5d7fcab7bb9a1de7,sacredflamearena_01_c4r2.tgm.header,Tiny.VC,28565010,536
1031f4cf4d3d8747,sacredflamearena_01_c4r3.tgm,Streaming/Content/data/balance/worldareas/AA/mapuniquereactor_01.vworld,681337,7599
29c4c8306d67e13b,sacredflamearena_01_c4r3.tgm.header,Tiny.V9,28788556,536
cc78704660d3cbc1,sacredflamearena_01_c4r4.tgm,Streaming/Content/data/balance/worldareas/E2/hideoutsacrifice.vworld,883312,4709
791f8376a3d1f414,sacredflamearena_01_c4r4.tgm.header,Tiny.V1,28309383,448
786f5560f6258f3a,sacredflamearena_01_c4r5.tgm,Streaming/Content/data/balance/worldareas/44/mapuberboss_monolith.vworld,1009633,4555
6fdcdd818953475c,sacredflamearena_01_c4r5.tgm.header,Tiny.VC,28565546,424
50c950318bb41cd8,sacredflamearena_01_c4r6.tgm,Streaming/Content/data/balance/worldareas/03/mapuberboss_monolith.vworld,16175,4407
cee6d46ade7fb067,sacredflamearena_01_c4r6.tgm.header,Tiny.VE,28141755,424
f1a54a11c3be3bf2,sacredflamearena_01_c4r7.tgm,Streaming/Content/data/balance/worldareas/BB/mapuberboss_monolith.vworld,4942260,4189
991e545308aac378,sacredflamearena_01_c4r7.tgm.header,Tiny.V0,28655453,448
04013ff8e529be24,sacredflamearena_01_c4r8.tgm,Streaming/Content/data/balance/worldareas/94/mapgeode.vworld,389703,4851
1f26fedab65349d0,sacredflamearena_01_c4r8.tgm.header,Tiny.V7,28345314,448
a32554191d39fe8f,sacredflamearena_01_c4r9.tgm,Streaming/Content/data/balance/worldareas/9E/mapprecursortowerdesert.vworld,354578,5837
fbb9538c9b6b3606,sacredflamearena_01_c4r9.tgm.header,Tiny.V8,28372151,492
6c65d688d5e378d3,sacredflamearena_01_c4r1.tgm,Streaming/Content/data/balance/worldareas/CA/mapuberboss_monolith.vworld,5226202,1014711
9efb74087b9fc6c3,sacredflamearena_01_c4r1.tgm.header,Tiny.V7,28344646,668
6661b6cc981c427a,sacredflamearena_01_c4r10.tgm,Streaming/Content/data/balance/worldareas/C1/mapmothersoul_male_quest.vworld,404978,14199
4d1212097675b178,sacredflamearena_01_c4r10.tgm.header,Tiny.V6,28329195,668
fce502cd7446b635,sacredflamearena_01_c4r11.tgm,Streaming/Content/data/balance/worldareas/mapbluff.vworld,541584,86965
200033fc1decd110,sacredflamearena_01_c4r11.tgm.header,Tiny.V2,28449095,712
0b85f21ed23536d9,sacredflamearena_01_c4r12.tgm,Streaming/Content/data/balance/worldareas/6A/mapgreenhouse.vworld,604808,249773
fe542e20735a0676,sacredflamearena_01_c4r12.tgm.header,Tiny.V2,28449807,1064
79c7be88991ff1c9,sacredflamearena_01_c4r13.tgm,Streaming/Content/data/worldareas/36/mapuberboss_monolith.vworld,29795,910641
f74ac5a32c335ee0,sacredflamearena_01_c4r13.tgm.header,Tiny.VD,28365143,976
2364529e1d763dc4,sacredflamearena_01_c4r14.tgm,Tiny.V8,28371142,1009
ae4fc085ed0437fc,sacredflamearena_01_c4r14.tgm.header,Tiny.VE,28140592,424
83924c463f0fc494,sacredflamearena_01_c4r15.tgm,Tiny.VC,28563631,955
067d9c61e15f1db4,sacredflamearena_01_c4r15.tgm.header,Tiny.V6,28328191,424
5e26dabb279345b9,sacredflamearena_01_c4r16.tgm,Tiny.V4,28631206,901
4b93b1d0cf4cd4d1,sacredflamearena_01_c4r16.tgm.header,Tiny.VC,28564586,424
0f24ca226864e6fa,sacredflamearena_01_c4r17.tgm,Tiny.VE,28141016,739
fd958948233fe4ea,sacredflamearena_01_c4r17.tgm.header,Tiny.V0,28655029,424
9634071538e58d58,sacredflamearena_01_c4r18.tgm,Tiny.V3,28064075,1063
fbc3ccd9860fde8e,sacredflamearena_01_c4r18.tgm.header,Tiny.VB,28575027,424
5e7bb459e1f12d71,sacredflamearena_01_c3r2.tgm,Streaming/Content/data/balance/worldareas/84/mapuberboss_monolith.vworld,16981835,83971
7b326fe096674a9c,sacredflamearena_01_c3r2.tgm.header,Tiny.VF,28607864,580
a27a977153edd4bd,sacredflamearena_01_c3r3.tgm,Streaming/Content/data/balance/worldareas/E9/mapuberboss_monolith.vworld,1663988,18283
6214c4c649bf006a,sacredflamearena_01_c3r3.tgm.header,Tiny.V6,28328615,580
4fd7bb06bd254be0,sacredflamearena_01_c3r4.tgm,Streaming/Content/data/balance/worldareas/16/maparidplains.vworld,398894,6391
be1e61ad7b602345,sacredflamearena_01_c3r4.tgm.header,Tiny.V0,28654537,492
103fcd860459b2d0,sacredflamearena_01_c3r5.tgm,Streaming/Content/data/balance/worldareas/5B/mapuberboss_monolith.vworld,886578,6191
a3731f3c6ebc96f6,sacredflamearena_01_c3r5.tgm.header,Tiny.V5,27895486,448
00e2feef7883b6d4,sacredflamearena_01_c3r6.tgm,Streaming/Content/data/balance/worldareas/6A/mapgreenhouse.vworld,599595,5213
a699a760df1f9873,sacredflamearena_01_c3r6.tgm.header,Tiny.VE,28140144,448
3f055f787c12a8c0,sacredflamearena_01_c3r7.tgm,Streaming/Content/data/balance/worldareas/1B/g4_8a.vworld,449689,5327
fab1248cd1995dae,sacredflamearena_01_c3r7.tgm.header,Tiny.VD,28364695,448
4abccb297bc863c7,sacredflamearena_01_c3r8.tgm,Streaming/Content/data/balance/worldareas/03/mapuberboss_monolith.vworld,10214,5961
b22f47938ff8bd0a,sacredflamearena_01_c3r8.tgm.header,Tiny.V1,28308891,492
d23d58d402a3e920,sacredflamearena_01_c3r9.tgm,Streaming/Content/data/balance/worldareas/0B/mapuberboss_monolith.vworld,1847282,39537
f9b632d3638514e2,sacredflamearena_01_c3r9.tgm.header,Tiny.V5,27895934,668
e737192d67b057e4,sacredflamearena_01_c3r1.tgm,Streaming/Content/data/balance/worldareas/80/mapport.vworld,535972,58133
5b39546846f77c9d,sacredflamearena_01_c3r1.tgm.header,Tiny.VE,28139564,580
322434ba1819cb32,sacredflamearena_01_c3r10.tgm,Streaming/Content/data/balance/worldareas/60/mapport.vworld,410777,97759
56a62bd061a6dedf,sacredflamearena_01_c3r10.tgm.header,Tiny.V1,28308091,800
6e2b9011dbf0be01,sacredflamearena_01_c3r11.tgm,Streaming/Content/data/balance/worldareas/50/mapgeode.vworld,216916,337993
82989baa2141cfb4,sacredflamearena_01_c3r11.tgm.header,Tiny.V3,28063275,800
853e2145b60af2ca,sacredflamearena_01_c3r12.tgm,Streaming/Content/data/balance/worldareas/5B/mapuberboss_monolith.vworld,11399,875179
b2e4eff5bc5d5fa8,sacredflamearena_01_c3r12.tgm.header,Tiny.VF,28606304,712
e151e272de0cf726,sacredflamearena_01_c3r13.tgm,Streaming/Content/data/balance/worldareas/23/mapgeode.vworld,536859,70881
9274dc47733f9595,sacredflamearena_01_c3r13.tgm.header,Tiny.V2,28448471,624
9e65fb947c45d2fe,sacredflamearena_01_c3r14.tgm,Tiny.V9,28786184,1063
886e0f533c57bf14,sacredflamearena_01_c3r14.tgm.header,Tiny.VD,28364271,424
b5f71af10a37be2d,sacredflamearena_01_c3r15.tgm,Tiny.V7,28343691,955
71e2bc1ee9669e37,sacredflamearena_01_c3r15.tgm.header,Tiny.V6,28328191,424
ec84cebb537c8d04,sacredflamearena_01_c3r16.tgm,Tiny.V0,28653744,793
cc936da4c0c23d7b,sacredflamearena_01_c3r16.tgm.header,Tiny.VF,28607016,424
8b74f73c2893f103,sacredflamearena_01_c3r17.tgm,Tiny.VA,28542409,685
32d4618f3fa0b653,sacredflamearena_01_c3r17.tgm.header,Tiny.V5,27895062,424
a23d454b3efe715e,sacredflamearena_01_c3r18.tgm,Tiny.V9,28787247,1309
2d88019efa012154,sacredflamearena_01_c3r18.tgm.header,Tiny.VF,28607440,424
7768f5c612210663,sacredflamearena_01_c2r2.tgm,Streaming/Content/data/balance/worldareas/7A/mapuberboss_ritual.vworld,354717,17923
1ce9f1e14f77ecd0,sacredflamearena_01_c2r2.tgm.header,Tiny.VF,28605880,424
080b3dd39009c3d8,sacredflamearena_01_c2r3.tgm,Streaming/Content/data/balance/worldareas/6F/mapmothersoul_male_quest.vworld,462375,86405
5406cf6acf4221a8,sacredflamearena_01_c2r3.tgm.header,Tiny.VC,28563051,580
67972e8d2ef3c81f,sacredflamearena_01_c2r4.tgm,Streaming/Content/data/balance/worldareas/59/mapuberboss_delirium.vworld,514260,44479
4c1fd72638ad298d,sacredflamearena_01_c2r4.tgm.header,Tiny.VA,28541785,624
999af959465ce19a,sacredflamearena_01_c2r5.tgm,Streaming/Content/data/balance/worldareas/C2/mapuberboss_monolith.vworld,5612437,6397
5a84a7b300c40457,sacredflamearena_01_c2r5.tgm.header,Tiny.V8,28369402,492
d4f26a4e32226817,sacredflamearena_01_c2r6.tgm,Streaming/Content/data/worldareas/6D/mapuberboss_monolith.vworld,5592580,6653
58566940dfcd4c06,sacredflamearena_01_c2r6.tgm.header,Tiny.V8,28369894,492
6c179c0bc282374f,sacredflamearena_01_c2r7.tgm,Streaming/Content/data/balance/worldareas/D4/mapuberboss_monolith.vworld,1653742,6883
577ba3d3af1777b8,sacredflamearena_01_c2r7.tgm.header,Tiny.V9,28785692,492
01960a660acb1a5e,sacredflamearena_01_c2r8.tgm,Streaming/Content/data/balance/worldareas/7E/mapuberboss_monolith.vworld,5596835,60085
9db4b31baa3e4dc9,sacredflamearena_01_c2r8.tgm.header,Tiny.V8,28370386,756
10ca2f370924d9a5,sacredflamearena_01_c2r9.tgm,Streaming/Content/data/balance/worldareas/93/mapuberboss_monolith.vworld,8099770,125613
1a914e82b9842592,sacredflamearena_01_c2r9.tgm.header,Tiny.V1,28307247,844
11091b4c607f5ff4,sacredflamearena_01_c2r1.tgm,Streaming/Content/data/balance/worldareas/FB/mapprecursortowerdesert.vworld,622981,11915
12e85ad96418f29a,sacredflamearena_01_c2r1.tgm.header,Tiny.VB,28573152,424
19c773c7a9ca3c27,sacredflamearena_01_c2r10.tgm,Streaming/Content/data/balance/worldareas/12/mapuberboss_monolith.vworld,2840939,578189
8f7ef2fc06fe9e5e,sacredflamearena_01_c2r10.tgm.header,Tiny.VB,28573576,603
b95306c5eab08cc8,sacredflamearena_01_c2r11.tgm,Streaming/Content/data/worldareas/37/mapuberboss_monolith.vworld,349700,659391
c9c466e7001d490c,sacredflamearena_01_c2r11.tgm.header,Tiny.V9,28784797,471
f7371e03055ff95f,sacredflamearena_01_c2r12.tgm,Tiny.V3,28060866,2409
4dbc0f9b2a352da3,sacredflamearena_01_c2r12.tgm.header,Tiny.VB,28574179,424
a8362ec5a9d72a8b,sacredflamearena_01_c2r13.tgm,Tiny.V0,28648639,1989
4045f46149b52235,sacredflamearena_01_c2r13.tgm.header,Tiny.VC,28562627,424
4727dd04feb06493,sacredflamearena_01_c2r14.tgm,Tiny.V0,28650628,1615
9ba687410f0f9fc7,sacredflamearena_01_c2r14.tgm.header,Tiny.V9,28785268,424
aaebfea49b3c5b8c,sacredflamearena_01_c2r15.tgm,Tiny.VD,28363262,1009
4b5d2269ba4cc798,sacredflamearena_01_c2r15.tgm.header,Tiny.VB,28574603,424
d03bb5365e629323,sacredflamearena_01_c2r16.tgm,Tiny.VA,28540568,793
60d781bbf98cc12c,sacredflamearena_01_c2r16.tgm.header,Tiny.V4,28630782,424
b23391819ca5c88f,sacredflamearena_01_c2r17.tgm,Tiny.V1,28306508,739
d071e0d001327008,sacredflamearena_01_c2r17.tgm.header,Tiny.V7,28343267,424
d038d60626c63402,sacredflamearena_01_c2r18.tgm,Tiny.V0,28652243,1501
828c08484df97cae,sacredflamearena_01_c2r18.tgm.header,Tiny.VA,28541361,424
e051bb7538dca909,sacredflamearena_01_c12r2.tgm,Streaming/Content/data/balance/worldareas/E2/hideoutsacrifice.vworld,860055,23257
6232cf706a5eb245,sacredflamearena_01_c12r2.tgm.header,Tiny.VE,28138292,424
ea5f09f9388293d3,sacredflamearena_01_c12r3.tgm,Streaming/Content/data/worldareas/BF/mapuberboss_monolith.vworld,0,21499
6a7d8efbb11290c4,sacredflamearena_01_c12r3.tgm.header,Tiny.VC,28562203,424
9aa67841c9f12ef0,sacredflamearena_01_c12r4.tgm,Streaming/Content/data/balance/worldareas/E3/mapuberboss_monolith.vworld,406457,78487
e27bb30259dd2876,sacredflamearena_01_c12r4.tgm.header,Tiny.VD,28362302,536
872a93e75e23fe6e,sacredflamearena_01_c12r5.tgm,Streaming/Content/data/balance/worldareas/34/mapuberboss_monolith.vworld,762836,886889
a9446a5f22ddd800,sacredflamearena_01_c12r5.tgm.header,Tiny.V0,28645424,668
5edcc03d0e0a3bdd,sacredflamearena_01_c12r6.tgm,Streaming/Content/data/balance/worldareas/9D/expeditionsubarea_blackknightboss.vworld,88261,605959
b85ed18bc5b0fcc0,sacredflamearena_01_c12r6.tgm.header,Tiny.VA,28539944,624
9602df5a11343dad,sacredflamearena_01_c12r7.tgm,Streaming/Content/data/balance/worldareas/A4/mapprecursortowerdesert.vworld,770550,92695
006414d367c63fc0,sacredflamearena_01_c12r7.tgm.header,Tiny.V2,28444991,580
775f98f7144f3c72,sacredflamearena_01_c12r8.tgm,Streaming/Content/data/balance/worldareas/52/mapuberboss_monolith.vworld,25674,1462657
327ffbdb7a04279e,sacredflamearena_01_c12r8.tgm.header,Tiny.V0,28646092,1548
135c100675108407,sacredflamearena_01_c12r9.tgm,Streaming/Content/data/worldareas/BF/mapuberboss_monolith.vworld,21499,884149
318b8f5070bad73a,sacredflamearena_01_c12r9.tgm.header,Tiny.V6,28327008,515
459ddddc0256358e,sacredflamearena_01_c12r1.tgm,Streaming/Content/data/worldareas/36/mapuberboss_monolith.vworld,0,29795
109e3f4de8f1ac4f,sacredflamearena_01_c12r1.tgm.header,Tiny.V6,28325736,424
99e16287a054f79e,sacredflamearena_01_c12r10.tgm,Streaming/Content/data/balance/worldareas/00/mapuberboss_monolith.vworld,23785,375483
a1fc23072a3b0a5e,sacredflamearena_01_c12r10.tgm.header,Tiny.VF,28603775,471
e2f5f0e59431c6b4,sacredflamearena_01_c12r11.tgm,Streaming/Content/data/balance/worldareas/D5/mapprecursortowerdesert.vworld,430969,51651
079f4a4fe984b9d8,sacredflamearena_01_c12r11.tgm.header,Tiny.V8,28368023,424
4cf33d2a3769e05c,sacredflamearena_01_c12r12.tgm,Tiny.VE,28136095,2197
23e59f952eb5e708,sacredflamearena_01_c12r12.tgm.header,Tiny.V3,28060018,424
2b53dbf13d19ceb2,sacredflamearena_01_c12r13.tgm,Tiny.VA,28536846,1873
e0a2ecf9bbd718bc,sacredflamearena_01_c12r13.tgm.header,Tiny.V6,28326160,424
d9b6c9439aeff39d,sacredflamearena_01_c12r14.tgm,Tiny.V1,28304390,1603
fd297d12d7158ec2,sacredflamearena_01_c12r14.tgm.header,Tiny.V6,28326584,424
05aa9a47c7f6baa6,sacredflamearena_01_c12r15.tgm,Tiny.VA,28538719,1225
6c50d3fca57565b5,sacredflamearena_01_c12r15.tgm.header,Tiny.V2,28444567,424
63ba1dc644a93497,sacredflamearena_01_c12r16.tgm,Tiny.V8,28368447,955
d4b6971fff600ea2,sacredflamearena_01_c12r16.tgm.header,Tiny.V4,28629934,424
538c580eb27e9326,sacredflamearena_01_c12r17.tgm,Tiny.VF,28604246,739
f63d588279d14922,sacredflamearena_01_c12r17.tgm.header,Tiny.VF,28604985,424
262e488a4728bcee,sacredflamearena_01_c12r18.tgm,Streaming/Content/data/balance/worldareas/F7/g4_8a.vworld,213685,1124361
2b114267284c296f,sacredflamearena_01_c12r18.tgm.header,Content/data/balance/worldareas/mapuberboss_monolith.vworld,1667351,4519
3e505ddc45be4014,sacredflamearena_01_c11r2.tgm,Streaming/Content/data/balance/worldareas/40/mapuberboss_divinity.vworld,923989,11959
f5c634acc0e7c928,sacredflamearena_01_c11r2.tgm.header,Tiny.VB,28571664,424
cd0c8fd980b7586a,sacredflamearena_01_c11r3.tgm,Streaming/Content/data/balance/worldareas/92/mapmothersoul_male_quest.vworld,429272,82487
ef2a21a75e89dc60,sacredflamearena_01_c11r3.tgm.header,Tiny.VA,28536310,536
70edf63f269ac2a9,sacredflamearena_01_c11r4.tgm,Streaming/Content/data/balance/worldareas/83/g2_9_1.vworld,517159,54689
51d0c3ee43b00895,sacredflamearena_01_c11r4.tgm.header,Tiny.VE,28135067,580
28a77b153d4b67fb,sacredflamearena_01_c11r5.tgm,Streaming/Content/data/balance/worldareas/0B/mapuberboss_monolith.vworld,1842337,4945
c90275ac61e5cb06,sacredflamearena_01_c11r5.tgm.header,Tiny.VE,28135647,448
e00477dcf783ab93,sacredflamearena_01_c11r6.tgm,Streaming/Content/data/balance/worldareas/03/mapuberboss_monolith.vworld,4679,5535
fd47f9cd1a5dd573,sacredflamearena_01_c11r6.tgm.header,Tiny.V9,28783725,448
7124b9d65bac7c74,sacredflamearena_01_c11r7.tgm,Streaming/Content/data/balance/worldareas/C5/mapmothersoul_male_quest.vworld,411322,5941
1495aa69984d5caf,sacredflamearena_01_c11r7.tgm.header,Tiny.V2,28444119,448
a4599b03da764f25,sacredflamearena_01_c11r8.tgm,Streaming/Content/data/balance/worldareas/A3/mapuberboss_monolith.vworld,1873616,71487
e9e6a34a2cfc9e0e,sacredflamearena_01_c11r8.tgm.header,Tiny.VC,28561447,756
aeea9d86dd19c2af,sacredflamearena_01_c11r9.tgm,Streaming/Content/data/balance/worldareas/F6/mapport.vworld,221338,120653
7357e6e13632bf42,sacredflamearena_01_c11r9.tgm.header,Tiny.V7,28342043,800
24a1dde2d0848793,sacredflamearena_01_c11r1.tgm,Streaming/Content/data/balance/worldareas/FA/mapprecursortowerdesert.vworld,647891,21635
2b117b62bf6bc08c,sacredflamearena_01_c11r1.tgm.header,Tiny.V0,28642080,424
9801da9ea7bc22c5,sacredflamearena_01_c11r10.tgm,Streaming/Content/data/balance/worldareas/21/mapuberboss_monolith.vworld,5644697,589319
0f670f99b8b29fea,sacredflamearena_01_c11r10.tgm.header,Tiny.V9,28783210,515
939d13e97a4d9dd7,sacredflamearena_01_c11r11.tgm,Streaming/Content/data/balance/worldareas/89/mapuberboss_monolith.vworld,892927,674479
de312e3aae3d53bb,sacredflamearena_01_c11r11.tgm.header,Tiny.V8,28367128,471
2992a5a98c567059,sacredflamearena_01_c11r12.tgm,Tiny.V0,28642504,1225
05d278f2ec90d413,sacredflamearena_01_c11r12.tgm.header,Tiny.V8,28367599,424
b2ba79ec8a69653f,sacredflamearena_01_c11r13.tgm,Tiny.V6,28323316,1303
0df29d0a76ab4041,sacredflamearena_01_c11r13.tgm.header,Tiny.VF,28603351,424
fc5f43cfc662e4b4,sacredflamearena_01_c11r14.tgm,Tiny.V6,28324619,1117
ca3a03b0d158bbb7,sacredflamearena_01_c11r14.tgm.header,Tiny.VA,28535147,424
6811fb9af278d3a2,sacredflamearena_01_c11r15.tgm,Tiny.VD,28360923,955
1293a930c19556f6,sacredflamearena_01_c11r15.tgm.header,Tiny.V2,28443695,424
2550558f69766fdf,sacredflamearena_01_c11r16.tgm,Tiny.V0,28643729,847
aa64bf5a3c58e6de,sacredflamearena_01_c11r16.tgm.header,Tiny.V0,28644576,424
efdae86511ec224f,sacredflamearena_01_c11r17.tgm,Tiny.VA,28535571,739
2424c385a64252f0,sacredflamearena_01_c11r17.tgm.header,Tiny.V0,28645000,424
69c7f79ca8dad93a,sacredflamearena_01_c11r18.tgm,Tiny.V1,28303759,631
32cda6cddd2d75e3,sacredflamearena_01_c11r18.tgm.header,Tiny.VD,28361878,424
17d77649f72a7340,sacredflamearena_01_c10r2.tgm,Streaming/Content/data/balance/worldareas/11/mapuberboss_monolith.vworld,9774666,88593
90d2dacd6555f055,sacredflamearena_01_c10r2.tgm.header,Tiny.VC,28560867,580
7e639c708011c275,sacredflamearena_01_c10r3.tgm,Streaming/Content/data/balance/worldareas/D7/mapuberboss_monolith.vworld,565496,24925
ee86d252ddef34be,sacredflamearena_01_c10r3.tgm.header,Tiny.V5,27894482,580
801d46c21f2dc6a3,sacredflamearena_01_c10r4.tgm,Streaming/Content/data/balance/worldareas/4E/mapuberboss_monolith.vworld,5622590,4983
6281021b02e96392,sacredflamearena_01_c10r4.tgm.header,Tiny.VE,28134619,448
015ccffa90bdafc7,sacredflamearena_01_c10r5.tgm,Streaming/Content/data/worldareas/2D/mapuberboss_monolith.vworld,5592580,4309
89df51c2a52d8bf3,sacredflamearena_01_c10r5.tgm.header,Tiny.V6,28322892,424
547fbc401b0d3d7e,sacredflamearena_01_c10r6.tgm,Tiny.VA,28531566,3157
e0d9750e59201dd3,sacredflamearena_01_c10r6.tgm.header,Tiny.VA,28534723,424
0c8a3c2211f3b823,sacredflamearena_01_c10r7.tgm,Tiny.VF,28599412,3939
8e10568bc5dbaaed,sacredflamearena_01_c10r7.tgm.header,Tiny.VB,28571240,424
66a7c0c458b9fe63,sacredflamearena_01_c10r8.tgm,Streaming/Content/data/worldareas/B9/mapuberboss_monolith.vworld,8388944,7395
4745e94e16368040,sacredflamearena_01_c10r8.tgm.header,Tiny.V1,28303267,492
7913573825b6b7b6,sacredflamearena_01_c10r9.tgm,Streaming/Content/data/balance/worldareas/97/mapuberboss_monolith.vworld,5700639,58905
9875333b9e74201f,sacredflamearena_01_c10r9.tgm.header,Tiny.V3,28059350,668
9ebedf09249b2d4c,sacredflamearena_01_c10r1.tgm,Streaming/Content/data/balance/worldareas/28/g4_8a.vworld,432356,50679
d2c9da87df1de3f9,sacredflamearena_01_c10r1.tgm.header,Tiny.V7,28341463,580
ac683ee8f67e1dcc,sacredflamearena_01_c10r10.tgm,Streaming/Content/data/balance/worldareas/4B/mapport.vworld,490571,103925
5ad475b1a71f2eda,sacredflamearena_01_c10r10.tgm.header,Tiny.V6,28322092,800
fb986aec25525ea7,sacredflamearena_01_c10r11.tgm,Streaming/Content/data/balance/worldareas/6B/mapport.vworld,50151,339425
d5e57c2807134766,sacredflamearena_01_c10r11.tgm.header,Tiny.V4,28627711,844
16b50dff19db2af8,sacredflamearena_01_c10r12.tgm,Streaming/Content/data/worldareas/41/mapuberboss_monolith.vworld,0,892373
3d3e52f2d08c98cf,sacredflamearena_01_c10r12.tgm.header,Tiny.V2,28440872,712
cfc379b1c73f118b,sacredflamearena_01_c10r13.tgm,Streaming/Content/data/balance/worldareas/A6/mapport.vworld,590748,78301
bf557d8ebb8af91f,sacredflamearena_01_c10r13.tgm.header,Tiny.V2,28441584,624
c557acb09b683e27,sacredflamearena_01_c10r14.tgm,Tiny.V2,28442208,1063
d2851be2fde87c6f,sacredflamearena_01_c10r14.tgm.header,Tiny.V2,28443271,424
509c20a8e8fe888b,sacredflamearena_01_c10r15.tgm,Tiny.V4,28628555,955
53e09fce3165323b,sacredflamearena_01_c10r15.tgm.header,Tiny.V4,28629510,424
e0a14c0c72800481,sacredflamearena_01_c10r16.tgm,Tiny.V1,28301681,847
ab39670579e30746,sacredflamearena_01_c10r16.tgm.header,Tiny.V9,28782786,424
e6ce268d8e934222,sacredflamearena_01_c10r17.tgm,Tiny.V1,28302528,739
e7107fcee3a0b8fc,sacredflamearena_01_c10r17.tgm.header,Tiny.V5,27894058,424
82f59afd37e6fc21,sacredflamearena_01_c10r18.tgm,Streaming/Content/data/worldareas/1C/mapuberboss_monolith.vworld,2796364,83261
3ca134176dfe078d,sacredflamearena_01_c10r18.tgm.header,Tiny.VD,28360499,424
9a5ac236c1446cdd,sacredflamearena_01_c1r2.tgm,Streaming/Content/data/balance/worldareas/00/mapuberboss_monolith.vworld,399268,22229
2e8b7f60f8eb6c4f,sacredflamearena_01_c1r2.tgm.header,Tiny.V2,28446843,424
9201d9d268d625ff,sacredflamearena_01_c1r3.tgm,Streaming/Content/data/balance/worldareas/FC/g2_9_1.vworld,326966,19371
42c4a2a7884e382f,sacredflamearena_01_c1r3.tgm.header,Tiny.V7,28342843,424
347e10b1f82a66fd,sacredflamearena_01_c1r4.tgm,Streaming/Content/data/balance/worldareas/A2/g2_9_1.vworld,592386,81045
00364d454ba807c2,sacredflamearena_01_c1r4.tgm.header,Tiny.V9,28784173,624
1e68c57960a29ebc,sacredflamearena_01_c1r5.tgm,Streaming/Content/data/balance/worldareas/2A/mapuberboss_monolith.vworld,14700,780397
d268cb1f6da319c8,sacredflamearena_01_c1r5.tgm.header,Tiny.V6,28327523,668
15fdf9d6582443c4,sacredflamearena_01_c1r6.tgm,Streaming/Content/data/balance/worldareas/3C/mapuberboss_monolith.vworld,5611773,478565
e47806868da8dd5d,sacredflamearena_01_c1r6.tgm.header,Tiny.V2,28447267,624
b4739064ebf3e98d,sacredflamearena_01_c1r7.tgm,Streaming/Content/data/balance/worldareas/4F/mapuberboss_monolith.vworld,3821247,76515
ccb4802a39aa1644,sacredflamearena_01_c1r7.tgm.header,Tiny.V2,28447891,580
2d619a29b071dc0d,sacredflamearena_01_c1r8.tgm,Streaming/Content/data/balance/worldareas/EF/mapuberboss_monolith.vworld,6999533,1447683
a13af10752c1cdd6,sacredflamearena_01_c1r8.tgm.header,Tiny.VB,28572088,1064
536a4830874f303e,sacredflamearena_01_c1r9.tgm,Streaming/Content/data/worldareas/87/mapuberboss_monolith.vworld,0,796283
5725a8dbbf1972b2,sacredflamearena_01_c1r9.tgm.header,Tiny.V1,28305993,515
88c59061e59e8bd2,sacredflamearena_01_c1r1.tgm,Streaming/Content/data/balance/worldareas/9E/mapprecursortowerdesert.vworld,332805,21773
82ba5da31570996d,sacredflamearena_01_c1r1.tgm.header,Tiny.V2,28445571,424
b2f01c6726b93fea,sacredflamearena_01_c1r10.tgm,Streaming/Content/data/worldareas/73/mapuberboss_monolith.vworld,2796364,382205
d435ea4873322f77,sacredflamearena_01_c1r10.tgm.header,Tiny.VF,28605409,471
f25d4974845c7bb4,sacredflamearena_01_c1r11.tgm,Streaming/Content/data/balance/worldareas/85/g2_2.vworld,665817,23441
3ce078579127e4f0,sacredflamearena_01_c1r11.tgm.header,Tiny.V4,28630358,424
30a3e3260f2550a1,sacredflamearena_01_c1r12.tgm,Streaming/Content/data/balance/worldareas/8D/mapuberboss_monolith.vworld,5711189,21597
4892ac6782a15e3b,sacredflamearena_01_c1r12.tgm.header,Tiny.V2,28445995,424
fe9c08d2ddf29cca,sacredflamearena_01_c1r13.tgm,Streaming/Content/data/balance/worldareas/C1/mapmothersoul_male_quest.vworld,386307,18671
678762ce558d3a93,sacredflamearena_01_c1r13.tgm.header,Tiny.VE,28138716,424
c8ea38798a5cfabb,sacredflamearena_01_c1r14.tgm,Streaming/Content/data/balance/worldareas/F4/g2_9_1.vworld,451087,17037
1fc2a47f7faf67c8,sacredflamearena_01_c1r14.tgm.header,Tiny.VE,28139140,424
4efaab87bd123ff9,sacredflamearena_01_c1r15.tgm,Streaming/Content/data/balance/worldareas/F1/mapuberboss_monolith.vworld,1247917,14947
971f7a8bdec5029c,sacredflamearena_01_c1r15.tgm.header,Tiny.V3,28060442,424
fa3a624ae13e02e7,sacredflamearena_01_c1r16.tgm,Streaming/Content/data/balance/worldareas/D2/mapuberboss_ritual.vworld,689814,11985
b688e59e4af015a3,sacredflamearena_01_c1r16.tgm.header,Tiny.VD,28362838,424
041bdf763173bd9e,sacredflamearena_01_c1r17.tgm,Streaming/Content/data/balance/worldareas/D7/mapuberboss_monolith.vworld,590421,8569
0104866e3d2173e6,sacredflamearena_01_c1r17.tgm.header,Tiny.V2,28446419,424
4fedc2463d77560f,sacredflamearena_01_c1r18.tgm,Streaming/Content/data/balance/worldareas/35/g3_1.vworld,220702,282987
d636f094f8ea9a0c,sacredflamearena_01_c1r18.tgm.header,Tiny.V0,28647640,999
1adc5ac3f60fa74b,sacredflame_entrance_01_c9r3.tgm,Tiny.VE,28133204,1415
ad3860fce65eda1d,sacredflame_entrance_01_c9r3.tgm.header,Tiny.V1,28300884,264
a3f92896b448570a,sacredflame_entrance_01_c9r4.tgm,Tiny.V1,28301148,533
41e6e9f991eb9587,sacredflame_entrance_01_c9r4.tgm.header,Tiny.V2,28440608,264
d2de68d9f7bd4147,sacredflame_entrance_01_c9r5.tgm,Streaming/Content/data/balance/worldareas/F1/mapuberboss_monolith.vworld,0,1247917
e55f35e3c7be7c71,sacredflame_entrance_01_c9r5.tgm.header,Tiny.V9,28781463,1323
f90ff7d7be3959e8,sacredflame_entrance_01_c9r6.tgm,Tiny.VC,32537408,57
cb8913ca2b2e3ec3,sacredflame_entrance_01_c9r6.tgm.header,Tiny.V8,31983005,264
a91edfe7d4c0073f,sacredflame_entrance_01_c9r7.tgm,Tiny.VC,32537408,57
1d3bce7704cc8693,sacredflame_entrance_01_c9r7.tgm.header,Tiny.V8,31983005,264
8611ae79e6368e7c,sacredflame_entrance_01_c9r8.tgm,Tiny.VC,32537408,57
069a51016ed3b47c,sacredflame_entrance_01_c9r8.tgm.header,Tiny.V8,31983005,264
714a957f0f38af85,sacredflame_entrance_01_c9r9.tgm,Tiny.VC,32537408,57
3466f882d320cee8,sacredflame_entrance_01_c9r9.tgm.header,Tiny.V8,31983005,264
392b5aa14de3c04c,sacredflame_entrance_01_c9r1.tgm,Tiny.V7,28340114,1349
7d6a08f5c1f26137,sacredflame_entrance_01_c9r1.tgm.header,Tiny.V6,28311837,264
f529a505b3e741b3,sacredflame_entrance_01_c9r10.tgm,Tiny.VC,32537408,57
a1280373aab2d593,sacredflame_entrance_01_c9r10.tgm.header,Tiny.V8,31983005,264
8b02a36209936e6f,sacredflame_entrance_01_c9r11.tgm,Tiny.VC,32537408,57
6ed9df96db707a66,sacredflame_entrance_01_c9r11.tgm.header,Tiny.V8,31983005,264
093154f1b53d6fce,sacredflame_entrance_01_c9r12.tgm,Tiny.VC,32537408,57
a6c21b83da86a444,sacredflame_entrance_01_c9r12.tgm.header,Tiny.V8,31983005,264
d83a71e432bb9af0,sacredflame_entrance_01_c9r13.tgm,Streaming/Content/data/balance/worldareas/94/mapgeode.vworld,374872,14831
780c3097f2e49a17,sacredflame_entrance_01_c9r13.tgm.header,Tiny.VC,28560339,264
4dddd0dbb736f48f,sacredflame_entrance_01_c9r14.tgm,Streaming/Content/data/balance/worldareas/61/mapuberboss_monolith.vworld,5592580,385217
2cdcf96128dd1699,sacredflame_entrance_01_c9r14.tgm.header,Tiny.V3,28057627,1723
2f164a7d29881ae8,sacredflame_entrance_01_c9r15.tgm,Streaming/Content/data/balance/worldareas/5D/mapuberboss_monolith.vworld,1502705,6497
5f3dae052e9590c9,sacredflame_entrance_01_c9r15.tgm.header,Tiny.V9,28781199,264
5c8e9e6c4555fbc4,sacredflame_entrance_01_c9r16.tgm,Streaming/Content/data/balance/worldareas/0F/mapuberboss_monolith.vworld,3602637,4423
a7eda496e48f645e,sacredflame_entrance_01_c9r16.tgm.header,Tiny.VB,28570712,264
e574e2a9cfc7ca83,sacredflame_entrance_01_c9r17.tgm,Streaming/Content/data/balance/worldareas/9B/mapuberboss_monolith.vworld,2421671,4423
b8260ce2263c69b8,sacredflame_entrance_01_c9r17.tgm.header,Tiny.V0,28641552,264
f44a4adac29a9840,sacredflame_entrance_01_c9r18.tgm,Streaming/Content/data/balance/worldareas/AE/mapmothersoul_male_quest.vworld,391386,4281
c1efbc2306d34e3d,sacredflame_entrance_01_c9r18.tgm.header,Tiny.V6,28321828,264
5a7db342f8023d11,sacredflame_entrance_01_c9r19.tgm,Streaming/Content/data/balance/worldareas/00/mapuberboss_monolith.vworld,19282,4503
070a78194a7e2353,sacredflame_entrance_01_c9r19.tgm.header,Tiny.VA,28531038,264
2e1d5d00b0c33b59,sacredflame_entrance_01_c9r2.tgm,Tiny.V8,28366157,971
3bd3e3d459ca8462,sacredflame_entrance_01_c9r2.tgm.header,Tiny.V5,27886949,264
df3502aca09edb44,sacredflame_entrance_01_c9r20.tgm,Streaming/Content/data/balance/worldareas/E5/g2_9_1.vworld,483764,5905
d222989f96d30bee,sacredflame_entrance_01_c9r20.tgm.header,Tiny.V2,28440344,264
1c2b51d5a34d75e0,sacredflame_entrance_01_c9r21.tgm,Streaming/Content/data/balance/worldareas/C8/mapuberboss_monolith.vworld,5610156,6087
b8896d5c4f1718a1,sacredflame_entrance_01_c9r21.tgm.header,Tiny.VF,28599148,264
17340e2bf087f1ea,sacredflame_entrance_01_c9r22.tgm,Streaming/Content/data/balance/worldareas/6A/mapgreenhouse.vworld,593220,6375
364b2008cb24657e,sacredflame_entrance_01_c9r22.tgm.header,Tiny.VB,28570976,264
74850328791bd0a9,sacredflame_entrance_01_c9r23.tgm,Streaming/Content/data/balance/worldareas/C1/mapmothersoul_male_quest.vworld,380768,5539
b2c2f92c74cec9e1,sacredflame_entrance_01_c9r23.tgm.header,Tiny.V4,28627447,264
2dac0b0aeaf8abd0,sacredflame_entrance_01_c9r24.tgm,Streaming/Content/data/balance/worldareas/E9/mapuberboss_monolith.vworld,1525569,138419
de37612e11b5f6d8,sacredflame_entrance_01_c9r24.tgm.header,Tiny.VE,28132841,363
046dc014308d5893,sacredflame_entrance_01_c9r25.tgm,Streaming/Content/data/balance/worldareas/CB/g2_9_1.vworld,430687,7991
270ad4563ce368af,sacredflame_entrance_01_c9r25.tgm.header,Tiny.VC,28560603,264
ec701ad52bbc402e,sacredflame_entrance_01_c9r26.tgm,Streaming/Content/data/balance/worldareas/AA/mapuniquereactor_01.vworld,671576,9761
ac0cae133c2183a1,sacredflame_entrance_01_c9r26.tgm.header,Tiny.V0,28641816,264
967bf149ef1f04f3,sacredflame_entrance_01_c9r27.tgm,Streaming/Content/data/balance/worldareas/52/mapuberboss_monolith.vworld,7471,18203
933c04055d321bd0,sacredflame_entrance_01_c9r27.tgm.header,Tiny.VA,28531302,264
e33e57937a53e9cb,sacredflame_entrance_01_c8r3.tgm,Tiny.V3,28056764,863
95a28e4d571983ca,sacredflame_entrance_01_c8r3.tgm.header,Tiny.VC,28560075,264
51e33232ceb27f1a,sacredflame_entrance_01_c8r4.tgm,Tiny.VC,32537408,57
e221e17d45a3e2aa,sacredflame_entrance_01_c8r4.tgm.header,Tiny.V8,31983005,264
64fa5849081af061,sacredflame_entrance_01_c8r5.tgm,Tiny.VC,32537408,57
99179ade6bb668b1,sacredflame_entrance_01_c8r5.tgm.header,Tiny.V8,31983005,264
9ea85820df1fb3f8,sacredflame_entrance_01_c8r6.tgm,Tiny.VC,32537408,57
5891ef5321a16285,sacredflame_entrance_01_c8r6.tgm.header,Tiny.V8,31983005,264
0b2df73f27051e53,sacredflame_entrance_01_c8r7.tgm,Tiny.VC,32537408,57
db8f497d57984ac3,sacredflame_entrance_01_c8r7.tgm.header,Tiny.V8,31983005,264
8402d2d251a281bc,sacredflame_entrance_01_c8r8.tgm,Tiny.VC,32537408,57
4abe61a1b31c96d7,sacredflame_entrance_01_c8r8.tgm.header,Tiny.V8,31983005,264
e07ab080c06f6b2f,sacredflame_entrance_01_c8r9.tgm,Tiny.VC,32537408,57
3afcf424ea2f3cba,sacredflame_entrance_01_c8r9.tgm.header,Tiny.V8,31983005,264
d7a9ea21591b2068,sacredflame_entrance_01_c8r1.tgm,Tiny.V4,28625613,1025
9810856262c3a225,sacredflame_entrance_01_c8r1.tgm.header,Tiny.VD,28360235,264
ae7755062a1dcfbd,sacredflame_entrance_01_c8r10.tgm,Tiny.VC,32537408,57
b9fecf2b73cf2c48,sacredflame_entrance_01_c8r10.tgm.header,Tiny.V8,31983005,264
57909ad1e6a16238,sacredflame_entrance_01_c8r11.tgm,Tiny.VC,32537408,57
47e925619470be37,sacredflame_entrance_01_c8r11.tgm.header,Tiny.V8,31983005,264
58273ac884a46aa0,sacredflame_entrance_01_c8r12.tgm,Tiny.VC,32537408,57
0123d49e3ec1a52d,sacredflame_entrance_01_c8r12.tgm.header,Tiny.V8,31983005,264
0721cd08b4545067,sacredflame_entrance_01_c8r13.tgm,Streaming/Content/data/balance/worldareas/34/mapuberboss_monolith.vworld,401721,361115
5037d5f57de4e08b,sacredflame_entrance_01_c8r13.tgm.header,Tiny.VE,28131054,1523
8f0805b28a2e601d,sacredflame_entrance_01_c8r14.tgm,Streaming/Content/data/balance/worldareas/E9/mapuberboss_monolith.vworld,787206,738363
0bbb45e02fff7d87,sacredflame_entrance_01_c8r14.tgm.header,Tiny.VC,28557112,2963
0a33cd5bfeef29ab,sacredflame_entrance_01_c8r15.tgm,Streaming/Content/data/balance/worldareas/3C/mapuberboss_monolith.vworld,5605644,6129
68abff44fe6479ef,sacredflame_entrance_01_c8r15.tgm.header,Tiny.V3,28056500,264
6ae118ee2ea2b66a,sacredflame_entrance_01_c8r16.tgm,Tiny.VF,28595445,3439
00faa3b9cbcbaeeb,sacredflame_entrance_01_c8r16.tgm.header,Tiny.VF,28598884,264
ee7d3712a4439c7f,sacredflame_entrance_01_c8r17.tgm,Streaming/Content/data/balance/worldareas/B2/expeditionsubarea_blackknightboss.vworld,561492,5565
3b8c85fab6099513,sacredflame_entrance_01_c8r17.tgm.header,Tiny.VE,28132577,264
c6126b1aca1c622a,sacredflame_entrance_01_c8r18.tgm,Tiny.V8,28362144,3749
40edba685a97be2c,sacredflame_entrance_01_c8r18.tgm.header,Tiny.V2,28439552,264
e8c359e95565859c,sacredflame_entrance_01_c8r19.tgm,Tiny.V9,28776934,4001
a7e816fd7370824b,sacredflame_entrance_01_c8r19.tgm.header,Tiny.V8,28365893,264
f517c1dc95bfa530,sacredflame_entrance_01_c8r2.tgm,Tiny.V4,28626638,809
6f8601b0f9df1f7b,sacredflame_entrance_01_c8r2.tgm.header,Tiny.VB,28570448,264
f458bc2c32840f30,sacredflame_entrance_01_c8r20.tgm,Streaming/Content/data/balance/worldareas/B5/g4_8a.vworld,438228,5781
137b96a8393f000c,sacredflame_entrance_01_c8r20.tgm.header,Tiny.V9,28780935,264
38b5570413874313,sacredflame_entrance_01_c8r21.tgm,Streaming/Content/data/balance/worldareas/1A/mapmothersoul_male_quest.vworld,556264,6641
d5add8721ffe22d7,sacredflame_entrance_01_c8r21.tgm.header,Tiny.VA,28530774,264
0969f0013d4eb0a7,sacredflame_entrance_01_c8r22.tgm,Streaming/Content/data/balance/worldareas/F5/mapuberboss_monolith.vworld,1466640,6641
d712e610ab6b03a3,sacredflame_entrance_01_c8r22.tgm.header,Tiny.V6,28321300,264
018ace09b785e09b,sacredflame_entrance_01_c8r23.tgm,Streaming/Content/data/balance/worldareas/05/mapuberboss_monolith.vworld,5597903,5153
8adc9d43a4f35e3c,sacredflame_entrance_01_c8r23.tgm.header,Tiny.V6,28321564,264
0ef3b23e2ca915b4,sacredflame_entrance_01_c8r24.tgm,Streaming/Content/data/balance/worldareas/55/mapport.vworld,309033,7551
38bf799a2d270867,sacredflame_entrance_01_c8r24.tgm.header,Tiny.V1,28300356,264
354f2263aad856e2,sacredflame_entrance_01_c8r25.tgm,Streaming/Content/data/balance/worldareas/FD/mapuberboss_monolith.vworld,2861601,9155
14042942d6c70f67,sacredflame_entrance_01_c8r25.tgm.header,Tiny.V2,28439816,264
e8a7786f78a8fba5,sacredflame_entrance_01_c8r26.tgm,Streaming/Content/data/balance/worldareas/D6/mapuberboss_monolith.vworld,1286771,6771
694f5a4f47592258,sacredflame_entrance_01_c8r26.tgm.header,Tiny.V2,28440080,264
e65673c48c48f274,sacredflame_entrance_01_c8r27.tgm,Streaming/Content/data/balance/worldareas/45/g4_8a.vworld.1,348373,17671
b1ac70194852e08f,sacredflame_entrance_01_c8r27.tgm.header,Tiny.V1,28300620,264
1834b1f056659f0c,sacredflame_entrance_01_c7r3.tgm,Tiny.V1,28299157,1199
550afa1d5988c5fe,sacredflame_entrance_01_c7r3.tgm.header,Tiny.V7,28339850,264
9b744f95f78b86f5,sacredflame_entrance_01_c7r4.tgm,Tiny.VC,32537408,57
b41ee71f9af31a3d,sacredflame_entrance_01_c7r4.tgm.header,Tiny.V8,31983005,264
1ef483b00332f46d,sacredflame_entrance_01_c7r5.tgm,Tiny.VC,32537408,57
c30d631fecdd2187,sacredflame_entrance_01_c7r5.tgm.header,Tiny.V8,31983005,264
4240b8d4afc72036,sacredflame_entrance_01_c7r6.tgm,Tiny.VC,32537408,57
ca75ead7545e86de,sacredflame_entrance_01_c7r6.tgm.header,Tiny.V8,31983005,264
0d90cfc583b662ba,sacredflame_entrance_01_c7r7.tgm,Tiny.VD,28357356,2879
0cebe38287a046e8,sacredflame_entrance_01_c7r7.tgm.header,Tiny.VF,28595181,264
fbf937c008dd32de,sacredflame_entrance_01_c7r8.tgm,Tiny.V0,28638733,2819
7d8e2353fd610447,sacredflame_entrance_01_c7r8.tgm.header,Tiny.V9,28776670,264
650a5f47a4cc7453,sacredflame_entrance_01_c7r9.tgm,Tiny.VB,28567897,2287
a64919f903292d9a,sacredflame_entrance_01_c7r9.tgm.header,Tiny.VB,28570184,264
0d28ba16128888f1,sacredflame_entrance_01_c7r1.tgm,Tiny.VC,28553953,2009
748112834f0d08f3,sacredflame_entrance_01_c7r1.tgm.header,Tiny.V0,28638469,264
2ca90d59c9c357b9,sacredflame_entrance_01_c7r10.tgm,Tiny.V6,28318093,2943
648aaefd7b7382ff,sacredflame_entrance_01_c7r10.tgm.header,Tiny.V4,28625349,264
a57cd4024101cd1a,sacredflame_entrance_01_c7r11.tgm,Tiny.V1,28296082,2547
b021271a206a2598,sacredflame_entrance_01_c7r11.tgm.header,Tiny.VE,28130790,264
c78a7bffa0568fbd,sacredflame_entrance_01_c7r12.tgm,Streaming/Content/data/balance/worldareas/0D/mapuberboss_monolith.vworld,8403148,70263
ab169d5e5101b3ad,sacredflame_entrance_01_c7r12.tgm.header,Tiny.V3,28055593,643
3e76a93a35846af5,sacredflame_entrance_01_c7r13.tgm,Streaming/Content/data/balance/worldareas/F5/mapuberboss_monolith.vworld,1082809,383831
3c384543154c7608,sacredflame_entrance_01_c7r13.tgm.header,Tiny.V7,28338287,1563
f14532d1891b42fa,sacredflame_entrance_01_c7r14.tgm,Streaming/Content/data/balance/worldareas/7D/mapuberboss_delirium.vworld,271451,111211
0b0409c7398fc137,sacredflame_entrance_01_c7r14.tgm.header,Tiny.V9,28775987,683
2aa5b2b78597b2d2,sacredflame_entrance_01_c7r15.tgm,Streaming/Content/data/balance/worldareas/F8/g4_8a.vworld.1,544388,6053
5e9bb836ab28db56,sacredflame_entrance_01_c7r15.tgm.header,Tiny.V1,28298629,264
a2d7a45546e25371,sacredflame_entrance_01_c7r16.tgm,Streaming/Content/data/balance/worldareas/02/mapuberboss_monolith.vworld,0,3995727
9c4f730538124d92,sacredflame_entrance_01_c7r16.tgm.header,Tiny.V5,27890575,3483
ad35ece60d34475c,sacredflame_entrance_01_c7r17.tgm,Streaming/Content/data/balance/worldareas/B0/mapuberboss_delirium.vworld,575593,10693
702180d421ec727c,sacredflame_entrance_01_c7r17.tgm.header,Tiny.VA,28530510,264
de80d2e568c3d71f,sacredflame_entrance_01_c7r18.tgm,Streaming/Content/data/balance/worldareas/0A/mapuberboss_monolith.vworld,310746,1193701
d358b8a01c4814b7,sacredflame_entrance_01_c7r18.tgm.header,Tiny.V2,28437941,1083
080687c4604fab39,sacredflame_entrance_01_c7r19.tgm,Streaming/Content/data/balance/worldareas/F0/mapuberboss_monolith.vworld,32402,117127
e65b72faeda03cf3,sacredflame_entrance_01_c7r19.tgm.header,Tiny.VC,28555962,323
a5acda97051fde34,sacredflame_entrance_01_c7r2.tgm,Streaming/Content/data/balance/worldareas/B4/mapuberboss_monolith.vworld,0,584319
3e146d875205852d,sacredflame_entrance_01_c7r2.tgm.header,Tiny.VC,28556285,563
2f8c8c6e4163834f,sacredflame_entrance_01_c7r20.tgm,Streaming/Content/data/balance/worldareas/AF/mapuberboss_monolith.vworld,0,5963
771fa5d451552a8e,sacredflame_entrance_01_c7r20.tgm.header,Tiny.V2,28439024,264
952adfaf95ec62e1,sacredflame_entrance_01_c7r21.tgm,Streaming/Content/data/balance/worldareas/35/g3_1.vworld,214309,6393
d14cec50227d61c4,sacredflame_entrance_01_c7r21.tgm.header,Tiny.V6,28321036,264
2a72259c71b41583,sacredflame_entrance_01_c7r22.tgm,Streaming/Content/data/balance/worldareas/B2/expeditionsubarea_blackknightboss.vworld,554727,6765
192e66da2629b923,sacredflame_entrance_01_c7r22.tgm.header,Tiny.VF,28594917,264
0045c904258b4281,sacredflame_entrance_01_c7r23.tgm,Streaming/Content/data/balance/worldareas/E5/g2_9_1.vworld,478027,5737
5402a9588f4c92a2,sacredflame_entrance_01_c7r23.tgm.header,Tiny.V1,28298893,264
c5f1ce48338575a3,sacredflame_entrance_01_c7r24.tgm,Streaming/Content/data/balance/worldareas/D2/mapuberboss_ritual.vworld,682499,7315
4f369d7a7837ae6d,sacredflame_entrance_01_c7r24.tgm.header,Tiny.V3,28056236,264
5fd00e29379f7175,sacredflame_entrance_01_c7r25.tgm,Streaming/Content/data/balance/worldareas/04/mapuberboss_monolith.vworld,5620477,11743
e9687166897cd3ed,sacredflame_entrance_01_c7r25.tgm.header,Tiny.V8,28361880,264
a3366b51f210214b,sacredflame_entrance_01_c7r26.tgm,Streaming/Content/data/balance/worldareas/27/mapuberboss_monolith.vworld,1026138,9185
61609e5fc5ce0dd5,sacredflame_entrance_01_c7r26.tgm.header,Tiny.V2,28439288,264
82455cdd09eb7cb7,sacredflame_entrance_01_c7r27.tgm,Streaming/Content/data/balance/worldareas/6F/mapmothersoul_male_quest.vworld,444166,18209
1a2408bfeab6f8cf,sacredflame_entrance_01_c7r27.tgm.header,Tiny.VC,28556848,264
c982687f0a207d7b,sacredflame_entrance_01_c6r3.tgm,Tiny.V7,28337208,1079
fb8ded87ddb39688,sacredflame_entrance_01_c6r3.tgm.header,Tiny.VA,28530246,264
b2299a8561618a9f,sacredflame_entrance_01_c6r4.tgm,Streaming/Content/data/balance/worldareas/91/mapuberboss_monolith.vworld,7989,4615625
d2215700c91a3467,sacredflame_entrance_01_c6r4.tgm.header,Content/data/balance/worldareas/mapuberboss_monolith.vworld,1662708,4643
6e7b82b7f88bfff4,sacredflame_entrance_01_c6r5.tgm,Tiny.VC,32537408,57
14cb394f8d31d881,sacredflame_entrance_01_c6r5.tgm.header,Tiny.V8,31983005,264
58e77603fe00bf3f,sacredflame_entrance_01_c6r6.tgm,Tiny.VC,32537408,57
620062a9b03d972f,sacredflame_entrance_01_c6r6.tgm.header,Tiny.V8,31983005,264
deb9c0d318a6364e,sacredflame_entrance_01_c6r7.tgm,Tiny.V9,28772072,3651
84ffb469e84ddc83,sacredflame_entrance_01_c6r7.tgm.header,Tiny.V9,28775723,264
e4c382b0a74befb8,sacredflame_entrance_01_c6r8.tgm,Tiny.V4,28621274,4075
011ae4c4ffaf07f7,sacredflame_entrance_01_c6r8.tgm.header,Tiny.V2,28437677,264
3b198ffa9b8e234c,sacredflame_entrance_01_c6r9.tgm,Tiny.VF,28590954,3963
e5723fb204de3935,sacredflame_entrance_01_c6r9.tgm.header,Tiny.V0,28638205,264
0451caf0eaece25b,sacredflame_entrance_01_c6r1.tgm,Tiny.VD,28350570,2375
2f1946fa9c6d9ac3,sacredflame_entrance_01_c6r1.tgm.header,Tiny.V0,28637941,264
152d6bc490b4570a,sacredflame_entrance_01_c6r10.tgm,Streaming/Content/data/balance/worldareas/EE/mapuberboss_monolith.vworld,5616953,411383
766c0850f17f799e,sacredflame_entrance_01_c6r10.tgm.header,Tiny.V9,28771125,683
be45fbf913b88985,sacredflame_entrance_01_c6r11.tgm,Tiny.VB,28564508,3389
3b227ce0c9448214,sacredflame_entrance_01_c6r11.tgm.header,Tiny.V7,28336152,264
c5586964d3fff072,sacredflame_entrance_01_c6r12.tgm,Tiny.VD,28352945,3883
ca2cc82a28071c19,sacredflame_entrance_01_c6r12.tgm.header,Tiny.VC,28553689,264
a5055bcea55405e6,sacredflame_entrance_01_c6r13.tgm,Streaming/Content/data/balance/worldareas/27/mapuberboss_monolith.vworld,1018295,7843
659e3b7b7b279976,sacredflame_entrance_01_c6r13.tgm.header,Tiny.V8,28360009,264
8acd6df7d43628e0,sacredflame_entrance_01_c6r14.tgm,Streaming/Content/data/balance/worldareas/F7/g4_8a.vworld,204468,9217
b2845cdc21d8419d,sacredflame_entrance_01_c6r14.tgm.header,Tiny.VA,28529982,264
aebb0daf5b802b68,sacredflame_entrance_01_c6r15.tgm,Streaming/Content/data/balance/worldareas/2F/mapuberboss_delirium.vworld,469004,6111
8051bf4746e8cebf,sacredflame_entrance_01_c6r15.tgm.header,Tiny.V9,28771808,264
feb2237587141ee0,sacredflame_entrance_01_c6r16.tgm,Streaming/Content/data/balance/worldareas/77/mapuberboss_delirium.vworld,550259,5533
aeda9ba2425561f6,sacredflame_entrance_01_c6r16.tgm.header,Tiny.V1,28295818,264
eafd9dd0ce5b9ec3,sacredflame_entrance_01_c6r17.tgm,Streaming/Content/data/balance/worldareas/92/mapmothersoul_male_quest.vworld,418925,10347
444da390f4084bdf,sacredflame_entrance_01_c6r17.tgm.header,Tiny.V7,28336416,264
99283ae32b73dbbd,sacredflame_entrance_01_c6r18.tgm,Streaming/Content/data/balance/worldareas/56/g4_8a.vworld,464280,8629
1bb35f11fcddfba6,sacredflame_entrance_01_c6r18.tgm.header,Tiny.V3,28055329,264
61fb65b80f00e840,sacredflame_entrance_01_c6r19.tgm,Streaming/Content/data/balance/worldareas/E0/mapmothersoul_male_quest.vworld,362540,6517
78797b01be765dbc,sacredflame_entrance_01_c6r19.tgm.header,Tiny.V7,28336680,264
225f5c301ff0de82,sacredflame_entrance_01_c6r2.tgm,Tiny.V8,28360273,1079
30743a1bc11d0348,sacredflame_entrance_01_c6r2.tgm.header,Tiny.VD,28356828,264
a24335d8d2b96348,sacredflame_entrance_01_c6r20.tgm,Streaming/Content/data/balance/worldareas/4C/mapgeode.vworld,444665,6195
250a20966cb0e932,sacredflame_entrance_01_c6r20.tgm.header,Tiny.V7,28336944,264
5f072ff3d15cb8f5,sacredflame_entrance_01_c6r21.tgm,Streaming/Content/data/balance/worldareas/44/mapuberboss_monolith.vworld,0,1009633
df61414651d61075,sacredflame_entrance_01_c6r21.tgm.header,Tiny.VE,28129867,923
6245a771b9ac36e2,sacredflame_entrance_01_c6r22.tgm,Streaming/Content/data/balance/worldareas/30/mapuberboss_monolith.vworld,182256,1929161
b4720d64452c15a1,sacredflame_entrance_01_c6r22.tgm.header,Tiny.V5,27889132,1443
266146e3eb67e15f,sacredflame_entrance_01_c6r23.tgm,Streaming/Content/data/balance/worldareas/D0/mapuberboss_ritual.vworld,557852,5991
4a57a4b0f417141d,sacredflame_entrance_01_c6r23.tgm.header,Tiny.VD,28357092,264
5d3f51588c9e6a4f,sacredflame_entrance_01_c6r24.tgm,Streaming/Content/data/balance/worldareas/5C/mapport.vworld,574719,8559
3f90759cdc8ee37d,sacredflame_entrance_01_c6r24.tgm.header,Tiny.V2,28437413,264
3ac4ac5f074b7a3a,sacredflame_entrance_01_c6r25.tgm,Streaming/Content/data/balance/worldareas/01/mapuberboss_monolith.vworld,8388944,9369
c2fece5366282281,sacredflame_entrance_01_c6r25.tgm.header,Tiny.V8,28361352,264
bce138fe6d9974d9,sacredflame_entrance_01_c6r26.tgm,Streaming/Content/data/balance/worldareas/C2/mapuberboss_monolith.vworld,5605354,7083
f63a4ff727ea0314,sacredflame_entrance_01_c6r26.tgm.header,Tiny.V4,28621010,264
04229f0d737fcde5,sacredflame_entrance_01_c6r27.tgm,Streaming/Content/data/balance/worldareas/90/mapgeode.vworld,326748,21423
8b3bfc305792b5c8,sacredflame_entrance_01_c6r27.tgm.header,Tiny.V8,28361616,264
e2261616315df311,sacredflame_entrance_01_c5r3.tgm,Streaming/Content/data/balance/worldareas/4A/mapuberboss_monolith.vworld,2808658,11201
5a79cfe901225916,sacredflame_entrance_01_c5r3.tgm.header,Tiny.VF,28590690,264
47dac02624603d15,sacredflame_entrance_01_c5r4.tgm,Tiny.VC,32537408,57
2c3e215598f019f6,sacredflame_entrance_01_c5r4.tgm.header,Tiny.V8,31983005,264
8e82ba06f970ad77,sacredflame_entrance_01_c5r5.tgm,Tiny.VC,32537408,57
0ce20327ba96ee70,sacredflame_entrance_01_c5r5.tgm.header,Tiny.V8,31983005,264
faba36a1c862fb8e,sacredflame_entrance_01_c5r6.tgm,Tiny.VC,32537408,57
c117f853478e14f0,sacredflame_entrance_01_c5r6.tgm.header,Tiny.V8,31983005,264
3f745e73c10d2cfe,sacredflame_entrance_01_c5r7.tgm,Tiny.VC,32537408,57
a874f77e57f9083d,sacredflame_entrance_01_c5r7.tgm.header,Tiny.V8,31983005,264
629d229e842026af,sacredflame_entrance_01_c5r8.tgm,Tiny.VC,32537408,57
6a8eb27dd9b309b4,sacredflame_entrance_01_c5r8.tgm.header,Tiny.V8,31983005,264
d95b8479020b88d5,sacredflame_entrance_01_c5r9.tgm,Tiny.VC,32537408,57
8ca8d49b62d1be10,sacredflame_entrance_01_c5r9.tgm.header,Tiny.V8,31983005,264
a012743b46e893f5,sacredflame_entrance_01_c5r1.tgm,Tiny.V6,28316096,1997
4a5edd57b4119ff6,sacredflame_entrance_01_c5r1.tgm.header,Tiny.V7,28335360,264
1d1a85ecfe8636e7,sacredflame_entrance_01_c5r10.tgm,Tiny.VC,32537408,57
acdf45ea060a31d9,sacredflame_entrance_01_c5r10.tgm.header,Tiny.V8,31983005,264
71740e7446be85c2,sacredflame_entrance_01_c5r11.tgm,Tiny.VC,32537408,57
5d9caed6673132a8,sacredflame_entrance_01_c5r11.tgm.header,Tiny.V8,31983005,264
82d53472d866bf4a,sacredflame_entrance_01_c5r12.tgm,Tiny.VC,32537408,57
798d51c76bf028b1,sacredflame_entrance_01_c5r12.tgm.header,Tiny.V8,31983005,264
02a22ba9d519e91f,sacredflame_entrance_01_c5r13.tgm,Streaming/Content/data/balance/worldareas/18/mapuberboss_monolith.vworld,2796364,19899
7c63c534647d7363,sacredflame_entrance_01_c5r13.tgm.header,Tiny.V9,28766662,264
9e08b4cfaf922c65,sacredflame_entrance_01_c5r14.tgm,Streaming/Content/data/balance/worldareas/99/mapuberboss_monolith.vworld,1513401,17705
543f3c241706b249,sacredflame_entrance_01_c5r14.tgm.header,Tiny.V0,28633804,264
45f4d470f87ff71a,sacredflame_entrance_01_c5r15.tgm,Streaming/Content/data/balance/worldareas/7F/mapuberboss_ritual.vworld,360421,6181
2624a14172e79178,sacredflame_entrance_01_c5r15.tgm.header,Tiny.V7,28335624,264
6b93d2ab19a62e04,sacredflame_entrance_01_c5r16.tgm,Streaming/Content/data/balance/worldareas/14/mapuberboss_ritual.vworld,341716,4299
c0ba5644e012557f,sacredflame_entrance_01_c5r16.tgm.header,Tiny.VB,28563980,264
d1aae7babae13c22,sacredflame_entrance_01_c5r17.tgm,Streaming/Content/data/balance/worldareas/63/mapmothersoul_male_quest.vworld,399415,5471
980f6a1d54e63928,sacredflame_entrance_01_c5r17.tgm.header,Tiny.V7,28335888,264
c812b35b9a96818c,sacredflame_entrance_01_c5r18.tgm,Tiny.V0,28634068,3873
6c5b06fa5139ec1b,sacredflame_entrance_01_c5r18.tgm.header,Tiny.V1,28295290,264
1a766fb4c261c3fc,sacredflame_entrance_01_c5r19.tgm,Tiny.V9,28766926,3935
46ef2d21d0ffd9c9,sacredflame_entrance_01_c5r19.tgm.header,Tiny.V3,28055065,264
aec2b14892fb4596,sacredflame_entrance_01_c5r2.tgm,Tiny.VD,28349329,1241
a182cfa4ede55ae9,sacredflame_entrance_01_c5r2.tgm.header,Tiny.VA,28521675,264
a6da4f3db25e866b,sacredflame_entrance_01_c5r20.tgm,Streaming/Content/data/balance/worldareas/0F/mapuberboss_monolith.vworld,3596998,5639
a9b448fdfdc3c830,sacredflame_entrance_01_c5r20.tgm.header,Tiny.V8,28359745,264
2d5dce6402150b0f,sacredflame_entrance_01_c5r21.tgm,Streaming/Content/data/balance/worldareas/C9/g4_8a.vworld,552159,6131
0f9952839781c627,sacredflame_entrance_01_c5r21.tgm.header,Tiny.VB,28564244,264
3cf14111b0398e91,sacredflame_entrance_01_c5r22.tgm,Streaming/Content/data/balance/worldareas/0B/mapuberboss_monolith.vworld,1835408,6929
4ec4b960a6361b7b,sacredflame_entrance_01_c5r22.tgm.header,Tiny.V9,28770861,264
f03813907a4b9162,sacredflame_entrance_01_c5r23.tgm,Streaming/Content/data/balance/worldareas/89/mapuberboss_monolith.vworld,885882,7045
5b7970acf28a7a25,sacredflame_entrance_01_c5r23.tgm.header,Tiny.V4,28620482,264
0816be00a8b54067,sacredflame_entrance_01_c5r24.tgm,Streaming/Content/data/balance/worldareas/9A/mapport.vworld.1,464437,4769
87e4749f917957f4,sacredflame_entrance_01_c5r24.tgm.header,Tiny.VF,28590426,264
4a4a33d2031ca37c,sacredflame_entrance_01_c5r25.tgm,Streaming/Content/data/balance/worldareas/21/mapuberboss_monolith.vworld,5638110,6587
237e2b96ed94f759,sacredflame_entrance_01_c5r25.tgm.header,Tiny.V4,28620746,264
2dfc57a5b629420c,sacredflame_entrance_01_c5r26.tgm,Streaming/Content/data/balance/worldareas/F2/mapport.vworld,367316,9211
e5938b7ca56850d2,sacredflame_entrance_01_c5r26.tgm.header,Tiny.V2,28437149,264
6ace5990ce697af6,sacredflame_entrance_01_c5r27.tgm,Streaming/Content/data/balance/worldareas/46/mapuberboss_monolith.vworld,1433114,18285
86af9d64027de5e1,sacredflame_entrance_01_c5r27.tgm.header,Tiny.V1,28295554,264
706b0389a094a8b9,sacredflame_entrance_01_c4r3.tgm,Tiny.VF,28588849,1577
d65993af30d0d2c6,sacredflame_entrance_01_c4r3.tgm.header,Tiny.V3,28054801,264
0a72cfeb0da22f9e,sacredflame_entrance_01_c4r4.tgm,Tiny.V6,28313704,749
8d752619e3520377,sacredflame_entrance_01_c4r4.tgm.header,Tiny.V2,28436885,264
232be7e224ee36ac,sacredflame_entrance_01_c4r5.tgm,Streaming/Content/data/balance/worldareas/5D/mapuberboss_monolith.vworld,47178,1455527
39a5fee69825f627,sacredflame_entrance_01_c4r5.tgm.header,Tiny.V6,28314453,1643
1ebffab0bc36006c,sacredflame_entrance_01_c4r6.tgm,Tiny.VC,32537408,57
7fc830df5ffb85bf,sacredflame_entrance_01_c4r6.tgm.header,Tiny.V8,31983005,264
b7c85220d23a30a6,sacredflame_entrance_01_c4r7.tgm,Tiny.VC,32537408,57
75f74280039c7f8d,sacredflame_entrance_01_c4r7.tgm.header,Tiny.V8,31983005,264
78465398153df051,sacredflame_entrance_01_c4r8.tgm,Tiny.VC,32537408,57
88654e97b52d03a3,sacredflame_entrance_01_c4r8.tgm.header,Tiny.V8,31983005,264
66b5a9ac6526abf6,sacredflame_entrance_01_c4r9.tgm,Tiny.VC,32537408,57
5b9b7c01682611df,sacredflame_entrance_01_c4r9.tgm.header,Tiny.V8,31983005,264
e239563eaa28ab29,sacredflame_entrance_01_c4r1.tgm,Streaming/Content/data/balance/worldareas/B3/mapuberboss_monolith.vworld,0,3758575
2a8bc4777abad565,sacredflame_entrance_01_c4r1.tgm.header,Tiny.V4,28617879,2603
be92ac93c49bda9e,sacredflame_entrance_01_c4r10.tgm,Tiny.VC,32537408,57
e1fab40556b8fd70,sacredflame_entrance_01_c4r10.tgm.header,Tiny.V8,31983005,264
0caa45a68220c039,sacredflame_entrance_01_c4r11.tgm,Tiny.VC,32537408,57
52b17197eec44d9c,sacredflame_entrance_01_c4r11.tgm.header,Tiny.V8,31983005,264
d3c567209d4bc8dc,sacredflame_entrance_01_c4r12.tgm,Tiny.VC,32537408,57
6f7c42c687662cfd,sacredflame_entrance_01_c4r12.tgm.header,Tiny.V8,31983005,264
bce9770c5c52c71f,sacredflame_entrance_01_c4r13.tgm,Streaming/Content/data/balance/worldareas/F8/g4_8a.vworld.1,534855,9533
32ea15097426f166,sacredflame_entrance_01_c4r13.tgm.header,Tiny.V1,28295026,264
a414d59bd1fc1271,sacredflame_entrance_01_c4r14.tgm,Streaming/Content/data/balance/worldareas/B0/mapuberboss_delirium.vworld,556892,18701
9b3d4eabd60bc31f,sacredflame_entrance_01_c4r14.tgm.header,Tiny.V6,28312629,283
8b59a742835173af,sacredflame_entrance_01_c4r15.tgm,Streaming/Content/data/balance/worldareas/39/mapuberboss_monolith.vworld,1421647,8489
42a77da2c017e765,sacredflame_entrance_01_c4r15.tgm.header,Tiny.V9,28766134,264
e049c9ce9c236e5f,sacredflame_entrance_01_c4r16.tgm,Streaming/Content/data/balance/worldareas/20/mapuberboss_monolith.vworld,4419054,6939
69d067ce2968ef38,sacredflame_entrance_01_c4r16.tgm.header,Tiny.VE,28129603,264
be53bdf5ea2b27b8,sacredflame_entrance_01_c4r17.tgm,Streaming/Content/data/balance/worldareas/FB/mapprecursortowerdesert.vworld,500492,122489
e85841091fae0261,sacredflame_entrance_01_c4r17.tgm.header,Tiny.V8,28356515,403
04f6255d6bf4cb86,sacredflame_entrance_01_c4r18.tgm,Streaming/Content/data/balance/worldareas/58/mapuberboss_monolith.vworld,5648756,4963
25950db315b40223,sacredflame_entrance_01_c4r18.tgm.header,Tiny.V6,28312912,264
78bef656b70666b2,sacredflame_entrance_01_c4r19.tgm,Streaming/Content/data/balance/worldareas/03/mapuberboss_monolith.vworld,0,4679
4a58113afcbaca91,sacredflame_entrance_01_c4r19.tgm.header,Tiny.V6,28313176,264
1a9bdd029cb1ac47,sacredflame_entrance_01_c4r2.tgm,Streaming/Content/data/balance/worldareas/98/mapuberboss_monolith.vworld,7330430,3449097
4cd2c0d03db47e17,sacredflame_entrance_01_c4r2.tgm.header,Tiny.V8,28356918,2563
92e9562abe2e8717,sacredflame_entrance_01_c4r20.tgm,Streaming/Content/data/balance/worldareas/07/mapport.vworld,366867,6105
640e6ef0b865e769,sacredflame_entrance_01_c4r20.tgm.header,Tiny.VD,28349065,264
7f582b4686d3da8c,sacredflame_entrance_01_c4r21.tgm,Streaming/Content/data/balance/worldareas/49/mapuberboss_monolith.vworld,8692934,6495
fda366e9b99e06ff,sacredflame_entrance_01_c4r21.tgm.header,Tiny.VF,28588585,264
ef8579671e77f732,sacredflame_entrance_01_c4r22.tgm,Streaming/Content/data/balance/worldareas/D8/mapuberboss_monolith.vworld,5631103,7549
a1f872c72151a50c,sacredflame_entrance_01_c4r22.tgm.header,Tiny.V6,28313440,264
0dd7a85ece07c825,sacredflame_entrance_01_c4r23.tgm,Streaming/Content/data/balance/worldareas/08/mapgreenhouse.vworld,529775,8065
fc5d18a284f27a2c,sacredflame_entrance_01_c4r23.tgm.header,Tiny.V8,28359481,264
1d3488edcc1056ff,sacredflame_entrance_01_c4r24.tgm,Streaming/Content/data/balance/worldareas/39/mapuberboss_monolith.vworld,1430136,5657
4cadaa34debda7a8,sacredflame_entrance_01_c4r24.tgm.header,Tiny.V2,28436357,264
a4656c2daf1b8f75,sacredflame_entrance_01_c4r25.tgm,Streaming/Content/data/balance/worldareas/CE/mapuberboss_monolith.vworld,1398276,6083
8142967eb7274f2b,sacredflame_entrance_01_c4r25.tgm.header,Tiny.V2,28436621,264
e33ab62a63ed364a,sacredflame_entrance_01_c4r26.tgm,Streaming/Content/data/balance/worldareas/B7/mapuberboss_monolith.vworld,5657319,7879
52cbfd5022db14dc,sacredflame_entrance_01_c4r26.tgm.header,Tiny.V5,27888868,264
18da22367ba95e8a,sacredflame_entrance_01_c4r27.tgm,Streaming/Content/data/balance/worldareas/D0/mapuberboss_ritual.vworld,539165,18687
23738cf27555c830,sacredflame_entrance_01_c4r27.tgm.header,Tiny.V9,28766398,264
152292461cc9ee2e,sacredflame_entrance_01_c3r3.tgm,Tiny.V9,28764785,1349
83a0af09d767f04a,sacredflame_entrance_01_c3r3.tgm.header,Tiny.V7,28335096,264
f9f00ffd7221cbc6,sacredflame_entrance_01_c3r4.tgm,Tiny.VF,28587074,1247
8368bb09cf2a2aee,sacredflame_entrance_01_c3r4.tgm.header,Tiny.VF,28588321,264
86ae23fbac8e9a13,sacredflame_entrance_01_c3r5.tgm,Tiny.VE,28128746,857
6a20d98e17271570,sacredflame_entrance_01_c3r5.tgm.header,Tiny.VC,28553425,264
06b7f26a4d6df046,sacredflame_entrance_01_c3r6.tgm,Tiny.VC,32537408,57
e09dd76d46c1c4f5,sacredflame_entrance_01_c3r6.tgm.header,Tiny.V8,31983005,264
b9de186462d7d983,sacredflame_entrance_01_c3r7.tgm,Tiny.VC,32537408,57
4f663f19168b21db,sacredflame_entrance_01_c3r7.tgm.header,Tiny.V8,31983005,264
5aaee49b8a297cab,sacredflame_entrance_01_c3r8.tgm,Tiny.VC,32537408,57
c45ce89b9651ed25,sacredflame_entrance_01_c3r8.tgm.header,Tiny.V8,31983005,264
8577f3d6730aac28,sacredflame_entrance_01_c3r9.tgm,Tiny.VC,32537408,57
4827030c13ae67ca,sacredflame_entrance_01_c3r9.tgm.header,Tiny.V8,31983005,264
4b72cd8b49694316,sacredflame_entrance_01_c3r1.tgm,Tiny.VA,28528369,1349
220f3eccdac4ff1a,sacredflame_entrance_01_c3r1.tgm.header,Tiny.V6,28311837,264
7dbac294b1ce3227,sacredflame_entrance_01_c3r10.tgm,Tiny.VC,32537408,57
2e2c559e181ca241,sacredflame_entrance_01_c3r10.tgm.header,Tiny.V8,31983005,264
1728f12d12ff6163,sacredflame_entrance_01_c3r11.tgm,Tiny.VC,32537408,57
e6116c4f56f45064,sacredflame_entrance_01_c3r11.tgm.header,Tiny.V8,31983005,264
c63bd44da93c2f56,sacredflame_entrance_01_c3r12.tgm,Tiny.VC,32537408,57
2e0b04b101567281,sacredflame_entrance_01_c3r12.tgm.header,Tiny.V8,31983005,264
faa23b3f854cfdbc,sacredflame_entrance_01_c3r13.tgm,Streaming/Content/data/balance/worldareas/D4/mapuberboss_monolith.vworld,1642961,10781
10f7ba2df79f3a4e,sacredflame_entrance_01_c3r13.tgm.header,Tiny.VA,28529718,264
99d5aa224a45830e,sacredflame_entrance_01_c3r14.tgm,Streaming/Content/data/balance/worldareas/46/mapuberboss_monolith.vworld,1409345,23769
347ac6b9c6236b2e,sacredflame_entrance_01_c3r14.tgm.header,Tiny.V8,28355928,323
2b4916e793f32c67,sacredflame_entrance_01_c3r15.tgm,Streaming/Content/data/balance/worldareas/B8/mapuberboss_delirium.vworld,391297,13627
55ca24ae0e150f8c,sacredflame_entrance_01_c3r15.tgm.header,Tiny.V5,27888076,264
f679c7ac04c6f70b,sacredflame_entrance_01_c3r16.tgm,Streaming/Content/data/balance/worldareas/DA/mapuniquereactor_01.vworld,397224,13285
bfb7fb324e9e097a,sacredflame_entrance_01_c3r16.tgm.header,Tiny.V4,28617615,264
f56479aaffa0d22c,sacredflame_entrance_01_c3r17.tgm,Streaming/Content/data/balance/worldareas/E3/mapuberboss_monolith.vworld,395708,10749
a224d534ca3dfb17,sacredflame_entrance_01_c3r17.tgm.header,Tiny.VB,28563452,264
2cc08d6eb84cf68f,sacredflame_entrance_01_c3r18.tgm,Streaming/Content/data/balance/worldareas/82/mapuberboss_monolith.vworld,2796364,3958923
8f40b9c66f06bc96,sacredflame_entrance_01_c3r18.tgm.header,Tiny.VC,28551142,2283
eed7d9b3bb338f7b,sacredflame_entrance_01_c3r19.tgm,Streaming/Content/data/balance/worldareas/2F/mapuberboss_delirium.vworld,460277,8727
b9329849b3eb9ac5,sacredflame_entrance_01_c3r19.tgm.header,Tiny.V8,28356251,264
59d2cddd0fdcf473,sacredflame_entrance_01_c3r2.tgm,Tiny.V3,28053452,1349
f9524c38f05d0c1d,sacredflame_entrance_01_c3r2.tgm.header,Tiny.V7,28335096,264
46857396e0a3eeee,sacredflame_entrance_01_c3r20.tgm,Streaming/Content/data/balance/worldareas/65/mapgeode.vworld,522531,11009
8f4a7dd7917ae471,sacredflame_entrance_01_c3r20.tgm.header,Tiny.V0,28633540,264
05ad421b7c88ce25,sacredflame_entrance_01_c3r21.tgm,Streaming/Content/data/balance/worldareas/EE/mapuberboss_monolith.vworld,5604606,12347
ceaec7bfda460aee,sacredflame_entrance_01_c3r21.tgm.header,Tiny.V6,28312101,264
356b7be5e0f42856,sacredflame_entrance_01_c3r22.tgm,Streaming/Content/data/balance/worldareas/AA/mapuniquereactor_01.vworld,659133,12443
c916fd789b1a1480,sacredflame_entrance_01_c3r22.tgm.header,Tiny.VB,28563716,264
9650dcd0cd04276c,sacredflame_entrance_01_c3r23.tgm,Streaming/Content/data/balance/worldareas/48/g4_8a.vworld,544435,7033
cc45872b4695648e,sacredflame_entrance_01_c3r23.tgm.header,Tiny.VD,28348801,264
ef1fc8113bae79cc,sacredflame_entrance_01_c3r24.tgm,Streaming/Content/data/balance/worldareas/09/g4_8a.vworld,509550,6033
944e9af031146dfd,sacredflame_entrance_01_c3r24.tgm.header,Tiny.V5,27888340,264
78b98dcd239c04c9,sacredflame_entrance_01_c3r25.tgm,Streaming/Content/data/balance/worldareas/F3/mapbazaar.vworld,328752,7501
852281a9db3927e6,sacredflame_entrance_01_c3r25.tgm.header,Tiny.V6,28312365,264
871f3b8fa13d8fcd,sacredflame_entrance_01_c3r26.tgm,Streaming/Content/data/balance/worldareas/F2/mapport.vworld,359145,8171
2d590c111d88ce17,sacredflame_entrance_01_c3r26.tgm.header,Tiny.V7,28334832,264
77860757ecfdecb6,sacredflame_entrance_01_c3r27.tgm,Streaming/Content/data/balance/worldareas/EA/mapuberboss_monolith.vworld,4030699,17317
f32273930073a988,sacredflame_entrance_01_c3r27.tgm.header,Tiny.V5,27888604,264
e5e021ed428d10a3,sacredflame_entrance_01_c2r3.tgm,Tiny.VE,28127775,971
a42d1589c5f23b85,sacredflame_entrance_01_c2r3.tgm.header,Tiny.V5,27886949,264
1ac505e1235ef5f2,sacredflame_entrance_01_c2r4.tgm,Tiny.V5,27887213,863
155161ac60ef3dda,sacredflame_entrance_01_c2r4.tgm.header,Tiny.VF,28586810,264
68c030c520a8198c,sacredflame_entrance_01_c2r5.tgm,Tiny.V4,28616530,1085
58f9b1074eeb5438,sacredflame_entrance_01_c2r5.tgm.header,Tiny.V3,28053188,264
f193332a3ef6cec3,sacredflame_entrance_01_c2r6.tgm,Streaming/Content/data/balance/worldareas/BE/mapuberboss_monolith.vworld,240046,1153743
4e522deb4089521f,sacredflame_entrance_01_c2r6.tgm.header,Tiny.VB,28559969,3483
578c1b15d8e20537,sacredflame_entrance_01_c2r7.tgm,Tiny.VC,32537408,57
c50e8f29a4d608a5,sacredflame_entrance_01_c2r7.tgm.header,Tiny.V8,31983005,264
dde777a436d4c86a,sacredflame_entrance_01_c2r8.tgm,Streaming/Content/data/balance/worldareas/A9/mapuberboss_monolith.vworld,17001,1946025
7bda04f2ab7556d9,sacredflame_entrance_01_c2r8.tgm.header,Tiny.V6,28310074,1763
4407087203fda915,sacredflame_entrance_01_c2r9.tgm,Tiny.VC,32537408,57
d2047d3c26427d54,sacredflame_entrance_01_c2r9.tgm.header,Tiny.V8,31983005,264
bda5a777febf0b17,sacredflame_entrance_01_c2r1.tgm,Tiny.VC,28549636,863
d476eb32df4226b0,sacredflame_entrance_01_c2r1.tgm.header,Tiny.V7,28334304,264
e3e66cba793c0b3e,sacredflame_entrance_01_c2r10.tgm,Streaming/Content/data/balance/worldareas/A3/mapuberboss_monolith.vworld,7861,1865755
3b0507588189cdb6,sacredflame_entrance_01_c2r10.tgm.header,Tiny.V3,28051345,1843
1e0d52443efd885b,sacredflame_entrance_01_c2r11.tgm,Tiny.VC,32537408,57
904ae78dad10203d,sacredflame_entrance_01_c2r11.tgm.header,Tiny.V8,31983005,264
e2aa772810441fc7,sacredflame_entrance_01_c2r12.tgm,Tiny.VC,32537408,57
aeb6b1f682cad199,sacredflame_entrance_01_c2r12.tgm.header,Tiny.V8,31983005,264
98fbe99d6510d589,sacredflame_entrance_01_c2r13.tgm,Streaming/Content/data/balance/worldareas/3E/mapuberboss_monolith.vworld,4477,2621647
23aafc84c5ec5bae,sacredflame_entrance_01_c2r13.tgm.header,Content/data/balance/worldareas/mapuberboss_monolith.vworld,1650662,4763
8ebf66092bf99c76,sacredflame_entrance_01_c2r14.tgm,Streaming/Content/data/balance/worldareas/66/mapuberboss_monolith.vworld,5592580,3700929
beb662bd2d77d916,sacredflame_entrance_01_c2r14.tgm.header,Content/data/balance/worldareas/mapuberboss_monolith.vworld,1655425,7283
dde2569d041ae218,sacredflame_entrance_01_c2r15.tgm,Streaming/Content/data/balance/worldareas/10/mapgeode.vworld,579246,11961
4ed2ab25226443df,sacredflame_entrance_01_c2r15.tgm.header,Tiny.V4,28616266,264
90d5fde0180bbddd,sacredflame_entrance_01_c2r16.tgm,Streaming/Content/data/balance/worldareas/2B/mapmothersoul_male_quest.vworld,471464,16841
0b58e66a2f8918d8,sacredflame_entrance_01_c2r16.tgm.header,Tiny.V2,28435829,264
385b6104eaeb2c78,sacredflame_entrance_01_c2r17.tgm,Streaming/Content/data/balance/worldareas/53/mapuberboss_monolith.vworld,3730209,17729
55a753ba0660b03d,sacredflame_entrance_01_c2r17.tgm.header,Tiny.VF,28586282,264
88be592c36b109c1,sacredflame_entrance_01_c2r18.tgm,Streaming/Content/data/balance/worldareas/0C/mapuberboss_monolith.vworld,5599175,14343
117cf212cfcea189,sacredflame_entrance_01_c2r18.tgm.header,Tiny.VE,28126983,264
7db7f96d7acb64af,sacredflame_entrance_01_c2r19.tgm,Streaming/Content/data/balance/worldareas/24/mapuberboss_monolith.vworld,7164223,14033
2ffc66ca65b1e484,sacredflame_entrance_01_c2r19.tgm.header,Tiny.V7,28334568,264
7c7b458d9917f7fb,sacredflame_entrance_01_c2r2.tgm,Tiny.V9,28763317,1025
e384d55339322b49,sacredflame_entrance_01_c2r2.tgm.header,Tiny.V0,28633276,264
07155436923718e6,sacredflame_entrance_01_c2r20.tgm,Streaming/Content/data/balance/worldareas/2B/mapmothersoul_male_quest.vworld,488305,18229
7491386741953ab5,sacredflame_entrance_01_c2r20.tgm.header,Tiny.VF,28586546,264
1d230e2ae6e39ee7,sacredflame_entrance_01_c2r21.tgm,Streaming/Content/data/balance/worldareas/66/mapuberboss_monolith.vworld,9293509,839471
6e85fec4e6ee64f5,sacredflame_entrance_01_c2r21.tgm.header,Tiny.VC,28550499,643
aea4fc56ba72edac,sacredflame_entrance_01_c2r22.tgm,Streaming/Content/data/balance/worldareas/29/mapuberboss_delirium.vworld,373901,12081
1e7eda870c1af37c,sacredflame_entrance_01_c2r22.tgm.header,Tiny.VE,28127247,264
69b411d4b3c7a3b6,sacredflame_entrance_01_c2r23.tgm,Streaming/Content/data/balance/worldareas/79/p2_1.vworld,547067,211949
1554b99a8e2adc9b,sacredflame_entrance_01_c2r23.tgm.header,Tiny.V9,28764342,443
4a408337a34394ea,sacredflame_entrance_01_c2r24.tgm,Streaming/Content/data/balance/worldareas/20/mapuberboss_monolith.vworld,4413931,5123
c44e1336320b255f,sacredflame_entrance_01_c2r24.tgm.header,Tiny.V2,28436093,264
b8a21e0239e4f346,sacredflame_entrance_01_c2r25.tgm,Streaming/Content/data/balance/worldareas/6E/mapgeode.vworld,331259,8813
060ed977e3be84b2,sacredflame_entrance_01_c2r25.tgm.header,Tiny.V1,28294498,264
c1ed0e7b165dca30,sacredflame_entrance_01_c2r26.tgm,Streaming/Content/data/balance/worldareas/E8/mapuberboss_monolith.vworld,5603025,11223
eafad9e4f743c368,sacredflame_entrance_01_c2r26.tgm.header,Tiny.V1,28294762,264
08b9d783ef46b07c,sacredflame_entrance_01_c2r27.tgm,Streaming/Content/data/balance/worldareas/80/mapport.vworld,517753,18219
6ffab8e476d72255,sacredflame_entrance_01_c2r27.tgm.header,Tiny.VE,28127511,264
5ec4574ec9a45281,sacredflame_entrance_01_c12r3.tgm,Streaming/Content/data/balance/worldareas/3D/mapuberboss_monolith.vworld,9786977,4020257
8af2f686311a415b,sacredflame_entrance_01_c12r3.tgm.header,Tiny.VA,28521939,2723
1243db317f58446b,sacredflame_entrance_01_c12r4.tgm,Tiny.V8,28348347,3143
9ba58747b694d7dc,sacredflame_entrance_01_c12r4.tgm.header,Tiny.VA,28524662,264
1b7362e27ad7cfe8,sacredflame_entrance_01_c12r5.tgm,Streaming/Content/data/balance/worldareas/62/mapuberboss_monolith.vworld,5592580,2338273
0f179907b849494a,sacredflame_entrance_01_c12r5.tgm.header,Tiny.V3,28044915,3363
7e87add6a1d814e4,sacredflame_entrance_01_c12r6.tgm,Streaming/Content/data/balance/worldareas/0B/mapuberboss_monolith.vworld,1421913,413495
cfb1b21000410bec,sacredflame_entrance_01_c12r6.tgm.header,Tiny.VD,28346739,443
11ede29aa5351596,sacredflame_entrance_01_c12r7.tgm,Streaming/Content/data/balance/worldareas/97/mapuberboss_monolith.vworld,94522,5606117
d1aacb6cc060ea10,sacredflame_entrance_01_c12r7.tgm.header,Tiny.VE,28120762,3923
527cc5f3055984e7,sacredflame_entrance_01_c12r8.tgm,Streaming/Content/data/balance/worldareas/27/mapuberboss_monolith.vworld,0,1018295
06f3ab6895f58e93,sacredflame_entrance_01_c12r8.tgm.header,Tiny.VF,28580812,1163
79bc8137b79ee076,sacredflame_entrance_01_c12r9.tgm,Tiny.V0,28627119,2051
b829893729a93a66,sacredflame_entrance_01_c12r9.tgm.header,Tiny.VC,28549372,264
b15d5c8b0c74efd0,sacredflame_entrance_01_c12r1.tgm,Streaming/Content/data/balance/worldareas/7C/mapuberboss_monolith.vworld,5602269,3742623
4135d0a2ad3996a2,sacredflame_entrance_01_c12r1.tgm.header,Tiny.VC,28546265,2843
dacd227a15c94616,sacredflame_entrance_01_c12r10.tgm,Tiny.VF,28575907,1619
16e8e8a620f72b99,sacredflame_entrance_01_c12r10.tgm.header,Tiny.V8,28345456,264
d1698487747f0c76,sacredflame_entrance_01_c12r11.tgm,Streaming/Content/data/balance/worldareas/CA/mapuberboss_monolith.vworld,54161,5172041
f7e3d673ef9f3348,sacredflame_entrance_01_c12r11.tgm.header,Content/data/balance/worldareas/mapuberboss_monolith.vworld,1644819,5843
f11fe902c752ada0,sacredflame_entrance_01_c12r12.tgm,Tiny.V4,28612896,863
ff5e341e947347b7,sacredflame_entrance_01_c12r12.tgm.header,Tiny.V5,27884087,264
a735b8325790ba6a,sacredflame_entrance_01_c12r13.tgm,Streaming/Content/data/balance/worldareas/0F/mapuberboss_monolith.vworld,3589503,7495
f84013a3b19dec1d,sacredflame_entrance_01_c12r13.tgm.header,Tiny.V8,28345720,264
9e0ca79ca875a201,sacredflame_entrance_01_c12r14.tgm,Streaming/Content/data/balance/worldareas/D7/mapuberboss_monolith.vworld,8467,557029
5452c558a9ba65e2,sacredflame_entrance_01_c12r14.tgm.header,Tiny.VF,28577526,1163
3d5e240b0c49c724,sacredflame_entrance_01_c12r15.tgm,Streaming/Content/data/balance/worldareas/EA/mapuberboss_monolith.vworld,0,4030699
c4fd08ed6a7bde6b,sacredflame_entrance_01_c12r15.tgm.header,Tiny.VF,28578689,2123
a9358a97c53231b3,sacredflame_entrance_01_c12r16.tgm,Streaming/Content/data/balance/worldareas/F4/g2_9_1.vworld,426032,25055
57af3b5afa5f5f67,sacredflame_entrance_01_c12r16.tgm.header,Tiny.V4,28613759,264
97f32c10924dce05,sacredflame_entrance_01_c12r17.tgm,Streaming/Content/data/balance/worldareas/4C/mapgeode.vworld,419354,25311
88bd15108cc33148,sacredflame_entrance_01_c12r17.tgm.header,Tiny.V6,28307879,264
93133cbb69a68e3a,sacredflame_entrance_01_c12r18.tgm,Streaming/Content/data/balance/worldareas/7C/mapuberboss_monolith.vworld,9344892,24411
46f542b84ffc77b5,sacredflame_entrance_01_c12r18.tgm.header,Tiny.VB,28558913,264
2ab50b7eac786b18,sacredflame_entrance_01_c12r19.tgm,Streaming/Content/data/balance/worldareas/4D/mapgeode.vworld,618115,24985
7e6e7f535c3c4df3,sacredflame_entrance_01_c12r19.tgm.header,Tiny.VC,28549108,264
da507259412885a1,sacredflame_entrance_01_c12r2.tgm,Tiny.V2,28432494,2279
faa4bba9786676a7,sacredflame_entrance_01_c12r2.tgm.header,Tiny.VB,28559177,264
2ff51195a1614ddb,sacredflame_entrance_01_c12r20.tgm,Streaming/Content/data/balance/worldareas/08/mapgreenhouse.vworld,502596,27179
dc7dd0a2c69603f3,sacredflame_entrance_01_c12r20.tgm.header,Tiny.V4,28614023,264
f156201ccd95b8e5,sacredflame_entrance_01_c12r21.tgm,Streaming/Content/data/balance/worldareas/9E/mapprecursortowerdesert.vworld,286262,46543
20305eed3f63accf,sacredflame_entrance_01_c12r21.tgm.header,Tiny.V5,27884351,283
364d2d792586cf10,sacredflame_entrance_01_c12r22.tgm,Streaming/Content/data/balance/worldareas/53/mapuberboss_monolith.vworld,88450,3641759
4dc591911852ce15,sacredflame_entrance_01_c12r22.tgm.header,Tiny.V8,28345984,2363
5e8caa8748d5c2f1,sacredflame_entrance_01_c12r23.tgm,Streaming/Content/data/balance/worldareas/51/mapgeode.vworld,427539,19557
86f878d26f106a79,sacredflame_entrance_01_c12r23.tgm.header,Tiny.V3,28044651,264
292cc3f5616a91a3,sacredflame_entrance_01_c12r24.tgm,Streaming/Content/data/balance/worldareas/0A/mapuberboss_monolith.vworld,4961,305785
a328c5997f2f44ca,sacredflame_entrance_01_c12r24.tgm.header,Tiny.V9,28761338,923
5c6dc59316bcd438,sacredflame_entrance_01_c12r25.tgm,Streaming/Content/data/balance/worldareas/21/mapuberboss_monolith.vworld,5592580,22869
a690eaca38f3439a,sacredflame_entrance_01_c12r25.tgm.header,Tiny.V4,28614287,264
4b42d11a72754e9a,sacredflame_entrance_01_c12r26.tgm,Streaming/Content/data/balance/worldareas/11/mapuberboss_monolith.vworld,9752441,22225
13afc28843070c1f,sacredflame_entrance_01_c12r26.tgm.header,Tiny.VB,28559441,264
fdec280b5626823b,sacredflame_entrance_01_c12r27.tgm,Streaming/Content/data/balance/worldareas/FB/mapprecursortowerdesert.vworld,463763,36729
abd13e337d2dcbcc,sacredflame_entrance_01_c12r27.tgm.header,Tiny.V2,28434773,264
23b38a1096bc6176,sacredflame_entrance_01_c11r3.tgm,Tiny.V4,28611655,1241
99c86a0102b388e7,sacredflame_entrance_01_c11r3.tgm.header,Tiny.VA,28521675,264
286210d0c0e433f4,sacredflame_entrance_01_c11r4.tgm,Tiny.VF,28574510,1133
63b9671634d6ed2a,sacredflame_entrance_01_c11r4.tgm.header,Tiny.V6,28307615,264
3f2fd827d32cda8b,sacredflame_entrance_01_c11r5.tgm,Tiny.V5,27882570,1517
8dc16813ef1057c2,sacredflame_entrance_01_c11r5.tgm.header,Tiny.V8,28345192,264
84ac34404bf5a975,sacredflame_entrance_01_c11r6.tgm,Tiny.VD,28345558,1181
b6c2fcab98bd1ff8,sacredflame_entrance_01_c11r6.tgm.header,Tiny.VF,28575643,264
6b20cff7e5651eef,sacredflame_entrance_01_c11r7.tgm,Tiny.VC,32537408,57
4a7317a9494bb5fd,sacredflame_entrance_01_c11r7.tgm.header,Tiny.V8,31983005,264
563e04dd4d86da3f,sacredflame_entrance_01_c11r8.tgm,Tiny.VC,32537408,57
e0211d3c16aa382a,sacredflame_entrance_01_c11r8.tgm.header,Tiny.V8,31983005,264
eea4573eaf7ba598,sacredflame_entrance_01_c11r9.tgm,Tiny.VC,32537408,57
b90b6c5f08626793,sacredflame_entrance_01_c11r9.tgm.header,Tiny.V8,31983005,264
900d47e0f73a099a,sacredflame_entrance_01_c11r1.tgm,Tiny.V2,28430287,1943
013a29f064345735,sacredflame_entrance_01_c11r1.tgm.header,Tiny.VD,28343683,264
962f2092fa30ef0a,sacredflame_entrance_01_c11r10.tgm,Streaming/Content/data/balance/worldareas/24/mapuberboss_monolith.vworld,5592580,1571643
3ed36aabebd3b1f6,sacredflame_entrance_01_c11r10.tgm.header,Tiny.V6,28305948,1403
a74c252c29796904,sacredflame_entrance_01_c11r11.tgm,Tiny.VC,32537408,57
937a2e967eef40ae,sacredflame_entrance_01_c11r11.tgm.header,Tiny.V8,31983005,264
43559dabdb61a6af,sacredflame_entrance_01_c11r12.tgm,Streaming/Content/data/balance/worldareas/93/mapuberboss_monolith.vworld,5979182,1191859
6b05238054f26251,sacredflame_entrance_01_c11r12.tgm.header,Tiny.VD,28343947,1083
fbfc5b6bf356468c,sacredflame_entrance_01_c11r13.tgm,Streaming/Content/data/balance/worldareas/58/mapuberboss_monolith.vworld,5639423,9333
752b8dfab19d7de3,sacredflame_entrance_01_c11r13.tgm.header,Tiny.V2,28432230,264
f6c71bf181c0cac9,sacredflame_entrance_01_c11r14.tgm,Streaming/Content/data/balance/worldareas/99/mapuberboss_monolith.vworld,1398276,115125
5f3563c2c5d0f9fb,sacredflame_entrance_01_c11r14.tgm.header,Tiny.V1,28292164,883
c85d3e32ce260b55,sacredflame_entrance_01_c11r15.tgm,Streaming/Content/data/balance/worldareas/2F/mapuberboss_delirium.vworld,449014,11263
0865c135f494851f,sacredflame_entrance_01_c11r15.tgm.header,Tiny.V5,27881743,264
542411fd09273f0b,sacredflame_entrance_01_c11r16.tgm,Streaming/Content/data/balance/worldareas/86/g2_9_1.vworld,534413,9231
0221b4f3262b8666,sacredflame_entrance_01_c11r16.tgm.header,Tiny.V1,28293047,264
3feba1b093ba717d,sacredflame_entrance_01_c11r17.tgm,Streaming/Content/data/balance/worldareas/E0/mapmothersoul_male_quest.vworld,352581,9959
4cfadac2c77e5bce,sacredflame_entrance_01_c11r17.tgm.header,Tiny.VA,28521147,264
9905a63350b11fed,sacredflame_entrance_01_c11r18.tgm,Streaming/Content/data/balance/worldareas/1A/mapmothersoul_male_quest.vworld,517944,9791
8d6608b2883e9be4,sacredflame_entrance_01_c11r18.tgm.header,Tiny.V1,28293311,264
c7c45d60bd87028b,sacredflame_entrance_01_c11r19.tgm,Streaming/Content/data/balance/worldareas/8D/mapuberboss_monolith.vworld,5700778,10411
576a1ba3748c2ca5,sacredflame_entrance_01_c11r19.tgm.header,Tiny.VB,28558649,264
36beced7bc758230,sacredflame_entrance_01_c11r2.tgm,Tiny.V4,28609772,1619
ba94cd4755ce8614,sacredflame_entrance_01_c11r2.tgm.header,Tiny.V7,28333512,264
98f509066004ac25,sacredflame_entrance_01_c11r20.tgm,Streaming/Content/data/balance/worldareas/8F/mapmothersoul_male_quest.vworld,471967,12335
91ba5d1d4eae4956,sacredflame_entrance_01_c11r20.tgm.header,Tiny.VD,28345030,264
e739858e1bdd58b3,sacredflame_entrance_01_c11r21.tgm,Streaming/Content/data/balance/worldareas/F8/g4_8a.vworld.1,522112,12743
4322ca8a815cb775,sacredflame_entrance_01_c11r21.tgm.header,Tiny.VD,28345294,264
ee89ccb3134fac3b,sacredflame_entrance_01_c11r22.tgm,Streaming/Content/data/balance/worldareas/D3/mapuberboss_ritual.vworld.1,547130,10169
a09fa85e152bb009,sacredflame_entrance_01_c11r22.tgm.header,Tiny.VA,28521411,264
fd8d698f85c0b531,sacredflame_entrance_01_c11r23.tgm,Streaming/Content/data/balance/worldareas/57/mapuberboss_monolith.vworld,343327,429449
795ef8deddad32b9,sacredflame_entrance_01_c11r23.tgm.header,Tiny.V5,27882007,563
d48669dfacdc1b8f,sacredflame_entrance_01_c11r24.tgm,Tiny.V0,28623060,4059
035defd024361fd1,sacredflame_entrance_01_c11r24.tgm.header,Tiny.V6,28307351,264
5e2a734b67ddeb18,sacredflame_entrance_01_c11r25.tgm,Streaming/Content/data/balance/worldareas/05/mapuberboss_monolith.vworld,5592580,5323
e69663fb684dee18,sacredflame_entrance_01_c11r25.tgm.header,Tiny.V8,28344928,264
241aab31737d40b8,sacredflame_entrance_01_c11r26.tgm,Streaming/Content/data/balance/worldareas/52/mapuberboss_monolith.vworld,0,7471
25fb3a2005ebdc77,sacredflame_entrance_01_c11r26.tgm.header,Tiny.V9,28761074,264
db4dbd8714de9640,sacredflame_entrance_01_c11r27.tgm,Streaming/Content/data/balance/worldareas/B0/mapuberboss_delirium.vworld,542261,14631
00b8e6709ace355a,sacredflame_entrance_01_c11r27.tgm.header,Tiny.V4,28611391,264
e2d7ec47cfa5f308,sacredflame_entrance_01_c10r3.tgm,Streaming/Content/data/balance/worldareas/0F/mapuberboss_monolith.vworld,0,3589503
a248a326b877fdf1,sacredflame_entrance_01_c10r3.tgm.header,Tiny.V6,28303265,2683
38d56a151e43232f,sacredflame_entrance_01_c10r4.tgm,Tiny.VF,28573053,1193
6fc7458017f0ba7b,sacredflame_entrance_01_c10r4.tgm.header,Tiny.VF,28574246,264
c1fd347a043deb40,sacredflame_entrance_01_c10r5.tgm,Tiny.VE,28119905,857
1ff1ef2bd80d87d8,sacredflame_entrance_01_c10r5.tgm.header,Tiny.VA,28520883,264
bb9a03e8c660d32d,sacredflame_entrance_01_c10r6.tgm,Tiny.VC,32537408,57
5d37753df5f37ff8,sacredflame_entrance_01_c10r6.tgm.header,Tiny.V8,31983005,264
56234e22f5545dcc,sacredflame_entrance_01_c10r7.tgm,Tiny.VC,32537408,57
eeda222c0ca183bd,sacredflame_entrance_01_c10r7.tgm.header,Tiny.V8,31983005,264
4dfeec2588e7f938,sacredflame_entrance_01_c10r8.tgm,Streaming/Content/data/balance/worldareas/D4/mapuberboss_monolith.vworld,0,1642961
7f0493503bb63e70,sacredflame_entrance_01_c10r8.tgm.header,Tiny.VC,28544822,1443
dd33bc506f1cc525,sacredflame_entrance_01_c10r9.tgm,Tiny.VC,32537408,57
447f43176b0b82a4,sacredflame_entrance_01_c10r9.tgm.header,Tiny.V8,31983005,264
7d582090cfcbb1d9,sacredflame_entrance_01_c10r1.tgm,Streaming/Content/data/balance/worldareas/F9/mapuberboss_monolith.vworld,103895,2307445
197f0d5c8541c0ca,sacredflame_entrance_01_c10r1.tgm.header,Tiny.V6,28301302,1963
a15e44117d3c9e02,sacredflame_entrance_01_c10r10.tgm,Tiny.VC,32537408,57
45ab151a8fef0c7b,sacredflame_entrance_01_c10r10.tgm.header,Tiny.V8,31983005,264
d0f4af9cf1b28fc7,sacredflame_entrance_01_c10r11.tgm,Tiny.VC,32537408,57
e39752da12ba612c,sacredflame_entrance_01_c10r11.tgm.header,Tiny.V8,31983005,264
7f9eed4fd9fa7b83,sacredflame_entrance_01_c10r12.tgm,Tiny.VC,32537408,57
79224cc2a47f847f,sacredflame_entrance_01_c10r12.tgm.header,Tiny.V8,31983005,264
b2a4ae85d34691f1,sacredflame_entrance_01_c10r13.tgm,Streaming/Content/data/balance/worldareas/C8/mapuberboss_monolith.vworld,5599467,10689
3cb23e62f7876696,sacredflame_entrance_01_c10r13.tgm.header,Tiny.V7,28330162,264
afa2968a814aa28d,sacredflame_entrance_01_c10r14.tgm,Streaming/Content/data/balance/worldareas/F5/mapuberboss_monolith.vworld,859958,222851
2b171183d1ba15c6,sacredflame_entrance_01_c10r14.tgm.header,Tiny.V7,28330426,1603
2f7305df399fb777,sacredflame_entrance_01_c10r15.tgm,Streaming/Content/data/balance/worldareas/E0/mapmothersoul_male_quest.vworld,343964,8617
475c3203c52fec9d,sacredflame_entrance_01_c10r15.tgm.header,Tiny.VA,28520091,264
8836ca2eb2f6e06a,sacredflame_entrance_01_c10r16.tgm,Streaming/Content/data/balance/worldareas/94/mapgeode.vworld,368841,6031
0474a5f54527f0ac,sacredflame_entrance_01_c10r16.tgm.header,Tiny.VF,28572789,264
1262b935ea2e0e8d,sacredflame_entrance_01_c10r17.tgm,Streaming/Content/data/balance/worldareas/BB/mapuberboss_monolith.vworld,2803901,2138359
4b74edb39e577d9a,sacredflame_entrance_01_c10r17.tgm.header,Tiny.VB,28557246,1403
2cc621716b647f30,sacredflame_entrance_01_c10r18.tgm,Streaming/Content/data/balance/worldareas/FA/mapprecursortowerdesert.vworld,641776,6115
3aa0eeb42a9f8415,sacredflame_entrance_01_c10r18.tgm.header,Tiny.VA,28520355,264
b2aedf0a7467b51e,sacredflame_entrance_01_c10r19.tgm,Streaming/Content/data/balance/worldareas/71/g4_8a.vworld,335821,5741
ceb547fcc30c81d3,sacredflame_entrance_01_c10r19.tgm.header,Tiny.V8,28344400,264
b91092639b43def9,sacredflame_entrance_01_c10r2.tgm,Tiny.VD,28342124,1295
e056883a6b0eb1d5,sacredflame_entrance_01_c10r2.tgm.header,Tiny.V5,27881479,264
e411bd2d4a051bfd,sacredflame_entrance_01_c10r20.tgm,Streaming/Content/data/balance/worldareas/CC/mapuberboss_monolith.vworld,5547,2279351
47f3ae1f5fdb7889,sacredflame_entrance_01_c10r20.tgm.header,Tiny.V7,28332029,1483
90eedcf44b99a687,sacredflame_entrance_01_c10r21.tgm,Streaming/Content/data/balance/worldareas/A5/g4_8a.vworld,455922,9593
c178ca7d5246318c,sacredflame_entrance_01_c10r21.tgm.header,Tiny.VD,28343419,264
ae4a6d6f0a5e4ab1,sacredflame_entrance_01_c10r22.tgm,Streaming/Content/data/balance/worldareas/49/mapuberboss_monolith.vworld,6942749,1750185
523cb1d13d4a81e0,sacredflame_entrance_01_c10r22.tgm.header,Tiny.V9,28759367,1443
74d5c106b544c539,sacredflame_entrance_01_c10r23.tgm,Streaming/Content/data/balance/worldareas/6B/mapport.vworld,45030,5121
f11bcf033ad9a73d,sacredflame_entrance_01_c10r23.tgm.header,Tiny.VA,28520619,264
5f6ab8bf5044b03f,sacredflame_entrance_01_c10r24.tgm,Streaming/Content/data/balance/worldareas/A9/mapuberboss_monolith.vworld,12286,4715
eae99666d4e5b38d,sacredflame_entrance_01_c10r24.tgm.header,Tiny.V3,28044387,264
09c3ff2231e0a783,sacredflame_entrance_01_c10r25.tgm,Streaming/Content/data/balance/worldareas/E2/g4_8a.vworld,407058,5763
c43a99d7b10632bf,sacredflame_entrance_01_c10r25.tgm.header,Tiny.V2,28430023,264
0adf5372e000edb9,sacredflame_entrance_01_c10r26.tgm,Streaming/Content/data/balance/worldareas/40/mapuberboss_divinity.vworld,915552,8437
e24dd991a9991ff3,sacredflame_entrance_01_c10r26.tgm.header,Tiny.V8,28344664,264
946fc25d64d0fbeb,sacredflame_entrance_01_c10r27.tgm,Streaming/Content/data/balance/worldareas/C0/mapuberboss_ritual.vworld,629128,14977
d187c3576628c706,sacredflame_entrance_01_c10r27.tgm.header,Tiny.V9,28760810,264
ddc2c06c307a065d,sacredflame_entrance_01_c1r3.tgm,Tiny.V8,28353973,1955
2a904126994af43f,sacredflame_entrance_01_c1r3.tgm.header,Tiny.V9,28763053,264
a19f24dc481f1d62,sacredflame_entrance_01_c1r4.tgm,Tiny.V0,28629653,3359
553b003459316500,sacredflame_entrance_01_c1r4.tgm.header,Tiny.V2,28435565,264
b14954b26dcfc6e9,sacredflame_entrance_01_c1r5.tgm,Streaming/Content/data/balance/worldareas/93/mapuberboss_monolith.vworld,7171041,928729
637f27e722359c21,sacredflame_entrance_01_c1r5.tgm.header,Tiny.V1,28293575,923
43fd6120f407d00e,sacredflame_entrance_01_c1r6.tgm,Streaming/Content/data/balance/worldareas/D2/mapuberboss_ritual.vworld,678174,4325
b463aafb5eee4589,sacredflame_entrance_01_c1r6.tgm.header,Tiny.V5,27886685,264
745a7ec3ed9149a9,sacredflame_entrance_01_c1r7.tgm,Tiny.VF,28582503,3779
a5d82ada470547b8,sacredflame_entrance_01_c1r7.tgm.header,Tiny.V3,28051081,264
7d6dfa60113385fb,sacredflame_entrance_01_c1r8.tgm,Streaming/Content/data/balance/worldareas/D6/mapuberboss_monolith.vworld,0,1286771
150d53a42815f0ca,sacredflame_entrance_01_c1r8.tgm.header,Tiny.V6,28308671,1403
56258063a51d60db,sacredflame_entrance_01_c1r9.tgm,Tiny.VA,28525454,2915
4fda4f67883ce0f8,sacredflame_entrance_01_c1r9.tgm.header,Tiny.V0,28633012,264
35cd8b9ef24ed4fc,sacredflame_entrance_01_c1r1.tgm,Tiny.VE,28124685,1511
dda091064880540f,sacredflame_entrance_01_c1r1.tgm.header,Tiny.VE,28126196,264
00acf70881b60479,sacredflame_entrance_01_c1r10.tgm,Tiny.V8,28351490,2483
b0b0108dc4e2fb0b,sacredflame_entrance_01_c1r10.tgm.header,Tiny.VF,28581975,264
80eb0b934783de20,sacredflame_entrance_01_c1r11.tgm,Tiny.V5,27884634,2051
e3846b5472bac66c,sacredflame_entrance_01_c1r11.tgm.header,Tiny.V9,28762261,264
1323ea6ff54fbe16,sacredflame_entrance_01_c1r12.tgm,Tiny.VD,28347182,1619
d6398e383d541de8,sacredflame_entrance_01_c1r12.tgm.header,Tiny.V9,28762525,264
1840aea9e7161670,sacredflame_entrance_01_c1r13.tgm,Tiny.V4,28614551,1187
5ef5f286e48e7a26,sacredflame_entrance_01_c1r13.tgm.header,Tiny.V7,28333776,264
0cf254e124bcbd11,sacredflame_entrance_01_c1r14.tgm,Streaming/Content/data/balance/worldareas/7F/mapuberboss_ritual.vworld,348880,11541
070c77068029002e,sacredflame_entrance_01_c1r14.tgm.header,Tiny.V2,28435037,264
ca8e151a363e61fe,sacredflame_entrance_01_c1r15.tgm,Streaming/Content/data/balance/worldareas/DC/g4_8a.vworld,484393,19391
bfb3104496bdcb07,sacredflame_entrance_01_c1r15.tgm.header,Tiny.V4,28615738,264
f87e1fdce901c687,sacredflame_entrance_01_c1r16.tgm,Streaming/Content/data/balance/worldareas/EC/g4_8a.vworld,324441,27185
eebda8744848a4e5,sacredflame_entrance_01_c1r16.tgm.header,Tiny.V2,28435301,264
d7eb4871a9d544b8,sacredflame_entrance_01_c1r17.tgm,Streaming/Content/data/balance/worldareas/85/g2_2.vworld,423702,242115
dcea5125e02bc46f,sacredflame_entrance_01_c1r17.tgm.header,Tiny.V0,28629170,483
a8c549ce79f7afd1,sacredflame_entrance_01_c1r18.tgm,Streaming/Content/data/balance/worldareas/1A/mapmothersoul_male_quest.vworld,527735,28529
b17ce118ec7532cd,sacredflame_entrance_01_c1r18.tgm.header,Tiny.V7,28334040,264
16ce5e7ae6ca2341,sacredflame_entrance_01_c1r19.tgm,Streaming/Content/data/balance/worldareas/B2/expeditionsubarea_blackknightboss.vworld,522500,32227
4a0775d70a5cb935,sacredflame_entrance_01_c1r19.tgm.header,Tiny.V6,28308143,264
252892b0fd1ab418,sacredflame_entrance_01_c1r2.tgm,Streaming/Content/data/balance/worldareas/64/mapuberboss_monolith.vworld,12890,4021473
f705ae8ced405b25,sacredflame_entrance_01_c1r2.tgm.header,Tiny.V3,28048278,2803
cf3667c0e4860e56,sacredflame_entrance_01_c1r20.tgm,Streaming/Content/data/balance/worldareas/64/mapuberboss_monolith.vworld,4034363,277055
7e526e32b1e7e2db,sacredflame_entrance_01_c1r20.tgm.header,Tiny.VE,28126460,523
1ea488e72e5e83d6,sacredflame_entrance_01_c1r21.tgm,Streaming/Content/data/balance/worldareas/F0/mapuberboss_monolith.vworld,6405,25997
d610bf5938639084,sacredflame_entrance_01_c1r21.tgm.header,Tiny.V9,28762789,264
bf9d3c813eb0e391,sacredflame_entrance_01_c1r22.tgm,Streaming/Content/data/balance/worldareas/63/mapmothersoul_male_quest.vworld,377006,22409
3368fd2b265ccf69,sacredflame_entrance_01_c1r22.tgm.header,Tiny.V4,28616002,264
3cdb4f8e638d9dac,sacredflame_entrance_01_c1r23.tgm,Streaming/Content/data/balance/worldareas/F9/mapuberboss_monolith.vworld,2411340,20847
76511c5fd85f79fa,sacredflame_entrance_01_c1r23.tgm.header,Tiny.V6,28308407,264
b8128815f47d1a2a,sacredflame_entrance_01_c1r24.tgm,Streaming/Content/data/balance/worldareas/8E/mapgeode.vworld,439468,21707
dd335ab48ff574c8,sacredflame_entrance_01_c1r24.tgm.header,Tiny.VA,28524926,264
bd224e66c30bf6a8,sacredflame_entrance_01_c1r25.tgm,Streaming/Content/data/balance/worldareas/21/mapuberboss_monolith.vworld,5615449,22661
4ca6fb40686834f7,sacredflame_entrance_01_c1r25.tgm.header,Tiny.VB,28559705,264
16e6fc512239c3bc,sacredflame_entrance_01_c1r26.tgm,Streaming/Content/data/balance/worldareas/39/mapuberboss_monolith.vworld,1398276,23371
a37aacffc2338f9d,sacredflame_entrance_01_c1r26.tgm.header,Tiny.VF,28582239,264
d0dfc8bb4eecad4c,sacredflame_entrance_01_c1r27.tgm,Streaming/Content/data/balance/worldareas/3F/mapuberboss_monolith.vworld,1835799,30265
e2b5db1fc47ae36e,sacredflame_entrance_01_c1r27.tgm.header,Tiny.VA,28525190,264
152b6b5af12ffdde,sacredflame_computer_01_c9r3.tgm,Streaming/Content/data/balance/worldareas/F2/mapport.vworld,343252,15893
37cdd6a81bb03b21,sacredflame_computer_01_c9r3.tgm.header,Tiny.V6,28300939,363
6f578c307a330d1d,sacredflame_computer_01_c9r4.tgm,Streaming/Content/data/balance/worldareas/DD/g2_9_1.vworld,455645,6169
abcc85bf9d431a48,sacredflame_computer_01_c9r4.tgm.header,Tiny.VC,28544539,283
fed6d4fa771a5fc3,sacredflame_computer_01_c9r5.tgm,Streaming/Content/data/balance/worldareas/F7/g4_8a.vworld,198973,5495
1602a4a158f1f435,sacredflame_computer_01_c9r5.tgm.header,Tiny.VE,28119339,283
44a75ced2ebeed58,sacredflame_computer_01_c9r6.tgm,Streaming/Content/data/balance/worldareas/77/mapuberboss_delirium.vworld,543656,6603
f32554962506aaf2,sacredflame_computer_01_c9r6.tgm.header,Tiny.V9,28759084,283
99162768c091981f,sacredflame_computer_01_c9r7.tgm,Streaming/Content/data/balance/worldareas/16/maparidplains.vworld,393113,5781
da620607b78ab240,sacredflame_computer_01_c9r7.tgm.header,Tiny.V1,28291881,283
54d9cf60ae811aac,sacredflame_computer_01_c9r8.tgm,Streaming/Content/data/balance/worldareas/BB/mapuberboss_monolith.vworld,2796364,7537
442ac4e2c2901fa5,sacredflame_computer_01_c9r8.tgm.header,Tiny.VA,28519808,283
81bee7c62bb7ac22,sacredflame_computer_01_c9r9.tgm,Streaming/Content/data/balance/worldareas/0C/mapuberboss_monolith.vworld,5592580,6595
46fa1d6ca3630b6e,sacredflame_computer_01_c9r9.tgm.header,Tiny.VE,28119622,283
36939464fef0a9de,sacredflame_computer_01_c9r1.tgm,Streaming/Content/data/balance/worldareas/2C/g3_2_1.vworld,427659,70509
7af806d1217b5d34,sacredflame_computer_01_c9r1.tgm.header,Tiny.V0,28622014,723
43f89b30415ef030,sacredflame_computer_01_c9r10.tgm,Streaming/Content/data/balance/worldareas/CF/mapuberboss_monolith.vworld,5592580,4973
f75495bc1661328d,sacredflame_computer_01_c9r10.tgm.header,Tiny.V6,28299970,283
687c1143d990e1ff,sacredflame_computer_01_c9r11.tgm,Streaming/Content/data/balance/worldareas/11/mapuberboss_monolith.vworld,8772870,979571
4214821cfdce374c,sacredflame_computer_01_c9r11.tgm.header,Content/data/balance/worldareas/mapuberboss_monolith.vworld,1639656,5163
4723954a7f98bd72,sacredflame_computer_01_c9r12.tgm,Streaming/Content/data/balance/worldareas/93/mapuberboss_monolith.vworld,5969095,10087
ad5e24bacc243104,sacredflame_computer_01_c9r12.tgm.header,Tiny.VB,28555837,323
8080474e2316fc12,sacredflame_computer_01_c9r13.tgm,Streaming/Content/data/balance/worldareas/D2/mapuberboss_ritual.vworld,595965,82209
a03889115a0c2b6a,sacredflame_computer_01_c9r13.tgm.header,Tiny.V6,28300253,363
09971a01a3e47f68,sacredflame_computer_01_c9r14.tgm,Streaming/Content/data/balance/worldareas/D5/mapprecursortowerdesert.vworld,346640,84329
1c8366e58f03e4c5,sacredflame_computer_01_c9r14.tgm.header,Tiny.VA,28519445,363
df2fbc82463153aa,sacredflame_computer_01_c9r15.tgm,Streaming/Content/data/balance/worldareas/40/mapuberboss_divinity.vworld,741127,174425
b245541be2812f9f,sacredflame_computer_01_c9r15.tgm.header,Tiny.VD,28339718,2003
5133d57b69daef47,sacredflame_computer_01_c9r16.tgm,Streaming/Content/data/balance/worldareas/D7/mapuberboss_monolith.vworld,0,8467
85e0a26476f07674,sacredflame_computer_01_c9r16.tgm.header,Tiny.V5,27881156,323
244da76d0a7af2f0,sacredflame_computer_01_c9r17.tgm,Streaming/Content/data/balance/worldareas/D1/mapgeode.vworld,444435,7965
7b237e9f7dd8046f,sacredflame_computer_01_c9r17.tgm.header,Tiny.V0,28622737,323
9d08fc4d7b064f16,sacredflame_computer_01_c9r18.tgm,Streaming/Content/data/balance/worldareas/00/mapuberboss_monolith.vworld,9429,9853
cbf81debdc8e1226,sacredflame_computer_01_c9r18.tgm.header,Tiny.V9,28758761,323
61f3da48b03bee16,sacredflame_computer_01_c9r19.tgm,Streaming/Content/data/balance/worldareas/73/bossrush_area3.vworld.1,388830,9389
66bb1757ca42fb92,sacredflame_computer_01_c9r19.tgm.header,Tiny.VB,28556160,323
e62e254808875273,sacredflame_computer_01_c9r2.tgm,Streaming/Content/data/balance/worldareas/0B/mapuberboss_monolith.vworld,1398276,23637
607162e8c8b7bcef,sacredflame_computer_01_c9r2.tgm.header,Tiny.VC,28544136,403
84b4bb474cb6f564,sacredflame_computer_01_c9r20.tgm,Streaming/Content/data/balance/worldareas/A7/mapprecursortowerdesert.vworld,871805,9211
7f405ce37c270e1d,sacredflame_computer_01_c9r20.tgm.header,Tiny.V4,28609449,323
59e07ef0265e5375,sacredflame_computer_01_c9r21.tgm,Streaming/Content/data/balance/worldareas/69/g2_9_1.vworld,503255,7315
7359f2143a7de8fc,sacredflame_computer_01_c9r21.tgm.header,Tiny.V6,28300616,323
cbca4357ca244392,sacredflame_computer_01_c9r22.tgm,Streaming/Content/data/balance/worldareas/2A/mapuberboss_monolith.vworld,8613,6087
2415ea6b83943cb4,sacredflame_computer_01_c9r22.tgm.header,Tiny.VD,28341721,403
2b8e39cb9ff419ed,sacredflame_computer_01_c9r23.tgm,Streaming/Content/data/balance/worldareas/C8/mapuberboss_monolith.vworld,5592580,6887
fb342af9e24900b0,sacredflame_computer_01_c9r23.tgm.header,Tiny.V7,28329839,323
3f7c7c08e5651d1d,sacredflame_computer_01_c9r24.tgm,Streaming/Content/data/balance/worldareas/B7/mapuberboss_monolith.vworld,5592580,64739
fa954ed78b7fe6ba,sacredflame_computer_01_c9r24.tgm.header,Tiny.VB,28556483,763
99b0903330e62d22,sacredflame_computer_01_c8r3.tgm,Streaming/Content/data/balance/worldareas/53/mapuberboss_monolith.vworld,53407,35043
938974fc306520f2,sacredflame_computer_01_c8r3.tgm.header,Tiny.V4,28608742,443
dac8aebb3577cf07,sacredflame_computer_01_c8r4.tgm,Streaming/Content/data/balance/worldareas/8D/mapuberboss_monolith.vworld,5665015,35763
7b6fb32909e8c6ef,sacredflame_computer_01_c8r4.tgm.header,Tiny.V2,28429540,483
8295a764a0a848a3,sacredflame_computer_01_c8r5.tgm,Streaming/Content/data/balance/worldareas/37/g2_9_1.vworld,544443,11263
3fdbb56654338713,sacredflame_computer_01_c8r5.tgm.header,Tiny.V8,28343813,323
607004153206bc54,sacredflame_computer_01_c8r6.tgm,Streaming/Content/data/balance/worldareas/DD/g2_9_1.vworld,449864,5781
990401af00c5d404,sacredflame_computer_01_c8r6.tgm.header,Tiny.V4,28609185,264
4fd9d6b4eeb4a0bc,sacredflame_computer_01_c8r7.tgm,Streaming/Content/data/balance/worldareas/B2/expeditionsubarea_blackknightboss.vworld,516445,6055
8667b0bae336f4ad,sacredflame_computer_01_c8r7.tgm.header,Tiny.V1,28291617,264
0fab850fde82f5b0,sacredflame_computer_01_c8r8.tgm,Streaming/Content/data/balance/worldareas/37/g2_9_1.vworld,555706,5101
601687726e1dbf86,sacredflame_computer_01_c8r8.tgm.header,Tiny.V5,27880892,264
5f6049b66031c27b,sacredflame_computer_01_c8r9.tgm,Tiny.VA,28516196,3249
315f1c75e4902583,sacredflame_computer_01_c8r9.tgm.header,Tiny.V8,28344136,264
9619f63dd1a9d56e,sacredflame_computer_01_c8r1.tgm,Streaming/Content/data/balance/worldareas/87/mapuberboss_monolith.vworld,2216700,108743
736fa9037c799874,sacredflame_computer_01_c8r1.tgm.header,Tiny.VA,28515273,923
9f4b7c34a40fcc1a,sacredflame_computer_01_c8r10.tgm,Streaming/Content/data/balance/worldareas/E1/mapuberboss_delirium.vworld,450655,4731
fe33e282d99f3a5d,sacredflame_computer_01_c8r10.tgm.header,Tiny.V4,28607792,264
77a627ffad92d885,sacredflame_computer_01_c8r11.tgm,Streaming/Content/data/balance/worldareas/6B/mapport.vworld,36139,8891
4744e436875fabea,sacredflame_computer_01_c8r11.tgm.header,Tiny.VC,28543167,363
11677cfc42a5d6b5,sacredflame_computer_01_c8r12.tgm,Streaming/Content/data/balance/worldareas/72/g_login.vworld,498876,12581
e842f1a6e6b44109,sacredflame_computer_01_c8r12.tgm.header,Tiny.V9,28756315,323
84cfaa4afbc9aa68,sacredflame_computer_01_c8r13.tgm,Streaming/Content/data/balance/worldareas/5B/mapuberboss_monolith.vworld,0,11399
a8194f5f9325a60a,sacredflame_computer_01_c8r13.tgm.header,Tiny.V0,28620439,283
52f9fcf0b5879a49,sacredflame_computer_01_c8r14.tgm,Streaming/Content/data/balance/worldareas/46/mapuberboss_monolith.vworld,1398276,11069
26d95ff4b9a03feb,sacredflame_computer_01_c8r14.tgm.header,Tiny.V0,28620722,323
0b002b00f14c7f9e,sacredflame_computer_01_c8r15.tgm,Streaming/Content/data/balance/worldareas/7C/mapuberboss_monolith.vworld,5592580,9689
b7c78e246148868d,sacredflame_computer_01_c8r15.tgm.header,Tiny.V7,28329233,323
2a052a46529e0f68,sacredflame_computer_01_c8r16.tgm,Streaming/Content/data/balance/worldareas/E8/mapuberboss_monolith.vworld,5592580,10445
4bc00ffdf24d6dc9,sacredflame_computer_01_c8r16.tgm.header,Tiny.V4,28608056,323
e88b4e99dc00b8b7,sacredflame_computer_01_c8r17.tgm,Streaming/Content/data/balance/worldareas/mapbluff.vworld,532563,9021
2c789feed229d696,sacredflame_computer_01_c8r17.tgm.header,Tiny.V7,28329556,283
42c89c6af4f8f36c,sacredflame_computer_01_c8r18.tgm,Streaming/Content/data/balance/worldareas/EF/mapuberboss_monolith.vworld,6990856,8677
1e134eb7ed592209,sacredflame_computer_01_c8r18.tgm.header,Tiny.VD,28339435,283
7e16741fa8ad5c19,sacredflame_computer_01_c8r19.tgm,Streaming/Content/data/balance/worldareas/43/g2_9_1.vworld,703615,7449
64575c83593fb665,sacredflame_computer_01_c8r19.tgm.header,Tiny.VC,28543530,283
f3f52b28bc837605,sacredflame_computer_01_c8r2.tgm,Streaming/Content/data/balance/worldareas/49/mapuberboss_monolith.vworld,6909766,32983
5c41e9739fa0a34e,sacredflame_computer_01_c8r2.tgm.header,Tiny.V0,28621045,403
363b2d58fb4fb3c0,sacredflame_computer_01_c8r20.tgm,Streaming/Content/data/balance/worldareas/BF/g4_8a.vworld,550142,6081
38d289f486988e07,sacredflame_computer_01_c8r20.tgm.header,Tiny.V0,28621448,283
901d72aaf9bbad5a,sacredflame_computer_01_c8r21.tgm,Streaming/Content/data/balance/worldareas/E0/mapmothersoul_male_quest.vworld,338259,5705
881f6af12a65b194,sacredflame_computer_01_c8r21.tgm.header,Tiny.V0,28621731,283
f185c1ddbc26fd6b,sacredflame_computer_01_c8r22.tgm,Streaming/Content/data/balance/worldareas/64/mapuberboss_monolith.vworld,7281,5609
6eb430c9679dd1b7,sacredflame_computer_01_c8r22.tgm.header,Tiny.V4,28608379,363
295e2747b54f0455,sacredflame_computer_01_c8r23.tgm,Streaming/Content/data/balance/worldareas/BC/mapgeode.vworld,507585,6787
7429bc397ce29a49,sacredflame_computer_01_c8r23.tgm.header,Tiny.VC,28543813,323
8dd825c8f6840253,sacredflame_computer_01_c8r24.tgm,Streaming/Content/data/balance/worldareas/9B/mapuberboss_monolith.vworld,1868612,553059
712be38446314377,sacredflame_computer_01_c8r24.tgm.header,Tiny.V9,28756638,2123
e9e0856f91f89fda,sacredflame_computer_01_c7r3.tgm,Tiny.V3,28041118,3269
dc881a895f7bf673,sacredflame_computer_01_c7r3.tgm.header,Tiny.V0,28617548,264
3f1a567f9f52c25e,sacredflame_computer_01_c7r4.tgm,Streaming/Content/data/balance/worldareas/5D/mapuberboss_monolith.vworld,6431,40747
7a3d51c1ec6c7e4d,sacredflame_computer_01_c7r4.tgm.header,Tiny.V2,28429097,443
11567a8f9be78407,sacredflame_computer_01_c7r5.tgm,Streaming/Content/data/balance/worldareas/4D/mapgeode.vworld,580142,37973
948f1e53fb0f587d,sacredflame_computer_01_c7r5.tgm.header,Tiny.VF,28572386,403
891ee4453c571594,sacredflame_computer_01_c7r6.tgm,Streaming/Content/data/balance/worldareas/DC/g4_8a.vworld,477764,6629
20b3c1e47950ffde,sacredflame_computer_01_c7r6.tgm.header,Tiny.V5,27880364,264
d27e68b36dceae58,sacredflame_computer_01_c7r7.tgm,Streaming/Content/data/balance/worldareas/22/g4_8a.vworld,417916,5579
91e2f124284908ed,sacredflame_computer_01_c7r7.tgm.header,Tiny.V0,28617812,264
b2a15e301121e83d,sacredflame_computer_01_c7r8.tgm,Streaming/Content/data/balance/worldareas/98/mapuberboss_monolith.vworld,5598817,1731613
49693fc68cf1162b,sacredflame_computer_01_c7r8.tgm.header,Tiny.V0,28618076,2363
5fb95e530071784b,sacredflame_computer_01_c7r9.tgm,Streaming/Content/data/balance/worldareas/A9/mapuberboss_monolith.vworld,7503,4783
5683a42bcdcfcdd4,sacredflame_computer_01_c7r9.tgm.header,Tiny.V5,27880628,264
b99a3dc1ae0a2dbf,sacredflame_computer_01_c7r1.tgm,Streaming/Content/data/balance/worldareas/E9/mapuberboss_monolith.vworld,719139,68067
54ce8d7ccbb58f2b,sacredflame_computer_01_c7r1.tgm.header,Tiny.VA,28512643,523
3c59605c12db0cde,sacredflame_computer_01_c7r10.tgm,Streaming/Content/data/balance/worldareas/42/mapuberboss_delirium.vworld,512681,4503
ba939bc5c97cd922,sacredflame_computer_01_c7r10.tgm.header,Tiny.VA,28513166,264
7dcd1ea27efe7801,sacredflame_computer_01_c7r11.tgm,Streaming/Content/data/balance/worldareas/F5/mapuberboss_monolith.vworld,855837,4121
15e52ec845eeab3d,sacredflame_computer_01_c7r11.tgm.header,Tiny.V9,28756032,283
97018c7bbbcc879b,sacredflame_computer_01_c7r12.tgm,Streaming/Content/data/balance/worldareas/0A/mapuberboss_monolith.vworld,0,4961
1e68e7424f3ccc93,sacredflame_computer_01_c7r12.tgm.header,Tiny.V0,28617020,264
4f4e0e13a2a57c5b,sacredflame_computer_01_c7r13.tgm,Streaming/Content/data/balance/worldareas/3C/mapuberboss_monolith.vworld,5598483,7161
5e8e6465a7dc5f84,sacredflame_computer_01_c7r13.tgm.header,Tiny.V6,28296263,264
ab2e4535190c1932,sacredflame_computer_01_c7r14.tgm,Streaming/Content/data/balance/worldareas/CB/g2_9_1.vworld,424402,6285
179e2f3163a33013,sacredflame_computer_01_c7r14.tgm.header,Tiny.V3,28040854,264
18371d5ed56c7330,sacredflame_computer_01_c7r15.tgm,Streaming/Content/data/balance/worldareas/96/mapuberboss_monolith.vworld,0,917559
eecdb1f0b577fc74,sacredflame_computer_01_c7r15.tgm.header,Tiny.VA,28513430,1843
e52ffac3bb10e11e,sacredflame_computer_01_c7r16.tgm,Streaming/Content/data/balance/worldareas/A7/mapprecursortowerdesert.vworld,863714,8091
9feed380aadf5677,sacredflame_computer_01_c7r16.tgm.header,Tiny.V1,28288446,264
856686ff76dbfbf7,sacredflame_computer_01_c7r17.tgm,Streaming/Content/data/balance/worldareas/E2/hideoutsacrifice.vworld,851442,8613
ce90633fd1f05188,sacredflame_computer_01_c7r17.tgm.header,Tiny.V5,27879836,264
4664590e6bce4624,sacredflame_computer_01_c7r18.tgm,Streaming/Content/data/balance/worldareas/B2/expeditionsubarea_blackknightboss.vworld,509448,6997
67aa4b4dd8efbf60,sacredflame_computer_01_c7r18.tgm.header,Tiny.V1,28288710,264
7726433004a8bdc3,sacredflame_computer_01_c7r19.tgm,Streaming/Content/data/balance/worldareas/F0/mapuberboss_monolith.vworld,0,6405
8fae1ef30ddaf603,sacredflame_computer_01_c7r19.tgm.header,Tiny.V0,28617284,264
44fa628336c49ccc,sacredflame_computer_01_c7r2.tgm,Streaming/Content/data/balance/worldareas/FD/mapuberboss_monolith.vworld,0,2861601
9cbab72c92dc5780,sacredflame_computer_01_c7r2.tgm.header,Tiny.V6,28296527,3443
2742c9ad0fbb7af2,sacredflame_computer_01_c7r20.tgm,Streaming/Content/data/balance/worldareas/3D/mapuberboss_monolith.vworld,9781616,5361
c4831fb7b71982d5,sacredflame_computer_01_c7r20.tgm.header,Tiny.V7,28328969,264
61a1b728f65df648,sacredflame_computer_01_c7r21.tgm,Streaming/Content/data/balance/worldareas/4A/mapuberboss_monolith.vworld,2803939,4719
7fec7b5153636deb,sacredflame_computer_01_c7r21.tgm.header,Tiny.VF,28572122,264
f2cdb5be1b74bbf0,sacredflame_computer_01_c7r22.tgm,Streaming/Content/data/balance/worldareas/10/mapgeode.vworld,496101,83145
6d740f9fc2887048,sacredflame_computer_01_c7r22.tgm.header,Tiny.V4,28607469,323
ada5649600196d2f,sacredflame_computer_01_c7r23.tgm,Streaming/Content/data/balance/worldareas/A1/g2_9_1.vworld,361315,4535
3b2b7a8d3b570688,sacredflame_computer_01_c7r23.tgm.header,Tiny.V5,27880100,264
5ceccbe4319c760d,sacredflame_computer_01_c7r24.tgm,Streaming/Content/data/balance/worldareas/49/mapuberboss_monolith.vworld,5643875,1265891
82b19831a1d7abb9,sacredflame_computer_01_c7r24.tgm.header,Tiny.V1,28288974,2643
6b7554286f392ac8,sacredflame_computer_01_c6r3.tgm,Tiny.VB,28552256,3053
aa75ec4042dd062d,sacredflame_computer_01_c6r3.tgm.header,Tiny.VB,28555309,264
e6cd19f03e6bc41a,sacredflame_computer_01_c6r4.tgm,Streaming/Content/data/balance/worldareas/49/mapuberboss_monolith.vworld,5592580,51295
28916d749158ad50,sacredflame_computer_01_c6r4.tgm.header,Tiny.VD,28338992,443
975611fde0597bfe,sacredflame_computer_01_c6r5.tgm,Streaming/Content/data/balance/worldareas/11/mapuberboss_monolith.vworld,8733799,39071
33bcdbadcc233ea3,sacredflame_computer_01_c6r5.tgm.header,Tiny.V3,28040451,403
17e3e4c54828842d,sacredflame_computer_01_c6r6.tgm,Streaming/Content/data/balance/worldareas/1C/mapprecursortowerdesert.vworld,466855,4891
d1539d1bc0720ba7,sacredflame_computer_01_c6r6.tgm.header,Tiny.VB,28555573,264
3702086378ea54b2,sacredflame_computer_01_c6r7.tgm,Tiny.V8,28339876,3937
b1013eb6b8dedbb9,sacredflame_computer_01_c6r7.tgm.header,Tiny.VF,28571858,264
b054285b19a5d27e,sacredflame_computer_01_c6r8.tgm,Streaming/Content/data/balance/worldareas/87/mapuberboss_monolith.vworld,6245,2210455
11061f86f0c069f4,sacredflame_computer_01_c6r8.tgm.header,Tiny.V1,28286243,2203
d66d9e86e30ebea3,sacredflame_computer_01_c6r9.tgm,Tiny.V6,28293732,2531
63006e692902d060,sacredflame_computer_01_c6r9.tgm.header,Tiny.V0,28616756,264
a2996cdbfd569339,sacredflame_computer_01_c6r1.tgm,Streaming/Content/data/balance/worldareas/8D/mapuberboss_monolith.vworld,5592580,72435
4c7e21e5933ff73f,sacredflame_computer_01_c6r1.tgm.header,Tiny.VB,28550941,523
2d285f866fd38a06,sacredflame_computer_01_c6r10.tgm,Tiny.V2,28425110,3459
9259d4aaf85679f6,sacredflame_computer_01_c6r10.tgm.header,Tiny.VD,28335103,264
3a6d9a4c720f617e,sacredflame_computer_01_c6r11.tgm,Tiny.VD,28335367,3097
37a7010b93c03d18,sacredflame_computer_01_c6r11.tgm.header,Tiny.V2,28428569,264
6ac920d4cac40a3d,sacredflame_computer_01_c6r12.tgm,Streaming/Content/data/balance/worldareas/6E/mapgeode.vworld,321203,4561
fa0eaf6481b1bd6f,sacredflame_computer_01_c6r12.tgm.header,Tiny.V0,28612403,264
6b5a56d53308c579,sacredflame_computer_01_c6r13.tgm,Streaming/Content/data/balance/worldareas/35/g3_1.vworld,208832,5477
81457ae6284e0539,sacredflame_computer_01_c6r13.tgm.header,Tiny.V2,28428833,264
397bfdad0fa7e923,sacredflame_computer_01_c6r14.tgm,Streaming/Content/data/balance/worldareas/70/mapuberboss_ritual.vworld,538654,6355
a8bf9600a4ccaac8,sacredflame_computer_01_c6r14.tgm.header,Tiny.V3,28040187,264
7558d0656dbf8c20,sacredflame_computer_01_c6r15.tgm,Streaming/Content/data/balance/worldareas/E6/mapprecursortowerdesert.vworld,817939,5725
4c1689cee335c880,sacredflame_computer_01_c6r15.tgm.header,Tiny.VB,28551464,264
1c099eef192a4dc1,sacredflame_computer_01_c6r16.tgm,Streaming/Content/data/balance/worldareas/DB/mapmothersoul_male_quest.vworld,431782,6941
0334e26056f7d96c,sacredflame_computer_01_c6r16.tgm.header,Tiny.VB,28551728,264
a3c2a16b227bb0d5,sacredflame_computer_01_c6r17.tgm,Streaming/Content/data/balance/worldareas/97/mapuberboss_monolith.vworld,88765,5757
150a012923ee5fec,sacredflame_computer_01_c6r17.tgm.header,Tiny.VD,28338464,264
eb72901897995d09,sacredflame_computer_01_c6r18.tgm,Streaming/Content/data/balance/worldareas/4B/mapport.vworld,485000,5571
0a375b5060dac012,sacredflame_computer_01_c6r18.tgm.header,Tiny.VB,28551992,264
492205395c59e6da,sacredflame_computer_01_c6r19.tgm,Streaming/Content/data/balance/worldareas/6E/mapgeode.vworld,325764,5495
94c1b5e6d12d9613,sacredflame_computer_01_c6r19.tgm.header,Tiny.V8,28339612,264
6077bc833ef5a4b9,sacredflame_computer_01_c6r2.tgm,Streaming/Content/data/balance/worldareas/FE/mapgreenhouse.vworld,347652,4357
9bc568c78bf19206,sacredflame_computer_01_c6r2.tgm.header,Tiny.VE,28119075,264
563e5f087ca75ca3,sacredflame_computer_01_c6r20.tgm,Streaming/Content/data/balance/worldareas/1B/g4_8a.vworld,445008,4681
3e848228e3c7005d,sacredflame_computer_01_c6r20.tgm.header,Tiny.VF,28571594,264
57fe85b19af552d3,sacredflame_computer_01_c6r21.tgm,Streaming/Content/data/balance/worldareas/73/bossrush_area3.vworld.1,384187,4643
e6f4ed31e208243e,sacredflame_computer_01_c6r21.tgm.header,Tiny.VD,28338728,264
09a887812d61c768,sacredflame_computer_01_c6r22.tgm,Tiny.V0,28612667,4089
426b649287857c3e,sacredflame_computer_01_c6r22.tgm.header,Tiny.V6,28293449,283
449b1831efa6b740,sacredflame_computer_01_c6r23.tgm,Tiny.VC,28539860,3307
170e965684bf93ba,sacredflame_computer_01_c6r23.tgm.header,Tiny.V7,28328705,264
12d82b91b7329533,sacredflame_computer_01_c6r24.tgm,Streaming/Content/data/balance/worldareas/53/mapuberboss_monolith.vworld,0,53407
c0401d4a092d0bb6,sacredflame_computer_01_c6r24.tgm.header,Tiny.VA,28512200,443
4bed9d1fd6a7cf09,sacredflame_computer_01_c5r3.tgm,Streaming/Content/data/balance/worldareas/93/mapuberboss_monolith.vworld,5922686,46409
4f583a386591709f,sacredflame_computer_01_c5r3.tgm.header,Tiny.VE,28118632,443
c7e7d4f2c57a3f24,sacredflame_computer_01_c5r4.tgm,Streaming/Content/data/balance/worldareas/A2/g2_9_1.vworld,556063,36323
e8a9d06611980ece,sacredflame_computer_01_c5r4.tgm.header,Tiny.V5,27879433,403
de5dd2d843115816,sacredflame_computer_01_c5r5.tgm,Tiny.VC,28535967,3893
98930c9a551ea9ef,sacredflame_computer_01_c5r5.tgm.header,Tiny.V9,28755768,264
9cd73ceabfd3fc2e,sacredflame_computer_01_c5r6.tgm,Streaming/Content/data/balance/worldareas/23/mapgeode.vworld,531872,4987
d5e2ee4e6762cf63,sacredflame_computer_01_c5r6.tgm.header,Tiny.VD,28334839,264
9a13761183a8b416,sacredflame_computer_01_c5r7.tgm,Tiny.V1,28282354,3625
302fa64e4300b445,sacredflame_computer_01_c5r7.tgm.header,Tiny.V1,28285979,264
ea0d152678cf3964,sacredflame_computer_01_c5r8.tgm,Streaming/Content/data/balance/worldareas/3E/mapuberboss_monolith.vworld,0,4477
4e8957e20bab6fb9,sacredflame_computer_01_c5r8.tgm.header,Tiny.V4,28603554,264
ef92d9fb3e4af5ad,sacredflame_computer_01_c5r9.tgm,Tiny.V4,28603818,3651
637d35819f20bbbc,sacredflame_computer_01_c5r9.tgm.header,Tiny.V3,28039923,264
c4c0c14d1fab0b50,sacredflame_computer_01_c5r1.tgm,Streaming/Content/data/balance/worldareas/mapbluff.vworld,413504,119059
16113231724d72f4,sacredflame_computer_01_c5r1.tgm.header,Tiny.V6,28291854,803
f085ff20eb8a12ab,sacredflame_computer_01_c5r10.tgm,Streaming/Content/data/balance/worldareas/72/g_login.vworld,494399,4477
3c4f036c50535481,sacredflame_computer_01_c5r10.tgm.header,Tiny.V6,28292657,264
a8b47a35c6028823,sacredflame_computer_01_c5r11.tgm,Streaming/Content/data/balance/worldareas/3C/mapuberboss_monolith.vworld,5592580,5903
348282937e26bbf9,sacredflame_computer_01_c5r11.tgm.header,Tiny.V6,28292921,264
a74c948ac9b63b8a,sacredflame_computer_01_c5r12.tgm,Streaming/Content/data/balance/worldareas/E2/hideoutsacrifice.vworld,842331,9111
b7bf0aa78375f6a4,sacredflame_computer_01_c5r12.tgm.header,Tiny.V1,28281687,264
7dbf8575b47e883d,sacredflame_computer_01_c5r13.tgm,Streaming/Content/data/balance/worldareas/4D/mapgeode.vworld,571031,9111
8e695f68dcd0aba3,sacredflame_computer_01_c5r13.tgm.header,Tiny.V9,28754976,264
62d2e5fea2fa6a94,sacredflame_computer_01_c5r14.tgm,Streaming/Content/data/balance/worldareas/0D/mapuberboss_monolith.vworld,8393395,9753
2b7e384670cd48af,sacredflame_computer_01_c5r14.tgm.header,Tiny.V6,28293185,264
eece0c69c80cab7f,sacredflame_computer_01_c5r15.tgm,Streaming/Content/data/balance/worldareas/55/mapport.vworld,300304,8729
041ae63fff93cd9d,sacredflame_computer_01_c5r15.tgm.header,Tiny.V4,28603290,264
31db0fa657641c90,sacredflame_computer_01_c5r16.tgm,Streaming/Content/data/balance/worldareas/FC/g2_9_1.vworld,282412,8729
11ca32ce9d0f0351,sacredflame_computer_01_c5r16.tgm.header,Tiny.V9,28755240,264
edb2569e806572c2,sacredflame_computer_01_c5r17.tgm,Streaming/Content/data/balance/worldareas/C2/mapuberboss_monolith.vworld,5597707,7647
d1742033d6eae4cf,sacredflame_computer_01_c5r17.tgm.header,Tiny.VB,28550677,264
f2231847a056650e,sacredflame_computer_01_c5r18.tgm,Streaming/Content/data/balance/worldareas/13/g4_8a.vworld,269155,7837
efcc746f91308fd5,sacredflame_computer_01_c5r18.tgm.header,Tiny.VF,28571330,264
58e6127a15c5e38a,sacredflame_computer_01_c5r19.tgm,Streaming/Content/data/balance/worldareas/6F/mapmothersoul_male_quest.vworld,437099,7067
7d33d9b7ff2f99bd,sacredflame_computer_01_c5r19.tgm.header,Tiny.V9,28755504,264
fbf5c4c0da0c1737,sacredflame_computer_01_c5r2.tgm,Streaming/Content/data/balance/worldareas/FC/g2_9_1.vworld,291141,35825
a006d6867f8506d6,sacredflame_computer_01_c5r2.tgm.header,Tiny.V1,28281951,403
10cebe1c10ecade1,sacredflame_computer_01_c5r20.tgm,Streaming/Content/data/balance/worldareas/CC/mapuberboss_monolith.vworld,0,5547
d493f2b126b06cc5,sacredflame_computer_01_c5r20.tgm.header,Tiny.V8,28335793,264
48a45cb1df6689b2,sacredflame_computer_01_c5r21.tgm,Streaming/Content/data/balance/worldareas/83/g2_9_1.vworld,511626,5533
c0cd9213878b7811,sacredflame_computer_01_c5r21.tgm.header,Tiny.V7,28328441,264
ba0e62dc78b03488,sacredflame_computer_01_c5r22.tgm,Streaming/Content/data/balance/worldareas/7E/mapuberboss_monolith.vworld,5592580,4255
61bfbe03710cdf5d,sacredflame_computer_01_c5r22.tgm.header,Tiny.V5,27879150,283
165a6dcd8c56761d,sacredflame_computer_01_c5r23.tgm,Tiny.V8,28336057,3555
b68fe05618d1266c,sacredflame_computer_01_c5r23.tgm.header,Tiny.VC,28535703,264
b2d4697203c2e4ff,sacredflame_computer_01_c5r24.tgm,Streaming/Content/data/balance/worldareas/A7/mapprecursortowerdesert.vworld,806687,57027
8df7095c24ff6a4e,sacredflame_computer_01_c5r24.tgm.header,Tiny.VD,28334396,443
3b09b392cf84480e,sacredflame_computer_01_c4r3.tgm,Streaming/Content/data/balance/worldareas/1E/mapgeode.vworld,303204,15127
c30c1e282dd6d17a,sacredflame_computer_01_c4r3.tgm.header,Tiny.V3,28038544,323
b475732d135879df,sacredflame_computer_01_c4r4.tgm,Tiny.V5,27875111,4039
d610da8047692a20,sacredflame_computer_01_c4r4.tgm.header,Tiny.V3,28038867,264
9b65dff9d5ffd281,sacredflame_computer_01_c4r5.tgm,Tiny.VB,28547128,3549
b05a12f46757b654,sacredflame_computer_01_c4r5.tgm.header,Tiny.V3,28039131,264
03e5d74b191a5f81,sacredflame_computer_01_c4r6.tgm,Streaming/Content/data/balance/worldareas/A7/mapprecursortowerdesert.vworld,802476,4211
17a18b11e7251c95,sacredflame_computer_01_c4r6.tgm.header,Tiny.V1,28281423,264
8938a5b4cabcb75a,sacredflame_computer_01_c4r7.tgm,Tiny.V8,28331840,3689
d86f81389e27a014,sacredflame_computer_01_c4r7.tgm.header,Tiny.V3,28039395,264
7533bf24922f3916,sacredflame_computer_01_c4r8.tgm,Streaming/Content/data/balance/worldareas/4F/mapuberboss_monolith.vworld,3816782,4465
911f4bbfc78f4a1d,sacredflame_computer_01_c4r8.tgm.header,Tiny.V3,28039659,264
ba841f272862c0b0,sacredflame_computer_01_c4r9.tgm,Tiny.VF,28568583,2747
f2dfa894d9dcf0df,sacredflame_computer_01_c4r9.tgm.header,Tiny.V8,28335529,264
893f46353391592c,sacredflame_computer_01_c4r1.tgm,Streaming/Content/data/balance/worldareas/12/mapuberboss_monolith.vworld,2796364,44575
fc5f38b5cac8466d,sacredflame_computer_01_c4r1.tgm.header,Tiny.V7,28327694,483
58fef7ad821208df,sacredflame_computer_01_c4r10.tgm,Tiny.V0,28607135,3345
3ec29c0abc0e0c78,sacredflame_computer_01_c4r10.tgm.header,Tiny.V6,28291590,264
23f9c75634e38be2,sacredflame_computer_01_c4r11.tgm,Streaming/Content/data/balance/worldareas/F5/mapuberboss_monolith.vworld,0,855837
91c6db2d7a728e33,sacredflame_computer_01_c4r11.tgm.header,Content/data/balance/worldareas/mapuberboss_monolith.vworld,1635133,4523
4648efbaf9834455,sacredflame_computer_01_c4r12.tgm,Streaming/Content/data/balance/worldareas/30/mapuberboss_monolith.vworld,0,7347
0fbca8bdf55888c9,sacredflame_computer_01_c4r12.tgm.header,Tiny.VE,28118368,264
bd1eff91ed6a4f4b,sacredflame_computer_01_c4r13.tgm,Streaming/Content/data/balance/worldareas/4E/mapuberboss_monolith.vworld,5613397,9193
94d03686d59e7373,sacredflame_computer_01_c4r13.tgm.header,Tiny.V4,28603026,264
d1e1271e6d7d86ed,sacredflame_computer_01_c4r14.tgm,Streaming/Content/data/balance/worldareas/72/g_login.vworld,484792,9607
6e9547a66cc2d318,sacredflame_computer_01_c4r14.tgm.header,Tiny.V8,28331576,264
049b8ee683350677,sacredflame_computer_01_c4r15.tgm,Streaming/Content/data/balance/worldareas/30/mapuberboss_monolith.vworld,7347,174909
226868df65d744f4,sacredflame_computer_01_c4r15.tgm.header,Tiny.V0,28610480,1923
a972e05f84a56623,sacredflame_computer_01_c4r16.tgm,Streaming/Content/data/balance/worldareas/00/mapuberboss_monolith.vworld,0,9429
96587b00c48b3e1b,sacredflame_computer_01_c4r16.tgm.header,Tiny.V2,28424318,264
93bbc4c96b4b9a14,sacredflame_computer_01_c4r17.tgm,Streaming/Content/data/balance/worldareas/8B/g3_1.vworld,451194,8385
565c3220c824e67f,sacredflame_computer_01_c4r17.tgm.header,Tiny.VB,28546600,264
57a58da7055519b9,sacredflame_computer_01_c4r18.tgm,Streaming/Content/data/balance/worldareas/28/g4_8a.vworld,424111,8245
db76257b0509eb99,sacredflame_computer_01_c4r18.tgm.header,Tiny.V5,27874524,264
06017e693a090dcb,sacredflame_computer_01_c4r19.tgm,Streaming/Content/data/balance/worldareas/E5/g2_9_1.vworld,471042,6985
61e7225e5cef5a88,sacredflame_computer_01_c4r19.tgm.header,Tiny.V2,28424582,264
e3c59dc7624dd9e2,sacredflame_computer_01_c4r2.tgm,Streaming/Content/data/balance/worldareas/68/mapprecursortowerdesert.vworld,444503,28521
3e601646abfbf14c,sacredflame_computer_01_c4r2.tgm.header,Tiny.VD,28334073,323
952d27d1ca5646c9,sacredflame_computer_01_c4r20.tgm,Streaming/Content/data/balance/worldareas/5D/mapuberboss_monolith.vworld,0,6431
d2648bae9dd01e16,sacredflame_computer_01_c4r20.tgm.header,Tiny.VB,28546864,264
9738920794b0019a,sacredflame_computer_01_c4r21.tgm,Streaming/Content/data/balance/worldareas/85/g2_2.vworld,417487,6215
e834dc64878c93bf,sacredflame_computer_01_c4r21.tgm.header,Tiny.V7,28328177,264
3e7c8ff2b8357624,sacredflame_computer_01_c4r22.tgm,Streaming/Content/data/balance/worldareas/E0/mapmothersoul_male_quest.vworld,332114,6145
158e1e503ce7b0dd,sacredflame_computer_01_c4r22.tgm.header,Tiny.V5,27874788,323
e216c55beadb3460,sacredflame_computer_01_c4r23.tgm,Tiny.VF,28564672,3911
48cc3d1b81c3b034,sacredflame_computer_01_c4r23.tgm.header,Tiny.V2,28424846,264
96c813f3509e12a8,sacredflame_computer_01_c4r24.tgm,Streaming/Content/data/balance/worldareas/CA/mapuberboss_monolith.vworld,0,54161
53e2f9032cf53302,sacredflame_computer_01_c4r24.tgm.header,Tiny.V9,28754533,443
18f1401d6524ff45,sacredflame_computer_01_c3r3.tgm,Tiny.VB,28540416,2333
b21e55041317cbcd,sacredflame_computer_01_c3r3.tgm.header,Tiny.V0,28606871,264
0f42ad021316bd84,sacredflame_computer_01_c3r4.tgm,Tiny.V3,28031020,3937
363d6750d705b1d8,sacredflame_computer_01_c3r4.tgm.header,Tiny.VF,28564408,264
584a25f8306dea54,sacredflame_computer_01_c3r5.tgm,Tiny.VE,28115093,3275
8037a7b2c4c30b63,sacredflame_computer_01_c3r5.tgm.header,Tiny.V1,28280895,264
f1a4493eee6c92b9,sacredflame_computer_01_c3r6.tgm,Tiny.V3,28034957,3587
097fe3286b47b930,sacredflame_computer_01_c3r6.tgm.header,Tiny.V9,28750882,264
710e61d09c438d59,sacredflame_computer_01_c3r7.tgm,Tiny.V9,28751146,3123
df80d7f72b0bcc12,sacredflame_computer_01_c3r7.tgm.header,Tiny.V9,28754269,264
e8401a2841e06005,sacredflame_computer_01_c3r8.tgm,Tiny.VB,28542749,3587
39cb30857af691a4,sacredflame_computer_01_c3r8.tgm.header,Tiny.V1,28281159,264
7c0350025070efee,sacredflame_computer_01_c3r9.tgm,Tiny.VC,28532988,2715
dd4dc1ef4c7ab066,sacredflame_computer_01_c3r9.tgm.header,Tiny.VB,28546336,264
e7203aadba2be08f,sacredflame_computer_01_c3r1.tgm,Streaming/Content/data/balance/worldareas/AE/mapmothersoul_male_quest.vworld,357933,33453
9e0976389357cadf,sacredflame_computer_01_c3r1.tgm.header,Tiny.V8,28331213,363
7e0e2a8a0d0a9064,sacredflame_computer_01_c3r10.tgm,Tiny.V1,28275057,2983
4c73fd0f6eeb861e,sacredflame_computer_01_c3r10.tgm.header,Tiny.VD,28333545,264
11d0fe1d1e24f733,sacredflame_computer_01_c3r11.tgm,Tiny.V1,28278040,2855
8efb6bd7f3f44bda,sacredflame_computer_01_c3r11.tgm.header,Tiny.VA,28511672,264
597cca7d38deed9e,sacredflame_computer_01_c3r12.tgm,Tiny.V7,28323137,3765
0497b18c8cf2512c,sacredflame_computer_01_c3r12.tgm.header,Tiny.V7,28326902,264
20a17f177dafc6a9,sacredflame_computer_01_c3r13.tgm,Streaming/Content/data/balance/worldareas/54/g4_8a.vworld,282886,5495
093639d144ef5306,sacredflame_computer_01_c3r13.tgm.header,Tiny.VB,28537119,264
9385a04fe36b183e,sacredflame_computer_01_c3r14.tgm,Streaming/Content/data/balance/worldareas/57/mapuberboss_monolith.vworld,0,343327
52e7804406c9dd38,sacredflame_computer_01_c3r14.tgm.header,Tiny.VE,28113970,1123
07d8c0a3b9fd3bf8,sacredflame_computer_01_c3r15.tgm,Streaming/Content/data/balance/worldareas/E2/hideoutsacrifice.vworld,836746,5585
1f4f78b926081152,sacredflame_computer_01_c3r15.tgm.header,Tiny.V3,28026360,264
b892f9540a030bbf,sacredflame_computer_01_c3r16.tgm,Streaming/Content/data/balance/worldareas/3A/g2_9_1.vworld,537426,6107
10168ec21cb585a3,sacredflame_computer_01_c3r16.tgm.header,Tiny.V9,28750354,264
38c1a2960da55386,sacredflame_computer_01_c3r17.tgm,Streaming/Content/data/balance/worldareas/B0/mapuberboss_delirium.vworld,536880,5381
3c2d6a35d3ccf9c9,sacredflame_computer_01_c3r17.tgm.header,Tiny.V7,28327166,264
2549f0c6ff1f788f,sacredflame_computer_01_c3r18.tgm,Streaming/Content/data/balance/worldareas/4D/mapgeode.vworld,564638,6393
23f8c18737d0dd0a,sacredflame_computer_01_c3r18.tgm.header,Tiny.V7,28327430,264
bfbacc6bb2866c7b,sacredflame_computer_01_c3r19.tgm,Streaming/Content/data/balance/worldareas/81/mapgeode.vworld,304727,6629
610e06ca52ecdc0e,sacredflame_computer_01_c3r19.tgm.header,Tiny.V3,28026624,264
7cad203dba9cf505,sacredflame_computer_01_c3r2.tgm,Tiny.VB,28537383,3033
1491dba13a7e984c,sacredflame_computer_01_c3r2.tgm.header,Tiny.V9,28750618,264
0831b93be7e03714,sacredflame_computer_01_c3r20.tgm,Streaming/Content/data/balance/worldareas/9F/mapmothersoul_male_quest.vworld,395344,5909
e0f1cbe0a8dcbe50,sacredflame_computer_01_c3r20.tgm.header,Tiny.VA,28511936,264
ee56416e324c276c,sacredflame_computer_01_c3r21.tgm,Streaming/Content/data/balance/worldareas/A2/g2_9_1.vworld,551674,4389
06660554c32c63d9,sacredflame_computer_01_c3r21.tgm.header,Tiny.V2,28424054,264
fbe295a9f4ef2e23,sacredflame_computer_01_c3r22.tgm,Streaming/Content/data/balance/worldareas/33/g4_8a.vworld,567908,5387
7e9d00806ef63830,sacredflame_computer_01_c3r22.tgm.header,Tiny.VC,28532665,323
4879dd45c7d258a3,sacredflame_computer_01_c3r23.tgm,Tiny.V3,28026888,3689
8d4ae4a44629cb59,sacredflame_computer_01_c3r23.tgm.header,Tiny.VD,28333809,264
297ec81a8cf57a21,sacredflame_computer_01_c3r24.tgm,Streaming/Content/data/balance/worldareas/A7/mapprecursortowerdesert.vworld,754169,48307
8f30ee36a5e21404,sacredflame_computer_01_c3r24.tgm.header,Tiny.V3,28030577,443
c4a293a37963dc79,sacredflame_computer_01_c2r3.tgm,Streaming/Content/data/balance/worldareas/E9/mapuberboss_monolith.vworld,0,719139
3f59dfcce31999bc,sacredflame_computer_01_c2r3.tgm.header,Tiny.V0,28605060,1283
bd68216e94597860,sacredflame_computer_01_c2r4.tgm,Streaming/Content/data/balance/worldareas/4F/mapuberboss_monolith.vworld,6913,3809869
8d2ad9dc91d5e54e,sacredflame_computer_01_c2r4.tgm.header,Tiny.V9,28746751,3603
5d55de8067964161,sacredflame_computer_01_c2r5.tgm,Tiny.VF,28561643,2765
ca0b2717f36f9b5c,sacredflame_computer_01_c2r5.tgm.header,Tiny.V0,28606343,264
2eabcba7b06c2161,sacredflame_computer_01_c2r6.tgm,Tiny.V2,28420887,3167
9a9a7cf0585062d1,sacredflame_computer_01_c2r6.tgm.header,Tiny.V4,28602762,264
2cff777f0b132dcf,sacredflame_computer_01_c2r7.tgm,Tiny.V3,28023527,2569
ce023b79fb3f1d8a,sacredflame_computer_01_c2r7.tgm.header,Tiny.V0,28606607,264
604ffb0a3f2c70ab,sacredflame_computer_01_c2r8.tgm,Tiny.V7,28320384,2753
441e77f9ee17c43e,sacredflame_computer_01_c2r8.tgm.header,Tiny.VA,28511408,264
97d64406a7ad651a,sacredflame_computer_01_c2r9.tgm,Tiny.V1,28272902,2155
49395ab3fbfd6605,sacredflame_computer_01_c2r9.tgm.header,Tiny.V3,28026096,264
99d2643906469d6e,sacredflame_computer_01_c2r1.tgm,Streaming/Content/data/balance/worldareas/A5/g4_8a.vworld,431065,24857
e1216b0324c08d4d,sacredflame_computer_01_c2r1.tgm.header,Tiny.V4,28599414,363
8dcd48d8e7669200,sacredflame_computer_01_c2r10.tgm,Streaming/Content/data/balance/worldareas/C3/mapuberboss_monolith.vworld,264715,1402493
a748c78d4dd740a5,sacredflame_computer_01_c2r10.tgm.header,Tiny.V7,28318821,1563
021bad184744a84a,sacredflame_computer_01_c2r11.tgm,Tiny.V9,28742103,2327
25266bef094301f9,sacredflame_computer_01_c2r11.tgm.header,Tiny.V6,28291326,264
6d1ec69a557665b0,sacredflame_computer_01_c2r12.tgm,Tiny.V4,28599777,2721
e1f8368572c55b00,sacredflame_computer_01_c2r12.tgm.header,Tiny.V2,28416636,264
f823ad69050a1dbc,sacredflame_computer_01_c2r13.tgm,Streaming/Content/data/balance/worldareas/B1/mapuberboss_monolith.vworld,3908851,169201
5e21baf9bd070962,sacredflame_computer_01_c2r13.tgm.header,Tiny.V3,28021604,1923
ea9fab9ed363383f,sacredflame_computer_01_c2r14.tgm,Streaming/Content/data/balance/worldareas/F7/g4_8a.vworld,194056,4917
af33fb4ab7efa738,sacredflame_computer_01_c2r14.tgm.header,Tiny.V4,28602498,264
2ac0f950a30af198,sacredflame_computer_01_c2r15.tgm,Streaming/Content/data/balance/worldareas/83/g2_9_1.vworld,506957,4669
a13572834b8d8b63,sacredflame_computer_01_c2r15.tgm.header,Tiny.VF,28561115,264
936039ab70b77a1e,sacredflame_computer_01_c2r16.tgm,Streaming/Content/data/balance/worldareas/C2/mapuberboss_monolith.vworld,5592580,5127
fb8336db9cf77a11,sacredflame_computer_01_c2r16.tgm.header,Tiny.VC,28528446,264
51d4389e0c29890a,sacredflame_computer_01_c2r17.tgm,Streaming/Content/data/balance/worldareas/85/g2_2.vworld,412042,5445
8ea01741ab7e8881,sacredflame_computer_01_c2r17.tgm.header,Tiny.VE,28113706,264
1fd6ae3a74e2194f,sacredflame_computer_01_c2r18.tgm,Streaming/Content/data/balance/worldareas/9D/expeditionsubarea_blackknightboss.vworld,82670,5591
b53b61ca86209bc0,sacredflame_computer_01_c2r18.tgm.header,Tiny.V5,27870234,264
0e7026ae6911786d,sacredflame_computer_01_c2r19.tgm,Tiny.V2,28416900,3987
18b27e385a3fa447,sacredflame_computer_01_c2r19.tgm.header,Tiny.VC,28528710,264
670673a1243a1359,sacredflame_computer_01_c2r2.tgm,Tiny.V9,28744430,2321
d4988ca6252a1d5e,sacredflame_computer_01_c2r2.tgm.header,Tiny.V8,28330949,264
499d52a2d3a262c4,sacredflame_computer_01_c2r20.tgm,Tiny.VC,28528974,3427
8d8ebd6011ec78a8,sacredflame_computer_01_c2r20.tgm.header,Tiny.VC,28532401,264
3af08d851aef07ca,sacredflame_computer_01_c2r21.tgm,Tiny.V5,27870498,3319
3dc2b9d83c536b42,sacredflame_computer_01_c2r21.tgm.header,Tiny.V5,27873817,264
148f9ed5260a3956,sacredflame_computer_01_c2r22.tgm,Tiny.VA,28507562,3523
ef2d4a952d3b7c4e,sacredflame_computer_01_c2r22.tgm.header,Tiny.VA,28511085,323
653840ae9e5fa3d1,sacredflame_computer_01_c2r23.tgm,Tiny.V0,28602861,2199
e55e93003c14501b,sacredflame_computer_01_c2r23.tgm.header,Tiny.VF,28561379,264
e1b6f05c771a2d48,sacredflame_computer_01_c2r24.tgm,Streaming/Content/data/balance/worldareas/F3/mapbazaar.vworld,292411,36341
8096b37172a13fb5,sacredflame_computer_01_c2r24.tgm.header,Tiny.V5,27874081,443
c59e5521c515a6e8,sacredflame_computer_01_c12r3.tgm,Streaming/Content/data/balance/worldareas/B1/mapuberboss_monolith.vworld,0,3908851
1e55a15d8d3ee7bd,sacredflame_computer_01_c12r3.tgm.header,Content/data/balance/worldareas/mapuberboss_monolith.vworld,1601090,34043
70ccfc747ad362c7,sacredflame_computer_01_c12r4.tgm,Streaming/Content/data/balance/worldareas/38/p2_1.vworld,760593,126525
a15c9aa95a517732,sacredflame_computer_01_c12r4.tgm.header,Tiny.V8,28328500,723
be5dc44588b8db2d,sacredflame_computer_01_c12r5.tgm,Streaming/Content/data/balance/worldareas/A4/mapprecursortowerdesert.vworld,685235,85315
55c25b36f674e2c3,sacredflame_computer_01_c12r5.tgm.header,Tiny.VC,28526877,483
4b66405f7f6ce953,sacredflame_computer_01_c12r6.tgm,Streaming/Content/data/balance/worldareas/9B/mapuberboss_monolith.vworld,1398276,34141
387e16b8944c9a30,sacredflame_computer_01_c12r6.tgm.header,Tiny.V3,28019515,443
21e07d550c212024,sacredflame_computer_01_c12r7.tgm,Streaming/Content/data/balance/worldareas/C0/mapuberboss_ritual.vworld,551771,77357
9724bfd08d6658fa,sacredflame_computer_01_c12r7.tgm.header,Tiny.VC,28527360,683
8485017973d0bc9f,sacredflame_computer_01_c12r8.tgm,Streaming/Content/data/balance/worldareas/F9/mapuberboss_monolith.vworld,0,103895
f319b59ab47a32c9,sacredflame_computer_01_c12r8.tgm.header,Tiny.VF,28560269,483
02ddfc6e1a07106c,sacredflame_computer_01_c12r9.tgm,Streaming/Content/data/balance/worldareas/2C/g3_2_1.vworld,381072,46587
8ebfeb1aa7d43092,sacredflame_computer_01_c12r9.tgm.header,Tiny.V0,28602458,403
820022e6e68e929c,sacredflame_computer_01_c12r1.tgm,Streaming/Content/data/balance/worldareas/20/mapuberboss_monolith.vworld,4194640,219291
94f3a1cde8faf4df,sacredflame_computer_01_c12r1.tgm.header,Tiny.V1,28271176,1123
90a281feb6cb262e,sacredflame_computer_01_c12r10.tgm,Streaming/Content/data/balance/worldareas/38/p2_1.vworld,520622,239971
d0002c8bfd053d6f,sacredflame_computer_01_c12r10.tgm.header,Tiny.V0,28600855,1603
dbf6a77b70562ae2,sacredflame_computer_01_c12r11.tgm,Streaming/Content/data/balance/worldareas/1F/g2_9_1.vworld,478611,244531
9518db49ada0f979,sacredflame_computer_01_c12r11.tgm.header,Tiny.VB,28531347,2403
b8d4cf04f24ed410,sacredflame_computer_01_c12r12.tgm,Streaming/Content/data/balance/worldareas/DF/mapuberboss_monolith.vworld,0,461973
41cdf4916c370d85,sacredflame_computer_01_c12r12.tgm.header,Tiny.V9,28739974,1323
446f4e7e9373f45f,sacredflame_computer_01_c12r13.tgm,Streaming/Content/data/balance/worldareas/50/mapgeode.vworld,174007,42909
95dc66e538525d9f,sacredflame_computer_01_c12r13.tgm.header,Tiny.V4,28596479,403
7b8b39f3d7226604,sacredflame_computer_01_c12r14.tgm,Streaming/Content/data/balance/worldareas/AD/g4_8a.vworld,393491,47499
574b61788d3f7f4a,sacredflame_computer_01_c12r14.tgm.header,Tiny.VA,28504230,443
b879167f823bb1ae,sacredflame_computer_01_c12r15.tgm,Streaming/Content/data/balance/worldareas/0E/g2_9_1.vworld,489000,49113
dd19630e18f5c7bc,sacredflame_computer_01_c12r15.tgm.header,Tiny.VC,28524588,443
f6eb7cbf893ae710,sacredflame_computer_01_c12r16.tgm,Streaming/Content/data/balance/worldareas/9A/mapport.vworld.1,413472,50965
afaba55f21fe4366,sacredflame_computer_01_c12r16.tgm.header,Tiny.V4,28596882,483
1a4184eba8e4b494,sacredflame_computer_01_c12r17.tgm,Streaming/Content/data/balance/worldareas/58/mapuberboss_monolith.vworld,5592580,46843
6de201fa89601165,sacredflame_computer_01_c12r17.tgm.header,Tiny.V7,28317495,483
f50113f814c79a6b,sacredflame_computer_01_c12r18.tgm,Streaming/Content/data/balance/worldareas/3D/mapuberboss_monolith.vworld,9722143,59473
c780df1ecff3f143,sacredflame_computer_01_c12r18.tgm.header,Tiny.V8,28328017,483
487b3c4a3a9cdd83,sacredflame_computer_01_c12r19.tgm,Streaming/Content/data/balance/worldareas/BD/mapgeode.vworld,496040,56483
acb737a46cf17666,sacredflame_computer_01_c12r19.tgm.header,Tiny.V5,27867945,483
e7da3dded485851b,sacredflame_computer_01_c12r2.tgm,Streaming/Content/data/balance/worldareas/11/mapuberboss_monolith.vworld,0,8733799
9f032e8adaa55fb3,sacredflame_computer_01_c12r2.tgm.header,Content/data/balance/worldareas/mapuberboss_monolith.vworld,1583527,17563
55c899d5de638627,sacredflame_computer_01_c12r20.tgm,Streaming/Content/data/balance/worldareas/CD/expeditionsubarea_blackknightboss.vworld,434619,51583
7498a9e8d4bac090,sacredflame_computer_01_c12r20.tgm.header,Tiny.VA,28504673,443
4f5334529fe08cf0,sacredflame_computer_01_c12r21.tgm,Streaming/Content/data/balance/worldareas/79/p2_1.vworld,502872,44195
966920b48d908e62,sacredflame_computer_01_c12r21.tgm.header,Tiny.V3,28019032,483
7d976af9715c25a9,sacredflame_computer_01_c12r22.tgm,Streaming/Content/data/balance/worldareas/D8/mapuberboss_monolith.vworld,5592580,38523
c72406915dbc612c,sacredflame_computer_01_c12r22.tgm.header,Tiny.V5,27868428,723
b93cf58526cf3129,sacredflame_computer_01_c12r23.tgm,Streaming/Content/data/balance/worldareas/04/mapuberboss_monolith.vworld,5592580,27897
b83f527f7fc3123b,sacredflame_computer_01_c12r23.tgm.header,Tiny.VC,28525031,443
9097312606fb557b,sacredflame_computer_01_c12r24.tgm,Streaming/Content/data/balance/worldareas/C3/mapuberboss_monolith.vworld,0,264715
ca4ee604e309ac1f,sacredflame_computer_01_c12r24.tgm.header,Tiny.VC,28525474,1403
54f7862bc30c861b,sacredflame_computer_01_c11r3.tgm,Streaming/Content/data/balance/worldareas/5C/mapport.vworld,400406,174313
869485dec8a90866,sacredflame_computer_01_c11r3.tgm.header,Tiny.V2,28411944,1963
e92b0f1e9736e5bd,sacredflame_computer_01_c11r4.tgm,Streaming/Content/data/balance/worldareas/2A/mapuberboss_monolith.vworld,0,8613
ad3a50f7b063b077,sacredflame_computer_01_c11r4.tgm.header,Tiny.V6,28289800,283
9e9f210c251d0160,sacredflame_computer_01_c11r5.tgm,Streaming/Content/data/balance/worldareas/75/mapuberboss_ritual.vworld,530288,7697
b7f2bd80018ce088,sacredflame_computer_01_c11r5.tgm.header,Tiny.V4,28596196,283
8759777fc73ce023,sacredflame_computer_01_c11r6.tgm,Streaming/Content/data/balance/worldareas/EE/mapuberboss_monolith.vworld,5598927,5679
de370ab7d57d8281,sacredflame_computer_01_c11r6.tgm.header,Tiny.V0,28600572,283
1779a892774d583b,sacredflame_computer_01_c11r7.tgm,Streaming/Content/data/balance/worldareas/0D/mapuberboss_monolith.vworld,8388944,4451
1183c6eb50507178,sacredflame_computer_01_c11r7.tgm.header,Tiny.VD,28333262,283
42d2b11e7570d6f1,sacredflame_computer_01_c11r8.tgm,Streaming/Content/data/balance/worldareas/1D/maparidplains.vworld,347119,4941
5ef34b620e7e3a65,sacredflame_computer_01_c11r8.tgm.header,Tiny.V1,28270893,283
f930b3807984a0c9,sacredflame_computer_01_c11r9.tgm,Tiny.V8,28324438,3579
23e3ceb613fa6ab1,sacredflame_computer_01_c11r9.tgm.header,Tiny.V2,28413907,283
ff80faf5e494a734,sacredflame_computer_01_c11r1.tgm,Streaming/Content/data/balance/worldareas/93/mapuberboss_monolith.vworld,5592580,68687
4fced7b60d13b819,sacredflame_computer_01_c11r1.tgm.header,Tiny.VA,28499135,603
34e75d2c324b7f99,sacredflame_computer_01_c11r10.tgm,Streaming/Content/data/balance/worldareas/3D/mapuberboss_monolith.vworld,8461748,1260395
3e1011e8d2a613cd,sacredflame_computer_01_c11r10.tgm.header,Tiny.VA,28499738,1843
5216b31a44118968,sacredflame_computer_01_c11r11.tgm,Streaming/Content/data/balance/worldareas/59/mapuberboss_delirium.vworld,509513,4747
8f8bc2069fa0fc63,sacredflame_computer_01_c11r11.tgm.header,Tiny.V6,28289437,363
5c092bcbeb6cce9c,sacredflame_computer_01_c11r12.tgm,Streaming/Content/data/balance/worldareas/60/mapport.vworld,394445,6899
176cf02c169925d2,sacredflame_computer_01_c11r12.tgm.header,Tiny.V2,28411661,283
5f21b4cef1eca394,sacredflame_computer_01_c11r13.tgm,Streaming/Content/data/balance/worldareas/2E/p2_1.vworld,531346,173699
059d89dcd52e9fa3,sacredflame_computer_01_c11r13.tgm.header,Tiny.VA,28501581,2003
8b45a33a07223f37,sacredflame_computer_01_c11r14.tgm,Streaming/Content/data/balance/worldareas/7A/mapuberboss_ritual.vworld,344290,10427
22744c54c00df8c7,sacredflame_computer_01_c11r14.tgm.header,Tiny.V7,28317172,323
5060f74803861b9f,sacredflame_computer_01_c11r15.tgm,Streaming/Content/data/balance/worldareas/8E/mapgeode.vworld,431003,8465
62a2a258e5d78c18,sacredflame_computer_01_c11r15.tgm.header,Tiny.V5,27867622,323
1e2633e5b0bbbe89,sacredflame_computer_01_c11r16.tgm,Streaming/Content/data/balance/worldareas/D2/mapuberboss_ritual.vworld,586870,9095
2bf274a723368c72,sacredflame_computer_01_c11r16.tgm.header,Tiny.VF,28559623,323
96b61be4a30d7e9e,sacredflame_computer_01_c11r17.tgm,Streaming/Content/data/balance/worldareas/91/mapuberboss_monolith.vworld,0,7989
6bdf59b30372d95c,sacredflame_computer_01_c11r17.tgm.header,Tiny.V0,28599926,323
dfe6074d46b37f99,sacredflame_computer_01_c11r18.tgm,Streaming/Content/data/balance/worldareas/60/mapport.vworld,401344,9433
dc8f17e5e33f145a,sacredflame_computer_01_c11r18.tgm.header,Tiny.V0,28600249,323
6e030b0f02d377fa,sacredflame_computer_01_c11r19.tgm,Streaming/Content/data/balance/worldareas/35/g3_1.vworld,202651,6181
16d4680a683dd4a6,sacredflame_computer_01_c11r19.tgm.header,Tiny.VF,28559946,323
32cfebc81156d2c2,sacredflame_computer_01_c11r2.tgm,Streaming/Content/data/balance/worldareas/89/mapuberboss_monolith.vworld,877249,8633
35856073fd8e96a0,sacredflame_computer_01_c11r2.tgm.header,Tiny.V8,28324155,283
b955433913bf0eef,sacredflame_computer_01_c11r20.tgm,Streaming/Content/data/balance/worldareas/DB/mapmothersoul_male_quest.vworld,425385,6397
c7dde09af5dacbe8,sacredflame_computer_01_c11r20.tgm.header,Tiny.VA,28503584,323
fc27cb3431aab880,sacredflame_computer_01_c11r21.tgm,Streaming/Content/data/balance/worldareas/87/mapuberboss_monolith.vworld,0,6245
f9d51a3c66360ed6,sacredflame_computer_01_c11r21.tgm.header,Tiny.VA,28503907,323
d8bd57bdd33acf00,sacredflame_computer_01_c11r22.tgm,Streaming/Content/data/balance/worldareas/A9/mapuberboss_monolith.vworld,0,7503
0478c8cf957c4c0e,sacredflame_computer_01_c11r22.tgm.header,Tiny.VD,28332819,443
5781ad0e2b1dcc28,sacredflame_computer_01_c11r23.tgm,Streaming/Content/data/balance/worldareas/A7/mapprecursortowerdesert.vworld,746370,7799
613277e7dfa96b78,sacredflame_computer_01_c11r23.tgm.header,Tiny.VC,28524305,283
eabdde57f7b3bb97,sacredflame_computer_01_c11r24.tgm,Streaming/Content/data/balance/worldareas/B6/mapport.vworld.1,361069,77353
dcded4ea98c4f00d,sacredflame_computer_01_c11r24.tgm.header,Tiny.V4,28595433,763
ffd582743414bbd5,sacredflame_computer_01_c10r3.tgm,Streaming/Content/data/balance/worldareas/92/mapmothersoul_male_quest.vworld,412744,6181
41d8998aadba6676,sacredflame_computer_01_c10r3.tgm.header,Tiny.V5,27867339,283
3c0487014737ea7b,sacredflame_computer_01_c10r4.tgm,Streaming/Content/data/balance/worldareas/5F/mapuberboss_monolith.vworld,5592580,6945
7d7fd66f0a9b33f0,sacredflame_computer_01_c10r4.tgm.header,Tiny.V7,28316606,283
a7de6b243fd301ac,sacredflame_computer_01_c10r5.tgm,Streaming/Content/data/balance/worldareas/77/mapuberboss_delirium.vworld,538479,5177
ac0f56be1164c457,sacredflame_computer_01_c10r5.tgm.header,Tiny.V7,28316889,283
9f58fb8768b61840,sacredflame_computer_01_c10r6.tgm,Streaming/Content/data/balance/worldareas/3D/mapuberboss_monolith.vworld,8455063,6685
a01962db58484553,sacredflame_computer_01_c10r6.tgm.header,Tiny.V6,28289154,283
1e97d504dcdb9803,sacredflame_computer_01_c10r7.tgm,Streaming/Content/data/balance/worldareas/C4/mapgeode.vworld,438329,4649
f50aa021a490de3a,sacredflame_computer_01_c10r7.tgm.header,Tiny.V4,28595150,283
c7115dc775d03e2b,sacredflame_computer_01_c10r8.tgm,Tiny.V3,28015019,4013
57ba71c4e0272957,sacredflame_computer_01_c10r8.tgm.header,Tiny.VF,28559340,283
8e38c0ec20d697d0,sacredflame_computer_01_c10r9.tgm,Tiny.V9,28736165,3809
14fdef217edc67e0,sacredflame_computer_01_c10r9.tgm.header,Tiny.V2,28411378,283
f6bf1e57253ee88e,sacredflame_computer_01_c10r1.tgm,Streaming/Content/data/balance/worldareas/7D/mapuberboss_delirium.vworld,211620,59831
e675157b3b261f85,sacredflame_computer_01_c10r1.tgm.header,Tiny.VD,28331570,603
79f1e4a1dc8693a0,sacredflame_computer_01_c10r10.tgm,Tiny.VE,28107414,3523
f7b1e8b5cc5236dc,sacredflame_computer_01_c10r10.tgm.header,Tiny.V9,28735882,283
11a1afa56ceb3c10,sacredflame_computer_01_c10r11.tgm,Tiny.V0,28596882,2721
cc705b324391d991,sacredflame_computer_01_c10r11.tgm.header,Tiny.VB,28531024,323
29199e7b2b0962f1,sacredflame_computer_01_c10r12.tgm,Streaming/Content/data/balance/worldareas/64/mapuberboss_monolith.vworld,0,7281
023a4a8a8761e491,sacredflame_computer_01_c10r12.tgm.header,Tiny.VD,28332173,323
0dde355bfa3ed81c,sacredflame_computer_01_c10r13.tgm,Streaming/Content/data/balance/worldareas/BD/mapgeode.vworld,440467,55573
0b2ea4f5b744dcb0,sacredflame_computer_01_c10r13.tgm.header,Tiny.V5,27866653,363
8b2c2f007105d41c,sacredflame_computer_01_c10r14.tgm,Streaming/Content/data/balance/worldareas/34/mapuberboss_monolith.vworld,0,401721
b511475e2e243315,sacredflame_computer_01_c10r14.tgm.header,Tiny.V8,28322912,1243
c790aedf716392ec,sacredflame_computer_01_c10r15.tgm,Streaming/Content/data/balance/worldareas/4A/mapuberboss_monolith.vworld,2796364,7575
056cdb6d333e500b,sacredflame_computer_01_c10r15.tgm.header,Tiny.V1,28270570,323
f043f71f455a2daf,sacredflame_computer_01_c10r16.tgm,Streaming/Content/data/balance/worldareas/C6/g4_8a.vworld,479195,8441
fa9350c7965d5cab,sacredflame_computer_01_c10r16.tgm.header,Tiny.VE,28110937,323
97f4df24b4c1d68e,sacredflame_computer_01_c10r17.tgm,Streaming/Content/data/balance/worldareas/B5/g4_8a.vworld,430901,7327
4e76d0b8e4e185e4,sacredflame_computer_01_c10r17.tgm.header,Tiny.V7,28315677,323
fdffadc0889f75ae,sacredflame_computer_01_c10r18.tgm,Streaming/Content/data/balance/worldareas/A3/mapuberboss_monolith.vworld,0,7861
179e7326f08d1de9,sacredflame_computer_01_c10r18.tgm.header,Tiny.V0,28599603,323
bc4b2ec75360fb88,sacredflame_computer_01_c10r19.tgm,Streaming/Content/data/balance/worldareas/5E/g2_9_1.vworld,393482,6175
c83b950c2a66d721,sacredflame_computer_01_c10r19.tgm.header,Tiny.VD,28332496,323
07d1722c9222dd7d,sacredflame_computer_01_c10r2.tgm,Streaming/Content/data/balance/worldareas/98/mapuberboss_monolith.vworld,5592580,6237
e11682a7f54675fd,sacredflame_computer_01_c10r2.tgm.header,Tiny.V7,28316000,283
00fbf183267a4e9d,sacredflame_computer_01_c10r20.tgm,Streaming/Content/data/balance/worldareas/06/g2_9_1.vworld,428715,6793
2ec62882fe1762ce,sacredflame_computer_01_c10r20.tgm.header,Tiny.V7,28316283,323
e76c147740c1e562,sacredflame_computer_01_c10r21.tgm,Streaming/Content/data/balance/worldareas/EE/mapuberboss_monolith.vworld,5592580,6347
f6895f4c08d7edc4,sacredflame_computer_01_c10r21.tgm.header,Tiny.V3,28014696,323
d8125d85a050af02,sacredflame_computer_01_c10r22.tgm,Streaming/Content/data/balance/worldareas/4F/mapuberboss_monolith.vworld,0,6913
e71e67fbca7bb2ca,sacredflame_computer_01_c10r22.tgm.header,Tiny.V6,28288711,443
f99b5b88afc95c82,sacredflame_computer_01_c10r23.tgm,Streaming/Content/data/balance/worldareas/09/g4_8a.vworld,502829,6721
fe8680583be2858e,sacredflame_computer_01_c10r23.tgm.header,Tiny.V5,27867016,323
1ee944601968910e,sacredflame_computer_01_c10r24.tgm,Streaming/Content/data/balance/worldareas/3D/mapuberboss_monolith.vworld,8388944,66119
93aaf07670cc0933,sacredflame_computer_01_c10r24.tgm.header,Tiny.VA,28498372,763
d4b3b7875ccfd7e4,sacredflame_computer_01_c1r3.tgm,Streaming/Content/data/balance/worldareas/F7/g4_8a.vworld,7143,186913
c8f51e7256c7d593,sacredflame_computer_01_c1r3.tgm.header,Tiny.VE,28111663,2043
ca8f901fb34c7cda,sacredflame_computer_01_c1r4.tgm,Streaming/Content/data/balance/worldareas/93/mapuberboss_monolith.vworld,5661267,261419
2746d76a56d2fd36,sacredflame_computer_01_c1r4.tgm.header,Tiny.VA,28505479,2083
67d72900d14229b4,sacredflame_computer_01_c1r5.tgm,Streaming/Content/data/balance/worldareas/97/mapuberboss_monolith.vworld,0,88765
b2e03625651c28a9,sacredflame_computer_01_c1r5.tgm.header,Tiny.V2,28414190,403
314cfbceeefb9bf9,sacredflame_computer_01_c1r6.tgm,Streaming/Content/data/balance/worldareas/3F/mapuberboss_monolith.vworld,1398276,437523
2928b8e55d015199,sacredflame_computer_01_c1r6.tgm.header,Tiny.V4,28598171,1243
dcf65d8ad0083eb1,sacredflame_computer_01_c1r7.tgm,Streaming/Content/data/balance/worldareas/AA/mapuniquereactor_01.vworld,467704,191429
f47d99f94711d5c2,sacredflame_computer_01_c1r7.tgm.header,Tiny.V2,28414593,2043
40e56ed1d7236921,sacredflame_computer_01_c1r8.tgm,Streaming/Content/data/balance/worldareas/A6/mapport.vworld,560101,30647
ff1e0717a5e161fd,sacredflame_computer_01_c1r8.tgm.header,Tiny.VB,28536756,363
46b84c109a0f6f2c,sacredflame_computer_01_c1r9.tgm,Streaming/Content/data/balance/worldareas/74/mapuberboss_monolith.vworld,0,462601
8f31eeffb2cb951e,sacredflame_computer_01_c1r9.tgm.header,Tiny.V8,28329626,1323
a60e31b0e71c2e43,sacredflame_computer_01_c1r1.tgm,Streaming/Content/data/balance/worldareas/BF/g4_8a.vworld,419587,130555
82e9d4af0281333e,sacredflame_computer_01_c1r1.tgm.header,Tiny.V7,28317978,843
749df900859f12c5,sacredflame_computer_01_c1r10.tgm,Streaming/Content/data/balance/worldareas/DD/g2_9_1.vworld,424001,25863
180b240bbf50f7a7,sacredflame_computer_01_c1r10.tgm.header,Tiny.VB,28533750,363
539e6e88174913d8,sacredflame_computer_01_c1r11.tgm,Streaming/Content/data/balance/worldareas/BE/mapuberboss_monolith.vworld,0,211999
165bcb2ff4d31eb9,sacredflame_computer_01_c1r11.tgm.header,Tiny.VB,28534113,2643
32b88b1f04113bab,sacredflame_computer_01_c1r12.tgm,Streaming/Content/data/balance/worldareas/9B/mapuberboss_monolith.vworld,1432417,436195
4907d5d49c30c513,sacredflame_computer_01_c1r12.tgm.header,Tiny.V6,28290083,1243
bdf0b64bd32e4e4d,sacredflame_computer_01_c1r13.tgm,Streaming/Content/data/balance/worldareas/4E/mapuberboss_monolith.vworld,5592580,20817
83b8cf02e4a85835,sacredflame_computer_01_c1r13.tgm.header,Tiny.VA,28505116,363
b97d72162d8ebd00,sacredflame_computer_01_c1r14.tgm,Streaming/Content/data/balance/worldareas/BE/mapuberboss_monolith.vworld,211999,28047
1fa8f93892b6cbb2,sacredflame_computer_01_c1r14.tgm.header,Tiny.V9,28741297,403
8c19fc8a1f1d4d00,sacredflame_computer_01_c1r15.tgm,Streaming/Content/data/balance/worldareas/AC/mapgeode.vworld,420009,31797
078a3ba0fc527246,sacredflame_computer_01_c1r15.tgm.header,Tiny.V4,28597365,403
ce5e4cf5626cb31b,sacredflame_computer_01_c1r16.tgm,Streaming/Content/data/balance/worldareas/8F/mapmothersoul_male_quest.vworld,434046,37921
5c906680a91193b2,sacredflame_computer_01_c1r16.tgm.header,Tiny.V8,28329223,403
598de9e75e741e71,sacredflame_computer_01_c1r17.tgm,Streaming/Content/data/balance/worldareas/9F/mapmothersoul_male_quest.vworld,358801,36543
a4c386a6195d05fa,sacredflame_computer_01_c1r17.tgm.header,Tiny.V3,28019958,403
f4e9956ec7f06932,sacredflame_computer_01_c1r18.tgm,Streaming/Content/data/balance/worldareas/8A/g2_9_1.vworld,347667,40941
5e96a97957e06d39,sacredflame_computer_01_c1r18.tgm.header,Tiny.V4,28597768,403
5bc391fc34fd5788,sacredflame_computer_01_c1r19.tgm,Streaming/Content/data/balance/worldareas/E3/mapuberboss_monolith.vworld,0,36437
bc18efa010876809,sacredflame_computer_01_c1r19.tgm.header,Tiny.VC,28528043,403
399d765fb26672c8,sacredflame_computer_01_c1r2.tgm,Streaming/Content/data/balance/worldareas/E3/mapuberboss_monolith.vworld,36437,359271
50503978ab85885f,sacredflame_computer_01_c1r2.tgm.header,Tiny.V3,28020361,1243
c31cc6764b0ed538,sacredflame_computer_01_c1r20.tgm,Streaming/Content/data/balance/worldareas/C7/g2_9_1.vworld,452057,35447
491fd6bdb653e137,sacredflame_computer_01_c1r20.tgm.header,Tiny.VE,28111260,403
a8ccf68a766e371e,sacredflame_computer_01_c1r21.tgm,Streaming/Content/data/balance/worldareas/29/mapuberboss_delirium.vworld,342944,30957
01df45e7f563201e,sacredflame_computer_01_c1r21.tgm.header,Tiny.V9,28741700,403
c94f20340390773b,sacredflame_computer_01_c1r22.tgm,Streaming/Content/data/balance/worldareas/4D/mapgeode.vworld,536477,28161
62246a9daf95e6e4,sacredflame_computer_01_c1r22.tgm.header,Tiny.V1,28272299,603
71ea28907dfc8808,sacredflame_computer_01_c1r23.tgm,Streaming/Content/data/balance/worldareas/22/g4_8a.vworld,397193,20723
359ede2216b9165a,sacredflame_computer_01_c1r23.tgm.header,Tiny.VF,28560752,363
86c23c00a00b9407,sacredflame_computer_01_c1r24.tgm,Streaming/Content/data/balance/worldareas/40/mapuberboss_divinity.vworld,523270,217857
dab3705d777fd5d8,sacredflame_computer_01_c1r24.tgm.header,Tiny.V5,27869151,1083
