hash,file,bundle,offset,size
23888fc1a8587952,sunkenpalace_top_01_c9r9.tgm,Folders/art/models/terrain/hideout/sunkenpalace/tgms_2,1976844,67143
e7dba68caecfaee2,sunkenpalace_top_01_c9r9.tgm.header,Tiny_5,33332418,435
fc1282190658035c,sunkenpalace_top_01_c9r8.tgm,Folders/art/models/terrain/hideout/sunkenpalace/tgms_2,1958709,18135
0a095b54f879229d,sunkenpalace_top_01_c9r8.tgm.header,Tiny_5,33332154,264
ee90502338c4c892,sunkenpalace_top_01_c9r7.tgm,Folders/art/models/terrain/hideout/sunkenpalace/tgms_2,1951774,6935
bba00679ce9796d8,sunkenpalace_top_01_c9r7.tgm.header,Tiny_5,33331890,264
5b255d54b523e467,sunkenpalace_top_01_c9r6.tgm,Folders/art/models/terrain/hideout/sunkenpalace/tgms_2,1946289,5485
a2218dc0c9efaefe,sunkenpalace_top_01_c9r6.tgm.header,Tiny_5,33331626,264
e21328231331e5e1,sunkenpalace_top_01_c9r5.tgm,Folders/art/models/terrain/hideout/sunkenpalace/tgms_2,1911650,34639
bac582cbdf7ffdc0,sunkenpalace_top_01_c9r5.tgm.header,Tiny_5,33331147,479
c9fec968c5e30ce0,sunkenpalace_top_01_c9r4.tgm,Folders/art/models/terrain/hideout/sunkenpalace/tgms_2,1902849,8801
207a8cc4558b6d68,sunkenpalace_top_01_c9r4.tgm.header,Tiny_5,33330883,264
4d965968adb4349b,sunkenpalace_top_01_c9r3.tgm,Folders/art/models/terrain/hideout/sunkenpalace/tgms_2,1897504,5345
92b558d728faadf6,sunkenpalace_top_01_c9r3.tgm.header,Tiny_5,33330580,303
67d4aa49b2be1b1b,sunkenpalace_top_01_c9r27.tgm,Tiny_5,33328907,1409
886ebfcc77450746,sunkenpalace_top_01_c9r27.tgm.header,Tiny_5,33330316,264
304e4fc88d610889,sunkenpalace_top_01_c9r26.tgm,Tiny_5,33327606,1037
02d6d1d465540e2d,sunkenpalace_top_01_c9r26.tgm.header,Tiny_5,33328643,264
ad9da891238a4c8a,sunkenpalace_top_01_c9r25.tgm,Tiny_5,33326057,1285
29da7724f38f7149,sunkenpalace_top_01_c9r25.tgm.header,Tiny_5,33327342,264
5aac74ab8d9159d6,sunkenpalace_top_01_c9r24.tgm,Tiny_5,33323416,2377
d3a7f3fc81e09710,sunkenpalace_top_01_c9r24.tgm.header,Tiny_5,33325793,264
304633ca90c45bba,sunkenpalace_top_01_c9r23.tgm,Tiny_5,33319071,4081
132deea000df2f06,sunkenpalace_top_01_c9r23.tgm.header,Tiny_5,33323152,264
26e3f1e1477050df,sunkenpalace_top_01_c9r22.tgm,Tiny_5,33314942,3865
b7fcc76499698666,sunkenpalace_top_01_c9r22.tgm.header,Tiny_5,33318807,264
72a07f8db2d3e66e,sunkenpalace_top_01_c9r21.tgm,Tiny_5,33312035,2643
1aa60321ae2fb164,sunkenpalace_top_01_c9r21.tgm.header,Tiny_5,33314678,264
2032a26fd9524d9a,sunkenpalace_top_01_c9r20.tgm,Tiny_5,33308226,3545
a08d0b07fca53218,sunkenpalace_top_01_c9r20.tgm.header,Tiny_5,33311771,264
915a9614913391d6,sunkenpalace_top_01_c9r2.tgm,Folders/art/models/terrain/hideout/sunkenpalace/tgms_2,1891725,5779
2db9aeab464d5e61,sunkenpalace_top_01_c9r2.tgm.header,Tiny_5,33307923,303
18cd52b8fa5a93a4,sunkenpalace_top_01_c9r19.tgm,Tiny_5,33305992,1667
d4b77e8be88e1b33,sunkenpalace_top_01_c9r19.tgm.header,Tiny_5,33307659,264
b07ccd5213c4338b,sunkenpalace_top_01_c9r18.tgm,Tiny_5,33303627,2101
bf9d9796aecb2d9c,sunkenpalace_top_01_c9r18.tgm.header,Tiny_5,33305728,264
650c9b25e934caab,sunkenpalace_top_01_c9r17.tgm,Tiny_5,33300544,2819
2217dfd93a3a0f58,sunkenpalace_top_01_c9r17.tgm.header,Tiny_5,33303363,264
a89b04f05fd1d783,sunkenpalace_top_01_c9r16.tgm,Tiny_5,33296967,3313
0f9139d196a67850,sunkenpalace_top_01_c9r16.tgm.header,Tiny_5,33300280,264
c68a6f6e4c62a02b,sunkenpalace_top_01_c9r15.tgm,Tiny_5,33292820,3883
7303c6267b3f0761,sunkenpalace_top_01_c9r15.tgm.header,Tiny_5,33296703,264
eb77ded3695cbdce,sunkenpalace_top_01_c9r14.tgm,Tiny_5,33288735,3821
53d604c722347d36,sunkenpalace_top_01_c9r14.tgm.header,Tiny_5,33292556,264
d596bfc9bba2d943,sunkenpalace_top_01_c9r13.tgm,Tiny_5,33284610,3861
ce92b6d6775713ac,sunkenpalace_top_01_c9r13.tgm.header,Tiny_5,33288471,264
e2cab71dcbf1e300,sunkenpalace_top_01_c9r12.tgm,Tiny_5,33280525,3821
5aa69deb0416afa7,sunkenpalace_top_01_c9r12.tgm.header,Tiny_5,33284346,264
2e9bb251c5c86c36,sunkenpalace_top_01_c9r11.tgm,Folders/art/models/terrain/hideout/sunkenpalace/tgms_2,1884752,6973
ec10ff785cbf33ea,sunkenpalace_top_01_c9r11.tgm.header,Tiny_5,33280261,264
5528a885aa98933d,sunkenpalace_top_01_c9r10.tgm,Folders/art/models/terrain/hideout/sunkenpalace/tgms_2,1875659,9093
8af70cf2e81cfc46,sunkenpalace_top_01_c9r10.tgm.header,Tiny_5,33279997,264
6da77ce884efd647,sunkenpalace_top_01_c9r1.tgm,Folders/art/models/terrain/hideout/sunkenpalace/tgms_2,1871342,4317
908d5c28564a7498,sunkenpalace_top_01_c9r1.tgm.header,Tiny_5,33279733,264
2386456f633792b2,sunkenpalace_top_01_c8r9.tgm,Folders/art/models/terrain/hideout/sunkenpalace/tgms_2,1838103,33239
b99949082c295f79,sunkenpalace_top_01_c8r9.tgm.header,Tiny_5,33279386,347
0ba1a0ba98be7b24,sunkenpalace_top_01_c8r8.tgm,Folders/art/models/terrain/hideout/sunkenpalace/tgms_2,1825432,12671
eff24b937c66f90e,sunkenpalace_top_01_c8r8.tgm.header,Tiny_5,33279122,264
663e56b44e21e9b7,sunkenpalace_top_01_c8r7.tgm,Tiny_5,33277679,1179
f40f09f2354ec190,sunkenpalace_top_01_c8r7.tgm.header,Tiny_5,33278858,264
24c8a5449bf97156,sunkenpalace_top_01_c8r6.tgm,Folders/art/models/terrain/hideout/sunkenpalace/tgms_2,1791491,33941
fd2e30fa530a7f56,sunkenpalace_top_01_c8r6.tgm.header,Tiny_5,33277200,479
40fcfb10a11e3fc9,sunkenpalace_top_01_c8r5.tgm,Folders/art/models/terrain/hideout/sunkenpalace/tgms_2,1765930,25561
e94f05d99997db75,sunkenpalace_top_01_c8r5.tgm.header,Tiny_5,33276809,391
08452025b7f10779,sunkenpalace_top_01_c8r4.tgm,Folders/art/models/terrain/hideout/sunkenpalace/tgms_2,1725239,40691
5191f8e7b604aaeb,sunkenpalace_top_01_c8r4.tgm.header,Tiny_5,33276286,523
a4d6e188f23228e7,sunkenpalace_top_01_c8r3.tgm,Folders/art/models/terrain/hideout/sunkenpalace/tgms_2,1717032,8207
9b01dd18b9d7d041,sunkenpalace_top_01_c8r3.tgm.header,Tiny_5,33276022,264
60812c34e1004f15,sunkenpalace_top_01_c8r27.tgm,Tiny_5,33274597,1161
eb53068424fd603e,sunkenpalace_top_01_c8r27.tgm.header,Tiny_5,33275758,264
c04c7c27c5e1a12d,sunkenpalace_top_01_c8r26.tgm,Tiny_5,33273296,1037
709008d76421d364,sunkenpalace_top_01_c8r26.tgm.header,Tiny_5,33274333,264
960dc86393d68d50,sunkenpalace_top_01_c8r25.tgm,Tiny_5,33271499,1533
02900364967db43a,sunkenpalace_top_01_c8r25.tgm.header,Tiny_5,33273032,264
f81ec171738a9af2,sunkenpalace_top_01_c8r24.tgm,Tiny_5,33268896,2339
a1e4c4d1ec2c2049,sunkenpalace_top_01_c8r24.tgm.header,Tiny_5,33271235,264
48245f6f6742e64c,sunkenpalace_top_01_c8r23.tgm,Tiny_5,33265635,2997
e327efdc098ea129,sunkenpalace_top_01_c8r23.tgm.header,Tiny_5,33268632,264
d447fafa2317e34d,sunkenpalace_top_01_c8r22.tgm,Tiny_5,33261702,3669
dfbd52c48744b8f9,sunkenpalace_top_01_c8r22.tgm.header,Tiny_5,33265371,264
e7a49e8f81a5d5d7,sunkenpalace_top_01_c8r21.tgm,Tiny_5,33257387,4051
94d5b345283409db,sunkenpalace_top_01_c8r21.tgm.header,Tiny_5,33261438,264
97e51b144bea9746,sunkenpalace_top_01_c8r20.tgm,Folders/art/models/terrain/hideout/sunkenpalace/tgms_2,1712259,4773
44d1a3e13e5d7b4b,sunkenpalace_top_01_c8r20.tgm.header,Tiny_5,33257123,264
af798ac771154706,sunkenpalace_top_01_c8r2.tgm,Tiny_5,33254060,2799
95720ca5a463d5b3,sunkenpalace_top_01_c8r2.tgm.header,Tiny_5,33256859,264
7ffe7b2da80699f0,sunkenpalace_top_01_c8r19.tgm,Tiny_5,33251581,2215
33c058af4788f903,sunkenpalace_top_01_c8r19.tgm.header,Tiny_5,33253796,264
50398caa8344a4e4,sunkenpalace_top_01_c8r18.tgm,Tiny_5,33248944,2373
17d11a9d5e340654,sunkenpalace_top_01_c8r18.tgm.header,Tiny_5,33251317,264
2f2b8abbc62c1594,sunkenpalace_top_01_c8r17.tgm,Folders/art/models/terrain/hideout/sunkenpalace/tgms_2,1706438,5821
05d90ae5ce3d6f43,sunkenpalace_top_01_c8r17.tgm.header,Tiny_5,33248680,264
cf05219884649fb5,sunkenpalace_top_01_c8r16.tgm,Folders/art/models/terrain/hideout/sunkenpalace/tgms_2,1699425,7013
e48ca90f0f5786b0,sunkenpalace_top_01_c8r16.tgm.header,Tiny_5,33248416,264
191eecc48f9620f3,sunkenpalace_top_01_c8r15.tgm,Tiny_5,33247035,1117
a6d22f8a2ebd2395,sunkenpalace_top_01_c8r15.tgm.header,Tiny_5,33248152,264
4efbe06b8a74aa51,sunkenpalace_top_01_c8r14.tgm,Tiny_5,33245756,1015
b8b9694a2669b517,sunkenpalace_top_01_c8r14.tgm.header,Tiny_5,33246771,264
621687f04b3d1a2f,sunkenpalace_top_01_c8r13.tgm,Tiny_5,33244477,1015
c52f70555434e7c1,sunkenpalace_top_01_c8r13.tgm.header,Tiny_5,33245492,264
6a73d6f0208c9f33,sunkenpalace_top_01_c8r12.tgm,Tiny_5,33243198,1015
a761e1568eaf4d20,sunkenpalace_top_01_c8r12.tgm.header,Tiny_5,33244213,264
ffe7b05faf510bed,sunkenpalace_top_01_c8r11.tgm,Tiny_5,33241643,1291
c19d2c2314e27ea8,sunkenpalace_top_01_c8r11.tgm.header,Tiny_5,33242934,264
1f1a7f6548295211,sunkenpalace_top_01_c8r10.tgm,Tiny_5,33238130,3249
e67f0c5117350011,sunkenpalace_top_01_c8r10.tgm.header,Tiny_5,33241379,264
54a06da47a8e848f,sunkenpalace_top_01_c8r1.tgm,Tiny_5,33234541,3325
56caef46cdac8046,sunkenpalace_top_01_c8r1.tgm.header,Tiny_5,33237866,264
778349024f95e60c,sunkenpalace_top_01_c7r9.tgm,Tiny_5,33232294,1983
405968d57145fa51,sunkenpalace_top_01_c7r9.tgm.header,Tiny_5,33234277,264
d10697e8042ff5f6,sunkenpalace_top_01_c7r8.tgm,Tiny_5,33229545,2485
7a91c10a3857af45,sunkenpalace_top_01_c7r8.tgm.header,Tiny_5,33232030,264
61d5d4e1fa879a83,sunkenpalace_top_01_c7r7.tgm,Tiny_5,33227658,1623
074f47c57bbe754d,sunkenpalace_top_01_c7r7.tgm.header,Tiny_5,33229281,264
50365c29751de40a,sunkenpalace_top_01_c7r6.tgm,Folders/art/models/terrain/hideout/sunkenpalace/tgms_2,1690540,8885
486f8ffadeb5eaf6,sunkenpalace_top_01_c7r6.tgm.header,Tiny_5,33227394,264
f844b4aff3e54122,sunkenpalace_top_01_c7r5.tgm,Folders/art/models/terrain/hideout/sunkenpalace/tgms_2,1649787,40753
6792923722743558,sunkenpalace_top_01_c7r5.tgm.header,Tiny_5,33226871,523
2348e042e5e5dd96,sunkenpalace_top_01_c7r4.tgm,Folders/art/models/terrain/hideout/sunkenpalace/tgms_2,1629834,19953
e3a2e63fb1802842,sunkenpalace_top_01_c7r4.tgm.header,Tiny_5,33226480,391
822e304feb4f9075,sunkenpalace_top_01_c7r3.tgm,Folders/art/models/terrain/hideout/sunkenpalace/tgms_2,1618259,11575
13308963ed92e246,sunkenpalace_top_01_c7r3.tgm.header,Tiny_5,33226177,303
a66f964b5ebc5882,sunkenpalace_top_01_c7r27.tgm,Tiny_5,33224876,1037
0dc2f3a839998ef4,sunkenpalace_top_01_c7r27.tgm.header,Tiny_5,33225913,264
f25ab4002564b50b,sunkenpalace_top_01_c7r26.tgm,Tiny_5,33223389,1223
fdb65b456dbb0c5e,sunkenpalace_top_01_c7r26.tgm.header,Tiny_5,33224612,264
6d58e88f87b2c827,sunkenpalace_top_01_c7r25.tgm,Tiny_5,33220848,2277
bf8aefc80fa52edd,sunkenpalace_top_01_c7r25.tgm.header,Tiny_5,33223125,264
1c777c35ec8b514a,sunkenpalace_top_01_c7r24.tgm,Tiny_5,33217687,2897
3cd428e9599b02ae,sunkenpalace_top_01_c7r24.tgm.header,Tiny_5,33220584,264
817fc3e8290a549d,sunkenpalace_top_01_c7r23.tgm,Tiny_5,33214340,3083
e2339561d1e8a765,sunkenpalace_top_01_c7r23.tgm.header,Tiny_5,33217423,264
8d2b11998e5af687,sunkenpalace_top_01_c7r22.tgm,Tiny_5,33210831,3245
432af53c80a1725c,sunkenpalace_top_01_c7r22.tgm.header,Tiny_5,33214076,264
172fa8f287382d0d,sunkenpalace_top_01_c7r21.tgm,Tiny_5,33207096,3471
98eab94ec20d3daa,sunkenpalace_top_01_c7r21.tgm.header,Tiny_5,33210567,264
e952c1bf2c97dcdb,sunkenpalace_top_01_c7r20.tgm,Tiny_5,33204043,2789
82db978c953b2fd5,sunkenpalace_top_01_c7r20.tgm.header,Tiny_5,33206832,264
63ce2a2093637a80,sunkenpalace_top_01_c7r2.tgm,Folders/art/models/terrain/hideout/sunkenpalace/tgms_2,1610272,7987
e5c5b1cba0b338c9,sunkenpalace_top_01_c7r2.tgm.header,Tiny_5,33203779,264
09baf0ddee080573,sunkenpalace_top_01_c7r19.tgm,Tiny_5,33201656,1859
6c2f5eb565537b38,sunkenpalace_top_01_c7r19.tgm.header,Tiny_5,33203515,264
5395d521a831b852,sunkenpalace_top_01_c7r18.tgm,Tiny_5,33198287,3105
046036b6bf85488f,sunkenpalace_top_01_c7r18.tgm.header,Tiny_5,33201392,264
72c3d6afbf4639c9,sunkenpalace_top_01_c7r17.tgm,Folders/art/models/terrain/hideout/sunkenpalace/tgms_2,1600937,9335
ee5d93074c8c92e3,sunkenpalace_top_01_c7r17.tgm.header,Tiny_5,33198023,264
efcb4d310503849f,sunkenpalace_top_01_c7r16.tgm,Folders/art/models/terrain/hideout/sunkenpalace/tgms_2,1568066,32871
e9e2f920d0b8be72,sunkenpalace_top_01_c7r16.tgm.header,Tiny_5,33197588,435
653106d842b95b7f,sunkenpalace_top_01_c7r15.tgm,Folders/art/models/terrain/hideout/sunkenpalace/tgms_2,1562053,6013
41ba5cb2491f85b8,sunkenpalace_top_01_c7r15.tgm.header,Tiny_5,33197324,264
9a03e67103df8b1f,sunkenpalace_top_01_c7r14.tgm,Folders/art/models/terrain/hideout/sunkenpalace/tgms_2,1527888,34165
ba503072038f8644,sunkenpalace_top_01_c7r14.tgm.header,Tiny_5,33196933,391
e4f843133f165ea6,sunkenpalace_top_01_c7r13.tgm,Tiny_5,33194278,2391
0983e0688f6fbd5b,sunkenpalace_top_01_c7r13.tgm.header,Tiny_5,33196669,264
a3cd28f86d94abad,sunkenpalace_top_01_c7r12.tgm,Folders/art/models/terrain/hideout/sunkenpalace/tgms_2,1520525,7363
926a555bd568f4e2,sunkenpalace_top_01_c7r12.tgm.header,Tiny_5,33194014,264
ebf9adae1ec0088e,sunkenpalace_top_01_c7r11.tgm,Folders/art/models/terrain/hideout/sunkenpalace/tgms_2,1487430,33095
4d9808d39645306c,sunkenpalace_top_01_c7r11.tgm.header,Tiny_5,33193623,391
60cc63017e414cb4,sunkenpalace_top_01_c7r10.tgm,Tiny_5,33191776,1583
1a1c4eef44959d97,sunkenpalace_top_01_c7r10.tgm.header,Tiny_5,33193359,264
ea04cc0f9cecfc4c,sunkenpalace_top_01_c7r1.tgm,Folders/art/models/terrain/hideout/sunkenpalace/tgms_2,1478251,9179
32e16247830431ff,sunkenpalace_top_01_c7r1.tgm.header,Tiny_5,33191512,264
afab02960bee04b7,sunkenpalace_top_01_c6r9.tgm,Tiny_5,33187703,3545
f6f687d6839c445b,sunkenpalace_top_01_c6r9.tgm.header,Tiny_5,33191248,264
ab225316db4e7574,sunkenpalace_top_01_c6r8.tgm,Tiny_5,33183410,4029
2f6f13acfe2371c8,sunkenpalace_top_01_c6r8.tgm.header,Tiny_5,33187439,264
6ae0cc2be386e923,sunkenpalace_top_01_c6r7.tgm,Tiny_5,33180255,2891
86eeb475544c465e,sunkenpalace_top_01_c6r7.tgm.header,Tiny_5,33183146,264
09e70abcbe637968,sunkenpalace_top_01_c6r6.tgm,Tiny_5,33178852,1139
632b792d2d23718f,sunkenpalace_top_01_c6r6.tgm.header,Tiny_5,33179991,264
1a769a7fb464f695,sunkenpalace_top_01_c6r5.tgm,Folders/art/models/terrain/hideout/sunkenpalace/tgms_2,1471210,7041
c325c006e4912c86,sunkenpalace_top_01_c6r5.tgm.header,Tiny_5,33178588,264
7b862a941b1b4804,sunkenpalace_top_01_c6r4.tgm,Folders/art/models/terrain/hideout/sunkenpalace/tgms_2,1460161,11049
c31f55779f39e97f,sunkenpalace_top_01_c6r4.tgm.header,Tiny_5,33178324,264
b3845628128fd020,sunkenpalace_top_01_c6r3.tgm,Folders/art/models/terrain/hideout/sunkenpalace/tgms_2,1451718,8443
d3be911a50555884,sunkenpalace_top_01_c6r3.tgm.header,Tiny_5,33178060,264
058ff13b3b7fe544,sunkenpalace_top_01_c6r27.tgm,Tiny_5,33176511,1285
f87ec2c9587931d7,sunkenpalace_top_01_c6r27.tgm.header,Tiny_5,33177796,264
2313e61d27b69abf,sunkenpalace_top_01_c6r26.tgm,Tiny_5,33174218,2029
f461213c83c09f7c,sunkenpalace_top_01_c6r26.tgm.header,Tiny_5,33176247,264
19d3e9167246d63a,sunkenpalace_top_01_c6r25.tgm,Tiny_5,33171553,2401
83e6ce86b1e61781,sunkenpalace_top_01_c6r25.tgm.header,Tiny_5,33173954,264
8b08d8e163959751,sunkenpalace_top_01_c6r24.tgm,Tiny_5,33169136,2153
b0bae3789fa72e15,sunkenpalace_top_01_c6r24.tgm.header,Tiny_5,33171289,264
4715a10aa63e9629,sunkenpalace_top_01_c6r23.tgm,Tiny_5,33166905,1967
874b0a99cd4317a0,sunkenpalace_top_01_c6r23.tgm.header,Tiny_5,33168872,264
005cd79ab3586f6c,sunkenpalace_top_01_c6r22.tgm,Tiny_5,33165046,1595
7bb104590bfeb5c3,sunkenpalace_top_01_c6r22.tgm.header,Tiny_5,33166641,264
8a70441fb19257d3,sunkenpalace_top_01_c6r21.tgm,Tiny_5,33162433,2349
4f3055185cd5b186,sunkenpalace_top_01_c6r21.tgm.header,Tiny_5,33164782,264
32636a015825201d,sunkenpalace_top_01_c6r20.tgm,Tiny_5,33159594,2575
9718c901e8e45031,sunkenpalace_top_01_c6r20.tgm.header,Tiny_5,33162169,264
a26a03edc1bd90b3,sunkenpalace_top_01_c6r2.tgm,Folders/art/models/terrain/hideout/sunkenpalace/tgms_2,1443833,7885
d0116e732d716565,sunkenpalace_top_01_c6r2.tgm.header,Tiny_5,33159330,264
0d488db6b35606de,sunkenpalace_top_01_c6r19.tgm,Tiny_5,33155781,3285
546c4c78c24176b1,sunkenpalace_top_01_c6r19.tgm.header,Tiny_5,33159066,264
0195538b7c02c7ad,sunkenpalace_top_01_c6r18.tgm,Tiny_5,33151442,4075
5ff151a8470ba888,sunkenpalace_top_01_c6r18.tgm.header,Tiny_5,33155517,264
afdbaabf4427fdc6,sunkenpalace_top_01_c6r17.tgm,Tiny_5,33147797,3381
b8a907527844697e,sunkenpalace_top_01_c6r17.tgm.header,Tiny_5,33151178,264
372774124501c416,sunkenpalace_top_01_c6r16.tgm,Tiny_5,33144332,3201
b94eb57e828b5d49,sunkenpalace_top_01_c6r16.tgm.header,Tiny_5,33147533,264
e302f8b42397f2f4,sunkenpalace_top_01_c6r15.tgm,Folders/art/models/terrain/hideout/sunkenpalace/tgms_2,1438890,4943
0b20960329a719b5,sunkenpalace_top_01_c6r15.tgm.header,Tiny_5,33144068,264
7f6f0f6643939460,sunkenpalace_top_01_c6r14.tgm,Folders/art/models/terrain/hideout/sunkenpalace/tgms_2,1422195,16695
dc2217da42a48800,sunkenpalace_top_01_c6r14.tgm.header,Tiny_5,33143765,303
02be7a11bbae1be6,sunkenpalace_top_01_c6r13.tgm,Tiny_5,33140898,2603
fb828a3cc7265d20,sunkenpalace_top_01_c6r13.tgm.header,Tiny_5,33143501,264
a89e43bdc5407e4f,sunkenpalace_top_01_c6r12.tgm,Folders/art/models/terrain/hideout/sunkenpalace/tgms_2,1414980,7215
4ce0adde24d7137f,sunkenpalace_top_01_c6r12.tgm.header,Tiny_5,33140634,264
d6e84c8227cc5ead,sunkenpalace_top_01_c6r11.tgm,Folders/art/models/terrain/hideout/sunkenpalace/tgms_2,1397485,17495
3d382a03ff57ae08,sunkenpalace_top_01_c6r11.tgm.header,Tiny_5,33140287,347
90ffd41ad116ceb9,sunkenpalace_top_01_c6r10.tgm,Tiny_5,33136106,3917
58e3d59ca00b1986,sunkenpalace_top_01_c6r10.tgm.header,Tiny_5,33140023,264
a47228cd060833f6,sunkenpalace_top_01_c6r1.tgm,Folders/art/models/terrain/hideout/sunkenpalace/tgms_2,1385398,12087
3881f597780e9628,sunkenpalace_top_01_c6r1.tgm.header,Tiny_5,33135842,264
15d8e99b46d0dd8b,sunkenpalace_top_01_c5r9.tgm,Tiny_5,33132107,3471
20a6d12140ca24f7,sunkenpalace_top_01_c5r9.tgm.header,Tiny_5,33135578,264
70e6e232bc605df4,sunkenpalace_top_01_c5r8.tgm,Tiny_5,33129054,2789
ad76545b74c26142,sunkenpalace_top_01_c5r8.tgm.header,Tiny_5,33131843,264
b939b875581220e4,sunkenpalace_top_01_c5r7.tgm,Tiny_5,33125329,3461
753ae66bb08a2ec8,sunkenpalace_top_01_c5r7.tgm.header,Tiny_5,33128790,264
082320b3b0fabffb,sunkenpalace_top_01_c5r6.tgm,Tiny_5,33122878,2187
dfc2b81753eb21d3,sunkenpalace_top_01_c5r6.tgm.header,Tiny_5,33125065,264
a29919ed3e2f0285,sunkenpalace_top_01_c5r5.tgm,Tiny_5,33121249,1365
9515bcbb9d6ac81c,sunkenpalace_top_01_c5r5.tgm.header,Tiny_5,33122614,264
504e63a9ac809a0a,sunkenpalace_top_01_c5r4.tgm,Folders/art/models/terrain/hideout/sunkenpalace/tgms_2,1381107,4291
9be138d14888a4a9,sunkenpalace_top_01_c5r4.tgm.header,Tiny_5,33120985,264
6b0ab8236b1ca4c4,sunkenpalace_top_01_c5r3.tgm,Folders/art/models/terrain/hideout/sunkenpalace/tgms_2,1373980,7127
5d7b312f599e5d72,sunkenpalace_top_01_c5r3.tgm.header,Tiny_5,33120721,264
407aa65ef6866c17,sunkenpalace_top_01_c5r27.tgm,Tiny_5,33118726,1731
24f475668853da42,sunkenpalace_top_01_c5r27.tgm.header,Tiny_5,33120457,264
7f08e14ec7074466,sunkenpalace_top_01_c5r26.tgm,Tiny_5,33116681,1781
ae0fa5d5b9faefdb,sunkenpalace_top_01_c5r26.tgm.header,Tiny_5,33118462,264
15d0d27ba8c311c3,sunkenpalace_top_01_c5r25.tgm,Tiny_5,33114636,1781
c3da26f841324ee9,sunkenpalace_top_01_c5r25.tgm.header,Tiny_5,33116417,264
80eb451069a04b99,sunkenpalace_top_01_c5r24.tgm,Tiny_5,33112777,1595
3cd6e80e7f4d3ddb,sunkenpalace_top_01_c5r24.tgm.header,Tiny_5,33114372,264
1a0fe0205248c4c4,sunkenpalace_top_01_c5r23.tgm,Tiny_5,33110856,1657
d66393054fb5b8b6,sunkenpalace_top_01_c5r23.tgm.header,Tiny_5,33112513,264
ac95a92582f6f082,sunkenpalace_top_01_c5r22.tgm,Tiny_5,33108563,2029
e89536231825e10c,sunkenpalace_top_01_c5r22.tgm.header,Tiny_5,33110592,264
db322314aac70791,sunkenpalace_top_01_c5r21.tgm,Tiny_5,33106642,1657
95752a36dc608bae,sunkenpalace_top_01_c5r21.tgm.header,Tiny_5,33108299,264
445364351fd3bf67,sunkenpalace_top_01_c5r20.tgm,Tiny_5,33104091,2287
5a96a6b9f92a4fcf,sunkenpalace_top_01_c5r20.tgm.header,Tiny_5,33106378,264
6674ccb68cb177b5,sunkenpalace_top_01_c5r2.tgm,Folders/art/models/terrain/hideout/sunkenpalace/tgms_2,1367427,6553
b4b834c35f489057,sunkenpalace_top_01_c5r2.tgm.header,Tiny_5,33103827,264
c8062c9d236b08bc,sunkenpalace_top_01_c5r19.tgm,Tiny_5,33100830,2733
29606b0b72c718b1,sunkenpalace_top_01_c5r19.tgm.header,Tiny_5,33103563,264
0513ec16a761e92d,sunkenpalace_top_01_c5r18.tgm,Tiny_5,33097901,2665
6a74ce5ab1570e2b,sunkenpalace_top_01_c5r18.tgm.header,Tiny_5,33100566,264
fd976e57905ee926,sunkenpalace_top_01_c5r17.tgm,Tiny_5,33094448,3189
3908e286a4c391c0,sunkenpalace_top_01_c5r17.tgm.header,Tiny_5,33097637,264
8983056d7e90beb1,sunkenpalace_top_01_c5r16.tgm,Tiny_5,33091451,2733
ca5b03fb24453c94,sunkenpalace_top_01_c5r16.tgm.header,Tiny_5,33094184,264
a7f5e6e0833ea321,sunkenpalace_top_01_c5r15.tgm,Tiny_5,33088126,3061
df1018fab76d47cb,sunkenpalace_top_01_c5r15.tgm.header,Tiny_5,33091187,264
2c140067cdb9ba36,sunkenpalace_top_01_c5r14.tgm,Tiny_5,33085755,2107
43f3f2c874a151a7,sunkenpalace_top_01_c5r14.tgm.header,Tiny_5,33087862,264
9d8a9fc439f73b67,sunkenpalace_top_01_c5r13.tgm,Tiny_5,33082386,3105
0262b672ee593a0e,sunkenpalace_top_01_c5r13.tgm.header,Tiny_5,33085491,264
fcec660d9418b848,sunkenpalace_top_01_c5r12.tgm,Tiny_5,33078865,3257
45d98fb3798fd5cc,sunkenpalace_top_01_c5r12.tgm.header,Tiny_5,33082122,264
cfce64dcac0611a2,sunkenpalace_top_01_c5r11.tgm,Folders/art/models/terrain/hideout/sunkenpalace/tgms_2,1363296,4131
73f27e3cc910296a,sunkenpalace_top_01_c5r11.tgm.header,Tiny_5,33078601,264
afacf4b64deadb9b,sunkenpalace_top_01_c5r10.tgm,Folders/art/models/terrain/hideout/sunkenpalace/tgms_2,1358855,4441
32f240d17e1cf025,sunkenpalace_top_01_c5r10.tgm.header,Tiny_5,33078337,264
070a109ab210067f,sunkenpalace_top_01_c5r1.tgm,Folders/art/models/terrain/hideout/sunkenpalace/tgms_2,1345466,13389
fd13f933e3e8c141,sunkenpalace_top_01_c5r1.tgm.header,Tiny_5,33078073,264
1dd05c09245922d4,sunkenpalace_top_01_c4r9.tgm,Folders/art/models/terrain/hideout/sunkenpalace/tgms_2,1340551,4915
da81ed8a08530e7d,sunkenpalace_top_01_c4r9.tgm.header,Tiny_5,33077809,264
87050b6ddafb2599,sunkenpalace_top_01_c4r8.tgm,Tiny_5,33074260,3285
f6e54d3219e647b3,sunkenpalace_top_01_c4r8.tgm.header,Tiny_5,33077545,264
08c0a8cfc3ca9a34,sunkenpalace_top_01_c4r7.tgm,Tiny_5,33070491,3505
fdb20c170563f4ef,sunkenpalace_top_01_c4r7.tgm.header,Tiny_5,33073996,264
33a63d0046584e78,sunkenpalace_top_01_c4r6.tgm,Tiny_5,33067996,2231
fc722df1cbbc680f,sunkenpalace_top_01_c4r6.tgm.header,Tiny_5,33070227,264
41d229379d436ecb,sunkenpalace_top_01_c4r5.tgm,Tiny_5,33065439,2293
da7ac3019466774e,sunkenpalace_top_01_c4r5.tgm.header,Tiny_5,33067732,264
f34eab90aa920a3d,sunkenpalace_top_01_c4r4.tgm,Tiny_5,33062630,2545
c176e16b16fe4a4c,sunkenpalace_top_01_c4r4.tgm.header,Tiny_5,33065175,264
20b59d496fe0f842,sunkenpalace_top_01_c4r3.tgm,Folders/art/models/terrain/hideout/sunkenpalace/tgms_2,1332892,7659
e36efedc2d248b25,sunkenpalace_top_01_c4r3.tgm.header,Tiny_5,33062366,264
584088c62bec0024,sunkenpalace_top_01_c4r27.tgm,Tiny_5,33060513,1589
f616c3d868d41118,sunkenpalace_top_01_c4r27.tgm.header,Tiny_5,33062102,264
1210e95ae56652c7,sunkenpalace_top_01_c4r26.tgm,Tiny_5,33058028,2221
d33d057f04e094dc,sunkenpalace_top_01_c4r26.tgm.header,Tiny_5,33060249,264
8fdbb34c5529e62f,sunkenpalace_top_01_c4r25.tgm,Tiny_5,33056169,1595
5f427de21144efa4,sunkenpalace_top_01_c4r25.tgm.header,Tiny_5,33057764,264
0f4ee9896ccbed34,sunkenpalace_top_01_c4r24.tgm,Tiny_5,33054248,1657
a32eab72be1246fe,sunkenpalace_top_01_c4r24.tgm.header,Tiny_5,33055905,264
c622fbb2ed47aafd,sunkenpalace_top_01_c4r23.tgm,Tiny_5,33052389,1595
27b2d983affebb28,sunkenpalace_top_01_c4r23.tgm.header,Tiny_5,33053984,264
5af1c4b9d847dc11,sunkenpalace_top_01_c4r22.tgm,Tiny_5,33050282,1843
0500a98f0582c4f3,sunkenpalace_top_01_c4r22.tgm.header,Tiny_5,33052125,264
e69a9d83630fe1e3,sunkenpalace_top_01_c4r21.tgm,Tiny_5,33048361,1657
7130d99b4fd85d90,sunkenpalace_top_01_c4r21.tgm.header,Tiny_5,33050018,264
8425a3d54bfce496,sunkenpalace_top_01_c4r20.tgm,Tiny_5,33046750,1347
97a55da2e589f7cf,sunkenpalace_top_01_c4r20.tgm.header,Tiny_5,33048097,264
882e443781616c74,sunkenpalace_top_01_c4r2.tgm,Folders/art/models/terrain/hideout/sunkenpalace/tgms_2,1326163,6729
14b94a59e7e41a48,sunkenpalace_top_01_c4r2.tgm.header,Tiny_5,33046486,264
1c584e6ca3d64ae8,sunkenpalace_top_01_c4r19.tgm,Tiny_5,33044775,1447
5174daefcda137d3,sunkenpalace_top_01_c4r19.tgm.header,Tiny_5,33046222,264
4c2ee74772660f30,sunkenpalace_top_01_c4r18.tgm,Tiny_5,33041738,2773
1a66bbc549e57302,sunkenpalace_top_01_c4r18.tgm.header,Tiny_5,33044511,264
0818353ef480dce0,sunkenpalace_top_01_c4r17.tgm,Tiny_5,33037963,3511
4f04739cafd5f987,sunkenpalace_top_01_c4r17.tgm.header,Tiny_5,33041474,264
3872f1475b5da9b5,sunkenpalace_top_01_c4r16.tgm,Tiny_5,33035118,2581
9b6f4426eff71099,sunkenpalace_top_01_c4r16.tgm.header,Tiny_5,33037699,264
6b2c7b0b6f986498,sunkenpalace_top_01_c4r15.tgm,Tiny_5,33031879,2975
67a082b95df5d7fb,sunkenpalace_top_01_c4r15.tgm.header,Tiny_5,33034854,264
eeccac90dddaacd6,sunkenpalace_top_01_c4r14.tgm,Tiny_5,33028578,3037
c9a0e3b16e7a8351,sunkenpalace_top_01_c4r14.tgm.header,Tiny_5,33031615,264
64470330721659f0,sunkenpalace_top_01_c4r13.tgm,Tiny_5,33024843,3471
fece86e03f872bce,sunkenpalace_top_01_c4r13.tgm.header,Tiny_5,33028314,264
d8ce6573a1b4ddc1,sunkenpalace_top_01_c4r12.tgm,Tiny_5,33021102,3477
8391f1a753892210,sunkenpalace_top_01_c4r12.tgm.header,Tiny_5,33024579,264
40267325b8f693a8,sunkenpalace_top_01_c4r11.tgm,Folders/art/models/terrain/hideout/sunkenpalace/tgms_2,1321576,4587
0c8323636081672d,sunkenpalace_top_01_c4r11.tgm.header,Tiny_5,33020838,264
b595e54290d08613,sunkenpalace_top_01_c4r10.tgm,Folders/art/models/terrain/hideout/sunkenpalace/tgms_2,1316515,5061
868507c6a454ccaa,sunkenpalace_top_01_c4r10.tgm.header,Tiny_5,33020574,264
d04cf7425fa6fde4,sunkenpalace_top_01_c4r1.tgm,Folders/art/models/terrain/hideout/sunkenpalace/tgms_2,1302776,13739
bf8364a9621aa09f,sunkenpalace_top_01_c4r1.tgm.header,Tiny_5,33020310,264
8701ea7d7cd4e328,sunkenpalace_top_01_c3r9.tgm,Folders/art/models/terrain/hideout/sunkenpalace/tgms_2,1298105,4671
02a9bc7d80872631,sunkenpalace_top_01_c3r9.tgm.header,Tiny_5,33020046,264
9570348fa2d62514,sunkenpalace_top_01_c3r8.tgm,Tiny_5,33015877,3905
e2e42f71b6240833,sunkenpalace_top_01_c3r8.tgm.header,Tiny_5,33019782,264
ef7e2cf1a92f24c9,sunkenpalace_top_01_c3r7.tgm,Tiny_5,33011628,3985
d455aa9d4c02482d,sunkenpalace_top_01_c3r7.tgm.header,Tiny_5,33015613,264
d00931ece0a600aa,sunkenpalace_top_01_c3r6.tgm,Tiny_5,33007989,3375
14b090e0642cf091,sunkenpalace_top_01_c3r6.tgm.header,Tiny_5,33011364,264
c7f1a53f8bcfdf18,sunkenpalace_top_01_c3r5.tgm,Tiny_5,33003820,3905
57ed90ae1c80f68a,sunkenpalace_top_01_c3r5.tgm.header,Tiny_5,33007725,264
2f1271858b69dd3d,sunkenpalace_top_01_c3r4.tgm,Tiny_5,32999629,3927
1ce704cc3615cab2,sunkenpalace_top_01_c3r4.tgm.header,Tiny_5,33003556,264
b9c60443c0d90519,sunkenpalace_top_01_c3r3.tgm,Folders/art/models/terrain/hideout/sunkenpalace/tgms_2,1289472,8633
7c5da0c502500ea2,sunkenpalace_top_01_c3r3.tgm.header,Tiny_5,32999365,264
4977a48a4708a5cd,sunkenpalace_top_01_c3r27.tgm,Tiny_5,73576547,57
12cff1d3546ef2d3,sunkenpalace_top_01_c3r27.tgm.header,Tiny_6,4042080,264
c7037006d00b25e8,sunkenpalace_top_01_c3r26.tgm,Tiny_5,32997884,1217
54685a3b2c590c9f,sunkenpalace_top_01_c3r26.tgm.header,Tiny_5,32999101,264
e4c65b04957c26c3,sunkenpalace_top_01_c3r25.tgm,Tiny_5,32995895,1725
0f0c91d9c5b1dd5d,sunkenpalace_top_01_c3r25.tgm.header,Tiny_5,32997620,264
3b41022b9c3b12eb,sunkenpalace_top_01_c3r24.tgm,Tiny_5,32994222,1409
ba5c826a3d0b952a,sunkenpalace_top_01_c3r24.tgm.header,Tiny_5,32995631,264
64ae26603334b036,sunkenpalace_top_01_c3r23.tgm,Tiny_5,32992115,1843
8e73f4e8cd081064,sunkenpalace_top_01_c3r23.tgm.header,Tiny_5,32993958,264
a1e582b569ad698f,sunkenpalace_top_01_c3r22.tgm,Tiny_5,32990194,1657
de43bb5cd03cbb4b,sunkenpalace_top_01_c3r22.tgm.header,Tiny_5,32991851,264
4e767fb87fb11614,sunkenpalace_top_01_c3r21.tgm,Tiny_5,32988893,1037
f66639901a8d2a72,sunkenpalace_top_01_c3r21.tgm.header,Tiny_5,32989930,264
be88c1de8d38f7ed,sunkenpalace_top_01_c3r20.tgm,Tiny_5,32987654,975
17ec6099f1a89fae,sunkenpalace_top_01_c3r20.tgm.header,Tiny_5,32988629,264
9d872aecb5ba9e92,sunkenpalace_top_01_c3r2.tgm,Folders/art/models/terrain/hideout/sunkenpalace/tgms_2,1278325,11147
02e2b0130dad966b,sunkenpalace_top_01_c3r2.tgm.header,Tiny_5,32987390,264
d9a1d9b0e941d008,sunkenpalace_top_01_c3r19.tgm,Tiny_5,32985903,1223
33694817e1882a6c,sunkenpalace_top_01_c3r19.tgm.header,Tiny_5,32987126,264
98f959ae4d9d29c4,sunkenpalace_top_01_c3r18.tgm,Tiny_5,32983662,1977
c6d8e674c4ff4e14,sunkenpalace_top_01_c3r18.tgm.header,Tiny_5,32985639,264
bdc3e0ad714379ee,sunkenpalace_top_01_c3r17.tgm,Tiny_5,32980101,3297
458b982e15f1d246,sunkenpalace_top_01_c3r17.tgm.header,Tiny_5,32983398,264
6eb6832f8c3aad66,sunkenpalace_top_01_c3r16.tgm,Tiny_5,32976614,3223
14505f3b8f7a7d99,sunkenpalace_top_01_c3r16.tgm.header,Tiny_5,32979837,264
5536854585d71c8f,sunkenpalace_top_01_c3r15.tgm,Tiny_5,32973437,2913
d8831296e9652ab6,sunkenpalace_top_01_c3r15.tgm.header,Tiny_5,32976350,264
0ce08df75223bd43,sunkenpalace_top_01_c3r14.tgm,Tiny_5,32970716,2457
aba3b2b972158548,sunkenpalace_top_01_c3r14.tgm.header,Tiny_5,32973173,264
d45b17765102582a,sunkenpalace_top_01_c3r13.tgm,Tiny_5,32968221,2231
a995ae0eabda9a73,sunkenpalace_top_01_c3r13.tgm.header,Tiny_5,32970452,264
73165353c1bb470f,sunkenpalace_top_01_c3r12.tgm,Tiny_5,32965438,2519
3158335ae5a03173,sunkenpalace_top_01_c3r12.tgm.header,Tiny_5,32967957,264
0b8ad7b6c97969a9,sunkenpalace_top_01_c3r11.tgm,Tiny_5,32962035,3139
a1d248dd9e616a1e,sunkenpalace_top_01_c3r11.tgm.header,Tiny_5,32965174,264
678a184e933b0776,sunkenpalace_top_01_c3r10.tgm,Tiny_5,32957702,4069
97f4dde5d60f5d2d,sunkenpalace_top_01_c3r10.tgm.header,Tiny_5,32961771,264
d208dc3d7c6d54e0,sunkenpalace_top_01_c3r1.tgm,Folders/art/models/terrain/hideout/sunkenpalace/tgms_2,1262478,15847
080f170292c56a1e,sunkenpalace_top_01_c3r1.tgm.header,Tiny_5,32957438,264
f52a4670b77ebdc1,sunkenpalace_top_01_c33r9.tgm,Tiny_5,32954029,3145
7a30282f63c443ed,sunkenpalace_top_01_c33r9.tgm.header,Tiny_5,32957174,264
af07b03ee715332f,sunkenpalace_top_01_c33r8.tgm,Tiny_5,32950248,3517
78d38cec11eb6359,sunkenpalace_top_01_c33r8.tgm.header,Tiny_5,32953765,264
9c28d3fe10974eff,sunkenpalace_top_01_c33r7.tgm,Tiny_5,32946095,3889
075ac61fef91e157,sunkenpalace_top_01_c33r7.tgm.header,Tiny_5,32949984,264
5c318a2d4dc16a75,sunkenpalace_top_01_c33r6.tgm,Folders/art/models/terrain/hideout/sunkenpalace/tgms_2,1258217,4261
8c123cb09dc7e504,sunkenpalace_top_01_c33r6.tgm.header,Tiny_5,32945831,264
bb296cdb9eb579bd,sunkenpalace_top_01_c33r5.tgm,Folders/art/models/terrain/hideout/sunkenpalace/tgms_2,1253708,4509
acf4547aa3713cec,sunkenpalace_top_01_c33r5.tgm.header,Tiny_5,32945567,264
4a976894b7d473aa,sunkenpalace_top_01_c33r4.tgm,Tiny_5,32941848,3455
129d7dd3d800d236,sunkenpalace_top_01_c33r4.tgm.header,Tiny_5,32945303,264
7093d71cf3c8cb9a,sunkenpalace_top_01_c33r3.tgm,Tiny_5,73576547,57
ab31b0f10c45489b,sunkenpalace_top_01_c33r3.tgm.header,Tiny_6,4042080,264
3fc3842371e9df68,sunkenpalace_top_01_c33r27.tgm,Tiny_5,73576547,57
b53d9ccd60908eef,sunkenpalace_top_01_c33r27.tgm.header,Tiny_6,4042080,264
cf300b65d767aacd,sunkenpalace_top_01_c33r26.tgm,Tiny_5,73576547,57
0e4c3215ac9fb1f2,sunkenpalace_top_01_c33r26.tgm.header,Tiny_6,4042080,264
1feda3f431fdd7c4,sunkenpalace_top_01_c33r25.tgm,Tiny_5,73576547,57
ca509d05a7662690,sunkenpalace_top_01_c33r25.tgm.header,Tiny_6,4042080,264
5eeb751a0b6d20a3,sunkenpalace_top_01_c33r24.tgm,Tiny_5,73576547,57
5ff0bad75fe6f45c,sunkenpalace_top_01_c33r24.tgm.header,Tiny_6,4042080,264
8cb2aa249a6ca442,sunkenpalace_top_01_c33r23.tgm,Tiny_5,73576547,57
6e71bf09bfef221d,sunkenpalace_top_01_c33r23.tgm.header,Tiny_6,4042080,264
24548e01f61fa1f8,sunkenpalace_top_01_c33r22.tgm,Tiny_5,73576547,57
ab908b9417667ce1,sunkenpalace_top_01_c33r22.tgm.header,Tiny_6,4042080,264
76f9afec97497818,sunkenpalace_top_01_c33r21.tgm,Tiny_5,73576547,57
b5b3ec5c74658972,sunkenpalace_top_01_c33r21.tgm.header,Tiny_6,4042080,264
731f9e0c6aed8fa1,sunkenpalace_top_01_c33r20.tgm,Tiny_5,73576547,57
9a227c7594a1c2a7,sunkenpalace_top_01_c33r20.tgm.header,Tiny_6,4042080,264
b336eca3b578398d,sunkenpalace_top_01_c33r2.tgm,Tiny_5,73576547,57
4b33eeb30c5aea66,sunkenpalace_top_01_c33r2.tgm.header,Tiny_6,4042080,264
87db47b78b1284b6,sunkenpalace_top_01_c33r19.tgm,Tiny_5,73576547,57
1b80e274bc21764e,sunkenpalace_top_01_c33r19.tgm.header,Tiny_6,4042080,264
92aa015f826878a0,sunkenpalace_top_01_c33r18.tgm,Tiny_5,32940733,851
1cb9a0b146b85099,sunkenpalace_top_01_c33r18.tgm.header,Tiny_5,32941584,264
d267dfd06db49ad8,sunkenpalace_top_01_c33r17.tgm,Tiny_5,32939122,1347
f9dfdd422d75a3e7,sunkenpalace_top_01_c33r17.tgm.header,Tiny_5,32940469,264
237466caba44624a,sunkenpalace_top_01_c33r16.tgm,Tiny_5,32936447,2411
d4d8307e9ae34be3,sunkenpalace_top_01_c33r16.tgm.header,Tiny_5,32938858,264
3fcf2802cb9e7553,sunkenpalace_top_01_c33r15.tgm,Folders/art/models/terrain/hideout/sunkenpalace/tgms_2,1249577,4131
1aa37ee41a8d5e87,sunkenpalace_top_01_c33r15.tgm.header,Tiny_5,32936183,264
867f8bec0e30e925,sunkenpalace_top_01_c33r14.tgm,Folders/art/models/terrain/hideout/sunkenpalace/tgms_2,1244966,4611
75091ce20435d010,sunkenpalace_top_01_c33r14.tgm.header,Tiny_5,32935919,264
0bc245efb3934b19,sunkenpalace_top_01_c33r13.tgm,Tiny_5,32933058,2597
d95dfef6e94e600e,sunkenpalace_top_01_c33r13.tgm.header,Tiny_5,32935655,264
db3b0515bce6ce53,sunkenpalace_top_01_c33r12.tgm,Tiny_5,32930765,2029
e667b4bf82a32c47,sunkenpalace_top_01_c33r12.tgm.header,Tiny_5,32932794,264
23604cfe3f06c5b5,sunkenpalace_top_01_c33r11.tgm,Tiny_5,32928100,2401
7720bbcaa527f678,sunkenpalace_top_01_c33r11.tgm.header,Tiny_5,32930501,264
e8d00a077f07f1bc,sunkenpalace_top_01_c33r10.tgm,Tiny_5,32925063,2773
3cdd2f8f25ff48f9,sunkenpalace_top_01_c33r10.tgm.header,Tiny_5,32927836,264
7504bad5b3db02b6,sunkenpalace_top_01_c33r1.tgm,Tiny_5,73576547,57
1f2c2f44498b1cce,sunkenpalace_top_01_c33r1.tgm.header,Tiny_6,4042080,264
d18cde824224c7a1,sunkenpalace_top_01_c32r9.tgm,Tiny_5,32922212,2587
2aaccf126ef2fa9b,sunkenpalace_top_01_c32r9.tgm.header,Tiny_5,32924799,264
7b8b7024dd190553,sunkenpalace_top_01_c32r8.tgm,Tiny_5,32918803,3145
846a9693ecd7bfda,sunkenpalace_top_01_c32r8.tgm.header,Tiny_5,32921948,264
eb352f8304232dfd,sunkenpalace_top_01_c32r7.tgm,Tiny_5,32915022,3517
cbab7bc2071be94c,sunkenpalace_top_01_c32r7.tgm.header,Tiny_5,32918539,264
44adee91816bbd33,sunkenpalace_top_01_c32r6.tgm,Folders/art/models/terrain/hideout/sunkenpalace/tgms_2,1240643,4323
713484e3b731685c,sunkenpalace_top_01_c32r6.tgm.header,Tiny_5,32914758,264
96d2e4dd4cbbed1f,sunkenpalace_top_01_c32r5.tgm,Folders/art/models/terrain/hideout/sunkenpalace/tgms_2,1234150,6493
af4347b9c9b81faa,sunkenpalace_top_01_c32r5.tgm.header,Tiny_5,32914494,264
2ed61391887d020d,sunkenpalace_top_01_c32r4.tgm,Folders/art/models/terrain/hideout/sunkenpalace/tgms_2,1228705,5445
55d7e39ea93dd4c4,sunkenpalace_top_01_c32r4.tgm.header,Tiny_5,32914230,264
fa7850214da0c079,sunkenpalace_top_01_c32r3.tgm,Tiny_5,73576547,57
02df575f57b3a514,sunkenpalace_top_01_c32r3.tgm.header,Tiny_6,4042080,264
1f487f9d6a0df473,sunkenpalace_top_01_c32r27.tgm,Tiny_5,73576547,57
2d8f1f776baba9e8,sunkenpalace_top_01_c32r27.tgm.header,Tiny_6,4042080,264
750cee08cbfabc19,sunkenpalace_top_01_c32r26.tgm,Tiny_5,73576547,57
ce33c7b05910dbf7,sunkenpalace_top_01_c32r26.tgm.header,Tiny_6,4042080,264
8e0df4e5dcf55acc,sunkenpalace_top_01_c32r25.tgm,Tiny_5,73576547,57
5f35ebac88223a68,sunkenpalace_top_01_c32r25.tgm.header,Tiny_6,4042080,264
7b57f6a5b9c1e043,sunkenpalace_top_01_c32r24.tgm,Tiny_5,73576547,57
df565e76c4e998c3,sunkenpalace_top_01_c32r24.tgm.header,Tiny_6,4042080,264
4e3d4e0c90168111,sunkenpalace_top_01_c32r23.tgm,Tiny_5,73576547,57
832697c537f05ab8,sunkenpalace_top_01_c32r23.tgm.header,Tiny_6,4042080,264
f215394557495e52,sunkenpalace_top_01_c32r22.tgm,Tiny_5,73576547,57
19e9260dc676b928,sunkenpalace_top_01_c32r22.tgm.header,Tiny_6,4042080,264
dcff35a0ce7926b2,sunkenpalace_top_01_c32r21.tgm,Tiny_5,73576547,57
a15d665926e91ff4,sunkenpalace_top_01_c32r21.tgm.header,Tiny_6,4042080,264
68bede7bbbdd15de,sunkenpalace_top_01_c32r20.tgm,Tiny_5,73576547,57
c7419f2502deb3ac,sunkenpalace_top_01_c32r20.tgm.header,Tiny_6,4042080,264
70649472588f877f,sunkenpalace_top_01_c32r2.tgm,Tiny_5,73576547,57
d07d9ca0fe1e7116,sunkenpalace_top_01_c32r2.tgm.header,Tiny_6,4042080,264
98d1067c1915482d,sunkenpalace_top_01_c32r19.tgm,Tiny_5,73576547,57
2d639f6aa015eb6d,sunkenpalace_top_01_c32r19.tgm.header,Tiny_6,4042080,264
69c8f2161b59ff6b,sunkenpalace_top_01_c32r18.tgm,Tiny_5,32913679,287
5ee11a9e7eccc13a,sunkenpalace_top_01_c32r18.tgm.header,Tiny_5,32913966,264
f99767045ff200e7,sunkenpalace_top_01_c32r17.tgm,Tiny_5,32912278,1137
404349c2b89d45c9,sunkenpalace_top_01_c32r17.tgm.header,Tiny_5,32913415,264
60213ffed7b0379b,sunkenpalace_top_01_c32r16.tgm,Tiny_5,32909653,2361
fea83c897d5a7002,sunkenpalace_top_01_c32r16.tgm.header,Tiny_5,32912014,264
9f297ed30178866d,sunkenpalace_top_01_c32r15.tgm,Tiny_5,32905940,3449
b6903c75ef751b7c,sunkenpalace_top_01_c32r15.tgm.header,Tiny_5,32909389,264
9b2695dc8f6d62a7,sunkenpalace_top_01_c32r14.tgm,Folders/art/models/terrain/hideout/sunkenpalace/tgms_2,1223892,4813
5a2f996cdf17032e,sunkenpalace_top_01_c32r14.tgm.header,Tiny_5,32905676,264
cfd21b23656611fe,sunkenpalace_top_01_c32r13.tgm,Tiny_5,32902165,3247
42897964fdcb324a,sunkenpalace_top_01_c32r13.tgm.header,Tiny_5,32905412,264
bb5eca79259c320a,sunkenpalace_top_01_c32r12.tgm,Tiny_5,32899676,2225
d0327035ebed9951,sunkenpalace_top_01_c32r12.tgm.header,Tiny_5,32901901,264
2a30aaa9a88cc23c,sunkenpalace_top_01_c32r11.tgm,Tiny_5,32897817,1595
9ec75626a0c1ff73,sunkenpalace_top_01_c32r11.tgm.header,Tiny_5,32899412,264
2e627d749d4b37bf,sunkenpalace_top_01_c32r10.tgm,Tiny_5,32895462,2091
cd9030cef1a4df32,sunkenpalace_top_01_c32r10.tgm.header,Tiny_5,32897553,264
98d80d3eb5acd5df,sunkenpalace_top_01_c32r1.tgm,Tiny_5,73576547,57
aab803c7f9b8ec7c,sunkenpalace_top_01_c32r1.tgm.header,Tiny_6,4042080,264
158fe03ff3efbb7a,sunkenpalace_top_01_c31r9.tgm,Tiny_5,32893479,1719
dafaf69edd3673db,sunkenpalace_top_01_c31r9.tgm.header,Tiny_5,32895198,264
533d3d9589b39921,sunkenpalace_top_01_c31r8.tgm,Tiny_5,32891372,1843
3f0e0b10a462acc3,sunkenpalace_top_01_c31r8.tgm.header,Tiny_5,32893215,264
0e26691158be8e1e,sunkenpalace_top_01_c31r7.tgm,Tiny_5,32888955,2153
330382d6d49a7575,sunkenpalace_top_01_c31r7.tgm.header,Tiny_5,32891108,264
dc006514224252b2,sunkenpalace_top_01_c31r6.tgm,Tiny_5,32885856,2835
bc6f214dae3470df,sunkenpalace_top_01_c31r6.tgm.header,Tiny_5,32888691,264
b658303c44ff8eb8,sunkenpalace_top_01_c31r5.tgm,Tiny_5,32883005,2587
2a3c19b958839e73,sunkenpalace_top_01_c31r5.tgm.header,Tiny_5,32885592,264
5430ff6812a38afd,sunkenpalace_top_01_c31r4.tgm,Tiny_5,32880722,2283
544880141b3dae81,sunkenpalace_top_01_c31r4.tgm.header,Tiny_5,32590311,264
894f0ee9c3bd75fe,sunkenpalace_top_01_c31r3.tgm,Tiny_5,32878931,1527
49e0b25f20666130,sunkenpalace_top_01_c31r3.tgm.header,Tiny_5,32880458,264
7b340206bcff5c3b,sunkenpalace_top_01_c31r27.tgm,Tiny_5,73576547,57
63b8f59e3b8fa9d4,sunkenpalace_top_01_c31r27.tgm.header,Tiny_6,4042080,264
8e91a70ed1060de3,sunkenpalace_top_01_c31r26.tgm,Tiny_5,73576547,57
bbc2a27c48cbf78b,sunkenpalace_top_01_c31r26.tgm.header,Tiny_6,4042080,264
e3e9decc169e0077,sunkenpalace_top_01_c31r25.tgm,Tiny_5,73576547,57
ba64050d864340d2,sunkenpalace_top_01_c31r25.tgm.header,Tiny_6,4042080,264
3d1c366943fe822b,sunkenpalace_top_01_c31r24.tgm,Tiny_5,73576547,57
91916a550efd4afe,sunkenpalace_top_01_c31r24.tgm.header,Tiny_6,4042080,264
6542547ec90b9e0b,sunkenpalace_top_01_c31r23.tgm,Tiny_5,73576547,57
2f1fc4b7a6b42800,sunkenpalace_top_01_c31r23.tgm.header,Tiny_6,4042080,264
d7681706bafd9803,sunkenpalace_top_01_c31r22.tgm,Tiny_5,73576547,57
ca751898439f22ea,sunkenpalace_top_01_c31r22.tgm.header,Tiny_6,4042080,264
809fffeebb9b6e62,sunkenpalace_top_01_c31r21.tgm,Tiny_5,73576547,57
06c441a18d0c039c,sunkenpalace_top_01_c31r21.tgm.header,Tiny_6,4042080,264
e4ed36c34d98a921,sunkenpalace_top_01_c31r20.tgm,Tiny_5,73576547,57
3b28abbd049082ef,sunkenpalace_top_01_c31r20.tgm.header,Tiny_6,4042080,264
9db8d931229cf1c1,sunkenpalace_top_01_c31r2.tgm,Tiny_5,73576547,57
ca6c4e63152b469d,sunkenpalace_top_01_c31r2.tgm.header,Tiny_6,4042080,264
6b4e1b52c33878d1,sunkenpalace_top_01_c31r19.tgm,Tiny_5,73576547,57
82797947a813dd21,sunkenpalace_top_01_c31r19.tgm.header,Tiny_6,4042080,264
51c1f815f488eb8b,sunkenpalace_top_01_c31r18.tgm,Tiny_5,32878312,355
6bf07836af86fd79,sunkenpalace_top_01_c31r18.tgm.header,Tiny_5,32878667,264
d2c4f05922fe4e4b,sunkenpalace_top_01_c31r17.tgm,Tiny_5,32876987,1061
056a46c0b18dcbc0,sunkenpalace_top_01_c31r17.tgm.header,Tiny_5,32878048,264
168de5e4fd7d8386,sunkenpalace_top_01_c31r16.tgm,Tiny_5,32875606,1117
3c3834a327235949,sunkenpalace_top_01_c31r16.tgm.header,Tiny_5,32876723,264
f2fdedc3f0945a29,sunkenpalace_top_01_c31r15.tgm,Tiny_5,32874175,1167
1e3ee7f0a5cbdf83,sunkenpalace_top_01_c31r15.tgm.header,Tiny_5,32875342,264
604f885b842734ab,sunkenpalace_top_01_c31r14.tgm,Tiny_5,32870062,3849
7913ac22d09db834,sunkenpalace_top_01_c31r14.tgm.header,Tiny_5,32873911,264
b2cf58e9fc9b2930,sunkenpalace_top_01_c31r13.tgm,Tiny_5,32865915,3883
714b184cb3204c8e,sunkenpalace_top_01_c31r13.tgm.header,Tiny_5,32869798,264
8c08ddf7df5f736b,sunkenpalace_top_01_c31r12.tgm,Tiny_5,32863566,2085
f1e51e6cdac4db6f,sunkenpalace_top_01_c31r12.tgm.header,Tiny_5,32865651,264
4bfcfff278e4878e,sunkenpalace_top_01_c31r11.tgm,Tiny_5,32861889,1413
8941bc3c040d3d5f,sunkenpalace_top_01_c31r11.tgm.header,Tiny_5,32863302,264
a48e36200db25c9b,sunkenpalace_top_01_c31r10.tgm,Tiny_5,32860464,1161
be1bed797d2adbdf,sunkenpalace_top_01_c31r10.tgm.header,Tiny_5,32861625,264
c38d630e898a07be,sunkenpalace_top_01_c31r1.tgm,Tiny_5,73576547,57
85c945e57344e78e,sunkenpalace_top_01_c31r1.tgm.header,Tiny_6,4042080,264
93253f049dfacc53,sunkenpalace_top_01_c30r9.tgm,Tiny_5,32858853,1347
2ed0c704e476f8b0,sunkenpalace_top_01_c30r9.tgm.header,Tiny_5,32860200,264
d6263be113320343,sunkenpalace_top_01_c30r8.tgm,Tiny_5,32856870,1719
159c8e13790f4c56,sunkenpalace_top_01_c30r8.tgm.header,Tiny_5,32858589,264
35049d296233fb7a,sunkenpalace_top_01_c30r7.tgm,Tiny_5,32854887,1719
4cfd5a8b59c63925,sunkenpalace_top_01_c30r7.tgm.header,Tiny_5,32856606,264
883318becfb3adf8,sunkenpalace_top_01_c30r6.tgm,Tiny_5,32853478,1409
857b35ce678afc15,sunkenpalace_top_01_c30r6.tgm.header,Tiny_5,32745967,264
183d049a9c743ae6,sunkenpalace_top_01_c30r5.tgm,Tiny_5,32852317,1161
e1b2899b5dbe0e2b,sunkenpalace_top_01_c30r5.tgm.header,Tiny_5,32686553,264
ae93ed5756b4313e,sunkenpalace_top_01_c30r4.tgm,Tiny_5,32851156,1161
21483993326ee422,sunkenpalace_top_01_c30r4.tgm.header,Tiny_5,32686553,264
ccbd942aaafd8ddf,sunkenpalace_top_01_c30r3.tgm,Tiny_5,32849235,1657
1c276162f000e3f6,sunkenpalace_top_01_c30r3.tgm.header,Tiny_5,32850892,264
46e3a3ec358b31dc,sunkenpalace_top_01_c30r27.tgm,Tiny_5,32846192,2779
cddc1eb55289b999,sunkenpalace_top_01_c30r27.tgm.header,Tiny_5,32848971,264
56447899c333a138,sunkenpalace_top_01_c30r26.tgm,Tiny_5,32843279,2649
edc445d9fbfd9deb,sunkenpalace_top_01_c30r26.tgm.header,Tiny_5,32845928,264
208a4898a14bbe70,sunkenpalace_top_01_c30r25.tgm,Tiny_5,32840360,2655
7ffec973b29226a6,sunkenpalace_top_01_c30r25.tgm.header,Tiny_5,32843015,264
ed0f957d8cc154e1,sunkenpalace_top_01_c30r24.tgm,Tiny_5,32838073,2023
3586026642d1a4e8,sunkenpalace_top_01_c30r24.tgm.header,Tiny_5,32840096,264
7cbdd46481ad45e1,sunkenpalace_top_01_c30r23.tgm,Tiny_5,32836090,1719
b7957b2cf5db7d8b,sunkenpalace_top_01_c30r23.tgm.header,Tiny_5,32837809,264
992fd32c0edee25d,sunkenpalace_top_01_c30r22.tgm,Tiny_5,32833859,1967
3953f95cea94583d,sunkenpalace_top_01_c30r22.tgm.header,Tiny_5,32835826,264
f85ab6c0c85f61ca,sunkenpalace_top_01_c30r21.tgm,Tiny_5,32831380,2215
be22abe641ec9ddb,sunkenpalace_top_01_c30r21.tgm.header,Tiny_5,32833595,264
476c5982a944e886,sunkenpalace_top_01_c30r20.tgm,Tiny_5,32828653,2463
bbd2f2780cedf282,sunkenpalace_top_01_c30r20.tgm.header,Tiny_5,32831116,264
f14d668d5ec83cd1,sunkenpalace_top_01_c30r2.tgm,Tiny_5,73576547,57
f99da7490c663010,sunkenpalace_top_01_c30r2.tgm.header,Tiny_6,4042080,264
0e4b1e7a8d471242,sunkenpalace_top_01_c30r19.tgm,Tiny_5,32825860,2529
c3ed7f300836a864,sunkenpalace_top_01_c30r19.tgm.header,Tiny_5,32828389,264
adafb1942ebce466,sunkenpalace_top_01_c30r18.tgm,Tiny_5,32823523,2073
7b9df34633231fe8,sunkenpalace_top_01_c30r18.tgm.header,Tiny_5,32825596,264
5dc95f427efa7d2e,sunkenpalace_top_01_c30r17.tgm,Tiny_5,32822080,1179
9ae35aac7ada1493,sunkenpalace_top_01_c30r17.tgm.header,Tiny_5,32823259,264
824a85a9d410319e,sunkenpalace_top_01_c30r16.tgm,Tiny_5,32820649,1167
711d1beeece8f335,sunkenpalace_top_01_c30r16.tgm.header,Tiny_5,32821816,264
e6e94571b1bd8173,sunkenpalace_top_01_c30r15.tgm,Tiny_5,32818766,1619
3a9db0fef4832278,sunkenpalace_top_01_c30r15.tgm.header,Tiny_5,32820385,264
c064438a7983d583,sunkenpalace_top_01_c30r14.tgm,Tiny_5,32815633,2869
eccd43b9d4bb5f61,sunkenpalace_top_01_c30r14.tgm.header,Tiny_5,32818502,264
ac773ec9816328d2,sunkenpalace_top_01_c30r13.tgm,Tiny_5,32811964,3405
d3c9d1e7b34423ca,sunkenpalace_top_01_c30r13.tgm.header,Tiny_5,32815369,264
cc3f2c4aab3b9c13,sunkenpalace_top_01_c30r12.tgm,Tiny_5,32809045,2655
c1a9091e19f6f384,sunkenpalace_top_01_c30r12.tgm.header,Tiny_5,32811700,264
3bdaa4c8c2cad6dc,sunkenpalace_top_01_c30r11.tgm,Tiny_5,32806674,2107
ccc8051f66460a51,sunkenpalace_top_01_c30r11.tgm.header,Tiny_5,32808781,264
0faea2d75d8881bc,sunkenpalace_top_01_c30r10.tgm,Tiny_5,32804867,1543
89142e743565d482,sunkenpalace_top_01_c30r10.tgm.header,Tiny_5,32806410,264
3a1010cc0dfb9505,sunkenpalace_top_01_c30r1.tgm,Tiny_5,73576547,57
983e20884d4e3156,sunkenpalace_top_01_c30r1.tgm.header,Tiny_6,4042080,264
5c3214d445e1dfad,sunkenpalace_top_01_c2r9.tgm,Folders/art/models/terrain/hideout/sunkenpalace/tgms_2,1219513,4379
d60a962d9f37ac2d,sunkenpalace_top_01_c2r9.tgm.header,Tiny_5,32804603,264
ce7e3cd7aaa860ff,sunkenpalace_top_01_c2r8.tgm,Folders/art/models/terrain/hideout/sunkenpalace/tgms_2,1214598,4915
659443ffb0cec40f,sunkenpalace_top_01_c2r8.tgm.header,Tiny_5,32804339,264
e9281d02ad550566,sunkenpalace_top_01_c2r7.tgm,Tiny_5,32800086,3989
579f46bfef68b391,sunkenpalace_top_01_c2r7.tgm.header,Tiny_5,32804075,264
9ffb5cd09cb195bb,sunkenpalace_top_01_c2r6.tgm,Tiny_5,32796993,2829
e88b8b924c268e58,sunkenpalace_top_01_c2r6.tgm.header,Tiny_5,32799822,264
8d212a9e98910f02,sunkenpalace_top_01_c2r5.tgm,Tiny_5,32793134,3595
46f6eeae1ac7f49e,sunkenpalace_top_01_c2r5.tgm.header,Tiny_5,32796729,264
100a946bcb9548db,sunkenpalace_top_01_c2r4.tgm,Tiny_5,32789585,3285
aa7943dc983dca00,sunkenpalace_top_01_c2r4.tgm.header,Tiny_5,32792870,264
1dabc33d39edb3ea,sunkenpalace_top_01_c2r3.tgm,Tiny_5,32787062,2259
70a87b1ea57b8cf0,sunkenpalace_top_01_c2r3.tgm.header,Tiny_5,32789321,264
3b7077783bf47d30,sunkenpalace_top_01_c2r27.tgm,Tiny_5,73576547,57
e0a2f34bfd209c50,sunkenpalace_top_01_c2r27.tgm.header,Tiny_6,4042080,264
1a1719173ad15ea9,sunkenpalace_top_01_c2r26.tgm,Tiny_5,73576547,57
95ada17a034a7c28,sunkenpalace_top_01_c2r26.tgm.header,Tiny_6,4042080,264
c4f8057ec64a2494,sunkenpalace_top_01_c2r25.tgm,Tiny_5,32785829,969
cc941ad42f3ad3e7,sunkenpalace_top_01_c2r25.tgm.header,Tiny_5,32786798,264
2c43e089eac15734,sunkenpalace_top_01_c2r24.tgm,Tiny_5,32784274,1291
3daecba5b9044dd3,sunkenpalace_top_01_c2r24.tgm.header,Tiny_5,32785565,264
a4497e5208993c91,sunkenpalace_top_01_c2r23.tgm,Tiny_5,32782911,1099
417e77dff236ad47,sunkenpalace_top_01_c2r23.tgm.header,Tiny_5,32784010,264
29e1a29ba291ca03,sunkenpalace_top_01_c2r22.tgm,Tiny_5,32781796,851
7744c4b480566896,sunkenpalace_top_01_c2r22.tgm.header,Tiny_5,32782647,264
c70b496d69fd2f4a,sunkenpalace_top_01_c2r21.tgm,Tiny_5,32780557,975
ec17eed5f5a85f93,sunkenpalace_top_01_c2r21.tgm.header,Tiny_5,32781532,264
10bab510cc7feb20,sunkenpalace_top_01_c2r20.tgm,Tiny_5,32779070,1223
d365f8898d326ba5,sunkenpalace_top_01_c2r20.tgm.header,Tiny_5,32780293,264
4470d3490124134d,sunkenpalace_top_01_c2r2.tgm,Folders/art/models/terrain/hideout/sunkenpalace/tgms_2,1210401,4197
28b0562ed98f8018,sunkenpalace_top_01_c2r2.tgm.header,Tiny_5,32778806,264
cd34a59506650456,sunkenpalace_top_01_c2r19.tgm,Tiny_5,32777071,1471
a2915e077652ab60,sunkenpalace_top_01_c2r19.tgm.header,Tiny_5,32778542,264
e3772cd495adefc5,sunkenpalace_top_01_c2r18.tgm,Tiny_5,32775088,1719
6e43386e99e7dca6,sunkenpalace_top_01_c2r18.tgm.header,Tiny_5,32776807,264
a328312ab913c513,sunkenpalace_top_01_c2r17.tgm,Tiny_5,32771979,2845
5d331f6f462a759d,sunkenpalace_top_01_c2r17.tgm.header,Tiny_5,32774824,264
aa6988416dbe87a7,sunkenpalace_top_01_c2r16.tgm,Tiny_5,32767922,3793
41120ae3637d9a7c,sunkenpalace_top_01_c2r16.tgm.header,Tiny_5,32771715,264
d6cf8dc4ec78dba4,sunkenpalace_top_01_c2r15.tgm,Tiny_5,32765303,2355
b4b50e381b7a9e50,sunkenpalace_top_01_c2r15.tgm.header,Tiny_5,32767658,264
b9bbb7a4c7f191f3,sunkenpalace_top_01_c2r14.tgm,Tiny_5,32763180,1859
2d8f82c8a446f91f,sunkenpalace_top_01_c2r14.tgm.header,Tiny_5,32765039,264
3588525ea83e19ae,sunkenpalace_top_01_c2r13.tgm,Tiny_5,32760685,2231
337d3509e5e4e119,sunkenpalace_top_01_c2r13.tgm.header,Tiny_5,32762916,264
8a71723b9c15c7ab,sunkenpalace_top_01_c2r12.tgm,Tiny_5,32757716,2705
4e8c4434a12af041,sunkenpalace_top_01_c2r12.tgm.header,Tiny_5,32760421,264
e83843f375530e2e,sunkenpalace_top_01_c2r11.tgm,Tiny_5,32754437,3015
c8fa2edd06400bbe,sunkenpalace_top_01_c2r11.tgm.header,Tiny_5,32757452,264
ab1b7de999a22466,sunkenpalace_top_01_c2r10.tgm,Tiny_5,32750888,3285
38e2b567de47b901,sunkenpalace_top_01_c2r10.tgm.header,Tiny_5,32754173,264
f463000eea97ac7f,sunkenpalace_top_01_c2r1.tgm,Folders/art/models/terrain/hideout/sunkenpalace/tgms_2,1203870,6531
be214b6ee799cd73,sunkenpalace_top_01_c2r1.tgm.header,Tiny_5,32750624,264
192d8eac4a217058,sunkenpalace_top_01_c29r9.tgm,Tiny_5,32748755,1605
8d51afedb3fab5be,sunkenpalace_top_01_c29r9.tgm.header,Tiny_5,32750360,264
0581e724c1ef2374,sunkenpalace_top_01_c29r8.tgm,Tiny_5,32747392,1099
15bf0f783f4fefbc,sunkenpalace_top_01_c29r8.tgm.header,Tiny_5,32748491,264
c88a6e491b60e74c,sunkenpalace_top_01_c29r7.tgm,Tiny_5,32746231,1161
21c54d8605936703,sunkenpalace_top_01_c29r7.tgm.header,Tiny_5,32686553,264
7e62a9acd5ea6a6d,sunkenpalace_top_01_c29r6.tgm,Tiny_5,32744558,1409
3b99e0f59dda744d,sunkenpalace_top_01_c29r6.tgm.header,Tiny_5,32745967,264
db400d0615a20ad9,sunkenpalace_top_01_c29r5.tgm,Tiny_5,32743521,1037
9fdf5fe468e36d3f,sunkenpalace_top_01_c29r5.tgm.header,Tiny_5,32685128,264
9997ca6968638bad,sunkenpalace_top_01_c29r4.tgm,Tiny_5,32742158,1099
ea7d3f09a35a8308,sunkenpalace_top_01_c29r4.tgm.header,Tiny_5,32743257,264
31288ea4819055c7,sunkenpalace_top_01_c29r3.tgm,Tiny_5,32739859,2035
8db3265ff0bdec24,sunkenpalace_top_01_c29r3.tgm.header,Tiny_5,32741894,264
1fe1e734353b3622,sunkenpalace_top_01_c29r27.tgm,Tiny_5,32736202,3393
48f66f77645d4aa4,sunkenpalace_top_01_c29r27.tgm.header,Tiny_5,32739595,264
37555b12325d10a4,sunkenpalace_top_01_c29r26.tgm,Tiny_5,32734095,1843
297cf885d9d0e54f,sunkenpalace_top_01_c29r26.tgm.header,Tiny_5,32735938,264
8bb266ae6cbdc199,sunkenpalace_top_01_c29r25.tgm,Tiny_5,32731622,2209
05ff8eb07719b37a,sunkenpalace_top_01_c29r25.tgm.header,Tiny_5,32733831,264
dd6a75dc6ab1a786,sunkenpalace_top_01_c29r24.tgm,Tiny_5,32728889,2469
34a982cbb6b735fc,sunkenpalace_top_01_c29r24.tgm.header,Tiny_5,32731358,264
b67eb817354e8f05,sunkenpalace_top_01_c29r23.tgm,Tiny_5,32726240,2649
978a2a0eedbdea3f,sunkenpalace_top_01_c29r23.tgm.header,Tiny_5,32722629,264
e6e1cacf9dfac02f,sunkenpalace_top_01_c29r22.tgm,Tiny_5,32722893,3083
5a9706ab7083fcf5,sunkenpalace_top_01_c29r22.tgm.header,Tiny_5,32725976,264
58bd538bd2b62aba,sunkenpalace_top_01_c29r21.tgm,Tiny_5,32719980,2649
e17a000b2bfe6896,sunkenpalace_top_01_c29r21.tgm.header,Tiny_5,32722629,264
ba2e4c511d82c507,sunkenpalace_top_01_c29r20.tgm,Tiny_5,32717029,2687
7e58644076258d90,sunkenpalace_top_01_c29r20.tgm.header,Tiny_5,32719716,264
db0788380e9e961b,sunkenpalace_top_01_c29r2.tgm,Tiny_5,32715858,907
a293d646c7e84a17,sunkenpalace_top_01_c29r2.tgm.header,Tiny_5,32716765,264
569ecb8c6f9c29c0,sunkenpalace_top_01_c29r19.tgm,Tiny_5,32712681,2913
33acf7beb4520bef,sunkenpalace_top_01_c29r19.tgm.header,Tiny_5,32715594,264
1844a38c6d2886e1,sunkenpalace_top_01_c29r18.tgm,Tiny_5,32709994,2423
432562a2ba50f110,sunkenpalace_top_01_c29r18.tgm.header,Tiny_5,32712417,264
c8db134f16496065,sunkenpalace_top_01_c29r17.tgm,Tiny_5,32708393,1337
09f498cfad18364a,sunkenpalace_top_01_c29r17.tgm.header,Tiny_5,32709730,264
8f2ae2f4e2e45c60,sunkenpalace_top_01_c29r16.tgm,Tiny_5,32706990,1139
c36df12d317e3d7a,sunkenpalace_top_01_c29r16.tgm.header,Tiny_5,32708129,264
d65fab34e8f127f7,sunkenpalace_top_01_c29r15.tgm,Tiny_5,32705609,1117
4d1d22b56475ae7b,sunkenpalace_top_01_c29r15.tgm.header,Tiny_5,32706726,264
738ecf4ce43ce593,sunkenpalace_top_01_c29r14.tgm,Tiny_5,32703548,1797
a8bcb2dfd2962da1,sunkenpalace_top_01_c29r14.tgm.header,Tiny_5,32705345,264
718bf6eccd33a3a3,sunkenpalace_top_01_c29r13.tgm,Tiny_5,32700321,2963
52afd39e610004fd,sunkenpalace_top_01_c29r13.tgm.header,Tiny_5,32703284,264
bc254c2e7d643e4d,sunkenpalace_top_01_c29r12.tgm,Tiny_5,32696658,3399
75035c5841829023,sunkenpalace_top_01_c29r12.tgm.header,Tiny_5,32700057,264
f086eb6386652046,sunkenpalace_top_01_c29r11.tgm,Tiny_5,32693481,2913
46c350ab8b446de2,sunkenpalace_top_01_c29r11.tgm.header,Tiny_5,32696394,264
3b2a3de77e72d89e,sunkenpalace_top_01_c29r10.tgm,Tiny_5,32691138,2079
83ace4f71b759a8c,sunkenpalace_top_01_c29r10.tgm.header,Tiny_5,32693217,264
cb6fc47426af171a,sunkenpalace_top_01_c29r1.tgm,Tiny_5,73576547,57
8c612678308ab552,sunkenpalace_top_01_c29r1.tgm.header,Tiny_6,4042080,264
5ea93da63f6b4e29,sunkenpalace_top_01_c28r9.tgm,Tiny_5,32687081,3793
ccc39a64f59d8045,sunkenpalace_top_01_c28r9.tgm.header,Tiny_5,32690874,264
9388e6627de5e4ba,sunkenpalace_top_01_c28r8.tgm,Folders/art/models/terrain/hideout/sunkenpalace/tgms_2,1199697,4173
5c3c0a0dbb7655bd,sunkenpalace_top_01_c28r8.tgm.header,Tiny_5,32686817,264
059512bfb66f5bc5,sunkenpalace_top_01_c28r7.tgm,Tiny_5,32685392,1161
88fc14cde110844f,sunkenpalace_top_01_c28r7.tgm.header,Tiny_5,32686553,264
58703d9631e01d15,sunkenpalace_top_01_c28r6.tgm,Tiny_5,32684091,1037
20fff47e354cc9b5,sunkenpalace_top_01_c28r6.tgm.header,Tiny_5,32685128,264
0bd4b86c5d1fc26e,sunkenpalace_top_01_c28r5.tgm,Tiny_5,32683100,727
4840adee3a0ff6c5,sunkenpalace_top_01_c28r5.tgm.header,Tiny_5,32683827,264
fdeac70268f7416e,sunkenpalace_top_01_c28r4.tgm,Tiny_5,32681861,975
61fb3c7a06fdba93,sunkenpalace_top_01_c28r4.tgm.header,Tiny_5,32682836,264
ed4792857953f626,sunkenpalace_top_01_c28r3.tgm,Tiny_5,32679940,1657
b910710a13a27b57,sunkenpalace_top_01_c28r3.tgm.header,Tiny_5,32681597,264
47a97d7a8ffa22ce,sunkenpalace_top_01_c28r27.tgm,Tiny_5,32676903,2773
e7198c94bb3df6a8,sunkenpalace_top_01_c28r27.tgm.header,Tiny_5,32679676,264
fd7e1226a62b1ba7,sunkenpalace_top_01_c28r26.tgm,Tiny_5,32675742,1161
bf6ceb1789c3e3ee,sunkenpalace_top_01_c28r26.tgm.header,Tiny_5,32672132,264
8c23103a8895559a,sunkenpalace_top_01_c28r25.tgm,Tiny_5,32674131,1347
ae18c8d3cc61e717,sunkenpalace_top_01_c28r25.tgm.header,Tiny_5,32675478,264
3a5864f7011d3057,sunkenpalace_top_01_c28r24.tgm,Tiny_5,32672396,1471
e96c6f3d73d875f0,sunkenpalace_top_01_c28r24.tgm.header,Tiny_5,32673867,264
4287aa8ee27587b8,sunkenpalace_top_01_c28r23.tgm,Tiny_5,32670971,1161
81d1685adad53b0a,sunkenpalace_top_01_c28r23.tgm.header,Tiny_5,32672132,264
ba5188fc6245e0c8,sunkenpalace_top_01_c28r22.tgm,Tiny_5,32669314,1657
4b2b99b3790d37cd,sunkenpalace_top_01_c28r22.tgm.header,Tiny_5,32635364,264
346d470960b275c6,sunkenpalace_top_01_c28r21.tgm,Tiny_5,32666549,2501
e5734a6737ff5504,sunkenpalace_top_01_c28r21.tgm.header,Tiny_5,32669050,264
a36ea9d7a1504bd5,sunkenpalace_top_01_c28r20.tgm,Folders/art/models/terrain/hideout/sunkenpalace/tgms_2,1195202,4495
47b7d0b755dc4f5f,sunkenpalace_top_01_c28r20.tgm.header,Tiny_5,32666285,264
ed8531186b9a5e9f,sunkenpalace_top_01_c28r2.tgm,Tiny_5,32664674,1347
759a5ff78b7ebd10,sunkenpalace_top_01_c28r2.tgm.header,Tiny_5,32666021,264
b8f80d8fd1524dde,sunkenpalace_top_01_c28r19.tgm,Folders/art/models/terrain/hideout/sunkenpalace/tgms_2,1190717,4485
5ad7ec2686d3e051,sunkenpalace_top_01_c28r19.tgm.header,Tiny_5,32664410,264
453b3cefb4dc0c81,sunkenpalace_top_01_c28r18.tgm,Tiny_5,32661453,2693
7b6e379942f6fa55,sunkenpalace_top_01_c28r18.tgm.header,Tiny_5,32664146,264
57e49dc1080a78c0,sunkenpalace_top_01_c28r17.tgm,Tiny_5,32659824,1365
252646dd790eec3d,sunkenpalace_top_01_c28r17.tgm.header,Tiny_5,32661189,264
120525de92f37824,sunkenpalace_top_01_c28r16.tgm,Tiny_5,32658545,1015
5f6476127577a6fb,sunkenpalace_top_01_c28r16.tgm.header,Tiny_5,32659560,264
94c67e0baa62c69f,sunkenpalace_top_01_c28r15.tgm,Folders/art/models/terrain/hideout/sunkenpalace/tgms_2,1185304,5413
1143000be3b0c142,sunkenpalace_top_01_c28r15.tgm.header,Tiny_5,32658281,264
5fcddf7e950adfab,sunkenpalace_top_01_c28r14.tgm,Tiny_5,32654054,3963
5277b39cbb139c80,sunkenpalace_top_01_c28r14.tgm.header,Tiny_5,32658017,264
743afdc8f629bb57,sunkenpalace_top_01_c28r13.tgm,Folders/art/models/terrain/hideout/sunkenpalace/tgms_2,1148927,36377
30fbae82b00042c2,sunkenpalace_top_01_c28r13.tgm.header,Tiny_5,32653663,391
698a50543e8f811f,sunkenpalace_top_01_c28r12.tgm,Folders/art/models/terrain/hideout/sunkenpalace/tgms_2,1140314,8613
0997aae83ed7422e,sunkenpalace_top_01_c28r12.tgm.header,Tiny_5,32653399,264
2aa8368e86764d44,sunkenpalace_top_01_c28r11.tgm,Tiny_5,32650464,2671
ea66e264e7d67f39,sunkenpalace_top_01_c28r11.tgm.header,Tiny_5,32653135,264
0d9f2c7436c6fb07,sunkenpalace_top_01_c28r10.tgm,Tiny_5,32647461,2739
1d61a271e9221c58,sunkenpalace_top_01_c28r10.tgm.header,Tiny_5,32650200,264
8e4aef4a1a25f915,sunkenpalace_top_01_c28r1.tgm,Tiny_5,73576547,57
5f8da76bde4fa9ee,sunkenpalace_top_01_c28r1.tgm.header,Tiny_6,4042080,264
747ca8f6865e5d17,sunkenpalace_top_01_c27r9.tgm,Folders/art/models/terrain/hideout/sunkenpalace/tgms_2,1129997,10317
6502c8bf27c99ebb,sunkenpalace_top_01_c27r9.tgm.header,Tiny_5,32647197,264
9c95c1b57d0468b5,sunkenpalace_top_01_c27r8.tgm,Folders/art/models/terrain/hideout/sunkenpalace/tgms_2,1118578,11419
88fc81341018cb0b,sunkenpalace_top_01_c27r8.tgm.header,Tiny_5,32646933,264
b779557f6e33feb3,sunkenpalace_top_01_c27r7.tgm,Folders/art/models/terrain/hideout/sunkenpalace/tgms_2,1109361,9217
3f80654aa35e3f10,sunkenpalace_top_01_c27r7.tgm.header,Tiny_5,32646669,264
e12624cecb173975,sunkenpalace_top_01_c27r6.tgm,Tiny_5,32643870,2535
ff64065d3bf59aba,sunkenpalace_top_01_c27r6.tgm.header,Tiny_5,32646405,264
76c7c51fb6d64ebe,sunkenpalace_top_01_c27r5.tgm,Tiny_5,32642383,1223
b60c230c76cb4d9a,sunkenpalace_top_01_c27r5.tgm.header,Tiny_5,32643606,264
c74da78e5ca25dd6,sunkenpalace_top_01_c27r4.tgm,Tiny_5,32640648,1471
fe4beafbb2477d01,sunkenpalace_top_01_c27r4.tgm.header,Tiny_5,32642119,264
d6e262fce5164dfc,sunkenpalace_top_01_c27r3.tgm,Tiny_5,32638479,1905
3c748ca48fc15371,sunkenpalace_top_01_c27r3.tgm.header,Tiny_5,32640384,264
4256e8bedcfd5316,sunkenpalace_top_01_c27r27.tgm,Tiny_5,32635628,2587
76bc6d7a4fdf112d,sunkenpalace_top_01_c27r27.tgm.header,Tiny_5,32638215,264
aa56bc3bd2c78e12,sunkenpalace_top_01_c27r26.tgm,Tiny_5,32633707,1657
7293a0b0700f64db,sunkenpalace_top_01_c27r26.tgm.header,Tiny_5,32635364,264
c826c6f512381f95,sunkenpalace_top_01_c27r25.tgm,Tiny_5,32632406,1037
c83eb06ac2bb4b71,sunkenpalace_top_01_c27r25.tgm.header,Tiny_5,32633443,264
9e1193123f731f05,sunkenpalace_top_01_c27r24.tgm,Tiny_5,32630919,1223
932742051b88a2e7,sunkenpalace_top_01_c27r24.tgm.header,Tiny_5,32632142,264
64ea04111e47bbd2,sunkenpalace_top_01_c27r23.tgm,Tiny_5,32628936,1719
6a9c036461b9bc85,sunkenpalace_top_01_c27r23.tgm.header,Tiny_5,32630655,264
9c6d59c94148cf38,sunkenpalace_top_01_c27r22.tgm,Tiny_5,32626239,2433
efb2ce982329b372,sunkenpalace_top_01_c27r22.tgm.header,Tiny_5,32628672,264
cd42c4fbcc061d23,sunkenpalace_top_01_c27r21.tgm,Folders/art/models/terrain/hideout/sunkenpalace/tgms_2,1105136,4225
73264f6ad7487063,sunkenpalace_top_01_c27r21.tgm.header,Tiny_5,32625975,264
fb9f703322f9daa3,sunkenpalace_top_01_c27r20.tgm,Folders/art/models/terrain/hideout/sunkenpalace/tgms_2,1099129,6007
a92856d3bebab30c,sunkenpalace_top_01_c27r20.tgm.header,Tiny_5,32625711,264
7190a5577e213531,sunkenpalace_top_01_c27r2.tgm,Tiny_5,32623728,1719
0b7ef8d70067729b,sunkenpalace_top_01_c27r2.tgm.header,Tiny_5,32625447,264
4ae2aee5c10d1e94,sunkenpalace_top_01_c27r19.tgm,Folders/art/models/terrain/hideout/sunkenpalace/tgms_2,1094362,4767
83cebafefe0e0495,sunkenpalace_top_01_c27r19.tgm.header,Tiny_5,32623464,264
337e0bca2f31989e,sunkenpalace_top_01_c27r18.tgm,Tiny_5,32620041,3159
8568b5593c7ac4f7,sunkenpalace_top_01_c27r18.tgm.header,Tiny_5,32623200,264
70f34992c2687e1a,sunkenpalace_top_01_c27r17.tgm,Tiny_5,32616484,3293
08391d27b52d1ecd,sunkenpalace_top_01_c27r17.tgm.header,Tiny_5,32619777,264
1359011aa85db252,sunkenpalace_top_01_c27r16.tgm,Folders/art/models/terrain/hideout/sunkenpalace/tgms_2,1089841,4521
569718838acc4b34,sunkenpalace_top_01_c27r16.tgm.header,Tiny_5,32616220,264
312e6450083a4588,sunkenpalace_top_01_c27r15.tgm,Folders/art/models/terrain/hideout/sunkenpalace/tgms_2,1054538,35303
ab790ab912736972,sunkenpalace_top_01_c27r15.tgm.header,Tiny_5,32615785,435
e82dcbc2654ea814,sunkenpalace_top_01_c27r14.tgm,Folders/art/models/terrain/hideout/sunkenpalace/tgms_2,1048093,6445
d7434945edc4bd18,sunkenpalace_top_01_c27r14.tgm.header,Tiny_5,32615521,264
8a02a717132b2b0a,sunkenpalace_top_01_c27r13.tgm,Folders/art/models/terrain/hideout/sunkenpalace/tgms_2,1041188,6905
3bb7305a794be829,sunkenpalace_top_01_c27r13.tgm.header,Tiny_5,32615257,264
def0319874ec0032,sunkenpalace_top_01_c27r12.tgm,Folders/art/models/terrain/hideout/sunkenpalace/tgms_2,1036451,4737
324240e1d2c5e6d2,sunkenpalace_top_01_c27r12.tgm.header,Tiny_5,32614993,264
cd536be90829e044,sunkenpalace_top_01_c27r11.tgm,Tiny_5,32613632,1097
1b3072e03333b641,sunkenpalace_top_01_c27r11.tgm.header,Tiny_5,32614729,264
9f8383deb6050c0c,sunkenpalace_top_01_c27r10.tgm,Folders/art/models/terrain/hideout/sunkenpalace/tgms_2,1031300,5151
b5dc5da1c005a9d5,sunkenpalace_top_01_c27r10.tgm.header,Tiny_5,32613368,264
bdaa26ab9ba3f544,sunkenpalace_top_01_c27r1.tgm,Tiny_5,73576547,57
b0cfa1a57d66e171,sunkenpalace_top_01_c27r1.tgm.header,Tiny_6,4042080,264
bf3ae67b479a2640,sunkenpalace_top_01_c26r9.tgm,Folders/art/models/terrain/hideout/sunkenpalace/tgms_2,1019819,11481
6ff8b82920664559,sunkenpalace_top_01_c26r9.tgm.header,Tiny_5,32613104,264
09895baeab2ec161,sunkenpalace_top_01_c26r8.tgm,Folders/art/models/terrain/hideout/sunkenpalace/tgms_2,981742,38077
20712edc8c3b166e,sunkenpalace_top_01_c26r8.tgm.header,Tiny_5,32612713,391
644aaa116653e99f,sunkenpalace_top_01_c26r7.tgm,Folders/art/models/terrain/hideout/sunkenpalace/tgms_2,964845,16897
8c3f421ccdcd69ab,sunkenpalace_top_01_c26r7.tgm.header,Tiny_5,32612366,347
54f7bb7fe3d87796,sunkenpalace_top_01_c26r6.tgm,Folders/art/models/terrain/hideout/sunkenpalace/tgms_2,951586,13259
f4f1870d37e3daa1,sunkenpalace_top_01_c26r6.tgm.header,Tiny_5,32612019,347
dbe7765a3f6a8eb6,sunkenpalace_top_01_c26r5.tgm,Tiny_5,32608330,3425
abc588bc84dab078,sunkenpalace_top_01_c26r5.tgm.header,Tiny_5,32611755,264
fe0feab2b157de9c,sunkenpalace_top_01_c26r4.tgm,Tiny_5,32605851,2215
96a6db2350d2ecee,sunkenpalace_top_01_c26r4.tgm.header,Tiny_5,32608066,264
d1aefc775f3c47d8,sunkenpalace_top_01_c26r3.tgm,Tiny_5,32603744,1843
c9a8a37cfd015d6b,sunkenpalace_top_01_c26r3.tgm.header,Tiny_5,32605587,264
5197c4d0c0c927a2,sunkenpalace_top_01_c26r27.tgm,Tiny_5,32601575,1905
df59ce872fe9bdc3,sunkenpalace_top_01_c26r27.tgm.header,Tiny_5,32603480,264
db3a3478f9e5759a,sunkenpalace_top_01_c26r26.tgm,Tiny_5,32599214,2097
3b3132c7b52f28f2,sunkenpalace_top_01_c26r26.tgm.header,Tiny_5,32601311,264
2586434facef984e,sunkenpalace_top_01_c26r25.tgm,Tiny_5,32596983,1967
efdc8f25fab8cc32,sunkenpalace_top_01_c26r25.tgm.header,Tiny_5,32598950,264
6a3f16a8063e6859,sunkenpalace_top_01_c26r24.tgm,Tiny_5,32594442,2277
0a14460ce4ff4061,sunkenpalace_top_01_c26r24.tgm.header,Tiny_5,32596719,264
9948b18e65d2bfdf,sunkenpalace_top_01_c26r23.tgm,Tiny_5,32591367,2811
072463dd69725210,sunkenpalace_top_01_c26r23.tgm.header,Tiny_5,32594178,264
7b156b8fdfef2489,sunkenpalace_top_01_c26r22.tgm,Folders/art/models/terrain/hideout/sunkenpalace/tgms_2,946431,5155
87cb4747c92c8e52,sunkenpalace_top_01_c26r22.tgm.header,Tiny_5,32591103,264
01392635d0424ac6,sunkenpalace_top_01_c26r21.tgm,Folders/art/models/terrain/hideout/sunkenpalace/tgms_2,939444,6987
e8efadd89f15a348,sunkenpalace_top_01_c26r21.tgm.header,Tiny_5,32590839,264
f51e70008ab9711f,sunkenpalace_top_01_c26r20.tgm,Folders/art/models/terrain/hideout/sunkenpalace/tgms_2,932693,6751
530f859b82ff90d2,sunkenpalace_top_01_c26r20.tgm.header,Tiny_5,32590575,264
392158de8be87362,sunkenpalace_top_01_c26r2.tgm,Tiny_5,32588028,2283
3ca387fbb832e02c,sunkenpalace_top_01_c26r2.tgm.header,Tiny_5,32590311,264
102db19c391945da,sunkenpalace_top_01_c26r19.tgm,Tiny_5,32583753,4011
bcde95a7ba6302ef,sunkenpalace_top_01_c26r19.tgm.header,Tiny_5,32587764,264
5746a5fa7a0a36a1,sunkenpalace_top_01_c26r18.tgm,Tiny_5,32579882,3607
fb5755bb57160ede,sunkenpalace_top_01_c26r18.tgm.header,Tiny_5,32583489,264
a77d085e0893167d,sunkenpalace_top_01_c26r17.tgm,Folders/art/models/terrain/hideout/sunkenpalace/tgms_2,925282,7411
0d41f805b25c6313,sunkenpalace_top_01_c26r17.tgm.header,Tiny_5,32579618,264
4698702f72628b85,sunkenpalace_top_01_c26r16.tgm,Tiny_5,32575387,3967
b974b48876b0af24,sunkenpalace_top_01_c26r16.tgm.header,Tiny_5,32579354,264
ee3e62b864912948,sunkenpalace_top_01_c26r15.tgm,Folders/art/models/terrain/hideout/sunkenpalace/tgms_2,917399,7883
d47943259c55508a,sunkenpalace_top_01_c26r15.tgm.header,Tiny_5,32575123,264
d50a6bd9ab6699f9,sunkenpalace_top_01_c26r14.tgm,Tiny_5,32570770,4089
1c085e7d506b7237,sunkenpalace_top_01_c26r14.tgm.header,Tiny_5,32574859,264
71a85f287d5a8122,sunkenpalace_top_01_c26r13.tgm,Folders/art/models/terrain/hideout/sunkenpalace/tgms_2,912140,5259
fffa2f40ac6e617a,sunkenpalace_top_01_c26r13.tgm.header,Tiny_5,32570506,264
ac2394be516342aa,sunkenpalace_top_01_c26r12.tgm,Folders/art/models/terrain/hideout/sunkenpalace/tgms_2,876881,35259
042e2192690d4ea6,sunkenpalace_top_01_c26r12.tgm.header,Tiny_5,32570115,391
ff70a829496c0cf0,sunkenpalace_top_01_c26r11.tgm,Tiny_5,32565792,4059
f7391e9d036615f5,sunkenpalace_top_01_c26r11.tgm.header,Tiny_5,32569851,264
f0834d4e1edbba0d,sunkenpalace_top_01_c26r10.tgm,Folders/art/models/terrain/hideout/sunkenpalace/tgms_2,868306,8575
62762c1e337b45c6,sunkenpalace_top_01_c26r10.tgm.header,Tiny_5,32565528,264
087b58086997d6a6,sunkenpalace_top_01_c26r1.tgm,Tiny_5,32564109,1155
986236e5ba67d3a3,sunkenpalace_top_01_c26r1.tgm.header,Tiny_5,32565264,264
b7542efdf90ee037,sunkenpalace_top_01_c25r9.tgm,Folders/art/models/terrain/hideout/sunkenpalace/tgms_2,856885,11421
33bf170340fb832c,sunkenpalace_top_01_c25r9.tgm.header,Tiny_5,32563845,264
6e64330bb8b2a6b9,sunkenpalace_top_01_c25r8.tgm,Folders/art/models/terrain/hideout/sunkenpalace/tgms_2,807892,48993
3fa91ee9bb6e8409,sunkenpalace_top_01_c25r8.tgm.header,Tiny_5,32563454,391
210cd0c8bdebd2cb,sunkenpalace_top_01_c25r7.tgm,Folders/art/models/terrain/hideout/sunkenpalace/tgms_2,786193,21699
e11d0871444a9edc,sunkenpalace_top_01_c25r7.tgm.header,Tiny_5,32563063,391
64d1573a2a9d9bf2,sunkenpalace_top_01_c25r6.tgm,Folders/art/models/terrain/hideout/sunkenpalace/tgms_2,770196,15997
1ac99136d4d47187,sunkenpalace_top_01_c25r6.tgm.header,Tiny_5,32562716,347
d81520b6ee95120d,sunkenpalace_top_01_c25r5.tgm,Folders/art/models/terrain/hideout/sunkenpalace/tgms_2,765609,4587
5384064803e57657,sunkenpalace_top_01_c25r5.tgm.header,Tiny_5,32562452,264
c0c5e3258b918158,sunkenpalace_top_01_c25r4.tgm,Tiny_5,32560485,1967
7486b0074af8f3aa,sunkenpalace_top_01_c25r4.tgm.header,Tiny_5,32524408,264
a2455b22e23a9a59,sunkenpalace_top_01_c25r3.tgm,Tiny_5,32557944,2277
acdd97a7269ec9e2,sunkenpalace_top_01_c25r3.tgm.header,Tiny_5,32560221,264
7a28a6013c967ada,sunkenpalace_top_01_c25r27.tgm,Tiny_5,32555899,1781
ed6c81d30c8f0845,sunkenpalace_top_01_c25r27.tgm.header,Tiny_5,32557680,264
460d49328dfda3d3,sunkenpalace_top_01_c25r26.tgm,Tiny_5,32553544,2091
ad316446a49a96c7,sunkenpalace_top_01_c25r26.tgm.header,Tiny_5,32555635,264
fe607d5ac940fd8a,sunkenpalace_top_01_c25r25.tgm,Tiny_5,32551747,1533
df972901d9fe7b65,sunkenpalace_top_01_c25r25.tgm.header,Tiny_5,32553280,264
b2a2bd89739659de,sunkenpalace_top_01_c25r24.tgm,Tiny_5,32549912,1571
0ca70cce4ee2496e,sunkenpalace_top_01_c25r24.tgm.header,Tiny_5,32551483,264
c82eff19b3e9b1bb,sunkenpalace_top_01_c25r23.tgm,Tiny_5,32546303,3345
60626d7e2582ff15,sunkenpalace_top_01_c25r23.tgm.header,Tiny_5,32549648,264
bf24e5cd32626422,sunkenpalace_top_01_c25r22.tgm,Folders/art/models/terrain/hideout/sunkenpalace/tgms_2,761022,4587
5295aaefa4cfc152,sunkenpalace_top_01_c25r22.tgm.header,Tiny_5,32546039,264
59234877fb36b590,sunkenpalace_top_01_c25r21.tgm,Folders/art/models/terrain/hideout/sunkenpalace/tgms_2,755855,5167
51c156cd9c5215f5,sunkenpalace_top_01_c25r21.tgm.header,Tiny_5,32545775,264
5c9d5ebe1984a0c8,sunkenpalace_top_01_c25r20.tgm,Folders/art/models/terrain/hideout/sunkenpalace/tgms_2,750722,5133
7cb9e9d1a45d6d25,sunkenpalace_top_01_c25r20.tgm.header,Tiny_5,32545511,264
70ee9015273bc618,sunkenpalace_top_01_c25r2.tgm,Tiny_5,32543156,2091
0c5945a1be409927,sunkenpalace_top_01_c25r2.tgm.header,Tiny_5,32545247,264
1b143061d3b2091a,sunkenpalace_top_01_c25r19.tgm,Folders/art/models/terrain/hideout/sunkenpalace/tgms_2,745539,5183
acdf2949fe875bb3,sunkenpalace_top_01_c25r19.tgm.header,Tiny_5,32542892,264
c2c6ab58fa0b9b58,sunkenpalace_top_01_c25r18.tgm,Folders/art/models/terrain/hideout/sunkenpalace/tgms_2,737128,8411
cfb8a13dab823d64,sunkenpalace_top_01_c25r18.tgm.header,Tiny_5,32542628,264
bcb4aac2f3c75856,sunkenpalace_top_01_c25r17.tgm,Folders/art/models/terrain/hideout/sunkenpalace/tgms_2,728963,8165
a08b9795e26cfcb2,sunkenpalace_top_01_c25r17.tgm.header,Tiny_5,32542364,264
749edff91ed8b997,sunkenpalace_top_01_c25r16.tgm,Tiny_5,32538971,3129
4b157e6eda9f7587,sunkenpalace_top_01_c25r16.tgm.header,Tiny_5,32542100,264
29937b311fa0daea,sunkenpalace_top_01_c25r15.tgm,Folders/art/models/terrain/hideout/sunkenpalace/tgms_2,724454,4509
14da23aefa6508fb,sunkenpalace_top_01_c25r15.tgm.header,Tiny_5,32538707,264
75c7151f38eba22a,sunkenpalace_top_01_c25r14.tgm,Tiny_5,32534688,3755
08b65e57a91caf31,sunkenpalace_top_01_c25r14.tgm.header,Tiny_5,32538443,264
079ab7ffb08314d7,sunkenpalace_top_01_c25r13.tgm,Folders/art/models/terrain/hideout/sunkenpalace/tgms_2,718009,6445
4fd374f50b429987,sunkenpalace_top_01_c25r13.tgm.header,Tiny_5,32534424,264
561c1762ee1ad533,sunkenpalace_top_01_c25r12.tgm,Folders/art/models/terrain/hideout/sunkenpalace/tgms_2,706548,11461
595faa66807327d1,sunkenpalace_top_01_c25r12.tgm.header,Tiny_5,32534160,264
5375fdf4ec91185c,sunkenpalace_top_01_c25r11.tgm,Folders/art/models/terrain/hideout/sunkenpalace/tgms_2,701851,4697
487d6a4f3017b61b,sunkenpalace_top_01_c25r11.tgm.header,Tiny_5,32533896,264
66836b6464224eda,sunkenpalace_top_01_c25r10.tgm,Folders/art/models/terrain/hideout/sunkenpalace/tgms_2,691240,10611
9000906d4f6a65e6,sunkenpalace_top_01_c25r10.tgm.header,Tiny_5,32533632,264
aab593f7f123fab6,sunkenpalace_top_01_c25r1.tgm,Tiny_5,32532021,1347
541a3dd7026a5d19,sunkenpalace_top_01_c25r1.tgm.header,Tiny_5,32533368,264
f21d271ffc04842e,sunkenpalace_top_01_c24r9.tgm,Folders/art/models/terrain/hideout/sunkenpalace/tgms_2,679353,11887
0b729e7a7a3bbdf9,sunkenpalace_top_01_c24r9.tgm.header,Tiny_5,32531757,264
d72d904a7c3ea4f5,sunkenpalace_top_01_c24r8.tgm,Folders/art/models/terrain/hideout/sunkenpalace/tgms_2,666638,12715
e0e7f54e9955ebb8,sunkenpalace_top_01_c24r8.tgm.header,Tiny_5,32531454,303
511b814d2aebb65b,sunkenpalace_top_01_c24r7.tgm,Folders/art/models/terrain/hideout/sunkenpalace/tgms_2,647717,18921
203c34e6105dc0c2,sunkenpalace_top_01_c24r7.tgm.header,Tiny_5,32531063,391
6c6a243e4e052a50,sunkenpalace_top_01_c24r6.tgm,Folders/art/models/terrain/hideout/sunkenpalace/tgms_2,639286,8431
57b0937091bef4b8,sunkenpalace_top_01_c24r6.tgm.header,Tiny_5,32530760,303
1b4dde80d0c244fd,sunkenpalace_top_01_c24r5.tgm,Tiny_5,32526975,3521
1f35e37416ae9946,sunkenpalace_top_01_c24r5.tgm.header,Tiny_5,32530496,264
ab5a38cb2a84ecd1,sunkenpalace_top_01_c24r4.tgm,Tiny_5,32524672,2039
999837dcbdf5b53e,sunkenpalace_top_01_c24r4.tgm.header,Tiny_5,32526711,264
e51ac2748334f651,sunkenpalace_top_01_c24r3.tgm,Tiny_5,32522441,1967
32c565720f544f6a,sunkenpalace_top_01_c24r3.tgm.header,Tiny_5,32524408,264
4709227234a0e10b,sunkenpalace_top_01_c24r27.tgm,Tiny_5,32520644,1533
0aef2d74c3317463,sunkenpalace_top_01_c24r27.tgm.header,Tiny_5,32522177,264
7f212c8bc77ee185,sunkenpalace_top_01_c24r26.tgm,Tiny_5,32518599,1781
15e1b1b9f674bcb3,sunkenpalace_top_01_c24r26.tgm.header,Tiny_5,32520380,264
4e9b71992fdc98f7,sunkenpalace_top_01_c24r25.tgm,Tiny_5,32515896,2439
df74e7d05e375b48,sunkenpalace_top_01_c24r25.tgm.header,Tiny_5,32518335,264
6b4ecf6c7622ce37,sunkenpalace_top_01_c24r24.tgm,Tiny_5,32512495,3137
853b3b92412e6adf,sunkenpalace_top_01_c24r24.tgm.header,Tiny_5,32515632,264
2180b5d5a6e9b356,sunkenpalace_top_01_c24r23.tgm,Tiny_5,32508174,4057
370be64c072be212,sunkenpalace_top_01_c24r23.tgm.header,Tiny_5,32512231,264
edd552f06e6cfa01,sunkenpalace_top_01_c24r22.tgm,Tiny_5,32504169,3741
0bafc489ed1ff3ac,sunkenpalace_top_01_c24r22.tgm.header,Tiny_5,32507910,264
e8bec290b4bd9bd2,sunkenpalace_top_01_c24r21.tgm,Tiny_5,32500256,3649
182756bf84ee58a6,sunkenpalace_top_01_c24r21.tgm.header,Tiny_5,32503905,264
e5d7d8ee7666b8db,sunkenpalace_top_01_c24r20.tgm,Folders/art/models/terrain/hideout/sunkenpalace/tgms_2,635021,4265
1879ff0c88f6e214,sunkenpalace_top_01_c24r20.tgm.header,Tiny_5,32499992,264
8e3e92c5845c2e81,sunkenpalace_top_01_c24r2.tgm,Tiny_5,32496955,2773
712aa7127b3d4f28,sunkenpalace_top_01_c24r2.tgm.header,Tiny_5,32499728,264
a8bef0811570da48,sunkenpalace_top_01_c24r19.tgm,Folders/art/models/terrain/hideout/sunkenpalace/tgms_2,628000,7021
f7eecb1626b01981,sunkenpalace_top_01_c24r19.tgm.header,Tiny_5,32496691,264
dc8ee0b7e80bdb78,sunkenpalace_top_01_c24r18.tgm,Folders/art/models/terrain/hideout/sunkenpalace/tgms_2,620677,7323
6aad09542666e06a,sunkenpalace_top_01_c24r18.tgm.header,Tiny_5,32496427,264
9ecab8048f64ecfb,sunkenpalace_top_01_c24r17.tgm,Tiny_5,32492944,3219
51ad17643b283f82,sunkenpalace_top_01_c24r17.tgm.header,Tiny_5,32496163,264
0b5b1a1b95c6cc9f,sunkenpalace_top_01_c24r16.tgm,Tiny_5,32489585,3095
7febf25c0fec4d88,sunkenpalace_top_01_c24r16.tgm.header,Tiny_5,32492680,264
a34802d0f1a0fb1e,sunkenpalace_top_01_c24r15.tgm,Tiny_5,32486120,3201
7f80422ba847dbd0,sunkenpalace_top_01_c24r15.tgm.header,Tiny_5,32489321,264
bd58f0bf40b9334f,sunkenpalace_top_01_c24r14.tgm,Tiny_5,32482695,3161
af209a237447615f,sunkenpalace_top_01_c24r14.tgm.header,Tiny_5,32485856,264
a79e47998727a3f1,sunkenpalace_top_01_c24r13.tgm,Tiny_5,32478588,3843
4ab47d25a4e2ea35,sunkenpalace_top_01_c24r13.tgm.header,Tiny_5,32482431,264
e54e5731f4b8632c,sunkenpalace_top_01_c24r12.tgm,Folders/art/models/terrain/hideout/sunkenpalace/tgms_2,616382,4295
a791f373bee61be6,sunkenpalace_top_01_c24r12.tgm.header,Tiny_5,32478324,264
42c2efcc0b64f274,sunkenpalace_top_01_c24r11.tgm,Tiny_5,32474407,3653
71e102229e8fada5,sunkenpalace_top_01_c24r11.tgm.header,Tiny_5,32478060,264
035cb316600c2d9d,sunkenpalace_top_01_c24r10.tgm,Folders/art/models/terrain/hideout/sunkenpalace/tgms_2,608463,7919
2f76fcce9900f82a,sunkenpalace_top_01_c24r10.tgm.header,Tiny_5,32474143,264
a63460fb94bca9c1,sunkenpalace_top_01_c24r1.tgm,Tiny_5,32470474,3405
5f92d21b656eda74,sunkenpalace_top_01_c24r1.tgm.header,Tiny_5,32473879,264
2caebcf8679f366c,sunkenpalace_top_01_c23r9.tgm,Folders/art/models/terrain/hideout/sunkenpalace/tgms_2,603072,5391
c1f5ccacaede33f0,sunkenpalace_top_01_c23r9.tgm.header,Tiny_5,32470210,264
ef0b6d2c8605cafa,sunkenpalace_top_01_c23r8.tgm,Folders/art/models/terrain/hideout/sunkenpalace/tgms_2,597195,5877
917d0004db2bb46f,sunkenpalace_top_01_c23r8.tgm.header,Tiny_5,32469946,264
a095977ddfd354f9,sunkenpalace_top_01_c23r7.tgm,Folders/art/models/terrain/hideout/sunkenpalace/tgms_2,584182,13013
b15f9b9c5112f0e3,sunkenpalace_top_01_c23r7.tgm.header,Tiny_5,32469599,347
dbefd74689ba69a2,sunkenpalace_top_01_c23r6.tgm,Folders/art/models/terrain/hideout/sunkenpalace/tgms_2,572529,11653
c50621d49a6c6c34,sunkenpalace_top_01_c23r6.tgm.header,Tiny_5,32469296,303
9f37bfd07110ac1e,sunkenpalace_top_01_c23r5.tgm,Folders/art/models/terrain/hideout/sunkenpalace/tgms_2,566638,5891
89c5e4cd2c3d29d2,sunkenpalace_top_01_c23r5.tgm.header,Tiny_5,32469032,264
fcd5c4ed4e965e52,sunkenpalace_top_01_c23r4.tgm,Tiny_5,32466401,2367
487f9f4a3e2426cd,sunkenpalace_top_01_c23r4.tgm.header,Tiny_5,32468768,264
3361fffaf0c44237,sunkenpalace_top_01_c23r3.tgm,Tiny_5,32463822,2315
dda0f2fd12a6cea2,sunkenpalace_top_01_c23r3.tgm.header,Tiny_5,32466137,264
22542ef444724e52,sunkenpalace_top_01_c23r27.tgm,Tiny_5,32462149,1409
bbfb03c2cdf82b0a,sunkenpalace_top_01_c23r27.tgm.header,Tiny_5,32463558,264
ff85110b7a06fd20,sunkenpalace_top_01_c23r26.tgm,Tiny_5,32460500,1385
39cd52535ae9f2f0,sunkenpalace_top_01_c23r26.tgm.header,Tiny_5,32461885,264
cb567eccf183c36f,sunkenpalace_top_01_c23r25.tgm,Tiny_5,32456935,3301
da8b2a2f2a11fb89,sunkenpalace_top_01_c23r25.tgm.header,Tiny_5,32460236,264
54e17f378ba920eb,sunkenpalace_top_01_c23r24.tgm,Tiny_5,32453070,3601
4d1b6bfdbdffbcac,sunkenpalace_top_01_c23r24.tgm.header,Tiny_5,32456671,264
5bf1d9c5e4a56bd6,sunkenpalace_top_01_c23r23.tgm,Tiny_5,32449923,2883
3461aa4053555e9f,sunkenpalace_top_01_c23r23.tgm.header,Tiny_5,32452806,264
d10bebbc66db5866,sunkenpalace_top_01_c23r22.tgm,Tiny_5,32447118,2541
4c91e4e558647bd4,sunkenpalace_top_01_c23r22.tgm.header,Tiny_5,32449659,264
357cfdb254f8c841,sunkenpalace_top_01_c23r21.tgm,Tiny_5,32443125,3729
b58f256fad2ee106,sunkenpalace_top_01_c23r21.tgm.header,Tiny_5,32446854,264
e9b2d5805e0e4ac0,sunkenpalace_top_01_c23r20.tgm,Folders/art/models/terrain/hideout/sunkenpalace/tgms_2,559847,6791
513fad7ec3404745,sunkenpalace_top_01_c23r20.tgm.header,Tiny_5,32442861,264
1ecb1682a6fceafd,sunkenpalace_top_01_c23r2.tgm,Tiny_5,32439700,2897
5db3c3f8ac0ead6f,sunkenpalace_top_01_c23r2.tgm.header,Tiny_5,32442597,264
b09e8fe46cbc98d6,sunkenpalace_top_01_c23r19.tgm,Folders/art/models/terrain/hideout/sunkenpalace/tgms_2,554608,5239
a458deb38c7fd7d4,sunkenpalace_top_01_c23r19.tgm.header,Tiny_5,32439436,264
4eb32ad90b61375d,sunkenpalace_top_01_c23r18.tgm,Tiny_5,32435639,3533
54efddaa80bf8ab7,sunkenpalace_top_01_c23r18.tgm.header,Tiny_5,32439172,264
f41e1f103feafbe5,sunkenpalace_top_01_c23r17.tgm,Tiny_5,32432214,3161
36a292c79e28742b,sunkenpalace_top_01_c23r17.tgm.header,Tiny_5,32435375,264
cf160a643ccd0b8e,sunkenpalace_top_01_c23r16.tgm,Tiny_5,32428173,3777
2675e49c56cbde65,sunkenpalace_top_01_c23r16.tgm.header,Tiny_5,32431950,264
f7e940e66f323c98,sunkenpalace_top_01_c23r15.tgm,Tiny_5,32424110,3799
8bb09079d2869c69,sunkenpalace_top_01_c23r15.tgm.header,Tiny_5,32427909,264
83a448f2e7b331c8,sunkenpalace_top_01_c23r14.tgm,Tiny_5,32420175,3671
71b18682b5592591,sunkenpalace_top_01_c23r14.tgm.header,Tiny_5,32423846,264
c4cbcf2fa42547bf,sunkenpalace_top_01_c23r13.tgm,Tiny_5,32416546,3365
64bc4638c9b254dc,sunkenpalace_top_01_c23r13.tgm.header,Tiny_5,32419911,264
4a1fafeca20e84dc,sunkenpalace_top_01_c23r12.tgm,Tiny_5,32412567,3715
b0f91131634ca2f7,sunkenpalace_top_01_c23r12.tgm.header,Tiny_5,32416282,264
6f06d88b6a496871,sunkenpalace_top_01_c23r11.tgm,Tiny_5,32408566,3737
bdf7a5372fbe6803,sunkenpalace_top_01_c23r11.tgm.header,Tiny_5,32412303,264
a0cae454212882e9,sunkenpalace_top_01_c23r10.tgm,Tiny_5,32405393,2909
d2d39b1198694ec1,sunkenpalace_top_01_c23r10.tgm.header,Tiny_5,32408302,264
da750ffefac9bf05,sunkenpalace_top_01_c23r1.tgm,Tiny_5,32401302,3827
8c63d2ba74b7ef20,sunkenpalace_top_01_c23r1.tgm.header,Tiny_5,32405129,264
39826ccead433c96,sunkenpalace_top_01_c22r9.tgm,Tiny_5,32397031,4007
61094c5a523082b8,sunkenpalace_top_01_c22r9.tgm.header,Tiny_5,32401038,264
e178ef1bbc73aece,sunkenpalace_top_01_c22r8.tgm,Tiny_5,32393148,3619
ddde6b621d982f38,sunkenpalace_top_01_c22r8.tgm.header,Tiny_5,32396767,264
b5b6375d73e2c46c,sunkenpalace_top_01_c22r7.tgm,Folders/art/models/terrain/hideout/sunkenpalace/tgms_2,545779,8829
545cda1cafd7701f,sunkenpalace_top_01_c22r7.tgm.header,Tiny_5,32392884,264
a4cef8208f4e0e2a,sunkenpalace_top_01_c22r6.tgm,Folders/art/models/terrain/hideout/sunkenpalace/tgms_2,532818,12961
0a7900cd6b406127,sunkenpalace_top_01_c22r6.tgm.header,Tiny_5,32392620,264
8127fe529d4d27c7,sunkenpalace_top_01_c22r5.tgm,Folders/art/models/terrain/hideout/sunkenpalace/tgms_2,527727,5091
0997b082037ebe86,sunkenpalace_top_01_c22r5.tgm.header,Tiny_5,32392356,264
9ddbdc5f8547758f,sunkenpalace_top_01_c22r4.tgm,Tiny_5,32389449,2643
81f61888e9bec141,sunkenpalace_top_01_c22r4.tgm.header,Tiny_5,32392092,264
a9aa03a4b2677db0,sunkenpalace_top_01_c22r3.tgm,Tiny_5,32386372,2813
78c6448e76677a6c,sunkenpalace_top_01_c22r3.tgm.header,Tiny_5,32389185,264
57b2ad0794f0f43a,sunkenpalace_top_01_c22r27.tgm,Tiny_5,32384475,1633
f9f9f4f556490279,sunkenpalace_top_01_c22r27.tgm.header,Tiny_5,32386108,264
07e8be50e7f2d605,sunkenpalace_top_01_c22r26.tgm,Tiny_5,32381796,2415
9a5e7ddc5a69bf97,sunkenpalace_top_01_c22r26.tgm.header,Tiny_5,32384211,264
4806374546adf7ee,sunkenpalace_top_01_c22r25.tgm,Tiny_5,32377903,3629
af632a0e9c2488ae,sunkenpalace_top_01_c22r25.tgm.header,Tiny_5,32381532,264
1dad7e5cced4e271,sunkenpalace_top_01_c22r24.tgm,Tiny_5,32374310,3329
bfb3c2e6248710a3,sunkenpalace_top_01_c22r24.tgm.header,Tiny_5,32377639,264
278a303e2c5c945a,sunkenpalace_top_01_c22r23.tgm,Tiny_5,32371629,2417
05a8565fd9293404,sunkenpalace_top_01_c22r23.tgm.header,Tiny_5,32374046,264
c4847c3010cd26e8,sunkenpalace_top_01_c22r22.tgm,Tiny_5,32367732,3633
9812e2821678688b,sunkenpalace_top_01_c22r22.tgm.header,Tiny_5,32371365,264
592af4860897d88f,sunkenpalace_top_01_c22r21.tgm,Folders/art/models/terrain/hideout/sunkenpalace/tgms_2,521534,6193
f309b08b839638e3,sunkenpalace_top_01_c22r21.tgm.header,Tiny_5,32367468,264
c32f33615d9252e7,sunkenpalace_top_01_c22r20.tgm,Folders/art/models/terrain/hideout/sunkenpalace/tgms_2,516193,5341
2a72b9e1b138af4f,sunkenpalace_top_01_c22r20.tgm.header,Tiny_5,32367204,264
a3a64b2ad2422111,sunkenpalace_top_01_c22r2.tgm,Tiny_5,32364343,2597
a44a0684320abcba,sunkenpalace_top_01_c22r2.tgm.header,Tiny_5,32366940,264
1fc01c61a55c9d62,sunkenpalace_top_01_c22r19.tgm,Tiny_5,32360880,3199
6a1452d808421a30,sunkenpalace_top_01_c22r19.tgm.header,Tiny_5,32364079,264
b26b0d7196f1c83a,sunkenpalace_top_01_c22r18.tgm,Tiny_5,32357149,3467
d759e82740c09658,sunkenpalace_top_01_c22r18.tgm.header,Tiny_5,32360616,264
457104e877e28822,sunkenpalace_top_01_c22r17.tgm,Tiny_5,32353418,3467
aa1c4949a818378a,sunkenpalace_top_01_c22r17.tgm.header,Tiny_5,32356885,264
ac8066067e9113c2,sunkenpalace_top_01_c22r16.tgm,Tiny_5,32349935,3219
79178f1138fe2eb6,sunkenpalace_top_01_c22r16.tgm.header,Tiny_5,32353154,264
fd57511da5a24080,sunkenpalace_top_01_c22r15.tgm,Tiny_5,32346594,3077
334856c73294bf92,sunkenpalace_top_01_c22r15.tgm.header,Tiny_5,32349671,264
a8a33670a0266d2b,sunkenpalace_top_01_c22r14.tgm,Tiny_5,32343417,2913
d1aa7697db60535e,sunkenpalace_top_01_c22r14.tgm.header,Tiny_5,32346330,264
0b0d7d5c2978432f,sunkenpalace_top_01_c22r13.tgm,Tiny_5,32340076,3077
ab09b5727e5b0a72,sunkenpalace_top_01_c22r13.tgm.header,Tiny_5,32343153,264
d2f17d1a3f103eea,sunkenpalace_top_01_c22r12.tgm,Tiny_5,32336425,3387
2c78797ad5c8056f,sunkenpalace_top_01_c22r12.tgm.header,Tiny_5,32339812,264
a68e0f9a570da92e,sunkenpalace_top_01_c22r11.tgm,Tiny_5,32332180,3981
71bc60a0d1c48b57,sunkenpalace_top_01_c22r11.tgm.header,Tiny_5,32336161,264
c9e50d7632119188,sunkenpalace_top_01_c22r10.tgm,Folders/art/models/terrain/hideout/sunkenpalace/tgms_2,512066,4127
1051d590b433f77e,sunkenpalace_top_01_c22r10.tgm.header,Tiny_5,32331916,264
8ddb29517eca3cd9,sunkenpalace_top_01_c22r1.tgm,Tiny_5,32329065,2587
3e3595496def6af7,sunkenpalace_top_01_c22r1.tgm.header,Tiny_5,32331652,264
4c06d194964ef74b,sunkenpalace_top_01_c21r9.tgm,Folders/art/models/terrain/hideout/sunkenpalace/tgms_2,507957,4109
582dad921eef5c56,sunkenpalace_top_01_c21r9.tgm.header,Tiny_5,32328801,264
3b08e2cd9723e211,sunkenpalace_top_01_c21r8.tgm,Tiny_5,32325234,3303
b8f2f8a0973f1997,sunkenpalace_top_01_c21r8.tgm.header,Tiny_5,32328537,264
82a89bb5fefcd6c4,sunkenpalace_top_01_c21r7.tgm,Tiny_5,32321135,3835
8af9715bf4bdbd0b,sunkenpalace_top_01_c21r7.tgm.header,Tiny_5,32324970,264
2360d35ac0764842,sunkenpalace_top_01_c21r6.tgm,Folders/art/models/terrain/hideout/sunkenpalace/tgms_2,497408,10549
dc7e661b4f27c09c,sunkenpalace_top_01_c21r6.tgm.header,Tiny_5,32320788,347
fba37c66911ced79,sunkenpalace_top_01_c21r5.tgm,Folders/art/models/terrain/hideout/sunkenpalace/tgms_2,492661,4747
1fe2a32171ad589d,sunkenpalace_top_01_c21r5.tgm.header,Tiny_5,32320524,264
9831ca99c6c8e122,sunkenpalace_top_01_c21r4.tgm,Tiny_5,32316277,3983
bdac038762277e25,sunkenpalace_top_01_c21r4.tgm.header,Tiny_5,32320260,264
9bba46ca25a12605,sunkenpalace_top_01_c21r3.tgm,Tiny_5,32313202,2811
40a19e24c557d65f,sunkenpalace_top_01_c21r3.tgm.header,Tiny_5,32316013,264
824d9bdfbd744a53,sunkenpalace_top_01_c21r27.tgm,Tiny_5,32308933,4005
f6e3c017c0f6b008,sunkenpalace_top_01_c21r27.tgm.header,Tiny_5,32312938,264
70973939fe9515b3,sunkenpalace_top_01_c21r26.tgm,Folders/art/models/terrain/hideout/sunkenpalace/tgms_2,488486,4175
f394d0f96391dcc0,sunkenpalace_top_01_c21r26.tgm.header,Tiny_5,32308669,264
f0ac52ad2c353c84,sunkenpalace_top_01_c21r25.tgm,Folders/art/models/terrain/hideout/sunkenpalace/tgms_2,484221,4265
f2f6b8cbbcbf4b47,sunkenpalace_top_01_c21r25.tgm.header,Tiny_5,32308405,264
9789ef94264220bc,sunkenpalace_top_01_c21r24.tgm,Tiny_5,32304412,3729
2852d99fe0d9cc0d,sunkenpalace_top_01_c21r24.tgm.header,Tiny_5,32308141,264
64830195f4e85531,sunkenpalace_top_01_c21r23.tgm,Tiny_5,32301421,2727
36605c0ca19cfc6b,sunkenpalace_top_01_c21r23.tgm.header,Tiny_5,32304148,264
36f01e6e4070a1de,sunkenpalace_top_01_c21r22.tgm,Folders/art/models/terrain/hideout/sunkenpalace/tgms_2,479326,4895
fa41e6b97e687566,sunkenpalace_top_01_c21r22.tgm.header,Tiny_5,32301157,264
afd36af09d274cf0,sunkenpalace_top_01_c21r21.tgm,Folders/art/models/terrain/hideout/sunkenpalace/tgms_2,473057,6269
800e082145434bf1,sunkenpalace_top_01_c21r21.tgm.header,Tiny_5,32300893,264
3d66ad1ff768c355,sunkenpalace_top_01_c21r20.tgm,Tiny_5,32297282,3347
55e76ff78c5eb34c,sunkenpalace_top_01_c21r20.tgm.header,Tiny_5,32300629,264
f79ced70d77661a2,sunkenpalace_top_01_c21r2.tgm,Tiny_5,32294239,2779
0387f6fab092a925,sunkenpalace_top_01_c21r2.tgm.header,Tiny_5,32297018,264
90a477281485e9c2,sunkenpalace_top_01_c21r19.tgm,Tiny_5,32290052,3923
ab15b8cabf573120,sunkenpalace_top_01_c21r19.tgm.header,Tiny_5,32293975,264
c357e18b8ef88637,sunkenpalace_top_01_c21r18.tgm,Tiny_5,32285713,4075
bb5d25acd619c41e,sunkenpalace_top_01_c21r18.tgm.header,Tiny_5,32289788,264
a441c274027a2e1d,sunkenpalace_top_01_c21r17.tgm,Tiny_5,32282350,3099
2766e472727272ac,sunkenpalace_top_01_c21r17.tgm.header,Tiny_5,32285449,264
05b86d87be734ef4,sunkenpalace_top_01_c21r16.tgm,Tiny_5,32278619,3467
8bf358c9168ae6ec,sunkenpalace_top_01_c21r16.tgm.header,Tiny_5,32282086,264
dcfdda11246aaef8,sunkenpalace_top_01_c21r15.tgm,Folders/art/models/terrain/hideout/sunkenpalace/tgms_2,468748,4309
964caa6f90e3224e,sunkenpalace_top_01_c21r15.tgm.header,Tiny_5,32278355,264
c0d555f3efa54b2b,sunkenpalace_top_01_c21r14.tgm,Tiny_5,32274256,3835
c6e459f55cde0ee4,sunkenpalace_top_01_c21r14.tgm.header,Tiny_5,32278091,264
dd122de9d9f854d4,sunkenpalace_top_01_c21r13.tgm,Tiny_5,32270095,3897
5f28549c062941a5,sunkenpalace_top_01_c21r13.tgm.header,Tiny_5,32273992,264
6c92b52023cb367c,sunkenpalace_top_01_c21r12.tgm,Tiny_5,32266014,3817
30e74883fac97654,sunkenpalace_top_01_c21r12.tgm.header,Tiny_5,32269831,264
688727717fd6ed8f,sunkenpalace_top_01_c21r11.tgm,Tiny_5,32262053,3697
327d3e5c090b9f59,sunkenpalace_top_01_c21r11.tgm.header,Tiny_5,32265750,264
fd748f88be4190c9,sunkenpalace_top_01_c21r10.tgm,Folders/art/models/terrain/hideout/sunkenpalace/tgms_2,464475,4273
94f3de9233d2c4e6,sunkenpalace_top_01_c21r10.tgm.header,Tiny_5,32261789,264
eb32e89d6a9697a7,sunkenpalace_top_01_c21r1.tgm,Tiny_5,32258392,3133
7a76229b4a2ad309,sunkenpalace_top_01_c21r1.tgm.header,Tiny_5,32261525,264
70e71690f0879023,sunkenpalace_top_01_c20r9.tgm,Folders/art/models/terrain/hideout/sunkenpalace/tgms_2,460184,4291
250740dea8a30f85,sunkenpalace_top_01_c20r9.tgm.header,Tiny_5,32258128,264
2ddae1bfc2d8123e,sunkenpalace_top_01_c20r8.tgm,Tiny_5,32253835,4029
65b16015220661dd,sunkenpalace_top_01_c20r8.tgm.header,Tiny_5,32257864,264
925cfc388e9ff358,sunkenpalace_top_01_c20r7.tgm,Folders/art/models/terrain/hideout/sunkenpalace/tgms_2,455725,4459
e344909d2dfaa64b,sunkenpalace_top_01_c20r7.tgm.header,Tiny_5,32253571,264
90565f619e8787c8,sunkenpalace_top_01_c20r6.tgm,Folders/art/models/terrain/hideout/sunkenpalace/tgms_2,445788,9937
b49652d21f61deb4,sunkenpalace_top_01_c20r6.tgm.header,Tiny_5,32253224,347
0b4e3384e3169cbc,sunkenpalace_top_01_c20r5.tgm,Folders/art/models/terrain/hideout/sunkenpalace/tgms_2,433787,12001
9b42a2144638cc0e,sunkenpalace_top_01_c20r5.tgm.header,Tiny_5,32252877,347
e1abba79ddf9c4e4,sunkenpalace_top_01_c20r4.tgm,Folders/art/models/terrain/hideout/sunkenpalace/tgms_2,427130,6657
d056d36eab4c58bb,sunkenpalace_top_01_c20r4.tgm.header,Tiny_5,32252613,264
63928b7b6f88b8f8,sunkenpalace_top_01_c20r3.tgm,Tiny_5,32249892,2457
f7f7e7ecc74d1aae,sunkenpalace_top_01_c20r3.tgm.header,Tiny_5,32252349,264
c37f8232d28e8e89,sunkenpalace_top_01_c20r27.tgm,Folders/art/models/terrain/hideout/sunkenpalace/tgms_2,422301,4829
72571ccf63439937,sunkenpalace_top_01_c20r27.tgm.header,Tiny_5,32249628,264
037d54688411b26e,sunkenpalace_top_01_c20r26.tgm,Folders/art/models/terrain/hideout/sunkenpalace/tgms_2,417862,4439
3f749e78f2910e32,sunkenpalace_top_01_c20r26.tgm.header,Tiny_5,32249364,264
932fbdbdefb7f9be,sunkenpalace_top_01_c20r25.tgm,Folders/art/models/terrain/hideout/sunkenpalace/tgms_2,413457,4405
52aeee941b604e55,sunkenpalace_top_01_c20r25.tgm.header,Tiny_5,32249100,264
2b756811e86a8ead,sunkenpalace_top_01_c20r24.tgm,Tiny_5,32245511,3325
c8eacec10e8dd6fc,sunkenpalace_top_01_c20r24.tgm.header,Tiny_5,32248836,264
a87f08a373daee7c,sunkenpalace_top_01_c20r23.tgm,Folders/art/models/terrain/hideout/sunkenpalace/tgms_2,407662,5795
091a5a64fbd45e4d,sunkenpalace_top_01_c20r23.tgm.header,Tiny_5,32245247,264
15fd139c35f351fe,sunkenpalace_top_01_c20r22.tgm,Folders/art/models/terrain/hideout/sunkenpalace/tgms_2,403009,4653
f6b03d1890df4117,sunkenpalace_top_01_c20r22.tgm.header,Tiny_5,32244983,264
3873bd18d2ea4ea9,sunkenpalace_top_01_c20r21.tgm,Tiny_5,32241788,2931
db0b268ca5ab404d,sunkenpalace_top_01_c20r21.tgm.header,Tiny_5,32244719,264
db7962f4af097a9e,sunkenpalace_top_01_c20r20.tgm,Tiny_5,32238243,3281
b85c196589a155ca,sunkenpalace_top_01_c20r20.tgm.header,Tiny_5,32241524,264
324996b0335dc3d7,sunkenpalace_top_01_c20r2.tgm,Tiny_5,32235934,2045
1c190327b9b028c7,sunkenpalace_top_01_c20r2.tgm.header,Tiny_5,32237979,264
894029cab351609b,sunkenpalace_top_01_c20r19.tgm,Tiny_5,32232491,3179
dbdb6b56f9f627e6,sunkenpalace_top_01_c20r19.tgm.header,Tiny_5,32235670,264
54847398edd97960,sunkenpalace_top_01_c20r18.tgm,Tiny_5,32228530,3697
fa98ab434e09b415,sunkenpalace_top_01_c20r18.tgm.header,Tiny_5,32232227,264
71a7b6d7c3774d32,sunkenpalace_top_01_c20r17.tgm,Folders/art/models/terrain/hideout/sunkenpalace/tgms_2,398628,4381
3f9a0ce98c2b87fd,sunkenpalace_top_01_c20r17.tgm.header,Tiny_5,32228266,264
0220612673b15f06,sunkenpalace_top_01_c20r16.tgm,Folders/art/models/terrain/hideout/sunkenpalace/tgms_2,394443,4185
1b7ff39b4bc939e1,sunkenpalace_top_01_c20r16.tgm.header,Tiny_5,32228002,264
92b313c578fe73f3,sunkenpalace_top_01_c20r15.tgm,Folders/art/models/terrain/hideout/sunkenpalace/tgms_2,389940,4503
832c5948256ab57d,sunkenpalace_top_01_c20r15.tgm.header,Tiny_5,32227738,264
f5f566e1423d4f47,sunkenpalace_top_01_c20r14.tgm,Folders/art/models/terrain/hideout/sunkenpalace/tgms_2,385605,4335
24eb2b65ee53913d,sunkenpalace_top_01_c20r14.tgm.header,Tiny_5,32227474,264
0eafc59aba7cec6d,sunkenpalace_top_01_c20r13.tgm,Folders/art/models/terrain/hideout/sunkenpalace/tgms_2,381412,4193
c111cae3c65edc78,sunkenpalace_top_01_c20r13.tgm.header,Tiny_5,32227210,264
cf286ae472de61f0,sunkenpalace_top_01_c20r12.tgm,Folders/art/models/terrain/hideout/sunkenpalace/tgms_2,376771,4641
9186c89aae9193f7,sunkenpalace_top_01_c20r12.tgm.header,Tiny_5,32226946,264
05470dc012a592cf,sunkenpalace_top_01_c20r11.tgm,Folders/art/models/terrain/hideout/sunkenpalace/tgms_2,372542,4229
efb9feb0165490f1,sunkenpalace_top_01_c20r11.tgm.header,Tiny_5,32226682,264
d24abf9f50a4e110,sunkenpalace_top_01_c20r10.tgm,Tiny_5,32222597,3821
4a2a7ca578468533,sunkenpalace_top_01_c20r10.tgm.header,Tiny_5,32226418,264
f0bdfb42bb178ebe,sunkenpalace_top_01_c20r1.tgm,Tiny_5,32219144,3189
8e1901984b8baee7,sunkenpalace_top_01_c20r1.tgm.header,Tiny_5,32222333,264
4082723c78f99510,sunkenpalace_top_01_c1r9.tgm,Folders/art/models/terrain/hideout/sunkenpalace/tgms_2,367445,5097
1412c8b1265397a6,sunkenpalace_top_01_c1r9.tgm.header,Tiny_5,32218880,264
2f916c292c2d20bc,sunkenpalace_top_01_c1r8.tgm,Folders/art/models/terrain/hideout/sunkenpalace/tgms_2,361966,5479
4111c4eca1a44ef5,sunkenpalace_top_01_c1r8.tgm.header,Tiny_5,32218616,264
10e5193087f810a1,sunkenpalace_top_01_c1r7.tgm,Folders/art/models/terrain/hideout/sunkenpalace/tgms_2,355575,6391
178a94f924c76da1,sunkenpalace_top_01_c1r7.tgm.header,Tiny_5,32218352,264
7b4c19a42500f55a,sunkenpalace_top_01_c1r6.tgm,Folders/art/models/terrain/hideout/sunkenpalace/tgms_2,351208,4367
4eaf689670998761,sunkenpalace_top_01_c1r6.tgm.header,Tiny_5,32218088,264
3471ac3f4e2770c5,sunkenpalace_top_01_c1r5.tgm,Tiny_5,32215825,1999
383dab0b9d53bef5,sunkenpalace_top_01_c1r5.tgm.header,Tiny_5,32217824,264
3f0bb16d4d2ae1c5,sunkenpalace_top_01_c1r4.tgm,Tiny_5,32213262,2299
6beff83ee6c9d48c,sunkenpalace_top_01_c1r4.tgm.header,Tiny_5,32215561,264
07d3f4551664389a,sunkenpalace_top_01_c1r3.tgm,Tiny_5,32211647,1351
c066b33c19aba373,sunkenpalace_top_01_c1r3.tgm.header,Tiny_5,32212998,264
e511b581c8232cf5,sunkenpalace_top_01_c1r27.tgm,Tiny_5,73576547,57
7aaca2a6761eb03a,sunkenpalace_top_01_c1r27.tgm.header,Tiny_6,4042080,264
0060943cb459065b,sunkenpalace_top_01_c1r26.tgm,Tiny_5,73576547,57
b9325862d0e2ec83,sunkenpalace_top_01_c1r26.tgm.header,Tiny_6,4042080,264
4cf40680dd866217,sunkenpalace_top_01_c1r25.tgm,Tiny_5,73576547,57
2d68c7ba54027c54,sunkenpalace_top_01_c1r25.tgm.header,Tiny_6,4042080,264
0da8b3415a9cda7a,sunkenpalace_top_01_c1r24.tgm,Tiny_5,32210464,919
0a8a26df75e1d3a8,sunkenpalace_top_01_c1r24.tgm.header,Tiny_5,32211383,264
5cc6dc6660719184,sunkenpalace_top_01_c1r23.tgm,Tiny_5,32208915,1285
1abffe52d312b747,sunkenpalace_top_01_c1r23.tgm.header,Tiny_5,32210200,264
6ddaf65108e52453,sunkenpalace_top_01_c1r22.tgm,Tiny_5,32207242,1409
2d1a74479b052587,sunkenpalace_top_01_c1r22.tgm.header,Tiny_5,32208651,264
862035dd0ef7527b,sunkenpalace_top_01_c1r21.tgm,Tiny_5,32205197,1781
95b630dd6c63a208,sunkenpalace_top_01_c1r21.tgm.header,Tiny_5,32206978,264
8f6f314def0a0df6,sunkenpalace_top_01_c1r20.tgm,Tiny_5,32202780,2153
8a7c9abc22ca698a,sunkenpalace_top_01_c1r20.tgm.header,Tiny_5,32204933,264
6c694b15bdf664eb,sunkenpalace_top_01_c1r2.tgm,Tiny_5,73576547,57
5177fe2db4d56eef,sunkenpalace_top_01_c1r2.tgm.header,Tiny_6,4042080,264
9f231c88b13060ee,sunkenpalace_top_01_c1r19.tgm,Tiny_5,32199991,2525
9df94181961fc100,sunkenpalace_top_01_c1r19.tgm.header,Tiny_5,32202516,264
a5fd8ff50cee3c24,sunkenpalace_top_01_c1r18.tgm,Tiny_5,32196830,2897
fb98ea9169686ee4,sunkenpalace_top_01_c1r18.tgm.header,Tiny_5,32199727,264
c586abab4687a02f,sunkenpalace_top_01_c1r17.tgm,Tiny_5,32193297,3269
b6282d912d4c8039,sunkenpalace_top_01_c1r17.tgm.header,Tiny_5,32196566,264
9dc30c384579c6de,sunkenpalace_top_01_c1r16.tgm,Tiny_5,32189742,3291
f53224704466f1cc,sunkenpalace_top_01_c1r16.tgm.header,Tiny_5,32193033,264
47b4a6721edccd1b,sunkenpalace_top_01_c1r15.tgm,Tiny_5,32187529,1949
68692eebedc89c71,sunkenpalace_top_01_c1r15.tgm.header,Tiny_5,32189478,264
8562584fa8ac6fd1,sunkenpalace_top_01_c1r14.tgm,Tiny_5,32184740,2525
11473f18f90a0b97,sunkenpalace_top_01_c1r14.tgm.header,Tiny_5,32187265,264
f4ba559973484fb9,sunkenpalace_top_01_c1r13.tgm,Tiny_5,32181065,3411
7312d5d4487ae375,sunkenpalace_top_01_c1r13.tgm.header,Tiny_5,32184476,264
614970055893fcc2,sunkenpalace_top_01_c1r12.tgm,Folders/art/models/terrain/hideout/sunkenpalace/tgms_2,346973,4235
9b7d87fce3baff68,sunkenpalace_top_01_c1r12.tgm.header,Tiny_5,32180801,264
44c80e7e05d7cccb,sunkenpalace_top_01_c1r11.tgm,Folders/art/models/terrain/hideout/sunkenpalace/tgms_2,342298,4675
98934124f35538a0,sunkenpalace_top_01_c1r11.tgm.header,Tiny_5,32180537,264
18e74f73ebe7636d,sunkenpalace_top_01_c1r10.tgm,Folders/art/models/terrain/hideout/sunkenpalace/tgms_2,337415,4883
82034231437a45e0,sunkenpalace_top_01_c1r10.tgm.header,Tiny_5,32180273,264
8507667395a22f42,sunkenpalace_top_01_c1r1.tgm,Tiny_5,32179508,501
675c41681a57ed48,sunkenpalace_top_01_c1r1.tgm.header,Tiny_5,32180009,264
2d48bb392a156135,sunkenpalace_top_01_c19r9.tgm,Tiny_5,32175547,3697
b345eecacac61eb2,sunkenpalace_top_01_c19r9.tgm.header,Tiny_5,32179244,264
08ec7556400e0ceb,sunkenpalace_top_01_c19r8.tgm,Folders/art/models/terrain/hideout/sunkenpalace/tgms_2,333244,4171
b662f1ebdc60606b,sunkenpalace_top_01_c19r8.tgm.header,Tiny_5,32175283,264
0c4b038526c82448,sunkenpalace_top_01_c19r7.tgm,Folders/art/models/terrain/hideout/sunkenpalace/tgms_2,328911,4333
36646ba48918f9b3,sunkenpalace_top_01_c19r7.tgm.header,Tiny_5,32175019,264
563151eafbffd6c9,sunkenpalace_top_01_c19r6.tgm,Folders/art/models/terrain/hideout/sunkenpalace/tgms_2,324382,4529
dd41dfde637a81ea,sunkenpalace_top_01_c19r6.tgm.header,Tiny_5,32174755,264
505cbc8814571060,sunkenpalace_top_01_c19r5.tgm,Folders/art/models/terrain/hideout/sunkenpalace/tgms_2,311741,12641
6b707b8e77401bb9,sunkenpalace_top_01_c19r5.tgm.header,Tiny_5,32174452,303
407507758394e246,sunkenpalace_top_01_c19r4.tgm,Folders/art/models/terrain/hideout/sunkenpalace/tgms_2,305456,6285
2bc9c5e3b43b1b75,sunkenpalace_top_01_c19r4.tgm.header,Tiny_5,32174188,264
09ea04d07fbc7f2e,sunkenpalace_top_01_c19r3.tgm,Tiny_5,32171163,2761
3efa0fa14e963ba0,sunkenpalace_top_01_c19r3.tgm.header,Tiny_5,32173924,264
6f653139f89e6cdf,sunkenpalace_top_01_c19r27.tgm,Folders/art/models/terrain/hideout/sunkenpalace/tgms_2,300891,4565
9d43cce296e9a3d4,sunkenpalace_top_01_c19r27.tgm.header,Tiny_5,32170899,264
6e7bec5370b4f0e2,sunkenpalace_top_01_c19r26.tgm,Tiny_5,32166584,4051
a9dc540b4cff2207,sunkenpalace_top_01_c19r26.tgm.header,Tiny_5,32170635,264
ede9ed98bcd4787a,sunkenpalace_top_01_c19r25.tgm,Tiny_5,32163335,2985
732ca557706ae861,sunkenpalace_top_01_c19r25.tgm.header,Tiny_5,32166320,264
9675aed3bd777d45,sunkenpalace_top_01_c19r24.tgm,Tiny_5,32160698,2373
6592b0c7399ea7c9,sunkenpalace_top_01_c19r24.tgm.header,Tiny_5,32163071,264
b910bbf2b1302c8d,sunkenpalace_top_01_c19r23.tgm,Tiny_5,32157543,2891
18eae42b33329aa9,sunkenpalace_top_01_c19r23.tgm.header,Tiny_5,32160434,264
8081dd9d084fc58f,sunkenpalace_top_01_c19r22.tgm,Tiny_5,32154048,3231
b279e98d8c2c21bf,sunkenpalace_top_01_c19r22.tgm.header,Tiny_5,32157279,264
54baafd7ac67baf1,sunkenpalace_top_01_c19r21.tgm,Tiny_5,32150583,3201
a8ab84c4b4f45d70,sunkenpalace_top_01_c19r21.tgm.header,Tiny_5,32153784,264
5a51d9bc3c027fbd,sunkenpalace_top_01_c19r20.tgm,Tiny_5,32146502,3817
5855401821a341ea,sunkenpalace_top_01_c19r20.tgm.header,Tiny_5,32150319,264
e472bef61fdc6259,sunkenpalace_top_01_c19r2.tgm,Tiny_5,32144131,2107
6add66590025847d,sunkenpalace_top_01_c19r2.tgm.header,Tiny_5,32146238,264
6d8d49ff32bdb248,sunkenpalace_top_01_c19r19.tgm,Tiny_5,32140356,3511
4b6c6dd32b2b51d7,sunkenpalace_top_01_c19r19.tgm.header,Tiny_5,32143867,264
fda096b03db7e085,sunkenpalace_top_01_c19r18.tgm,Tiny_5,32136501,3591
d9c9e2487e5ea3dc,sunkenpalace_top_01_c19r18.tgm.header,Tiny_5,32140092,264
4b779c5eb37138d2,sunkenpalace_top_01_c19r17.tgm,Folders/art/models/terrain/hideout/sunkenpalace/tgms_2,296148,4743
618dcc94323cde22,sunkenpalace_top_01_c19r17.tgm.header,Tiny_5,32136237,264
3431b5b69374be4f,sunkenpalace_top_01_c19r16.tgm,Folders/art/models/terrain/hideout/sunkenpalace/tgms_2,283123,13025
04a14923a86663b6,sunkenpalace_top_01_c19r16.tgm.header,Tiny_5,32135934,303
405061cdd2ea574c,sunkenpalace_top_01_c19r15.tgm,Folders/art/models/terrain/hideout/sunkenpalace/tgms_2,260876,22247
1abac90e35bc6b75,sunkenpalace_top_01_c19r15.tgm.header,Tiny_5,32135631,303
46ce995ad6fdc461,sunkenpalace_top_01_c19r14.tgm,Folders/art/models/terrain/hideout/sunkenpalace/tgms_2,236445,24431
283e9a6800145676,sunkenpalace_top_01_c19r14.tgm.header,Tiny_5,32135284,347
b83689089beef231,sunkenpalace_top_01_c19r13.tgm,Folders/art/models/terrain/hideout/sunkenpalace/tgms_2,213208,23237
fe38c610d71b3dce,sunkenpalace_top_01_c19r13.tgm.header,Tiny_5,32134981,303
7083b5ffa40afbf5,sunkenpalace_top_01_c19r12.tgm,Folders/art/models/terrain/hideout/sunkenpalace/tgms_2,205745,7463
a87660e035539d8a,sunkenpalace_top_01_c19r12.tgm.header,Tiny_5,32134678,303
12e26768472081e3,sunkenpalace_top_01_c19r11.tgm,Folders/art/models/terrain/hideout/sunkenpalace/tgms_2,201476,4269
2666516040900422,sunkenpalace_top_01_c19r11.tgm.header,Tiny_5,32134414,264
9926dc2da5a8adc3,sunkenpalace_top_01_c19r10.tgm,Tiny_5,32131157,2993
e53c47440540c8e5,sunkenpalace_top_01_c19r10.tgm.header,Tiny_5,32134150,264
161aa99b4960ee4d,sunkenpalace_top_01_c19r1.tgm,Tiny_5,32127308,3585
90ba272d4efbf2d5,sunkenpalace_top_01_c19r1.tgm.header,Tiny_5,32130893,264
3b98bf4011c25225,sunkenpalace_top_01_c18r9.tgm,Tiny_5,32123555,3489
7598385f5b899093,sunkenpalace_top_01_c18r9.tgm.header,Tiny_5,32127044,264
6c1306480020f913,sunkenpalace_top_01_c18r8.tgm,Tiny_5,32119536,3755
779d6f7317dbe58a,sunkenpalace_top_01_c18r8.tgm.header,Tiny_5,32123291,264
0e8242b237d6a15e,sunkenpalace_top_01_c18r7.tgm,Folders/art/models/terrain/hideout/sunkenpalace/tgms_2,197323,4153
3bcee410f8d01ed4,sunkenpalace_top_01_c18r7.tgm.header,Tiny_5,32119272,264
577c53ab58313844,sunkenpalace_top_01_c18r6.tgm,Folders/art/models/terrain/hideout/sunkenpalace/tgms_2,193152,4171
f1cb92454525c225,sunkenpalace_top_01_c18r6.tgm.header,Tiny_5,32119008,264
19d343d11fe9daec,sunkenpalace_top_01_c18r5.tgm,Folders/art/models/terrain/hideout/sunkenpalace/tgms_2,181249,11903
3a1246ee500e5bf6,sunkenpalace_top_01_c18r5.tgm.header,Tiny_5,32118661,347
f01ed8450943cf4f,sunkenpalace_top_01_c18r4.tgm,Folders/art/models/terrain/hideout/sunkenpalace/tgms_2,174252,6997
7fa1920a134a8b8f,sunkenpalace_top_01_c18r4.tgm.header,Tiny_5,32118397,264
3ad21a6bc41b7b6e,sunkenpalace_top_01_c18r3.tgm,Tiny_5,32114978,3155
d8f2d70d1f6e16eb,sunkenpalace_top_01_c18r3.tgm.header,Tiny_5,32118133,264
c3a706eaed67fb8c,sunkenpalace_top_01_c18r27.tgm,Folders/art/models/terrain/hideout/sunkenpalace/tgms_2,168847,5405
158f41a9a59525b0,sunkenpalace_top_01_c18r27.tgm.header,Tiny_5,32114714,264
34cff126b720c0ea,sunkenpalace_top_01_c18r26.tgm,Tiny_5,32111143,3307
0a1f2ebc9877e896,sunkenpalace_top_01_c18r26.tgm.header,Tiny_5,32114450,264
ad3622d18c69babc,sunkenpalace_top_01_c18r25.tgm,Tiny_5,32108484,2395
3cf72c089c44041e,sunkenpalace_top_01_c18r25.tgm.header,Tiny_5,32110879,264
2fb17641b23804bc,sunkenpalace_top_01_c18r24.tgm,Tiny_5,32105701,2519
9383cb0505bae0d3,sunkenpalace_top_01_c18r24.tgm.header,Tiny_5,32108220,264
aca6b1bf9e2794ca,sunkenpalace_top_01_c18r23.tgm,Folders/art/models/terrain/hideout/sunkenpalace/tgms_2,163804,5043
14c7d1e10b297b5e,sunkenpalace_top_01_c18r23.tgm.header,Tiny_5,32105437,264
488247da633ee69f,sunkenpalace_top_01_c18r22.tgm,Tiny_5,32101976,3197
ebe849663bd8ca8a,sunkenpalace_top_01_c18r22.tgm.header,Tiny_5,32105173,264
9fbdd4c282dd37d8,sunkenpalace_top_01_c18r21.tgm,Tiny_5,32098883,2829
ceaf7cb60f0ad129,sunkenpalace_top_01_c18r21.tgm.header,Tiny_5,32101712,264
823b29510c9b9696,sunkenpalace_top_01_c18r20.tgm,Tiny_5,32095214,3405
617f0e102f1b2b0f,sunkenpalace_top_01_c18r20.tgm.header,Tiny_5,32098619,264
112d790eb13cc219,sunkenpalace_top_01_c18r2.tgm,Tiny_5,32092341,2609
ae21a82a3e728df4,sunkenpalace_top_01_c18r2.tgm.header,Tiny_5,32094950,264
bbd67997b7a3df6e,sunkenpalace_top_01_c18r19.tgm,Tiny_5,32088234,3843
b6bbecd46409ad3a,sunkenpalace_top_01_c18r19.tgm.header,Tiny_5,32092077,264
82bc322e7150297a,sunkenpalace_top_01_c18r18.tgm,Folders/art/models/terrain/hideout/sunkenpalace/tgms_2,159557,4247
2850b24624855bda,sunkenpalace_top_01_c18r18.tgm.header,Tiny_5,32087970,264
f63613d7818683d8,sunkenpalace_top_01_c18r17.tgm,Folders/art/models/terrain/hideout/sunkenpalace/tgms_2,155342,4215
2991ee141b965078,sunkenpalace_top_01_c18r17.tgm.header,Tiny_5,32087706,264
3921d41e98a607bf,sunkenpalace_top_01_c18r16.tgm,Folders/art/models/terrain/hideout/sunkenpalace/tgms_2,133571,21771
e1189157516b1126,sunkenpalace_top_01_c18r16.tgm.header,Tiny_5,32087403,303
476e10bc9be49fca,sunkenpalace_top_01_c18r15.tgm,Folders/art/models/terrain/hideout/sunkenpalace/tgms_2,118308,15263
713a56eadbf02c27,sunkenpalace_top_01_c18r15.tgm.header,Tiny_5,32087139,264
363d1a84825de2ba,sunkenpalace_top_01_c18r14.tgm,Folders/art/models/terrain/hideout/sunkenpalace/tgms_2,100651,17657
960bf539378c5f3f,sunkenpalace_top_01_c18r14.tgm.header,Tiny_5,32086875,264
f8330cc1963b0e84,sunkenpalace_top_01_c18r13.tgm,Folders/art/models/terrain/hideout/sunkenpalace/tgms_2,82210,18441
c4ed3102af4c0a08,sunkenpalace_top_01_c18r13.tgm.header,Tiny_5,32086528,347
476cd67531721693,sunkenpalace_top_01_c18r12.tgm,Folders/art/models/terrain/hideout/sunkenpalace/tgms_2,60973,21237
e99999e69fa9bf70,sunkenpalace_top_01_c18r12.tgm.header,Tiny_5,32086181,347
7c78623e48152ebe,sunkenpalace_top_01_c18r11.tgm,Tiny_5,32081914,4003
ec8e0a8512ab5393,sunkenpalace_top_01_c18r11.tgm.header,Tiny_5,32085917,264
2e360599dad29bcf,sunkenpalace_top_01_c18r10.tgm,Tiny_5,32077789,3861
0efbf82ebdc64e9d,sunkenpalace_top_01_c18r10.tgm.header,Tiny_5,32081650,264
cdf6707bf46745e5,sunkenpalace_top_01_c18r1.tgm,Tiny_5,32073516,4009
b890ed307c828313,sunkenpalace_top_01_c18r1.tgm.header,Tiny_5,32077525,264
fe2ae4e085d0604d,sunkenpalace_top_01_c17r9.tgm,Tiny_5,32070051,3201
ccf3401817c06b66,sunkenpalace_top_01_c17r9.tgm.header,Tiny_5,32073252,264
e39e5f218b4306d6,sunkenpalace_top_01_c17r8.tgm,Tiny_5,32066196,3591
28d989556951f7e9,sunkenpalace_top_01_c17r8.tgm.header,Tiny_5,32069787,264
a4e5445c997185f8,sunkenpalace_top_01_c17r7.tgm,Folders/art/models/terrain/hideout/sunkenpalace/tgms_2,56678,4295
739e7a552c6575e6,sunkenpalace_top_01_c17r7.tgm.header,Tiny_5,32065932,264
2ac479dd3201094d,sunkenpalace_top_01_c17r6.tgm,Folders/art/models/terrain/hideout/sunkenpalace/tgms_2,52423,4255
8d6b43b96a0e339e,sunkenpalace_top_01_c17r6.tgm.header,Tiny_5,32065668,264
f01b631f554f88ec,sunkenpalace_top_01_c17r5.tgm,Tiny_5,32061765,3639
397298b0dcf48ed5,sunkenpalace_top_01_c17r5.tgm.header,Tiny_5,32065404,264
978e3b70bc4f7327,sunkenpalace_top_01_c17r4.tgm,Folders/art/models/terrain/hideout/sunkenpalace/tgms_2,47644,4779
0bfefb90a0f0156f,sunkenpalace_top_01_c17r4.tgm.header,Tiny_5,32061501,264
df53b1a62fdfe832,sunkenpalace_top_01_c17r3.tgm,Tiny_5,32057806,3431
22b207e89d244525,sunkenpalace_top_01_c17r3.tgm.header,Tiny_5,32061237,264
97fa508cb34c353b,sunkenpalace_top_01_c17r27.tgm,Folders/art/models/terrain/hideout/sunkenpalace/tgms_2,41431,6213
daa2a3165ccef2cb,sunkenpalace_top_01_c17r27.tgm.header,Tiny_5,32057542,264
01786b2ec105be24,sunkenpalace_top_01_c17r26.tgm,Tiny_5,32053667,3611
246f20749bfc248e,sunkenpalace_top_01_c17r26.tgm.header,Tiny_5,32057278,264
0b90acc4fdf9d573,sunkenpalace_top_01_c17r25.tgm,Tiny_5,32051296,2107
9ed89ce137466309,sunkenpalace_top_01_c17r25.tgm.header,Tiny_5,32053403,264
22bce11fc62f85f7,sunkenpalace_top_01_c17r24.tgm,Tiny_5,32048863,2169
239f951263eee2c3,sunkenpalace_top_01_c17r24.tgm.header,Tiny_5,32051032,264
b85c567592f9f02b,sunkenpalace_top_01_c17r23.tgm,Folders/art/models/terrain/hideout/sunkenpalace/tgms_2,36112,5319
77008f0d3285e958,sunkenpalace_top_01_c17r23.tgm.header,Tiny_5,32048599,264
f60b5e2b2379fe87,sunkenpalace_top_01_c17r22.tgm,Tiny_5,32045116,3219
7f9c8a497314ee2e,sunkenpalace_top_01_c17r22.tgm.header,Tiny_5,32048335,264
66edae196a4917a4,sunkenpalace_top_01_c17r21.tgm,Tiny_5,32042023,2829
4c7cf31d0270ad7a,sunkenpalace_top_01_c17r21.tgm.header,Tiny_5,32044852,264
4ea4d31db2a6365a,sunkenpalace_top_01_c17r20.tgm,Folders/art/models/terrain/hideout/sunkenpalace/tgms_2,31883,4229
9afcea3717f48b85,sunkenpalace_top_01_c17r20.tgm.header,Tiny_5,32041759,264
1878fb6dc0c67d47,sunkenpalace_top_01_c17r2.tgm,Tiny_5,32038954,2541
4e39e67872824160,sunkenpalace_top_01_c17r2.tgm.header,Tiny_5,32041495,264
98c7de57f8c0cda1,sunkenpalace_top_01_c17r19.tgm,Tiny_5,32034745,3945
9b0b5375f34ba1e5,sunkenpalace_top_01_c17r19.tgm.header,Tiny_5,32038690,264
5d65bf7caf60da19,sunkenpalace_top_01_c17r18.tgm,Folders/art/models/terrain/hideout/sunkenpalace/tgms_2,27490,4393
73164865989bc707,sunkenpalace_top_01_c17r18.tgm.header,Tiny_5,32034481,264
837325bb95929ec4,sunkenpalace_top_01_c17r17.tgm,Folders/art/models/terrain/hideout/sunkenpalace/tgms_2,23257,4233
964df6db04702595,sunkenpalace_top_01_c17r17.tgm.header,Tiny_5,32034217,264
cf5e9c5a13bac8e6,sunkenpalace_top_01_c17r16.tgm,Folders/art/models/terrain/hideout/sunkenpalace/tgms_2,0,23257
2334e06ebbf41a6f,sunkenpalace_top_01_c17r16.tgm.header,Tiny_5,32033914,303
40609c471229ed92,sunkenpalace_top_01_c17r15.tgm,Folders/art/models/terrain/hideout/sunkenpalace/tgms_1,4644593,17901
1069efb929a5274b,sunkenpalace_top_01_c17r15.tgm.header,Tiny_5,32033650,264
b1127fa6018174b0,sunkenpalace_top_01_c17r14.tgm,Folders/art/models/terrain/hideout/sunkenpalace/tgms_1,4583406,61187
814f3b98b4e4984e,sunkenpalace_top_01_c17r14.tgm.header,Tiny_5,32033259,391
e8d70075ec89bced,sunkenpalace_top_01_c17r13.tgm,Tiny_5,32029470,3525
34bded75155c78a0,sunkenpalace_top_01_c17r13.tgm.header,Tiny_5,32032995,264
ce04de71a8fdb5c8,sunkenpalace_top_01_c17r12.tgm,Folders/art/models/terrain/hideout/sunkenpalace/tgms_1,4562027,21379
3ea39675ab00956a,sunkenpalace_top_01_c17r12.tgm.header,Tiny_5,32029123,347
69556bcb23fe6e30,sunkenpalace_top_01_c17r11.tgm,Folders/art/models/terrain/hideout/sunkenpalace/tgms_1,4557710,4317
f1a48b738476e58f,sunkenpalace_top_01_c17r11.tgm.header,Tiny_5,32028859,264
69d544c80c186843,sunkenpalace_top_01_c17r10.tgm,Folders/art/models/terrain/hideout/sunkenpalace/tgms_1,4552909,4801
a59fa493db346253,sunkenpalace_top_01_c17r10.tgm.header,Tiny_5,32028595,264
a83e5ed4aeea8c60,sunkenpalace_top_01_c17r1.tgm,Tiny_5,32024242,4089
ab22b6a6060ec3f6,sunkenpalace_top_01_c17r1.tgm.header,Tiny_5,32028331,264
1218a6ceaae64624,sunkenpalace_top_01_c16r9.tgm,Tiny_5,32020489,3489
4fbbb366d69463ff,sunkenpalace_top_01_c16r9.tgm.header,Tiny_5,32023978,264
a90ae55daf2876f6,sunkenpalace_top_01_c16r8.tgm,Tiny_5,32016572,3653
12a20529a84a243d,sunkenpalace_top_01_c16r8.tgm.header,Tiny_5,32020225,264
da17d008bce6b432,sunkenpalace_top_01_c16r7.tgm,Folders/art/models/terrain/hideout/sunkenpalace/tgms_1,4548614,4295
39273a50aeef27b2,sunkenpalace_top_01_c16r7.tgm.header,Tiny_5,32016308,264
342499826160321f,sunkenpalace_top_01_c16r6.tgm,Folders/art/models/terrain/hideout/sunkenpalace/tgms_1,4544105,4509
16268f092920637b,sunkenpalace_top_01_c16r6.tgm.header,Tiny_5,32016044,264
d687dce9cbb9ba6f,sunkenpalace_top_01_c16r5.tgm,Tiny_5,32013977,1803
e7858283578c25cd,sunkenpalace_top_01_c16r5.tgm.header,Tiny_5,32015780,264
783c0c47d6b19640,sunkenpalace_top_01_c16r4.tgm,Tiny_5,32010834,2879
8ef3a0cd298c3310,sunkenpalace_top_01_c16r4.tgm.header,Tiny_5,32013713,264
95008906ac4b4908,sunkenpalace_top_01_c16r3.tgm,Tiny_5,32006895,3675
eba3e7db65910e71,sunkenpalace_top_01_c16r3.tgm.header,Tiny_5,32010570,264
7d07f645ed2dd06b,sunkenpalace_top_01_c16r27.tgm,Folders/art/models/terrain/hideout/sunkenpalace/tgms_1,4538542,5563
87869f4430af8db1,sunkenpalace_top_01_c16r27.tgm.header,Tiny_5,32006631,264
5d4bf2759f13317e,sunkenpalace_top_01_c16r26.tgm,Tiny_5,32002982,3385
2c500f91cc3db67d,sunkenpalace_top_01_c16r26.tgm.header,Tiny_5,32006367,264
1075a1e1e8dd7413,sunkenpalace_top_01_c16r25.tgm,Tiny_5,32000531,2187
26212bfe1f181dd6,sunkenpalace_top_01_c16r25.tgm.header,Tiny_5,32002718,264
94e901db09ee89f6,sunkenpalace_top_01_c16r24.tgm,Tiny_5,31997788,2479
3e62571472b35094,sunkenpalace_top_01_c16r24.tgm.header,Tiny_5,32000267,264
9576f5f4ee55c52d,sunkenpalace_top_01_c16r23.tgm,Tiny_5,31993597,3927
3a9226f0eefb19a5,sunkenpalace_top_01_c16r23.tgm.header,Tiny_5,31997524,264
3c34922ca3dfe25e,sunkenpalace_top_01_c16r22.tgm,Tiny_5,31989488,3845
3e5a730086ae5944,sunkenpalace_top_01_c16r22.tgm.header,Tiny_5,31993333,264
abe986837346f6c4,sunkenpalace_top_01_c16r21.tgm,Tiny_5,31985775,3449
75bc0cda2421b965,sunkenpalace_top_01_c16r21.tgm.header,Tiny_5,31989224,264
a0531f5322092356,sunkenpalace_top_01_c16r20.tgm,Folders/art/models/terrain/hideout/sunkenpalace/tgms_1,4533875,4667
cd47e38600bb9c0f,sunkenpalace_top_01_c16r20.tgm.header,Tiny_5,31985511,264
1d8c28594fc5d304,sunkenpalace_top_01_c16r2.tgm,Tiny_5,31981984,3263
3ef71c2129dea39e,sunkenpalace_top_01_c16r2.tgm.header,Tiny_5,31985247,264
4cc874b2a5f2c01e,sunkenpalace_top_01_c16r19.tgm,Folders/art/models/terrain/hideout/sunkenpalace/tgms_1,4529620,4255
8393764a023356a7,sunkenpalace_top_01_c16r19.tgm.header,Tiny_5,31981720,264
a4a44a9985d1a7b3,sunkenpalace_top_01_c16r18.tgm,Folders/art/models/terrain/hideout/sunkenpalace/tgms_1,4525187,4433
caf97624675ffe45,sunkenpalace_top_01_c16r18.tgm.header,Tiny_5,31981456,264
396611491360fe70,sunkenpalace_top_01_c16r17.tgm,Tiny_5,31977287,3905
4126e8efccf0a135,sunkenpalace_top_01_c16r17.tgm.header,Tiny_5,31981192,264
5a23673378fef793,sunkenpalace_top_01_c16r16.tgm,Folders/art/models/terrain/hideout/sunkenpalace/tgms_1,4499652,25535
b00d35d8b3f85236,sunkenpalace_top_01_c16r16.tgm.header,Tiny_5,31976940,347
4b74244b76c61798,sunkenpalace_top_01_c16r15.tgm,Folders/art/models/terrain/hideout/sunkenpalace/tgms_1,4479013,20639
ee9d728d2c7eb983,sunkenpalace_top_01_c16r15.tgm.header,Tiny_5,31976593,347
174dae2642c23da2,sunkenpalace_top_01_c16r14.tgm,Folders/art/models/terrain/hideout/sunkenpalace/tgms_1,4473046,5967
ba4d0fa0b86b6fb6,sunkenpalace_top_01_c16r14.tgm.header,Tiny_5,31976329,264
846f4e73c34054be,sunkenpalace_top_01_c16r13.tgm,Folders/art/models/terrain/hideout/sunkenpalace/tgms_1,4453923,19123
065cdffbf6353b32,sunkenpalace_top_01_c16r13.tgm.header,Tiny_5,31975982,347
a109d284f7a451d6,sunkenpalace_top_01_c16r12.tgm,Folders/art/models/terrain/hideout/sunkenpalace/tgms_1,4434352,19571
3d667228b0a32233,sunkenpalace_top_01_c16r12.tgm.header,Tiny_5,31975635,347
6684529b23643602,sunkenpalace_top_01_c16r11.tgm,Folders/art/models/terrain/hideout/sunkenpalace/tgms_1,4429689,4663
77d197fa4ab85a23,sunkenpalace_top_01_c16r11.tgm.header,Tiny_5,31975371,264
0b677f72f64be05a,sunkenpalace_top_01_c16r10.tgm,Folders/art/models/terrain/hideout/sunkenpalace/tgms_1,4425150,4539
3f321df512063996,sunkenpalace_top_01_c16r10.tgm.header,Tiny_5,31975107,264
99f135ba924d5bd2,sunkenpalace_top_01_c16r1.tgm,Folders/art/models/terrain/hideout/sunkenpalace/tgms_1,4420569,4581
fcb4baa0c43640b5,sunkenpalace_top_01_c16r1.tgm.header,Tiny_5,31974843,264
d48790b3fe9c373b,sunkenpalace_top_01_c15r9.tgm,Folders/art/models/terrain/hideout/sunkenpalace/tgms_1,4402636,17933
0a362de5df9c7393,sunkenpalace_top_01_c15r9.tgm.header,Tiny_5,31974496,347
9dec39584445493b,sunkenpalace_top_01_c15r8.tgm,Folders/art/models/terrain/hideout/sunkenpalace/tgms_1,4365731,36905
86dcd8379d533ecc,sunkenpalace_top_01_c15r8.tgm.header,Tiny_5,31974105,391
eb5f5a3479de61de,sunkenpalace_top_01_c15r7.tgm,Folders/art/models/terrain/hideout/sunkenpalace/tgms_1,4359344,6387
10f3bb0317d851d6,sunkenpalace_top_01_c15r7.tgm.header,Tiny_5,31973841,264
7fe1238ece62d172,sunkenpalace_top_01_c15r6.tgm,Folders/art/models/terrain/hideout/sunkenpalace/tgms_1,4354745,4599
388e2eadf4479c51,sunkenpalace_top_01_c15r6.tgm.header,Tiny_5,31973577,264
4077503f62fd5db1,sunkenpalace_top_01_c15r5.tgm,Tiny_5,31971048,2265
f902bfa99e5db70d,sunkenpalace_top_01_c15r5.tgm.header,Tiny_5,31973313,264
04021e0cf8d85895,sunkenpalace_top_01_c15r4.tgm,Tiny_5,31968507,2277
3a420c6b2953bc93,sunkenpalace_top_01_c15r4.tgm.header,Tiny_5,31970784,264
6555cb7b18d315e3,sunkenpalace_top_01_c15r3.tgm,Tiny_5,31965640,2603
17cc041a4b9a16ee,sunkenpalace_top_01_c15r3.tgm.header,Tiny_5,31968243,264
518b95f9e29ffe0a,sunkenpalace_top_01_c15r27.tgm,Folders/art/models/terrain/hideout/sunkenpalace/tgms_1,4350506,4239
9e44718a6186dfb5,sunkenpalace_top_01_c15r27.tgm.header,Tiny_5,31965376,264
0645b654d52c5fd4,sunkenpalace_top_01_c15r26.tgm,Tiny_5,31962533,2579
83b49166701fe614,sunkenpalace_top_01_c15r26.tgm.header,Tiny_5,31965112,264
205cf2e6a38067be,sunkenpalace_top_01_c15r25.tgm,Tiny_5,31959448,2821
64fe168be644c106,sunkenpalace_top_01_c15r25.tgm.header,Tiny_5,31962269,264
733564ad0646819a,sunkenpalace_top_01_c15r24.tgm,Folders/art/models/terrain/hideout/sunkenpalace/tgms_1,4343265,7241
030e9c8e564fb766,sunkenpalace_top_01_c15r24.tgm.header,Tiny_5,31959184,264
4a0cfc69512bd0a7,sunkenpalace_top_01_c15r23.tgm,Folders/art/models/terrain/hideout/sunkenpalace/tgms_1,4337606,5659
5c8e2f7bbd6ea0d6,sunkenpalace_top_01_c15r23.tgm.header,Tiny_5,31958920,264
9b0284d3965341ba,sunkenpalace_top_01_c15r22.tgm,Tiny_5,31955673,2983
47aa24793a052297,sunkenpalace_top_01_c15r22.tgm.header,Tiny_5,31958656,264
2348b7c3b571937b,sunkenpalace_top_01_c15r21.tgm,Tiny_5,31951858,3551
2d8851b9fcfceee7,sunkenpalace_top_01_c15r21.tgm.header,Tiny_5,31955409,264
2c7532cd9902b69c,sunkenpalace_top_01_c15r20.tgm,Tiny_5,31947653,3941
8a31b0a16281f9b9,sunkenpalace_top_01_c15r20.tgm.header,Tiny_5,31951594,264
52fe3406aaf7949f,sunkenpalace_top_01_c15r2.tgm,Tiny_5,31944166,3223
d6b6c42376aeaa14,sunkenpalace_top_01_c15r2.tgm.header,Tiny_5,31947389,264
476b64b11bb0ccc2,sunkenpalace_top_01_c15r19.tgm,Tiny_5,31940019,3883
146d366cc132c301,sunkenpalace_top_01_c15r19.tgm.header,Tiny_5,31943902,264
49ba9dd0f5bbad49,sunkenpalace_top_01_c15r18.tgm,Folders/art/models/terrain/hideout/sunkenpalace/tgms_1,4333479,4127
cdb728c2b7b31955,sunkenpalace_top_01_c15r18.tgm.header,Tiny_5,31939755,264
f9cd28420ad85cfa,sunkenpalace_top_01_c15r17.tgm,Folders/art/models/terrain/hideout/sunkenpalace/tgms_1,4328510,4969
1df8812a2a946fc9,sunkenpalace_top_01_c15r17.tgm.header,Tiny_5,31939491,264
a4b73a5f942f34ef,sunkenpalace_top_01_c15r16.tgm,Folders/art/models/terrain/hideout/sunkenpalace/tgms_1,4320281,8229
f270be2e94e191af,sunkenpalace_top_01_c15r16.tgm.header,Tiny_5,31939188,303
7d6b8b36d14e51f2,sunkenpalace_top_01_c15r15.tgm,Folders/art/models/terrain/hideout/sunkenpalace/tgms_1,4299268,21013
b13757753222adfc,sunkenpalace_top_01_c15r15.tgm.header,Tiny_5,31938841,347
a061d626b62003d6,sunkenpalace_top_01_c15r14.tgm,Folders/art/models/terrain/hideout/sunkenpalace/tgms_1,4276225,23043
b16fadadd767bac4,sunkenpalace_top_01_c15r14.tgm.header,Tiny_5,31938494,347
76701122978e72e3,sunkenpalace_top_01_c15r13.tgm,Folders/art/models/terrain/hideout/sunkenpalace/tgms_1,4256176,20049
474a59a418f18a99,sunkenpalace_top_01_c15r13.tgm.header,Tiny_5,31938147,347
54034602b355de63,sunkenpalace_top_01_c15r12.tgm,Folders/art/models/terrain/hideout/sunkenpalace/tgms_1,4250559,5617
ff0e62ecd67dfb3b,sunkenpalace_top_01_c15r12.tgm.header,Tiny_5,31937883,264
a606b6252201e2f7,sunkenpalace_top_01_c15r11.tgm,Folders/art/models/terrain/hideout/sunkenpalace/tgms_1,4245980,4579
4d3b1a7d139f246c,sunkenpalace_top_01_c15r11.tgm.header,Tiny_5,31937619,264
5c426b62e19a6b3c,sunkenpalace_top_01_c15r10.tgm,Folders/art/models/terrain/hideout/sunkenpalace/tgms_1,4240925,5055
aeaa66f29b0b46eb,sunkenpalace_top_01_c15r10.tgm.header,Tiny_5,31937355,264
1badffc37592f6b2,sunkenpalace_top_01_c15r1.tgm,Folders/art/models/terrain/hideout/sunkenpalace/tgms_1,4235932,4993
4cbf745a1d458373,sunkenpalace_top_01_c15r1.tgm.header,Tiny_5,31937091,264
813c8fb287c449a4,sunkenpalace_top_01_c14r9.tgm,Folders/art/models/terrain/hideout/sunkenpalace/tgms_1,4211901,24031
d4f36a557a968c8e,sunkenpalace_top_01_c14r9.tgm.header,Tiny_5,31936744,347
908f02f4bb44b809,sunkenpalace_top_01_c14r8.tgm,Folders/art/models/terrain/hideout/sunkenpalace/tgms_1,4143536,68365
39919722ff05f3aa,sunkenpalace_top_01_c14r8.tgm.header,Tiny_5,31936265,479
10e73f6279001088,sunkenpalace_top_01_c14r7.tgm,Folders/art/models/terrain/hideout/sunkenpalace/tgms_1,4131149,12387
2149755d2cc839d8,sunkenpalace_top_01_c14r7.tgm.header,Tiny_5,31935962,303
fdb075bdfb7cac97,sunkenpalace_top_01_c14r6.tgm,Folders/art/models/terrain/hideout/sunkenpalace/tgms_1,4124172,6977
d212445281bd2a70,sunkenpalace_top_01_c14r6.tgm.header,Tiny_5,31935698,264
3766b12391e3f5e3,sunkenpalace_top_01_c14r5.tgm,Tiny_5,31932819,2615
80efe30a923109a8,sunkenpalace_top_01_c14r5.tgm.header,Tiny_5,31935434,264
5ae8d6dc01ca8b4d,sunkenpalace_top_01_c14r4.tgm,Tiny_5,31928480,4075
357e79265e42d8d8,sunkenpalace_top_01_c14r4.tgm.header,Tiny_5,31932555,264
479a65d44e23874e,sunkenpalace_top_01_c14r3.tgm,Folders/art/models/terrain/hideout/sunkenpalace/tgms_1,4119549,4623
a78cdb9dd1ecbaa4,sunkenpalace_top_01_c14r3.tgm.header,Tiny_5,31928216,264
28196570e71da0a2,sunkenpalace_top_01_c14r27.tgm,Tiny_5,31924701,3251
396b16b92fba224a,sunkenpalace_top_01_c14r27.tgm.header,Tiny_5,31927952,264
58549893533a811e,sunkenpalace_top_01_c14r26.tgm,Folders/art/models/terrain/hideout/sunkenpalace/tgms_1,4115002,4547
6eb2c05ec42058c9,sunkenpalace_top_01_c14r26.tgm.header,Tiny_5,31924437,264
c0574fa978461671,sunkenpalace_top_01_c14r25.tgm,Folders/art/models/terrain/hideout/sunkenpalace/tgms_1,4103493,11509
749018f4e3ce2631,sunkenpalace_top_01_c14r25.tgm.header,Tiny_5,31924173,264
fee9d6f5ac42ca07,sunkenpalace_top_01_c14r24.tgm,Folders/art/models/terrain/hideout/sunkenpalace/tgms_1,4089478,14015
67ade475b8ed2ca0,sunkenpalace_top_01_c14r24.tgm.header,Tiny_5,31923909,264
4bfe37fb5effadc2,sunkenpalace_top_01_c14r23.tgm,Folders/art/models/terrain/hideout/sunkenpalace/tgms_1,4078691,10787
7607273a2fcb7adc,sunkenpalace_top_01_c14r23.tgm.header,Tiny_5,31923645,264
9c998f19228b8314,sunkenpalace_top_01_c14r22.tgm,Folders/art/models/terrain/hideout/sunkenpalace/tgms_1,4073678,5013
3825772d3814f4a3,sunkenpalace_top_01_c14r22.tgm.header,Tiny_5,31923381,264
bc11d43a372de5b1,sunkenpalace_top_01_c14r21.tgm,Tiny_5,31919752,3365
77fcbeff96db40e9,sunkenpalace_top_01_c14r21.tgm.header,Tiny_5,31923117,264
a7131a53cf1bd024,sunkenpalace_top_01_c14r20.tgm,Tiny_5,31916451,3037
593852ea0563b993,sunkenpalace_top_01_c14r20.tgm.header,Tiny_5,31919488,264
e18fd7afda69389c,sunkenpalace_top_01_c14r2.tgm,Tiny_5,31912406,3781
b562689fdf1a6e4f,sunkenpalace_top_01_c14r2.tgm.header,Tiny_5,31916187,264
3ae794dedd00d252,sunkenpalace_top_01_c14r19.tgm,Folders/art/models/terrain/hideout/sunkenpalace/tgms_1,4068869,4809
5ffc3ad7068e18cc,sunkenpalace_top_01_c14r19.tgm.header,Tiny_5,31912142,264
b1a394b52e229479,sunkenpalace_top_01_c14r18.tgm,Folders/art/models/terrain/hideout/sunkenpalace/tgms_1,4063976,4893
e7802b41f8fc21b9,sunkenpalace_top_01_c14r18.tgm.header,Tiny_5,31911878,264
7ae674eac74e4154,sunkenpalace_top_01_c14r17.tgm,Folders/art/models/terrain/hideout/sunkenpalace/tgms_1,4059229,4747
5303ed4d76234b3e,sunkenpalace_top_01_c14r17.tgm.header,Tiny_5,31911614,264
3bc5fdeac3d8141e,sunkenpalace_top_01_c14r16.tgm,Folders/art/models/terrain/hideout/sunkenpalace/tgms_1,4054942,4287
7745301e2b027fb4,sunkenpalace_top_01_c14r16.tgm.header,Tiny_5,31911350,264
2b755b532c0a8a24,sunkenpalace_top_01_c14r15.tgm,Folders/art/models/terrain/hideout/sunkenpalace/tgms_1,4050465,4477
fa6208dd6864f535,sunkenpalace_top_01_c14r15.tgm.header,Tiny_5,31911086,264
27ce39f37d342380,sunkenpalace_top_01_c14r14.tgm,Tiny_5,31906837,3985
a192aa0dc224fe01,sunkenpalace_top_01_c14r14.tgm.header,Tiny_5,31910822,264
55a4101cb6c012f4,sunkenpalace_top_01_c14r13.tgm,Folders/art/models/terrain/hideout/sunkenpalace/tgms_1,4046010,4455
e2924921e174ea27,sunkenpalace_top_01_c14r13.tgm.header,Tiny_5,31906573,264
f237380ed857126c,sunkenpalace_top_01_c14r12.tgm,Folders/art/models/terrain/hideout/sunkenpalace/tgms_1,4041533,4477
1f1ffa93821b629d,sunkenpalace_top_01_c14r12.tgm.header,Tiny_5,31906309,264
fb63a0e5b53cfa12,sunkenpalace_top_01_c14r11.tgm,Folders/art/models/terrain/hideout/sunkenpalace/tgms_1,4031768,9765
f3ededc072432bb7,sunkenpalace_top_01_c14r11.tgm.header,Tiny_5,31906045,264
4f1cdb229198d051,sunkenpalace_top_01_c14r10.tgm,Folders/art/models/terrain/hideout/sunkenpalace/tgms_1,4014265,17503
3e592059d238f36c,sunkenpalace_top_01_c14r10.tgm.header,Tiny_5,31905698,347
855ad29f59a729f6,sunkenpalace_top_01_c14r1.tgm,Folders/art/models/terrain/hideout/sunkenpalace/tgms_1,4008090,6175
28cf172fdf2d2c35,sunkenpalace_top_01_c14r1.tgm.header,Tiny_5,31905434,264
43aa219616ffc58a,sunkenpalace_top_01_c13r9.tgm,Folders/art/models/terrain/hideout/sunkenpalace/tgms_1,3999827,8263
7a092dc0b7da0072,sunkenpalace_top_01_c13r9.tgm.header,Tiny_5,31905170,264
52c5e7bca232b226,sunkenpalace_top_01_c13r8.tgm,Folders/art/models/terrain/hideout/sunkenpalace/tgms_1,3991462,8365
5f5f8a25efeb0db0,sunkenpalace_top_01_c13r8.tgm.header,Tiny_5,31904906,264
490c21d4e5076115,sunkenpalace_top_01_c13r7.tgm,Folders/art/models/terrain/hideout/sunkenpalace/tgms_1,3983337,8125
38a6655b20180d35,sunkenpalace_top_01_c13r7.tgm.header,Tiny_5,31904642,264
2654578e12c53c75,sunkenpalace_top_01_c13r6.tgm,Folders/art/models/terrain/hideout/sunkenpalace/tgms_1,3974386,8951
d92bedc7a16b7483,sunkenpalace_top_01_c13r6.tgm.header,Tiny_5,31904378,264
ce96dba85b184ac7,sunkenpalace_top_01_c13r5.tgm,Folders/art/models/terrain/hideout/sunkenpalace/tgms_1,3968711,5675
977e22740c6b31dd,sunkenpalace_top_01_c13r5.tgm.header,Tiny_5,31904114,264
d2dc46cdfe0ff683,sunkenpalace_top_01_c13r4.tgm,Folders/art/models/terrain/hideout/sunkenpalace/tgms_1,3959760,8951
512b25611cf544b8,sunkenpalace_top_01_c13r4.tgm.header,Tiny_5,31903850,264
8f9281d58010e021,sunkenpalace_top_01_c13r3.tgm,Folders/art/models/terrain/hideout/sunkenpalace/tgms_1,3949913,9847
0bebe1ec577857f9,sunkenpalace_top_01_c13r3.tgm.header,Tiny_5,31903586,264
a0b02296afeda2ac,sunkenpalace_top_01_c13r27.tgm,Tiny_5,31900961,2361
5603f4d5c5b56a1b,sunkenpalace_top_01_c13r27.tgm.header,Tiny_5,31903322,264
f89b082ca7d0d372,sunkenpalace_top_01_c13r26.tgm,Folders/art/models/terrain/hideout/sunkenpalace/tgms_1,3944284,5629
4486dabd8ef6eaa9,sunkenpalace_top_01_c13r26.tgm.header,Tiny_5,31900697,264
781d1671066218e7,sunkenpalace_top_01_c13r25.tgm,Folders/art/models/terrain/hideout/sunkenpalace/tgms_1,3931079,13205
c80cf1efbe656f09,sunkenpalace_top_01_c13r25.tgm.header,Tiny_5,31900433,264
0db5ae5f683d6e5f,sunkenpalace_top_01_c13r24.tgm,Folders/art/models/terrain/hideout/sunkenpalace/tgms_1,3881262,49817
ade079c28a92c11c,sunkenpalace_top_01_c13r24.tgm.header,Tiny_5,31900086,347
d0ba808a2ad957b3,sunkenpalace_top_01_c13r23.tgm,Folders/art/models/terrain/hideout/sunkenpalace/tgms_1,3869765,11497
224e284452304d2f,sunkenpalace_top_01_c13r23.tgm.header,Tiny_5,31899822,264
84e7b56e1b7c780f,sunkenpalace_top_01_c13r22.tgm,Folders/art/models/terrain/hideout/sunkenpalace/tgms_1,3863354,6411
53d1a319b5982f1d,sunkenpalace_top_01_c13r22.tgm.header,Tiny_5,31899558,264
39034da22965013e,sunkenpalace_top_01_c13r21.tgm,Tiny_5,31895653,3641
145f370aa21da0e5,sunkenpalace_top_01_c13r21.tgm.header,Tiny_5,31899294,264
2613f42958e2da43,sunkenpalace_top_01_c13r20.tgm,Tiny_5,31892170,3219
8a96330c872707cd,sunkenpalace_top_01_c13r20.tgm.header,Tiny_5,31895389,264
b0672f221c25d878,sunkenpalace_top_01_c13r2.tgm,Folders/art/models/terrain/hideout/sunkenpalace/tgms_1,3858699,4655
af1518e86b1fc88f,sunkenpalace_top_01_c13r2.tgm.header,Tiny_5,31891906,264
12e194a817da0d9b,sunkenpalace_top_01_c13r19.tgm,Tiny_5,31887595,4047
9d09889371351f73,sunkenpalace_top_01_c13r19.tgm.header,Tiny_5,31891642,264
8fc89c4357002a49,sunkenpalace_top_01_c13r18.tgm,Folders/art/models/terrain/hideout/sunkenpalace/tgms_1,3854262,4437
3a530fbf41cae880,sunkenpalace_top_01_c13r18.tgm.header,Tiny_5,31887331,264
c9d93780fa6f5e82,sunkenpalace_top_01_c13r17.tgm,Folders/art/models/terrain/hideout/sunkenpalace/tgms_1,3850047,4215
a5aa63f2708154b6,sunkenpalace_top_01_c13r17.tgm.header,Tiny_5,31887067,264
65ed499fa569ac2c,sunkenpalace_top_01_c13r16.tgm,Tiny_5,31882760,4043
8816b455a6ec98ec,sunkenpalace_top_01_c13r16.tgm.header,Tiny_5,31886803,264
7a16e3864327c016,sunkenpalace_top_01_c13r15.tgm,Folders/art/models/terrain/hideout/sunkenpalace/tgms_1,3845030,5017
2532998656d9c51c,sunkenpalace_top_01_c13r15.tgm.header,Tiny_5,31882496,264
051d30a4795827e1,sunkenpalace_top_01_c13r14.tgm,Folders/art/models/terrain/hideout/sunkenpalace/tgms_1,3840371,4659
01c4a898440a9caa,sunkenpalace_top_01_c13r14.tgm.header,Tiny_5,31882232,264
082e54ed59ca7eef,sunkenpalace_top_01_c13r13.tgm,Folders/art/models/terrain/hideout/sunkenpalace/tgms_1,3835894,4477
b8876d88953cfd4d,sunkenpalace_top_01_c13r13.tgm.header,Tiny_5,31881968,264
e7041088add706d2,sunkenpalace_top_01_c13r12.tgm,Folders/art/models/terrain/hideout/sunkenpalace/tgms_1,3831233,4661
25ef9fa2d5a0f643,sunkenpalace_top_01_c13r12.tgm.header,Tiny_5,31881704,264
8449c42a706f144d,sunkenpalace_top_01_c13r11.tgm,Folders/art/models/terrain/hideout/sunkenpalace/tgms_1,3814230,17003
8aa923e444b3ba89,sunkenpalace_top_01_c13r11.tgm.header,Tiny_5,31881357,347
9dd17d9a5c59217d,sunkenpalace_top_01_c13r10.tgm,Folders/art/models/terrain/hideout/sunkenpalace/tgms_1,3797001,17229
19ba4e798e794fc8,sunkenpalace_top_01_c13r10.tgm.header,Tiny_5,31881054,303
4a88c41ee7e4bf3e,sunkenpalace_top_01_c13r1.tgm,Folders/art/models/terrain/hideout/sunkenpalace/tgms_1,3790548,6453
926dcce93a4002c8,sunkenpalace_top_01_c13r1.tgm.header,Tiny_5,31880790,264
206847388201abb2,sunkenpalace_top_01_c12r9.tgm,Folders/art/models/terrain/hideout/sunkenpalace/tgms_1,3782329,8219
b2199b01777071fc,sunkenpalace_top_01_c12r9.tgm.header,Tiny_5,31880526,264
153e3741490bf717,sunkenpalace_top_01_c12r8.tgm,Folders/art/models/terrain/hideout/sunkenpalace/tgms_1,3773478,8851
ca25fd6477e665d3,sunkenpalace_top_01_c12r8.tgm.header,Tiny_5,31880262,264
05f0fb407badf160,sunkenpalace_top_01_c12r7.tgm,Folders/art/models/terrain/hideout/sunkenpalace/tgms_1,3766011,7467
76e76631b5a4faa4,sunkenpalace_top_01_c12r7.tgm.header,Tiny_5,31879998,264
98bb7959ebb5b8ee,sunkenpalace_top_01_c12r6.tgm,Folders/art/models/terrain/hideout/sunkenpalace/tgms_1,3699110,66901
b554d183cee020de,sunkenpalace_top_01_c12r6.tgm.header,Tiny_5,31879563,435
27e1d1dbc587bc6a,sunkenpalace_top_01_c12r5.tgm,Folders/art/models/terrain/hideout/sunkenpalace/tgms_1,3656753,42357
fee90d1dac52724b,sunkenpalace_top_01_c12r5.tgm.header,Tiny_5,31879128,435
02e105b5ed95a750,sunkenpalace_top_01_c12r4.tgm,Folders/art/models/terrain/hideout/sunkenpalace/tgms_1,3637080,19673
40e2f5a16a2e4604,sunkenpalace_top_01_c12r4.tgm.header,Tiny_5,31878825,303
9e62c93a603ca0be,sunkenpalace_top_01_c12r3.tgm,Folders/art/models/terrain/hideout/sunkenpalace/tgms_1,3622615,14465
184ce316ab88e0a2,sunkenpalace_top_01_c12r3.tgm.header,Tiny_5,31878561,264
ce2f6d8f7722bf15,sunkenpalace_top_01_c12r27.tgm,Tiny_5,31875564,2733
cb79bfbeb5ee7678,sunkenpalace_top_01_c12r27.tgm.header,Tiny_5,31878297,264
9f1c727ffb17001f,sunkenpalace_top_01_c12r26.tgm,Tiny_5,31871949,3351
5463f67eccd2f117,sunkenpalace_top_01_c12r26.tgm.header,Tiny_5,31875300,264
fe79a5b42be60bd7,sunkenpalace_top_01_c12r25.tgm,Folders/art/models/terrain/hideout/sunkenpalace/tgms_1,3611292,11323
a6f574e2af424105,sunkenpalace_top_01_c12r25.tgm.header,Tiny_5,31871685,264
924894607bb979aa,sunkenpalace_top_01_c12r24.tgm,Folders/art/models/terrain/hideout/sunkenpalace/tgms_1,3597153,14139
1ae67a5b87488cb8,sunkenpalace_top_01_c12r24.tgm.header,Tiny_5,31871421,264
ebee16cb5e3f3e3a,sunkenpalace_top_01_c12r23.tgm,Folders/art/models/terrain/hideout/sunkenpalace/tgms_1,3586404,10749
176858bbef31ce7d,sunkenpalace_top_01_c12r23.tgm.header,Tiny_5,31871157,264
d2abcae237fe995e,sunkenpalace_top_01_c12r22.tgm,Tiny_5,31867950,2943
f6decac7b8bcdb66,sunkenpalace_top_01_c12r22.tgm.header,Tiny_5,31870893,264
9d56f1730b113da2,sunkenpalace_top_01_c12r21.tgm,Tiny_5,31864997,2689
1a3f79b4602be3dd,sunkenpalace_top_01_c12r21.tgm.header,Tiny_5,31867686,264
de8f39b26565a085,sunkenpalace_top_01_c12r20.tgm,Tiny_5,31861146,3587
da510ae02f2832a8,sunkenpalace_top_01_c12r20.tgm.header,Tiny_5,31864733,264
796e4a3f25ffc427,sunkenpalace_top_01_c12r2.tgm,Folders/art/models/terrain/hideout/sunkenpalace/tgms_1,3576745,9659
de0f1a3c4e4ada3f,sunkenpalace_top_01_c12r2.tgm.header,Tiny_5,31860843,303
15f7c8c5ed8a98f7,sunkenpalace_top_01_c12r19.tgm,Tiny_5,31857006,3573
7613f2342e06b5a1,sunkenpalace_top_01_c12r19.tgm.header,Tiny_5,31860579,264
068f1432a72047e9,sunkenpalace_top_01_c12r18.tgm,Tiny_5,31852775,3967
82b3f97cde384036,sunkenpalace_top_01_c12r18.tgm.header,Tiny_5,31856742,264
3acb82e8800f4e52,sunkenpalace_top_01_c12r17.tgm,Folders/art/models/terrain/hideout/sunkenpalace/tgms_1,3572596,4149
9bb5743a0c0b3dfb,sunkenpalace_top_01_c12r17.tgm.header,Tiny_5,31852511,264
a50425dbfcc8e9cd,sunkenpalace_top_01_c12r16.tgm,Tiny_5,31848448,3799
fbb16018808799bf,sunkenpalace_top_01_c12r16.tgm.header,Tiny_5,31852247,264
1cfca7c71e8ea82c,sunkenpalace_top_01_c12r15.tgm,Tiny_5,31844757,3427
7383837193369302,sunkenpalace_top_01_c12r15.tgm.header,Tiny_5,31848184,264
347b6a9880990e42,sunkenpalace_top_01_c12r14.tgm,Tiny_5,31841416,3077
a6d9d005fe4b8ab2,sunkenpalace_top_01_c12r14.tgm.header,Tiny_5,31844493,264
b26d6ecc93369444,sunkenpalace_top_01_c12r13.tgm,Tiny_5,31837619,3533
8d9345508837c3aa,sunkenpalace_top_01_c12r13.tgm.header,Tiny_5,31841152,264
506c7214bf9e6f65,sunkenpalace_top_01_c12r12.tgm,Folders/art/models/terrain/hideout/sunkenpalace/tgms_1,3555029,17567
141f621a9c6df7e2,sunkenpalace_top_01_c12r12.tgm.header,Tiny_5,31837272,347
5c8dfc5bdf9be8e3,sunkenpalace_top_01_c12r11.tgm,Folders/art/models/terrain/hideout/sunkenpalace/tgms_1,3532136,22893
18e28d33f2311672,sunkenpalace_top_01_c12r11.tgm.header,Tiny_5,31836925,347
3687cb7f83cb712e,sunkenpalace_top_01_c12r10.tgm,Folders/art/models/terrain/hideout/sunkenpalace/tgms_1,3523647,8489
9b7f3ee7edacc731,sunkenpalace_top_01_c12r10.tgm.header,Tiny_5,31836661,264
e360ff15e00e33f8,sunkenpalace_top_01_c12r1.tgm,Folders/art/models/terrain/hideout/sunkenpalace/tgms_1,3517428,6219
83c91e89188ab446,sunkenpalace_top_01_c12r1.tgm.header,Tiny_5,31836397,264
8893ef68e62338e5,sunkenpalace_top_01_c11r9.tgm,Folders/art/models/terrain/hideout/sunkenpalace/tgms_1,3508493,8935
3eaad5081c853383,sunkenpalace_top_01_c11r9.tgm.header,Tiny_5,31836133,264
8ba62c472d480e96,sunkenpalace_top_01_c11r8.tgm,Folders/art/models/terrain/hideout/sunkenpalace/tgms_1,3500448,8045
4fcc2efe2a8480a8,sunkenpalace_top_01_c11r8.tgm.header,Tiny_5,31835869,264
40026b4d87723040,sunkenpalace_top_01_c11r7.tgm,Folders/art/models/terrain/hideout/sunkenpalace/tgms_1,3494309,6139
dc941f90503c7b2b,sunkenpalace_top_01_c11r7.tgm.header,Tiny_5,31835605,264
8b09eb666921c818,sunkenpalace_top_01_c11r6.tgm,Folders/art/models/terrain/hideout/sunkenpalace/tgms_1,3475804,18505
e5ad836f3fb7ef45,sunkenpalace_top_01_c11r6.tgm.header,Tiny_5,31835302,303
0af0b4973e41d8ef,sunkenpalace_top_01_c11r5.tgm,Folders/art/models/terrain/hideout/sunkenpalace/tgms_1,3452675,23129
68f2c93b13e06dc1,sunkenpalace_top_01_c11r5.tgm.header,Tiny_5,31834955,347
fe185b2c20e1f159,sunkenpalace_top_01_c11r4.tgm,Folders/art/models/terrain/hideout/sunkenpalace/tgms_1,3398394,54281
8ac1cac3e38ae618,sunkenpalace_top_01_c11r4.tgm.header,Tiny_5,31834564,391
bdac250fc55b084f,sunkenpalace_top_01_c11r3.tgm,Folders/art/models/terrain/hideout/sunkenpalace/tgms_1,3380919,17475
021ebe7b27a9c023,sunkenpalace_top_01_c11r3.tgm.header,Tiny_5,31834217,347
879a1d991fbe4dfa,sunkenpalace_top_01_c11r27.tgm,Tiny_5,31832048,1905
f0bde64c77a7a892,sunkenpalace_top_01_c11r27.tgm.header,Tiny_5,31833953,264
5519483aa5e137c0,sunkenpalace_top_01_c11r26.tgm,Tiny_5,31829807,1977
f0c099f232f156db,sunkenpalace_top_01_c11r26.tgm.header,Tiny_5,31831784,264
92079a0d1688d644,sunkenpalace_top_01_c11r25.tgm,Tiny_5,31825826,3717
afc6a311b2f2ad09,sunkenpalace_top_01_c11r25.tgm.header,Tiny_5,31829543,264
99d2992dde2d86f7,sunkenpalace_top_01_c11r24.tgm,Folders/art/models/terrain/hideout/sunkenpalace/tgms_1,3374510,6409
7396e3bd4e2ca312,sunkenpalace_top_01_c11r24.tgm.header,Tiny_5,31825562,264
8d047ca682778902,sunkenpalace_top_01_c11r23.tgm,Tiny_5,31821505,3793
2723eb907d3e6116,sunkenpalace_top_01_c11r23.tgm.header,Tiny_5,31825298,264
d03232cebed3ed5e,sunkenpalace_top_01_c11r22.tgm,Tiny_5,31819190,2051
788c4fb4ea5c8e1a,sunkenpalace_top_01_c11r22.tgm.header,Tiny_5,31821241,264
e2b001ede6de9923,sunkenpalace_top_01_c11r21.tgm,Tiny_5,31817529,1397
a33d3a7e687091f1,sunkenpalace_top_01_c11r21.tgm.header,Tiny_5,31818926,264
baa56a1baca278b3,sunkenpalace_top_01_c11r20.tgm,Tiny_5,31814306,2959
c7768109eaceeb9a,sunkenpalace_top_01_c11r20.tgm.header,Tiny_5,31817265,264
661d8bc35206f6b6,sunkenpalace_top_01_c11r2.tgm,Folders/art/models/terrain/hideout/sunkenpalace/tgms_1,3362133,12377
ee1ee9d585bf3a77,sunkenpalace_top_01_c11r2.tgm.header,Tiny_5,31813959,347
b1c5431c4213a40b,sunkenpalace_top_01_c11r19.tgm,Tiny_5,31809952,3743
aa03c6bf858d0347,sunkenpalace_top_01_c11r19.tgm.header,Tiny_5,31813695,264
46c81e2002bd3921,sunkenpalace_top_01_c11r18.tgm,Tiny_5,31806531,3157
ef2d76c33e5c83ce,sunkenpalace_top_01_c11r18.tgm.header,Tiny_5,31809688,264
c002d735271266f3,sunkenpalace_top_01_c11r17.tgm,Tiny_5,31803726,2541
67eae54250a4af28,sunkenpalace_top_01_c11r17.tgm.header,Tiny_5,31806267,264
0014c693344912fd,sunkenpalace_top_01_c11r16.tgm,Tiny_5,31800469,2993
d1d40676e418ec98,sunkenpalace_top_01_c11r16.tgm.header,Tiny_5,31803462,264
f25de3a7f936eda3,sunkenpalace_top_01_c11r15.tgm,Tiny_5,31796698,3507
623e15dfff918f27,sunkenpalace_top_01_c11r15.tgm.header,Tiny_5,31800205,264
c5887c6c9f5983a7,sunkenpalace_top_01_c11r14.tgm,Tiny_5,31793175,3259
29971339f8c3d308,sunkenpalace_top_01_c11r14.tgm.header,Tiny_5,31796434,264
ddfa0664418e3030,sunkenpalace_top_01_c11r13.tgm,Tiny_5,31789878,3033
0f934555ea9a129e,sunkenpalace_top_01_c11r13.tgm.header,Tiny_5,31792911,264
2d8a289fad5d00c2,sunkenpalace_top_01_c11r12.tgm,Folders/art/models/terrain/hideout/sunkenpalace/tgms_1,3326284,35849
1e762a3902de4416,sunkenpalace_top_01_c11r12.tgm.header,Tiny_5,31789487,391
3ad75b05700a009d,sunkenpalace_top_01_c11r11.tgm,Folders/art/models/terrain/hideout/sunkenpalace/tgms_1,3257369,68915
486bfde5105acf0e,sunkenpalace_top_01_c11r11.tgm.header,Tiny_5,31789008,479
829232cbe133d18d,sunkenpalace_top_01_c11r10.tgm,Folders/art/models/terrain/hideout/sunkenpalace/tgms_1,3249044,8325
7b95cc41eac51e76,sunkenpalace_top_01_c11r10.tgm.header,Tiny_5,31788744,264
2b40c43d90f0dc98,sunkenpalace_top_01_c11r1.tgm,Folders/art/models/terrain/hideout/sunkenpalace/tgms_1,3242853,6191
a44f5a8102c610e4,sunkenpalace_top_01_c11r1.tgm.header,Tiny_5,31788480,264
a7d44811015894d2,sunkenpalace_top_01_c10r9.tgm,Folders/art/models/terrain/hideout/sunkenpalace/tgms_1,3235802,7051
e724ae043a61b666,sunkenpalace_top_01_c10r9.tgm.header,Tiny_5,31788216,264
84fc37ef8466ce6b,sunkenpalace_top_01_c10r8.tgm,Folders/art/models/terrain/hideout/sunkenpalace/tgms_1,3229601,6201
cfb30d803310d9f0,sunkenpalace_top_01_c10r8.tgm.header,Tiny_5,31787952,264
2dc0bedcb5ad0d58,sunkenpalace_top_01_c10r7.tgm,Folders/art/models/terrain/hideout/sunkenpalace/tgms_1,3223892,5709
afb92721a1cc5229,sunkenpalace_top_01_c10r7.tgm.header,Tiny_5,31787688,264
df2df0dd69b1cc54,sunkenpalace_top_01_c10r6.tgm,Folders/art/models/terrain/hideout/sunkenpalace/tgms_1,3217701,6191
3cb65d14074bb68a,sunkenpalace_top_01_c10r6.tgm.header,Tiny_5,31787424,264
bb178b150692422a,sunkenpalace_top_01_c10r5.tgm,Folders/art/models/terrain/hideout/sunkenpalace/tgms_1,3211448,6253
030799a23c2914d2,sunkenpalace_top_01_c10r5.tgm.header,Tiny_5,31787160,264
8ff66483fae98dbb,sunkenpalace_top_01_c10r4.tgm,Folders/art/models/terrain/hideout/sunkenpalace/tgms_1,3200269,11179
3544eba3fa693b34,sunkenpalace_top_01_c10r4.tgm.header,Tiny_5,31786896,264
6cb2e370a71e78b9,sunkenpalace_top_01_c10r3.tgm,Folders/art/models/terrain/hideout/sunkenpalace/tgms_1,3182702,17567
a80afb6a69133fe5,sunkenpalace_top_01_c10r3.tgm.header,Tiny_5,31786505,391
4d33e6581fcca4cb,sunkenpalace_top_01_c10r27.tgm,Tiny_5,31784708,1533
e91285b49562115d,sunkenpalace_top_01_c10r27.tgm.header,Tiny_5,31786241,264
cf2a77fbcaad9c8d,sunkenpalace_top_01_c10r26.tgm,Tiny_5,31783593,851
3db9d6694117e38a,sunkenpalace_top_01_c10r26.tgm.header,Tiny_5,31784444,264
0770b43d778784f1,sunkenpalace_top_01_c10r25.tgm,Tiny_5,31781758,1571
3fcbbe035fd01506,sunkenpalace_top_01_c10r25.tgm.header,Tiny_5,31783329,264
bdd85c3856d32386,sunkenpalace_top_01_c10r24.tgm,Tiny_5,31778947,2547
7819e2e8e870c69c,sunkenpalace_top_01_c10r24.tgm.header,Tiny_5,31781494,264
df5d5c3d5d5b36d1,sunkenpalace_top_01_c10r23.tgm,Tiny_5,31775460,3223
15844912b7ba44d3,sunkenpalace_top_01_c10r23.tgm.header,Tiny_5,31778683,264
2d6632e034adbb71,sunkenpalace_top_01_c10r22.tgm,Tiny_5,31771853,3343
aa28f6d7d5c8755a,sunkenpalace_top_01_c10r22.tgm.header,Tiny_5,31775196,264
0c979a48d623d581,sunkenpalace_top_01_c10r21.tgm,Tiny_5,31769160,2429
1e9a73d2e7f20705,sunkenpalace_top_01_c10r21.tgm.header,Tiny_5,31771589,264
4ff299df7e1976b8,sunkenpalace_top_01_c10r20.tgm,Tiny_5,31767437,1459
b3aae8f5d5afa504,sunkenpalace_top_01_c10r20.tgm.header,Tiny_5,31768896,264
a82c4dd208b43666,sunkenpalace_top_01_c10r2.tgm,Folders/art/models/terrain/hideout/sunkenpalace/tgms_1,3170763,11939
14712a503b020b3d,sunkenpalace_top_01_c10r2.tgm.header,Tiny_5,31767090,347
176d5fce5a5ab382,sunkenpalace_top_01_c10r19.tgm,Tiny_5,31764713,2113
01fa1c70c3f95fe9,sunkenpalace_top_01_c10r19.tgm.header,Tiny_5,31766826,264
48c2555e17672933,sunkenpalace_top_01_c10r18.tgm,Tiny_5,31760884,3565
6b606b2a1970def7,sunkenpalace_top_01_c10r18.tgm.header,Tiny_5,31764449,264
605a549fe36a0b68,sunkenpalace_top_01_c10r17.tgm,Tiny_5,31757543,3077
35c0d3b3aa79ebaf,sunkenpalace_top_01_c10r17.tgm.header,Tiny_5,31760620,264
8087da644244eaa9,sunkenpalace_top_01_c10r16.tgm,Tiny_5,31753318,3961
e4f5eaac7b5e977f,sunkenpalace_top_01_c10r16.tgm.header,Tiny_5,31757279,264
2890b6bd23628f0c,sunkenpalace_top_01_c10r15.tgm,Folders/art/models/terrain/hideout/sunkenpalace/tgms_1,3166654,4109
4ebf0b9114827d0a,sunkenpalace_top_01_c10r15.tgm.header,Tiny_5,31753054,264
a41eff95bee32aa3,sunkenpalace_top_01_c10r14.tgm,Tiny_5,31748987,3803
414dff89481f10d5,sunkenpalace_top_01_c10r14.tgm.header,Tiny_5,31752790,264
09e61e9f7a96e516,sunkenpalace_top_01_c10r13.tgm,Folders/art/models/terrain/hideout/sunkenpalace/tgms_1,3162523,4131
3c2a0a571b8a8fe9,sunkenpalace_top_01_c10r13.tgm.header,Tiny_5,31748723,264
b2eb8848ac111a79,sunkenpalace_top_01_c10r12.tgm,Folders/art/models/terrain/hideout/sunkenpalace/tgms_1,3156508,6015
25b6ccf63dc82bb4,sunkenpalace_top_01_c10r12.tgm.header,Tiny_5,31748459,264
950aa0789e09abdf,sunkenpalace_top_01_c10r11.tgm,Folders/art/models/terrain/hideout/sunkenpalace/tgms_1,3144369,12139
845e4402aa7a8ea7,sunkenpalace_top_01_c10r11.tgm.header,Tiny_5,31748156,303
3949e2d01ae31498,sunkenpalace_top_01_c10r10.tgm,Folders/art/models/terrain/hideout/sunkenpalace/tgms_1,3136470,7899
5b49171b919b1ed0,sunkenpalace_top_01_c10r10.tgm.header,Tiny_5,31747892,264
947bcb0c14f8c17f,sunkenpalace_top_01_c10r1.tgm,Folders/art/models/terrain/hideout/sunkenpalace/tgms_1,3130309,6161
ee5a3204ee9dca05,sunkenpalace_top_01_c10r1.tgm.header,Tiny_5,31747628,264
a1fa7c2c65a54b7b,sunkenpalace_lower_01_c9r9.tgm,Folders/art/models/terrain/hideout/sunkenpalace/tgms_1,3123572,6737
d4210b7ca6a0b11f,sunkenpalace_lower_01_c9r9.tgm.header,Tiny_5,31747364,264
113ca63a4e6fc74b,sunkenpalace_lower_01_c9r8.tgm,Folders/art/models/terrain/hideout/sunkenpalace/tgms_1,3118689,4883
16a1cf292f3078f9,sunkenpalace_lower_01_c9r8.tgm.header,Tiny_5,31747100,264
0dcfb2584216341f,sunkenpalace_lower_01_c9r7.tgm,Tiny_5,31742895,3941
0c16196d9fd13fd4,sunkenpalace_lower_01_c9r7.tgm.header,Tiny_5,31746836,264
646d6068fd86b2ed,sunkenpalace_lower_01_c9r6.tgm,Folders/art/models/terrain/hideout/sunkenpalace/tgms_1,3112408,6281
e7da3b2c2ef4e182,sunkenpalace_lower_01_c9r6.tgm.header,Tiny_5,31742631,264
8e33e05d9d8f0709,sunkenpalace_lower_01_c9r5.tgm,Folders/art/models/terrain/hideout/sunkenpalace/tgms_1,3102575,9833
6ff5cf7f988060f9,sunkenpalace_lower_01_c9r5.tgm.header,Tiny_5,31742328,303
b776bfbb917d0e64,sunkenpalace_lower_01_c9r4.tgm,Folders/art/models/terrain/hideout/sunkenpalace/tgms_1,3094678,7897
d2b94ed40d8d2fb9,sunkenpalace_lower_01_c9r4.tgm.header,Tiny_5,31741981,347
7fed6decadf68f64,sunkenpalace_lower_01_c9r36.tgm,Tiny_5,31741688,293
5e9487d577474cd9,sunkenpalace_lower_01_c9r36.tgm.header,Tiny_5,30401710,264
a7a1aa48577072ae,sunkenpalace_lower_01_c9r35.tgm,Tiny_5,31741271,417
4d6d0012102fbd3f,sunkenpalace_lower_01_c9r35.tgm.header,Tiny_5,30401153,264
fbe9964cff4342d1,sunkenpalace_lower_01_c9r34.tgm,Tiny_5,31739442,1565
0f4c328c190113fb,sunkenpalace_lower_01_c9r34.tgm.header,Tiny_5,31741007,264
0cb9899bbe991b34,sunkenpalace_lower_01_c9r33.tgm,Tiny_5,31736919,2259
c0eaca9b8c125f97,sunkenpalace_lower_01_c9r33.tgm.header,Tiny_5,31739178,264
80b5fcf707b6d4b7,sunkenpalace_lower_01_c9r32.tgm,Tiny_5,31734216,2439
d5dfa8ee2dba1c9a,sunkenpalace_lower_01_c9r32.tgm.header,Tiny_5,31736655,264
25f386c81275f6b3,sunkenpalace_lower_01_c9r31.tgm,Tiny_5,31731513,2439
f88f7a9fe50e29ec,sunkenpalace_lower_01_c9r31.tgm.header,Tiny_5,31733952,264
d5fde78302e465d4,sunkenpalace_lower_01_c9r30.tgm,Tiny_5,31728004,3245
5a3eb50bb1242af2,sunkenpalace_lower_01_c9r30.tgm.header,Tiny_5,31731249,264
354cebdcafb4cc2b,sunkenpalace_lower_01_c9r3.tgm,Folders/art/models/terrain/hideout/sunkenpalace/tgms_1,3090245,4433
4f59f226c799e022,sunkenpalace_lower_01_c9r3.tgm.header,Tiny_5,31727740,264
e9cf8081bffe83f3,sunkenpalace_lower_01_c9r29.tgm,Tiny_5,31723425,4051
33f273ce401cc8da,sunkenpalace_lower_01_c9r29.tgm.header,Tiny_5,31727476,264
3efebe11adde2a2e,sunkenpalace_lower_01_c9r28.tgm,Folders/art/models/terrain/hideout/sunkenpalace/tgms_1,3085636,4609
9d2e643f30b665d9,sunkenpalace_lower_01_c9r28.tgm.header,Tiny_5,31723161,264
7ecb3c7aea02a0ff,sunkenpalace_lower_01_c9r27.tgm,Folders/art/models/terrain/hideout/sunkenpalace/tgms_1,3080717,4919
98b99580cbe3ed9e,sunkenpalace_lower_01_c9r27.tgm.header,Tiny_5,31722897,264
9cd082f2120ca654,sunkenpalace_lower_01_c9r26.tgm,Folders/art/models/terrain/hideout/sunkenpalace/tgms_1,3076042,4675
29dd2a1204fb1f2c,sunkenpalace_lower_01_c9r26.tgm.header,Tiny_5,31722633,264
bde13bcb855983f2,sunkenpalace_lower_01_c9r25.tgm,Folders/art/models/terrain/hideout/sunkenpalace/tgms_1,3068353,7689
08be668d35ad2a1f,sunkenpalace_lower_01_c9r25.tgm.header,Tiny_5,31722369,264
3871c600b772c070,sunkenpalace_lower_01_c9r24.tgm,Folders/art/models/terrain/hideout/sunkenpalace/tgms_1,3058268,10085
15ff4a085b7316e5,sunkenpalace_lower_01_c9r24.tgm.header,Tiny_5,31722105,264
5222770f083175c2,sunkenpalace_lower_01_c9r23.tgm,Folders/art/models/terrain/hideout/sunkenpalace/tgms_1,3047997,10271
6454f58bcc285558,sunkenpalace_lower_01_c9r23.tgm.header,Tiny_5,31721841,264
107b848250039a45,sunkenpalace_lower_01_c9r22.tgm,Folders/art/models/terrain/hideout/sunkenpalace/tgms_1,3036580,11417
57d724ad9cd3e93b,sunkenpalace_lower_01_c9r22.tgm.header,Tiny_5,31721494,347
2bde1d138746bebe,sunkenpalace_lower_01_c9r21.tgm,Folders/art/models/terrain/hideout/sunkenpalace/tgms_1,3028727,7853
438942667942ddc8,sunkenpalace_lower_01_c9r21.tgm.header,Tiny_5,31721191,303
936dd6da3727eae2,sunkenpalace_lower_01_c9r20.tgm,Folders/art/models/terrain/hideout/sunkenpalace/tgms_1,3012986,15741
12f878903f940a51,sunkenpalace_lower_01_c9r20.tgm.header,Tiny_5,31720844,347
096d4b3f0520ecf7,sunkenpalace_lower_01_c9r2.tgm,Folders/art/models/terrain/hideout/sunkenpalace/tgms_1,3008773,4213
02413ac7de52b8cc,sunkenpalace_lower_01_c9r2.tgm.header,Tiny_5,31720580,264
1e919172f9b4a322,sunkenpalace_lower_01_c9r19.tgm,Folders/art/models/terrain/hideout/sunkenpalace/tgms_1,2996210,12563
8425cdd7ce3c8f57,sunkenpalace_lower_01_c9r19.tgm.header,Tiny_5,31720233,347
814b626dd9d33eda,sunkenpalace_lower_01_c9r18.tgm,Folders/art/models/terrain/hideout/sunkenpalace/tgms_1,2985889,10321
fc79b58b80fcde16,sunkenpalace_lower_01_c9r18.tgm.header,Tiny_5,31719930,303
f4c0099e1b2ead9b,sunkenpalace_lower_01_c9r17.tgm,Folders/art/models/terrain/hideout/sunkenpalace/tgms_1,2976728,9161
ac0ce6889a2eecf9,sunkenpalace_lower_01_c9r17.tgm.header,Tiny_5,31719627,303
2f206d92e9ab2ed6,sunkenpalace_lower_01_c9r16.tgm,Folders/art/models/terrain/hideout/sunkenpalace/tgms_1,2966611,10117
8d5107ae56cd172f,sunkenpalace_lower_01_c9r16.tgm.header,Tiny_5,31719324,303
e77d9f984fe8d9f6,sunkenpalace_lower_01_c9r15.tgm,Folders/art/models/terrain/hideout/sunkenpalace/tgms_1,2956272,10339
1622cc5508723e1c,sunkenpalace_lower_01_c9r15.tgm.header,Tiny_5,31719021,303
cfbb8a12ae3d02e2,sunkenpalace_lower_01_c9r14.tgm,Folders/art/models/terrain/hideout/sunkenpalace/tgms_1,2944099,12173
b9114354e54b71a4,sunkenpalace_lower_01_c9r14.tgm.header,Tiny_5,31718674,347
412f0c96f4b3f082,sunkenpalace_lower_01_c9r13.tgm,Folders/art/models/terrain/hideout/sunkenpalace/tgms_1,2929940,14159
5d31585d7160747b,sunkenpalace_lower_01_c9r13.tgm.header,Tiny_5,31718327,347
14f823b1a995ad9b,sunkenpalace_lower_01_c9r12.tgm,Folders/art/models/terrain/hideout/sunkenpalace/tgms_1,2920505,9435
3dec5ecec74d6699,sunkenpalace_lower_01_c9r12.tgm.header,Tiny_5,31718024,303
349ff76057b3ee88,sunkenpalace_lower_01_c9r11.tgm,Folders/art/models/terrain/hideout/sunkenpalace/tgms_1,2908722,11783
d531c495e23efd86,sunkenpalace_lower_01_c9r11.tgm.header,Tiny_5,31717677,347
1eb8eaacc12ab58c,sunkenpalace_lower_01_c9r10.tgm,Folders/art/models/terrain/hideout/sunkenpalace/tgms_1,2899195,9527
472bb5a787dabf1a,sunkenpalace_lower_01_c9r10.tgm.header,Tiny_5,31717413,264
8dbe289a12b99cd4,sunkenpalace_lower_01_c9r1.tgm,Folders/art/models/terrain/hideout/sunkenpalace/tgms_1,2890632,8563
632bd1491d36f86d,sunkenpalace_lower_01_c9r1.tgm.header,Tiny_5,31717149,264
f07a75bd8d0f140b,sunkenpalace_lower_01_c8r9.tgm,Folders/art/models/terrain/hideout/sunkenpalace/tgms_1,2882407,8225
5f55c33eb2326e97,sunkenpalace_lower_01_c8r9.tgm.header,Tiny_5,31716885,264
806f2b544f2c8bce,sunkenpalace_lower_01_c8r8.tgm,Folders/art/models/terrain/hideout/sunkenpalace/tgms_1,2876730,5677
f93990d3f7d47453,sunkenpalace_lower_01_c8r8.tgm.header,Tiny_5,31716621,264
5b3785bd50e2dbe4,sunkenpalace_lower_01_c8r7.tgm,Folders/art/models/terrain/hideout/sunkenpalace/tgms_1,2872417,4313
2f2c04a0ac23f593,sunkenpalace_lower_01_c8r7.tgm.header,Tiny_5,31716357,264
ed1c49b241c78748,sunkenpalace_lower_01_c8r6.tgm,Folders/art/models/terrain/hideout/sunkenpalace/tgms_1,2864874,7543
d309fc6adbbdf458,sunkenpalace_lower_01_c8r6.tgm.header,Tiny_5,31716093,264
d1ee7883e05e3693,sunkenpalace_lower_01_c8r5.tgm,Folders/art/models/terrain/hideout/sunkenpalace/tgms_1,2850935,13939
b5424201c52db437,sunkenpalace_lower_01_c8r5.tgm.header,Tiny_5,31715746,347
6c944eba56f73c38,sunkenpalace_lower_01_c8r4.tgm,Folders/art/models/terrain/hideout/sunkenpalace/tgms_1,2838518,12417
b14a323fd86663fd,sunkenpalace_lower_01_c8r4.tgm.header,Tiny_5,31715267,479
3bbfe315b7fb1cfc,sunkenpalace_lower_01_c8r36.tgm,Tiny_5,31714974,293
2f13f4c9a691d9b0,sunkenpalace_lower_01_c8r36.tgm.header,Tiny_5,30401710,264
84374a0baa9c80fe,sunkenpalace_lower_01_c8r35.tgm,Tiny_5,31713151,1559
0016e6bf8c2e85ad,sunkenpalace_lower_01_c8r35.tgm.header,Tiny_5,31714710,264
bf1c4e91ae540780,sunkenpalace_lower_01_c8r34.tgm,Tiny_5,31710064,2823
385390767dce4636,sunkenpalace_lower_01_c8r34.tgm.header,Tiny_5,31712887,264
9ff279d05a49a5d7,sunkenpalace_lower_01_c8r33.tgm,Tiny_5,31706803,2997
850a7590e4171e5b,sunkenpalace_lower_01_c8r33.tgm.header,Tiny_5,31709800,264
77af2ac710fa092d,sunkenpalace_lower_01_c8r32.tgm,Tiny_5,31703542,2997
372604432fba97f8,sunkenpalace_lower_01_c8r32.tgm.header,Tiny_5,31706539,264
6d3a0f190e3c5596,sunkenpalace_lower_01_c8r31.tgm,Tiny_5,31700157,3121
e66a80e9db19f6eb,sunkenpalace_lower_01_c8r31.tgm.header,Tiny_5,31703278,264
6f6bd5e1bebf7f56,sunkenpalace_lower_01_c8r30.tgm,Tiny_5,31696338,3555
8584dc5677936272,sunkenpalace_lower_01_c8r30.tgm.header,Tiny_5,31699893,264
2c88d6eee9833bb7,sunkenpalace_lower_01_c8r3.tgm,Folders/art/models/terrain/hideout/sunkenpalace/tgms_1,2827133,11385
8c6c7c5fcc70b24d,sunkenpalace_lower_01_c8r3.tgm.header,Tiny_5,31695815,523
89326ec615a1d567,sunkenpalace_lower_01_c8r29.tgm,Tiny_5,31692368,3183
df77a1d72c8b6755,sunkenpalace_lower_01_c8r29.tgm.header,Tiny_5,31695551,264
e68981b254a4799b,sunkenpalace_lower_01_c8r28.tgm,Tiny_5,31688611,3493
8b9ab7eee3eef180,sunkenpalace_lower_01_c8r28.tgm.header,Tiny_5,31692104,264
2c608ccb218727d4,sunkenpalace_lower_01_c8r27.tgm,Tiny_5,31684792,3555
e29bca78e9de881c,sunkenpalace_lower_01_c8r27.tgm.header,Tiny_5,31688347,264
746cec38a30216a6,sunkenpalace_lower_01_c8r26.tgm,Folders/art/models/terrain/hideout/sunkenpalace/tgms_1,2821896,5237
8020bae078e8268c,sunkenpalace_lower_01_c8r26.tgm.header,Tiny_5,31684528,264
8f638a44b78c3f17,sunkenpalace_lower_01_c8r25.tgm,Folders/art/models/terrain/hideout/sunkenpalace/tgms_1,2813737,8159
810a920b72ada32a,sunkenpalace_lower_01_c8r25.tgm.header,Tiny_5,31684264,264
a3bcd4859a0fdc09,sunkenpalace_lower_01_c8r24.tgm,Folders/art/models/terrain/hideout/sunkenpalace/tgms_1,2804644,9093
98ffce7b94a74a44,sunkenpalace_lower_01_c8r24.tgm.header,Tiny_5,31684000,264
55c0f4b62dd08c7a,sunkenpalace_lower_01_c8r23.tgm,Folders/art/models/terrain/hideout/sunkenpalace/tgms_1,2796307,8337
eb9dc1e40d587762,sunkenpalace_lower_01_c8r23.tgm.header,Tiny_5,31683736,264
a8e29ca8cb44fb28,sunkenpalace_lower_01_c8r22.tgm,Folders/art/models/terrain/hideout/sunkenpalace/tgms_1,2791660,4647
d5a8838eac242010,sunkenpalace_lower_01_c8r22.tgm.header,Tiny_5,31683472,264
59483616e6fb9c09,sunkenpalace_lower_01_c8r21.tgm,Folders/art/models/terrain/hideout/sunkenpalace/tgms_1,2785243,6417
b39882ab1c4150f5,sunkenpalace_lower_01_c8r21.tgm.header,Tiny_5,31683208,264
9e90582aea2527f1,sunkenpalace_lower_01_c8r20.tgm,Folders/art/models/terrain/hideout/sunkenpalace/tgms_1,2774512,10731
f305b2009e76a75a,sunkenpalace_lower_01_c8r20.tgm.header,Tiny_5,31682944,264
32c4b6ee89f1fb40,sunkenpalace_lower_01_c8r2.tgm,Folders/art/models/terrain/hideout/sunkenpalace/tgms_1,2768761,5751
20f932c50765cc0c,sunkenpalace_lower_01_c8r2.tgm.header,Tiny_5,31682680,264
9a62deee363916c4,sunkenpalace_lower_01_c8r19.tgm,Folders/art/models/terrain/hideout/sunkenpalace/tgms_1,2759010,9751
8117ab2f7dd92747,sunkenpalace_lower_01_c8r19.tgm.header,Tiny_5,31682333,347
aac1911528abc19f,sunkenpalace_lower_01_c8r18.tgm,Folders/art/models/terrain/hideout/sunkenpalace/tgms_1,2748547,10463
a6a2ecc869d8aae6,sunkenpalace_lower_01_c8r18.tgm.header,Tiny_5,31681986,347
b8bf6ed7b7aeb2fe,sunkenpalace_lower_01_c8r17.tgm,Folders/art/models/terrain/hideout/sunkenpalace/tgms_1,2736624,11923
6d69a55612165ba6,sunkenpalace_lower_01_c8r17.tgm.header,Tiny_5,31681639,347
f0ea53076993705a,sunkenpalace_lower_01_c8r16.tgm,Folders/art/models/terrain/hideout/sunkenpalace/tgms_1,2724737,11887
34a5a0db22774db9,sunkenpalace_lower_01_c8r16.tgm.header,Tiny_5,31681292,347
068c95edbc1de005,sunkenpalace_lower_01_c8r15.tgm,Folders/art/models/terrain/hideout/sunkenpalace/tgms_1,2712990,11747
64c0d2bf50ffb600,sunkenpalace_lower_01_c8r15.tgm.header,Tiny_5,31680945,347
c028e7cadbbd23e4,sunkenpalace_lower_01_c8r14.tgm,Folders/art/models/terrain/hideout/sunkenpalace/tgms_1,2701443,11547
8d2c4e27c9678e98,sunkenpalace_lower_01_c8r14.tgm.header,Tiny_5,31680598,347
027d258c2a0fac0b,sunkenpalace_lower_01_c8r13.tgm,Folders/art/models/terrain/hideout/sunkenpalace/tgms_1,2690588,10855
583b5d1df3069709,sunkenpalace_lower_01_c8r13.tgm.header,Tiny_5,31680334,264
c24e39b9ac67aa25,sunkenpalace_lower_01_c8r12.tgm,Folders/art/models/terrain/hideout/sunkenpalace/tgms_1,2683585,7003
15a7e397f8986adc,sunkenpalace_lower_01_c8r12.tgm.header,Tiny_5,31680070,264
4eaa051f742abc3a,sunkenpalace_lower_01_c8r11.tgm,Folders/art/models/terrain/hideout/sunkenpalace/tgms_1,2677574,6011
ec97261e3e8c1cfb,sunkenpalace_lower_01_c8r11.tgm.header,Tiny_5,31679806,264
643425646512b2e6,sunkenpalace_lower_01_c8r10.tgm,Folders/art/models/terrain/hideout/sunkenpalace/tgms_1,2670167,7407
f756b2d17401d1e6,sunkenpalace_lower_01_c8r10.tgm.header,Tiny_5,31679542,264
b08bb2376ff63b7c,sunkenpalace_lower_01_c8r1.tgm,Folders/art/models/terrain/hideout/sunkenpalace/tgms_1,2657972,12195
b7c920636ce2f307,sunkenpalace_lower_01_c8r1.tgm.header,Tiny_5,31679278,264
0b1ac7d7558ba302,sunkenpalace_lower_01_c7r9.tgm,Folders/art/models/terrain/hideout/sunkenpalace/tgms_1,2650565,7407
390114c2d1a2f941,sunkenpalace_lower_01_c7r9.tgm.header,Tiny_5,31679014,264
92e4607f6e83d810,sunkenpalace_lower_01_c7r8.tgm,Folders/art/models/terrain/hideout/sunkenpalace/tgms_1,2642266,8299
cbd4269c3a221a88,sunkenpalace_lower_01_c7r8.tgm.header,Tiny_5,31678750,264
61b5cc4caa16c485,sunkenpalace_lower_01_c7r7.tgm,Folders/art/models/terrain/hideout/sunkenpalace/tgms_1,2635411,6855
1d5676b26394b772,sunkenpalace_lower_01_c7r7.tgm.header,Tiny_5,31678486,264
ae15ed26be154574,sunkenpalace_lower_01_c7r6.tgm,Folders/art/models/terrain/hideout/sunkenpalace/tgms_1,2627890,7521
eef3fa38970f85cc,sunkenpalace_lower_01_c7r6.tgm.header,Tiny_5,31678222,264
6ed070631da4ceaa,sunkenpalace_lower_01_c7r5.tgm,Folders/art/models/terrain/hideout/sunkenpalace/tgms_1,2616897,10993
c2ae258b02f212e3,sunkenpalace_lower_01_c7r5.tgm.header,Tiny_5,31677875,347
95f6393bc23233d6,sunkenpalace_lower_01_c7r4.tgm,Folders/art/models/terrain/hideout/sunkenpalace/tgms_1,2606030,10867
6c908d868de191c6,sunkenpalace_lower_01_c7r4.tgm.header,Tiny_5,31677396,479
00f61c2131bfc9a9,sunkenpalace_lower_01_c7r36.tgm,Tiny_5,31677103,293
e548698cc4090b06,sunkenpalace_lower_01_c7r36.tgm.header,Tiny_5,30401710,264
594a8c3f041453ad,sunkenpalace_lower_01_c7r35.tgm,Tiny_5,31676686,417
76104c8a7b188db0,sunkenpalace_lower_01_c7r35.tgm.header,Tiny_5,30401153,264
0a78c99fa348dea6,sunkenpalace_lower_01_c7r34.tgm,Tiny_5,31674529,1893
7c9b3fd5e5164ebf,sunkenpalace_lower_01_c7r34.tgm.header,Tiny_5,31676422,264
110a69e7ba10d2ab,sunkenpalace_lower_01_c7r33.tgm,Tiny_5,31671566,2699
7ee79b7459eae765,sunkenpalace_lower_01_c7r33.tgm.header,Tiny_5,31674265,264
8b5c5e9a37148e2d,sunkenpalace_lower_01_c7r32.tgm,Tiny_5,31668243,3059
f24b6d3a193d4a9d,sunkenpalace_lower_01_c7r32.tgm.header,Tiny_5,31671302,264
14b0b824f72f36a8,sunkenpalace_lower_01_c7r31.tgm,Folders/art/models/terrain/hideout/sunkenpalace/tgms_1,2601401,4629
229d771239f3344a,sunkenpalace_lower_01_c7r31.tgm.header,Tiny_5,31667979,264
599184e19a1b2b4d,sunkenpalace_lower_01_c7r30.tgm,Tiny_5,31664836,2879
9d82796bd860fe66,sunkenpalace_lower_01_c7r30.tgm.header,Tiny_5,31667715,264
aa77a9537564d5b3,sunkenpalace_lower_01_c7r3.tgm,Folders/art/models/terrain/hideout/sunkenpalace/tgms_1,2589478,11923
d0c8cff1e3005a71,sunkenpalace_lower_01_c7r3.tgm.header,Tiny_5,31664269,567
be0e0e263fe1e5c3,sunkenpalace_lower_01_c7r29.tgm,Tiny_5,31661132,2873
87d2c4c25d2936c6,sunkenpalace_lower_01_c7r29.tgm.header,Tiny_5,31664005,264
4b730f2525f913bb,sunkenpalace_lower_01_c7r28.tgm,Tiny_5,31657561,3307
1e7129d96278635f,sunkenpalace_lower_01_c7r28.tgm.header,Tiny_5,31660868,264
3c30c7b8f6d659b6,sunkenpalace_lower_01_c7r27.tgm,Folders/art/models/terrain/hideout/sunkenpalace/tgms_1,2584461,5017
89506deb6f41a30c,sunkenpalace_lower_01_c7r27.tgm.header,Tiny_5,31657297,264
fc287218a8e41080,sunkenpalace_lower_01_c7r26.tgm,Folders/art/models/terrain/hideout/sunkenpalace/tgms_1,2576928,7533
03cd6cf65b6967c9,sunkenpalace_lower_01_c7r26.tgm.header,Tiny_5,31657033,264
17813206e9ff499b,sunkenpalace_lower_01_c7r25.tgm,Folders/art/models/terrain/hideout/sunkenpalace/tgms_1,2565913,11015
37b4a3895b77a473,sunkenpalace_lower_01_c7r25.tgm.header,Tiny_5,31656769,264
b20c5cd8733c8b90,sunkenpalace_lower_01_c7r24.tgm,Folders/art/models/terrain/hideout/sunkenpalace/tgms_1,2557716,8197
512b9ae7fe0e2de8,sunkenpalace_lower_01_c7r24.tgm.header,Tiny_5,31656505,264
0f25ac5ce66782a8,sunkenpalace_lower_01_c7r23.tgm,Folders/art/models/terrain/hideout/sunkenpalace/tgms_1,2553317,4399
c37edbbbae820866,sunkenpalace_lower_01_c7r23.tgm.header,Tiny_5,31656241,264
56d9786fdbfdc3bf,sunkenpalace_lower_01_c7r22.tgm,Folders/art/models/terrain/hideout/sunkenpalace/tgms_1,2548608,4709
f46bb3026fd2f50c,sunkenpalace_lower_01_c7r22.tgm.header,Tiny_5,31655977,264
b2dca84948ef16dd,sunkenpalace_lower_01_c7r21.tgm,Folders/art/models/terrain/hideout/sunkenpalace/tgms_1,2541667,6941
e9ac415e0a55e1cd,sunkenpalace_lower_01_c7r21.tgm.header,Tiny_5,31655713,264
0f8b42e59306875d,sunkenpalace_lower_01_c7r20.tgm,Folders/art/models/terrain/hideout/sunkenpalace/tgms_1,2530626,11041
a0660245ce1eb818,sunkenpalace_lower_01_c7r20.tgm.header,Tiny_5,31655449,264
e79ac4578f106054,sunkenpalace_lower_01_c7r2.tgm,Folders/art/models/terrain/hideout/sunkenpalace/tgms_1,2520109,10517
ab4032d2f491131d,sunkenpalace_lower_01_c7r2.tgm.header,Tiny_5,31654926,523
84afb17cbe039166,sunkenpalace_lower_01_c7r19.tgm,Folders/art/models/terrain/hideout/sunkenpalace/tgms_1,2512014,8095
6106a2d6112da847,sunkenpalace_lower_01_c7r19.tgm.header,Tiny_5,31654662,264
aed1a79a4a3f6a8f,sunkenpalace_lower_01_c7r18.tgm,Folders/art/models/terrain/hideout/sunkenpalace/tgms_1,2504167,7847
cd0f11ad750c268d,sunkenpalace_lower_01_c7r18.tgm.header,Tiny_5,31654398,264
189187ef2749fe54,sunkenpalace_lower_01_c7r17.tgm,Folders/art/models/terrain/hideout/sunkenpalace/tgms_1,2495638,8529
df18d6551666fa81,sunkenpalace_lower_01_c7r17.tgm.header,Tiny_5,31654134,264
4647e9aae7d3c5cc,sunkenpalace_lower_01_c7r16.tgm,Folders/art/models/terrain/hideout/sunkenpalace/tgms_1,2486737,8901
b55bac1bafdf2b8d,sunkenpalace_lower_01_c7r16.tgm.header,Tiny_5,31653870,264
9abead988d6134bb,sunkenpalace_lower_01_c7r15.tgm,Folders/art/models/terrain/hideout/sunkenpalace/tgms_1,2478580,8157
daf8a9db7e9aff48,sunkenpalace_lower_01_c7r15.tgm.header,Tiny_5,31653606,264
2c3c95b548300114,sunkenpalace_lower_01_c7r14.tgm,Folders/art/models/terrain/hideout/sunkenpalace/tgms_1,2467409,11171
d072bfe6c440d259,sunkenpalace_lower_01_c7r14.tgm.header,Tiny_5,31653342,264
c1992d6d53f281b1,sunkenpalace_lower_01_c7r13.tgm,Folders/art/models/terrain/hideout/sunkenpalace/tgms_1,2458328,9081
f2d2b9b6549dd5bf,sunkenpalace_lower_01_c7r13.tgm.header,Tiny_5,31653078,264
f0ec75cf8b702801,sunkenpalace_lower_01_c7r12.tgm,Folders/art/models/terrain/hideout/sunkenpalace/tgms_1,2451635,6693
c2350d15a48cd45e,sunkenpalace_lower_01_c7r12.tgm.header,Tiny_5,31652814,264
fc34a17091475d36,sunkenpalace_lower_01_c7r11.tgm,Folders/art/models/terrain/hideout/sunkenpalace/tgms_1,2444942,6693
b877bade3b16533d,sunkenpalace_lower_01_c7r11.tgm.header,Tiny_5,31652550,264
bf772b65deae15cf,sunkenpalace_lower_01_c7r10.tgm,Folders/art/models/terrain/hideout/sunkenpalace/tgms_1,2439365,5577
4185a57f688ac71e,sunkenpalace_lower_01_c7r10.tgm.header,Tiny_5,31652286,264
3636339807d9eb5a,sunkenpalace_lower_01_c7r1.tgm,Folders/art/models/terrain/hideout/sunkenpalace/tgms_1,2424812,14553
c1b2b5e3ab6f0cd7,sunkenpalace_lower_01_c7r1.tgm.header,Tiny_5,31651939,347
82a801f823cc526a,sunkenpalace_lower_01_c6r9.tgm,Folders/art/models/terrain/hideout/sunkenpalace/tgms_1,2419421,5391
c8fb1356d7a6c485,sunkenpalace_lower_01_c6r9.tgm.header,Tiny_5,31651675,264
40d2f02a5f998ebe,sunkenpalace_lower_01_c6r8.tgm,Folders/art/models/terrain/hideout/sunkenpalace/tgms_1,2413968,5453
d4d262db48849d30,sunkenpalace_lower_01_c6r8.tgm.header,Tiny_5,31651411,264
e2c920504d17a646,sunkenpalace_lower_01_c6r7.tgm,Folders/art/models/terrain/hideout/sunkenpalace/tgms_1,2408267,5701
e3eaed0cbec3ab02,sunkenpalace_lower_01_c6r7.tgm.header,Tiny_5,31651147,264
3f6f0665a54ae7c9,sunkenpalace_lower_01_c6r6.tgm,Folders/art/models/terrain/hideout/sunkenpalace/tgms_1,2402876,5391
a5d268f76857c56d,sunkenpalace_lower_01_c6r6.tgm.header,Tiny_5,31650883,264
9fb38d60cdde3431,sunkenpalace_lower_01_c6r5.tgm,Folders/art/models/terrain/hideout/sunkenpalace/tgms_1,2397355,5521
6e161cf24afcb4aa,sunkenpalace_lower_01_c6r5.tgm.header,Tiny_5,31650619,264
3d657d99df2091ac,sunkenpalace_lower_01_c6r4.tgm,Folders/art/models/terrain/hideout/sunkenpalace/tgms_1,2391472,5883
c35246d369e0ae3a,sunkenpalace_lower_01_c6r4.tgm.header,Tiny_5,31650272,347
df43318b5194b4e5,sunkenpalace_lower_01_c6r36.tgm,Tiny_5,31649979,293
f40f7d8a3ddc83a8,sunkenpalace_lower_01_c6r36.tgm.header,Tiny_5,30401710,264
3264bdb5d45b56b9,sunkenpalace_lower_01_c6r35.tgm,Tiny_5,31648584,1131
ff7d5f27f5126c62,sunkenpalace_lower_01_c6r35.tgm.header,Tiny_5,31649715,264
8a1cfaca99974fe4,sunkenpalace_lower_01_c6r34.tgm,Tiny_5,31646247,2073
31217d23ee186595,sunkenpalace_lower_01_c6r34.tgm.header,Tiny_5,31648320,264
a20743045bd4f44f,sunkenpalace_lower_01_c6r33.tgm,Tiny_5,31643420,2563
c32f33e4f82a10e9,sunkenpalace_lower_01_c6r33.tgm.header,Tiny_5,31645983,264
3635367f8f8b05e0,sunkenpalace_lower_01_c6r32.tgm,Tiny_5,31640593,2563
150771b73378545c,sunkenpalace_lower_01_c6r32.tgm.header,Tiny_5,31643156,264
5a32511657bef31e,sunkenpalace_lower_01_c6r31.tgm,Tiny_5,31636452,3877
a2a2e3668b169c28,sunkenpalace_lower_01_c6r31.tgm.header,Tiny_5,31640329,264
808caaedac2e43f2,sunkenpalace_lower_01_c6r30.tgm,Folders/art/models/terrain/hideout/sunkenpalace/tgms_1,2387177,4295
f9f39efa67600c28,sunkenpalace_lower_01_c6r30.tgm.header,Tiny_5,31636188,264
6a7895af5b69d853,sunkenpalace_lower_01_c6r3.tgm,Folders/art/models/terrain/hideout/sunkenpalace/tgms_1,2379488,7689
0b2a7cb8af16791e,sunkenpalace_lower_01_c6r3.tgm.header,Tiny_5,31635753,435
0e56f2beb348e86a,sunkenpalace_lower_01_c6r29.tgm,Tiny_5,31632926,2563
fafb0114194297f5,sunkenpalace_lower_01_c6r29.tgm.header,Tiny_5,31635489,264
a9b51a77f194471e,sunkenpalace_lower_01_c6r28.tgm,Tiny_5,31628637,4025
710634ec4abce9fa,sunkenpalace_lower_01_c6r28.tgm.header,Tiny_5,31632662,264
79994a449d8143be,sunkenpalace_lower_01_c6r27.tgm,Folders/art/models/terrain/hideout/sunkenpalace/tgms_1,2373477,6011
a0cc49aea3eb64c4,sunkenpalace_lower_01_c6r27.tgm.header,Tiny_5,31628373,264
b854d21bf008f661,sunkenpalace_lower_01_c6r26.tgm,Folders/art/models/terrain/hideout/sunkenpalace/tgms_1,2364942,8535
f3ee01af01d4e0fa,sunkenpalace_lower_01_c6r26.tgm.header,Tiny_5,31628109,264
d01bf80fcb9ef67b,sunkenpalace_lower_01_c6r25.tgm,Folders/art/models/terrain/hideout/sunkenpalace/tgms_1,2356113,8829
5df1d418bf001baf,sunkenpalace_lower_01_c6r25.tgm.header,Tiny_5,31627845,264
7d88152fb829b873,sunkenpalace_lower_01_c6r24.tgm,Folders/art/models/terrain/hideout/sunkenpalace/tgms_1,2351590,4523
287f117d57dd970a,sunkenpalace_lower_01_c6r24.tgm.header,Tiny_5,31627581,264
2ac548faca184bdc,sunkenpalace_lower_01_c6r23.tgm,Tiny_5,31623228,4089
9418e6fffd2577e9,sunkenpalace_lower_01_c6r23.tgm.header,Tiny_5,31627317,264
71b5d02a29d5fa48,sunkenpalace_lower_01_c6r22.tgm,Tiny_5,31618875,4089
246d9dd76f01a006,sunkenpalace_lower_01_c6r22.tgm.header,Tiny_5,31622964,264
82eceed5d0910a6f,sunkenpalace_lower_01_c6r21.tgm,Folders/art/models/terrain/hideout/sunkenpalace/tgms_1,2344339,7251
e9e822a8e848bf43,sunkenpalace_lower_01_c6r21.tgm.header,Tiny_5,31618611,264
0cbb6a0f6a1c903d,sunkenpalace_lower_01_c6r20.tgm,Folders/art/models/terrain/hideout/sunkenpalace/tgms_1,2334452,9887
34e2d5c5d1bc9c82,sunkenpalace_lower_01_c6r20.tgm.header,Tiny_5,31618347,264
453e55ec3ef6f2d4,sunkenpalace_lower_01_c6r2.tgm,Folders/art/models/terrain/hideout/sunkenpalace/tgms_1,2326193,8259
99d6dc893501d4de,sunkenpalace_lower_01_c6r2.tgm.header,Tiny_5,31617912,435
f5575517f0f53f7d,sunkenpalace_lower_01_c6r19.tgm,Folders/art/models/terrain/hideout/sunkenpalace/tgms_1,2316868,9325
eaf0faa88a2e68b5,sunkenpalace_lower_01_c6r19.tgm.header,Tiny_5,31617648,264
601d72b1d2401579,sunkenpalace_lower_01_c6r18.tgm,Folders/art/models/terrain/hideout/sunkenpalace/tgms_1,2308005,8863
4de272892fd344a5,sunkenpalace_lower_01_c6r18.tgm.header,Tiny_5,31617384,264
22fdb71df9e478e8,sunkenpalace_lower_01_c6r17.tgm,Folders/art/models/terrain/hideout/sunkenpalace/tgms_1,2301336,6669
9d22ed2d2a97e607,sunkenpalace_lower_01_c6r17.tgm.header,Tiny_5,31617120,264
ed20dbc56b60c47a,sunkenpalace_lower_01_c6r16.tgm,Folders/art/models/terrain/hideout/sunkenpalace/tgms_1,2293985,7351
edf159fa71901e72,sunkenpalace_lower_01_c6r16.tgm.header,Tiny_5,31616856,264
c7f1d15cc2c3c505,sunkenpalace_lower_01_c6r15.tgm,Folders/art/models/terrain/hideout/sunkenpalace/tgms_1,2285480,8505
aaa1ec35214c8779,sunkenpalace_lower_01_c6r15.tgm.header,Tiny_5,31616592,264
ec9cbf53e0d4dbd8,sunkenpalace_lower_01_c6r14.tgm,Folders/art/models/terrain/hideout/sunkenpalace/tgms_1,2276367,9113
93d3f0ff40ecebcc,sunkenpalace_lower_01_c6r14.tgm.header,Tiny_5,31616328,264
1ae97a9c6c3734c8,sunkenpalace_lower_01_c6r13.tgm,Folders/art/models/terrain/hideout/sunkenpalace/tgms_1,2269172,7195
ca1076fb0e9b82b0,sunkenpalace_lower_01_c6r13.tgm.header,Tiny_5,31616064,264
2594036ec694eb68,sunkenpalace_lower_01_c6r12.tgm,Folders/art/models/terrain/hideout/sunkenpalace/tgms_1,2262011,7161
1345899deb357a5e,sunkenpalace_lower_01_c6r12.tgm.header,Tiny_5,31615800,264
4b9f28ef9fec6792,sunkenpalace_lower_01_c6r11.tgm,Folders/art/models/terrain/hideout/sunkenpalace/tgms_1,2255380,6631
8581206c39dad347,sunkenpalace_lower_01_c6r11.tgm.header,Tiny_5,31615536,264
37f80f0bbb467663,sunkenpalace_lower_01_c6r10.tgm,Folders/art/models/terrain/hideout/sunkenpalace/tgms_1,2249989,5391
d7066cebaf5546bc,sunkenpalace_lower_01_c6r10.tgm.header,Tiny_5,31615272,264
0e12f0b1150e185c,sunkenpalace_lower_01_c6r1.tgm,Folders/art/models/terrain/hideout/sunkenpalace/tgms_1,2236642,13347
755c28b4a0336970,sunkenpalace_lower_01_c6r1.tgm.header,Tiny_5,31614925,347
2a29dd0eab107187,sunkenpalace_lower_01_c5r9.tgm,Folders/art/models/terrain/hideout/sunkenpalace/tgms_1,2230755,5887
50295a1a46516c6d,sunkenpalace_lower_01_c5r9.tgm.header,Tiny_5,31614661,264
72f7f707ffa65b7c,sunkenpalace_lower_01_c5r8.tgm,Folders/art/models/terrain/hideout/sunkenpalace/tgms_1,2225240,5515
391a1a7230fbb9db,sunkenpalace_lower_01_c5r8.tgm.header,Tiny_5,31614397,264
c930ec3c52ae4720,sunkenpalace_lower_01_c5r7.tgm,Folders/art/models/terrain/hideout/sunkenpalace/tgms_1,2218761,6479
7605e44fa2ebd7e8,sunkenpalace_lower_01_c5r7.tgm.header,Tiny_5,31614133,264
61aea6b6cda10b4b,sunkenpalace_lower_01_c5r6.tgm,Folders/art/models/terrain/hideout/sunkenpalace/tgms_1,2210456,8305
11ce1d20109e6c91,sunkenpalace_lower_01_c5r6.tgm.header,Tiny_5,31613869,264
c2445d5485af4e40,sunkenpalace_lower_01_c5r5.tgm,Folders/art/models/terrain/hideout/sunkenpalace/tgms_1,2202455,8001
940c7b8e2b6bae27,sunkenpalace_lower_01_c5r5.tgm.header,Tiny_5,31613605,264
c0a57acab9fd4f67,sunkenpalace_lower_01_c5r4.tgm,Tiny_5,31609996,3345
c3623305f950b3e3,sunkenpalace_lower_01_c5r4.tgm.header,Tiny_5,31613341,264
53f546c945f25ebf,sunkenpalace_lower_01_c5r36.tgm,Tiny_5,31609703,293
0734bf62e58b7fde,sunkenpalace_lower_01_c5r36.tgm.header,Tiny_5,30401710,264
2b960b186dec0b4a,sunkenpalace_lower_01_c5r35.tgm,Tiny_5,31607998,1441
7a0f3c1456c348cb,sunkenpalace_lower_01_c5r35.tgm.header,Tiny_5,31609439,264
800d33eb6fb66fa9,sunkenpalace_lower_01_c5r34.tgm,Tiny_5,31605847,1887
d9983ed4d0c8ab41,sunkenpalace_lower_01_c5r34.tgm.header,Tiny_5,31607734,264
4612d95b1bae48bb,sunkenpalace_lower_01_c5r33.tgm,Tiny_5,31603516,2067
778a529eefaa0a71,sunkenpalace_lower_01_c5r33.tgm.header,Tiny_5,31605583,264
29d60122e9f45fdb,sunkenpalace_lower_01_c5r32.tgm,Tiny_5,31600863,2389
51da7d0c16142933,sunkenpalace_lower_01_c5r32.tgm.header,Tiny_5,31603252,264
246bcc89c2da9a75,sunkenpalace_lower_01_c5r31.tgm,Tiny_5,31598160,2439
d76e2756bc8932c4,sunkenpalace_lower_01_c5r31.tgm.header,Tiny_5,31600599,264
c389ead49c2059ac,sunkenpalace_lower_01_c5r30.tgm,Tiny_5,31594589,3307
92be37c36a8767be,sunkenpalace_lower_01_c5r30.tgm.header,Tiny_5,31597896,264
5c5176f02a59a239,sunkenpalace_lower_01_c5r3.tgm,Tiny_5,31591910,2415
b9e679be68741ddb,sunkenpalace_lower_01_c5r3.tgm.header,Tiny_5,31594325,264
771e08ad66acc32a,sunkenpalace_lower_01_c5r29.tgm,Tiny_5,31588179,3467
3ae5554a1d88b91d,sunkenpalace_lower_01_c5r29.tgm.header,Tiny_5,31591646,264
ec1bfc358f51f9a9,sunkenpalace_lower_01_c5r28.tgm,Folders/art/models/terrain/hideout/sunkenpalace/tgms_1,2196862,5593
f85438682570fff7,sunkenpalace_lower_01_c5r28.tgm.header,Tiny_5,31587915,264
3ec3c35971695757,sunkenpalace_lower_01_c5r27.tgm,Folders/art/models/terrain/hideout/sunkenpalace/tgms_1,2189195,7667
f43d1eed57271c34,sunkenpalace_lower_01_c5r27.tgm.header,Tiny_5,31587651,264
4ee22e0a9e2dc163,sunkenpalace_lower_01_c5r26.tgm,Folders/art/models/terrain/hideout/sunkenpalace/tgms_1,2181742,7453
2500178640eb0901,sunkenpalace_lower_01_c5r26.tgm.header,Tiny_5,31587387,264
86759fc7a5ba75b6,sunkenpalace_lower_01_c5r25.tgm,Folders/art/models/terrain/hideout/sunkenpalace/tgms_1,2175409,6333
3061a27925f422a7,sunkenpalace_lower_01_c5r25.tgm.header,Tiny_5,31587123,264
1222d2f85acb607a,sunkenpalace_lower_01_c5r24.tgm,Folders/art/models/terrain/hideout/sunkenpalace/tgms_1,2170700,4709
a1632d2366de070a,sunkenpalace_lower_01_c5r24.tgm.header,Tiny_5,31586859,264
8b7edd3f70f783de,sunkenpalace_lower_01_c5r23.tgm,Folders/art/models/terrain/hideout/sunkenpalace/tgms_1,2166419,4281
c9a8a43e0ff41436,sunkenpalace_lower_01_c5r23.tgm.header,Tiny_5,31586595,264
c90be8be19ed85d0,sunkenpalace_lower_01_c5r22.tgm,Tiny_5,31582738,3593
1f6933cf7b51c0d2,sunkenpalace_lower_01_c5r22.tgm.header,Tiny_5,31586331,264
75ea2591167762f5,sunkenpalace_lower_01_c5r21.tgm,Folders/art/models/terrain/hideout/sunkenpalace/tgms_1,2159850,6569
6ca0725f8a95f326,sunkenpalace_lower_01_c5r21.tgm.header,Tiny_5,31582474,264
8730968df596f548,sunkenpalace_lower_01_c5r20.tgm,Folders/art/models/terrain/hideout/sunkenpalace/tgms_1,2153715,6135
450624e8915fad1d,sunkenpalace_lower_01_c5r20.tgm.header,Tiny_5,31582210,264
34a7790f76c64b25,sunkenpalace_lower_01_c5r2.tgm,Tiny_5,31578415,3531
38bda31ce0c2dde1,sunkenpalace_lower_01_c5r2.tgm.header,Tiny_5,31581946,264
4299b122b5b27304,sunkenpalace_lower_01_c5r19.tgm,Folders/art/models/terrain/hideout/sunkenpalace/tgms_1,2148324,5391
573b7331659a3940,sunkenpalace_lower_01_c5r19.tgm.header,Tiny_5,31578151,264
23cdaa1d25010a69,sunkenpalace_lower_01_c5r18.tgm,Folders/art/models/terrain/hideout/sunkenpalace/tgms_1,2140259,8065
6349585325b61872,sunkenpalace_lower_01_c5r18.tgm.header,Tiny_5,31577887,264
86ff6b0f82551066,sunkenpalace_lower_01_c5r17.tgm,Folders/art/models/terrain/hideout/sunkenpalace/tgms_1,2132972,7287
9e13641adc119972,sunkenpalace_lower_01_c5r17.tgm.header,Tiny_5,31577623,264
0ae90de3424fd66b,sunkenpalace_lower_01_c5r16.tgm,Folders/art/models/terrain/hideout/sunkenpalace/tgms_1,2124287,8685
502c6016186a56be,sunkenpalace_lower_01_c5r16.tgm.header,Tiny_5,31577359,264
c8604b6472daef24,sunkenpalace_lower_01_c5r15.tgm,Folders/art/models/terrain/hideout/sunkenpalace/tgms_1,2117004,7283
f03362a6b09c8b93,sunkenpalace_lower_01_c5r15.tgm.header,Tiny_5,31577095,264
794c31ffc6a1f46c,sunkenpalace_lower_01_c5r14.tgm,Folders/art/models/terrain/hideout/sunkenpalace/tgms_1,2110367,6637
d3571d16fdae2fa6,sunkenpalace_lower_01_c5r14.tgm.header,Tiny_5,31576831,264
6f2880247996f899,sunkenpalace_lower_01_c5r13.tgm,Folders/art/models/terrain/hideout/sunkenpalace/tgms_1,2103302,7065
a87aab1c14c0dac6,sunkenpalace_lower_01_c5r13.tgm.header,Tiny_5,31576567,264
9e07acda62e3f553,sunkenpalace_lower_01_c5r12.tgm,Folders/art/models/terrain/hideout/sunkenpalace/tgms_1,2096547,6755
1cbc5c0932d86411,sunkenpalace_lower_01_c5r12.tgm.header,Tiny_5,31576303,264
b3027a617cd14374,sunkenpalace_lower_01_c5r11.tgm,Folders/art/models/terrain/hideout/sunkenpalace/tgms_1,2090412,6135
0f83b43eadd52bed,sunkenpalace_lower_01_c5r11.tgm.header,Tiny_5,31576039,264
667ffb0a4ad5d415,sunkenpalace_lower_01_c5r10.tgm,Folders/art/models/terrain/hideout/sunkenpalace/tgms_1,2084959,5453
1ec928d7e088794e,sunkenpalace_lower_01_c5r10.tgm.header,Tiny_5,31575775,264
1b45724f3d89a94b,sunkenpalace_lower_01_c5r1.tgm,Folders/art/models/terrain/hideout/sunkenpalace/tgms_1,2075352,9607
fb5f9607bf79cc3d,sunkenpalace_lower_01_c5r1.tgm.header,Tiny_5,31575511,264
8d44ffc461722368,sunkenpalace_lower_01_c4r9.tgm,Folders/art/models/terrain/hideout/sunkenpalace/tgms_1,2069775,5577
98a04756f94a732b,sunkenpalace_lower_01_c4r9.tgm.header,Tiny_5,31575247,264
d338a826b38df5a7,sunkenpalace_lower_01_c4r8.tgm,Folders/art/models/terrain/hideout/sunkenpalace/tgms_1,2064570,5205
8c1b6d39e85cb0db,sunkenpalace_lower_01_c4r8.tgm.header,Tiny_5,31574983,264
465f8641ae841edd,sunkenpalace_lower_01_c4r7.tgm,Folders/art/models/terrain/hideout/sunkenpalace/tgms_1,2058249,6321
f688433da3ddc137,sunkenpalace_lower_01_c4r7.tgm.header,Tiny_5,31574719,264
09a42da281d1c590,sunkenpalace_lower_01_c4r6.tgm,Folders/art/models/terrain/hideout/sunkenpalace/tgms_1,2050812,7437
b3b726963c340fe2,sunkenpalace_lower_01_c4r6.tgm.header,Tiny_5,31574455,264
6f14b1d0b3dc4f86,sunkenpalace_lower_01_c4r5.tgm,Folders/art/models/terrain/hideout/sunkenpalace/tgms_1,2042879,7933
228bc1510fa8bd38,sunkenpalace_lower_01_c4r5.tgm.header,Tiny_5,31574191,264
c7d25ebb81d00955,sunkenpalace_lower_01_c4r4.tgm,Folders/art/models/terrain/hideout/sunkenpalace/tgms_1,2038232,4647
02ea3b2639473c66,sunkenpalace_lower_01_c4r4.tgm.header,Tiny_5,31573927,264
aee9a0960dc6a697,sunkenpalace_lower_01_c4r36.tgm,Tiny_5,31573634,293
c617be228d0e9cf7,sunkenpalace_lower_01_c4r36.tgm.header,Tiny_5,30401710,264
81d550248dab4e8e,sunkenpalace_lower_01_c4r35.tgm,Tiny_5,31573217,417
993493405dfb3a23,sunkenpalace_lower_01_c4r35.tgm.header,Tiny_5,30401153,264
86154e86169338ea,sunkenpalace_lower_01_c4r34.tgm,Tiny_5,31571630,1323
927799da64c82e73,sunkenpalace_lower_01_c4r34.tgm.header,Tiny_5,31572953,264
a08a894bbc786567,sunkenpalace_lower_01_c4r33.tgm,Tiny_5,31569355,2011
2d5945129b0a4f27,sunkenpalace_lower_01_c4r33.tgm.header,Tiny_5,31571366,264
6fbd2a93634c3ac7,sunkenpalace_lower_01_c4r32.tgm,Tiny_5,31567086,2005
60d6aa03ac5c7b48,sunkenpalace_lower_01_c4r32.tgm.header,Tiny_5,31569091,264
8f2ea676f671a477,sunkenpalace_lower_01_c4r31.tgm,Tiny_5,31563105,3717
78e2131f9a38b0e6,sunkenpalace_lower_01_c4r31.tgm.header,Tiny_5,31566822,264
74dcf3b04deb201e,sunkenpalace_lower_01_c4r30.tgm,Folders/art/models/terrain/hideout/sunkenpalace/tgms_1,2033681,4551
3a8b8f485503bad4,sunkenpalace_lower_01_c4r30.tgm.header,Tiny_5,31562841,264
4bd9d98cfa516023,sunkenpalace_lower_01_c4r3.tgm,Tiny_5,31560658,1919
b08fd5c26c39e8c2,sunkenpalace_lower_01_c4r3.tgm.header,Tiny_5,31562577,264
51584f263aed8589,sunkenpalace_lower_01_c4r29.tgm,Folders/art/models/terrain/hideout/sunkenpalace/tgms_1,2029130,4551
81de64dec62b4608,sunkenpalace_lower_01_c4r29.tgm.header,Tiny_5,31560394,264
32b93a98b0b90a55,sunkenpalace_lower_01_c4r28.tgm,Folders/art/models/terrain/hideout/sunkenpalace/tgms_1,2023075,6055
0ef713cfe34dc461,sunkenpalace_lower_01_c4r28.tgm.header,Tiny_5,31560130,264
475093eb9fac305c,sunkenpalace_lower_01_c4r27.tgm,Folders/art/models/terrain/hideout/sunkenpalace/tgms_1,2017482,5593
4c469267f1a89c87,sunkenpalace_lower_01_c4r27.tgm.header,Tiny_5,31559866,264
d633a2bbdedc0f7a,sunkenpalace_lower_01_c4r26.tgm,Tiny_5,31555823,3779
59aca8e633492d68,sunkenpalace_lower_01_c4r26.tgm.header,Tiny_5,31559602,264
bd172e7d3ecd2be5,sunkenpalace_lower_01_c4r25.tgm,Folders/art/models/terrain/hideout/sunkenpalace/tgms_1,2012339,5143
064cd7b73ddae701,sunkenpalace_lower_01_c4r25.tgm.header,Tiny_5,31555559,264
a91d392d78bdf9f3,sunkenpalace_lower_01_c4r24.tgm,Tiny_5,31551392,3903
4e93f4cd9cb06200,sunkenpalace_lower_01_c4r24.tgm.header,Tiny_5,31555295,264
158e87a3fdd4b181,sunkenpalace_lower_01_c4r23.tgm,Folders/art/models/terrain/hideout/sunkenpalace/tgms_1,2008064,4275
32e2329bf142c3fa,sunkenpalace_lower_01_c4r23.tgm.header,Tiny_5,31551128,264
25a8eee97d796311,sunkenpalace_lower_01_c4r22.tgm,Tiny_5,31547457,3407
b59f2c372988b1a6,sunkenpalace_lower_01_c4r22.tgm.header,Tiny_5,31550864,264
227acb46452b43a2,sunkenpalace_lower_01_c4r21.tgm,Folders/art/models/terrain/hideout/sunkenpalace/tgms_1,2001867,6197
b2bd50947bd95901,sunkenpalace_lower_01_c4r21.tgm.header,Tiny_5,31547193,264
566ce09f16bcb55d,sunkenpalace_lower_01_c4r20.tgm,Folders/art/models/terrain/hideout/sunkenpalace/tgms_1,1995918,5949
60ac1e0971c9f28a,sunkenpalace_lower_01_c4r20.tgm.header,Tiny_5,31546929,264
007d2b2ddf746aa7,sunkenpalace_lower_01_c4r2.tgm,Tiny_5,31543940,2725
23266ca44e37fee2,sunkenpalace_lower_01_c4r2.tgm.header,Tiny_5,31546665,264
9234c7d2c3d534cf,sunkenpalace_lower_01_c4r19.tgm,Folders/art/models/terrain/hideout/sunkenpalace/tgms_1,1990775,5143
f18f0e879d82f37f,sunkenpalace_lower_01_c4r19.tgm.header,Tiny_5,31543676,264
9fdfe99283ab5885,sunkenpalace_lower_01_c4r18.tgm,Folders/art/models/terrain/hideout/sunkenpalace/tgms_1,1985006,5769
e710f74bcb79abc0,sunkenpalace_lower_01_c4r18.tgm.header,Tiny_5,31543412,264
3a3feb0f62a98673,sunkenpalace_lower_01_c4r17.tgm,Folders/art/models/terrain/hideout/sunkenpalace/tgms_1,1979863,5143
8c76dc56659415ed,sunkenpalace_lower_01_c4r17.tgm.header,Tiny_5,31543148,264
e1e1d03a1bbd43bf,sunkenpalace_lower_01_c4r16.tgm,Folders/art/models/terrain/hideout/sunkenpalace/tgms_1,1973728,6135
6914003388ab58d7,sunkenpalace_lower_01_c4r16.tgm.header,Tiny_5,31542884,264
2dbbaf58ab523841,sunkenpalace_lower_01_c4r15.tgm,Folders/art/models/terrain/hideout/sunkenpalace/tgms_1,1967767,5961
131a0cc1983a0b3b,sunkenpalace_lower_01_c4r15.tgm.header,Tiny_5,31542620,264
bdcd2016556e9d80,sunkenpalace_lower_01_c4r14.tgm,Folders/art/models/terrain/hideout/sunkenpalace/tgms_1,1960944,6823
54c8832365d76653,sunkenpalace_lower_01_c4r14.tgm.header,Tiny_5,31542356,264
d9013ea6e2583091,sunkenpalace_lower_01_c4r13.tgm,Folders/art/models/terrain/hideout/sunkenpalace/tgms_1,1953817,7127
343991433c877c33,sunkenpalace_lower_01_c4r13.tgm.header,Tiny_5,31542092,264
51070b91fb81ff88,sunkenpalace_lower_01_c4r12.tgm,Folders/art/models/terrain/hideout/sunkenpalace/tgms_1,1947434,6383
81d30de53d95c13b,sunkenpalace_lower_01_c4r12.tgm.header,Tiny_5,31541828,264
f7b4cd3980495d1a,sunkenpalace_lower_01_c4r11.tgm,Folders/art/models/terrain/hideout/sunkenpalace/tgms_1,1941733,5701
1274c69b1f66fc1e,sunkenpalace_lower_01_c4r11.tgm.header,Tiny_5,31541564,264
9e5851bf20b8ff9d,sunkenpalace_lower_01_c4r10.tgm,Folders/art/models/terrain/hideout/sunkenpalace/tgms_1,1936776,4957
01cd81c2f08bda2b,sunkenpalace_lower_01_c4r10.tgm.header,Tiny_5,31541300,264
383c6a4253fb7952,sunkenpalace_lower_01_c4r1.tgm,Folders/art/models/terrain/hideout/sunkenpalace/tgms_1,1928967,7809
666ba1aa78c46c44,sunkenpalace_lower_01_c4r1.tgm.header,Tiny_5,31541036,264
6b8419f39144bc79,sunkenpalace_lower_01_c3r9.tgm,Folders/art/models/terrain/hideout/sunkenpalace/tgms_1,1923700,5267
aba94c247650d677,sunkenpalace_lower_01_c3r9.tgm.header,Tiny_5,31540772,264
78bc44db216ab244,sunkenpalace_lower_01_c3r8.tgm,Folders/art/models/terrain/hideout/sunkenpalace/tgms_1,1918309,5391
1a4f69b97e971746,sunkenpalace_lower_01_c3r8.tgm.header,Tiny_5,31540508,264
da05bcd18bdaf9e0,sunkenpalace_lower_01_c3r7.tgm,Folders/art/models/terrain/hideout/sunkenpalace/tgms_1,1912174,6135
ac2ad77f1f20dd4c,sunkenpalace_lower_01_c3r7.tgm.header,Tiny_5,31540244,264
47ae54afd8acaad1,sunkenpalace_lower_01_c3r6.tgm,Folders/art/models/terrain/hideout/sunkenpalace/tgms_1,1905295,6879
bcbfcf2d7a1c1579,sunkenpalace_lower_01_c3r6.tgm.header,Tiny_5,31539980,264
6f0951563d965f12,sunkenpalace_lower_01_c3r5.tgm,Folders/art/models/terrain/hideout/sunkenpalace/tgms_1,1898168,7127
a1419fe8f1924338,sunkenpalace_lower_01_c3r5.tgm.header,Tiny_5,31539716,264
037764debe2fd1e1,sunkenpalace_lower_01_c3r4.tgm,Folders/art/models/terrain/hideout/sunkenpalace/tgms_1,1891723,6445
ea3f78a66f306965,sunkenpalace_lower_01_c3r4.tgm.header,Tiny_5,31539452,264
b45e390e5e8b9bbf,sunkenpalace_lower_01_c3r36.tgm,Tiny_5,31539159,293
5be400791fe6b76d,sunkenpalace_lower_01_c3r36.tgm.header,Tiny_5,30401710,264
5c493edfd66f71ee,sunkenpalace_lower_01_c3r35.tgm,Tiny_5,31538742,417
1c812ef00a5d703b,sunkenpalace_lower_01_c3r35.tgm.header,Tiny_5,30401153,264
c9d2b068e5587bbe,sunkenpalace_lower_01_c3r34.tgm,Tiny_5,31538201,541
89a749e422d126ca,sunkenpalace_lower_01_c3r34.tgm.header,Tiny_5,30400472,264
23d284dcfc756411,sunkenpalace_lower_01_c3r33.tgm,Tiny_5,31537536,665
75abffe1e7586673,sunkenpalace_lower_01_c3r33.tgm.header,Tiny_5,30454720,264
5277d03a5c3a99e8,sunkenpalace_lower_01_c3r32.tgm,Tiny_5,31535267,2005
7c796cc79c653242,sunkenpalace_lower_01_c3r32.tgm.header,Tiny_5,31537272,264
cb753a3db92899c0,sunkenpalace_lower_01_c3r31.tgm,Tiny_5,31531530,3473
d51527d17f1bfaf4,sunkenpalace_lower_01_c3r31.tgm.header,Tiny_5,31535003,264
0dc386f0aee4f07d,sunkenpalace_lower_01_c3r30.tgm,Folders/art/models/terrain/hideout/sunkenpalace/tgms_1,1886778,4945
1169caccde0995c4,sunkenpalace_lower_01_c3r30.tgm.header,Tiny_5,31531266,264
d2073bda07b0b9d6,sunkenpalace_lower_01_c3r3.tgm,Tiny_5,31527285,3717
bbbe2e2bc043f84f,sunkenpalace_lower_01_c3r3.tgm.header,Tiny_5,31531002,264
d186c3bd99043262,sunkenpalace_lower_01_c3r29.tgm,Folders/art/models/terrain/hideout/sunkenpalace/tgms_1,1880971,5807
1e8d8223a6959407,sunkenpalace_lower_01_c3r29.tgm.header,Tiny_5,31527021,264
46f6b1b155590789,sunkenpalace_lower_01_c3r28.tgm,Folders/art/models/terrain/hideout/sunkenpalace/tgms_1,1875672,5299
fc56272f87954bf8,sunkenpalace_lower_01_c3r28.tgm.header,Tiny_5,31526757,264
1034792011fffbf2,sunkenpalace_lower_01_c3r27.tgm,Tiny_5,31522832,3661
1d0e5925a50bbce1,sunkenpalace_lower_01_c3r27.tgm.header,Tiny_5,31526493,264
539c7866738949d1,sunkenpalace_lower_01_c3r26.tgm,Tiny_5,31518665,3903
45588d45b7ff1197,sunkenpalace_lower_01_c3r26.tgm.header,Tiny_5,31522568,264
1cabaaa5fe0590b8,sunkenpalace_lower_01_c3r25.tgm,Folders/art/models/terrain/hideout/sunkenpalace/tgms_1,1870839,4833
2216c97bdd4d1471,sunkenpalace_lower_01_c3r25.tgm.header,Tiny_5,31518401,264
eef4d3fe641e9ee5,sunkenpalace_lower_01_c3r24.tgm,Folders/art/models/terrain/hideout/sunkenpalace/tgms_1,1866688,4151
cec303a3fd8e45bc,sunkenpalace_lower_01_c3r24.tgm.header,Tiny_5,31518137,264
0f2cac5149036b98,sunkenpalace_lower_01_c3r23.tgm,Folders/art/models/terrain/hideout/sunkenpalace/tgms_1,1862351,4337
999428954b7f43b4,sunkenpalace_lower_01_c3r23.tgm.header,Tiny_5,31517873,264
96f77faa484264a5,sunkenpalace_lower_01_c3r22.tgm,Tiny_5,31514388,3221
f9b37455a0943071,sunkenpalace_lower_01_c3r22.tgm.header,Tiny_5,31517609,264
a4f2b9fb257b346d,sunkenpalace_lower_01_c3r21.tgm,Folders/art/models/terrain/hideout/sunkenpalace/tgms_1,1856154,6197
cabe87f8ef509f61,sunkenpalace_lower_01_c3r21.tgm.header,Tiny_5,31514124,264
a82135b963e54f10,sunkenpalace_lower_01_c3r20.tgm,Folders/art/models/terrain/hideout/sunkenpalace/tgms_1,1850577,5577
5929289c9a2f8cc7,sunkenpalace_lower_01_c3r20.tgm.header,Tiny_5,31513860,264
2d46a9dbd77f2bb8,sunkenpalace_lower_01_c3r2.tgm,Tiny_5,31511181,2415
8d6ca39f4fca1fd3,sunkenpalace_lower_01_c3r2.tgm.header,Tiny_5,31513596,264
5fd7369a8e534c05,sunkenpalace_lower_01_c3r19.tgm,Folders/art/models/terrain/hideout/sunkenpalace/tgms_1,1846054,4523
f817429ce078477c,sunkenpalace_lower_01_c3r19.tgm.header,Tiny_5,31510917,264
304324238a375373,sunkenpalace_lower_01_c3r18.tgm,Folders/art/models/terrain/hideout/sunkenpalace/tgms_1,1841469,4585
75f12571ef026ac1,sunkenpalace_lower_01_c3r18.tgm.header,Tiny_5,31510653,264
9989393264b8312a,sunkenpalace_lower_01_c3r17.tgm,Tiny_5,31506362,4027
f81bb97e44c13048,sunkenpalace_lower_01_c3r17.tgm.header,Tiny_5,31510389,264
4b973ea3ed158e0a,sunkenpalace_lower_01_c3r16.tgm,Folders/art/models/terrain/hideout/sunkenpalace/tgms_1,1835706,5763
cd47a55c7a4017dd,sunkenpalace_lower_01_c3r16.tgm.header,Tiny_5,31506098,264
d14dc5a45d2ab05e,sunkenpalace_lower_01_c3r15.tgm,Folders/art/models/terrain/hideout/sunkenpalace/tgms_1,1829757,5949
2566eb4d1f0b71bb,sunkenpalace_lower_01_c3r15.tgm.header,Tiny_5,31505834,264
2c863f19616e0603,sunkenpalace_lower_01_c3r14.tgm,Folders/art/models/terrain/hideout/sunkenpalace/tgms_1,1823498,6259
2f9e28839a577d58,sunkenpalace_lower_01_c3r14.tgm.header,Tiny_5,31505570,264
2bce02ece276cdcd,sunkenpalace_lower_01_c3r13.tgm,Folders/art/models/terrain/hideout/sunkenpalace/tgms_1,1817301,6197
9ca7455dcb4ec0b3,sunkenpalace_lower_01_c3r13.tgm.header,Tiny_5,31505306,264
d1cd4fdf2c8c2410,sunkenpalace_lower_01_c3r12.tgm,Folders/art/models/terrain/hideout/sunkenpalace/tgms_1,1811662,5639
7486e9e3f12d2651,sunkenpalace_lower_01_c3r12.tgm.header,Tiny_5,31505042,264
901bdb6d9ff235d4,sunkenpalace_lower_01_c3r11.tgm,Folders/art/models/terrain/hideout/sunkenpalace/tgms_1,1806581,5081
0e448cafd94c9ac0,sunkenpalace_lower_01_c3r11.tgm.header,Tiny_5,31504778,264
d4d4bd978987a313,sunkenpalace_lower_01_c3r10.tgm,Folders/art/models/terrain/hideout/sunkenpalace/tgms_1,1801810,4771
2dfa34a3bf91aaca,sunkenpalace_lower_01_c3r10.tgm.header,Tiny_5,31504514,264
22625aac81ba74a6,sunkenpalace_lower_01_c3r1.tgm,Folders/art/models/terrain/hideout/sunkenpalace/tgms_1,1795489,6321
33e3ed32950554f1,sunkenpalace_lower_01_c3r1.tgm.header,Tiny_5,31504250,264
db50e2f99635c7b9,sunkenpalace_lower_01_c33r9.tgm,Folders/art/models/terrain/hideout/sunkenpalace/tgms_1,1785214,10275
eac4001f5fd5c281,sunkenpalace_lower_01_c33r9.tgm.header,Tiny_5,31503986,264
6f591d05b06a5116,sunkenpalace_lower_01_c33r8.tgm,Folders/art/models/terrain/hideout/sunkenpalace/tgms_1,1774691,10523
1a06132895a32c75,sunkenpalace_lower_01_c33r8.tgm.header,Tiny_5,31503722,264
6ae4f2a659b87c4d,sunkenpalace_lower_01_c33r7.tgm,Folders/art/models/terrain/hideout/sunkenpalace/tgms_1,1763920,10771
0f80e44240455d7e,sunkenpalace_lower_01_c33r7.tgm.header,Tiny_5,31503458,264
e003f4ff992a4039,sunkenpalace_lower_01_c33r6.tgm,Folders/art/models/terrain/hideout/sunkenpalace/tgms_1,1752901,11019
f823f17ae14d0f40,sunkenpalace_lower_01_c33r6.tgm.header,Tiny_5,31503194,264
efba5bd7a7b81def,sunkenpalace_lower_01_c33r5.tgm,Folders/art/models/terrain/hideout/sunkenpalace/tgms_1,1743280,9621
cb0dd2dd3de0cbda,sunkenpalace_lower_01_c33r5.tgm.header,Tiny_5,31502930,264
fef06306ec48ee1d,sunkenpalace_lower_01_c33r4.tgm,Folders/art/models/terrain/hideout/sunkenpalace/tgms_1,1735175,8105
2c0161df36f2a554,sunkenpalace_lower_01_c33r4.tgm.header,Tiny_5,31502666,264
773fcbd3f5bdc0f5,sunkenpalace_lower_01_c33r36.tgm,Tiny_5,31500125,2277
0660face3afb6148,sunkenpalace_lower_01_c33r36.tgm.header,Tiny_5,31502402,264
9fdf370396565a79,sunkenpalace_lower_01_c33r35.tgm,Folders/art/models/terrain/hideout/sunkenpalace/tgms_1,1728806,6369
2294b48a4210aaa1,sunkenpalace_lower_01_c33r35.tgm.header,Tiny_5,31499861,264
468f35691da3964f,sunkenpalace_lower_01_c33r34.tgm,Folders/art/models/terrain/hideout/sunkenpalace/tgms_1,1718627,10179
8c2cbcab7da3e2d8,sunkenpalace_lower_01_c33r34.tgm.header,Tiny_5,31499597,264
27cd04aa66c1c3a1,sunkenpalace_lower_01_c33r33.tgm,Folders/art/models/terrain/hideout/sunkenpalace/tgms_1,1706030,12597
1a14f97b60cc3136,sunkenpalace_lower_01_c33r33.tgm.header,Tiny_5,31499333,264
84e86e4ee64b0cec,sunkenpalace_lower_01_c33r32.tgm,Folders/art/models/terrain/hideout/sunkenpalace/tgms_1,1692159,13871
b2b0db8010f4d017,sunkenpalace_lower_01_c33r32.tgm.header,Tiny_5,31499069,264
5f8408cc699b4880,sunkenpalace_lower_01_c33r31.tgm,Folders/art/models/terrain/hideout/sunkenpalace/tgms_1,1677296,14863
0ed02c55535ffda5,sunkenpalace_lower_01_c33r31.tgm.header,Tiny_5,31498805,264
9af3793fb9c2f692,sunkenpalace_lower_01_c33r30.tgm,Folders/art/models/terrain/hideout/sunkenpalace/tgms_1,1662219,15077
1e4f4b12b277a8e7,sunkenpalace_lower_01_c33r30.tgm.header,Tiny_5,31498541,264
6aa5ce84f171349a,sunkenpalace_lower_01_c33r3.tgm,Folders/art/models/terrain/hideout/sunkenpalace/tgms_1,1653990,8229
4ba0454329176fb9,sunkenpalace_lower_01_c33r3.tgm.header,Tiny_5,31498277,264
6c3ac2dac3ae7469,sunkenpalace_lower_01_c33r29.tgm,Folders/art/models/terrain/hideout/sunkenpalace/tgms_1,1638507,15483
71acd10f2278704f,sunkenpalace_lower_01_c33r29.tgm.header,Tiny_5,31498013,264
9cc635bb91d2a33c,sunkenpalace_lower_01_c33r28.tgm,Folders/art/models/terrain/hideout/sunkenpalace/tgms_1,1622528,15979
44b027116bc43b19,sunkenpalace_lower_01_c33r28.tgm.header,Tiny_5,31497749,264
7abef782f92b47fd,sunkenpalace_lower_01_c33r27.tgm,Folders/art/models/terrain/hideout/sunkenpalace/tgms_1,1606487,16041
f4ae9ca09f2c6162,sunkenpalace_lower_01_c33r27.tgm.header,Tiny_5,31497485,264
9a3fc297d442ea1b,sunkenpalace_lower_01_c33r26.tgm,Folders/art/models/terrain/hideout/sunkenpalace/tgms_1,1590728,15759
b9905e6202e609c5,sunkenpalace_lower_01_c33r26.tgm.header,Tiny_5,31497221,264
90da54d8cc2c692c,sunkenpalace_lower_01_c33r25.tgm,Folders/art/models/terrain/hideout/sunkenpalace/tgms_1,1575651,15077
d509d8e9d46efb75,sunkenpalace_lower_01_c33r25.tgm.header,Tiny_5,31496957,264
05aaa402db8b018a,sunkenpalace_lower_01_c33r24.tgm,Folders/art/models/terrain/hideout/sunkenpalace/tgms_1,1560106,15545
072eca0e9d0f37bb,sunkenpalace_lower_01_c33r24.tgm.header,Tiny_5,31496693,264
49ce5d4dae112e59,sunkenpalace_lower_01_c33r23.tgm,Folders/art/models/terrain/hideout/sunkenpalace/tgms_1,1544127,15979
69d5ee4f064f1f6c,sunkenpalace_lower_01_c33r23.tgm.header,Tiny_5,31496429,264
954fde24bb4dfe94,sunkenpalace_lower_01_c33r22.tgm,Folders/art/models/terrain/hideout/sunkenpalace/tgms_1,1528706,15421
7072582e6e08d1b0,sunkenpalace_lower_01_c33r22.tgm.header,Tiny_5,31496165,264
2fca8382c810ce03,sunkenpalace_lower_01_c33r21.tgm,Folders/art/models/terrain/hideout/sunkenpalace/tgms_1,1513285,15421
ed0d3ce0772518fd,sunkenpalace_lower_01_c33r21.tgm.header,Tiny_5,31496165,264
35ff1f2570a94b04,sunkenpalace_lower_01_c33r20.tgm,Folders/art/models/terrain/hideout/sunkenpalace/tgms_1,1497864,15421
cb8f9271678ab57f,sunkenpalace_lower_01_c33r20.tgm.header,Tiny_5,31496165,264
3f2b9eb676d059b1,sunkenpalace_lower_01_c33r2.tgm,Folders/art/models/terrain/hideout/sunkenpalace/tgms_1,1489511,8353
f018e9224675bd80,sunkenpalace_lower_01_c33r2.tgm.header,Tiny_5,31495901,264
c53d1122da2d7a28,sunkenpalace_lower_01_c33r19.tgm,Folders/art/models/terrain/hideout/sunkenpalace/tgms_1,1475302,14209
0a31c25ed88bfd4d,sunkenpalace_lower_01_c33r19.tgm.header,Tiny_5,31495637,264
bf0f2115007fdbe7,sunkenpalace_lower_01_c33r18.tgm,Folders/art/models/terrain/hideout/sunkenpalace/tgms_1,1461493,13809
a44d68f81b589a49,sunkenpalace_lower_01_c33r18.tgm.header,Tiny_5,31495373,264
f4f6d9c3dc82e04f,sunkenpalace_lower_01_c33r17.tgm,Folders/art/models/terrain/hideout/sunkenpalace/tgms_1,1447064,14429
833b6ed179b46fc5,sunkenpalace_lower_01_c33r17.tgm.header,Tiny_5,31495109,264
77c5c3ed9414055d,sunkenpalace_lower_01_c33r16.tgm,Folders/art/models/terrain/hideout/sunkenpalace/tgms_1,1433069,13995
c4a44744fffc4dc6,sunkenpalace_lower_01_c33r16.tgm.header,Tiny_5,31494845,264
5eacd016a1235652,sunkenpalace_lower_01_c33r15.tgm,Folders/art/models/terrain/hideout/sunkenpalace/tgms_1,1419694,13375
1ea44f684c61b498,sunkenpalace_lower_01_c33r15.tgm.header,Tiny_5,31494581,264
813c0aa908b731d5,sunkenpalace_lower_01_c33r14.tgm,Folders/art/models/terrain/hideout/sunkenpalace/tgms_1,1405823,13871
a5ceb55260467432,sunkenpalace_lower_01_c33r14.tgm.header,Tiny_5,31494317,264
98cbe8afb8af36a0,sunkenpalace_lower_01_c33r13.tgm,Folders/art/models/terrain/hideout/sunkenpalace/tgms_1,1392696,13127
ee3f74bde37d3f82,sunkenpalace_lower_01_c33r13.tgm.header,Tiny_5,31494053,264
c009860ae6e91cf3,sunkenpalace_lower_01_c33r12.tgm,Folders/art/models/terrain/hideout/sunkenpalace/tgms_1,1380499,12197
716497702fb1d338,sunkenpalace_lower_01_c33r12.tgm.header,Tiny_5,31493789,264
edffd1c612f07c1b,sunkenpalace_lower_01_c33r11.tgm,Folders/art/models/terrain/hideout/sunkenpalace/tgms_1,1367930,12569
340f9be090107a8e,sunkenpalace_lower_01_c33r11.tgm.header,Tiny_5,31493525,264
9287a373ce74fa27,sunkenpalace_lower_01_c33r10.tgm,Folders/art/models/terrain/hideout/sunkenpalace/tgms_1,1356449,11481
70d5664bab8c0af9,sunkenpalace_lower_01_c33r10.tgm.header,Tiny_5,31493261,264
5ec81b26d7eabdbb,sunkenpalace_lower_01_c33r1.tgm,Folders/art/models/terrain/hideout/sunkenpalace/tgms_1,1352126,4323
a878ee579449f795,sunkenpalace_lower_01_c33r1.tgm.header,Tiny_5,31492997,264
fdd2b7a84efa64dc,sunkenpalace_lower_01_c32r9.tgm,Tiny_5,31490304,2429
5810b21d2d201c27,sunkenpalace_lower_01_c32r9.tgm.header,Tiny_5,31492733,264
b67c3b166c8cf270,sunkenpalace_lower_01_c32r8.tgm,Tiny_5,31488027,2277
9328cfac21dd4868,sunkenpalace_lower_01_c32r8.tgm.header,Tiny_5,31359953,264
e58e2c1c98b2d871,sunkenpalace_lower_01_c32r7.tgm,Tiny_5,31486060,1967
3ac398281338c5d3,sunkenpalace_lower_01_c32r7.tgm.header,Tiny_5,31224715,264
fea6accd46d9d010,sunkenpalace_lower_01_c32r6.tgm,Tiny_5,31483845,2215
f4824d84229fdded,sunkenpalace_lower_01_c32r6.tgm.header,Tiny_5,31325291,264
8fd19915e0546524,sunkenpalace_lower_01_c32r5.tgm,Tiny_5,31481382,2463
87b521aad7fcf4f6,sunkenpalace_lower_01_c32r5.tgm.header,Tiny_5,31345104,264
8c48d33460e3c44c,sunkenpalace_lower_01_c32r4.tgm,Tiny_5,31478971,2147
7fe32438a21c100f,sunkenpalace_lower_01_c32r4.tgm.header,Tiny_5,31481118,264
e378a368e273b5e0,sunkenpalace_lower_01_c32r36.tgm,Tiny_5,31478678,293
bd26d27fe0e484da,sunkenpalace_lower_01_c32r36.tgm.header,Tiny_5,30401710,264
880922e8e29ee14c,sunkenpalace_lower_01_c32r35.tgm,Tiny_5,31478261,417
9059fcb8537eca4b,sunkenpalace_lower_01_c32r35.tgm.header,Tiny_5,30401153,264
f1cf0503b4199d17,sunkenpalace_lower_01_c32r34.tgm,Tiny_5,31477534,727
4e0e08db50782e49,sunkenpalace_lower_01_c32r34.tgm.header,Tiny_5,31246044,264
71539019342a4887,sunkenpalace_lower_01_c32r33.tgm,Tiny_5,31475753,1781
67db18f75cbcd97a,sunkenpalace_lower_01_c32r33.tgm.header,Tiny_5,30825285,264
00c6ec00dc6f9809,sunkenpalace_lower_01_c32r32.tgm,Tiny_5,31473032,2457
b9f412a345657ab5,sunkenpalace_lower_01_c32r32.tgm.header,Tiny_5,31475489,264
54b62a39f4adb604,sunkenpalace_lower_01_c32r31.tgm,Tiny_5,31470587,2181
c57ab516fbb2866c,sunkenpalace_lower_01_c32r31.tgm.header,Tiny_5,31472768,264
a7c4232623ab1914,sunkenpalace_lower_01_c32r30.tgm,Tiny_5,31468260,2063
e16dc6236aba5858,sunkenpalace_lower_01_c32r30.tgm.header,Tiny_5,31470323,264
93b983f81ec553e2,sunkenpalace_lower_01_c32r3.tgm,Tiny_5,31466603,1657
ed1810a6a4b59823,sunkenpalace_lower_01_c32r3.tgm.header,Tiny_5,30704961,264
181fff44c48abaf4,sunkenpalace_lower_01_c32r29.tgm,Tiny_5,31464468,1871
98fdfc9563d2d801,sunkenpalace_lower_01_c32r29.tgm.header,Tiny_5,31466339,264
4b0956fb332c9153,sunkenpalace_lower_01_c32r28.tgm,Tiny_5,31462845,1623
157e11bb56efa937,sunkenpalace_lower_01_c32r28.tgm.header,Tiny_5,31199767,264
638bb95f6a4425f2,sunkenpalace_lower_01_c32r27.tgm,Tiny_5,31461064,1781
f1446b99a59e05ab,sunkenpalace_lower_01_c32r27.tgm.header,Tiny_5,30825285,264
14999ab7debb6bb4,sunkenpalace_lower_01_c32r26.tgm,Tiny_5,31459255,1809
5592151163a3de6a,sunkenpalace_lower_01_c32r26.tgm.header,Tiny_5,31089489,264
0186b03fadff7b75,sunkenpalace_lower_01_c32r25.tgm,Tiny_5,31457756,1499
765200aa887bfaad,sunkenpalace_lower_01_c32r25.tgm.header,Tiny_5,31137945,264
7eab58316811e905,sunkenpalace_lower_01_c32r24.tgm,Tiny_5,31456381,1375
cf86cc107f4db5ec,sunkenpalace_lower_01_c32r24.tgm.header,Tiny_5,30987320,264
85c5496571a8316c,sunkenpalace_lower_01_c32r23.tgm,Tiny_5,31454972,1409
367fab994f6b65b4,sunkenpalace_lower_01_c32r23.tgm.header,Tiny_5,30708431,264
1b082d437248ce42,sunkenpalace_lower_01_c32r22.tgm,Tiny_5,31453473,1499
e0346ddeaaa92f17,sunkenpalace_lower_01_c32r22.tgm.header,Tiny_5,31137945,264
c97d8bc7170c3d66,sunkenpalace_lower_01_c32r21.tgm,Tiny_5,31451816,1657
237b87b5f6a2f888,sunkenpalace_lower_01_c32r21.tgm.header,Tiny_5,30704961,264
6639f69e53db1355,sunkenpalace_lower_01_c32r20.tgm,Tiny_5,31449849,1967
e1c65206be9800b6,sunkenpalace_lower_01_c32r20.tgm.header,Tiny_5,31224715,264
2dafc62d18faa096,sunkenpalace_lower_01_c32r2.tgm,Tiny_5,31448068,1781
95eb227c8416fa57,sunkenpalace_lower_01_c32r2.tgm.header,Tiny_5,30825285,264
80d746671ea4c4d8,sunkenpalace_lower_01_c32r19.tgm,Tiny_5,31446383,1685
ebad3b008f6ff920,sunkenpalace_lower_01_c32r19.tgm.header,Tiny_5,31178961,264
a2afef9938fc3c1d,sunkenpalace_lower_01_c32r18.tgm,Tiny_5,31444698,1685
e362604567a718cd,sunkenpalace_lower_01_c32r18.tgm.header,Tiny_5,31178961,264
08311d62c9088ef2,sunkenpalace_lower_01_c32r17.tgm,Tiny_5,31443041,1657
e0d27f4403db6055,sunkenpalace_lower_01_c32r17.tgm.header,Tiny_5,30704961,264
1e195b2886937aee,sunkenpalace_lower_01_c32r16.tgm,Tiny_5,31441384,1657
b32772394e1e9614,sunkenpalace_lower_01_c32r16.tgm.header,Tiny_5,30704961,264
4084915271459bda,sunkenpalace_lower_01_c32r15.tgm,Tiny_5,31439355,2029
67e64297469fe91d,sunkenpalace_lower_01_c32r15.tgm.header,Tiny_5,31252885,264
7233879e65987d0e,sunkenpalace_lower_01_c32r14.tgm,Tiny_5,31437264,2091
6410eeee05b143b0,sunkenpalace_lower_01_c32r14.tgm.header,Tiny_5,31175451,264
931ad997e8b6c8a0,sunkenpalace_lower_01_c32r13.tgm,Tiny_5,31435111,2153
f2bc43fbef304736,sunkenpalace_lower_01_c32r13.tgm.header,Tiny_5,31357412,264
414d0465f37a71bd,sunkenpalace_lower_01_c32r12.tgm,Tiny_5,31432790,2057
fc2efb196101277f,sunkenpalace_lower_01_c32r12.tgm.header,Tiny_5,31434847,264
9bc73d635ea94b46,sunkenpalace_lower_01_c32r11.tgm,Tiny_5,31430947,1843
6ace842ba361fd23,sunkenpalace_lower_01_c32r11.tgm.header,Tiny_5,31040967,264
c821156c48a75b39,sunkenpalace_lower_01_c32r10.tgm,Tiny_5,31428856,2091
8aac217132fe335f,sunkenpalace_lower_01_c32r10.tgm.header,Tiny_5,31175451,264
d754784a048cf7f5,sunkenpalace_lower_01_c32r1.tgm,Tiny_5,31427819,1037
6825e77df866857b,sunkenpalace_lower_01_c32r1.tgm.header,Tiny_5,31065535,264
fb489dbc0d88857d,sunkenpalace_lower_01_c31r9.tgm,Tiny_5,31426100,1719
d6442e09ad9c15d4,sunkenpalace_lower_01_c31r9.tgm.header,Tiny_5,30967787,264
1a30b40524536740,sunkenpalace_lower_01_c31r8.tgm,Tiny_5,31423947,2153
e430d4add32ca818,sunkenpalace_lower_01_c31r8.tgm.header,Tiny_5,31357412,264
4acf37c80d21da68,sunkenpalace_lower_01_c31r7.tgm,Tiny_5,31421856,2091
f95a593b88d70edb,sunkenpalace_lower_01_c31r7.tgm.header,Tiny_5,31175451,264
01bfcd80b22d4884,sunkenpalace_lower_01_c31r6.tgm,Tiny_5,31420013,1843
8ee4c8b1ea462c8c,sunkenpalace_lower_01_c31r6.tgm.header,Tiny_5,31040967,264
ba5cb963339be709,sunkenpalace_lower_01_c31r5.tgm,Tiny_5,31417922,2091
5528b70e99a92b0a,sunkenpalace_lower_01_c31r5.tgm.header,Tiny_5,31175451,264
a2277428034a8061,sunkenpalace_lower_01_c31r4.tgm,Tiny_5,31415319,2339
60d713cb709e8707,sunkenpalace_lower_01_c31r4.tgm.header,Tiny_5,31417658,264
9289c0f2b7622417,sunkenpalace_lower_01_c31r36.tgm,Tiny_5,31415026,293
b02011e439877b16,sunkenpalace_lower_01_c31r36.tgm.header,Tiny_5,30401710,264
a53fcf3b0d5c9584,sunkenpalace_lower_01_c31r35.tgm,Tiny_5,31414609,417
67e8649f538df3b3,sunkenpalace_lower_01_c31r35.tgm.header,Tiny_5,30401153,264
e3ee61f246cd4fed,sunkenpalace_lower_01_c31r34.tgm,Tiny_5,31414068,541
79ad60671526c57f,sunkenpalace_lower_01_c31r34.tgm.header,Tiny_5,30400472,264
ac394a2bb6667d68,sunkenpalace_lower_01_c31r33.tgm,Tiny_5,31413313,755
932fd3be672f72ad,sunkenpalace_lower_01_c31r33.tgm.header,Tiny_5,31043693,264
6a751bf3db5e21fb,sunkenpalace_lower_01_c31r32.tgm,Tiny_5,31411296,1753
f77e12ac88d15211,sunkenpalace_lower_01_c31r32.tgm.header,Tiny_5,31413049,264
d773e57330ed5439,sunkenpalace_lower_01_c31r31.tgm,Tiny_5,31408659,2373
f14a49ea8e5744b5,sunkenpalace_lower_01_c31r31.tgm.header,Tiny_5,31411032,264
7843042d26c6a4f4,sunkenpalace_lower_01_c31r30.tgm,Tiny_5,31406400,1995
0b27a6c8801898b9,sunkenpalace_lower_01_c31r30.tgm.header,Tiny_5,31408395,264
fec1b08c152fe507,sunkenpalace_lower_01_c31r3.tgm,Tiny_5,31404017,2119
1ebb8af2afd214d2,sunkenpalace_lower_01_c31r3.tgm.header,Tiny_5,31406136,264
8ac6385226e3b539,sunkenpalace_lower_01_c31r29.tgm,Tiny_5,31401988,2029
c1c42ca44e4c8a5c,sunkenpalace_lower_01_c31r29.tgm.header,Tiny_5,31252885,264
cf471624c6319865,sunkenpalace_lower_01_c31r28.tgm,Tiny_5,31399847,1877
8e3a6a8b08edc7eb,sunkenpalace_lower_01_c31r28.tgm.header,Tiny_5,31401724,264
f4e3e2b93704406e,sunkenpalace_lower_01_c31r27.tgm,Tiny_5,31398038,1809
96cbd0f6f49b97e7,sunkenpalace_lower_01_c31r27.tgm.header,Tiny_5,31089489,264
22fb0f4406888795,sunkenpalace_lower_01_c31r26.tgm,Tiny_5,31396443,1595
934973c076af6ffe,sunkenpalace_lower_01_c31r26.tgm.header,Tiny_5,31055453,264
c156546e173fa5f0,sunkenpalace_lower_01_c31r25.tgm,Tiny_5,31394882,1561
564fe412c93b6447,sunkenpalace_lower_01_c31r25.tgm.header,Tiny_5,31048939,264
1e17544cda234ec9,sunkenpalace_lower_01_c31r24.tgm,Tiny_5,31393101,1781
8167ec6327befccc,sunkenpalace_lower_01_c31r24.tgm.header,Tiny_5,30825285,264
513dd90081893e67,sunkenpalace_lower_01_c31r23.tgm,Tiny_5,31391134,1967
335a979feef23a32,sunkenpalace_lower_01_c31r23.tgm.header,Tiny_5,31224715,264
2d6e364b3e6c157c,sunkenpalace_lower_01_c31r22.tgm,Tiny_5,31389105,2029
a49fac596ec91df3,sunkenpalace_lower_01_c31r22.tgm.header,Tiny_5,31252885,264
c5e0d73c887f937e,sunkenpalace_lower_01_c31r21.tgm,Tiny_5,31386908,1933
5d7cd22d0f5f9bae,sunkenpalace_lower_01_c31r21.tgm.header,Tiny_5,31388841,264
110a3104a064e969,sunkenpalace_lower_01_c31r20.tgm,Tiny_5,31385127,1781
048acccbe3f261e7,sunkenpalace_lower_01_c31r20.tgm.header,Tiny_5,30825285,264
1f4a002b95c48b17,sunkenpalace_lower_01_c31r2.tgm,Tiny_5,31383470,1657
245bed5cd8d9f95f,sunkenpalace_lower_01_c31r2.tgm.header,Tiny_5,30704961,264
58af61ad0b8ead79,sunkenpalace_lower_01_c31r19.tgm,Tiny_5,31382033,1437
669cdc3d1bc80791,sunkenpalace_lower_01_c31r19.tgm.header,Tiny_5,31171811,264
66aab6df8976bd40,sunkenpalace_lower_01_c31r18.tgm,Tiny_5,31380596,1437
8e1e8bfc2351571e,sunkenpalace_lower_01_c31r18.tgm.header,Tiny_5,31171811,264
f5c010c3e1bc0207,sunkenpalace_lower_01_c31r17.tgm,Tiny_5,31378877,1719
d2336a076fc9a5d7,sunkenpalace_lower_01_c31r17.tgm.header,Tiny_5,30967787,264
f73c9a6a95b1c088,sunkenpalace_lower_01_c31r16.tgm,Tiny_5,31377096,1781
1a91a95d5f55053f,sunkenpalace_lower_01_c31r16.tgm.header,Tiny_5,30825285,264
6a0daf05511c26a5,sunkenpalace_lower_01_c31r15.tgm,Tiny_5,31375253,1843
c5c40626a5bb9f18,sunkenpalace_lower_01_c31r15.tgm.header,Tiny_5,31040967,264
7f4182165ea4dfba,sunkenpalace_lower_01_c31r14.tgm,Tiny_5,31373348,1905
c3bacae6b33c2505,sunkenpalace_lower_01_c31r14.tgm.header,Tiny_5,31239694,264
323b34529bb8ceb4,sunkenpalace_lower_01_c31r13.tgm,Tiny_5,31371381,1967
3dc3ef8e86562d3d,sunkenpalace_lower_01_c31r13.tgm.header,Tiny_5,31224715,264
b720f37ee5fb120f,sunkenpalace_lower_01_c31r12.tgm,Tiny_5,31369538,1843
fc34a66debab017d,sunkenpalace_lower_01_c31r12.tgm.header,Tiny_5,31040967,264
9beae373ad8d8994,sunkenpalace_lower_01_c31r11.tgm,Tiny_5,31367093,2181
6ec6df68ddef0946,sunkenpalace_lower_01_c31r11.tgm.header,Tiny_5,31369274,264
644ddeb001a5ba51,sunkenpalace_lower_01_c31r10.tgm,Tiny_5,31365064,2029
f7457f8a821981d0,sunkenpalace_lower_01_c31r10.tgm.header,Tiny_5,31252885,264
957a5fd314f5db72,sunkenpalace_lower_01_c31r1.tgm,Tiny_5,31364089,975
dedb85788c47fea8,sunkenpalace_lower_01_c31r1.tgm.header,Tiny_5,30645144,264
e773078399271623,sunkenpalace_lower_01_c30r9.tgm,Tiny_5,31362060,2029
b78bb8d16a7ef7bb,sunkenpalace_lower_01_c30r9.tgm.header,Tiny_5,31252885,264
045442ab7e9d57fd,sunkenpalace_lower_01_c30r8.tgm,Tiny_5,31360217,1843
1e71bf7f283fa7be,sunkenpalace_lower_01_c30r8.tgm.header,Tiny_5,31040967,264
38eda9ba28526db1,sunkenpalace_lower_01_c30r7.tgm,Tiny_5,31357676,2277
9c8c67a6e322598b,sunkenpalace_lower_01_c30r7.tgm.header,Tiny_5,31359953,264
73fcaf09d167978e,sunkenpalace_lower_01_c30r6.tgm,Tiny_5,31355259,2153
0f55464e0481a7f1,sunkenpalace_lower_01_c30r6.tgm.header,Tiny_5,31357412,264
c7fe4b9799d5f038,sunkenpalace_lower_01_c30r5.tgm,Tiny_5,31353416,1843
ae80d11c34615910,sunkenpalace_lower_01_c30r5.tgm.header,Tiny_5,31040967,264
5dcf26cbb86b1590,sunkenpalace_lower_01_c30r4.tgm,Tiny_5,31351325,2091
3dce0153c6a30650,sunkenpalace_lower_01_c30r4.tgm.header,Tiny_5,31175451,264
162cb59008b96fef,sunkenpalace_lower_01_c30r36.tgm,Tiny_5,31351032,293
be2a0917d66fb451,sunkenpalace_lower_01_c30r36.tgm.header,Tiny_5,30401710,264
679e3ac9f5ab71a5,sunkenpalace_lower_01_c30r35.tgm,Tiny_5,31350615,417
8b5cbe826a800120,sunkenpalace_lower_01_c30r35.tgm.header,Tiny_5,30401153,264
5e64fed768e902be,sunkenpalace_lower_01_c30r34.tgm,Tiny_5,31350074,541
34494f78fa6534e4,sunkenpalace_lower_01_c30r34.tgm.header,Tiny_5,30400472,264
4363de23ccf6a703,sunkenpalace_lower_01_c30r33.tgm,Tiny_5,31349409,665
16f9ebd569bbb8ca,sunkenpalace_lower_01_c30r33.tgm.header,Tiny_5,30454720,264
bcc40e08f0e9e5bb,sunkenpalace_lower_01_c30r32.tgm,Tiny_5,31348744,665
676f60a79c404235,sunkenpalace_lower_01_c30r32.tgm.header,Tiny_5,30454720,264
f805628e29d88f36,sunkenpalace_lower_01_c30r31.tgm,Tiny_5,31347397,1347
1a13d5b66367f156,sunkenpalace_lower_01_c30r31.tgm.header,Tiny_5,30842619,264
252b03b95e2f91fe,sunkenpalace_lower_01_c30r30.tgm,Tiny_5,31345368,2029
a4de3751c385e1e8,sunkenpalace_lower_01_c30r30.tgm.header,Tiny_5,31252885,264
9efa806c7d5d6377,sunkenpalace_lower_01_c30r3.tgm,Tiny_5,31342641,2463
e9baa17b7275e8ed,sunkenpalace_lower_01_c30r3.tgm.header,Tiny_5,31345104,264
9d318a75578d3c57,sunkenpalace_lower_01_c30r29.tgm,Tiny_5,31340286,2091
37e40c49007662c3,sunkenpalace_lower_01_c30r29.tgm.header,Tiny_5,31342377,264
e341ad2e12c37153,sunkenpalace_lower_01_c30r28.tgm,Tiny_5,31338151,1871
b79b5624305aac11,sunkenpalace_lower_01_c30r28.tgm.header,Tiny_5,31340022,264
5f458c76b6c9f708,sunkenpalace_lower_01_c30r27.tgm,Tiny_5,31336432,1719
f648615d8a7bff64,sunkenpalace_lower_01_c30r27.tgm.header,Tiny_5,30967787,264
6c16b6988fd310a5,sunkenpalace_lower_01_c30r26.tgm,Tiny_5,31334933,1499
37d933ebd92d8123,sunkenpalace_lower_01_c30r26.tgm.header,Tiny_5,31137945,264
321b03b4ae4af321,sunkenpalace_lower_01_c30r25.tgm,Tiny_5,31333372,1561
664fa036b6d839b8,sunkenpalace_lower_01_c30r25.tgm.header,Tiny_5,31048939,264
c656c3fd4abc24f8,sunkenpalace_lower_01_c30r24.tgm,Tiny_5,31331811,1561
ceb165a1c4a46606,sunkenpalace_lower_01_c30r24.tgm.header,Tiny_5,31048939,264
3e8d1cf34819278c,sunkenpalace_lower_01_c30r23.tgm,Tiny_5,31330340,1471
1ead6ee41694f3ca,sunkenpalace_lower_01_c30r23.tgm.header,Tiny_5,31005881,264
735c5ae048334f5a,sunkenpalace_lower_01_c30r22.tgm,Tiny_5,31328745,1595
fdec2688ece69c80,sunkenpalace_lower_01_c30r22.tgm.header,Tiny_5,31055453,264
4b68ac9312f333bc,sunkenpalace_lower_01_c30r21.tgm,Tiny_5,31327150,1595
b7e49935797a7758,sunkenpalace_lower_01_c30r21.tgm.header,Tiny_5,31055453,264
0ad0d406ca3b70d7,sunkenpalace_lower_01_c30r20.tgm,Tiny_5,31325555,1595
3b764b84e64fab2f,sunkenpalace_lower_01_c30r20.tgm.header,Tiny_5,31055453,264
f8393e01c4aabb77,sunkenpalace_lower_01_c30r2.tgm,Tiny_5,31323076,2215
6403091785f91c64,sunkenpalace_lower_01_c30r2.tgm.header,Tiny_5,31325291,264
27066e3b1c4059d7,sunkenpalace_lower_01_c30r19.tgm,Tiny_5,31321701,1375
de18f4f1ae04d565,sunkenpalace_lower_01_c30r19.tgm.header,Tiny_5,30987320,264
00b6a01c8fba03d1,sunkenpalace_lower_01_c30r18.tgm,Tiny_5,31320264,1437
013e97ca6b40e51b,sunkenpalace_lower_01_c30r18.tgm.header,Tiny_5,31171811,264
3864afc9d58dd926,sunkenpalace_lower_01_c30r17.tgm,Tiny_5,31318545,1719
27cd0ee06607fe91,sunkenpalace_lower_01_c30r17.tgm.header,Tiny_5,30967787,264
330709d827aff13f,sunkenpalace_lower_01_c30r16.tgm,Tiny_5,31317108,1437
572d082f80417ce1,sunkenpalace_lower_01_c30r16.tgm.header,Tiny_5,31171811,264
6e8ae9473cb930ab,sunkenpalace_lower_01_c30r15.tgm,Tiny_5,31315575,1533
6ebb56a59330b8ef,sunkenpalace_lower_01_c30r15.tgm.header,Tiny_5,30706758,264
232ed68c020c3f0f,sunkenpalace_lower_01_c30r14.tgm,Tiny_5,31313918,1657
c8721fda6d392285,sunkenpalace_lower_01_c30r14.tgm.header,Tiny_5,30704961,264
c8607ee9dd420089,sunkenpalace_lower_01_c30r13.tgm,Tiny_5,31312137,1781
ab358c9e631f8866,sunkenpalace_lower_01_c30r13.tgm.header,Tiny_5,30825285,264
4de6d6ccdfdd1403,sunkenpalace_lower_01_c30r12.tgm,Tiny_5,31310126,1747
fb900e9dda397d0a,sunkenpalace_lower_01_c30r12.tgm.header,Tiny_5,31311873,264
8a83b1f4d8605386,sunkenpalace_lower_01_c30r11.tgm,Tiny_5,31308531,1595
e83f5626209a5c9d,sunkenpalace_lower_01_c30r11.tgm.header,Tiny_5,31055453,264
2967ecff654f2fb8,sunkenpalace_lower_01_c30r10.tgm,Tiny_5,31306502,2029
1b6f3c56258f32f3,sunkenpalace_lower_01_c30r10.tgm.header,Tiny_5,31252885,264
3c00bb02a9571b17,sunkenpalace_lower_01_c30r1.tgm,Tiny_5,31305527,975
40ace4f6be153252,sunkenpalace_lower_01_c30r1.tgm.header,Tiny_5,30645144,264
10949ceb61620591,sunkenpalace_lower_01_c2r9.tgm,Folders/art/models/terrain/hideout/sunkenpalace/tgms_1,1346735,5391
8ac6cf8fe5025dd3,sunkenpalace_lower_01_c2r9.tgm.header,Tiny_5,31305263,264
60f965c60f30cd2f,sunkenpalace_lower_01_c2r8.tgm,Folders/art/models/terrain/hideout/sunkenpalace/tgms_1,1341158,5577
dda3656199d4e439,sunkenpalace_lower_01_c2r8.tgm.header,Tiny_5,31304999,264
0f7b36ea3e2e84ea,sunkenpalace_lower_01_c2r7.tgm,Folders/art/models/terrain/hideout/sunkenpalace/tgms_1,1334775,6383
25ccfd522320a253,sunkenpalace_lower_01_c2r7.tgm.header,Tiny_5,31304735,264
dc60d9b09e9e444f,sunkenpalace_lower_01_c2r6.tgm,Folders/art/models/terrain/hideout/sunkenpalace/tgms_1,1327648,7127
f1c7f07c84aa8611,sunkenpalace_lower_01_c2r6.tgm.header,Tiny_5,31304471,264
af272ecbf70e0a56,sunkenpalace_lower_01_c2r5.tgm,Folders/art/models/terrain/hideout/sunkenpalace/tgms_1,1321017,6631
175ddb72e9efa3cc,sunkenpalace_lower_01_c2r5.tgm.header,Tiny_5,31304207,264
6f9da3d02d50b4e6,sunkenpalace_lower_01_c2r4.tgm,Folders/art/models/terrain/hideout/sunkenpalace/tgms_1,1315068,5949
f1b43cd819492bfe,sunkenpalace_lower_01_c2r4.tgm.header,Tiny_5,31303943,264
4f9b7e39086f478d,sunkenpalace_lower_01_c2r36.tgm,Tiny_5,31303386,293
6dca204348ce21a4,sunkenpalace_lower_01_c2r36.tgm.header,Tiny_5,31303679,264
d197eebf1938362b,sunkenpalace_lower_01_c2r35.tgm,Tiny_5,31302969,417
3e5ea7d557082489,sunkenpalace_lower_01_c2r35.tgm.header,Tiny_5,30401153,264
4cbb4c392e2fa183,sunkenpalace_lower_01_c2r34.tgm,Tiny_5,31302428,541
7e6bc5abb2865ee2,sunkenpalace_lower_01_c2r34.tgm.header,Tiny_5,30400472,264
7e3de1fcc4fefeaf,sunkenpalace_lower_01_c2r33.tgm,Tiny_5,31301371,793
2a871cbe8f715678,sunkenpalace_lower_01_c2r33.tgm.header,Tiny_5,31302164,264
c1069d3ff5c6dd40,sunkenpalace_lower_01_c2r32.tgm,Tiny_5,31298872,2235
ce5d8b0c0f40a565,sunkenpalace_lower_01_c2r32.tgm.header,Tiny_5,31301107,264
b04709997c8f617f,sunkenpalace_lower_01_c2r31.tgm,Tiny_5,31295291,3317
d7b42ab204e0fa82,sunkenpalace_lower_01_c2r31.tgm.header,Tiny_5,31298608,264
5edf35d9fde71b81,sunkenpalace_lower_01_c2r30.tgm,Folders/art/models/terrain/hideout/sunkenpalace/tgms_1,1310241,4827
b2f08c37f4a13c6e,sunkenpalace_lower_01_c2r30.tgm.header,Tiny_5,31295027,264
7eb45822f6bd5994,sunkenpalace_lower_01_c2r3.tgm,Folders/art/models/terrain/hideout/sunkenpalace/tgms_1,1304726,5515
cae01ee65ce818d0,sunkenpalace_lower_01_c2r3.tgm.header,Tiny_5,31294763,264
13e1eb251615e940,sunkenpalace_lower_01_c2r29.tgm,Folders/art/models/terrain/hideout/sunkenpalace/tgms_1,1299973,4753
05f17679976b0d44,sunkenpalace_lower_01_c2r29.tgm.header,Tiny_5,31294499,264
5a7c736bf5baf432,sunkenpalace_lower_01_c2r28.tgm,Tiny_5,31290704,3531
fc91552ca5f709fd,sunkenpalace_lower_01_c2r28.tgm.header,Tiny_5,31294235,264
80a9d6eb47151bfe,sunkenpalace_lower_01_c2r27.tgm,Tiny_5,31287033,3407
b135b4e6aa6d1236,sunkenpalace_lower_01_c2r27.tgm.header,Tiny_5,31290440,264
2cb48dfc0ae0c867,sunkenpalace_lower_01_c2r26.tgm,Tiny_5,31283238,3531
ae7e2c03f27e2339,sunkenpalace_lower_01_c2r26.tgm.header,Tiny_5,31286769,264
cc0e905f55d4db11,sunkenpalace_lower_01_c2r25.tgm,Tiny_5,31279009,3965
ed43d3a8826a1ebd,sunkenpalace_lower_01_c2r25.tgm.header,Tiny_5,31282974,264
86635970be23de3f,sunkenpalace_lower_01_c2r24.tgm,Tiny_5,31275400,3345
5d467824ea053811,sunkenpalace_lower_01_c2r24.tgm.header,Tiny_5,31278745,264
704861a2171551d3,sunkenpalace_lower_01_c2r23.tgm,Tiny_5,31271419,3717
47cd8d1bab1d663b,sunkenpalace_lower_01_c2r23.tgm.header,Tiny_5,31275136,264
bcda61519eb95e9c,sunkenpalace_lower_01_c2r22.tgm,Tiny_5,31268120,3035
afefe15c325284ea,sunkenpalace_lower_01_c2r22.tgm.header,Tiny_5,31271155,264
f573e66fb748ea54,sunkenpalace_lower_01_c2r21.tgm,Folders/art/models/terrain/hideout/sunkenpalace/tgms_1,1294644,5329
1ee602953357411d,sunkenpalace_lower_01_c2r21.tgm.header,Tiny_5,31267856,264
4802a1b33eecc530,sunkenpalace_lower_01_c2r20.tgm,Folders/art/models/terrain/hideout/sunkenpalace/tgms_1,1289873,4771
bac5bbe6cb064d8b,sunkenpalace_lower_01_c2r20.tgm.header,Tiny_5,31267592,264
702ff1a4399ee0d1,sunkenpalace_lower_01_c2r2.tgm,Folders/art/models/terrain/hideout/sunkenpalace/tgms_1,1285660,4213
0835b6fdde8ed50c,sunkenpalace_lower_01_c2r2.tgm.header,Tiny_5,31267328,264
5a5aa252d414018a,sunkenpalace_lower_01_c2r19.tgm,Folders/art/models/terrain/hideout/sunkenpalace/tgms_1,1281323,4337
452617c55e969257,sunkenpalace_lower_01_c2r19.tgm.header,Tiny_5,31267064,264
cdcf3cc814bdfdeb,sunkenpalace_lower_01_c2r18.tgm,Folders/art/models/terrain/hideout/sunkenpalace/tgms_1,1276862,4461
22c6051d8e2f0911,sunkenpalace_lower_01_c2r18.tgm.header,Tiny_5,31266800,264
84848e0fb88c9fc8,sunkenpalace_lower_01_c2r17.tgm,Tiny_5,31262633,3903
880e2272f0bcfed4,sunkenpalace_lower_01_c2r17.tgm.header,Tiny_5,31266536,264
6662cefee61758cb,sunkenpalace_lower_01_c2r16.tgm,Folders/art/models/terrain/hideout/sunkenpalace/tgms_1,1271719,5143
c777f264bd190c52,sunkenpalace_lower_01_c2r16.tgm.header,Tiny_5,31262369,264
d85359f58439a910,sunkenpalace_lower_01_c2r15.tgm,Folders/art/models/terrain/hideout/sunkenpalace/tgms_1,1266762,4957
b0b01452dbde8451,sunkenpalace_lower_01_c2r15.tgm.header,Tiny_5,31262105,264
d93a1037a6a5b0b6,sunkenpalace_lower_01_c2r14.tgm,Folders/art/models/terrain/hideout/sunkenpalace/tgms_1,1261185,5577
c3de3a0c866228f0,sunkenpalace_lower_01_c2r14.tgm.header,Tiny_5,31261841,264
659590ba8341bfa2,sunkenpalace_lower_01_c2r13.tgm,Folders/art/models/terrain/hideout/sunkenpalace/tgms_1,1255794,5391
98fd9eff5017f411,sunkenpalace_lower_01_c2r13.tgm.header,Tiny_5,31261577,264
f8d9fdeeb7c735f4,sunkenpalace_lower_01_c2r12.tgm,Folders/art/models/terrain/hideout/sunkenpalace/tgms_1,1250527,5267
df51ac69dc902c02,sunkenpalace_lower_01_c2r12.tgm.header,Tiny_5,31261313,264
1173c396d7dd0f6b,sunkenpalace_lower_01_c2r11.tgm,Folders/art/models/terrain/hideout/sunkenpalace/tgms_1,1245818,4709
6d31e01b0a191700,sunkenpalace_lower_01_c2r11.tgm.header,Tiny_5,31261049,264
3be4e80877e13df9,sunkenpalace_lower_01_c2r10.tgm,Folders/art/models/terrain/hideout/sunkenpalace/tgms_1,1240799,5019
e2500aa470e0d1a5,sunkenpalace_lower_01_c2r10.tgm.header,Tiny_5,31260785,264
0803b2cd0f324b4a,sunkenpalace_lower_01_c2r1.tgm,Folders/art/models/terrain/hideout/sunkenpalace/tgms_1,1235966,4833
d19633a244a5e570,sunkenpalace_lower_01_c2r1.tgm.header,Tiny_5,31260521,264
609d5cc4841add84,sunkenpalace_lower_01_c29r9.tgm,Tiny_5,31258616,1905
f5048a9762a09840,sunkenpalace_lower_01_c29r9.tgm.header,Tiny_5,31239694,264
2e0125272cba5e63,sunkenpalace_lower_01_c29r8.tgm,Tiny_5,31256773,1843
697fd9c3a6a1fee8,sunkenpalace_lower_01_c29r8.tgm.header,Tiny_5,31040967,264
fda1b6506fc8f8b9,sunkenpalace_lower_01_c29r7.tgm,Tiny_5,31255178,1595
72f1a36449269026,sunkenpalace_lower_01_c29r7.tgm.header,Tiny_5,31055453,264
daae82693e96911c,sunkenpalace_lower_01_c29r6.tgm,Tiny_5,31253149,2029
d21e6794848414df,sunkenpalace_lower_01_c29r6.tgm.header,Tiny_5,31252885,264
35e3ea5f20016c98,sunkenpalace_lower_01_c29r5.tgm,Tiny_5,31250856,2029
fe363f4088ece72c,sunkenpalace_lower_01_c29r5.tgm.header,Tiny_5,31252885,264
10af4604e9106144,sunkenpalace_lower_01_c29r4.tgm,Tiny_5,31249013,1843
759172685245f9ca,sunkenpalace_lower_01_c29r4.tgm.header,Tiny_5,31040967,264
172311b790bece4d,sunkenpalace_lower_01_c29r36.tgm,Tiny_5,31248720,293
a79d64ad459fec8d,sunkenpalace_lower_01_c29r36.tgm.header,Tiny_5,30401710,264
ee71b25946c1990e,sunkenpalace_lower_01_c29r35.tgm,Tiny_5,31248303,417
ce13d38ab49978c4,sunkenpalace_lower_01_c29r35.tgm.header,Tiny_5,30401153,264
281519c00b7caae5,sunkenpalace_lower_01_c29r34.tgm,Tiny_5,31247762,541
d46d9b51949fdd89,sunkenpalace_lower_01_c29r34.tgm.header,Tiny_5,30400472,264
8daa05df667d3c7e,sunkenpalace_lower_01_c29r33.tgm,Tiny_5,31247097,665
5d5868f1ef476097,sunkenpalace_lower_01_c29r33.tgm.header,Tiny_5,30454720,264
258fa022fb3bfb11,sunkenpalace_lower_01_c29r32.tgm,Tiny_5,31246308,789
6e447540c95a983f,sunkenpalace_lower_01_c29r32.tgm.header,Tiny_5,30514468,264
c2d9ca2c87c1261d,sunkenpalace_lower_01_c29r31.tgm,Tiny_5,31245317,727
bbf282aad8c49b16,sunkenpalace_lower_01_c29r31.tgm.header,Tiny_5,31246044,264
5d495f070e391ba7,sunkenpalace_lower_01_c29r30.tgm,Tiny_5,31244156,1161
617d32c705dfed27,sunkenpalace_lower_01_c29r30.tgm.header,Tiny_5,30711405,264
158f242fe427fbf8,sunkenpalace_lower_01_c29r3.tgm,Tiny_5,31242065,2091
5083a108fa32bb03,sunkenpalace_lower_01_c29r3.tgm.header,Tiny_5,31175451,264
883cc222468f3ad4,sunkenpalace_lower_01_c29r29.tgm,Tiny_5,31239958,1843
ba9f48392dae8260,sunkenpalace_lower_01_c29r29.tgm.header,Tiny_5,31241801,264
7ec1d8389f8fae69,sunkenpalace_lower_01_c29r28.tgm,Tiny_5,31237789,1905
ae6a244b9987efaa,sunkenpalace_lower_01_c29r28.tgm.header,Tiny_5,31239694,264
74df9a25b7964f65,sunkenpalace_lower_01_c29r27.tgm,Tiny_5,31235980,1809
a69bf59d61f8b85b,sunkenpalace_lower_01_c29r27.tgm.header,Tiny_5,31089489,264
16fbef5ae339d3c1,sunkenpalace_lower_01_c29r26.tgm,Tiny_5,31234357,1623
90ec00f4e1ce526d,sunkenpalace_lower_01_c29r26.tgm.header,Tiny_5,31199767,264
6388d8bb91af4b87,sunkenpalace_lower_01_c29r25.tgm,Tiny_5,31232762,1595
ff5f2d40428051bc,sunkenpalace_lower_01_c29r25.tgm.header,Tiny_5,31055453,264
330811fb2db780f5,sunkenpalace_lower_01_c29r24.tgm,Tiny_5,31231167,1595
04e7023090e28516,sunkenpalace_lower_01_c29r24.tgm.header,Tiny_5,31055453,264
725fe2d866c77d40,sunkenpalace_lower_01_c29r23.tgm,Tiny_5,31229606,1561
24909df2c45bb78f,sunkenpalace_lower_01_c29r23.tgm.header,Tiny_5,31048939,264
4d1050b4cb19142d,sunkenpalace_lower_01_c29r22.tgm,Tiny_5,31228045,1561
c9ef64008508e1dd,sunkenpalace_lower_01_c29r22.tgm.header,Tiny_5,31048939,264
f7f828c0ebf9a8b4,sunkenpalace_lower_01_c29r21.tgm,Tiny_5,31226574,1471
a3d80307433fa1f2,sunkenpalace_lower_01_c29r21.tgm.header,Tiny_5,31005881,264
34f9d955b9bcc593,sunkenpalace_lower_01_c29r20.tgm,Tiny_5,31224979,1595
d4be14c35bdb9564,sunkenpalace_lower_01_c29r20.tgm.header,Tiny_5,31055453,264
587db93e1f34e1d2,sunkenpalace_lower_01_c29r2.tgm,Tiny_5,31222748,1967
080812ca64c7169d,sunkenpalace_lower_01_c29r2.tgm.header,Tiny_5,31224715,264
b8616c1ce89feb4a,sunkenpalace_lower_01_c29r19.tgm,Tiny_5,31221373,1375
ee04cc2c92cf8698,sunkenpalace_lower_01_c29r19.tgm.header,Tiny_5,30987320,264
dec9f60a178abaef,sunkenpalace_lower_01_c29r18.tgm,Tiny_5,31219936,1437
520c75fed89a2a09,sunkenpalace_lower_01_c29r18.tgm.header,Tiny_5,31171811,264
a4618d2101797016,sunkenpalace_lower_01_c29r17.tgm,Tiny_5,31218217,1719
24445a30bff9e73b,sunkenpalace_lower_01_c29r17.tgm.header,Tiny_5,30967787,264
3d69ee5bd1c6b768,sunkenpalace_lower_01_c29r16.tgm,Tiny_5,31216746,1471
31d55c0176c6096c,sunkenpalace_lower_01_c29r16.tgm.header,Tiny_5,31005881,264
30a9f7810a5ba2ce,sunkenpalace_lower_01_c29r15.tgm,Tiny_5,31215309,1437
b2194eb8b586d5f8,sunkenpalace_lower_01_c29r15.tgm.header,Tiny_5,31171811,264
aef125f0ae6dfe68,sunkenpalace_lower_01_c29r14.tgm,Tiny_5,31213590,1719
860fb39e8aa8ad7a,sunkenpalace_lower_01_c29r14.tgm.header,Tiny_5,30967787,264
de4cbf1944f97883,sunkenpalace_lower_01_c29r13.tgm,Tiny_5,31212153,1437
83c7d8a9b79e7dff,sunkenpalace_lower_01_c29r13.tgm.header,Tiny_5,31171811,264
b6e9571dc888786c,sunkenpalace_lower_01_c29r12.tgm,Tiny_5,31210806,1347
ac45c7022841b605,sunkenpalace_lower_01_c29r12.tgm.header,Tiny_5,30842619,264
6f2bd1d45b7224a9,sunkenpalace_lower_01_c29r11.tgm,Tiny_5,31209121,1685
a80d1569d95f4b64,sunkenpalace_lower_01_c29r11.tgm.header,Tiny_5,31178961,264
3167a268f84cc6ea,sunkenpalace_lower_01_c29r10.tgm,Tiny_5,31207340,1781
b986e7815c6c2b45,sunkenpalace_lower_01_c29r10.tgm.header,Tiny_5,30825285,264
ee34d488a8548141,sunkenpalace_lower_01_c29r1.tgm,Tiny_5,31206225,851
d8a943ff2c34099f,sunkenpalace_lower_01_c29r1.tgm.header,Tiny_5,31207076,264
4ac3ec5e95aab45d,sunkenpalace_lower_01_c28r9.tgm,Tiny_5,31205002,1223
9c91ef2fd4b58d4e,sunkenpalace_lower_01_c28r9.tgm.header,Tiny_5,30781637,264
cc45037d99e97ee4,sunkenpalace_lower_01_c28r8.tgm,Tiny_5,31203345,1657
dbac262a7aa441a0,sunkenpalace_lower_01_c28r8.tgm.header,Tiny_5,30704961,264
4e05e1ace0457820,sunkenpalace_lower_01_c28r7.tgm,Tiny_5,31201626,1719
f46a77382665cd88,sunkenpalace_lower_01_c28r7.tgm.header,Tiny_5,30967787,264
fb91053a54e5ed28,sunkenpalace_lower_01_c28r6.tgm,Tiny_5,31200031,1595
5f57b083e4c35ab2,sunkenpalace_lower_01_c28r6.tgm.header,Tiny_5,31055453,264
2119e44ab2271ee6,sunkenpalace_lower_01_c28r5.tgm,Tiny_5,31198144,1623
c188ea7ddee16559,sunkenpalace_lower_01_c28r5.tgm.header,Tiny_5,31199767,264
35393c05959d6586,sunkenpalace_lower_01_c28r4.tgm,Tiny_5,31196673,1471
4301ca1d7446ddee,sunkenpalace_lower_01_c28r4.tgm.header,Tiny_5,31005881,264
ed6a08a6fe2ee21d,sunkenpalace_lower_01_c28r36.tgm,Tiny_5,31196380,293
c6863a737406b17f,sunkenpalace_lower_01_c28r36.tgm.header,Tiny_5,30401710,264
e968aa3fa7a9357e,sunkenpalace_lower_01_c28r35.tgm,Tiny_5,31195963,417
084c8f017962a0e9,sunkenpalace_lower_01_c28r35.tgm.header,Tiny_5,30401153,264
fd415b1111bb4323,sunkenpalace_lower_01_c28r34.tgm,Tiny_5,31195422,541
deb429f6b02c8ccb,sunkenpalace_lower_01_c28r34.tgm.header,Tiny_5,30400472,264
d714c4211cb56ed8,sunkenpalace_lower_01_c28r33.tgm,Tiny_5,31194757,665
3db1fbe807a8f6c9,sunkenpalace_lower_01_c28r33.tgm.header,Tiny_5,30454720,264
84d7d638b14da6fd,sunkenpalace_lower_01_c28r32.tgm,Tiny_5,31193968,789
f25fede83b2576f5,sunkenpalace_lower_01_c28r32.tgm.header,Tiny_5,30514468,264
09c5e2c374554361,sunkenpalace_lower_01_c28r31.tgm,Tiny_5,31193055,913
f02538d99a5a1b46,sunkenpalace_lower_01_c28r31.tgm.header,Tiny_5,30633951,264
2b9acbe344f99ffb,sunkenpalace_lower_01_c28r30.tgm,Tiny_5,31192266,789
cc83d0e934fdd4dd,sunkenpalace_lower_01_c28r30.tgm.header,Tiny_5,30514468,264
6dde1d1aae76e4fd,sunkenpalace_lower_01_c28r3.tgm,Tiny_5,31190547,1719
0bae882224331f46,sunkenpalace_lower_01_c28r3.tgm.header,Tiny_5,30967787,264
14c42f5bb74db16c,sunkenpalace_lower_01_c28r29.tgm,Tiny_5,31189572,975
87145bc6839597fe,sunkenpalace_lower_01_c28r29.tgm.header,Tiny_5,30698987,264
9abcc77d59b520ca,sunkenpalace_lower_01_c28r28.tgm,Tiny_5,31188073,1499
d3ff3914ef9428f5,sunkenpalace_lower_01_c28r28.tgm.header,Tiny_5,31137945,264
9f9950d10b87558a,sunkenpalace_lower_01_c28r27.tgm,Tiny_5,31186416,1657
e3456f7b1c13866a,sunkenpalace_lower_01_c28r27.tgm.header,Tiny_5,30704961,264
6ba9d27274e75957,sunkenpalace_lower_01_c28r26.tgm,Tiny_5,31184855,1561
2454ff1963476371,sunkenpalace_lower_01_c28r26.tgm.header,Tiny_5,31048939,264
9ed7bb3f859dbd8f,sunkenpalace_lower_01_c28r25.tgm,Tiny_5,31183638,1217
28e25fa696b15225,sunkenpalace_lower_01_c28r25.tgm.header,Tiny_5,31127390,264
24b04f844665c57c,sunkenpalace_lower_01_c28r24.tgm,Tiny_5,31182229,1409
f1dc9609ef0634e4,sunkenpalace_lower_01_c28r24.tgm.header,Tiny_5,30708431,264
8656e43a33bd035b,sunkenpalace_lower_01_c28r23.tgm,Tiny_5,31180696,1533
1ced7857e8160d95,sunkenpalace_lower_01_c28r23.tgm.header,Tiny_5,30706758,264
93df9ca99631487e,sunkenpalace_lower_01_c28r22.tgm,Tiny_5,31179225,1471
092d389e68d98ea1,sunkenpalace_lower_01_c28r22.tgm.header,Tiny_5,31005881,264
701503bf78203d65,sunkenpalace_lower_01_c28r21.tgm,Tiny_5,31177276,1685
59f0e3bca4999465,sunkenpalace_lower_01_c28r21.tgm.header,Tiny_5,31178961,264
aace67b46e69f1f5,sunkenpalace_lower_01_c28r20.tgm,Tiny_5,31175715,1561
b5c17a9233d57e97,sunkenpalace_lower_01_c28r20.tgm.header,Tiny_5,31048939,264
bc3af4d1afb2d484,sunkenpalace_lower_01_c28r2.tgm,Tiny_5,31173360,2091
7bfa562a634fcdc2,sunkenpalace_lower_01_c28r2.tgm.header,Tiny_5,31175451,264
401c22dce0d77afd,sunkenpalace_lower_01_c28r19.tgm,Tiny_5,31172075,1285
93a8f7d59aa54152,sunkenpalace_lower_01_c28r19.tgm.header,Tiny_5,30709980,264
59b92f15f2e298a0,sunkenpalace_lower_01_c28r18.tgm,Tiny_5,31170374,1437
d3fd628a2596f374,sunkenpalace_lower_01_c28r18.tgm.header,Tiny_5,31171811,264
778640af8cd1330d,sunkenpalace_lower_01_c28r17.tgm,Tiny_5,31168655,1719
fbe8b349a4fe91b5,sunkenpalace_lower_01_c28r17.tgm.header,Tiny_5,30967787,264
7371ccbe293f25ec,sunkenpalace_lower_01_c28r16.tgm,Tiny_5,31166998,1657
e84cf035aebf0e3f,sunkenpalace_lower_01_c28r16.tgm.header,Tiny_5,30704961,264
e119f06ea887409a,sunkenpalace_lower_01_c28r15.tgm,Tiny_5,31165589,1409
6d4b62320e55d698,sunkenpalace_lower_01_c28r15.tgm.header,Tiny_5,30708431,264
b4b2c99f1e157a9b,sunkenpalace_lower_01_c28r14.tgm,Tiny_5,31164056,1533
df481b85ba617725,sunkenpalace_lower_01_c28r14.tgm.header,Tiny_5,30706758,264
ebe080fc8e801216,sunkenpalace_lower_01_c28r13.tgm,Tiny_5,31162399,1657
702315977de46376,sunkenpalace_lower_01_c28r13.tgm.header,Tiny_5,30704961,264
23864f9da92a404c,sunkenpalace_lower_01_c28r12.tgm,Tiny_5,31160856,1279
09b7da8ad77fc2cb,sunkenpalace_lower_01_c28r12.tgm.header,Tiny_5,31162135,264
b0fdb48951366fd7,sunkenpalace_lower_01_c28r11.tgm,Tiny_5,31159757,1099
7de2c2f68d7007c5,sunkenpalace_lower_01_c28r11.tgm.header,Tiny_5,30712768,264
a01c9d991ce11501,sunkenpalace_lower_01_c28r10.tgm,Tiny_5,31158506,1251
8f1874f09df952bc,sunkenpalace_lower_01_c28r10.tgm.header,Tiny_5,30833845,264
319e31cca5c13a68,sunkenpalace_lower_01_c28r1.tgm,Tiny_5,31156957,1285
17343f67d226cce1,sunkenpalace_lower_01_c28r1.tgm.header,Tiny_5,31158242,264
eea4f484256d56a7,sunkenpalace_lower_01_c27r9.tgm,Tiny_5,31155768,1189
70be955564a37c8b,sunkenpalace_lower_01_c27r9.tgm.header,Tiny_5,30926736,264
d0f43b0b5364f253,sunkenpalace_lower_01_c27r8.tgm,Tiny_5,31154669,1099
a0ebe8ac8ebdb204,sunkenpalace_lower_01_c27r8.tgm.header,Tiny_5,30712768,264
a98f03e6d4376388,sunkenpalace_lower_01_c27r7.tgm,Tiny_5,31153418,1251
8eb38280d2f3bf11,sunkenpalace_lower_01_c27r7.tgm.header,Tiny_5,30833845,264
5c7e23b943274676,sunkenpalace_lower_01_c27r6.tgm,Tiny_5,31152195,1223
8255d8c81c18ada3,sunkenpalace_lower_01_c27r6.tgm.header,Tiny_5,30781637,264
d09612ffe883731d,sunkenpalace_lower_01_c27r5.tgm,Tiny_5,31150724,1471
2265de041da786e7,sunkenpalace_lower_01_c27r5.tgm.header,Tiny_5,31005881,264
5e43795eeafc5a53,sunkenpalace_lower_01_c27r4.tgm,Tiny_5,31149225,1499
0ddebf0041509025,sunkenpalace_lower_01_c27r4.tgm.header,Tiny_5,31137945,264
bbb7336c9a9936f2,sunkenpalace_lower_01_c27r36.tgm,Tiny_5,31148932,293
d77d195b5cf9cc8e,sunkenpalace_lower_01_c27r36.tgm.header,Tiny_5,30401710,264
6cfbfa90950659e4,sunkenpalace_lower_01_c27r35.tgm,Tiny_5,31148515,417
8c95d27666328f40,sunkenpalace_lower_01_c27r35.tgm.header,Tiny_5,30401153,264
0fdc2bfd5e1d93a1,sunkenpalace_lower_01_c27r34.tgm,Tiny_5,31147974,541
fb084fd170b5054a,sunkenpalace_lower_01_c27r34.tgm.header,Tiny_5,30400472,264
dbd638763ca3950e,sunkenpalace_lower_01_c27r33.tgm,Tiny_5,31147045,665
4cb41715c49d7da3,sunkenpalace_lower_01_c27r33.tgm.header,Tiny_5,31147710,264
f3d3eddd84cb1ffe,sunkenpalace_lower_01_c27r32.tgm,Tiny_5,31146256,789
b1e495d225ac69c1,sunkenpalace_lower_01_c27r32.tgm.header,Tiny_5,30514468,264
a0c699cdc37a41bb,sunkenpalace_lower_01_c27r31.tgm,Tiny_5,31145343,913
350f512688c0a56f,sunkenpalace_lower_01_c27r31.tgm.header,Tiny_5,30675245,264
7172c5326220fd6f,sunkenpalace_lower_01_c27r30.tgm,Tiny_5,31144306,1037
f13f24de0824ec06,sunkenpalace_lower_01_c27r30.tgm.header,Tiny_5,31096521,264
3bceb4de19072364,sunkenpalace_lower_01_c27r3.tgm,Tiny_5,31142959,1347
589a1b9e35425b08,sunkenpalace_lower_01_c27r3.tgm.header,Tiny_5,30842619,264
53fa6e718ebf0577,sunkenpalace_lower_01_c27r29.tgm,Tiny_5,31141844,851
0937bc2d11b9fd3e,sunkenpalace_lower_01_c27r29.tgm.header,Tiny_5,31142695,264
af9e8e16fd0167c4,sunkenpalace_lower_01_c27r28.tgm,Tiny_5,31141055,789
9cf1220bfbd5cece,sunkenpalace_lower_01_c27r28.tgm.header,Tiny_5,30514468,264
15ee13781f98f357,sunkenpalace_lower_01_c27r27.tgm,Tiny_5,31139804,1251
f7da4291d269193f,sunkenpalace_lower_01_c27r27.tgm.header,Tiny_5,30833845,264
5eda28c0e8edfe99,sunkenpalace_lower_01_c27r26.tgm,Tiny_5,31138209,1595
65619546f56887c0,sunkenpalace_lower_01_c27r26.tgm.header,Tiny_5,31055453,264
4c9444d19048039f,sunkenpalace_lower_01_c27r25.tgm,Tiny_5,31136446,1499
88bd674f4846e5c3,sunkenpalace_lower_01_c27r25.tgm.header,Tiny_5,31137945,264
c7d62e14e2834579,sunkenpalace_lower_01_c27r24.tgm,Tiny_5,31135257,1189
b9bbfd958595fded,sunkenpalace_lower_01_c27r24.tgm.header,Tiny_5,30926736,264
8466e7e1bd5ef313,sunkenpalace_lower_01_c27r23.tgm,Tiny_5,31133848,1409
902014327af3dc80,sunkenpalace_lower_01_c27r23.tgm.header,Tiny_5,30708431,264
e7a14ec9f5b29000,sunkenpalace_lower_01_c27r22.tgm,Tiny_5,31132315,1533
965f18a521ec5786,sunkenpalace_lower_01_c27r22.tgm.header,Tiny_5,30706758,264
e20b4d8fdfef3feb,sunkenpalace_lower_01_c27r21.tgm,Tiny_5,31130844,1471
82d145136bcfe2c0,sunkenpalace_lower_01_c27r21.tgm.header,Tiny_5,31005881,264
7c14af9c89157007,sunkenpalace_lower_01_c27r20.tgm,Tiny_5,31129249,1595
2306bbaf0b6a5c78,sunkenpalace_lower_01_c27r20.tgm.header,Tiny_5,31055453,264
f78813f8c949c324,sunkenpalace_lower_01_c27r2.tgm,Tiny_5,31127654,1595
9c25dc82dd9d2bdb,sunkenpalace_lower_01_c27r2.tgm.header,Tiny_5,31055453,264
89cdc03806dc3457,sunkenpalace_lower_01_c27r19.tgm,Tiny_5,31126173,1217
6b07ca48ee4e9739,sunkenpalace_lower_01_c27r19.tgm.header,Tiny_5,31127390,264
534b38fc6df9bef9,sunkenpalace_lower_01_c27r18.tgm,Tiny_5,31125092,817
db627fa2578e71aa,sunkenpalace_lower_01_c27r18.tgm.header,Tiny_5,31125909,264
9f082010214b2fbd,sunkenpalace_lower_01_c27r17.tgm,Tiny_5,31122079,2749
161820cdb870a680,sunkenpalace_lower_01_c27r17.tgm.header,Tiny_5,31124828,264
71fa59d17d428cfb,sunkenpalace_lower_01_c27r16.tgm,Tiny_5,31119968,1847
4112afe505538f9f,sunkenpalace_lower_01_c27r16.tgm.header,Tiny_5,31121815,264
4e7a38bbe83035c4,sunkenpalace_lower_01_c27r15.tgm,Tiny_5,31118373,1595
ef1f3060c070f102,sunkenpalace_lower_01_c27r15.tgm.header,Tiny_5,31055453,264
7b3ca643f122144d,sunkenpalace_lower_01_c27r14.tgm,Tiny_5,31116964,1409
5c8d32d966a35bd5,sunkenpalace_lower_01_c27r14.tgm.header,Tiny_5,30708431,264
a12bafc2e180f57f,sunkenpalace_lower_01_c27r13.tgm,Tiny_5,31115431,1533
fee1c61fd877c91c,sunkenpalace_lower_01_c27r13.tgm.header,Tiny_5,30706758,264
67e2295095d25050,sunkenpalace_lower_01_c27r12.tgm,Tiny_5,31113774,1657
7b433560ea4439e1,sunkenpalace_lower_01_c27r12.tgm.header,Tiny_5,30704961,264
d9182ffd14a7662b,sunkenpalace_lower_01_c27r11.tgm,Tiny_5,31112197,1313
781bc93a21944782,sunkenpalace_lower_01_c27r11.tgm.header,Tiny_5,31113510,264
a27a29cdcbd93905,sunkenpalace_lower_01_c27r10.tgm,Tiny_5,31111098,1099
897ee597c236bf40,sunkenpalace_lower_01_c27r10.tgm.header,Tiny_5,30712768,264
e09b8e4d5cc7e4df,sunkenpalace_lower_01_c27r1.tgm,Tiny_5,31109735,1099
560a601cac295765,sunkenpalace_lower_01_c27r1.tgm.header,Tiny_5,31110834,264
8b9c05c639b9ad9f,sunkenpalace_lower_01_c26r9.tgm,Tiny_5,31108202,1533
f9e0599d8d9afa54,sunkenpalace_lower_01_c26r9.tgm.header,Tiny_5,30706758,264
dab2fa8ed50d754b,sunkenpalace_lower_01_c26r8.tgm,Tiny_5,31106545,1657
0a92a77cb1e92968,sunkenpalace_lower_01_c26r8.tgm.header,Tiny_5,30704961,264
19a52558df224bdf,sunkenpalace_lower_01_c26r7.tgm,Tiny_5,31104950,1595
6219aeb3d2a74988,sunkenpalace_lower_01_c26r7.tgm.header,Tiny_5,31055453,264
1849bbaa63b044e0,sunkenpalace_lower_01_c26r6.tgm,Tiny_5,31103389,1561
87cd5c8072f36116,sunkenpalace_lower_01_c26r6.tgm.header,Tiny_5,31048939,264
8cb700235ac39986,sunkenpalace_lower_01_c26r5.tgm,Tiny_5,31102042,1347
a349424af228a997,sunkenpalace_lower_01_c26r5.tgm.header,Tiny_5,30842619,264
d44f623ff905f5da,sunkenpalace_lower_01_c26r4.tgm,Tiny_5,31100667,1375
69b839edbff0c6e4,sunkenpalace_lower_01_c26r4.tgm.header,Tiny_5,30987320,264
e72a784ec6a82b47,sunkenpalace_lower_01_c26r36.tgm,Tiny_5,31100374,293
904eb58afa21972f,sunkenpalace_lower_01_c26r36.tgm.header,Tiny_5,30401710,264
dded1bd6245389d6,sunkenpalace_lower_01_c26r35.tgm,Tiny_5,31099957,417
d37775c63734b5d5,sunkenpalace_lower_01_c26r35.tgm.header,Tiny_5,30401153,264
0d3f2a39b45874ce,sunkenpalace_lower_01_c26r34.tgm,Tiny_5,31099416,541
83153c26830a10b1,sunkenpalace_lower_01_c26r34.tgm.header,Tiny_5,30400472,264
de20895e9143cb33,sunkenpalace_lower_01_c26r33.tgm,Tiny_5,31098751,665
e2da16e8a8e748bb,sunkenpalace_lower_01_c26r33.tgm.header,Tiny_5,30454720,264
6729af465ff90fb5,sunkenpalace_lower_01_c26r32.tgm,Tiny_5,31097962,789
704165a71cc0b945,sunkenpalace_lower_01_c26r32.tgm.header,Tiny_5,30514468,264
7c6e1d145f0e68a5,sunkenpalace_lower_01_c26r31.tgm,Tiny_5,31096785,913
15aea284c0e78c36,sunkenpalace_lower_01_c26r31.tgm.header,Tiny_5,31097698,264
214e2dece9c39896,sunkenpalace_lower_01_c26r30.tgm,Tiny_5,31095484,1037
e35fd2cb94444ccc,sunkenpalace_lower_01_c26r30.tgm.header,Tiny_5,31096521,264
facfac0d745ce4a2,sunkenpalace_lower_01_c26r3.tgm,Tiny_5,31094261,1223
48c4f539450fa651,sunkenpalace_lower_01_c26r3.tgm.header,Tiny_5,30781637,264
50f04dbc96594161,sunkenpalace_lower_01_c26r29.tgm,Tiny_5,31093100,1161
4377ca18e972364c,sunkenpalace_lower_01_c26r29.tgm.header,Tiny_5,30670746,264
7e532f8d302cd2d1,sunkenpalace_lower_01_c26r28.tgm,Tiny_5,31092187,913
1b22e01fd4b4158d,sunkenpalace_lower_01_c26r28.tgm.header,Tiny_5,30633951,264
b2029e57c7888123,sunkenpalace_lower_01_c26r27.tgm,Tiny_5,31091398,789
e3fce2ad86aef22c,sunkenpalace_lower_01_c26r27.tgm.header,Tiny_5,30514468,264
498144e5e7329db8,sunkenpalace_lower_01_c26r26.tgm,Tiny_5,31089753,1381
f4d5446e5a905221,sunkenpalace_lower_01_c26r26.tgm.header,Tiny_5,31091134,264
836259b82ae990a1,sunkenpalace_lower_01_c26r25.tgm,Tiny_5,31087680,1809
c728c3c245eb9d7b,sunkenpalace_lower_01_c26r25.tgm.header,Tiny_5,31089489,264
0f8e2602f6cd357a,sunkenpalace_lower_01_c26r24.tgm,Tiny_5,31086023,1657
8b8889c1ac0ceea0,sunkenpalace_lower_01_c26r24.tgm.header,Tiny_5,30704961,264
09fa9732ff269736,sunkenpalace_lower_01_c26r23.tgm,Tiny_5,31084490,1533
9c30fadc8346d257,sunkenpalace_lower_01_c26r23.tgm.header,Tiny_5,30706758,264
eddc19c71895d6ad,sunkenpalace_lower_01_c26r22.tgm,Tiny_5,31081939,2287
e84d5fac9c56c64c,sunkenpalace_lower_01_c26r22.tgm.header,Tiny_5,31084226,264
85ea29b42f2ee40b,sunkenpalace_lower_01_c26r21.tgm,Tiny_5,31079174,2501
de0bd1b336e4042b,sunkenpalace_lower_01_c26r21.tgm.header,Tiny_5,31081675,264
1dbaeca992b44da8,sunkenpalace_lower_01_c26r20.tgm,Tiny_5,31077703,1471
871e7c29da7b986f,sunkenpalace_lower_01_c26r20.tgm.header,Tiny_5,31005881,264
d3c8a02c561921d0,sunkenpalace_lower_01_c26r2.tgm,Tiny_5,31076232,1471
5f07db8e3cdc0b54,sunkenpalace_lower_01_c26r2.tgm.header,Tiny_5,31005881,264
7c80598697000806,sunkenpalace_lower_01_c26r19.tgm,Folders/art/models/terrain/hideout/sunkenpalace/tgms_1,1230501,5465
a284e2e1d19732ea,sunkenpalace_lower_01_c26r19.tgm.header,Tiny_5,31075968,264
746ee5f36d7ba40f,sunkenpalace_lower_01_c26r18.tgm,Folders/art/models/terrain/hideout/sunkenpalace/tgms_1,1221432,9069
f1e45acd2cec3da0,sunkenpalace_lower_01_c26r18.tgm.header,Tiny_5,31075704,264
b0a72cb0a3a92385,sunkenpalace_lower_01_c26r17.tgm,Folders/art/models/terrain/hideout/sunkenpalace/tgms_1,1210275,11157
e784c16bc59f1d7d,sunkenpalace_lower_01_c26r17.tgm.header,Tiny_5,31075440,264
4c1a8582107dbfa0,sunkenpalace_lower_01_c26r16.tgm,Folders/art/models/terrain/hideout/sunkenpalace/tgms_1,1199446,10829
4241b3dbfd3f7064,sunkenpalace_lower_01_c26r16.tgm.header,Tiny_5,31075176,264
6b7b50a95a32343c,sunkenpalace_lower_01_c26r15.tgm,Folders/art/models/terrain/hideout/sunkenpalace/tgms_1,1191559,7887
d45de83fb1eb61b5,sunkenpalace_lower_01_c26r15.tgm.header,Tiny_5,31074912,264
8c04003b313db0de,sunkenpalace_lower_01_c26r14.tgm,Tiny_5,31071373,3275
2d0554994226bb20,sunkenpalace_lower_01_c26r14.tgm.header,Tiny_5,31074648,264
510e90a465d73be9,sunkenpalace_lower_01_c26r13.tgm,Tiny_5,31069964,1409
4c5d320b7e38aa32,sunkenpalace_lower_01_c26r13.tgm.header,Tiny_5,30708431,264
f804191e7b2ae0f8,sunkenpalace_lower_01_c26r12.tgm,Tiny_5,31068679,1285
2d5d663d4b0f1ef5,sunkenpalace_lower_01_c26r12.tgm.header,Tiny_5,30709980,264
5db32abfce3d7a29,sunkenpalace_lower_01_c26r11.tgm,Tiny_5,31067270,1409
115067f25b3bfc57,sunkenpalace_lower_01_c26r11.tgm.header,Tiny_5,30708431,264
5ab42a8b58a19f05,sunkenpalace_lower_01_c26r10.tgm,Tiny_5,31065799,1471
49e08857b086444c,sunkenpalace_lower_01_c26r10.tgm.header,Tiny_5,31005881,264
8cf3f68ff316dfd0,sunkenpalace_lower_01_c26r1.tgm,Tiny_5,31064498,1037
c0df2279251ca5cd,sunkenpalace_lower_01_c26r1.tgm.header,Tiny_5,31065535,264
3ac2c35fc0b708c5,sunkenpalace_lower_01_c25r9.tgm,Tiny_5,31062841,1657
1f6aa5297992b5ca,sunkenpalace_lower_01_c25r9.tgm.header,Tiny_5,30704961,264
3ab192513aea529b,sunkenpalace_lower_01_c25r8.tgm,Tiny_5,31061060,1781
2900ae84c7e67b27,sunkenpalace_lower_01_c25r8.tgm.header,Tiny_5,30825285,264
c1a97d93bcb6fd49,sunkenpalace_lower_01_c25r7.tgm,Tiny_5,31059279,1781
0ef3b65a2846bcb3,sunkenpalace_lower_01_c25r7.tgm.header,Tiny_5,30825285,264
fb1519d7fc89336a,sunkenpalace_lower_01_c25r6.tgm,Tiny_5,31057498,1781
15a1c0c10c767f9f,sunkenpalace_lower_01_c25r6.tgm.header,Tiny_5,30825285,264
817aebc06a91b020,sunkenpalace_lower_01_c25r5.tgm,Tiny_5,31055717,1781
41268b33a8ccba7d,sunkenpalace_lower_01_c25r5.tgm.header,Tiny_5,30825285,264
23ca2a132ad68b6a,sunkenpalace_lower_01_c25r4.tgm,Tiny_5,31053858,1595
917ce72b7c65ea88,sunkenpalace_lower_01_c25r4.tgm.header,Tiny_5,31055453,264
82aa650bcbfc475e,sunkenpalace_lower_01_c25r36.tgm,Tiny_5,31053565,293
ba8d2f45cd44094b,sunkenpalace_lower_01_c25r36.tgm.header,Tiny_5,30401710,264
67855bfadd40109f,sunkenpalace_lower_01_c25r35.tgm,Tiny_5,31053148,417
de8e66d3a6acab2e,sunkenpalace_lower_01_c25r35.tgm.header,Tiny_5,30401153,264
31fd5259c5fdf859,sunkenpalace_lower_01_c25r34.tgm,Tiny_5,31052607,541
7b6c28bd1098fe6a,sunkenpalace_lower_01_c25r34.tgm.header,Tiny_5,30400472,264
4fe6dbe4fbcb41a6,sunkenpalace_lower_01_c25r33.tgm,Tiny_5,31051942,665
82695313bc55b888,sunkenpalace_lower_01_c25r33.tgm.header,Tiny_5,30454720,264
d8f3ca4211977f02,sunkenpalace_lower_01_c25r32.tgm,Tiny_5,31051153,789
058720e6630faf6c,sunkenpalace_lower_01_c25r32.tgm.header,Tiny_5,30514468,264
eb633cd3525f1adc,sunkenpalace_lower_01_c25r31.tgm,Tiny_5,31050240,913
15feaa5d3468c14a,sunkenpalace_lower_01_c25r31.tgm.header,Tiny_5,30633951,264
8e679b0610087939,sunkenpalace_lower_01_c25r30.tgm,Tiny_5,31049203,1037
4a7a2ff1904f1266,sunkenpalace_lower_01_c25r30.tgm.header,Tiny_5,30674068,264
6499d7fd1ce7d83e,sunkenpalace_lower_01_c25r3.tgm,Tiny_5,31047378,1561
046b56602a7ce3b0,sunkenpalace_lower_01_c25r3.tgm.header,Tiny_5,31048939,264
bcb17bd5551ecb31,sunkenpalace_lower_01_c25r29.tgm,Tiny_5,31046217,1161
22e6570a88751928,sunkenpalace_lower_01_c25r29.tgm.header,Tiny_5,30670746,264
1ebbb0f4875807a3,sunkenpalace_lower_01_c25r28.tgm,Tiny_5,31044932,1285
f7e453632b780a9d,sunkenpalace_lower_01_c25r28.tgm.header,Tiny_5,30709980,264
97564a33c8c28fb8,sunkenpalace_lower_01_c25r27.tgm,Tiny_5,31043957,975
fba923b10f98a2e8,sunkenpalace_lower_01_c25r27.tgm.header,Tiny_5,30698987,264
9686224bedd9e08f,sunkenpalace_lower_01_c25r26.tgm,Tiny_5,31042938,755
4227aa647075b747,sunkenpalace_lower_01_c25r26.tgm.header,Tiny_5,31043693,264
0e0168e7bc81dd0e,sunkenpalace_lower_01_c25r25.tgm,Tiny_5,31041231,1443
a9a54fc79c7b05e1,sunkenpalace_lower_01_c25r25.tgm.header,Tiny_5,31042674,264
35fcbbc7aca03da1,sunkenpalace_lower_01_c25r24.tgm,Tiny_5,31039124,1843
2c79607b8cc8b11a,sunkenpalace_lower_01_c25r24.tgm.header,Tiny_5,31040967,264
5401e4410cab26f9,sunkenpalace_lower_01_c25r23.tgm,Tiny_5,31037405,1719
f175686b58af76a8,sunkenpalace_lower_01_c25r23.tgm.header,Tiny_5,30967787,264
59e2a1b84d383523,sunkenpalace_lower_01_c25r22.tgm,Folders/art/models/terrain/hideout/sunkenpalace/tgms_1,1187268,4291
019bf7b096d49e99,sunkenpalace_lower_01_c25r22.tgm.header,Tiny_5,31037141,264
66b282214ae84aac,sunkenpalace_lower_01_c25r21.tgm,Folders/art/models/terrain/hideout/sunkenpalace/tgms_1,1179835,7433
d4be0d19e0ed7b0d,sunkenpalace_lower_01_c25r21.tgm.header,Tiny_5,31036838,303
558e5fd8f4439e5b,sunkenpalace_lower_01_c25r20.tgm,Folders/art/models/terrain/hideout/sunkenpalace/tgms_1,1170166,9669
53edf5033442c6c2,sunkenpalace_lower_01_c25r20.tgm.header,Tiny_5,31036574,264
5b71b05468ff2214,sunkenpalace_lower_01_c25r2.tgm,Tiny_5,31035227,1347
c9155bdffee2466d,sunkenpalace_lower_01_c25r2.tgm.header,Tiny_5,30842619,264
baf115fe8ffc0343,sunkenpalace_lower_01_c25r19.tgm,Folders/art/models/terrain/hideout/sunkenpalace/tgms_1,1158797,11369
37597594531b9ade,sunkenpalace_lower_01_c25r19.tgm.header,Tiny_5,31034963,264
40e80c568887e9bf,sunkenpalace_lower_01_c25r18.tgm,Folders/art/models/terrain/hideout/sunkenpalace/tgms_1,1149720,9077
fc69e779a09eba8a,sunkenpalace_lower_01_c25r18.tgm.header,Tiny_5,31034699,264
8f636d2c21ac22c0,sunkenpalace_lower_01_c25r17.tgm,Folders/art/models/terrain/hideout/sunkenpalace/tgms_1,1138915,10805
f8d2b6807daa3419,sunkenpalace_lower_01_c25r17.tgm.header,Tiny_5,31034435,264
49b13845c86206b0,sunkenpalace_lower_01_c25r16.tgm,Folders/art/models/terrain/hideout/sunkenpalace/tgms_1,1128882,10033
726081968362b0a5,sunkenpalace_lower_01_c25r16.tgm.header,Tiny_5,31034171,264
353cb420293beda4,sunkenpalace_lower_01_c25r15.tgm,Folders/art/models/terrain/hideout/sunkenpalace/tgms_1,1116271,12611
d817f6cd91226427,sunkenpalace_lower_01_c25r15.tgm.header,Tiny_5,31033907,264
8a1e9f14404c3b3b,sunkenpalace_lower_01_c25r14.tgm,Folders/art/models/terrain/hideout/sunkenpalace/tgms_1,1103224,13047
34ebfebabc9bb603,sunkenpalace_lower_01_c25r14.tgm.header,Tiny_5,31033643,264
471690ff320c095e,sunkenpalace_lower_01_c25r13.tgm,Folders/art/models/terrain/hideout/sunkenpalace/tgms_1,1095987,7237
a2dbbf0eb597e6e0,sunkenpalace_lower_01_c25r13.tgm.header,Tiny_5,31033379,264
6a83a4edb7723a9f,sunkenpalace_lower_01_c25r12.tgm,Tiny_5,31030958,2157
017de9e00f50cb71,sunkenpalace_lower_01_c25r12.tgm.header,Tiny_5,31033115,264
016334944e4cc5e1,sunkenpalace_lower_01_c25r11.tgm,Tiny_5,31029549,1409
a923b6b3f6591594,sunkenpalace_lower_01_c25r11.tgm.header,Tiny_5,30708431,264
f64ce037ef0c06dc,sunkenpalace_lower_01_c25r10.tgm,Tiny_5,31028016,1533
dfbf442c54aec6e1,sunkenpalace_lower_01_c25r10.tgm.header,Tiny_5,30706758,264
13d821f7913c0545,sunkenpalace_lower_01_c25r1.tgm,Tiny_5,31027041,975
50d7e1c534fc3dbf,sunkenpalace_lower_01_c25r1.tgm.header,Tiny_5,30645144,264
95879e678f7b102e,sunkenpalace_lower_01_c24r9.tgm,Tiny_5,31025756,1285
2573ce4fa29d07d3,sunkenpalace_lower_01_c24r9.tgm.header,Tiny_5,30709980,264
a7e783a5078e4a25,sunkenpalace_lower_01_c24r8.tgm,Tiny_5,31024533,1223
8b3c3f18b66b95ac,sunkenpalace_lower_01_c24r8.tgm.header,Tiny_5,30781637,264
517e2573f462b717,sunkenpalace_lower_01_c24r7.tgm,Tiny_5,31023186,1347
3facb4cc72ccc14d,sunkenpalace_lower_01_c24r7.tgm.header,Tiny_5,30842619,264
8847749172e3efba,sunkenpalace_lower_01_c24r6.tgm,Tiny_5,31021963,1223
4d2890cb71e2c5ff,sunkenpalace_lower_01_c24r6.tgm.header,Tiny_5,30781637,264
c901cb27cb14f400,sunkenpalace_lower_01_c24r5.tgm,Tiny_5,31020616,1347
a052695427237f96,sunkenpalace_lower_01_c24r5.tgm.header,Tiny_5,30842619,264
705d978492bfdd9c,sunkenpalace_lower_01_c24r4.tgm,Tiny_5,31019393,1223
04f5370589bf2d47,sunkenpalace_lower_01_c24r4.tgm.header,Tiny_5,30781637,264
773419800f8a2253,sunkenpalace_lower_01_c24r36.tgm,Tiny_5,31019100,293
11429ed91b0438b9,sunkenpalace_lower_01_c24r36.tgm.header,Tiny_5,30401710,264
8aa0acd66525c087,sunkenpalace_lower_01_c24r35.tgm,Tiny_5,31018683,417
1ef3beec15be5d3a,sunkenpalace_lower_01_c24r35.tgm.header,Tiny_5,30401153,264
0fd5045d4dfa3960,sunkenpalace_lower_01_c24r34.tgm,Tiny_5,31017878,541
cec5e689957bafb4,sunkenpalace_lower_01_c24r34.tgm.header,Tiny_5,31018419,264
42683b318d41c50a,sunkenpalace_lower_01_c24r33.tgm,Tiny_5,31017213,665
da9dddac757a8c11,sunkenpalace_lower_01_c24r33.tgm.header,Tiny_5,30454720,264
a5a2a219c595ee7b,sunkenpalace_lower_01_c24r32.tgm,Tiny_5,31016424,789
6450959f7993ecde,sunkenpalace_lower_01_c24r32.tgm.header,Tiny_5,30514468,264
f6945bc470f0563b,sunkenpalace_lower_01_c24r31.tgm,Tiny_5,31015511,913
a62c4ee2673d3332,sunkenpalace_lower_01_c24r31.tgm.header,Tiny_5,30633951,264
03e3afabe1b513e2,sunkenpalace_lower_01_c24r30.tgm,Tiny_5,31014474,1037
6ce7f356eac14a75,sunkenpalace_lower_01_c24r30.tgm.header,Tiny_5,30674068,264
18d23740daa9e484,sunkenpalace_lower_01_c24r3.tgm,Tiny_5,31013127,1347
cfb06e28d26ea2a2,sunkenpalace_lower_01_c24r3.tgm.header,Tiny_5,30842619,264
ac8b34f8241508a8,sunkenpalace_lower_01_c24r29.tgm,Tiny_5,31011966,1161
6f21ed089cfe4c2d,sunkenpalace_lower_01_c24r29.tgm.header,Tiny_5,30711405,264
4c12a380ff2b155f,sunkenpalace_lower_01_c24r28.tgm,Tiny_5,31010681,1285
71b8799bc2805023,sunkenpalace_lower_01_c24r28.tgm.header,Tiny_5,30709980,264
505f56afa08ce8b4,sunkenpalace_lower_01_c24r27.tgm,Tiny_5,31009272,1409
463f3f3852613264,sunkenpalace_lower_01_c24r27.tgm.header,Tiny_5,30708431,264
7aa5d94eeffeef16,sunkenpalace_lower_01_c24r26.tgm,Tiny_5,31008235,1037
8d704dd67cf7f121,sunkenpalace_lower_01_c24r26.tgm.header,Tiny_5,30674068,264
203913864cbc89c9,sunkenpalace_lower_01_c24r25.tgm,Tiny_5,31007368,603
28c2fba57bc94b64,sunkenpalace_lower_01_c24r25.tgm.header,Tiny_5,31007971,264
fcf04868e60067b5,sunkenpalace_lower_01_c24r24.tgm,Tiny_5,31006145,1223
9b0db21f076b32d7,sunkenpalace_lower_01_c24r24.tgm.header,Tiny_5,30781637,264
69090738cf0cb16e,sunkenpalace_lower_01_c24r23.tgm,Tiny_5,31004410,1471
47473e385a94017c,sunkenpalace_lower_01_c24r23.tgm.header,Tiny_5,31005881,264
f42d8b800f4dda13,sunkenpalace_lower_01_c24r22.tgm,Tiny_5,31000727,3419
fe7b5a855952c62c,sunkenpalace_lower_01_c24r22.tgm.header,Tiny_5,31004146,264
f7d646597a821658,sunkenpalace_lower_01_c24r21.tgm,Folders/art/models/terrain/hideout/sunkenpalace/tgms_1,1083946,12041
ffbd103ea80abbcc,sunkenpalace_lower_01_c24r21.tgm.header,Tiny_5,31000424,303
3a0245398c805234,sunkenpalace_lower_01_c24r20.tgm,Folders/art/models/terrain/hideout/sunkenpalace/tgms_1,1072485,11461
b768410d17d979ce,sunkenpalace_lower_01_c24r20.tgm.header,Tiny_5,31000077,347
87391895d32424b6,sunkenpalace_lower_01_c24r2.tgm,Tiny_5,30998854,1223
587a3c0296a99bc0,sunkenpalace_lower_01_c24r2.tgm.header,Tiny_5,30781637,264
034488741d819916,sunkenpalace_lower_01_c24r19.tgm,Folders/art/models/terrain/hideout/sunkenpalace/tgms_1,1062502,9983
ce43073afdf32b85,sunkenpalace_lower_01_c24r19.tgm.header,Tiny_5,30998551,303
32b0f46ff9cadb78,sunkenpalace_lower_01_c24r18.tgm,Folders/art/models/terrain/hideout/sunkenpalace/tgms_1,1057245,5257
badc6029199fc093,sunkenpalace_lower_01_c24r18.tgm.header,Tiny_5,30998287,264
7a019b56baa4d67b,sunkenpalace_lower_01_c24r17.tgm,Folders/art/models/terrain/hideout/sunkenpalace/tgms_1,1049952,7293
f9825d9b37cffdfb,sunkenpalace_lower_01_c24r17.tgm.header,Tiny_5,30998023,264
774b2cc4825eeb82,sunkenpalace_lower_01_c24r16.tgm,Folders/art/models/terrain/hideout/sunkenpalace/tgms_1,1042037,7915
c1dbaa24b95f981c,sunkenpalace_lower_01_c24r16.tgm.header,Tiny_5,30997759,264
35f65babbf4bd8bc,sunkenpalace_lower_01_c24r15.tgm,Folders/art/models/terrain/hideout/sunkenpalace/tgms_1,1035480,6557
f23920d6e141faf6,sunkenpalace_lower_01_c24r15.tgm.header,Tiny_5,30997495,264
c7ec09a84e310984,sunkenpalace_lower_01_c24r14.tgm,Folders/art/models/terrain/hideout/sunkenpalace/tgms_1,1027421,8059
bcf5500ec53f6647,sunkenpalace_lower_01_c24r14.tgm.header,Tiny_5,30997231,264
6bf8accbd3afe6ac,sunkenpalace_lower_01_c24r13.tgm,Folders/art/models/terrain/hideout/sunkenpalace/tgms_1,1016806,10615
cc5e110cb042aa2b,sunkenpalace_lower_01_c24r13.tgm.header,Tiny_5,30996967,264
b7f533cf9f3dd551,sunkenpalace_lower_01_c24r12.tgm,Folders/art/models/terrain/hideout/sunkenpalace/tgms_1,1008785,8021
301e9454ab7d840d,sunkenpalace_lower_01_c24r12.tgm.header,Tiny_5,30996703,264
190b727af74691c3,sunkenpalace_lower_01_c24r11.tgm,Tiny_5,30995542,1161
f426a433f09a0fe1,sunkenpalace_lower_01_c24r11.tgm.header,Tiny_5,30711405,264
cdaa35fa1d395d06,sunkenpalace_lower_01_c24r10.tgm,Tiny_5,30994195,1347
9cfbdb6bb076b499,sunkenpalace_lower_01_c24r10.tgm.header,Tiny_5,30842619,264
a0301e2883631646,sunkenpalace_lower_01_c24r1.tgm,Tiny_5,30993282,913
4aa574b676155ff7,sunkenpalace_lower_01_c24r1.tgm.header,Tiny_5,30692401,264
38668113ed5d4511,sunkenpalace_lower_01_c23r9.tgm,Tiny_5,30992121,1161
217dde1102ffa91d,sunkenpalace_lower_01_c23r9.tgm.header,Tiny_5,30711405,264
b66cbc06dd35829b,sunkenpalace_lower_01_c23r8.tgm,Tiny_5,30990774,1347
d2a074d446f538c8,sunkenpalace_lower_01_c23r8.tgm.header,Tiny_5,30842619,264
6bf169d83de6dcd3,sunkenpalace_lower_01_c23r7.tgm,Tiny_5,30989241,1533
a3b8eb488bb215a9,sunkenpalace_lower_01_c23r7.tgm.header,Tiny_5,30706758,264
a8a57ae98676404a,sunkenpalace_lower_01_c23r6.tgm,Tiny_5,30987584,1657
f3fcfcf9379c9021,sunkenpalace_lower_01_c23r6.tgm.header,Tiny_5,30704961,264
4afbf4fe3f71ca70,sunkenpalace_lower_01_c23r5.tgm,Tiny_5,30985945,1375
cc0867a95e9a282c,sunkenpalace_lower_01_c23r5.tgm.header,Tiny_5,30987320,264
053cb80902d0c5a6,sunkenpalace_lower_01_c23r4.tgm,Tiny_5,30984722,1223
7ec228e23c9d5935,sunkenpalace_lower_01_c23r4.tgm.header,Tiny_5,30781637,264
615564dff79f49ef,sunkenpalace_lower_01_c23r36.tgm,Tiny_5,30984429,293
43da9960259c1327,sunkenpalace_lower_01_c23r36.tgm.header,Tiny_5,30401710,264
64c0ff0e77aed9f5,sunkenpalace_lower_01_c23r35.tgm,Tiny_5,30984012,417
f2d99ae93d21409d,sunkenpalace_lower_01_c23r35.tgm.header,Tiny_5,30401153,264
c28ed12a317a8455,sunkenpalace_lower_01_c23r34.tgm,Tiny_5,30983471,541
5220992a540be524,sunkenpalace_lower_01_c23r34.tgm.header,Tiny_5,30400472,264
aa76cde3798ada8f,sunkenpalace_lower_01_c23r33.tgm,Tiny_5,30982806,665
4962ae439690412d,sunkenpalace_lower_01_c23r33.tgm.header,Tiny_5,30454720,264
bb61b40156338595,sunkenpalace_lower_01_c23r32.tgm,Tiny_5,30982017,789
78b5fb10b04f92c8,sunkenpalace_lower_01_c23r32.tgm.header,Tiny_5,30514468,264
804666220fe0867a,sunkenpalace_lower_01_c23r31.tgm,Tiny_5,30981104,913
4927914d9e59fc61,sunkenpalace_lower_01_c23r31.tgm.header,Tiny_5,30633951,264
85b78600e6e9d3c2,sunkenpalace_lower_01_c23r30.tgm,Tiny_5,30980067,1037
72401ce2a2c65684,sunkenpalace_lower_01_c23r30.tgm.header,Tiny_5,30674068,264
c77dcb430a98a459,sunkenpalace_lower_01_c23r3.tgm,Tiny_5,30978410,1657
e0e5b3bea008af4f,sunkenpalace_lower_01_c23r3.tgm.header,Tiny_5,30704961,264
892b831e990065a9,sunkenpalace_lower_01_c23r29.tgm,Tiny_5,30976985,1161
88252a9cf5b33c85,sunkenpalace_lower_01_c23r29.tgm.header,Tiny_5,30978146,264
3baecc3323531067,sunkenpalace_lower_01_c23r28.tgm,Tiny_5,30975700,1285
b421b208a584912a,sunkenpalace_lower_01_c23r28.tgm.header,Tiny_5,30709980,264
0a552628ea1903c3,sunkenpalace_lower_01_c23r27.tgm,Tiny_5,30974291,1409
c4d5c5a1d28a778d,sunkenpalace_lower_01_c23r27.tgm.header,Tiny_5,30708431,264
0ad89be87217ab26,sunkenpalace_lower_01_c23r26.tgm,Tiny_5,30972758,1533
b9fda1dfeafb723d,sunkenpalace_lower_01_c23r26.tgm.header,Tiny_5,30706758,264
78ac307dd4eed4b9,sunkenpalace_lower_01_c23r25.tgm,Tiny_5,30971101,1657
5450af9098da4038,sunkenpalace_lower_01_c23r25.tgm.header,Tiny_5,30704961,264
aef5f80de9cf307d,sunkenpalace_lower_01_c23r24.tgm,Tiny_5,30969940,1161
9604dfcc7b579b09,sunkenpalace_lower_01_c23r24.tgm.header,Tiny_5,30711405,264
01525d12a3035d18,sunkenpalace_lower_01_c23r23.tgm,Tiny_5,30968965,975
c2943285c04c97f7,sunkenpalace_lower_01_c23r23.tgm.header,Tiny_5,30698987,264
aba470e5ed6b1a40,sunkenpalace_lower_01_c23r22.tgm,Folders/art/models/terrain/hideout/sunkenpalace/tgms_1,1001434,7351
5e6d32c6ab59e569,sunkenpalace_lower_01_c23r22.tgm.header,Tiny_5,30968701,264
7f12ba13917f2d91,sunkenpalace_lower_01_c23r21.tgm,Folders/art/models/terrain/hideout/sunkenpalace/tgms_1,988421,13013
2a29aea28680840c,sunkenpalace_lower_01_c23r21.tgm.header,Tiny_5,30968398,303
50fb0d1a7bc73506,sunkenpalace_lower_01_c23r20.tgm,Folders/art/models/terrain/hideout/sunkenpalace/tgms_1,978628,9793
280ef56cd0317946,sunkenpalace_lower_01_c23r20.tgm.header,Tiny_5,30968051,347
2160eb7631c41e8d,sunkenpalace_lower_01_c23r2.tgm,Tiny_5,30966068,1719
b99a5ac36dd2e3d6,sunkenpalace_lower_01_c23r2.tgm.header,Tiny_5,30967787,264
ce8f1eec3c2206ed,sunkenpalace_lower_01_c23r19.tgm,Folders/art/models/terrain/hideout/sunkenpalace/tgms_1,969065,9563
59b840ddbb987843,sunkenpalace_lower_01_c23r19.tgm.header,Tiny_5,30965765,303
ae18c3fcda61f3f4,sunkenpalace_lower_01_c23r18.tgm,Folders/art/models/terrain/hideout/sunkenpalace/tgms_1,962566,6499
caed85b7e072e659,sunkenpalace_lower_01_c23r18.tgm.header,Tiny_5,30965501,264
78070fe5fcbbe610,sunkenpalace_lower_01_c23r17.tgm,Folders/art/models/terrain/hideout/sunkenpalace/tgms_1,955533,7033
c85aee41e426b120,sunkenpalace_lower_01_c23r17.tgm.header,Tiny_5,30965237,264
4e856a5ad727d983,sunkenpalace_lower_01_c23r16.tgm,Folders/art/models/terrain/hideout/sunkenpalace/tgms_1,948872,6661
9810e98260286220,sunkenpalace_lower_01_c23r16.tgm.header,Tiny_5,30964973,264
f9a62680a3802d23,sunkenpalace_lower_01_c23r15.tgm,Folders/art/models/terrain/hideout/sunkenpalace/tgms_1,941261,7611
848d02143196fb2f,sunkenpalace_lower_01_c23r15.tgm.header,Tiny_5,30964709,264
249cd354130e8198,sunkenpalace_lower_01_c23r14.tgm,Folders/art/models/terrain/hideout/sunkenpalace/tgms_1,934466,6795
8acc630d6a786bce,sunkenpalace_lower_01_c23r14.tgm.header,Tiny_5,30964445,264
edb6f017d712a7dc,sunkenpalace_lower_01_c23r13.tgm,Folders/art/models/terrain/hideout/sunkenpalace/tgms_1,924089,10377
2b955fd6ed2ff501,sunkenpalace_lower_01_c23r13.tgm.header,Tiny_5,30964181,264
73bb75afc1a1b111,sunkenpalace_lower_01_c23r12.tgm,Folders/art/models/terrain/hideout/sunkenpalace/tgms_1,910106,13983
719887491eb58cea,sunkenpalace_lower_01_c23r12.tgm.header,Tiny_5,30963917,264
b73cd86f07dacf13,sunkenpalace_lower_01_c23r11.tgm,Tiny_5,30962088,1565
e2514a205359b2e2,sunkenpalace_lower_01_c23r11.tgm.header,Tiny_5,30963653,264
505650e5bfb15ce2,sunkenpalace_lower_01_c23r10.tgm,Tiny_5,30961085,1003
44fd523932a2998b,sunkenpalace_lower_01_c23r10.tgm.header,Tiny_5,30819396,264
a4631329875b49f8,sunkenpalace_lower_01_c23r1.tgm,Tiny_5,30960110,975
f4675391bc07f28e,sunkenpalace_lower_01_c23r1.tgm.header,Tiny_5,30645144,264
b0c7e8d6e29ac1b3,sunkenpalace_lower_01_c22r9.tgm,Tiny_5,30958921,1189
c076e8dbc9e83bb4,sunkenpalace_lower_01_c22r9.tgm.header,Tiny_5,30926736,264
751a2a1d73c0ba88,sunkenpalace_lower_01_c22r8.tgm,Tiny_5,30957918,1003
8b88b4e5f1c916a5,sunkenpalace_lower_01_c22r8.tgm.header,Tiny_5,30819396,264
cccd24c83b335a19,sunkenpalace_lower_01_c22r7.tgm,Tiny_5,30956943,975
499dc51e19fd8988,sunkenpalace_lower_01_c22r7.tgm.header,Tiny_5,30698987,264
4b2ff6702f1d7576,sunkenpalace_lower_01_c22r6.tgm,Tiny_5,30955720,1223
671805bdaa2cbb0a,sunkenpalace_lower_01_c22r6.tgm.header,Tiny_5,30781637,264
9a4c35aaf1e499f9,sunkenpalace_lower_01_c22r5.tgm,Tiny_5,30954199,1257
db2af34163cb8446,sunkenpalace_lower_01_c22r5.tgm.header,Tiny_5,30955456,264
592675dbd21b1202,sunkenpalace_lower_01_c22r4.tgm,Tiny_5,30952948,1251
e1fcefb490331044,sunkenpalace_lower_01_c22r4.tgm.header,Tiny_5,30833845,264
e9b29697b6739f6a,sunkenpalace_lower_01_c22r36.tgm,Tiny_5,30952655,293
0d4ad46638ff0320,sunkenpalace_lower_01_c22r36.tgm.header,Tiny_5,30401710,264
e4063c403fe8c2fc,sunkenpalace_lower_01_c22r35.tgm,Tiny_5,30952238,417
efadc7bc614acb7f,sunkenpalace_lower_01_c22r35.tgm.header,Tiny_5,30401153,264
cab120bc4dc28116,sunkenpalace_lower_01_c22r34.tgm,Tiny_5,30951697,541
6ce490856cac94a0,sunkenpalace_lower_01_c22r34.tgm.header,Tiny_5,30400472,264
682eecfe0c8600ba,sunkenpalace_lower_01_c22r33.tgm,Tiny_5,30951032,665
bab26408ffb782b0,sunkenpalace_lower_01_c22r33.tgm.header,Tiny_5,30454720,264
e0c4751c49c9631c,sunkenpalace_lower_01_c22r32.tgm,Tiny_5,30950243,789
caf1107dc3aa2020,sunkenpalace_lower_01_c22r32.tgm.header,Tiny_5,30514468,264
914b66c1080110cd,sunkenpalace_lower_01_c22r31.tgm,Tiny_5,30949330,913
691367e744d96695,sunkenpalace_lower_01_c22r31.tgm.header,Tiny_5,30633951,264
a5b8fae936737840,sunkenpalace_lower_01_c22r30.tgm,Tiny_5,30948293,1037
ef4e6bcced31622a,sunkenpalace_lower_01_c22r30.tgm.header,Tiny_5,30674068,264
b44c57edd7f46ca6,sunkenpalace_lower_01_c22r3.tgm,Tiny_5,30947194,1099
6e745dccb1512e73,sunkenpalace_lower_01_c22r3.tgm.header,Tiny_5,30712768,264
2d45a0c5b07152fa,sunkenpalace_lower_01_c22r29.tgm,Tiny_5,30946033,1161
92d3b66a8d1ed30b,sunkenpalace_lower_01_c22r29.tgm.header,Tiny_5,30670746,264
5701e83f55745a9c,sunkenpalace_lower_01_c22r28.tgm,Tiny_5,30944748,1285
5e3ef92af8f5c393,sunkenpalace_lower_01_c22r28.tgm.header,Tiny_5,30752196,264
b9d1bec0d830359e,sunkenpalace_lower_01_c22r27.tgm,Tiny_5,30943339,1409
e5474e3ceaa67c2e,sunkenpalace_lower_01_c22r27.tgm.header,Tiny_5,30708431,264
fb143747d5c04bd7,sunkenpalace_lower_01_c22r26.tgm,Tiny_5,30941806,1533
670e1a89f295c457,sunkenpalace_lower_01_c22r26.tgm.header,Tiny_5,30706758,264
907868bb93584a90,sunkenpalace_lower_01_c22r25.tgm,Tiny_5,30940149,1657
1e230b55aabd4482,sunkenpalace_lower_01_c22r25.tgm.header,Tiny_5,30704961,264
ab5b1ef8fa2ae195,sunkenpalace_lower_01_c22r24.tgm,Tiny_5,30938368,1781
502efcdfc8a0bc7d,sunkenpalace_lower_01_c22r24.tgm.header,Tiny_5,30825285,264
def3637cfb288a7e,sunkenpalace_lower_01_c22r23.tgm,Tiny_5,30937145,1223
0d346ebdf3a5ee7d,sunkenpalace_lower_01_c22r23.tgm.header,Tiny_5,30781637,264
d87dbebfa600a05f,sunkenpalace_lower_01_c22r22.tgm,Folders/art/models/terrain/hideout/sunkenpalace/tgms_1,901971,8135
5aa2ec6002ffcfdf,sunkenpalace_lower_01_c22r22.tgm.header,Tiny_5,30936881,264
09db017b1fbb015d,sunkenpalace_lower_01_c22r21.tgm,Folders/art/models/terrain/hideout/sunkenpalace/tgms_1,893522,8449
0ce1132cecbfa09f,sunkenpalace_lower_01_c22r21.tgm.header,Tiny_5,30936617,264
5a2e491aaff7a190,sunkenpalace_lower_01_c22r20.tgm,Folders/art/models/terrain/hideout/sunkenpalace/tgms_1,885219,8303
8bcec37876401ff6,sunkenpalace_lower_01_c22r20.tgm.header,Tiny_5,30936314,303
252aa11fba0a8e13,sunkenpalace_lower_01_c22r2.tgm,Tiny_5,30935029,1285
5397475388c04c55,sunkenpalace_lower_01_c22r2.tgm.header,Tiny_5,30709980,264
91824fe12c5f9153,sunkenpalace_lower_01_c22r19.tgm,Folders/art/models/terrain/hideout/sunkenpalace/tgms_1,877904,7315
b7e174282143bdb0,sunkenpalace_lower_01_c22r19.tgm.header,Tiny_5,30934726,303
8df6715c7923ef89,sunkenpalace_lower_01_c22r18.tgm,Folders/art/models/terrain/hideout/sunkenpalace/tgms_1,871747,6157
9e43a3a3131cbe47,sunkenpalace_lower_01_c22r18.tgm.header,Tiny_5,30934462,264
94454e03828db87d,sunkenpalace_lower_01_c22r17.tgm,Folders/art/models/terrain/hideout/sunkenpalace/tgms_1,864086,7661
531a246e822ae6e4,sunkenpalace_lower_01_c22r17.tgm.header,Tiny_5,30934198,264
493006b2b3e06061,sunkenpalace_lower_01_c22r16.tgm,Folders/art/models/terrain/hideout/sunkenpalace/tgms_1,856831,7255
0500e418908c1314,sunkenpalace_lower_01_c22r16.tgm.header,Tiny_5,30933934,264
28a538d83d002a44,sunkenpalace_lower_01_c22r15.tgm,Folders/art/models/terrain/hideout/sunkenpalace/tgms_1,850666,6165
4d9af2dcbf97b831,sunkenpalace_lower_01_c22r15.tgm.header,Tiny_5,30933670,264
a6f3efcf71d9710e,sunkenpalace_lower_01_c22r14.tgm,Folders/art/models/terrain/hideout/sunkenpalace/tgms_1,843855,6811
fb27670b01fbfcf4,sunkenpalace_lower_01_c22r14.tgm.header,Tiny_5,30933406,264
0806525d56172b3e,sunkenpalace_lower_01_c22r13.tgm,Folders/art/models/terrain/hideout/sunkenpalace/tgms_1,838358,5497
1a331a3efa1607a0,sunkenpalace_lower_01_c22r13.tgm.header,Tiny_5,30933142,264
ed94b713db2eddb7,sunkenpalace_lower_01_c22r12.tgm,Folders/art/models/terrain/hideout/sunkenpalace/tgms_1,824255,14103
fd1795d975947207,sunkenpalace_lower_01_c22r12.tgm.header,Tiny_5,30932878,264
7b5d5b74053b38ab,sunkenpalace_lower_01_c22r11.tgm,Folders/art/models/terrain/hideout/sunkenpalace/tgms_1,816780,7475
48c2131ea5e1995a,sunkenpalace_lower_01_c22r11.tgm.header,Tiny_5,30932614,264
7476575a225e2e36,sunkenpalace_lower_01_c22r10.tgm,Tiny_5,30930813,1537
055660a18c78452a,sunkenpalace_lower_01_c22r10.tgm.header,Tiny_5,30932350,264
30c2a0f5f1ee5ec8,sunkenpalace_lower_01_c22r1.tgm,Tiny_5,30930024,789
7a906d5011158ce6,sunkenpalace_lower_01_c22r1.tgm.header,Tiny_5,30863564,264
f6f94889264ae00d,sunkenpalace_lower_01_c21r9.tgm,Tiny_5,30928347,1413
9c4b94e924f0b16b,sunkenpalace_lower_01_c21r9.tgm.header,Tiny_5,30929760,264
9da70aaeb4494cf3,sunkenpalace_lower_01_c21r8.tgm,Tiny_5,30927000,1347
6983ab900158f3f4,sunkenpalace_lower_01_c21r8.tgm.header,Tiny_5,30842619,264
c97c3ca612a07ce4,sunkenpalace_lower_01_c21r7.tgm,Tiny_5,30925547,1189
a89960cedfff9de4,sunkenpalace_lower_01_c21r7.tgm.header,Tiny_5,30926736,264
d47d1fb939f11721,sunkenpalace_lower_01_c21r6.tgm,Tiny_5,30924544,1003
172b442170ff3a38,sunkenpalace_lower_01_c21r6.tgm.header,Tiny_5,30819396,264
90559c1e3d6f96e0,sunkenpalace_lower_01_c21r5.tgm,Tiny_5,30923569,975
d0edbad7111ad3b5,sunkenpalace_lower_01_c21r5.tgm.header,Tiny_5,30698987,264
fc146119920685ab,sunkenpalace_lower_01_c21r4.tgm,Tiny_5,30922346,1223
b62fd3077a7cb7ac,sunkenpalace_lower_01_c21r4.tgm.header,Tiny_5,30781637,264
d9f4347e7852f6e2,sunkenpalace_lower_01_c21r36.tgm,Tiny_5,30922053,293
98b7383c710f4f28,sunkenpalace_lower_01_c21r36.tgm.header,Tiny_5,30401710,264
33ad281c8ba297f0,sunkenpalace_lower_01_c21r35.tgm,Tiny_5,30921636,417
7f7e7ac79f8ed5a8,sunkenpalace_lower_01_c21r35.tgm.header,Tiny_5,30401153,264
e0a9fb4b41247035,sunkenpalace_lower_01_c21r34.tgm,Tiny_5,30921095,541
5b260cf1cf4e6638,sunkenpalace_lower_01_c21r34.tgm.header,Tiny_5,30400472,264
c646cc347a1f8d10,sunkenpalace_lower_01_c21r33.tgm,Tiny_5,30920430,665
c7af11220fd2e331,sunkenpalace_lower_01_c21r33.tgm.header,Tiny_5,30454720,264
e666ca3c081de2a2,sunkenpalace_lower_01_c21r32.tgm,Tiny_5,30919641,789
791e71947055c8d8,sunkenpalace_lower_01_c21r32.tgm.header,Tiny_5,30514468,264
876d8356ce17e44b,sunkenpalace_lower_01_c21r31.tgm,Tiny_5,30918728,913
01bcf799d1a49b56,sunkenpalace_lower_01_c21r31.tgm.header,Tiny_5,30633951,264
c968af7608f23ae2,sunkenpalace_lower_01_c21r30.tgm,Tiny_5,30917691,1037
87f53ec8b41bfc61,sunkenpalace_lower_01_c21r30.tgm.header,Tiny_5,30632774,264
e146ff8e89e04962,sunkenpalace_lower_01_c21r3.tgm,Tiny_5,30916468,1223
4c8a4e304ce8e3d4,sunkenpalace_lower_01_c21r3.tgm.header,Tiny_5,30781637,264
77324be288207e9e,sunkenpalace_lower_01_c21r29.tgm,Tiny_5,30915307,1161
aa51aba1c15faf62,sunkenpalace_lower_01_c21r29.tgm.header,Tiny_5,30711405,264
4e6814aa71a36dce,sunkenpalace_lower_01_c21r28.tgm,Tiny_5,30914022,1285
b9a5ebe73b8b9301,sunkenpalace_lower_01_c21r28.tgm.header,Tiny_5,30752196,264
0174d01e6e28dad4,sunkenpalace_lower_01_c21r27.tgm,Tiny_5,30912613,1409
adafc7b7e9a9fa28,sunkenpalace_lower_01_c21r27.tgm.header,Tiny_5,30708431,264
a930fbe47eafa19e,sunkenpalace_lower_01_c21r26.tgm,Tiny_5,30911080,1533
21e1a54c2634f7e8,sunkenpalace_lower_01_c21r26.tgm.header,Tiny_5,30706758,264
c9777d10f5472f8e,sunkenpalace_lower_01_c21r25.tgm,Tiny_5,30909423,1657
af863b855d60bde6,sunkenpalace_lower_01_c21r25.tgm.header,Tiny_5,30704961,264
7fe9113c9fa51509,sunkenpalace_lower_01_c21r24.tgm,Tiny_5,30907642,1781
d7cc4b9ce11ba3f2,sunkenpalace_lower_01_c21r24.tgm.header,Tiny_5,30825285,264
05eb6c399cc1a2be,sunkenpalace_lower_01_c21r23.tgm,Tiny_5,30903947,3431
d4f350114a1b459a,sunkenpalace_lower_01_c21r23.tgm.header,Tiny_5,30907378,264
18980bc8164e626c,sunkenpalace_lower_01_c21r22.tgm,Folders/art/models/terrain/hideout/sunkenpalace/tgms_1,807123,9657
7c6cd85718202243,sunkenpalace_lower_01_c21r22.tgm.header,Tiny_5,30903683,264
97634abb39034a85,sunkenpalace_lower_01_c21r21.tgm,Folders/art/models/terrain/hideout/sunkenpalace/tgms_1,798946,8177
12fd7ac231ebca39,sunkenpalace_lower_01_c21r21.tgm.header,Tiny_5,30903419,264
e5493c023b5054fb,sunkenpalace_lower_01_c21r20.tgm,Folders/art/models/terrain/hideout/sunkenpalace/tgms_1,792831,6115
cd61f08526b43943,sunkenpalace_lower_01_c21r20.tgm.header,Tiny_5,30903155,264
66396ed15d7f1d0b,sunkenpalace_lower_01_c21r2.tgm,Tiny_5,30901808,1347
9364f15bb44efbb6,sunkenpalace_lower_01_c21r2.tgm.header,Tiny_5,30842619,264
99e5f84762523fc2,sunkenpalace_lower_01_c21r19.tgm,Folders/art/models/terrain/hideout/sunkenpalace/tgms_1,787162,5669
c0a2ba240ca10a49,sunkenpalace_lower_01_c21r19.tgm.header,Tiny_5,30901544,264
62da7b2b4d36ef1b,sunkenpalace_lower_01_c21r18.tgm,Folders/art/models/terrain/hideout/sunkenpalace/tgms_1,779163,7999
19acf75e1e87cb1b,sunkenpalace_lower_01_c21r18.tgm.header,Tiny_5,30901280,264
58e6c568b1d3f169,sunkenpalace_lower_01_c21r17.tgm,Folders/art/models/terrain/hideout/sunkenpalace/tgms_1,762746,16417
144ec881fb58ed19,sunkenpalace_lower_01_c21r17.tgm.header,Tiny_5,30901016,264
cdedb20655228253,sunkenpalace_lower_01_c21r16.tgm,Folders/art/models/terrain/hideout/sunkenpalace/tgms_1,752277,10469
bd1027038145de9b,sunkenpalace_lower_01_c21r16.tgm.header,Tiny_5,30900752,264
d91afbf985721b02,sunkenpalace_lower_01_c21r15.tgm,Folders/art/models/terrain/hideout/sunkenpalace/tgms_1,745642,6635
6676e42b360bffbe,sunkenpalace_lower_01_c21r15.tgm.header,Tiny_5,30900488,264
57f210471672c7a4,sunkenpalace_lower_01_c21r14.tgm,Folders/art/models/terrain/hideout/sunkenpalace/tgms_1,739663,5979
9ca4dd3a7f0b3f57,sunkenpalace_lower_01_c21r14.tgm.header,Tiny_5,30900224,264
db9d09a5ca4973f1,sunkenpalace_lower_01_c21r13.tgm,Folders/art/models/terrain/hideout/sunkenpalace/tgms_1,733734,5929
5c2cc6ca499ae633,sunkenpalace_lower_01_c21r13.tgm.header,Tiny_5,30899960,264
e60a23cb7a205af9,sunkenpalace_lower_01_c21r12.tgm,Folders/art/models/terrain/hideout/sunkenpalace/tgms_1,723223,10511
f3dd49a45369d7ee,sunkenpalace_lower_01_c21r12.tgm.header,Tiny_5,30899696,264
0932e2a901def507,sunkenpalace_lower_01_c21r11.tgm,Folders/art/models/terrain/hideout/sunkenpalace/tgms_1,714280,8943
f40964666314a594,sunkenpalace_lower_01_c21r11.tgm.header,Tiny_5,30899432,264
d966cb05efb4315b,sunkenpalace_lower_01_c21r10.tgm,Tiny_5,30896661,2507
bda6c5077aca892d,sunkenpalace_lower_01_c21r10.tgm.header,Tiny_5,30899168,264
dcb5b5d975a913df,sunkenpalace_lower_01_c21r1.tgm,Tiny_5,30895872,789
f0d5710bf194c8ce,sunkenpalace_lower_01_c21r1.tgm.header,Tiny_5,30863564,264
60e16fcbde737cf2,sunkenpalace_lower_01_c20r9.tgm,Tiny_5,30893197,2411
445081f76a8c90d2,sunkenpalace_lower_01_c20r9.tgm.header,Tiny_5,30895608,264
7064b991b3f46966,sunkenpalace_lower_01_c20r8.tgm,Tiny_5,30891458,1475
b46ee3b0cf4e1b11,sunkenpalace_lower_01_c20r8.tgm.header,Tiny_5,30892933,264
37caff62195be496,sunkenpalace_lower_01_c20r7.tgm,Tiny_5,30890359,1099
a93f900b6877fe2b,sunkenpalace_lower_01_c20r7.tgm.header,Tiny_5,30712768,264
bc398e737242b482,sunkenpalace_lower_01_c20r6.tgm,Tiny_5,30889384,975
d34ffa9b3d2ed55b,sunkenpalace_lower_01_c20r6.tgm.header,Tiny_5,30698987,264
d5732a5b465d1313,sunkenpalace_lower_01_c20r5.tgm,Tiny_5,30888257,1127
c03d82664bb6fd65,sunkenpalace_lower_01_c20r5.tgm.header,Tiny_5,30760704,264
9f6aa35a853d775f,sunkenpalace_lower_01_c20r4.tgm,Tiny_5,30887254,1003
9015354090688513,sunkenpalace_lower_01_c20r4.tgm.header,Tiny_5,30819396,264
3179607f00542600,sunkenpalace_lower_01_c20r36.tgm,Tiny_5,30886961,293
6ba9df65597290fc,sunkenpalace_lower_01_c20r36.tgm.header,Tiny_5,30401710,264
5184df492b99dfb4,sunkenpalace_lower_01_c20r35.tgm,Tiny_5,30886544,417
884f67c3eb0786e2,sunkenpalace_lower_01_c20r35.tgm.header,Tiny_5,30401153,264
e65d8fcdb3a20840,sunkenpalace_lower_01_c20r34.tgm,Tiny_5,30886003,541
37a45a790f9c165f,sunkenpalace_lower_01_c20r34.tgm.header,Tiny_5,30400472,264
79c468f518b6365b,sunkenpalace_lower_01_c20r33.tgm,Tiny_5,30885338,665
2634474df380baca,sunkenpalace_lower_01_c20r33.tgm.header,Tiny_5,30454720,264
fd24f6d1912b3a44,sunkenpalace_lower_01_c20r32.tgm,Tiny_5,30884549,789
2ad02dff8eeb7805,sunkenpalace_lower_01_c20r32.tgm.header,Tiny_5,30514468,264
9c6b37d1983b73e4,sunkenpalace_lower_01_c20r31.tgm,Tiny_5,30883636,913
064028b008ac8262,sunkenpalace_lower_01_c20r31.tgm.header,Tiny_5,30633951,264
310a67c3047bbfda,sunkenpalace_lower_01_c20r30.tgm,Tiny_5,30882599,1037
2a3c5e1585ed0c78,sunkenpalace_lower_01_c20r30.tgm.header,Tiny_5,30632774,264
83ef2d973e202ffc,sunkenpalace_lower_01_c20r3.tgm,Tiny_5,30881624,975
8cb0d8930433ee14,sunkenpalace_lower_01_c20r3.tgm.header,Tiny_5,30698987,264
913d0e9a6cc8f73f,sunkenpalace_lower_01_c20r29.tgm,Tiny_5,30880463,1161
5529b5b6f0067262,sunkenpalace_lower_01_c20r29.tgm.header,Tiny_5,30711405,264
b7513ddd3db1ed79,sunkenpalace_lower_01_c20r28.tgm,Tiny_5,30879178,1285
bccc6a66007283b9,sunkenpalace_lower_01_c20r28.tgm.header,Tiny_5,30709980,264
bb2d3de19e240198,sunkenpalace_lower_01_c20r27.tgm,Tiny_5,30877769,1409
ee5541c32e586f84,sunkenpalace_lower_01_c20r27.tgm.header,Tiny_5,30708431,264
8c8b354406c320e0,sunkenpalace_lower_01_c20r26.tgm,Tiny_5,30876236,1533
e44a181b2bd22763,sunkenpalace_lower_01_c20r26.tgm.header,Tiny_5,30706758,264
278cea5044173970,sunkenpalace_lower_01_c20r25.tgm,Tiny_5,30874579,1657
702ac00c9d13cc65,sunkenpalace_lower_01_c20r25.tgm.header,Tiny_5,30704961,264
b682dd59ec6914bf,sunkenpalace_lower_01_c20r24.tgm,Tiny_5,30872798,1781
009e6d94e2ba534a,sunkenpalace_lower_01_c20r24.tgm.header,Tiny_5,30825285,264
38e7781f014d4719,sunkenpalace_lower_01_c20r23.tgm,Folders/art/models/terrain/hideout/sunkenpalace/tgms_1,708865,5415
d3b31ecd9711c41c,sunkenpalace_lower_01_c20r23.tgm.header,Tiny_5,30872534,264
d25bf6d4e6123093,sunkenpalace_lower_01_c20r22.tgm,Folders/art/models/terrain/hideout/sunkenpalace/tgms_1,694382,14483
e248bab52087a93d,sunkenpalace_lower_01_c20r22.tgm.header,Tiny_5,30872270,264
5ad3d58e6f9089cc,sunkenpalace_lower_01_c20r21.tgm,Folders/art/models/terrain/hideout/sunkenpalace/tgms_1,684417,9965
7a59a7f3dd2ab99d,sunkenpalace_lower_01_c20r21.tgm.header,Tiny_5,30872006,264
ae60a10bf42fd020,sunkenpalace_lower_01_c20r20.tgm,Folders/art/models/terrain/hideout/sunkenpalace/tgms_1,677742,6675
e0316581155aba01,sunkenpalace_lower_01_c20r20.tgm.header,Tiny_5,30871742,264
097a0f656abc8369,sunkenpalace_lower_01_c20r2.tgm,Tiny_5,30870519,1223
4b6a25b8dc79d06b,sunkenpalace_lower_01_c20r2.tgm.header,Tiny_5,30781637,264
ca8ae8ffdd5f0d10,sunkenpalace_lower_01_c20r19.tgm,Folders/art/models/terrain/hideout/sunkenpalace/tgms_1,671977,5765
4294bc812f464304,sunkenpalace_lower_01_c20r19.tgm.header,Tiny_5,30870255,264
b758d79d8ce094b7,sunkenpalace_lower_01_c20r18.tgm,Folders/art/models/terrain/hideout/sunkenpalace/tgms_1,664040,7937
038536906781c69a,sunkenpalace_lower_01_c20r18.tgm.header,Tiny_5,30869991,264
fdc104d151fac100,sunkenpalace_lower_01_c20r17.tgm,Folders/art/models/terrain/hideout/sunkenpalace/tgms_1,644025,20015
5ef68dbebce6f551,sunkenpalace_lower_01_c20r17.tgm.header,Tiny_5,30869727,264
68c18cbf3f8c5c22,sunkenpalace_lower_01_c20r16.tgm,Folders/art/models/terrain/hideout/sunkenpalace/tgms_1,631558,12467
9bb397dfa086b1fe,sunkenpalace_lower_01_c20r16.tgm.header,Tiny_5,30869463,264
e64c231635241e26,sunkenpalace_lower_01_c20r15.tgm,Folders/art/models/terrain/hideout/sunkenpalace/tgms_1,623649,7909
2218b2082a7aab33,sunkenpalace_lower_01_c20r15.tgm.header,Tiny_5,30869199,264
5630ca5e6b39401b,sunkenpalace_lower_01_c20r14.tgm,Folders/art/models/terrain/hideout/sunkenpalace/tgms_1,616988,6661
bc472d12168660c0,sunkenpalace_lower_01_c20r14.tgm.header,Tiny_5,30868935,264
64c9bd0c3fc7e904,sunkenpalace_lower_01_c20r13.tgm,Folders/art/models/terrain/hideout/sunkenpalace/tgms_1,610657,6331
0d99b0b6e863052f,sunkenpalace_lower_01_c20r13.tgm.header,Tiny_5,30868671,264
9044dec64a15926d,sunkenpalace_lower_01_c20r12.tgm,Folders/art/models/terrain/hideout/sunkenpalace/tgms_1,600116,10541
a84386aa015c0d15,sunkenpalace_lower_01_c20r12.tgm.header,Tiny_5,30868407,264
7e4e67c1547f4037,sunkenpalace_lower_01_c20r11.tgm,Folders/art/models/terrain/hideout/sunkenpalace/tgms_1,589777,10339
508293400cf943f0,sunkenpalace_lower_01_c20r11.tgm.header,Tiny_5,30868143,264
3300a52da39b7820,sunkenpalace_lower_01_c20r10.tgm,Tiny_5,30863828,4051
eff34ab49390bb8c,sunkenpalace_lower_01_c20r10.tgm.header,Tiny_5,30867879,264
0e249775ed992c94,sunkenpalace_lower_01_c20r1.tgm,Tiny_5,30862775,789
7ca22ac22d6cdbfa,sunkenpalace_lower_01_c20r1.tgm.header,Tiny_5,30863564,264
1543d0a19b36942e,sunkenpalace_lower_01_c1r9.tgm,Folders/art/models/terrain/hideout/sunkenpalace/tgms_1,580562,9215
fe19a1b15feb956f,sunkenpalace_lower_01_c1r9.tgm.header,Tiny_5,30862511,264
ca3e88812af4cdf1,sunkenpalace_lower_01_c1r8.tgm,Folders/art/models/terrain/hideout/sunkenpalace/tgms_1,571383,9179
34dd8618f9943db4,sunkenpalace_lower_01_c1r8.tgm.header,Tiny_5,30862247,264
9bc4475afc597028,sunkenpalace_lower_01_c1r7.tgm,Folders/art/models/terrain/hideout/sunkenpalace/tgms_1,562324,9059
346e332406fbed40,sunkenpalace_lower_01_c1r7.tgm.header,Tiny_5,30861983,264
c0f6802ff2ab4c67,sunkenpalace_lower_01_c1r6.tgm,Folders/art/models/terrain/hideout/sunkenpalace/tgms_1,553081,9243
0ea56e58f589fac3,sunkenpalace_lower_01_c1r6.tgm.header,Tiny_5,30861719,264
2654abcc5118085d,sunkenpalace_lower_01_c1r5.tgm,Folders/art/models/terrain/hideout/sunkenpalace/tgms_1,544784,8297
a78c008833462a4a,sunkenpalace_lower_01_c1r5.tgm.header,Tiny_5,30861455,264
0df3daf5a8e20c22,sunkenpalace_lower_01_c1r4.tgm,Folders/art/models/terrain/hideout/sunkenpalace/tgms_1,536163,8621
7154d623482ee44f,sunkenpalace_lower_01_c1r4.tgm.header,Tiny_5,30861191,264
d812cf5405cb98fb,sunkenpalace_lower_01_c1r36.tgm,Tiny_5,30860224,703
96b66d5757b09d7a,sunkenpalace_lower_01_c1r36.tgm.header,Tiny_5,30860927,264
a21dc2d5b8ee9f8f,sunkenpalace_lower_01_c1r35.tgm,Tiny_5,30858885,1075
5cc59f82acac6e4a,sunkenpalace_lower_01_c1r35.tgm.header,Tiny_5,30859960,264
fc859a9b09ecbd6e,sunkenpalace_lower_01_c1r34.tgm,Tiny_5,30855462,3159
fae6dd64949abdcf,sunkenpalace_lower_01_c1r34.tgm.header,Tiny_5,30858621,264
82b3ad315fe7bfb4,sunkenpalace_lower_01_c1r33.tgm,Folders/art/models/terrain/hideout/sunkenpalace/tgms_1,530428,5735
d8373d880c2d40aa,sunkenpalace_lower_01_c1r33.tgm.header,Tiny_5,30855198,264
8fd6bcc16db66e01,sunkenpalace_lower_01_c1r32.tgm,Folders/art/models/terrain/hideout/sunkenpalace/tgms_1,522737,7691
aee75a232547fb79,sunkenpalace_lower_01_c1r32.tgm.header,Tiny_5,30854934,264
eba6521f156132bf,sunkenpalace_lower_01_c1r31.tgm,Folders/art/models/terrain/hideout/sunkenpalace/tgms_1,514402,8335
a52abd183660a03f,sunkenpalace_lower_01_c1r31.tgm.header,Tiny_5,30854670,264
c49b2d9cd166c3d8,sunkenpalace_lower_01_c1r30.tgm,Folders/art/models/terrain/hideout/sunkenpalace/tgms_1,507435,6967
3cbabf4faa5ceb38,sunkenpalace_lower_01_c1r30.tgm.header,Tiny_5,30854406,264
b7542aa58b942038,sunkenpalace_lower_01_c1r3.tgm,Folders/art/models/terrain/hideout/sunkenpalace/tgms_1,498338,9097
b20213851e08ef90,sunkenpalace_lower_01_c1r3.tgm.header,Tiny_5,30854142,264
467b7b737c9beaae,sunkenpalace_lower_01_c1r29.tgm,Folders/art/models/terrain/hideout/sunkenpalace/tgms_1,493381,4957
f55cd2f244873711,sunkenpalace_lower_01_c1r29.tgm.header,Tiny_5,30853878,264
ae84409dd8ef4bc5,sunkenpalace_lower_01_c1r28.tgm,Folders/art/models/terrain/hideout/sunkenpalace/tgms_1,487378,6003
0f60b7ba4b5ab8b5,sunkenpalace_lower_01_c1r28.tgm.header,Tiny_5,30853614,264
d144c143b8f6242c,sunkenpalace_lower_01_c1r27.tgm,Folders/art/models/terrain/hideout/sunkenpalace/tgms_1,481693,5685
ab161ec270d9e8f6,sunkenpalace_lower_01_c1r27.tgm.header,Tiny_5,30853350,264
08b4ab96ca6750d6,sunkenpalace_lower_01_c1r26.tgm,Folders/art/models/terrain/hideout/sunkenpalace/tgms_1,475004,6689
03afdb1d0dc82355,sunkenpalace_lower_01_c1r26.tgm.header,Tiny_5,30853086,264
78f5a6ac8feb38c3,sunkenpalace_lower_01_c1r25.tgm,Folders/art/models/terrain/hideout/sunkenpalace/tgms_1,468355,6649
5158c4b3270b319b,sunkenpalace_lower_01_c1r25.tgm.header,Tiny_5,30852822,264
b59373d5d9bf9571,sunkenpalace_lower_01_c1r24.tgm,Folders/art/models/terrain/hideout/sunkenpalace/tgms_1,462436,5919
979599b921a81882,sunkenpalace_lower_01_c1r24.tgm.header,Tiny_5,30852558,264
56dac2326b64f79f,sunkenpalace_lower_01_c1r23.tgm,Folders/art/models/terrain/hideout/sunkenpalace/tgms_1,456157,6279
951b545f8aef29f7,sunkenpalace_lower_01_c1r23.tgm.header,Tiny_5,30852294,264
854d4988d7c157b2,sunkenpalace_lower_01_c1r22.tgm,Folders/art/models/terrain/hideout/sunkenpalace/tgms_1,450346,5811
c6f3c50db52fee81,sunkenpalace_lower_01_c1r22.tgm.header,Tiny_5,30852030,264
67bd1011e73de7a3,sunkenpalace_lower_01_c1r21.tgm,Folders/art/models/terrain/hideout/sunkenpalace/tgms_1,442081,8265
f63cba63615ea32a,sunkenpalace_lower_01_c1r21.tgm.header,Tiny_5,30851766,264
d9faca1ba092a60c,sunkenpalace_lower_01_c1r20.tgm,Folders/art/models/terrain/hideout/sunkenpalace/tgms_1,434972,7109
55c3206fb14a33ab,sunkenpalace_lower_01_c1r20.tgm.header,Tiny_5,30851502,264
4c2742494716f43d,sunkenpalace_lower_01_c1r2.tgm,Folders/art/models/terrain/hideout/sunkenpalace/tgms_1,425545,9427
df7a68cb3774fa6a,sunkenpalace_lower_01_c1r2.tgm.header,Tiny_5,30851238,264
6a56456474659256,sunkenpalace_lower_01_c1r19.tgm,Folders/art/models/terrain/hideout/sunkenpalace/tgms_1,418482,7063
e208f2a4c26fe9aa,sunkenpalace_lower_01_c1r19.tgm.header,Tiny_5,30850974,264
fd298d3b0614b029,sunkenpalace_lower_01_c1r18.tgm,Folders/art/models/terrain/hideout/sunkenpalace/tgms_1,411233,7249
6825c79127806a3b,sunkenpalace_lower_01_c1r18.tgm.header,Tiny_5,30850710,264
c06b5b22574dd0af,sunkenpalace_lower_01_c1r17.tgm,Folders/art/models/terrain/hideout/sunkenpalace/tgms_1,404396,6837
1d599fef179fc8ce,sunkenpalace_lower_01_c1r17.tgm.header,Tiny_5,30850446,264
1db6188cc49463b1,sunkenpalace_lower_01_c1r16.tgm,Folders/art/models/terrain/hideout/sunkenpalace/tgms_1,396507,7889
d399a320162da7d1,sunkenpalace_lower_01_c1r16.tgm.header,Tiny_5,30850182,264
c35aaab91ff2bb64,sunkenpalace_lower_01_c1r15.tgm,Folders/art/models/terrain/hideout/sunkenpalace/tgms_1,389060,7447
a8763af23d46cf1f,sunkenpalace_lower_01_c1r15.tgm.header,Tiny_5,30849918,264
a62288682392f656,sunkenpalace_lower_01_c1r14.tgm,Folders/art/models/terrain/hideout/sunkenpalace/tgms_1,380753,8307
0c8bb01051248b52,sunkenpalace_lower_01_c1r14.tgm.header,Tiny_5,30849654,264
a208ca84e845fa45,sunkenpalace_lower_01_c1r13.tgm,Folders/art/models/terrain/hideout/sunkenpalace/tgms_1,372272,8481
5a92e3bfb6edec59,sunkenpalace_lower_01_c1r13.tgm.header,Tiny_5,30849390,264
6483d647db6c9209,sunkenpalace_lower_01_c1r12.tgm,Folders/art/models/terrain/hideout/sunkenpalace/tgms_1,364607,7665
29fcfc6d996db764,sunkenpalace_lower_01_c1r12.tgm.header,Tiny_5,30849126,264
1b8429888e15cfbd,sunkenpalace_lower_01_c1r11.tgm,Folders/art/models/terrain/hideout/sunkenpalace/tgms_1,357170,7437
247c81447c5f117d,sunkenpalace_lower_01_c1r11.tgm.header,Tiny_5,30848862,264
8f97bc6e5c5161ad,sunkenpalace_lower_01_c1r10.tgm,Folders/art/models/terrain/hideout/sunkenpalace/tgms_1,348211,8959
a2ea08faa4a1a1bb,sunkenpalace_lower_01_c1r10.tgm.header,Tiny_5,30848598,264
e544bf2b787a546e,sunkenpalace_lower_01_c1r1.tgm,Folders/art/models/terrain/hideout/sunkenpalace/tgms_1,339480,8731
5525056d760a9d15,sunkenpalace_lower_01_c1r1.tgm.header,Tiny_5,30848334,264
8e78cdaa05b82c1e,sunkenpalace_lower_01_c19r9.tgm,Tiny_5,30845693,2377
d852dac7ce807688,sunkenpalace_lower_01_c19r9.tgm.header,Tiny_5,30848070,264
545fb1c1e93e3740,sunkenpalace_lower_01_c19r8.tgm,Tiny_5,30844044,1385
1630628de1a2bfe1,sunkenpalace_lower_01_c19r8.tgm.header,Tiny_5,30845429,264
da5da49263b63abf,sunkenpalace_lower_01_c19r7.tgm,Tiny_5,30842883,1161
25def71628e3e3a8,sunkenpalace_lower_01_c19r7.tgm.header,Tiny_5,30711405,264
bf47fed6830df523,sunkenpalace_lower_01_c19r6.tgm,Tiny_5,30841272,1347
6da9008a501d76e9,sunkenpalace_lower_01_c19r6.tgm.header,Tiny_5,30842619,264
6813615262f874eb,sunkenpalace_lower_01_c19r5.tgm,Tiny_5,30839987,1285
b79dcc880d668c19,sunkenpalace_lower_01_c19r5.tgm.header,Tiny_5,30709980,264
d35dcf57d9127179,sunkenpalace_lower_01_c19r4.tgm,Tiny_5,30838764,1223
539c781fd6e77abc,sunkenpalace_lower_01_c19r4.tgm.header,Tiny_5,30781637,264
6b996a1ec9f46ba4,sunkenpalace_lower_01_c19r36.tgm,Tiny_5,30838471,293
31aaa7b264b2a23d,sunkenpalace_lower_01_c19r36.tgm.header,Tiny_5,30401710,264
6ed72cc7d497fd58,sunkenpalace_lower_01_c19r35.tgm,Tiny_5,30838054,417
782d30fb5e3c90d2,sunkenpalace_lower_01_c19r35.tgm.header,Tiny_5,30678713,264
ff6425557dc651a5,sunkenpalace_lower_01_c19r34.tgm,Tiny_5,30837513,541
8006984080608ea1,sunkenpalace_lower_01_c19r34.tgm.header,Tiny_5,30400472,264
e14b3f0f142357eb,sunkenpalace_lower_01_c19r33.tgm,Tiny_5,30836848,665
5ace6a5f95668ee6,sunkenpalace_lower_01_c19r33.tgm.header,Tiny_5,30454720,264
45a2a62b1b6dd646,sunkenpalace_lower_01_c19r32.tgm,Tiny_5,30836059,789
a5f871c219d0f3ce,sunkenpalace_lower_01_c19r32.tgm.header,Tiny_5,30514468,264
5ecccd491ffd6c2c,sunkenpalace_lower_01_c19r31.tgm,Tiny_5,30835146,913
2c94bee81a11ded7,sunkenpalace_lower_01_c19r31.tgm.header,Tiny_5,30633951,264
2f6ae8ff8669bdc2,sunkenpalace_lower_01_c19r30.tgm,Tiny_5,30834109,1037
6a9c709c058f9a48,sunkenpalace_lower_01_c19r30.tgm.header,Tiny_5,30674068,264
388d55f991c15810,sunkenpalace_lower_01_c19r3.tgm,Tiny_5,30832594,1251
05ef22ec91d36c5f,sunkenpalace_lower_01_c19r3.tgm.header,Tiny_5,30833845,264
538116d73895a1b5,sunkenpalace_lower_01_c19r29.tgm,Tiny_5,30831433,1161
a173da5f9a5272f2,sunkenpalace_lower_01_c19r29.tgm.header,Tiny_5,30711405,264
33b93bef4fb05a3b,sunkenpalace_lower_01_c19r28.tgm,Tiny_5,30830148,1285
54202e3e61efc947,sunkenpalace_lower_01_c19r28.tgm.header,Tiny_5,30709980,264
deab8f5b65a9014d,sunkenpalace_lower_01_c19r27.tgm,Tiny_5,30828739,1409
9bc54e623c30364c,sunkenpalace_lower_01_c19r27.tgm.header,Tiny_5,30708431,264
7815be755be9b776,sunkenpalace_lower_01_c19r26.tgm,Tiny_5,30827206,1533
c214ec16b641283b,sunkenpalace_lower_01_c19r26.tgm.header,Tiny_5,30706758,264
530f3e6243c67ced,sunkenpalace_lower_01_c19r25.tgm,Tiny_5,30825549,1657
3b7e5be0f140345f,sunkenpalace_lower_01_c19r25.tgm.header,Tiny_5,30704961,264
ef01e643fc3720e6,sunkenpalace_lower_01_c19r24.tgm,Tiny_5,30823504,1781
a23e17d4fca063c4,sunkenpalace_lower_01_c19r24.tgm.header,Tiny_5,30825285,264
6070548b308c2ed5,sunkenpalace_lower_01_c19r23.tgm,Tiny_5,30820491,2749
e5f081faa97ef2bd,sunkenpalace_lower_01_c19r23.tgm.header,Tiny_5,30823240,264
d5dd2f8e0f65dbe1,sunkenpalace_lower_01_c19r22.tgm,Folders/art/models/terrain/hideout/sunkenpalace/tgms_1,327071,12409
11751edb56b6b610,sunkenpalace_lower_01_c19r22.tgm.header,Tiny_5,30820227,264
0d877f290b84c0a8,sunkenpalace_lower_01_c19r21.tgm,Folders/art/models/terrain/hideout/sunkenpalace/tgms_1,316644,10427
4aa471fe5617c8c6,sunkenpalace_lower_01_c19r21.tgm.header,Tiny_5,30819963,264
d612c7b169c77ccf,sunkenpalace_lower_01_c19r20.tgm,Folders/art/models/terrain/hideout/sunkenpalace/tgms_1,308823,7821
ce17c1aa5e8dd30b,sunkenpalace_lower_01_c19r20.tgm.header,Tiny_5,30819660,303
1c14844aa66c1f45,sunkenpalace_lower_01_c19r2.tgm,Tiny_5,30818393,1003
af006b32b903c3dd,sunkenpalace_lower_01_c19r2.tgm.header,Tiny_5,30819396,264
26d956d7f3123329,sunkenpalace_lower_01_c19r19.tgm,Folders/art/models/terrain/hideout/sunkenpalace/tgms_1,302736,6087
e4cef180d5569ee6,sunkenpalace_lower_01_c19r19.tgm.header,Tiny_5,30818129,264
fc80fc1524520151,sunkenpalace_lower_01_c19r18.tgm,Folders/art/models/terrain/hideout/sunkenpalace/tgms_1,295289,7447
fa0539d6b48bf61d,sunkenpalace_lower_01_c19r18.tgm.header,Tiny_5,30817865,264
24856491041a6f21,sunkenpalace_lower_01_c19r17.tgm,Folders/art/models/terrain/hideout/sunkenpalace/tgms_1,284962,10327
5543a4e4569c4ab7,sunkenpalace_lower_01_c19r17.tgm.header,Tiny_5,30817601,264
2953690d66d57347,sunkenpalace_lower_01_c19r16.tgm,Folders/art/models/terrain/hideout/sunkenpalace/tgms_1,276991,7971
522814000b6a513d,sunkenpalace_lower_01_c19r16.tgm.header,Tiny_5,30817337,264
c165351d76e8c2a5,sunkenpalace_lower_01_c19r15.tgm,Folders/art/models/terrain/hideout/sunkenpalace/tgms_1,270658,6333
213dacfd8f79e20d,sunkenpalace_lower_01_c19r15.tgm.header,Tiny_5,30817073,264
bfa49ace6719d420,sunkenpalace_lower_01_c19r14.tgm,Folders/art/models/terrain/hideout/sunkenpalace/tgms_1,263427,7231
6f03296f1196f826,sunkenpalace_lower_01_c19r14.tgm.header,Tiny_5,30816770,303
8928cb79eabb5908,sunkenpalace_lower_01_c19r13.tgm,Folders/art/models/terrain/hideout/sunkenpalace/tgms_1,257434,5993
d2d04b27f35b8dd1,sunkenpalace_lower_01_c19r13.tgm.header,Tiny_5,30816506,264
942a68829311fd36,sunkenpalace_lower_01_c19r12.tgm,Folders/art/models/terrain/hideout/sunkenpalace/tgms_1,244553,12881
f918654a603797c0,sunkenpalace_lower_01_c19r12.tgm.header,Tiny_5,30816242,264
a9d01b5e7483598a,sunkenpalace_lower_01_c19r11.tgm,Folders/art/models/terrain/hideout/sunkenpalace/tgms_1,236864,7689
2056b8e5d42276d0,sunkenpalace_lower_01_c19r11.tgm.header,Tiny_5,30815978,264
f10604391d37f7ba,sunkenpalace_lower_01_c19r10.tgm,Tiny_5,30812593,3121
84002d2a2e2c3f81,sunkenpalace_lower_01_c19r10.tgm.header,Tiny_5,30815714,264
3f2563e02399cc9c,sunkenpalace_lower_01_c19r1.tgm,Tiny_5,30811664,665
2474082c3fb36c14,sunkenpalace_lower_01_c19r1.tgm.header,Tiny_5,30812329,264
7b7598e680bfb8c3,sunkenpalace_lower_01_c18r9.tgm,Tiny_5,30808899,2501
6f407299aadc9461,sunkenpalace_lower_01_c18r9.tgm.header,Tiny_5,30811400,264
2aeb988f5cc681ba,sunkenpalace_lower_01_c18r8.tgm,Tiny_5,30806162,2473
ea6e4265993f2e54,sunkenpalace_lower_01_c18r8.tgm.header,Tiny_5,30808635,264
8c458e90db98ec43,sunkenpalace_lower_01_c18r7.tgm,Tiny_5,30804051,1847
33b56fec0683b8f6,sunkenpalace_lower_01_c18r7.tgm.header,Tiny_5,30805898,264
49231b801885393c,sunkenpalace_lower_01_c18r6.tgm,Tiny_5,30802766,1285
261afbcdd210c785,sunkenpalace_lower_01_c18r6.tgm.header,Tiny_5,30709980,264
920da46c71205185,sunkenpalace_lower_01_c18r5.tgm,Tiny_5,30801437,1065
d731bdb2691ae941,sunkenpalace_lower_01_c18r5.tgm.header,Tiny_5,30802502,264
0446e8c058e34997,sunkenpalace_lower_01_c18r4.tgm,Tiny_5,30800462,975
0071db5943778bca,sunkenpalace_lower_01_c18r4.tgm.header,Tiny_5,30698987,264
a8982ce104594b88,sunkenpalace_lower_01_c18r36.tgm,Tiny_5,30800169,293
3690d8c6f978c468,sunkenpalace_lower_01_c18r36.tgm.header,Tiny_5,30401710,264
bd78e69d91d2e528,sunkenpalace_lower_01_c18r35.tgm,Tiny_5,30799752,417
25d9839657dd6019,sunkenpalace_lower_01_c18r35.tgm.header,Tiny_5,30401153,264
03d6e0c953d8e55e,sunkenpalace_lower_01_c18r34.tgm,Tiny_5,30799211,541
5f57d5f45b8ed202,sunkenpalace_lower_01_c18r34.tgm.header,Tiny_5,30400472,264
fb11e752dca3943a,sunkenpalace_lower_01_c18r33.tgm,Tiny_5,30798546,665
8c13acb7579ffc55,sunkenpalace_lower_01_c18r33.tgm.header,Tiny_5,30454720,264
115af60a83ef9667,sunkenpalace_lower_01_c18r32.tgm,Tiny_5,30797757,789
982135668d370e98,sunkenpalace_lower_01_c18r32.tgm.header,Tiny_5,30514468,264
e108c7b72d28dffb,sunkenpalace_lower_01_c18r31.tgm,Tiny_5,30796844,913
44c2e666665c8530,sunkenpalace_lower_01_c18r31.tgm.header,Tiny_5,30633951,264
721432626018aa8e,sunkenpalace_lower_01_c18r30.tgm,Tiny_5,30795807,1037
d25b43f687816291,sunkenpalace_lower_01_c18r30.tgm.header,Tiny_5,30674068,264
e17af30ed51985f6,sunkenpalace_lower_01_c18r3.tgm,Tiny_5,30794584,1223
2ebf04077237be5c,sunkenpalace_lower_01_c18r3.tgm.header,Tiny_5,30781637,264
eb4f5a4ee89d0cda,sunkenpalace_lower_01_c18r29.tgm,Tiny_5,30793423,1161
f904e1954abe3172,sunkenpalace_lower_01_c18r29.tgm.header,Tiny_5,30670746,264
79f0ae45911dabc2,sunkenpalace_lower_01_c18r28.tgm,Tiny_5,30792138,1285
b83623235d6f8072,sunkenpalace_lower_01_c18r28.tgm.header,Tiny_5,30752196,264
59ccf02bb96b5cf0,sunkenpalace_lower_01_c18r27.tgm,Tiny_5,30790729,1409
2a7ba92a52373558,sunkenpalace_lower_01_c18r27.tgm.header,Tiny_5,30708431,264
4f2052a9dcc8ff8f,sunkenpalace_lower_01_c18r26.tgm,Tiny_5,30789196,1533
29090cf8f4b98df1,sunkenpalace_lower_01_c18r26.tgm.header,Tiny_5,30706758,264
29b5a5f5ad4dd55a,sunkenpalace_lower_01_c18r25.tgm,Tiny_5,30787539,1657
2f57be1951e4f84e,sunkenpalace_lower_01_c18r25.tgm.header,Tiny_5,30704961,264
dd05f5930fb72d0d,sunkenpalace_lower_01_c18r24.tgm,Tiny_5,30785366,1909
9483a28a0a146736,sunkenpalace_lower_01_c18r24.tgm.header,Tiny_5,30787275,264
d13009f350107306,sunkenpalace_lower_01_c18r23.tgm,Tiny_5,30782815,2287
3dffc8131f24a04b,sunkenpalace_lower_01_c18r23.tgm.header,Tiny_5,30785102,264
dbd15edb523af688,sunkenpalace_lower_01_c18r22.tgm,Folders/art/models/terrain/hideout/sunkenpalace/tgms_1,225795,11069
5ee7a4212d925869,sunkenpalace_lower_01_c18r22.tgm.header,Tiny_5,30782551,264
e49a004839498613,sunkenpalace_lower_01_c18r21.tgm,Folders/art/models/terrain/hideout/sunkenpalace/tgms_1,212406,13389
0b0fc667b19b6826,sunkenpalace_lower_01_c18r21.tgm.header,Tiny_5,30782248,303
55d3669335ede33f,sunkenpalace_lower_01_c18r20.tgm,Folders/art/models/terrain/hideout/sunkenpalace/tgms_1,200995,11411
97d2477830e95799,sunkenpalace_lower_01_c18r20.tgm.header,Tiny_5,30781901,347
848517a38b7df3ce,sunkenpalace_lower_01_c18r2.tgm,Tiny_5,30780414,1223
8df5714b0f614f73,sunkenpalace_lower_01_c18r2.tgm.header,Tiny_5,30781637,264
34185c48df09cf0b,sunkenpalace_lower_01_c18r19.tgm,Folders/art/models/terrain/hideout/sunkenpalace/tgms_1,190210,10785
5f1c09dcf4b6bfd7,sunkenpalace_lower_01_c18r19.tgm.header,Tiny_5,30780111,303
6f1d9573666023ee,sunkenpalace_lower_01_c18r18.tgm,Folders/art/models/terrain/hideout/sunkenpalace/tgms_1,184331,5879
20707532772f5282,sunkenpalace_lower_01_c18r18.tgm.header,Tiny_5,30779847,264
3fee4e11c57c5e20,sunkenpalace_lower_01_c18r17.tgm,Folders/art/models/terrain/hideout/sunkenpalace/tgms_1,178374,5957
da255af9921b2c7c,sunkenpalace_lower_01_c18r17.tgm.header,Tiny_5,30779583,264
f188913b819661d9,sunkenpalace_lower_01_c18r16.tgm,Folders/art/models/terrain/hideout/sunkenpalace/tgms_1,172637,5737
40f3090a603ab559,sunkenpalace_lower_01_c18r16.tgm.header,Tiny_5,30779319,264
8bef402d6f36ccaa,sunkenpalace_lower_01_c18r15.tgm,Folders/art/models/terrain/hideout/sunkenpalace/tgms_1,163984,8653
221994a288d121d1,sunkenpalace_lower_01_c18r15.tgm.header,Tiny_5,30779016,303
e27745a3f8f0152d,sunkenpalace_lower_01_c18r14.tgm,Folders/art/models/terrain/hideout/sunkenpalace/tgms_1,154349,9635
2016dfcf4af05659,sunkenpalace_lower_01_c18r14.tgm.header,Tiny_5,30778713,303
20364f390cf2ffc5,sunkenpalace_lower_01_c18r13.tgm,Folders/art/models/terrain/hideout/sunkenpalace/tgms_1,145958,8391
0f6efd2f8cad35a8,sunkenpalace_lower_01_c18r13.tgm.header,Tiny_5,30778410,303
ec5faca3930d3068,sunkenpalace_lower_01_c18r12.tgm,Folders/art/models/terrain/hideout/sunkenpalace/tgms_1,132755,13203
1c3b884e287f28c8,sunkenpalace_lower_01_c18r12.tgm.header,Tiny_5,30778146,264
6ba4dcba5e07a568,sunkenpalace_lower_01_c18r11.tgm,Tiny_5,30774053,3829
77d2e9d5224fbef6,sunkenpalace_lower_01_c18r11.tgm.header,Tiny_5,30777882,264
05b94f4a8d78b524,sunkenpalace_lower_01_c18r10.tgm,Tiny_5,30771260,2529
432b4065376eb026,sunkenpalace_lower_01_c18r10.tgm.header,Tiny_5,30773789,264
34c73767d9fd8a48,sunkenpalace_lower_01_c18r1.tgm,Tiny_5,30769993,1003
ca409e474b66862c,sunkenpalace_lower_01_c18r1.tgm.header,Tiny_5,30770996,264
5f9c33f364c4066f,sunkenpalace_lower_01_c17r9.tgm,Tiny_5,30767324,2405
8842d82146a4d083,sunkenpalace_lower_01_c17r9.tgm.header,Tiny_5,30769729,264
142e64de4659d3d5,sunkenpalace_lower_01_c17r8.tgm,Tiny_5,30765241,1819
bf33bcbc8b58482f,sunkenpalace_lower_01_c17r8.tgm.header,Tiny_5,30767060,264
62a8e9daf5b45f08,sunkenpalace_lower_01_c17r7.tgm,Tiny_5,30763372,1605
02342524c0cccf4c,sunkenpalace_lower_01_c17r7.tgm.header,Tiny_5,30764977,264
c1b59083a1eba2da,sunkenpalace_lower_01_c17r6.tgm,Tiny_5,30761943,1165
2cbdcb310caa0820,sunkenpalace_lower_01_c17r6.tgm.header,Tiny_5,30763108,264
cd626fb23dc36ba8,sunkenpalace_lower_01_c17r5.tgm,Tiny_5,30760968,975
cbe673fa25ff6a84,sunkenpalace_lower_01_c17r5.tgm.header,Tiny_5,30698987,264
f3dbaf65de499852,sunkenpalace_lower_01_c17r4.tgm,Tiny_5,30759577,1127
e020d704395a9082,sunkenpalace_lower_01_c17r4.tgm.header,Tiny_5,30760704,264
5ef083bc81bd329c,sunkenpalace_lower_01_c17r36.tgm,Tiny_5,30759020,293
8e9e95ebb256b4c1,sunkenpalace_lower_01_c17r36.tgm.header,Tiny_5,30759313,264
6cf58c117dde3969,sunkenpalace_lower_01_c17r35.tgm,Tiny_5,30758603,417
7b433bb730a839fe,sunkenpalace_lower_01_c17r35.tgm.header,Tiny_5,30576268,264
8d7e3ba354e9bc72,sunkenpalace_lower_01_c17r34.tgm,Tiny_5,30758062,541
7a86401d0c4a3df0,sunkenpalace_lower_01_c17r34.tgm.header,Tiny_5,30400472,264
8ec8446d3a42958c,sunkenpalace_lower_01_c17r33.tgm,Tiny_5,30757397,665
a4e81d21382a441f,sunkenpalace_lower_01_c17r33.tgm.header,Tiny_5,30454720,264
9858e297d458cd19,sunkenpalace_lower_01_c17r32.tgm,Tiny_5,30756608,789
43d80fa9e5c8eff3,sunkenpalace_lower_01_c17r32.tgm.header,Tiny_5,30514468,264
260527223c64ad4d,sunkenpalace_lower_01_c17r31.tgm,Tiny_5,30755695,913
2ff528d164c199e4,sunkenpalace_lower_01_c17r31.tgm.header,Tiny_5,30675245,264
ae38bd1d15d28051,sunkenpalace_lower_01_c17r30.tgm,Tiny_5,30754658,1037
9a74de565ec91059,sunkenpalace_lower_01_c17r30.tgm.header,Tiny_5,30674068,264
8c6756244690b1fe,sunkenpalace_lower_01_c17r3.tgm,Tiny_5,30753621,1037
ad554788b8cd019c,sunkenpalace_lower_01_c17r3.tgm.header,Tiny_5,30674068,264
d22a1ea95a07a69d,sunkenpalace_lower_01_c17r29.tgm,Tiny_5,30752460,1161
96a33a2ee4d25dbe,sunkenpalace_lower_01_c17r29.tgm.header,Tiny_5,30711405,264
ecee72d38916b066,sunkenpalace_lower_01_c17r28.tgm,Tiny_5,30750911,1285
0fc52586f6cf06af,sunkenpalace_lower_01_c17r28.tgm.header,Tiny_5,30752196,264
40dec2af28808e53,sunkenpalace_lower_01_c17r27.tgm,Tiny_5,30749502,1409
e821e7bf0874ead3,sunkenpalace_lower_01_c17r27.tgm.header,Tiny_5,30708431,264
117555ddfe251d88,sunkenpalace_lower_01_c17r26.tgm,Tiny_5,30747969,1533
471474300cb44c4f,sunkenpalace_lower_01_c17r26.tgm.header,Tiny_5,30706758,264
2cfe2f0b8892c3ce,sunkenpalace_lower_01_c17r25.tgm,Tiny_5,30746312,1657
6b2fd2c82b9a035b,sunkenpalace_lower_01_c17r25.tgm.header,Tiny_5,30704961,264
18cb58dd03a85348,sunkenpalace_lower_01_c17r24.tgm,Tiny_5,30744043,2005
c3574604bb9aab78,sunkenpalace_lower_01_c17r24.tgm.header,Tiny_5,30746048,264
7186cb4236436826,sunkenpalace_lower_01_c17r23.tgm,Tiny_5,30741464,2315
a13f14d2ab2c7840,sunkenpalace_lower_01_c17r23.tgm.header,Tiny_5,30743779,264
e84a478ad719ef6c,sunkenpalace_lower_01_c17r22.tgm,Folders/art/models/terrain/hideout/sunkenpalace/tgms_1,124570,8185
0dd1e33524c0b8d0,sunkenpalace_lower_01_c17r22.tgm.header,Tiny_5,30741161,303
3cf437aa5226747f,sunkenpalace_lower_01_c17r21.tgm,Folders/art/models/terrain/hideout/sunkenpalace/tgms_1,108365,16205
47074c0636b3859c,sunkenpalace_lower_01_c17r21.tgm.header,Tiny_5,30740814,347
16cbb1879639aeb2,sunkenpalace_lower_01_c17r20.tgm,Folders/art/models/terrain/hideout/sunkenpalace/tgms_1,95272,13093
fa28bdd95b2e4b61,sunkenpalace_lower_01_c17r20.tgm.header,Tiny_5,30740467,347
df5b176fa6f264df,sunkenpalace_lower_01_c17r2.tgm,Tiny_5,30739492,975
5a482a42319c54fe,sunkenpalace_lower_01_c17r2.tgm.header,Tiny_5,30698987,264
540cca533d1bb5cc,sunkenpalace_lower_01_c17r19.tgm,Folders/art/models/terrain/hideout/sunkenpalace/tgms_1,83907,11365
27a1c43581221117,sunkenpalace_lower_01_c17r19.tgm.header,Tiny_5,30739189,303
6b6080aceddd2c6f,sunkenpalace_lower_01_c17r18.tgm,Folders/art/models/terrain/hideout/sunkenpalace/tgms_1,77606,6301
07c1f188416894fb,sunkenpalace_lower_01_c17r18.tgm.header,Tiny_5,30738925,264
3dc270b602255c16,sunkenpalace_lower_01_c17r17.tgm,Folders/art/models/terrain/hideout/sunkenpalace/tgms_1,71327,6279
6c66fae59c14ea01,sunkenpalace_lower_01_c17r17.tgm.header,Tiny_5,30738661,264
ff43cfdd8dbfae69,sunkenpalace_lower_01_c17r16.tgm,Folders/art/models/terrain/hideout/sunkenpalace/tgms_1,64054,7273
3e058c42cb83d64d,sunkenpalace_lower_01_c17r16.tgm.header,Tiny_5,30738397,264
7b475b04b37d2368,sunkenpalace_lower_01_c17r15.tgm,Folders/art/models/terrain/hideout/sunkenpalace/tgms_1,55291,8763
ffdd1e38d44a9a94,sunkenpalace_lower_01_c17r15.tgm.header,Tiny_5,30738094,303
b1399bee9390ed59,sunkenpalace_lower_01_c17r14.tgm,Folders/art/models/terrain/hideout/sunkenpalace/tgms_1,43078,12213
e4aea3d541af80bf,sunkenpalace_lower_01_c17r14.tgm.header,Tiny_5,30737747,347
e3175ece990bbc19,sunkenpalace_lower_01_c17r13.tgm,Folders/art/models/terrain/hideout/sunkenpalace/tgms_1,29079,13999
8f3ab02c2a4d6155,sunkenpalace_lower_01_c17r13.tgm.header,Tiny_5,30737400,347
3f2b9c7ab705a2bb,sunkenpalace_lower_01_c17r12.tgm,Folders/art/models/terrain/hideout/sunkenpalace/tgms,1056766,6952515
819a0fcc03ba3443,sunkenpalace_lower_01_c17r12.tgm.header,Folders/art/models/terrain/hideout/sunkenpalace/tgms_1,0,29079
a9d708d6aecdd71d,sunkenpalace_lower_01_c17r11.tgm,Tiny_5,30735165,1971
636ef877b8d27a9d,sunkenpalace_lower_01_c17r11.tgm.header,Tiny_5,30737136,264
f94ef9c5dd296284,sunkenpalace_lower_01_c17r10.tgm,Tiny_5,30732462,2439
9c691bade13015ec,sunkenpalace_lower_01_c17r10.tgm.header,Tiny_5,30734901,264
35ae0c086ec72f7b,sunkenpalace_lower_01_c17r1.tgm,Tiny_5,30731549,913
a4f6011b1522cb24,sunkenpalace_lower_01_c17r1.tgm.header,Tiny_5,30692401,264
cd7807111b464a7b,sunkenpalace_lower_01_c16r9.tgm,Tiny_5,30729032,2253
3d43a2278260e68a,sunkenpalace_lower_01_c16r9.tgm.header,Tiny_5,30731285,264
1f624d8c7674fc10,sunkenpalace_lower_01_c16r8.tgm,Tiny_5,30727011,1757
77db011360400414,sunkenpalace_lower_01_c16r8.tgm.header,Tiny_5,30728768,264
b0a573d8f709b10e,sunkenpalace_lower_01_c16r7.tgm,Tiny_5,30725024,1723
8eb31f255e695430,sunkenpalace_lower_01_c16r7.tgm.header,Tiny_5,30726747,264
d0782134f58f2f31,sunkenpalace_lower_01_c16r6.tgm,Tiny_5,30722253,2507
100f93838ad8a509,sunkenpalace_lower_01_c16r6.tgm.header,Tiny_5,30724760,264
53656a45ceff35a3,sunkenpalace_lower_01_c16r5.tgm,Tiny_5,30719612,2377
d54fa2214b286c62,sunkenpalace_lower_01_c16r5.tgm.header,Tiny_5,30721989,264
1e1ced5b6ed16e20,sunkenpalace_lower_01_c16r4.tgm,Tiny_5,30717687,1661
18a853a7291206b9,sunkenpalace_lower_01_c16r4.tgm.header,Tiny_5,30719348,264
f245a18bf3ff1730,sunkenpalace_lower_01_c16r36.tgm,Tiny_5,30717394,293
a32e268ef19d32ae,sunkenpalace_lower_01_c16r36.tgm.header,Tiny_5,30401710,264
21f7f8102a32094b,sunkenpalace_lower_01_c16r35.tgm,Tiny_5,30716977,417
b482488849dbc7e4,sunkenpalace_lower_01_c16r35.tgm.header,Tiny_5,30401153,264
e7ae9616b98c6fbd,sunkenpalace_lower_01_c16r34.tgm,Tiny_5,30716436,541
ce2eb02897faac20,sunkenpalace_lower_01_c16r34.tgm.header,Tiny_5,30400472,264
93af5633912f522c,sunkenpalace_lower_01_c16r33.tgm,Tiny_5,30715771,665
3e696824c442a444,sunkenpalace_lower_01_c16r33.tgm.header,Tiny_5,30454720,264
11923807a394143a,sunkenpalace_lower_01_c16r32.tgm,Tiny_5,30714982,789
b786eb30a25f6f7a,sunkenpalace_lower_01_c16r32.tgm.header,Tiny_5,30514468,264
6656796d1d49b0fd,sunkenpalace_lower_01_c16r31.tgm,Tiny_5,30714069,913
d7e339ab5008decc,sunkenpalace_lower_01_c16r31.tgm.header,Tiny_5,30675245,264
555841bf8f2b5b3f,sunkenpalace_lower_01_c16r30.tgm,Tiny_5,30713032,1037
77782cd4a6af8a1c,sunkenpalace_lower_01_c16r30.tgm.header,Tiny_5,30674068,264
f5d03ca712bb3eb4,sunkenpalace_lower_01_c16r3.tgm,Tiny_5,30711669,1099
d4b239eac61f4f67,sunkenpalace_lower_01_c16r3.tgm.header,Tiny_5,30712768,264
ae50d440229c3630,sunkenpalace_lower_01_c16r29.tgm,Tiny_5,30710244,1161
64f29d1d265b686e,sunkenpalace_lower_01_c16r29.tgm.header,Tiny_5,30711405,264
9ae36007baeaf639,sunkenpalace_lower_01_c16r28.tgm,Tiny_5,30708695,1285
0a5d3b9df3dca119,sunkenpalace_lower_01_c16r28.tgm.header,Tiny_5,30709980,264
ee78bcc398c05a27,sunkenpalace_lower_01_c16r27.tgm,Tiny_5,30707022,1409
6c6b1646b46387bd,sunkenpalace_lower_01_c16r27.tgm.header,Tiny_5,30708431,264
de2f503e868850bc,sunkenpalace_lower_01_c16r26.tgm,Tiny_5,30705225,1533
edbc37e73fbffae3,sunkenpalace_lower_01_c16r26.tgm.header,Tiny_5,30706758,264
a65b49a42a925f1b,sunkenpalace_lower_01_c16r25.tgm,Tiny_5,30703304,1657
f9972e31f7813321,sunkenpalace_lower_01_c16r25.tgm.header,Tiny_5,30704961,264
cda3f3938edcf271,sunkenpalace_lower_01_c16r24.tgm,Tiny_5,30701035,2005
7a58e67467601cce,sunkenpalace_lower_01_c16r24.tgm.header,Tiny_5,30703040,264
4c8fe7924e770d5c,sunkenpalace_lower_01_c16r23.tgm,Folders/art/models/terrain/hideout/sunkenpalace/tgms,1048081,8685
8f02a7b51c1ff082,sunkenpalace_lower_01_c16r23.tgm.header,Tiny_5,30700732,303
98e2f3db657dc7ed,sunkenpalace_lower_01_c16r22.tgm,Folders/art/models/terrain/hideout/sunkenpalace/tgms,1027126,20955
d687fd94ed5dbc45,sunkenpalace_lower_01_c16r22.tgm.header,Tiny_5,30700121,611
4d5ac76f89570062,sunkenpalace_lower_01_c16r21.tgm,Folders/art/models/terrain/hideout/sunkenpalace/tgms,1006473,20653
a7a31564455ee297,sunkenpalace_lower_01_c16r21.tgm.header,Tiny_5,30699598,523
428b0277f1b0b063,sunkenpalace_lower_01_c16r20.tgm,Folders/art/models/terrain/hideout/sunkenpalace/tgms,992030,14443
184d08815087792f,sunkenpalace_lower_01_c16r20.tgm.header,Tiny_5,30699251,347
7f5c7b6ede65a5ee,sunkenpalace_lower_01_c16r2.tgm,Tiny_5,30698012,975
6682cb7c4206977b,sunkenpalace_lower_01_c16r2.tgm.header,Tiny_5,30698987,264
2b54fa6460c9c1fe,sunkenpalace_lower_01_c16r19.tgm,Folders/art/models/terrain/hideout/sunkenpalace/tgms,979029,13001
bab58e70b1d5201b,sunkenpalace_lower_01_c16r19.tgm.header,Tiny_5,30697748,264
36dcf285ef887129,sunkenpalace_lower_01_c16r18.tgm,Folders/art/models/terrain/hideout/sunkenpalace/tgms,969514,9515
d4a72df225918747,sunkenpalace_lower_01_c16r18.tgm.header,Tiny_5,30697484,264
f1daaac0f3a84305,sunkenpalace_lower_01_c16r17.tgm,Folders/art/models/terrain/hideout/sunkenpalace/tgms,959825,9689
2a5f465680d85b79,sunkenpalace_lower_01_c16r17.tgm.header,Tiny_5,30697220,264
9d3e11cb1671675b,sunkenpalace_lower_01_c16r16.tgm,Folders/art/models/terrain/hideout/sunkenpalace/tgms,950954,8871
d32efb3c0f6e72c4,sunkenpalace_lower_01_c16r16.tgm.header,Tiny_5,30696956,264
0daf6f0612709f96,sunkenpalace_lower_01_c16r15.tgm,Folders/art/models/terrain/hideout/sunkenpalace/tgms,941021,9933
371aee9e79add668,sunkenpalace_lower_01_c16r15.tgm.header,Tiny_5,30696692,264
1c0ffa19317bc603,sunkenpalace_lower_01_c16r14.tgm,Folders/art/models/terrain/hideout/sunkenpalace/tgms,927018,14003
38338eb2a9b3411b,sunkenpalace_lower_01_c16r14.tgm.header,Tiny_5,30696389,303
1629a2afa92fcd26,sunkenpalace_lower_01_c16r13.tgm,Folders/art/models/terrain/hideout/sunkenpalace/tgms,910403,16615
5852cfe75fe19798,sunkenpalace_lower_01_c16r13.tgm.header,Tiny_5,30695954,435
28b4bc9211956fcb,sunkenpalace_lower_01_c16r12.tgm,Folders/art/models/terrain/hideout/sunkenpalace/tgms,890520,19883
e2b5589a90357980,sunkenpalace_lower_01_c16r12.tgm.header,Tiny_5,30695475,479
a06f0a0b170f8763,sunkenpalace_lower_01_c16r11.tgm,Folders/art/models/terrain/hideout/sunkenpalace/tgms,875613,14907
06de28dfa00d1f58,sunkenpalace_lower_01_c16r11.tgm.header,Tiny_5,30694996,479
6527cad8a6f847ec,sunkenpalace_lower_01_c16r10.tgm,Tiny_5,30692665,2067
5d64a47a77abaa26,sunkenpalace_lower_01_c16r10.tgm.header,Tiny_5,30694732,264
3440e893cb4801f6,sunkenpalace_lower_01_c16r1.tgm,Tiny_5,30691488,913
19ce0f4409acb076,sunkenpalace_lower_01_c16r1.tgm.header,Tiny_5,30692401,264
b19fbeab14752ae9,sunkenpalace_lower_01_c15r9.tgm,Tiny_5,30688661,2563
0b46409b1a091e69,sunkenpalace_lower_01_c15r9.tgm.header,Tiny_5,30691224,264
f2acd687ad9d60c0,sunkenpalace_lower_01_c15r8.tgm,Folders/art/models/terrain/hideout/sunkenpalace/tgms,871056,4557
160eac2d25a5a097,sunkenpalace_lower_01_c15r8.tgm.header,Tiny_5,30688397,264
24d079cbc649c145,sunkenpalace_lower_01_c15r7.tgm,Tiny_5,30684602,3531
dfdf7f62eba99015,sunkenpalace_lower_01_c15r7.tgm.header,Tiny_5,30688133,264
80c2a556e237e192,sunkenpalace_lower_01_c15r6.tgm,Folders/art/models/terrain/hideout/sunkenpalace/tgms,865569,5487
8258fa2ac6fa1869,sunkenpalace_lower_01_c15r6.tgm.header,Tiny_5,30684338,264
b0cd65c18429d6e9,sunkenpalace_lower_01_c15r5.tgm,Tiny_5,30681449,2625
dfc7cf2dbce1dbcd,sunkenpalace_lower_01_c15r5.tgm.header,Tiny_5,30684074,264
43ead043f104a6e9,sunkenpalace_lower_01_c15r4.tgm,Tiny_5,30679270,1915
580d45d8ac85d363,sunkenpalace_lower_01_c15r4.tgm.header,Tiny_5,30681185,264
a0f91192d13b0aba,sunkenpalace_lower_01_c15r36.tgm,Tiny_5,30678977,293
58b46c995af522fc,sunkenpalace_lower_01_c15r36.tgm.header,Tiny_5,30401710,264
ba60595bc0f576b7,sunkenpalace_lower_01_c15r35.tgm,Tiny_5,30678296,417
e1c251c69b1bf721,sunkenpalace_lower_01_c15r35.tgm.header,Tiny_5,30678713,264
73e05d04f7cdab70,sunkenpalace_lower_01_c15r34.tgm,Tiny_5,30677491,541
4705bd12da28e99e,sunkenpalace_lower_01_c15r34.tgm.header,Tiny_5,30678032,264
32dc428f73254ef3,sunkenpalace_lower_01_c15r33.tgm,Tiny_5,30676562,665
e78b5c2023add9b9,sunkenpalace_lower_01_c15r33.tgm.header,Tiny_5,30677227,264
526455b28d74d5e5,sunkenpalace_lower_01_c15r32.tgm,Tiny_5,30675509,789
9765eaa20c947739,sunkenpalace_lower_01_c15r32.tgm.header,Tiny_5,30676298,264
6dad3ace815ef478,sunkenpalace_lower_01_c15r31.tgm,Tiny_5,30674332,913
d469cc0d0719d58e,sunkenpalace_lower_01_c15r31.tgm.header,Tiny_5,30675245,264
9e74307fe10be9be,sunkenpalace_lower_01_c15r30.tgm,Tiny_5,30673031,1037
c570c0ed400803b5,sunkenpalace_lower_01_c15r30.tgm.header,Tiny_5,30674068,264
ec57d56bb50900ab,sunkenpalace_lower_01_c15r3.tgm,Tiny_5,30671010,1757
09f50b5d43cf5d85,sunkenpalace_lower_01_c15r3.tgm.header,Tiny_5,30672767,264
9216e2f88064dd9b,sunkenpalace_lower_01_c15r29.tgm,Tiny_5,30669585,1161
2e9c74ec7bb574b5,sunkenpalace_lower_01_c15r29.tgm.header,Tiny_5,30670746,264
ae04c9a934423cc8,sunkenpalace_lower_01_c15r28.tgm,Tiny_5,30666020,3301
6d9e7432160428cd,sunkenpalace_lower_01_c15r28.tgm.header,Tiny_5,30669321,264
4abd6c93eb588579,sunkenpalace_lower_01_c15r27.tgm,Tiny_5,30663255,2501
8d96b33351dcffe2,sunkenpalace_lower_01_c15r27.tgm.header,Tiny_5,30665756,264
f96de9850586f516,sunkenpalace_lower_01_c15r26.tgm,Tiny_5,30660118,2873
e2dd90c0e632ccf2,sunkenpalace_lower_01_c15r26.tgm.header,Tiny_5,30662991,264
74766e406610d9de,sunkenpalace_lower_01_c15r25.tgm,Tiny_5,30656677,3177
cabd3472a3455ffc,sunkenpalace_lower_01_c15r25.tgm.header,Tiny_5,30659854,264
b8c4970f32d0a457,sunkenpalace_lower_01_c15r24.tgm,Folders/art/models/terrain/hideout/sunkenpalace/tgms,858590,6979
d33d2ebf12f0a0c2,sunkenpalace_lower_01_c15r24.tgm.header,Tiny_5,30656413,264
21707820e7410e35,sunkenpalace_lower_01_c15r23.tgm,Folders/art/models/terrain/hideout/sunkenpalace/tgms,842135,16455
d095a141a53583f4,sunkenpalace_lower_01_c15r23.tgm.header,Tiny_5,30655846,567
87db189b5f01ee64,sunkenpalace_lower_01_c15r22.tgm,Folders/art/models/terrain/hideout/sunkenpalace/tgms,821306,20829
bb1eae204a9f4152,sunkenpalace_lower_01_c15r22.tgm.header,Tiny_5,30655279,567
17e83d36c93b8ecd,sunkenpalace_lower_01_c15r21.tgm,Folders/art/models/terrain/hideout/sunkenpalace/tgms,803317,17989
a427ee25138d7377,sunkenpalace_lower_01_c15r21.tgm.header,Tiny_5,30654756,523
70e3233f4c25a1fd,sunkenpalace_lower_01_c15r20.tgm,Tiny_5,30650937,3555
9ce02cc35c7f8da5,sunkenpalace_lower_01_c15r20.tgm.header,Tiny_5,30654492,264
7c14643557b53d44,sunkenpalace_lower_01_c15r2.tgm,Tiny_5,30649074,1599
136f4b1b1ed93d3f,sunkenpalace_lower_01_c15r2.tgm.header,Tiny_5,30650673,264
6e0a694b9b21651a,sunkenpalace_lower_01_c15r19.tgm,Folders/art/models/terrain/hideout/sunkenpalace/tgms,793926,9391
076a95c49e76a4ab,sunkenpalace_lower_01_c15r19.tgm.header,Tiny_5,30648810,264
e0afa89e56e09f55,sunkenpalace_lower_01_c15r18.tgm,Folders/art/models/terrain/hideout/sunkenpalace/tgms,782313,11613
5bff586eb6836d97,sunkenpalace_lower_01_c15r18.tgm.header,Tiny_5,30648546,264
cef9bace890162e5,sunkenpalace_lower_01_c15r17.tgm,Folders/art/models/terrain/hideout/sunkenpalace/tgms,766910,15403
393895c2e8b44d6e,sunkenpalace_lower_01_c15r17.tgm.header,Tiny_5,30648243,303
ca7ff4f15a35852a,sunkenpalace_lower_01_c15r16.tgm,Folders/art/models/terrain/hideout/sunkenpalace/tgms,752161,14749
7a34c1b6e9d41c86,sunkenpalace_lower_01_c15r16.tgm.header,Tiny_5,30647940,303
afd2f2e277da8b2f,sunkenpalace_lower_01_c15r15.tgm,Folders/art/models/terrain/hideout/sunkenpalace/tgms,744008,8153
97b2c988cf90caba,sunkenpalace_lower_01_c15r15.tgm.header,Tiny_5,30647676,264
f41bd5e07b248901,sunkenpalace_lower_01_c15r14.tgm,Folders/art/models/terrain/hideout/sunkenpalace/tgms,738395,5613
3a52841fc83fea5a,sunkenpalace_lower_01_c15r14.tgm.header,Tiny_5,30647412,264
6f636179127ffeeb,sunkenpalace_lower_01_c15r13.tgm,Folders/art/models/terrain/hideout/sunkenpalace/tgms,729046,9349
d21bb4d1929fe7e2,sunkenpalace_lower_01_c15r13.tgm.header,Tiny_5,30647065,347
c71cbe035637d843,sunkenpalace_lower_01_c15r12.tgm,Folders/art/models/terrain/hideout/sunkenpalace/tgms,709381,19665
9b2cf49a2abf1453,sunkenpalace_lower_01_c15r12.tgm.header,Tiny_5,30646498,567
3fe0b63128f66204,sunkenpalace_lower_01_c15r11.tgm,Folders/art/models/terrain/hideout/sunkenpalace/tgms,689828,19553
1437fb376d3a1523,sunkenpalace_lower_01_c15r11.tgm.header,Tiny_5,30645887,611
3c849174e692aa9a,sunkenpalace_lower_01_c15r10.tgm,Folders/art/models/terrain/hideout/sunkenpalace/tgms,676439,13389
fca13c483acf2fff,sunkenpalace_lower_01_c15r10.tgm.header,Tiny_5,30645408,479
b8e66dd7c347da73,sunkenpalace_lower_01_c15r1.tgm,Tiny_5,30644169,975
3a5ecf1ce8d7ea37,sunkenpalace_lower_01_c15r1.tgm.header,Tiny_5,30645144,264
c8d964bd85ceb896,sunkenpalace_lower_01_c14r9.tgm,Folders/art/models/terrain/hideout/sunkenpalace/tgms,670446,5993
023d62e0ed69498b,sunkenpalace_lower_01_c14r9.tgm.header,Tiny_5,30643866,303
26e14ce3d1f00321,sunkenpalace_lower_01_c14r8.tgm,Folders/art/models/terrain/hideout/sunkenpalace/tgms,665049,5397
03e32030b9012bf4,sunkenpalace_lower_01_c14r8.tgm.header,Tiny_5,30643602,264
7e215d2f4b8f74b4,sunkenpalace_lower_01_c14r7.tgm,Tiny_5,30639621,3717
97bb58f2e2a712f8,sunkenpalace_lower_01_c14r7.tgm.header,Tiny_5,30643338,264
c877dceb5d68e9c2,sunkenpalace_lower_01_c14r6.tgm,Folders/art/models/terrain/hideout/sunkenpalace/tgms,658908,6141
b333380d68a3a901,sunkenpalace_lower_01_c14r6.tgm.header,Tiny_5,30639357,264
78215d5f9bd55432,sunkenpalace_lower_01_c14r5.tgm,Folders/art/models/terrain/hideout/sunkenpalace/tgms,653895,5013
1fff5a0ad4260df4,sunkenpalace_lower_01_c14r5.tgm.header,Tiny_5,30639093,264
85a672412ef85295,sunkenpalace_lower_01_c14r4.tgm,Tiny_5,30636920,1909
7d1da71b8232996d,sunkenpalace_lower_01_c14r4.tgm.header,Tiny_5,30638829,264
717f72b97bd07a9f,sunkenpalace_lower_01_c14r36.tgm,Tiny_5,30636627,293
2b890e58c54a1464,sunkenpalace_lower_01_c14r36.tgm.header,Tiny_5,30401710,264
a4c7b52f888c25a0,sunkenpalace_lower_01_c14r35.tgm,Tiny_5,30636210,417
bb831837de33e58e,sunkenpalace_lower_01_c14r35.tgm.header,Tiny_5,30401153,264
be7c37f20ec9a311,sunkenpalace_lower_01_c14r34.tgm,Tiny_5,30635669,541
0cc2f7a7c19862a7,sunkenpalace_lower_01_c14r34.tgm.header,Tiny_5,30400472,264
b33fc4d3e30cbbe6,sunkenpalace_lower_01_c14r33.tgm,Tiny_5,30635004,665
0e2702e6d9500153,sunkenpalace_lower_01_c14r33.tgm.header,Tiny_5,30454720,264
dd2cc3033518332e,sunkenpalace_lower_01_c14r32.tgm,Tiny_5,30634215,789
dfa1165e50f1d790,sunkenpalace_lower_01_c14r32.tgm.header,Tiny_5,30514468,264
4658378dd6ef8b1a,sunkenpalace_lower_01_c14r31.tgm,Tiny_5,30633038,913
e0ab4f9574cbe54c,sunkenpalace_lower_01_c14r31.tgm.header,Tiny_5,30633951,264
a5bacc76ca4df2c3,sunkenpalace_lower_01_c14r30.tgm,Tiny_5,30631737,1037
cd71d4b19a953b42,sunkenpalace_lower_01_c14r30.tgm.header,Tiny_5,30632774,264
307dbd08a3d112a3,sunkenpalace_lower_01_c14r3.tgm,Tiny_5,30629778,1695
2a99f267101e1c24,sunkenpalace_lower_01_c14r3.tgm.header,Tiny_5,30631473,264
23b08fa18d474e42,sunkenpalace_lower_01_c14r29.tgm,Folders/art/models/terrain/hideout/sunkenpalace/tgms,649602,4293
ab4dec9dd959bb96,sunkenpalace_lower_01_c14r29.tgm.header,Tiny_5,30629514,264
c04df77874e39376,sunkenpalace_lower_01_c14r28.tgm,Folders/art/models/terrain/hideout/sunkenpalace/tgms,644243,5359
5e99f231755373ca,sunkenpalace_lower_01_c14r28.tgm.header,Tiny_5,30629250,264
d4d2b55e785b8c9b,sunkenpalace_lower_01_c14r27.tgm,Tiny_5,30626733,2253
ec0566fb1da619cc,sunkenpalace_lower_01_c14r27.tgm.header,Tiny_5,30628986,264
8086122441c72516,sunkenpalace_lower_01_c14r26.tgm,Tiny_5,30623534,2935
59ee0c333710589a,sunkenpalace_lower_01_c14r26.tgm.header,Tiny_5,30626469,264
1f3bb4c1c1837230,sunkenpalace_lower_01_c14r25.tgm,Tiny_5,30619705,3565
237e13013a353133,sunkenpalace_lower_01_c14r25.tgm.header,Tiny_5,30623270,264
994cc75f9ff450e8,sunkenpalace_lower_01_c14r24.tgm,Folders/art/models/terrain/hideout/sunkenpalace/tgms,633112,11131
1e687340ac3a6a12,sunkenpalace_lower_01_c14r24.tgm.header,Tiny_5,30619314,391
a777e2acdc50da8e,sunkenpalace_lower_01_c14r23.tgm,Folders/art/models/terrain/hideout/sunkenpalace/tgms,614837,18275
7eacc6327afd55f0,sunkenpalace_lower_01_c14r23.tgm.header,Tiny_5,30618791,523
3851915228a93ffc,sunkenpalace_lower_01_c14r22.tgm,Folders/art/models/terrain/hideout/sunkenpalace/tgms,600266,14571
aee622bbb38648e2,sunkenpalace_lower_01_c14r22.tgm.header,Tiny_5,30618268,523
44c9d37d749af571,sunkenpalace_lower_01_c14r21.tgm,Tiny_5,30614759,3245
b7da2a3b2b05bd55,sunkenpalace_lower_01_c14r21.tgm.header,Tiny_5,30618004,264
02d7d1af74612981,sunkenpalace_lower_01_c14r20.tgm,Tiny_5,30611080,3679
56e7ecabd56be895,sunkenpalace_lower_01_c14r20.tgm.header,Tiny_5,30547751,264
181ed60f32708de6,sunkenpalace_lower_01_c14r2.tgm,Tiny_5,30608839,1977
07eeea28e3f5814d,sunkenpalace_lower_01_c14r2.tgm.header,Tiny_5,30610816,264
534996bd4c3c21b1,sunkenpalace_lower_01_c14r19.tgm,Tiny_5,30605206,3369
d230b78087cc4437,sunkenpalace_lower_01_c14r19.tgm.header,Tiny_5,30608575,264
d13dc7e39a58cee5,sunkenpalace_lower_01_c14r18.tgm,Tiny_5,30601697,3245
3974a8f0ef994122,sunkenpalace_lower_01_c14r18.tgm.header,Tiny_5,30604942,264
533e95f2a26eadb8,sunkenpalace_lower_01_c14r17.tgm,Folders/art/models/terrain/hideout/sunkenpalace/tgms,591961,8305
45bc4eeb580e4634,sunkenpalace_lower_01_c14r17.tgm.header,Tiny_5,30601433,264
b0302c8c98090793,sunkenpalace_lower_01_c14r16.tgm,Folders/art/models/terrain/hideout/sunkenpalace/tgms,583780,8181
0063034ae1a9f185,sunkenpalace_lower_01_c14r16.tgm.header,Tiny_5,30601169,264
50e8f2292d1c427c,sunkenpalace_lower_01_c14r15.tgm,Tiny_5,30598218,2687
32e8c229083da2d2,sunkenpalace_lower_01_c14r15.tgm.header,Tiny_5,30600905,264
c8dbc348122e47cd,sunkenpalace_lower_01_c14r14.tgm,Tiny_5,30596879,1075
c9062469fc9a36e1,sunkenpalace_lower_01_c14r14.tgm.header,Tiny_5,30597954,264
fea6e882e999e32d,sunkenpalace_lower_01_c14r13.tgm,Tiny_5,30595354,1261
72edaf6b509d33bd,sunkenpalace_lower_01_c14r13.tgm.header,Tiny_5,30596615,264
2e57e1a617b9eef3,sunkenpalace_lower_01_c14r12.tgm,Folders/art/models/terrain/hideout/sunkenpalace/tgms,573867,9913
19bcdc73f8a12367,sunkenpalace_lower_01_c14r12.tgm.header,Tiny_5,30595007,347
489c864c2f4df211,sunkenpalace_lower_01_c14r11.tgm,Folders/art/models/terrain/hideout/sunkenpalace/tgms,557040,16827
9f272b6b74bc8bdf,sunkenpalace_lower_01_c14r11.tgm.header,Tiny_5,30594440,567
8b3a8575ec71b8e1,sunkenpalace_lower_01_c14r10.tgm,Folders/art/models/terrain/hideout/sunkenpalace/tgms,542321,14719
b095159cda04e965,sunkenpalace_lower_01_c14r10.tgm.header,Tiny_5,30594005,435
6e78060f1d8384ee,sunkenpalace_lower_01_c14r1.tgm,Folders/art/models/terrain/hideout/sunkenpalace/tgms,537916,4405
44be3d44b4d30961,sunkenpalace_lower_01_c14r1.tgm.header,Tiny_5,30593741,264
14409959457fa677,sunkenpalace_lower_01_c13r9.tgm,Folders/art/models/terrain/hideout/sunkenpalace/tgms,529515,8401
67a2a323b32efc0c,sunkenpalace_lower_01_c13r9.tgm.header,Tiny_5,30593350,391
8eaec39e3a174d7e,sunkenpalace_lower_01_c13r8.tgm,Tiny_5,30589245,3841
705f2b4b5c23c69d,sunkenpalace_lower_01_c13r8.tgm.header,Tiny_5,30593086,264
c09d1ed010144365,sunkenpalace_lower_01_c13r7.tgm,Tiny_5,30585450,3531
7361403b4c776ca8,sunkenpalace_lower_01_c13r7.tgm.header,Tiny_5,30588981,264
82ac7b02016636a2,sunkenpalace_lower_01_c13r6.tgm,Tiny_5,30581159,4027
5122dd42888b61f2,sunkenpalace_lower_01_c13r6.tgm.header,Tiny_5,30585186,264
417b7f1908cb6c7f,sunkenpalace_lower_01_c13r5.tgm,Folders/art/models/terrain/hideout/sunkenpalace/tgms,524152,5363
2a123b7e306f2c3f,sunkenpalace_lower_01_c13r5.tgm.header,Tiny_5,30580895,264
41df809a6ab6fba8,sunkenpalace_lower_01_c13r4.tgm,Tiny_5,30576796,3835
5585f8525179c7df,sunkenpalace_lower_01_c13r4.tgm.header,Tiny_5,30580631,264
1165c64973d5e837,sunkenpalace_lower_01_c13r36.tgm,Folders/art/models/terrain/hideout/sunkenpalace/tgms,512145,12007
1fe2bec31ca3737d,sunkenpalace_lower_01_c13r36.tgm.header,Tiny_5,30576532,264
86c0f1864b12bfd4,sunkenpalace_lower_01_c13r35.tgm,Tiny_5,30575851,417
1fa260e0305b0ae1,sunkenpalace_lower_01_c13r35.tgm.header,Tiny_5,30576268,264
b213c5f44b3967c0,sunkenpalace_lower_01_c13r34.tgm,Tiny_5,30575046,541
f65a1ff4c4b54ffe,sunkenpalace_lower_01_c13r34.tgm.header,Tiny_5,30575587,264
852c2eb91183fb45,sunkenpalace_lower_01_c13r33.tgm,Tiny_5,30574117,665
9d32bdc45500b764,sunkenpalace_lower_01_c13r33.tgm.header,Tiny_5,30574782,264
8a86149875acd2ff,sunkenpalace_lower_01_c13r32.tgm,Tiny_5,30573064,789
df9d391643c0349a,sunkenpalace_lower_01_c13r32.tgm.header,Tiny_5,30573853,264
a01a17ae4f8421da,sunkenpalace_lower_01_c13r31.tgm,Tiny_5,30571887,913
debc5533c0175ef5,sunkenpalace_lower_01_c13r31.tgm.header,Tiny_5,30572800,264
ecf31aad30d49e04,sunkenpalace_lower_01_c13r30.tgm,Tiny_5,30568384,3239
322e58795ed062ab,sunkenpalace_lower_01_c13r30.tgm.header,Tiny_5,30571623,264
fe75cdf888363992,sunkenpalace_lower_01_c13r3.tgm,Tiny_5,30566149,1971
62ef159c3841b1e4,sunkenpalace_lower_01_c13r3.tgm.header,Tiny_5,30568120,264
8efd36c4c114a0c0,sunkenpalace_lower_01_c13r29.tgm,Folders/art/models/terrain/hideout/sunkenpalace/tgms,507902,4243
a6f3e77e48d184be,sunkenpalace_lower_01_c13r29.tgm.header,Tiny_5,30565885,264
946910d2cea5de23,sunkenpalace_lower_01_c13r28.tgm,Tiny_5,30562330,3555
b335609d7da98e7a,sunkenpalace_lower_01_c13r28.tgm.header,Tiny_5,30502128,264
4ca042ef8714271b,sunkenpalace_lower_01_c13r27.tgm,Tiny_5,30558759,3307
6b7dfc3562c22f4c,sunkenpalace_lower_01_c13r27.tgm.header,Tiny_5,30562066,264
0e2bb139afa3ed86,sunkenpalace_lower_01_c13r26.tgm,Tiny_5,30555002,3493
d2403fd0b33a5735,sunkenpalace_lower_01_c13r26.tgm.header,Tiny_5,30558495,264
9f3c41bb31b9b5f8,sunkenpalace_lower_01_c13r25.tgm,Folders/art/models/terrain/hideout/sunkenpalace/tgms,502897,5005
cb3ee05490bada15,sunkenpalace_lower_01_c13r25.tgm.header,Tiny_5,30554699,303
d80e821308c9dbf9,sunkenpalace_lower_01_c13r24.tgm,Folders/art/models/terrain/hideout/sunkenpalace/tgms,494906,7991
3393168fc3a9c37e,sunkenpalace_lower_01_c13r24.tgm.header,Tiny_5,30554308,391
e5d1dc70eaad2deb,sunkenpalace_lower_01_c13r23.tgm,Folders/art/models/terrain/hideout/sunkenpalace/tgms,485745,9161
53e4ff8f46089eac,sunkenpalace_lower_01_c13r23.tgm.header,Tiny_5,30553917,391
5ec5f2ca4a6225ff,sunkenpalace_lower_01_c13r22.tgm,Tiny_5,30551276,2377
fc10261aeff685ae,sunkenpalace_lower_01_c13r22.tgm.header,Tiny_5,30553653,264
626081ea53496784,sunkenpalace_lower_01_c13r21.tgm,Tiny_5,30548015,2997
95e4d0a8d157c1a0,sunkenpalace_lower_01_c13r21.tgm.header,Tiny_5,30551012,264
8224585750b16cff,sunkenpalace_lower_01_c13r20.tgm,Tiny_5,30544072,3679
ebee707f356e6d04,sunkenpalace_lower_01_c13r20.tgm.header,Tiny_5,30547751,264
d08cb30de7556fcb,sunkenpalace_lower_01_c13r2.tgm,Tiny_5,30541585,2223
3946f780128d19c2,sunkenpalace_lower_01_c13r2.tgm.header,Tiny_5,30543808,264
63ecb2bfb21a5de6,sunkenpalace_lower_01_c13r19.tgm,Tiny_5,30537766,3555
26d851ed4a10a983,sunkenpalace_lower_01_c13r19.tgm.header,Tiny_5,30541321,264
8db3ca438bd865e6,sunkenpalace_lower_01_c13r18.tgm,Tiny_5,30534335,3431
f4477aaa4380756c,sunkenpalace_lower_01_c13r18.tgm.header,Tiny_5,30481215,264
761eead4b434b736,sunkenpalace_lower_01_c13r17.tgm,Folders/art/models/terrain/hideout/sunkenpalace/tgms,478370,7375
5137f7bfe44c6977,sunkenpalace_lower_01_c13r17.tgm.header,Tiny_5,30534071,264
25c9a0f7ae391dbf,sunkenpalace_lower_01_c13r16.tgm,Folders/art/models/terrain/hideout/sunkenpalace/tgms,470933,7437
4a65fc42741ac1c3,sunkenpalace_lower_01_c13r16.tgm.header,Tiny_5,30533807,264
513ad778e61e2fe5,sunkenpalace_lower_01_c13r15.tgm,Tiny_5,30529802,3741
f8beb314dd75659a,sunkenpalace_lower_01_c13r15.tgm.header,Tiny_5,30533543,264
d60c842de724e74d,sunkenpalace_lower_01_c13r14.tgm,Tiny_5,30527285,2253
256e6d031660e9f6,sunkenpalace_lower_01_c13r14.tgm.header,Tiny_5,30529538,264
9a27b3d26e04af02,sunkenpalace_lower_01_c13r13.tgm,Tiny_5,30525946,1075
01afc281f374ee1b,sunkenpalace_lower_01_c13r13.tgm.header,Tiny_5,30527021,264
5e8f192051d74cdd,sunkenpalace_lower_01_c13r12.tgm,Tiny_5,30523277,2405
0bf3a0a4dd087dda,sunkenpalace_lower_01_c13r12.tgm.header,Tiny_5,30525682,264
b0f094427db769d4,sunkenpalace_lower_01_c13r11.tgm,Folders/art/models/terrain/hideout/sunkenpalace/tgms,463140,7793
dde3f55cab431818,sunkenpalace_lower_01_c13r11.tgm.header,Tiny_5,30522974,303
2b9d39bb3fadc548,sunkenpalace_lower_01_c13r10.tgm,Folders/art/models/terrain/hideout/sunkenpalace/tgms,451655,11485
ed0b18d5756d59a2,sunkenpalace_lower_01_c13r10.tgm.header,Tiny_5,30522539,435
360b0f0225619d47,sunkenpalace_lower_01_c13r1.tgm,Folders/art/models/terrain/hideout/sunkenpalace/tgms,444482,7173
44d0ffd94c3b0705,sunkenpalace_lower_01_c13r1.tgm.header,Tiny_5,30522275,264
1e6061bbfa30077a,sunkenpalace_lower_01_c12r9.tgm,Folders/art/models/terrain/hideout/sunkenpalace/tgms,436777,7705
a94a058a6d01b225,sunkenpalace_lower_01_c12r9.tgm.header,Tiny_5,30521972,303
7c88937a28060668,sunkenpalace_lower_01_c12r8.tgm,Folders/art/models/terrain/hideout/sunkenpalace/tgms,430678,6099
c20ba2ef26074b6e,sunkenpalace_lower_01_c12r8.tgm.header,Tiny_5,30521669,303
1ba05be13728c9f3,sunkenpalace_lower_01_c12r7.tgm,Tiny_5,30517440,3965
b5fe88cf3783a3c2,sunkenpalace_lower_01_c12r7.tgm.header,Tiny_5,30521405,264
94a3cdec9d0bb559,sunkenpalace_lower_01_c12r6.tgm,Folders/art/models/terrain/hideout/sunkenpalace/tgms,426155,4523
1fb97d8eec3d6e5f,sunkenpalace_lower_01_c12r6.tgm.header,Tiny_5,30517176,264
b6eb23d7717a2524,sunkenpalace_lower_01_c12r5.tgm,Folders/art/models/terrain/hideout/sunkenpalace/tgms,421384,4771
92062930d428469d,sunkenpalace_lower_01_c12r5.tgm.header,Tiny_5,30516912,264
c5c1a1c748e2b29f,sunkenpalace_lower_01_c12r4.tgm,Folders/art/models/terrain/hideout/sunkenpalace/tgms,416827,4557
214ea4b0a2ed5b55,sunkenpalace_lower_01_c12r4.tgm.header,Tiny_5,30516648,264
543655b4982a9c93,sunkenpalace_lower_01_c12r36.tgm,Tiny_5,30516355,293
0db119aef3fc7204,sunkenpalace_lower_01_c12r36.tgm.header,Tiny_5,30401710,264
4cf3725816bb1746,sunkenpalace_lower_01_c12r35.tgm,Tiny_5,30515938,417
c755b6362a4bf819,sunkenpalace_lower_01_c12r35.tgm.header,Tiny_5,30401153,264
4a3095e150187a2a,sunkenpalace_lower_01_c12r34.tgm,Tiny_5,30515397,541
73739e1fb04ff9e6,sunkenpalace_lower_01_c12r34.tgm.header,Tiny_5,30400472,264
6353cd01e3f49379,sunkenpalace_lower_01_c12r33.tgm,Tiny_5,30514732,665
e6475c4fcf7e0c02,sunkenpalace_lower_01_c12r33.tgm.header,Tiny_5,30454720,264
b0ee2518f99f3fa6,sunkenpalace_lower_01_c12r32.tgm,Tiny_5,30513679,789
648152ab88dd3752,sunkenpalace_lower_01_c12r32.tgm.header,Tiny_5,30514468,264
f7625c56f2513e41,sunkenpalace_lower_01_c12r31.tgm,Tiny_5,30510796,2619
adf13231f463ad39,sunkenpalace_lower_01_c12r31.tgm.header,Tiny_5,30513415,264
85aeccd1f9370b83,sunkenpalace_lower_01_c12r30.tgm,Tiny_5,30506537,3995
1c8e7265637e490e,sunkenpalace_lower_01_c12r30.tgm.header,Tiny_5,30510532,264
365801fa652034e6,sunkenpalace_lower_01_c12r3.tgm,Folders/art/models/terrain/hideout/sunkenpalace/tgms,411894,4933
7807a7ebe4dd7940,sunkenpalace_lower_01_c12r3.tgm.header,Tiny_5,30506273,264
d8f28ca4a053f606,sunkenpalace_lower_01_c12r29.tgm,Tiny_5,30502392,3617
43638fbc7169cb2d,sunkenpalace_lower_01_c12r29.tgm.header,Tiny_5,30506009,264
ca43c9aaae945293,sunkenpalace_lower_01_c12r28.tgm,Tiny_5,30498573,3555
8dc28bd2c4ed1937,sunkenpalace_lower_01_c12r28.tgm.header,Tiny_5,30502128,264
9b90018e331d9ff4,sunkenpalace_lower_01_c12r27.tgm,Tiny_5,30494680,3629
799f021d0bf04058,sunkenpalace_lower_01_c12r27.tgm.header,Tiny_5,30498309,264
207ae690cc83a3a6,sunkenpalace_lower_01_c12r26.tgm,Tiny_5,30491109,3307
e4bc836c8648b4eb,sunkenpalace_lower_01_c12r26.tgm.header,Tiny_5,30494416,264
0a1803121c892adc,sunkenpalace_lower_01_c12r25.tgm,Folders/art/models/terrain/hideout/sunkenpalace/tgms,405371,6523
e7e156dbdf8f7006,sunkenpalace_lower_01_c12r25.tgm.header,Tiny_5,30490806,303
c5a3af2f35b181d7,sunkenpalace_lower_01_c12r24.tgm,Folders/art/models/terrain/hideout/sunkenpalace/tgms,398196,7175
4c755f4dd70767f6,sunkenpalace_lower_01_c12r24.tgm.header,Tiny_5,30490503,303
346a2895eb899825,sunkenpalace_lower_01_c12r23.tgm,Folders/art/models/terrain/hideout/sunkenpalace/tgms,390721,7475
f4ebb4281552ab91,sunkenpalace_lower_01_c12r23.tgm.header,Tiny_5,30490200,303
cf073092cb500628,sunkenpalace_lower_01_c12r22.tgm,Folders/art/models/terrain/hideout/sunkenpalace/tgms,383334,7387
3211c38f5b0be19a,sunkenpalace_lower_01_c12r22.tgm.header,Tiny_5,30489853,347
5d3c4ef2857d24a1,sunkenpalace_lower_01_c12r21.tgm,Folders/art/models/terrain/hideout/sunkenpalace/tgms,378643,4691
f75f97f84ffcdc11,sunkenpalace_lower_01_c12r21.tgm.header,Tiny_5,30489589,264
9b52f6c54b3c56ba,sunkenpalace_lower_01_c12r20.tgm,Folders/art/models/terrain/hideout/sunkenpalace/tgms,373708,4935
ada7b9d46b4ef52c,sunkenpalace_lower_01_c12r20.tgm.header,Tiny_5,30489325,264
6861251557d54eda,sunkenpalace_lower_01_c12r2.tgm,Tiny_5,30485236,3825
7ec00a82fb35b9c0,sunkenpalace_lower_01_c12r2.tgm.header,Tiny_5,30489061,264
83b50e161be952bb,sunkenpalace_lower_01_c12r19.tgm,Tiny_5,30481479,3493
d6c2ba8945c27f42,sunkenpalace_lower_01_c12r19.tgm.header,Tiny_5,30484972,264
83d590abca13a62c,sunkenpalace_lower_01_c12r18.tgm,Tiny_5,30477784,3431
6ba0458b494cba90,sunkenpalace_lower_01_c12r18.tgm.header,Tiny_5,30481215,264
ccbb576d017ffac0,sunkenpalace_lower_01_c12r17.tgm,Folders/art/models/terrain/hideout/sunkenpalace/tgms,367139,6569
4abdb179c2c6d821,sunkenpalace_lower_01_c12r17.tgm.header,Tiny_5,30477520,264
3a7b11a16f4961fc,sunkenpalace_lower_01_c12r16.tgm,Folders/art/models/terrain/hideout/sunkenpalace/tgms,360260,6879
aa75a73724bd0933,sunkenpalace_lower_01_c12r16.tgm.header,Tiny_5,30477256,264
01f610327ef5f2b9,sunkenpalace_lower_01_c12r15.tgm,Tiny_5,30473189,3803
cd4895d2b18fd0c2,sunkenpalace_lower_01_c12r15.tgm.header,Tiny_5,30476992,264
104ac9da7ff19c3e,sunkenpalace_lower_01_c12r14.tgm,Tiny_5,30469028,3897
04594f354fed3c38,sunkenpalace_lower_01_c12r14.tgm.header,Tiny_5,30472925,264
0a62fc6b545d1c56,sunkenpalace_lower_01_c12r13.tgm,Folders/art/models/terrain/hideout/sunkenpalace/tgms,354963,5297
82073c0c9918d6b0,sunkenpalace_lower_01_c12r13.tgm.header,Tiny_5,30468764,264
da3dfcd1b51be73e,sunkenpalace_lower_01_c12r12.tgm,Folders/art/models/terrain/hideout/sunkenpalace/tgms,350616,4347
3eb437527464051f,sunkenpalace_lower_01_c12r12.tgm.header,Tiny_5,30468500,264
774d4cd66dff20e0,sunkenpalace_lower_01_c12r11.tgm,Folders/art/models/terrain/hideout/sunkenpalace/tgms,342613,8003
c7547f27267b0b07,sunkenpalace_lower_01_c12r11.tgm.header,Tiny_5,30468153,347
de70788bab592ccd,sunkenpalace_lower_01_c12r10.tgm,Folders/art/models/terrain/hideout/sunkenpalace/tgms,334272,8341
1be6aad150e966c7,sunkenpalace_lower_01_c12r10.tgm.header,Tiny_5,30467806,347
aee389078547a0ab,sunkenpalace_lower_01_c12r1.tgm,Folders/art/models/terrain/hideout/sunkenpalace/tgms,325727,8545
ace129357320ed7b,sunkenpalace_lower_01_c12r1.tgm.header,Tiny_5,30467542,264
6750ecec13fd04ee,sunkenpalace_lower_01_c11r9.tgm,Folders/art/models/terrain/hideout/sunkenpalace/tgms,317854,7873
ae75c058eea2e379,sunkenpalace_lower_01_c11r9.tgm.header,Tiny_5,30467195,347
0271f58e3a5196b2,sunkenpalace_lower_01_c11r8.tgm,Folders/art/models/terrain/hideout/sunkenpalace/tgms,312613,5241
f6fb8c099abb3a11,sunkenpalace_lower_01_c11r8.tgm.header,Tiny_5,30466892,303
b25bbbbaddc32719,sunkenpalace_lower_01_c11r7.tgm,Tiny_5,30463717,2911
b1c688650ab5ea1c,sunkenpalace_lower_01_c11r7.tgm.header,Tiny_5,30466628,264
81dca452dbabe8e6,sunkenpalace_lower_01_c11r6.tgm,Tiny_5,30460480,2973
a06d628f6ab7a0b7,sunkenpalace_lower_01_c11r6.tgm.header,Tiny_5,30463453,264
d9b994fd687aa48a,sunkenpalace_lower_01_c11r5.tgm,Folders/art/models/terrain/hideout/sunkenpalace/tgms,308276,4337
8d3c6ea16b5c4a98,sunkenpalace_lower_01_c11r5.tgm.header,Tiny_5,30460216,264
2e324cb29b10ed62,sunkenpalace_lower_01_c11r4.tgm,Tiny_5,30456235,3717
5c357e21c173c77c,sunkenpalace_lower_01_c11r4.tgm.header,Tiny_5,30459952,264
77c638ebf9b7d4f1,sunkenpalace_lower_01_c11r36.tgm,Tiny_5,30455942,293
bf9faba7afb166d6,sunkenpalace_lower_01_c11r36.tgm.header,Tiny_5,30401710,264
320a50e32233fc26,sunkenpalace_lower_01_c11r35.tgm,Tiny_5,30455525,417
f49506fbf3bfce8d,sunkenpalace_lower_01_c11r35.tgm.header,Tiny_5,30401153,264
1a0977e300a46f94,sunkenpalace_lower_01_c11r34.tgm,Tiny_5,30454984,541
8ef77c537fc4ba5f,sunkenpalace_lower_01_c11r34.tgm.header,Tiny_5,30400472,264
efb7909eaca1631b,sunkenpalace_lower_01_c11r33.tgm,Tiny_5,30454055,665
4ce1de482d6ff99c,sunkenpalace_lower_01_c11r33.tgm.header,Tiny_5,30454720,264
abf508b98fbe7d12,sunkenpalace_lower_01_c11r32.tgm,Tiny_5,30451482,2309
dc6a8da90f2aa3c5,sunkenpalace_lower_01_c11r32.tgm.header,Tiny_5,30453791,264
129b641aed35f051,sunkenpalace_lower_01_c11r31.tgm,Tiny_5,30447533,3685
02474e9e476ceb89,sunkenpalace_lower_01_c11r31.tgm.header,Tiny_5,30451218,264
8a120db1b04fe401,sunkenpalace_lower_01_c11r30.tgm,Tiny_5,30443838,3431
cb2d5159bfd0e33a,sunkenpalace_lower_01_c11r30.tgm.header,Tiny_5,30447269,264
06b8b275026fb900,sunkenpalace_lower_01_c11r3.tgm,Tiny_5,30439571,4003
e8dbb360396b3391,sunkenpalace_lower_01_c11r3.tgm.header,Tiny_5,30443574,264
4a9476eb26aa317c,sunkenpalace_lower_01_c11r29.tgm,Tiny_5,30435938,3369
effddae4125d1e83,sunkenpalace_lower_01_c11r29.tgm.header,Tiny_5,30439307,264
a637fa17249f29b8,sunkenpalace_lower_01_c11r28.tgm,Tiny_5,30432243,3431
47f753a05bd687e1,sunkenpalace_lower_01_c11r28.tgm.header,Tiny_5,30435674,264
08057265c670ed37,sunkenpalace_lower_01_c11r27.tgm,Folders/art/models/terrain/hideout/sunkenpalace/tgms,303357,4919
b5bbea181fd6f496,sunkenpalace_lower_01_c11r27.tgm.header,Tiny_5,30431979,264
6a5f81357537cd85,sunkenpalace_lower_01_c11r26.tgm,Folders/art/models/terrain/hideout/sunkenpalace/tgms,299096,4261
22242092464226ef,sunkenpalace_lower_01_c11r26.tgm.header,Tiny_5,30431715,264
13e405aea3f1730d,sunkenpalace_lower_01_c11r25.tgm,Folders/art/models/terrain/hideout/sunkenpalace/tgms,294215,4881
32a69147e5322eb4,sunkenpalace_lower_01_c11r25.tgm.header,Tiny_5,30431412,303
94c1002057ca7ed1,sunkenpalace_lower_01_c11r24.tgm,Folders/art/models/terrain/hideout/sunkenpalace/tgms,287618,6597
b6ca996409c898db,sunkenpalace_lower_01_c11r24.tgm.header,Tiny_5,30431109,303
ab8521570b07d06c,sunkenpalace_lower_01_c11r23.tgm,Folders/art/models/terrain/hideout/sunkenpalace/tgms,279993,7625
df926e3129f22167,sunkenpalace_lower_01_c11r23.tgm.header,Tiny_5,30430762,347
4f36a230397d1f78,sunkenpalace_lower_01_c11r22.tgm,Folders/art/models/terrain/hideout/sunkenpalace/tgms,269836,10157
621ca23f4e97c3c1,sunkenpalace_lower_01_c11r22.tgm.header,Tiny_5,30430415,347
3a871ba84f039484,sunkenpalace_lower_01_c11r21.tgm,Folders/art/models/terrain/hideout/sunkenpalace/tgms,262869,6967
a15e0bf4117f4aea,sunkenpalace_lower_01_c11r21.tgm.header,Tiny_5,30430112,303
16e9f5e08a42d515,sunkenpalace_lower_01_c11r20.tgm,Folders/art/models/terrain/hideout/sunkenpalace/tgms,253178,9691
02a9292eb8311866,sunkenpalace_lower_01_c11r20.tgm.header,Tiny_5,30429809,303
8123bc31ef80688c,sunkenpalace_lower_01_c11r2.tgm,Tiny_5,30426064,3481
bdda53023e6e4169,sunkenpalace_lower_01_c11r2.tgm.header,Tiny_5,30429545,264
6308f57bdc3eee87,sunkenpalace_lower_01_c11r19.tgm,Folders/art/models/terrain/hideout/sunkenpalace/tgms,247275,5903
181c8c4581502703,sunkenpalace_lower_01_c11r19.tgm.header,Tiny_5,30425800,264
ee2eff819c430f27,sunkenpalace_lower_01_c11r18.tgm,Tiny_5,30421577,3959
10c0fc695f58ce6b,sunkenpalace_lower_01_c11r18.tgm.header,Tiny_5,30425536,264
0aa789a60276c949,sunkenpalace_lower_01_c11r17.tgm,Folders/art/models/terrain/hideout/sunkenpalace/tgms,241698,5577
d8d6a95be756524e,sunkenpalace_lower_01_c11r17.tgm.header,Tiny_5,30421313,264
2ce306077c5065fb,sunkenpalace_lower_01_c11r16.tgm,Folders/art/models/terrain/hideout/sunkenpalace/tgms,235749,5949
1f51cca1a727dc7c,sunkenpalace_lower_01_c11r16.tgm.header,Tiny_5,30421049,264
d0c17131c081eef0,sunkenpalace_lower_01_c11r15.tgm,Folders/art/models/terrain/hideout/sunkenpalace/tgms,231076,4673
21a75aeac9667904,sunkenpalace_lower_01_c11r15.tgm.header,Tiny_5,30420785,264
a09931f41dbec574,sunkenpalace_lower_01_c11r14.tgm,Folders/art/models/terrain/hideout/sunkenpalace/tgms,223187,7889
7f71e77048e72fbb,sunkenpalace_lower_01_c11r14.tgm.header,Tiny_5,30420521,264
bf4fe202a5f6e92b,sunkenpalace_lower_01_c11r13.tgm,Folders/art/models/terrain/hideout/sunkenpalace/tgms,212918,10269
f4f7c992349ad0a6,sunkenpalace_lower_01_c11r13.tgm.header,Tiny_5,30420218,303
5fe7c6cf9792ba77,sunkenpalace_lower_01_c11r12.tgm,Folders/art/models/terrain/hideout/sunkenpalace/tgms,203909,9009
fdd0430443ef8ac5,sunkenpalace_lower_01_c11r12.tgm.header,Tiny_5,30419915,303
f27b41fad3eb4851,sunkenpalace_lower_01_c11r11.tgm,Folders/art/models/terrain/hideout/sunkenpalace/tgms,193630,10279
a680d980544e7ac0,sunkenpalace_lower_01_c11r11.tgm.header,Tiny_5,30419568,347
4007cecc5326ef6a,sunkenpalace_lower_01_c11r10.tgm,Folders/art/models/terrain/hideout/sunkenpalace/tgms,183765,9865
dff65f590c37b7b4,sunkenpalace_lower_01_c11r10.tgm.header,Tiny_5,30419221,347
d71f6aff38115102,sunkenpalace_lower_01_c11r1.tgm,Folders/art/models/terrain/hideout/sunkenpalace/tgms,176012,7753
e0e497a743b11fe6,sunkenpalace_lower_01_c11r1.tgm.header,Tiny_5,30418957,264
2e15b456fbd53088,sunkenpalace_lower_01_c10r9.tgm,Tiny_5,30414752,3941
c4ce0d96a3a01f10,sunkenpalace_lower_01_c10r9.tgm.header,Tiny_5,30418693,264
476b03b6adc54480,sunkenpalace_lower_01_c10r8.tgm,Tiny_5,30411453,3035
ae3da862dc5a7417,sunkenpalace_lower_01_c10r8.tgm.header,Tiny_5,30414488,264
a4d9b53b3970d5e0,sunkenpalace_lower_01_c10r7.tgm,Tiny_5,30408340,2849
799bfa2dc8f766c5,sunkenpalace_lower_01_c10r7.tgm.header,Tiny_5,30411189,264
85632a32583744d9,sunkenpalace_lower_01_c10r6.tgm,Tiny_5,30405599,2477
3483feab037f3d9d,sunkenpalace_lower_01_c10r6.tgm.header,Tiny_5,30408076,264
c979ceefa1225043,sunkenpalace_lower_01_c10r5.tgm,Tiny_5,30402238,3097
fce398b830fbdb72,sunkenpalace_lower_01_c10r5.tgm.header,Tiny_5,30405335,264
7e16665c2f999ec0,sunkenpalace_lower_01_c10r4.tgm,Folders/art/models/terrain/hideout/sunkenpalace/tgms,169839,6173
d9efc1265fd6ca5f,sunkenpalace_lower_01_c10r4.tgm.header,Tiny_5,30401974,264
1a0c40c697422412,sunkenpalace_lower_01_c10r36.tgm,Tiny_5,30401417,293
76bf04f97aac7a1e,sunkenpalace_lower_01_c10r36.tgm.header,Tiny_5,30401710,264
8d46836a91b5887a,sunkenpalace_lower_01_c10r35.tgm,Tiny_5,30400736,417
9de3545868c00b2d,sunkenpalace_lower_01_c10r35.tgm.header,Tiny_5,30401153,264
9492d580ef90477c,sunkenpalace_lower_01_c10r34.tgm,Tiny_5,30399931,541
77643a2e0393b7e1,sunkenpalace_lower_01_c10r34.tgm.header,Tiny_5,30400472,264
bb412deb4e511551,sunkenpalace_lower_01_c10r33.tgm,Tiny_5,30397606,2061
4c75b2a23b3e0ded,sunkenpalace_lower_01_c10r33.tgm.header,Tiny_5,30399667,264
6b69ad60142b14d7,sunkenpalace_lower_01_c10r32.tgm,Tiny_5,30394277,3065
04de631f80522751,sunkenpalace_lower_01_c10r32.tgm.header,Tiny_5,30397342,264
82382deb92680cb8,sunkenpalace_lower_01_c10r31.tgm,Tiny_5,30391140,2873
d0936848218cc205,sunkenpalace_lower_01_c10r31.tgm.header,Tiny_5,30394013,264
1faf0a2fe0778742,sunkenpalace_lower_01_c10r30.tgm,Tiny_5,30388003,2873
f2a8cc1e08fa320f,sunkenpalace_lower_01_c10r30.tgm.header,Tiny_5,30390876,264
eb4e4434da180dcb,sunkenpalace_lower_01_c10r3.tgm,Folders/art/models/terrain/hideout/sunkenpalace/tgms,163512,6327
1ce2ed5a5108e78b,sunkenpalace_lower_01_c10r3.tgm.header,Tiny_5,30387739,264
9559d9c7c88a6afd,sunkenpalace_lower_01_c10r29.tgm,Tiny_5,30384478,2997
2c55343329650e66,sunkenpalace_lower_01_c10r29.tgm.header,Tiny_5,30387475,264
98882aede5bc58c5,sunkenpalace_lower_01_c10r28.tgm,Folders/art/models/terrain/hideout/sunkenpalace/tgms,159337,4175
c7e5b8c7973a53f6,sunkenpalace_lower_01_c10r28.tgm.header,Tiny_5,30384214,264
f28c774294239a17,sunkenpalace_lower_01_c10r27.tgm,Folders/art/models/terrain/hideout/sunkenpalace/tgms,154542,4795
d8b309d11cb3f6ec,sunkenpalace_lower_01_c10r27.tgm.header,Tiny_5,30383950,264
d7402635d4cd3f6d,sunkenpalace_lower_01_c10r26.tgm,Tiny_5,30379697,3989
37fa95468d149a2b,sunkenpalace_lower_01_c10r26.tgm.header,Tiny_5,30383686,264
b56adca23844c9d9,sunkenpalace_lower_01_c10r25.tgm,Tiny_5,30375964,3469
5e1114eada822ee3,sunkenpalace_lower_01_c10r25.tgm.header,Tiny_5,30379433,264
728d11c45c5136ea,sunkenpalace_lower_01_c10r24.tgm,Folders/art/models/terrain/hideout/sunkenpalace/tgms,146681,7861
6cf6be5674fbb470,sunkenpalace_lower_01_c10r24.tgm.header,Tiny_5,30375617,347
468430d8024df084,sunkenpalace_lower_01_c10r23.tgm,Folders/art/models/terrain/hideout/sunkenpalace/tgms,138256,8425
407aebce5c926acc,sunkenpalace_lower_01_c10r23.tgm.header,Tiny_5,30375270,347
a9f5b5a214c94e7c,sunkenpalace_lower_01_c10r22.tgm,Folders/art/models/terrain/hideout/sunkenpalace/tgms,126227,12029
487e671e8dc2065f,sunkenpalace_lower_01_c10r22.tgm.header,Tiny_5,30374923,347
53e6980fa9894eb4,sunkenpalace_lower_01_c10r21.tgm,Folders/art/models/terrain/hideout/sunkenpalace/tgms,119024,7203
c8bf9ecf4e7739bb,sunkenpalace_lower_01_c10r21.tgm.header,Tiny_5,30374620,303
c7882edce4f7cda3,sunkenpalace_lower_01_c10r20.tgm,Folders/art/models/terrain/hideout/sunkenpalace/tgms,106617,12407
9be2b0eee70558c0,sunkenpalace_lower_01_c10r20.tgm.header,Tiny_5,30374317,303
f314015e0f7831ee,sunkenpalace_lower_01_c10r2.tgm,Tiny_5,30370522,3531
c3760b5e2461696f,sunkenpalace_lower_01_c10r2.tgm.header,Tiny_5,30374053,264
29b9d00c03f16fd4,sunkenpalace_lower_01_c10r19.tgm,Folders/art/models/terrain/hideout/sunkenpalace/tgms,96370,10247
161bf080cc60dc78,sunkenpalace_lower_01_c10r19.tgm.header,Tiny_5,30370219,303
e2435a95a4a67bf7,sunkenpalace_lower_01_c10r18.tgm,Folders/art/models/terrain/hideout/sunkenpalace/tgms,87101,9269
07ae6532783a7175,sunkenpalace_lower_01_c10r18.tgm.header,Tiny_5,30369916,303
44071c5b3960f755,sunkenpalace_lower_01_c10r17.tgm,Folders/art/models/terrain/hideout/sunkenpalace/tgms,77936,9165
e12b7c29d2f27059,sunkenpalace_lower_01_c10r17.tgm.header,Tiny_5,30369569,347
d2f8c6815469136d,sunkenpalace_lower_01_c10r16.tgm,Folders/art/models/terrain/hideout/sunkenpalace/tgms,68191,9745
076dff81faa8e355,sunkenpalace_lower_01_c10r16.tgm.header,Tiny_5,30369222,347
e4afcdd249ebff77,sunkenpalace_lower_01_c10r15.tgm,Folders/art/models/terrain/hideout/sunkenpalace/tgms,59430,8761
04e8cf28c334c308,sunkenpalace_lower_01_c10r15.tgm.header,Tiny_5,30368919,303
9214d21d02424e3d,sunkenpalace_lower_01_c10r14.tgm,Folders/art/models/terrain/hideout/sunkenpalace/tgms,48507,10923
a18b37bb1de44360,sunkenpalace_lower_01_c10r14.tgm.header,Tiny_5,30368616,303
b831e7486c03cde6,sunkenpalace_lower_01_c10r13.tgm,Folders/art/models/terrain/hideout/sunkenpalace/tgms,37154,11353
32e97772f70e2e3c,sunkenpalace_lower_01_c10r13.tgm.header,Tiny_5,30368313,303
4b906aae5aee1313,sunkenpalace_lower_01_c10r12.tgm,Folders/art/models/terrain/hideout/sunkenpalace/tgms,27409,9745
ef381b7a797cd148,sunkenpalace_lower_01_c10r12.tgm.header,Tiny_5,30368010,303
39f4bde2eddf4184,sunkenpalace_lower_01_c10r11.tgm,Folders/art/models/terrain/hideout/sunkenpalace/tgms,14798,12611
b7845cb079f0f65b,sunkenpalace_lower_01_c10r11.tgm.header,Tiny_5,30367663,347
46aeca107e246827,sunkenpalace_lower_01_c10r10.tgm,Folders/art/models/terrain/hideout/sunkenpalace/tgms,7535,7263
8a5702b85f6d0b0e,sunkenpalace_lower_01_c10r10.tgm.header,Tiny_5,30367316,347
38692b678a577840,sunkenpalace_lower_01_c10r1.tgm,Folders/art/models/terrain/hideout/sunkenpalace/tgms,0,7535
3cf8967a4198d00a,sunkenpalace_lower_01_c10r1.tgm.header,Tiny_5,30367052,264
6a507a23554b5d2a,hideout_abyss_fill_01.tgm,Tiny_5,73576547,57
8a52abb9647d8240,hideout_abyss_fill_01.tgm.header,Tiny_6,4042080,264
