hash,file,bundle,offset,size
68cc75a35e0cc432,port_boss_01_c9r3.tgm,Tiny.VB,30120877,1723
2e8a715ec56d1c06,port_boss_01_c9r3.tgm.header,Tiny.VA,30186469,264
1dd59d4271bb1d9f,port_boss_01_c9r4.tgm,Tiny.VA,30186733,751
a4ccaaec4179c01a,port_boss_01_c9r4.tgm.header,Tiny.V0,30116989,264
cce6ef9f22e7be36,port_boss_01_c9r5.tgm,Tiny.V6,29898924,781
3133cfa3513245b9,port_boss_01_c9r5.tgm.header,Tiny.V2,30107352,264
378b585b7d541c78,port_boss_01_c9r6.tgm,Tiny.VD,30059122,721
a81c11562c0defbe,port_boss_01_c9r6.tgm.header,Tiny.VD,30055853,264
a05990ccd585ae4b,port_boss_01_c9r7.tgm,Tiny.V1,29860742,661
0f39cb1e30c190ed,port_boss_01_c9r7.tgm.header,Tiny.V5,29446618,264
6556bdf017690449,port_boss_01_c9r8.tgm,Tiny.V9,30328726,829
020445fe02d48896,port_boss_01_c9r8.tgm.header,Tiny.V2,30111102,264
d4c265c2b2227e92,port_boss_01_c9r9.tgm,Tiny.V1,29861403,919
cc1439fbe8bbd862,port_boss_01_c9r9.tgm.header,Tiny.VC,30214304,264
968383075a51d0b7,port_boss_01_c9r1.tgm,Streaming/Content/data/balance/worldareas/FD/mapport.vworld,432497,644011
e46f59aa293b836f,port_boss_01_c9r1.tgm.header,Tiny.VE,29682698,3330
17943e281472386e,port_boss_01_c9r10.tgm,Tiny.VF,30171563,907
cd9cd21f0356e0fe,port_boss_01_c9r10.tgm.header,Tiny.VA,30186205,264
50a4855cfdd473f6,port_boss_01_c9r11.tgm,Tiny.V9,30327476,715
c5102ea68463aed5,port_boss_01_c9r11.tgm.header,Tiny.VD,30058497,264
57423f266afdf8c0,port_boss_01_c9r12.tgm,Tiny.V9,30328191,535
6ea8d6e964f6fe7d,port_boss_01_c9r12.tgm.header,Tiny.V6,29898179,264
690cda21eab099e7,port_boss_01_c9r13.tgm,Tiny.V1,29859299,541
96968674c86cdcb9,port_boss_01_c9r13.tgm.header,Tiny.VF,30168373,264
7caee1a93821b634,port_boss_01_c9r14.tgm,Tiny.V1,29859840,661
781c4d573180dfe2,port_boss_01_c9r14.tgm.header,Tiny.V5,29446618,264
ef31cc3b92cdae81,port_boss_01_c9r15.tgm,Tiny.VC,30213703,601
49f21e03a1a30272,port_boss_01_c9r15.tgm.header,Tiny.V1,29858794,264
2baca5a62510b210,port_boss_01_c9r16.tgm,Tiny.V2,30110561,541
03ade63f5207ebd3,port_boss_01_c9r16.tgm.header,Tiny.VF,30168373,264
636daba634fc5c6e,port_boss_01_c9r17.tgm,Tiny.V6,29898443,481
39ec69b51655f02b,port_boss_01_c9r17.tgm.header,Tiny.V0,30109805,264
b251c487faf8bae9,port_boss_01_c9r18.tgm,Tiny.VE,29686028,421
e69ff135f5cbfaad,port_boss_01_c9r18.tgm.header,Tiny.V9,30321566,264
b9644dd1c0491769,port_boss_01_c9r19.tgm,Tiny.VD,30058761,361
5303da477f829783,port_boss_01_c9r19.tgm.header,Tiny.VF,30167052,264
4a42574ac00c3bf3,port_boss_01_c9r2.tgm,Streaming/Content/data/balance/worldareas/11/mapport.vworld,0,397619
e59dc234fc9fcecd,port_boss_01_c9r2.tgm.header,Tiny.V0,30114718,1970
4df3eafa4e63beb5,port_boss_01_c9r20.tgm,Tiny.V0,30116688,301
4fc81c0a6cf06bbb,port_boss_01_c9r20.tgm.header,Tiny.V9,30319286,264
31d6ebd8bee2abdd,port_boss_01_c9r21.tgm,Tiny.V1,29860501,241
c8dce0413d15a846,port_boss_01_c9r21.tgm.header,Tiny.V4,30209479,264
4b688eac7441dce7,port_boss_01_c8r3.tgm,Tiny.VF,30169286,2277
b81616e094656ba0,port_boss_01_c8r3.tgm.header,Tiny.V4,30216089,264
907fc1f22b114ccc,port_boss_01_c8r4.tgm,Tiny.V0,30114027,691
3e791f8ae4222c3c,port_boss_01_c8r4.tgm.header,Tiny.V4,30216353,264
a26a4ffa85b621c1,port_boss_01_c8r5.tgm,Tiny.V4,30216617,721
0ef77d51903d6c68,port_boss_01_c8r5.tgm.header,Tiny.VD,30055853,264
6cefbe07e399606d,port_boss_01_c8r6.tgm,Tiny.V9,30326677,799
cc6faa5d85be3441,port_boss_01_c8r6.tgm.header,Tiny.VB,30120349,264
a1b4d9301a1becc6,port_boss_01_c8r7.tgm,Tiny.VA,30184907,709
5aadaaa0c2bed852,port_boss_01_c8r7.tgm.header,Tiny.VB,30120613,264
7ed446ba8e0b4880,port_boss_01_c8r8.tgm,Tiny.VA,30185616,589
16f84888532daab1,port_boss_01_c8r8.tgm.header,Tiny.V9,30317905,264
b83c5827e62c5b5d,port_boss_01_c8r9.tgm,Tiny.V4,30217338,643
e9b2e693a011eefd,port_boss_01_c8r9.tgm.header,Tiny.V4,30217981,264
11ec5c35aea28844,port_boss_01_c8r1.tgm,Streaming/Content/data/balance/worldareas/54/mapport.vworld,0,447811
924fa3229a6c47c9,port_boss_01_c8r1.tgm.header,Tiny.V6,29895952,1650
eb183de83927d91c,port_boss_01_c8r10.tgm,Tiny.V2,30109888,673
b2651b55516d4981,port_boss_01_c8r10.tgm.header,Tiny.VB,30119724,264
e886e6cb8ad794f7,port_boss_01_c8r11.tgm,Tiny.VA,30183813,481
fb4fee4e8d0eed47,port_boss_01_c8r11.tgm.header,Tiny.V0,30109805,264
82a463cecd742812,port_boss_01_c8r12.tgm,Tiny.V8,29835206,571
088452a7882ec992,port_boss_01_c8r12.tgm.header,Tiny.VC,30213439,264
6466d49a35a218ab,port_boss_01_c8r13.tgm,Tiny.VE,29681977,721
1e3e22a0f11934b3,port_boss_01_c8r13.tgm.header,Tiny.VD,30055853,264
b5bebbaf088b1881,port_boss_01_c8r14.tgm,Tiny.V5,29450713,685
21d80606e7cbef28,port_boss_01_c8r14.tgm.header,Tiny.VE,29678122,264
aa42a4ceaa1008e4,port_boss_01_c8r15.tgm,Tiny.V9,30326028,649
f11269ca4166f765,port_boss_01_c8r15.tgm.header,Tiny.V7,29871077,264
887ef71458345717,port_boss_01_c8r16.tgm,Tiny.VA,30184294,613
fb33e036f12d67c7,port_boss_01_c8r16.tgm.header,Tiny.V4,30215825,264
421b873cac2527e0,port_boss_01_c8r17.tgm,Tiny.V6,29897602,577
abea080b88e20f5d,port_boss_01_c8r17.tgm.header,Tiny.VD,30058233,264
9d7050636eac80f2,port_boss_01_c8r18.tgm,Tiny.V8,29835777,469
7ef904b12b0ee11e,port_boss_01_c8r18.tgm.header,Tiny.VF,30167316,264
3210a4b669f91990,port_boss_01_c8r19.tgm,Tiny.VB,30119988,361
37276b4346de7581,port_boss_01_c8r19.tgm.header,Tiny.VF,30167052,264
420e8118c383a584,port_boss_01_c8r2.tgm,Streaming/Content/data/balance/worldareas/B4/g4_8a.vworld,226274,388631
1be7d58c9165196f,port_boss_01_c8r2.tgm.header,Tiny.V5,29451398,1970
48a12a1872c85405,port_boss_01_c8r20.tgm,Tiny.V3,29564615,325
ce19ed0af642455c,port_boss_01_c8r20.tgm.header,Tiny.V0,30107079,264
6ea3ba29d94dbf63,port_boss_01_c8r21.tgm,Tiny.V7,29876538,265
3d22fef26b8ecda9,port_boss_01_c8r21.tgm.header,Tiny.VC,30199998,264
ccd06530effae876,port_boss_01_c7r3.tgm,Tiny.VE,29679539,1879
2de6bf6b31995ea8,port_boss_01_c7r3.tgm.header,Tiny.V5,29449692,264
085adc92a74cae8c,port_boss_01_c7r4.tgm,Tiny.V8,29833710,823
7921c5d6c38a3a64,port_boss_01_c7r4.tgm.header,Tiny.V9,30325764,264
97dff90c52013d83,port_boss_01_c7r5.tgm,Tiny.V5,29449956,757
6fcdea260ff551cb,port_boss_01_c7r5.tgm.header,Tiny.V9,30318758,264
3a5c46ba52c2a20a,port_boss_01_c7r6.tgm,Tiny.V8,29834533,673
6998d078c86dd7ac,port_boss_01_c7r6.tgm.header,Tiny.VB,30119724,264
017e25c8de2561e9,port_boss_01_c7r7.tgm,Tiny.VF,30168637,649
53c3e3b19191dd8b,port_boss_01_c7r7.tgm.header,Tiny.V7,29871077,264
adbba1565f460de3,port_boss_01_c7r8.tgm,Tiny.V7,29875865,673
577689b0f7b3ca08,port_boss_01_c7r8.tgm.header,Tiny.VB,30119724,264
a27944155964186d,port_boss_01_c7r9.tgm,Tiny.VE,29681418,559
119241dc5064263f,port_boss_01_c7r9.tgm.header,Tiny.V0,30113763,264
c00b95e7d3d3814a,port_boss_01_c7r1.tgm,Streaming/Content/data/balance/worldareas/72/mapport.vworld,1277608,510851
bf53c9067e864064,port_boss_01_c7r1.tgm.header,Tiny.V0,30110832,2570
7a04512ad8394435,port_boss_01_c7r10.tgm,Tiny.VC,30212808,631
91de4402fe3ec0e6,port_boss_01_c7r10.tgm.header,Tiny.V1,29858530,264
f3d31b66b350136b,port_boss_01_c7r11.tgm,Tiny.VA,30182972,841
c2221ed3c3c8abfa,port_boss_01_c7r11.tgm.header,Tiny.V0,30108688,264
611110c3b33f7f08,port_boss_01_c7r12.tgm,Tiny.VD,30057151,781
3f89288bc624d7ad,port_boss_01_c7r12.tgm.header,Tiny.V2,30107352,264
f0cee942e75c80cc,port_boss_01_c7r13.tgm,Tiny.V4,30214563,721
b31cf53b2a213e72,port_boss_01_c7r13.tgm.header,Tiny.VD,30055853,264
4c8caa8ea96137fe,port_boss_01_c7r14.tgm,Tiny.VB,30118582,661
863d6b05421dbd98,port_boss_01_c7r14.tgm.header,Tiny.V5,29446618,264
7721157e58e5c08a,port_boss_01_c7r15.tgm,Tiny.V6,29895351,601
fa254e80b68f97af,port_boss_01_c7r15.tgm.header,Tiny.V1,29858794,264
bf85d9dbd4ecd966,port_boss_01_c7r16.tgm,Tiny.V4,30215284,541
b2c026328bfff9a0,port_boss_01_c7r16.tgm.header,Tiny.VF,30168373,264
802c1131e9362618,port_boss_01_c7r17.tgm,Tiny.VB,30119243,481
559527301d2f4e61,port_boss_01_c7r17.tgm.header,Tiny.V0,30109805,264
c76888deb2a106ff,port_boss_01_c7r18.tgm,Tiny.V2,30109467,421
af98c96205fc7041,port_boss_01_c7r18.tgm.header,Tiny.V9,30321566,264
ea1aa784ca8444d9,port_boss_01_c7r19.tgm,Tiny.V0,30113402,361
509234cf4ce53490,port_boss_01_c7r19.tgm.header,Tiny.VF,30167052,264
6287e395d49400dc,port_boss_01_c7r2.tgm,Streaming/Content/data/balance/worldareas/0F/mapport.vworld,108796,441677
11488aeb12b2b1d3,port_boss_01_c7r2.tgm.header,Tiny.V5,29446882,2810
49aa9ed77295c0c4,port_boss_01_c7r20.tgm,Tiny.VD,30057932,301
2bc5d9b8bb1bf5b7,port_boss_01_c7r20.tgm.header,Tiny.V9,30319286,264
f0affc90353fae1e,port_boss_01_c7r21.tgm,Tiny.V1,29859058,241
a84d4f3998c42099,port_boss_01_c7r21.tgm.header,Tiny.V4,30209479,264
da55799932d5f008,port_boss_01_c6r3.tgm,Tiny.V7,29871954,3911
de6013320b21f8c6,port_boss_01_c6r3.tgm.header,Tiny.V3,29564351,264
8f32cfdf9710281a,port_boss_01_c6r4.tgm,Tiny.V9,30321830,2243
38611c786eea3973,port_boss_01_c6r4.tgm.header,Tiny.VC,30212544,264
1bf14d965adbceaa,port_boss_01_c6r5.tgm,Tiny.V9,30324073,1427
5bc9cf5d71037452,port_boss_01_c6r5.tgm.header,Tiny.V1,29857629,264
df7fa753a1903f1a,port_boss_01_c6r6.tgm,Tiny.V4,30213604,959
cf4e2e2b5c4a2854,port_boss_01_c6r6.tgm.header,Tiny.V0,30110069,264
e993a5e61d5ad764,port_boss_01_c6r7.tgm,Tiny.V1,29857893,637
0c05de99e9d60c2a,port_boss_01_c6r7.tgm.header,Tiny.V2,30109203,264
cac8caf1a96b7e3e,port_boss_01_c6r8.tgm,Tiny.V0,30110333,499
cae299d2c72b2837,port_boss_01_c6r8.tgm.header,Tiny.V9,30325500,264
58a428e1c1dad2c5,port_boss_01_c6r9.tgm,Tiny.VA,30182311,661
e726bc2d358a52fa,port_boss_01_c6r9.tgm.header,Tiny.V5,29446618,264
766c773ab2c63323,port_boss_01_c6r1.tgm,Streaming/Content/data/balance/worldareas/33/mapport.vworld,82843,122995
e28f7e4ad87b8dfb,port_boss_01_c6r1.tgm.header,Tiny.V4,30212290,1050
8888d4676e1d52c5,port_boss_01_c6r10.tgm,Tiny.V2,30107881,901
602c91f55a4860fd,port_boss_01_c6r10.tgm.header,Tiny.VC,30211246,264
4bcec678d6156f00,port_boss_01_c6r11.tgm,Tiny.VE,29678650,889
5e336f8fea7b34ce,port_boss_01_c6r11.tgm.header,Tiny.V8,29833446,264
7b5e15e950c05b90,port_boss_01_c6r12.tgm,Tiny.VA,30180725,901
c4b5d5eeff546889,port_boss_01_c6r12.tgm.header,Tiny.V0,30109541,264
44c01bacabb56402,port_boss_01_c6r13.tgm,Tiny.VF,30167580,793
ad96cb08f37c8c55,port_boss_01_c6r13.tgm.header,Tiny.V4,30213340,264
8953d016d99b6fb3,port_boss_01_c6r14.tgm,Tiny.VA,30181626,685
cafb5a30791ec8b7,port_boss_01_c6r14.tgm.header,Tiny.VE,29678122,264
afe26451a982609f,port_boss_01_c6r15.tgm,Tiny.V6,29894702,649
95c017a6de8ec912,port_boss_01_c6r15.tgm.header,Tiny.V7,29871077,264
7eeea647b1c5417a,port_boss_01_c6r16.tgm,Tiny.VD,30056586,565
276d370fa43ea5e5,port_boss_01_c6r16.tgm.header,Tiny.V3,29562584,264
a5b1b9aeed634b89,port_boss_01_c6r17.tgm,Tiny.VB,30117776,481
138e77241e3c2ec2,port_boss_01_c6r17.tgm.header,Tiny.V0,30109805,264
c3e53362b680149b,port_boss_01_c6r18.tgm,Tiny.V2,30108782,421
409b290d42e6bcdd,port_boss_01_c6r18.tgm.header,Tiny.V9,30321566,264
2bf2ae9c0b363d4d,port_boss_01_c6r19.tgm,Tiny.VC,30212183,361
ac367f5c756e276c,port_boss_01_c6r19.tgm.header,Tiny.VF,30167052,264
8ff6f74558582729,port_boss_01_c6r2.tgm,Streaming/Content/data/balance/worldareas/C5/mapport.vworld,0,805589
1589f5db7497bd8f,port_boss_01_c6r2.tgm.header,Tiny.V5,29442728,3890
271e1cda6b1b23b6,port_boss_01_c6r20.tgm,Tiny.VB,30118257,325
9a02e04e5fd4f79c,port_boss_01_c6r20.tgm.header,Tiny.V0,30107079,264
8b73b72887821262,port_boss_01_c6r21.tgm,Tiny.V3,29564086,265
04bb1dbf52af6da1,port_boss_01_c6r21.tgm.header,Tiny.VC,30199998,264
ec17f1e17a832300,port_boss_01_c5r3.tgm,Streaming/Content/data/balance/worldareas/31/mapgeode.vworld,448266,6205
d044d74081627337,port_boss_01_c5r3.tgm.header,Tiny.VE,29678386,264
6bd06c00cc13c0c1,port_boss_01_c5r4.tgm,Streaming/Content/data/balance/worldareas/09/g4_8a.vworld,497736,5093
bcdfb4dbe5b20cc8,port_boss_01_c5r4.tgm.header,Tiny.V6,29894167,264
82bb7939313fbfc2,port_boss_01_c5r5.tgm,Tiny.VA,30174851,2945
c8fb132cb39ab9e7,port_boss_01_c5r5.tgm.header,Tiny.VC,30211919,264
79f1e3480b763398,port_boss_01_c5r6.tgm,Tiny.VA,30177796,1367
297b4010591ec27f,port_boss_01_c5r6.tgm.header,Tiny.V7,29871690,264
ec355d249eb916a4,port_boss_01_c5r7.tgm,Tiny.V6,29894431,271
6a15a3631243fded,port_boss_01_c5r7.tgm.header,Tiny.V1,29857365,264
9e72168198d23f15,port_boss_01_c5r8.tgm,Tiny.VA,30179163,601
5266d85aa5c9c297,port_boss_01_c5r8.tgm.header,Tiny.V1,29858794,264
10b5905e2c15332f,port_boss_01_c5r9.tgm,Tiny.VA,30179764,961
2606f07d4ad9f6bd,port_boss_01_c5r9.tgm.header,Tiny.V0,30108424,264
79996affc7e7b5a7,port_boss_01_c5r1.tgm,Streaming/Content/data/balance/worldareas/47/mapport.vworld,0,115505
b74b271e83500413,port_boss_01_c5r1.tgm.header,Tiny.V1,29856435,930
789c82b47f38991f,port_boss_01_c5r10.tgm,Tiny.V2,30106451,901
c7647fa24b60a024,port_boss_01_c5r10.tgm.header,Tiny.VC,30211246,264
3d570bdb42cad242,port_boss_01_c5r11.tgm,Tiny.V8,29832605,841
9f67b4f242b83dc2,port_boss_01_c5r11.tgm.header,Tiny.V0,30108688,264
38b4ea4d4ad4bdbe,port_boss_01_c5r12.tgm,Tiny.VD,30055072,781
b5eb3204dc5d35cf,port_boss_01_c5r12.tgm.header,Tiny.V2,30107352,264
6528514e1100a5ba,port_boss_01_c5r13.tgm,Tiny.V9,30320845,721
619e7adfaa4b87a8,port_boss_01_c5r13.tgm.header,Tiny.VD,30055853,264
f05a63a3d477ffa4,port_boss_01_c5r14.tgm,Tiny.VB,30116298,685
c74ed821618f96e8,port_boss_01_c5r14.tgm.header,Tiny.VE,29678122,264
651af24973137197,port_boss_01_c5r15.tgm,Tiny.V6,29893518,649
5c97c6da55719e0c,port_boss_01_c5r15.tgm.header,Tiny.V7,29871077,264
f514c70ac77168d0,port_boss_01_c5r16.tgm,Tiny.V0,30108952,589
377e6a315747ed63,port_boss_01_c5r16.tgm.header,Tiny.V9,30317905,264
b87fd8f50c992f3d,port_boss_01_c5r17.tgm,Tiny.VB,30116983,529
c1603bc715dd65fb,port_boss_01_c5r17.tgm.header,Tiny.VE,29676813,264
edefdd2f0c484251,port_boss_01_c5r18.tgm,Tiny.VD,30056117,469
5a2cd6168dd6a745,port_boss_01_c5r18.tgm.header,Tiny.VF,30167316,264
592e6d5ed11a28dc,port_boss_01_c5r19.tgm,Tiny.VC,30211510,409
7cd3bc3141d98f79,port_boss_01_c5r19.tgm.header,Tiny.V6,29886482,264
15f2b2ffd426376d,port_boss_01_c5r2.tgm,Streaming/Content/data/balance/worldareas/02/mapport.vworld,5690109,981507
595c16f0cdf9f4a1,port_boss_01_c5r2.tgm.header,Content/data/balance/worldareas/mapseepage.vworld,1457360,4610
1b80d91ed2d68e95,port_boss_01_c5r20.tgm,Tiny.V7,29871341,349
3ddf76e847e4f28c,port_boss_01_c5r20.tgm.header,Tiny.VB,30117512,264
00e2aac80251d760,port_boss_01_c5r21.tgm,Tiny.V2,30107616,265
3ed08ae41442a84f,port_boss_01_c5r21.tgm.header,Tiny.VC,30199998,264
3219c472abf0b2da,port_boss_01_c4r3.tgm,Streaming/Content/data/balance/worldareas/AE/mapport.vworld,4419979,60669
bad2bf2e5a93f3b6,port_boss_01_c4r3.tgm.header,Tiny.V2,30105497,690
b1cf5b7275ab3788,port_boss_01_c4r4.tgm,Tiny.V5,29438727,4001
4c886c7fe10b8b3e,port_boss_01_c4r4.tgm.header,Tiny.V0,30108160,264
23ac6207da0a6e7b,port_boss_01_c4r5.tgm,Streaming/Content/data/balance/worldareas/2F/mapport.vworld,1042039,4187
16050a705f4d0e93,port_boss_01_c4r5.tgm.header,Tiny.V8,29832341,264
e28d9a523810bda6,port_boss_01_c4r6.tgm,Tiny.VD,30052871,2201
76288d732a57e826,port_boss_01_c4r6.tgm.header,Tiny.V2,30106187,264
925bc0cd3c1f57fd,port_boss_01_c4r7.tgm,Tiny.V9,30319550,1295
3fd716c8d7f03494,port_boss_01_c4r7.tgm.header,Tiny.VA,30174587,264
0a9989dc27c40328,port_boss_01_c4r8.tgm,Tiny.VE,29677077,1045
e9b8df49085230ea,port_boss_01_c4r8.tgm.header,Tiny.V3,29563822,264
538308d70881ae86,port_boss_01_c4r9.tgm,Tiny.V4,30211329,961
2e06353c3546cccb,port_boss_01_c4r9.tgm.header,Tiny.V0,30108424,264
0d20801a62c70c53,port_boss_01_c4r1.tgm,Streaming/Content/data/balance/worldareas/4D/mapport.vworld,142601,302111
745cb7960c9d8ba6,port_boss_01_c4r1.tgm.header,Tiny.VE,29674283,2530
c6ad0c5f410c050b,port_boss_01_c4r10.tgm,Tiny.VC,30206807,949
83cdabf40ea82025,port_boss_01_c4r10.tgm.header,Tiny.V9,30318494,264
3fc890d4309ea748,port_boss_01_c4r11.tgm,Tiny.VD,30051669,961
193f13e25866cf9f,port_boss_01_c4r11.tgm.header,Tiny.V2,30104872,264
ab34de20540b91a0,port_boss_01_c4r12.tgm,Tiny.VF,30165562,925
9a3546a25993041d,port_boss_01_c4r12.tgm.header,Tiny.V1,29855306,264
9cc0f634ddeb7c80,port_boss_01_c4r13.tgm,Tiny.V1,29855570,865
c26882775c03f337,port_boss_01_c4r13.tgm.header,Tiny.V8,29832077,264
121a61ad1d23db61,port_boss_01_c4r14.tgm,Tiny.V4,30210271,757
df8a9d8ff057e5b7,port_boss_01_c4r14.tgm.header,Tiny.V9,30318758,264
7ed34c54fcf2a0d1,port_boss_01_c4r15.tgm,Tiny.V6,29892893,625
b6954e0356712f1b,port_boss_01_c4r15.tgm.header,Tiny.VA,30174323,264
0fe157f0285ee07a,port_boss_01_c4r16.tgm,Tiny.VF,30166487,565
0f2aa649fdcdc659,port_boss_01_c4r16.tgm.header,Tiny.V3,29562584,264
0f51ed3255692986,port_boss_01_c4r17.tgm,Tiny.V3,29562848,529
91477e45d8ed63f1,port_boss_01_c4r17.tgm.header,Tiny.VE,29676813,264
1a01e5ed01725642,port_boss_01_c4r18.tgm,Tiny.V3,29563377,445
6aa9d2258a65fe0e,port_boss_01_c4r18.tgm.header,Tiny.V9,30319022,264
7e9f7161c4a0f2ed,port_boss_01_c4r19.tgm,Tiny.V2,30105136,361
c90bd56734ea4a8d,port_boss_01_c4r19.tgm.header,Tiny.VF,30167052,264
b40b08dceca5feca,port_boss_01_c4r2.tgm,Streaming/Content/data/balance/worldareas/16/mapport.vworld,846313,544887
ca01b52acacfeab7,port_boss_01_c4r2.tgm.header,Tiny.VC,30207756,3490
04071775599f7934,port_boss_01_c4r20.tgm,Tiny.V4,30211028,301
687b01bfae25fcf1,port_boss_01_c4r20.tgm.header,Tiny.V9,30319286,264
55f6965e4e3f5c69,port_boss_01_c4r21.tgm,Tiny.VD,30052630,241
baf53c09be71f6b8,port_boss_01_c4r21.tgm.header,Tiny.VB,30114713,264
94d5a12180a9c0e8,port_boss_01_c3r3.tgm,Streaming/Content/data/balance/worldareas/C0/mapport.vworld,252758,304557
05cbdfbb65782af5,port_boss_01_c3r3.tgm.header,Tiny.VE,29673113,1170
2a7e64363d523e4a,port_boss_01_c3r4.tgm,Tiny.VC,30202916,3627
cbe59662c1dabbe8,port_boss_01_c3r4.tgm.header,Tiny.VB,30114977,264
8db4b3015d856180,port_boss_01_c3r5.tgm,Streaming/Content/data/balance/worldareas/B2/mapport.vworld,69567,5907
4e5c8463e902d2b9,port_boss_01_c3r5.tgm.header,Tiny.V2,30104608,264
2109580b24a1f24e,port_boss_01_c3r6.tgm,Tiny.V6,29889116,3777
b45c95018274892d,port_boss_01_c3r6.tgm.header,Tiny.VC,30206543,264
cf83a0657434f73d,port_boss_01_c3r7.tgm,Tiny.V3,29561231,1353
30c2de42e8a37d80,port_boss_01_c3r7.tgm.header,Tiny.V5,29438463,264
e19c99b0ee8177a8,port_boss_01_c3r8.tgm,Tiny.VA,30173230,1093
3a86312ff7fa2170,port_boss_01_c3r8.tgm.header,Tiny.V1,29855042,264
c417f65e88c6622b,port_boss_01_c3r9.tgm,Tiny.VB,30115241,1057
bdbdad3674207e4a,port_boss_01_c3r9.tgm.header,Tiny.V4,30210007,264
a22d6b613d20bfa8,port_boss_01_c3r1.tgm,Streaming/Content/data/balance/worldareas/8F/mapgeode.vworld,253862,483001
681f66d33a224bdf,port_boss_01_c3r1.tgm.header,Tiny.VA,30169572,3130
9d885a7c807454ae,port_boss_01_c3r10.tgm,Tiny.VE,29671047,1069
8c5cdf51b9f0ad50,port_boss_01_c3r10.tgm.header,Tiny.V4,30209743,264
9ffbe658d28fd8ab,port_boss_01_c3r11.tgm,Tiny.VB,30113680,1033
04a9d83f462e9498,port_boss_01_c3r11.tgm.header,Tiny.VC,30201955,264
642b7b5f8b177634,port_boss_01_c3r12.tgm,Tiny.VE,29672116,997
0f4ad4ea6f0afa6c,port_boss_01_c3r12.tgm.header,Tiny.V0,30107343,264
91d7c4c6512388a7,port_boss_01_c3r13.tgm,Tiny.V8,29831140,937
dda7576dc6946b04,port_boss_01_c3r13.tgm.header,Tiny.VA,30172702,264
10961b789ba6027d,port_boss_01_c3r14.tgm,Tiny.VD,30050599,829
ef315131700c0e75,port_boss_01_c3r14.tgm.header,Tiny.V2,30104344,264
dfea1d71943bfa77,port_boss_01_c3r15.tgm,Tiny.VC,30202219,697
ee0eb876007d3286,port_boss_01_c3r15.tgm.header,Tiny.V9,30317052,264
5435abddd2462077,port_boss_01_c3r16.tgm,Tiny.V9,30317316,589
c5325ee4380d51df,port_boss_01_c3r16.tgm.header,Tiny.V9,30317905,264
a1883575d9411efe,port_boss_01_c3r17.tgm,Tiny.V0,30107607,553
7807c0ecaf332748,port_boss_01_c3r17.tgm.header,Tiny.VA,30172966,264
93dbe580cdb4a5f6,port_boss_01_c3r18.tgm,Tiny.V7,29870127,517
6e57cc26a6f033b7,port_boss_01_c3r18.tgm.header,Tiny.V1,29854514,264
0fbdde35715b8308,port_boss_01_c3r19.tgm,Tiny.V7,29870644,433
558a77b0b2263464,port_boss_01_c3r19.tgm.header,Tiny.V1,29854778,264
78feec0742336c98,port_boss_01_c3r2.tgm,Streaming/Content/data/balance/worldareas/E8/mapport.vworld.1,75770,648743
daad46ca785258bf,port_boss_01_c3r2.tgm.header,Tiny.V5,29435493,2970
793ed5ee7070fc54,port_boss_01_c3r20.tgm,Tiny.V9,30318169,325
f3fdbb553e40ba1b,port_boss_01_c3r20.tgm.header,Tiny.V0,30107079,264
fe6e6c0d4d8fd572,port_boss_01_c3r21.tgm,Tiny.VD,30051428,241
ea6cb39da395d908,port_boss_01_c3r21.tgm.header,Tiny.VB,30114713,264
a8b77c44255f794a,port_boss_01_c2r3.tgm,Streaming/Content/data/balance/worldareas/6E/mapgeode.vworld,528984,31901
7c0da15326155973,port_boss_01_c2r3.tgm.header,Tiny.V3,29559364,570
ef6457acd4facc92,port_boss_01_c2r4.tgm,Streaming/Content/data/balance/worldareas/00/mapport.vworld,49846,4463
b32221cb83eed899,port_boss_01_c2r4.tgm.header,Tiny.V2,30103552,264
0b5f5598321b8c49,port_boss_01_c2r5.tgm,Streaming/Content/data/balance/worldareas/75/mapport.vworld,5592580,5939
c299f8e4f0c66f6b,port_boss_01_c2r5.tgm.header,Tiny.V2,30103816,264
17991e31380b0d92,port_boss_01_c2r6.tgm,Tiny.VD,30047246,3353
7de4570723ca7f0d,port_boss_01_c2r6.tgm.header,Tiny.V7,29869863,264
db2777ee7ec11d73,port_boss_01_c2r7.tgm,Tiny.VF,30164033,1529
fe86de578658197c,port_boss_01_c2r7.tgm.header,Tiny.VE,29670783,264
7be88a96c3fb43bb,port_boss_01_c2r8.tgm,Tiny.VB,30112323,1357
edd53cc4a2a1893f,port_boss_01_c2r8.tgm.header,Tiny.V2,30104080,264
ebad366b15e76a5d,port_boss_01_c2r9.tgm,Tiny.V3,29559934,1297
d4ff247102e563bb,port_boss_01_c2r9.tgm.header,Tiny.V5,29435229,264
0c1f633d5fd777e0,port_boss_01_c2r1.tgm,Streaming/Content/data/balance/worldareas/52/mapgeode.vworld,145916,629387
f405342cabb94b53,port_boss_01_c2r1.tgm.header,Tiny.VD,30043556,3690
6693a3063808bb7f,port_boss_01_c2r10.tgm,Tiny.VE,29669546,1237
467f3980af038126,port_boss_01_c2r10.tgm.header,Tiny.V3,29559100,264
191379b7384160c3,port_boss_01_c2r11.tgm,Tiny.VF,30162195,1153
5195c5a21e0b5b8f,port_boss_01_c2r11.tgm.header,Tiny.V2,30102483,264
77474c4db8300201,port_boss_01_c2r12.tgm,Tiny.V1,29853205,1045
585274231b7354ee,port_boss_01_c2r12.tgm.header,Tiny.V7,29869599,264
6ba725cfddd5d9a6,port_boss_01_c2r13.tgm,Tiny.V4,30207232,961
fb19a16bb2a362ac,port_boss_01_c2r13.tgm.header,Tiny.V8,29830107,264
a12218978cc7393e,port_boss_01_c2r14.tgm,Tiny.V4,30208193,877
1d7566f6a96a70e7,port_boss_01_c2r14.tgm.header,Tiny.V6,29886218,264
2c5dea16c05be144,port_boss_01_c2r15.tgm,Tiny.V8,29830371,769
234744a3791a9b1f,port_boss_01_c2r15.tgm.header,Tiny.VA,30167843,264
eca7dbda3e38c6e3,port_boss_01_c2r16.tgm,Tiny.VF,30163348,685
976342d3abef3dba,port_boss_01_c2r16.tgm.header,Tiny.VC,30201691,264
76854ea9c73f1e15,port_boss_01_c2r17.tgm,Tiny.V9,30316126,601
ee02a42d29f8b8f2,port_boss_01_c2r17.tgm.header,Tiny.V1,29854250,264
1822eb8b0fd9e56c,port_boss_01_c2r18.tgm,Tiny.V5,29434495,493
7db439759067de59,port_boss_01_c2r18.tgm.header,Tiny.VA,30169308,264
a86438e3dd9dbe47,port_boss_01_c2r19.tgm,Tiny.V4,30209070,409
0b03d72fcdb1697a,port_boss_01_c2r19.tgm.header,Tiny.V6,29886482,264
7be40f11b1c28fb3,port_boss_01_c2r2.tgm,Streaming/Content/data/balance/worldareas/CE/mapport.vworld,1260687,328549
8b75085c3548c0ee,port_boss_01_c2r2.tgm.header,Tiny.V6,29886746,2370
f316ea7e64a475fe,port_boss_01_c2r20.tgm,Tiny.V9,30316727,325
151f2153051999ce,port_boss_01_c2r20.tgm.header,Tiny.V0,30107079,264
dd54d8d215fc18ee,port_boss_01_c2r21.tgm,Tiny.V5,29434988,241
04efc1a3f5944215,port_boss_01_c2r21.tgm.header,Tiny.V4,30209479,264
3069700f89892879,port_boss_01_c15r3.tgm,Streaming/Content/data/balance/worldareas/77/mapport.vworld,6088513,63215
07c83383fd82d4db,port_boss_01_c15r3.tgm.header,Tiny.VF,30159542,490
3c2b41cef7c63fe4,port_boss_01_c15r4.tgm,Streaming/Content/data/balance/worldareas/72/mapport.vworld,1180165,97443
d95889ca1f347d8a,port_boss_01_c15r4.tgm.header,Tiny.VF,30160032,1130
c79250a48ee461ba,port_boss_01_c15r5.tgm,Streaming/Content/data/balance/worldareas/10/mapport.vworld,94132,552955
2fcae6a3f266b43e,port_boss_01_c15r5.tgm.header,Tiny.V5,29425184,2610
f17c02bbc4e9e182,port_boss_01_c15r6.tgm,Streaming/Content/data/balance/worldareas/7A/mapport.vworld,0,402843
ba6f6fa78d2dea9e,port_boss_01_c15r6.tgm.header,Tiny.V5,29427794,1450
4b8b1391a2e38c66,port_boss_01_c15r7.tgm,Tiny.V7,29865073,3373
653421e55a351d57,port_boss_01_c15r7.tgm.header,Tiny.VB,30110158,290
94f96b654edb6393,port_boss_01_c15r8.tgm,Streaming/Content/data/balance/worldareas/06/mapport.vworld,1730948,44429
0a8be55f2d71dd21,port_boss_01_c15r8.tgm.header,Tiny.V2,30102073,410
1ba5f5e4346e315e,port_boss_01_c15r9.tgm,Tiny.V3,29555157,3679
1cdc11d7d62a9c9d,port_boss_01_c15r9.tgm.header,Tiny.V4,30205353,330
eb585c25aa5233f8,port_boss_01_c15r1.tgm,Streaming/Content/data/balance/worldareas/F9/g2_9_1.vworld,533716,49703
e55ee08d73dfe7ba,port_boss_01_c15r1.tgm.header,Tiny.V5,29422693,530
f023e36f40ff6d88,port_boss_01_c15r10.tgm,Streaming/Content/data/balance/worldareas/05/g2_9_1.vworld,529728,4165
76545196ba752f8c,port_boss_01_c15r10.tgm.header,Tiny.V1,29844610,264
115359bde2d90857,port_boss_01_c15r11.tgm,Streaming/Content/data/balance/worldareas/C2/mapport.vworld.1,70494,6255
303e42918425ee01,port_boss_01_c15r11.tgm.header,Tiny.VA,30164340,264
a41d8ba00685b8e4,port_boss_01_c15r12.tgm,Streaming/Content/data/balance/worldareas/4D/mapport.vworld,138020,4581
b8a8eea4ef27b7f7,port_boss_01_c15r12.tgm.header,Tiny.VF,30155967,290
d25d3952aacccd16,port_boss_01_c15r13.tgm,Tiny.VC,30194408,2745
cd0db2842aff54f2,port_boss_01_c15r13.tgm.header,Tiny.VD,30041733,264
25b74b6cb7df4104,port_boss_01_c15r14.tgm,Tiny.V1,29844874,3107
f48356c55c7bf4d7,port_boss_01_c15r14.tgm.header,Tiny.VE,29666859,264
153399b40be13827,port_boss_01_c15r15.tgm,Tiny.V1,29847981,2759
1d97618136845052,port_boss_01_c15r15.tgm.header,Tiny.V7,29864809,264
c0f42e70f5750029,port_boss_01_c15r16.tgm,Tiny.VF,30156257,2757
b7623232617206e7,port_boss_01_c15r16.tgm.header,Tiny.V5,29423223,264
27de0d4680cf5a61,port_boss_01_c15r17.tgm,Tiny.VA,30164604,3239
4a5081a949f1001a,port_boss_01_c15r17.tgm.header,Tiny.V9,30311344,264
6357a58584fa448d,port_boss_01_c15r18.tgm,Tiny.V9,30311608,3101
2747b146482e1256,port_boss_01_c15r18.tgm.header,Tiny.VE,29667123,264
0576f26fb38442b8,port_boss_01_c15r19.tgm,Tiny.V1,29850740,2465
9771dc0b6165a773,port_boss_01_c15r19.tgm.header,Tiny.VF,30159014,264
d1c21189605f2bad,port_boss_01_c15r2.tgm,Streaming/Content/data/balance/worldareas/32/mapport.vworld,828819,141301
047e8dc576656392,port_boss_01_c15r2.tgm.header,Tiny.VD,30041997,730
209eadcd514eb1b0,port_boss_01_c15r20.tgm,Tiny.VC,30197153,2581
44a1538f8ffbfb64,port_boss_01_c15r20.tgm.header,Tiny.VF,30159278,264
b5ec1870acdf539c,port_boss_01_c15r21.tgm,Tiny.V5,29423487,1697
f9284cf8547d886e,port_boss_01_c15r21.tgm.header,Tiny.V0,30106287,264
e9e424bbbf46ad7b,port_boss_01_c14r3.tgm,Streaming/Content/data/balance/worldareas/BD/mapgeode.vworld,611950,93301
a6b354dfebea1858,port_boss_01_c14r3.tgm.header,Tiny.V2,30101263,810
96e0dcfbbeeef469,port_boss_01_c14r4.tgm,Streaming/Content/data/balance/worldareas/9C/mapport.vworld,48605,348717
5d3728ccb2170bdc,port_boss_01_c14r4.tgm.header,Tiny.V3,29552177,2650
9c9b7d05e15eaccd,port_boss_01_c14r5.tgm,Streaming/Content/data/balance/worldareas/A1/mapport.vworld,3279756,723173
0a48de8d06709734,port_boss_01_c14r5.tgm.header,Tiny.V8,29821011,3410
ae856dead75db9d0,port_boss_01_c14r6.tgm,Streaming/Content/data/balance/worldareas/4F/mapport.vworld,198646,513895
f9be37adc3a1cc4d,port_boss_01_c14r6.tgm.header,Tiny.VD,30039723,2010
1bb5c6f765be1955,port_boss_01_c14r7.tgm,Tiny.V8,29824421,2201
f770cd3c7fa846c6,port_boss_01_c14r7.tgm.header,Tiny.V3,29554827,330
466c7efc37aca195,port_boss_01_c14r8.tgm,Streaming/Content/data/balance/worldareas/07/mapport.vworld,5769,25345
6506925aefa21f3c,port_boss_01_c14r8.tgm.header,Tiny.V9,30310814,530
1196f04e2aaf6105,port_boss_01_c14r9.tgm,Streaming/Content/data/balance/worldareas/D8/g4_8a.vworld,643151,49473
63edcac5b1b72c23,port_boss_01_c14r9.tgm.header,Tiny.V0,30105757,530
486cae71f8de1b66,port_boss_01_c14r1.tgm,Streaming/Content/data/balance/worldareas/A0/mapport.vworld,0,195625
52d12c28bf4c93ec,port_boss_01_c14r1.tgm.header,Tiny.VB,30108578,1050
459381870471e445,port_boss_01_c14r10.tgm,Streaming/Content/data/balance/worldareas/04/g4_8a.vworld,549005,47845
50042ff18ad54543,port_boss_01_c14r10.tgm.header,Tiny.VE,29664554,530
76e68a0ca80842bc,port_boss_01_c14r11.tgm,Streaming/Content/data/balance/worldareas/48/mapport.vworld,208324,63079
3a84ae47e08efa4a,port_boss_01_c14r11.tgm.header,Tiny.V1,29844000,610
d57c15efa4d8498e,port_boss_01_c14r12.tgm,Streaming/Content/data/balance/worldareas/E8/mapport.vworld.1,25421,50349
5e794e719d2699c6,port_boss_01_c14r12.tgm.header,Tiny.V3,29551527,650
e709ff928059fa3a,port_boss_01_c14r13.tgm,Streaming/Content/data/balance/worldareas/9A/mapport.vworld.1,114230,46025
004923aaf8eb47ac,port_boss_01_c14r13.tgm.header,Tiny.VB,30109628,530
3d47f3b07f32f371,port_boss_01_c14r14.tgm,Streaming/Content/data/balance/worldareas/F6/mapport.vworld,161167,60171
1832dd7a7d8b9725,port_boss_01_c14r14.tgm.header,Tiny.V5,29422123,570
1617c6fdc12fbaf2,port_boss_01_c14r15.tgm,Streaming/Content/data/balance/worldareas/9C/mapport.vworld,0,48605
66d64203dd4b8eb5,port_boss_01_c14r15.tgm.header,Tiny.V9,30308264,610
80bc0ee1545c2800,port_boss_01_c14r16.tgm,Streaming/Content/data/balance/worldareas/F3/mapport.vworld,5592580,45911
509dfc546c035c6c,port_boss_01_c14r16.tgm.header,Tiny.V9,30308874,530
0f195842edaadc7a,port_boss_01_c14r17.tgm,Streaming/Content/data/balance/worldareas/ED/mapport.vworld.1,42241,60315
6742fb689b43dccb,port_boss_01_c14r17.tgm.header,Tiny.VE,29665084,570
c6a0adbb2410902b,port_boss_01_c14r18.tgm,Streaming/Content/data/balance/worldareas/FF/g4_8a.vworld,694129,49437
33b9b7fb22f44458,port_boss_01_c14r18.tgm.header,Tiny.VC,30193798,610
ea11676e7c2599ce,port_boss_01_c14r19.tgm,Streaming/Content/data/balance/worldareas/FC/mapport.vworld.1,100528,50087
43012b4d4c5095f0,port_boss_01_c14r19.tgm.header,Tiny.V8,29819551,570
e1e2b28086c0ac8e,port_boss_01_c14r2.tgm,Streaming/Content/data/balance/worldareas/55/mapport.vworld,121582,94875
725f31fbb8101829,port_boss_01_c14r2.tgm.header,Tiny.V9,30309404,1410
a76cd5aaebd12b5d,port_boss_01_c14r20.tgm,Streaming/Content/data/balance/worldareas/F8/mapport.vworld,1202935,212323
ff9c5c0da9526795,port_boss_01_c14r20.tgm.header,Tiny.V8,29820121,890
1f2efd4518e38928,port_boss_01_c14r21.tgm,Tiny.VE,29665654,1205
76cdffc612cc9653,port_boss_01_c14r21.tgm.header,Tiny.V0,30105493,264
c6d10912f0becf1a,port_boss_01_c13r3.tgm,Streaming/Content/data/balance/worldareas/97/mapport.vworld,22370320,105495
6e2dbd3a08882cd6,port_boss_01_c13r3.tgm.header,Tiny.V5,29421103,690
299c2563398d6662,port_boss_01_c13r4.tgm,Streaming/Content/data/balance/worldareas/43/mapport.vworld,5658272,259845
bdacb7008731fbf5,port_boss_01_c13r4.tgm.header,Tiny.VF,30154197,1770
47bf31ee3e54586a,port_boss_01_c13r5.tgm,Streaming/Content/data/balance/worldareas/7F/mapport.vworld,2300259,545525
c9aa6d2bbcb701a5,port_boss_01_c13r5.tgm.header,Tiny.V2,30097216,1930
c798b89c57b32f1e,port_boss_01_c13r6.tgm,Streaming/Content/data/balance/worldareas/AE/mapport.vworld,4194632,225347
132bae3fe3e18c18,port_boss_01_c13r6.tgm.header,Tiny.VC,30192265,1250
1d9b612310557297,port_boss_01_c13r7.tgm,Tiny.V2,30099146,2117
fee786ef40a23e93,port_boss_01_c13r7.tgm.header,Tiny.VC,30193515,283
893cb8619467c700,port_boss_01_c13r8.tgm,Tiny.VD,30037238,2485
babad12286abdf40,port_boss_01_c13r8.tgm.header,Tiny.V5,29421793,330
392cbad5724de0e9,port_boss_01_c13r9.tgm,Tiny.V8,29816634,2547
55bffacc0b12cdff,port_boss_01_c13r9.tgm.header,Tiny.V8,29819181,370
1c5b817eb66919e7,port_boss_01_c13r1.tgm,Streaming/Content/data/balance/worldareas/99/g4_8a.vworld,467001,129703
1b2c2d965ebd5538,port_boss_01_c13r1.tgm.header,Tiny.V2,30096286,930
1f9df88e7d79e0c1,port_boss_01_c13r10.tgm,Tiny.VC,30189158,3107
4144e46c3b2521c1,port_boss_01_c13r10.tgm.header,Tiny.V4,30203461,283
350e1210ebb275f0,port_boss_01_c13r11.tgm,Streaming/Content/data/balance/worldareas/E5/mapport.vworld,112321,5005
cc15ebc03c36038f,port_boss_01_c13r11.tgm.header,Tiny.V3,29551263,264
f2a37b3ca832b020,port_boss_01_c13r12.tgm,Tiny.VD,30033813,3425
10378a8ca7180f66,port_boss_01_c13r12.tgm.header,Tiny.V8,29815559,283
3f247c79e18d8fa2,port_boss_01_c13r13.tgm,Tiny.VA,30160896,1471
2dc9369f69384b28,port_boss_01_c13r13.tgm.header,Tiny.V8,29815842,264
8f38f0a9deb3a72d,port_boss_01_c13r14.tgm,Tiny.V9,30306401,1863
1bd393a5e1699181,port_boss_01_c13r14.tgm.header,Tiny.V0,30102988,264
9ba79ac916f0b096,port_boss_01_c13r15.tgm,Tiny.V5,29419506,1597
545490877642e8c3,port_boss_01_c13r15.tgm.header,Tiny.V8,29816106,264
75643197267e458f,port_boss_01_c13r16.tgm,Tiny.V7,29862984,1825
36fdc9a350e8871c,port_boss_01_c13r16.tgm.header,Tiny.VA,30162367,264
f826a5dc6ba163f1,port_boss_01_c13r17.tgm,Tiny.V0,30103252,2241
f287f8a9b71bb68d,port_boss_01_c13r17.tgm.header,Tiny.V8,29816370,264
266bd375e0d07eba,port_boss_01_c13r18.tgm,Tiny.VE,29662957,1597
f4c64a997a6ecc92,port_boss_01_c13r18.tgm.header,Tiny.V1,29841956,264
2181aa7b62a9fd16,port_boss_01_c13r19.tgm,Tiny.V4,30203744,1345
78cba18c84daffa2,port_boss_01_c13r19.tgm.header,Tiny.V4,30205089,264
fe77ad8ad209c4fb,port_boss_01_c13r2.tgm,Streaming/Content/data/balance/worldareas/4A/mapport.vworld,5914887,99643
6f37eb68f1029e48,port_boss_01_c13r2.tgm.header,Tiny.V1,29842220,1250
264e2825358c248b,port_boss_01_c13r20.tgm,Streaming/Content/data/balance/worldareas/73/mapport.vworld,1160295,56905
bf6bdcf4a706de6c,port_boss_01_c13r20.tgm.header,Tiny.V1,29843470,530
5fcd7e5ffef8bdec,port_boss_01_c13r21.tgm,Tiny.VA,30162631,1709
94058c6f2a49b440,port_boss_01_c13r21.tgm.header,Tiny.VB,30108314,264
d89cd52160a3f7df,port_boss_01_c12r3.tgm,Streaming/Content/data/balance/worldareas/5B/mapport.vworld,0,264931
2bf5fb8ed683cdf6,port_boss_01_c12r3.tgm.header,Tiny.V9,30305031,1370
6ea3e46fa9f9f18b,port_boss_01_c12r4.tgm,Streaming/Content/data/balance/worldareas/6C/mapport.vworld,45273,69769
adf089d8dcb70f0a,port_boss_01_c12r4.tgm.header,Tiny.V4,30202891,570
0e5fac0c79eac466,port_boss_01_c12r5.tgm,Streaming/Content/data/balance/worldareas/C0/mapport.vworld,45975,206783
13805c8120ec92c8,port_boss_01_c12r5.tgm.header,Tiny.V5,29415951,930
a3bdec6cc81993e5,port_boss_01_c12r6.tgm,Tiny.VA,30156390,2749
01c7a5ce8693aab9,port_boss_01_c12r6.tgm.header,Tiny.V1,29841586,370
21ccf9b569c3fab8,port_boss_01_c12r7.tgm,Tiny.VD,30031786,2027
db66b60bf6cd6865,port_boss_01_c12r7.tgm.header,Tiny.V5,29416881,283
3f4023f5f92db325,port_boss_01_c12r8.tgm,Tiny.V5,29417164,2059
efb308ebb48570f8,port_boss_01_c12r8.tgm.header,Tiny.V6,29879402,264
d4306fa650662064,port_boss_01_c12r9.tgm,Tiny.VA,30159139,1757
2c0815fc591cd61f,port_boss_01_c12r9.tgm.header,Tiny.V5,29419223,283
75f055991d8b73f2,port_boss_01_c12r1.tgm,Streaming/Content/data/balance/worldareas/5E/mapport.vworld,11185160,417931
804c542d51e633f8,port_boss_01_c12r1.tgm.header,Tiny.V5,29413277,2410
b353f576ebcf8827,port_boss_01_c12r10.tgm,Tiny.V6,29877691,1447
b459ee819cfc0cd1,port_boss_01_c12r10.tgm.header,Tiny.VC,30186965,264
b201277e4dcecbfb,port_boss_01_c12r11.tgm,Tiny.VC,30187229,1929
6593060556b60f7f,port_boss_01_c12r11.tgm.header,Tiny.V3,29550999,264
39e73936575f366a,port_boss_01_c12r12.tgm,Tiny.VD,30028261,1507
6c897b3c1d22ed4a,port_boss_01_c12r12.tgm.header,Tiny.V9,30301001,264
d428e9ac074fba53,port_boss_01_c12r13.tgm,Tiny.V9,30301265,1537
66bc4dc3580c47a0,port_boss_01_c12r13.tgm.header,Tiny.V9,30302802,264
e7c5708d15b5f449,port_boss_01_c12r14.tgm,Tiny.VE,29660776,1917
f19e8ef390be29b8,port_boss_01_c12r14.tgm.header,Tiny.V7,29859910,264
1f43cf16d24c8741,port_boss_01_c12r15.tgm,Tiny.V0,30100869,1549
0d19a2ad87e3c58f,port_boss_01_c12r15.tgm.header,Tiny.V6,29879138,264
7a2ec640c848d259,port_boss_01_c12r16.tgm,Tiny.V4,30201372,1519
97b842a57e52b444,port_boss_01_c12r16.tgm.header,Tiny.V5,29415687,264
3f9f271a948f2216,port_boss_01_c12r17.tgm,Tiny.V9,30303066,1701
efc1eea005ff1246,port_boss_01_c12r17.tgm.header,Tiny.V2,30095758,264
0177bb18a8040e58,port_boss_01_c12r18.tgm,Tiny.VD,30029768,969
e8bb704eb733cad5,port_boss_01_c12r18.tgm.header,Tiny.V9,30304767,264
9a6108683195f694,port_boss_01_c12r19.tgm,Tiny.V8,29814572,987
3b64f59e1c628d4d,port_boss_01_c12r19.tgm.header,Tiny.V2,30096022,264
c95b7f7624e8d4af,port_boss_01_c12r2.tgm,Streaming/Content/data/balance/worldareas/2C/mapport.vworld,6163929,599777
f77e08eb9150facf,port_boss_01_c12r2.tgm.header,Tiny.V7,29860174,2810
838d25546242846b,port_boss_01_c12r20.tgm,Streaming/Content/data/balance/worldareas/B0/mapport.vworld,2206520,49141
fadf0b14c90dca8f,port_boss_01_c12r20.tgm.header,Tiny.V0,30102418,570
869292e1b05d2d22,port_boss_01_c12r21.tgm,Tiny.VD,30030737,1049
0442f9b194a5f44d,port_boss_01_c12r21.tgm.header,Tiny.VE,29662693,264
c250ea71fa5bb131,port_boss_01_c11r3.tgm,Streaming/Content/data/balance/worldareas/28/g2_9_1.vworld,249908,167617
a1b4e387e8b7046f,port_boss_01_c11r3.tgm.header,Tiny.V1,29838996,1090
6323d822417ccf8e,port_boss_01_c11r4.tgm,Streaming/Content/data/balance/worldareas/C6/mapport.vworld,424801,102453
23a0e228e551b40c,port_boss_01_c11r4.tgm.header,Tiny.V1,29840086,850
291312845d3c8bee,port_boss_01_c11r5.tgm,Streaming/Content/data/balance/worldareas/A8/mapport.vworld,449719,309337
adb7fd0baa0471ca,port_boss_01_c11r5.tgm.header,Tiny.V6,29876361,1330
faeef33ba659993b,port_boss_01_c11r6.tgm,Streaming/Content/data/balance/worldareas/81/mapport.vworld,5711230,47991
765ec6aeed8b1e1b,port_boss_01_c11r6.tgm.header,Tiny.V1,29840936,650
dde80e3a5edc3458,port_boss_01_c11r7.tgm,Streaming/Content/data/balance/worldareas/EF/mapport.vworld,532989,48053
1059f5dab0a42aac,port_boss_01_c11r7.tgm.header,Tiny.VB,30107704,610
283c8623414eb702,port_boss_01_c11r8.tgm,Streaming/Content/data/balance/worldareas/0B/mapport.vworld,23699,59959
9d6b78831310577b,port_boss_01_c11r8.tgm.header,Tiny.V0,30100299,570
c325e1dc9850cee8,port_boss_01_c11r9.tgm,Streaming/Content/data/balance/worldareas/35/mapport.vworld,71478,45673
1a0a40b3f13a662a,port_boss_01_c11r9.tgm.header,Tiny.V2,30095228,530
e787a699b0e1e39f,port_boss_01_c11r1.tgm,Streaming/Content/data/balance/worldareas/72/mapport.vworld,507152,673013
879bb8501f9809ba,port_boss_01_c11r1.tgm.header,Tiny.VC,30183075,3890
d5deeb5461811e87,port_boss_01_c11r10.tgm,Streaming/Content/data/balance/worldareas/CD/mapport.vworld,6277134,48173
bf5d1dbbd0d3ac80,port_boss_01_c11r10.tgm.header,Tiny.VD,30027651,610
8b36ebecb61cd1f2,port_boss_01_c11r11.tgm,Streaming/Content/data/balance/worldareas/33/mapport.vworld,22854,59989
18cadb1cd0421d6a,port_boss_01_c11r11.tgm.header,Tiny.VF,30153057,570
0dc04a07aed4ac03,port_boss_01_c11r12.tgm,Streaming/Content/data/balance/worldareas/55/mapport.vworld,75831,45751
a11c25dac153bcf4,port_boss_01_c11r12.tgm.header,Tiny.V1,29837936,530
eb5aaf2fcad48836,port_boss_01_c11r13.tgm,Streaming/Content/data/balance/worldareas/91/mapport.vworld,119168,48299
7f381c78068ec957,port_boss_01_c11r13.tgm.header,Tiny.V6,29875751,610
9bff439dc53ce210,port_boss_01_c11r14.tgm,Streaming/Content/data/balance/worldareas/B1/mapport.vworld,82020,59839
039f004c6e872b38,port_boss_01_c11r14.tgm.header,Tiny.V8,29813472,570
60051c0c1acacff8,port_boss_01_c11r15.tgm,Streaming/Content/data/balance/worldareas/92/mapport.vworld,78666,45293
1d9c3168eb20520d,port_boss_01_c11r15.tgm.header,Tiny.V8,29814042,530
a52b1a146c722d3c,port_boss_01_c11r16.tgm,Streaming/Content/data/balance/worldareas/8F/mapgeode.vworld,206019,47843
19a4a0b5a949f19b,port_boss_01_c11r16.tgm.header,Tiny.V0,30099689,610
db6760817cd73386,port_boss_01_c11r17.tgm,Streaming/Content/data/balance/worldareas/43/mapport.vworld,5598769,59503
0963efeaee727217,port_boss_01_c11r17.tgm.header,Tiny.VF,30153627,570
686ae7d007510a05,port_boss_01_c11r18.tgm,Streaming/Content/data/balance/worldareas/6C/mapport.vworld,0,45273
5ab7556c7f958f04,port_boss_01_c11r18.tgm.header,Tiny.VE,29657156,530
38e7c1fa732346ce,port_boss_01_c11r19.tgm,Streaming/Content/data/balance/worldareas/3C/mapport.vworld,51363,56523
1b283701979ba4db,port_boss_01_c11r19.tgm.header,Tiny.V1,29838466,530
dd6842bd89e2b1bc,port_boss_01_c11r2.tgm,Streaming/Content/data/balance/worldareas/2C/mapport.vworld,5661448,502481
6a5119f6ff37c62b,port_boss_01_c11r2.tgm.header,Tiny.VE,29657686,3090
84cc8a4dc0c3cb1b,port_boss_01_c11r20.tgm,Streaming/Content/data/balance/worldareas/5C/mapport.vworld,0,211959
0607ac1e41317c60,port_boss_01_c11r20.tgm.header,Tiny.V2,30094074,890
b9676f627769f27f,port_boss_01_c11r21.tgm,Tiny.V4,30200167,1205
328f076f10c54475,port_boss_01_c11r21.tgm.header,Tiny.V2,30094964,264
ace033cb26ef2094,port_boss_01_c10r3.tgm,Tiny.V5,29410750,2527
c06dfc6ba580a7c0,port_boss_01_c10r3.tgm.header,Tiny.VF,30150850,290
5e3a776788778402,port_boss_01_c10r4.tgm,Tiny.VD,30025630,2021
1d377a6ab544a47a,port_boss_01_c10r4.tgm.header,Tiny.V4,30197684,264
b02ac95de2685c23,port_boss_01_c10r5.tgm,Tiny.V4,30197948,2219
dcb153be65532bda,port_boss_01_c10r5.tgm.header,Tiny.V3,29550735,264
b673bd83197f2004,port_boss_01_c10r6.tgm,Tiny.V2,30092309,1765
344c161118bb838e,port_boss_01_c10r6.tgm.header,Tiny.VC,30182811,264
0d4e3ba8cc5117dd,port_boss_01_c10r7.tgm,Tiny.VF,30151140,1917
55071deac0f34dbc,port_boss_01_c10r7.tgm.header,Tiny.V1,29837672,264
5f8e7166280355b0,port_boss_01_c10r8.tgm,Tiny.V8,29811193,2279
4b9c293dd9d295f9,port_boss_01_c10r8.tgm.header,Tiny.VE,29656892,264
fb17d6439609f538,port_boss_01_c10r9.tgm,Tiny.V9,30298882,1855
94be344a1d064107,port_boss_01_c10r9.tgm.header,Tiny.V9,30300737,264
9266a241408e2d2c,port_boss_01_c10r1.tgm,Streaming/Content/data/balance/worldareas/D8/g4_8a.vworld,257974,385177
574e5aed185359cc,port_boss_01_c10r1.tgm.header,Tiny.V7,29857196,2450
ae3c3e0f715fd23c,port_boss_01_c10r10.tgm,Tiny.V5,29408341,2145
352d225bc5b81c81,port_boss_01_c10r10.tgm.header,Tiny.V9,30290780,264
f5541211c5b77928,port_boss_01_c10r11.tgm,Tiny.V9,30291044,2447
6c27647c596a3c20,port_boss_01_c10r11.tgm.header,Tiny.VB,30105975,264
78b1449a7cab1449,port_boss_01_c10r12.tgm,Tiny.V4,30193580,1891
ffd1f3efbd2f6a89,port_boss_01_c10r12.tgm.header,Tiny.V7,29859646,264
dd5500bad42e10da,port_boss_01_c10r13.tgm,Tiny.V2,30088639,1905
1c36752a69c9167d,port_boss_01_c10r13.tgm.header,Tiny.V5,29410486,264
bc06ee750df1f193,port_boss_01_c10r14.tgm,Tiny.V4,30195471,1949
f752f34ff554c195,port_boss_01_c10r14.tgm.header,Tiny.V2,30090544,264
5ff7b0e13603c5b9,port_boss_01_c10r15.tgm,Tiny.VB,30106239,1465
c90da7884ac8b5ed,port_boss_01_c10r15.tgm.header,Tiny.V2,30090808,264
ce6642a7e1582a7d,port_boss_01_c10r16.tgm,Tiny.V9,30293491,1767
4e95f44bcd8a8700,port_boss_01_c10r16.tgm.header,Tiny.VE,29656364,264
acef32c81886a0db,port_boss_01_c10r17.tgm,Tiny.V9,30295258,2069
fc7bd3ba2dc10ad8,port_boss_01_c10r17.tgm.header,Tiny.VD,30025366,264
196d2ca24a943aad,port_boss_01_c10r18.tgm,Tiny.V8,29809698,1495
3972b87b96e63947,port_boss_01_c10r18.tgm.header,Tiny.VE,29656628,264
308bf030efab04cd,port_boss_01_c10r19.tgm,Tiny.V9,30297327,1555
67a54a4b40afbc8b,port_boss_01_c10r19.tgm.header,Tiny.VA,30156126,264
125b356d9d5fef44,port_boss_01_c10r2.tgm,Streaming/Content/data/balance/worldareas/78/mapport.vworld,15636,55201
53eddda2ade5957c,port_boss_01_c10r2.tgm.header,Tiny.V6,29875141,610
bb1164b7100becf8,port_boss_01_c10r20.tgm,Tiny.V1,29836061,1347
999758f8cbf7544f,port_boss_01_c10r20.tgm.header,Tiny.V1,29837408,264
72d92a8ed355c3b7,port_boss_01_c10r21.tgm,Tiny.V2,30091072,1237
11a520371f0b11b3,port_boss_01_c10r21.tgm.header,Tiny.V4,30197420,264
274d27033dea963a,port_boss_01_c1r3.tgm,Tiny.V6,29881980,2253
16803a9df0a12105,port_boss_01_c1r3.tgm.header,Tiny.V0,30106815,264
d164e1ca57e4703e,port_boss_01_c1r4.tgm,Tiny.V5,29429509,3593
ec85fac48532feec,port_boss_01_c1r4.tgm.header,Tiny.VD,30043292,264
5442248496b44145,port_boss_01_c1r5.tgm,Streaming/Content/data/balance/worldareas/90/mapgeode.vworld,301559,4523
2c1b26d35bafb81d,port_boss_01_c1r5.tgm.header,Tiny.VA,30168780,264
679ef2c0dd96c419,port_boss_01_c1r6.tgm,Tiny.V8,29826622,3221
8f88d752d309d329,port_boss_01_c1r6.tgm.header,Tiny.V8,29829843,264
7f1da5e979623740,port_boss_01_c1r7.tgm,Tiny.V6,29884233,1985
e7660e3604816c6a,port_boss_01_c1r7.tgm.header,Tiny.V9,30315598,264
f6c303a5ab25b2d4,port_boss_01_c1r8.tgm,Tiny.VC,30200262,1429
3208abef02dd62c9,port_boss_01_c1r8.tgm.header,Tiny.VA,30169044,264
3b9cb1dd5aacb088,port_boss_01_c1r9.tgm,Tiny.V5,29433102,1393
c76e75e75c7eba11,port_boss_01_c1r9.tgm.header,Tiny.V9,30315862,264
a7eac32347af46f6,port_boss_01_c1r1.tgm,Streaming/Content/data/balance/worldareas/F5/mapport.vworld,541661,326791
bb5e112c87158055,port_boss_01_c1r1.tgm.header,Tiny.V6,29879666,2050
6617fd5370f774b1,port_boss_01_c1r10.tgm,Tiny.V4,30205683,1285
8499d6c43a17a22e,port_boss_01_c1r10.tgm.header,Tiny.V4,30206968,264
2bb3e6edfe8f7d89,port_boss_01_c1r11.tgm,Tiny.V7,29868446,1153
2c2021efabe7eadd,port_boss_01_c1r11.tgm.header,Tiny.V2,30102483,264
cda4f0e996b6ddc7,port_boss_01_c1r12.tgm,Tiny.VE,29667387,1021
012df8d94e84e544,port_boss_01_c1r12.tgm.header,Tiny.V0,30106551,264
373418a53c5fc041,port_boss_01_c1r13.tgm,Tiny.V9,30314709,889
1ab53d4db1e4c4db,port_boss_01_c1r13.tgm.header,Tiny.VC,30199734,264
2202d3212211868b,port_boss_01_c1r14.tgm,Tiny.V2,30102747,805
219c926593f6fcee,port_boss_01_c1r14.tgm.header,Tiny.VE,29668408,264
fd4cd0cee9e8505b,port_boss_01_c1r15.tgm,Tiny.VF,30161162,769
0a4bc57ba67aa3df,port_boss_01_c1r15.tgm.header,Tiny.VA,30167843,264
b9c0cbaf68a3d9ae,port_boss_01_c1r16.tgm,Tiny.VB,30110448,757
bfa82b6065a2b1e0,port_boss_01_c1r16.tgm.header,Tiny.V6,29881716,264
e6d750cdd6ba485f,port_boss_01_c1r17.tgm,Tiny.VA,30168107,673
0706a8ec5c25e0d2,port_boss_01_c1r17.tgm.header,Tiny.VE,29668672,264
acf27d0203ec5add,port_boss_01_c1r18.tgm,Tiny.VD,30042727,565
38ff8124cc8eb7e3,port_boss_01_c1r18.tgm.header,Tiny.V3,29558836,264
6726cdd85d58636c,port_boss_01_c1r19.tgm,Tiny.VB,30111205,481
d5ed2b77be2492c9,port_boss_01_c1r19.tgm.header,Tiny.VF,30161931,264
0ce973048374baef,port_boss_01_c1r2.tgm,Streaming/Content/data/balance/worldareas/30/mapport.vworld,2796364,50731
9de882d32f336726,port_boss_01_c1r2.tgm.header,Tiny.VE,29668936,610
ffa6d1637c629e24,port_boss_01_c1r20.tgm,Tiny.VB,30111686,373
5cdad476a8eaa68f,port_boss_01_c1r20.tgm.header,Tiny.VB,30112059,264
6bc2f11a28fab3ea,port_boss_01_c1r21.tgm,Tiny.V5,29429244,265
fc2592d9cbb74f52,port_boss_01_c1r21.tgm.header,Tiny.VC,30199998,264
83f851cae7c0c490,buildingledge_st_01_c3r1.tgm,Tiny.VA,30121754,1081
40db107f80546246,buildingledge_st_01_c3r1.tgm.header,Tiny.V4,30155394,264
3c5bf0b78a966b99,buildingledge_st_01_c3r2.tgm,Tiny.V2,30047719,613
d3cd83bef15cd321,buildingledge_st_01_c3r2.tgm.header,Tiny.VB,30061352,264
f4f606402694b8bf,buildingledge_st_01_c3r3.tgm,Tiny.VA,30123520,343
1787af43a9c18eda,buildingledge_st_01_c3r3.tgm.header,Tiny.V3,25031310,264
6eff4b12a439d7a9,buildingledge_st_01_c2r1.tgm,Tiny.V9,30270765,913
c4e09c9211e2e9f6,buildingledge_st_01_c2r1.tgm.header,Tiny.VA,30121490,264
7022a8ddd0d85b91,buildingledge_st_01_c2r2.tgm,Tiny.VB,30060769,583
0fa01b288f79a557,buildingledge_st_01_c2r2.tgm.header,Tiny.VD,30005151,264
38b875acc9261709,buildingledge_st_01_c2r3.tgm,Tiny.V1,29788767,211
5392f0ec40bd93a3,buildingledge_st_01_c2r3.tgm.header,Tiny.V5,30032322,264
961345db9a10817d,buildingledge_st_01_c1r1.tgm,Tiny.VB,30059562,943
424e1d9a698c52ae,buildingledge_st_01_c1r1.tgm.header,Tiny.VB,30060505,264
61717a0ebdeb5e63,buildingledge_st_01_c1r2.tgm,Tiny.VF,30112876,589
d6b54e7027e02339,buildingledge_st_01_c1r2.tgm.header,Tiny.V8,29776254,264
38aa1a27893bc645,buildingledge_st_01_c1r3.tgm,Streaming/Content/data/balance/worldareas/9E/mapport.vworld,0,462685
990074319087b692,buildingledge_st_01_c1r3.tgm.header,Tiny.V1,29790990,3370
8f6e75586a4a8359,buildingledge_st_02_c3r1.tgm,Tiny.V5,29372228,1105
2efa0a8715a1f3e9,buildingledge_st_02_c3r1.tgm.header,Tiny.V8,29777377,264
f79c720f5e268287,buildingledge_st_02_c3r2.tgm,Tiny.VD,29996924,535
dd35f58ec4ba2dd2,buildingledge_st_02_c3r2.tgm.header,Tiny.VA,32943395,264
fbb3d4eeef9bfd28,buildingledge_st_02_c3r3.tgm,Tiny.VA,30123520,343
93c11c71ae31d036,buildingledge_st_02_c3r3.tgm.header,Tiny.V3,25031310,264
4ea418d496c78ac6,buildingledge_st_02_c2r1.tgm,Tiny.V8,29776518,859
2bdb8b9af5b74299,buildingledge_st_02_c2r1.tgm.header,Tiny.VF,30113465,264
674bf91296b2b75e,buildingledge_st_02_c2r2.tgm,Tiny.VA,30122835,421
0f731af6b2438412,buildingledge_st_02_c2r2.tgm.header,Tiny.VF,30725727,264
98bbd4557feda92e,buildingledge_st_02_c2r3.tgm,Tiny.V1,29788767,211
61a8533ffa3fb59a,buildingledge_st_02_c2r3.tgm.header,Tiny.V5,30032322,264
595ece12a669e579,buildingledge_st_02_c1r1.tgm,Tiny.V0,30061472,835
fc7c7f1049729f6b,buildingledge_st_02_c1r1.tgm.header,Tiny.V2,30048332,264
2dbf28840e60ce80,buildingledge_st_02_c1r2.tgm,Tiny.V9,30270236,265
799f94526f9ec8e8,buildingledge_st_02_c1r2.tgm.header,Tiny.V3,32245419,264
afd388a133429d5e,buildingledge_st_02_c1r3.tgm,Streaming/Content/data/balance/worldareas/E7/mapport.vworld,0,674559
e14fd014a83a13b5,buildingledge_st_02_c1r3.tgm.header,Tiny.VB,30061616,4090
74aa130755bc73c1,buildingledge_st_03_c3r1.tgm,Tiny.V8,29777641,1243
80fbd6869b26a9db,buildingledge_st_03_c3r1.tgm.header,Tiny.VA,30123256,264
16c8e38d446fb2cb,buildingledge_st_03_c3r2.tgm,Tiny.VC,30149430,751
9750d8949a79c89f,buildingledge_st_03_c3r2.tgm.header,Tiny.VF,30112348,264
87f30cffff2b4eac,buildingledge_st_03_c3r3.tgm,Tiny.VA,30123520,343
ec916f4126c076ce,buildingledge_st_03_c3r3.tgm.header,Tiny.V3,25031310,264
e647cd908d2ca7c4,buildingledge_st_03_c2r1.tgm,Tiny.VD,29997459,1075
7477d4677ecff94f,buildingledge_st_03_c2r1.tgm.header,Tiny.VC,30149166,264
14ee9a8e7279060c,buildingledge_st_03_c2r2.tgm,Tiny.V1,29794360,721
c45189ffdc641e10,buildingledge_st_03_c2r2.tgm.header,Tiny.V0,30062842,264
e4706f194be22e76,buildingledge_st_03_c2r3.tgm,Tiny.V1,29788767,211
0c9bde6460e8a595,buildingledge_st_03_c2r3.tgm.header,Tiny.V5,30032322,264
45b360ae1ed30628,buildingledge_st_03_c1r1.tgm,Tiny.V6,29838334,997
b0eaab13511df3fe,buildingledge_st_03_c1r1.tgm.header,Tiny.V9,30271678,264
4226796d895e1a9f,buildingledge_st_03_c1r2.tgm,Tiny.V0,30062307,535
3953b6b6faefdc8f,buildingledge_st_03_c1r2.tgm.header,Tiny.VE,29624035,264
009ae3076238a3c5,buildingledge_st_03_c1r3.tgm,Streaming/Content/data/balance/worldareas/42/mapport.vworld,0,738753
3f2088cd452c0e3e,buildingledge_st_03_c1r3.tgm.header,Tiny.V3,29505789,3530
53429e1bbc2c8c5a,buildingledge_stdoor_01_c3r1.tgm,Tiny.VF,30114846,1057
4a1cb51a6b330ad5,buildingledge_stdoor_01_c3r1.tgm.header,Tiny.V9,30271942,264
49de12123de7dee7,buildingledge_stdoor_01_c3r2.tgm,Tiny.V3,29509583,835
40a0ff02fa9a101e,buildingledge_stdoor_01_c3r2.tgm.header,Tiny.V4,30156031,264
aee5923142d12764,buildingledge_stdoor_01_c3r3.tgm,Tiny.VB,30065706,343
c103fb40c894ad40,buildingledge_stdoor_01_c3r3.tgm.header,Tiny.V3,25031310,264
cd19e9237807ebb4,buildingledge_stdoor_01_c2r1.tgm,Tiny.VD,29998534,1177
7a6c97ae43513385,buildingledge_stdoor_01_c2r1.tgm.header,Tiny.V3,29509319,264
2801ede21e68a077,buildingledge_stdoor_01_c2r2.tgm,Tiny.VF,30113729,853
a67bbc2b8a0cc5ea,buildingledge_stdoor_01_c2r2.tgm.header,Tiny.VD,29999711,264
060bb8ad0e07c967,buildingledge_stdoor_01_c2r3.tgm,Tiny.V4,30155658,373
fd102856bdd48b81,buildingledge_stdoor_01_c2r3.tgm.header,Tiny.VF,30114582,264
d9efdd56c0689807,buildingledge_stdoor_01_c1r1.tgm,Tiny.V2,30048596,967
7acf95d96e4349ab,buildingledge_stdoor_01_c1r1.tgm.header,Tiny.V5,29373333,264
fa7090e25cb20337,buildingledge_stdoor_01_c1r2.tgm,Tiny.V0,30063106,913
f5293c43b6ec7db2,buildingledge_stdoor_01_c1r2.tgm.header,Tiny.V5,29373597,264
a8fb23438fdcb787,buildingledge_stdoor_01_c1r3.tgm,Streaming/Content/data/balance/worldareas/50/mapport.vworld,1031571,389105
b3b2307d9200168d,buildingledge_stdoor_01_c1r3.tgm.header,Tiny.V1,29795081,3210
a8520762602d08c6,buildingledge_stdoor_02_c3r1.tgm,Tiny.VD,29999975,1087
0efd927ff244e336,buildingledge_stdoor_02_c3r1.tgm.header,Tiny.VA,30123863,264
b517dce8a5e9fe4a,buildingledge_stdoor_02_c3r2.tgm,Tiny.V8,29778884,919
e216c29387938651,buildingledge_stdoor_02_c3r2.tgm.header,Tiny.V0,30064932,264
5c6973724e76a68f,buildingledge_stdoor_02_c3r3.tgm,Streaming/Content/data/balance/worldareas/25/mapport.vworld,362519,655219
65e78b16f58193d8,buildingledge_stdoor_02_c3r3.tgm.header,Content/data/balance/worldareas/mapseepage.vworld,1239580,4170
1b0e19da960103a0,buildingledge_stdoor_02_c2r1.tgm,Tiny.VC,30150181,1003
041b76d6cb2c0e44,buildingledge_stdoor_02_c2r1.tgm.header,Tiny.V3,29510418,264
d9d2dd0ec2d0bf46,buildingledge_stdoor_02_c2r2.tgm,Tiny.V0,30064019,913
e5ed101848d131d0,buildingledge_stdoor_02_c2r2.tgm.header,Tiny.VF,30115903,264
19f9982d1b28411b,buildingledge_stdoor_02_c2r3.tgm,Tiny.VF,30116167,643
70cae60787cd7643,buildingledge_stdoor_02_c2r3.tgm.header,Tiny.V6,29839331,264
e2c4d9d60264fc96,buildingledge_stdoor_02_c1r1.tgm,Tiny.V7,29817084,805
28017f88e85bc9f3,buildingledge_stdoor_02_c1r1.tgm.header,Tiny.V2,30049563,264
c086c119be81e203,buildingledge_stdoor_02_c1r2.tgm,Tiny.V9,30270236,265
d016234473326bcf,buildingledge_stdoor_02_c1r2.tgm.header,Tiny.V3,32245419,264
ba659af01f13aae2,buildingledge_stdoor_02_c1r3.tgm,Tiny.VE,29624299,265
b031125442da4abc,buildingledge_stdoor_02_c1r3.tgm.header,Tiny.V3,32245419,264
2cd26ee69356bf91,buildingledge_stdoor_03_c3r1.tgm,Tiny.V4,30156559,1033
0f55d22bd040ea0a,buildingledge_stdoor_03_c3r1.tgm.header,Tiny.VE,29624564,264
c7ca4d01fb31f6fa,buildingledge_stdoor_03_c3r2.tgm,Tiny.VF,30116810,697
d2a440161c4d3841,buildingledge_stdoor_03_c3r2.tgm.header,Tiny.V6,29838070,264
57f8ad3b046bcc19,buildingledge_stdoor_03_c3r3.tgm,Tiny.VB,30065706,343
0e2e802a7cc124ba,buildingledge_stdoor_03_c3r3.tgm.header,Tiny.V3,25031310,264
1148b717d57fefdf,buildingledge_stdoor_03_c2r1.tgm,Tiny.V5,29374582,949
9513a07d38e7fbd1,buildingledge_stdoor_03_c2r1.tgm.header,Tiny.V4,30156295,264
f4cc906d58f6cd18,buildingledge_stdoor_03_c2r2.tgm,Tiny.V5,29375531,421
fac9daad545e7932,buildingledge_stdoor_03_c2r2.tgm.header,Tiny.VF,30725727,264
a24984aec5fcf383,buildingledge_stdoor_03_c2r3.tgm,Tiny.V1,29788767,211
8e21b8a3e6a2e773,buildingledge_stdoor_03_c2r3.tgm.header,Tiny.V5,30032322,264
a3a69cbbace514c1,buildingledge_stdoor_03_c1r1.tgm,Tiny.V5,29373861,721
5f365e9efea895d7,buildingledge_stdoor_03_c1r1.tgm.header,Tiny.V0,30065196,264
9b9058f20a7bd70f,buildingledge_stdoor_03_c1r2.tgm,Tiny.V9,30270236,265
2a83a2f16543b018,buildingledge_stdoor_03_c1r2.tgm.header,Tiny.V3,32245419,264
1d983a03cbc69dac,buildingledge_stdoor_03_c1r3.tgm,Streaming/Content/data/balance/worldareas/80/mapport.vworld,0,517753
2e5f2d55e8b58781,buildingledge_stdoor_03_c1r3.tgm.header,Tiny.V7,29817889,3810
ee06dcb37a52c223,buildingledge_stdoor_05_c3r1.tgm,Tiny.VA,30124127,1165
ebedc7a9d9df7458,buildingledge_stdoor_05_c3r1.tgm.header,Tiny.V6,29840370,264
d57513067ddef59f,buildingledge_stdoor_05_c3r2.tgm,Tiny.VB,30066049,1159
84227ff3f23c4d54,buildingledge_stdoor_05_c3r2.tgm.header,Tiny.V2,30050548,264
b9491abd16646e4c,buildingledge_stdoor_05_c3r3.tgm,Tiny.V7,29821988,505
17b84ace8c5bf2fb,buildingledge_stdoor_05_c3r3.tgm.header,Tiny.VA,30125292,264
903734c1d7e57b24,buildingledge_stdoor_05_c2r1.tgm,Tiny.VC,30151184,919
78e63a9f3fb19ed0,buildingledge_stdoor_05_c2r1.tgm.header,Tiny.V0,30055704,264
365996da64f48a59,buildingledge_stdoor_05_c2r2.tgm,Tiny.V6,29839595,775
3814ab0d139db820,buildingledge_stdoor_05_c2r2.tgm.header,Tiny.V5,29375952,264
7fa50721f65eb5d5,buildingledge_stdoor_05_c2r3.tgm,Tiny.V7,29821699,289
a82eb16957ba03af,buildingledge_stdoor_05_c2r3.tgm.header,Tiny.VE,29624828,264
b99f6f8d526f8cbb,buildingledge_stdoor_05_c1r1.tgm,Tiny.V2,30049827,721
34192c86c30628d1,buildingledge_stdoor_05_c1r1.tgm.header,Tiny.V0,30065196,264
6b8bf1baa0e6570d,buildingledge_stdoor_05_c1r2.tgm,Tiny.V9,30270236,265
1081a017c14beb35,buildingledge_stdoor_05_c1r2.tgm.header,Tiny.V3,32245419,264
3e7ef2f45373b87f,buildingledge_stdoor_05_c1r3.tgm,Streaming/Content/data/balance/worldareas/A1/mapport.vworld,1734996,512693
0e84fef31aa53bcf,buildingledge_stdoor_05_c1r3.tgm.header,Tiny.V0,30065460,3130
64d9cbb360e90e14,buildingledge_x_01_c3r1.tgm,Tiny.V3,29514801,373
ef5e1e9630c20339,buildingledge_x_01_c3r1.tgm.header,Tiny.V1,32622837,264
6d06da456471bb9c,buildingledge_x_01_c3r2.tgm,Tiny.V7,29822493,535
5e8a2ba3fdf57925,buildingledge_x_01_c3r2.tgm.header,Tiny.VA,32943395,264
7e388bcdad1a678a,buildingledge_x_01_c3r3.tgm,Tiny.VF,30121517,667
5d89b5ee4949dc4c,buildingledge_x_01_c3r3.tgm.header,Tiny.V3,29502776,264
e1477fd1721a706a,buildingledge_x_01_c2r1.tgm,Tiny.VE,29625356,319
f5b3c64f6b77f6bf,buildingledge_x_01_c2r1.tgm.header,Tiny.VD,32824670,264
f8293e4475162af9,buildingledge_x_01_c2r2.tgm,Tiny.VB,30067208,421
4719924111e5c5d5,buildingledge_x_01_c2r2.tgm.header,Tiny.VF,30725727,264
e2425ddfbf9f31c8,buildingledge_x_01_c2r3.tgm,Tiny.V1,29788767,211
f843e10a221ee7bf,buildingledge_x_01_c2r3.tgm.header,Tiny.V5,30032322,264
0c0a1f09733b57d2,buildingledge_x_01_c1r1.tgm,Tiny.V0,30068590,559
516c1bc939d27b1a,buildingledge_x_01_c1r1.tgm.header,Tiny.V1,29809645,264
c57bee964a62f9f1,buildingledge_x_01_c1r2.tgm,Tiny.V9,30270236,265
8230321a88094131,buildingledge_x_01_c1r2.tgm.header,Tiny.V3,32245419,264
06cf39f08db0e52c,buildingledge_x_01_c1r3.tgm,Streaming/Content/data/balance/worldareas/F4/mapport.vworld,40230,635773
a779b886e97a2955,buildingledge_x_01_c1r3.tgm.header,Tiny.VF,30117507,4010
cb2a03b88df689f5,buildingledge_x_02_c3r1.tgm,Tiny.V3,29514801,373
831405689c217cfd,buildingledge_x_02_c3r1.tgm.header,Tiny.V1,32622837,264
673e91ba2371c92a,buildingledge_x_02_c3r2.tgm,Tiny.V7,29822493,535
cb298b00e1b2005e,buildingledge_x_02_c3r2.tgm.header,Tiny.VA,32943395,264
ce78168cc18f3a14,buildingledge_x_02_c3r3.tgm,Tiny.V6,29840634,667
ad81de1c34a65eae,buildingledge_x_02_c3r3.tgm.header,Tiny.V3,29502776,264
79c9e341790f29c7,buildingledge_x_02_c2r1.tgm,Tiny.VE,29625356,319
ee7afce2c0f0880c,buildingledge_x_02_c2r1.tgm.header,Tiny.VD,32824670,264
a74c90d8a05175d2,buildingledge_x_02_c2r2.tgm,Tiny.VB,30067208,421
b83bf75b1dcef546,buildingledge_x_02_c2r2.tgm.header,Tiny.VF,30725727,264
d68c8b130c9ecb18,buildingledge_x_02_c2r3.tgm,Tiny.V1,29788767,211
5235542698578174,buildingledge_x_02_c2r3.tgm.header,Tiny.V5,30032322,264
6a71de4db3da5ec4,buildingledge_x_02_c1r1.tgm,Tiny.VC,30152103,559
b5b3a8f267e79134,buildingledge_x_02_c1r1.tgm.header,Tiny.V1,29809645,264
18b0b7799e89e8fb,buildingledge_x_02_c1r2.tgm,Tiny.V9,30270236,265
d964427484c33127,buildingledge_x_02_c1r2.tgm.header,Tiny.V3,32245419,264
cc2107049254c35c,buildingledge_x_02_c1r3.tgm,Streaming/Content/data/balance/worldareas/B7/mapport.vworld,5592580,1739827
faa33c3a8387a9db,buildingledge_x_02_c1r3.tgm.header,Content/data/balance/worldareas/mapseepage.vworld,1243750,14490
add9d21de9e8105b,buildingledge_x_03_c3r1.tgm,Tiny.V3,29514801,373
e337425b8b329c24,buildingledge_x_03_c3r1.tgm.header,Tiny.V1,32622837,264
4d7ee1d264fce581,buildingledge_x_03_c3r2.tgm,Tiny.V7,29822493,535
aa8d6a2b12e00aea,buildingledge_x_03_c3r2.tgm.header,Tiny.VA,32943395,264
a88d594a26dda9ea,buildingledge_x_03_c3r3.tgm,Tiny.V6,29840634,667
a8300282487aad30,buildingledge_x_03_c3r3.tgm.header,Tiny.V3,29502776,264
218eb0aa4958599d,buildingledge_x_03_c2r1.tgm,Tiny.VE,29625356,319
f149d01debd29126,buildingledge_x_03_c2r1.tgm.header,Tiny.VD,32824670,264
a615ad746d30e1f4,buildingledge_x_03_c2r2.tgm,Tiny.VB,30067208,421
25815ebd87c6f145,buildingledge_x_03_c2r2.tgm.header,Tiny.VF,30725727,264
d9da7bd5b8046369,buildingledge_x_03_c2r3.tgm,Tiny.V1,29788767,211
9626c60c7986bcd9,buildingledge_x_03_c2r3.tgm.header,Tiny.V5,30032322,264
c8217e22657a6ead,buildingledge_x_03_c1r1.tgm,Tiny.VF,30122184,559
b284f0b2e8ab90ea,buildingledge_x_03_c1r1.tgm.header,Tiny.V1,29809645,264
a79687ea76e921fc,buildingledge_x_03_c1r2.tgm,Tiny.V9,30270236,265
5f26aa0e4e63ef67,buildingledge_x_03_c1r2.tgm.header,Tiny.V3,32245419,264
c3967ed4fe40608a,buildingledge_x_03_c1r3.tgm,Streaming/Content/data/balance/worldareas/AB/mapport.vworld,0,550461
90eb342562f32c5c,buildingledge_x_03_c1r3.tgm.header,Tiny.V3,29510682,3410
719d0b91ddc8ee60,buildingledge_xdoor_01_c3r1.tgm,Tiny.V3,29514801,373
d10dfe0425adf0a9,buildingledge_xdoor_01_c3r1.tgm.header,Tiny.V1,32622837,264
9296826dc9c0ba5f,buildingledge_xdoor_01_c3r2.tgm,Tiny.V7,29822493,535
0a65fa552b18d668,buildingledge_xdoor_01_c3r2.tgm.header,Tiny.VA,32943395,264
2048e0f6c3070f3c,buildingledge_xdoor_01_c3r3.tgm,Tiny.V1,29798291,817
2fb8d98033f592c9,buildingledge_xdoor_01_c3r3.tgm.header,Tiny.V6,29841301,264
968126a68493c2f7,buildingledge_xdoor_01_c2r1.tgm,Tiny.VE,29625356,319
d26fffed773dd50e,buildingledge_xdoor_01_c2r1.tgm.header,Tiny.VD,32824670,264
4cd6ad8e1131d7ba,buildingledge_xdoor_01_c2r2.tgm,Tiny.VB,30067208,421
e75798f52ae3ffc3,buildingledge_xdoor_01_c2r2.tgm.header,Tiny.VF,30725727,264
a6b5db259f320bde,buildingledge_xdoor_01_c2r3.tgm,Tiny.V1,29788767,211
2fadaeb9c2e1edaa,buildingledge_xdoor_01_c2r3.tgm.header,Tiny.V5,30032322,264
2290b1eda8af29b4,buildingledge_xdoor_01_c1r1.tgm,Tiny.V3,29514092,709
4a1a4d3beae48792,buildingledge_xdoor_01_c1r1.tgm.header,Tiny.VE,29625092,264
090c60b92a20e4d0,buildingledge_xdoor_01_c1r2.tgm,Tiny.V9,30270236,265
b57b6fc96294b68b,buildingledge_xdoor_01_c1r2.tgm.header,Tiny.V3,32245419,264
f494354633899e17,buildingledge_xdoor_01_c1r3.tgm,Streaming/Content/data/balance/worldareas/20/mapport.vworld,1398276,481907
44a032f52e764488,buildingledge_xdoor_01_c1r3.tgm.header,Tiny.VC,30152662,3370
352e8aaf6e877637,buildingledge_cv_01_c3r1.tgm,Tiny.V3,29514801,373
d7f75a4ba86ea955,buildingledge_cv_01_c3r1.tgm.header,Tiny.V1,32622837,264
d16106249b970a43,buildingledge_cv_01_c3r2.tgm,Tiny.V7,29822493,535
7c91def46d286bdd,buildingledge_cv_01_c3r2.tgm.header,Tiny.VA,32943395,264
c25566772786315b,buildingledge_cv_01_c3r3.tgm,Tiny.V8,29775911,343
c1af9e20b9f51159,buildingledge_cv_01_c3r3.tgm.header,Tiny.V3,25031310,264
cea5ab0b72f44e6f,buildingledge_cv_01_c2r1.tgm,Tiny.VE,29625356,319
98cb37c96cbaa119,buildingledge_cv_01_c2r1.tgm.header,Tiny.VD,32824670,264
eca56658c7319c9d,buildingledge_cv_01_c2r2.tgm,Tiny.VB,30067208,421
e7d622df4732af2c,buildingledge_cv_01_c2r2.tgm.header,Tiny.VF,30725727,264
124ce3020c36f52b,buildingledge_cv_01_c2r3.tgm,Tiny.V1,29788767,211
6b2ce03de97dff28,buildingledge_cv_01_c2r3.tgm.header,Tiny.V5,30032322,264
3c40c932fea1a1d6,buildingledge_cv_01_c1r1.tgm,Tiny.V5,29371110,559
01a40338297a0350,buildingledge_cv_01_c1r1.tgm.header,Tiny.V1,29809645,264
71dc1427434d9b7f,buildingledge_cv_01_c1r2.tgm,Tiny.V9,30270236,265
9bf566a5443fe686,buildingledge_cv_01_c1r2.tgm.header,Tiny.V3,32245419,264
3554b4a6422017cb,buildingledge_cv_01_c1r3.tgm,Streaming/Content/data/balance/worldareas/CD/mapport.vworld,3093826,800673
529a9e760c66a8dc,buildingledge_cv_01_c1r3.tgm.header,Tiny.VD,29994914,2010
8368e374c2ae1f8f,buildingledge_cv_02_c3r1.tgm,Tiny.V3,29514801,373
ae984cf21a7370dd,buildingledge_cv_02_c3r1.tgm.header,Tiny.V1,32622837,264
5d34bc23b63464e7,buildingledge_cv_02_c3r2.tgm,Tiny.V7,29822493,535
2d7afc1512eaec77,buildingledge_cv_02_c3r2.tgm.header,Tiny.VA,32943395,264
1a5a40a7d4043eb9,buildingledge_cv_02_c3r3.tgm,Tiny.V8,29775911,343
6502c38f3b34d6b3,buildingledge_cv_02_c3r3.tgm.header,Tiny.V3,25031310,264
fcda165448b0659b,buildingledge_cv_02_c2r1.tgm,Tiny.VE,29625356,319
9b8a45a75e4a735a,buildingledge_cv_02_c2r1.tgm.header,Tiny.VD,32824670,264
4484671b63c3224e,buildingledge_cv_02_c2r2.tgm,Tiny.VB,30067208,421
cedd493883d6e8eb,buildingledge_cv_02_c2r2.tgm.header,Tiny.VF,30725727,264
de142c2afcb2d7cd,buildingledge_cv_02_c2r3.tgm,Tiny.V1,29788767,211
b5f0e8360ed0de32,buildingledge_cv_02_c2r3.tgm.header,Tiny.V5,30032322,264
ba4fdc365d69cd6f,buildingledge_cv_02_c1r1.tgm,Tiny.V1,29790137,589
d7f231e513bb8995,buildingledge_cv_02_c1r1.tgm.header,Tiny.V1,29790726,264
ee296dba052ec832,buildingledge_cv_02_c1r2.tgm,Tiny.V9,30270236,265
39300925b2a8c05d,buildingledge_cv_02_c1r2.tgm.header,Tiny.V3,32245419,264
ae86d0631d485f42,buildingledge_cv_02_c1r3.tgm,Streaming/Content/data/balance/worldareas/D3/mapport.vworld,2796388,283867
1939dd975afe28a1,buildingledge_cv_02_c1r3.tgm.header,Tiny.V3,29503899,1890
c7c5f62709c60568,buildingledge_cv_03_c3r1.tgm,Tiny.V3,29514801,373
73473f3241a3a63d,buildingledge_cv_03_c3r1.tgm.header,Tiny.V1,32622837,264
22d10231a7cd1f71,buildingledge_cv_03_c3r2.tgm,Tiny.V7,29822493,535
f0ae1f87b41ed8d3,buildingledge_cv_03_c3r2.tgm.header,Tiny.VA,32943395,264
0adb29f71643ecd8,buildingledge_cv_03_c3r3.tgm,Tiny.V8,29775911,343
21472e006f9bccf4,buildingledge_cv_03_c3r3.tgm.header,Tiny.V3,25031310,264
48ae6887f7bdda2a,buildingledge_cv_03_c2r1.tgm,Tiny.VE,29625356,319
c0343ce26828e335,buildingledge_cv_03_c2r1.tgm.header,Tiny.VD,32824670,264
edae5c40b46330cd,buildingledge_cv_03_c2r2.tgm,Tiny.VB,30067208,421
93c2d3caa6dfd3d2,buildingledge_cv_03_c2r2.tgm.header,Tiny.VF,30725727,264
b80fedb396519533,buildingledge_cv_03_c2r3.tgm,Tiny.V1,29788767,211
90c25831b2061320,buildingledge_cv_03_c2r3.tgm.header,Tiny.V5,30032322,264
7f819d637137448f,buildingledge_cv_03_c1r1.tgm,Tiny.V5,29371669,559
a7a4753ad6b95be0,buildingledge_cv_03_c1r1.tgm.header,Tiny.V1,29809645,264
e3744ba174eacfd3,buildingledge_cv_03_c1r2.tgm,Tiny.V9,30270236,265
1e9843eb2fe7eb08,buildingledge_cv_03_c1r2.tgm.header,Tiny.V3,32245419,264
247d7c2f5273e62c,buildingledge_cv_03_c1r3.tgm,Streaming/Content/data/balance/worldareas/E1/mapport.vworld,28420,1187273
b6c82c9fd5206842,buildingledge_cv_03_c1r3.tgm.header,Content/data/balance/worldareas/mapseepage.vworld,1229730,9850
20e27eefb274af63,buildingledge_ccdoor_01_c3r1.tgm,Tiny.VC,30145857,1159
bfb204202f7a99fb,buildingledge_ccdoor_01_c3r1.tgm.header,Tiny.V9,30270501,264
c16e4b2c93839a4e,buildingledge_ccdoor_01_c3r2.tgm,Tiny.VC,30147016,1321
a5c069d44dd7c0ee,buildingledge_ccdoor_01_c3r2.tgm.header,Tiny.VA,30120962,264
0cc4f93f4bc3b3af,buildingledge_ccdoor_01_c3r3.tgm,Tiny.V3,29503040,859
ec1a34f2822206c6,buildingledge_ccdoor_01_c3r3.tgm.header,Tiny.V5,29369747,264
f01724797b6ae1d2,buildingledge_ccdoor_01_c2r1.tgm,Tiny.V1,29788978,1159
824ec67cbcae12d5,buildingledge_ccdoor_01_c2r1.tgm.header,Tiny.V9,30270501,264
b7285a509b5f929c,buildingledge_ccdoor_01_c2r2.tgm,Tiny.VA,30120043,919
f45afed0a0c28884,buildingledge_ccdoor_01_c2r2.tgm.header,Tiny.V0,30061208,264
8914a52bb6fc7a74,buildingledge_ccdoor_01_c2r3.tgm,Tiny.V2,30042531,397
b99ef89892270b40,buildingledge_ccdoor_01_c2r3.tgm.header,Tiny.V2,30042928,264
4f49156e1f10bd19,buildingledge_ccdoor_01_c1r1.tgm,Tiny.VB,30057190,805
abd529e11e6f9dc9,buildingledge_ccdoor_01_c1r1.tgm.header,Tiny.VA,30119779,264
44e6a02b57da3fa5,buildingledge_ccdoor_01_c1r2.tgm,Tiny.VD,29993730,505
a076b337d86b125d,buildingledge_ccdoor_01_c1r2.tgm.header,Tiny.V4,30152656,264
d96dfe24d81abede,buildingledge_ccdoor_01_c1r3.tgm,Streaming/Content/data/balance/worldareas/CC/mapport.vworld,94160,267605
c97c0d8e3124a359,buildingledge_ccdoor_01_c1r3.tgm.header,Tiny.V4,30152920,2210
3aa97127742d3fb9,buildingledge_ccdoor_02_c3r1.tgm,Tiny.VB,30058259,1303
92676cf35a01cbb4,buildingledge_ccdoor_02_c3r1.tgm.header,Tiny.VA,30121226,264
bf17c671ba474add,buildingledge_ccdoor_02_c3r2.tgm,Tiny.V2,30046482,1237
e5979596fa01e87a,buildingledge_ccdoor_02_c3r2.tgm.header,Tiny.V5,29369219,264
956285a11cfe4a77,buildingledge_ccdoor_02_c3r3.tgm,Tiny.VC,30148337,829
0f10fa427ea9b975,buildingledge_ccdoor_02_c3r3.tgm.header,Tiny.V7,29816820,264
e6e0fad6d7e1da64,buildingledge_ccdoor_02_c2r1.tgm,Tiny.V8,29774878,1033
f2239e8124fe2b85,buildingledge_ccdoor_02_c2r1.tgm.header,Tiny.VE,29624564,264
8d0d0569f49e5914,buildingledge_ccdoor_02_c2r2.tgm,Tiny.V7,29816021,799
6ec70f1ea62bc643,buildingledge_ccdoor_02_c2r2.tgm.header,Tiny.VB,30057995,264
ae4f18a4c55104f3,buildingledge_ccdoor_02_c2r3.tgm,Tiny.VD,29994235,679
6dbc08d9c75eaf45,buildingledge_ccdoor_02_c2r3.tgm.header,Tiny.V4,30155130,264
a248b3989e24524a,buildingledge_ccdoor_02_c1r1.tgm,Tiny.V5,29370011,835
35fb4b8e9c258f06,buildingledge_ccdoor_02_c1r1.tgm.header,Tiny.V8,29774614,264
916b64a68683f413,buildingledge_ccdoor_02_c1r2.tgm,Tiny.V7,29815594,427
4433cba0410cf068,buildingledge_ccdoor_02_c1r2.tgm.header,Tiny.V5,29370846,264
eb59bc95e530cfa4,buildingledge_ccdoor_02_c1r3.tgm,Streaming/Content/data/balance/worldareas/25/mapport.vworld,0,362519
178b16e092bdb7b4,buildingledge_ccdoor_02_c1r3.tgm.header,Tiny.V2,30043192,3290
7f4c0df512b4ef65,buildingledge_cc_01_c3r1.tgm,Tiny.V9,30265382,697
fd327f7f7011e390,buildingledge_cc_01_c3r1.tgm.header,Tiny.V6,29838070,264
486bc923e565640f,buildingledge_cc_01_c3r2.tgm,Tiny.V0,30054785,919
587af129b8744441,buildingledge_cc_01_c3r2.tgm.header,Tiny.V0,30055704,264
f0354b8fec2ef56d,buildingledge_cc_01_c3r3.tgm,Tiny.VE,29621380,505
2b785eaffdff291e,buildingledge_cc_01_c3r3.tgm.header,Tiny.VE,29621885,264
374949c69d356c4b,buildingledge_cc_01_c2r1.tgm,Tiny.V9,30264787,595
e3de2c85bc862230,buildingledge_cc_01_c2r1.tgm.header,Tiny.V7,29814987,264
8bbf7ca4f147d486,buildingledge_cc_01_c2r2.tgm,Tiny.V8,29773154,499
a86c66df55cb2b49,buildingledge_cc_01_c2r2.tgm.header,Tiny.VD,29993466,264
982c9e1032de577e,buildingledge_cc_01_c2r3.tgm,Tiny.V1,29788767,211
cc22902a03c2fdd5,buildingledge_cc_01_c2r3.tgm.header,Tiny.V5,30032322,264
7063280706d5b0ea,buildingledge_cc_01_c1r1.tgm,Tiny.VE,29620983,397
18a194dafefbe108,buildingledge_cc_01_c1r1.tgm.header,Tiny.VA,30116992,264
58309ecfa4b8323a,buildingledge_cc_01_c1r2.tgm,Tiny.V9,30270236,265
4963340f26a24d3c,buildingledge_cc_01_c1r2.tgm.header,Tiny.V3,32245419,264
7f99d4e986a4ac05,buildingledge_cc_01_c1r3.tgm,Streaming/Content/data/balance/worldareas/50/mapport.vworld,138940,892631
af8131febb252a56,buildingledge_cc_01_c1r3.tgm.header,Content/data/balance/worldareas/mapseepage.vworld,1197650,5810
85a9aedca0f50332,buildingledge_cc_02_c3r1.tgm,Tiny.V9,30266079,967
d209cd3f4d12932a,buildingledge_cc_02_c3r1.tgm.header,Tiny.V5,29369483,264
ba5161676405048a,buildingledge_cc_02_c3r2.tgm,Tiny.V2,30039053,1021
6d0e22c35faa6d24,buildingledge_cc_02_c3r2.tgm.header,Tiny.VF,30112612,264
e471a4c6c51420b4,buildingledge_cc_02_c3r3.tgm,Tiny.V9,30267046,805
17252ad2e71fb49d,buildingledge_cc_02_c3r3.tgm.header,Tiny.V2,30042267,264
d4ac032e42511ce0,buildingledge_cc_02_c2r1.tgm,Tiny.V1,29787752,751
56b8941cb8993480,buildingledge_cc_02_c2r1.tgm.header,Tiny.VF,30112348,264
2781c8abd98960e4,buildingledge_cc_02_c2r2.tgm,Tiny.V2,30040879,421
d15b11f69463a16b,buildingledge_cc_02_c2r2.tgm.header,Tiny.VF,30725727,264
27ecaa768f435c1b,buildingledge_cc_02_c2r3.tgm,Tiny.V1,29788767,211
1b8d977329c9c4d4,buildingledge_cc_02_c2r3.tgm.header,Tiny.V5,30032322,264
90b85b0bb6557f64,buildingledge_cc_02_c1r1.tgm,Tiny.V8,29773653,697
efc00e6d33414e02,buildingledge_cc_02_c1r1.tgm.header,Tiny.V6,29838070,264
2120af45fa8ce66e,buildingledge_cc_02_c1r2.tgm,Tiny.V9,30270236,265
c002b2428dc4f2e5,buildingledge_cc_02_c1r2.tgm.header,Tiny.V3,32245419,264
970e66f6fa920816,buildingledge_cc_02_c1r3.tgm,Streaming/Content/data/balance/worldareas/7F/mapport.vworld,0,933617
98b9216e2cf87ed9,buildingledge_cc_02_c1r3.tgm.header,Content/data/balance/worldareas/mapseepage.vworld,1203460,8890
3d1f5e8654714aa0,buildingledge_cc_03_c3r1.tgm,Tiny.V6,29836244,1129
0ca43ecd20baf898,buildingledge_cc_03_c3r1.tgm.header,Tiny.V4,30152392,264
89a969b900a4980b,buildingledge_cc_03_c3r2.tgm,Tiny.VB,30054932,1237
56bf0d5e554ae4ff,buildingledge_cc_03_c3r2.tgm.header,Tiny.V5,29369219,264
e8dfd8a41eb95deb,buildingledge_cc_03_c3r3.tgm,Tiny.VF,30109321,859
2eb27b51b5261ccb,buildingledge_cc_03_c3r3.tgm.header,Tiny.VD,29993202,264
2e296bd65400165b,buildingledge_cc_03_c2r1.tgm,Tiny.V9,30267851,967
efc43e1402efd862,buildingledge_cc_03_c2r1.tgm.header,Tiny.V5,29369483,264
96647db7b735c74c,buildingledge_cc_03_c2r2.tgm,Tiny.V2,30040074,805
c86ca87d17e02e67,buildingledge_cc_03_c2r2.tgm.header,Tiny.V2,30042267,264
14c5f593d33fcb58,buildingledge_cc_03_c2r3.tgm,Tiny.V4,30151839,289
ca3d61b078f7925c,buildingledge_cc_03_c2r3.tgm.header,Tiny.V1,29788503,264
c6b5fbae6662cba6,buildingledge_cc_03_c1r1.tgm,Tiny.VB,30054235,697
7238759343555a37,buildingledge_cc_03_c1r1.tgm.header,Tiny.V6,29838070,264
e363fb12f637e11b,buildingledge_cc_03_c1r2.tgm,Tiny.V7,29815251,343
0476b965a9146c16,buildingledge_cc_03_c1r2.tgm.header,Tiny.VF,30109057,264
1c404e7d6fcfce2b,buildingledge_cc_03_c1r3.tgm,Streaming/Content/data/balance/worldareas/2A/mapport.vworld,0,477871
6c807cd60b22b4a0,buildingledge_cc_03_c1r3.tgm.header,Tiny.VC,30143207,2650
e25646521b69fca9,buildingledge_cc_04_c3r1.tgm,Tiny.VF,30110180,1129
e90635c830f5ae82,buildingledge_cc_04_c3r1.tgm.header,Tiny.V4,30152392,264
ab578bbfba813aaf,buildingledge_cc_04_c3r2.tgm,Tiny.V0,30058517,1189
7ec5a3567a60b6cf,buildingledge_cc_04_c3r2.tgm.header,Tiny.VF,30111309,264
c423c19fb47ad288,buildingledge_cc_04_c3r3.tgm,Tiny.VF,30111573,775
c101805decfa6599,buildingledge_cc_04_c3r3.tgm.header,Tiny.V8,29774350,264
3d5718bdc2dc3302,buildingledge_cc_04_c2r1.tgm,Tiny.VE,29622149,865
858b5352c561dbfc,buildingledge_cc_04_c2r1.tgm.header,Tiny.V4,30152128,264
35b17d3ad6a951ed,buildingledge_cc_04_c2r2.tgm,Tiny.V0,30058018,499
c7e0c20aae339735,buildingledge_cc_04_c2r2.tgm.header,Tiny.VD,29993466,264
a719cca8b61d9b39,buildingledge_cc_04_c2r3.tgm,Tiny.V1,29788767,211
cc0edfd5b7419f2c,buildingledge_cc_04_c2r3.tgm.header,Tiny.V5,30032322,264
fad581ed807554fa,buildingledge_cc_04_c1r1.tgm,Tiny.V9,30268818,667
7dd00283bb9d96f9,buildingledge_cc_04_c1r1.tgm.header,Tiny.V3,29502776,264
48308b5314d941ad,buildingledge_cc_04_c1r2.tgm,Tiny.V9,30270236,265
31c683012ed3a3e3,buildingledge_cc_04_c1r2.tgm.header,Tiny.V3,32245419,264
bb9e806bc59990e1,buildingledge_cc_04_c1r3.tgm,Streaming/Content/data/balance/worldareas/E3/mapport.vworld,0,551517
77431800bfa4df53,buildingledge_cc_04_c1r3.tgm.header,Tiny.V0,30055968,2050
0a52dfbe062cc567,buildingledge_cc_05_c3r1.tgm,Tiny.VA,30117256,967
4c95d47b82622df9,buildingledge_cc_05_c3r1.tgm.header,Tiny.V5,29369483,264
553fedee9ef7500e,buildingledge_cc_05_c3r2.tgm,Tiny.VB,30056169,1021
4a3a533aadff3a6e,buildingledge_cc_05_c3r2.tgm.header,Tiny.VF,30112612,264
44febf0a0f42c231,buildingledge_cc_05_c3r3.tgm,Tiny.VA,30118223,805
6a25634b92d1364c,buildingledge_cc_05_c3r3.tgm.header,Tiny.V2,30042267,264
1e6e012587c9e9af,buildingledge_cc_05_c2r1.tgm,Tiny.V9,30269485,751
5c4fbb57835e401b,buildingledge_cc_05_c2r1.tgm.header,Tiny.VF,30112348,264
de64c3bc1b4b37f3,buildingledge_cc_05_c2r2.tgm,Tiny.V2,30040879,421
37d3932f63ac1c30,buildingledge_cc_05_c2r2.tgm.header,Tiny.VF,30725727,264
320559dc9eafc8e3,buildingledge_cc_05_c2r3.tgm,Tiny.V1,29788767,211
390b6e3ce6b97878,buildingledge_cc_05_c2r3.tgm.header,Tiny.V5,30032322,264
c262ea02b5746ae5,buildingledge_cc_05_c1r1.tgm,Tiny.V6,29837373,697
bf90721fd8770b64,buildingledge_cc_05_c1r1.tgm.header,Tiny.V6,29838070,264
3cd845d07ce9d1a0,buildingledge_cc_05_c1r2.tgm,Tiny.V9,30270236,265
fc9cc1aa08845d7b,buildingledge_cc_05_c1r2.tgm.header,Tiny.V3,32245419,264
231c6f31116d7387,buildingledge_cc_05_c1r3.tgm,Streaming/Content/data/balance/worldareas/E9/mapport.vworld,19422,836023
d34e8a9197ab0a4f,buildingledge_cc_05_c1r3.tgm.header,Content/data/balance/worldareas/mapseepage.vworld,1212350,7650
a4b7a1e83ff14830,buildingledge_cc_06_c3r1.tgm,Tiny.V2,30041300,967
67fa8dac139afd32,buildingledge_cc_06_c3r1.tgm.header,Tiny.V5,29369483,264
d44f36f4b5552c64,buildingledge_cc_06_c3r2.tgm,Tiny.VE,29623014,1021
73506f89483ce1b1,buildingledge_cc_06_c3r2.tgm.header,Tiny.VF,30112612,264
b61e9e1a194a466c,buildingledge_cc_06_c3r3.tgm,Tiny.V0,30060403,805
967785cefd5ab253,buildingledge_cc_06_c3r3.tgm.header,Tiny.V2,30042267,264
32928891bc6158fa,buildingledge_cc_06_c2r1.tgm,Tiny.VA,30119028,751
27ee629a65895f63,buildingledge_cc_06_c2r1.tgm.header,Tiny.VF,30112348,264
6c2056c082c34fe5,buildingledge_cc_06_c2r2.tgm,Tiny.V2,30040879,421
8b9b927ca5d35caa,buildingledge_cc_06_c2r2.tgm.header,Tiny.VF,30725727,264
8bd4f0553e41123c,buildingledge_cc_06_c2r3.tgm,Tiny.V1,29788767,211
fc83ccb9ec503eec,buildingledge_cc_06_c2r3.tgm.header,Tiny.V5,30032322,264
ab92c53b28f5879d,buildingledge_cc_06_c1r1.tgm,Tiny.V0,30059706,697
1873e28df6d7ddcd,buildingledge_cc_06_c1r1.tgm.header,Tiny.V6,29838070,264
b7ab33e56ee54a31,buildingledge_cc_06_c1r2.tgm,Tiny.V9,30270236,265
6595ebcf4fc5ab91,buildingledge_cc_06_c1r2.tgm.header,Tiny.V3,32245419,264
ea67f2009d6bce58,buildingledge_cc_06_c1r3.tgm,Streaming/Content/data/balance/worldareas/1F/mapport.vworld,0,1042053
3c3a4ed4ac0c57f4,buildingledge_cc_06_c1r3.tgm.header,Content/data/balance/worldareas/mapseepage.vworld,1220000,9730
433f842c61209cea,buildingwall_buildingledge_cccc_01_c3r1.tgm,Tiny.VD,30001062,1459
6ff45ac8803ac454,buildingwall_buildingledge_cccc_01_c3r1.tgm.header,Tiny.V1,29799108,264
f6b2726e3af69e6e,buildingwall_buildingledge_cccc_01_c3r2.tgm,Streaming/Content/data/balance/worldareas/64/mapport.vworld,365230,442361
5e5a4d901d90fd35,buildingwall_buildingledge_cccc_01_c3r2.tgm.header,Tiny.V5,29376216,3050
3050178540418aa6,buildingwall_buildingledge_cccc_01_c3r3.tgm,Tiny.V2,30050812,937
651676967d88123d,buildingwall_buildingledge_cccc_01_c3r3.tgm.header,Tiny.V0,30069941,264
3dcc2ee5a9712d43,buildingwall_buildingledge_cccc_01_c2r1.tgm,Tiny.V4,30157592,1201
7ad84472db73f190,buildingwall_buildingledge_cccc_01_c2r1.tgm.header,Tiny.V8,29779803,264
3c25b62941793dfe,buildingwall_buildingledge_cccc_01_c2r2.tgm,Tiny.VA,30126439,421
52310461b0e4b9a1,buildingwall_buildingledge_cccc_01_c2r2.tgm.header,Tiny.VF,30725727,264
494578a5b917d6b8,buildingwall_buildingledge_cccc_01_c2r3.tgm,Tiny.V2,30058007,481
f2032fb8944a64bd,buildingwall_buildingledge_cccc_01_c2r3.tgm.header,Tiny.VA,30137576,264
054300d9ef5a3045,buildingwall_buildingledge_cccc_01_c1r1.tgm,Tiny.VA,30125556,883
5de84473dc0f2fe1,buildingwall_buildingledge_cccc_01_c1r1.tgm.header,Tiny.V1,29805975,264
bbd97660d8770e7e,buildingwall_buildingledge_cccc_01_c1r2.tgm,Tiny.V7,29829051,535
3995e3391f5db1d6,buildingwall_buildingledge_cccc_01_c1r2.tgm.header,Tiny.VF,30128971,264
e606a0b81534ec5a,buildingwall_buildingledge_cccc_01_c1r3.tgm,Tiny.VF,30127042,589
193c5a0474314179,buildingwall_buildingledge_cccc_01_c1r3.tgm.header,Tiny.VD,30010251,264
3cfa31661e0d9277,buildingwall_buildingledge_cccc_02_c3r1.tgm,Tiny.V1,29802462,1405
4d24d2c375d71079,buildingwall_buildingledge_cccc_02_c3r1.tgm.header,Tiny.V8,29781354,264
e0fa82b03f460389,buildingwall_buildingledge_cccc_02_c3r2.tgm,Tiny.V6,29841565,1243
f0d1a7f99521377e,buildingwall_buildingledge_cccc_02_c3r2.tgm.header,Tiny.VA,30126860,264
c58102e9c86c78c2,buildingwall_buildingledge_cccc_02_c3r3.tgm,Tiny.VA,30127124,937
16a8a528cc60ee86,buildingwall_buildingledge_cccc_02_c3r3.tgm.header,Tiny.V0,30069941,264
57e1521dd2171095,buildingwall_buildingledge_cccc_02_c2r1.tgm,Tiny.V2,30051749,1081
20fa85d006767e76,buildingwall_buildingledge_cccc_02_c2r1.tgm.header,Tiny.V8,29780067,264
02906e6dbf2db42a,buildingwall_buildingledge_cccc_02_c2r2.tgm,Tiny.V4,30158793,1157
9ee40f911625e6e5,buildingwall_buildingledge_cccc_02_c2r2.tgm.header,Tiny.V9,30272206,264
6eff3214ad7bf550,buildingwall_buildingledge_cccc_02_c2r3.tgm,Tiny.V8,29780331,1023
1dba9dce3c2cd7cc,buildingwall_buildingledge_cccc_02_c2r3.tgm.header,Tiny.V0,30069149,264
a1f8cc8a0eb962b6,buildingwall_buildingledge_cccc_02_c1r1.tgm,Tiny.VB,30067629,883
3b5ee0d8baac1b28,buildingwall_buildingledge_cccc_02_c1r1.tgm.header,Tiny.V1,29805975,264
667a6712c71a8c9c,buildingwall_buildingledge_cccc_02_c1r2.tgm,Tiny.VE,29625675,1499
4da2b2727483ccd6,buildingwall_buildingledge_cccc_02_c1r2.tgm.header,Tiny.VE,29627174,264
23c189e2777eaa9f,buildingwall_buildingledge_cccc_02_c1r3.tgm,Streaming/Content/data/balance/worldareas/B5/mapport.vworld,6254852,812747
5f09299693db53b7,buildingwall_buildingledge_cccc_02_c1r3.tgm.header,Tiny.V1,29799372,3090
7580a9355207decb,buildingwall_buildingledge_cccv_01_c3r1.tgm,Tiny.VB,30068512,1075
dc5cb718295a8d17,buildingwall_buildingledge_cccv_01_c3r1.tgm.header,Tiny.VD,30006466,264
831122429970d377,buildingwall_buildingledge_cccv_01_c3r2.tgm,Tiny.V4,30160971,1075
8fe9ba6fd4f66ca9,buildingwall_buildingledge_cccv_01_c3r2.tgm.header,Tiny.VB,30069587,264
4ecb8301d3780aac,buildingwall_buildingledge_cccv_01_c3r3.tgm,Tiny.VA,30128061,1045
a6ca9d02310037e3,buildingwall_buildingledge_cccv_01_c3r3.tgm.header,Tiny.VC,30156032,264
f6687cdf72596e83,buildingwall_buildingledge_cccv_01_c2r1.tgm,Tiny.V4,30159950,1021
034a5dd8298a6960,buildingwall_buildingledge_cccv_01_c2r1.tgm.header,Tiny.V7,29825902,264
38d68a2a6a738d80,buildingwall_buildingledge_cccv_01_c2r2.tgm,Tiny.VF,30122743,1015
72d07747d319989e,buildingwall_buildingledge_cccv_01_c2r2.tgm.header,Tiny.VF,30123758,264
5ee3f1cd42580b08,buildingwall_buildingledge_cccv_01_c2r3.tgm,Tiny.V1,29803867,1225
24b487b3d931cb5f,buildingwall_buildingledge_cccv_01_c2r3.tgm.header,Tiny.V5,29379266,264
a34dfcecbce98160,buildingwall_buildingledge_cccv_01_c1r1.tgm,Tiny.VE,29627438,883
4499422f26b10966,buildingwall_buildingledge_cccv_01_c1r1.tgm.header,Tiny.V1,29805975,264
a96751b209c73caa,buildingwall_buildingledge_cccv_01_c1r2.tgm,Tiny.V2,30052830,1087
b89104271be7c164,buildingwall_buildingledge_cccv_01_c1r2.tgm.header,Tiny.VD,30003608,264
3d5ce309aa8405a6,buildingwall_buildingledge_cccv_01_c1r3.tgm,Streaming/Content/data/balance/worldareas/06/mapport.vworld,0,682981
fd490dc2f8e8e26f,buildingwall_buildingledge_cccv_01_c1r3.tgm.header,Tiny.V8,29781618,2850
1879dfcc869be8e3,buildingwall_buildingledge_cccv_02_c3r1.tgm,Tiny.V2,30053917,1075
54fe97f6d6f007fd,buildingwall_buildingledge_cccv_02_c3r1.tgm.header,Tiny.VD,30006466,264
edcbe495ceb9cdfe,buildingwall_buildingledge_cccv_02_c3r2.tgm,Tiny.V2,30054992,1075
40d3d916530bd345,buildingwall_buildingledge_cccv_02_c3r2.tgm.header,Tiny.VB,30069587,264
e35802d025dc96e3,buildingwall_buildingledge_cccv_02_c3r3.tgm,Tiny.VB,30069851,1045
b52fd66772a5ebf5,buildingwall_buildingledge_cccv_02_c3r3.tgm.header,Tiny.VC,30156032,264
9df848c303dcb0c4,buildingwall_buildingledge_cccv_02_c2r1.tgm,Tiny.V1,29806239,1021
e2d00bbb93c553c8,buildingwall_buildingledge_cccv_02_c2r1.tgm.header,Tiny.V7,29825902,264
831a9c50c219fe4e,buildingwall_buildingledge_cccv_02_c2r2.tgm,Tiny.VD,30003872,1015
4b9832d7dd7af679,buildingwall_buildingledge_cccv_02_c2r2.tgm.header,Tiny.VF,30123758,264
fd42687fcd3399f8,buildingwall_buildingledge_cccv_02_c2r3.tgm,Tiny.V4,30162046,1225
ac4f29f3513af12e,buildingwall_buildingledge_cccv_02_c2r3.tgm.header,Tiny.V5,29379266,264
bbfa1bee52922918,buildingwall_buildingledge_cccv_02_c1r1.tgm,Tiny.V1,29805092,883
492f1b0d3b63c5ce,buildingwall_buildingledge_cccv_02_c1r1.tgm.header,Tiny.V1,29805975,264
4a6e993c12129ccd,buildingwall_buildingledge_cccv_02_c1r2.tgm,Tiny.VD,30002521,1087
0e2cb37fc268d752,buildingwall_buildingledge_cccv_02_c1r2.tgm.header,Tiny.VD,30003608,264
7756f15ee38ce679,buildingwall_buildingledge_cccv_02_c1r3.tgm,Streaming/Content/data/balance/worldareas/7E/g2_9_1.vworld,161546,357973
1f1ac3468fde28c9,buildingwall_buildingledge_cccv_02_c1r3.tgm.header,Tiny.V3,29515174,2370
efe4f25be71edb1d,buildingwall_buildingledge_cvcc_01_c3r1.tgm,Tiny.V4,30165392,967
371820219c19b8fc,buildingwall_buildingledge_cvcc_01_c3r1.tgm.header,Tiny.V9,30273437,264
816fac1765a87667,buildingwall_buildingledge_cvcc_01_c3r2.tgm,Streaming/Content/data/balance/worldareas/89/mapuberboss_ritual.vworld,486480,4783
1f98722444b5ef04,buildingwall_buildingledge_cvcc_01_c3r2.tgm.header,Tiny.V7,29823028,264
7a5e5c63531fde50,buildingwall_buildingledge_cvcc_01_c3r3.tgm,Streaming/Content/data/balance/worldareas/D9/mapport.vworld,235056,7511
cf2235ffa2228e11,buildingwall_buildingledge_cvcc_01_c3r3.tgm.header,Tiny.VB,30070896,264
e2c418632990d343,buildingwall_buildingledge_cvcc_01_c2r1.tgm,Tiny.V3,29517544,751
cb801945df1d6717,buildingwall_buildingledge_cvcc_01_c2r1.tgm.header,Tiny.V1,29809909,264
0115664448b7e9ae,buildingwall_buildingledge_cvcc_01_c2r2.tgm,Tiny.V6,29842808,1241
97cd8001dddea6f9,buildingwall_buildingledge_cvcc_01_c2r2.tgm.header,Tiny.VF,30124022,264
b072047aea5fedd3,buildingwall_buildingledge_cvcc_01_c2r3.tgm,Tiny.V4,30163271,2121
f3b7c94d326c0e62,buildingwall_buildingledge_cvcc_01_c2r3.tgm.header,Tiny.VD,30004887,264
7f4a3ad9fdbb9959,buildingwall_buildingledge_cvcc_01_c1r1.tgm,Tiny.V5,29379530,805
833037fc0d905d88,buildingwall_buildingledge_cvcc_01_c1r1.tgm.header,Tiny.V0,30069413,264
fa9b391bc1bfaedd,buildingwall_buildingledge_cvcc_01_c1r2.tgm,Tiny.VF,30128436,535
c36c3887f48012ab,buildingwall_buildingledge_cvcc_01_c1r2.tgm.header,Tiny.VF,30128971,264
70cb73d7480f8d43,buildingwall_buildingledge_cvcc_01_c1r3.tgm,Streaming/Content/data/balance/worldareas/96/mapport.vworld,0,607551
69870de3c917335c,buildingwall_buildingledge_cvcc_01_c1r3.tgm.header,Content/data/balance/worldareas/mapseepage.vworld,1258240,4450
8f6b55499afba829,buildingwall_buildingledge_cvcc_02_c3r1.tgm,Tiny.V9,30272470,967
e583405d77fc33ca,buildingwall_buildingledge_cvcc_02_c3r1.tgm.header,Tiny.V9,30273437,264
492ce27bc4982c8b,buildingwall_buildingledge_cvcc_02_c3r2.tgm,Streaming/Content/data/balance/worldareas/07/mapport.vworld,0,5769
f27bd9c85ed8fd80,buildingwall_buildingledge_cvcc_02_c3r2.tgm.header,Tiny.V5,29380335,264
105c27e26d4d9a3e,buildingwall_buildingledge_cvcc_02_c3r3.tgm,Streaming/Content/data/balance/worldareas/0D/mapport.vworld,0,9729
03412e6862b1ca95,buildingwall_buildingledge_cvcc_02_c3r3.tgm.header,Tiny.V0,30069677,264
d2eb3023bae5913d,buildingwall_buildingledge_cvcc_02_c2r1.tgm,Tiny.V4,30166359,751
83952094eb12dbae,buildingwall_buildingledge_cvcc_02_c2r1.tgm.header,Tiny.V1,29809909,264
ece59d6e9b0838df,buildingwall_buildingledge_cvcc_02_c2r2.tgm,Tiny.V6,29844049,1241
28152902c4797b29,buildingwall_buildingledge_cvcc_02_c2r2.tgm.header,Tiny.V6,29845290,264
55aa82a6e3e5dc4d,buildingwall_buildingledge_cvcc_02_c2r3.tgm,Tiny.V8,29784468,2375
f73c03d68fc26905,buildingwall_buildingledge_cvcc_02_c2r3.tgm.header,Tiny.VC,30156296,264
5da64479eab6ecb5,buildingwall_buildingledge_cvcc_02_c1r1.tgm,Tiny.VF,30124286,805
3cd63a2d2ca75602,buildingwall_buildingledge_cvcc_02_c1r1.tgm.header,Tiny.V0,30069413,264
b89117fcfb99a29d,buildingwall_buildingledge_cvcc_02_c1r2.tgm,Tiny.VF,30128436,535
889d40f0deb2ee8e,buildingwall_buildingledge_cvcc_02_c1r2.tgm.header,Tiny.VF,30128971,264
5b5b54af8008cfba,buildingwall_buildingledge_cvcc_02_c1r3.tgm,Streaming/Content/data/balance/worldareas/06/mapport.vworld,682981,1047967
1885ba4b648a162a,buildingwall_buildingledge_cvcc_02_c1r3.tgm.header,Content/data/balance/worldareas/mapseepage.vworld,1262690,6050
d97747560949cf6d,buildingwall_buildingledge_cvccdoor_01_c3r1.tgm,Tiny.V8,29786843,1105
b54e022913d80ee4,buildingwall_buildingledge_cvccdoor_01_c3r1.tgm.header,Tiny.VE,29630405,264
eb8b56cf35880258,buildingwall_buildingledge_cvccdoor_01_c3r2.tgm,Tiny.VF,30125091,1159
5111733e337088fa,buildingwall_buildingledge_cvccdoor_01_c3r2.tgm.header,Tiny.VF,30126250,264
06de35dcbc158b52,buildingwall_buildingledge_cvccdoor_01_c3r3.tgm,Tiny.V5,29380599,1021
627b76b3ff5d9472,buildingwall_buildingledge_cvccdoor_01_c3r3.tgm.header,Tiny.V7,29825902,264
661ecc9d072e9016,buildingwall_buildingledge_cvccdoor_01_c2r1.tgm,Tiny.VE,29628321,973
22e7ed31472ad4bb,buildingwall_buildingledge_cvccdoor_01_c2r1.tgm.header,Tiny.V3,29518295,264
95bab8af669dc66d,buildingwall_buildingledge_cvccdoor_01_c2r2.tgm,Tiny.VE,29629294,583
d41ed240c2317914,buildingwall_buildingledge_cvccdoor_01_c2r2.tgm.header,Tiny.VD,30005151,264
117a5e4683bfdff7,buildingwall_buildingledge_cvccdoor_01_c2r3.tgm,Tiny.V1,29807260,613
b4b104b5472e8e99,buildingwall_buildingledge_cvccdoor_01_c2r3.tgm.header,Tiny.V5,29382900,264
cd049b9b2c09e95a,buildingwall_buildingledge_cvccdoor_01_c1r1.tgm,Tiny.VA,30129106,937
3877688de0c009d4,buildingwall_buildingledge_cvccdoor_01_c1r1.tgm.header,Tiny.V0,30069941,264
9e1f14ccd66c8650,buildingwall_buildingledge_cvccdoor_01_c1r2.tgm,Tiny.V6,29845554,751
20a3bd4418d16198,buildingwall_buildingledge_cvccdoor_01_c1r2.tgm.header,Tiny.V1,29809909,264
06001ec19b7e214b,buildingwall_buildingledge_cvccdoor_01_c1r3.tgm,Streaming/Content/data/balance/worldareas/56/mapport.vworld,0,620241
2b9c86daf1a9b8b1,buildingwall_buildingledge_cvccdoor_01_c1r3.tgm.header,Content/data/balance/worldareas/mapseepage.vworld,1268740,4250
ad6fa93d938d2d55,buildingwall_buildingledge_cvccdoor_02_c3r1.tgm,Tiny.V3,29518559,1105
332a22c893bbc0d3,buildingwall_buildingledge_cvccdoor_02_c3r1.tgm.header,Tiny.VE,29630405,264
2dfc3583a45aec74,buildingwall_buildingledge_cvccdoor_02_c3r2.tgm,Tiny.V1,29808486,1159
1a8fc2ada41c8db7,buildingwall_buildingledge_cvccdoor_02_c3r2.tgm.header,Tiny.VF,30126250,264
8fd455853535eef6,buildingwall_buildingledge_cvccdoor_02_c3r3.tgm,Tiny.VA,30131731,1021
a641b33c250ba780,buildingwall_buildingledge_cvccdoor_02_c3r3.tgm.header,Tiny.V7,29825902,264
611036a16cf03143,buildingwall_buildingledge_cvccdoor_02_c2r1.tgm,Tiny.V8,29787948,973
b0b8c4a0de380b1b,buildingwall_buildingledge_cvccdoor_02_c2r1.tgm.header,Tiny.V3,29518295,264
fd671e9225ebbb84,buildingwall_buildingledge_cvccdoor_02_c2r2.tgm,Tiny.V9,30273701,583
3ae3b8c68aa3005e,buildingwall_buildingledge_cvccdoor_02_c2r2.tgm.header,Tiny.VD,30005151,264
4b3c0232d87c41c5,buildingwall_buildingledge_cvccdoor_02_c2r3.tgm,Tiny.V1,29807873,613
8e184412aae53827,buildingwall_buildingledge_cvccdoor_02_c2r3.tgm.header,Tiny.V5,29382900,264
7f1d96046c8994b8,buildingwall_buildingledge_cvccdoor_02_c1r1.tgm,Tiny.VA,30130043,937
126a03f68cd16218,buildingwall_buildingledge_cvccdoor_02_c1r1.tgm.header,Tiny.V0,30069941,264
22ef3477d4166e6c,buildingwall_buildingledge_cvccdoor_02_c1r2.tgm,Tiny.VA,30130980,751
de32053abcd4e254,buildingwall_buildingledge_cvccdoor_02_c1r2.tgm.header,Tiny.V1,29809909,264
fa8d98ac716a35e6,buildingwall_buildingledge_cvccdoor_02_c1r3.tgm,Streaming/Content/data/balance/worldareas/8B/mapport.vworld,616456,360175
c81c384fe9ad35a2,buildingwall_buildingledge_cvccdoor_02_c1r3.tgm.header,Tiny.V7,29823292,2610
52828b130cb54842,buildingwall_buildingledge_cvcv_01_c3r1.tgm,Tiny.V4,30167110,913
377f24d2c8119050,buildingwall_buildingledge_cvcv_01_c3r1.tgm.header,Tiny.V9,30274284,264
eb437ff65391bb4c,buildingwall_buildingledge_cvcv_01_c3r2.tgm,Tiny.V3,29524480,805
92cadb4f3ee9d4ab,buildingwall_buildingledge_cvcv_01_c3r2.tgm.header,Tiny.V5,29384563,264
128946c63004015c,buildingwall_buildingledge_cvcv_01_c3r3.tgm,Tiny.V2,30058488,721
415f2649df7f6354,buildingwall_buildingledge_cvcv_01_c3r3.tgm.header,Tiny.V5,29384827,264
96101fdfa6e168b3,buildingwall_buildingledge_cvcv_01_c2r1.tgm,Tiny.V7,29826166,667
192c46034376890e,buildingwall_buildingledge_cvcv_01_c2r1.tgm.header,Tiny.V0,30070872,264
1e655791bb8e07d6,buildingwall_buildingledge_cvcv_01_c2r2.tgm,Tiny.VD,30009830,421
8016bf3e0620d7bf,buildingwall_buildingledge_cvcv_01_c2r2.tgm.header,Tiny.VF,30725727,264
2271460e522a62d2,buildingwall_buildingledge_cvcv_01_c2r3.tgm,Tiny.V2,30058007,481
6deabeb20f5d5f5d,buildingwall_buildingledge_cvcv_01_c2r3.tgm.header,Tiny.VA,30137576,264
739e0c2f8e308cd4,buildingwall_buildingledge_cvcv_01_c1r1.tgm,Tiny.V4,30168846,613
074a4686e0728eec,buildingwall_buildingledge_cvcv_01_c1r1.tgm.header,Tiny.V7,29828497,264
7cdcb2610be264a8,buildingwall_buildingledge_cvcv_01_c1r2.tgm,Tiny.V7,29829051,535
644b11d6c19224b9,buildingwall_buildingledge_cvcv_01_c1r2.tgm.header,Tiny.VF,30128971,264
8227c7aaa00e73b4,buildingwall_buildingledge_cvcv_01_c1r3.tgm,Streaming/Content/data/balance/worldareas/A1/mapport.vworld,2247689,1032067
14c15453c70309f4,buildingwall_buildingledge_cvcv_01_c1r3.tgm.header,Content/data/balance/worldareas/mapseepage.vworld,1272990,4210
9fcb4d4429dc5054,buildingwall_buildingledge_cvcv_02_c3r1.tgm,Tiny.V6,29846305,913
9342c8228db46fb5,buildingwall_buildingledge_cvcv_02_c3r1.tgm.header,Tiny.V9,30274284,264
9d4178d0d94565cf,buildingwall_buildingledge_cvcv_02_c3r2.tgm,Tiny.V6,29847218,805
c0a4858e712d64cb,buildingwall_buildingledge_cvcv_02_c3r2.tgm.header,Tiny.V5,29384563,264
a70bd807e0b21c7c,buildingwall_buildingledge_cvcv_02_c3r3.tgm,Tiny.V9,30275563,721
485fb77486780172,buildingwall_buildingledge_cvcv_02_c3r3.tgm.header,Tiny.V5,29384827,264
961e4c3a4d0a8942,buildingwall_buildingledge_cvcv_02_c2r1.tgm,Tiny.V5,29381620,667
7f84400d660a2725,buildingwall_buildingledge_cvcv_02_c2r1.tgm.header,Tiny.V0,30070872,264
5e3ebc8cc50a5afe,buildingwall_buildingledge_cvcv_02_c2r2.tgm,Tiny.VD,30009830,421
ad1e72e401e247fb,buildingwall_buildingledge_cvcv_02_c2r2.tgm.header,Tiny.VF,30725727,264
3496c803bad1bf20,buildingwall_buildingledge_cvcv_02_c2r3.tgm,Tiny.V0,30071136,481
1c03fc97fcebab32,buildingwall_buildingledge_cvcv_02_c2r3.tgm.header,Tiny.VA,30137576,264
8a27950ae5f81989,buildingwall_buildingledge_cvcv_02_c1r1.tgm,Tiny.VA,30135521,613
da35080bf1bb579a,buildingwall_buildingledge_cvcv_02_c1r1.tgm.header,Tiny.V7,29828497,264
8e5c153c28881d11,buildingwall_buildingledge_cvcv_02_c1r2.tgm,Tiny.VF,30128436,535
d7eed16d819b185c,buildingwall_buildingledge_cvcv_02_c1r2.tgm.header,Tiny.VF,30128971,264
6c36311077af493e,buildingwall_buildingledge_cvcv_02_c1r3.tgm,Streaming/Content/data/balance/worldareas/D4/mapport.vworld,0,781031
2e5684fb152c5ebe,buildingwall_buildingledge_cvcv_02_c1r3.tgm.header,Tiny.V3,29519664,3050
34f99fdcb6b32fde,buildingwall_buildingledge_stst_01_c3r1.tgm,Tiny.VD,30005415,1051
e1fbaec053f3da28,buildingwall_buildingledge_stst_01_c3r1.tgm.header,Tiny.V4,30168023,264
9e59b38cc6f7e590,buildingwall_buildingledge_stst_01_c3r2.tgm,Tiny.V7,29826833,1075
9558081b2797dc43,buildingwall_buildingledge_stst_01_c3r2.tgm.header,Tiny.VE,29629877,264
61b88f81412a9511,buildingwall_buildingledge_stst_01_c3r3.tgm,Tiny.VB,30071160,913
dd6476587a448eb3,buildingwall_buildingledge_stst_01_c3r3.tgm.header,Tiny.V9,30274284,264
53dadf2b5f4b94e6,buildingwall_buildingledge_stst_01_c2r1.tgm,Tiny.VA,30132752,805
d5405c8a468c399e,buildingwall_buildingledge_stst_01_c2r1.tgm.header,Tiny.VC,30156560,264
e8208249d0c7e51d,buildingwall_buildingledge_stst_01_c2r2.tgm,Tiny.V2,30056067,721
375564300183f04b,buildingwall_buildingledge_stst_01_c2r2.tgm.header,Tiny.VF,30126514,264
e5e01c6b7f61f088,buildingwall_buildingledge_stst_01_c2r3.tgm,Tiny.V5,29382287,613
8c1a1036a942fef5,buildingwall_buildingledge_stst_01_c2r3.tgm.header,Tiny.V5,29382900,264
cc83cbd33d44c124,buildingwall_buildingledge_stst_01_c1r1.tgm,Tiny.V4,30168846,613
3cab6cae0650cd64,buildingwall_buildingledge_stst_01_c1r1.tgm.header,Tiny.V7,29828497,264
c687d3d0ee996c71,buildingwall_buildingledge_stst_01_c1r2.tgm,Tiny.V7,29829051,535
a1d344f39bb23a34,buildingwall_buildingledge_stst_01_c1r2.tgm.header,Tiny.VF,30128971,264
28404cfca8d7d312,buildingwall_buildingledge_stst_01_c1r3.tgm,Streaming/Content/data/balance/worldareas/66/mapport.vworld,16948,1225689
7cbde302f75dda9e,buildingwall_buildingledge_stst_01_c1r3.tgm.header,Content/data/balance/worldareas/mapseepage.vworld,1277200,5250
1ee12a2a544d02ee,buildingwall_buildingledge_stst_02_c3r1.tgm,Tiny.VA,30133557,1051
3ee0d43d878659e2,buildingwall_buildingledge_stst_02_c3r1.tgm.header,Tiny.V5,29383164,264
66be32e25ccb69c9,buildingwall_buildingledge_stst_02_c3r2.tgm,Tiny.VC,30156824,1075
5c1d52b14aa459f6,buildingwall_buildingledge_stst_02_c3r2.tgm.header,Tiny.VD,30006466,264
36b3146213d1c631,buildingwall_buildingledge_stst_02_c3r3.tgm,Tiny.VA,30134608,913
833ed03fc71bbd2b,buildingwall_buildingledge_stst_02_c3r3.tgm.header,Tiny.V9,30274284,264
3dee10638c1f95c0,buildingwall_buildingledge_stst_02_c2r1.tgm,Tiny.V0,30070205,667
44892e68c149ce01,buildingwall_buildingledge_stst_02_c2r1.tgm.header,Tiny.V0,30070872,264
faaa2ec2fcf0a9c7,buildingwall_buildingledge_stst_02_c2r2.tgm,Tiny.V3,29522714,559
2f049ac8bf290e97,buildingwall_buildingledge_stst_02_c2r2.tgm.header,Tiny.V1,29809645,264
b6f2d36c907357e1,buildingwall_buildingledge_stst_02_c2r3.tgm,Tiny.V4,30168287,559
603c29eb0d7581b4,buildingwall_buildingledge_stst_02_c2r3.tgm.header,Tiny.VE,29630141,264
f755a89ac5dffdec,buildingwall_buildingledge_stst_02_c1r1.tgm,Tiny.V4,30168846,613
df4122574b3e9d46,buildingwall_buildingledge_stst_02_c1r1.tgm.header,Tiny.V7,29828497,264
a16d1a7f90d5a720,buildingwall_buildingledge_stst_02_c1r2.tgm,Tiny.V7,29829051,535
514523d2caa34f4f,buildingwall_buildingledge_stst_02_c1r2.tgm.header,Tiny.VF,30128971,264
d4b0dbfbbc182687,buildingwall_buildingledge_stst_02_c1r3.tgm,Streaming/Content/data/balance/worldareas/41/mapport.vworld,278566,1139557
d87f82ad1fa16ba5,buildingwall_buildingledge_stst_02_c1r3.tgm.header,Content/data/balance/worldareas/mapseepage.vworld,1282450,4130
e6d4db3128aa6323,buildingwall_buildingledge_ststdoor_01_c3r1.tgm,Tiny.VB,30072073,1105
9c144cd5f83c6f5a,buildingwall_buildingledge_ststdoor_01_c3r1.tgm.header,Tiny.VE,29630405,264
aee72ea23008c095,buildingwall_buildingledge_ststdoor_01_c3r2.tgm,Tiny.V2,30056788,1219
c08519160a369d94,buildingwall_buildingledge_ststdoor_01_c3r2.tgm.header,Tiny.V8,29788921,264
d0ab05e01251c4ac,buildingwall_buildingledge_ststdoor_01_c3r3.tgm,Tiny.VE,29630669,943
9415237d3c329112,buildingwall_buildingledge_ststdoor_01_c3r3.tgm.header,Tiny.V5,29383428,264
aed6834599b521ec,buildingwall_buildingledge_ststdoor_01_c2r1.tgm,Tiny.VA,30136134,589
78ca9145cd66fa37,buildingwall_buildingledge_ststdoor_01_c2r1.tgm.header,Tiny.VD,30010251,264
6bb3400469b98f78,buildingwall_buildingledge_ststdoor_01_c2r2.tgm,Streaming/Content/data/balance/worldareas/BB/mapport.vworld,8332,1535663
ecce2a5bd19380d8,buildingwall_buildingledge_ststdoor_01_c2r2.tgm.header,Content/data/balance/worldareas/mapseepage.vworld,1286580,6410
3a4c92595347c49a,buildingwall_buildingledge_ststdoor_01_c2r3.tgm,Tiny.V0,30071136,481
0c4402c571b22e43,buildingwall_buildingledge_ststdoor_01_c2r3.tgm.header,Tiny.VA,30137576,264
0ac4da761c3ef427,buildingwall_buildingledge_ststdoor_01_c1r1.tgm,Tiny.VA,30135521,613
23b66ec473287039,buildingwall_buildingledge_ststdoor_01_c1r1.tgm.header,Tiny.V7,29828497,264
b4466a3d35de8695,buildingwall_buildingledge_ststdoor_01_c1r2.tgm,Tiny.VF,30128436,535
638192fc8bc71f35,buildingwall_buildingledge_ststdoor_01_c1r2.tgm.header,Tiny.VF,30128971,264
0b944bc1ea1edfb1,buildingwall_buildingledge_ststdoor_01_c1r3.tgm,Tiny.V7,29827908,589
3b95086db532e587,buildingwall_buildingledge_ststdoor_01_c1r3.tgm.header,Tiny.VD,30010251,264
7bc7c37d893ab9e6,buildingwall_buildingledge_ststdoor_02_c3r1.tgm,Streaming/Content/data/balance/worldareas/EE/mapport.vworld,163270,17665
270a9395205926b5,buildingwall_buildingledge_ststdoor_02_c3r1.tgm.header,Tiny.VD,30009540,290
6dbc2605d2c1fb01,buildingwall_buildingledge_ststdoor_02_c3r2.tgm,Streaming/Content/data/balance/worldareas/1B/mapport.vworld,0,40545
6d510d90e9b94e6c,buildingwall_buildingledge_ststdoor_02_c3r2.tgm.header,Tiny.VE,29631612,490
8c44bf97da20740b,buildingwall_buildingledge_ststdoor_02_c3r3.tgm,Tiny.V3,29523273,943
cde47628fd6ebcb3,buildingwall_buildingledge_ststdoor_02_c3r3.tgm.header,Tiny.V5,29383428,264
fbe46f7e9e1b0824,buildingwall_buildingledge_ststdoor_02_c2r1.tgm,Streaming/Content/data/balance/worldareas/A7/g4_8a.vworld,430167,12099
07ff1943988edc5c,buildingwall_buildingledge_ststdoor_02_c2r1.tgm.header,Tiny.V7,29828761,290
b01e470031b4ad39,buildingwall_buildingledge_ststdoor_02_c2r2.tgm,Streaming/Content/data/balance/worldareas/F8/mapport.vworld,349692,853243
33c744b97dc288bb,buildingwall_buildingledge_ststdoor_02_c2r2.tgm.header,Tiny.VD,30006730,2810
21fe06c20080bd77,buildingwall_buildingledge_ststdoor_02_c2r3.tgm,Tiny.V2,30058007,481
0b0bb1e9298e6f41,buildingwall_buildingledge_ststdoor_02_c2r3.tgm.header,Tiny.VA,30137576,264
73bade7e300d912f,buildingwall_buildingledge_ststdoor_02_c1r1.tgm,Tiny.V4,30168846,613
4dda4243e77f560a,buildingwall_buildingledge_ststdoor_02_c1r1.tgm.header,Tiny.V7,29828497,264
4236e6f862dae89e,buildingwall_buildingledge_ststdoor_02_c1r2.tgm,Tiny.V7,29829051,535
f5b7f190ae05a3a2,buildingwall_buildingledge_ststdoor_02_c1r2.tgm.header,Tiny.VF,30128971,264
8eeb3f0df0c16336,buildingwall_buildingledge_ststdoor_02_c1r3.tgm,Tiny.VF,30127042,589
716caa890e3b6b87,buildingwall_buildingledge_ststdoor_02_c1r3.tgm.header,Tiny.VD,30010251,264
947cb7f63983ea3e,buildingwall_buildingledge_x_01_c3r1.tgm,Tiny.VB,30073178,805
76b96296ef99a3fa,buildingwall_buildingledge_x_01_c3r1.tgm.header,Tiny.V5,29384563,264
b4a1c7ae9a83b349,buildingwall_buildingledge_x_01_c3r2.tgm,Tiny.V6,29847218,805
269be89ab28703d3,buildingwall_buildingledge_x_01_c3r2.tgm.header,Tiny.V5,29384563,264
18041ee4feabc866,buildingwall_buildingledge_x_01_c3r3.tgm,Tiny.V9,30275563,721
9786aa8aee7f7e25,buildingwall_buildingledge_x_01_c3r3.tgm.header,Tiny.V5,29384827,264
ead56e0add880a34,buildingwall_buildingledge_x_01_c2r1.tgm,Tiny.VC,30158650,589
af2aa717bf3eeb89,buildingwall_buildingledge_x_01_c2r1.tgm.header,Tiny.VD,30010251,264
944155cf3372e853,buildingwall_buildingledge_x_01_c2r2.tgm,Tiny.VD,30009830,421
2c761c75c6d0d0c5,buildingwall_buildingledge_x_01_c2r2.tgm.header,Tiny.VF,30725727,264
5a62f16bcc9a04a5,buildingwall_buildingledge_x_01_c2r3.tgm,Tiny.V0,30071136,481
6c3788fce9b6adb9,buildingwall_buildingledge_x_01_c2r3.tgm.header,Tiny.VA,30137576,264
a6ba8b3c051e1663,buildingwall_buildingledge_x_01_c1r1.tgm,Tiny.V9,30274548,751
ba47a4d38eefc55e,buildingwall_buildingledge_x_01_c1r1.tgm.header,Tiny.V1,29809909,264
3ff95ec595822180,buildingwall_buildingledge_x_01_c1r2.tgm,Tiny.VF,30128436,535
e4a4994cb8349e87,buildingwall_buildingledge_x_01_c1r2.tgm.header,Tiny.VF,30128971,264
36879368d1a010a5,buildingwall_buildingledge_x_01_c1r3.tgm,Streaming/Content/data/balance/worldareas/8E/mapport.vworld,0,395567
4633ab844b533735,buildingwall_buildingledge_x_01_c1r3.tgm.header,Tiny.V4,30169459,3530
cbd3edade434c2f9,buildingwall_buildingledge_x_02_c3r1.tgm,Tiny.VF,30127631,805
5f1bf775cb6a5530,buildingwall_buildingledge_x_02_c3r1.tgm.header,Tiny.V5,29384563,264
b3a0cd4b12a0d68c,buildingwall_buildingledge_x_02_c3r2.tgm,Tiny.V3,29524480,805
4d1f1828ccf67a9d,buildingwall_buildingledge_x_02_c3r2.tgm.header,Tiny.V5,29384563,264
2e61928a03ec8fc9,buildingwall_buildingledge_x_02_c3r3.tgm,Tiny.V2,30058488,721
dfbfa5f358bde0f5,buildingwall_buildingledge_x_02_c3r3.tgm.header,Tiny.V5,29384827,264
28b6d30fbaa83c56,buildingwall_buildingledge_x_02_c2r1.tgm,Tiny.VA,30136987,589
cef69b5118888f22,buildingwall_buildingledge_x_02_c2r1.tgm.header,Tiny.VD,30010251,264
c275c91f87775055,buildingwall_buildingledge_x_02_c2r2.tgm,Tiny.VD,30009830,421
96c8522bea37f9dc,buildingwall_buildingledge_x_02_c2r2.tgm.header,Tiny.VF,30725727,264
600d0b8ff23b1b9b,buildingwall_buildingledge_x_02_c2r3.tgm,Tiny.V2,30058007,481
dad896c180fbc8cb,buildingwall_buildingledge_x_02_c2r3.tgm.header,Tiny.VA,30137576,264
19d649db9c53adaa,buildingwall_buildingledge_x_02_c1r1.tgm,Tiny.VC,30157899,751
f260509c5be736f7,buildingwall_buildingledge_x_02_c1r1.tgm.header,Tiny.V1,29809909,264
dde95501eda652b1,buildingwall_buildingledge_x_02_c1r2.tgm,Tiny.V7,29829051,535
de657a51aec12266,buildingwall_buildingledge_x_02_c1r2.tgm.header,Tiny.VF,30128971,264
1e0d511baf4d68f8,buildingwall_buildingledge_x_02_c1r3.tgm,Streaming/Content/data/balance/worldareas/2B/mapport.vworld,0,977175
1d60c1a1e5ea04ea,buildingwall_buildingledge_x_02_c1r3.tgm.header,Content/data/balance/worldareas/mapseepage.vworld,1292990,5250
afac3872a43fb381,buildingwall_buildingledge_x_03_c3r1.tgm,Tiny.VF,30127631,805
fd4c0a907d77a505,buildingwall_buildingledge_x_03_c3r1.tgm.header,Tiny.V5,29384563,264
e581a051879b26ef,buildingwall_buildingledge_x_03_c3r2.tgm,Tiny.V3,29524480,805
b4f5c217ad49df9a,buildingwall_buildingledge_x_03_c3r2.tgm.header,Tiny.V5,29384563,264
bf14f7f5c66e464c,buildingwall_buildingledge_x_03_c3r3.tgm,Tiny.V2,30058488,721
ce28be48320e8707,buildingwall_buildingledge_x_03_c3r3.tgm.header,Tiny.V5,29384827,264
9d47d859847158bc,buildingwall_buildingledge_x_03_c2r1.tgm,Streaming/Content/data/balance/worldareas/4A/mapport.vworld,5592580,322307
cb2f84a179b15a2e,buildingwall_buildingledge_x_03_c2r1.tgm.header,Tiny.VA,30136723,264
9e5ebe8a933e929e,buildingwall_buildingledge_x_03_c2r2.tgm,Streaming/Content/data/balance/worldareas/55/mapport.vworld,0,75831
ed5e1c2271c5a14a,buildingwall_buildingledge_x_03_c2r2.tgm.header,Tiny.VF,30126778,264
b9ca2e0db49ebcce,buildingwall_buildingledge_x_03_c2r3.tgm,Tiny.V2,30058007,481
01f8b1e6934fb600,buildingwall_buildingledge_x_03_c2r3.tgm.header,Tiny.VA,30137576,264
3f322ed9a828dba0,buildingwall_buildingledge_x_03_c1r1.tgm,Streaming/Content/data/balance/worldareas/01/mapport.vworld,29177,230871
4c06e9b8db1e9370,buildingwall_buildingledge_x_03_c1r1.tgm.header,Tiny.VE,29632102,530
65baf5f8b21c84a9,buildingwall_buildingledge_x_03_c1r2.tgm,Streaming/Content/data/balance/worldareas/51/mapport.vworld,0,388479
a44465d90588a858,buildingwall_buildingledge_x_03_c1r2.tgm.header,Tiny.V3,29524216,264
6ae6d0f2506d690f,buildingwall_buildingledge_x_03_c1r3.tgm,Streaming/Content/data/balance/worldareas/F5/mapport.vworld,0,541661
facee198c9cbd7d0,buildingwall_buildingledge_x_03_c1r3.tgm.header,Content/data/balance/worldareas/mapseepage.vworld,1298240,5130
0ee5a4092da79ed5,buildingwall_buildingledge_xdoor_01_c3r1.tgm,Tiny.VF,30127631,805
e24bfb8d353ab2ab,buildingwall_buildingledge_xdoor_01_c3r1.tgm.header,Tiny.V5,29384563,264
6421b55c94eb32a6,buildingwall_buildingledge_xdoor_01_c3r2.tgm,Tiny.V3,29524480,805
466daadfddd2d23d,buildingwall_buildingledge_xdoor_01_c3r2.tgm.header,Tiny.V5,29384563,264
b6db1b046a23fcf6,buildingwall_buildingledge_xdoor_01_c3r3.tgm,Tiny.V2,30058488,721
12370c649ce0821e,buildingwall_buildingledge_xdoor_01_c3r3.tgm.header,Tiny.V5,29384827,264
60afd1b79ac0b2a5,buildingwall_buildingledge_xdoor_01_c2r1.tgm,Tiny.VA,30136987,589
e119f1f7f44553a7,buildingwall_buildingledge_xdoor_01_c2r1.tgm.header,Tiny.VD,30010251,264
b249b3fb882070c6,buildingwall_buildingledge_xdoor_01_c2r2.tgm,Streaming/Content/data/balance/worldareas/AD/mapport.vworld,0,751421
524cf8c055a04be0,buildingwall_buildingledge_xdoor_01_c2r2.tgm.header,Content/data/balance/worldareas/mapseepage.vworld,1303370,4610
934500324af5d0ba,buildingwall_buildingledge_xdoor_01_c2r3.tgm,Tiny.V2,30058007,481
d08de43f0bd898a1,buildingwall_buildingledge_xdoor_01_c2r3.tgm.header,Tiny.VA,30137576,264
1ee1eb81a4b19307,buildingwall_buildingledge_xdoor_01_c1r1.tgm,Tiny.V5,29383692,871
c16d86fc22898cb1,buildingwall_buildingledge_xdoor_01_c1r1.tgm.header,Tiny.VE,29632632,264
f415732ec04e2bb4,buildingwall_buildingledge_xdoor_01_c1r2.tgm,Tiny.V7,29829051,535
7440bb662d6435e8,buildingwall_buildingledge_xdoor_01_c1r2.tgm.header,Tiny.VF,30128971,264
8b75c3784e41fd12,buildingwall_buildingledge_xdoor_01_c1r3.tgm,Tiny.VF,30127042,589
ea5ef40281d134d2,buildingwall_buildingledge_xdoor_01_c1r3.tgm.header,Tiny.VD,30010251,264
35b7451b879daa95,buildingwall_buildingledge_xdoor_02_c3r1.tgm,Streaming/Content/data/balance/worldareas/F9/g2_9_1.vworld,505115,28601
085b5d01eecb4757,buildingwall_buildingledge_xdoor_02_c3r1.tgm.header,Tiny.V9,30275299,264
f6f15fc559e58794,buildingwall_buildingledge_xdoor_02_c3r2.tgm,Streaming/Content/data/balance/worldareas/32/mapport.vworld,481085,302681
d8fa3ef97d0d933f,buildingwall_buildingledge_xdoor_02_c3r2.tgm.header,Tiny.VA,30137840,264
8b80c59f62a338b0,buildingwall_buildingledge_xdoor_02_c3r3.tgm,Tiny.V9,30275563,721
9fcea1b774e59722,buildingwall_buildingledge_xdoor_02_c3r3.tgm.header,Tiny.V5,29384827,264
6ba8a977560936e1,buildingwall_buildingledge_xdoor_02_c2r1.tgm,Tiny.VC,30158650,589
bc5e4ec92aed2cd6,buildingwall_buildingledge_xdoor_02_c2r1.tgm.header,Tiny.VD,30010251,264
79e1a928380b80bc,buildingwall_buildingledge_xdoor_02_c2r2.tgm,Streaming/Content/data/balance/worldareas/16/mapport.vworld,0,846313
f1011dd1335bd1f4,buildingwall_buildingledge_xdoor_02_c2r2.tgm.header,Content/data/balance/worldareas/mapseepage.vworld,1307980,4530
ebfa51ff00a1e40e,buildingwall_buildingledge_xdoor_02_c2r3.tgm,Streaming/Content/data/balance/worldareas/F4/mapport.vworld,676003,255939
973bcd021ce72124,buildingwall_buildingledge_xdoor_02_c2r3.tgm.header,Tiny.V4,30172989,264
75bffea578891ac3,buildingwall_buildingledge_xdoor_02_c1r1.tgm,Tiny.V2,30059209,871
23fcf7b6cb4d9ad9,buildingwall_buildingledge_xdoor_02_c1r1.tgm.header,Tiny.VE,29632632,264
ca6971c2560d871e,buildingwall_buildingledge_xdoor_02_c1r2.tgm,Tiny.VF,30128436,535
a56fbd38268e44db,buildingwall_buildingledge_xdoor_02_c1r2.tgm.header,Tiny.VF,30128971,264
fe608477237a4bc6,buildingwall_buildingledge_xdoor_02_c1r3.tgm,Streaming/Content/data/balance/worldareas/B9/mapport.vworld,120248,59587
f668aea7dd0461c0,buildingwall_buildingledge_xdoor_02_c1r3.tgm.header,Tiny.V1,29810173,264
ed9d5f47bc021d63,buildingwall_cc_01_c3r1.tgm,Tiny.VA,30138104,1055
7be6d2c2f7dc6e5a,buildingwall_cc_01_c3r1.tgm.header,Tiny.VD,30016757,264
ef0ff9c64d536ea9,buildingwall_cc_01_c3r2.tgm,Tiny.VA,30139159,1217
e95451772f5a6d9d,buildingwall_cc_01_c3r2.tgm.header,Tiny.VB,30091102,264
691886ef5ece4b33,buildingwall_cc_01_c3r3.tgm,Tiny.V0,30076337,995
2e33e86169f37f30,buildingwall_cc_01_c3r3.tgm.header,Tiny.V4,30182235,264
31ea197ef6b0f2a7,buildingwall_cc_01_c2r1.tgm,Tiny.V8,29792936,785
0220350bd1d0015d,buildingwall_cc_01_c2r1.tgm.header,Tiny.VE,29643938,264
e1e7cceb46a844ca,buildingwall_cc_01_c2r2.tgm,Streaming/Content/data/balance/worldareas/41/mapport.vworld,1418123,1268013
27f0c8b92cdc513d,buildingwall_cc_01_c2r2.tgm.header,Content/data/balance/worldareas/mapseepage.vworld,1312510,7410
b6158d61d0d32b49,buildingwall_cc_01_c2r3.tgm,Tiny.V6,29849128,623
128860285a854287,buildingwall_cc_01_c2r3.tgm.header,Tiny.V8,29804571,264
486092f6cfbc464a,buildingwall_cc_01_c1r1.tgm,Tiny.V5,29385091,779
edab68cf888a36ec,buildingwall_cc_01_c1r1.tgm.header,Tiny.V4,30180916,264
53f591870ce9146f,buildingwall_cc_01_c1r2.tgm,Tiny.VE,29632896,731
eee07df860198aba,buildingwall_cc_01_c1r2.tgm.header,Tiny.V3,29535352,264
1d78f4f8ab2ac1c9,buildingwall_cc_01_c1r3.tgm,Tiny.V9,30276284,785
bc347d1433121443,buildingwall_cc_01_c1r3.tgm.header,Tiny.VF,30141223,264
02070be3bd0ab664,buildingwall_cc_02_c3r1.tgm,Tiny.V0,30074146,2191
3e3b23c203c495fa,buildingwall_cc_02_c3r1.tgm.header,Tiny.V8,29792408,264
6d236ad629088373,buildingwall_cc_02_c3r2.tgm,Tiny.V1,29810437,1759
9f47451a604f15f1,buildingwall_cc_02_c3r2.tgm.header,Tiny.V8,29792672,264
d2bc3f65456c7fdb,buildingwall_cc_02_c3r3.tgm,Tiny.V2,30060080,1795
79e8703899da7967,buildingwall_cc_02_c3r3.tgm.header,Tiny.VC,30159503,264
095593a556af6d3a,buildingwall_cc_02_c2r1.tgm,Tiny.V8,29789185,2959
9c5c609fbbce77a8,buildingwall_cc_02_c2r1.tgm.header,Tiny.VC,30159239,264
6bb40763bcd6c1ef,buildingwall_cc_02_c2r2.tgm,Tiny.V0,30071617,2529
97df3c24d98f5d53,buildingwall_cc_02_c2r2.tgm.header,Tiny.V8,29792144,264
59e0c0377fa5d1f5,buildingwall_cc_02_c2r3.tgm,Streaming/Content/data/balance/worldareas/B0/mapport.vworld,0,1199095
b2c8b25d983fa097,buildingwall_cc_02_c2r3.tgm.header,Content/data/balance/worldareas/mapseepage.vworld,1319920,6930
15f1977bc19fd6bc,buildingwall_cc_02_c1r1.tgm,Tiny.VF,30129235,1375
9fa61432e8a52dc3,buildingwall_cc_02_c1r1.tgm.header,Tiny.V7,29829586,264
637532125a6777ea,buildingwall_cc_02_c1r2.tgm,Tiny.VF,30130610,1273
178730296bf81b63,buildingwall_cc_02_c1r2.tgm.header,Tiny.V4,30173253,264
2156c2723a6f2e01,buildingwall_cc_02_c1r3.tgm,Tiny.V6,29848023,1105
edc7f3b5ed968c3c,buildingwall_cc_02_c1r3.tgm.header,Tiny.VD,30010515,264
6b47d234ef7dec78,buildingwall_cc_03_c3r1.tgm,Tiny.VA,30138104,1055
96d5fb2910204b75,buildingwall_cc_03_c3r1.tgm.header,Tiny.VD,30016757,264
a8fd34f9d2e1c7f2,buildingwall_cc_03_c3r2.tgm,Streaming/Content/data/balance/worldareas/9E/mapport.vworld,462685,1541927
8250c9022468ed66,buildingwall_cc_03_c3r2.tgm.header,Content/data/balance/worldareas/mapseepage.vworld,1326850,6330
a15659233e0c9c8f,buildingwall_cc_03_c3r3.tgm,Tiny.V0,30076337,995
097720882a5ddfd3,buildingwall_cc_03_c3r3.tgm.header,Tiny.V4,30182235,264
d486faec512298da,buildingwall_cc_03_c2r1.tgm,Tiny.V8,29792936,785
a3b9a2d76199c2ec,buildingwall_cc_03_c2r1.tgm.header,Tiny.VE,29643938,264
59db3655a143f717,buildingwall_cc_03_c2r2.tgm,Tiny.VD,30010779,685
c682a9b001417fde,buildingwall_cc_03_c2r2.tgm.header,Tiny.V1,30527451,264
efd5480d5f6bb47c,buildingwall_cc_03_c2r3.tgm,Tiny.V6,29849128,623
51a6e79e4c6ab638,buildingwall_cc_03_c2r3.tgm.header,Tiny.V8,29804571,264
26d6a3ca99fac9e3,buildingwall_cc_03_c1r1.tgm,Tiny.V5,29385091,779
ff69b8a30491df97,buildingwall_cc_03_c1r1.tgm.header,Tiny.V4,30180916,264
150c6ae46d55a419,buildingwall_cc_03_c1r2.tgm,Tiny.VE,29632896,731
422ed32dbcc43aaf,buildingwall_cc_03_c1r2.tgm.header,Tiny.V3,29535352,264
aff1a40fbe906854,buildingwall_cc_03_c1r3.tgm,Tiny.V9,30276284,785
5a6f26816b3ceb4d,buildingwall_cc_03_c1r3.tgm.header,Tiny.VF,30141223,264
b967bff9d4b8f305,buildingwall_cc_04_c3r1.tgm,Tiny.VA,30138104,1055
5fba36fbbb0cefd9,buildingwall_cc_04_c3r1.tgm.header,Tiny.VD,30016757,264
b8e0ee8b1f246414,buildingwall_cc_04_c3r2.tgm,Tiny.VA,30139159,1217
6b9501e1e95a4231,buildingwall_cc_04_c3r2.tgm.header,Tiny.VB,30091102,264
96751be7c4274001,buildingwall_cc_04_c3r3.tgm,Tiny.V0,30076337,995
4b0c372a080d5e74,buildingwall_cc_04_c3r3.tgm.header,Tiny.V4,30182235,264
d844fb302c351d99,buildingwall_cc_04_c2r1.tgm,Tiny.V8,29792936,785
64677ac5bec2c1a7,buildingwall_cc_04_c2r1.tgm.header,Tiny.VE,29643938,264
2294a0118c17b67d,buildingwall_cc_04_c2r2.tgm,Streaming/Content/data/balance/worldareas/57/mapport.vworld,320924,1381575
b8c8ea306f64acae,buildingwall_cc_04_c2r2.tgm.header,Content/data/balance/worldareas/mapseepage.vworld,1333180,5530
052c0fc34921ee8b,buildingwall_cc_04_c2r3.tgm,Tiny.V6,29849128,623
1185843f2781d907,buildingwall_cc_04_c2r3.tgm.header,Tiny.V8,29804571,264
581a0dd0e4d2ae0e,buildingwall_cc_04_c1r1.tgm,Tiny.V5,29385091,779
cc9b9d6ca3905968,buildingwall_cc_04_c1r1.tgm.header,Tiny.V4,30180916,264
80d33a1f616363fc,buildingwall_cc_04_c1r2.tgm,Tiny.VE,29632896,731
01fe8385ba06c37d,buildingwall_cc_04_c1r2.tgm.header,Tiny.V3,29535352,264
18a33c2d2d21ca18,buildingwall_cc_04_c1r3.tgm,Tiny.V9,30276284,785
8556ba577a45a2d9,buildingwall_cc_04_c1r3.tgm.header,Tiny.VF,30141223,264
9de78d03148b6591,buildingwall_cc_06_c3r1.tgm,Tiny.VA,30138104,1055
579c13eccd9fc1de,buildingwall_cc_06_c3r1.tgm.header,Tiny.VD,30016757,264
9985419eaa2880e4,buildingwall_cc_06_c3r2.tgm,Tiny.VA,30139159,1217
b7b6e4f63acd6299,buildingwall_cc_06_c3r2.tgm.header,Tiny.VB,30091102,264
a8b8f9ed7cdd5293,buildingwall_cc_06_c3r3.tgm,Tiny.V0,30076337,995
a7a1b8d481f198ff,buildingwall_cc_06_c3r3.tgm.header,Tiny.V4,30182235,264
eb5d1a23ce7437c6,buildingwall_cc_06_c2r1.tgm,Tiny.V8,29792936,785
f2ad481366e30f8d,buildingwall_cc_06_c2r1.tgm.header,Tiny.VE,29643938,264
76ec3238532d71ab,buildingwall_cc_06_c2r2.tgm,Tiny.VD,30010779,685
479bee70172da4d4,buildingwall_cc_06_c2r2.tgm.header,Tiny.V1,30527451,264
3ac35523ce6ae972,buildingwall_cc_06_c2r3.tgm,Streaming/Content/data/balance/worldareas/B0/mapport.vworld,1199095,1007425
fba1dc0f6d5ad607,buildingwall_cc_06_c2r3.tgm.header,Content/data/balance/worldareas/mapseepage.vworld,1338710,5250
117b8047e655acf7,buildingwall_cc_06_c1r1.tgm,Tiny.V5,29385091,779
5ad3851bf6c8e5d8,buildingwall_cc_06_c1r1.tgm.header,Tiny.V4,30180916,264
56056c60962e1e36,buildingwall_cc_06_c1r2.tgm,Tiny.VE,29632896,731
6fb5cd79a64df249,buildingwall_cc_06_c1r2.tgm.header,Tiny.V3,29535352,264
a72d46ffdf82f692,buildingwall_cc_06_c1r3.tgm,Tiny.V9,30276284,785
a4fba0008a76fe0e,buildingwall_cc_06_c1r3.tgm.header,Tiny.VF,30141223,264
b07fcfaa7fe00d32,buildingwall_cc_07_c3r1.tgm,Tiny.VA,30138104,1055
36cdd5da07adb7c8,buildingwall_cc_07_c3r1.tgm.header,Tiny.VD,30016757,264
869190254fdaa0c8,buildingwall_cc_07_c3r2.tgm,Tiny.VA,30139159,1217
907a468b8620a5e2,buildingwall_cc_07_c3r2.tgm.header,Tiny.VB,30091102,264
dc01fb334e68bf26,buildingwall_cc_07_c3r3.tgm,Tiny.V0,30076337,995
8a9ac319aa240c5d,buildingwall_cc_07_c3r3.tgm.header,Tiny.V4,30182235,264
3098839758e71c24,buildingwall_cc_07_c2r1.tgm,Tiny.V8,29792936,785
45da16e702a76a1e,buildingwall_cc_07_c2r1.tgm.header,Tiny.VE,29643938,264
011c5dc09d2859b2,buildingwall_cc_07_c2r2.tgm,Tiny.VD,30010779,685
defc1830e3750d20,buildingwall_cc_07_c2r2.tgm.header,Tiny.V1,30527451,264
c4a06368481f3bcd,buildingwall_cc_07_c2r3.tgm,Streaming/Content/data/balance/worldareas/CE/mapport.vworld,0,1260687
74efa1060051a82a,buildingwall_cc_07_c2r3.tgm.header,Content/data/balance/worldareas/mapseepage.vworld,1343960,5890
9559671c1188858c,buildingwall_cc_07_c1r1.tgm,Tiny.V5,29385091,779
b4df18852117d2f0,buildingwall_cc_07_c1r1.tgm.header,Tiny.V4,30180916,264
c0474a12125423f0,buildingwall_cc_07_c1r2.tgm,Tiny.VE,29632896,731
cc898dbc7e6f7a55,buildingwall_cc_07_c1r2.tgm.header,Tiny.V3,29535352,264
151e08777904f186,buildingwall_cc_07_c1r3.tgm,Tiny.V9,30276284,785
980d7e243e0f6bc8,buildingwall_cc_07_c1r3.tgm.header,Tiny.VF,30141223,264
40d6ca87e6631340,buildingwall_cc_09_c3r1.tgm,Tiny.V4,30175302,1055
7bbebe7e6043886d,buildingwall_cc_09_c3r1.tgm.header,Tiny.VD,30016757,264
f9e92ee6d93acb19,buildingwall_cc_09_c3r2.tgm,Streaming/Content/data/balance/worldareas/E9/mapport.vworld,855445,1344107
8ec1d45bc5e0297c,buildingwall_cc_09_c3r2.tgm.header,Content/data/balance/worldareas/mapseepage.vworld,1349850,5690
5b3064c12fdc1fe5,buildingwall_cc_09_c3r3.tgm,Tiny.V5,29387223,995
3af3655ba7e74de8,buildingwall_cc_09_c3r3.tgm.header,Tiny.V4,30182235,264
0bd5c4e2380ec49c,buildingwall_cc_09_c2r1.tgm,Tiny.V9,30278476,785
32e838463facb4ee,buildingwall_cc_09_c2r1.tgm.header,Tiny.VE,29643938,264
22158d3d7aa14e33,buildingwall_cc_09_c2r2.tgm,Tiny.VD,30010779,685
c1387fc54f5ad142,buildingwall_cc_09_c2r2.tgm.header,Tiny.V1,30527451,264
f4b2c7780ae7826e,buildingwall_cc_09_c2r3.tgm,Tiny.V2,30075430,623
c961aac1e058b91e,buildingwall_cc_09_c2r3.tgm.header,Tiny.V8,29804571,264
e757b0bc11d2dcd6,buildingwall_cc_09_c1r1.tgm,Tiny.V9,30283620,779
b4d0c586300f61a0,buildingwall_cc_09_c1r1.tgm.header,Tiny.V4,30180916,264
b96fb5286f93af88,buildingwall_cc_09_c1r2.tgm,Tiny.V9,30284399,731
af489b86719f336a,buildingwall_cc_09_c1r2.tgm.header,Tiny.V3,29535352,264
6987015623ce15af,buildingwall_cc_09_c1r3.tgm,Tiny.VF,30140438,785
1c010982dbefa4e1,buildingwall_cc_09_c1r3.tgm.header,Tiny.VF,30141223,264
2749823539b2c56c,buildingwall_cc_10_c3r1.tgm,Tiny.V4,30173781,1521
59cf488f3f4f70b5,buildingwall_cc_10_c3r1.tgm.header,Tiny.VA,30140376,264
4bcdd407ce9e8dfb,buildingwall_cc_10_c3r2.tgm,Streaming/Content/data/balance/worldareas/73/mapport.vworld,0,1160295
380cc63a8b955ef1,buildingwall_cc_10_c3r2.tgm.header,Content/data/balance/worldareas/mapseepage.vworld,1355540,5970
efdcd9dc95bfe1e5,buildingwall_cc_10_c3r3.tgm,Tiny.V9,30277069,1407
e01406076cbf924b,buildingwall_cc_10_c3r3.tgm.header,Tiny.V0,30078475,264
d632cd770497fbaa,buildingwall_cc_10_c2r1.tgm,Tiny.V5,29386134,1089
0ace9914fbc3d43b,buildingwall_cc_10_c2r1.tgm.header,Tiny.V7,29830114,264
660c5c2c8a2d7491,buildingwall_cc_10_c2r2.tgm,Tiny.VD,30010779,685
08c069eb41a078d1,buildingwall_cc_10_c2r2.tgm.header,Tiny.V1,30527451,264
be33d090b7a4c494,buildingwall_cc_10_c2r3.tgm,Tiny.V6,29850786,927
d65312f24b0142c0,buildingwall_cc_10_c2r3.tgm.header,Tiny.V7,29830378,264
ff20101b594767b4,buildingwall_cc_10_c1r1.tgm,Tiny.V8,29793721,1191
a23d770862a72bb2,buildingwall_cc_10_c1r1.tgm.header,Tiny.V7,29829850,264
0b20132e44a4523b,buildingwall_cc_10_c1r2.tgm,Tiny.V6,29849751,1035
d2bd2a106b7c2f87,buildingwall_cc_10_c1r2.tgm.header,Tiny.V4,30173517,264
d1bc2f23acb3e869,buildingwall_cc_10_c1r3.tgm,Tiny.V0,30077332,1143
992638dc60821d4f,buildingwall_cc_10_c1r3.tgm.header,Tiny.V5,29385870,264
0c7ed7844be04de1,buildingwall_cc_11_c3r1.tgm,Tiny.V4,30175302,1055
58d0bc12e94ce6c0,buildingwall_cc_11_c3r1.tgm.header,Tiny.VD,30016757,264
9f2cbc9a2216767a,buildingwall_cc_11_c3r2.tgm,Streaming/Content/data/balance/worldareas/AD/mapport.vworld,751421,2074373
58abf6c7419ed53f,buildingwall_cc_11_c3r2.tgm.header,Content/data/balance/worldareas/mapseepage.vworld,1361510,9130
4e9a8a288522c3ac,buildingwall_cc_11_c3r3.tgm,Tiny.V5,29387223,995
a38a1a9c937e2f40,buildingwall_cc_11_c3r3.tgm.header,Tiny.V4,30182235,264
3a85020e28b42e3b,buildingwall_cc_11_c2r1.tgm,Tiny.V9,30278476,785
8cbf5aa930384319,buildingwall_cc_11_c2r1.tgm.header,Tiny.VE,29643938,264
208061328420cae7,buildingwall_cc_11_c2r2.tgm,Tiny.VD,30010779,685
541cbdf1778fb70e,buildingwall_cc_11_c2r2.tgm.header,Tiny.V1,30527451,264
14aef68ca5f3d974,buildingwall_cc_11_c2r3.tgm,Tiny.V2,30075430,623
64fe46dc42fa5759,buildingwall_cc_11_c2r3.tgm.header,Tiny.V8,29804571,264
38ab03538d91918d,buildingwall_cc_11_c1r1.tgm,Tiny.V9,30283620,779
18b8857f8a1c1078,buildingwall_cc_11_c1r1.tgm.header,Tiny.V4,30180916,264
0a03386636bc712f,buildingwall_cc_11_c1r2.tgm,Tiny.V9,30284399,731
bdfe7209189d1cd3,buildingwall_cc_11_c1r2.tgm.header,Tiny.V3,29535352,264
99d5ff7bc350e244,buildingwall_cc_11_c1r3.tgm,Tiny.VF,30140438,785
e94df4c1f47f6e30,buildingwall_cc_11_c1r3.tgm.header,Tiny.VF,30141223,264
ad2a15499250d776,buildingwall_cv_01_c3r1.tgm,Tiny.V4,30181180,1055
7e60d3702061d718,buildingwall_cv_01_c3r1.tgm.header,Tiny.VD,30016757,264
fadf277d6fe41bd3,buildingwall_cv_01_c3r2.tgm,Tiny.V7,29841430,1217
2c9ddd4952814633,buildingwall_cv_01_c3r2.tgm.header,Tiny.VB,30091102,264
daf9af59374198b8,buildingwall_cv_01_c3r3.tgm,Tiny.VC,30169040,995
44c0aef2fd6b6676,buildingwall_cv_01_c3r3.tgm.header,Tiny.V4,30182235,264
b2364ea2e8fb6ce9,buildingwall_cv_01_c2r1.tgm,Tiny.V0,30089889,785
7fc30c6dd1ea52e0,buildingwall_cv_01_c2r1.tgm.header,Tiny.VE,29643938,264
bbc009225ff7acb4,buildingwall_cv_01_c2r2.tgm,Tiny.V1,29812196,685
2aeba6df924b8a69,buildingwall_cv_01_c2r2.tgm.header,Tiny.V1,30527451,264
2fee423a3497a254,buildingwall_cv_01_c2r3.tgm,Streaming/Content/data/balance/worldareas/EC/mapport.vworld,1398276,887273
0fa70b111271b920,buildingwall_cv_01_c2r3.tgm.header,Content/data/balance/worldareas/mapseepage.vworld,1370640,4210
4a309f1652fddc74,buildingwall_cv_01_c1r1.tgm,Tiny.V9,30283620,779
6f9db37a3e914dfe,buildingwall_cv_01_c1r1.tgm.header,Tiny.V4,30180916,264
c8f859fcd069eafa,buildingwall_cv_01_c1r2.tgm,Tiny.V9,30284399,731
caf2f3e2de222d11,buildingwall_cv_01_c1r2.tgm.header,Tiny.V3,29535352,264
6ee9a2010965390e,buildingwall_cv_01_c1r3.tgm,Tiny.VF,30140438,785
a44d85fe3d08ce5e,buildingwall_cv_01_c1r3.tgm.header,Tiny.VF,30141223,264
8622bcc552b297f1,buildingwall_cv_02_c3r1.tgm,Tiny.VE,29633627,589
b70658b6505682ad,buildingwall_cv_02_c3r1.tgm.header,Tiny.V2,32787232,264
f9b4c215265cf861,buildingwall_cv_02_c3r2.tgm,Tiny.VE,29634216,913
ca06c9b6fa1559c8,buildingwall_cv_02_c3r2.tgm.header,Tiny.V5,32271228,264
5f9f0e2f18f115f1,buildingwall_cv_02_c3r3.tgm,Tiny.V2,30061875,583
565244ee0f5004b1,buildingwall_cv_02_c3r3.tgm.header,Tiny.VC,24373361,264
d006b64de0c186fa,buildingwall_cv_02_c2r1.tgm,Tiny.V7,29830642,481
de7fb9a427b0b98f,buildingwall_cv_02_c2r1.tgm.header,Tiny.V1,16394889,264
51a56eae92378e02,buildingwall_cv_02_c2r2.tgm,Tiny.V1,29812196,685
02646b460fd13f21,buildingwall_cv_02_c2r2.tgm.header,Tiny.V1,30527451,264
bf3c7b2329f7589c,buildingwall_cv_02_c2r3.tgm,Tiny.VD,30011891,319
37cd52a118ec7c5e,buildingwall_cv_02_c2r3.tgm.header,Tiny.VD,32824670,264
bbbf8889c823316b,buildingwall_cv_02_c1r1.tgm,Tiny.VF,30131883,367
93b1f00a4483f6bb,buildingwall_cv_02_c1r1.tgm.header,Tiny.VC,15811355,264
97af3d2da456f65b,buildingwall_cv_02_c1r2.tgm,Streaming/Content/data/balance/worldareas/77/mapport.vworld,5691262,397251
a9f7e1e05a4b5553,buildingwall_cv_02_c1r2.tgm.header,Tiny.VC,30159767,1370
fa02a06884325bf2,buildingwall_cv_02_c1r3.tgm,Tiny.VD,30011464,427
e1091afd28b13e9d,buildingwall_cv_02_c1r3.tgm.header,Tiny.VE,16329874,264
e3f5931c4e82d258,buildingwall_cv_03_c3r1.tgm,Tiny.V4,30181180,1055
35bc3108fde65fe3,buildingwall_cv_03_c3r1.tgm.header,Tiny.VD,30016757,264
ffa75220032a7943,buildingwall_cv_03_c3r2.tgm,Tiny.V7,29841430,1217
24fd0a1b5a20ef99,buildingwall_cv_03_c3r2.tgm.header,Tiny.VB,30091102,264
4a75c5a368747184,buildingwall_cv_03_c3r3.tgm,Tiny.VC,30169040,995
85038cb638b59ee9,buildingwall_cv_03_c3r3.tgm.header,Tiny.V4,30182235,264
afa48968777c4547,buildingwall_cv_03_c2r1.tgm,Tiny.V0,30089889,785
234466fe1f0cbd1a,buildingwall_cv_03_c2r1.tgm.header,Tiny.VE,29643938,264
670bb5d1a5e7bfe6,buildingwall_cv_03_c2r2.tgm,Tiny.V1,29812196,685
769a0de8fda7747d,buildingwall_cv_03_c2r2.tgm.header,Tiny.V1,30527451,264
c93d32eca8b81765,buildingwall_cv_03_c2r3.tgm,Tiny.V2,30075430,623
34007d1835b599ca,buildingwall_cv_03_c2r3.tgm.header,Tiny.V8,29804571,264
72cbcc0246b7f724,buildingwall_cv_03_c1r1.tgm,Tiny.V9,30283620,779
ece9f2938fc71f03,buildingwall_cv_03_c1r1.tgm.header,Tiny.V4,30180916,264
70ab661186b36818,buildingwall_cv_03_c1r2.tgm,Tiny.V9,30284399,731
9396d8d31628cb13,buildingwall_cv_03_c1r2.tgm.header,Tiny.V3,29535352,264
44d5feffe73a6b39,buildingwall_cv_03_c1r3.tgm,Streaming/Content/data/balance/worldareas/1F/mapport.vworld,1042053,551397
54fa42ac493dbcac,buildingwall_cv_03_c1r3.tgm.header,Tiny.V6,29851713,2010
c32df9e6f9a9c21a,buildingwall_cv_05_c3r1.tgm,Tiny.V4,30181180,1055
42d1396beeb32584,buildingwall_cv_05_c3r1.tgm.header,Tiny.VD,30016757,264
93f244a0ca67c293,buildingwall_cv_05_c3r2.tgm,Tiny.V7,29841430,1217
b1334eaaad326298,buildingwall_cv_05_c3r2.tgm.header,Tiny.VB,30091102,264
765ce60c9bcf80e0,buildingwall_cv_05_c3r3.tgm,Tiny.VC,30169040,995
70ccb527457a7d7b,buildingwall_cv_05_c3r3.tgm.header,Tiny.V4,30182235,264
7bcaf8ad324353b5,buildingwall_cv_05_c2r1.tgm,Tiny.V0,30089889,785
9bdb66202e6c6e47,buildingwall_cv_05_c2r1.tgm.header,Tiny.VE,29643938,264
519a465a0001bc4b,buildingwall_cv_05_c2r2.tgm,Tiny.V1,29812196,685
0a3864b8d6cc9bab,buildingwall_cv_05_c2r2.tgm.header,Tiny.V1,30527451,264
430b4b374b77369b,buildingwall_cv_05_c2r3.tgm,Streaming/Content/data/balance/worldareas/A5/mapport.vworld,2796364,788485
672a74018fc92c90,buildingwall_cv_05_c2r3.tgm.header,Tiny.VE,29635129,2650
2a2e700126975f8f,buildingwall_cv_05_c1r1.tgm,Tiny.V9,30283620,779
d4ae6049638ff7ed,buildingwall_cv_05_c1r1.tgm.header,Tiny.V4,30180916,264
fab494bfd29d4117,buildingwall_cv_05_c1r2.tgm,Tiny.V9,30284399,731
db91e6ee018a28a8,buildingwall_cv_05_c1r2.tgm.header,Tiny.V3,29535352,264
5443e1a023ecf41d,buildingwall_cv_05_c1r3.tgm,Tiny.VF,30140438,785
eba4c0028dc50890,buildingwall_cv_05_c1r3.tgm.header,Tiny.VF,30141223,264
e28838a7125c6b5b,buildingwall_cv_06_c3r1.tgm,Tiny.V4,30181180,1055
ada1d4f428e0c1ec,buildingwall_cv_06_c3r1.tgm.header,Tiny.VD,30016757,264
2622d7a341333a68,buildingwall_cv_06_c3r2.tgm,Tiny.V7,29841430,1217
4e6db0cd60d3914f,buildingwall_cv_06_c3r2.tgm.header,Tiny.VB,30091102,264
b51a6c7693606e4b,buildingwall_cv_06_c3r3.tgm,Tiny.VC,30169040,995
b7b67878a8ef09fa,buildingwall_cv_06_c3r3.tgm.header,Tiny.V4,30182235,264
e65f4bef7e6607fc,buildingwall_cv_06_c2r1.tgm,Tiny.V0,30089889,785
b86f566060e66874,buildingwall_cv_06_c2r1.tgm.header,Tiny.VE,29643938,264
4e0b6d8537f9c2e4,buildingwall_cv_06_c2r2.tgm,Tiny.V1,29812196,685
3df568a36c06de00,buildingwall_cv_06_c2r2.tgm.header,Tiny.V1,30527451,264
7abf0e66c1286950,buildingwall_cv_06_c2r3.tgm,Tiny.V2,30075430,623
940c4a7f050a53ee,buildingwall_cv_06_c2r3.tgm.header,Tiny.V8,29804571,264
457f15d3f000134f,buildingwall_cv_06_c1r1.tgm,Tiny.V9,30283620,779
6a234fefb47590cc,buildingwall_cv_06_c1r1.tgm.header,Tiny.V4,30180916,264
58234bf8c6ae74f6,buildingwall_cv_06_c1r2.tgm,Tiny.V9,30284399,731
8735f1eb889dec92,buildingwall_cv_06_c1r2.tgm.header,Tiny.V3,29535352,264
04c13467de162796,buildingwall_cv_06_c1r3.tgm,Streaming/Content/data/balance/worldareas/EF/mapport.vworld,107398,425591
a28dae0ea4f1b4de,buildingwall_cv_06_c1r3.tgm.header,Tiny.VB,30073983,1810
b62156ba39b9f88e,buildingwall_st_01_c3r1.tgm,Tiny.VC,30165894,1055
ecc96b640332ca9d,buildingwall_st_01_c3r1.tgm.header,Tiny.VD,30016757,264
35556f951d2b32b2,buildingwall_st_01_c3r2.tgm,Tiny.V9,30281618,1217
910a00e444973b83,buildingwall_st_01_c3r2.tgm.header,Tiny.VB,30091102,264
c038eac1b0da0f25,buildingwall_st_01_c3r3.tgm,Tiny.VF,30137636,995
2ad507d3035219c6,buildingwall_st_01_c3r3.tgm.header,Tiny.V4,30182235,264
a820526e54a74ef1,buildingwall_st_01_c2r1.tgm,Tiny.V9,30282835,785
2f75adf6fc2e6d82,buildingwall_st_01_c2r1.tgm.header,Tiny.VE,29643938,264
168fba57ec91ece1,buildingwall_st_01_c2r2.tgm,Tiny.V2,30074217,685
31f508eee9f145c7,buildingwall_st_01_c2r2.tgm.header,Tiny.V1,30527451,264
76cdc5ebbc22f709,buildingwall_st_01_c2r3.tgm,Tiny.V3,29532904,623
1ef46a2f5e0b6254,buildingwall_st_01_c2r3.tgm.header,Tiny.V8,29804571,264
d875da879dfa4674,buildingwall_st_01_c1r1.tgm,Tiny.VF,30136329,779
d8b1c751a0d96388,buildingwall_st_01_c1r1.tgm.header,Tiny.V4,30180916,264
1a75e814863361ca,buildingwall_st_01_c1r2.tgm,Streaming/Content/data/balance/worldareas/8D/mapport.vworld,0,1522427
4494baee01df545b,buildingwall_st_01_c1r2.tgm.header,Content/data/balance/worldareas/mapseepage.vworld,1406210,5410
9582b5b374046193,buildingwall_st_01_c1r3.tgm,Tiny.VA,30142557,785
3356a6d5031224c4,buildingwall_st_01_c1r3.tgm.header,Tiny.VF,30141223,264
2e020bca911cd149,buildingwall_st_02_c3r1.tgm,Tiny.V7,29834232,1597
404a5ab8c985efa3,buildingwall_st_02_c3r1.tgm.header,Tiny.V6,29857736,264
31886015d915083b,buildingwall_st_02_c3r2.tgm,Tiny.V0,30087368,2521
763dd1bd5bbdebd4,buildingwall_st_02_c3r2.tgm.header,Tiny.V1,29815335,264
6d33afde366cbff7,buildingwall_st_02_c3r3.tgm,Tiny.VE,29639808,1807
9716ba7dba7dc0f8,buildingwall_st_02_c3r3.tgm.header,Tiny.V2,30069115,264
e5538a29cedc18f1,buildingwall_st_02_c2r1.tgm,Tiny.V9,30282835,785
22f5556a1a65f877,buildingwall_st_02_c2r1.tgm.header,Tiny.VE,29643938,264
a53d06da97bb99d3,buildingwall_st_02_c2r2.tgm,Tiny.V0,30085145,1959
4d7b440f9125b2b5,buildingwall_st_02_c2r2.tgm.header,Tiny.V2,30068851,264
fefc4599ae13b0af,buildingwall_st_02_c2r3.tgm,Tiny.VB,30079593,1627
fddbf5dc506d26af,buildingwall_st_02_c2r3.tgm.header,Tiny.V0,30087104,264
53e9ee307a2b8290,buildingwall_st_02_c1r1.tgm,Tiny.V5,29396636,1981
8d7b323a55fa86d3,buildingwall_st_02_c1r1.tgm.header,Tiny.V4,30180388,264
5ec7426803d6cf03,buildingwall_st_02_c1r2.tgm,Tiny.V0,30081976,3169
d5153ea581781fc0,buildingwall_st_02_c1r2.tgm.header,Tiny.VA,30143342,264
d1b34d252b964f99,buildingwall_st_02_c1r3.tgm,Streaming/Content/data/balance/worldareas/61/mapport.vworld,0,1566105
6c54379c769aefea,buildingwall_st_02_c1r3.tgm.header,Content/data/balance/worldareas/mapseepage.vworld,1411620,7690
d9b374e6fbcc1217,buildingwall_st_03_c3r1.tgm,Tiny.V6,29859197,1501
f0c5982cddfe13c9,buildingwall_st_03_c3r1.tgm.header,Tiny.VF,30137372,264
63b839c4afcddb37,buildingwall_st_03_c3r2.tgm,Tiny.V2,30071828,2125
1a3c5f2d116e76a6,buildingwall_st_03_c3r2.tgm.header,Tiny.V4,30180652,264
fc79ef8f8e6d7237,buildingwall_st_03_c3r3.tgm,Tiny.V7,29836093,2065
0e139e231a777d90,buildingwall_st_03_c3r3.tgm.header,Tiny.V2,30073953,264
f17b758da4141ce3,buildingwall_st_03_c2r1.tgm,Tiny.V1,29817724,785
40218be2f693cae4,buildingwall_st_03_c2r1.tgm.header,Tiny.VE,29643938,264
c76520d2be17d580,buildingwall_st_03_c2r2.tgm,Tiny.V6,29858000,1197
73485d4191a582c3,buildingwall_st_03_c2r2.tgm.header,Tiny.V7,29835829,264
433088c7d01e6bec,buildingwall_st_03_c2r3.tgm,Tiny.V2,30069643,2185
b2c46a47dab741d7,buildingwall_st_03_c2r3.tgm.header,Tiny.VA,30145347,264
3849fc3b20943e63,buildingwall_st_03_c1r1.tgm,Tiny.VA,30143606,1741
f708b5cb08761d12,buildingwall_st_03_c1r1.tgm.header,Tiny.VF,30137108,264
f695a3e94f183dca,buildingwall_st_03_c1r2.tgm,Tiny.V1,29815599,2125
fabaaf6c941f2967,buildingwall_st_03_c1r2.tgm.header,Tiny.V2,30069379,264
cf50e269ac344eca,buildingwall_st_03_c1r3.tgm,Streaming/Content/data/balance/worldareas/08/mapport.vworld,5592580,2264277
5d78c916ad8d8bde,buildingwall_st_03_c1r3.tgm.header,Content/data/balance/worldareas/mapseepage.vworld,1419310,7770
0dae043415150dd6,buildingwall_st_04_c3r1.tgm,Tiny.VC,30165894,1055
7bad2056268446e6,buildingwall_st_04_c3r1.tgm.header,Tiny.VD,30016757,264
903ac3e7bc6edb42,buildingwall_st_04_c3r2.tgm,Tiny.V9,30281618,1217
d6f79762c93aeb31,buildingwall_st_04_c3r2.tgm.header,Tiny.VB,30091102,264
de1f73d8e0c49d67,buildingwall_st_04_c3r3.tgm,Tiny.VF,30137636,995
f71e14057124a0ee,buildingwall_st_04_c3r3.tgm.header,Tiny.V4,30182235,264
de111927603ec261,buildingwall_st_04_c2r1.tgm,Tiny.V9,30282835,785
7ad076315e5093b2,buildingwall_st_04_c2r1.tgm.header,Tiny.VE,29643938,264
b2b4b605095b2dc8,buildingwall_st_04_c2r2.tgm,Tiny.V2,30074217,685
e3b29e1c2795bf68,buildingwall_st_04_c2r2.tgm.header,Tiny.V1,30527451,264
0ed464a87982ffff,buildingwall_st_04_c2r3.tgm,Tiny.V3,29532904,623
b435be062652c090,buildingwall_st_04_c2r3.tgm.header,Tiny.V8,29804571,264
a45bb6ae84c51053,buildingwall_st_04_c1r1.tgm,Tiny.VB,30081220,779
2fa09ad258f967fd,buildingwall_st_04_c1r1.tgm.header,Tiny.V4,30180916,264
25a9f0824c00c7fb,buildingwall_st_04_c1r2.tgm,Streaming/Content/data/balance/worldareas/8E/mapport.vworld,395567,1300095
14b4a33af9d08791,buildingwall_st_04_c1r2.tgm.header,Tiny.V6,29860698,2770
5432605e7f207ed8,buildingwall_st_04_c1r3.tgm,Tiny.VB,30081999,785
2ecb6e03f928f142,buildingwall_st_04_c1r3.tgm.header,Tiny.VF,30141223,264
31e4c559055ceedb,buildingwall_st_05_c3r1.tgm,Tiny.V7,29838158,1501
03ff46964b639855,buildingwall_st_05_c3r1.tgm.header,Tiny.V5,29398881,264
7a013562108d0b28,buildingwall_st_05_c3r2.tgm,Tiny.VB,30082784,2521
91d1a17b77216e9f,buildingwall_st_05_c3r2.tgm.header,Tiny.VE,29641615,264
5382d2c5c7117c63,buildingwall_st_05_c3r3.tgm,Tiny.VF,30138631,1807
7e3f88c8b364e5a9,buildingwall_st_05_c3r3.tgm.header,Tiny.V3,29533527,264
e57711fdb141c8b0,buildingwall_st_05_c2r1.tgm,Tiny.V9,30282835,785
b565a843efc509c8,buildingwall_st_05_c2r1.tgm.header,Tiny.VE,29643938,264
6ec0dc9d1069b0c0,buildingwall_st_05_c2r2.tgm,Tiny.V8,29799725,1959
f43ecd72aa21df17,buildingwall_st_05_c2r2.tgm.header,Tiny.V5,29398617,264
3171141bea46cc55,buildingwall_st_05_c2r3.tgm,Tiny.VD,30014602,1627
6ce72710b911a6b0,buildingwall_st_05_c2r3.tgm.header,Tiny.V2,30075166,264
88fe3b7482efd9cf,buildingwall_st_05_c1r1.tgm,Tiny.V6,29863468,1921
12039a11cf307943,buildingwall_st_05_c1r1.tgm.header,Tiny.VA,30145611,264
ea35c3c647b47475,buildingwall_st_05_c1r2.tgm,Tiny.VA,30145875,3169
74dbcf623d9aa979,buildingwall_st_05_c1r2.tgm.header,Tiny.V2,30074902,264
d7d94250ec80fe08,buildingwall_st_05_c1r3.tgm,Streaming/Content/data/balance/worldareas/86/mapport.vworld,5592580,2446569
5872d1fefe0e473e,buildingwall_st_05_c1r3.tgm.header,Content/data/balance/worldareas/mapseepage.vworld,1427080,6290
eed613e7a44d7ee3,buildingwall_st_06_c3r1.tgm,Tiny.V3,29533791,1561
a4d3563ce76f76ba,buildingwall_st_06_c3r1.tgm.header,Tiny.VC,30168776,264
7dfb80406be6a987,buildingwall_st_06_c3r2.tgm,Tiny.VB,30088755,2347
aad5e162f9865343,buildingwall_st_06_c3r2.tgm.header,Tiny.VA,30149044,264
c1ce5a8a884e3850,buildingwall_st_06_c3r3.tgm,Tiny.V6,29865389,1747
1cbd5e9c1a7e9844,buildingwall_st_06_c3r3.tgm.header,Tiny.V6,29867136,264
e9b688438bff8171,buildingwall_st_06_c2r1.tgm,Tiny.V1,29817724,785
253d86227613b445,buildingwall_st_06_c2r1.tgm.header,Tiny.VE,29643938,264
e2656cdb5aa2406a,buildingwall_st_06_c2r2.tgm,Tiny.VC,30166949,1827
fd9fba67cfcb505e,buildingwall_st_06_c2r2.tgm.header,Tiny.VE,29643674,264
e18e995eb0cfaf19,buildingwall_st_06_c2r3.tgm,Tiny.V7,29839659,1771
53d04e973258412c,buildingwall_st_06_c2r3.tgm.header,Tiny.V8,29804307,264
a55fae217ce89932,buildingwall_st_06_c1r1.tgm,Tiny.VE,29641879,1795
8da13881359db6b5,buildingwall_st_06_c1r1.tgm.header,Tiny.VD,30016229,264
bdc41f27e5fbd14a,buildingwall_st_06_c1r2.tgm,Tiny.V8,29801684,2623
fd00c188214c74b1,buildingwall_st_06_c1r2.tgm.header,Tiny.VD,30016493,264
fe8b6d13fdc16b73,buildingwall_st_06_c1r3.tgm,Streaming/Content/data/balance/worldareas/2F/mapport.vworld,0,1042039
f5893c2d7fddab4d,buildingwall_st_06_c1r3.tgm.header,Tiny.VB,30085305,3450
542cd6db2e6b6e50,buildingwall_xdoor_01_c3r1.tgm,Tiny.VE,29645556,1055
02925cac93defdb6,buildingwall_xdoor_01_c3r1.tgm.header,Tiny.VD,30016757,264
298b4f72ae7fb930,buildingwall_xdoor_01_c3r2.tgm,Tiny.VB,30092145,1217
005c976856f48f61,buildingwall_xdoor_01_c3r2.tgm.header,Tiny.VB,30091102,264
7ee86ca7b4c5590c,buildingwall_xdoor_01_c3r3.tgm,Tiny.VE,29646611,995
806e9978030db8f1,buildingwall_xdoor_01_c3r3.tgm.header,Tiny.V4,30182235,264
1f6d0548681ff0dc,buildingwall_xdoor_01_c2r1.tgm,Tiny.V2,30076053,785
800f9e7db295139b,buildingwall_xdoor_01_c2r1.tgm.header,Tiny.VE,29643938,264
85fd26ff67079eb6,buildingwall_xdoor_01_c2r2.tgm,Streaming/Content/data/balance/worldareas/E9/mapport.vworld,2199552,1196569
fac245097737d898,buildingwall_xdoor_01_c2r2.tgm.header,Tiny.V3,29535616,2610
b9c8be448f99eda3,buildingwall_xdoor_01_c2r3.tgm,Tiny.VE,29644933,623
6d960b10a674da8b,buildingwall_xdoor_01_c2r3.tgm.header,Tiny.V8,29804571,264
9e1634eb71c0259d,buildingwall_xdoor_01_c1r1.tgm,Tiny.VB,30091366,779
9cdf4b27dae5dafb,buildingwall_xdoor_01_c1r1.tgm.header,Tiny.V4,30180916,264
517b22478ece50bf,buildingwall_xdoor_01_c1r2.tgm,Tiny.VE,29644202,731
a77a1f306b6afb0a,buildingwall_xdoor_01_c1r2.tgm.header,Tiny.V3,29535352,264
5158cf85ec3c619d,buildingwall_xdoor_01_c1r3.tgm,Tiny.V9,30285130,785
f8c4d486a0e344f4,buildingwall_xdoor_01_c1r3.tgm.header,Tiny.VF,30141223,264
b3cd63b85fca24c6,buildingwall_x_01_c3r1.tgm,Tiny.V4,30181180,1055
ded084629c7de2a1,buildingwall_x_01_c3r1.tgm.header,Tiny.VD,30016757,264
0326862e9b8f8c1b,buildingwall_x_01_c3r2.tgm,Tiny.V7,29841430,1217
6d21de96063d261e,buildingwall_x_01_c3r2.tgm.header,Tiny.VB,30091102,264
45cd89303b6f8de7,buildingwall_x_01_c3r3.tgm,Tiny.VC,30169040,995
20fc2b333e3eb607,buildingwall_x_01_c3r3.tgm.header,Tiny.V4,30182235,264
7e5cbc4677b5aab9,buildingwall_x_01_c2r1.tgm,Tiny.V0,30089889,785
fc1a3a1bea37c837,buildingwall_x_01_c2r1.tgm.header,Tiny.VE,29643938,264
b9e4fe42836ce82b,buildingwall_x_01_c2r2.tgm,Streaming/Content/data/balance/worldareas/CD/mapport.vworld,3894499,2382635
6ef6661a0b77544a,buildingwall_x_01_c2r2.tgm.header,Content/data/balance/worldareas/mapseepage.vworld,1433370,9610
9e4f5f2224d53d50,buildingwall_x_01_c2r3.tgm,Tiny.V2,30075430,623
ee6d16f9f7efce6b,buildingwall_x_01_c2r3.tgm.header,Tiny.V8,29804571,264
089f9203e578a794,buildingwall_x_01_c1r1.tgm,Tiny.V9,30283620,779
4e79064d261da297,buildingwall_x_01_c1r1.tgm.header,Tiny.V4,30180916,264
9623da2f29b3ae08,buildingwall_x_01_c1r2.tgm,Tiny.V9,30284399,731
b19162aa731de5fa,buildingwall_x_01_c1r2.tgm.header,Tiny.V3,29535352,264
6607ac21a63d6a8b,buildingwall_x_01_c1r3.tgm,Tiny.VF,30140438,785
19e69b68bc24e35c,buildingwall_x_01_c1r3.tgm.header,Tiny.VF,30141223,264
8abbcd1d8ac1400f,buildingwall_x_02_c3r1.tgm,Tiny.V4,30181180,1055
d7ab9da9bd887b9d,buildingwall_x_02_c3r1.tgm.header,Tiny.VD,30016757,264
7e541f60596d56e2,buildingwall_x_02_c3r2.tgm,Tiny.V7,29841430,1217
c92bf468487a47bd,buildingwall_x_02_c3r2.tgm.header,Tiny.VB,30091102,264
b6ab4067f9cb8aa1,buildingwall_x_02_c3r3.tgm,Tiny.VC,30169040,995
8626f89f802d004d,buildingwall_x_02_c3r3.tgm.header,Tiny.V4,30182235,264
6f5f160fe5762922,buildingwall_x_02_c2r1.tgm,Tiny.V0,30089889,785
5549fbf13eea2d20,buildingwall_x_02_c2r1.tgm.header,Tiny.VE,29643938,264
24958deccfde892c,buildingwall_x_02_c2r2.tgm,Streaming/Content/data/balance/worldareas/64/mapport.vworld,807591,1659581
1b27ccf89746a322,buildingwall_x_02_c2r2.tgm.header,Content/data/balance/worldareas/mapseepage.vworld,1442980,6930
5d189f46b3c41dbd,buildingwall_x_02_c2r3.tgm,Tiny.V2,30075430,623
d91b5ea0327e7da3,buildingwall_x_02_c2r3.tgm.header,Tiny.V8,29804571,264
24f7786c6089ad21,buildingwall_x_02_c1r1.tgm,Tiny.V9,30283620,779
8028b126c6c0285b,buildingwall_x_02_c1r1.tgm.header,Tiny.V4,30180916,264
49531b6f7de72d25,buildingwall_x_02_c1r2.tgm,Tiny.V9,30284399,731
21692ad17c7f1afc,buildingwall_x_02_c1r2.tgm.header,Tiny.V3,29535352,264
967d8ed8eb7b0040,buildingwall_x_02_c1r3.tgm,Tiny.VF,30140438,785
24a4caea03171fbd,buildingwall_x_02_c1r3.tgm.header,Tiny.VF,30141223,264
5892ea1fa03f9135,buildingwall_x_03_c3r1.tgm,Tiny.V4,30181180,1055
dc777d69db4e8b06,buildingwall_x_03_c3r1.tgm.header,Tiny.VD,30016757,264
bc11c4333d52e249,buildingwall_x_03_c3r2.tgm,Tiny.V7,29841430,1217
ad0ddfb06318f2b2,buildingwall_x_03_c3r2.tgm.header,Tiny.VB,30091102,264
2abaa837c2be68e8,buildingwall_x_03_c3r3.tgm,Tiny.VC,30169040,995
7592439a34e6f786,buildingwall_x_03_c3r3.tgm.header,Tiny.V4,30182235,264
9816520d4269ebdd,buildingwall_x_03_c2r1.tgm,Tiny.V0,30089889,785
8efd96eb2d228c4f,buildingwall_x_03_c2r1.tgm.header,Tiny.VE,29643938,264
b79c35a49671621a,buildingwall_x_03_c2r2.tgm,Streaming/Content/data/balance/worldareas/25/mapport.vworld,1017738,1724927
56a26b22eddb90a1,buildingwall_x_03_c2r2.tgm.header,Content/data/balance/worldareas/mapseepage.vworld,1449910,7450
61db7533cf95427f,buildingwall_x_03_c2r3.tgm,Tiny.V2,30075430,623
7e0cb0b9e47129b8,buildingwall_x_03_c2r3.tgm.header,Tiny.V8,29804571,264
143181f6adfa4b74,buildingwall_x_03_c1r1.tgm,Tiny.V9,30283620,779
9575c3459ccca35d,buildingwall_x_03_c1r1.tgm.header,Tiny.V4,30180916,264
082995c05d61b7a3,buildingwall_x_03_c1r2.tgm,Tiny.V9,30284399,731
b0faa54ab19a3336,buildingwall_x_03_c1r2.tgm.header,Tiny.V3,29535352,264
fe0405fd2357b9f3,buildingwall_x_03_c1r3.tgm,Tiny.VF,30140438,785
b80553c219b7ec25,buildingwall_x_03_c1r3.tgm.header,Tiny.VF,30141223,264
8832ed64c120d466,buildingwall_oceanedge_ccmm_01_c3r1.tgm,Tiny.V6,29853723,677
12391665fedf9dee,buildingwall_oceanedge_ccmm_01_c3r1.tgm.header,Tiny.V5,29391771,264
7fb09829cdc92fc3,buildingwall_oceanedge_ccmm_01_c3r2.tgm,Tiny.VF,30132250,1501
c39cef6638c81921,buildingwall_oceanedge_ccmm_01_c3r2.tgm.header,Tiny.V8,29797908,290
803b5d08d9e6691d,buildingwall_oceanedge_ccmm_01_c3r3.tgm,Tiny.VF,30133751,1241
df810e535ded4e26,buildingwall_oceanedge_ccmm_01_c3r3.tgm.header,Tiny.V6,29854400,264
9c5a84fbd15a22a5,buildingwall_oceanedge_ccmm_01_c2r1.tgm,Tiny.VE,29637779,1115
3e864916fc61a48a,buildingwall_oceanedge_ccmm_01_c2r1.tgm.header,Tiny.V2,30066294,264
ce4d18e2848f6e3f,buildingwall_oceanedge_ccmm_01_c2r2.tgm,Streaming/Content/data/balance/worldareas/23/mapport.vworld,153530,20311
8b29ff5123ae225c,buildingwall_oceanedge_ccmm_01_c2r2.tgm.header,Tiny.V0,30078739,450
db340ef4b18b76f3,buildingwall_oceanedge_ccmm_01_c2r3.tgm,Streaming/Content/data/balance/worldareas/AA/mapport.vworld,5943421,40603
74db804d502b30f5,buildingwall_oceanedge_ccmm_01_c2r3.tgm.header,Tiny.V1,29812881,370
c5f3bfd762e3c491,buildingwall_oceanedge_ccmm_01_c1r1.tgm,Tiny.V2,30062458,1289
f0e16452b4dfed9e,buildingwall_oceanedge_ccmm_01_c1r1.tgm.header,Tiny.V6,29855154,264
ef2dcdc75f2f7d17,buildingwall_oceanedge_ccmm_01_c1r2.tgm,Streaming/Content/data/balance/worldareas/D2/mapport.vworld,960254,1062349
7dc4bc99d98d6304,buildingwall_oceanedge_ccmm_01_c1r2.tgm.header,Content/data/balance/worldareas/mapseepage.vworld,1374850,4810
49948b6ed7a4cb83,buildingwall_oceanedge_ccmm_01_c1r3.tgm,Tiny.VB,30075793,1453
67f24497713a1b5b,buildingwall_oceanedge_ccmm_01_c1r3.tgm.header,Tiny.V3,29530123,264
7b3a2a38b2586454,buildingwall_oceanedge_ccmm_02_c3r1.tgm,Tiny.V1,29813251,677
b2578dfa91f85446,buildingwall_oceanedge_ccmm_02_c3r1.tgm.header,Tiny.V5,29391771,264
24ed6484f9794d9f,buildingwall_oceanedge_ccmm_02_c3r2.tgm,Tiny.VC,30161137,1501
c14c196b2b08a4bf,buildingwall_oceanedge_ccmm_02_c3r2.tgm.header,Tiny.V8,29797908,290
e163f260a3b53987,buildingwall_oceanedge_ccmm_02_c3r3.tgm,Tiny.V3,29528914,1209
df51b293b05b24c9,buildingwall_oceanedge_ccmm_02_c3r3.tgm.header,Tiny.V2,30068059,264
889ed057c6623915,buildingwall_oceanedge_ccmm_02_c2r1.tgm,Tiny.V8,29794912,1115
3ad09daf0d46e280,buildingwall_oceanedge_ccmm_02_c2r1.tgm.header,Tiny.V2,30066294,264
3f011c4576556312,buildingwall_oceanedge_ccmm_02_c2r2.tgm,Streaming/Content/data/balance/worldareas/35/mapport.vworld,0,21409
8328d8389716592e,buildingwall_oceanedge_ccmm_02_c2r2.tgm.header,Tiny.V6,29854664,490
84877f447e0d2fa3,buildingwall_oceanedge_ccmm_02_c2r3.tgm,Streaming/Content/data/balance/worldareas/C7/mapport.vworld,151110,39753
efd959704af0735e,buildingwall_oceanedge_ccmm_02_c2r3.tgm.header,Tiny.V0,30079189,370
e6d69df4faf3d54a,buildingwall_oceanedge_ccmm_02_c1r1.tgm,Tiny.V3,29525285,1289
afd785d70a6e0ac9,buildingwall_oceanedge_ccmm_02_c1r1.tgm.header,Tiny.V6,29855154,264
5920236d87c17272,buildingwall_oceanedge_ccmm_02_c1r2.tgm,Streaming/Content/data/balance/worldareas/71/mapport.vworld,878167,41219
98371916c8db5943,buildingwall_oceanedge_ccmm_02_c1r2.tgm.header,Tiny.V3,29526574,330
8a9fd224c31927bc,buildingwall_oceanedge_ccmm_02_c1r3.tgm,Streaming/Content/data/balance/worldareas/A2/mapport.vworld,1398276,527397
02445367dc7206bf,buildingwall_oceanedge_ccmm_02_c1r3.tgm.header,Tiny.V3,29526904,2010
88b062b1a321474c,buildingwall_oceanedge_ccmm_03_c3r1.tgm,Tiny.V4,30176357,1813
ec219ccadadbdc9e,buildingwall_oceanedge_ccmm_03_c3r1.tgm.header,Tiny.V5,29391507,264
e95cb95741e2335e,buildingwall_oceanedge_ccmm_03_c3r2.tgm,Tiny.VC,30162638,2315
8d9857c3f930a075,buildingwall_oceanedge_ccmm_03_c3r2.tgm.header,Tiny.V4,30178170,330
6c9c3980035dc65b,buildingwall_oceanedge_ccmm_03_c3r3.tgm,Tiny.V2,30064037,2257
b4aa5da4d01a8196,buildingwall_oceanedge_ccmm_03_c3r3.tgm.header,Tiny.V9,30279261,290
9d6e8094c867d82e,buildingwall_oceanedge_ccmm_03_c2r1.tgm,Tiny.V5,29388548,2959
7d2af6228d023ca6,buildingwall_oceanedge_ccmm_03_c2r1.tgm.header,Tiny.VF,30134992,264
0fd021b111761d43,buildingwall_oceanedge_ccmm_03_c2r2.tgm,Streaming/Content/data/balance/worldareas/76/mapport.vworld,223414,24245
989b646cb938a5db,buildingwall_oceanedge_ccmm_03_c2r2.tgm.header,Tiny.VB,30077246,530
783f68b424a76d0a,buildingwall_oceanedge_ccmm_03_c2r3.tgm,Streaming/Content/data/balance/worldareas/7F/mapport.vworld,933617,1322515
e376a65779c64a96,buildingwall_oceanedge_ccmm_03_c2r3.tgm.header,Content/data/balance/worldareas/mapseepage.vworld,1379660,7410
2159996f205560f5,buildingwall_oceanedge_ccmm_03_c1r1.tgm,Tiny.V8,29796027,1881
02fc3458cfdf6ac8,buildingwall_oceanedge_ccmm_03_c1r1.tgm.header,Tiny.V2,30063747,290
e271d304a5f5b6af,buildingwall_oceanedge_ccmm_03_c1r2.tgm,Streaming/Content/data/balance/worldareas/0D/mapport.vworld,9729,41841
1b15fc6e7267e63f,buildingwall_oceanedge_ccmm_03_c1r2.tgm.header,Tiny.V5,29388218,330
4a990e590764ca9d,buildingwall_oceanedge_ccmm_03_c1r3.tgm,Tiny.VB,30075793,1453
0b074b913bad1511,buildingwall_oceanedge_ccmm_03_c1r3.tgm.header,Tiny.V3,29530123,264
40d4054f466a7035,buildingwall_oceanedge_ccmm_04_c3r1.tgm,Tiny.VC,30164953,677
ffbdc05257f9df97,buildingwall_oceanedge_ccmm_04_c3r1.tgm.header,Tiny.V5,29391771,264
60219876af784c36,buildingwall_oceanedge_ccmm_04_c3r2.tgm,Tiny.V2,30066558,1501
b96360d6dec9eeae,buildingwall_oceanedge_ccmm_04_c3r2.tgm.header,Tiny.V8,29797908,290
81ec6daa793622df,buildingwall_oceanedge_ccmm_04_c3r3.tgm,Tiny.V9,30279551,1209
ae12acbd09091e39,buildingwall_oceanedge_ccmm_04_c3r3.tgm.header,Tiny.V2,30068059,264
d80e558eb51c29b3,buildingwall_oceanedge_ccmm_04_c2r1.tgm,Tiny.VD,30012210,1115
4289858a823ce7e8,buildingwall_oceanedge_ccmm_04_c2r1.tgm.header,Tiny.V2,30066294,264
8864c92d6cd56ab3,buildingwall_oceanedge_ccmm_04_c2r2.tgm,Streaming/Content/data/balance/worldareas/68/mapport.vworld,64796,2412483
71008e4b53b997e5,buildingwall_oceanedge_ccmm_04_c2r2.tgm.header,Content/data/balance/worldareas/mapseepage.vworld,1387070,9730
1c4d3fcbaed3bda6,buildingwall_oceanedge_ccmm_04_c2r3.tgm,Streaming/Content/data/balance/worldareas/C3/mapuberboss_ritual.vworld,522097,40831
16aeeda429a080fe,buildingwall_oceanedge_ccmm_04_c2r3.tgm.header,Tiny.V6,29855748,370
0b01202df5eb12ee,buildingwall_oceanedge_ccmm_04_c1r1.tgm,Tiny.VB,30077776,1289
dac75d969117a27c,buildingwall_oceanedge_ccmm_04_c1r1.tgm.header,Tiny.V6,29855154,264
c0db38bdf702a8c9,buildingwall_oceanedge_ccmm_04_c1r2.tgm,Streaming/Content/data/balance/worldareas/0A/g2_9_1.vworld,514060,40203
13fb98962cca56fa,buildingwall_oceanedge_ccmm_04_c1r2.tgm.header,Tiny.V6,29855418,330
28680d79c89652f3,buildingwall_oceanedge_ccmm_04_c1r3.tgm,Tiny.V7,29831123,1453
dfaf1fb8081eeb1a,buildingwall_oceanedge_ccmm_04_c1r3.tgm.header,Tiny.V3,29530123,264
ddf4dafcc6079c89,buildingwall_oceanedge_cvmm_01_c3r1.tgm,Tiny.V6,29856118,995
539c28b455bdcb2e,buildingwall_oceanedge_cvmm_01_c3r1.tgm.header,Tiny.VB,30079065,264
17fa7582ef638d6f,buildingwall_oceanedge_cvmm_01_c3r2.tgm,Tiny.V3,29530837,1353
552c1e1f95d53f57,buildingwall_oceanedge_cvmm_01_c3r2.tgm.header,Tiny.V5,29394576,264
3304fdc951dc63db,buildingwall_oceanedge_cvmm_01_c3r3.tgm,Tiny.V5,29394840,1173
4d311b639dd0976c,buildingwall_oceanedge_cvmm_01_c3r3.tgm.header,Tiny.V9,30281090,264
be80536c7005cda5,buildingwall_oceanedge_cvmm_01_c2r1.tgm,Streaming/Content/data/balance/worldareas/1C/mapport.vworld,0,42177
4d622901fc2f0381,buildingwall_oceanedge_cvmm_01_c2r1.tgm.header,Tiny.V3,29530387,450
bc97111c8dc660f2,buildingwall_oceanedge_cvmm_01_c2r2.tgm,Streaming/Content/data/balance/worldareas/FF/g4_8a.vworld,568501,81623
75a4556a9ac5685f,buildingwall_oceanedge_cvmm_01_c2r2.tgm.header,Tiny.VE,29638894,650
e5e88033e5a47fe1,buildingwall_oceanedge_cvmm_01_c2r3.tgm,Tiny.V7,29832576,1033
db582f019857c09d,buildingwall_oceanedge_cvmm_01_c2r3.tgm.header,Tiny.VC,30165630,264
0fab715169286d70,buildingwall_oceanedge_cvmm_01_c1r1.tgm,Tiny.V5,29392035,731
cdfeb0b711737eff,buildingwall_oceanedge_cvmm_01_c1r1.tgm.header,Tiny.VA,30140640,264
31b90c4bbe1845a4,buildingwall_oceanedge_cvmm_01_c1r2.tgm,Streaming/Content/data/balance/worldareas/88/g4_8a.vworld,432372,41137
28383d2ddf09f159,buildingwall_oceanedge_cvmm_01_c1r2.tgm.header,Tiny.V9,30280760,330
2020aa8eff1a6956,buildingwall_oceanedge_cvmm_01_c1r3.tgm,Streaming/Content/data/balance/worldareas/FE/mapport.vworld,564185,417639
5731c436415f0689,buildingwall_oceanedge_cvmm_01_c1r3.tgm.header,Tiny.V5,29392766,1810
092f3f539ed932a1,buildingwall_oceanedge_stmm_01_c3r1.tgm,Tiny.V7,29833609,623
56eee37a99a01b0f,buildingwall_oceanedge_stmm_01_c3r1.tgm.header,Tiny.V3,29532190,264
bc55b1c6b3d02bbd,buildingwall_oceanedge_stmm_01_c3r2.tgm,Streaming/Content/data/balance/worldareas/6B/mapport.vworld,0,36139
2925bb990ab1d617,buildingwall_oceanedge_stmm_01_c3r2.tgm.header,Tiny.V1,29813928,450
d98485b810ef534c,buildingwall_oceanedge_stmm_01_c3r3.tgm,Tiny.V8,29798198,957
7c4ddfb8d8d46019,buildingwall_oceanedge_stmm_01_c3r3.tgm.header,Tiny.V2,30068587,264
40ded6bfc483af1b,buildingwall_oceanedge_stmm_01_c2r1.tgm,Tiny.V4,30178500,1007
65b5cc68f70fddbe,buildingwall_oceanedge_stmm_01_c2r1.tgm.header,Tiny.VB,30079329,264
b8d703aa7fe809a4,buildingwall_oceanedge_stmm_01_c2r2.tgm,Streaming/Content/data/balance/worldareas/FC/mapport.vworld.1,0,55271
4f7d4a43048f67aa,buildingwall_oceanedge_stmm_01_c2r2.tgm.header,Tiny.VA,30140904,570
637ee8f6f58afd8b,buildingwall_oceanedge_stmm_01_c2r3.tgm,Tiny.VA,30141474,1083
2f50795f83666ab9,buildingwall_oceanedge_stmm_01_c2r3.tgm.header,Tiny.V9,30281354,264
b352f4a9fef4edfe,buildingwall_oceanedge_stmm_01_c1r1.tgm,Tiny.VF,30135256,623
0e7b588f774cf6e3,buildingwall_oceanedge_stmm_01_c1r1.tgm.header,Tiny.VE,29639544,264
4af67eb8e703e4a0,buildingwall_oceanedge_stmm_01_c1r2.tgm,Streaming/Content/data/balance/worldareas/DA/mapport.vworld,11296554,41119
6488497ef855bea1,buildingwall_oceanedge_stmm_01_c1r2.tgm.header,Tiny.VF,30135879,450
71d56ec00ccc8c67,buildingwall_oceanedge_stmm_01_c1r3.tgm,Streaming/Content/data/balance/worldareas/21/mapport.vworld,123002,391333
fc8b61a9eb5dbba3,buildingwall_oceanedge_stmm_01_c1r3.tgm.header,Tiny.V0,30079559,1410
eb0b5b3ba9a6f32f,buildingwall_oceanedge_stmm_02_c3r1.tgm,Tiny.V6,29857113,623
7b583b0850822d64,buildingwall_oceanedge_stmm_02_c3r1.tgm.header,Tiny.V3,29532190,264
048ccc4ebe1b398e,buildingwall_oceanedge_stmm_02_c3r2.tgm,Streaming/Content/data/balance/worldareas/18/mapport.vworld,2796364,38141
8d3278da7b398472,buildingwall_oceanedge_stmm_02_c3r2.tgm.header,Tiny.V3,29532454,450
b363090d06d0697b,buildingwall_oceanedge_stmm_02_c3r3.tgm,Tiny.V1,29814378,957
c097ccc576c4f593,buildingwall_oceanedge_stmm_02_c3r3.tgm.header,Tiny.V2,30068587,264
0a9ce5e1c68fd9b9,buildingwall_oceanedge_stmm_02_c2r1.tgm,Tiny.V0,30080969,1007
025b9c7caae164c8,buildingwall_oceanedge_stmm_02_c2r1.tgm.header,Tiny.VB,30079329,264
3bf68f282ec2498f,buildingwall_oceanedge_stmm_02_c2r2.tgm,Streaming/Content/data/balance/worldareas/40/mapport.vworld,0,55365
649d8f7254273ec9,buildingwall_oceanedge_stmm_02_c2r2.tgm.header,Tiny.V8,29799155,570
01783e3894cbb7cf,buildingwall_oceanedge_stmm_02_c2r3.tgm,Tiny.VD,30013589,1013
5fc62c6fc726ad6b,buildingwall_oceanedge_stmm_02_c2r3.tgm.header,Tiny.V2,30068323,264
be1592930133790a,buildingwall_oceanedge_stmm_02_c1r1.tgm,Tiny.V5,29396013,623
a32dbf59eebe33c9,buildingwall_oceanedge_stmm_02_c1r1.tgm.header,Tiny.VE,29639544,264
ab46f162cec78c3c,buildingwall_oceanedge_stmm_02_c1r2.tgm,Streaming/Content/data/balance/worldareas/C7/mapport.vworld,190863,1988595
be01a60cf6b6d7bf,buildingwall_oceanedge_stmm_02_c1r2.tgm.header,Content/data/balance/worldareas/mapseepage.vworld,1396800,9410
3959f8cc05351da0,buildingwall_oceanedge_stmm_02_c1r3.tgm,Tiny.V4,30179507,881
398c1427275124ea,buildingwall_oceanedge_stmm_02_c1r3.tgm.header,Tiny.VD,30013325,264
d8ddc356e0220ef1,oceanredge_ccsw_01_c3r1.tgm,Tiny.V7,29856189,677
5269be2f609ce447,oceanredge_ccsw_01_c3r1.tgm.header,Tiny.VA,30149572,264
513e33c00938f40e,oceanredge_ccsw_01_c3r2.tgm,Tiny.V2,30087422,1217
64b6973e949ef0f3,oceanredge_ccsw_01_c3r2.tgm.header,Tiny.V9,30286443,264
0b3a42e637f3dfa5,oceanredge_ccsw_01_c3r3.tgm,Streaming/Content/data/balance/worldareas/2B/mapport.vworld,977175,10121
199d2d4331c7cc28,oceanredge_ccsw_01_c3r3.tgm.header,Tiny.V7,29856866,330
eb11fe5d6b9c5b49,oceanredge_ccsw_01_c2r1.tgm,Tiny.V7,29855404,785
c921e95dae97153e,oceanredge_ccsw_01_c2r1.tgm.header,Tiny.VD,30019411,264
605283aa04920a10,oceanredge_ccsw_01_c2r2.tgm,Tiny.VE,29654993,1001
ae7cbdfc6a55bc89,oceanredge_ccsw_01_c2r2.tgm.header,Tiny.V2,30080019,264
21e35843cdd76cc8,oceanredge_ccsw_01_c2r3.tgm,Streaming/Content/data/balance/worldareas/67/mapgeode.vworld,140295,60375
01ea3d31efedd62c,oceanredge_ccsw_01_c2r3.tgm.header,Tiny.VE,29655994,370
65b8d07319a3b8be,oceanredge_ccsw_01_c1r1.tgm,Tiny.VE,29654316,677
8d75ee83c2f5f213,oceanredge_ccsw_01_c1r1.tgm.header,Tiny.V0,30091164,264
38ac8ff2f560dc10,oceanredge_ccsw_01_c1r2.tgm,Tiny.VB,30105008,677
0f1cc6201605e0dd,oceanredge_ccsw_01_c1r2.tgm.header,Tiny.VC,30170922,264
bb46dee68ebe0f53,oceanredge_ccsw_01_c1r3.tgm,Streaming/Content/data/balance/worldareas/A9/mapport.vworld.1,248376,43293
b79dd9756b7c90b1,oceanredge_ccsw_01_c1r3.tgm.header,Tiny.VB,30105685,290
ed5c9aff42fa6339,oceanedge_fill_01_c3r1.tgm,Tiny.V5,29405783,373
0452979c5cd86fcb,oceanedge_fill_01_c3r1.tgm.header,Tiny.VA,30152801,264
f45fd03b9ba7d9b6,oceanedge_fill_01_c3r2.tgm,Tiny.V2,30082804,535
32973e2c532b1aa8,oceanedge_fill_01_c3r2.tgm.header,Tiny.VA,30153065,264
2a6600a91185c370,oceanedge_fill_01_c3r3.tgm,Tiny.VE,29650774,373
d0bf6d3e8ea92b36,oceanedge_fill_01_c3r3.tgm.header,Tiny.V6,29872509,264
79604bda0355e32a,oceanedge_fill_01_c2r1.tgm,Tiny.V6,29872082,427
d1a8ec33af8d1f21,oceanedge_fill_01_c2r1.tgm.header,Tiny.V1,29828238,264
1f4e09fc76d61823,oceanedge_fill_01_c2r2.tgm,Tiny.VC,30178070,643
bde54400dc40f906,oceanedge_fill_01_c2r2.tgm.header,Tiny.V8,29805958,264
d7b33ab7b6e0a08f,oceanedge_fill_01_c2r3.tgm,Tiny.V9,30290143,373
f7bf402d5c16f8d3,oceanedge_fill_01_c2r3.tgm.header,Tiny.V0,30096550,264
49012900d352ceb4,oceanedge_fill_01_c1r1.tgm,Tiny.V3,29544791,265
a279183e489e6a93,oceanedge_fill_01_c1r1.tgm.header,Tiny.VF,30146425,264
86546f41e3decca0,oceanedge_fill_01_c1r2.tgm,Tiny.V7,29849256,373
ce0de2272f4c267d,oceanedge_fill_01_c1r2.tgm.header,Tiny.VD,30021142,264
39b0437e96b0fb96,oceanedge_fill_01_c1r3.tgm,Tiny.V0,30096285,265
06a57174e5e3709a,oceanedge_fill_01_c1r3.tgm.header,Tiny.VE,29650510,264
81d96307d516468b,oceanedge_stmm_01_c3r1.tgm,Tiny.V1,29829072,623
90c33295c404dbcc,oceanedge_stmm_01_c3r1.tgm.header,Tiny.V1,29829695,264
07e6a3fcc3455304,oceanedge_stmm_01_c3r2.tgm,Streaming/Content/data/balance/worldareas/6F/mapport.vworld,385821,40735
d2cf2f316be324fb,oceanedge_stmm_01_c3r2.tgm.header,Tiny.V1,29829959,450
d7aa41876a836dfb,oceanedge_stmm_01_c3r3.tgm,Tiny.V8,29806222,957
8bc7f017cc62f9ff,oceanedge_stmm_01_c3r3.tgm.header,Tiny.V3,29545056,264
6ac144a752ed0ad1,oceanedge_stmm_01_c2r1.tgm,Tiny.VE,29651411,1007
e57988aba93242da,oceanedge_stmm_01_c2r1.tgm.header,Tiny.V7,29849629,264
1e49032299f1b211,oceanedge_stmm_01_c2r2.tgm,Streaming/Content/data/balance/worldareas/BD/mapgeode.vworld,552523,59427
5b6b157a22a436cc,oceanedge_stmm_01_c2r2.tgm.header,Tiny.V1,29828502,570
1d1a4c8c16f24a03,oceanedge_stmm_01_c2r3.tgm,Tiny.VC,30178713,1853
243b26962c0ffa58,oceanedge_stmm_01_c2r3.tgm.header,Tiny.VC,30180566,264
21981a39be893ea4,oceanedge_stmm_01_c1r1.tgm,Tiny.V4,30185605,623
dd1b7b688e5a220f,oceanedge_stmm_01_c1r1.tgm.header,Tiny.VE,29651147,264
728238bdd9dee5f8,oceanedge_stmm_01_c1r2.tgm,Streaming/Content/data/balance/worldareas/6F/mapport.vworld,341836,43985
515e7d15384b4b52,oceanedge_stmm_01_c1r2.tgm.header,Tiny.VD,30021406,450
ef20bd184d9e88ca,oceanedge_stmm_01_c1r3.tgm,Tiny.V4,30186228,881
61212358dd1a24fa,oceanedge_stmm_01_c1r3.tgm.header,Tiny.V0,30096814,264
bb86e3657b08e2b4,oceanedge_stmw_01_c3r1.tgm,Tiny.V7,29849893,3009
4d2bd7688ad85e8f,oceanedge_stmw_01_c3r1.tgm.header,Tiny.VF,30147539,264
ea990f3df1db14c4,oceanedge_stmw_01_c3r2.tgm,Streaming/Content/data/balance/worldareas/BB/mapport.vworld,1543995,54143
28ab61c6f91ebbdf,oceanedge_stmw_01_c3r2.tgm.header,Tiny.VD,30021856,650
f80872c153c1a4ef,oceanedge_stmw_01_c3r3.tgm,Streaming/Content/data/balance/worldareas/9A/mapport.vworld.1,0,76665
ad6d8dfd587f71e4,oceanedge_stmw_01_c3r3.tgm.header,Tiny.V2,30083339,770
f578c81f6aa718b7,oceanedge_stmw_01_c2r1.tgm,Tiny.VB,30101551,869
f826fa55d4c160f5,oceanedge_stmw_01_c2r1.tgm.header,Tiny.VE,29652418,264
4a9cafc8b8e13b51,oceanedge_stmw_01_c2r2.tgm,Streaming/Content/data/balance/worldareas/82/mapport.vworld,0,81809
6b3f0e7f84e95b94,oceanedge_stmw_01_c2r2.tgm.header,Tiny.VF,30146689,850
c95e4bf61d220e27,oceanedge_stmw_01_c2r3.tgm,Streaming/Content/data/balance/worldareas/3C/mapport.vworld,0,51363
1a5be81e807c6825,oceanedge_stmw_01_c2r3.tgm.header,Tiny.V6,29872773,650
dc28611485cfc7e3,oceanedge_stmw_01_c1r1.tgm,Tiny.V1,29830409,1231
d58e216117e901b1,oceanedge_stmw_01_c1r1.tgm.header,Tiny.V0,30097078,264
8b06ee0f52c95dc4,oceanedge_stmw_01_c1r2.tgm,Streaming/Content/data/balance/worldareas/6E/mapgeode.vworld,480631,48353
dd1966cf4e7c3a91,oceanedge_stmw_01_c1r2.tgm.header,Tiny.VB,30100941,610
7db66893432f3fc5,oceanedge_stmw_01_c1r3.tgm,Streaming/Content/data/balance/worldareas/A6/mapport.vworld,378382,16487
a3e97a06b65799e5,oceanedge_stmw_01_c1r3.tgm.header,Tiny.V1,29831640,410
f48344e229b6c58a,oceanedge_stmw_02_c3r1.tgm,Tiny.V1,29832050,677
10c52c0174bf797a,oceanedge_stmw_02_c3r1.tgm.header,Tiny.V3,29546435,264
1dab1a7079a36346,oceanedge_stmw_02_c3r2.tgm,Tiny.V1,29832727,1055
e878ecec5f9a35ba,oceanedge_stmw_02_c3r2.tgm.header,Tiny.V7,29853166,264
18eecb64e9548d3f,oceanedge_stmw_02_c3r3.tgm,Streaming/Content/data/balance/worldareas/56/mapport.vworld,620241,34827
29df971776614858,oceanedge_stmw_02_c3r3.tgm.header,Tiny.V6,29874177,410
c0dc55e32037339c,oceanedge_stmw_02_c2r1.tgm,Tiny.V3,29545320,1115
209d3157fe279e9a,oceanedge_stmw_02_c2r1.tgm.header,Tiny.V6,29873423,264
b0f988ffa1613067,oceanedge_stmw_02_c2r2.tgm,Streaming/Content/data/balance/worldareas/A9/mapport.vworld.1,181374,47743
e7cf6c3810358e0f,oceanedge_stmw_02_c2r2.tgm.header,Tiny.V5,29406420,570
47f9b4160d57ee32,oceanedge_stmw_02_c2r3.tgm,Streaming/Content/data/balance/worldareas/9A/mapport.vworld.1,76665,37565
9f6603079a13dedb,oceanedge_stmw_02_c2r3.tgm.header,Tiny.V6,29873687,490
30c88e4dcb433234,oceanedge_stmw_02_c1r1.tgm,Tiny.VE,29652682,707
00051b30154b0d69,oceanedge_stmw_02_c1r1.tgm.header,Tiny.V5,29406156,264
85c98039afecbba5,oceanedge_stmw_02_c1r2.tgm,Streaming/Content/data/balance/worldareas/A8/mapport.vworld,413378,36341
5cea4dfba9115499,oceanedge_stmw_02_c1r2.tgm.header,Tiny.V2,30084109,370
694c5c1b8a64c53a,oceanedge_stmw_02_c1r3.tgm,Tiny.V4,30187109,665
a702679879b28722,oceanedge_stmw_02_c1r3.tgm.header,Tiny.V7,29852902,264
f5802fd6ea857259,oceanedge_stsm_01_c3r1.tgm,Tiny.V4,30188038,2477
2988f016ef7be6e5,oceanedge_stsm_01_c3r1.tgm.header,Tiny.VD,30023133,264
2cfad7f0b2f2f1fe,oceanedge_stsm_01_c3r2.tgm,Streaming/Content/data/balance/worldareas/BE/mapport.vworld,0,59629
002cc424c1fce6fb,oceanedge_stsm_01_c3r2.tgm.header,Tiny.V2,30084479,690
69ca76ae6447f68f,oceanedge_stsm_01_c3r3.tgm,Tiny.V3,29546699,925
54d2d3f980c7aa5f,oceanedge_stsm_01_c3r3.tgm.header,Tiny.VF,30147803,264
65225a6e6baf9c15,oceanedge_stsm_01_c2r1.tgm,Streaming/Content/data/balance/worldareas/3E/mapgeode.vworld,138422,64179
e826f80932f2d6fe,oceanedge_stsm_01_c2r1.tgm.header,Tiny.VA,30153329,410
7f9f9250535c527d,oceanedge_stsm_01_c2r2.tgm,Streaming/Content/data/balance/worldareas/02/mapport.vworld,5592580,97529
561a34c79b3ed95a,oceanedge_stsm_01_c2r2.tgm.header,Tiny.V0,30097342,690
2923b7a3bf2d1018,oceanedge_stsm_01_c2r3.tgm,Tiny.VC,30180830,1427
3574781054f15df7,oceanedge_stsm_01_c2r3.tgm.header,Tiny.V4,30187774,264
d74e63dee6679ace,oceanedge_stsm_01_c1r1.tgm,Streaming/Content/data/balance/worldareas/F1/mapgeode.vworld,536660,34963
923f83540d844a1b,oceanedge_stsm_01_c1r1.tgm.header,Tiny.V8,29807179,490
9bed5d92d963272b,oceanedge_stsm_01_c1r2.tgm,Streaming/Content/data/balance/worldareas/0F/mapport.vworld,0,73679
a505d1186f455757,oceanedge_stsm_01_c1r2.tgm.header,Tiny.V7,29853430,610
821a7cb204200d36,oceanedge_stsm_01_c1r3.tgm,Tiny.VD,30022506,627
1d77d0d3230e6fbb,oceanedge_stsm_01_c1r3.tgm.header,Tiny.V9,30290516,264
34e735bae752d998,oceanedge_stsm_02_c3r1.tgm,Tiny.V2,30085169,623
1618636e86e71a20,oceanedge_stsm_02_c3r1.tgm.header,Tiny.VD,30024174,264
b6882ac913047cb9,oceanedge_stsm_02_c3r2.tgm,Streaming/Content/data/balance/worldareas/0F/mapport.vworld,73679,35117
486baea7432992b5,oceanedge_stsm_02_c3r2.tgm.header,Tiny.V1,29834312,410
352a56b03e7be329,oceanedge_stsm_02_c3r3.tgm,Tiny.V1,29834722,609
295499573724c306,oceanedge_stsm_02_c3r3.tgm.header,Tiny.V3,29548737,264
b3e9359279763148,oceanedge_stsm_02_c2r1.tgm,Tiny.V3,29547624,1113
e3b1a43db90ca340,oceanedge_stsm_02_c2r1.tgm.header,Tiny.V4,30191554,264
0e4d66806e118a90,oceanedge_stsm_02_c2r2.tgm,Streaming/Content/data/balance/worldareas/C0/mapport.vworld,0,45975
1a39545ac43ecde4,oceanedge_stsm_02_c2r2.tgm.header,Tiny.V1,29833782,530
eac504f9f7a935f0,oceanedge_stsm_02_c2r3.tgm,Tiny.VD,30023397,777
11cee3c68a3a1fc6,oceanedge_stsm_02_c2r3.tgm.header,Tiny.VA,30154229,264
2614e61911590428,oceanedge_stsm_02_c1r1.tgm,Streaming/Content/data/balance/worldareas/A9/mapport.vworld.1,229117,19259
df7c9414e59a3c57,oceanedge_stsm_02_c1r1.tgm.header,Tiny.V4,30190515,370
8ceb1013fc2fcffb,oceanedge_stsm_02_c1r2.tgm,Streaming/Content/data/balance/worldareas/83/mapport.vworld,0,38935
b3ad38b16e10046f,oceanedge_stsm_02_c1r2.tgm.header,Tiny.VA,30153739,490
21c9253348246cfa,oceanedge_stsm_02_c1r3.tgm,Tiny.V4,30190885,405
6eed2daf37390dbd,oceanedge_stsm_02_c1r3.tgm.header,Tiny.V4,30191290,264
713f4accffaf45fe,oceanedge_stss_01_c3r1.tgm,Streaming/Content/data/balance/worldareas/23/mapport.vworld,306500,53895
871dc4498784ecee,oceanedge_stss_01_c3r1.tgm.header,Tiny.V7,29854610,530
57a55a3f9b61d4db,oceanedge_stss_01_c3r2.tgm,Streaming/Content/data/balance/worldareas/62/mapport.vworld,750877,44821
36df379bdbaf6d5f,oceanedge_stss_01_c3r2.tgm.header,Tiny.V3,29549001,450
43c702d8ba28b035,oceanedge_stss_01_c3r3.tgm,Tiny.VD,30024703,373
c731bcf4c4d4b7e9,oceanedge_stss_01_c3r3.tgm.header,Tiny.VF,30148477,264
a426fe1018781239,oceanedge_stss_01_c2r1.tgm,Streaming/Content/data/balance/worldareas/27/mapport.vworld,162360,68669
18486e732ee281af,oceanedge_stss_01_c2r1.tgm.header,Tiny.V5,29407254,410
54c42ddc8030b097,oceanedge_stss_01_c2r2.tgm,Streaming/Content/data/balance/worldareas/F6/mapport.vworld,104206,56961
ef833649f832a472,oceanedge_stss_01_c2r2.tgm.header,Tiny.VF,30148067,410
4ea32437e2098dd8,oceanedge_stss_01_c2r3.tgm,Tiny.V4,30191818,265
7a349a6f5bbbed11,oceanedge_stss_01_c2r3.tgm.header,Tiny.V5,29406990,264
b2668c70f7b41f53,oceanedge_stss_01_c1r1.tgm,Streaming/Content/data/balance/worldareas/27/mapport.vworld,136303,26057
e309461e8169b268,oceanedge_stss_01_c1r1.tgm.header,Tiny.V8,29807669,490
59b868345f12e9cf,oceanedge_stss_01_c1r2.tgm,Streaming/Content/data/balance/worldareas/D6/mapport.vworld,0,128725
6e2779ef9be4aed4,oceanedge_stss_01_c1r2.tgm.header,Tiny.V7,29854040,570
3b6b310a93c99c93,oceanedge_stss_01_c1r3.tgm,Tiny.VD,30024438,265
7b9d1d8a2e877513,oceanedge_stss_01_c1r3.tgm.header,Tiny.V5,29406990,264
2044e5212c13ac0b,oceanedge_stsw_01_c3r1.tgm,Streaming/Content/data/balance/worldareas/38/mapport.vworld.1,55109,4723
034360d488ca83f5,oceanedge_stsw_01_c3r1.tgm.header,Tiny.VC,30182257,290
4cd5d4a91f3487f2,oceanedge_stsw_01_c3r2.tgm,Streaming/Content/data/balance/worldareas/BA/mapport.vworld.1,67196,21941
a7688505e1161b60,oceanedge_stsw_01_c3r2.tgm.header,Tiny.VF,30148741,290
29ef8eee98b4d3eb,oceanedge_stsw_01_c3r3.tgm,Streaming/Content/data/balance/worldareas/B2/mapport.vworld,0,69567
1e8a1a7df67105ac,oceanedge_stsw_01_c3r3.tgm.header,Tiny.V0,30098602,410
e24ae01a4f79cf82,oceanedge_stsw_01_c2r1.tgm,Streaming/Content/data/balance/worldareas/29/mapport.vworld.1,0,55321
34de9c0cafe9ffc3,oceanedge_stsw_01_c2r1.tgm.header,Tiny.V0,30098032,570
e69a4b003804dad9,oceanedge_stsw_01_c2r2.tgm,Streaming/Content/data/balance/worldareas/08/mapport.vworld,7856857,136333
3f071cf9a295de05,oceanedge_stsw_01_c2r2.tgm.header,Tiny.V2,30085792,930
41a3b49df468a404,oceanedge_stsw_01_c2r3.tgm,Streaming/Content/data/balance/worldareas/F7/mapport.vworld,0,88119
71ee8add8f103653,oceanedge_stsw_01_c2r3.tgm.header,Tiny.V1,29835331,730
700b26a5d2ab4178,oceanedge_stsw_01_c1r1.tgm,Streaming/Content/data/balance/worldareas/B8/mapport.vworld,55560,64793
f13bfcaf8d93905b,oceanedge_stsw_01_c1r1.tgm.header,Tiny.V8,29808159,490
e74e106f06e5ecbe,oceanedge_stsw_01_c1r2.tgm,Streaming/Content/data/balance/worldareas/67/mapgeode.vworld,47042,93253
1cd84627de201edf,oceanedge_stsw_01_c1r2.tgm.header,Tiny.V3,29549451,690
59c3bbc9ee05ac3e,oceanedge_stsw_01_c1r3.tgm,Streaming/Content/data/balance/worldareas/91/mapport.vworld,80508,13139
a2d7ecaed60de557,oceanedge_stsw_01_c1r3.tgm.header,Tiny.VB,30102420,370
e9e0ca1cd4d52953,oceanedge_stsw_02_c3r1.tgm,Tiny.VE,29653389,927
3c8f71b466f14661,oceanedge_stsw_02_c3r1.tgm.header,Tiny.VA,30155228,264
8b5de2fa265c97e0,oceanedge_stsw_02_c3r2.tgm,Tiny.VF,30149031,1291
1adf1d55448b9541,oceanedge_stsw_02_c3r2.tgm.header,Tiny.VF,30150322,264
f41f6fd64538ee3d,oceanedge_stsw_02_c3r3.tgm,Streaming/Content/data/balance/worldareas/FC/mapport.vworld.1,55271,45257
bdf2069c069ec0e1,oceanedge_stsw_02_c3r3.tgm.header,Tiny.VA,30155492,370
2f3317bd0a2fc130,oceanedge_stsw_02_c2r1.tgm,Streaming/Content/data/balance/worldareas/62/mapport.vworld,795698,7081
da00f23a2666f45b,oceanedge_stsw_02_c2r1.tgm.header,Tiny.V2,30086722,330
fbb58f7dbb685de7,oceanedge_stsw_02_c2r2.tgm,Streaming/Content/data/balance/worldareas/D5/mapport.vworld,2819247,53885
2751f74488119301,oceanedge_stsw_02_c2r2.tgm.header,Tiny.V2,30087052,370
04571d74824081e8,oceanedge_stsw_02_c2r3.tgm,Streaming/Content/data/balance/worldareas/91/mapport.vworld,93647,25521
fa3c26bacd14f51a,oceanedge_stsw_02_c2r3.tgm.header,Tiny.VA,30154898,330
763413b95b596713,oceanedge_stsw_02_c1r1.tgm,Streaming/Content/data/balance/worldareas/9E/mapport.vworld,2004612,19493
264c90d2cdcbe971,oceanedge_stsw_02_c1r1.tgm.header,Tiny.VD,30025076,290
797b00aeb4a518de,oceanedge_stsw_02_c1r2.tgm,Streaming/Content/data/balance/worldareas/7B/g4_8a.vworld,500143,35087
3929b928e3b4e1df,oceanedge_stsw_02_c1r2.tgm.header,Tiny.V6,29874587,290
f9b1d284c0477962,oceanedge_stsw_02_c1r3.tgm,Tiny.VA,30154493,405
1d13e9abe2ed5a2d,oceanedge_stsw_02_c1r3.tgm.header,Tiny.V7,29855140,264
d328e8222213368d,oceanedge_stww_01_c3r1.tgm,Tiny.V0,30099012,677
fb5445830782a718,oceanedge_stww_01_c3r1.tgm.header,Tiny.V6,29874877,264
35f4c32b2ba82dae,oceanedge_stww_01_c3r2.tgm,Tiny.VB,30103791,1217
fc41c59d605cb725,oceanedge_stww_01_c3r2.tgm.header,Tiny.VF,30150586,264
7ed4bc6be6f12877,oceanedge_stww_01_c3r3.tgm,Streaming/Content/data/balance/worldareas/35/mapport.vworld,21409,50069
05d32f55030a70d6,oceanedge_stww_01_c3r3.tgm.header,Tiny.V3,29550405,330
a81abc37b03716e4,oceanedge_stww_01_c2r1.tgm,Tiny.V8,29808913,785
8faeb1b0f371f2ca,oceanedge_stww_01_c2r1.tgm.header,Tiny.V3,29550141,264
c847097312f6f477,oceanedge_stww_01_c2r2.tgm,Tiny.VB,30102790,1001
00dd587e4e747ea4,oceanedge_stww_01_c2r2.tgm.header,Tiny.VA,30155862,264
06d410067e32f075,oceanedge_stww_01_c2r3.tgm,Streaming/Content/data/balance/worldareas/0D/mapport.vworld,51570,65193
e5205bb6d564ca20,oceanedge_stww_01_c2r3.tgm.header,Tiny.V4,30193250,330
066a695b2e22b9fe,oceanedge_stww_01_c1r1.tgm,Tiny.V4,30192083,677
b876a71624f665c4,oceanedge_stww_01_c1r1.tgm.header,Tiny.VC,30182547,264
4ebc1460c8122c31,oceanedge_stww_01_c1r2.tgm,Tiny.V5,29407664,677
14961d41803341bd,oceanedge_stww_01_c1r2.tgm.header,Tiny.V8,29808649,264
dc139ce67297e47d,oceanedge_stww_01_c1r3.tgm,Streaming/Content/data/balance/worldareas/C9/mapport.vworld.1,0,135593
e9bdda8b778977dd,oceanedge_stww_01_c1r3.tgm.header,Tiny.V4,30192760,490
6b56985e66e9fafa,oceanedge_cvmm_01_c3r1.tgm,Tiny.V3,29540390,995
f1d0e532ee815dcb,oceanedge_cvmm_01_c3r1.tgm.header,Tiny.VF,30143736,264
042b91c70e755cb3,oceanedge_cvmm_01_c3r2.tgm,Tiny.V3,29541385,1569
993f440b986dd831,oceanedge_cvmm_01_c3r2.tgm.header,Tiny.VA,30151557,264
836b2103e6edf5cc,oceanedge_cvmm_01_c3r3.tgm,Tiny.V7,29846995,1281
e73965e4984795d7,oceanedge_cvmm_01_c3r3.tgm.header,Tiny.VE,29648906,264
6400a8b3cffca9d7,oceanedge_cvmm_01_c2r1.tgm,Streaming/Content/data/balance/worldareas/32/mapport.vworld,783766,45053
750aebf31f54b56a,oceanedge_cvmm_01_c2r1.tgm.header,Tiny.VC,30173230,490
d9243c988ebf2217,oceanedge_cvmm_01_c2r2.tgm,Streaming/Content/data/balance/worldareas/5D/g4_8a.vworld,348392,181669
54f97250195f212a,oceanedge_cvmm_01_c2r2.tgm.header,Tiny.VE,29648016,890
2c3b45a37aa320c6,oceanedge_cvmm_01_c2r3.tgm,Tiny.V2,30080547,1293
5b8c66720098122e,oceanedge_cvmm_01_c2r3.tgm.header,Tiny.V1,29825385,264
240646d740d079fc,oceanedge_cvmm_01_c1r1.tgm,Tiny.VC,30172235,731
5aea0199fd83d089,oceanedge_cvmm_01_c1r1.tgm.header,Tiny.VF,30143472,264
ebe148df1b30759b,oceanedge_cvmm_01_c1r2.tgm,Streaming/Content/data/balance/worldareas/58/mapport.vworld,0,52489
5d0a9ff0a3f58858,oceanedge_cvmm_01_c1r2.tgm.header,Tiny.V5,29402788,370
e5ea854bbb08e35c,oceanedge_cvmm_01_c1r3.tgm,Tiny.V1,29824466,919
10d9ea13e0d920e9,oceanedge_cvmm_01_c1r3.tgm.header,Tiny.VC,30172966,264
53e574419e19b0b4,oceanedge_cvmw_01_c3r1.tgm,Streaming/Content/data/balance/worldareas/00/mapport.vworld,8131,41715
a669df5a6077ed75,oceanedge_cvmw_01_c3r1.tgm.header,Tiny.V9,30288224,330
14be2bd8b0de09b3,oceanedge_cvmw_01_c3r2.tgm,Streaming/Content/data/balance/worldareas/8D/mapport.vworld,1522427,56635
545f8555984303b7,oceanedge_cvmw_01_c3r2.tgm.header,Tiny.VF,30144610,650
d44d1795b09cb1f0,oceanedge_cvmw_01_c3r3.tgm,Streaming/Content/data/balance/worldareas/76/mapport.vworld,247659,28023
6f827065d570ba78,oceanedge_cvmw_01_c3r3.tgm.header,Tiny.V6,29870838,450
787fbc2ef265fc85,oceanedge_cvmw_01_c2r1.tgm,Tiny.VC,30173720,1383
22801352fbfe6fde,oceanedge_cvmw_01_c2r1.tgm.header,Tiny.V2,30082104,290
fed3f523648e2162,oceanedge_cvmw_01_c2r2.tgm,Streaming/Content/data/balance/worldareas/52/mapgeode.vworld,76789,69127
2fb011747bc4e78f,oceanedge_cvmw_01_c2r2.tgm.header,Tiny.VF,30144000,610
6bd5f3e2fad06cf7,oceanedge_cvmw_01_c2r3.tgm,Streaming/Content/data/balance/worldareas/1E/mapgeode.vworld,334218,46347
d19ece32859b45ab,oceanedge_cvmw_01_c2r3.tgm.header,Tiny.V7,29848276,570
a1ac2b68db15017f,oceanedge_cvmw_01_c1r1.tgm,Tiny.V1,29825649,975
f1f0b62d8ec42ed1,oceanedge_cvmw_01_c1r1.tgm.header,Tiny.VD,30019675,264
7654c3e9e6441441,oceanedge_cvmw_01_c1r2.tgm,Streaming/Content/data/balance/worldareas/FF/g4_8a.vworld,650124,44005
56444efe7e7e3169,oceanedge_cvmw_01_c1r2.tgm.header,Tiny.V5,29403158,330
e01ee833cf07cf18,oceanedge_cvmw_01_c1r3.tgm,Tiny.V9,30286707,1517
3890fb4618231f00,oceanedge_cvmw_01_c1r3.tgm.header,Tiny.V2,30081840,264
c051fe2bcf6f97f8,oceanedge_cvsm_01_c3r1.tgm,Tiny.V3,29542954,963
a4f15d72ce258166,oceanedge_cvsm_01_c3r1.tgm.header,Tiny.V1,29826994,264
09ffcf0fd3d49043,oceanedge_cvsm_01_c3r2.tgm,Tiny.VC,30175103,1691
11b8869de6ce39d2,oceanedge_cvsm_01_c3r2.tgm.header,Tiny.V6,29871288,264
409867e98376f06f,oceanedge_cvsm_01_c3r3.tgm,Tiny.VF,30145260,373
340638db1f161f9f,oceanedge_cvsm_01_c3r3.tgm.header,Tiny.VF,30145897,264
11c4fc730a05b82b,oceanedge_cvsm_01_c2r1.tgm,Streaming/Content/data/balance/worldareas/C6/mapport.vworld,320134,104667
30ec59a32bc14f69,oceanedge_cvsm_01_c2r1.tgm.header,Tiny.V4,30184662,570
08156062b03585e9,oceanedge_cvsm_01_c2r2.tgm,Streaming/Content/data/balance/worldareas/F6/mapport.vworld,47005,57201
50e7abe5948abd85,oceanedge_cvsm_01_c2r2.tgm.header,Tiny.V2,30082394,410
4782d32fa390c951,oceanedge_cvsm_01_c2r3.tgm,Tiny.VB,30097991,265
521d3f23ea02720c,oceanedge_cvsm_01_c2r3.tgm.header,Tiny.VF,30145633,264
f2def7c04fc3b9ba,oceanedge_cvsm_01_c1r1.tgm,Streaming/Content/data/balance/worldareas/94/mapport.vworld,6028749,63523
e230fa811949ab24,oceanedge_cvsm_01_c1r1.tgm.header,Tiny.V1,29826624,370
9b0735df55062f11,oceanedge_cvsm_01_c1r2.tgm,Streaming/Content/data/balance/worldareas/1B/mapport.vworld,40545,53651
a53685c1b78c0f28,oceanedge_cvsm_01_c1r2.tgm.header,Tiny.V7,29848846,410
ed6c9f2255773e4a,oceanedge_cvsm_01_c1r3.tgm,Tiny.VD,30020203,265
c77e6c7f68b44a51,oceanedge_cvsm_01_c1r3.tgm.header,Tiny.VF,30145633,264
3db29f1a484ae2b3,oceanedge_cvss_01_c3r1.tgm,Tiny.VC,30176794,373
5d0a42dc4163aed1,oceanedge_cvss_01_c3r1.tgm.header,Tiny.VD,30019939,264
265bde3427ffe2f8,oceanedge_cvss_01_c3r2.tgm,Tiny.V0,30094857,643
2b95cedcc191918a,oceanedge_cvss_01_c3r2.tgm.header,Tiny.V9,30288554,264
c154c14e6183bd05,oceanedge_cvss_01_c3r3.tgm,Tiny.V4,30185232,373
20e5aeace37791ea,oceanedge_cvss_01_c3r3.tgm.header,Tiny.VF,30145897,264
9d69fb22f48a2ef8,oceanedge_cvss_01_c2r1.tgm,Streaming/Content/data/balance/worldareas/85/mapuberboss_ritual.vworld,739517,34311
7b46cdaecdfc9586,oceanedge_cvss_01_c2r1.tgm.header,Tiny.VB,30098256,450
47ec0a1d8766e6f8,oceanedge_cvss_01_c2r2.tgm,Streaming/Content/data/balance/worldareas/43/mapport.vworld,5592580,6189
077d047a67931423,oceanedge_cvss_01_c2r2.tgm.header,Tiny.VB,30098706,370
860fa3c8ea815a62,oceanedge_cvss_01_c2r3.tgm,Tiny.V8,29805429,265
50779a05c1c4a0e4,oceanedge_cvss_01_c2r3.tgm.header,Tiny.VF,30145633,264
d8ace25ee01a9574,oceanedge_cvss_01_c1r1.tgm,Streaming/Content/data/balance/worldareas/D3/mapport.vworld,3080255,37461
ba68dbb0cc4fc434,oceanedge_cvss_01_c1r1.tgm.header,Tiny.V6,29871552,530
f9a62ad28b30018c,oceanedge_cvss_01_c1r2.tgm,Streaming/Content/data/balance/worldareas/91/mapport.vworld,39287,41221
e1e07dea9f854ec7,oceanedge_cvss_01_c1r2.tgm.header,Tiny.V5,29403488,490
e5faf59cb4b0bd30,oceanedge_cvss_01_c1r3.tgm,Tiny.V0,30094592,265
a0795318f965ec15,oceanedge_cvss_01_c1r3.tgm.header,Tiny.VF,30145633,264
34eba2b2b60831cc,oceanedge_cvsw_01_c3r1.tgm,Streaming/Content/data/balance/worldareas/8C/mapport.vworld,74589,74527
5875c01cc25c8aaf,oceanedge_cvsw_01_c3r1.tgm.header,Tiny.VE,29649170,650
7e6392ed94e5a5d4,oceanedge_cvsw_01_c3r2.tgm,Streaming/Content/data/balance/worldareas/62/mapport.vworld,699896,50981
2b8a45ca4015a4a9,oceanedge_cvsw_01_c3r2.tgm.header,Tiny.V1,29827748,490
6d082b5ce068020d,oceanedge_cvsw_01_c3r3.tgm,Tiny.VC,30177697,373
9efe232f3f2a4401,oceanedge_cvsw_01_c3r3.tgm.header,Tiny.VF,30145897,264
5c39ea488a3ca361,oceanedge_cvsw_01_c2r1.tgm,Streaming/Content/data/balance/worldareas/B3/mapport.vworld,0,28901
1ad5e2d90d8f4ef9,oceanedge_cvsw_01_c2r1.tgm.header,Tiny.VD,30020468,410
a73ff05f063c85b2,oceanedge_cvsw_01_c2r2.tgm,Streaming/Content/data/balance/worldareas/3A/g2_9_1.vworld,166567,73113
710b1685d3247229,oceanedge_cvsw_01_c2r2.tgm.header,Tiny.V1,29827258,490
dd8f6c641a1daadd,oceanedge_cvsw_01_c2r3.tgm,Tiny.V8,29805429,265
65fcf4b99e51bcfd,oceanedge_cvsw_01_c2r3.tgm.header,Tiny.VF,30145633,264
96fbec32d722ad03,oceanedge_cvsw_01_c1r1.tgm,Streaming/Content/data/balance/worldareas/E8/mapport.vworld.1,0,25421
5113900ac6888031,oceanedge_cvsw_01_c1r1.tgm.header,Tiny.V5,29403978,450
c6f3e42be4afc296,oceanedge_cvsw_01_c1r2.tgm,Streaming/Content/data/balance/worldareas/E5/mapport.vworld,0,112321
d4a7180c014403a5,oceanedge_cvsw_01_c1r2.tgm.header,Tiny.VC,30177167,530
9590235d50564030,oceanedge_cvsw_01_c1r3.tgm,Tiny.VD,30020203,265
611085d3e50531ac,oceanedge_cvsw_01_c1r3.tgm.header,Tiny.VF,30145633,264
e17435159120b8a0,oceanedge_cvww_01_c3r1.tgm,Streaming/Content/data/balance/worldareas/1C/mapport.vworld,42177,39415
0470b5c7a6e16229,oceanedge_cvww_01_c3r1.tgm.header,Tiny.VA,30152391,410
36849a2e24220310,oceanedge_cvww_01_c3r2.tgm,Streaming/Content/data/balance/worldareas/13/g4_8a.vworld,456386,51675
7c78b6795d67b3de,oceanedge_cvww_01_c3r2.tgm.header,Tiny.V5,29405213,570
f90b7eb36e87d355,oceanedge_cvww_01_c3r3.tgm,Streaming/Content/data/balance/worldareas/50/mapport.vworld,1420676,76857
0f9e20c3324a54af,oceanedge_cvww_01_c3r3.tgm.header,Tiny.VE,29649820,690
31735ec7f7225882,oceanedge_cvww_01_c2r1.tgm,Tiny.V9,30288818,1325
bc3dbe257126fb20,oceanedge_cvww_01_c2r1.tgm.header,Tiny.VF,30146161,264
23c0438dae0044aa,oceanedge_cvww_01_c2r2.tgm,Tiny.VB,30099076,1865
078fe3bb25573754,oceanedge_cvww_01_c2r2.tgm.header,Tiny.VD,30020878,264
25a445450da3bcb4,oceanedge_cvww_01_c2r3.tgm,Streaming/Content/data/balance/worldareas/27/mapport.vworld,37500,98803
70895a486c8362fc,oceanedge_cvww_01_c2r3.tgm.header,Tiny.V3,29544181,610
466368ac2bc38ad3,oceanedge_cvww_01_c1r1.tgm,Tiny.V5,29404428,785
d1c9ff22982c6ac5,oceanedge_cvww_01_c1r1.tgm.header,Tiny.V3,29543917,264
a3a50c10c9759b1f,oceanedge_cvww_01_c1r2.tgm,Tiny.V0,30095500,785
68d942ae711056bf,oceanedge_cvww_01_c1r2.tgm.header,Tiny.V8,29805694,264
e5ebc8a3235792ea,oceanedge_cvww_01_c1r3.tgm,Streaming/Content/data/balance/worldareas/69/mapport.vworld,5592580,87631
756e0fb83f93725a,oceanedge_cvww_01_c1r3.tgm.header,Tiny.VA,30151821,570
ca8d308ffd0c332e,oceanedge_ccmm_01_c3r1.tgm,Tiny.V5,29399145,677
8dd63e1cfc11fd44,oceanedge_ccmm_01_c3r1.tgm.header,Tiny.VF,30141751,264
a0e66befa2aad1f2,oceanedge_ccmm_01_c3r2.tgm,Tiny.V7,29844138,1533
2e89657cdff3664a,oceanedge_ccmm_01_c3r2.tgm.header,Tiny.V5,29399822,290
444e1adc05f97442,oceanedge_ccmm_01_c3r3.tgm,Tiny.V6,29867400,1369
ea82693c6eb841e7,oceanedge_ccmm_01_c3r3.tgm.header,Tiny.V9,30286179,264
48033f5039f548c5,oceanedge_ccmm_01_c2r1.tgm,Tiny.V3,29538226,1115
2b9b8b48788febca,oceanedge_ccmm_01_c2r1.tgm.header,Tiny.VF,30141487,264
aa84c7b7b1c5fbda,oceanedge_ccmm_01_c2r2.tgm,Streaming/Content/data/balance/worldareas/0B/mapport.vworld,0,23699
5c4b4368246e4050,oceanedge_ccmm_01_c2r2.tgm.header,Tiny.V0,30090674,490
52befc7983474b0b,oceanedge_ccmm_01_c2r3.tgm,Streaming/Content/data/balance/worldareas/ED/mapport.vworld.1,0,42241
b125c72105ed1bb9,oceanedge_ccmm_01_c2r3.tgm.header,Tiny.VB,30094651,370
f3a3a2ac68016b57,oceanedge_ccmm_01_c1r1.tgm,Tiny.VB,30093362,1289
a5c641b9b357fb41,oceanedge_ccmm_01_c1r1.tgm.header,Tiny.V9,30285915,264
392f6f58a67f91dc,oceanedge_ccmm_01_c1r2.tgm,Streaming/Content/data/balance/worldareas/B5/mapport.vworld,7067599,43965
68aaa657fc476f10,oceanedge_ccmm_01_c1r2.tgm.header,Tiny.V8,29804835,330
4edfc0753899ee39,oceanedge_ccmm_01_c1r3.tgm,Tiny.V7,29842647,1491
f3067dcce5534dc4,oceanedge_ccmm_01_c1r3.tgm.header,Tiny.VC,30170035,264
c974408212a272b1,oceanedge_ccmw_01_c3r1.tgm,Tiny.VC,30170299,623
9fb2cd08929a6ba2,oceanedge_ccmw_01_c3r1.tgm.header,Tiny.VB,30095836,264
5b2bdfe115d9e567,oceanedge_ccmw_01_c3r2.tgm,Streaming/Content/data/balance/worldareas/00/mapport.vworld,0,8131
dab72c3ec7c668de,oceanedge_ccmw_01_c3r2.tgm.header,Tiny.V4,30183027,370
1f058c20153805ec,oceanedge_ccmw_01_c3r3.tgm,Streaming/Content/data/balance/worldareas/72/mapport.vworld,491969,15183
db4c438335c1f307,oceanedge_ccmw_01_c3r3.tgm.header,Tiny.V2,30077599,330
95a9200b364b5ab3,oceanedge_ccmw_01_c2r1.tgm,Tiny.VB,30095021,815
de22fe167fccdca2,oceanedge_ccmw_01_c2r1.tgm.header,Tiny.V4,30182763,264
517cc863ec8337fd,oceanedge_ccmw_01_c2r2.tgm,Streaming/Content/data/balance/worldareas/23/mapport.vworld,173841,132659
51a3f92ed33de187,oceanedge_ccmw_01_c2r2.tgm.header,Tiny.V7,29845671,770
f930a6d828233574,oceanedge_ccmw_01_c2r3.tgm,Streaming/Content/data/balance/worldareas/FD/mapport.vworld,394134,38363
1e6a64a70923ab38,oceanedge_ccmw_01_c2r3.tgm.header,Tiny.VE,29647606,410
5c7bb1ff78f1b117,oceanedge_ccmw_01_c1r1.tgm,Tiny.V2,30076838,761
56734de3ec8e8c25,oceanedge_ccmw_01_c1r1.tgm.header,Tiny.V4,30182499,264
238f327a976a579e,oceanedge_ccmw_01_c1r2.tgm,Streaming/Content/data/balance/worldareas/D0/mapport.vworld,0,102617
f4e790d48b7d1478,oceanedge_ccmw_01_c1r2.tgm.header,Tiny.V1,29818509,690
41f3611703e14c0a,oceanedge_ccmw_01_c1r3.tgm,Tiny.V6,29868769,1159
f0c3413107678fe2,oceanedge_ccmw_01_c1r3.tgm.header,Tiny.VA,30149308,264
20eb0f61e60f4908,oceanedge_ccsm_01_c3r1.tgm,Tiny.VD,30017021,677
1cb894194a93d811,oceanedge_ccsm_01_c3r1.tgm.header,Tiny.VA,30149572,264
9e748762654576d3,oceanedge_ccsm_01_c3r2.tgm,Tiny.V2,30077929,1217
50ca92242c039e0d,oceanedge_ccsm_01_c3r2.tgm.header,Tiny.V9,30286443,264
85defcf257150aa4,oceanedge_ccsm_01_c3r3.tgm,Tiny.V2,30079146,873
9ea475e03c5a2cad,oceanedge_ccsm_01_c3r3.tgm.header,Tiny.VC,30171971,264
84ae63189f37afb4,oceanedge_ccsm_01_c2r1.tgm,Tiny.VC,30171186,785
9269a4ef3afd0285,oceanedge_ccsm_01_c2r1.tgm.header,Tiny.VD,30019411,264
9d48e941fce01503,oceanedge_ccsm_01_c2r2.tgm,Tiny.V0,30091428,1001
72342836014515ab,oceanedge_ccsm_01_c2r2.tgm.header,Tiny.V2,30080019,264
aeba9dd828999611,oceanedge_ccsm_01_c2r3.tgm,Streaming/Content/data/balance/worldareas/67/mapgeode.vworld,18233,28809
31ace249537f629d,oceanedge_ccsm_01_c2r3.tgm.header,Tiny.VB,30096100,410
6e11ff07bea038b5,oceanedge_ccsm_01_c1r1.tgm,Tiny.V5,29400112,677
9173ab7b72dcf17c,oceanedge_ccsm_01_c1r1.tgm.header,Tiny.V0,30091164,264
a1904c2128fd8071,oceanedge_ccsm_01_c1r2.tgm,Tiny.VF,30142015,677
f304d3f1771e93ef,oceanedge_ccsm_01_c1r2.tgm.header,Tiny.VC,30170922,264
1e442eb5bdd173a1,oceanedge_ccsm_01_c1r3.tgm,Streaming/Content/data/balance/worldareas/7F/mapport.vworld,2256132,44127
28b2e1a10b3e6bd7,oceanedge_ccsm_01_c1r3.tgm.header,Tiny.V6,29869928,330
d58b4a5bcae251bf,oceanedge_ccss_01_c3r1.tgm,Tiny.V1,29819728,3731
a4215c8d9557b5ad,oceanedge_ccss_01_c3r1.tgm.header,Tiny.V6,29870258,290
1e36d779f0f31d4d,oceanedge_ccss_01_c3r2.tgm,Streaming/Content/data/balance/worldareas/D5/mapport.vworld,2796388,22859
c00111a2faa7705e,oceanedge_ccss_01_c3r2.tgm.header,Tiny.V1,29823459,330
fb26f6ccad82fc9e,oceanedge_ccss_01_c3r3.tgm,Streaming/Content/data/balance/worldareas/AA/mapport.vworld,5984024,14803
40d65fa3a3b9d02c,oceanedge_ccss_01_c3r3.tgm.header,Tiny.V4,30183397,264
7bc778a687d43dd0,oceanedge_ccss_01_c2r1.tgm,Streaming/Content/data/balance/worldareas/DC/mapport.vworld,200412,23095
25f8a58a87d54010,oceanedge_ccss_01_c2r1.tgm.header,Tiny.VF,30142692,290
fee7839054a164bf,oceanedge_ccss_01_c2r2.tgm,Streaming/Content/data/balance/worldareas/24/mapport.vworld,0,71005
023cb470e5459e91,oceanedge_ccss_01_c2r2.tgm.header,Tiny.V0,30092429,330
a7946db8a14f37a9,oceanedge_ccss_01_c2r3.tgm,Streaming/Content/data/balance/worldareas/96/mapport.vworld,607551,35775
2b141cf7cbb3408d,oceanedge_ccss_01_c2r3.tgm.header,Tiny.V7,29846441,264
2898b28a81cf3e4c,oceanedge_ccss_01_c1r1.tgm,Streaming/Content/data/balance/worldareas/B4/g4_8a.vworld,204633,21641
430432426e80389d,oceanedge_ccss_01_c1r1.tgm.header,Tiny.VB,30096510,264
b8046f647c718fa4,oceanedge_ccss_01_c1r2.tgm,Streaming/Content/data/balance/worldareas/91/mapport.vworld,0,39287
973fb5d12706d7ab,oceanedge_ccss_01_c1r2.tgm.header,Tiny.V8,29805165,264
a911853f45f3bf4e,oceanedge_ccss_01_c1r3.tgm,Tiny.V1,29819199,265
8c135869bece7dd5,oceanedge_ccss_01_c1r3.tgm.header,Tiny.V1,29819464,264
bbb09f9abdbecf87,oceanedge_ccww_01_c3r1.tgm,Tiny.V1,29823789,677
da199d8a5e604ef3,oceanedge_ccww_01_c3r1.tgm.header,Tiny.V2,30080283,264
040400a62a562691,oceanedge_ccww_01_c3r2.tgm,Tiny.VB,30096774,1217
820bb95275db33d8,oceanedge_ccww_01_c3r2.tgm.header,Tiny.V5,29402524,264
503bccf38d947a0e,oceanedge_ccww_01_c3r3.tgm,Tiny.VA,30149836,1721
d4e7ec838fc9c132,oceanedge_ccww_01_c3r3.tgm.header,Tiny.V7,29846705,290
be709cd4ac94dc07,oceanedge_ccww_01_c2r1.tgm,Tiny.V3,29539605,785
81771d8ec5dac491,oceanedge_ccww_01_c2r1.tgm.header,Tiny.VD,30019411,264
3d07c7445dd3f05a,oceanedge_ccww_01_c2r2.tgm,Tiny.V4,30183661,1001
d717fea7f406b062,oceanedge_ccww_01_c2r2.tgm.header,Tiny.V2,30080019,264
9301f5d178e19c80,oceanedge_ccww_01_c2r3.tgm,Tiny.V0,30092759,1833
e41ee30f95357d01,oceanedge_ccww_01_c2r3.tgm.header,Tiny.V6,29870548,290
1fbb1d597d1f50c6,oceanedge_ccww_01_c1r1.tgm,Tiny.V5,29400789,1471
d759d000b3c41bfb,oceanedge_ccww_01_c1r1.tgm.header,Tiny.V5,29402260,264
be179113c431d19b,oceanedge_ccww_01_c1r2.tgm,Tiny.VD,30017698,1713
1d4451ae4e2715ea,oceanedge_ccww_01_c1r2.tgm.header,Tiny.V3,29539341,264
e9e1de8514a8f126,oceanedge_ccww_01_c1r3.tgm,Streaming/Content/data/balance/worldareas/38/mapport.vworld.1,0,55109
892d0a21152b7a7f,oceanedge_ccww_01_c1r3.tgm.header,Tiny.VF,30142982,490
67ca841e19ee9ac8,tropicalcoast_fill_01_c3r1.tgm,Tiny.VB,30161955,319
6aa49f7344c23bcc,tropicalcoast_fill_01_c3r1.tgm.header,Tiny.V6,29906115,264
c93380bd1a8ec8dc,tropicalcoast_fill_01_c3r2.tgm,Tiny.V3,29574456,373
5df22e901d7d5ac1,tropicalcoast_fill_01_c3r2.tgm.header,Tiny.V4,30228581,264
70645ad2172e40e4,tropicalcoast_fill_01_c3r3.tgm,Tiny.V1,29867612,265
25e0b84400c9e0e6,tropicalcoast_fill_01_c3r3.tgm.header,Tiny.V9,30346361,264
89e80f1c7fd95d64,tropicalcoast_fill_01_c2r1.tgm,Tiny.V3,29573975,481
a75ae056279e781b,tropicalcoast_fill_01_c2r1.tgm.header,Tiny.V8,29853059,264
c61d405dddea2836,tropicalcoast_fill_01_c2r2.tgm,Tiny.V1,29866813,535
0d17ae921ad2f5d7,tropicalcoast_fill_01_c2r2.tgm.header,Tiny.V0,30134473,264
f4b56398d99b5812,tropicalcoast_fill_01_c2r3.tgm,Tiny.V9,30346042,319
8f65df6e438ce075,tropicalcoast_fill_01_c2r3.tgm.header,Tiny.V1,29867348,264
bc9328965d51b1ff,tropicalcoast_fill_01_c1r1.tgm,Tiny.VE,29707199,589
fd0de18c538a15af,tropicalcoast_fill_01_c1r1.tgm.header,Tiny.V1,29866122,264
68a69b4adf22d93f,tropicalcoast_fill_01_c1r2.tgm,Tiny.V4,30227938,643
f64a18ea4c55bd28,tropicalcoast_fill_01_c1r2.tgm.header,Tiny.VE,29707788,264
9cc08d0edddb7fc1,tropicalcoast_fill_01_c1r3.tgm,Tiny.V1,29866386,427
26cacec07e8c1231,tropicalcoast_fill_01_c1r3.tgm.header,Tiny.V0,30134209,264
254d42529c029ce0,tropicalcoast_ccmm_01_c3r1.tgm,Tiny.V3,29566225,1153
e23f97df5b8dc481,tropicalcoast_ccmm_01_c3r1.tgm.header,Tiny.V6,29899705,264
baabe94a01775dff,tropicalcoast_ccmm_01_c3r2.tgm,Streaming/Content/data/balance/worldareas/66/mapport.vworld,1242637,4891
5f77c1f18801bce3,tropicalcoast_ccmm_01_c3r2.tgm.header,Tiny.V2,30115460,264
133e3e202ec159a8,tropicalcoast_ccmm_01_c3r3.tgm,Tiny.VF,30172734,3979
3e2a8641bd33b034,tropicalcoast_ccmm_01_c3r3.tgm.header,Tiny.V4,30218509,264
043c5008c762364b,tropicalcoast_ccmm_01_c2r1.tgm,Tiny.V3,29564940,1021
4d0ab23e5c01a18f,tropicalcoast_ccmm_01_c2r1.tgm.header,Tiny.V3,29565961,264
74c482340a84ecff,tropicalcoast_ccmm_01_c2r2.tgm,Tiny.V2,30111775,3685
4ed0881e969a5c13,tropicalcoast_ccmm_01_c2r2.tgm.header,Tiny.VF,30172470,264
63172c389251b1bc,tropicalcoast_ccmm_01_c2r3.tgm,Streaming/Content/data/balance/worldareas/AE/mapport.vworld,4480648,5593
02972a1aaaa8c832,tropicalcoast_ccmm_01_c2r3.tgm.header,Tiny.V8,29836246,264
90a6922e80745db8,tropicalcoast_ccmm_01_c1r1.tgm,Tiny.V2,30111366,409
232369e77fac6a87,tropicalcoast_ccmm_01_c1r1.tgm.header,Tiny.VB,30122600,264
37c3ee409431bb48,tropicalcoast_ccmm_01_c1r2.tgm,Tiny.VC,30214568,1057
f16e64671a82cadb,tropicalcoast_ccmm_01_c1r2.tgm.header,Tiny.V4,30218245,264
6f2aaea61ac0601c,tropicalcoast_ccmm_01_c1r3.tgm,Tiny.V5,29453368,1855
31f8c5ad7804912f,tropicalcoast_ccmm_01_c1r3.tgm.header,Tiny.V5,29455223,264
d95b448c7ad63f5a,tropicalcoast_ccsm_01_c3r1.tgm,Tiny.VB,30129976,1513
1c9351a3291e3c0e,tropicalcoast_ccsm_01_c3r1.tgm.header,Tiny.VF,30176713,264
f54fdde587f203f2,tropicalcoast_ccsm_01_c3r2.tgm,Tiny.V6,29899969,3199
364a1a8a8ebe9366,tropicalcoast_ccsm_01_c3r2.tgm.header,Tiny.VB,30131489,264
c4477ee6d8a6183a,tropicalcoast_ccsm_01_c3r3.tgm,Tiny.V3,29567378,2533
a622ac429611d731,tropicalcoast_ccsm_01_c3r3.tgm.header,Tiny.VB,30131753,264
459e882f18f86053,tropicalcoast_ccsm_01_c2r1.tgm,Tiny.V5,29456015,2299
a3464ec2105669b0,tropicalcoast_ccsm_01_c2r1.tgm.header,Tiny.V9,30329555,264
1133961862eedf81,tropicalcoast_ccsm_01_c2r2.tgm,Tiny.V9,30329819,2911
919bf71deda72867,tropicalcoast_ccsm_01_c2r2.tgm.header,Tiny.VB,30125991,264
eeac79e8121caba0,tropicalcoast_ccsm_01_c2r3.tgm,Tiny.VB,30126255,3721
05b005e11d1f787e,tropicalcoast_ccsm_01_c2r3.tgm.header,Tiny.V0,30117253,264
eddb988443b0b086,tropicalcoast_ccsm_01_c1r1.tgm,Tiny.V1,29862322,1573
c06c2808d7eee952,tropicalcoast_ccsm_01_c1r1.tgm.header,Tiny.VE,29686449,264
33423910db5ed753,tropicalcoast_ccsm_01_c1r2.tgm,Tiny.VC,30215625,2671
b6bb1e7e5fb8f41d,tropicalcoast_ccsm_01_c1r2.tgm.header,Tiny.V5,29455487,264
4e781b3cd7139de9,tropicalcoast_ccsm_01_c1r3.tgm,Tiny.VB,30122864,3127
6bbdfe544fcdcf52,tropicalcoast_ccsm_01_c1r3.tgm.header,Tiny.V5,29455751,264
494adeef53cef492,tropicalcoast_ccss_01_c3r1.tgm,Tiny.V5,29458578,2893
5d4ff9cebb410122,tropicalcoast_ccss_01_c3r1.tgm.header,Tiny.V3,29570175,264
dd27afc2c4f462d1,tropicalcoast_ccss_01_c3r2.tgm,Tiny.V5,29461471,3811
98eadd9825a62f4f,tropicalcoast_ccss_01_c3r2.tgm.header,Tiny.V9,30332730,264
0d99b47a15d1d3ed,tropicalcoast_ccss_01_c3r3.tgm,Tiny.VA,30187484,2113
13102a375ffa9973,tropicalcoast_ccss_01_c3r3.tgm.header,Tiny.V4,30219037,264
2bcf92bf65eface8,tropicalcoast_ccss_01_c2r1.tgm,Tiny.V7,29876803,4039
62971c3f1d00da0b,tropicalcoast_ccss_01_c2r1.tgm.header,Tiny.VB,30135834,264
e05230b49769086f,tropicalcoast_ccss_01_c2r2.tgm,Streaming/Content/data/balance/worldareas/AF/mapport.vworld,89796,5413
e1f19525ef28cd9c,tropicalcoast_ccss_01_c2r2.tgm.header,Tiny.V5,29458314,264
5e3f40623e619dee,tropicalcoast_ccss_01_c2r3.tgm,Streaming/Content/data/balance/worldareas/6F/mapport.vworld,426556,4999
d422f599ab3dc597,tropicalcoast_ccss_01_c2r3.tgm.header,Tiny.VB,30136098,264
f4d4d61c5761d47d,tropicalcoast_ccss_01_c1r1.tgm,Tiny.V2,30115724,2467
6f59db605860e68a,tropicalcoast_ccss_01_c1r1.tgm.header,Tiny.V4,30218773,264
fbb16609fc7ef339,tropicalcoast_ccss_01_c1r2.tgm,Tiny.VB,30132017,3817
3f3997add6896408,tropicalcoast_ccss_01_c1r2.tgm.header,Tiny.VF,30176977,264
8eef0ef2f87156c4,tropicalcoast_ccss_01_c1r3.tgm,Tiny.VE,29686713,3427
496b5675988c71cd,tropicalcoast_ccss_01_c1r3.tgm.header,Tiny.V3,29569911,264
6935d1ea0981522c,tropicalcoast_ccsw_01_c3r1.tgm,Tiny.V8,29840555,925
6ddf4032714a7186,tropicalcoast_ccsw_01_c3r1.tgm.header,Tiny.VC,30218560,264
fb21fc442ad6b06e,tropicalcoast_ccsw_01_c3r2.tgm,Tiny.V4,30219301,1129
fa134bb3b05a9465,tropicalcoast_ccsw_01_c3r2.tgm.header,Tiny.VA,30189861,264
873ead6271e32718,tropicalcoast_ccsw_01_c3r3.tgm,Tiny.V6,29903168,835
6e659960d1cba694,tropicalcoast_ccsw_01_c3r3.tgm.header,Tiny.V7,29885133,264
916f8e2095f5b315,tropicalcoast_ccsw_01_c2r1.tgm,Tiny.VF,30177241,2743
8b11ae01c067358d,tropicalcoast_ccsw_01_c2r1.tgm.header,Tiny.V8,29840291,264
2608bbb07fca47a1,tropicalcoast_ccsw_01_c2r2.tgm,Streaming/Content/data/balance/worldareas/76/mapport.vworld,275682,4603
eae0ae4543a825cb,tropicalcoast_ccsw_01_c2r2.tgm.header,Tiny.VA,30189597,264
51e7108518fa5767,tropicalcoast_ccsw_01_c2r3.tgm,Tiny.VE,29690140,3547
7467a1f8d1b22e1a,tropicalcoast_ccsw_01_c2r3.tgm.header,Tiny.VC,30218296,264
dabc7913b5014ea1,tropicalcoast_ccsw_01_c1r1.tgm,Tiny.V2,30118191,2497
d6d96b97f32c99b2,tropicalcoast_ccsw_01_c1r1.tgm.header,Tiny.V7,29880842,264
ae8c1039124520c0,tropicalcoast_ccsw_01_c1r2.tgm,Tiny.V7,29881106,4027
6ff30ea42746b518,tropicalcoast_ccsw_01_c1r2.tgm.header,Tiny.V5,29465282,264
81500de966fd9335,tropicalcoast_ccsw_01_c1r3.tgm,Tiny.V8,29836510,3781
9fc4ed4d2f8e2c26,tropicalcoast_ccsw_01_c1r3.tgm.header,Tiny.V5,29465546,264
4c23bc569a2839d4,tropicalcoast_ccwm_01_c3r1.tgm,Tiny.V7,29885661,2089
b9a97d34943ad3d8,tropicalcoast_ccwm_01_c3r1.tgm.header,Tiny.V3,29571310,264
6758f48ac8e052d9,tropicalcoast_ccwm_01_c3r2.tgm,Streaming/Content/data/balance/worldareas/E2/g4_8a.vworld,486210,4657
c7acdded12bd1565,tropicalcoast_ccwm_01_c3r2.tgm.header,Tiny.VC,30222191,264
4940db6bc9862365,tropicalcoast_ccwm_01_c3r3.tgm,Streaming/Content/data/balance/worldareas/B0/mapport.vworld,2255661,4183
b74dfc09e02d8ed1,tropicalcoast_ccwm_01_c3r3.tgm.header,Tiny.V4,30220430,264
51c70d70d8ab8b0a,tropicalcoast_ccwm_01_c2r1.tgm,Tiny.V8,29841997,1561
51964db91c941f43,tropicalcoast_ccwm_01_c2r1.tgm.header,Tiny.V9,30332994,264
41c6fec3b813be7a,tropicalcoast_ccwm_01_c2r2.tgm,Tiny.V8,29843558,3955
f58b90b7a2d15733,tropicalcoast_ccwm_01_c2r2.tgm.header,Tiny.VA,30190125,264
e9d0479921474144,tropicalcoast_ccwm_01_c2r3.tgm,Tiny.VC,30218824,3367
c23eaefe71569f63,tropicalcoast_ccwm_01_c2r3.tgm.header,Tiny.V0,30117781,264
beb288d43ccc9d24,tropicalcoast_ccwm_01_c1r1.tgm,Tiny.V8,29841480,517
cfa55a85c816b818,tropicalcoast_ccwm_01_c1r1.tgm.header,Tiny.V7,29885397,264
7c76da796abe807a,tropicalcoast_ccwm_01_c1r2.tgm,Tiny.VF,30179984,823
eaf94fe6381e2733,tropicalcoast_ccwm_01_c1r2.tgm.header,Tiny.V0,30117517,264
0e4d5c631d806e73,tropicalcoast_ccwm_01_c1r3.tgm,Tiny.V3,29570439,871
408060334ff6bacb,tropicalcoast_ccwm_01_c1r3.tgm.header,Tiny.VE,29693687,264
90abe8948009a73d,tropicalcoast_ccww_01_c3r1.tgm,Tiny.V1,29864159,907
4df1a8905c18171d,tropicalcoast_ccww_01_c3r1.tgm.header,Tiny.V6,29904003,264
4a27eea448065145,tropicalcoast_ccww_01_c3r2.tgm,Tiny.VA,30190389,3547
1433637bae33c9ca,tropicalcoast_ccww_01_c3r2.tgm.header,Tiny.VB,30136362,264
ee922d46e2835668,tropicalcoast_ccww_01_c3r3.tgm,Streaming/Content/data/balance/worldareas/48/mapport.vworld,271403,6589
c52bf7f3aeb83c3d,tropicalcoast_ccww_01_c3r3.tgm.header,Tiny.V2,30121559,264
9c57246b2209cef7,tropicalcoast_ccww_01_c2r1.tgm,Tiny.VF,30181924,1057
2b23bcddc00c904d,tropicalcoast_ccww_01_c2r1.tgm.header,Tiny.VF,30182981,264
07def79940c02d84,tropicalcoast_ccww_01_c2r2.tgm,Tiny.V7,29887750,2749
8c45d422b404718e,tropicalcoast_ccww_01_c2r2.tgm.header,Tiny.V7,29890499,264
e32a1e63e1b8b910,tropicalcoast_ccww_01_c2r3.tgm,Tiny.V0,30118045,3115
2f12ef045dab1640,tropicalcoast_ccww_01_c2r3.tgm.header,Tiny.V1,29863895,264
a261e9e43e333057,tropicalcoast_ccww_01_c1r1.tgm,Tiny.VE,29693951,547
d4e383ce242648b7,tropicalcoast_ccww_01_c1r1.tgm.header,Tiny.VF,30180807,264
001ca5411a35a2ff,tropicalcoast_ccww_01_c1r2.tgm,Tiny.V2,30120688,871
a5f8e789a6e7db00,tropicalcoast_ccww_01_c1r2.tgm.header,Tiny.V3,29571574,264
6848d557a1c46af7,tropicalcoast_ccww_01_c1r3.tgm,Tiny.VF,30181071,853
57272597ca230c08,tropicalcoast_ccww_01_c1r3.tgm.header,Tiny.VD,30059843,264
3149ec76f7528671,tropicalcoast_cvmm_01_c3r1.tgm,Tiny.VB,30138787,2635
bc4ee72401c12c60,tropicalcoast_cvmm_01_c3r1.tgm.header,Tiny.V6,29904267,264
bd98d20816db958f,tropicalcoast_cvmm_01_c3r2.tgm,Tiny.VA,30194200,3397
9be4dc44abbb68e6,tropicalcoast_cvmm_01_c3r2.tgm.header,Tiny.VE,29696143,264
04eb923b0dbfc876,tropicalcoast_cvmm_01_c3r3.tgm,Tiny.VE,29696407,2209
e4548e52d26d9ec7,tropicalcoast_cvmm_01_c3r3.tgm.header,Tiny.V2,30123912,264
2ffc35ae57b40945,tropicalcoast_cvmm_01_c2r1.tgm,Tiny.V9,30333258,3073
cca3fd8d3faedffb,tropicalcoast_cvmm_01_c2r1.tgm.header,Tiny.V0,30121160,264
fcb4a0066c366c41,tropicalcoast_cvmm_01_c2r2.tgm,Tiny.V0,30121424,3289
da14b0839cf6cfb9,tropicalcoast_cvmm_01_c2r2.tgm.header,Tiny.VF,30183245,264
36cacc81383c1bc4,tropicalcoast_cvmm_01_c2r3.tgm,Tiny.VC,30222455,2281
bea66b09311f9e3d,tropicalcoast_cvmm_01_c2r3.tgm.header,Tiny.V8,29847513,264
14594220793008c6,tropicalcoast_cvmm_01_c1r1.tgm,Tiny.V2,30121823,2089
6f7405add8fd13cf,tropicalcoast_cvmm_01_c1r1.tgm.header,Tiny.VE,29694498,264
497ec026d1155e40,tropicalcoast_cvmm_01_c1r2.tgm,Tiny.VB,30136626,2161
009dcd2c00982b73,tropicalcoast_cvmm_01_c1r2.tgm.header,Tiny.V7,29890763,264
c3eb4da6a8e66940,tropicalcoast_cvmm_01_c1r3.tgm,Tiny.VE,29694762,1381
5c75f928811bb151,tropicalcoast_cvmm_01_c1r3.tgm.header,Tiny.VA,30193936,264
31f894795b08d0cb,tropicalcoast_cvmw_01_c3r1.tgm,Tiny.VA,30197597,2731
2acfa233b6171973,tropicalcoast_cvmw_01_c3r1.tgm.header,Tiny.V4,30220694,264
26cbbe032ffae107,tropicalcoast_cvmw_01_c3r2.tgm,Streaming/Content/data/balance/worldareas/63/mapport.vworld,0,4663
cce2d2c9cf3c3b77,tropicalcoast_cvmw_01_c3r2.tgm.header,Tiny.V2,30124176,264
5df80f86d1f79378,tropicalcoast_cvmw_01_c3r3.tgm,Streaming/Content/data/balance/worldareas/E1/mapport.vworld,1215693,4099
31a7470f7a284d51,tropicalcoast_cvmw_01_c3r3.tgm.header,Tiny.V9,30340442,264
5474ce0892d749f0,tropicalcoast_cvmw_01_c2r1.tgm,Tiny.VB,30141422,3703
31af78ebfff34ee0,tropicalcoast_cvmw_01_c2r1.tgm.header,Tiny.V5,29465810,264
9b62257fadcbb51c,tropicalcoast_cvmw_01_c2r2.tgm,Streaming/Content/data/balance/worldareas/6C/mapport.vworld,115042,4693
ee6b6adb28ce2c19,tropicalcoast_cvmw_01_c2r2.tgm.header,Tiny.V9,30336331,264
8abc3c6202741766,tropicalcoast_cvmw_01_c2r3.tgm,Tiny.V9,30336595,3847
08530d19f03a3237,tropicalcoast_cvmw_01_c2r3.tgm.header,Tiny.V8,29847777,264
3fda14575229a6e5,tropicalcoast_cvmw_01_c1r1.tgm,Tiny.V7,29891027,2833
b674bfe0c4aae3d1,tropicalcoast_cvmw_01_c1r1.tgm.header,Tiny.VD,30060107,264
7fd0c7f6f3c8af43,tropicalcoast_cvmw_01_c1r2.tgm,Tiny.VD,30060371,3163
43012b368eb649e4,tropicalcoast_cvmw_01_c1r2.tgm.header,Tiny.V6,29904531,264
2987b14e4adf2381,tropicalcoast_cvmw_01_c1r3.tgm,Tiny.V0,30124713,1861
cd2356b59aafa93c,tropicalcoast_cvmw_01_c1r3.tgm.header,Tiny.V7,29893860,264
31fe34d0fc1df7be,tropicalcoast_cvsm_01_c3r1.tgm,Tiny.VB,30150101,2599
d462a4c69304f29c,tropicalcoast_cvsm_01_c3r1.tgm.header,Tiny.VF,30183509,264
93e82a2ee34958d1,tropicalcoast_cvsm_01_c3r2.tgm,Tiny.V9,30340706,2803
6ac8a6be83d64ee1,tropicalcoast_cvsm_01_c3r2.tgm.header,Tiny.V4,30221486,264
9287bfabcc1c9484,tropicalcoast_cvsm_01_c3r3.tgm,Tiny.VD,30063798,1609
710869ceecefebe6,tropicalcoast_cvsm_01_c3r3.tgm.header,Tiny.VD,30065407,264
0637de21263ffeaa,tropicalcoast_cvsm_01_c2r1.tgm,Tiny.VB,30145125,2749
ead6cd953bcdf440,tropicalcoast_cvsm_01_c2r1.tgm.header,Tiny.V4,30221222,264
264eadbb541e0286,tropicalcoast_cvsm_01_c2r2.tgm,Tiny.VB,30147874,2227
132722b2ef3ea0f2,tropicalcoast_cvsm_01_c2r2.tgm.header,Tiny.V5,29466074,264
4d27f89a0c7858ef,tropicalcoast_cvsm_01_c2r3.tgm,Tiny.V7,29894124,1147
4148c7bc3a8b4e43,tropicalcoast_cvsm_01_c2r3.tgm.header,Tiny.V2,30124440,264
8061ed0c1a7efd97,tropicalcoast_cvsm_01_c1r1.tgm,Tiny.VE,29698616,2065
1dab960257a3f6db,tropicalcoast_cvsm_01_c1r1.tgm.header,Tiny.V4,30220958,264
7050ec97183d9e85,tropicalcoast_cvsm_01_c1r2.tgm,Tiny.V3,29571838,1609
d42c21e474156248,tropicalcoast_cvsm_01_c1r2.tgm.header,Tiny.V1,29865066,264
6143c4591b87da28,tropicalcoast_cvsm_01_c1r3.tgm,Tiny.VC,30224736,697
cee602c1a01a5bad,tropicalcoast_cvsm_01_c1r3.tgm.header,Tiny.VD,30063534,264
33a0fa788a6bdb47,tropicalcoast_cvss_01_c3r1.tgm,Tiny.VA,30200328,3985
073219c4c2236564,tropicalcoast_cvss_01_c3r1.tgm.header,Tiny.V8,29848041,264
71d3952ad48617ff,tropicalcoast_cvss_01_c3r2.tgm,Streaming/Content/data/balance/worldareas/A7/g4_8a.vworld,442266,6421
fd82a051baee11ca,tropicalcoast_cvss_01_c3r2.tgm.header,Tiny.V1,29865330,264
59b72324d6e6bd33,tropicalcoast_cvss_01_c3r3.tgm,Tiny.V2,30124968,2107
bd4c83931e7746c1,tropicalcoast_cvss_01_c3r3.tgm.header,Tiny.VF,30184037,264
844cef21add6eff0,tropicalcoast_cvss_01_c2r1.tgm,Tiny.V4,30222014,4081
f943164a33a9bd29,tropicalcoast_cvss_01_c2r1.tgm.header,Tiny.V6,29904795,264
170fa147f39cd3ca,tropicalcoast_cvss_01_c2r2.tgm,Tiny.V0,30126574,3289
3086bb853c45afb2,tropicalcoast_cvss_01_c2r2.tgm.header,Tiny.V2,30124704,264
71ae6adb9c41f9b5,tropicalcoast_cvss_01_c2r3.tgm,Tiny.V0,30129863,1075
fc032236f393e332,tropicalcoast_cvss_01_c2r3.tgm.header,Tiny.VF,30183773,264
2e728a10a77553b4,tropicalcoast_cvss_01_c1r1.tgm,Tiny.VC,30225433,1729
86839cfb4b7348cc,tropicalcoast_cvss_01_c1r1.tgm.header,Tiny.V3,29573447,264
941d339fbbfff17b,tropicalcoast_cvss_01_c1r2.tgm,Tiny.V5,29466338,1219
4d60e3f0cfcae002,tropicalcoast_cvss_01_c1r2.tgm.header,Tiny.V4,30221750,264
85e0be04d5ede62e,tropicalcoast_cvss_01_c1r3.tgm,Tiny.VD,30065671,589
6a977587d02223bd,tropicalcoast_cvss_01_c1r3.tgm.header,Tiny.V5,29467557,264
acd51f349381912b,tropicalcoast_cvsw_01_c3r1.tgm,Tiny.V5,29467821,3415
5081b06eacb4d74e,tropicalcoast_cvsw_01_c3r1.tgm.header,Tiny.V6,29905059,264
b8cb3ffeff37a371,tropicalcoast_cvsw_01_c3r2.tgm,Streaming/Content/data/balance/worldareas/A8/mapport.vworld,759056,4285
26d7f994b05c420d,tropicalcoast_cvsw_01_c3r2.tgm.header,Tiny.VC,30227426,264
e52de9ca94badfff,tropicalcoast_cvsw_01_c3r3.tgm,Tiny.VB,30156829,3973
3631c52c8f6562d1,tropicalcoast_cvsw_01_c3r3.tgm.header,Tiny.VC,30227690,264
0869f7fa4d83f4d5,tropicalcoast_cvsw_01_c2r1.tgm,Tiny.VB,30152964,3865
7be1f160e909b280,tropicalcoast_cvsw_01_c2r1.tgm.header,Tiny.V4,30226095,264
cc39342edd7cb8f0,tropicalcoast_cvsw_01_c2r2.tgm,Streaming/Content/data/balance/worldareas/06/mapport.vworld,1775377,4099
68d512f24c4610ed,tropicalcoast_cvsw_01_c2r2.tgm.header,Tiny.V0,30130938,264
fb36d8b709a17e1a,tropicalcoast_cvsw_01_c2r3.tgm,Tiny.V8,29848305,2713
9c9560ab9977f832,tropicalcoast_cvsw_01_c2r3.tgm.header,Tiny.V8,29851018,264
5e0f46c17f40d91b,tropicalcoast_cvsw_01_c1r1.tgm,Tiny.V9,30343509,2269
50ea64a9edd00173,tropicalcoast_cvsw_01_c1r1.tgm.header,Tiny.VB,30152700,264
3f93b0415c612097,tropicalcoast_cvsw_01_c1r2.tgm,Tiny.VA,30204313,1615
ac739cb83fd7066d,tropicalcoast_cvsw_01_c1r2.tgm.header,Tiny.VF,30184301,264
9cee4d202aec9cac,tropicalcoast_cvsw_01_c1r3.tgm,Tiny.V7,29895271,1249
b84ed3ea9c81f387,tropicalcoast_cvsw_01_c1r3.tgm.header,Tiny.VC,30227162,264
457d7cf4015fcbe2,tropicalcoast_cvww_01_c3r1.tgm,Tiny.VB,30160802,1153
2183c024fa6eedb9,tropicalcoast_cvww_01_c3r1.tgm.header,Tiny.VE,29706935,264
14a6347b96fcb507,tropicalcoast_cvww_01_c3r2.tgm,Tiny.V7,29896520,3223
42497d3f083c4474,tropicalcoast_cvww_01_c3r2.tgm.header,Tiny.V9,30345778,264
b49d7056ac144b68,tropicalcoast_cvww_01_c3r3.tgm,Tiny.VD,30066260,2587
7cef68a1c61f0695,tropicalcoast_cvww_01_c3r3.tgm.header,Tiny.V1,29865858,264
58901bfaa0bf7a19,tropicalcoast_cvww_01_c2r1.tgm,Tiny.V0,30131202,3007
a256bd649a58e43e,tropicalcoast_cvww_01_c2r1.tgm.header,Tiny.V6,29905587,264
bccd49eb4004296d,tropicalcoast_cvww_01_c2r2.tgm,Tiny.VE,29703322,3613
ab3a1b56dc2d5108,tropicalcoast_cvww_01_c2r2.tgm.header,Tiny.V3,29573711,264
e7c50fb0f4a7035c,tropicalcoast_cvww_01_c2r3.tgm,Tiny.V8,29851282,1777
94caeb21e8fb4863,tropicalcoast_cvww_01_c2r3.tgm.header,Tiny.V6,29905851,264
0757053f87497da0,tropicalcoast_cvww_01_c1r1.tgm,Tiny.VE,29700681,2641
f6c9f0fb95e2510c,tropicalcoast_cvww_01_c1r1.tgm.header,Tiny.VF,30184565,264
5f58c1624602a624,tropicalcoast_cvww_01_c1r2.tgm,Tiny.V4,30226359,1579
ee646721c15fc44a,tropicalcoast_cvww_01_c1r2.tgm.header,Tiny.V1,29865594,264
07f66c39f3304981,tropicalcoast_cvww_01_c1r3.tgm,Tiny.V5,29471236,787
11a748feec0cfbb7,tropicalcoast_cvww_01_c1r3.tgm.header,Tiny.V6,29905323,264
f42729422c0e01b4,tropicalcoast_stmm_01_c3r1.tgm,Tiny.VD,30068847,1819
1de072721b5cef18,tropicalcoast_stmm_01_c3r1.tgm.header,Tiny.V9,30346625,264
459ac0392438d58c,tropicalcoast_stmm_01_c3r2.tgm,Tiny.V5,29472023,3883
9a64ce30ac59a520,tropicalcoast_stmm_01_c3r2.tgm.header,Tiny.V7,29901790,264
7f945a26cd832641,tropicalcoast_stmm_01_c3r3.tgm,Tiny.V5,29475906,2131
21af08b3fa7f112b,tropicalcoast_stmm_01_c3r3.tgm.header,Tiny.V2,30127603,264
5bff595229c1da21,tropicalcoast_stmm_01_c2r1.tgm,Tiny.V7,29899743,2047
f79b404de5d2e5e7,tropicalcoast_stmm_01_c2r1.tgm.header,Tiny.V1,29867877,264
3c4b1c8fbca6694c,tropicalcoast_stmm_01_c2r2.tgm,Tiny.V6,29906379,3523
d7c22f39f8c302a5,tropicalcoast_stmm_01_c2r2.tgm.header,Tiny.V6,29909902,264
8d1aba6e4f7d7573,tropicalcoast_stmm_01_c2r3.tgm,Tiny.V0,30134737,2119
fac269ffdc8cb8ff,tropicalcoast_stmm_01_c2r3.tgm.header,Tiny.V2,30127339,264
cc9758eb966150de,tropicalcoast_stmm_01_c1r1.tgm,Tiny.V8,29853323,1669
1f53c5575e01601c,tropicalcoast_stmm_01_c1r1.tgm.header,Tiny.V2,30127075,264
08e20e007bdc8e4d,tropicalcoast_stmm_01_c1r2.tgm,Tiny.V8,29854992,3361
c07c72d4de9972c9,tropicalcoast_stmm_01_c1r2.tgm.header,Tiny.V8,29858353,264
08fee22f2b62c7fd,tropicalcoast_stmm_01_c1r3.tgm,Tiny.VC,30227954,2257
ecc1bd5422961876,tropicalcoast_stmm_01_c1r3.tgm.header,Tiny.VF,30184829,264
ddeb742bbc020d85,tropicalcoast_stmw_01_c3r1.tgm,Tiny.VA,30206192,1243
0ff152884432e4bd,tropicalcoast_stmw_01_c3r1.tgm.header,Tiny.VB,30162274,264
77392243ed6ebe7a,tropicalcoast_stmw_01_c3r2.tgm,Tiny.VE,29708052,2971
576c0985c6696992,tropicalcoast_stmw_01_c3r2.tgm.header,Tiny.VD,30070930,264
20534fe07d0d4542,tropicalcoast_stmw_01_c3r3.tgm,Tiny.V1,29868141,4081
d6934fbc10c6b6fe,tropicalcoast_stmw_01_c3r3.tgm.header,Tiny.VA,30207435,264
b89385e1483c2a9e,tropicalcoast_stmw_01_c2r1.tgm,Tiny.V7,29902054,2149
b9c0d6af87b2d2ea,tropicalcoast_stmw_01_c2r1.tgm.header,Tiny.VD,30070666,264
715d30ec0e6ebe4d,tropicalcoast_stmw_01_c2r2.tgm,Streaming/Content/data/balance/worldareas/63/mapport.vworld,4663,4135
3d1eaad5c2edbef9,tropicalcoast_stmw_01_c2r2.tgm.header,Tiny.V7,29904203,264
9af866ef1942cff3,tropicalcoast_stmw_01_c2r3.tgm,Tiny.V4,30230532,3217
882f3114cee92abb,tropicalcoast_stmw_01_c2r3.tgm.header,Tiny.V7,29904467,264
8eff74d83895db14,tropicalcoast_stmw_01_c1r1.tgm,Tiny.V4,30228845,1687
a4af6ae767e9b48c,tropicalcoast_stmw_01_c1r1.tgm.header,Tiny.V3,29574829,264
0f273d545a3db70d,tropicalcoast_stmw_01_c1r2.tgm,Tiny.V5,29478037,3667
71ad4d80c83610ce,tropicalcoast_stmw_01_c1r2.tgm.header,Tiny.V2,30127867,264
ef03583851cfc8df,tropicalcoast_stmw_01_c1r3.tgm,Tiny.V5,29481704,2167
87769a6f257883e3,tropicalcoast_stmw_01_c1r3.tgm.header,Tiny.VA,30205928,264
faee8aa29e63c225,tropicalcoast_stsm_01_c3r1.tgm,Tiny.V4,30233749,3313
c4754b7fbfac9a8c,tropicalcoast_stsm_01_c3r1.tgm.header,Tiny.V8,29858617,264
ddb94726f072bedf,tropicalcoast_stsm_01_c3r2.tgm,Streaming/Content/data/balance/worldareas/E6/mapport.vworld,0,6415
8951970369d408f0,tropicalcoast_stsm_01_c3r2.tgm.header,Tiny.V9,30353095,264
4e74c68f7fb90b4e,tropicalcoast_stsm_01_c3r3.tgm,Tiny.VF,30185357,3895
8f65b750740119d4,tropicalcoast_stsm_01_c3r3.tgm.header,Tiny.VE,29711023,264
9c95e4d6f980cd58,tropicalcoast_stsm_01_c2r1.tgm,Streaming/Content/data/balance/worldareas/D7/mapport.vworld.1,0,4597
f4a0252f4b71b9cc,tropicalcoast_stsm_01_c2r1.tgm.header,Tiny.V0,30137120,264
45318822f1faf994,tropicalcoast_stsm_01_c2r2.tgm,Streaming/Content/data/balance/worldareas/B8/mapport.vworld,120353,5611
001de30a4c1c2ab0,tropicalcoast_stsm_01_c2r2.tgm.header,Tiny.VD,30071194,264
6528991c8be7208d,tropicalcoast_stsm_01_c2r3.tgm,Tiny.V9,30349662,3433
a286ec9dcc462948,tropicalcoast_stsm_01_c2r3.tgm.header,Tiny.V5,29483871,264
37b7dd702ac701ba,tropicalcoast_stsm_01_c1r1.tgm,Tiny.VC,30230211,3571
bb75bd097aad83e8,tropicalcoast_stsm_01_c1r1.tgm.header,Tiny.VA,30207699,264
b736519691955ef0,tropicalcoast_stsm_01_c1r2.tgm,Streaming/Content/data/balance/worldareas/EC/mapport.vworld,2285549,4873
224af6699111f6bd,tropicalcoast_stsm_01_c1r2.tgm.header,Tiny.VF,30185093,264
a5cdace34b6c644f,tropicalcoast_stsm_01_c1r3.tgm,Tiny.V9,30346889,2773
c5383a0b05dc83b4,tropicalcoast_stsm_01_c1r3.tgm.header,Tiny.V0,30136856,264
f26abd6430c4f77d,tropicalcoast_stss_01_c3r1.tgm,Tiny.VC,30233782,3235
b25a0c3d03efed1b,tropicalcoast_stss_01_c3r1.tgm.header,Tiny.VF,30189780,264
e19fa47512e8d405,tropicalcoast_stss_01_c3r2.tgm,Streaming/Content/data/balance/worldareas/84/mapport.vworld,164154,5035
01d816dcd06cb537,tropicalcoast_stss_01_c3r2.tgm.header,Tiny.VF,30190044,264
78fccf6b2fa32922,tropicalcoast_stss_01_c3r3.tgm,Tiny.VD,30074003,3013
0e21b91e797c9560,tropicalcoast_stss_01_c3r3.tgm.header,Tiny.VF,30190308,264
e8e6730f68667d67,tropicalcoast_stss_01_c2r1.tgm,Streaming/Content/data/balance/worldareas/66/mapport.vworld,1247528,4291
154e96bacac53715,tropicalcoast_stss_01_c2r1.tgm.header,Tiny.VF,30189516,264
2101c53bb9489e5b,tropicalcoast_stss_01_c2r2.tgm,Streaming/Content/data/balance/worldareas/EA/mapport.vworld,5660394,5701
f33c7d0bb34ca289,tropicalcoast_stss_01_c2r2.tgm.header,Tiny.VB,30166331,264
cf4c8dcfd895019a,tropicalcoast_stss_01_c2r3.tgm,Tiny.V6,29910166,3031
e495697ac6932228,tropicalcoast_stss_01_c2r3.tgm.header,Tiny.VE,29711287,264
e2ea612562acb0d8,tropicalcoast_stss_01_c1r1.tgm,Tiny.V4,30237062,2731
6cc6cecd25cc9460,tropicalcoast_stss_01_c1r1.tgm.header,Tiny.VF,30189252,264
ee54c17068ae0c24,tropicalcoast_stss_01_c1r2.tgm,Tiny.VB,30162538,3793
1a383286bcec52c2,tropicalcoast_stss_01_c1r2.tgm.header,Tiny.V3,29575093,264
d5be1217bd0f00e2,tropicalcoast_stss_01_c1r3.tgm,Tiny.VD,30071458,2545
245cbc73bd6f5c97,tropicalcoast_stss_01_c1r3.tgm.header,Tiny.V4,30239793,264
aa7133e2742e73a0,tropicalcoast_stsw_01_c3r1.tgm,Tiny.VB,30166859,1567
c91d30c68674897d,tropicalcoast_stsw_01_c3r1.tgm.header,Tiny.V6,29913197,264
9e9c755c08de6263,tropicalcoast_stsw_01_c3r2.tgm,Tiny.V3,29575621,3979
0fbcd98d92c1b01a,tropicalcoast_stsw_01_c3r2.tgm.header,Tiny.VF,30192859,264
42098115e1650307,tropicalcoast_stsw_01_c3r3.tgm,Tiny.VA,30208491,4045
43246bd5523d5f12,tropicalcoast_stsw_01_c3r3.tgm.header,Tiny.V4,30240321,264
144b4d334466ebf7,tropicalcoast_stsw_01_c2r1.tgm,Tiny.VE,29711551,3013
ef4ef22c8469ea73,tropicalcoast_stsw_01_c2r1.tgm.header,Tiny.VB,30166595,264
a536064d5d0044bb,tropicalcoast_stsw_01_c2r2.tgm,Streaming/Content/data/balance/worldareas/7A/mapport.vworld,402843,5269
13cafad8a02ef806,tropicalcoast_stsw_01_c2r2.tgm.header,Tiny.V3,29575357,264
f9727cdbde996aa2,tropicalcoast_stsw_01_c2r3.tgm,Tiny.V9,30353623,3181
dfd81323f6a56e79,tropicalcoast_stsw_01_c2r3.tgm.header,Tiny.V4,30240057,264
d0a832b19f503ad1,tropicalcoast_stsw_01_c1r1.tgm,Tiny.V2,30128131,3109
9f71f41e94219832,tropicalcoast_stsw_01_c1r1.tgm.header,Tiny.VA,30207963,264
f06dafa6133689ed,tropicalcoast_stsw_01_c1r2.tgm,Tiny.V8,29858881,3757
255d1318ecc6f4c1,tropicalcoast_stsw_01_c1r2.tgm.header,Tiny.VA,30208227,264
e7d22f18d948b691,tropicalcoast_stsw_01_c1r3.tgm,Tiny.VF,30190572,2287
04e1c79856f2bb71,tropicalcoast_stsw_01_c1r3.tgm.header,Tiny.V9,30353359,264
9fd7810411fed1e2,tropicalcoast_stww_01_c3r1.tgm,Tiny.V0,30137384,1099
63e949b51fd46803,tropicalcoast_stww_01_c3r1.tgm.header,Tiny.VB,30168426,264
b920b980cfb5360c,tropicalcoast_stww_01_c3r2.tgm,Tiny.VE,29714564,2863
0e4c3ae74f062fa8,tropicalcoast_stww_01_c3r2.tgm.header,Tiny.V4,30244973,264
9f010a93fc6cb9d0,tropicalcoast_stww_01_c3r3.tgm,Tiny.V1,29873231,3343
9ba27d404698cc84,tropicalcoast_stww_01_c3r3.tgm.header,Tiny.VB,30168690,264
ddfa2ef5ce81d7f9,tropicalcoast_stww_01_c2r1.tgm,Tiny.V4,30240585,1249
4ee7a3018749d4eb,tropicalcoast_stww_01_c2r1.tgm.header,Tiny.V5,29484399,264
364cf3ea14b627f3,tropicalcoast_stww_01_c2r2.tgm,Tiny.V4,30241834,2875
7cee6f6fd720c98c,tropicalcoast_stww_01_c2r2.tgm.header,Tiny.V2,30131240,264
fa0f94927654c950,tropicalcoast_stww_01_c2r3.tgm,Tiny.VC,30237017,2353
9b4bb47b01473d71,tropicalcoast_stww_01_c2r3.tgm.header,Tiny.V4,30244709,264
22d07de29d88fb28,tropicalcoast_stww_01_c1r1.tgm,Tiny.V1,29872222,1009
0225dd10f94194c3,tropicalcoast_stww_01_c1r1.tgm.header,Tiny.V5,29484135,264
9cba0c57bb1c19d4,tropicalcoast_stww_01_c1r2.tgm,Tiny.V6,29913461,2395
97713ba1dac8f25d,tropicalcoast_stww_01_c1r2.tgm.header,Tiny.VD,30077016,264
3857d7378107beae,tropicalcoast_stww_01_c1r3.tgm,Tiny.V8,29862638,3487
a802775deac45bd1,tropicalcoast_stww_01_c1r3.tgm.header,Tiny.V6,29915856,264
