hash,file,bundle,offset,size
72ac349c465ec5de,riverbridge_step_v01_01_c3r1.tgm,Tiny_3,30556454,1485
657869b22e763755,riverbridge_step_v01_01_c3r1.tgm.header,Tiny_3,30557939,306
06b856fbdac7ee13,riverbridge_step_v01_01_c2r1.tgm,Tiny_3,30555701,489
7d98f65967d8ee95,riverbridge_step_v01_01_c2r1.tgm.header,Tiny_3,30556190,264
f221b82e76a8f362,riverbridge_step_v01_01_c1r1.tgm,Tiny_3,30553964,1431
dc768a3331068479,riverbridge_step_v01_01_c1r1.tgm.header,Tiny_3,30555395,306
df527dddb9ccde39,riverbridge_step_statue_v01_01_c3r1.tgm,Art/Models/Terrain/Act3/AreaTransitions/battlefronttobarracks_5,1641245,88861
2ab8dea91094075b,riverbridge_step_statue_v01_01_c3r1.tgm.header,Tiny_3,30552690,1274
5f401d2dd2b56cf4,riverbridge_step_statue_v01_01_c2r1.tgm,Art/Models/Terrain/Act3/AreaTransitions/battlefronttobarracks_5,1569732,71513
9ffd8047731f023d,riverbridge_step_statue_v01_01_c2r1.tgm.header,Tiny_3,30552032,658
1d6ef08b944f9398,riverbridge_step_statue_v01_01_c1r1.tgm,Art/Models/Terrain/Act3/AreaTransitions/battlefronttobarracks_5,1536693,33039
66aa7b3696476512,riverbridge_step_statue_v01_01_c1r1.tgm.header,Tiny_3,30551066,966
9911d3436f4351cd,riverbridge_step_nostatue_v01_01_c3r1.tgm,Art/Models/Terrain/Act3/AreaTransitions/battlefronttobarracks_5,1442252,94441
bc53677eca6c1792,riverbridge_step_nostatue_v01_01_c3r1.tgm.header,Tiny_3,30549660,1406
1eaa4ab1b363153d,riverbridge_step_nostatue_v01_01_c2r1.tgm,Art/Models/Terrain/Act3/AreaTransitions/battlefronttobarracks_5,1416351,25901
5dac477c6ab28520,riverbridge_step_nostatue_v01_01_c2r1.tgm.header,Tiny_3,30549266,394
9af6fbaae7f04306,riverbridge_step_nostatue_v01_01_c1r1.tgm,Art/Models/Terrain/Act3/AreaTransitions/battlefronttobarracks_5,1369754,46597
c9812444ad12b26f,riverbridge_step_nostatue_v01_01_c1r1.tgm.header,Tiny_3,30548124,1142
d60f654e15d0347f,riverbridge_step_broken_v01_01_c3r4.tgm,Tiny_3,30547539,321
8444af57a22e1a24,riverbridge_step_broken_v01_01_c3r4.tgm.header,Tiny_3,30547860,264
0527985dd6621f62,riverbridge_step_broken_v01_01_c3r3.tgm,Tiny_3,30545642,1633
52cfa335aacab522,riverbridge_step_broken_v01_01_c3r3.tgm.header,Tiny_3,30547275,264
13e58e9e9faa3fad,riverbridge_step_broken_v01_01_c3r2.tgm,Art/Models/Terrain/Act3/AreaTransitions/battlefronttobarracks_5,1360031,9723
4cbd597c6e938221,riverbridge_step_broken_v01_01_c3r2.tgm.header,Tiny_3,30545336,306
13d2ca269f7a8e59,riverbridge_step_broken_v01_01_c3r1.tgm,Art/Models/Terrain/Act3/AreaTransitions/battlefronttobarracks_5,1353714,6317
c32b02c2aabbf84e,riverbridge_step_broken_v01_01_c3r1.tgm.header,Tiny_3,30545072,264
5df97fcd20bc7308,riverbridge_step_broken_v01_01_c2r4.tgm,Tiny_3,30544457,351
34bea8e41fa01d79,riverbridge_step_broken_v01_01_c2r4.tgm.header,Tiny_3,30544808,264
6f82b1129a94e386,riverbridge_step_broken_v01_01_c2r3.tgm,Art/Models/Terrain/Act3/AreaTransitions/battlefronttobarracks_5,1348371,5343
495f187e49a56092,riverbridge_step_broken_v01_01_c2r3.tgm.header,Tiny_3,30544151,306
ca0c1b9c1fe8edde,riverbridge_step_broken_v01_01_c2r2.tgm,Art/Models/Terrain/Act3/AreaTransitions/battlefronttobarracks_5,1333768,14603
b0804e31ea4950da,riverbridge_step_broken_v01_01_c2r2.tgm.header,Tiny_3,30543887,264
773644544fa7089c,riverbridge_step_broken_v01_01_c2r1.tgm,Art/Models/Terrain/Act3/AreaTransitions/battlefronttobarracks_5,1326753,7015
15db4ea25fcda27a,riverbridge_step_broken_v01_01_c2r1.tgm.header,Tiny_3,30543623,264
1b6dae877f1ab49d,riverbridge_step_broken_v01_01_c1r4.tgm,Tiny_3,30543116,243
46d8433f42ee7884,riverbridge_step_broken_v01_01_c1r4.tgm.header,Tiny_3,30543359,264
195651941bcae0a1,riverbridge_step_broken_v01_01_c1r3.tgm,Art/Models/Terrain/Act3/AreaTransitions/battlefronttobarracks_5,1311850,14903
56db4226f98b277a,riverbridge_step_broken_v01_01_c1r3.tgm.header,Tiny_3,30542062,1054
d685052496ff08ed,riverbridge_step_broken_v01_01_c1r2.tgm,Art/Models/Terrain/Act3/AreaTransitions/battlefronttobarracks_5,1303133,8717
503bf6ebdef390a4,riverbridge_step_broken_v01_01_c1r2.tgm.header,Tiny_3,30541668,394
84100241b0f3a711,riverbridge_step_broken_v01_01_c1r1.tgm,Art/Models/Terrain/Act3/AreaTransitions/battlefronttobarracks_5,1045756,257377
d48cb3fc0c8f6c06,riverbridge_step_broken_v01_01_c1r1.tgm.header,Folders/art/models/terrain/act3/areatransitions/sewers,643196,7082
168ee84314b7cade,riverbridge_shortstraight_v01_01_c3r1.tgm,Art/Models/Terrain/Act3/AreaTransitions/battlefronttobarracks_5,972771,72985
676f7e990d54451f,riverbridge_shortstraight_v01_01_c3r1.tgm.header,Tiny_3,30540394,1274
299bd041c38963e1,riverbridge_shortstraight_v01_01_c2r1.tgm,Art/Models/Terrain/Act3/AreaTransitions/battlefronttobarracks_5,875718,97053
f03ec76f37215a12,riverbridge_shortstraight_v01_01_c2r1.tgm.header,Tiny_3,30539692,702
73ac62849296eef0,riverbridge_shortstraight_v01_01_c1r1.tgm,Art/Models/Terrain/Act3/AreaTransitions/battlefronttobarracks_5,845377,30341
875a12aa6864098f,riverbridge_shortstraight_v01_01_c1r1.tgm.header,Tiny_3,30538902,790
7aa5d9edf740cdc1,riverbridge_mosaic_straight_water_v01_01_c3r3.tgm,Tiny_3,30538287,351
0739ef676a276461,riverbridge_mosaic_straight_water_v01_01_c3r3.tgm.header,Tiny_3,30538638,264
d047f67efbeb72b1,riverbridge_mosaic_straight_water_v01_01_c3r2.tgm,Art/Models/Terrain/Act3/AreaTransitions/battlefronttobarracks_5,818108,27269
2f3c61c5dccc1fbc,riverbridge_mosaic_straight_water_v01_01_c3r2.tgm.header,Tiny_3,30537365,922
f6828ae4ff8cd7af,riverbridge_mosaic_straight_water_v01_01_c3r1.tgm,Art/Models/Terrain/Act3/AreaTransitions/battlefronttobarracks_5,809627,8481
f7ac218e675631fa,riverbridge_mosaic_straight_water_v01_01_c3r1.tgm.header,Tiny_3,30537059,306
8c8c24a7a171ded2,riverbridge_mosaic_straight_water_v01_01_c2r3.tgm,Tiny_3,30536336,459
fdeca95cf071dc2b,riverbridge_mosaic_straight_water_v01_01_c2r3.tgm.header,Tiny_3,30536795,264
271805293725e243,riverbridge_mosaic_straight_water_v01_01_c2r2.tgm,Art/Models/Terrain/Act3/AreaTransitions/battlefronttobarracks_5,782384,27243
05e5c243d878bad2,riverbridge_mosaic_straight_water_v01_01_c2r2.tgm.header,Tiny_3,30535370,966
d6481b0ca8f9905a,riverbridge_mosaic_straight_water_v01_01_c2r1.tgm,Art/Models/Terrain/Act3/AreaTransitions/battlefronttobarracks_5,771787,10597
2a4b43e0c71f4edf,riverbridge_mosaic_straight_water_v01_01_c2r1.tgm.header,Tiny_3,30535020,350
ae53062f7b7a2f2f,riverbridge_mosaic_straight_water_v01_01_c1r3.tgm,Tiny_3,30534459,297
9709fc0d0c49cae8,riverbridge_mosaic_straight_water_v01_01_c1r3.tgm.header,Tiny_3,30534756,264
c12c5d9cff423633,riverbridge_mosaic_straight_water_v01_01_c1r2.tgm,Art/Models/Terrain/Act3/AreaTransitions/battlefronttobarracks_5,745382,26405
a376a3d3d11dae9e,riverbridge_mosaic_straight_water_v01_01_c1r2.tgm.header,Tiny_3,30533537,922
70228d1d183b4c50,riverbridge_mosaic_straight_water_v01_01_c1r1.tgm,Art/Models/Terrain/Act3/AreaTransitions/battlefronttobarracks_5,734729,10653
ae1b6fc708e75d5e,riverbridge_mosaic_straight_water_v01_01_c1r1.tgm.header,Tiny_3,30533231,306
632d95f899d21498,riverbridge_mosaic_straight_stair_v01_01_c3r3.tgm,Tiny_3,30530204,2677
f86dfa9fcef55d7f,riverbridge_mosaic_straight_stair_v01_01_c3r3.tgm.header,Tiny_3,30532881,350
ffe45952402329c2,riverbridge_mosaic_straight_stair_v01_01_c3r2.tgm,Art/Models/Terrain/Act3/AreaTransitions/battlefronttobarracks_5,660072,74657
f87c9bfdcd4d8bf6,riverbridge_mosaic_straight_stair_v01_01_c3r2.tgm.header,Tiny_3,30528094,2110
1a876d29fcfa123f,riverbridge_mosaic_straight_stair_v01_01_c3r1.tgm,Art/Models/Terrain/Act3/AreaTransitions/battlefronttobarracks_5,654335,5737
275bc6a1f4e223b5,riverbridge_mosaic_straight_stair_v01_01_c3r1.tgm.header,Tiny_3,30527612,482
61b7c6f0cd24ccdb,riverbridge_mosaic_straight_stair_v01_01_c2r3.tgm,Tiny_3,30525849,1499
04f275a82fc642b8,riverbridge_mosaic_straight_stair_v01_01_c2r3.tgm.header,Tiny_3,30527348,264
1532d662a40f5ba2,riverbridge_mosaic_straight_stair_v01_01_c2r2.tgm,Art/Models/Terrain/Act3/AreaTransitions/battlefronttobarracks_5,648516,5819
f0755ffdddaef6a1,riverbridge_mosaic_straight_stair_v01_01_c2r2.tgm.header,Tiny_3,30525585,264
92476f46624e5fce,riverbridge_mosaic_straight_stair_v01_01_c2r1.tgm,Tiny_3,30522304,3017
77e6793a7fff4a8c,riverbridge_mosaic_straight_stair_v01_01_c2r1.tgm.header,Tiny_3,30525321,264
7a501316a0a53016,riverbridge_mosaic_straight_stair_v01_01_c1r3.tgm,Tiny_3,30520735,1263
5060ffdf6cba1bed,riverbridge_mosaic_straight_stair_v01_01_c1r3.tgm.header,Tiny_3,30521998,306
2bfef1ad504b302c,riverbridge_mosaic_straight_stair_v01_01_c1r2.tgm,Art/Models/Terrain/Act3/AreaTransitions/battlefronttobarracks_5,643857,4659
02fd8d776d2b1d90,riverbridge_mosaic_straight_stair_v01_01_c1r2.tgm.header,Tiny_3,30520297,438
5107c8c84ff078f5,riverbridge_mosaic_straight_stair_v01_01_c1r1.tgm,Tiny_3,30516604,3299
be41defb260da3e2,riverbridge_mosaic_straight_stair_v01_01_c1r1.tgm.header,Tiny_3,30519903,394
d37fde9ffd64b7bd,riverbridge_large_v01_02_c6r1.tgm,Art/Models/Terrain/Act3/AreaTransitions/battlefronttobarracks_5,537044,106813
a9700ad3bf802c67,riverbridge_large_v01_02_c6r1.tgm.header,Tiny_3,30513746,2858
9c6ffd796003e1cb,riverbridge_large_v01_02_c5r1.tgm,Tiny_3,30511551,1931
dae1b8f6e6e471ef,riverbridge_large_v01_02_c5r1.tgm.header,Tiny_3,30513482,264
b6bf965bb9f39cbc,riverbridge_large_v01_02_c4r1.tgm,Tiny_3,30509680,1607
c64cb137a9d08e21,riverbridge_large_v01_02_c4r1.tgm.header,Tiny_3,30511287,264
cd4ab6a325c6e84e,riverbridge_large_v01_02_c3r1.tgm,Tiny_3,30508133,1283
7c548a9c2a5f1943,riverbridge_large_v01_02_c3r1.tgm.header,Tiny_3,30509416,264
f9e48ef4fc32e7bf,riverbridge_large_v01_02_c2r1.tgm,Tiny_3,30506910,959
efe4b0e0ed157b23,riverbridge_large_v01_02_c2r1.tgm.header,Tiny_3,30507869,264
aae5c914788b9b63,riverbridge_large_v01_02_c1r1.tgm,Art/Models/Terrain/Act3/AreaTransitions/battlefronttobarracks_5,506793,30251
fd4d64d3801c16b2,riverbridge_large_v01_02_c1r1.tgm.header,Tiny_3,30506120,790
ae37aa87a47db78f,riverbridge_large_v01_01_c6r1.tgm,Art/Models/Terrain/Act3/AreaTransitions/battlefronttobarracks_5,475894,30899
d6b2979521958460,riverbridge_large_v01_01_c6r1.tgm.header,Tiny_3,30505330,790
1cbf775f7950888f,riverbridge_large_v01_01_c5r1.tgm,Tiny_3,30503135,1931
09facf9249034faf,riverbridge_large_v01_01_c5r1.tgm.header,Tiny_3,30505066,264
02a061e80230f670,riverbridge_large_v01_01_c4r1.tgm,Art/Models/Terrain/Act3/AreaTransitions/battlefronttobarracks_5,467207,8687
056f4e40c83e1e66,riverbridge_large_v01_01_c4r1.tgm.header,Tiny_3,30502741,394
5665ff52f2e2dbf2,riverbridge_large_v01_01_c3r1.tgm,Art/Models/Terrain/Act3/AreaTransitions/battlefronttobarracks_5,386730,80477
191c273cc66bb812,riverbridge_large_v01_01_c3r1.tgm.header,Tiny_3,30501027,1714
7307f62df89184ec,riverbridge_large_v01_01_c2r1.tgm,Tiny_3,30499804,959
53fba50958af4933,riverbridge_large_v01_01_c2r1.tgm.header,Tiny_3,30500763,264
a2e066665d281018,riverbridge_large_v01_01_c1r1.tgm,Art/Models/Terrain/Act3/AreaTransitions/battlefronttobarracks_5,356479,30251
d58147b576ad316c,riverbridge_large_v01_01_c1r1.tgm.header,Tiny_3,30499014,790
0cd43097280c7a4b,riverbridge_large_ending_v01_01_c6r1.tgm,Tiny_3,30497467,1283
7e310a80e811f2c3,riverbridge_large_ending_v01_01_c6r1.tgm.header,Tiny_3,30498750,264
3e3c127d028e238c,riverbridge_large_ending_v01_01_c5r1.tgm,Tiny_3,30495272,1931
5e22bcb4bbaa3c5f,riverbridge_large_ending_v01_01_c5r1.tgm.header,Tiny_3,30497203,264
3cc17cb614020801,riverbridge_large_ending_v01_01_c4r1.tgm,Art/Models/Terrain/Act3/AreaTransitions/battlefronttobarracks_5,156464,200015
d1006ffeab25cd32,riverbridge_large_ending_v01_01_c4r1.tgm.header,Tiny_3,30492238,3034
dda4b079786d44fa,riverbridge_large_ending_v01_01_c3r1.tgm,Tiny_3,30490691,1283
70ddd7a43fbddd66,riverbridge_large_ending_v01_01_c3r1.tgm.header,Tiny_3,30491974,264
c8fc65e8fdc2fe23,riverbridge_large_ending_v01_01_c2r1.tgm,Tiny_3,30489468,959
e15d1f41a4044b8e,riverbridge_large_ending_v01_01_c2r1.tgm.header,Tiny_3,30490427,264
a03dcecfaa0551c6,riverbridge_large_ending_v01_01_c1r1.tgm,Tiny_3,30488569,635
9b02af5fa54d0bd6,riverbridge_large_ending_v01_01_c1r1.tgm.header,Tiny_3,30489204,264
c0dea28fc2ff642f,riverbridge_corner_v01_02_c1r2.tgm,Art/Models/Terrain/Act3/AreaTransitions/battlefronttobarracks_5,108771,47693
9d8304d83964ac7a,riverbridge_corner_v01_02_c1r2.tgm.header,Tiny_3,30487251,1318
e8a0d93fb373ed1c,riverbridge_corner_v01_02_c1r1.tgm,Art/Models/Terrain/Act3/AreaTransitions/battlefronttobarracks_5,78652,30119
01dc2915c001064e,riverbridge_corner_v01_02_c1r1.tgm.header,Tiny_3,30486461,790
654ae0ddc223f7aa,riverbridge_corner_v01_01_c1r2.tgm,Art/Models/Terrain/Act3/AreaTransitions/battlefronttobarracks_5,30287,48365
adcb0f7af253bdfa,riverbridge_corner_v01_01_c1r2.tgm.header,Tiny_3,30485011,1450
b0610cfff32019a2,riverbridge_corner_v01_01_c1r1.tgm,Art/Models/Terrain/Act3/AreaTransitions/battlefronttobarracks_5,0,30287
2926a90eb7098667,riverbridge_corner_v01_01_c1r1.tgm.header,Tiny_3,30484221,790
f31187c71a925379,act3_riverbridge_transition_v01_01_c9r9.tgm,Tiny_3,30482968,989
5fa2956bb16ee23e,act3_riverbridge_transition_v01_01_c9r9.tgm.header,Tiny_3,30483957,264
732e71e220b7c5e3,act3_riverbridge_transition_v01_01_c9r8.tgm,Tiny_3,30481995,709
32207415983ca861,act3_riverbridge_transition_v01_01_c9r8.tgm.header,Tiny_3,30482704,264
f952b5870d22f094,act3_riverbridge_transition_v01_01_c9r7.tgm,Art/Models/Terrain/Act3/AreaTransitions/battlefronttobarracks_4,2806107,71263
284fa79776ed05b0,act3_riverbridge_transition_v01_01_c9r7.tgm.header,Tiny_3,30481249,746
4ff742ad2900f038,act3_riverbridge_transition_v01_01_c9r6.tgm,Art/Models/Terrain/Act3/AreaTransitions/battlefronttobarracks_4,2644084,162023
abca5a1bc8fa1908,act3_riverbridge_transition_v01_01_c9r6.tgm.header,Folders/art/models/terrain/act3/areatransitions/sewers,634090,9106
f355ad9d8014dc0d,act3_riverbridge_transition_v01_01_c9r5.tgm,Tiny_3,30480438,547
654b6bb1e517bd01,act3_riverbridge_transition_v01_01_c9r5.tgm.header,Tiny_3,30480985,264
f635d2ab70a1ac20,act3_riverbridge_transition_v01_01_c9r4.tgm,Tiny_3,30397294,1745
566ca6a64d78de16,act3_riverbridge_transition_v01_01_c9r4.tgm.header,Tiny_3,30399039,264
7cb63deaeda37f71,act3_riverbridge_transition_v01_01_c9r3.tgm,Tiny_3,30395565,1465
0a2997b9f90dd6bc,act3_riverbridge_transition_v01_01_c9r3.tgm.header,Tiny_3,30397030,264
08def26b862b867f,act3_riverbridge_transition_v01_01_c9r2.tgm,Tiny_3,30392710,2591
f4b983c039d6fd9a,act3_riverbridge_transition_v01_01_c9r2.tgm.header,Tiny_3,30395301,264
4ea366748fec7b20,act3_riverbridge_transition_v01_01_c9r12.tgm,Tiny_3,30391097,1349
41aee7e5243a7e46,act3_riverbridge_transition_v01_01_c9r12.tgm.header,Tiny_3,30392446,264
365a44b4800b3b54,act3_riverbridge_transition_v01_01_c9r11.tgm,Tiny_3,30387990,2843
7148921c52eca4de,act3_riverbridge_transition_v01_01_c9r11.tgm.header,Tiny_3,30390833,264
0ee97a5036842785,act3_riverbridge_transition_v01_01_c9r10.tgm,Art/Models/Terrain/Act3/AreaTransitions/battlefronttobarracks_4,2557933,86151
bba75e19778178a5,act3_riverbridge_transition_v01_01_c9r10.tgm.header,Tiny_3,30477888,2550
a86b721a7f3458f1,act3_riverbridge_transition_v01_01_c9r1.tgm,Tiny_3,30476107,1781
78a582c4e695b323,act3_riverbridge_transition_v01_01_c9r1.tgm.header,Tiny_3,30386159,264
0a17359b015202ab,act3_riverbridge_transition_v01_01_c8r9.tgm,Tiny_3,30383871,243
13a448db8569f481,act3_riverbridge_transition_v01_01_c8r9.tgm.header,Tiny_3,30384114,264
e8730eff83be920c,act3_riverbridge_transition_v01_01_c8r8.tgm,Tiny_3,30475216,627
4ec18659fa764826,act3_riverbridge_transition_v01_01_c8r8.tgm.header,Tiny_3,30475843,264
ed7c9633a82df758,act3_riverbridge_transition_v01_01_c8r7.tgm,Tiny_3,30473899,1053
872739c32bc25c52,act3_riverbridge_transition_v01_01_c8r7.tgm.header,Tiny_3,30474952,264
0d0672fa3c79880a,act3_riverbridge_transition_v01_01_c8r6.tgm,Tiny_3,30471982,1653
285e1512a5b4eae3,act3_riverbridge_transition_v01_01_c8r6.tgm.header,Tiny_3,30473635,264
f2a8931971a52ac6,act3_riverbridge_transition_v01_01_c8r5.tgm,Tiny_6,10117595,47
d9aee1afd7d7a145,act3_riverbridge_transition_v01_01_c8r5.tgm.header,Tiny_6,10994494,264
13573914b7406752,act3_riverbridge_transition_v01_01_c8r4.tgm,Tiny_3,30378582,675
7270a411ec799466,act3_riverbridge_transition_v01_01_c8r4.tgm.header,Tiny_3,30379257,264
bc2fa5293452477d,act3_riverbridge_transition_v01_01_c8r3.tgm,Tiny_3,30377745,837
e596c5cb05ce1a08,act3_riverbridge_transition_v01_01_c8r3.tgm.header,Tiny_5,38545187,264
2bfa7726ba28d673,act3_riverbridge_transition_v01_01_c8r2.tgm,Tiny_3,30376286,1195
9693f70661720789,act3_riverbridge_transition_v01_01_c8r2.tgm.header,Tiny_3,30377481,264
3bb7b82e93d02fc5,act3_riverbridge_transition_v01_01_c8r12.tgm,Tiny_3,30375367,655
d65f3f037e999400,act3_riverbridge_transition_v01_01_c8r12.tgm.header,Tiny_3,30376022,264
946e6fe0155837ca,act3_riverbridge_transition_v01_01_c8r11.tgm,Tiny_3,30373746,1357
c8a9a3603eaac631,act3_riverbridge_transition_v01_01_c8r11.tgm.header,Tiny_3,30375103,264
8568977fb5864574,act3_riverbridge_transition_v01_01_c8r10.tgm,Tiny_3,30373287,459
397428bc31d809d0,act3_riverbridge_transition_v01_01_c8r10.tgm.header,Tiny_5,59151096,264
a7be579670c5d264,act3_riverbridge_transition_v01_01_c8r1.tgm,Tiny_3,30471219,763
9d878a615f9b95b6,act3_riverbridge_transition_v01_01_c8r1.tgm.header,Tiny_3,30373023,264
43ea4340a2da70ef,act3_riverbridge_transition_v01_01_c7r9.tgm,Tiny_3,30371753,243
a7bdcd9f2934bf6d,act3_riverbridge_transition_v01_01_c7r9.tgm.header,Tiny_3,30371996,264
5c16587afc73406c,act3_riverbridge_transition_v01_01_c7r8.tgm,Tiny_3,30469914,1041
a578776940e7429f,act3_riverbridge_transition_v01_01_c7r8.tgm.header,Tiny_3,30470955,264
c0beebfab6a468c9,act3_riverbridge_transition_v01_01_c7r7.tgm,Art/Models/Terrain/Act3/AreaTransitions/battlefronttobarracks_4,2177324,380609
e9e9beb3383bf515,act3_riverbridge_transition_v01_01_c7r7.tgm.header,Folders/art/models/terrain/act3/areatransitions/sewers,625908,8182
6235b2dfa84d63af,act3_riverbridge_transition_v01_01_c7r6.tgm,Art/Models/Terrain/Act3/AreaTransitions/battlefronttobarracks_4,2059375,117949
f7bbec755a5bc551,act3_riverbridge_transition_v01_01_c7r6.tgm.header,Tiny_3,30468376,1538
8e88ef11b9a78b38,act3_riverbridge_transition_v01_01_c7r5.tgm,Tiny_3,30467341,771
894acb2713373735,act3_riverbridge_transition_v01_01_c7r5.tgm.header,Tiny_3,30468112,264
b7cfbe03b4450651,act3_riverbridge_transition_v01_01_c7r4.tgm,Tiny_3,30368154,621
a7d07a3e123cc82e,act3_riverbridge_transition_v01_01_c7r4.tgm.header,Tiny_3,30368775,264
895cf22bf02ce68a,act3_riverbridge_transition_v01_01_c7r3.tgm,Tiny_3,30367209,945
8ce268a1f446f80d,act3_riverbridge_transition_v01_01_c7r3.tgm.header,Tiny_5,38594885,264
3ac2418b1802d85c,act3_riverbridge_transition_v01_01_c7r2.tgm,Tiny_3,30465984,1357
a73aa630f510fcf5,act3_riverbridge_transition_v01_01_c7r2.tgm.header,Tiny_3,30366945,264
f98bc1ecdb373f75,act3_riverbridge_transition_v01_01_c7r12.tgm,Tiny_3,30364669,655
0ac255b9b688c8b4,act3_riverbridge_transition_v01_01_c7r12.tgm.header,Tiny_3,30365324,264
d0ae9381b69798d3,act3_riverbridge_transition_v01_01_c7r11.tgm,Tiny_3,30464627,1357
08571332d1177616,act3_riverbridge_transition_v01_01_c7r11.tgm.header,Tiny_3,30364405,264
ad8ca0bdd5156784,act3_riverbridge_transition_v01_01_c7r10.tgm,Tiny_3,30362589,459
e2157b330ebd840f,act3_riverbridge_transition_v01_01_c7r10.tgm.header,Tiny_5,59151096,264
bc03f4dacf75523a,act3_riverbridge_transition_v01_01_c7r1.tgm,Tiny_3,30463972,655
fc86cb4a1590588a,act3_riverbridge_transition_v01_01_c7r1.tgm.header,Tiny_3,30362325,264
92f466ee60749f67,act3_riverbridge_transition_v01_01_c6r9.tgm,Tiny_3,30361109,297
7f7ace4535b09eea,act3_riverbridge_transition_v01_01_c6r9.tgm.header,Tiny_3,30361406,264
3d44a05e053f43d6,act3_riverbridge_transition_v01_01_c6r8.tgm,Tiny_3,30463465,243
8f8cd40443b1a140,act3_riverbridge_transition_v01_01_c6r8.tgm.header,Tiny_3,30463708,264
645498d9fede73b1,act3_riverbridge_transition_v01_01_c6r7.tgm,Art/Models/Terrain/Act3/AreaTransitions/battlefronttobarracks_4,947090,1112285
167d25268ce4ed1b,act3_riverbridge_transition_v01_01_c6r7.tgm.header,Folders/art/models/terrain/act3/areatransitions/sewers,605978,19930
7768d46603d99339,act3_riverbridge_transition_v01_01_c6r6.tgm,Art/Models/Terrain/Act3/AreaTransitions/battlefronttobarracks_4,736727,210363
7301500ca73d4ab8,act3_riverbridge_transition_v01_01_c6r6.tgm.header,Tiny_3,30461443,2022
1a6469bd881db9c6,act3_riverbridge_transition_v01_01_c6r5.tgm,Tiny_3,30460504,675
6642627384225704,act3_riverbridge_transition_v01_01_c6r5.tgm.header,Tiny_3,30461179,264
309888877cc1c842,act3_riverbridge_transition_v01_01_c6r4.tgm,Tiny_3,30356616,459
94a795310501cf0b,act3_riverbridge_transition_v01_01_c6r4.tgm.header,Tiny_3,30357075,264
0a04dc66d52e459e,act3_riverbridge_transition_v01_01_c6r3.tgm,Tiny_3,30355995,621
807070652647ef98,act3_riverbridge_transition_v01_01_c6r3.tgm.header,Tiny_5,61408359,264
79d4f435247b5855,act3_riverbridge_transition_v01_01_c6r2.tgm,Tiny_3,30459417,1087
6ae1bd60a983ccc2,act3_riverbridge_transition_v01_01_c6r2.tgm.header,Tiny_3,30355731,264
fc267dcb42a92cd8,act3_riverbridge_transition_v01_01_c6r12.tgm,Tiny_3,30353941,439
022385f3aef803a3,act3_riverbridge_transition_v01_01_c6r12.tgm.header,Tiny_3,30354380,264
c0a89f81c33428e1,act3_riverbridge_transition_v01_01_c6r11.tgm,Tiny_3,30458330,1087
6846ddc8733968c2,act3_riverbridge_transition_v01_01_c6r11.tgm.header,Tiny_3,30353677,264
a274d74b76f039bb,act3_riverbridge_transition_v01_01_c6r10.tgm,Tiny_3,30352131,459
49696dfed904aabd,act3_riverbridge_transition_v01_01_c6r10.tgm.header,Tiny_3,30321217,264
b91853297dc94dbd,act3_riverbridge_transition_v01_01_c6r1.tgm,Tiny_3,30351428,439
80b8eb5528201aa8,act3_riverbridge_transition_v01_01_c6r1.tgm.header,Tiny_3,30351867,264
102429d8c40d5bac,act3_riverbridge_transition_v01_01_c5r9.tgm,Tiny_3,30457679,651
ce0487f60dc67cf0,act3_riverbridge_transition_v01_01_c5r9.tgm.header,Tiny_3,30351164,264
bd998c5721f9177a,act3_riverbridge_transition_v01_01_c5r8.tgm,Tiny_3,30456914,765
43ba7c778328504b,act3_riverbridge_transition_v01_01_c5r8.tgm.header,Tiny_3,30350249,264
6b487c9e7faa4c7c,act3_riverbridge_transition_v01_01_c5r7.tgm,Tiny_3,30455975,675
c7ea4d4d00dad264,act3_riverbridge_transition_v01_01_c5r7.tgm.header,Tiny_3,30456650,264
5b15f1846a3b5f7a,act3_riverbridge_transition_v01_01_c5r6.tgm,Tiny_3,30454334,1377
92d4423db44df3c1,act3_riverbridge_transition_v01_01_c5r6.tgm.header,Tiny_3,30455711,264
2bead67784f6f323,act3_riverbridge_transition_v01_01_c5r5.tgm,Tiny_3,30453053,1017
fde08d1e3dec33c7,act3_riverbridge_transition_v01_01_c5r5.tgm.header,Tiny_3,30454070,264
bc4a073daefe8fcf,act3_riverbridge_transition_v01_01_c5r4.tgm,Tiny_3,30452216,837
90dae8d185f5e18e,act3_riverbridge_transition_v01_01_c5r4.tgm.header,Tiny_3,30345935,264
d5dfc58d96b8abd2,act3_riverbridge_transition_v01_01_c5r3.tgm,Tiny_3,30344423,675
dd57d0d08190fd18,act3_riverbridge_transition_v01_01_c5r3.tgm.header,Tiny_5,58559297,264
4a581971d11e6662,act3_riverbridge_transition_v01_01_c5r2.tgm,Tiny_3,30451015,1201
c7e8553b66c9c548,act3_riverbridge_transition_v01_01_c5r2.tgm.header,Tiny_3,30344159,264
7ffec39d2ec7a332,act3_riverbridge_transition_v01_01_c5r12.tgm,Tiny_3,30449988,763
ec917c98e135bde5,act3_riverbridge_transition_v01_01_c5r12.tgm.header,Tiny_3,30450751,264
11509b8ad6a6335a,act3_riverbridge_transition_v01_01_c5r11.tgm,Tiny_3,30448787,1201
59b08ba5a2c05d4a,act3_riverbridge_transition_v01_01_c5r11.tgm.header,Tiny_3,30341667,264
437623e6526d2599,act3_riverbridge_transition_v01_01_c5r10.tgm,Tiny_3,30339845,621
c594848b89920c3e,act3_riverbridge_transition_v01_01_c5r10.tgm.header,Tiny_5,61408359,264
e7f26973d1cae993,act3_riverbridge_transition_v01_01_c5r1.tgm,Tiny_3,30338980,601
d2bb4e9c5350765e,act3_riverbridge_transition_v01_01_c5r1.tgm.header,Tiny_3,30339581,264
b54b1f54b385b4c4,act3_riverbridge_transition_v01_01_c4r9.tgm,Tiny_3,30448166,621
53fe3f71445bf687,act3_riverbridge_transition_v01_01_c4r9.tgm.header,Tiny_3,30338716,264
7956a4dc5134fd5a,act3_riverbridge_transition_v01_01_c4r8.tgm,Tiny_3,30446999,903
357d28924ef6db9e,act3_riverbridge_transition_v01_01_c4r8.tgm.header,Tiny_3,30447902,264
6e855f17bf5de4d7,act3_riverbridge_transition_v01_01_c4r7.tgm,Tiny_3,30446006,729
270d4279932cd05c,act3_riverbridge_transition_v01_01_c4r7.tgm.header,Tiny_3,30446735,264
cc26465ebbde13ce,act3_riverbridge_transition_v01_01_c4r6.tgm,Tiny_3,30444149,1593
3fc904014b58fde8,act3_riverbridge_transition_v01_01_c4r6.tgm.header,Tiny_3,30445742,264
6f091fe79dbd9dc1,act3_riverbridge_transition_v01_01_c4r5.tgm,Tiny_3,30442622,1263
2eaf48d3ae54aa30,act3_riverbridge_transition_v01_01_c4r5.tgm.header,Tiny_3,30443885,264
2aee3c48e0013ea4,act3_riverbridge_transition_v01_01_c4r4.tgm,Tiny_3,30441923,699
a7bde21381d8b1e4,act3_riverbridge_transition_v01_01_c4r4.tgm.header,Tiny_3,30332863,264
9722df71ca6f778c,act3_riverbridge_transition_v01_01_c4r3.tgm,Tiny_3,30331597,567
af3543ff405a4c31,act3_riverbridge_transition_v01_01_c4r3.tgm.header,Tiny_6,2030130,264
ac996935d46ad65c,act3_riverbridge_transition_v01_01_c4r2.tgm,Tiny_3,30330652,945
b502ad156bbe1de1,act3_riverbridge_transition_v01_01_c4r2.tgm.header,Tiny_5,38594885,264
b059689b05f146a0,act3_riverbridge_transition_v01_01_c4r12.tgm,Tiny_3,30441092,567
e06285fc201043af,act3_riverbridge_transition_v01_01_c4r12.tgm.header,Tiny_3,30441659,264
d1772195443cacd8,act3_riverbridge_transition_v01_01_c4r11.tgm,Tiny_3,30439937,891
f6b541ce050f5c65,act3_riverbridge_transition_v01_01_c4r11.tgm.header,Tiny_3,30440828,264
95a7bc986f31fe1b,act3_riverbridge_transition_v01_01_c4r10.tgm,Tiny_3,30438782,891
b687bbfd02a2330b,act3_riverbridge_transition_v01_01_c4r10.tgm.header,Tiny_3,30439673,264
9d252d2c20f5031e,act3_riverbridge_transition_v01_01_c4r1.tgm,Tiny_3,30327682,621
e1b69e66faec6e2c,act3_riverbridge_transition_v01_01_c4r1.tgm.header,Tiny_5,61408359,264
2be5f15c1f2788b7,act3_riverbridge_transition_v01_01_c3r9.tgm,Tiny_3,30326959,459
7c2a4163edec3530,act3_riverbridge_transition_v01_01_c3r9.tgm.header,Tiny_3,30327418,264
003e493073ad255d,act3_riverbridge_transition_v01_01_c3r8.tgm,Tiny_3,30437891,627
f1927c9bbd45e88e,act3_riverbridge_transition_v01_01_c3r8.tgm.header,Tiny_3,30438518,264
2db64e9736547aea,act3_riverbridge_transition_v01_01_c3r7.tgm,Tiny_3,30435710,1917
7164d4e385db783f,act3_riverbridge_transition_v01_01_c3r7.tgm.header,Tiny_3,30437627,264
bb09121d49a32f39,act3_riverbridge_transition_v01_01_c3r6.tgm,Tiny_3,30433151,2295
9415324d390383d9,act3_riverbridge_transition_v01_01_c3r6.tgm.header,Tiny_3,30435446,264
8bc53b41c1f7aa71,act3_riverbridge_transition_v01_01_c3r5.tgm,Tiny_3,30431942,945
4c541c6db5cb6978,act3_riverbridge_transition_v01_01_c3r5.tgm.header,Tiny_3,30432887,264
d7269f9c6c27814d,act3_riverbridge_transition_v01_01_c3r4.tgm,Tiny_3,30323122,351
51e276499809ae91,act3_riverbridge_transition_v01_01_c3r4.tgm.header,Tiny_3,29791911,264
2ca6638dd6b5d7e9,act3_riverbridge_transition_v01_01_c3r3.tgm,Tiny_3,30322663,459
d26c84912c8de1ec,act3_riverbridge_transition_v01_01_c3r3.tgm.header,Tiny_3,30321217,264
fd0988b097d90919,act3_riverbridge_transition_v01_01_c3r2.tgm,Tiny_3,30321994,405
929691dd007dce0a,act3_riverbridge_transition_v01_01_c3r2.tgm.header,Tiny_3,30322399,264
11284ddb9fb7da60,act3_riverbridge_transition_v01_01_c3r12.tgm,Tiny_3,30431165,513
587e5345a6d21537,act3_riverbridge_transition_v01_01_c3r12.tgm.header,Tiny_3,30431678,264
ba07deb5d785bb1b,act3_riverbridge_transition_v01_01_c3r11.tgm,Tiny_3,30430442,459
ad1e8cf0d4f331ec,act3_riverbridge_transition_v01_01_c3r11.tgm.header,Tiny_3,30430901,264
0244c6b1bcd97cb8,act3_riverbridge_transition_v01_01_c3r10.tgm,Tiny_3,30429449,729
63d042c1f4baf278,act3_riverbridge_transition_v01_01_c3r10.tgm.header,Tiny_3,30430178,264
30c5990319f66524,act3_riverbridge_transition_v01_01_c3r1.tgm,Tiny_3,30318988,513
41c5eb4ac690fcd8,act3_riverbridge_transition_v01_01_c3r1.tgm.header,Tiny_3,30319501,264
51e077df00eafffb,act3_riverbridge_transition_v01_01_c2r9.tgm,Tiny_3,30428780,405
226283769cae9d53,act3_riverbridge_transition_v01_01_c2r9.tgm.header,Tiny_3,30429185,264
efe17b1d251ff882,act3_riverbridge_transition_v01_01_c2r8.tgm,Tiny_3,30427895,621
7fd5dbc5e031e5b8,act3_riverbridge_transition_v01_01_c2r8.tgm.header,Tiny_3,30428516,264
0260bb50110abdf2,act3_riverbridge_transition_v01_01_c2r7.tgm,Tiny_3,30426464,1167
5de1fd4d176a945f,act3_riverbridge_transition_v01_01_c2r7.tgm.header,Tiny_3,30427631,264
92079ce119e418d7,act3_riverbridge_transition_v01_01_c2r6.tgm,Tiny_3,30425705,759
9ea65f28189ea079,act3_riverbridge_transition_v01_01_c2r6.tgm.header,Tiny_3,30316627,264
774288d18869bdac,act3_riverbridge_transition_v01_01_c2r5.tgm,Tiny_3,30425246,459
118517e340f5dd6f,act3_riverbridge_transition_v01_01_c2r5.tgm.header,Tiny_3,30315604,264
62d98171e179a57d,act3_riverbridge_transition_v01_01_c2r4.tgm,Tiny_3,30314740,405
f8a8733b721e5b67,act3_riverbridge_transition_v01_01_c2r4.tgm.header,Tiny_3,29927697,264
48a2babd26d2c2f7,act3_riverbridge_transition_v01_01_c2r3.tgm,Tiny_3,30314281,459
e9f603e5f2bdfdb9,act3_riverbridge_transition_v01_01_c2r3.tgm.header,Tiny_5,59151096,264
11513689e62227f5,act3_riverbridge_transition_v01_01_c2r2.tgm,Tiny_3,30313822,459
2b9cbdc310569813,act3_riverbridge_transition_v01_01_c2r2.tgm.header,Tiny_5,59151096,264
520fc52040832341,act3_riverbridge_transition_v01_01_c2r12.tgm,Tiny_3,30424577,405
3a653b9243cf434b,act3_riverbridge_transition_v01_01_c2r12.tgm.header,Tiny_3,30424982,264
7d465767242884be,act3_riverbridge_transition_v01_01_c2r11.tgm,Tiny_3,30423962,351
822fb884b1472797,act3_riverbridge_transition_v01_01_c2r11.tgm.header,Tiny_3,30424313,264
837c4801d75f7637,act3_riverbridge_transition_v01_01_c2r10.tgm,Tiny_3,30423239,459
9acf8fc8e7965e83,act3_riverbridge_transition_v01_01_c2r10.tgm.header,Tiny_3,30423698,264
69c565f73c564e22,act3_riverbridge_transition_v01_01_c2r1.tgm,Tiny_3,30312094,513
82004ef21cf48059,act3_riverbridge_transition_v01_01_c2r1.tgm.header,Tiny_6,7823650,264
3382145734d558a5,act3_riverbridge_transition_v01_01_c1r9.tgm,Tiny_3,30422570,405
7d59962d7bb52e73,act3_riverbridge_transition_v01_01_c1r9.tgm.header,Tiny_3,30422975,264
c9b39038c4bcc361,act3_riverbridge_transition_v01_01_c1r8.tgm,Tiny_3,30421841,729
30855bd7c64d78b2,act3_riverbridge_transition_v01_01_c1r8.tgm.header,Tiny_3,30311161,264
6918f6bbad99d929,act3_riverbridge_transition_v01_01_c1r7.tgm,Tiny_3,30420674,1167
554d805d75522925,act3_riverbridge_transition_v01_01_c1r7.tgm.header,Tiny_3,30310168,264
23bb4848d2b0f29e,act3_riverbridge_transition_v01_01_c1r6.tgm,Tiny_3,30419159,1515
4cc9217915547156,act3_riverbridge_transition_v01_01_c1r6.tgm.header,Tiny_3,30308737,264
2d8d3bd610f03497,act3_riverbridge_transition_v01_01_c1r5.tgm,Tiny_3,30418154,1005
fd5eed5540658332,act3_riverbridge_transition_v01_01_c1r5.tgm.header,Tiny_3,30306958,264
8d15c72872ded7d9,act3_riverbridge_transition_v01_01_c1r4.tgm,Tiny_3,30305656,297
75b351285d931f67,act3_riverbridge_transition_v01_01_c1r4.tgm.header,Tiny_3,29804847,264
5c2d09ea7287d75e,act3_riverbridge_transition_v01_01_c1r3.tgm,Tiny_3,30305305,351
1496ad098b7de9bd,act3_riverbridge_transition_v01_01_c1r3.tgm.header,Tiny_6,10003372,264
45036a8045eb7b6f,act3_riverbridge_transition_v01_01_c1r2.tgm,Tiny_3,30304846,459
dfc2446d5ec6c686,act3_riverbridge_transition_v01_01_c1r2.tgm.header,Tiny_5,59151096,264
a34237522e8c2c9d,act3_riverbridge_transition_v01_01_c1r12.tgm,Tiny_3,30417593,297
e713e36576accb30,act3_riverbridge_transition_v01_01_c1r12.tgm.header,Tiny_3,30417890,264
47faf3523e0fd0ba,act3_riverbridge_transition_v01_01_c1r11.tgm,Tiny_3,30416978,351
e70d9621643f6422,act3_riverbridge_transition_v01_01_c1r11.tgm.header,Tiny_3,30417329,264
88462d58607fd294,act3_riverbridge_transition_v01_01_c1r10.tgm,Tiny_3,30416255,459
57539aecbf74c631,act3_riverbridge_transition_v01_01_c1r10.tgm.header,Tiny_3,30416714,264
23cbbde458781a99,act3_riverbridge_transition_v01_01_c1r1.tgm,Tiny_3,30303334,405
98c91db6a7cff78d,act3_riverbridge_transition_v01_01_c1r1.tgm.header,Tiny_5,59149714,264
1872c68a89fb5ef9,act3_riverbridge_transition_v01_01_c10r9.tgm,Tiny_3,30415140,851
d738ce98c5013451,act3_riverbridge_transition_v01_01_c10r9.tgm.header,Tiny_3,30415991,264
ce6d483866b0fe73,act3_riverbridge_transition_v01_01_c10r8.tgm,Tiny_3,30414221,655
32edd457052d0d67,act3_riverbridge_transition_v01_01_c10r8.tgm.header,Tiny_3,30414876,264
7737b73ea2d4dbb9,act3_riverbridge_transition_v01_01_c10r7.tgm,Art/Models/Terrain/Act3/AreaTransitions/battlefronttobarracks_4,637334,99393
03842da527332b2c,act3_riverbridge_transition_v01_01_c10r7.tgm.header,Tiny_3,30412199,2022
e3e31234dbb6c7a5,act3_riverbridge_transition_v01_01_c10r6.tgm,Tiny_3,30410990,945
0938584d7e44643c,act3_riverbridge_transition_v01_01_c10r6.tgm.header,Tiny_3,30411935,264
c234cc2e6deb5aec,act3_riverbridge_transition_v01_01_c10r5.tgm,Tiny_3,30409855,871
4263542262198b60,act3_riverbridge_transition_v01_01_c10r5.tgm.header,Tiny_3,30410726,264
df628db70c85e777,act3_riverbridge_transition_v01_01_c10r4.tgm,Tiny_3,30296964,1229
190b59bbf484af53,act3_riverbridge_transition_v01_01_c10r4.tgm.header,Tiny_3,30298193,264
463657c11610c253,act3_riverbridge_transition_v01_01_c10r3.tgm,Tiny_3,30295775,925
eaa4b59528658a47,act3_riverbridge_transition_v01_01_c10r3.tgm.header,Tiny_3,30296700,264
04cc25fe812f0299,act3_riverbridge_transition_v01_01_c10r2.tgm,Tiny_3,30407810,1781
cc4262390e941245,act3_riverbridge_transition_v01_01_c10r2.tgm.header,Tiny_3,30409591,264
69910dcd18652e4e,act3_riverbridge_transition_v01_01_c10r12.tgm,Tiny_3,30293586,827
23c361c858a7dab9,act3_riverbridge_transition_v01_01_c10r12.tgm.header,Tiny_3,30294413,264
bdb44b0c569180d9,act3_riverbridge_transition_v01_01_c10r11.tgm,Art/Models/Terrain/Act3/AreaTransitions/battlefronttobarracks_4,576267,61067
ebd87066941884e8,act3_riverbridge_transition_v01_01_c10r11.tgm.header,Tiny_3,30406492,1318
ddd20979963cd6a0,act3_riverbridge_transition_v01_01_c10r10.tgm,Tiny_3,30291353,871
58d9e18b9bf35a2b,act3_riverbridge_transition_v01_01_c10r10.tgm.header,Tiny_3,30292224,264
6b9ff0088aba28b1,act3_riverbridge_transition_v01_01_c10r1.tgm,Tiny_3,30405449,1043
cde66a1ecaa6eb96,act3_riverbridge_transition_v01_01_c10r1.tgm.header,Tiny_3,30291089,264
e09941e0b7d2845d,act3_brokenbridge_v02_01_c9r9.tgm,Tiny_3,30404196,989
08cfb92cb7aef77b,act3_brokenbridge_v02_01_c9r9.tgm.header,Tiny_3,30405185,264
39425f2fdb6216b1,act3_brokenbridge_v02_01_c9r8.tgm,Tiny_3,30402845,1087
e23eb6607cd67336,act3_brokenbridge_v02_01_c9r8.tgm.header,Tiny_3,30403932,264
c6e72d491dcd6de9,act3_brokenbridge_v02_01_c9r7.tgm,Art/Models/Terrain/Act3/AreaTransitions/battlefronttobarracks_4,519226,57041
75ed895af61605f5,act3_brokenbridge_v02_01_c9r7.tgm.header,Tiny_3,30402187,658
c803090e99ba50f5,act3_brokenbridge_v02_01_c9r6.tgm,Tiny_3,30400654,1269
f2d3681da9162a9c,act3_brokenbridge_v02_01_c9r6.tgm.header,Tiny_3,30401923,264
a41ae5733452abc6,act3_brokenbridge_v02_01_c9r5.tgm,Tiny_3,30399303,1087
ef5e62b48110b3c9,act3_brokenbridge_v02_01_c9r5.tgm.header,Tiny_3,30400390,264
7448876ccf921e70,act3_brokenbridge_v02_01_c9r4.tgm,Tiny_3,30397294,1745
4ed5e8ff916d9e7f,act3_brokenbridge_v02_01_c9r4.tgm.header,Tiny_3,30399039,264
7e1a93f908c42533,act3_brokenbridge_v02_01_c9r3.tgm,Tiny_3,30395565,1465
cf7c2ab28a833752,act3_brokenbridge_v02_01_c9r3.tgm.header,Tiny_3,30397030,264
8c86e986bcccb359,act3_brokenbridge_v02_01_c9r2.tgm,Tiny_3,30392710,2591
9f9feac540d8d57e,act3_brokenbridge_v02_01_c9r2.tgm.header,Tiny_3,30395301,264
8de1a1d171a4fdc4,act3_brokenbridge_v02_01_c9r12.tgm,Tiny_3,30391097,1349
2bdedaee30081b55,act3_brokenbridge_v02_01_c9r12.tgm.header,Tiny_3,30392446,264
68c4ac95cea63d53,act3_brokenbridge_v02_01_c9r11.tgm,Tiny_3,30387990,2843
2c49f40e10b22477,act3_brokenbridge_v02_01_c9r11.tgm.header,Tiny_3,30390833,264
f5f2ff70f329bfdb,act3_brokenbridge_v02_01_c9r10.tgm,Tiny_3,30386423,1303
b28a1fcbd4eddbbf,act3_brokenbridge_v02_01_c9r10.tgm.header,Tiny_3,30387726,264
e52ff4dcad3ad009,act3_brokenbridge_v02_01_c9r1.tgm,Tiny_3,30384378,1781
40b5607004fd4b51,act3_brokenbridge_v02_01_c9r1.tgm.header,Tiny_3,30386159,264
65c1586df246a799,act3_brokenbridge_v02_01_c8r9.tgm,Tiny_3,30383871,243
4165130ddf6789d8,act3_brokenbridge_v02_01_c8r9.tgm.header,Tiny_3,30384114,264
4681cd4bbf83aea8,act3_brokenbridge_v02_01_c8r8.tgm,Tiny_3,30382824,783
0766c41f1eac0ec3,act3_brokenbridge_v02_01_c8r8.tgm.header,Tiny_3,30383607,264
5e041bf08177bd92,act3_brokenbridge_v02_01_c8r7.tgm,Tiny_3,30381507,1053
18bacfa7e2e1a0a7,act3_brokenbridge_v02_01_c8r7.tgm.header,Tiny_3,30382560,264
67a2fef38a421146,act3_brokenbridge_v02_01_c8r6.tgm,Tiny_3,30380298,945
8a9cb0d46e9e7005,act3_brokenbridge_v02_01_c8r6.tgm.header,Tiny_3,30381243,264
00de6d0f86c35962,act3_brokenbridge_v02_01_c8r5.tgm,Tiny_3,30379521,513
9a398852671fca0e,act3_brokenbridge_v02_01_c8r5.tgm.header,Tiny_3,30380034,264
5aac011a5322562b,act3_brokenbridge_v02_01_c8r4.tgm,Tiny_3,30378582,675
a50213aa3f50b306,act3_brokenbridge_v02_01_c8r4.tgm.header,Tiny_3,30379257,264
6672768ab12b1f1e,act3_brokenbridge_v02_01_c8r3.tgm,Tiny_3,30377745,837
56cea6d6e1ca7bed,act3_brokenbridge_v02_01_c8r3.tgm.header,Tiny_5,38545187,264
5ba2fd8dcd23593a,act3_brokenbridge_v02_01_c8r2.tgm,Tiny_3,30376286,1195
a7717e9dac0d3a33,act3_brokenbridge_v02_01_c8r2.tgm.header,Tiny_3,30377481,264
422b8b21c9020c04,act3_brokenbridge_v02_01_c8r12.tgm,Tiny_3,30375367,655
8db219b60ef98cbf,act3_brokenbridge_v02_01_c8r12.tgm.header,Tiny_3,30376022,264
5130eb7ce013330f,act3_brokenbridge_v02_01_c8r11.tgm,Tiny_3,30373746,1357
1777dc317c4492cd,act3_brokenbridge_v02_01_c8r11.tgm.header,Tiny_3,30375103,264
5a376e7c4a0e7b8c,act3_brokenbridge_v02_01_c8r10.tgm,Tiny_3,30373287,459
98976a064338de57,act3_brokenbridge_v02_01_c8r10.tgm.header,Tiny_5,59151096,264
b5491ef1cc4dc37f,act3_brokenbridge_v02_01_c8r1.tgm,Tiny_3,30372260,763
f4f98bcd39dc7d02,act3_brokenbridge_v02_01_c8r1.tgm.header,Tiny_3,30373023,264
655503c311af5706,act3_brokenbridge_v02_01_c7r9.tgm,Tiny_3,30371753,243
dde9bba78f500794,act3_brokenbridge_v02_01_c7r9.tgm.header,Tiny_3,30371996,264
561dbe1fc6f218be,act3_brokenbridge_v02_01_c7r8.tgm,Tiny_3,30371246,243
bd21af9d047afdd5,act3_brokenbridge_v02_01_c7r8.tgm.header,Tiny_3,30371489,264
71681908f1160e22,act3_brokenbridge_v02_01_c7r7.tgm,Art/Models/Terrain/Act3/AreaTransitions/battlefronttobarracks_4,115993,403233
a76ad289d65b1bdb,act3_brokenbridge_v02_01_c7r7.tgm.header,Folders/art/models/terrain/act3/areatransitions/sewers,597488,8490
782f6e9c4d151f1b,act3_brokenbridge_v02_01_c7r6.tgm,Art/Models/Terrain/Act3/AreaTransitions/battlefronttobarracks_4,0,115993
0631805dbe739559,act3_brokenbridge_v02_01_c7r6.tgm.header,Tiny_3,30369708,1538
5ca399508633dae9,act3_brokenbridge_v02_01_c7r5.tgm,Tiny_3,30369039,405
d5a4c64ceaee89a3,act3_brokenbridge_v02_01_c7r5.tgm.header,Tiny_3,30369444,264
31345d6bfe6dce55,act3_brokenbridge_v02_01_c7r4.tgm,Tiny_3,30368154,621
665916b015ee1020,act3_brokenbridge_v02_01_c7r4.tgm.header,Tiny_3,30368775,264
4d037d521562eb4a,act3_brokenbridge_v02_01_c7r3.tgm,Tiny_3,30367209,945
a3bd434e664b6ee7,act3_brokenbridge_v02_01_c7r3.tgm.header,Tiny_5,38594885,264
461adb74850c38a6,act3_brokenbridge_v02_01_c7r2.tgm,Tiny_3,30365588,1357
11e52006dfe76acb,act3_brokenbridge_v02_01_c7r2.tgm.header,Tiny_3,30366945,264
5e68bcf9c3b1b105,act3_brokenbridge_v02_01_c7r12.tgm,Tiny_3,30364669,655
982a9969cd237fd9,act3_brokenbridge_v02_01_c7r12.tgm.header,Tiny_3,30365324,264
b17cd8a97e039b12,act3_brokenbridge_v02_01_c7r11.tgm,Tiny_3,30363048,1357
c9fb1a27b13eb347,act3_brokenbridge_v02_01_c7r11.tgm.header,Tiny_3,30364405,264
4e0cf5a9156478f8,act3_brokenbridge_v02_01_c7r10.tgm,Tiny_3,30362589,459
8152a4aba5c50d5b,act3_brokenbridge_v02_01_c7r10.tgm.header,Tiny_5,59151096,264
7ec6785338ba5b15,act3_brokenbridge_v02_01_c7r1.tgm,Tiny_3,30361670,655
d1011aa7c93cef11,act3_brokenbridge_v02_01_c7r1.tgm.header,Tiny_3,30362325,264
78ad160c763eb4bb,act3_brokenbridge_v02_01_c6r9.tgm,Tiny_3,30361109,297
87659902db53ffb1,act3_brokenbridge_v02_01_c6r9.tgm.header,Tiny_3,30361406,264
b197a1d6431b7139,act3_brokenbridge_v02_01_c6r8.tgm,Tiny_3,30360602,243
ac130d545b991d2a,act3_brokenbridge_v02_01_c6r8.tgm.header,Tiny_3,30360845,264
d3a8eb9b364a66b4,act3_brokenbridge_v02_01_c6r7.tgm,Art/Models/Terrain/Act3/AreaTransitions/battlefronttobarracks_10,0,1082439
7141a34280f0dd8c,act3_brokenbridge_v02_01_c6r7.tgm.header,Folders/art/models/terrain/act3/areatransitions/sewers,577514,19974
ae918dc4d396ace5,act3_brokenbridge_v02_01_c6r6.tgm,Art/Models/Terrain/Act3/AreaTransitions/battlefronttobarracks_9,1980970,379795
c4c4c37b4ba23082,act3_brokenbridge_v02_01_c6r6.tgm.header,Tiny_3,30358008,2594
b9acc4487f513dc0,act3_brokenbridge_v02_01_c6r5.tgm,Tiny_3,30357339,405
3d293432b0c602d8,act3_brokenbridge_v02_01_c6r5.tgm.header,Tiny_3,30357744,264
7b6876a5cb0957e6,act3_brokenbridge_v02_01_c6r4.tgm,Tiny_3,30356616,459
54c65669f7449ebf,act3_brokenbridge_v02_01_c6r4.tgm.header,Tiny_3,30357075,264
81d3466b5e68facf,act3_brokenbridge_v02_01_c6r3.tgm,Tiny_3,30355995,621
f797a48a0f756ff2,act3_brokenbridge_v02_01_c6r3.tgm.header,Tiny_5,61408359,264
273e7fc2cf8bf86f,act3_brokenbridge_v02_01_c6r2.tgm,Tiny_3,30354644,1087
dd1add093d572572,act3_brokenbridge_v02_01_c6r2.tgm.header,Tiny_3,30355731,264
edb078d66dfefe57,act3_brokenbridge_v02_01_c6r12.tgm,Tiny_3,30353941,439
ef44728d7af5794f,act3_brokenbridge_v02_01_c6r12.tgm.header,Tiny_3,30354380,264
f8bd6acb3e6ac622,act3_brokenbridge_v02_01_c6r11.tgm,Tiny_3,30352590,1087
ea191b74553f5243,act3_brokenbridge_v02_01_c6r11.tgm.header,Tiny_3,30353677,264
f951af6ebbea2eef,act3_brokenbridge_v02_01_c6r10.tgm,Tiny_3,30352131,459
27eef32faadd0313,act3_brokenbridge_v02_01_c6r10.tgm.header,Tiny_3,30321217,264
fe4c93ff334947dd,act3_brokenbridge_v02_01_c6r1.tgm,Tiny_3,30351428,439
281b118da0795b74,act3_brokenbridge_v02_01_c6r1.tgm.header,Tiny_3,30351867,264
dc0ccd81d3d7dd9a,act3_brokenbridge_v02_01_c5r9.tgm,Tiny_3,30350513,651
5d3b7afde8977bc1,act3_brokenbridge_v02_01_c5r9.tgm.header,Tiny_3,30351164,264
ae7f6ad38ca20ad4,act3_brokenbridge_v02_01_c5r8.tgm,Tiny_3,30349484,765
afedf00a7e9f8523,act3_brokenbridge_v02_01_c5r8.tgm.header,Tiny_3,30350249,264
152c4184a5e8e198,act3_brokenbridge_v02_01_c5r7.tgm,Tiny_3,30348599,621
810152982de63d31,act3_brokenbridge_v02_01_c5r7.tgm.header,Tiny_3,30349220,264
faa4badbdce028ab,act3_brokenbridge_v02_01_c5r6.tgm,Tiny_3,30347444,891
30ba269d6ea437b9,act3_brokenbridge_v02_01_c5r6.tgm.header,Tiny_3,30348335,264
32a38e3d3e0295f1,act3_brokenbridge_v02_01_c5r5.tgm,Tiny_3,30346199,981
533be0ea726b8620,act3_brokenbridge_v02_01_c5r5.tgm.header,Tiny_3,30347180,264
5916bded8aeda1c2,act3_brokenbridge_v02_01_c5r4.tgm,Tiny_3,30345098,837
d8dbfa21452ea81b,act3_brokenbridge_v02_01_c5r4.tgm.header,Tiny_3,30345935,264
f73a0b9cc010167b,act3_brokenbridge_v02_01_c5r3.tgm,Tiny_3,30344423,675
528f5b09b7fcaa26,act3_brokenbridge_v02_01_c5r3.tgm.header,Tiny_5,58559297,264
71471135dfaf9d58,act3_brokenbridge_v02_01_c5r2.tgm,Tiny_3,30342958,1201
debb484852458813,act3_brokenbridge_v02_01_c5r2.tgm.header,Tiny_3,30344159,264
90f89069bc506980,act3_brokenbridge_v02_01_c5r12.tgm,Tiny_3,30341931,763
71d3924c1f98d572,act3_brokenbridge_v02_01_c5r12.tgm.header,Tiny_3,30342694,264
a564cb2032edccb7,act3_brokenbridge_v02_01_c5r11.tgm,Tiny_3,30340466,1201
c2a9952dd1a83b95,act3_brokenbridge_v02_01_c5r11.tgm.header,Tiny_3,30341667,264
6b24af8327022edb,act3_brokenbridge_v02_01_c5r10.tgm,Tiny_3,30339845,621
fedef7c0be046b60,act3_brokenbridge_v02_01_c5r10.tgm.header,Tiny_5,61408359,264
e1df3ed5dec210a6,act3_brokenbridge_v02_01_c5r1.tgm,Tiny_3,30338980,601
481a80a57453b7a9,act3_brokenbridge_v02_01_c5r1.tgm.header,Tiny_3,30339581,264
870ca9880a8174e3,act3_brokenbridge_v02_01_c4r9.tgm,Tiny_3,30338095,621
60c652d2bafee2f1,act3_brokenbridge_v02_01_c4r9.tgm.header,Tiny_3,30338716,264
621d50fe9e59d9a2,act3_brokenbridge_v02_01_c4r8.tgm,Tiny_3,30336874,957
1cb5a242f4fd439b,act3_brokenbridge_v02_01_c4r8.tgm.header,Tiny_3,30337831,264
e9c564ad6dbc2d3e,act3_brokenbridge_v02_01_c4r7.tgm,Tiny_3,30335827,783
c02ea73552e74a8a,act3_brokenbridge_v02_01_c4r7.tgm.header,Tiny_3,30336610,264
45cc26b49bb2dea4,act3_brokenbridge_v02_01_c4r6.tgm,Tiny_3,30334564,999
05088c44f650b6ce,act3_brokenbridge_v02_01_c4r6.tgm.header,Tiny_3,30335563,264
d4ded4379dbaf792,act3_brokenbridge_v02_01_c4r5.tgm,Tiny_3,30333127,1173
7d7b50902703ba61,act3_brokenbridge_v02_01_c4r5.tgm.header,Tiny_3,30334300,264
ba29e71e92a73c6f,act3_brokenbridge_v02_01_c4r4.tgm,Tiny_3,30332164,699
cd95381b5e435f70,act3_brokenbridge_v02_01_c4r4.tgm.header,Tiny_3,30332863,264
2100dad6c4d86354,act3_brokenbridge_v02_01_c4r3.tgm,Tiny_3,30331597,567
b87543f54047f224,act3_brokenbridge_v02_01_c4r3.tgm.header,Tiny_6,2030130,264
f76d1d1256b06ada,act3_brokenbridge_v02_01_c4r2.tgm,Tiny_3,30330652,945
9effd932583385d6,act3_brokenbridge_v02_01_c4r2.tgm.header,Tiny_5,38594885,264
41f4f6b88ee0b0c5,act3_brokenbridge_v02_01_c4r12.tgm,Tiny_3,30330085,567
42d94328d16c4aec,act3_brokenbridge_v02_01_c4r12.tgm.header,Tiny_6,2030130,264
6c6ff882d26db3ea,act3_brokenbridge_v02_01_c4r11.tgm,Tiny_3,30329194,891
bfa2d21ab5931703,act3_brokenbridge_v02_01_c4r11.tgm.header,Tiny_5,38511603,264
96d9c706045a03e4,act3_brokenbridge_v02_01_c4r10.tgm,Tiny_3,30328303,891
71de15b82e230de1,act3_brokenbridge_v02_01_c4r10.tgm.header,Tiny_5,38511603,264
c032f38300e8eaee,act3_brokenbridge_v02_01_c4r1.tgm,Tiny_3,30327682,621
a1018f0f2d7dd4f1,act3_brokenbridge_v02_01_c4r1.tgm.header,Tiny_5,61408359,264
8911fc5a252cc81d,act3_brokenbridge_v02_01_c3r9.tgm,Tiny_3,30326959,459
d2c08a6929e0208f,act3_brokenbridge_v02_01_c3r9.tgm.header,Tiny_3,30327418,264
7548cbf36cba3f9c,act3_brokenbridge_v02_01_c3r8.tgm,Tiny_3,30326344,351
e4432533bf795bfe,act3_brokenbridge_v02_01_c3r8.tgm.header,Tiny_3,30326695,264
8fa7b945d5a76508,act3_brokenbridge_v02_01_c3r7.tgm,Tiny_3,30325567,513
4aef2d9128ca8fe1,act3_brokenbridge_v02_01_c3r7.tgm.header,Tiny_3,30326080,264
878fff9df34301b9,act3_brokenbridge_v02_01_c3r6.tgm,Tiny_3,30324520,783
9d5e8afe620b832d,act3_brokenbridge_v02_01_c3r6.tgm.header,Tiny_3,30325303,264
e02ea16a89f7f121,act3_brokenbridge_v02_01_c3r5.tgm,Tiny_3,30323473,783
b00d372cd61f248d,act3_brokenbridge_v02_01_c3r5.tgm.header,Tiny_3,30324256,264
562f234cc57800a3,act3_brokenbridge_v02_01_c3r4.tgm,Tiny_3,30323122,351
b9cbd0aec23f81ab,act3_brokenbridge_v02_01_c3r4.tgm.header,Tiny_3,29791911,264
1c31c73dbbfafa4b,act3_brokenbridge_v02_01_c3r3.tgm,Tiny_3,30322663,459
4122be0cf6f4a0cc,act3_brokenbridge_v02_01_c3r3.tgm.header,Tiny_3,30321217,264
ae9a9ed1ccd83c25,act3_brokenbridge_v02_01_c3r2.tgm,Tiny_3,30321994,405
698b3572c4fb16f8,act3_brokenbridge_v02_01_c3r2.tgm.header,Tiny_3,30322399,264
5046cb943d21e685,act3_brokenbridge_v02_01_c3r12.tgm,Tiny_3,30321481,513
b1c7abfb2303d497,act3_brokenbridge_v02_01_c3r12.tgm.header,Tiny_6,7823650,264
5d6e32a36f9d6f80,act3_brokenbridge_v02_01_c3r11.tgm,Tiny_3,30320758,459
1458d6ec0d931ab2,act3_brokenbridge_v02_01_c3r11.tgm.header,Tiny_3,30321217,264
81b8db85710c9781,act3_brokenbridge_v02_01_c3r10.tgm,Tiny_3,30319765,729
20293aafc9707dbf,act3_brokenbridge_v02_01_c3r10.tgm.header,Tiny_3,30320494,264
f15f5209508a4a18,act3_brokenbridge_v02_01_c3r1.tgm,Tiny_3,30318988,513
43ea4188c2c9cc31,act3_brokenbridge_v02_01_c3r1.tgm.header,Tiny_3,30319501,264
10d99078f1854a32,act3_brokenbridge_v02_01_c2r9.tgm,Tiny_3,30318583,405
99ea78026a0825d9,act3_brokenbridge_v02_01_c2r9.tgm.header,Tiny_3,30311830,264
7157edaf3a32cd62,act3_brokenbridge_v02_01_c2r8.tgm,Tiny_3,30317944,375
f92fdc4fd307a404,act3_brokenbridge_v02_01_c2r8.tgm.header,Tiny_3,30318319,264
07d8d9e6e5b16034,act3_brokenbridge_v02_01_c2r7.tgm,Tiny_3,30316891,789
4284865fb8719d83,act3_brokenbridge_v02_01_c2r7.tgm.header,Tiny_3,30317680,264
962982d93011add9,act3_brokenbridge_v02_01_c2r6.tgm,Tiny_3,30315868,759
57c9e8259fce131d,act3_brokenbridge_v02_01_c2r6.tgm.header,Tiny_3,30316627,264
6b32d2437407965f,act3_brokenbridge_v02_01_c2r5.tgm,Tiny_3,30315145,459
aae43bcc8484d1b2,act3_brokenbridge_v02_01_c2r5.tgm.header,Tiny_3,30315604,264
3729ef51881e57e2,act3_brokenbridge_v02_01_c2r4.tgm,Tiny_3,30314740,405
fd9ef5c240ffc8b8,act3_brokenbridge_v02_01_c2r4.tgm.header,Tiny_3,29927697,264
d61a1dd5fa6e259d,act3_brokenbridge_v02_01_c2r3.tgm,Tiny_3,30314281,459
70740486ed055491,act3_brokenbridge_v02_01_c2r3.tgm.header,Tiny_5,59151096,264
59e7f2c1e7a353fd,act3_brokenbridge_v02_01_c2r2.tgm,Tiny_3,30313822,459
dff1b3f5b1d1010d,act3_brokenbridge_v02_01_c2r2.tgm.header,Tiny_5,59151096,264
65a08feea9e35d85,act3_brokenbridge_v02_01_c2r12.tgm,Tiny_3,30313417,405
1ae361a112033752,act3_brokenbridge_v02_01_c2r12.tgm.header,Tiny_5,59149714,264
58b402e44b06ceb3,act3_brokenbridge_v02_01_c2r11.tgm,Tiny_3,30313066,351
a8cfdb22a383a98f,act3_brokenbridge_v02_01_c2r11.tgm.header,Tiny_6,10003372,264
e16064b818d84f3c,act3_brokenbridge_v02_01_c2r10.tgm,Tiny_3,30312607,459
e673251fee61ac5a,act3_brokenbridge_v02_01_c2r10.tgm.header,Tiny_5,59151096,264
7fdb976c1a3be3e0,act3_brokenbridge_v02_01_c2r1.tgm,Tiny_3,30312094,513
ec15d8bf423e6521,act3_brokenbridge_v02_01_c2r1.tgm.header,Tiny_6,7823650,264
7e432f56de7fd7b7,act3_brokenbridge_v02_01_c1r9.tgm,Tiny_3,30311425,405
4f6036c73268c425,act3_brokenbridge_v02_01_c1r9.tgm.header,Tiny_3,30311830,264
792a1f3dcdbfe2f6,act3_brokenbridge_v02_01_c1r8.tgm,Tiny_3,30310432,729
9d30c4cc65881cb8,act3_brokenbridge_v02_01_c1r8.tgm.header,Tiny_3,30311161,264
ee87c48f792431aa,act3_brokenbridge_v02_01_c1r7.tgm,Tiny_3,30309001,1167
a1d7242176e18d0f,act3_brokenbridge_v02_01_c1r7.tgm.header,Tiny_3,30310168,264
15a715bdcc3511f8,act3_brokenbridge_v02_01_c1r6.tgm,Tiny_3,30307222,1515
5c943e48c9c5dab6,act3_brokenbridge_v02_01_c1r6.tgm.header,Tiny_3,30308737,264
3e4c93bd0fdb0600,act3_brokenbridge_v02_01_c1r5.tgm,Tiny_3,30305953,1005
def529f5a58b4c55,act3_brokenbridge_v02_01_c1r5.tgm.header,Tiny_3,30306958,264
4b74000981fe8d0d,act3_brokenbridge_v02_01_c1r4.tgm,Tiny_3,30305656,297
cf7d703e644f13f1,act3_brokenbridge_v02_01_c1r4.tgm.header,Tiny_3,29804847,264
8504166fa6dd18f7,act3_brokenbridge_v02_01_c1r3.tgm,Tiny_3,30305305,351
c0c5e55d864e8e1a,act3_brokenbridge_v02_01_c1r3.tgm.header,Tiny_6,10003372,264
e72b19da33fb1706,act3_brokenbridge_v02_01_c1r2.tgm,Tiny_3,30304846,459
0b8d54be2621f7b2,act3_brokenbridge_v02_01_c1r2.tgm.header,Tiny_5,59151096,264
21da0b7a42770eea,act3_brokenbridge_v02_01_c1r12.tgm,Tiny_3,30304549,297
3a57930c5b9f015e,act3_brokenbridge_v02_01_c1r12.tgm.header,Tiny_6,10001636,264
7573e9b8c31fb531,act3_brokenbridge_v02_01_c1r11.tgm,Tiny_3,30304198,351
94fa3b82fe3cc242,act3_brokenbridge_v02_01_c1r11.tgm.header,Tiny_6,10003372,264
a9c252d6f7d8c066,act3_brokenbridge_v02_01_c1r10.tgm,Tiny_3,30303739,459
f9ab2eeb1ed6c7d5,act3_brokenbridge_v02_01_c1r10.tgm.header,Tiny_5,59151096,264
b60e15e065fb193e,act3_brokenbridge_v02_01_c1r1.tgm,Tiny_3,30303334,405
7db78f5a752f9e0c,act3_brokenbridge_v02_01_c1r1.tgm.header,Tiny_5,59149714,264
0cc7376adadf4d5d,act3_brokenbridge_v02_01_c10r9.tgm,Tiny_3,30302219,851
4261b70e5e22d157,act3_brokenbridge_v02_01_c10r9.tgm.header,Tiny_3,30303070,264
e6e27d87d9079c2d,act3_brokenbridge_v02_01_c10r8.tgm,Art/Models/Terrain/Act3/AreaTransitions/battlefronttobarracks_9,1942897,38073
87f0a9742220dfe9,act3_brokenbridge_v02_01_c10r8.tgm.header,Tiny_3,30301253,966
8ca9596ea6a8bd09,act3_brokenbridge_v02_01_c10r7.tgm,Tiny_3,30300368,621
3cae848d43037c30,act3_brokenbridge_v02_01_c10r7.tgm.header,Tiny_3,30300989,264
227314e483abc63b,act3_brokenbridge_v02_01_c10r6.tgm,Tiny_3,30299423,945
12a1770af6734b91,act3_brokenbridge_v02_01_c10r6.tgm.header,Tiny_3,30185715,264
2965ea6984986ad9,act3_brokenbridge_v02_01_c10r5.tgm,Art/Models/Terrain/Act3/AreaTransitions/battlefronttobarracks_9,1904662,38235
1651b79acbe916ab,act3_brokenbridge_v02_01_c10r5.tgm.header,Tiny_3,30298457,966
6736a3c4a0320ea8,act3_brokenbridge_v02_01_c10r4.tgm,Tiny_3,30296964,1229
17a0b0e7f30c12ba,act3_brokenbridge_v02_01_c10r4.tgm.header,Tiny_3,30298193,264
3eaf5bd981ed76d0,act3_brokenbridge_v02_01_c10r3.tgm,Tiny_3,30295775,925
f1e93b01afc77a63,act3_brokenbridge_v02_01_c10r3.tgm.header,Tiny_3,30296700,264
75cbabc8dcc60145,act3_brokenbridge_v02_01_c10r2.tgm,Art/Models/Terrain/Act3/AreaTransitions/battlefronttobarracks_9,1844947,59715
13f9e1e5e4236492,act3_brokenbridge_v02_01_c10r2.tgm.header,Tiny_3,30294677,1098
0cb438d67f766e06,act3_brokenbridge_v02_01_c10r12.tgm,Tiny_3,30293586,827
f158968bb80304be,act3_brokenbridge_v02_01_c10r12.tgm.header,Tiny_3,30294413,264
ef86e384839202f3,act3_brokenbridge_v02_01_c10r11.tgm,Art/Models/Terrain/Act3/AreaTransitions/battlefronttobarracks_9,1785274,59673
311f39ca252f1100,act3_brokenbridge_v02_01_c10r11.tgm.header,Tiny_3,30292488,1098
5e80b74f2138f7a2,act3_brokenbridge_v02_01_c10r10.tgm,Tiny_3,30291353,871
a440d09f126deafe,act3_brokenbridge_v02_01_c10r10.tgm.header,Tiny_3,30292224,264
9c6959bd6d7ac35f,act3_brokenbridge_v02_01_c10r1.tgm,Tiny_3,30290046,1043
aa54895d945862a1,act3_brokenbridge_v02_01_c10r1.tgm.header,Tiny_3,30291089,264
7bf659fe37f8c50e,act3_brokenbridge_v01_01_c9r9.tgm,Tiny_3,30286309,3473
ed8001286f1e2995,act3_brokenbridge_v01_01_c9r9.tgm.header,Tiny_3,30289782,264
61b70a2655044903,act3_brokenbridge_v01_01_c9r8.tgm,Art/Models/Terrain/Act3/AreaTransitions/battlefronttobarracks_9,1780205,5069
64deb5cdca402c02,act3_brokenbridge_v01_01_c9r8.tgm.header,Tiny_3,30286045,264
37efe788f60f4e44,act3_brokenbridge_v01_01_c9r7.tgm,Art/Models/Terrain/Act3/AreaTransitions/battlefronttobarracks_9,0,1780205
64e7426ead901cc3,act3_brokenbridge_v01_01_c9r7.tgm.header,Folders/art/models/terrain/act3/areatransitions/sewers,555076,22438
c53d51669d9b4323,act3_brokenbridge_v01_01_c9r6.tgm,Art/Models/Terrain/Act3/AreaTransitions/battlefronttobarracks_8,1339828,9521
31e7457276ecd5fc,act3_brokenbridge_v01_01_c9r6.tgm.header,Tiny_3,30285781,264
e30c9d1130998522,act3_brokenbridge_v01_01_c9r5.tgm,Art/Models/Terrain/Act3/AreaTransitions/battlefronttobarracks_8,1335119,4709
a2eb9e67403cbd66,act3_brokenbridge_v01_01_c9r5.tgm.header,Tiny_3,30285517,264
4fc1ccb5ea48ebf7,act3_brokenbridge_v01_01_c9r4.tgm,Art/Models/Terrain/Act3/AreaTransitions/battlefronttobarracks_8,1325226,9893
f61a2402978c74f2,act3_brokenbridge_v01_01_c9r4.tgm.header,Tiny_3,30285253,264
c79cab02b8fd3194,act3_brokenbridge_v01_01_c9r3.tgm,Art/Models/Terrain/Act3/AreaTransitions/battlefronttobarracks_8,1318381,6845
c8bd3ba465dccdc3,act3_brokenbridge_v01_01_c9r3.tgm.header,Tiny_3,30284989,264
ec27c823e7df5755,act3_brokenbridge_v01_01_c9r2.tgm,Tiny_3,30280952,3773
5b38f7f8b576d049,act3_brokenbridge_v01_01_c9r2.tgm.header,Tiny_3,30284725,264
0334c0c87011aaa6,act3_brokenbridge_v01_01_c9r12.tgm,Tiny_3,30278259,2429
a0c9aa7c0dd26c76,act3_brokenbridge_v01_01_c9r12.tgm.header,Tiny_3,30280688,264
46e1946c99db1241,act3_brokenbridge_v01_01_c9r11.tgm,Art/Models/Terrain/Act3/AreaTransitions/battlefronttobarracks_8,1314140,4241
7ccd63506fe914c9,act3_brokenbridge_v01_01_c9r11.tgm.header,Tiny_3,30277995,264
8fcff05b7ab8cba9,act3_brokenbridge_v01_01_c9r10.tgm,Tiny_3,30274654,3077
f6a18162e864d390,act3_brokenbridge_v01_01_c9r10.tgm.header,Tiny_3,30277731,264
45bde9d13b33ab1c,act3_brokenbridge_v01_01_c9r1.tgm,Tiny_3,30272249,2141
5a8db445d468a544,act3_brokenbridge_v01_01_c9r1.tgm.header,Tiny_3,30274390,264
3b0ebcb0eb808ab6,act3_brokenbridge_v01_01_c8r9.tgm,Tiny_3,30269772,2213
5fb4d13810d93331,act3_brokenbridge_v01_01_c8r9.tgm.header,Tiny_3,30271985,264
95acb6b980439e4c,act3_brokenbridge_v01_01_c8r8.tgm,Tiny_3,30267439,2069
d352743e4c80bc97,act3_brokenbridge_v01_01_c8r8.tgm.header,Tiny_3,30269508,264
59e4986105206d51,act3_brokenbridge_v01_01_c8r7.tgm,Art/Models/Terrain/Act3/AreaTransitions/battlefronttobarracks_8,1309479,4661
cd84128469a76a5b,act3_brokenbridge_v01_01_c8r7.tgm.header,Tiny_3,30267175,264
18106cf9925a87ed,act3_brokenbridge_v01_01_c8r6.tgm,Tiny_3,30264398,2513
193fe2a745072313,act3_brokenbridge_v01_01_c8r6.tgm.header,Tiny_3,30266911,264
c492552abcb320d9,act3_brokenbridge_v01_01_c8r5.tgm,Tiny_3,30260781,3353
12cee2bb50e872dc,act3_brokenbridge_v01_01_c8r5.tgm.header,Tiny_3,30264134,264
528fcc0609fd0b51,act3_brokenbridge_v01_01_c8r4.tgm,Art/Models/Terrain/Act3/AreaTransitions/battlefronttobarracks_8,1302904,6575
a2d243d35543dc4a,act3_brokenbridge_v01_01_c8r4.tgm.header,Tiny_3,30260517,264
28f5bb87f70637ac,act3_brokenbridge_v01_01_c8r3.tgm,Art/Models/Terrain/Act3/AreaTransitions/battlefronttobarracks_8,1295285,7619
c82ff1fe0a4c7341,act3_brokenbridge_v01_01_c8r3.tgm.header,Tiny_3,30260253,264
6489c180376e91b1,act3_brokenbridge_v01_01_c8r2.tgm,Tiny_3,30256912,3077
fe3dce818b80cdee,act3_brokenbridge_v01_01_c8r2.tgm.header,Tiny_3,30259989,264
660e38999cab326e,act3_brokenbridge_v01_01_c8r12.tgm,Tiny_3,30254819,1829
76dfeb47acba96ac,act3_brokenbridge_v01_01_c8r12.tgm.header,Tiny_3,30256648,264
d742d592c5d2ab4f,act3_brokenbridge_v01_01_c8r11.tgm,Tiny_3,30251982,2573
fb7b6aaf266fafea,act3_brokenbridge_v01_01_c8r11.tgm.header,Tiny_3,30254555,264
bf4da5a04aa1236a,act3_brokenbridge_v01_01_c8r10.tgm,Tiny_3,30249289,2429
ab0ae82113263e18,act3_brokenbridge_v01_01_c8r10.tgm.header,Tiny_3,30251718,264
33e4b302fc0ab0aa,act3_brokenbridge_v01_01_c8r1.tgm,Tiny_3,30247220,1805
9ee4eba980032970,act3_brokenbridge_v01_01_c8r1.tgm.header,Tiny_3,30249025,264
827bd57cb52b56fb,act3_brokenbridge_v01_01_c7r9.tgm,Tiny_3,30245019,1937
bc6fe10a1d1dfe09,act3_brokenbridge_v01_01_c7r9.tgm.header,Tiny_3,30246956,264
c531228be9e8de97,act3_brokenbridge_v01_01_c7r8.tgm,Tiny_3,30241186,3569
f55cdccfa141e21b,act3_brokenbridge_v01_01_c7r8.tgm.header,Tiny_3,30244755,264
dcdeea7a1c83f2bf,act3_brokenbridge_v01_01_c7r7.tgm,Art/Models/Terrain/Act3/AreaTransitions/battlefronttobarracks_8,0,1295285
bb026ec42bac5098,act3_brokenbridge_v01_01_c7r7.tgm.header,Folders/art/models/terrain/act3/areatransitions/sewers,545750,9326
5427aff189479d62,act3_brokenbridge_v01_01_c7r6.tgm,Tiny_3,30238361,2561
2819d007c1bf0b58,act3_brokenbridge_v01_01_c7r6.tgm.header,Tiny_3,30240922,264
3157c12fb6414cae,act3_brokenbridge_v01_01_c7r5.tgm,Tiny_3,30235812,2285
f15520d7b16e7512,act3_brokenbridge_v01_01_c7r5.tgm.header,Tiny_3,30238097,264
8fa5b61f0bfe3d68,act3_brokenbridge_v01_01_c7r4.tgm,Tiny_3,30232603,2945
a10fa6ac9c7edabe,act3_brokenbridge_v01_01_c7r4.tgm.header,Tiny_3,30235548,264
38fdcc205f629207,act3_brokenbridge_v01_01_c7r3.tgm,Art/Models/Terrain/Act3/AreaTransitions/battlefronttobarracks_7,2650940,6617
2f313827ca94099e,act3_brokenbridge_v01_01_c7r3.tgm.header,Tiny_3,30232339,264
827cac0d7a45ddd6,act3_brokenbridge_v01_01_c7r2.tgm,Art/Models/Terrain/Act3/AreaTransitions/battlefronttobarracks_7,2645565,5375
2e87ba6099a59663,act3_brokenbridge_v01_01_c7r2.tgm.header,Tiny_3,30232075,264
8ea0ea7df86b567d,act3_brokenbridge_v01_01_c7r12.tgm,Tiny_3,30230330,1481
e106cc236c470bd0,act3_brokenbridge_v01_01_c7r12.tgm.header,Tiny_3,30231811,264
cf29ae0bcf585960,act3_brokenbridge_v01_01_c7r11.tgm,Tiny_3,30227421,2645
702dbc018b892f15,act3_brokenbridge_v01_01_c7r11.tgm.header,Tiny_3,30230066,264
ae738b579f000b9e,act3_brokenbridge_v01_01_c7r10.tgm,Tiny_3,30225100,2057
d5a907ed403981a9,act3_brokenbridge_v01_01_c7r10.tgm.header,Tiny_3,30227157,264
7128a0351e463976,act3_brokenbridge_v01_01_c7r1.tgm,Tiny_3,30223463,1373
205feb4f502d0eda,act3_brokenbridge_v01_01_c7r1.tgm.header,Tiny_3,30224836,264
7825b35a69ef7a91,act3_brokenbridge_v01_01_c6r9.tgm,Tiny_3,30220036,3163
9c15f4ed2b0d9b4b,act3_brokenbridge_v01_01_c6r9.tgm.header,Tiny_3,30223199,264
9ff45f7894bb5558,act3_brokenbridge_v01_01_c6r8.tgm,Tiny_3,30217041,2731
12934e9378742fda,act3_brokenbridge_v01_01_c6r8.tgm.header,Tiny_3,30219772,264
8363eb812a748597,act3_brokenbridge_v01_01_c6r7.tgm,Tiny_3,30214838,1939
4a8a14fc7a9778ec,act3_brokenbridge_v01_01_c6r7.tgm.header,Tiny_3,30216777,264
eac25fbd7621a1fe,act3_brokenbridge_v01_01_c6r6.tgm,Tiny_3,30212551,2023
5eb99f67404ddfcb,act3_brokenbridge_v01_01_c6r6.tgm.header,Tiny_3,30214574,264
acb004f0c27c95d5,act3_brokenbridge_v01_01_c6r5.tgm,Tiny_3,30210540,1747
b89ad675bfe63719,act3_brokenbridge_v01_01_c6r5.tgm.header,Tiny_3,30212287,264
59f7c063523c3db7,act3_brokenbridge_v01_01_c6r4.tgm,Tiny_3,30208805,1471
546a4f1b06c6047d,act3_brokenbridge_v01_01_c6r4.tgm.header,Tiny_3,30210276,264
c8da731d2ce39996,act3_brokenbridge_v01_01_c6r3.tgm,Tiny_3,30204814,3727
c219912f6eae1c9a,act3_brokenbridge_v01_01_c6r3.tgm.header,Tiny_3,30208541,264
0144104b1be608fc,act3_brokenbridge_v01_01_c6r2.tgm,Art/Models/Terrain/Act3/AreaTransitions/battlefronttobarracks_7,2639836,5729
7a60c10cdb89a968,act3_brokenbridge_v01_01_c6r2.tgm.header,Tiny_3,30204550,264
4320dd0e3b749619,act3_brokenbridge_v01_01_c6r12.tgm,Tiny_3,30201065,3221
8c14727af4a99301,act3_brokenbridge_v01_01_c6r12.tgm.header,Tiny_3,30204286,264
f1f92acc69d3c105,act3_brokenbridge_v01_01_c6r11.tgm,Tiny_3,30197136,3665
81f8f405a5689a52,act3_brokenbridge_v01_01_c6r11.tgm.header,Tiny_3,30200801,264
18d69822cbbc7c8d,act3_brokenbridge_v01_01_c6r10.tgm,Tiny_3,30195029,1843
9c4cb9dff25e1f3d,act3_brokenbridge_v01_01_c6r10.tgm.header,Tiny_3,30196872,264
c06e81f1d9f5b77b,act3_brokenbridge_v01_01_c6r1.tgm,Tiny_3,30192972,1793
05093ca85eae7b74,act3_brokenbridge_v01_01_c6r1.tgm.header,Tiny_3,30194765,264
231ee0f3de82ae12,act3_brokenbridge_v01_01_c5r9.tgm,Tiny_3,30190313,2395
af40aa9751f14a1f,act3_brokenbridge_v01_01_c5r9.tgm.header,Tiny_3,30192708,264
00abbe822333d042,act3_brokenbridge_v01_01_c5r8.tgm,Tiny_3,30188326,1723
7d2546c41046fdf9,act3_brokenbridge_v01_01_c5r8.tgm.header,Tiny_3,30190049,264
159f536172b0ee9e,act3_brokenbridge_v01_01_c5r7.tgm,Tiny_3,30185979,2083
03c23274b9193f2f,act3_brokenbridge_v01_01_c5r7.tgm.header,Tiny_3,30188062,264
7940a71b696afc18,act3_brokenbridge_v01_01_c5r6.tgm,Tiny_3,30184088,1627
a04f297dc4b8318b,act3_brokenbridge_v01_01_c5r6.tgm.header,Tiny_3,30185715,264
57e4904e3596dd99,act3_brokenbridge_v01_01_c5r5.tgm,Tiny_3,30182665,1159
00d3fbc179b8d1df,act3_brokenbridge_v01_01_c5r5.tgm.header,Tiny_3,30183824,264
e00d4385b1637033,act3_brokenbridge_v01_01_c5r4.tgm,Tiny_3,30181854,547
c46d91edbbff5329,act3_brokenbridge_v01_01_c5r4.tgm.header,Tiny_3,30182401,264
bd3c8af629de9aa2,act3_brokenbridge_v01_01_c5r3.tgm,Tiny_3,30180935,655
5a107e6c9c53fbea,act3_brokenbridge_v01_01_c5r3.tgm.header,Tiny_3,30181590,264
721cd3801955e083,act3_brokenbridge_v01_01_c5r2.tgm,Tiny_3,30178500,2171
d9d40ff67a9afed0,act3_brokenbridge_v01_01_c5r2.tgm.header,Tiny_3,30180671,264
5bf52c860433e93a,act3_brokenbridge_v01_01_c5r12.tgm,Tiny_3,30175303,2933
ae67e8f36f923ae9,act3_brokenbridge_v01_01_c5r12.tgm.header,Tiny_3,30178236,264
7cf80db4d5139cdf,act3_brokenbridge_v01_01_c5r11.tgm,Tiny_3,30172430,2609
5a462865179c10af,act3_brokenbridge_v01_01_c5r11.tgm.header,Tiny_3,30175039,264
c57667a8304ff661,act3_brokenbridge_v01_01_c5r10.tgm,Tiny_3,30170959,1207
dc1b4deac68a2cf3,act3_brokenbridge_v01_01_c5r10.tgm.header,Tiny_3,30172166,264
9a653ac0ab9629f1,act3_brokenbridge_v01_01_c5r1.tgm,Tiny_3,30169682,1013
0506bf4ec502fbb0,act3_brokenbridge_v01_01_c5r1.tgm.header,Tiny_3,30170695,264
0ed70d85676a75f6,act3_brokenbridge_v01_01_c4r9.tgm,Tiny_3,30166821,2597
a63490390b6b3c97,act3_brokenbridge_v01_01_c4r9.tgm.header,Tiny_3,30169418,264
778f1d4059f29de3,act3_brokenbridge_v01_01_c4r8.tgm,Tiny_3,30163768,2789
76459021483d9f9d,act3_brokenbridge_v01_01_c4r8.tgm.header,Tiny_3,30166557,264
501c288f19ff7713,act3_brokenbridge_v01_01_c4r7.tgm,Tiny_3,30160115,3389
a964114e04e2b50b,act3_brokenbridge_v01_01_c4r7.tgm.header,Tiny_3,30163504,264
36eee283c5525878,act3_brokenbridge_v01_01_c4r6.tgm,Tiny_3,30156762,3089
7ba218bc8992b919,act3_brokenbridge_v01_01_c4r6.tgm.header,Tiny_3,30159851,264
b73db9e68ee582ca,act3_brokenbridge_v01_01_c4r5.tgm,Tiny_3,30153433,3065
85ce74d1e363394c,act3_brokenbridge_v01_01_c4r5.tgm.header,Tiny_3,30156498,264
0dc175ebf140f90b,act3_brokenbridge_v01_01_c4r4.tgm,Tiny_3,30150404,2765
5d1d312ffaf5c350,act3_brokenbridge_v01_01_c4r4.tgm.header,Tiny_3,30153169,264
2ac8041f338edd5d,act3_brokenbridge_v01_01_c4r3.tgm,Tiny_3,30147111,3029
4c1875e78525b779,act3_brokenbridge_v01_01_c4r3.tgm.header,Tiny_3,30150140,264
80e958ed962f1dfa,act3_brokenbridge_v01_01_c4r2.tgm,Tiny_3,30143626,3221
80b1e0f8a69adec9,act3_brokenbridge_v01_01_c4r2.tgm.header,Tiny_3,30146847,264
12d4cb7f76226963,act3_brokenbridge_v01_01_c4r12.tgm,Tiny_3,30141641,1721
273644e4f845b8c3,act3_brokenbridge_v01_01_c4r12.tgm.header,Tiny_3,30143362,264
ada40ff082b7d48f,act3_brokenbridge_v01_01_c4r11.tgm,Tiny_3,30138672,2705
39396e6a219bce1d,act3_brokenbridge_v01_01_c4r11.tgm.header,Tiny_3,30141377,264
4270b304484648f0,act3_brokenbridge_v01_01_c4r10.tgm,Tiny_3,30135799,2609
c04c189a6b553258,act3_brokenbridge_v01_01_c4r10.tgm.header,Tiny_3,30138408,264
3ec14f3388170a49,act3_brokenbridge_v01_01_c4r1.tgm,Tiny_3,30133958,1577
28eee51e012e4ee7,act3_brokenbridge_v01_01_c4r1.tgm.header,Tiny_3,30135535,264
9ad2a587de30efc2,act3_brokenbridge_v01_01_c3r9.tgm,Tiny_3,30130689,3005
e5e138ba784a3e03,act3_brokenbridge_v01_01_c3r9.tgm.header,Tiny_3,30133694,264
02fbffe602a4bec5,act3_brokenbridge_v01_01_c3r8.tgm,Tiny_3,30127672,2753
01beab30b5881233,act3_brokenbridge_v01_01_c3r8.tgm.header,Tiny_3,30130425,264
5b6bf3a3b270ad8b,act3_brokenbridge_v01_01_c3r7.tgm,Tiny_3,30124919,2489
cf89ebe3ddcb5495,act3_brokenbridge_v01_01_c3r7.tgm.header,Tiny_3,30127408,264
8f1e1f798013d91e,act3_brokenbridge_v01_01_c3r6.tgm,Tiny_3,30121830,2825
e8c4ee82e451192d,act3_brokenbridge_v01_01_c3r6.tgm.header,Tiny_3,30124655,264
19e7a81977ff0ae1,act3_brokenbridge_v01_01_c3r5.tgm,Tiny_3,30119353,2213
0d0104867727fa02,act3_brokenbridge_v01_01_c3r5.tgm.header,Tiny_3,30121566,264
7e4f95fe9f2be3a3,act3_brokenbridge_v01_01_c3r4.tgm,Tiny_3,30117152,1937
e9744e959c8d3147,act3_brokenbridge_v01_01_c3r4.tgm.header,Tiny_3,30119089,264
11296a0c28a6a6af,act3_brokenbridge_v01_01_c3r3.tgm,Tiny_3,30114795,2093
ad2532ef3683d055,act3_brokenbridge_v01_01_c3r3.tgm.header,Tiny_3,30116888,264
49b82d950bb05040,act3_brokenbridge_v01_01_c3r2.tgm,Tiny_3,30112162,2369
35acb84e4839fc09,act3_brokenbridge_v01_01_c3r2.tgm.header,Tiny_3,30114531,264
5a6cd1c3fdee7752,act3_brokenbridge_v01_01_c3r12.tgm,Tiny_3,30110669,1229
9433264af6d060b3,act3_brokenbridge_v01_01_c3r12.tgm.header,Tiny_3,30111898,264
a51f45e56d19fc28,act3_brokenbridge_v01_01_c3r11.tgm,Tiny_3,30108648,1757
f853e6ddf045f1a2,act3_brokenbridge_v01_01_c3r11.tgm.header,Tiny_3,30110405,264
35fdb9ed3cb308f1,act3_brokenbridge_v01_01_c3r10.tgm,Tiny_3,30105811,2573
02067ee857f28927,act3_brokenbridge_v01_01_c3r10.tgm.header,Tiny_3,30108384,264
c9533a424eb0b806,act3_brokenbridge_v01_01_c3r1.tgm,Tiny_3,30104042,1505
ab80980ca446f4ec,act3_brokenbridge_v01_01_c3r1.tgm.header,Tiny_3,30105547,264
96a4c77cb4795ce8,act3_brokenbridge_v01_01_c2r9.tgm,Tiny_3,30101637,2141
73fe47834d6d166a,act3_brokenbridge_v01_01_c2r9.tgm.header,Tiny_3,30103778,264
05bc3a4ccac5906b,act3_brokenbridge_v01_01_c2r8.tgm,Tiny_3,30098428,2945
fb959a0548734d95,act3_brokenbridge_v01_01_c2r8.tgm.header,Tiny_3,30101373,264
9710c7189012e569,act3_brokenbridge_v01_01_c2r7.tgm,Tiny_3,30095675,2489
9fccfb6dff0ba6f0,act3_brokenbridge_v01_01_c2r7.tgm.header,Tiny_3,30098164,264
134caf5663fe8574,act3_brokenbridge_v01_01_c2r6.tgm,Tiny_3,30092730,2681
4054d91988f1804c,act3_brokenbridge_v01_01_c2r6.tgm.header,Tiny_3,30095411,264
d6b76d2f887f960b,act3_brokenbridge_v01_01_c2r5.tgm,Tiny_3,30090073,2393
40e33dd4bb6772e7,act3_brokenbridge_v01_01_c2r5.tgm.header,Tiny_3,30092466,264
404f697d23733280,act3_brokenbridge_v01_01_c2r4.tgm,Tiny_3,30087908,1901
b5cc1257ac39a065,act3_brokenbridge_v01_01_c2r4.tgm.header,Tiny_3,30089809,264
d0437cd9effa61d2,act3_brokenbridge_v01_01_c2r3.tgm,Tiny_3,30086103,1541
35555d74d7bcc2e0,act3_brokenbridge_v01_01_c2r3.tgm.header,Tiny_3,30087644,264
781b2fe3c876b08b,act3_brokenbridge_v01_01_c2r2.tgm,Tiny_3,30084490,1349
45278508017b2f2f,act3_brokenbridge_v01_01_c2r2.tgm.header,Tiny_3,30085839,264
045187c3e68443c5,act3_brokenbridge_v01_01_c2r12.tgm,Tiny_3,30083105,1121
2be4d8c25514f3a5,act3_brokenbridge_v01_01_c2r12.tgm.header,Tiny_3,30084226,264
81699d62eac0499a,act3_brokenbridge_v01_01_c2r11.tgm,Tiny_3,30081636,1205
db5a6075ff29e45e,act3_brokenbridge_v01_01_c2r11.tgm.header,Tiny_3,30082841,264
52e89a031e5091eb,act3_brokenbridge_v01_01_c2r10.tgm,Tiny_3,30079981,1391
88ed8626a75036f6,act3_brokenbridge_v01_01_c2r10.tgm.header,Tiny_3,30081372,264
663d4c64cb5ba5d3,act3_brokenbridge_v01_01_c2r1.tgm,Tiny_3,30078368,1349
aab2fd3e46989a5d,act3_brokenbridge_v01_01_c2r1.tgm.header,Tiny_3,30079717,264
baabdf82264952ce,act3_brokenbridge_v01_01_c1r9.tgm,Tiny_3,30074439,3665
a5a6787f102a4f8e,act3_brokenbridge_v01_01_c1r9.tgm.header,Tiny_3,30078104,264
986f35573ed75d49,act3_brokenbridge_v01_01_c1r8.tgm,Art/Models/Terrain/Act3/AreaTransitions/battlefronttobarracks_7,2635043,4793
0e0534ff5057cd0f,act3_brokenbridge_v01_01_c1r8.tgm.header,Tiny_3,30074175,264
3e6e3ef930a42bac,act3_brokenbridge_v01_01_c1r7.tgm,Art/Models/Terrain/Act3/AreaTransitions/battlefronttobarracks_7,2630094,4949
0055730ee9b9920f,act3_brokenbridge_v01_01_c1r7.tgm.header,Tiny_3,30073911,264
22593d49b2617fce,act3_brokenbridge_v01_01_c1r6.tgm,Art/Models/Terrain/Act3/AreaTransitions/battlefronttobarracks_7,2624401,5693
b21b430acbc57b80,act3_brokenbridge_v01_01_c1r6.tgm.header,Tiny_3,30073647,264
50ecbea2e1a90f41,act3_brokenbridge_v01_01_c1r5.tgm,Art/Models/Terrain/Act3/AreaTransitions/battlefronttobarracks_7,2618180,6221
0a1b07c392fd4e4e,act3_brokenbridge_v01_01_c1r5.tgm.header,Tiny_3,30073383,264
8db76d449d1e87bd,act3_brokenbridge_v01_01_c1r4.tgm,Art/Models/Terrain/Act3/AreaTransitions/battlefronttobarracks_7,2612691,5489
f5c37a8f818ee2e8,act3_brokenbridge_v01_01_c1r4.tgm.header,Tiny_3,30073119,264
919d13297b86dd08,act3_brokenbridge_v01_01_c1r3.tgm,Art/Models/Terrain/Act3/AreaTransitions/battlefronttobarracks_7,2607238,5453
ef22622876496400,act3_brokenbridge_v01_01_c1r3.tgm.header,Tiny_3,30072855,264
ed0940188c21a9eb,act3_brokenbridge_v01_01_c1r2.tgm,Tiny_3,30068926,3665
fc9614fb3d4b3375,act3_brokenbridge_v01_01_c1r2.tgm.header,Tiny_3,30072591,264
d9f4b2714f867da2,act3_brokenbridge_v01_01_c1r12.tgm,Tiny_3,30067757,905
4215836ccd008be6,act3_brokenbridge_v01_01_c1r12.tgm.header,Tiny_3,30068662,264
05d44924633393ac,act3_brokenbridge_v01_01_c1r11.tgm,Tiny_3,30065796,1697
08607faa74822946,act3_brokenbridge_v01_01_c1r11.tgm.header,Tiny_3,30067493,264
855f034fbc34e87e,act3_brokenbridge_v01_01_c1r10.tgm,Tiny_3,30062827,2705
3b90ad51b853befe,act3_brokenbridge_v01_01_c1r10.tgm.header,Tiny_3,30065532,264
eeb57031ed9d8d13,act3_brokenbridge_v01_01_c1r1.tgm,Tiny_3,30061154,1409
29576c8388d1e586,act3_brokenbridge_v01_01_c1r1.tgm.header,Tiny_3,30062563,264
378b72b0e9a103ee,act3_brokenbridge_v01_01_c19r9.tgm,Tiny_3,29810491,1219
9e97c362d1de1c8f,act3_brokenbridge_v01_01_c19r9.tgm.header,Tiny_3,29811710,264
f5a159de46109e6d,act3_brokenbridge_v01_01_c19r8.tgm,Tiny_3,29809200,1027
a820564a61524c5a,act3_brokenbridge_v01_01_c19r8.tgm.header,Tiny_3,29810227,264
fde04ce61680d693,act3_brokenbridge_v01_01_c19r7.tgm,Tiny_3,29807669,1267
f9eb006c2b76e57a,act3_brokenbridge_v01_01_c19r7.tgm.header,Tiny_3,29808936,264
d66a904824cb09cc,act3_brokenbridge_v01_01_c19r6.tgm,Tiny_3,29806270,1135
692b5742b0f67341,act3_brokenbridge_v01_01_c19r6.tgm.header,Tiny_3,29807405,264
bfc67b51508c307b,act3_brokenbridge_v01_01_c19r5.tgm,Tiny_3,29805111,895
180b75dfa9b99442,act3_brokenbridge_v01_01_c19r5.tgm.header,Tiny_3,29806006,264
079610d4911f73ad,act3_brokenbridge_v01_01_c19r4.tgm,Tiny_3,29804324,523
be28a494b06ea8d4,act3_brokenbridge_v01_01_c19r4.tgm.header,Tiny_3,29804847,264
dea135f17c723073,act3_brokenbridge_v01_01_c19r3.tgm,Tiny_3,29803693,631
0bdcc0400ebb9eea,act3_brokenbridge_v01_01_c19r3.tgm.header,Tiny_6,10003372,264
3dd374988eab8d2c,act3_brokenbridge_v01_01_c19r2.tgm,Tiny_3,29802654,1039
dc281fda78970e8d,act3_brokenbridge_v01_01_c19r2.tgm.header,Tiny_6,2030130,264
cc3314839a5cc542,act3_brokenbridge_v01_01_c19r12.tgm,Tiny_3,29802107,547
8293f991207fef48,act3_brokenbridge_v01_01_c19r12.tgm.header,Tiny_6,10001636,264
3fa42d352482a561,act3_brokenbridge_v01_01_c19r11.tgm,Tiny_3,29801500,607
8a770d9d0d9298b8,act3_brokenbridge_v01_01_c19r11.tgm.header,Tiny_6,10003372,264
9570f4885f2c54fb,act3_brokenbridge_v01_01_c19r10.tgm,Tiny_3,29800365,1135
f4816a13216e6f98,act3_brokenbridge_v01_01_c19r10.tgm.header,Tiny_5,58559297,264
03d5a36c0d4c1399,act3_brokenbridge_v01_01_c19r1.tgm,Tiny_3,29799326,1039
856c98c21f91e778,act3_brokenbridge_v01_01_c19r1.tgm.header,Tiny_6,2030130,264
a728460cc8f5a63a,act3_brokenbridge_v01_01_c18r9.tgm,Tiny_3,29797759,1303
167986cf65f37e68,act3_brokenbridge_v01_01_c18r9.tgm.header,Tiny_3,29799062,264
d147fd2f3dc6f779,act3_brokenbridge_v01_01_c18r8.tgm,Tiny_3,29796624,871
f3ee36f8ee6d31aa,act3_brokenbridge_v01_01_c18r8.tgm.header,Tiny_3,29797495,264
cc10e62c04c5bc6b,act3_brokenbridge_v01_01_c18r7.tgm,Tiny_3,29795345,1015
db344152a6f27a19,act3_brokenbridge_v01_01_c18r7.tgm.header,Tiny_3,29796360,264
22873379898450a0,act3_brokenbridge_v01_01_c18r6.tgm,Tiny_3,29793442,1639
ec55d3b2097af178,act3_brokenbridge_v01_01_c18r6.tgm.header,Tiny_3,29795081,264
356cb721ae8cca88,act3_brokenbridge_v01_01_c18r5.tgm,Tiny_3,29792175,1003
29b3693313ad309e,act3_brokenbridge_v01_01_c18r5.tgm.header,Tiny_3,29793178,264
cc02b838cbe12a77,act3_brokenbridge_v01_01_c18r4.tgm,Tiny_3,29791280,631
a829b49e168d66f4,act3_brokenbridge_v01_01_c18r4.tgm.header,Tiny_3,29791911,264
17364591a835a63d,act3_brokenbridge_v01_01_c18r3.tgm,Tiny_3,29790481,799
55c0227bad1c07ea,act3_brokenbridge_v01_01_c18r3.tgm.header,Tiny_5,59151096,264
57d343f440139e9d,act3_brokenbridge_v01_01_c18r2.tgm,Tiny_3,29789682,799
0509a9777bc8f5d3,act3_brokenbridge_v01_01_c18r2.tgm.header,Tiny_5,59151096,264
fc080847de295012,act3_brokenbridge_v01_01_c18r12.tgm,Tiny_3,29789027,655
1b59a06a4b4094d3,act3_brokenbridge_v01_01_c18r12.tgm.header,Tiny_6,10003372,264
77b7b8af4486e092,act3_brokenbridge_v01_01_c18r11.tgm,Tiny_3,29788120,907
383cae16f01cc09b,act3_brokenbridge_v01_01_c18r11.tgm.header,Tiny_6,7823650,264
0b8ecf542c151165,act3_brokenbridge_v01_01_c18r10.tgm,Tiny_3,29786817,1303
1cbd55b94b7dee92,act3_brokenbridge_v01_01_c18r10.tgm.header,Tiny_5,38521183,264
5181aff1b5664a37,act3_brokenbridge_v01_01_c18r1.tgm,Tiny_3,29785886,931
e4dad358875e6b0b,act3_brokenbridge_v01_01_c18r1.tgm.header,Tiny_6,7823650,264
7a86ab07b9bf7425,act3_brokenbridge_v01_01_c17r9.tgm,Tiny_3,29784763,859
59206c7245965d9d,act3_brokenbridge_v01_01_c17r9.tgm.header,Tiny_3,29785622,264
28a13b6285c3c29e,act3_brokenbridge_v01_01_c17r8.tgm,Tiny_3,29783412,1087
387cd5964ae9e80b,act3_brokenbridge_v01_01_c17r8.tgm.header,Tiny_3,29784499,264
298f44ef523a742b,act3_brokenbridge_v01_01_c17r7.tgm,Tiny_3,29782007,1141
a824d03be3c344e4,act3_brokenbridge_v01_01_c17r7.tgm.header,Tiny_3,29783148,264
cdd50832279e8b71,act3_brokenbridge_v01_01_c17r6.tgm,Tiny_3,29780458,1285
26ecc7c4aa3b3ea8,act3_brokenbridge_v01_01_c17r6.tgm.header,Tiny_3,29781743,264
b0a2546fe0d74bb9,act3_brokenbridge_v01_01_c17r5.tgm,Tiny_3,29779587,607
ed624257999385dd,act3_brokenbridge_v01_01_c17r5.tgm.header,Tiny_3,29780194,264
43b360d694d5504c,act3_brokenbridge_v01_01_c17r4.tgm,Tiny_3,29779172,415
34900a3a6d83f694,act3_brokenbridge_v01_01_c17r4.tgm.header,Tiny_3,29731881,264
0c278f59fa8e18d5,act3_brokenbridge_v01_01_c17r3.tgm,Tiny_3,29778457,715
2af09992d4ea7134,act3_brokenbridge_v01_01_c17r3.tgm.header,Tiny_5,59149714,264
38579847aad94231,act3_brokenbridge_v01_01_c17r2.tgm,Tiny_3,29777442,1015
e212d671b18ec7f1,act3_brokenbridge_v01_01_c17r2.tgm.header,Tiny_6,2030130,264
f05311370f0a4dbe,act3_brokenbridge_v01_01_c17r12.tgm,Tiny_3,29776811,631
32832c100f29b1a0,act3_brokenbridge_v01_01_c17r12.tgm.header,Tiny_6,10003372,264
82366f82ae3e15ca,act3_brokenbridge_v01_01_c17r11.tgm,Tiny_3,29775904,907
2791f161efb2ae35,act3_brokenbridge_v01_01_c17r11.tgm.header,Tiny_6,7823650,264
eeac429de0036295,act3_brokenbridge_v01_01_c17r10.tgm,Tiny_3,29775069,835
90f039cb1322315b,act3_brokenbridge_v01_01_c17r10.tgm.header,Tiny_6,7823650,264
78720406a36276ba,act3_brokenbridge_v01_01_c17r1.tgm,Tiny_3,29774222,847
07a9866071189935,act3_brokenbridge_v01_01_c17r1.tgm.header,Tiny_5,59151096,264
4cae31b657fc73ea,act3_brokenbridge_v01_01_c16r9.tgm,Tiny_3,29772583,1375
e0f456f605856ff4,act3_brokenbridge_v01_01_c16r9.tgm.header,Tiny_3,29773958,264
60ffe6770aa2ec3d,act3_brokenbridge_v01_01_c16r8.tgm,Tiny_3,30059491,1663
0bc53dbfd92ca52f,act3_brokenbridge_v01_01_c16r8.tgm.header,Tiny_3,29772319,264
d2fd1d30187832a1,act3_brokenbridge_v01_01_c16r7.tgm,Tiny_3,29769221,1171
43befbfc1673396b,act3_brokenbridge_v01_01_c16r7.tgm.header,Tiny_3,29770392,264
518b3b785004c6d3,act3_brokenbridge_v01_01_c16r6.tgm,Tiny_3,29767672,1285
b3273e2a359864f9,act3_brokenbridge_v01_01_c16r6.tgm.header,Tiny_3,29768957,264
6e15d65f4b0e79f1,act3_brokenbridge_v01_01_c16r5.tgm,Tiny_3,30057666,1825
70b269b5d53498a7,act3_brokenbridge_v01_01_c16r5.tgm.header,Tiny_3,29767408,264
b7b5757ab24f822c,act3_brokenbridge_v01_01_c16r4.tgm,Tiny_3,30056711,955
5b32329c3591053b,act3_brokenbridge_v01_01_c16r4.tgm.header,Tiny_3,29765319,264
3adef91d7d529a19,act3_brokenbridge_v01_01_c16r3.tgm,Tiny_3,29763565,799
960b02a7f543a7a0,act3_brokenbridge_v01_01_c16r3.tgm.header,Tiny_5,59151096,264
8323d27dbcc45727,act3_brokenbridge_v01_01_c16r2.tgm,Tiny_3,29762466,1099
a51d85764927f050,act3_brokenbridge_v01_01_c16r2.tgm.header,Tiny_5,61408359,264
3f1143d22e72c64e,act3_brokenbridge_v01_01_c16r12.tgm,Tiny_3,29762027,439
0cffac253f1e129a,act3_brokenbridge_v01_01_c16r12.tgm.header,Tiny_6,10003879,264
caf8c8607fa59fca,act3_brokenbridge_v01_01_c16r11.tgm,Tiny_3,29761120,907
5a53271a6a9805f2,act3_brokenbridge_v01_01_c16r11.tgm.header,Tiny_6,7823650,264
d3c596222251083d,act3_brokenbridge_v01_01_c16r10.tgm,Tiny_3,29760369,751
0459b53a2a5062fb,act3_brokenbridge_v01_01_c16r10.tgm.header,Tiny_5,59151096,264
c9af23c0ae001c61,act3_brokenbridge_v01_01_c16r1.tgm,Tiny_3,29759930,439
750dd4b6495c9a9f,act3_brokenbridge_v01_01_c16r1.tgm.header,Tiny_6,10003879,264
789a8049cdc4392f,act3_brokenbridge_v01_01_c15r9.tgm,Tiny_3,29758375,1291
0bfd080a16b4525a,act3_brokenbridge_v01_01_c15r9.tgm.header,Tiny_3,29759666,264
2d39c43739ec4ad2,act3_brokenbridge_v01_01_c15r8.tgm,Tiny_3,30055108,1603
175c901375fdf570,act3_brokenbridge_v01_01_c15r8.tgm.header,Tiny_3,29758111,264
a4bb45b26dc72ea4,act3_brokenbridge_v01_01_c15r7.tgm,Tiny_3,29754965,1279
5dbfab9bb37fcb49,act3_brokenbridge_v01_01_c15r7.tgm.header,Tiny_3,29756244,264
95e637a9e79e8c8a,act3_brokenbridge_v01_01_c15r6.tgm,Tiny_3,29753170,1531
7c30eb135d30852c,act3_brokenbridge_v01_01_c15r6.tgm.header,Tiny_3,29754701,264
7e05bf0b2355ae4d,act3_brokenbridge_v01_01_c15r5.tgm,Tiny_3,30052905,2203
fa85916257d5b5da,act3_brokenbridge_v01_01_c15r5.tgm.header,Tiny_3,29752906,264
8d3a544cb7e52569,act3_brokenbridge_v01_01_c15r4.tgm,Tiny_3,30051938,967
0c168d4ecf3a85ed,act3_brokenbridge_v01_01_c15r4.tgm.header,Tiny_3,29750439,264
13f6d4f84559fd35,act3_brokenbridge_v01_01_c15r3.tgm,Tiny_3,29748397,1075
9ab90f0e81f2e64e,act3_brokenbridge_v01_01_c15r3.tgm.header,Tiny_5,61408359,264
9f14312bc0b4009b,act3_brokenbridge_v01_01_c15r2.tgm,Tiny_3,30049029,2645
ca9a02ea9e4eeff0,act3_brokenbridge_v01_01_c15r2.tgm.header,Tiny_3,30051674,264
748de20d8608622a,act3_brokenbridge_v01_01_c15r12.tgm,Tiny_3,30047248,1517
932a5b47f9234b25,act3_brokenbridge_v01_01_c15r12.tgm.header,Tiny_3,30048765,264
41928a59c7f84464,act3_brokenbridge_v01_01_c15r11.tgm,Tiny_3,30044039,2945
8f7ea784ab3a9e11,act3_brokenbridge_v01_01_c15r11.tgm.header,Tiny_3,30046984,264
d6e133d4409fe3d0,act3_brokenbridge_v01_01_c15r10.tgm,Tiny_3,29740917,1075
cb1d716c4120ff18,act3_brokenbridge_v01_01_c15r10.tgm.header,Tiny_5,61408359,264
e701a853f2d2e506,act3_brokenbridge_v01_01_c15r1.tgm,Tiny_3,30041922,1853
a9388d1d0a24c263,act3_brokenbridge_v01_01_c15r1.tgm.header,Tiny_3,30043775,264
57bede32c7e8683b,act3_brokenbridge_v01_01_c14r9.tgm,Tiny_3,30040001,1921
4b6d0858bd43ef1c,act3_brokenbridge_v01_01_c14r9.tgm.header,Tiny_3,29739650,264
ed1fa3b5ba159e45,act3_brokenbridge_v01_01_c14r8.tgm,Tiny_3,29736426,1039
7af23a3498b4ac25,act3_brokenbridge_v01_01_c14r8.tgm.header,Tiny_3,29737465,264
7b1fc66b8a2a49ae,act3_brokenbridge_v01_01_c14r7.tgm,Tiny_3,29735315,847
917c3447e2967d0b,act3_brokenbridge_v01_01_c14r7.tgm.header,Tiny_3,29736162,264
ca7e1aaa040943e7,act3_brokenbridge_v01_01_c14r6.tgm,Tiny_3,29733880,1171
6fe71118dbd41d93,act3_brokenbridge_v01_01_c14r6.tgm.header,Tiny_3,29735051,264
09604f996fb65ae4,act3_brokenbridge_v01_01_c14r5.tgm,Tiny_3,29732145,1471
b1e480e6d8ed07bf,act3_brokenbridge_v01_01_c14r5.tgm.header,Tiny_3,29733616,264
7b2c3689ef190127,act3_brokenbridge_v01_01_c14r4.tgm,Tiny_3,29731442,439
ce24781a64a76fe3,act3_brokenbridge_v01_01_c14r4.tgm.header,Tiny_3,29731881,264
9c02e5ec44a45031,act3_brokenbridge_v01_01_c14r3.tgm,Tiny_3,30038638,1363
63000e785ed28533,act3_brokenbridge_v01_01_c14r3.tgm.header,Tiny_5,38163843,264
0233e16579242aef,act3_brokenbridge_v01_01_c14r2.tgm,Tiny_3,30035357,3017
bd3074cbf2b4cf34,act3_brokenbridge_v01_01_c14r2.tgm.header,Tiny_3,30038374,264
193e3ea937939e84,act3_brokenbridge_v01_01_c14r12.tgm,Tiny_3,30032334,2759
ba40ea20315e525b,act3_brokenbridge_v01_01_c14r12.tgm.header,Tiny_3,30035093,264
3be6dd5257e37236,act3_brokenbridge_v01_01_c14r11.tgm,Art/Models/Terrain/Act3/AreaTransitions/battlefronttobarracks_7,2602667,4571
1a9510dd891d92a6,act3_brokenbridge_v01_01_c14r11.tgm.header,Tiny_3,30032070,264
0c2e230d9d39b4ca,act3_brokenbridge_v01_01_c14r10.tgm,Tiny_3,30028403,3667
89468cdee688dc13,act3_brokenbridge_v01_01_c14r10.tgm.header,Tiny_3,29724803,264
2faec6801af8102a,act3_brokenbridge_v01_01_c14r1.tgm,Tiny_3,30024690,3449
f2a82ae42582494d,act3_brokenbridge_v01_01_c14r1.tgm.header,Tiny_3,30028139,264
1876df1e78f8bc5c,act3_brokenbridge_v01_01_c13r9.tgm,Tiny_3,29950291,1183
5a81d62bc96ed541,act3_brokenbridge_v01_01_c13r9.tgm.header,Tiny_3,29951474,264
3bb1d6934be57f78,act3_brokenbridge_v01_01_c13r8.tgm,Tiny_3,29949180,847
6bd212e066b7bc14,act3_brokenbridge_v01_01_c13r8.tgm.header,Tiny_3,29950027,264
1e09bf824d435fae,act3_brokenbridge_v01_01_c13r7.tgm,Tiny_3,29948177,739
e35850e6d5f15c04,act3_brokenbridge_v01_01_c13r7.tgm.header,Tiny_3,29948916,264
712b4e66cf816a85,act3_brokenbridge_v01_01_c13r6.tgm,Tiny_3,29947042,871
cadba72583daf551,act3_brokenbridge_v01_01_c13r6.tgm.header,Tiny_3,29947913,264
d43700d6d08d86eb,act3_brokenbridge_v01_01_c13r5.tgm,Art/Models/Terrain/Act3/AreaTransitions/battlefronttobarracks_7,2578824,23843
32f67af244764e6e,act3_brokenbridge_v01_01_c13r5.tgm.header,Tiny_3,30023724,966
81a873061740e632,act3_brokenbridge_v01_01_c13r4.tgm,Tiny_3,30022733,991
15dff8dc95f1b8bf,act3_brokenbridge_v01_01_c13r4.tgm.header,Tiny_3,29945643,264
fc0a203c0a078516,act3_brokenbridge_v01_01_c13r3.tgm,Tiny_3,30021418,1315
83def7087e246db4,act3_brokenbridge_v01_01_c13r3.tgm.header,Tiny_5,38163843,264
4d35baed9d0e251d,act3_brokenbridge_v01_01_c13r2.tgm,Tiny_3,30019949,1205
88b982b223ed4764,act3_brokenbridge_v01_01_c13r2.tgm.header,Tiny_3,30021154,264
515fe198c143de31,act3_brokenbridge_v01_01_c13r12.tgm,Tiny_3,30017532,2153
a7e46c741b1409d4,act3_brokenbridge_v01_01_c13r12.tgm.header,Tiny_3,30019685,264
11e4dd7727262eda,act3_brokenbridge_v01_01_c13r11.tgm,Tiny_3,30013927,3341
4502e7e64e6aa70c,act3_brokenbridge_v01_01_c13r11.tgm.header,Tiny_3,30017268,264
219879f4bcdbb5b3,act3_brokenbridge_v01_01_c13r10.tgm,Tiny_3,29934759,3277
89bd86c2edd50ed9,act3_brokenbridge_v01_01_c13r10.tgm.header,Tiny_3,29938036,264
1a70679fab4d834b,act3_brokenbridge_v01_01_c13r1.tgm,Tiny_3,30010778,2885
8c8213a144aaa59b,act3_brokenbridge_v01_01_c13r1.tgm.header,Tiny_3,30013663,264
b4e809c37584c619,act3_brokenbridge_v01_01_c12r9.tgm,Tiny_3,29932393,979
5a846cda36081449,act3_brokenbridge_v01_01_c12r9.tgm.header,Tiny_3,29933372,264
296112c0a1a6f94d,act3_brokenbridge_v01_01_c12r8.tgm,Tiny_3,29931246,883
71b000e5ef270ce7,act3_brokenbridge_v01_01_c12r8.tgm.header,Tiny_3,29932129,264
af3616a66f8a313b,act3_brokenbridge_v01_01_c12r7.tgm,Tiny_3,29930327,655
0055afbf8de79920,act3_brokenbridge_v01_01_c12r7.tgm.header,Tiny_3,29930982,264
12986a66e625b949,act3_brokenbridge_v01_01_c12r6.tgm,Tiny_3,29929192,871
9c25f9c076604a40,act3_brokenbridge_v01_01_c12r6.tgm.header,Tiny_3,29930063,264
b6867360dfb56eda,act3_brokenbridge_v01_01_c12r5.tgm,Tiny_3,29927961,967
ec09f8a07d8958fc,act3_brokenbridge_v01_01_c12r5.tgm.header,Tiny_3,29928928,264
071a63a7509d297e,act3_brokenbridge_v01_01_c12r4.tgm,Tiny_3,30010063,715
a431677d97df4ef5,act3_brokenbridge_v01_01_c12r4.tgm.header,Tiny_3,29927697,264
8b0c88e43c56c651,act3_brokenbridge_v01_01_c12r3.tgm,Tiny_3,29926399,583
634ce0ef15aee185,act3_brokenbridge_v01_01_c12r3.tgm.header,Tiny_6,10003372,264
4111ff94d23fb77f,act3_brokenbridge_v01_01_c12r2.tgm,Tiny_3,30008366,1433
902c569b8971131e,act3_brokenbridge_v01_01_c12r2.tgm.header,Tiny_3,30009799,264
845ebd20e934a633,act3_brokenbridge_v01_01_c12r12.tgm,Tiny_3,30006177,1925
9b2cf4a6f2a6d915,act3_brokenbridge_v01_01_c12r12.tgm.header,Tiny_3,30008102,264
1497dc74aff039c2,act3_brokenbridge_v01_01_c12r11.tgm,Tiny_3,30001870,4043
213d238aa9552687,act3_brokenbridge_v01_01_c12r11.tgm.header,Tiny_3,30005913,264
26fbb1c6f065101f,act3_brokenbridge_v01_01_c12r10.tgm,Tiny_3,29920636,2059
c8bb8d45343cad87,act3_brokenbridge_v01_01_c12r10.tgm.header,Tiny_3,29922695,264
e1a2c03d4f31fbd6,act3_brokenbridge_v01_01_c12r1.tgm,Tiny_3,29998997,2609
0fc042cecaeaed63,act3_brokenbridge_v01_01_c12r1.tgm.header,Tiny_3,30001606,264
1ddb2f5450da3789,act3_brokenbridge_v01_01_c11r9.tgm,Tiny_3,29997316,1417
8b742d171c5fc12b,act3_brokenbridge_v01_01_c11r9.tgm.header,Tiny_3,29998733,264
9f1149d2e5fd8003,act3_brokenbridge_v01_01_c11r8.tgm,Tiny_3,29995497,1555
5aab282da0c4c2a9,act3_brokenbridge_v01_01_c11r8.tgm.header,Tiny_3,29997052,264
f4f502d2bb475d3b,act3_brokenbridge_v01_01_c11r7.tgm,Tiny_3,29993858,1375
2849075b0e6e52ff,act3_brokenbridge_v01_01_c11r7.tgm.header,Tiny_3,29995233,264
a85dc9d61e4a04dc,act3_brokenbridge_v01_01_c11r6.tgm,Tiny_3,29991721,1873
af4d3d548acd601f,act3_brokenbridge_v01_01_c11r6.tgm.header,Tiny_3,29993594,264
4b26e13deed802d4,act3_brokenbridge_v01_01_c11r5.tgm,Art/Models/Terrain/Act3/AreaTransitions/battlefronttobarracks_7,2574197,4627
3d711ccc4aecab11,act3_brokenbridge_v01_01_c11r5.tgm.header,Tiny_3,29991457,264
58ed1acc08581c04,act3_brokenbridge_v01_01_c11r4.tgm,Tiny_3,29990346,847
5b399a36c6f976a8,act3_brokenbridge_v01_01_c11r4.tgm.header,Tiny_3,29991193,264
f9850beb478f752e,act3_brokenbridge_v01_01_c11r3.tgm,Tiny_3,29988959,1123
898cdf16927b77d9,act3_brokenbridge_v01_01_c11r3.tgm.header,Tiny_3,29990082,264
342fdb501242c717,act3_brokenbridge_v01_01_c11r2.tgm,Tiny_3,29985582,3113
f7ce851ea51323c6,act3_brokenbridge_v01_01_c11r2.tgm.header,Tiny_3,29988695,264
b19a269efaf84ec3,act3_brokenbridge_v01_01_c11r12.tgm,Tiny_3,29982721,2597
cedf9401f826e9eb,act3_brokenbridge_v01_01_c11r12.tgm.header,Tiny_3,29985318,264
4ba16b6539a3e33f,act3_brokenbridge_v01_01_c11r11.tgm,Tiny_3,29979104,3353
75e791bf97fcbb79,act3_brokenbridge_v01_01_c11r11.tgm.header,Tiny_3,29982457,264
9d101d3d95050f38,act3_brokenbridge_v01_01_c11r10.tgm,Tiny_3,29977753,1087
9aae3cc63dcce3e2,act3_brokenbridge_v01_01_c11r10.tgm.header,Tiny_3,29978840,264
41369d9545af0cb1,act3_brokenbridge_v01_01_c11r1.tgm,Tiny_3,29974136,3353
255b28adcfeeb8ab,act3_brokenbridge_v01_01_c11r1.tgm.header,Tiny_3,29977489,264
9e3f22ed7a835c8e,act3_brokenbridge_v01_01_c10r9.tgm,Tiny_3,29970243,3629
fa764e0d05cf1d43,act3_brokenbridge_v01_01_c10r9.tgm.header,Tiny_3,29973872,264
1dea41698104a8a8,act3_brokenbridge_v01_01_c10r8.tgm,Tiny_3,29966386,3593
b54dc17162cec3a6,act3_brokenbridge_v01_01_c10r8.tgm.header,Tiny_3,29969979,264
4118925ab00b8a55,act3_brokenbridge_v01_01_c10r7.tgm,Art/Models/Terrain/Act3/AreaTransitions/battlefronttobarracks_7,0,2574197
7ae61ee27f32f6a0,act3_brokenbridge_v01_01_c10r7.tgm.header,Folders/art/models/terrain/act3/areatransitions/sewers,517768,27982
c0a34c86090cd266,act3_brokenbridge_v01_01_c10r6.tgm,Art/Models/Terrain/Act3/AreaTransitions/battlefronttobarracks_6,501213,1842287
844556cf139e73e8,act3_brokenbridge_v01_01_c10r6.tgm.header,Folders/art/models/terrain/act3/areatransitions/sewers,476982,40786
38f34e7f08821299,act3_brokenbridge_v01_01_c10r5.tgm,Art/Models/Terrain/Act3/AreaTransitions/battlefronttobarracks_6,491296,9917
b3c695f64ec868ab,act3_brokenbridge_v01_01_c10r5.tgm.header,Tiny_3,29966122,264
f6ab0bd45e9def0e,act3_brokenbridge_v01_01_c10r4.tgm,Tiny_3,29962073,3785
9f857c11642c4c0b,act3_brokenbridge_v01_01_c10r4.tgm.header,Tiny_3,29965858,264
f885e7b090963b40,act3_brokenbridge_v01_01_c10r3.tgm,Art/Models/Terrain/Act3/AreaTransitions/battlefronttobarracks_6,485471,5825
4cf5007a6d86424a,act3_brokenbridge_v01_01_c10r3.tgm.header,Tiny_3,29961809,264
72d803691b999db5,act3_brokenbridge_v01_01_c10r2.tgm,Art/Models/Terrain/Act3/AreaTransitions/battlefronttobarracks_6,479334,6137
93d503e9d59d70be,act3_brokenbridge_v01_01_c10r2.tgm.header,Tiny_3,29961545,264
645b51c7bfdbae7a,act3_brokenbridge_v01_01_c10r12.tgm,Tiny_3,29958708,2573
44e41cda0c88cf45,act3_brokenbridge_v01_01_c10r12.tgm.header,Tiny_3,29961281,264
5815632a4539a8b0,act3_brokenbridge_v01_01_c10r11.tgm,Art/Models/Terrain/Act3/AreaTransitions/battlefronttobarracks_6,474517,4817
a4c447b6627dfa3a,act3_brokenbridge_v01_01_c10r11.tgm.header,Tiny_3,29958444,264
a6c6ad61cfb84932,act3_brokenbridge_v01_01_c10r10.tgm,Tiny_3,29954971,3209
52eae1a68d8d6472,act3_brokenbridge_v01_01_c10r10.tgm.header,Tiny_3,29958180,264
0b6501f2b1ee3430,act3_brokenbridge_v01_01_c10r1.tgm,Tiny_3,29951738,2969
703e804f174f1103,act3_brokenbridge_v01_01_c10r1.tgm.header,Tiny_3,29954707,264
372795aee20af704,act3_battlefront_to_harbor_v01_01_c9r9.tgm,Tiny_3,29950291,1183
a8ca8ec59227b993,act3_battlefront_to_harbor_v01_01_c9r9.tgm.header,Tiny_3,29951474,264
2b79367394ca709e,act3_battlefront_to_harbor_v01_01_c9r8.tgm,Tiny_3,29949180,847
63fa5fc54b962e1e,act3_battlefront_to_harbor_v01_01_c9r8.tgm.header,Tiny_3,29950027,264
6ecb6ba23ca2b5aa,act3_battlefront_to_harbor_v01_01_c9r7.tgm,Tiny_3,29948177,739
b940b85f4ae06cea,act3_battlefront_to_harbor_v01_01_c9r7.tgm.header,Tiny_3,29948916,264
c423dbc9308fd0dc,act3_battlefront_to_harbor_v01_01_c9r6.tgm,Tiny_3,29947042,871
ad1503b8ecac4588,act3_battlefront_to_harbor_v01_01_c9r6.tgm.header,Tiny_3,29947913,264
e90fd5e684bb181b,act3_battlefront_to_harbor_v01_01_c9r5.tgm,Tiny_3,29945907,871
b70a36bb59c1d998,act3_battlefront_to_harbor_v01_01_c9r5.tgm.header,Tiny_3,29946778,264
3cdd2a106fb3f5ba,act3_battlefront_to_harbor_v01_01_c9r4.tgm,Tiny_3,29944652,991
6c58a63a473b2c23,act3_battlefront_to_harbor_v01_01_c9r4.tgm.header,Tiny_3,29945643,264
c45ee454a2af17ef,act3_battlefront_to_harbor_v01_01_c9r3.tgm,Tiny_3,29943337,1315
f75ec97670845564,act3_battlefront_to_harbor_v01_01_c9r3.tgm.header,Tiny_5,38163843,264
abff610e349284c0,act3_battlefront_to_harbor_v01_01_c9r2.tgm,Tiny_3,29942490,847
afe9fa9cb4822423,act3_battlefront_to_harbor_v01_01_c9r2.tgm.header,Tiny_3,29926135,264
80f598ee4ced8c7c,act3_battlefront_to_harbor_v01_01_c9r12.tgm,Tiny_3,29941463,1027
9ab1edb2ebe83613,act3_battlefront_to_harbor_v01_01_c9r12.tgm.header,Tiny_3,29875660,264
09b5b8943e220e77,act3_battlefront_to_harbor_v01_01_c9r11.tgm,Tiny_3,29938300,2899
3f76501d99b9c993,act3_battlefront_to_harbor_v01_01_c9r11.tgm.header,Tiny_3,29941199,264
c5ab275a7fef97f7,act3_battlefront_to_harbor_v01_01_c9r10.tgm,Tiny_3,29934759,3277
1d8d551c8374d5f3,act3_battlefront_to_harbor_v01_01_c9r10.tgm.header,Tiny_3,29938036,264
83acc80161397028,act3_battlefront_to_harbor_v01_01_c9r1.tgm,Tiny_3,29933636,1123
c530b8a953973243,act3_battlefront_to_harbor_v01_01_c9r1.tgm.header,Tiny_3,29869435,264
c4e434591806e5e6,act3_battlefront_to_harbor_v01_01_c8r9.tgm,Tiny_3,29932393,979
4b88f27dc6b8e6e2,act3_battlefront_to_harbor_v01_01_c8r9.tgm.header,Tiny_3,29933372,264
a2c75e7377b8fc53,act3_battlefront_to_harbor_v01_01_c8r8.tgm,Tiny_3,29931246,883
84b352184de45b75,act3_battlefront_to_harbor_v01_01_c8r8.tgm.header,Tiny_3,29932129,264
21d10bb9b12cc825,act3_battlefront_to_harbor_v01_01_c8r7.tgm,Tiny_3,29930327,655
c7687e41a08f3b99,act3_battlefront_to_harbor_v01_01_c8r7.tgm.header,Tiny_3,29930982,264
5008e0fdcffaf434,act3_battlefront_to_harbor_v01_01_c8r6.tgm,Tiny_3,29929192,871
89a8474ada847aa1,act3_battlefront_to_harbor_v01_01_c8r6.tgm.header,Tiny_3,29930063,264
1621ad57512a3bf8,act3_battlefront_to_harbor_v01_01_c8r5.tgm,Tiny_3,29927961,967
7badfd491f10eabe,act3_battlefront_to_harbor_v01_01_c8r5.tgm.header,Tiny_3,29928928,264
97caed6a4557627d,act3_battlefront_to_harbor_v01_01_c8r4.tgm,Tiny_3,29926982,715
b130a52afb121cd6,act3_battlefront_to_harbor_v01_01_c8r4.tgm.header,Tiny_3,29927697,264
2ca31d80872b295a,act3_battlefront_to_harbor_v01_01_c8r3.tgm,Tiny_3,29926399,583
19f49e59d4a6796e,act3_battlefront_to_harbor_v01_01_c8r3.tgm.header,Tiny_6,10003372,264
7c37323fd31ff90e,act3_battlefront_to_harbor_v01_01_c8r2.tgm,Tiny_3,29925312,823
c9f607b5634b69be,act3_battlefront_to_harbor_v01_01_c8r2.tgm.header,Tiny_3,29926135,264
ec3d33c446800c12,act3_battlefront_to_harbor_v01_01_c8r12.tgm,Tiny_3,29923223,1825
d64aa8bf5650825a,act3_battlefront_to_harbor_v01_01_c8r12.tgm.header,Tiny_3,29925048,264
7a67f6b96c1ed0b7,act3_battlefront_to_harbor_v01_01_c8r11.tgm,Art/Models/Terrain/Act3/AreaTransitions/battlefronttobarracks_6,470346,4171
3e0995b5b8f28e21,act3_battlefront_to_harbor_v01_01_c8r11.tgm.header,Tiny_3,29922959,264
6a7eaa7b2ff2c5ba,act3_battlefront_to_harbor_v01_01_c8r10.tgm,Tiny_3,29920636,2059
81e954f963bd337f,act3_battlefront_to_harbor_v01_01_c8r10.tgm.header,Tiny_3,29922695,264
774160e5ac6f047b,act3_battlefront_to_harbor_v01_01_c8r1.tgm,Tiny_3,29919657,979
0762735b75f7e979,act3_battlefront_to_harbor_v01_01_c8r1.tgm.header,Tiny_3,39060701,264
543aca57e85989cf,act3_battlefront_to_harbor_v01_01_c7r9.tgm,Tiny_3,29917976,1417
5770fcba05117062,act3_battlefront_to_harbor_v01_01_c7r9.tgm.header,Tiny_3,29919393,264
0b46cc13c25b48a0,act3_battlefront_to_harbor_v01_01_c7r8.tgm,Tiny_3,29916181,1531
1367f34932e883b5,act3_battlefront_to_harbor_v01_01_c7r8.tgm.header,Tiny_3,29917712,264
3a475b969d16d561,act3_battlefront_to_harbor_v01_01_c7r7.tgm,Tiny_3,29914590,1327
b86b1ec1c1673d1c,act3_battlefront_to_harbor_v01_01_c7r7.tgm.header,Tiny_3,29915917,264
9905bc24b5e0312a,act3_battlefront_to_harbor_v01_01_c7r6.tgm,Tiny_3,29912453,1873
bbd8bcd925204556,act3_battlefront_to_harbor_v01_01_c7r6.tgm.header,Tiny_3,29914326,264
1087ca607d8bcb91,act3_battlefront_to_harbor_v01_01_c7r5.tgm,Art/Models/Terrain/Act3/AreaTransitions/battlefronttobarracks_6,465719,4627
99142fc598cfb5bd,act3_battlefront_to_harbor_v01_01_c7r5.tgm.header,Tiny_3,29912189,264
bbbadb28bf2c2917,act3_battlefront_to_harbor_v01_01_c7r4.tgm,Tiny_3,29911078,847
86156dcc369b24d1,act3_battlefront_to_harbor_v01_01_c7r4.tgm.header,Tiny_3,29911925,264
630feadbe2e9c7b6,act3_battlefront_to_harbor_v01_01_c7r3.tgm,Tiny_3,29909691,1123
ca86baf570bfe2ec,act3_battlefront_to_harbor_v01_01_c7r3.tgm.header,Tiny_3,29910814,264
4ea4b964f618e487,act3_battlefront_to_harbor_v01_01_c7r2.tgm,Tiny_3,29907068,2359
956a288189ba77aa,act3_battlefront_to_harbor_v01_01_c7r2.tgm.header,Tiny_3,29909427,264
f840ae072e1937b0,act3_battlefront_to_harbor_v01_01_c7r12.tgm,Art/Models/Terrain/Act3/AreaTransitions/battlefronttobarracks_6,461590,4129
7d4fa78a4d7eb946,act3_battlefront_to_harbor_v01_01_c7r12.tgm.header,Tiny_3,29906804,264
797e3010a455b244,act3_battlefront_to_harbor_v01_01_c7r11.tgm,Tiny_3,29902759,3781
6392a36990dc7cdf,act3_battlefront_to_harbor_v01_01_c7r11.tgm.header,Tiny_3,29906540,264
619b2ce6ce471c0d,act3_battlefront_to_harbor_v01_01_c7r10.tgm,Tiny_3,29901408,1087
e162cdd8e1413297,act3_battlefront_to_harbor_v01_01_c7r10.tgm.header,Tiny_3,29902495,264
9679f13d7bcb19c2,act3_battlefront_to_harbor_v01_01_c7r1.tgm,Art/Models/Terrain/Act3/AreaTransitions/battlefronttobarracks_6,448853,12737
50b66772496d1e3b,act3_battlefront_to_harbor_v01_01_c7r1.tgm.header,Tiny_3,29901144,264
ed3beac95d4639c6,act3_battlefront_to_harbor_v01_01_c6r9.tgm,Art/Models/Terrain/Act3/AreaTransitions/battlefronttobarracks_6,0,448853
f4cf38244193e090,act3_battlefront_to_harbor_v01_01_c6r9.tgm.header,Folders/art/models/terrain/act3/areatransitions/sewers,470384,6598
e8fd274e79cc59fc,act3_battlefront_to_harbor_v01_01_c6r8.tgm,Tiny_3,29898749,2131
b28b4a5f7ce55909,act3_battlefront_to_harbor_v01_01_c6r8.tgm.header,Tiny_3,29900880,264
5178a9bb4fb7eedd,act3_battlefront_to_harbor_v01_01_c6r7.tgm,Art/Models/Terrain/Act3/AreaTransitions/battlefronttobarracks_3,0,2250737
da63fff8f2b2f075,act3_battlefront_to_harbor_v01_01_c6r7.tgm.header,Folders/art/models/terrain/act3/areatransitions/sewers,442270,28114
dcda770af2d2cf14,act3_battlefront_to_harbor_v01_01_c6r6.tgm,Art/Models/Terrain/Act3/AreaTransitions/battlefronttobarracks_2,0,1623497
839e457011f669bf,act3_battlefront_to_harbor_v01_01_c6r6.tgm.header,Folders/art/models/terrain/act3/areatransitions/sewers,409976,32294
be8ac7042d4f51d1,act3_battlefront_to_harbor_v01_01_c6r5.tgm,Art/Models/Terrain/Act3/AreaTransitions/battlefronttobarracks_1,2221127,7975
57d8238a6d1eb7f3,act3_battlefront_to_harbor_v01_01_c6r5.tgm.header,Tiny_3,29898485,264
001d7d9ec389af19,act3_battlefront_to_harbor_v01_01_c6r4.tgm,Tiny_3,29896426,1795
3c3c81b83f479e87,act3_battlefront_to_harbor_v01_01_c6r4.tgm.header,Tiny_3,29898221,264
0207964e1da72a8d,act3_battlefront_to_harbor_v01_01_c6r3.tgm,Art/Models/Terrain/Act3/AreaTransitions/battlefronttobarracks_1,1522980,698147
36b7b7e133293daf,act3_battlefront_to_harbor_v01_01_c6r3.tgm.header,Folders/art/models/terrain/act3/areatransitions/sewers,405754,4222
6e0d83fc9b702ffe,act3_battlefront_to_harbor_v01_01_c6r2.tgm,Art/Models/Terrain/Act3/AreaTransitions/battlefronttobarracks_1,1518857,4123
ec38650d5c066345,act3_battlefront_to_harbor_v01_01_c6r2.tgm.header,Tiny_3,29896162,264
9df57d38887890b6,act3_battlefront_to_harbor_v01_01_c6r12.tgm,Tiny_3,29892465,3433
cb6bde5775d56e89,act3_battlefront_to_harbor_v01_01_c6r12.tgm.header,Tiny_3,29895898,264
4d603fcd938c158b,act3_battlefront_to_harbor_v01_01_c6r11.tgm,Tiny_3,29888336,3865
13022293c43cadba,act3_battlefront_to_harbor_v01_01_c6r11.tgm.header,Tiny_3,29892201,264
3a84637946b3682e,act3_battlefront_to_harbor_v01_01_c6r10.tgm,Art/Models/Terrain/Act3/AreaTransitions/battlefronttobarracks_1,1044288,474569
3711bf0a639d512f,act3_battlefront_to_harbor_v01_01_c6r10.tgm.header,Folders/art/models/terrain/act3/areatransitions/sewers,401092,4662
c3bdb6cf689257d0,act3_battlefront_to_harbor_v01_01_c6r1.tgm,Tiny_3,29885941,2131
c3ef7b31f101df10,act3_battlefront_to_harbor_v01_01_c6r1.tgm.header,Tiny_3,29888072,264
8e8c193dabc0611e,act3_battlefront_to_harbor_v01_01_c5r9.tgm,Art/Models/Terrain/Act3/AreaTransitions/battlefronttobarracks_1,1037455,6833
0e0c909fc1f6656d,act3_battlefront_to_harbor_v01_01_c5r9.tgm.header,Tiny_3,29885677,264
873f46b907ae74e4,act3_battlefront_to_harbor_v01_01_c5r8.tgm,Art/Models/Terrain/Act3/AreaTransitions/battlefronttobarracks_1,1029050,8405
852e20af7c152bd2,act3_battlefront_to_harbor_v01_01_c5r8.tgm.header,Tiny_3,29885413,264
d1aaf74eab4c34a2,act3_battlefront_to_harbor_v01_01_c5r7.tgm,Art/Models/Terrain/Act3/AreaTransitions/battlefronttobarracks_1,1020921,8129
76e5ae16f5caef4d,act3_battlefront_to_harbor_v01_01_c5r7.tgm.header,Tiny_3,29885149,264
f06a48dd2a9268f8,act3_battlefront_to_harbor_v01_01_c5r6.tgm,Art/Models/Terrain/Act3/AreaTransitions/battlefronttobarracks_1,1014086,6835
d5d5775d2e526954,act3_battlefront_to_harbor_v01_01_c5r6.tgm.header,Tiny_3,29884885,264
707ab555ac156e16,act3_battlefront_to_harbor_v01_01_c5r5.tgm,Tiny_3,29882286,2335
5d70dec22ad95ec3,act3_battlefront_to_harbor_v01_01_c5r5.tgm.header,Tiny_3,29884621,264
6764a0d8da57a840,act3_battlefront_to_harbor_v01_01_c5r4.tgm,Art/Models/Terrain/Act3/AreaTransitions/battlefronttobarracks_1,1006159,7927
47282fc1f12c5565,act3_battlefront_to_harbor_v01_01_c5r4.tgm.header,Tiny_3,29882022,264
aea9e709e6d8a31e,act3_battlefront_to_harbor_v01_01_c5r3.tgm,Tiny_3,29877695,4063
bff2643c5fbe219a,act3_battlefront_to_harbor_v01_01_c5r3.tgm.header,Tiny_3,29881758,264
524ab50a49e60d8a,act3_battlefront_to_harbor_v01_01_c5r2.tgm,Tiny_3,29875924,1507
e06d1b66cc11cc7a,act3_battlefront_to_harbor_v01_01_c5r2.tgm.header,Tiny_3,29877431,264
d1fa0e90ad74d60b,act3_battlefront_to_harbor_v01_01_c5r12.tgm,Tiny_3,29874585,1075
45b66d4dd2c3e9d1,act3_battlefront_to_harbor_v01_01_c5r12.tgm.header,Tiny_3,29875660,264
23e181758c8a9746,act3_battlefront_to_harbor_v01_01_c5r11.tgm,Tiny_3,29871986,2335
2ec21e6f3754e845,act3_battlefront_to_harbor_v01_01_c5r11.tgm.header,Tiny_3,29874321,264
347ed7f4acd78e77,act3_battlefront_to_harbor_v01_01_c5r10.tgm,Tiny_3,29869699,2023
176ce5c8d0416060,act3_battlefront_to_harbor_v01_01_c5r10.tgm.header,Tiny_3,29871722,264
c67b88e9b4592eb7,act3_battlefront_to_harbor_v01_01_c5r1.tgm,Tiny_3,29868312,1123
fd7264b1e0c23ee7,act3_battlefront_to_harbor_v01_01_c5r1.tgm.header,Tiny_3,29869435,264
e6f810b0eb13c3c7,act3_battlefront_to_harbor_v01_01_c4r9.tgm,Art/Models/Terrain/Act3/AreaTransitions/battlefronttobarracks_1,972746,33413
698fd9c82d477f01,act3_battlefront_to_harbor_v01_01_c4r9.tgm.header,Tiny_3,29868048,264
ab73ccdeb9eb166e,act3_battlefront_to_harbor_v01_01_c4r8.tgm,Art/Models/Terrain/Act3/AreaTransitions/battlefronttobarracks_1,961623,11123
45d11ee642699d06,act3_battlefront_to_harbor_v01_01_c4r8.tgm.header,Tiny_3,29867784,264
61e5807c1d413499,act3_battlefront_to_harbor_v01_01_c4r7.tgm,Art/Models/Terrain/Act3/AreaTransitions/battlefronttobarracks_1,953218,8405
a2a07a515f22df94,act3_battlefront_to_harbor_v01_01_c4r7.tgm.header,Tiny_3,29867520,264
bfe26783da3b6311,act3_battlefront_to_harbor_v01_01_c4r6.tgm,Tiny_3,29866217,1039
3100adf07b3f3c7a,act3_battlefront_to_harbor_v01_01_c4r6.tgm.header,Tiny_3,29867256,264
2a721083804be15f,act3_battlefront_to_harbor_v01_01_c4r5.tgm,Tiny_3,29864482,1471
4efc5f79c684cc0c,act3_battlefront_to_harbor_v01_01_c4r5.tgm.header,Tiny_3,29865953,264
e0c9a78aaa4bb9ce,act3_battlefront_to_harbor_v01_01_c4r4.tgm,Art/Models/Terrain/Act3/AreaTransitions/battlefronttobarracks_1,948465,4753
d13dcb955361cb77,act3_battlefront_to_harbor_v01_01_c4r4.tgm.header,Tiny_3,29864218,264
47efdacd96f17dc3,act3_battlefront_to_harbor_v01_01_c4r3.tgm,Art/Models/Terrain/Act3/AreaTransitions/battlefronttobarracks_1,943028,5437
c4f270519e8e5062,act3_battlefront_to_harbor_v01_01_c4r3.tgm.header,Tiny_3,29863954,264
fe558182f9283e1b,act3_battlefront_to_harbor_v01_01_c4r2.tgm,Art/Models/Terrain/Act3/AreaTransitions/battlefronttobarracks_1,916245,26783
50d92e29c7f15c51,act3_battlefront_to_harbor_v01_01_c4r2.tgm.header,Tiny_3,29863076,878
31415c1652276b75,act3_battlefront_to_harbor_v01_01_c4r12.tgm,Tiny_3,29861929,883
178661f5bb2e0d1d,act3_battlefront_to_harbor_v01_01_c4r12.tgm.header,Tiny_3,29862812,264
26b469dce10d17c0,act3_battlefront_to_harbor_v01_01_c4r11.tgm,Tiny_3,29860062,1603
acd772ec5a291a0e,act3_battlefront_to_harbor_v01_01_c4r11.tgm.header,Tiny_3,29861665,264
daae9fe8596f9ab0,act3_battlefront_to_harbor_v01_01_c4r10.tgm,Art/Models/Terrain/Act3/AreaTransitions/battlefronttobarracks_1,909082,7163
6e7a0be10915d3e1,act3_battlefront_to_harbor_v01_01_c4r10.tgm.header,Tiny_3,29859798,264
0dd54f80ae7b71be,act3_battlefront_to_harbor_v01_01_c4r1.tgm,Tiny_3,29858843,955
a6804ed6092b2487,act3_battlefront_to_harbor_v01_01_c4r1.tgm.header,Tiny_3,39060701,264
94549a54f86c2703,act3_battlefront_to_harbor_v01_01_c3r9.tgm,Tiny_3,29857456,1123
7ba988f7ab0d586d,act3_battlefront_to_harbor_v01_01_c3r9.tgm.header,Tiny_3,29858579,264
4ccd55faa3a10d34,act3_battlefront_to_harbor_v01_01_c3r8.tgm,Art/Models/Terrain/Act3/AreaTransitions/battlefronttobarracks_1,901481,7601
8757b46942957817,act3_battlefront_to_harbor_v01_01_c3r8.tgm.header,Tiny_3,29857192,264
9b57173964679e23,act3_battlefront_to_harbor_v01_01_c3r7.tgm,Art/Models/Terrain/Act3/AreaTransitions/battlefronttobarracks_1,590820,310661
22320139050f7f0f,act3_battlefront_to_harbor_v01_01_c3r7.tgm.header,Folders/art/models/terrain/act3/areatransitions/sewers,396606,4486
dd5dd05b1b89f6a1,act3_battlefront_to_harbor_v01_01_c3r6.tgm,Tiny_3,29856045,1147
986d74502bd8e35c,act3_battlefront_to_harbor_v01_01_c3r6.tgm.header,Tiny_3,29855781,264
9a1063f585d2e285,act3_battlefront_to_harbor_v01_01_c3r5.tgm,Tiny_3,29854610,1171
e60bd4ee6faf797e,act3_battlefront_to_harbor_v01_01_c3r5.tgm.header,Tiny_3,29855781,264
9a3a753f8abe321f,act3_battlefront_to_harbor_v01_01_c3r4.tgm,Tiny_3,29852023,2323
94d3b0899b512239,act3_battlefront_to_harbor_v01_01_c3r4.tgm.header,Tiny_3,29854346,264
0300b3e98b715939,act3_battlefront_to_harbor_v01_01_c3r3.tgm,Art/Models/Terrain/Act3/AreaTransitions/battlefronttobarracks_1,585065,5755
e2786e562312f2ba,act3_battlefront_to_harbor_v01_01_c3r3.tgm.header,Tiny_3,29851759,264
63486eb088ff722f,act3_battlefront_to_harbor_v01_01_c3r2.tgm,Art/Models/Terrain/Act3/AreaTransitions/battlefronttobarracks_1,580816,4249
e1e1b1bdcf550d94,act3_battlefront_to_harbor_v01_01_c3r2.tgm.header,Tiny_3,29851495,264
c410ea67160b1374,act3_battlefront_to_harbor_v01_01_c3r12.tgm,Tiny_3,29850540,691
7006b80ab9608525,act3_battlefront_to_harbor_v01_01_c3r12.tgm.header,Tiny_3,29851231,264
b6f3d006b73224c4,act3_battlefront_to_harbor_v01_01_c3r11.tgm,Tiny_3,29848175,2101
66dcff16ec4ebf09,act3_battlefront_to_harbor_v01_01_c3r11.tgm.header,Tiny_3,29850276,264
5f05a39ba9c3a4eb,act3_battlefront_to_harbor_v01_01_c3r10.tgm,Tiny_3,29846524,1387
95766f19083d10fb,act3_battlefront_to_harbor_v01_01_c3r10.tgm.header,Tiny_3,29847911,264
567d06de6f67df5a,act3_battlefront_to_harbor_v01_01_c3r1.tgm,Tiny_3,29845521,739
1c3f525571f0a074,act3_battlefront_to_harbor_v01_01_c3r1.tgm.header,Tiny_3,29846260,264
a5e866a1bc051ccc,act3_battlefront_to_harbor_v01_01_c2r9.tgm,Tiny_3,29842046,3211
f63a07d840ab7c82,act3_battlefront_to_harbor_v01_01_c2r9.tgm.header,Tiny_3,29845257,264
3d4d13faab876f61,act3_battlefront_to_harbor_v01_01_c2r8.tgm,Tiny_3,29837913,3869
75bd242ef16d4100,act3_battlefront_to_harbor_v01_01_c2r8.tgm.header,Tiny_3,29841782,264
7ebc9366aa428692,act3_battlefront_to_harbor_v01_01_c2r7.tgm,Tiny_3,29835758,1891
2ce73252eb624294,act3_battlefront_to_harbor_v01_01_c2r7.tgm.header,Tiny_3,29837649,264
b5152b8c8f21d5a6,act3_battlefront_to_harbor_v01_01_c2r6.tgm,Tiny_3,29833543,1951
1c612468927a9e60,act3_battlefront_to_harbor_v01_01_c2r6.tgm.header,Tiny_3,29835494,264
b22cc8de1c12aac1,act3_battlefront_to_harbor_v01_01_c2r5.tgm,Tiny_3,29831556,1723
10269c1b672bb0f0,act3_battlefront_to_harbor_v01_01_c2r5.tgm.header,Tiny_3,29833279,264
7aa944bffa923d46,act3_battlefront_to_harbor_v01_01_c2r4.tgm,Art/Models/Terrain/Act3/AreaTransitions/battlefronttobarracks_1,528161,52655
dc22fee2938bc1e1,act3_battlefront_to_harbor_v01_01_c2r4.tgm.header,Tiny_3,29829006,2550
bafde5a7590f20d5,act3_battlefront_to_harbor_v01_01_c2r3.tgm,Art/Models/Terrain/Act3/AreaTransitions/battlefronttobarracks_1,0,528161
6f84983f5ab27dd9,act3_battlefront_to_harbor_v01_01_c2r3.tgm.header,Folders/art/models/terrain/act3/areatransitions/sewers,388732,7874
d868d8a6dda46c7b,act3_battlefront_to_harbor_v01_01_c2r2.tgm,Art/Models/Terrain/Act3/AreaTransitions/battlefronttobarracks,2662587,5047
1bc4fee7e5d52599,act3_battlefront_to_harbor_v01_01_c2r2.tgm.header,Tiny_3,29828742,264
dc24968491186a35,act3_battlefront_to_harbor_v01_01_c2r12.tgm,Tiny_3,29825141,3337
c42ae92cea1203a3,act3_battlefront_to_harbor_v01_01_c2r12.tgm.header,Tiny_3,29828478,264
5eb643748bd981cd,act3_battlefront_to_harbor_v01_01_c2r11.tgm,Art/Models/Terrain/Act3/AreaTransitions/battlefronttobarracks,2646910,15677
195243bd1c518809,act3_battlefront_to_harbor_v01_01_c2r11.tgm.header,Tiny_3,29824395,746
ee6a53d1bad4ede5,act3_battlefront_to_harbor_v01_01_c2r10.tgm,Art/Models/Terrain/Act3/AreaTransitions/battlefronttobarracks,2118335,528575
85ab9efaacb974ed,act3_battlefront_to_harbor_v01_01_c2r10.tgm.header,Folders/art/models/terrain/act3/areatransitions/sewers,384422,4310
96e3b53b89a86f90,act3_battlefront_to_harbor_v01_01_c2r1.tgm,Art/Models/Terrain/Act3/AreaTransitions/battlefronttobarracks,2106342,11993
d85ba0c99280dc9e,act3_battlefront_to_harbor_v01_01_c2r1.tgm.header,Tiny_3,29824131,264
dd82c6a23dc4f567,act3_battlefront_to_harbor_v01_01_c1r9.tgm,Art/Models/Terrain/Act3/AreaTransitions/battlefronttobarracks,2071087,35255
8b872d84d64207fa,act3_battlefront_to_harbor_v01_01_c1r9.tgm.header,Tiny_3,29823253,878
1b0ad24ff1f198bb,act3_battlefront_to_harbor_v01_01_c1r8.tgm,Tiny_3,29821680,1309
63af0be579bfb753,act3_battlefront_to_harbor_v01_01_c1r8.tgm.header,Tiny_3,29822989,264
e07f6db5276f3b31,act3_battlefront_to_harbor_v01_01_c1r7.tgm,Art/Models/Terrain/Act3/AreaTransitions/battlefronttobarracks,2045162,25925
500d541b6ad8f28f,act3_battlefront_to_harbor_v01_01_c1r7.tgm.header,Tiny_3,29821416,264
c4d476516bc9f6c1,act3_battlefront_to_harbor_v01_01_c1r6.tgm,Art/Models/Terrain/Act3/AreaTransitions/battlefronttobarracks,1771851,273311
a44e34186ff8751d,act3_battlefront_to_harbor_v01_01_c1r6.tgm.header,Folders/art/models/terrain/act3/areatransitions/sewers,375448,8974
81f141349ee57ca4,act3_battlefront_to_harbor_v01_01_c1r5.tgm,Tiny_3,29820059,1093
ade72b5026a2b5cf,act3_battlefront_to_harbor_v01_01_c1r5.tgm.header,Tiny_3,29821152,264
0ff5c4e9d6206ad9,act3_battlefront_to_harbor_v01_01_c1r4.tgm,Art/Models/Terrain/Act3/AreaTransitions/battlefronttobarracks,1749742,22109
60a03f9ebf7ca37a,act3_battlefront_to_harbor_v01_01_c1r4.tgm.header,Tiny_3,29819401,658
6f1ce354859107d9,act3_battlefront_to_harbor_v01_01_c1r3.tgm,Art/Models/Terrain/Act3/AreaTransitions/battlefronttobarracks,1743461,6281
6ffcd5cd9b173b66,act3_battlefront_to_harbor_v01_01_c1r3.tgm.header,Tiny_3,29819007,394
f411b77f419d874f,act3_battlefront_to_harbor_v01_01_c1r2.tgm,Art/Models/Terrain/Act3/AreaTransitions/battlefronttobarracks,1691778,51683
a17b6bb69df86081,act3_battlefront_to_harbor_v01_01_c1r2.tgm.header,Tiny_3,29818305,702
815327b0043b49af,act3_battlefront_to_harbor_v01_01_c1r12.tgm,Tiny_3,29815202,2839
421c272a387db459,act3_battlefront_to_harbor_v01_01_c1r12.tgm.header,Tiny_3,29818041,264
562e8649bfcf89be,act3_battlefront_to_harbor_v01_01_c1r11.tgm,Art/Models/Terrain/Act3/AreaTransitions/battlefronttobarracks,1638073,53705
4939fcee4e9884ed,act3_battlefront_to_harbor_v01_01_c1r11.tgm.header,Tiny_3,29814280,922
751214dab7b6841a,act3_battlefront_to_harbor_v01_01_c1r10.tgm,Tiny_3,29812785,1231
028587aad911e403,act3_battlefront_to_harbor_v01_01_c1r10.tgm.header,Tiny_3,29814016,264
bb6e47aacbed8d7f,act3_battlefront_to_harbor_v01_01_c1r1.tgm,Tiny_3,29811974,547
fd383ac106612199,act3_battlefront_to_harbor_v01_01_c1r1.tgm.header,Tiny_3,29812521,264
f211f726d2f7f14f,act3_battlefront_to_harbor_v01_01_c15r9.tgm,Tiny_3,29810491,1219
c9f8ce1224cc09f1,act3_battlefront_to_harbor_v01_01_c15r9.tgm.header,Tiny_3,29811710,264
da4a72f0acd34e28,act3_battlefront_to_harbor_v01_01_c15r8.tgm,Tiny_3,29809200,1027
9188b4018f23d5dd,act3_battlefront_to_harbor_v01_01_c15r8.tgm.header,Tiny_3,29810227,264
8ee0f2db9552468f,act3_battlefront_to_harbor_v01_01_c15r7.tgm,Tiny_3,29807669,1267
c259bb64fd41b066,act3_battlefront_to_harbor_v01_01_c15r7.tgm.header,Tiny_3,29808936,264
195fb52a256c2a0c,act3_battlefront_to_harbor_v01_01_c15r6.tgm,Tiny_3,29806270,1135
262b2842a8dc9db2,act3_battlefront_to_harbor_v01_01_c15r6.tgm.header,Tiny_3,29807405,264
82dd9eb081308363,act3_battlefront_to_harbor_v01_01_c15r5.tgm,Tiny_3,29805111,895
15fef45eedc8e830,act3_battlefront_to_harbor_v01_01_c15r5.tgm.header,Tiny_3,29806006,264
d81ec9095c36a780,act3_battlefront_to_harbor_v01_01_c15r4.tgm,Tiny_3,29804324,523
b703c478e7c352ef,act3_battlefront_to_harbor_v01_01_c15r4.tgm.header,Tiny_3,29804847,264
2779ff89e7c898bc,act3_battlefront_to_harbor_v01_01_c15r3.tgm,Tiny_3,29803693,631
70bafaae89f344c6,act3_battlefront_to_harbor_v01_01_c15r3.tgm.header,Tiny_6,10003372,264
5f5922f4fddd8706,act3_battlefront_to_harbor_v01_01_c15r2.tgm,Tiny_3,29802654,1039
d83b9877429521ab,act3_battlefront_to_harbor_v01_01_c15r2.tgm.header,Tiny_6,2030130,264
0a5d9b8ea6c4b58e,act3_battlefront_to_harbor_v01_01_c15r12.tgm,Tiny_3,29802107,547
a0b73040137f1e58,act3_battlefront_to_harbor_v01_01_c15r12.tgm.header,Tiny_6,10001636,264
e3c4f908b689e338,act3_battlefront_to_harbor_v01_01_c15r11.tgm,Tiny_3,29801500,607
69527a2a554632a4,act3_battlefront_to_harbor_v01_01_c15r11.tgm.header,Tiny_6,10003372,264
848c86d21e2735ba,act3_battlefront_to_harbor_v01_01_c15r10.tgm,Tiny_3,29800365,1135
7576e9c7ee2af2f5,act3_battlefront_to_harbor_v01_01_c15r10.tgm.header,Tiny_5,58559297,264
06819cfc31b858da,act3_battlefront_to_harbor_v01_01_c15r1.tgm,Tiny_3,29799326,1039
068a350205184965,act3_battlefront_to_harbor_v01_01_c15r1.tgm.header,Tiny_6,2030130,264
2eee8bc07313c65b,act3_battlefront_to_harbor_v01_01_c14r9.tgm,Tiny_3,29797759,1303
1a3476efca784664,act3_battlefront_to_harbor_v01_01_c14r9.tgm.header,Tiny_3,29799062,264
edaeaa9562ab5b4b,act3_battlefront_to_harbor_v01_01_c14r8.tgm,Tiny_3,29796624,871
c7fbd49a8a932c98,act3_battlefront_to_harbor_v01_01_c14r8.tgm.header,Tiny_3,29797495,264
7d1d052db3171217,act3_battlefront_to_harbor_v01_01_c14r7.tgm,Tiny_3,29795345,1015
61ee77f1ad6bd7d5,act3_battlefront_to_harbor_v01_01_c14r7.tgm.header,Tiny_3,29796360,264
582dd7b98f409b49,act3_battlefront_to_harbor_v01_01_c14r6.tgm,Tiny_3,29793442,1639
2ed26a6fca4653ea,act3_battlefront_to_harbor_v01_01_c14r6.tgm.header,Tiny_3,29795081,264
10f06165d02ff3d8,act3_battlefront_to_harbor_v01_01_c14r5.tgm,Tiny_3,29792175,1003
e51ad4c140c6b55b,act3_battlefront_to_harbor_v01_01_c14r5.tgm.header,Tiny_3,29793178,264
ddc1f04b23776e1e,act3_battlefront_to_harbor_v01_01_c14r4.tgm,Tiny_3,29791280,631
d80326bde4119324,act3_battlefront_to_harbor_v01_01_c14r4.tgm.header,Tiny_3,29791911,264
3c1775ef46286100,act3_battlefront_to_harbor_v01_01_c14r3.tgm,Tiny_3,29790481,799
f19abae5a2f92d16,act3_battlefront_to_harbor_v01_01_c14r3.tgm.header,Tiny_5,59151096,264
7b3982e004782e60,act3_battlefront_to_harbor_v01_01_c14r2.tgm,Tiny_3,29789682,799
4040c1d64f1293ed,act3_battlefront_to_harbor_v01_01_c14r2.tgm.header,Tiny_5,59151096,264
46626aadbe49eb31,act3_battlefront_to_harbor_v01_01_c14r12.tgm,Tiny_3,29789027,655
05f00a06b9695dc4,act3_battlefront_to_harbor_v01_01_c14r12.tgm.header,Tiny_6,10003372,264
f2617e5219dcc5b3,act3_battlefront_to_harbor_v01_01_c14r11.tgm,Tiny_3,29788120,907
f837ac10a752bb96,act3_battlefront_to_harbor_v01_01_c14r11.tgm.header,Tiny_6,7823650,264
ceed9a5a9e01f87f,act3_battlefront_to_harbor_v01_01_c14r10.tgm,Tiny_3,29786817,1303
dcf7a61d383d6e21,act3_battlefront_to_harbor_v01_01_c14r10.tgm.header,Tiny_5,38521183,264
f0d834f1bea4f214,act3_battlefront_to_harbor_v01_01_c14r1.tgm,Tiny_3,29785886,931
c838775a58f25913,act3_battlefront_to_harbor_v01_01_c14r1.tgm.header,Tiny_6,7823650,264
4457176eb2ac5766,act3_battlefront_to_harbor_v01_01_c13r9.tgm,Tiny_3,29784763,859
0b4818936ad7a50c,act3_battlefront_to_harbor_v01_01_c13r9.tgm.header,Tiny_3,29785622,264
339f6357461c80d3,act3_battlefront_to_harbor_v01_01_c13r8.tgm,Tiny_3,29783412,1087
540a54923d887f7d,act3_battlefront_to_harbor_v01_01_c13r8.tgm.header,Tiny_3,29784499,264
132613eb0423fc00,act3_battlefront_to_harbor_v01_01_c13r7.tgm,Tiny_3,29782007,1141
dc521c42f776c523,act3_battlefront_to_harbor_v01_01_c13r7.tgm.header,Tiny_3,29783148,264
f6117a67aaa67b93,act3_battlefront_to_harbor_v01_01_c13r6.tgm,Tiny_3,29780458,1285
6fa95301afb12072,act3_battlefront_to_harbor_v01_01_c13r6.tgm.header,Tiny_3,29781743,264
b47ddb0bac84fb2d,act3_battlefront_to_harbor_v01_01_c13r5.tgm,Tiny_3,29779587,607
f8bf8d950a45caf3,act3_battlefront_to_harbor_v01_01_c13r5.tgm.header,Tiny_3,29780194,264
4fee48de3bb46afa,act3_battlefront_to_harbor_v01_01_c13r4.tgm,Tiny_3,29779172,415
d9962f87ced1c996,act3_battlefront_to_harbor_v01_01_c13r4.tgm.header,Tiny_3,29731881,264
fcde825f427f66f6,act3_battlefront_to_harbor_v01_01_c13r3.tgm,Tiny_3,29778457,715
7a9895e8255fbddd,act3_battlefront_to_harbor_v01_01_c13r3.tgm.header,Tiny_5,59149714,264
6edefca68a46a36d,act3_battlefront_to_harbor_v01_01_c13r2.tgm,Tiny_3,29777442,1015
4b4f3adbe57bb2e2,act3_battlefront_to_harbor_v01_01_c13r2.tgm.header,Tiny_6,2030130,264
1b600ac32d282816,act3_battlefront_to_harbor_v01_01_c13r12.tgm,Tiny_3,29776811,631
ed93dacce7c09920,act3_battlefront_to_harbor_v01_01_c13r12.tgm.header,Tiny_6,10003372,264
2611d0672dc17779,act3_battlefront_to_harbor_v01_01_c13r11.tgm,Tiny_3,29775904,907
e205a85cb42e3c6e,act3_battlefront_to_harbor_v01_01_c13r11.tgm.header,Tiny_6,7823650,264
e6dfd293405acd18,act3_battlefront_to_harbor_v01_01_c13r10.tgm,Tiny_3,29775069,835
3b6fd684e61e51e2,act3_battlefront_to_harbor_v01_01_c13r10.tgm.header,Tiny_6,7823650,264
9e97b6eb44eee51a,act3_battlefront_to_harbor_v01_01_c13r1.tgm,Tiny_3,29774222,847
3d9c94a4322ed4d6,act3_battlefront_to_harbor_v01_01_c13r1.tgm.header,Tiny_5,59151096,264
f02d9205a6a47df8,act3_battlefront_to_harbor_v01_01_c12r9.tgm,Tiny_3,29772583,1375
916dc97494f55549,act3_battlefront_to_harbor_v01_01_c12r9.tgm.header,Tiny_3,29773958,264
debd8eb918e76a73,act3_battlefront_to_harbor_v01_01_c12r8.tgm,Tiny_3,29770656,1663
5e4f5b67fbf58ab4,act3_battlefront_to_harbor_v01_01_c12r8.tgm.header,Tiny_3,29772319,264
e7756b25caf46cc6,act3_battlefront_to_harbor_v01_01_c12r7.tgm,Tiny_3,29769221,1171
b5f2bace49be623f,act3_battlefront_to_harbor_v01_01_c12r7.tgm.header,Tiny_3,29770392,264
c733bf985baf1b76,act3_battlefront_to_harbor_v01_01_c12r6.tgm,Tiny_3,29767672,1285
bfd9b0dcf0a0b1fd,act3_battlefront_to_harbor_v01_01_c12r6.tgm.header,Tiny_3,29768957,264
c5c742ebd01f7fb9,act3_battlefront_to_harbor_v01_01_c12r5.tgm,Tiny_3,29765583,1825
ddbd96fdc48eef00,act3_battlefront_to_harbor_v01_01_c12r5.tgm.header,Tiny_3,29767408,264
f1360aed20592c6b,act3_battlefront_to_harbor_v01_01_c12r4.tgm,Tiny_3,29764364,955
67d8210a19c679ac,act3_battlefront_to_harbor_v01_01_c12r4.tgm.header,Tiny_3,29765319,264
5a895e17e71c9732,act3_battlefront_to_harbor_v01_01_c12r3.tgm,Tiny_3,29763565,799
caa2d99ecfa0b1a3,act3_battlefront_to_harbor_v01_01_c12r3.tgm.header,Tiny_5,59151096,264
2116e2117aed5268,act3_battlefront_to_harbor_v01_01_c12r2.tgm,Tiny_3,29762466,1099
0f8fd526ea39b131,act3_battlefront_to_harbor_v01_01_c12r2.tgm.header,Tiny_5,61408359,264
e05f6079c8fa121b,act3_battlefront_to_harbor_v01_01_c12r12.tgm,Tiny_3,29762027,439
545e2641b5723f17,act3_battlefront_to_harbor_v01_01_c12r12.tgm.header,Tiny_6,10003879,264
094c210aaec489b1,act3_battlefront_to_harbor_v01_01_c12r11.tgm,Tiny_3,29761120,907
eae94661659a5a01,act3_battlefront_to_harbor_v01_01_c12r11.tgm.header,Tiny_6,7823650,264
d7052848c9e24840,act3_battlefront_to_harbor_v01_01_c12r10.tgm,Tiny_3,29760369,751
91390569f3a01fdd,act3_battlefront_to_harbor_v01_01_c12r10.tgm.header,Tiny_5,59151096,264
72ff2fe4b12ad4c8,act3_battlefront_to_harbor_v01_01_c12r1.tgm,Tiny_3,29759930,439
bcbd5a61747686e9,act3_battlefront_to_harbor_v01_01_c12r1.tgm.header,Tiny_6,10003879,264
0d24c0eb4476f3e1,act3_battlefront_to_harbor_v01_01_c11r9.tgm,Tiny_3,29758375,1291
01497f033646b8a3,act3_battlefront_to_harbor_v01_01_c11r9.tgm.header,Tiny_3,29759666,264
023f57ef3dc5abb3,act3_battlefront_to_harbor_v01_01_c11r8.tgm,Tiny_3,29756508,1603
021a1d1f56f91779,act3_battlefront_to_harbor_v01_01_c11r8.tgm.header,Tiny_3,29758111,264
28465f5bd8d57fdc,act3_battlefront_to_harbor_v01_01_c11r7.tgm,Tiny_3,29754965,1279
0b71d5431bfe3296,act3_battlefront_to_harbor_v01_01_c11r7.tgm.header,Tiny_3,29756244,264
684bebed4a544c22,act3_battlefront_to_harbor_v01_01_c11r6.tgm,Tiny_3,29753170,1531
3953b5450c193ca4,act3_battlefront_to_harbor_v01_01_c11r6.tgm.header,Tiny_3,29754701,264
c052f421747c507f,act3_battlefront_to_harbor_v01_01_c11r5.tgm,Tiny_3,29750703,2203
2dc959c0c079fea9,act3_battlefront_to_harbor_v01_01_c11r5.tgm.header,Tiny_3,29752906,264
190d05b9f65d89a5,act3_battlefront_to_harbor_v01_01_c11r4.tgm,Tiny_3,29749472,967
c94677d0ee14cb3b,act3_battlefront_to_harbor_v01_01_c11r4.tgm.header,Tiny_3,29750439,264
354dcb20c3d178aa,act3_battlefront_to_harbor_v01_01_c11r3.tgm,Tiny_3,29748397,1075
1d0eda71860fa8d0,act3_battlefront_to_harbor_v01_01_c11r3.tgm.header,Tiny_5,61408359,264
5da2f715d72edb13,act3_battlefront_to_harbor_v01_01_c11r2.tgm,Tiny_3,29745846,2287
45c98da8ab0b8259,act3_battlefront_to_harbor_v01_01_c11r2.tgm.header,Tiny_3,29748133,264
d43d7d9cb0904042,act3_battlefront_to_harbor_v01_01_c11r12.tgm,Tiny_3,29744843,739
6eeaa71de0c37952,act3_battlefront_to_harbor_v01_01_c11r12.tgm.header,Tiny_3,29745582,264
66c4fc232545808c,act3_battlefront_to_harbor_v01_01_c11r11.tgm,Tiny_3,29741992,2587
64af83d47fb1cce4,act3_battlefront_to_harbor_v01_01_c11r11.tgm.header,Tiny_3,29744579,264
914c54407a519a3e,act3_battlefront_to_harbor_v01_01_c11r10.tgm,Tiny_3,29740917,1075
d396d846b3a0d547,act3_battlefront_to_harbor_v01_01_c11r10.tgm.header,Tiny_5,61408359,264
f8afd5451c3d6064,act3_battlefront_to_harbor_v01_01_c11r1.tgm,Tiny_3,29739914,739
c907a96d796c05e7,act3_battlefront_to_harbor_v01_01_c11r1.tgm.header,Tiny_3,29740653,264
495be3837ed623ee,act3_battlefront_to_harbor_v01_01_c10r9.tgm,Tiny_3,29737729,1921
7b08bc0e6990f05e,act3_battlefront_to_harbor_v01_01_c10r9.tgm.header,Tiny_3,29739650,264
700ffad1f45e8a21,act3_battlefront_to_harbor_v01_01_c10r8.tgm,Tiny_3,29736426,1039
fcbe293881c5c742,act3_battlefront_to_harbor_v01_01_c10r8.tgm.header,Tiny_3,29737465,264
680028063f5a35cf,act3_battlefront_to_harbor_v01_01_c10r7.tgm,Tiny_3,29735315,847
6580a728d604d56f,act3_battlefront_to_harbor_v01_01_c10r7.tgm.header,Tiny_3,29736162,264
eb829033eecf6831,act3_battlefront_to_harbor_v01_01_c10r6.tgm,Tiny_3,29733880,1171
696ac0b930a22fc4,act3_battlefront_to_harbor_v01_01_c10r6.tgm.header,Tiny_3,29735051,264
5652fce36a4a10ff,act3_battlefront_to_harbor_v01_01_c10r5.tgm,Tiny_3,29732145,1471
1bf32c17061d7a69,act3_battlefront_to_harbor_v01_01_c10r5.tgm.header,Tiny_3,29733616,264
0e760ccae33a97d3,act3_battlefront_to_harbor_v01_01_c10r4.tgm,Tiny_3,29731442,439
67dd080a6536ea11,act3_battlefront_to_harbor_v01_01_c10r4.tgm.header,Tiny_3,29731881,264
2a78c5d842bddc21,act3_battlefront_to_harbor_v01_01_c10r3.tgm,Tiny_3,29730079,1363
6d772052feff33db,act3_battlefront_to_harbor_v01_01_c10r3.tgm.header,Tiny_5,38163843,264
fe46aede76a88cb8,act3_battlefront_to_harbor_v01_01_c10r2.tgm,Tiny_3,29727084,2731
7ecf5714fbb8a1be,act3_battlefront_to_harbor_v01_01_c10r2.tgm.header,Tiny_3,29729815,264
b2577d6871102131,act3_battlefront_to_harbor_v01_01_c10r12.tgm,Tiny_3,29725331,1489
7fb97106a758a7c2,act3_battlefront_to_harbor_v01_01_c10r12.tgm.header,Tiny_3,29726820,264
4aeb480bada1d1ce,act3_battlefront_to_harbor_v01_01_c10r11.tgm,Art/Models/Terrain/Act3/AreaTransitions/battlefronttobarracks,1633968,4105
47842d0498fc4270,act3_battlefront_to_harbor_v01_01_c10r11.tgm.header,Tiny_3,29725067,264
9926e22f968b2b03,act3_battlefront_to_harbor_v01_01_c10r10.tgm,Tiny_3,29721136,3667
380107585e581c0a,act3_battlefront_to_harbor_v01_01_c10r10.tgm.header,Tiny_3,29724803,264
410c396a70d6213e,act3_battlefront_to_harbor_v01_01_c10r1.tgm,Tiny_3,29719233,1639
3e9973321d736f88,act3_battlefront_to_harbor_v01_01_c10r1.tgm.header,Tiny_3,29720872,264
