hash,file,bundle,offset,size
7eaa78947d90e857,market_thinwall_x_v01_02_c3r3.tgm,Art/Models/Terrain/Act3/MarketPlace/tgms_27,660354,391661
e52a679a94da3117,market_thinwall_x_v01_02_c3r3.tgm.header,Tiny_3,39599044,2594
f153b91cacae9f06,market_thinwall_x_v01_02_c3r2.tgm,Tiny_3,39598263,517
d5f957d5f26cd4a4,market_thinwall_x_v01_02_c3r2.tgm.header,Tiny_3,39598780,264
03806bf2416ace4f,market_thinwall_x_v01_02_c3r1.tgm,Tiny_3,39597854,409
2ea3c5fa427624e4,market_thinwall_x_v01_02_c3r1.tgm.header,Tiny_3,39543960,264
731b2303919716c5,market_thinwall_x_v01_02_c2r3.tgm,Tiny_3,39597181,409
530049d02aad63e9,market_thinwall_x_v01_02_c2r3.tgm.header,Tiny_3,39597590,264
09261256d352e0f9,market_thinwall_x_v01_02_c2r2.tgm,Tiny_3,39596448,733
eb77790f3924eb69,market_thinwall_x_v01_02_c2r2.tgm.header,Tiny_5,35354733,264
6e1899749762a23c,market_thinwall_x_v01_02_c2r1.tgm,Tiny_3,39594915,1269
7fd4ed4aae648be6,market_thinwall_x_v01_02_c2r1.tgm.header,Tiny_3,39596184,264
ae2d7b6f91c90552,market_thinwall_x_v01_02_c1r3.tgm,Tiny_3,39594350,301
804434cd5da72b1b,market_thinwall_x_v01_02_c1r3.tgm.header,Tiny_3,39594651,264
bf60fafe2ad05d88,market_thinwall_x_v01_02_c1r2.tgm,Tiny_3,39592937,1149
318186365243813d,market_thinwall_x_v01_02_c1r2.tgm.header,Tiny_3,39594086,264
ea8ab6b2707b35f5,market_thinwall_x_v01_02_c1r1.tgm,Tiny_3,39590672,2001
190ead7e87808d7e,market_thinwall_x_v01_02_c1r1.tgm.header,Tiny_3,39592673,264
5a070ce59e24a52d,market_thinwall_x_v01_01_c3r3.tgm,Tiny_3,39588323,2085
8684c9103ab76c95,market_thinwall_x_v01_01_c3r3.tgm.header,Tiny_3,39590408,264
d50c930148af6e08,market_thinwall_x_v01_01_c3r2.tgm,Tiny_3,39587482,841
2ee35541c04ae974,market_thinwall_x_v01_01_c3r2.tgm.header,Tiny_5,35736077,264
816a9ea519c235e4,market_thinwall_x_v01_01_c3r1.tgm,Tiny_3,39586731,487
1045d801ccbbe7a3,market_thinwall_x_v01_01_c3r1.tgm.header,Tiny_3,39587218,264
fa999ad79c2f4c1b,market_thinwall_x_v01_01_c2r3.tgm,Tiny_3,39585808,659
5f3aac4d2be35f70,market_thinwall_x_v01_01_c2r3.tgm.header,Tiny_3,39586467,264
0337117c5234791a,market_thinwall_x_v01_01_c2r2.tgm,Art/Models/Terrain/Act3/MarketPlace/tgms_27,232295,428059
53c7e8e7f2ba113c,market_thinwall_x_v01_01_c2r2.tgm.header,Tiny_3,39582466,3342
b409ff1758a8c0b6,market_thinwall_x_v01_01_c2r1.tgm,Tiny_3,39581041,1161
ede204d7dfda798a,market_thinwall_x_v01_01_c2r1.tgm.header,Tiny_3,39582202,264
7ebf56d939e02504,market_thinwall_x_v01_01_c1r3.tgm,Tiny_3,39580422,355
01485713975165ee,market_thinwall_x_v01_01_c1r3.tgm.header,Tiny_3,39580777,264
69ff3920c0df223a,market_thinwall_x_v01_01_c1r2.tgm,Tiny_3,39578925,1233
73e5daf7baeff952,market_thinwall_x_v01_01_c1r2.tgm.header,Tiny_3,39580158,264
4d9c673cba119e51,market_thinwall_x_v01_01_c1r1.tgm,Tiny_3,39576660,2001
187e0d0cbcd6450d,market_thinwall_x_v01_01_c1r1.tgm.header,Tiny_3,39578661,264
a1a779f75d413894,market_thinwall_t_v01_04_c3r3.tgm,Tiny_3,39574395,2265
7c487fc249041134,market_thinwall_t_v01_04_c3r3.tgm.header,Tiny_3,39539927,264
5ae7c0d9f39cc84e,market_thinwall_t_v01_04_c3r2.tgm,Tiny_3,39573932,463
4eebfdb373a25989,market_thinwall_t_v01_04_c3r2.tgm.header,Tiny_3,39524796,264
9d64b2d9c78c21e4,market_thinwall_t_v01_04_c3r1.tgm,Tiny_3,39573523,409
0e59148fb590c86a,market_thinwall_t_v01_04_c3r1.tgm.header,Tiny_3,38964105,264
0f1458369f6dc2f9,market_thinwall_t_v01_04_c2r3.tgm,Tiny_3,39570760,2763
062d6ec2b31b2e0a,market_thinwall_t_v01_04_c2r3.tgm.header,Tiny_3,39536526,264
e4af17b9e64027f8,market_thinwall_t_v01_04_c2r2.tgm,Art/Models/Terrain/Act3/MarketPlace/tgms_27,0,232295
fa6d5f04a04d8903,market_thinwall_t_v01_04_c2r2.tgm.header,Tiny_3,39567242,3518
302dd27f12b4b893,market_thinwall_t_v01_04_c2r1.tgm,Tiny_3,39566941,301
524cabeca5614cfe,market_thinwall_t_v01_04_c2r1.tgm.header,Tiny_3,38836821,264
ec25d92f6cf50880,market_thinwall_t_v01_04_c1r3.tgm,Tiny_3,39564856,1821
ccb3753870f78357,market_thinwall_t_v01_04_c1r3.tgm.header,Tiny_3,39566677,264
af0ed7e82f82919b,market_thinwall_t_v01_04_c1r2.tgm,Tiny_3,39564183,409
c26de3ef34dbe594,market_thinwall_t_v01_04_c1r2.tgm.header,Tiny_3,39564592,264
77b29b3d55a45867,market_thinwall_t_v01_04_c1r1.tgm,Tiny_3,39563882,301
1471a99c628cce28,market_thinwall_t_v01_04_c1r1.tgm.header,Tiny_3,38961274,264
c7da55eb0f72fa3c,market_thinwall_t_v01_03_c3r3.tgm,Tiny_3,39563581,301
032b96ac74b4efeb,market_thinwall_t_v01_03_c3r3.tgm.header,Tiny_3,39386030,264
a58fabfbd6a48181,market_thinwall_t_v01_03_c3r2.tgm,Tiny_3,39563172,409
5aaaf1e5021a3b8a,market_thinwall_t_v01_03_c3r2.tgm.header,Tiny_3,39555692,264
eda0f4c2c988607a,market_thinwall_t_v01_03_c3r1.tgm,Tiny_3,39562553,355
3869b5e67c0a7ec9,market_thinwall_t_v01_03_c3r1.tgm.header,Tiny_3,39562908,264
9dbad33eb57acf39,market_thinwall_t_v01_03_c2r3.tgm,Tiny_3,39562144,409
ff6124ba344ca193,market_thinwall_t_v01_03_c2r3.tgm.header,Tiny_3,39554664,264
f7d469cff43a672e,market_thinwall_t_v01_03_c2r2.tgm,Art/Models/Terrain/Act3/MarketPlace/tgms_26,1968170,194729
c2b02a190ce50023,market_thinwall_t_v01_03_c2r2.tgm.header,Tiny_3,39559682,2462
b1031bb3aeac1b9b,market_thinwall_t_v01_03_c2r1.tgm,Tiny_3,39552004,493
fbab600f27312950,market_thinwall_t_v01_03_c2r1.tgm.header,Tiny_5,21023334,264
10d7e9f6e755ebcb,market_thinwall_t_v01_03_c1r3.tgm,Tiny_3,39559117,301
7a463b5161c94165,market_thinwall_t_v01_03_c1r3.tgm.header,Tiny_3,39559418,264
01f9f99dfe500c04,market_thinwall_t_v01_03_c1r2.tgm,Tiny_3,39558306,547
a0e8860477949cdd,market_thinwall_t_v01_03_c1r2.tgm.header,Tiny_3,39558853,264
a169c279a51f2289,market_thinwall_t_v01_03_c1r1.tgm,Tiny_3,39556257,1785
c03a4383f1d703b8,market_thinwall_t_v01_03_c1r1.tgm.header,Tiny_3,39558042,264
1423ea95d4a40822,market_thinwall_t_v01_02_c3r3.tgm,Tiny_3,39555956,301
9e3694923d38c9a9,market_thinwall_t_v01_02_c3r3.tgm.header,Tiny_3,39386030,264
f553ea0b21432409,market_thinwall_t_v01_02_c3r2.tgm,Tiny_3,39555283,409
cb5c23dddb1b19a2,market_thinwall_t_v01_02_c3r2.tgm.header,Tiny_3,39555692,264
8c3c519a6c9fbd5c,market_thinwall_t_v01_02_c3r1.tgm,Tiny_3,39554928,355
45f2a9f6d35e38ef,market_thinwall_t_v01_02_c3r1.tgm.header,Tiny_4,9115026,264
0d4ff0cf301c17f2,market_thinwall_t_v01_02_c2r3.tgm,Tiny_3,39554255,409
588e73d144d921e8,market_thinwall_t_v01_02_c2r3.tgm.header,Tiny_3,39554664,264
9c8f7c0858cedf55,market_thinwall_t_v01_02_c2r2.tgm,Art/Models/Terrain/Act3/MarketPlace/tgms_26,1733365,234805
1af14b6227d53548,market_thinwall_t_v01_02_c2r2.tgm.header,Tiny_3,39552497,1758
5a600505e3f7f7ec,market_thinwall_t_v01_02_c2r1.tgm,Tiny_3,39552004,493
1de0705df1e705f9,market_thinwall_t_v01_02_c2r1.tgm.header,Tiny_5,21023334,264
7f83585aeb9e0e50,market_thinwall_t_v01_02_c1r3.tgm,Tiny_3,39551439,301
c2b87471769447ea,market_thinwall_t_v01_02_c1r3.tgm.header,Tiny_3,39551740,264
2c5d6bea1575976d,market_thinwall_t_v01_02_c1r2.tgm,Tiny_3,39550648,527
eb3d5e99fca14b9a,market_thinwall_t_v01_02_c1r2.tgm.header,Tiny_3,39551175,264
067717708045f604,market_thinwall_t_v01_02_c1r1.tgm,Tiny_3,39548899,1485
59dcaacd538c37f4,market_thinwall_t_v01_02_c1r1.tgm.header,Tiny_3,39550384,264
9ca55331fe5ebd63,market_thinwall_t_v01_01_c3r3.tgm,Tiny_3,39546634,2265
137a3dea32fbd5b8,market_thinwall_t_v01_01_c3r3.tgm.header,Tiny_3,39527325,264
b668813fe0f647a2,market_thinwall_t_v01_01_c3r2.tgm,Tiny_3,39546171,463
2106f39e6f1907c9,market_thinwall_t_v01_01_c3r2.tgm.header,Tiny_3,39524796,264
0e85a0ef16765d3c,market_thinwall_t_v01_01_c3r1.tgm,Tiny_3,39545762,409
7ebcac10c47eb736,market_thinwall_t_v01_01_c3r1.tgm.header,Tiny_3,39524069,264
54eab50b465737cb,market_thinwall_t_v01_01_c2r3.tgm,Art/Models/Terrain/Act3/MarketPlace/tgms_26,1525556,207809
66fa9ae56559f13d,market_thinwall_t_v01_01_c2r3.tgm.header,Tiny_3,39544224,1538
7f75051b31763855,market_thinwall_t_v01_01_c2r2.tgm,Tiny_3,39543551,409
da7c92114876647e,market_thinwall_t_v01_01_c2r2.tgm.header,Tiny_3,39543960,264
394f7416af5c3a09,market_thinwall_t_v01_01_c2r1.tgm,Tiny_3,39543250,301
45c8ccb1de878bf7,market_thinwall_t_v01_01_c2r1.tgm.header,Tiny_3,38856467,264
4984f2ce779197ac,market_thinwall_t_v01_01_c1r3.tgm,Tiny_3,39541165,1821
57df4d8bf691bdc3,market_thinwall_t_v01_01_c1r3.tgm.header,Tiny_3,39542986,264
067524da95106fe0,market_thinwall_t_v01_01_c1r2.tgm,Tiny_3,39540492,409
a61ea304b6e29fc3,market_thinwall_t_v01_01_c1r2.tgm.header,Tiny_3,39540901,264
4f5e8f65d6577935,market_thinwall_t_v01_01_c1r1.tgm,Tiny_3,39540191,301
8f1ec29fc95a5052,market_thinwall_t_v01_01_c1r1.tgm.header,Tiny_3,38854718,264
d1265fa82ee03e23,market_thinwall_straight_v01_02_c3r3.tgm,Tiny_3,39537662,2265
137dc194dbc7349b,market_thinwall_straight_v01_02_c3r3.tgm.header,Tiny_3,39539927,264
92382bf471df1192,market_thinwall_straight_v01_02_c3r2.tgm,Tiny_3,39537199,463
07ed2eb53b12e72b,market_thinwall_straight_v01_02_c3r2.tgm.header,Tiny_3,39524796,264
04f6e6ee63dff7a8,market_thinwall_straight_v01_02_c3r1.tgm,Tiny_3,39536790,409
1cdb8a3aa80cfed3,market_thinwall_straight_v01_02_c3r1.tgm.header,Tiny_3,38964105,264
0aa85abcec5554d7,market_thinwall_straight_v01_02_c2r3.tgm,Tiny_3,39533763,2763
f52de2aee77b7568,market_thinwall_straight_v01_02_c2r3.tgm.header,Tiny_3,39536526,264
ea3a93886f1c20f6,market_thinwall_straight_v01_02_c2r2.tgm,Art/Models/Terrain/Act3/MarketPlace/tgms_26,1356619,168937
3dfd842f2f881f73,market_thinwall_straight_v01_02_c2r2.tgm.header,Tiny_3,39530685,3078
410a2fe6c91bf930,market_thinwall_straight_v01_02_c2r1.tgm,Tiny_3,39530384,301
c88a84685b61374c,market_thinwall_straight_v01_02_c2r1.tgm.header,Tiny_3,38836821,264
77a48dcedfa36b4c,market_thinwall_straight_v01_02_c1r3.tgm,Tiny_3,39528299,1821
950a8275885701eb,market_thinwall_straight_v01_02_c1r3.tgm.header,Tiny_3,39530120,264
2489bb3180e82e86,market_thinwall_straight_v01_02_c1r2.tgm,Tiny_3,39527890,409
1f9b02140fc71a33,market_thinwall_straight_v01_02_c1r2.tgm.header,Tiny_3,39519679,264
371e8ecdeb7947a1,market_thinwall_straight_v01_02_c1r1.tgm,Tiny_3,39527589,301
5699ea59227f2f16,market_thinwall_straight_v01_02_c1r1.tgm.header,Tiny_3,38961274,264
c34b6a062edf3606,market_thinwall_straight_v01_01_c3r3.tgm,Tiny_3,39525060,2265
486451e30bd5ce0d,market_thinwall_straight_v01_01_c3r3.tgm.header,Tiny_3,39527325,264
f23a0a718a11587a,market_thinwall_straight_v01_01_c3r2.tgm,Tiny_3,39524333,463
bb2e43cbae1c28b9,market_thinwall_straight_v01_01_c3r2.tgm.header,Tiny_3,39524796,264
f9da70b575fcdab4,market_thinwall_straight_v01_01_c3r1.tgm,Tiny_3,39523660,409
899bcb204ac32ec3,market_thinwall_straight_v01_01_c3r1.tgm.header,Tiny_3,39524069,264
8854d257b16fd1ed,market_thinwall_straight_v01_01_c2r3.tgm,Art/Models/Terrain/Act3/MarketPlace/tgms_26,1237090,119529
d762707a073de8f7,market_thinwall_straight_v01_01_c2r3.tgm.header,Tiny_3,39522738,922
7d904c562084fcda,market_thinwall_straight_v01_01_c2r2.tgm,Tiny_3,39522329,409
b83c273e37307a9b,market_thinwall_straight_v01_01_c2r2.tgm.header,Tiny_5,55789841,264
1354ccce9c5e3a5a,market_thinwall_straight_v01_01_c2r1.tgm,Tiny_3,39522028,301
baa0c013baae788f,market_thinwall_straight_v01_01_c2r1.tgm.header,Tiny_3,38856467,264
7787ef2b0f7f3197,market_thinwall_straight_v01_01_c1r3.tgm,Tiny_3,39519943,1821
c43585664467dcf2,market_thinwall_straight_v01_01_c1r3.tgm.header,Tiny_3,39521764,264
4a5666711c8c3839,market_thinwall_straight_v01_01_c1r2.tgm,Tiny_3,39519270,409
db9f0f27cadbf872,market_thinwall_straight_v01_01_c1r2.tgm.header,Tiny_3,39519679,264
578263e87776f907,market_thinwall_straight_v01_01_c1r1.tgm,Tiny_3,39518969,301
c52a268a20d22218,market_thinwall_straight_v01_01_c1r1.tgm.header,Tiny_3,38854718,264
d719d92a90b33a11,market_thinwall_fill_02_01_c3r6.tgm,Art/Models/Terrain/Act3/MarketPlace/tgms_26,1211679,25411
923693f1d9b338ba,market_thinwall_fill_02_01_c3r6.tgm.header,Tiny_3,39518663,306
758cc2848f2389ee,market_thinwall_fill_02_01_c3r5.tgm,Art/Models/Terrain/Act3/MarketPlace/tgms_26,1186346,25333
2be7dbe168fdcb81,market_thinwall_fill_02_01_c3r5.tgm.header,Tiny_3,39518357,306
7ebaf04ba2dcf481,market_thinwall_fill_02_01_c3r4.tgm,Art/Models/Terrain/Act3/MarketPlace/tgms_26,1161865,24481
ab67695ae220d3c9,market_thinwall_fill_02_01_c3r4.tgm.header,Tiny_3,39518051,306
d28f390f83e2c148,market_thinwall_fill_02_01_c3r3.tgm,Art/Models/Terrain/Act3/MarketPlace/tgms_26,1138110,23755
63a640a5d6d44ef2,market_thinwall_fill_02_01_c3r3.tgm.header,Tiny_3,39517745,306
cd6217b4d08eb21a,market_thinwall_fill_02_01_c3r2.tgm,Art/Models/Terrain/Act3/MarketPlace/tgms_26,1112885,25225
2b5d49e529734985,market_thinwall_fill_02_01_c3r2.tgm.header,Tiny_3,39517439,306
b93410bc4cb9de58,market_thinwall_fill_02_01_c3r1.tgm,Art/Models/Terrain/Act3/MarketPlace/tgms_26,1087252,25633
b3931936fc58daef,market_thinwall_fill_02_01_c3r1.tgm.header,Tiny_3,39517133,306
684ad3c76e5b2079,market_thinwall_fill_02_01_c2r6.tgm,Art/Models/Terrain/Act3/MarketPlace/tgms_26,1060821,26431
8aaba774cbca1416,market_thinwall_fill_02_01_c2r6.tgm.header,Tiny_3,39516827,306
5e46a0800f038739,market_thinwall_fill_02_01_c2r5.tgm,Tiny_3,39515566,1261
f860896818d630bc,market_thinwall_fill_02_01_c2r5.tgm.header,Tiny_3,39513734,264
27082200690eeb2c,market_thinwall_fill_02_01_c2r4.tgm,Tiny_3,39514755,547
26b7e96f21f0253c,market_thinwall_fill_02_01_c2r4.tgm.header,Tiny_3,39515302,264
c9d7b3c293653ec9,market_thinwall_fill_02_01_c2r3.tgm,Tiny_3,39513998,493
2863e019f4f52098,market_thinwall_fill_02_01_c2r3.tgm.header,Tiny_3,39514491,264
6858dc5795a055d6,market_thinwall_fill_02_01_c2r2.tgm,Tiny_3,39512473,1261
a9c700fe3cecd0d0,market_thinwall_fill_02_01_c2r2.tgm.header,Tiny_3,39513734,264
dea0d198134dd26f,market_thinwall_fill_02_01_c2r1.tgm,Art/Models/Terrain/Act3/MarketPlace/tgms_26,1034288,26533
7d511c297ccf6d96,market_thinwall_fill_02_01_c2r1.tgm.header,Tiny_3,39512167,306
0a9a58c04a93d72d,market_thinwall_fill_02_01_c1r6.tgm,Art/Models/Terrain/Act3/MarketPlace/tgms_26,1009033,25255
a49a7892ff0c669a,market_thinwall_fill_02_01_c1r6.tgm.header,Tiny_3,39511861,306
227382ec10f98dbc,market_thinwall_fill_02_01_c1r5.tgm,Art/Models/Terrain/Act3/MarketPlace/tgms_26,983970,25063
5f1fa5dc539e0f5c,market_thinwall_fill_02_01_c1r5.tgm.header,Tiny_3,39511555,306
b02bc7164569222d,market_thinwall_fill_02_01_c1r4.tgm,Art/Models/Terrain/Act3/MarketPlace/tgms_26,959891,24079
2594ba47bf4f9ed9,market_thinwall_fill_02_01_c1r4.tgm.header,Tiny_3,39511249,306
78ac2afcf0eed9a3,market_thinwall_fill_02_01_c1r3.tgm,Art/Models/Terrain/Act3/MarketPlace/tgms_26,935482,24409
df4a9098627d1b92,market_thinwall_fill_02_01_c1r3.tgm.header,Tiny_3,39510943,306
b09ca54948ba3ad4,market_thinwall_fill_02_01_c1r2.tgm,Art/Models/Terrain/Act3/MarketPlace/tgms_26,910203,25279
c214fc39dab93c2e,market_thinwall_fill_02_01_c1r2.tgm.header,Tiny_3,39510637,306
44ac3875699be906,market_thinwall_fill_02_01_c1r1.tgm,Art/Models/Terrain/Act3/MarketPlace/tgms_26,884522,25681
42e1cdbcccbd72da,market_thinwall_fill_02_01_c1r1.tgm.header,Tiny_3,39510331,306
adbf9a92fc59b25e,market_thinwall_fill_01_05_c6r3.tgm,Tiny_3,39510108,223
96881c2a5ae8415d,market_thinwall_fill_01_05_c6r3.tgm.header,Tiny_3,39501658,264
a9d72ad280a64802,market_thinwall_fill_01_05_c6r2.tgm,Tiny_3,39509701,407
7d95bc8b919da12e,market_thinwall_fill_01_05_c6r2.tgm.header,Tiny_5,9437576,264
5be016da7e765f32,market_thinwall_fill_01_05_c6r1.tgm,Tiny_3,39508964,473
c14b35ba257cd57b,market_thinwall_fill_01_05_c6r1.tgm.header,Tiny_3,39509437,264
98b4c96489aa7e8f,market_thinwall_fill_01_05_c5r3.tgm,Tiny_3,39508741,223
63e4e19532bcd97c,market_thinwall_fill_01_05_c5r3.tgm.header,Tiny_3,39497760,264
3fccb07b85066c40,market_thinwall_fill_01_05_c5r2.tgm,Tiny_3,39508064,677
40311ee2b7494a74,market_thinwall_fill_01_05_c5r2.tgm.header,Tiny_4,43382564,264
797ae80c17bac7cb,market_thinwall_fill_01_05_c5r1.tgm,Tiny_3,39507519,545
501edbff2edf442d,market_thinwall_fill_01_05_c5r1.tgm.header,Tiny_5,10390727,264
76e158d2cbbba1e5,market_thinwall_fill_01_05_c4r3.tgm,Tiny_3,39507230,289
3c9b44ca73c61887,market_thinwall_fill_01_05_c4r3.tgm.header,Tiny_6,4181222,264
ee2e658270cf4cd7,market_thinwall_fill_01_05_c4r2.tgm,Tiny_3,39506731,499
4cfe4dd0e03232d2,market_thinwall_fill_01_05_c4r2.tgm.header,Tiny_5,10391486,264
ed32cd4a6a47d4aa,market_thinwall_fill_01_05_c4r1.tgm,Tiny_3,39506508,223
4db70a59a5469beb,market_thinwall_fill_01_05_c4r1.tgm.header,Tiny_6,4174765,264
33d7ffc29c42795f,market_thinwall_fill_01_05_c3r3.tgm,Tiny_3,39505791,453
39fa4d4543b14871,market_thinwall_fill_01_05_c3r3.tgm.header,Tiny_3,39506244,264
624c2620dda987c5,market_thinwall_fill_01_05_c3r2.tgm,Art/Models/Terrain/Act3/MarketPlace/tgms_26,790731,93791
470d49b156fc9c37,market_thinwall_fill_01_05_c3r2.tgm.header,Tiny_3,39503989,1802
71837ca570268f5b,market_thinwall_fill_01_05_c3r1.tgm,Tiny_3,39503720,269
727104426b967558,market_thinwall_fill_01_05_c3r1.tgm.header,Tiny_6,4177803,264
732f6059cb22e06a,market_thinwall_fill_01_05_c2r3.tgm,Tiny_3,39503359,361
4c9780c694a06ed6,market_thinwall_fill_01_05_c2r3.tgm.header,Tiny_3,39486455,264
a66970bb3497fced,market_thinwall_fill_01_05_c2r2.tgm,Tiny_3,39503044,315
82a05ff40b8bb660,market_thinwall_fill_01_05_c2r2.tgm.header,Tiny_6,4177256,264
f00c5a3d36c58c29,market_thinwall_fill_01_05_c2r1.tgm,Tiny_3,39502775,269
90dd6da316464439,market_thinwall_fill_01_05_c2r1.tgm.header,Tiny_6,4177803,264
bcf562a2f15507c8,market_thinwall_fill_01_05_c1r3.tgm,Tiny_3,39502506,269
1e3e05456365f8a1,market_thinwall_fill_01_05_c1r3.tgm.header,Tiny_3,39478199,264
f2d31a75140cb7d8,market_thinwall_fill_01_05_c1r2.tgm,Tiny_3,39502191,315
d9c562905b04a81c,market_thinwall_fill_01_05_c1r2.tgm.header,Tiny_6,4177256,264
f79951e1e7aadcc2,market_thinwall_fill_01_05_c1r1.tgm,Tiny_3,39501922,269
b04de1a37ecdd6d7,market_thinwall_fill_01_05_c1r1.tgm.header,Tiny_6,4177803,264
371f6fa31ed121aa,market_thinwall_fill_01_04_c6r6.tgm,Tiny_3,39501435,223
cd184056f84f2fff,market_thinwall_fill_01_04_c6r6.tgm.header,Tiny_3,39501658,264
a8bfaa38fcf8ee05,market_thinwall_fill_01_04_c6r5.tgm,Tiny_3,39501120,315
640c6137c54ba1cb,market_thinwall_fill_01_04_c6r5.tgm.header,Tiny_6,4177256,264
c4016b6b68651aab,market_thinwall_fill_01_04_c6r4.tgm,Tiny_3,39500713,407
61a0798abd8d5395,market_thinwall_fill_01_04_c6r4.tgm.header,Tiny_5,9437576,264
a1a8f75e29524536,market_thinwall_fill_01_04_c6r3.tgm,Tiny_3,39499858,591
b5f6236e8f74d2d2,market_thinwall_fill_01_04_c6r3.tgm.header,Tiny_3,39500449,264
e9c5986f40065bc2,market_thinwall_fill_01_04_c6r2.tgm,Tiny_3,39498615,979
2a02937aaaa14ed1,market_thinwall_fill_01_04_c6r2.tgm.header,Tiny_3,39499594,264
75def764953f0742,market_thinwall_fill_01_04_c6r1.tgm,Tiny_3,39498024,591
ae034dcf888a047e,market_thinwall_fill_01_04_c6r1.tgm.header,Tiny_4,43337704,264
8aa30bbcc9780be7,market_thinwall_fill_01_04_c5r6.tgm,Tiny_3,39497537,223
7f3de564921eb851,market_thinwall_fill_01_04_c5r6.tgm.header,Tiny_3,39497760,264
a5da0c12278de00a,market_thinwall_fill_01_04_c5r5.tgm,Tiny_3,39497222,315
8c7713c49baad066,market_thinwall_fill_01_04_c5r5.tgm.header,Tiny_6,4177256,264
ce242592a144ea9d,market_thinwall_fill_01_04_c5r4.tgm,Tiny_3,39496611,611
ca103b8d44449125,market_thinwall_fill_01_04_c5r4.tgm.header,Tiny_4,43321717,264
f999236ecf33ec1d,market_thinwall_fill_01_04_c5r3.tgm,Tiny_3,39495460,887
232235f18b6291a9,market_thinwall_fill_01_04_c5r3.tgm.header,Tiny_3,39496347,264
b89f52320789d622,market_thinwall_fill_01_04_c5r2.tgm,Tiny_3,39494513,683
b79d49e5d1b7b382,market_thinwall_fill_01_04_c5r2.tgm.header,Tiny_3,39495196,264
fcba4159d41914d2,market_thinwall_fill_01_04_c5r1.tgm,Tiny_3,39494244,269
47566fa671f47221,market_thinwall_fill_01_04_c5r1.tgm.header,Tiny_6,4177803,264
c349d1adbbdb488b,market_thinwall_fill_01_04_c4r6.tgm,Tiny_3,39494021,223
74d40e2442ff747e,market_thinwall_fill_01_04_c4r6.tgm.header,Tiny_6,4174765,264
0bf8e9cc3ace39bc,market_thinwall_fill_01_04_c4r5.tgm,Tiny_3,39493686,335
a83fe85baeae8c7c,market_thinwall_fill_01_04_c4r5.tgm.header,Tiny_5,9436909,264
86b92ab19876bef4,market_thinwall_fill_01_04_c4r4.tgm,Tiny_3,39493187,499
084d00a31cbee001,market_thinwall_fill_01_04_c4r4.tgm.header,Tiny_5,10391486,264
390a567a2f39adb0,market_thinwall_fill_01_04_c4r3.tgm,Tiny_3,39492688,499
4ba6f0bcac755485,market_thinwall_fill_01_04_c4r3.tgm.header,Tiny_5,10391486,264
fd017bad57dda112,market_thinwall_fill_01_04_c4r2.tgm,Tiny_3,39492281,407
69f103361a56f9c5,market_thinwall_fill_01_04_c4r2.tgm.header,Tiny_5,9437576,264
7e10a623a4717b19,market_thinwall_fill_01_04_c4r1.tgm,Tiny_3,39491966,315
8180b2bf6b3fc2de,market_thinwall_fill_01_04_c4r1.tgm.header,Tiny_6,4177256,264
ba9be37d97682bd9,market_thinwall_fill_01_04_c3r6.tgm,Tiny_3,39491479,223
0f808cb8559e934d,market_thinwall_fill_01_04_c3r6.tgm.header,Tiny_3,39491702,264
23e7e536e2bd438d,market_thinwall_fill_01_04_c3r5.tgm,Tiny_3,39490980,499
61a2a17352ab25c0,market_thinwall_fill_01_04_c3r5.tgm.header,Tiny_5,10391486,264
865790f494b2963d,market_thinwall_fill_01_04_c3r4.tgm,Tiny_3,39490481,499
4b4a5440b391cae8,market_thinwall_fill_01_04_c3r4.tgm.header,Tiny_5,10391486,264
d7f1ca282f7f5beb,market_thinwall_fill_01_04_c3r3.tgm,Art/Models/Terrain/Act3/MarketPlace/tgms_26,606176,184555
946a0fc34602fbc9,market_thinwall_fill_01_04_c3r3.tgm.header,Tiny_3,39487579,2902
77cbab3bb7163ee0,market_thinwall_fill_01_04_c3r2.tgm,Tiny_3,39487080,499
5b40fcc97c70f1dc,market_thinwall_fill_01_04_c3r2.tgm.header,Tiny_5,10391486,264
e5b57f687e4a4774,market_thinwall_fill_01_04_c3r1.tgm,Tiny_3,39486719,361
451607d9c1405487,market_thinwall_fill_01_04_c3r1.tgm.header,Tiny_5,74034987,264
21f49e64f509f792,market_thinwall_fill_01_04_c2r6.tgm,Tiny_3,39486094,361
6fd3f45add37922d,market_thinwall_fill_01_04_c2r6.tgm.header,Tiny_3,39486455,264
2630d7826ba2b406,market_thinwall_fill_01_04_c2r5.tgm,Tiny_3,39485595,499
e690eae175d7f5f2,market_thinwall_fill_01_04_c2r5.tgm.header,Tiny_5,10391486,264
d04c1218f54599f4,market_thinwall_fill_01_04_c2r4.tgm,Tiny_3,39485188,407
4b67ee35ae871fc7,market_thinwall_fill_01_04_c2r4.tgm.header,Tiny_5,9437576,264
30da9ac9b94e7ea0,market_thinwall_fill_01_04_c2r3.tgm,Tiny_3,39484689,499
fd7fcf48be3bb107,market_thinwall_fill_01_04_c2r3.tgm.header,Tiny_5,10391486,264
ade4e1ea02f67d16,market_thinwall_fill_01_04_c2r2.tgm,Tiny_3,39484098,591
9dc67c5bf5afd739,market_thinwall_fill_01_04_c2r2.tgm.header,Tiny_4,43337704,264
6947881ec97fb153,market_thinwall_fill_01_04_c2r1.tgm,Tiny_3,39483691,407
225a5014e0323d35,market_thinwall_fill_01_04_c2r1.tgm.header,Tiny_5,9437576,264
ee74ef814c1963a4,market_thinwall_fill_01_04_c1r6.tgm,Tiny_3,39483422,269
8a8f3f8b4fcbfb9a,market_thinwall_fill_01_04_c1r6.tgm.header,Tiny_3,39472135,264
ebd6358e29acd6c2,market_thinwall_fill_01_04_c1r5.tgm,Tiny_3,39483107,315
31de673ef695ad3c,market_thinwall_fill_01_04_c1r5.tgm.header,Tiny_3,39471602,264
237018cbefab6144,market_thinwall_fill_01_04_c1r4.tgm,Tiny_3,39482436,407
d284e06f9746dc43,market_thinwall_fill_01_04_c1r4.tgm.header,Tiny_3,39482843,264
286dfeea74bd7196,market_thinwall_fill_01_04_c1r3.tgm,Tiny_3,39481673,499
c7cde34ef9406e61,market_thinwall_fill_01_04_c1r3.tgm.header,Tiny_3,39482172,264
7e9db04f8b7859ef,market_thinwall_fill_01_04_c1r2.tgm,Tiny_3,39481082,591
4ba102e7e18f3974,market_thinwall_fill_01_04_c1r2.tgm.header,Tiny_4,43337704,264
b628f85e269c6517,market_thinwall_fill_01_04_c1r1.tgm,Tiny_3,39480675,407
7dc5b1c16d2a9ebf,market_thinwall_fill_01_04_c1r1.tgm.header,Tiny_5,9437576,264
9495ba2308a4de62,market_thinwall_fill_01_03_c3r3.tgm,Tiny_3,39480452,223
392db8cdd9583c53,market_thinwall_fill_01_03_c3r3.tgm.header,Tiny_3,39475139,264
d185c250c94805c9,market_thinwall_fill_01_03_c3r2.tgm,Tiny_3,39479953,499
32482e6c36d90fd8,market_thinwall_fill_01_03_c3r2.tgm.header,Tiny_5,10391486,264
6dce4ed218f4021f,market_thinwall_fill_01_03_c3r1.tgm,Tiny_3,39479592,361
e73e683e6eb21421,market_thinwall_fill_01_03_c3r1.tgm.header,Tiny_5,74034987,264
519a13d203d6e574,market_thinwall_fill_01_03_c2r3.tgm,Tiny_3,39479231,361
eccdb10a4620b1cb,market_thinwall_fill_01_03_c2r3.tgm.header,Tiny_3,39473792,264
e0bcda3f4e6ce14d,market_thinwall_fill_01_03_c2r2.tgm,Tiny_3,39478732,499
609ab552854599c6,market_thinwall_fill_01_03_c2r2.tgm.header,Tiny_5,10391486,264
9d5808d73f36a70b,market_thinwall_fill_01_03_c2r1.tgm,Tiny_3,39478463,269
d7d29f925776c5d2,market_thinwall_fill_01_03_c2r1.tgm.header,Tiny_3,39472668,264
a666963c49b69087,market_thinwall_fill_01_03_c1r3.tgm,Tiny_3,39477930,269
d15bc125023339a7,market_thinwall_fill_01_03_c1r3.tgm.header,Tiny_3,39478199,264
e4b185194c275daf,market_thinwall_fill_01_03_c1r2.tgm,Tiny_3,39477615,315
6fb516209c8b0f0c,market_thinwall_fill_01_03_c1r2.tgm.header,Tiny_6,4177256,264
65daf56399237571,market_thinwall_fill_01_03_c1r1.tgm,Tiny_3,39477346,269
7b91b976221486ae,market_thinwall_fill_01_03_c1r1.tgm.header,Tiny_3,39471023,264
d52d5cd7ddbf4d21,market_thinwall_fill_01_02_c3r3.tgm,Tiny_3,39477123,223
74bbe2e131174b79,market_thinwall_fill_01_02_c3r3.tgm.header,Tiny_3,39475139,264
0d295369f0e18cfd,market_thinwall_fill_01_02_c3r2.tgm,Tiny_3,39476624,499
72e4ba37ca990938,market_thinwall_fill_01_02_c3r2.tgm.header,Tiny_5,10391486,264
04c01ea8cfcb5758,market_thinwall_fill_01_02_c3r1.tgm,Tiny_3,39476263,361
c5e8a2dd957e82ca,market_thinwall_fill_01_02_c3r1.tgm.header,Tiny_5,74034987,264
37dd25ebee4eb0d0,market_thinwall_fill_01_02_c2r3.tgm,Tiny_3,39475902,361
2c5473cd0a672a49,market_thinwall_fill_01_02_c2r3.tgm.header,Tiny_3,39473792,264
456bdbddd5b48015,market_thinwall_fill_01_02_c2r2.tgm,Tiny_3,39475403,499
937c696f569fb63c,market_thinwall_fill_01_02_c2r2.tgm.header,Tiny_5,10391486,264
bfd4ec96dbc0f2fb,market_thinwall_fill_01_02_c2r1.tgm,Tiny_3,39472399,269
c63cdd392d11cc1f,market_thinwall_fill_01_02_c2r1.tgm.header,Tiny_3,39472668,264
4157589c4d1272b4,market_thinwall_fill_01_02_c1r3.tgm,Tiny_3,39471866,269
715963f02141ba7f,market_thinwall_fill_01_02_c1r3.tgm.header,Tiny_3,39472135,264
2e80268743f92292,market_thinwall_fill_01_02_c1r2.tgm,Tiny_3,39471287,315
a6698ef0bdde0700,market_thinwall_fill_01_02_c1r2.tgm.header,Tiny_3,39471602,264
58f37c1e823a9a7e,market_thinwall_fill_01_02_c1r1.tgm,Tiny_3,39470754,269
652e5d4f314cc6aa,market_thinwall_fill_01_02_c1r1.tgm.header,Tiny_3,39471023,264
eb8a8e8a92b226a8,market_thinwall_fill_01_01_c3r3.tgm,Tiny_3,39474916,223
ae507137fe98c228,market_thinwall_fill_01_01_c3r3.tgm.header,Tiny_3,39475139,264
413a6f7c60cf9c5b,market_thinwall_fill_01_01_c3r2.tgm,Tiny_3,39474417,499
0d33ce7cf0320af2,market_thinwall_fill_01_01_c3r2.tgm.header,Tiny_5,10391486,264
c746270041677629,market_thinwall_fill_01_01_c3r1.tgm,Tiny_3,39474056,361
5b1dc03417987b17,market_thinwall_fill_01_01_c3r1.tgm.header,Tiny_5,74034987,264
eaa277642201d407,market_thinwall_fill_01_01_c2r3.tgm,Tiny_3,39473431,361
be5c8fec21d0d685,market_thinwall_fill_01_01_c2r3.tgm.header,Tiny_3,39473792,264
561fd74c7f0ef43d,market_thinwall_fill_01_01_c2r2.tgm,Tiny_3,39472932,499
52bea3b96c56d2f3,market_thinwall_fill_01_01_c2r2.tgm.header,Tiny_5,10391486,264
fe628a6103500e15,market_thinwall_fill_01_01_c2r1.tgm,Tiny_3,39472399,269
83b31c5aa5a55fa0,market_thinwall_fill_01_01_c2r1.tgm.header,Tiny_3,39472668,264
8e2833c370171aef,market_thinwall_fill_01_01_c1r3.tgm,Tiny_3,39471866,269
16b0036fa3a36e0f,market_thinwall_fill_01_01_c1r3.tgm.header,Tiny_3,39472135,264
0aead5431e0ffb36,market_thinwall_fill_01_01_c1r2.tgm,Tiny_3,39471287,315
84bc49168bed02e2,market_thinwall_fill_01_01_c1r2.tgm.header,Tiny_3,39471602,264
0ad743b2a40ec46c,market_thinwall_fill_01_01_c1r1.tgm,Tiny_3,39470754,269
b0249ee1c6a4ba66,market_thinwall_fill_01_01_c1r1.tgm.header,Tiny_3,39471023,264
a4b479eef17c3157,market_thinwall_corner_v01_05_c3r3.tgm,Tiny_3,39468661,2093
de700a839cfd1b8b,market_thinwall_corner_v01_05_c3r3.tgm.header,Tiny_3,39430386,264
5c0a978535d4d1cd,market_thinwall_corner_v01_05_c3r2.tgm,Tiny_3,39466432,2229
44e39b03a9979030,market_thinwall_corner_v01_05_c3r2.tgm.header,Tiny_3,39447891,264
503e55017b9dfd78,market_thinwall_corner_v01_05_c3r1.tgm,Tiny_3,39464567,1865
8a76b03a6cdf7da6,market_thinwall_corner_v01_05_c3r1.tgm.header,Tiny_3,39445398,264
4557a755bd928eb6,market_thinwall_corner_v01_05_c2r3.tgm,Tiny_3,39462186,2381
f2f0819258906bda,market_thinwall_corner_v01_05_c2r3.tgm.header,Tiny_5,58530735,264
e9bbf982efa59f3b,market_thinwall_corner_v01_05_c2r2.tgm,Art/Models/Terrain/Act3/MarketPlace/tgms_26,451875,154301
e7759eb1383c5ac5,market_thinwall_corner_v01_05_c2r2.tgm.header,Tiny_3,39458932,3254
75b56f9a397450f9,market_thinwall_corner_v01_05_c2r1.tgm,Tiny_3,39439888,605
a0bdd91863c9b521,market_thinwall_corner_v01_05_c2r1.tgm.header,Tiny_5,58527175,264
f98cfc5252ef6c9f,market_thinwall_corner_v01_05_c1r3.tgm,Tiny_3,39456869,1799
539681d50417920b,market_thinwall_corner_v01_05_c1r3.tgm.header,Tiny_3,39458668,264
7069813b35683223,market_thinwall_corner_v01_05_c1r2.tgm,Tiny_3,39438543,247
df77b12cead39a85,market_thinwall_corner_v01_05_c1r2.tgm.header,Tiny_6,3051465,264
04fe43e20da20390,market_thinwall_corner_v01_05_c1r1.tgm,Tiny_3,39437978,301
0795670466aba13b,market_thinwall_corner_v01_05_c1r1.tgm.header,Tiny_3,39438279,264
7587b483d4d1555e,market_thinwall_corner_v01_04_c3r3.tgm,Tiny_3,39456514,355
0910b7b22da2d378,market_thinwall_corner_v01_04_c3r3.tgm.header,Tiny_6,3050958,264
65081ea1272d19e2,market_thinwall_corner_v01_04_c3r2.tgm,Tiny_3,39455933,581
1479fad4c03c6fc3,market_thinwall_corner_v01_04_c3r2.tgm.header,Tiny_3,39436176,264
f1b7158f557bd1ee,market_thinwall_corner_v01_04_c3r1.tgm,Tiny_3,39454244,1425
33e789101348f267,market_thinwall_corner_v01_04_c3r1.tgm.header,Tiny_3,39455669,264
934605407b3e91b7,market_thinwall_corner_v01_04_c2r3.tgm,Art/Models/Terrain/Act3/MarketPlace/tgms_26,299784,152091
bb567bb7e5a4391b,market_thinwall_corner_v01_04_c2r3.tgm.header,Tiny_3,39452266,1978
4c28ab5d50051198,market_thinwall_corner_v01_04_c2r2.tgm,Tiny_3,39451803,463
d9f3120a92810636,market_thinwall_corner_v01_04_c2r2.tgm.header,Tiny_5,55791223,264
511e33d527b0dab0,market_thinwall_corner_v01_04_c2r1.tgm,Tiny_3,39451066,473
c49ab66f1f0ac7f3,market_thinwall_corner_v01_04_c2r1.tgm.header,Tiny_3,39451539,264
e0e74102b402a37a,market_thinwall_corner_v01_04_c1r3.tgm,Tiny_3,39450711,355
d89bce34b95c6cfd,market_thinwall_corner_v01_04_c1r3.tgm.header,Tiny_3,39432087,264
de9dc475549cf7dd,market_thinwall_corner_v01_04_c1r2.tgm,Tiny_3,39450248,463
f5442dc8d586b863,market_thinwall_corner_v01_04_c1r2.tgm.header,Tiny_5,55791223,264
664c3c337864339b,market_thinwall_corner_v01_04_c1r1.tgm,Tiny_3,39430650,355
b9e4428ee7947a2b,market_thinwall_corner_v01_04_c1r1.tgm.header,Tiny_3,39431005,264
30b126d3fdb9f33d,market_thinwall_corner_v01_03_c3r3.tgm,Tiny_3,39448155,2093
a4e3203da8879881,market_thinwall_corner_v01_03_c3r3.tgm.header,Tiny_3,39430386,264
77bdb898b57ba8e9,market_thinwall_corner_v01_03_c3r2.tgm,Tiny_3,39445662,2229
2ae903f6a230aea1,market_thinwall_corner_v01_03_c3r2.tgm.header,Tiny_3,39447891,264
3606704ab1900cdc,market_thinwall_corner_v01_03_c3r1.tgm,Tiny_3,39443533,1865
7e60a60569304164,market_thinwall_corner_v01_03_c3r1.tgm.header,Tiny_3,39445398,264
7919e8918ff44bee,market_thinwall_corner_v01_03_c2r3.tgm,Tiny_3,39441152,2381
7cad78e1f966dd4e,market_thinwall_corner_v01_03_c2r3.tgm.header,Tiny_5,58530735,264
38898bb02d69e335,market_thinwall_corner_v01_03_c2r2.tgm,Tiny_3,39440493,659
928e1cf81fb8f307,market_thinwall_corner_v01_03_c2r2.tgm.header,Tiny_5,58528094,264
201847d7bce02143,market_thinwall_corner_v01_03_c2r1.tgm,Tiny_3,39439888,605
3d89e124dc26f218,market_thinwall_corner_v01_03_c2r1.tgm.header,Tiny_5,58527175,264
35ee4640ad32329f,market_thinwall_corner_v01_03_c1r3.tgm,Art/Models/Terrain/Act3/MarketPlace/tgms_26,162641,137143
6c25bd53b868cfc5,market_thinwall_corner_v01_03_c1r3.tgm.header,Tiny_3,39438790,1098
6c266d3939f6332a,market_thinwall_corner_v01_03_c1r2.tgm,Tiny_3,39438543,247
2b7ab0d52fcb7209,market_thinwall_corner_v01_03_c1r2.tgm.header,Tiny_6,3051465,264
ac9f1a61b5b5aee3,market_thinwall_corner_v01_03_c1r1.tgm,Tiny_3,39437978,301
fe41133c65feea95,market_thinwall_corner_v01_03_c1r1.tgm.header,Tiny_3,39438279,264
a6a90244c1901819,market_thinwall_corner_v01_02_c3r3.tgm,Art/Models/Terrain/Act3/MarketPlace/tgms_26,0,162641
47d5a24e6018bb77,market_thinwall_corner_v01_02_c3r3.tgm.header,Tiny_3,39436440,1538
abf86fa06285b670,market_thinwall_corner_v01_02_c3r2.tgm,Tiny_3,39435595,581
1303de04d9083287,market_thinwall_corner_v01_02_c3r2.tgm.header,Tiny_3,39436176,264
f435579c47d862f7,market_thinwall_corner_v01_02_c3r1.tgm,Tiny_3,39433906,1425
7db85f2ef7293dc9,market_thinwall_corner_v01_02_c3r1.tgm.header,Tiny_3,39435331,264
a073ea2322ffe0e6,market_thinwall_corner_v01_02_c2r3.tgm,Tiny_3,39433551,355
0dd26cf4da210644,market_thinwall_corner_v01_02_c2r3.tgm.header,Tiny_3,39432087,264
2191c0d85e7b8247,market_thinwall_corner_v01_02_c2r2.tgm,Tiny_3,39433088,463
a9639e321cc21d09,market_thinwall_corner_v01_02_c2r2.tgm.header,Tiny_5,55791223,264
da4ffe299a421cb9,market_thinwall_corner_v01_02_c2r1.tgm,Tiny_3,39432351,473
18564f62f66d17b7,market_thinwall_corner_v01_02_c2r1.tgm.header,Tiny_3,39432824,264
e9bf2e942c38f971,market_thinwall_corner_v01_02_c1r3.tgm,Tiny_3,39431732,355
5934c70847af0962,market_thinwall_corner_v01_02_c1r3.tgm.header,Tiny_3,39432087,264
4749680cd2e81f0f,market_thinwall_corner_v01_02_c1r2.tgm,Tiny_3,39431269,463
b41eacf2cef17773,market_thinwall_corner_v01_02_c1r2.tgm.header,Tiny_5,55791223,264
445e55db7efa775a,market_thinwall_corner_v01_02_c1r1.tgm,Tiny_3,39430650,355
a50643c05e3f07fe,market_thinwall_corner_v01_02_c1r1.tgm.header,Tiny_3,39431005,264
381c537b74dfd2bf,market_thinwall_corner_v01_01_c3r3.tgm,Tiny_3,39428293,2093
28792a0b2137d39d,market_thinwall_corner_v01_01_c3r3.tgm.header,Tiny_3,39430386,264
a7bcb67ea81e211c,market_thinwall_corner_v01_01_c3r2.tgm,Tiny_3,39425770,2259
50d8addf969846a1,market_thinwall_corner_v01_01_c3r2.tgm.header,Tiny_3,39428029,264
e17764c18a53a538,market_thinwall_corner_v01_01_c3r1.tgm,Tiny_3,39423529,1977
90385dc88c195814,market_thinwall_corner_v01_01_c3r1.tgm.header,Tiny_3,39425506,264
e2a1fd34a3e82b27,market_thinwall_corner_v01_01_c2r3.tgm,Tiny_3,39421148,2381
6e4934725ca5ce33,market_thinwall_corner_v01_01_c2r3.tgm.header,Tiny_5,58530735,264
b9ea837bcc0b8cc2,market_thinwall_corner_v01_01_c2r2.tgm,Tiny_3,39420489,659
2a49ea40ca7f465f,market_thinwall_corner_v01_01_c2r2.tgm.header,Tiny_5,58528094,264
6d775fb3a6c407c4,market_thinwall_corner_v01_01_c2r1.tgm,Tiny_3,39419590,635
8aedb52a1d7e2bc6,market_thinwall_corner_v01_01_c2r1.tgm.header,Tiny_3,39420225,264
749d195f73f91ba1,market_thinwall_corner_v01_01_c1r3.tgm,Art/Models/Terrain/Act3/MarketPlace/tgms_31,970900,137191
16b7236b61f17748,market_thinwall_corner_v01_01_c1r3.tgm.header,Tiny_3,39418492,1098
17edb5a48c0add73,market_thinwall_corner_v01_01_c1r2.tgm,Tiny_3,39418245,247
c647eab4e38c02b8,market_thinwall_corner_v01_01_c1r2.tgm.header,Tiny_6,3051465,264
8439bab288aa6146,market_thinwall_corner_v01_01_c1r1.tgm,Tiny_3,39417680,301
34a71a9755d920c1,market_thinwall_corner_v01_01_c1r1.tgm.header,Tiny_3,39417981,264
c2717f25eb7b4d02,market_thinwall_connection_v01_12_c3r3.tgm,Tiny_3,39416689,727
00a9edd5da2fd3a7,market_thinwall_connection_v01_12_c3r3.tgm.header,Tiny_3,39417416,264
3089339347d1c606,market_thinwall_connection_v01_12_c3r2.tgm,Tiny_3,39415542,883
c4459b073e277cca,market_thinwall_connection_v01_12_c3r2.tgm.header,Tiny_3,39416425,264
c4586a008d476607,market_thinwall_connection_v01_12_c3r1.tgm,Tiny_3,39414851,691
c61cdcf9414b62b8,market_thinwall_connection_v01_12_c3r1.tgm.header,Tiny_3,38882450,264
6d7d5b22f9fa8c73,market_thinwall_connection_v01_12_c2r3.tgm,Tiny_3,39413704,883
43736918fb47dac5,market_thinwall_connection_v01_12_c2r3.tgm.header,Tiny_3,39414587,264
c9e9666a451c7619,market_thinwall_connection_v01_12_c2r2.tgm,Art/Models/Terrain/Act3/MarketPlace/tgms_31,139919,830981
55cb8726b21df50b,market_thinwall_connection_v01_12_c2r2.tgm.header,Folders/art/models/terrain/act3/marketplace/tgms,1228110,10382
96b5740c302cc984,market_thinwall_connection_v01_12_c2r1.tgm,Tiny_3,39411395,2045
da8d52b956f276b5,market_thinwall_connection_v01_12_c2r1.tgm.header,Tiny_3,39413440,264
5f743d2e38a98e7a,market_thinwall_connection_v01_12_c1r3.tgm,Art/Models/Terrain/Act3/MarketPlace/tgms_31,0,139919
43c019a061d561e7,market_thinwall_connection_v01_12_c1r3.tgm.header,Tiny_3,39409285,2110
c0fbb937c476ba6b,market_thinwall_connection_v01_12_c1r2.tgm,Tiny_3,39407408,1613
b2e0138919f2e7bb,market_thinwall_connection_v01_12_c1r2.tgm.header,Tiny_3,39409021,264
61a42dc5a1a47950,market_thinwall_connection_v01_12_c1r1.tgm,Tiny_3,39406597,547
4f1001ccae492149,market_thinwall_connection_v01_12_c1r1.tgm.header,Tiny_3,39407144,264
36b71578e9cb195c,market_thinwall_connection_v01_10_c3r3.tgm,Art/Models/Terrain/Act3/MarketPlace/tgms_30,851651,1551299
1c91dd07ca7f003f,market_thinwall_connection_v01_10_c3r3.tgm.header,Folders/art/models/terrain/act3/marketplace/tgms,1210512,17598
3f89d5bbb3708f70,market_thinwall_connection_v01_10_c3r2.tgm,Tiny_3,39405762,571
5c88d8d2eee13840,market_thinwall_connection_v01_10_c3r2.tgm.header,Tiny_3,39406333,264
dcf4062acccf9e2a,market_thinwall_connection_v01_10_c3r1.tgm,Tiny_3,39404789,709
740ede588f19ee94,market_thinwall_connection_v01_10_c3r1.tgm.header,Tiny_3,39405498,264
2275058d1eeb1ed1,market_thinwall_connection_v01_10_c2r3.tgm,Tiny_3,39403978,547
1b1c0e5132cf78bc,market_thinwall_connection_v01_10_c2r3.tgm.header,Tiny_3,39404525,264
4a6f968734edb60b,market_thinwall_connection_v01_10_c2r2.tgm,Tiny_3,39403011,703
44f5d4a082fdf658,market_thinwall_connection_v01_10_c2r2.tgm.header,Tiny_3,39403714,264
776089842c5b7149,market_thinwall_connection_v01_10_c2r1.tgm,Tiny_3,39401960,787
13bb1a63d385a90c,market_thinwall_connection_v01_10_c2r1.tgm.header,Tiny_3,39402747,264
7a8b4681e11072b9,market_thinwall_connection_v01_10_c1r3.tgm,Tiny_3,39401149,547
093da51050d6aed4,market_thinwall_connection_v01_10_c1r3.tgm.header,Tiny_3,39401696,264
599aa210a314ba91,market_thinwall_connection_v01_10_c1r2.tgm,Tiny_3,39399882,1003
bceddb4afdb575b1,market_thinwall_connection_v01_10_c1r2.tgm.header,Tiny_3,39400885,264
876274ce3fa33325,market_thinwall_connection_v01_10_c1r1.tgm,Tiny_3,39398441,1177
bef453d7fd6283bd,market_thinwall_connection_v01_10_c1r1.tgm.header,Tiny_3,39399618,264
2e9782637343b61f,market_thinwall_connection_v01_09_c3r3.tgm,Tiny_3,39397498,943
66b9a04fccd31fde,market_thinwall_connection_v01_09_c3r3.tgm.header,Tiny_3,38815650,264
5b1d53dfe6ea9bad,market_thinwall_connection_v01_09_c3r2.tgm,Tiny_3,39396243,1255
1a2f9c8e0ef3abfd,market_thinwall_connection_v01_09_c3r2.tgm.header,Tiny_3,38775087,264
0fb98054d1f5b7d5,market_thinwall_connection_v01_09_c3r1.tgm,Tiny_3,39394880,1099
d95569063a538d63,market_thinwall_connection_v01_09_c3r1.tgm.header,Tiny_3,39395979,264
f623157e029508da,market_thinwall_connection_v01_09_c2r3.tgm,Tiny_3,39393757,1123
225b145e7eb93a06,market_thinwall_connection_v01_09_c2r3.tgm.header,Tiny_3,38813212,264
621966c9fdbd152f,market_thinwall_connection_v01_09_c2r2.tgm,Art/Models/Terrain/Act3/MarketPlace/tgms_30,0,851651
325b813152c192da,market_thinwall_connection_v01_09_c2r2.tgm.header,Folders/art/models/terrain/act3/marketplace/tgms,1199954,10558
1442a22a536d41d3,market_thinwall_connection_v01_09_c2r1.tgm,Tiny_3,39392586,1171
a38d081314e29444,market_thinwall_connection_v01_09_c2r1.tgm.header,Tiny_3,38770266,264
66f43f38ce2a2314,market_thinwall_connection_v01_09_c1r3.tgm,Art/Models/Terrain/Act3/MarketPlace/tgms_29,2050941,140087
a6253508634b2ee8,market_thinwall_connection_v01_09_c1r3.tgm.header,Tiny_3,39390476,2110
660d9f9412897367,market_thinwall_connection_v01_09_c1r2.tgm,Tiny_3,39389605,871
f1aa81822ae77d6f,market_thinwall_connection_v01_09_c1r2.tgm.header,Tiny_3,38759349,264
ddb7e0bf0a9e7870,market_thinwall_connection_v01_09_c1r1.tgm,Tiny_3,39388794,547
039f58c0cf515d2a,market_thinwall_connection_v01_09_c1r1.tgm.header,Tiny_3,39389341,264
b9c876ac84e9f7b1,market_thinwall_connection_v01_08_c3r3.tgm,Tiny_3,39386997,1533
1487b75fbcc03c5c,market_thinwall_connection_v01_08_c3r3.tgm.header,Tiny_3,39388530,264
eecbb7e70563f99f,market_thinwall_connection_v01_08_c3r2.tgm,Tiny_3,39386294,439
ee98801ee2d2a4ff,market_thinwall_connection_v01_08_c3r2.tgm.header,Tiny_3,39386733,264
2711a2e8412ec7c6,market_thinwall_connection_v01_08_c3r1.tgm,Tiny_3,39385729,301
97a9296450e754cc,market_thinwall_connection_v01_08_c3r1.tgm.header,Tiny_3,39386030,264
8757c88f1c55ad79,market_thinwall_connection_v01_08_c2r3.tgm,Tiny_3,39384938,527
7fb4c1e9bd9a1ec3,market_thinwall_connection_v01_08_c2r3.tgm.header,Tiny_3,39385465,264
034258edd97e0297,market_thinwall_connection_v01_08_c2r2.tgm,Art/Models/Terrain/Act3/MarketPlace/tgms_29,1347078,703863
5d04e700711bd318,market_thinwall_connection_v01_08_c2r2.tgm.header,Folders/art/models/terrain/act3/marketplace/tgms,1182796,17158
4ca63f91c636d28f,market_thinwall_connection_v01_08_c2r1.tgm,Tiny_3,39384421,517
a982a870ed32431b,market_thinwall_connection_v01_08_c2r1.tgm.header,Tiny_6,871236,264
fa1b348dcc4e5dec,market_thinwall_connection_v01_08_c1r3.tgm,Tiny_3,39384120,301
785525f4bc8b7422,market_thinwall_connection_v01_08_c1r3.tgm.header,Tiny_6,3049222,264
6ff52f02a698dc3b,market_thinwall_connection_v01_08_c1r2.tgm,Tiny_3,39383765,355
bb1279e441ebf0af,market_thinwall_connection_v01_08_c1r2.tgm.header,Tiny_6,3050958,264
3d1ef19cb898d0ce,market_thinwall_connection_v01_08_c1r1.tgm,Tiny_3,39383200,301
9e446fdb9934bbdc,market_thinwall_connection_v01_08_c1r1.tgm.header,Tiny_3,39383501,264
577b8b0953538a05,market_thinwall_connection_v01_07_c3r3.tgm,Tiny_3,39382635,301
5539025dfe25ba75,market_thinwall_connection_v01_07_c3r3.tgm.header,Tiny_3,39382936,264
07705386ab2efd2c,market_thinwall_connection_v01_07_c3r2.tgm,Tiny_3,39381314,1057
9c88a2a0cc75d029,market_thinwall_connection_v01_07_c3r2.tgm.header,Tiny_3,39382371,264
29ed3ecf53bfa7c2,market_thinwall_connection_v01_07_c3r1.tgm,Tiny_3,39379881,1169
3ac21fe72e07c1a3,market_thinwall_connection_v01_07_c3r1.tgm.header,Tiny_3,39381050,264
844fc0a6719bc83c,market_thinwall_connection_v01_07_c2r3.tgm,Tiny_3,39378938,679
e8a5414de58ca298,market_thinwall_connection_v01_07_c2r3.tgm.header,Tiny_3,39379617,264
25266231ad84aade,market_thinwall_connection_v01_07_c2r2.tgm,Art/Models/Terrain/Act3/MarketPlace/tgms_29,831227,515851
ce7e30f2c1f11c3e,market_thinwall_connection_v01_07_c2r2.tgm.header,Folders/art/models/terrain/act3/marketplace/tgms,1169554,13242
2b70dcb7217e06cf,market_thinwall_connection_v01_07_c2r1.tgm,Tiny_3,39378103,571
8883770f62813d0a,market_thinwall_connection_v01_07_c2r1.tgm.header,Tiny_3,39378674,264
3333c4fe84945c5a,market_thinwall_connection_v01_07_c1r3.tgm,Tiny_3,39377484,355
02c9bc9024efeacc,market_thinwall_connection_v01_07_c1r3.tgm.header,Tiny_3,39377839,264
9c043b3512ee8037,market_thinwall_connection_v01_07_c1r2.tgm,Tiny_3,39376811,409
66f36f59243ce57d,market_thinwall_connection_v01_07_c1r2.tgm.header,Tiny_3,39377220,264
3554d14edbb2d10a,market_thinwall_connection_v01_07_c1r1.tgm,Tiny_3,39376246,301
144be2aa0c83e5fd,market_thinwall_connection_v01_07_c1r1.tgm.header,Tiny_3,39376547,264
ac88fd2201dbf3b8,market_thinwall_connection_v01_06_c3r3.tgm,Tiny_3,39372905,3077
99b44a91149622f0,market_thinwall_connection_v01_06_c3r3.tgm.header,Tiny_3,39375982,264
cca059421ca56d14,market_thinwall_connection_v01_06_c3r2.tgm,Tiny_3,39371782,859
fad4778ce7c2490e,market_thinwall_connection_v01_06_c3r2.tgm.header,Tiny_3,39372641,264
65a078e9202a33dd,market_thinwall_connection_v01_06_c3r1.tgm,Tiny_3,39370875,643
65db39e7d9605103,market_thinwall_connection_v01_06_c3r1.tgm.header,Tiny_3,39371518,264
641d1f234887388d,market_thinwall_connection_v01_06_c2r3.tgm,Tiny_3,39369562,1049
8c6ac35dcf06b047,market_thinwall_connection_v01_06_c2r3.tgm.header,Tiny_3,39370611,264
d23c9baded381228,market_thinwall_connection_v01_06_c2r2.tgm,Art/Models/Terrain/Act3/MarketPlace/tgms_29,0,831227
683a2d3e6ed5da74,market_thinwall_connection_v01_06_c2r2.tgm.header,Folders/art/models/terrain/act3/marketplace/tgms,1159172,10382
62b5f86a497a7879,market_thinwall_connection_v01_06_c2r1.tgm,Tiny_3,39367229,2069
0533a522279dbfce,market_thinwall_connection_v01_06_c2r1.tgm.header,Tiny_3,39369298,264
cf5ce04065507ea0,market_thinwall_connection_v01_06_c1r3.tgm,Art/Models/Terrain/Act3/MarketPlace/tgms_28,1854194,139871
e7dc93fcc57639fc,market_thinwall_connection_v01_06_c1r3.tgm.header,Tiny_3,39365119,2110
8441a2715ab4a2f5,market_thinwall_connection_v01_06_c1r2.tgm,Tiny_3,39363266,1589
3528fb1ae0bfb2be,market_thinwall_connection_v01_06_c1r2.tgm.header,Tiny_3,39364855,264
0c79c09f5752fce6,market_thinwall_connection_v01_06_c1r1.tgm,Tiny_3,39362479,523
295ac7a5a7daee53,market_thinwall_connection_v01_06_c1r1.tgm.header,Tiny_3,39363002,264
97ad220576c47b9a,market_thinwall_connection_v01_05_c3r3.tgm,Tiny_3,39361316,899
d930dbd4ab9b3f99,market_thinwall_connection_v01_05_c3r3.tgm.header,Tiny_3,39362215,264
79a36c11bdaabc47,market_thinwall_connection_v01_05_c3r2.tgm,Tiny_3,39360643,409
524596a94b78e031,market_thinwall_connection_v01_05_c3r2.tgm.header,Tiny_3,39361052,264
04114b4847bea229,market_thinwall_connection_v01_05_c3r1.tgm,Tiny_3,39360024,355
c40ae75da0c2fa1b,market_thinwall_connection_v01_05_c3r1.tgm.header,Tiny_3,39360379,264
96f44a982bf6ae00,market_thinwall_connection_v01_05_c2r3.tgm,Tiny_3,39358811,949
c4424aeac87c4a63,market_thinwall_connection_v01_05_c2r3.tgm.header,Tiny_3,39359760,264
18ab3b8e73356e59,market_thinwall_connection_v01_05_c2r2.tgm,Art/Models/Terrain/Act3/MarketPlace/tgms_28,1403867,450327
e5bbdea47bfa8321,market_thinwall_connection_v01_05_c2r2.tgm.header,Folders/art/models/terrain/act3/marketplace/tgms,1150594,8578
28ec5ac681460fa9,market_thinwall_connection_v01_05_c2r1.tgm,Tiny_3,39358084,463
91a019ca9af7d680,market_thinwall_connection_v01_05_c2r1.tgm.header,Tiny_3,39358547,264
0cc91c127a69ae22,market_thinwall_connection_v01_05_c1r3.tgm,Tiny_3,39357519,301
ae3f5ce43c5a64cb,market_thinwall_connection_v01_05_c1r3.tgm.header,Tiny_3,39357820,264
1096aa1e6d9bb421,market_thinwall_connection_v01_05_c1r2.tgm,Tiny_3,39356738,517
7f189d7305ed6fbd,market_thinwall_connection_v01_05_c1r2.tgm.header,Tiny_3,39357255,264
c78c6d63f97ee2ac,market_thinwall_connection_v01_05_c1r1.tgm,Tiny_3,39356065,409
05ae1011df6851c1,market_thinwall_connection_v01_05_c1r1.tgm.header,Tiny_3,39356474,264
fd7b5313c54f5991,market_thinwall_connection_v01_04_c3r3.tgm,Tiny_3,39355176,625
2ab67e85112ded73,market_thinwall_connection_v01_04_c3r3.tgm.header,Tiny_3,39355801,264
2655e7f52355e195,market_thinwall_connection_v01_04_c3r2.tgm,Tiny_3,39354017,895
a5137377a7ab35da,market_thinwall_connection_v01_04_c3r2.tgm.header,Tiny_3,39354912,264
f03fde2340f6dea9,market_thinwall_connection_v01_04_c3r1.tgm,Tiny_3,39353398,355
c55e562ef370108b,market_thinwall_connection_v01_04_c3r1.tgm.header,Tiny_3,39353753,264
c1b57537c645ed09,market_thinwall_connection_v01_04_c2r3.tgm,Tiny_3,39352779,355
1efa725bb6a47cc1,market_thinwall_connection_v01_04_c2r3.tgm.header,Tiny_3,39353134,264
5c76db6550975db8,market_thinwall_connection_v01_04_c2r2.tgm,Art/Models/Terrain/Act3/MarketPlace/tgms_28,0,1403867
f1b201226880c89f,market_thinwall_connection_v01_04_c2r2.tgm.header,Folders/art/models/terrain/act3/marketplace/tgms,1112624,37970
11104a7f02472bb5,market_thinwall_connection_v01_04_c2r1.tgm,Tiny_3,39351890,625
0335728d508e524f,market_thinwall_connection_v01_04_c2r1.tgm.header,Tiny_3,39352515,264
2a52cd07f31a7a4b,market_thinwall_connection_v01_04_c1r3.tgm,Tiny_3,39349751,1875
9336a9cda48b80fd,market_thinwall_connection_v01_04_c1r3.tgm.header,Tiny_3,39351626,264
f21e896b36fa8569,market_thinwall_connection_v01_04_c1r2.tgm,Tiny_3,39348970,517
9e81c908277d08ad,market_thinwall_connection_v01_04_c1r2.tgm.header,Tiny_3,39349487,264
7b0feb2e50ed687d,market_thinwall_connection_v01_04_c1r1.tgm,Tiny_3,39348453,517
29e12504c81d0741,market_thinwall_connection_v01_04_c1r1.tgm.header,Tiny_3,38885171,264
503470235aa35ee9,market_thinwall_connection_v01_03_c3r3.tgm,Tiny_3,39346748,1441
0b50cb95a2618508,market_thinwall_connection_v01_03_c3r3.tgm.header,Tiny_3,39348189,264
96fbe433534d9573,market_thinwall_connection_v01_03_c3r2.tgm,Tiny_3,39344977,1507
e803d5436e782ff6,market_thinwall_connection_v01_03_c3r2.tgm.header,Tiny_3,39346484,264
5c98ea1665c8c8c8,market_thinwall_connection_v01_03_c3r1.tgm,Tiny_3,39343650,1063
fcae198da12435b2,market_thinwall_connection_v01_03_c3r1.tgm.header,Tiny_3,39344713,264
c6cef5699c9cef78,market_thinwall_connection_v01_03_c2r3.tgm,Tiny_3,39342593,1057
3bfb32d071036c17,market_thinwall_connection_v01_03_c2r3.tgm.header,Tiny_5,58454279,264
0cc9eec4efbbaac4,market_thinwall_connection_v01_03_c2r2.tgm,Art/Models/Terrain/Act3/MarketPlace/tgms_25,871553,451045
0d25ff50eb6711f8,market_thinwall_connection_v01_03_c2r2.tgm.header,Folders/art/models/terrain/act3/marketplace/tgms,1100702,11922
ab9c9d1f9aebb8bf,market_thinwall_connection_v01_03_c2r1.tgm,Tiny_3,39342184,409
fd749460ab778fff,market_thinwall_connection_v01_03_c2r1.tgm.header,Tiny_5,58381458,264
861e77ae35fbfe98,market_thinwall_connection_v01_03_c1r3.tgm,Tiny_3,39341565,355
c3175895cca26a1e,market_thinwall_connection_v01_03_c1r3.tgm.header,Tiny_3,39341920,264
db91125cbabbfe54,market_thinwall_connection_v01_03_c1r2.tgm,Tiny_3,39340514,787
461d57e052debfd0,market_thinwall_connection_v01_03_c1r2.tgm.header,Tiny_3,39341301,264
75b9811d6b616a58,market_thinwall_connection_v01_03_c1r1.tgm,Tiny_3,39339931,583
7ad4c566dfc28c46,market_thinwall_connection_v01_03_c1r1.tgm.header,Tiny_5,58384355,264
05d380850ff58931,market_thinwall_connection_v01_02_c3r3.tgm,Tiny_3,39338988,943
6e0989c996ef1778,market_thinwall_connection_v01_02_c3r3.tgm.header,Tiny_3,38815650,264
47605980842a5c5e,market_thinwall_connection_v01_02_c3r2.tgm,Tiny_3,39336761,1963
5a45b6a7ee556604,market_thinwall_connection_v01_02_c3r2.tgm.header,Tiny_3,39338724,264
2c34d68935f98882,market_thinwall_connection_v01_02_c3r1.tgm,Tiny_3,39334318,2179
784d329bdccb24e4,market_thinwall_connection_v01_02_c3r1.tgm.header,Tiny_3,39336497,264
5b03c91fcaa2bd70,market_thinwall_connection_v01_02_c2r3.tgm,Tiny_3,39332631,1423
89350e0190995889,market_thinwall_connection_v01_02_c2r3.tgm.header,Tiny_3,39334054,264
1cf32974bb2d7607,market_thinwall_connection_v01_02_c2r2.tgm,Art/Models/Terrain/Act3/MarketPlace/tgms_25,0,871553
aa7bcb45253f6225,market_thinwall_connection_v01_02_c2r2.tgm.header,Folders/art/models/terrain/act3/marketplace/tgms,1090056,10646
81bc2cb05896aae9,market_thinwall_connection_v01_02_c2r1.tgm,Tiny_3,39331652,715
1017d61a3a31cc9a,market_thinwall_connection_v01_02_c2r1.tgm.header,Tiny_3,39332367,264
66bc40f7391f6f2f,market_thinwall_connection_v01_02_c1r3.tgm,Art/Models/Terrain/Act3/MarketPlace/tgms_24,2074256,140147
e91ae177ca752786,market_thinwall_connection_v01_02_c1r3.tgm.header,Tiny_3,39329542,2110
ba3cae2762f95132,market_thinwall_connection_v01_02_c1r2.tgm,Tiny_3,39328479,799
2f92fa07dd48bf35,market_thinwall_connection_v01_02_c1r2.tgm.header,Tiny_3,39329278,264
c0ee348d89db8397,market_thinwall_connection_v01_02_c1r1.tgm,Tiny_3,39327452,763
603aa7e1f828725a,market_thinwall_connection_v01_02_c1r1.tgm.header,Tiny_3,39328215,264
25353d47033faee8,market_thinwall_connection_v01_01_c3r3.tgm,Tiny_3,39326725,463
f6c526ab99207f7d,market_thinwall_connection_v01_01_c3r3.tgm.header,Tiny_3,39327188,264
e1a1b0a0b8e4bc6e,market_thinwall_connection_v01_01_c3r2.tgm,Tiny_3,39325566,895
bbef87a71d95f031,market_thinwall_connection_v01_01_c3r2.tgm.header,Tiny_3,39326461,264
79902b106ca32d4b,market_thinwall_connection_v01_01_c3r1.tgm,Tiny_3,39324433,869
61af761ba7683278,market_thinwall_connection_v01_01_c3r1.tgm.header,Tiny_3,39325302,264
cf0f9b71255abf8c,market_thinwall_connection_v01_01_c2r3.tgm,Tiny_3,39323220,949
1dbe99b9a8d012dc,market_thinwall_connection_v01_01_c2r3.tgm.header,Tiny_3,39324169,264
48577a4e9f2e5a08,market_thinwall_connection_v01_01_c2r2.tgm,Art/Models/Terrain/Act3/MarketPlace/tgms_24,1156213,918043
ba0e76df09fa65ef,market_thinwall_connection_v01_01_c2r2.tgm.header,Folders/art/models/terrain/act3/marketplace/tgms,1072986,17070
727db8213ebface2,market_thinwall_connection_v01_01_c2r1.tgm,Tiny_3,39322655,301
8e3b15049bfc5181,market_thinwall_connection_v01_01_c2r1.tgm.header,Tiny_3,39322956,264
9e1f55fbb741192f,market_thinwall_connection_v01_01_c1r3.tgm,Tiny_3,39321576,815
336134711a23bb36,market_thinwall_connection_v01_01_c1r3.tgm.header,Tiny_3,39322391,264
cb996eb30cc324ef,market_thinwall_connection_v01_01_c1r2.tgm,Tiny_3,39320957,355
eb4d85d0bd8c031e,market_thinwall_connection_v01_01_c1r2.tgm.header,Tiny_3,39321312,264
9b08aca3ab37f30f,market_thinwall_connection_v01_01_c1r1.tgm,Tiny_3,39320446,247
d7aca65c77a4a4c3,market_thinwall_connection_v01_01_c1r1.tgm.header,Tiny_3,39320693,264
c3d91edda1cd846f,market_thickwall_straight_v04_01_c3r3.tgm,Tiny_3,39319611,571
6c92d04b29780e63,market_thickwall_straight_v04_01_c3r3.tgm.header,Tiny_3,39320182,264
9ee9ee7fca20fd6d,market_thickwall_straight_v04_01_c3r2.tgm,Tiny_3,39318992,355
4173ad09f3da425b,market_thickwall_straight_v04_01_c3r2.tgm.header,Tiny_3,39319347,264
6f9bf3a0c907e0f0,market_thickwall_straight_v04_01_c3r1.tgm,Art/Models/Terrain/Act3/MarketPlace/tgms_21,848453,721325
ddcf1e6710491c18,market_thickwall_straight_v04_01_c3r1.tgm.header,Folders/art/models/terrain/act3/marketplace/tgms,1061548,11438
201faa6e3d12a5b5,market_thickwall_straight_v04_01_c2r3.tgm,Tiny_3,39318259,733
7c379e2b1f8e5316,market_thickwall_straight_v04_01_c2r3.tgm.header,Tiny_3,39276562,264
8a749ab5c188186b,market_thickwall_straight_v04_01_c2r2.tgm,Tiny_3,39317370,625
c8fa43a9cc607c96,market_thickwall_straight_v04_01_c2r2.tgm.header,Tiny_3,39317995,264
f0cd429438bfb787,market_thickwall_straight_v04_01_c2r1.tgm,Tiny_3,39316285,821
74e75a932bde6e7b,market_thickwall_straight_v04_01_c2r1.tgm.header,Tiny_3,39317106,264
dd28644ad0d96a2a,market_thickwall_straight_v04_01_c1r3.tgm,Tiny_3,39315546,739
a52efdbadea6eeea,market_thickwall_straight_v04_01_c1r3.tgm.header,Tiny_3,39274159,264
898400ec07687b63,market_thickwall_straight_v04_01_c1r2.tgm,Tiny_3,39314711,571
849fcf6abf3d44a1,market_thickwall_straight_v04_01_c1r2.tgm.header,Tiny_3,39315282,264
3e1e0e4d2cbe0c46,market_thickwall_straight_v04_01_c1r1.tgm,Tiny_3,39313950,497
6ad2d2ec859b31f1,market_thickwall_straight_v04_01_c1r1.tgm.header,Tiny_3,39314447,264
888fab3044409d84,market_thickwall_straight_v02_02_c3r3.tgm,Tiny_3,39313073,613
a03be911907627e5,market_thickwall_straight_v02_02_c3r3.tgm.header,Tiny_3,39313686,264
902e0426f8b8dbb5,market_thickwall_straight_v02_02_c3r2.tgm,Tiny_5,72530676,51
567fc1b753701dca,market_thickwall_straight_v02_02_c3r2.tgm.header,Tiny_6,4042080,264
0068cb1184bdd6eb,market_thickwall_straight_v02_02_c3r1.tgm,Art/Models/Terrain/Act3/MarketPlace/tgms_21,525850,322603
519ea3f23ce8e7a4,market_thickwall_straight_v02_02_c3r1.tgm.header,Tiny_3,39310174,2899
1fd42aebb0ff7bb6,market_thickwall_straight_v02_02_c2r3.tgm,Tiny_3,39309381,793
cc172587ad61cb15,market_thickwall_straight_v02_02_c2r3.tgm.header,Tiny_3,39306164,264
b7d6acc210c36201,market_thickwall_straight_v02_02_c2r2.tgm,Tiny_5,72530676,51
ef9a72a8f669c933,market_thickwall_straight_v02_02_c2r2.tgm.header,Tiny_6,4042080,264
a4cb2f19206af656,market_thickwall_straight_v02_02_c2r1.tgm,Tiny_3,39167636,355
1f7f5ff88324ff16,market_thickwall_straight_v02_02_c2r1.tgm.header,Tiny_3,39167991,264
f8ee4035f526d05e,market_thickwall_straight_v02_02_c1r3.tgm,Tiny_3,39308708,673
05ee4c985752297c,market_thickwall_straight_v02_02_c1r3.tgm.header,Tiny_3,39301185,264
51ae097a6d0be367,market_thickwall_straight_v02_02_c1r2.tgm,Tiny_5,72530676,51
5af4f0f7e1484cf8,market_thickwall_straight_v02_02_c1r2.tgm.header,Tiny_6,4042080,264
eef462a31535780a,market_thickwall_straight_v02_02_c1r1.tgm,Tiny_3,39300001,247
995d26d9fac046bb,market_thickwall_straight_v02_02_c1r1.tgm.header,Tiny_3,39300248,264
03d2ff319a035a15,market_thickwall_straight_v02_01_victario_c3r3.tgm,Tiny_3,39307831,613
c0b78622a28a66f8,market_thickwall_straight_v02_01_victario_c3r3.tgm.header,Tiny_3,39308444,264
7ad7966023383609,market_thickwall_straight_v02_01_victario_c3r2.tgm,Tiny_5,72530676,51
ed1efb6041c51bba,market_thickwall_straight_v02_01_victario_c3r2.tgm.header,Tiny_6,4042080,264
9d01007db8e849f2,market_thickwall_straight_v02_01_victario_c3r1.tgm,Art/Models/Terrain/Act3/MarketPlace/tgms_21,262393,263457
fac3cff32043c17c,market_thickwall_straight_v02_01_victario_c3r1.tgm.header,Tiny_3,39306428,1403
2ea20a38948cb169,market_thickwall_straight_v02_01_victario_c2r3.tgm,Tiny_3,39305371,793
e4fe66ccbb7763c9,market_thickwall_straight_v02_01_victario_c2r3.tgm.header,Tiny_3,39306164,264
b29ea28397384032,market_thickwall_straight_v02_01_victario_c2r2.tgm,Tiny_5,72530676,51
f274f02efd8171f6,market_thickwall_straight_v02_01_victario_c2r2.tgm.header,Tiny_6,4042080,264
9e201f3ad466e62b,market_thickwall_straight_v02_01_victario_c2r1.tgm,Tiny_3,39167636,355
4889932b9ad286a8,market_thickwall_straight_v02_01_victario_c2r1.tgm.header,Tiny_3,39167991,264
4f8ced205e2643b3,market_thickwall_straight_v02_01_victario_c1r3.tgm,Tiny_3,39304698,673
f81618d5b7b5eb71,market_thickwall_straight_v02_01_victario_c1r3.tgm.header,Tiny_3,39301185,264
411e59f599361ee3,market_thickwall_straight_v02_01_victario_c1r2.tgm,Tiny_5,72530676,51
108ee7d46cb15f29,market_thickwall_straight_v02_01_victario_c1r2.tgm.header,Tiny_6,4042080,264
0909476c58cbac46,market_thickwall_straight_v02_01_victario_c1r1.tgm,Tiny_3,39300001,247
2e752e75abe6a761,market_thickwall_straight_v02_01_victario_c1r1.tgm.header,Tiny_3,39300248,264
d05ec4077a13b0a3,market_thickwall_straight_v02_01_c3r3.tgm,Tiny_3,39303821,613
bca99b3c47fda786,market_thickwall_straight_v02_01_c3r3.tgm.header,Tiny_3,39304434,264
774228afc191ee75,market_thickwall_straight_v02_01_c3r2.tgm,Tiny_5,72530676,51
5ec0425ee9f1d457,market_thickwall_straight_v02_01_c3r2.tgm.header,Tiny_6,4042080,264
f5ab62de7e160029,market_thickwall_straight_v02_01_c3r1.tgm,Art/Models/Terrain/Act3/MarketPlace/tgms_21,0,262393
18f49642a7bae155,market_thickwall_straight_v02_01_c3r1.tgm.header,Tiny_3,39302506,1315
2f805bd7cc3f3415,market_thickwall_straight_v02_01_c2r3.tgm,Tiny_3,39301449,793
9113a6c4cd040714,market_thickwall_straight_v02_01_c2r3.tgm.header,Tiny_3,39302242,264
73dffdabb3cc10fd,market_thickwall_straight_v02_01_c2r2.tgm,Tiny_5,72530676,51
a60a27a151894e00,market_thickwall_straight_v02_01_c2r2.tgm.header,Tiny_6,4042080,264
026afdf7b3652252,market_thickwall_straight_v02_01_c2r1.tgm,Tiny_3,39167636,355
6ec4f0585bf4b176,market_thickwall_straight_v02_01_c2r1.tgm.header,Tiny_3,39167991,264
ddbafa0898e3b7fe,market_thickwall_straight_v02_01_c1r3.tgm,Tiny_3,39300512,673
4c2b6c2a8f4d9387,market_thickwall_straight_v02_01_c1r3.tgm.header,Tiny_3,39301185,264
9f619add73c5a344,market_thickwall_straight_v02_01_c1r2.tgm,Tiny_5,72530676,51
3fee21c2e3209d9b,market_thickwall_straight_v02_01_c1r2.tgm.header,Tiny_6,4042080,264
2aaf3ba7228ea296,market_thickwall_straight_v02_01_c1r1.tgm,Tiny_3,39300001,247
a731eea09ae351dc,market_thickwall_straight_v02_01_c1r1.tgm.header,Tiny_3,39300248,264
3227e99389885a9d,market_thickwall_straight_v01_01_victario_c3r3.tgm,Tiny_3,39296218,463
0849d3cd678ec878,market_thickwall_straight_v01_01_victario_c3r3.tgm.header,Tiny_3,39296681,264
bf5043b75f2de196,market_thickwall_straight_v01_01_victario_c3r2.tgm,Tiny_3,39299538,463
6d9ab94956bffdff,market_thickwall_straight_v01_01_victario_c3r2.tgm.header,Tiny_3,39295954,264
fa292fb8e58b84f2,market_thickwall_straight_v01_01_victario_c3r1.tgm,Art/Models/Terrain/Act3/MarketPlace/tgms_20,1580842,763887
b780da61c1274af8,market_thickwall_straight_v01_01_victario_c3r1.tgm.header,Folders/art/models/terrain/act3/marketplace/tgms,1049934,11614
51ab3b52f215ffad,market_thickwall_straight_v01_01_victario_c2r3.tgm,Tiny_3,39294974,517
d19aa023b0c9f3d0,market_thickwall_straight_v01_01_victario_c2r3.tgm.header,Tiny_3,39103437,264
4544d5f1117757d9,market_thickwall_straight_v01_01_victario_c2r2.tgm,Tiny_3,39299129,409
c0fb32d3c683e9c6,market_thickwall_straight_v01_01_victario_c2r2.tgm.header,Tiny_3,39096194,264
553c873bb8b7e5af,market_thickwall_straight_v01_01_victario_c2r1.tgm,Tiny_3,39298260,605
c54032cc89eb4ed1,market_thickwall_straight_v01_01_victario_c2r1.tgm.header,Tiny_3,39298865,264
2394a9a413c64d61,market_thickwall_straight_v01_01_victario_c1r3.tgm,Tiny_3,39297851,409
2d969ba2fc620107,market_thickwall_straight_v01_01_victario_c1r3.tgm.header,Tiny_3,38948642,264
95c8f58a4f189df3,market_thickwall_straight_v01_01_victario_c1r2.tgm,Tiny_3,39297442,409
bb56f8ef3b3364a9,market_thickwall_straight_v01_01_victario_c1r2.tgm.header,Tiny_3,39109587,264
f8a023a2e3ee66bf,market_thickwall_straight_v01_01_victario_c1r1.tgm,Tiny_3,39296945,497
d53f0f76fb198d7d,market_thickwall_straight_v01_01_victario_c1r1.tgm.header,Tiny_3,39292614,264
a1c071b6c7cb4969,market_thickwall_straight_v01_01_c3r3.tgm,Tiny_3,39296218,463
3f2e27cc9b36592e,market_thickwall_straight_v01_01_c3r3.tgm.header,Tiny_3,39296681,264
59776440a2319697,market_thickwall_straight_v01_01_c3r2.tgm,Tiny_3,39295491,463
b9667f87f7e5a737,market_thickwall_straight_v01_01_c3r2.tgm.header,Tiny_3,39295954,264
ee16f09f9e8c9554,market_thickwall_straight_v01_01_c3r1.tgm,Art/Models/Terrain/Act3/MarketPlace/tgms_20,814981,765861
5c9552f3cc93c773,market_thickwall_straight_v01_01_c3r1.tgm.header,Folders/art/models/terrain/act3/marketplace/tgms,1038320,11614
a86d2fe18b56d518,market_thickwall_straight_v01_01_c2r3.tgm,Tiny_3,39294974,517
c2cff08316674bc4,market_thickwall_straight_v01_01_c2r3.tgm.header,Tiny_3,39103437,264
efc7d7c3b3cf1a4c,market_thickwall_straight_v01_01_c2r2.tgm,Tiny_3,39294565,409
aa979769a363c8fe,market_thickwall_straight_v01_01_c2r2.tgm.header,Tiny_3,39096194,264
ab6282be3d951d81,market_thickwall_straight_v01_01_c2r1.tgm,Tiny_3,39293696,605
a5501f8945a2b361,market_thickwall_straight_v01_01_c2r1.tgm.header,Tiny_3,39294301,264
f3387084a91c17c1,market_thickwall_straight_v01_01_c1r3.tgm,Tiny_3,39293287,409
130da65eccd28739,market_thickwall_straight_v01_01_c1r3.tgm.header,Tiny_3,38948642,264
4e7614207f9046d7,market_thickwall_straight_v01_01_c1r2.tgm,Tiny_3,39292878,409
beea9cffe94f1c17,market_thickwall_straight_v01_01_c1r2.tgm.header,Tiny_3,39096194,264
15accd2b50fd0a42,market_thickwall_straight_v01_01_c1r1.tgm,Tiny_3,39292117,497
c4bc03391e1b8bd8,market_thickwall_straight_v01_01_c1r1.tgm.header,Tiny_3,39292614,264
7c569c6cd8671bf9,market_thickwall_stairs_v01_01_c3r3.tgm,Tiny_3,39296218,463
6ddc5433e91f0e89,market_thickwall_stairs_v01_01_c3r3.tgm.header,Tiny_3,39296681,264
e44e0823cc884ac6,market_thickwall_stairs_v01_01_c3r2.tgm,Tiny_3,39295491,463
f143851a8b7d40af,market_thickwall_stairs_v01_01_c3r2.tgm.header,Tiny_3,39295954,264
066836e1782f0748,market_thickwall_stairs_v01_01_c3r1.tgm,Art/Models/Terrain/Act3/MarketPlace/tgms_20,0,814981
3ff6d2fbd6826324,market_thickwall_stairs_v01_01_c3r1.tgm.header,Folders/art/models/terrain/act3/marketplace/tgms,1024682,13638
10e793a854931b16,market_thickwall_stairs_v01_01_c2r3.tgm,Tiny_3,39294974,517
9761a051380611a0,market_thickwall_stairs_v01_01_c2r3.tgm.header,Tiny_3,39103437,264
d202d77560268938,market_thickwall_stairs_v01_01_c2r2.tgm,Tiny_3,39294565,409
b14916754197a159,market_thickwall_stairs_v01_01_c2r2.tgm.header,Tiny_3,39096194,264
8a9a779a61d5947f,market_thickwall_stairs_v01_01_c2r1.tgm,Tiny_3,39293696,605
934bd3e276eeebbb,market_thickwall_stairs_v01_01_c2r1.tgm.header,Tiny_3,39294301,264
f0235262cf6b26be,market_thickwall_stairs_v01_01_c1r3.tgm,Tiny_3,39293287,409
0a41beb261b7fb1c,market_thickwall_stairs_v01_01_c1r3.tgm.header,Tiny_3,38948642,264
982dcee4f3b03154,market_thickwall_stairs_v01_01_c1r2.tgm,Tiny_3,39292878,409
99ee0ca302d99aca,market_thickwall_stairs_v01_01_c1r2.tgm.header,Tiny_3,39096194,264
c56d1ad55c2c535d,market_thickwall_stairs_v01_01_c1r1.tgm,Tiny_3,39292117,497
438a3398ceb54d8f,market_thickwall_stairs_v01_01_c1r1.tgm.header,Tiny_3,39292614,264
d1573e48f8e49af2,market_thickwall_fill_v01_01_c3r3.tgm,Art/Models/Terrain/Act3/MarketPlace/tgms_19,2115223,8833
f7fb4009a6005239,market_thickwall_fill_v01_01_c3r3.tgm.header,Tiny_3,39291066,1051
8216bfe0ca89f82c,market_thickwall_fill_v01_01_c3r2.tgm,Tiny_3,39290819,247
bcb9a2d8f6f977bd,market_thickwall_fill_v01_01_c3r2.tgm.header,Tiny_3,39286508,264
93beaec7a5991a6f,market_thickwall_fill_v01_01_c3r1.tgm,Art/Models/Terrain/Act3/MarketPlace/tgms_19,2106444,8779
e1493f73aa918fd7,market_thickwall_fill_v01_01_c3r1.tgm.header,Tiny_3,39289768,1051
5d77df787f8be534,market_thickwall_fill_v01_01_c2r3.tgm,Tiny_3,39289203,301
23a360b2c332b155,market_thickwall_fill_v01_01_c2r3.tgm.header,Tiny_3,39289504,264
a9bdf1a01bf46757,market_thickwall_fill_v01_01_c2r2.tgm,Tiny_3,39288070,869
83fbd057f08857c5,market_thickwall_fill_v01_01_c2r2.tgm.header,Tiny_3,39288939,264
affaf1bae1d788d0,market_thickwall_fill_v01_01_c2r1.tgm,Tiny_3,39287823,247
3d01ecabf2e46332,market_thickwall_fill_v01_01_c2r1.tgm.header,Tiny_3,39286508,264
802e436be0cb0891,market_thickwall_fill_v01_01_c1r3.tgm,Art/Models/Terrain/Act3/MarketPlace/tgms_19,2097773,8671
c822d65b63d3ae2e,market_thickwall_fill_v01_01_c1r3.tgm.header,Tiny_3,39286772,1051
79683cb07310b10e,market_thickwall_fill_v01_01_c1r2.tgm,Tiny_3,39286261,247
9f5e5100452b34d3,market_thickwall_fill_v01_01_c1r2.tgm.header,Tiny_3,39286508,264
4beb71e72d26c255,market_thickwall_fill_v01_01_c1r1.tgm,Art/Models/Terrain/Act3/MarketPlace/tgms_19,2088940,8833
48b64b7856812aa1,market_thickwall_fill_v01_01_c1r1.tgm.header,Tiny_3,39285210,1051
daac42e517a6bd57,market_thickwall_convex_v07_01_c3r3.tgm,Tiny_3,39284503,443
71e11e24c1279d83,market_thickwall_convex_v07_01_c3r3.tgm.header,Tiny_3,39284946,264
c7bee411d37faeda,market_thickwall_convex_v07_01_c3r2.tgm,Tiny_3,39283718,521
697eeb8f6240d157,market_thickwall_convex_v07_01_c3r2.tgm.header,Tiny_3,39284239,264
f026c9e347e25d62,market_thickwall_convex_v07_01_c3r1.tgm,Art/Models/Terrain/Act3/MarketPlace/tgms_19,950581,1138359
34a0d598df94d79c,market_thickwall_convex_v07_01_c3r1.tgm.header,Folders/art/models/terrain/act3/marketplace/tgms,1003696,20986
017eee813dbd5da8,market_thickwall_convex_v07_01_c2r3.tgm,Tiny_3,39282825,629
4bda805c52afea19,market_thickwall_convex_v07_01_c2r3.tgm.header,Tiny_3,39283454,264
d13e93167c52a1dc,market_thickwall_convex_v07_01_c2r2.tgm,Tiny_3,39281620,941
a504308fd3789ec6,market_thickwall_convex_v07_01_c2r2.tgm.header,Tiny_3,39282561,264
ce34ef7c8172bb3b,market_thickwall_convex_v07_01_c2r1.tgm,Tiny_3,39280727,629
3d156ebfd6e4d932,market_thickwall_convex_v07_01_c2r1.tgm.header,Tiny_3,39281356,264
95c99125f7f6f0f3,market_thickwall_convex_v07_01_c1r3.tgm,Tiny_3,39279940,523
4b53d1b2d104bfaf,market_thickwall_convex_v07_01_c1r3.tgm.header,Tiny_3,39280463,264
e5e0e477622b1f21,market_thickwall_convex_v07_01_c1r2.tgm,Tiny_3,39279155,521
d4356a933da42d94,market_thickwall_convex_v07_01_c1r2.tgm.header,Tiny_3,39279676,264
c19008c2685dd3e4,market_thickwall_convex_v07_01_c1r1.tgm,Tiny_3,39278448,443
aa73a10a67a43e7f,market_thickwall_convex_v07_01_c1r1.tgm.header,Tiny_3,39278891,264
4ca0c21f1d7365e8,market_thickwall_convex_v04_01_c3r3.tgm,Tiny_3,39277451,733
df2e203fcc355112,market_thickwall_convex_v04_01_c3r3.tgm.header,Tiny_3,39278184,264
79a3eb7c98aa4f7b,market_thickwall_convex_v04_01_c3r2.tgm,Tiny_3,39276826,625
d669ea7c889ce9d8,market_thickwall_convex_v04_01_c3r2.tgm.header,Tiny_3,38946122,264
a506df984ce06917,market_thickwall_convex_v04_01_c3r1.tgm,Art/Models/Terrain/Act3/MarketPlace/tgms_19,0,950581
0eecaaba28c54074,market_thickwall_convex_v04_01_c3r1.tgm.header,Folders/art/models/terrain/act3/marketplace/tgms,983458,20238
89dce999e08ddf18,market_thickwall_convex_v04_01_c2r3.tgm,Tiny_3,39275829,733
2a44041343126ffa,market_thickwall_convex_v04_01_c2r3.tgm.header,Tiny_3,39276562,264
607a76dba4148ade,market_thickwall_convex_v04_01_c2r2.tgm,Tiny_3,39274940,625
2d0b899e64db3cbb,market_thickwall_convex_v04_01_c2r2.tgm.header,Tiny_3,39275565,264
3c98c3c093c52169,market_thickwall_convex_v04_01_c2r1.tgm,Tiny_3,39274423,517
fbc2384a893a42bd,market_thickwall_convex_v04_01_c2r1.tgm.header,Tiny_3,38939391,264
146708eb61985197,market_thickwall_convex_v04_01_c1r3.tgm,Tiny_3,39273420,739
583d869d2629e26f,market_thickwall_convex_v04_01_c1r3.tgm.header,Tiny_3,39274159,264
8828bb7db123a602,market_thickwall_convex_v04_01_c1r2.tgm,Tiny_3,39272585,571
28302891dbcf8031,market_thickwall_convex_v04_01_c1r2.tgm.header,Tiny_3,39273156,264
1cee81268ec04f5f,market_thickwall_convex_v04_01_c1r1.tgm,Tiny_3,39272020,301
cc9aa8aa68d5532c,market_thickwall_convex_v04_01_c1r1.tgm.header,Tiny_3,39272321,264
fd04afd824614f35,market_thickwall_convex_v02_01_victario_c3r3.tgm,Tiny_3,39271557,463
134abd8075f46e6f,market_thickwall_convex_v02_01_victario_c3r3.tgm.header,Tiny_5,55791223,264
c8551d930cd020d7,market_thickwall_convex_v02_01_victario_c3r2.tgm,Tiny_3,39270938,355
27b3223dcfd6b31b,market_thickwall_convex_v02_01_victario_c3r2.tgm.header,Tiny_3,39271293,264
373022bdbe375415,market_thickwall_convex_v02_01_victario_c3r1.tgm,Art/Models/Terrain/Act3/MarketPlace/tgms_18,2169989,238381
c40285606ba16830,market_thickwall_convex_v02_01_victario_c3r1.tgm.header,Tiny_3,39267728,3210
c3eb65df1ab9d789,market_thickwall_convex_v02_01_victario_c2r3.tgm,Tiny_3,39267109,355
7a4321db2c33a223,market_thickwall_convex_v02_01_victario_c2r3.tgm.header,Tiny_3,39267464,264
639bbfa779767427,market_thickwall_convex_v02_01_victario_c2r2.tgm,Tiny_5,72530676,51
74941573d3c0326f,market_thickwall_convex_v02_01_victario_c2r2.tgm.header,Tiny_6,4042080,264
191caaef607f97b7,market_thickwall_convex_v02_01_victario_c2r1.tgm,Tiny_5,72530676,51
534408cbdc3dc0a4,market_thickwall_convex_v02_01_victario_c2r1.tgm.header,Tiny_6,4042080,264
1d79503d7a68a980,market_thickwall_convex_v02_01_victario_c1r3.tgm,Tiny_3,39266598,247
a514f2744f10c7dc,market_thickwall_convex_v02_01_victario_c1r3.tgm.header,Tiny_3,39266845,264
3ea6438f2254c1e5,market_thickwall_convex_v02_01_victario_c1r2.tgm,Tiny_5,72530676,51
c40d78f0be0e5c19,market_thickwall_convex_v02_01_victario_c1r2.tgm.header,Tiny_6,4042080,264
a7c4a9793d9ce903,market_thickwall_convex_v02_01_victario_c1r1.tgm,Tiny_5,72530676,51
0f282381dae10d76,market_thickwall_convex_v02_01_victario_c1r1.tgm.header,Tiny_6,4042080,264
ed1dce37b400276a,market_thickwall_convex_v02_01_c3r3.tgm,Tiny_3,39266135,463
2030f9683618916d,market_thickwall_convex_v02_01_c3r3.tgm.header,Tiny_5,55791223,264
c714bdb1c6e7f40c,market_thickwall_convex_v02_01_c3r2.tgm,Tiny_3,39265516,355
6b5b3f06332618cf,market_thickwall_convex_v02_01_c3r2.tgm.header,Tiny_3,39265871,264
21abf44d8ac515b0,market_thickwall_convex_v02_01_c3r1.tgm,Art/Models/Terrain/Act3/MarketPlace/tgms_18,1934238,235751
9c4ad8eda4b05cd7,market_thickwall_convex_v02_01_c3r1.tgm.header,Tiny_3,39262394,3122
af1c768410640e33,market_thickwall_convex_v02_01_c2r3.tgm,Tiny_3,39261775,355
aa2a17252f0c81d4,market_thickwall_convex_v02_01_c2r3.tgm.header,Tiny_3,39262130,264
5918b2ea73d0602c,market_thickwall_convex_v02_01_c2r2.tgm,Tiny_5,72530676,51
17d2475b9a36d4aa,market_thickwall_convex_v02_01_c2r2.tgm.header,Tiny_6,4042080,264
eb7131905ef65d7b,market_thickwall_convex_v02_01_c2r1.tgm,Tiny_5,72530676,51
c256e1da5f333ab5,market_thickwall_convex_v02_01_c2r1.tgm.header,Tiny_6,4042080,264
486352622c7e7905,market_thickwall_convex_v02_01_c1r3.tgm,Tiny_3,39261264,247
8bfcb2cac517bee5,market_thickwall_convex_v02_01_c1r3.tgm.header,Tiny_3,39261511,264
3204aa0226487008,market_thickwall_convex_v02_01_c1r2.tgm,Tiny_5,72530676,51
227d4d537379ea19,market_thickwall_convex_v02_01_c1r2.tgm.header,Tiny_6,4042080,264
584ad8e24ab880de,market_thickwall_convex_v02_01_c1r1.tgm,Tiny_5,72530676,51
dc9f584c91678db8,market_thickwall_convex_v02_01_c1r1.tgm.header,Tiny_6,4042080,264
38b3cca640fbbc82,market_thickwall_convex_v01_01_victario_c3r3.tgm,Tiny_3,39260639,625
6a5e544eccbca051,market_thickwall_convex_v01_01_victario_c3r3.tgm.header,Tiny_3,38946122,264
2c9e0d313e27fa56,market_thickwall_convex_v01_01_victario_c3r2.tgm,Tiny_3,39260014,625
903ae0aef7d35872,market_thickwall_convex_v01_01_victario_c3r2.tgm.header,Tiny_3,38946122,264
295612d64c64e030,market_thickwall_convex_v01_01_victario_c3r1.tgm,Art/Models/Terrain/Act3/MarketPlace/tgms_18,967393,966845
a9934dcc9dc0bba6,market_thickwall_convex_v01_01_victario_c3r1.tgm.header,Folders/art/models/terrain/act3/marketplace/tgms,963176,20282
ea625eb5752022d2,market_thickwall_convex_v01_01_victario_c2r3.tgm,Tiny_3,39259497,517
f8442f4ac5bca372,market_thickwall_convex_v01_01_victario_c2r3.tgm.header,Tiny_3,39255830,264
797c7ed55f6f8d1f,market_thickwall_convex_v01_01_victario_c2r2.tgm,Tiny_3,39258980,517
31b4fe46ba5f9919,market_thickwall_convex_v01_01_victario_c2r2.tgm.header,Tiny_5,58504274,264
9262f7c3a3e3be62,market_thickwall_convex_v01_01_victario_c2r1.tgm,Tiny_3,39258463,517
122c2fd63aadaa1f,market_thickwall_convex_v01_01_victario_c2r1.tgm.header,Tiny_3,38939391,264
ce74b7eb1da5179a,market_thickwall_convex_v01_01_victario_c1r3.tgm,Tiny_3,39258054,409
7126c59f24668f7d,market_thickwall_convex_v01_01_victario_c1r3.tgm.header,Tiny_3,38948642,264
652a6e58b1e7c764,market_thickwall_convex_v01_01_victario_c1r2.tgm,Tiny_3,39257645,409
a42ad5f260744231,market_thickwall_convex_v01_01_victario_c1r2.tgm.header,Tiny_3,39253606,264
895e4d77cfbee145,market_thickwall_convex_v01_01_victario_c1r1.tgm,Tiny_3,39257344,301
aca1467c59e8258d,market_thickwall_convex_v01_01_victario_c1r1.tgm.header,Tiny_3,39114678,264
a7de9a008f65127b,market_thickwall_convex_v01_01_c3r3.tgm,Tiny_3,39256719,625
7a289856b77f052d,market_thickwall_convex_v01_01_c3r3.tgm.header,Tiny_3,38946122,264
a38a449aca2884b7,market_thickwall_convex_v01_01_c3r2.tgm,Tiny_3,39256094,625
043447a986cc36ef,market_thickwall_convex_v01_01_c3r2.tgm.header,Tiny_3,38946122,264
842f1edafa1e8d9c,market_thickwall_convex_v01_01_c3r1.tgm,Art/Models/Terrain/Act3/MarketPlace/tgms_18,0,967393
7ebb0b87b5870dd2,market_thickwall_convex_v01_01_c3r1.tgm.header,Folders/art/models/terrain/act3/marketplace/tgms,942674,20502
179af9db2e744907,market_thickwall_convex_v01_01_c2r3.tgm,Tiny_3,39255313,517
dc84b1dc22bee034,market_thickwall_convex_v01_01_c2r3.tgm.header,Tiny_3,39255830,264
da5350f2c8a02f4b,market_thickwall_convex_v01_01_c2r2.tgm,Tiny_3,39254796,517
b5dae6c2f030d905,market_thickwall_convex_v01_01_c2r2.tgm.header,Tiny_5,58504274,264
e6d4063c7c175d44,market_thickwall_convex_v01_01_c2r1.tgm,Tiny_3,39254279,517
c0e59558c99be3cc,market_thickwall_convex_v01_01_c2r1.tgm.header,Tiny_3,38939391,264
1fec9df92c161844,market_thickwall_convex_v01_01_c1r3.tgm,Tiny_3,39253870,409
033eed11dc0ff6f2,market_thickwall_convex_v01_01_c1r3.tgm.header,Tiny_3,38948642,264
19934476944bc55a,market_thickwall_convex_v01_01_c1r2.tgm,Tiny_3,39253197,409
2fe948063726a8ad,market_thickwall_convex_v01_01_c1r2.tgm.header,Tiny_3,39253606,264
5c21ab06d54d8f3b,market_thickwall_convex_v01_01_c1r1.tgm,Tiny_3,39252896,301
b4b5df77e2307fa3,market_thickwall_convex_v01_01_c1r1.tgm.header,Tiny_3,39114678,264
cc336a374499894e,market_thickwall_connection_01_03_deep_c3r3.tgm,Tiny_3,39251795,837
3de1535ac6f06cde,market_thickwall_connection_01_03_deep_c3r3.tgm.header,Tiny_3,39252632,264
eb384d52db7afdf5,market_thickwall_connection_01_03_deep_c3r2.tgm,Tiny_3,39250532,999
3c6ea2824d21b38a,market_thickwall_connection_01_03_deep_c3r2.tgm.header,Tiny_3,39251531,264
7c403a33c572215d,market_thickwall_connection_01_03_deep_c3r1.tgm,Tiny_3,39249857,675
5c7fd95ff655b084,market_thickwall_connection_01_03_deep_c3r1.tgm.header,Tiny_3,39240639,264
91ce315dfd4fbdef,market_thickwall_connection_01_03_deep_c2r3.tgm,Tiny_3,39248534,1323
8ef56c4fbf7743da,market_thickwall_connection_01_03_deep_c2r3.tgm.header,Tiny_3,39239700,264
ec9abe8950305200,market_thickwall_connection_01_03_deep_c2r2.tgm,Art/Models/Terrain/Act3/MarketPlace/tgms_17,1661469,704267
8e6be95a53a99e84,market_thickwall_connection_01_03_deep_c2r2.tgm.header,Folders/art/models/terrain/act3/marketplace/tgms,931192,11482
a6e2ad5c17a500dd,market_thickwall_connection_01_03_deep_c2r1.tgm,Tiny_3,39247967,567
6561d4498bbfa48e,market_thickwall_connection_01_03_deep_c2r1.tgm.header,Tiny_3,39238113,264
d54134f1daf597f1,market_thickwall_connection_01_03_deep_c1r3.tgm,Tiny_3,39245322,2381
00aef5e10615a99a,market_thickwall_connection_01_03_deep_c1r3.tgm.header,Tiny_3,39247703,264
188cefaffb00f8fd,market_thickwall_connection_01_03_deep_c1r2.tgm,Tiny_3,39243837,1485
27d1b06da8a8a5c8,market_thickwall_connection_01_03_deep_c1r2.tgm.header,Tiny_3,39234637,264
7106afff51fd22c2,market_thickwall_connection_01_03_deep_c1r1.tgm,Art/Models/Terrain/Act3/MarketPlace/tgms_17,1607184,54285
d32e20d30ee5bfda,market_thickwall_connection_01_03_deep_c1r1.tgm.header,Tiny_3,39243267,570
c53c8a2b52588d12,market_thickwall_connection_01_03_c3r3.tgm,Tiny_3,39242166,837
505331bb6f4dfb72,market_thickwall_connection_01_03_c3r3.tgm.header,Tiny_3,39243003,264
1b034332c2084510,market_thickwall_connection_01_03_c3r2.tgm,Tiny_3,39240903,999
4e991ac6264acabd,market_thickwall_connection_01_03_c3r2.tgm.header,Tiny_3,39241902,264
c6c1abd492249a01,market_thickwall_connection_01_03_c3r1.tgm,Tiny_3,39239964,675
900b0f9d0336f127,market_thickwall_connection_01_03_c3r1.tgm.header,Tiny_3,39240639,264
b89315f12b8f93e8,market_thickwall_connection_01_03_c2r3.tgm,Tiny_3,39238377,1323
f5bb3cd1cedefceb,market_thickwall_connection_01_03_c2r3.tgm.header,Tiny_3,39239700,264
6f881765812d9fbd,market_thickwall_connection_01_03_c2r2.tgm,Art/Models/Terrain/Act3/MarketPlace/tgms_17,902917,704267
fb8c0e7128caf03c,market_thickwall_connection_01_03_c2r2.tgm.header,Folders/art/models/terrain/act3/marketplace/tgms,919710,11482
92f2a94b2411d2ef,market_thickwall_connection_01_03_c2r1.tgm,Tiny_3,39237546,567
894881da92c0709d,market_thickwall_connection_01_03_c2r1.tgm.header,Tiny_3,39238113,264
a031231eb3540b71,market_thickwall_connection_01_03_c1r3.tgm,Tiny_3,39234901,2381
0d722f90570922d6,market_thickwall_connection_01_03_c1r3.tgm.header,Tiny_3,39237282,264
b487aeec3997b5be,market_thickwall_connection_01_03_c1r2.tgm,Tiny_3,39233152,1485
c203b06702be569e,market_thickwall_connection_01_03_c1r2.tgm.header,Tiny_3,39234637,264
ad389a4237931a17,market_thickwall_connection_01_03_c1r1.tgm,Art/Models/Terrain/Act3/MarketPlace/tgms_17,848632,54285
04dd00da26ac1a4c,market_thickwall_connection_01_03_c1r1.tgm.header,Tiny_3,39232582,570
aa6ef4d982be39ac,market_thickwall_connection_01_02_deep_c3r3.tgm,Tiny_3,39229615,2967
011a4f880100ea2f,market_thickwall_connection_01_02_deep_c3r3.tgm.header,Tiny_3,39216781,264
58e317f35b9b354b,market_thickwall_connection_01_02_deep_c3r2.tgm,Tiny_3,39225820,3795
170ed7c59a71ab13,market_thickwall_connection_01_02_deep_c3r2.tgm.header,Tiny_3,39213550,264
2f1c5caddd9b09f4,market_thickwall_connection_01_02_deep_c3r1.tgm,Tiny_3,39223099,2721
90f255b1434026d8,market_thickwall_connection_01_02_deep_c3r1.tgm.header,Tiny_3,39209491,264
e83addda178cf799,market_thickwall_connection_01_02_deep_c2r3.tgm,Art/Models/Terrain/Act3/MarketPlace/tgms_17,843829,4803
2b2250fea58559db,market_thickwall_connection_01_02_deep_c2r3.tgm.header,Tiny_3,39206506,264
36066f7ecea46a60,market_thickwall_connection_01_02_deep_c2r2.tgm,Art/Models/Terrain/Act3/MarketPlace/tgms_17,0,843829
7d6fd6ccef0e8d21,market_thickwall_connection_01_02_deep_c2r2.tgm.header,Folders/art/models/terrain/act3/marketplace/tgms,902200,17510
c1f2b7434337b7da,market_thickwall_connection_01_02_deep_c2r1.tgm,Tiny_3,39220846,2253
76d01f1db63c1dfc,market_thickwall_connection_01_02_deep_c2r1.tgm.header,Tiny_3,39206242,264
59258b7a3bbc555d,market_thickwall_connection_01_02_deep_c1r3.tgm,Art/Models/Terrain/Act3/MarketPlace/tgms_16,1643689,5123
ea492740bf543513,market_thickwall_connection_01_02_deep_c1r3.tgm.header,Tiny_3,39220582,264
56f11a040d8693b4,market_thickwall_connection_01_02_deep_c1r2.tgm,Tiny_3,39217615,2967
ac2c43aca8894b0c,market_thickwall_connection_01_02_deep_c1r2.tgm.header,Tiny_3,39203461,264
0d12d7314847601b,market_thickwall_connection_01_02_deep_c1r1.tgm,Art/Models/Terrain/Act3/MarketPlace/tgms_16,1589740,53949
c8715225d36bc8a5,market_thickwall_connection_01_02_deep_c1r1.tgm.header,Tiny_3,39217045,570
efe0ac2ec802b126,market_thickwall_connection_01_02_c3r3.tgm,Tiny_3,39213814,2967
0f3a776429a4c91e,market_thickwall_connection_01_02_c3r3.tgm.header,Tiny_3,39216781,264
f18b32e51b0b5576,market_thickwall_connection_01_02_c3r2.tgm,Tiny_3,39209755,3795
2f554e374af3be45,market_thickwall_connection_01_02_c3r2.tgm.header,Tiny_3,39213550,264
4abf018a7a2ddb10,market_thickwall_connection_01_02_c3r1.tgm,Tiny_3,39206770,2721
fb5fcd68be4baf76,market_thickwall_connection_01_02_c3r1.tgm.header,Tiny_3,39209491,264
d5ed2a7438a372d1,market_thickwall_connection_01_02_c2r3.tgm,Art/Models/Terrain/Act3/MarketPlace/tgms_16,1584937,4803
7647047ed16fbf3f,market_thickwall_connection_01_02_c2r3.tgm.header,Tiny_3,39206506,264
d63c851cd7bd97f3,market_thickwall_connection_01_02_c2r2.tgm,Art/Models/Terrain/Act3/MarketPlace/tgms_16,741108,843829
a0d663a3b1a48e7d,market_thickwall_connection_01_02_c2r2.tgm.header,Folders/art/models/terrain/act3/marketplace/tgms,884690,17510
1853587cc8da8f6a,market_thickwall_connection_01_02_c2r1.tgm,Tiny_3,39203989,2253
3462854f65a5f2f9,market_thickwall_connection_01_02_c2r1.tgm.header,Tiny_3,39206242,264
a40610ced3ff2481,market_thickwall_connection_01_02_c1r3.tgm,Art/Models/Terrain/Act3/MarketPlace/tgms_16,733561,7547
8f91a2c6bec66bde,market_thickwall_connection_01_02_c1r3.tgm.header,Tiny_3,39203725,264
f4d0d263c11c0fe0,market_thickwall_connection_01_02_c1r2.tgm,Tiny_3,39200494,2967
d6ea0b32a9b7b0bf,market_thickwall_connection_01_02_c1r2.tgm.header,Tiny_3,39203461,264
4f1cc49a2b827139,market_thickwall_connection_01_02_c1r1.tgm,Art/Models/Terrain/Act3/MarketPlace/tgms_16,681302,52259
e85010fcce763c87,market_thickwall_connection_01_02_c1r1.tgm.header,Tiny_3,39199968,526
ecdf90791882eafb,market_thickwall_connection_01_01_c3r3.tgm,Art/Models/Terrain/Act3/MarketPlace/tgms_16,677029,4273
831a364ebf5ba9a6,market_thickwall_connection_01_01_c3r3.tgm.header,Tiny_3,39199704,264
5a317a55cd86954d,market_thickwall_connection_01_01_c3r2.tgm,Tiny_3,39196689,2751
00501b42a2e750ff,market_thickwall_connection_01_01_c3r2.tgm.header,Tiny_3,39199440,264
9760480bb662c1ad,market_thickwall_connection_01_01_c3r1.tgm,Tiny_3,39194616,1809
df1e5d1c1a42fa1a,market_thickwall_connection_01_01_c3r1.tgm.header,Tiny_3,39196425,264
30abc0d139a5f65f,market_thickwall_connection_01_01_c2r3.tgm,Tiny_3,39190505,3847
01b1fb5818a3b903,market_thickwall_connection_01_01_c2r3.tgm.header,Tiny_3,39194352,264
b9cfea02c60ace70,market_thickwall_connection_01_01_c2r2.tgm,Art/Models/Terrain/Act3/MarketPlace/tgms_16,0,677029
2c8cf7cee31ee47b,market_thickwall_connection_01_01_c2r2.tgm.header,Folders/art/models/terrain/act3/marketplace/tgms,872988,11702
32b56721b5aef4d2,market_thickwall_connection_01_01_c2r1.tgm,Art/Models/Terrain/Act3/MarketPlace/tgms_15,2051548,84705
b2f04ab373d6e4e8,market_thickwall_connection_01_01_c2r1.tgm.header,Tiny_3,39189935,570
345d7d5d1637b25f,market_thickwall_connection_01_01_c1r3.tgm,Tiny_3,39185800,3871
db91e39e971888c2,market_thickwall_connection_01_01_c1r3.tgm.header,Tiny_3,39189671,264
f4ee1bb23afaf9da,market_thickwall_connection_01_01_c1r2.tgm,Tiny_3,39183817,1719
22fa381e80002d2d,market_thickwall_connection_01_01_c1r2.tgm.header,Tiny_3,39185536,264
3a443885918dd488,market_thickwall_connection_01_01_c1r1.tgm,Tiny_3,39182992,561
736d74b62709f503,market_thickwall_connection_01_01_c1r1.tgm.header,Tiny_3,39183553,264
86419561c50828a6,market_thickwall_concave_v04_01_c3r3.tgm,Art/Models/Terrain/Act3/MarketPlace/tgms_15,1459859,591689
20e7cb29c9cefbfd,market_thickwall_concave_v04_01_c3r3.tgm.header,Folders/art/models/terrain/act3/marketplace/tgms,863794,9194
dabeeb60e9752936,market_thickwall_concave_v04_01_c3r2.tgm,Tiny_3,39182259,733
8c5451f708b66855,market_thickwall_concave_v04_01_c3r2.tgm.header,Tiny_3,39159934,264
b435a9c631fe15e7,market_thickwall_concave_v04_01_c3r1.tgm,Tiny_3,39181336,659
2481e51b9288beb1,market_thickwall_concave_v04_01_c3r1.tgm.header,Tiny_3,39181995,264
0ac64e6bcf7194a1,market_thickwall_concave_v04_01_c2r3.tgm,Tiny_3,39180501,571
d35d646a83f0211d,market_thickwall_concave_v04_01_c2r3.tgm.header,Tiny_3,39181072,264
67430597849c4b1a,market_thickwall_concave_v04_01_c2r2.tgm,Tiny_3,39179612,625
26e7acddb8466c40,market_thickwall_concave_v04_01_c2r2.tgm.header,Tiny_3,39180237,264
1001b8ced0de53db,market_thickwall_concave_v04_01_c2r1.tgm,Tiny_3,39178527,821
7da030080184327c,market_thickwall_concave_v04_01_c2r1.tgm.header,Tiny_3,39179348,264
6164c0766791dfdc,market_thickwall_concave_v04_01_c1r3.tgm,Tiny_3,39177712,551
b81131f28782db49,market_thickwall_concave_v04_01_c1r3.tgm.header,Tiny_3,39178263,264
a52c0db89b1d1137,market_thickwall_concave_v04_01_c1r2.tgm,Tiny_3,39177053,659
94fbd265d11a0da4,market_thickwall_concave_v04_01_c1r2.tgm.header,Tiny_3,39155086,264
3173d7743a96f859,market_thickwall_concave_v04_01_c1r1.tgm,Tiny_3,39176252,801
2a3a6c56109c0279,market_thickwall_concave_v04_01_c1r1.tgm.header,Tiny_3,39154163,264
bd793258e7aaeab9,market_thickwall_concave_v02_01_victario_c3r3.tgm,Art/Models/Terrain/Act3/MarketPlace/tgms_15,1098328,361531
ac15b7f68367bfc3,market_thickwall_concave_v02_01_victario_c3r3.tgm.header,Tiny_3,39172514,3738
d30aa68e533aa160,market_thickwall_concave_v02_01_victario_c3r2.tgm,Tiny_5,72530676,51
f4dbaa5df6718644,market_thickwall_concave_v02_01_victario_c3r2.tgm.header,Tiny_6,4042080,264
bb262f153b1ab4a6,market_thickwall_concave_v02_01_victario_c3r1.tgm,Tiny_3,39168255,301
382de1ed52b05142,market_thickwall_concave_v02_01_victario_c3r1.tgm.header,Tiny_3,39168556,264
7cac2f4c3816dd15,market_thickwall_concave_v02_01_victario_c2r3.tgm,Tiny_5,72530676,51
9b44307b4f5b365c,market_thickwall_concave_v02_01_victario_c2r3.tgm.header,Tiny_6,4042080,264
48e3ffcabd2f1df7,market_thickwall_concave_v02_01_victario_c2r2.tgm,Tiny_5,72530676,51
d6dadd6fe2007180,market_thickwall_concave_v02_01_victario_c2r2.tgm.header,Tiny_6,4042080,264
93904d88d223a355,market_thickwall_concave_v02_01_victario_c2r1.tgm,Tiny_3,39167636,355
b203d55d5c0b57f9,market_thickwall_concave_v02_01_victario_c2r1.tgm.header,Tiny_3,39167991,264
3b600733f4d3a361,market_thickwall_concave_v02_01_victario_c1r3.tgm,Tiny_3,39167125,247
e58b8f0091541a58,market_thickwall_concave_v02_01_victario_c1r3.tgm.header,Tiny_3,39167372,264
e47b9f6ec8a2dfed,market_thickwall_concave_v02_01_victario_c1r2.tgm,Tiny_3,39166506,355
30bcb53d3e9cf3e9,market_thickwall_concave_v02_01_victario_c1r2.tgm.header,Tiny_3,39166861,264
6cfae19eaa4f39f5,market_thickwall_concave_v02_01_victario_c1r1.tgm,Tiny_3,39165745,497
170436645349eb01,market_thickwall_concave_v02_01_victario_c1r1.tgm.header,Tiny_3,39166242,264
7188795701a01b99,market_thickwall_concave_v02_01_c3r3.tgm,Art/Models/Terrain/Act3/MarketPlace/tgms_15,737479,360849
f5d752e856a7289b,market_thickwall_concave_v02_01_c3r3.tgm.header,Tiny_3,39168820,3694
5c40a4871cee3ac9,market_thickwall_concave_v02_01_c3r2.tgm,Tiny_5,72530676,51
b20c27795f518387,market_thickwall_concave_v02_01_c3r2.tgm.header,Tiny_6,4042080,264
3a5086f993999be0,market_thickwall_concave_v02_01_c3r1.tgm,Tiny_3,39168255,301
64472fd989be95cf,market_thickwall_concave_v02_01_c3r1.tgm.header,Tiny_3,39168556,264
536ce7fdc687f826,market_thickwall_concave_v02_01_c2r3.tgm,Tiny_5,72530676,51
cd04edf8708dbf45,market_thickwall_concave_v02_01_c2r3.tgm.header,Tiny_6,4042080,264
496360c65dcaabd0,market_thickwall_concave_v02_01_c2r2.tgm,Tiny_5,72530676,51
ad662217e7cab95e,market_thickwall_concave_v02_01_c2r2.tgm.header,Tiny_6,4042080,264
8188da59a4512faa,market_thickwall_concave_v02_01_c2r1.tgm,Tiny_3,39167636,355
ab50d98f55e7e25c,market_thickwall_concave_v02_01_c2r1.tgm.header,Tiny_3,39167991,264
b44229369d33d184,market_thickwall_concave_v02_01_c1r3.tgm,Tiny_3,39167125,247
712f22162cfdc786,market_thickwall_concave_v02_01_c1r3.tgm.header,Tiny_3,39167372,264
f2630144a6120b58,market_thickwall_concave_v02_01_c1r2.tgm,Tiny_3,39166506,355
c3d2a0f45524907f,market_thickwall_concave_v02_01_c1r2.tgm.header,Tiny_3,39166861,264
4d8cf89f3e70b693,market_thickwall_concave_v02_01_c1r1.tgm,Tiny_3,39165745,497
d1a0123a630a0524,market_thickwall_concave_v02_01_c1r1.tgm.header,Tiny_3,39166242,264
b38a4b74de4beb2d,market_thickwall_concave_v01_01_victario_c3r3.tgm,Art/Models/Terrain/Act3/MarketPlace/tgms_15,0,737479
40d3b56c31b5ca9e,market_thickwall_concave_v01_01_victario_c3r3.tgm.header,Folders/art/models/terrain/act3/marketplace/tgms,852796,10998
5a301892c9f2c0f6,market_thickwall_concave_v01_01_victario_c3r2.tgm,Tiny_3,39164748,733
5926de8c4d86ad6c,market_thickwall_concave_v01_01_victario_c3r2.tgm.header,Tiny_3,39165481,264
126c75319e144f2e,market_thickwall_concave_v01_01_victario_c3r1.tgm,Tiny_3,39163825,659
1a59354898bc9d0d,market_thickwall_concave_v01_01_victario_c3r1.tgm.header,Tiny_3,39164484,264
6662a67b2ac368bd,market_thickwall_concave_v01_01_victario_c2r3.tgm,Tiny_3,39163416,409
563f24d631124b74,market_thickwall_concave_v01_01_victario_c2r3.tgm.header,Tiny_3,39158014,264
938f0bd18f8a6df7,market_thickwall_concave_v01_01_victario_c2r2.tgm,Tiny_3,39162899,517
7e4a379fb834d2a6,market_thickwall_concave_v01_01_victario_c2r2.tgm.header,Tiny_5,58504274,264
7596600416ff8863,market_thickwall_concave_v01_01_victario_c2r1.tgm,Tiny_3,39161922,713
7eb9bd231089da1b,market_thickwall_concave_v01_01_victario_c2r1.tgm.header,Tiny_3,39162635,264
606367593fdfcd6d,market_thickwall_concave_v01_01_victario_c1r3.tgm,Tiny_3,39155350,497
5950185d5974fc90,market_thickwall_concave_v01_01_victario_c1r3.tgm.header,Tiny_3,39155847,264
451f19edde396751,market_thickwall_concave_v01_01_victario_c1r2.tgm,Tiny_3,39161263,659
6512c96adb8ee524,market_thickwall_concave_v01_01_victario_c1r2.tgm.header,Tiny_3,39155086,264
3ff681d042a6419a,market_thickwall_concave_v01_01_victario_c1r1.tgm,Tiny_3,39160198,801
fc45bb6395b6ff6e,market_thickwall_concave_v01_01_victario_c1r1.tgm.header,Tiny_3,39160999,264
c91d6842aaf19482,market_thickwall_concave_v01_01_c3r3.tgm,Art/Models/Terrain/Act3/MarketPlace/tgms_14,1630643,737103
aa409c17b757f925,market_thickwall_concave_v01_01_c3r3.tgm.header,Folders/art/models/terrain/act3/marketplace/tgms,841842,10954
1a7f114a4e974c91,market_thickwall_concave_v01_01_c3r2.tgm,Tiny_3,39159201,733
fdda91541196ccb5,market_thickwall_concave_v01_01_c3r2.tgm.header,Tiny_3,39159934,264
f7a59ccd818b25ad,market_thickwall_concave_v01_01_c3r1.tgm,Tiny_3,39158278,659
aea557529703299c,market_thickwall_concave_v01_01_c3r1.tgm.header,Tiny_3,39158937,264
f1069df6d4ce6b91,market_thickwall_concave_v01_01_c2r3.tgm,Tiny_3,39157605,409
5b3be8f077b9a714,market_thickwall_concave_v01_01_c2r3.tgm.header,Tiny_3,39158014,264
7cbb41787542bb88,market_thickwall_concave_v01_01_c2r2.tgm,Tiny_3,39157088,517
d96b17f3e1a643d2,market_thickwall_concave_v01_01_c2r2.tgm.header,Tiny_5,58504274,264
8cf72eda51503593,market_thickwall_concave_v01_01_c2r1.tgm,Tiny_3,39156111,713
694134a973a4e68b,market_thickwall_concave_v01_01_c2r1.tgm.header,Tiny_3,39156824,264
3fd6599c541ba46f,market_thickwall_concave_v01_01_c1r3.tgm,Tiny_3,39155350,497
e7faa764920836d4,market_thickwall_concave_v01_01_c1r3.tgm.header,Tiny_3,39155847,264
a10a023a7cfff564,market_thickwall_concave_v01_01_c1r2.tgm,Tiny_3,39154427,659
869bf76dfb372f05,market_thickwall_concave_v01_01_c1r2.tgm.header,Tiny_3,39155086,264
fb1724e5ebcf3664,market_thickwall_concave_v01_01_c1r1.tgm,Tiny_3,39153362,801
401f3d254395a041,market_thickwall_concave_v01_01_c1r1.tgm.header,Tiny_3,39154163,264
b2e861415f61f9c3,market_place_x_v01_02_c3r3.tgm,Art/Models/Terrain/Act3/MarketPlace/tgms_14,1405130,225513
1b0d92e25edeca68,market_place_x_v01_02_c3r3.tgm.header,Folders/art/models/terrain/act3/marketplace/tgms,833748,8094
c00bb03379ba5821,market_place_x_v01_02_c3r2.tgm,Art/Models/Terrain/Act3/MarketPlace/tgms_14,1333971,71159
a8b28942b7abd9fd,market_place_x_v01_02_c3r2.tgm.header,Tiny_3,39151252,2110
cd1193e26fe0da99,market_place_x_v01_02_c3r1.tgm,Art/Models/Terrain/Act3/MarketPlace/tgms_14,1274696,59275
231b12cd2e3d693f,market_place_x_v01_02_c3r1.tgm.header,Tiny_3,39149714,1538
c14163cceda4b1fb,market_place_x_v01_02_c2r3.tgm,Art/Models/Terrain/Act3/MarketPlace/tgms_14,1158609,116087
0c3b2aefbb281151,market_place_x_v01_02_c2r3.tgm.header,Tiny_3,39146680,3034
2b5df414df474779,market_place_x_v01_02_c2r2.tgm,Tiny_3,39143643,2773
8894c2436d279824,market_place_x_v01_02_c2r2.tgm.header,Tiny_3,39146416,264
fe0940497c945a8c,market_place_x_v01_02_c2r1.tgm,Art/Models/Terrain/Act3/MarketPlace/tgms_14,898832,259777
c59d305a13ec8e38,market_place_x_v01_02_c2r1.tgm.header,Folders/art/models/terrain/act3/marketplace/tgms,827458,6290
a7a71ea83958bdc6,market_place_x_v01_02_c1r3.tgm,Art/Models/Terrain/Act3/MarketPlace/tgms_14,850283,48549
54c3835514d50348,market_place_x_v01_02_c1r3.tgm.header,Tiny_3,39142677,966
a32133c8cb35efb8,market_place_x_v01_02_c1r2.tgm,Art/Models/Terrain/Act3/MarketPlace/tgms_14,773034,77249
c1a9aa88bfc3a30f,market_place_x_v01_02_c1r2.tgm.header,Tiny_3,39141359,1318
2f3b2e2b3cd7ee68,market_place_x_v01_02_c1r1.tgm,Art/Models/Terrain/Act3/MarketPlace/tgms_14,257803,515231
821b297cf8a5c5e0,market_place_x_v01_02_c1r1.tgm.header,Folders/art/models/terrain/act3/marketplace/tgms,816108,11350
69eded8ac23744b2,market_place_x_v01_01_c3r3.tgm,Art/Models/Terrain/Act3/MarketPlace/tgms_14,0,257803
1c92af93970a04af,market_place_x_v01_01_c3r3.tgm.header,Folders/art/models/terrain/act3/marketplace/tgms,807046,9062
7bbb7ad03d6a9afc,market_place_x_v01_01_c3r2.tgm,Art/Models/Terrain/Act3/MarketPlace/tgms_13,2471624,70295
90d6b34b8f339f70,market_place_x_v01_01_c3r2.tgm.header,Tiny_3,39139645,1714
45757a11f4327b44,market_place_x_v01_01_c3r1.tgm,Art/Models/Terrain/Act3/MarketPlace/tgms_13,2423895,47729
4932b84e9d18fc2f,market_place_x_v01_01_c3r1.tgm.header,Tiny_3,39138591,1054
66c23b1b8b118957,market_place_x_v01_01_c2r3.tgm,Art/Models/Terrain/Act3/MarketPlace/tgms_11,2503130,70917
b5596d20d3d50365,market_place_x_v01_01_c2r3.tgm.header,Tiny_3,39136173,2418
4b2d24cfe76e49ab,market_place_x_v01_01_c2r2.tgm,Tiny_3,39132904,3005
ce86a4ddfbb15c3d,market_place_x_v01_01_c2r2.tgm.header,Tiny_3,39135909,264
494e8b2d40909090,market_place_x_v01_01_c2r1.tgm,Art/Models/Terrain/Act3/MarketPlace/tgms_11,2293037,210093
3dbc82758cf9af35,market_place_x_v01_01_c2r1.tgm.header,Folders/art/models/terrain/act3/marketplace/tgms,799744,7302
352b841f43299d7b,market_place_x_v01_01_c1r3.tgm,Art/Models/Terrain/Act3/MarketPlace/tgms_11,2252916,40121
4c8fb7a38435e08f,market_place_x_v01_01_c1r3.tgm.header,Tiny_3,39132114,790
5cc8b5902a663b5f,market_place_x_v01_01_c1r2.tgm,Art/Models/Terrain/Act3/MarketPlace/tgms_11,2066091,186825
7065f7ecfb0033bc,market_place_x_v01_01_c1r2.tgm.header,Folders/art/models/terrain/act3/marketplace/tgms,792970,6774
73554e6abecc5c58,market_place_x_v01_01_c1r1.tgm,Art/Models/Terrain/Act3/MarketPlace/tgms_11,1732996,333095
17d4550ac08fb539,market_place_x_v01_01_c1r1.tgm.header,Folders/art/models/terrain/act3/marketplace/tgms,783204,9766
ca6467594639f162,market_place_straight_v04_03_c3r3.tgm,Art/Models/Terrain/Act3/MarketPlace/tgms_11,799639,933357
22d1043a10508dc1,market_place_straight_v04_03_c3r3.tgm.header,Folders/art/models/terrain/act3/marketplace/tgms,757554,25650
69c93aa9528a07d3,market_place_straight_v04_03_c3r2.tgm,Tiny_3,39131655,459
fe0505e3de71a59b,market_place_straight_v04_03_c3r2.tgm.header,Tiny_3,39098711,264
4e3acaf529075344,market_place_straight_v04_03_c3r1.tgm,Tiny_3,39131250,405
cd8310fd905d5329,market_place_straight_v04_03_c3r1.tgm.header,Tiny_3,39097988,264
70d3ba1ff82220cd,market_place_straight_v04_03_c2r3.tgm,Tiny_3,39130137,849
a23be4be5c790b16,market_place_straight_v04_03_c2r3.tgm.header,Tiny_3,39130986,264
0e7c19d031081ff9,market_place_straight_v04_03_c2r2.tgm,Tiny_3,39129732,405
288e91eb67264019,market_place_straight_v04_03_c2r2.tgm.header,Tiny_3,39096194,264
c83821ba74f90650,market_place_straight_v04_03_c2r1.tgm,Tiny_3,39095228,297
df23961208604b04,market_place_straight_v04_03_c2r1.tgm.header,Tiny_3,39095525,264
af42cc61381c4216,market_place_straight_v04_03_c1r3.tgm,Tiny_3,39129153,579
b034ea43eb8c7bae,market_place_straight_v04_03_c1r3.tgm.header,Tiny_3,39110430,264
84bf6cfbf7ba4350,market_place_straight_v04_03_c1r2.tgm,Tiny_3,39128748,405
e14d5651b8cb5f38,market_place_straight_v04_03_c1r2.tgm.header,Tiny_3,39109587,264
34d19f2202dbc6bd,market_place_straight_v04_03_c1r1.tgm,Tiny_3,39114381,297
9228d3a886f6583a,market_place_straight_v04_03_c1r1.tgm.header,Tiny_3,39114678,264
53fc3881533dd54b,market_place_straight_v04_02_c3r3.tgm,Tiny_3,39127797,687
69e81a5f242470ba,market_place_straight_v04_02_c3r3.tgm.header,Tiny_3,39128484,264
a316cc4eb910a163,market_place_straight_v04_02_c3r2.tgm,Tiny_3,39127338,459
8b6313138cad146f,market_place_straight_v04_02_c3r2.tgm.header,Tiny_3,39123417,264
6f0df913b8698756,market_place_straight_v04_02_c3r1.tgm,Tiny_3,39126933,405
6d2e62750d2a20a9,market_place_straight_v04_02_c3r1.tgm.header,Tiny_3,39122694,264
1408b4cc7bc8e719,market_place_straight_v04_02_c2r3.tgm,Tiny_3,39125736,933
b40c3b1eee76c45f,market_place_straight_v04_02_c2r3.tgm.header,Tiny_3,39126669,264
3b3ed17f6f0b1145,market_place_straight_v04_02_c2r2.tgm,Art/Models/Terrain/Act3/MarketPlace/tgms_11,0,799639
ddf69969417f887f,market_place_straight_v04_02_c2r2.tgm.header,Folders/art/models/terrain/act3/marketplace/tgms,731860,25694
eee8e70855c50c7f,market_place_straight_v04_02_c2r1.tgm,Tiny_3,39110694,297
67f0c818558df596,market_place_straight_v04_02_c2r1.tgm.header,Tiny_3,39095525,264
815f334dd38807ff,market_place_straight_v04_02_c1r3.tgm,Tiny_3,39124839,633
7953fae89a32fd97,market_place_straight_v04_02_c1r3.tgm.header,Tiny_3,39125472,264
bc424dbe8214cc18,market_place_straight_v04_02_c1r2.tgm,Tiny_3,39124434,405
1b84dfc74d916f6b,market_place_straight_v04_02_c1r2.tgm.header,Tiny_3,39109587,264
6818bdce323c10fd,market_place_straight_v04_02_c1r1.tgm,Tiny_3,39108885,297
5e0ff3618c600886,market_place_straight_v04_02_c1r1.tgm.header,Tiny_3,39100145,264
d035b9e0ee9bffa0,market_place_straight_v04_01_c3r3.tgm,Tiny_3,39123681,489
668594c6edda515e,market_place_straight_v04_01_c3r3.tgm.header,Tiny_3,39124170,264
f6d1088fe6569fa4,market_place_straight_v04_01_c3r2.tgm,Tiny_3,39122958,459
f67a0da7cc1f2cdd,market_place_straight_v04_01_c3r2.tgm.header,Tiny_3,39123417,264
ba0d3e7f2117dcdb,market_place_straight_v04_01_c3r1.tgm,Tiny_3,39122289,405
d4852a7d08a20e27,market_place_straight_v04_01_c3r1.tgm.header,Tiny_3,39122694,264
2af814a19501f2ca,market_place_straight_v04_01_c2r3.tgm,Tiny_3,39121290,735
9f5c6133d46f2fab,market_place_straight_v04_01_c2r3.tgm.header,Tiny_3,39122025,264
a7bfffda4712ce1e,market_place_straight_v04_01_c2r2.tgm,Art/Models/Terrain/Act3/MarketPlace/tgms_10,2178084,752475
057bd957960d9d7c,market_place_straight_v04_01_c2r2.tgm.header,Folders/art/models/terrain/act3/marketplace/tgms,711094,20766
e46fe04fc894fd43,market_place_straight_v04_01_c2r1.tgm,Tiny_3,39120993,297
c98e70769d86bda4,market_place_straight_v04_01_c2r1.tgm.header,Tiny_3,39095525,264
d5e61ff51a6ca020,market_place_straight_v04_01_c1r3.tgm,Tiny_3,39120156,573
9fd2f7afb474c32a,market_place_straight_v04_01_c1r3.tgm.header,Tiny_3,39120729,264
1f2fea7649eca024,market_place_straight_v04_01_c1r2.tgm,Tiny_3,39119751,405
94ae770058025f8d,market_place_straight_v04_01_c1r2.tgm.header,Tiny_3,39094091,264
f59b30634ca69b7c,market_place_straight_v04_01_c1r1.tgm,Tiny_3,39119454,297
3acc4c17f1add412,market_place_straight_v04_01_c1r1.tgm.header,Tiny_3,39100145,264
ebd32228058f5d2f,market_place_straight_v03_01_c3r3.tgm,Tiny_3,39118503,687
1ba7435abcc245f9,market_place_straight_v03_01_c3r3.tgm.header,Tiny_3,39119190,264
b02bfeb463d647f5,market_place_straight_v03_01_c3r2.tgm,Tiny_3,39117780,459
4a64f0eed266109f,market_place_straight_v03_01_c3r2.tgm.header,Tiny_3,39118239,264
3ec368746f49c852,market_place_straight_v03_01_c3r1.tgm,Tiny_3,39117375,405
b3a599ba0e36bea9,market_place_straight_v03_01_c3r1.tgm.header,Tiny_3,39097988,264
47fa6cbade29517e,market_place_straight_v03_01_c2r3.tgm,Tiny_3,39116244,867
91149ab1fd1ab910,market_place_straight_v03_01_c2r3.tgm.header,Tiny_3,39117111,264
420c2bd251a26757,market_place_straight_v03_01_c2r2.tgm,Art/Models/Terrain/Act3/MarketPlace/tgms_10,947577,1230507
b1c4eb6f308909fa,market_place_straight_v03_01_c2r2.tgm.header,Folders/art/models/terrain/act3/marketplace/tgms,683332,27762
8b43a1b10bda8a87,market_place_straight_v03_01_c2r1.tgm,Tiny_3,39106599,297
323e9a407a41e8e7,market_place_straight_v03_01_c2r1.tgm.header,Tiny_3,39095525,264
f916a8dffd3bb2e1,market_place_straight_v03_01_c1r3.tgm,Tiny_3,39115347,633
a4c340d40a1a8c52,market_place_straight_v03_01_c1r3.tgm.header,Tiny_3,39115980,264
a21f5219019514ef,market_place_straight_v03_01_c1r2.tgm,Tiny_3,39114942,405
9d6374c446eddbe5,market_place_straight_v03_01_c1r2.tgm.header,Tiny_3,39109587,264
6d44cc945c5a9462,market_place_straight_v03_01_c1r1.tgm,Tiny_3,39114381,297
c131419bb19967e5,market_place_straight_v03_01_c1r1.tgm.header,Tiny_3,39114678,264
4aefa11eac4c75a4,market_place_straight_v02_01_c3r3.tgm,Tiny_3,39113430,687
fed46a838baacf83,market_place_straight_v02_01_c3r3.tgm.header,Tiny_3,39114117,264
6f6d0ec2768d988c,market_place_straight_v02_01_c3r2.tgm,Tiny_3,39112707,459
e3678d170ee3e952,market_place_straight_v02_01_c3r2.tgm.header,Tiny_3,39113166,264
fca938b1d7872163,market_place_straight_v02_01_c3r1.tgm,Tiny_3,39112038,405
4885b9b5fa9e6cc3,market_place_straight_v02_01_c3r1.tgm.header,Tiny_3,39112443,264
603822c6f921157f,market_place_straight_v02_01_c2r3.tgm,Tiny_3,39110991,783
adb312bfa6981b6c,market_place_straight_v02_01_c2r3.tgm.header,Tiny_3,39111774,264
a17803f2098bb28f,market_place_straight_v02_01_c2r2.tgm,Art/Models/Terrain/Act3/MarketPlace/tgms_10,0,947577
a06922f6ce8e4274,market_place_straight_v02_01_c2r2.tgm.header,Folders/art/models/terrain/act3/marketplace/tgms,657154,26178
12950b6979885473,market_place_straight_v02_01_c2r1.tgm,Tiny_3,39110694,297
b83be67ff641e17a,market_place_straight_v02_01_c2r1.tgm.header,Tiny_3,39095525,264
11cb143108733343,market_place_straight_v02_01_c1r3.tgm,Tiny_3,39109851,579
cac119c8e81e6ff6,market_place_straight_v02_01_c1r3.tgm.header,Tiny_3,39110430,264
351e72cf57ed3a8c,market_place_straight_v02_01_c1r2.tgm,Tiny_3,39109182,405
315899208524f53c,market_place_straight_v02_01_c1r2.tgm.header,Tiny_3,39109587,264
82b85646cd6d12ab,market_place_straight_v02_01_c1r1.tgm,Tiny_3,39108885,297
49568d6c019d4f79,market_place_straight_v02_01_c1r1.tgm.header,Tiny_3,39100145,264
b03361b4a1882472,market_place_straight_v01_02_c3r3.tgm,Tiny_3,39098975,609
529de1612c2da70c,market_place_straight_v01_02_c3r3.tgm.header,Tiny_3,39099584,264
13b8e8b979310ae6,market_place_straight_v01_02_c3r2.tgm,Tiny_3,39108162,459
bf60d1a05e35ef84,market_place_straight_v01_02_c3r2.tgm.header,Tiny_3,39108621,264
179cb1c3d5c5444b,market_place_straight_v01_02_c3r1.tgm,Tiny_3,39107757,405
262dd77747b4fb4b,market_place_straight_v01_02_c3r1.tgm.header,Tiny_3,39097988,264
4a2fec3ce734c39a,market_place_straight_v01_02_c2r3.tgm,Tiny_3,39106896,861
8221610a4d6773a5,market_place_straight_v01_02_c2r3.tgm.header,Tiny_3,39097319,264
8f41b8a955a9d323,market_place_straight_v01_02_c2r2.tgm,Art/Models/Terrain/Act3/MarketPlace/tgms_9,2455251,1025237
ab8a67c1cc897e9e,market_place_straight_v01_02_c2r2.tgm.header,Folders/art/models/terrain/act3/marketplace/tgms,636036,21118
d506a79775b39a02,market_place_straight_v01_02_c2r1.tgm,Tiny_3,39106599,297
36f0d67be5c2c6bc,market_place_straight_v01_02_c2r1.tgm.header,Tiny_3,39095525,264
30acd1bb9c7ec181,market_place_straight_v01_02_c1r3.tgm,Tiny_3,39105990,609
cdbc65c0673148e1,market_place_straight_v01_02_c1r3.tgm.header,Tiny_3,39094964,264
5714e7092b3f6572,market_place_straight_v01_02_c1r2.tgm,Tiny_3,39105585,405
f648121675ee4bd5,market_place_straight_v01_02_c1r2.tgm.header,Tiny_3,39094091,264
457bc8b8202e0cc1,market_place_straight_v01_02_c1r1.tgm,Tiny_3,39105288,297
35e2397c2e68ab28,market_place_straight_v01_02_c1r1.tgm.header,Tiny_3,39100145,264
1ef9897cccb72795,market_place_straight_v01_01_unique1_c3r3.tgm,Tiny_3,39104565,459
99121c11b9bd96ca,market_place_straight_v01_01_unique1_c3r3.tgm.header,Tiny_3,39105024,264
2952d5102d8e498e,market_place_straight_v01_01_unique1_c3r2.tgm,Tiny_3,39104106,459
e2aa7ddaf79d9d6f,market_place_straight_v01_01_unique1_c3r2.tgm.header,Tiny_3,39098711,264
e322b36c164ea259,market_place_straight_v01_01_unique1_c3r1.tgm,Tiny_3,39103701,405
62497446581560a7,market_place_straight_v01_01_unique1_c3r1.tgm.header,Tiny_3,39097988,264
8d7e2c8fca7b9e49,market_place_straight_v01_01_unique1_c2r3.tgm,Tiny_3,39102924,513
6cd9c99d2a270c98,market_place_straight_v01_01_unique1_c2r3.tgm.header,Tiny_3,39103437,264
224f5c6c178c8be4,market_place_straight_v01_01_unique1_c2r2.tgm,Art/Models/Terrain/Act3/MarketPlace/tgms_9,1539250,916001
68b610bdcf13019f,market_place_straight_v01_01_unique1_c2r2.tgm.header,Folders/art/models/terrain/act3/marketplace/tgms,615842,20194
90abb2374b17043d,market_place_straight_v01_01_unique1_c2r1.tgm,Art/Models/Terrain/Act3/MarketPlace/tgms_9,1419911,119339
bafd24c785721f17,market_place_straight_v01_01_unique1_c2r1.tgm.header,Tiny_3,39100814,2110
62348b006e78137d,market_place_straight_v01_01_unique1_c1r3.tgm,Tiny_3,39100409,405
32772cb3ddbe498a,market_place_straight_v01_01_unique1_c1r3.tgm.header,Tiny_3,38948642,264
e0159270db40ea6f,market_place_straight_v01_01_unique1_c1r2.tgm,Tiny_3,39093686,405
5285b8e546220fe9,market_place_straight_v01_01_unique1_c1r2.tgm.header,Tiny_3,39094091,264
27827e24695f61ce,market_place_straight_v01_01_unique1_c1r1.tgm,Tiny_3,39099848,297
7e5693a73b0bf429,market_place_straight_v01_01_unique1_c1r1.tgm.header,Tiny_3,39100145,264
aea53e05da7c8db9,market_place_straight_v01_01_c3r3.tgm,Tiny_3,39098975,609
f95ff4f4a40ce2d0,market_place_straight_v01_01_c3r3.tgm.header,Tiny_3,39099584,264
6a7670cbd9023762,market_place_straight_v01_01_c3r2.tgm,Tiny_3,39098252,459
d3bb84e02192def9,market_place_straight_v01_01_c3r2.tgm.header,Tiny_3,39098711,264
d5491954fb589bfb,market_place_straight_v01_01_c3r1.tgm,Tiny_3,39097583,405
6df2f245230a274f,market_place_straight_v01_01_c3r1.tgm.header,Tiny_3,39097988,264
ae82d5360e7f826e,market_place_straight_v01_01_c2r3.tgm,Tiny_3,39096458,861
c59592417866dd27,market_place_straight_v01_01_c2r3.tgm.header,Tiny_3,39097319,264
b40fa8b340f73359,market_place_straight_v01_01_c2r2.tgm,Tiny_3,39095789,405
84151d138ab59c7e,market_place_straight_v01_01_c2r2.tgm.header,Tiny_3,39096194,264
65f4fb3970c639d1,market_place_straight_v01_01_c2r1.tgm,Tiny_3,39095228,297
5e89ebc0558c7fad,market_place_straight_v01_01_c2r1.tgm.header,Tiny_3,39095525,264
7ae4b26b2ed70a6b,market_place_straight_v01_01_c1r3.tgm,Tiny_3,39094355,609
453480caceff5eac,market_place_straight_v01_01_c1r3.tgm.header,Tiny_3,39094964,264
a5ae20c6f09d6821,market_place_straight_v01_01_c1r2.tgm,Tiny_3,39093686,405
752689e3ebb5aaf1,market_place_straight_v01_01_c1r2.tgm.header,Tiny_3,39094091,264
245f3eab13097e93,market_place_straight_v01_01_c1r1.tgm,Art/Models/Terrain/Act3/MarketPlace/tgms_9,511304,908607
c098ae50a15ab60c,market_place_straight_v01_01_c1r1.tgm.header,Folders/art/models/terrain/act3/marketplace/tgms,590588,25254
c4bedf6dfe580af1,market_place_fill_v01_01_c3r3.tgm,Art/Models/Terrain/Act3/MarketPlace/tgms_9,504767,6537
5acb9787c3790acf,market_place_fill_v01_01_c3r3.tgm.header,Tiny_3,39092899,787
c886efa775024895,market_place_fill_v01_01_c3r2.tgm,Tiny_3,39090687,1909
fa14b22106106bbc,market_place_fill_v01_01_c3r2.tgm.header,Tiny_3,39092596,303
22f771e834ffd8d0,market_place_fill_v01_01_c3r1.tgm,Art/Models/Terrain/Act3/MarketPlace/tgms_9,497930,6837
250ad104b4a5d277,market_place_fill_v01_01_c3r1.tgm.header,Tiny_3,39089900,787
c3b47d9d8d9fc0a4,market_place_fill_v01_01_c2r3.tgm,Tiny_3,39087538,2059
7dabf83437be1802,market_place_fill_v01_01_c2r3.tgm.header,Tiny_3,39089597,303
073fbe4d28a0befd,market_place_fill_v01_01_c2r2.tgm,Art/Models/Terrain/Act3/MarketPlace/tgms_9,484879,13051
ad5bb5a7fd60650d,market_place_fill_v01_01_c2r2.tgm.header,Tiny_3,39086179,1359
12b09904eaeffce5,market_place_fill_v01_01_c2r1.tgm,Tiny_3,39083871,2005
54322d53a3219b1c,market_place_fill_v01_01_c2r1.tgm.header,Tiny_3,39085876,303
7534f1312c10f975,market_place_fill_v01_01_c1r3.tgm,Art/Models/Terrain/Act3/MarketPlace/tgms_9,478150,6729
7adf9d22ce0ba987,market_place_fill_v01_01_c1r3.tgm.header,Tiny_3,39083084,787
7540b0f83657e561,market_place_fill_v01_01_c1r2.tgm,Tiny_3,39080872,1909
68932746e86dacd9,market_place_fill_v01_01_c1r2.tgm.header,Tiny_3,39082781,303
98395e66c9702962,market_place_fill_v01_01_c1r1.tgm,Art/Models/Terrain/Act3/MarketPlace/tgms_9,471613,6537
9c14afd8d5428ada,market_place_fill_v01_01_c1r1.tgm.header,Tiny_3,39080085,787
0e71edf75c6801df,market_place_entrance_v01_01_c3r3.tgm,Tiny_3,39079026,795
baf4a1e4d2f9263d,market_place_entrance_v01_01_c3r3.tgm.header,Tiny_3,39079821,264
e985d74b3693a44a,market_place_entrance_v01_01_c3r2.tgm,Tiny_3,39078219,543
cfcd4d0bec48d068,market_place_entrance_v01_01_c3r2.tgm.header,Tiny_3,39078762,264
ebd9b818e67dcc39,market_place_entrance_v01_01_c3r1.tgm,Tiny_3,39077922,297
f74176e3aca4ea4b,market_place_entrance_v01_01_c3r1.tgm.header,Tiny_5,58445158,264
288569456b8a62e1,market_place_entrance_v01_01_c2r3.tgm,Art/Models/Terrain/Act3/MarketPlace/tgms_9,467172,4441
6737eac15f6065f1,market_place_entrance_v01_01_c2r3.tgm.header,Tiny_3,39077658,264
ed5146f80165e6ea,market_place_entrance_v01_01_c2r2.tgm,Art/Models/Terrain/Act3/MarketPlace/tgms_9,36477,430695
eb0f841936be4c02,market_place_entrance_v01_01_c2r2.tgm.header,Folders/art/models/terrain/act3/marketplace/tgms,579722,10866
d1b062a6e8460d2d,market_place_entrance_v01_01_c2r1.tgm,Art/Models/Terrain/Act3/MarketPlace/tgms_9,0,36477
2ea36822449384d8,market_place_entrance_v01_01_c2r1.tgm.header,Tiny_3,39076956,702
d50035361de3fb11,market_place_entrance_v01_01_c1r3.tgm,Tiny_3,39075975,717
1004797ac8224932,market_place_entrance_v01_01_c1r3.tgm.header,Tiny_3,39076692,264
66c4f7d254394c9f,market_place_entrance_v01_01_c1r2.tgm,Tiny_3,39075162,549
6b2e4c19c5fb9091,market_place_entrance_v01_01_c1r2.tgm.header,Tiny_3,39075711,264
698af8e4299c2089,market_place_entrance_v01_01_c1r1.tgm,Tiny_3,39074655,243
691c677b7b1a9ded,market_place_entrance_v01_01_c1r1.tgm.header,Tiny_3,39074898,264
4d8efcda5ee28a50,market_place_convex_v06_03_c3r3.tgm,Tiny_3,39071594,2797
cda45a2956139883,market_place_convex_v06_03_c3r3.tgm.header,Tiny_3,39074391,264
b0f2c49ae4d1ae7c,market_place_convex_v06_03_c3r2.tgm,Tiny_3,39068989,2341
f5ded8fa86e2c3d1,market_place_convex_v06_03_c3r2.tgm.header,Tiny_3,39071330,264
60a314b74c355ed0,market_place_convex_v06_03_c3r1.tgm,Tiny_3,39067296,1693
8c22aac5f40314a1,market_place_convex_v06_03_c3r1.tgm.header,Tiny_3,39040215,264
65949cd46ecb353d,market_place_convex_v06_03_c2r3.tgm,Tiny_3,39065069,1963
f880ece041ce42e0,market_place_convex_v06_03_c2r3.tgm.header,Tiny_3,39067032,264
f605340818711f49,market_place_convex_v06_03_c2r2.tgm,Art/Models/Terrain/Act3/MarketPlace/tgms_8,2203478,445889
a7de1204f6018237,market_place_convex_v06_03_c2r2.tgm.header,Folders/art/models/terrain/act3/marketplace/tgms,567580,12142
60f3073be244228b,market_place_convex_v06_03_c2r1.tgm,Tiny_3,39064664,405
58e050600368fc87,market_place_convex_v06_03_c2r1.tgm.header,Tiny_3,39048353,264
aa1600ef7dce871d,market_place_convex_v06_03_c1r3.tgm,Tiny_3,39063403,1261
7572f4930f4c0e82,market_place_convex_v06_03_c1r3.tgm.header,Tiny_3,39035572,264
eadd368064017805,market_place_convex_v06_03_c1r2.tgm,Tiny_3,39063052,351
74c7be4a2a036fac,market_place_convex_v06_03_c1r2.tgm.header,Tiny_3,39020244,264
29586ba85d29c5af,market_place_convex_v06_03_c1r1.tgm,Tiny_3,39062701,351
42ad291c693234cc,market_place_convex_v06_03_c1r1.tgm.header,Tiny_3,39026436,264
5538d0fb58c34432,market_place_convex_v06_02_c3r3.tgm,Tiny_3,39060192,2245
ddfc541c14ba52d8,market_place_convex_v06_02_c3r3.tgm.header,Tiny_3,39062437,264
d45356f1d666cdb9,market_place_convex_v06_02_c3r2.tgm,Tiny_3,39057947,1981
63b6c164d6a9737b,market_place_convex_v06_02_c3r2.tgm.header,Tiny_3,39059928,264
174feaf987e3a3ed,market_place_convex_v06_02_c3r1.tgm,Tiny_3,39056164,1519
9610561b2e6de422,market_place_convex_v06_02_c3r1.tgm.header,Tiny_3,39057683,264
2d4f68dc42d09d1a,market_place_convex_v06_02_c2r3.tgm,Tiny_3,39054297,1603
47e4232c909d0dbb,market_place_convex_v06_02_c2r3.tgm.header,Tiny_3,39055900,264
ab9ce0d528bd6221,market_place_convex_v06_02_c2r2.tgm,Art/Models/Terrain/Act3/MarketPlace/tgms_8,1674995,528483
f19d1b9236d20cd2,market_place_convex_v06_02_c2r2.tgm.header,Folders/art/models/terrain/act3/marketplace/tgms,553018,14562
b74a7ae1560d801d,market_place_convex_v06_02_c2r1.tgm,Tiny_3,39053892,405
b081610ab9458319,market_place_convex_v06_02_c2r1.tgm.header,Tiny_3,39048353,264
a140bd84e15b9d62,market_place_convex_v06_02_c1r3.tgm,Tiny_3,39052541,1087
a92796d3a17cbd9c,market_place_convex_v06_02_c1r3.tgm.header,Tiny_3,39053628,264
edfbbf84b42e743b,market_place_convex_v06_02_c1r2.tgm,Tiny_3,39051926,351
6e6613c9559673fe,market_place_convex_v06_02_c1r2.tgm.header,Tiny_3,39052277,264
7a71cfeaac7343de,market_place_convex_v06_02_c1r1.tgm,Tiny_3,39051575,351
aa06cdc676428997,market_place_convex_v06_02_c1r1.tgm.header,Tiny_3,39020244,264
3e378d685861cb1e,market_place_convex_v06_01_c3r3.tgm,Tiny_3,39050876,699
6a4297ff01ab646a,market_place_convex_v06_01_c3r3.tgm.header,Tiny_3,39025821,264
8830f40baa69a08f,market_place_convex_v06_01_c3r2.tgm,Tiny_3,39049853,759
9f9105d175c581a6,market_place_convex_v06_01_c3r2.tgm.header,Tiny_3,39050612,264
4acd8dacb0272e86,market_place_convex_v06_01_c3r1.tgm,Tiny_3,39049076,513
06047f606c82ba5a,market_place_convex_v06_01_c3r1.tgm.header,Tiny_3,39049589,264
4fff6ed7d423bf88,market_place_convex_v06_01_c2r3.tgm,Tiny_3,39048617,459
2816a23a2c001051,market_place_convex_v06_01_c2r3.tgm.header,Tiny_3,39022950,264
1a876a059b43eed7,market_place_convex_v06_01_c2r2.tgm,Art/Models/Terrain/Act3/MarketPlace/tgms_8,1041976,633019
b1f3e27ef2e7ca35,market_place_convex_v06_01_c2r2.tgm.header,Folders/art/models/terrain/act3/marketplace/tgms,532076,20942
64c666871de51fb8,market_place_convex_v06_01_c2r1.tgm,Tiny_3,39047948,405
92ab680d61b4902d,market_place_convex_v06_01_c2r1.tgm.header,Tiny_3,39048353,264
396ac5121bf20920,market_place_convex_v06_01_c1r3.tgm,Tiny_3,39047513,435
b93365e212296a86,market_place_convex_v06_01_c1r3.tgm.header,Tiny_3,39021558,264
cc43f9d18e32d0da,market_place_convex_v06_01_c1r2.tgm,Tiny_3,39046898,351
c474d618aedb328e,market_place_convex_v06_01_c1r2.tgm.header,Tiny_3,39047249,264
4a3745236d2d8e85,market_place_convex_v06_01_c1r1.tgm,Tiny_3,39046283,351
40ae93f365ee50fe,market_place_convex_v06_01_c1r1.tgm.header,Tiny_3,39046634,264
a3d6bb49b9a055b6,market_place_convex_v03_01_c3r3.tgm,Tiny_3,39043192,2827
8cf695399fa5c93b,market_place_convex_v03_01_c3r3.tgm.header,Tiny_3,39046019,264
7a8273ac4ef5726e,market_place_convex_v03_01_c3r2.tgm,Tiny_3,39040479,2449
35a5661c6affc13b,market_place_convex_v03_01_c3r2.tgm.header,Tiny_3,39042928,264
7ac6ea7a813ac1b3,market_place_convex_v03_01_c3r1.tgm,Tiny_3,39038522,1693
68df5aa704276aa2,market_place_convex_v03_01_c3r1.tgm.header,Tiny_3,39040215,264
346c70b516fb5689,market_place_convex_v03_01_c2r3.tgm,Tiny_3,39036241,2017
82b545a4628391ab,market_place_convex_v03_01_c2r3.tgm.header,Tiny_3,39038258,264
0599e4ed5e8f8e51,market_place_convex_v03_01_c2r2.tgm,Art/Models/Terrain/Act3/MarketPlace/tgms_8,630067,411909
fd5213dc18b91998,market_place_convex_v03_01_c2r2.tgm.header,Folders/art/models/terrain/act3/marketplace/tgms,519098,12978
a1fa97f7c3771cb7,market_place_convex_v03_01_c2r1.tgm,Tiny_3,39035836,405
e13592b14eebc48b,market_place_convex_v03_01_c2r1.tgm.header,Tiny_3,39022227,264
4ccfdf264651065f,market_place_convex_v03_01_c1r3.tgm,Tiny_3,39034311,1261
7874136dcca24876,market_place_convex_v03_01_c1r3.tgm.header,Tiny_3,39035572,264
ccdb6c229bf622a7,market_place_convex_v03_01_c1r2.tgm,Tiny_3,39033696,351
10b7d9c31697cfa6,market_place_convex_v03_01_c1r2.tgm.header,Tiny_3,39034047,264
726fa5f6bb47c168,market_place_convex_v03_01_c1r1.tgm,Tiny_3,39033345,351
9bc2fa9196c08e93,market_place_convex_v03_01_c1r1.tgm.header,Tiny_3,39026436,264
516757331657ad24,market_place_convex_v02_01_c3r3.tgm,Tiny_3,39031938,1143
1ee4e16110cba156,market_place_convex_v02_01_c3r3.tgm.header,Tiny_3,39033081,264
9804284bfdb0650a,market_place_convex_v02_01_c3r2.tgm,Tiny_3,39030555,1119
f19253b9a595c82a,market_place_convex_v02_01_c3r2.tgm.header,Tiny_3,39031674,264
9bcc24fde42b514a,market_place_convex_v02_01_c3r1.tgm,Tiny_3,39029586,705
938c6b1d2d917f75,market_place_convex_v02_01_c3r1.tgm.header,Tiny_3,39030291,264
468ac52d40c9672c,market_place_convex_v02_01_c2r3.tgm,Tiny_3,39028527,795
6657cff029378a12,market_place_convex_v02_01_c2r3.tgm.header,Tiny_3,39029322,264
50033dbf69f03652,market_place_convex_v02_01_c2r2.tgm,Art/Models/Terrain/Act3/MarketPlace/tgms_8,0,630067
7fc32d2bb9b029fd,market_place_convex_v02_01_c2r2.tgm.header,Folders/art/models/terrain/act3/marketplace/tgms,502116,16982
60f9286628996c23,market_place_convex_v02_01_c2r1.tgm,Tiny_3,39027858,405
c6e78c8c59cf798e,market_place_convex_v02_01_c2r1.tgm.header,Tiny_3,39028263,264
19a1d821e967375d,market_place_convex_v02_01_c1r3.tgm,Tiny_3,39027051,543
59ce1c522163c848,market_place_convex_v02_01_c1r3.tgm.header,Tiny_3,39027594,264
5a500842e8ed5ced,market_place_convex_v02_01_c1r2.tgm,Tiny_3,39026700,351
1d0a97e2a0263a42,market_place_convex_v02_01_c1r2.tgm.header,Tiny_3,39020244,264
4c0217ac37f547bd,market_place_convex_v02_01_c1r1.tgm,Tiny_3,39026085,351
00178e857755c759,market_place_convex_v02_01_c1r1.tgm.header,Tiny_3,39026436,264
f7c983a4164d6b97,market_place_convex_v01_02_c3r3.tgm,Tiny_3,39025122,699
da6608bcdcdd4486,market_place_convex_v01_02_c3r3.tgm.header,Tiny_3,39025821,264
05d6764718b1ac07,market_place_convex_v01_02_c3r2.tgm,Tiny_3,39024045,813
bfcb787fdd488867,market_place_convex_v01_02_c3r2.tgm.header,Tiny_3,39024858,264
543e391e90ad2d25,market_place_convex_v01_02_c3r1.tgm,Tiny_3,39023214,567
283752c7983e1107,market_place_convex_v01_02_c3r1.tgm.header,Tiny_3,39023781,264
9adddadf947f6fff,market_place_convex_v01_02_c2r3.tgm,Tiny_3,39022491,459
8cf170501eb540c6,market_place_convex_v01_02_c2r3.tgm.header,Tiny_3,39022950,264
ee128976ac1d3e8e,market_place_convex_v01_02_c2r2.tgm,Art/Models/Terrain/Act3/MarketPlace/tgms_7,2350792,625771
7541fdf2f46447da,market_place_convex_v01_02_c2r2.tgm.header,Folders/art/models/terrain/act3/marketplace/tgms,487378,14738
721054ada384e960,market_place_convex_v01_02_c2r1.tgm,Tiny_3,39021822,405
8a63cb90aa66d475,market_place_convex_v01_02_c2r1.tgm.header,Tiny_3,39022227,264
d0d58296ddcf84e9,market_place_convex_v01_02_c1r3.tgm,Tiny_3,39021123,435
9a40e709d194c0a1,market_place_convex_v01_02_c1r3.tgm.header,Tiny_3,39021558,264
3628b7851f880e4c,market_place_convex_v01_02_c1r2.tgm,Tiny_3,39020508,351
eda66c8634b87888,market_place_convex_v01_02_c1r2.tgm.header,Tiny_3,39020859,264
79347202d15fcbda,market_place_convex_v01_02_c1r1.tgm,Tiny_3,39019893,351
dd0d2e5784302840,market_place_convex_v01_02_c1r1.tgm.header,Tiny_3,39020244,264
a61457aca7b1d5d8,market_place_convex_v01_01_c3r3.tgm,Tiny_3,39016982,2647
c431ad706f6a00e6,market_place_convex_v01_01_c3r3.tgm.header,Tiny_3,39019629,264
961165da153e3892,market_place_convex_v01_01_c3r2.tgm,Tiny_3,39014509,2209
3cf1ffb608450c5b,market_place_convex_v01_01_c3r2.tgm.header,Tiny_3,39016718,264
26fffa1b89606eba,market_place_convex_v01_01_c3r1.tgm,Tiny_3,39012660,1585
0c076b7a8a348dcd,market_place_convex_v01_01_c3r1.tgm.header,Tiny_3,39014245,264
d60d3b69e91308f2,market_place_convex_v01_01_c2r3.tgm,Tiny_3,39010373,2023
0a336c62b378b3a4,market_place_convex_v01_01_c2r3.tgm.header,Tiny_3,39012396,264
d54514352fa4b23f,market_place_convex_v01_01_c2r2.tgm,Art/Models/Terrain/Act3/MarketPlace/tgms_7,1487699,863093
daa05b208eb6a3fd,market_place_convex_v01_01_c2r2.tgm.header,Folders/art/models/terrain/act3/marketplace/tgms,467316,20062
eb4ab8e67b8352c5,market_place_convex_v01_01_c2r1.tgm,Tiny_3,39009860,513
a608e00a56e67bbe,market_place_convex_v01_01_c2r1.tgm.header,Tiny_3,38939391,264
51373da5168e31b5,market_place_convex_v01_01_c1r3.tgm,Tiny_3,39008335,1261
87005f8f157204d0,market_place_convex_v01_01_c1r3.tgm.header,Tiny_3,39009596,264
e236a00f70d48fd3,market_place_convex_v01_01_c1r2.tgm,Tiny_3,39007720,351
c29a3edb6db27f1a,market_place_convex_v01_01_c1r2.tgm.header,Tiny_3,39008071,264
2ec921c754e49887,market_place_convex_v01_01_c1r1.tgm,Tiny_3,39007105,351
b6fc837064e0195b,market_place_convex_v01_01_c1r1.tgm.header,Tiny_3,39007456,264
9e1709d71db2e8b6,market_place_concave_v05_03_c3r3.tgm,Tiny_3,39005010,2095
8a9c0b7d06f432ca,market_place_concave_v05_03_c3r3.tgm.header,Tiny_3,38978373,264
895755585b2b649a,market_place_concave_v05_03_c3r2.tgm,Tiny_3,39004389,621
f00b767b56e62e31,market_place_concave_v05_03_c3r2.tgm.header,Tiny_3,38970734,264
c94fc2db9cccc5f4,market_place_concave_v05_03_c3r1.tgm,Tiny_3,38982102,405
184116f6adea6068,market_place_concave_v05_03_c3r1.tgm.header,Tiny_3,38982507,264
ca8ac2dbdfb1d4d8,market_place_concave_v05_03_c2r3.tgm,Tiny_3,38998736,1053
bd02d9861c994468,market_place_concave_v05_03_c2r3.tgm.header,Tiny_3,38999789,264
d97cad391dd2beea,market_place_concave_v05_03_c2r2.tgm,Art/Models/Terrain/Act3/MarketPlace/tgms_7,0,1487699
43e2321d174fc9e2,market_place_concave_v05_03_c2r2.tgm.header,Folders/art/models/terrain/act3/marketplace/tgms,430886,36430
1d7f7d514f7f7ddb,market_place_concave_v05_03_c2r1.tgm,Tiny_3,39003984,405
f71c00ca302acd7c,market_place_concave_v05_03_c2r1.tgm.header,Tiny_3,38980521,264
a1042ff1501f1f53,market_place_concave_v05_03_c1r3.tgm,Tiny_3,39003687,297
0a2a3c8de52fd3fb,market_place_concave_v05_03_c1r3.tgm.header,Tiny_3,38992150,264
a4e7ed2d06a9ff52,market_place_concave_v05_03_c1r2.tgm,Tiny_3,39003120,567
39e9562cfba033c9,market_place_concave_v05_03_c1r2.tgm.header,Tiny_3,38966633,264
08320df01e720d76,market_place_concave_v05_03_c1r1.tgm,Tiny_3,39002769,351
70f4a7c2f91f8daa,market_place_concave_v05_03_c1r1.tgm.header,Tiny_3,38965802,264
344292ff047b3e24,market_place_concave_v05_02_c3r3.tgm,Tiny_3,39000674,2095
300d1387ade3dfa8,market_place_concave_v05_02_c3r3.tgm.header,Tiny_3,38978373,264
fe3db90a0d540710,market_place_concave_v05_02_c3r2.tgm,Tiny_3,39000053,621
608e955e89991665,market_place_concave_v05_02_c3r2.tgm.header,Tiny_3,38970734,264
8185cf80852f65ef,market_place_concave_v05_02_c3r1.tgm,Tiny_3,38975252,405
625b81b572998554,market_place_concave_v05_02_c3r1.tgm.header,Tiny_3,38969849,264
ec5fb5923c53cd7d,market_place_concave_v05_02_c2r3.tgm,Tiny_3,38998736,1053
3226b441ba691e7b,market_place_concave_v05_02_c2r3.tgm.header,Tiny_3,38999789,264
fc2f18d7cc6770d0,market_place_concave_v05_02_c2r2.tgm,Art/Models/Terrain/Act3/MarketPlace/tgms_6,2168232,879965
968e7caccbf2a5b6,market_place_concave_v05_02_c2r2.tgm.header,Folders/art/models/terrain/act3/marketplace/tgms,406468,24418
078dbe5d176c19e5,market_place_concave_v05_02_c2r1.tgm,Tiny_3,38980116,405
6ffa759ef2a61081,market_place_concave_v05_02_c2r1.tgm.header,Tiny_3,38980521,264
3f46f652252883f8,market_place_concave_v05_02_c1r3.tgm,Tiny_3,38998439,297
1ee8a40c2c4dd517,market_place_concave_v05_02_c1r3.tgm.header,Tiny_3,38992150,264
97f885e182bd1b06,market_place_concave_v05_02_c1r2.tgm,Tiny_3,38997872,567
0de9026b332e65a6,market_place_concave_v05_02_c1r2.tgm.header,Tiny_3,38966633,264
714b52c1d7df460e,market_place_concave_v05_02_c1r1.tgm,Tiny_3,38997521,351
000d6fceec0fd076,market_place_concave_v05_02_c1r1.tgm.header,Tiny_3,38965802,264
d6ae50388ec16e87,market_place_concave_v05_01_c3r3.tgm,Tiny_3,38995426,2095
f28057d962a9e569,market_place_concave_v05_01_c3r3.tgm.header,Tiny_3,38978373,264
afd8cbdd897ead2c,market_place_concave_v05_01_c3r2.tgm,Tiny_3,38994805,621
da63be6809ae8eb4,market_place_concave_v05_01_c3r2.tgm.header,Tiny_3,38970734,264
205bfd4cb4918ea5,market_place_concave_v05_01_c3r1.tgm,Tiny_3,38994136,405
46e9a5c4e1e29c8d,market_place_concave_v05_01_c3r1.tgm.header,Tiny_3,38994541,264
30870160842ea9ad,market_place_concave_v05_01_c2r3.tgm,Art/Models/Terrain/Act3/MarketPlace/tgms_6,1029841,1138391
ef40d5882f352058,market_place_concave_v05_01_c2r3.tgm.header,Folders/art/models/terrain/act3/marketplace/tgms,375318,31150
bb1b073fb76f95b2,market_place_concave_v05_01_c2r2.tgm,Tiny_3,38992819,1053
4e2e9b6089185b5f,market_place_concave_v05_01_c2r2.tgm.header,Tiny_3,38993872,264
2023b9eb427c67a7,market_place_concave_v05_01_c2r1.tgm,Tiny_3,38992414,405
0bd18f67474337f0,market_place_concave_v05_01_c2r1.tgm.header,Tiny_3,38967863,264
195d0594bb3884f2,market_place_concave_v05_01_c1r3.tgm,Tiny_3,38991853,297
decef2341838ddcc,market_place_concave_v05_01_c1r3.tgm.header,Tiny_3,38992150,264
9b1c9ec51028fc76,market_place_concave_v05_01_c1r2.tgm,Tiny_3,38991286,567
11d270bb7b2e1152,market_place_concave_v05_01_c1r2.tgm.header,Tiny_3,38966633,264
58d81c2caff614a0,market_place_concave_v05_01_c1r1.tgm,Tiny_3,38990935,351
8b3e60076cd76220,market_place_concave_v05_01_c1r1.tgm.header,Tiny_3,38965802,264
ab187cf5ed4f176d,market_place_concave_v03_01_c3r3.tgm,Tiny_3,38988576,2095
26859d0ec01b69d9,market_place_concave_v03_01_c3r3.tgm.header,Tiny_3,38990671,264
3517b79a360ab630,market_place_concave_v03_01_c3r2.tgm,Tiny_3,38987955,621
ff511d148e40dfb4,market_place_concave_v03_01_c3r2.tgm.header,Tiny_3,38970734,264
a04b3ce3e82cf996,market_place_concave_v03_01_c3r1.tgm,Tiny_3,38987550,405
d506d3549b161da7,market_place_concave_v03_01_c3r1.tgm.header,Tiny_3,38980521,264
e3d7f536997e98d7,market_place_concave_v03_01_c2r3.tgm,Tiny_3,38986233,1053
8dafbfbeccf691df,market_place_concave_v03_01_c2r3.tgm.header,Tiny_3,38987286,264
369755c829e97a1a,market_place_concave_v03_01_c2r2.tgm,Art/Models/Terrain/Act3/MarketPlace/tgms_6,0,1029841
df56e7bbd88abe86,market_place_concave_v03_01_c2r2.tgm.header,Folders/art/models/terrain/act3/marketplace/tgms,345664,29654
c32c38005af73dc8,market_place_concave_v03_01_c2r1.tgm,Tiny_3,38985828,405
8768a3245fb07a7c,market_place_concave_v03_01_c2r1.tgm.header,Tiny_3,38980521,264
53d731b4ee2ffaa2,market_place_concave_v03_01_c1r3.tgm,Tiny_3,38985531,297
3240821e284c0105,market_place_concave_v03_01_c1r3.tgm.header,Tiny_3,38967194,264
10e954eb64435fd2,market_place_concave_v03_01_c1r2.tgm,Tiny_3,38984964,567
c03e022b9bbcf470,market_place_concave_v03_01_c1r2.tgm.header,Tiny_3,38966633,264
a9cdb5ad07edcdc4,market_place_concave_v03_01_c1r1.tgm,Tiny_3,38984613,351
2f05ce8a2335c02d,market_place_concave_v03_01_c1r1.tgm.header,Tiny_3,38965802,264
b413c6908bf16eb5,market_place_concave_v02_01_c3r3.tgm,Tiny_3,38983392,957
27c80a8896b5b41d,market_place_concave_v02_01_c3r3.tgm.header,Tiny_3,38984349,264
92f98f571e1af39a,market_place_concave_v02_01_c3r2.tgm,Tiny_3,38982771,621
8128e307357b6c94,market_place_concave_v02_01_c3r2.tgm.header,Tiny_3,38970734,264
bc70b11f513400a7,market_place_concave_v02_01_c3r1.tgm,Tiny_3,38982102,405
d461be1cb5e4fa5d,market_place_concave_v02_01_c3r1.tgm.header,Tiny_3,38982507,264
b50ebeee858df7ff,market_place_concave_v02_01_c2r3.tgm,Tiny_3,38980785,1053
a807ab583b54a486,market_place_concave_v02_01_c2r3.tgm.header,Tiny_3,38981838,264
8a01b8fdb53bc1d5,market_place_concave_v02_01_c2r2.tgm,Art/Models/Terrain/Act3/MarketPlace/tgms_5,1893310,1150363
56a3abc55cd7279b,market_place_concave_v02_01_c2r2.tgm.header,Folders/art/models/terrain/act3/marketplace/tgms,316802,28862
76cca00db56f9252,market_place_concave_v02_01_c2r1.tgm,Tiny_3,38980116,405
a7a4127854541553,market_place_concave_v02_01_c2r1.tgm.header,Tiny_3,38980521,264
0a7a2e8fe6dd9326,market_place_concave_v02_01_c1r3.tgm,Tiny_3,38979555,297
2112ed249210c7b3,market_place_concave_v02_01_c1r3.tgm.header,Tiny_3,38979852,264
380ce6341b9f8868,market_place_concave_v02_01_c1r2.tgm,Tiny_3,38978988,567
6705c4287fe0da61,market_place_concave_v02_01_c1r2.tgm.header,Tiny_3,38966633,264
ad3ce4f4b1185a57,market_place_concave_v02_01_c1r1.tgm,Tiny_3,38978637,351
8a027cdb61e9ff37,market_place_concave_v02_01_c1r1.tgm.header,Tiny_3,38965802,264
03c58b17601fce12,market_place_concave_v01_02_c3r3.tgm,Tiny_3,38976278,2095
9324a971ff972f47,market_place_concave_v01_02_c3r3.tgm.header,Tiny_3,38978373,264
dd146f87f3dd5e0f,market_place_concave_v01_02_c3r2.tgm,Tiny_3,38975657,621
dd965252e83e49c9,market_place_concave_v01_02_c3r2.tgm.header,Tiny_3,38970734,264
08cb74865b94b487,market_place_concave_v01_02_c3r1.tgm,Tiny_3,38975252,405
86c243763b83753a,market_place_concave_v01_02_c3r1.tgm.header,Tiny_3,38969849,264
c6506fb8f00dd6f3,market_place_concave_v01_02_c2r3.tgm,Tiny_3,38974199,1053
7adb0f2dcc914909,market_place_concave_v01_02_c2r3.tgm.header,Tiny_3,38969180,264
4b6d71353bed1757,market_place_concave_v01_02_c2r2.tgm,Art/Models/Terrain/Act3/MarketPlace/tgms_5,1027429,865881
0f2877f831ff76ab,market_place_concave_v01_02_c2r2.tgm.header,Folders/art/models/terrain/act3/marketplace/tgms,293396,23406
796212c3c0b965b6,market_place_concave_v01_02_c2r1.tgm,Tiny_3,38973530,405
7cb2c6544ce6c8b1,market_place_concave_v01_02_c2r1.tgm.header,Tiny_3,38973935,264
90c181ba3b6a2cd1,market_place_concave_v01_02_c1r3.tgm,Tiny_3,38973233,297
cd9926f02247ce7c,market_place_concave_v01_02_c1r3.tgm.header,Tiny_3,38967194,264
4c92c04edffa9da3,market_place_concave_v01_02_c1r2.tgm,Tiny_3,38972666,567
2e39a6276047a313,market_place_concave_v01_02_c1r2.tgm.header,Tiny_3,38966633,264
17a5e525901e92cd,market_place_concave_v01_02_c1r1.tgm,Tiny_3,38972315,351
d90499b2b7846523,market_place_concave_v01_02_c1r1.tgm.header,Tiny_3,38965802,264
983336fa3892229b,market_place_concave_v01_01_c3r3.tgm,Tiny_3,38970998,1053
ddfb683dd91cdb82,market_place_concave_v01_01_c3r3.tgm.header,Tiny_3,38972051,264
25108ec97cdfcbcf,market_place_concave_v01_01_c3r2.tgm,Tiny_3,38970113,621
05791d9fd55dd184,market_place_concave_v01_01_c3r2.tgm.header,Tiny_3,38970734,264
e9a3e56a8a777559,market_place_concave_v01_01_c3r1.tgm,Tiny_3,38969444,405
fa8d511d1f1af5b2,market_place_concave_v01_01_c3r1.tgm.header,Tiny_3,38969849,264
fdc9070b28e1b6ef,market_place_concave_v01_01_c2r3.tgm,Tiny_3,38968127,1053
e3482769032bea07,market_place_concave_v01_01_c2r3.tgm.header,Tiny_3,38969180,264
04caa936a98ff7ef,market_place_concave_v01_01_c2r2.tgm,Art/Models/Terrain/Act3/MarketPlace/tgms_5,0,1027429
e333e2d4f2d3d19f,market_place_concave_v01_01_c2r2.tgm.header,Folders/art/models/terrain/act3/marketplace/tgms,271266,22130
cb9b9c67d43ae092,market_place_concave_v01_01_c2r1.tgm,Tiny_3,38967458,405
ed4449701e83aa2d,market_place_concave_v01_01_c2r1.tgm.header,Tiny_3,38967863,264
5abde235505c6d44,market_place_concave_v01_01_c1r3.tgm,Tiny_3,38966897,297
066615ba9de091df,market_place_concave_v01_01_c1r3.tgm.header,Tiny_3,38967194,264
b804dcb92dc6d7f4,market_place_concave_v01_01_c1r2.tgm,Tiny_3,38966066,567
e5fd9128f5ac3f33,market_place_concave_v01_01_c1r2.tgm.header,Tiny_3,38966633,264
0fddfd2b5e76eeb8,market_place_concave_v01_01_c1r1.tgm,Tiny_3,38965451,351
2315a81314cae349,market_place_concave_v01_01_c1r1.tgm.header,Tiny_3,38965802,264
1cd0b3d028010026,market_place_arcade_straight_v01_01_c3r3.tgm,Tiny_3,38964940,247
a8c908bcd0811016,market_place_arcade_straight_v01_01_c3r3.tgm.header,Tiny_3,38965187,264
9a7f5ae1e817696f,market_place_arcade_straight_v01_01_c3r2.tgm,Tiny_3,38964369,571
f0a087f93f78bc7c,market_place_arcade_straight_v01_01_c3r2.tgm.header,Tiny_3,38879458,264
bfe3dc6f8edd65e9,market_place_arcade_straight_v01_01_c3r1.tgm,Tiny_3,38963696,409
2223d582b60de650,market_place_arcade_straight_v01_01_c3r1.tgm.header,Tiny_3,38964105,264
870b39a9117c5043,market_place_arcade_straight_v01_01_c2r3.tgm,Tiny_3,38963023,409
abe239f81712f8b7,market_place_arcade_straight_v01_01_c2r3.tgm.header,Tiny_3,38963432,264
e91d77be1ab03cf4,market_place_arcade_straight_v01_01_c2r2.tgm,Art/Models/Terrain/Act3/MarketPlace/tgms_13,1403194,1020701
86a45de2ceeb04b2,market_place_arcade_straight_v01_01_c2r2.tgm.header,Folders/art/models/terrain/act3/marketplace/tgms,244384,26882
56e0398037cbf5ee,market_place_arcade_straight_v01_01_c2r1.tgm,Tiny_3,38962722,301
0b12c54bebd9cf37,market_place_arcade_straight_v01_01_c2r1.tgm.header,Tiny_3,38835072,264
6f3d02929c273e97,market_place_arcade_straight_v01_01_c1r3.tgm,Tiny_3,38962157,301
5a4e76bda8e3c03b,market_place_arcade_straight_v01_01_c1r3.tgm.header,Tiny_3,38962458,264
acc16a3930b9edb8,market_place_arcade_straight_v01_01_c1r2.tgm,Tiny_3,38961538,355
09d08c1d0eb4aad5,market_place_arcade_straight_v01_01_c1r2.tgm.header,Tiny_3,38961893,264
5ed8d1d84afd84b4,market_place_arcade_straight_v01_01_c1r1.tgm,Tiny_3,38960973,301
741b5a546d6ab8e1,market_place_arcade_straight_v01_01_c1r1.tgm.header,Tiny_3,38961274,264
886606802db5740b,market_place_arcade_convex_v01_01_c3r3.tgm,Tiny_3,38960618,355
4f3f61a02c124ea7,market_place_arcade_convex_v01_01_c3r3.tgm.header,Tiny_3,38843415,264
c8f1906845e06c24,market_place_arcade_convex_v01_01_c3r2.tgm,Tiny_3,38959729,625
b15ca5f4ee48350a,market_place_arcade_convex_v01_01_c3r2.tgm.header,Tiny_3,38960354,264
d143ea2774e507cb,market_place_arcade_convex_v01_01_c3r1.tgm,Tiny_3,38959110,355
c5c1ffba9b4fc841,market_place_arcade_convex_v01_01_c3r1.tgm.header,Tiny_3,38959465,264
6b4795e2e774161b,market_place_arcade_convex_v01_01_c2r3.tgm,Tiny_3,38958863,247
a0158f34edf0f29f,market_place_arcade_convex_v01_01_c2r3.tgm.header,Tiny_6,3051465,264
3d3510e11583e685,market_place_arcade_convex_v01_01_c2r2.tgm,Tiny_3,38958346,517
37b016f836bd5b56,market_place_arcade_convex_v01_01_c2r2.tgm.header,Tiny_6,871236,264
4a11d5ac1d88af44,market_place_arcade_convex_v01_01_c2r1.tgm,Tiny_3,38957673,409
ec25210f046a4d13,market_place_arcade_convex_v01_01_c2r1.tgm.header,Tiny_3,38958082,264
2415000e9d162e4f,market_place_arcade_convex_v01_01_c1r3.tgm,Tiny_3,38957426,247
0e8d6e042e875af4,market_place_arcade_convex_v01_01_c1r3.tgm.header,Tiny_6,3051465,264
9beef295b3909312,market_place_arcade_convex_v01_01_c1r2.tgm,Art/Models/Terrain/Act3/MarketPlace/tgms_13,870137,533057
15f9b3f194a62119,market_place_arcade_convex_v01_01_c1r2.tgm.header,Folders/art/models/terrain/act3/marketplace/tgms,229778,14606
a18785c4320440fc,market_place_arcade_convex_v01_01_c1r1.tgm,Tiny_3,38956807,355
429cfee87a50eb10,market_place_arcade_convex_v01_01_c1r1.tgm.header,Tiny_3,38957162,264
7d6f03e256d7b01a,market_place_arcade_concave_v01_01_c3r3.tgm,Tiny_3,38956452,355
b89c0ed98eca8bc6,market_place_arcade_concave_v01_01_c3r3.tgm.header,Tiny_6,3050958,264
70d80cc0b63d8bde,market_place_arcade_concave_v01_01_c3r2.tgm,Tiny_3,38955935,517
c105b49c610253a4,market_place_arcade_concave_v01_01_c3r2.tgm.header,Tiny_6,871236,264
27ccd07442c0789f,market_place_arcade_concave_v01_01_c3r1.tgm,Tiny_3,38955316,355
55fbc62fdb320824,market_place_arcade_concave_v01_01_c3r1.tgm.header,Tiny_3,38955671,264
d96a78851b86ef63,market_place_arcade_concave_v01_01_c2r3.tgm,Tiny_3,38954961,355
4587dd3c67da1cbf,market_place_arcade_concave_v01_01_c2r3.tgm.header,Tiny_6,3050958,264
243babd90c8be9f1,market_place_arcade_concave_v01_01_c2r2.tgm,Art/Models/Terrain/Act3/MarketPlace/tgms_13,0,870137
1b10f7744242bfc5,market_place_arcade_concave_v01_01_c2r2.tgm.header,Folders/art/models/terrain/act3/marketplace/tgms,211476,18302
72972dec1390eb45,market_place_arcade_concave_v01_01_c2r1.tgm,Tiny_3,38954288,409
efccf7777eb9f9b5,market_place_arcade_concave_v01_01_c2r1.tgm.header,Tiny_3,38954697,264
3019bb1e6000e6e2,market_place_arcade_concave_v01_01_c1r3.tgm,Tiny_3,38954041,247
cf6d7e3d75d1b95a,market_place_arcade_concave_v01_01_c1r3.tgm.header,Tiny_6,3051465,264
d6f52e7d455d38ea,market_place_arcade_concave_v01_01_c1r2.tgm,Tiny_3,38953686,355
63fe3150bc2e30f3,market_place_arcade_concave_v01_01_c1r2.tgm.header,Tiny_6,3050958,264
b51b2fce791ba086,market_place_arcade_concave_v01_01_c1r1.tgm,Tiny_3,38953175,247
48c796a41201ab5c,market_place_arcade_concave_v01_01_c1r1.tgm.header,Tiny_3,38953422,264
d3dfe5d05661d146,market_ledge_connection_v01_03_c3r3.tgm,Tiny_3,38952344,567
f84fdec63e250f37,market_ledge_connection_v01_03_c3r3.tgm.header,Tiny_3,38952911,264
d23731e594bf6e55,market_ledge_connection_v01_03_c3r2.tgm,Tiny_3,38951345,735
eef77d709bc63af5,market_ledge_connection_v01_03_c3r2.tgm.header,Tiny_3,38952080,264
47cb80b0595f869d,market_ledge_connection_v01_03_c3r1.tgm,Art/Models/Terrain/Act3/MarketPlace/tgms_12,1585730,494621
588291de86550613,market_ledge_connection_v01_03_c3r1.tgm.header,Folders/art/models/terrain/act3/marketplace/tgms,203690,7786
a461f457bdc5eadc,market_ledge_connection_v01_03_c2r3.tgm,Tiny_3,38950514,567
d6fafe6ad297d310,market_ledge_connection_v01_03_c2r3.tgm.header,Tiny_3,38951081,264
e39fb0b17642b556,market_ledge_connection_v01_03_c2r2.tgm,Tiny_3,38949683,567
096a55aefbee0eba,market_ledge_connection_v01_03_c2r2.tgm.header,Tiny_3,38950250,264
14f6bf3203b888bf,market_ledge_connection_v01_03_c2r1.tgm,Tiny_3,38948906,513
f2149ebe48aee3fb,market_ledge_connection_v01_03_c2r1.tgm.header,Tiny_3,38949419,264
1e9723fda4ccc5e0,market_ledge_connection_v01_03_c1r3.tgm,Tiny_3,38948237,405
ec052cd921b5d41c,market_ledge_connection_v01_03_c1r3.tgm.header,Tiny_3,38948642,264
1b23e7ea4f598cec,market_ledge_connection_v01_03_c1r2.tgm,Tiny_3,38947622,351
f2be8a9b5fe880ef,market_ledge_connection_v01_03_c1r2.tgm.header,Tiny_3,38947973,264
3cd9599df7a00e05,market_ledge_connection_v01_03_c1r1.tgm,Tiny_3,38947007,351
09bd27d7dd7e5224,market_ledge_connection_v01_03_c1r1.tgm.header,Tiny_3,38947358,264
db4a2674a85e2eb6,market_ledge_connection_v01_02_c3r3.tgm,Tiny_3,38946386,621
02a9e138a2640679,market_ledge_connection_v01_02_c3r3.tgm.header,Tiny_3,38946122,264
99441d7fe665b32f,market_ledge_connection_v01_02_c3r2.tgm,Tiny_3,38945501,621
9111dd0991708be3,market_ledge_connection_v01_02_c3r2.tgm.header,Tiny_3,38946122,264
7f9f5c852f815f16,market_ledge_connection_v01_02_c3r1.tgm,Art/Models/Terrain/Act3/MarketPlace/tgms_12,1277719,308011
46aee13ca1ba2132,market_ledge_connection_v01_02_c3r1.tgm.header,Tiny_3,38941587,3914
4a8eaecac4e26151,market_ledge_connection_v01_02_c2r3.tgm,Tiny_3,38940648,675
e31fb1a41a854f75,market_ledge_connection_v01_02_c2r3.tgm.header,Tiny_3,38941323,264
a78a0fb20b284f19,market_ledge_connection_v01_02_c2r2.tgm,Tiny_3,38939655,729
bbd9dc1c5fe5dba5,market_ledge_connection_v01_02_c2r2.tgm.header,Tiny_3,38940384,264
6d7e7839b53d7ac5,market_ledge_connection_v01_02_c2r1.tgm,Tiny_3,38938878,513
b9a8efd54dadb1fb,market_ledge_connection_v01_02_c2r1.tgm.header,Tiny_3,38939391,264
fdd9be5da29481e7,market_ledge_connection_v01_02_c1r3.tgm,Tiny_3,38937777,837
4cc43bf0a3831602,market_ledge_connection_v01_02_c1r3.tgm.header,Tiny_3,38938614,264
fdc7a172f2d8b76b,market_ledge_connection_v01_02_c1r2.tgm,Tiny_3,38936670,843
629f091cc4763192,market_ledge_connection_v01_02_c1r2.tgm.header,Tiny_3,38937513,264
6ee978300b31252d,market_ledge_connection_v01_02_c1r1.tgm,Art/Models/Terrain/Act3/MarketPlace/tgms_12,1041062,236657
e07925ff0063d750,market_ledge_connection_v01_02_c1r1.tgm.header,Folders/art/models/terrain/act3/marketplace/tgms,199204,4486
50b2e6c9057893b0,market_ledge_connection_v01_01_c3r3.tgm,Tiny_3,38936001,405
e9c497f0128c2a34,market_ledge_connection_v01_01_c3r3.tgm.header,Tiny_3,38936406,264
231e8a46bb1e5c97,market_ledge_connection_v01_01_c3r2.tgm,Tiny_3,38935278,459
3392252a759ff61f,market_ledge_connection_v01_01_c3r2.tgm.header,Tiny_3,38935737,264
6f010458441b8441,market_ledge_connection_v01_01_c3r1.tgm,Art/Models/Terrain/Act3/MarketPlace/tgms_12,807085,233977
5d46f298d5942de8,market_ledge_connection_v01_01_c3r1.tgm.header,Tiny_3,38932552,2726
d54fbac45bd47b93,market_ledge_connection_v01_01_c2r3.tgm,Tiny_3,38931721,567
c79c3892808e93da,market_ledge_connection_v01_01_c2r3.tgm.header,Tiny_3,38932288,264
de9050de93d0aeda,market_ledge_connection_v01_01_c2r2.tgm,Tiny_3,38930836,621
11985c24e02c7022,market_ledge_connection_v01_01_c2r2.tgm.header,Tiny_3,38931457,264
e3ae87f945b6d121,market_ledge_connection_v01_01_c2r1.tgm,Tiny_3,38930275,297
74b1c6838cc2fffd,market_ledge_connection_v01_01_c2r1.tgm.header,Tiny_3,38930572,264
0bcdad082db41db1,market_ledge_connection_v01_01_c1r3.tgm,Tiny_3,38929498,513
a36ba1f79bb4da94,market_ledge_connection_v01_01_c1r3.tgm.header,Tiny_3,38930011,264
df9b9a7b8c63e19b,market_ledge_connection_v01_01_c1r2.tgm,Tiny_3,38928715,519
ef01054b3d927d9d,market_ledge_connection_v01_01_c1r2.tgm.header,Tiny_3,38929234,264
84664eee5830cabe,market_ledge_connection_v01_01_c1r1.tgm,Art/Models/Terrain/Act3/MarketPlace/tgms_12,542532,264553
8fdaefef7cc9db06,market_ledge_connection_v01_01_c1r1.tgm.header,Tiny_3,38925640,3075
9237bbb29881aeaa,market_fill_02_01_c3r6.tgm,Art/Models/Terrain/Act3/MarketPlace/tgms_12,268277,274255
3cb4607a949fa235,market_fill_02_01_c3r6.tgm.header,Tiny_3,38925334,306
68288cb38d90a590,market_fill_02_01_c3r5.tgm,Tiny_3,38924141,929
10c5652418aa18c6,market_fill_02_01_c3r5.tgm.header,Tiny_3,38925070,264
e52944fb806d41ed,market_fill_02_01_c3r4.tgm,Tiny_3,38923056,821
06affed8375cd2aa,market_fill_02_01_c3r4.tgm.header,Tiny_3,38923877,264
a61f23d1b69f65ed,market_fill_02_01_c3r3.tgm,Tiny_3,38922187,605
502c69916fb7d140,market_fill_02_01_c3r3.tgm.header,Tiny_3,38922792,264
a918735addda361a,market_fill_02_01_c3r2.tgm,Tiny_3,38920940,983
a27e4e7fcfb546c0,market_fill_02_01_c3r2.tgm.header,Tiny_3,38921923,264
ae268a85a1669432,market_fill_02_01_c3r1.tgm,Tiny_3,38919645,1031
36830f5b67a278a8,market_fill_02_01_c3r1.tgm.header,Tiny_3,38920676,264
31bfab91a9bd18f7,market_fill_02_01_c2r6.tgm,Tiny_3,38918428,953
4bf20484ae05dd41,market_fill_02_01_c2r6.tgm.header,Tiny_3,38919381,264
f54058b28fcdbfa0,market_fill_02_01_c2r5.tgm,Tiny_3,38917431,733
b111853d4e6e3813,market_fill_02_01_c2r5.tgm.header,Tiny_3,38918164,264
bb6173741b52b899,market_fill_02_01_c2r4.tgm,Tiny_3,38916650,517
793ee948299e3804,market_fill_02_01_c2r4.tgm.header,Tiny_3,38917167,264
46397eaa2e03dbd6,market_fill_02_01_c2r3.tgm,Tiny_3,38915923,463
09f83757824e0ba8,market_fill_02_01_c2r3.tgm.header,Tiny_3,38916386,264
edebb811761c14a9,market_fill_02_01_c2r2.tgm,Tiny_3,38914872,787
1f7b34203a574ddc,market_fill_02_01_c2r2.tgm.header,Tiny_3,38915659,264
b17a9eded0d68bff,market_fill_02_01_c2r1.tgm,Tiny_3,38913547,1061
78def30f77094141,market_fill_02_01_c2r1.tgm.header,Tiny_3,38914608,264
05270c011f215962,market_fill_02_01_c1r6.tgm,Tiny_3,38912468,815
3bd4b205e9e991ed,market_fill_02_01_c1r6.tgm.header,Tiny_3,38913283,264
eeb62b349606c4e3,market_fill_02_01_c1r5.tgm,Tiny_3,38911383,821
c8d90637417d9078,market_fill_02_01_c1r5.tgm.header,Tiny_3,38912204,264
16532ea10f7c9ae6,market_fill_02_01_c1r4.tgm,Tiny_3,38910352,767
437100c12a9902ff,market_fill_02_01_c1r4.tgm.header,Tiny_3,38911119,264
99e811bef803ed5e,market_fill_02_01_c1r3.tgm,Tiny_3,38909483,605
da8e2a1a14fc2563,market_fill_02_01_c1r3.tgm.header,Tiny_3,38910088,264
28d3dfa1ca102538,market_fill_02_01_c1r2.tgm,Tiny_3,38908236,983
0e26e9ca99f1a693,market_fill_02_01_c1r2.tgm.header,Tiny_3,38909219,264
4e22e21c9c5a1c15,market_fill_02_01_c1r1.tgm,Tiny_3,38906863,1109
c002d824d89805ca,market_fill_02_01_c1r1.tgm.header,Tiny_3,38907972,264
8b5ae2e0778ba233,market_arcade_x_v01_01_c3r3.tgm,Tiny_3,38906274,325
30d8b3153a8f1da3,market_arcade_x_v01_01_c3r3.tgm.header,Tiny_3,38906599,264
d43257ca16b16239,market_arcade_x_v01_01_c3r2.tgm,Art/Models/Terrain/Act3/MarketPlace/tgms_12,202708,65569
b2eafcfc67613a66,market_arcade_x_v01_01_c3r2.tgm.header,Tiny_3,38905836,438
09bdbfd2d9a19103,market_arcade_x_v01_01_c3r1.tgm,Tiny_3,38905481,355
6571f428f754d684,market_arcade_x_v01_01_c3r1.tgm.header,Tiny_6,3050958,264
223ae6d64830f848,market_arcade_x_v01_01_c2r3.tgm,Art/Models/Terrain/Act3/MarketPlace/tgms_12,137193,65515
52669fcdb2809b71,market_arcade_x_v01_01_c2r3.tgm.header,Tiny_3,38905043,438
6c6a3884cebb54a1,market_arcade_x_v01_01_c2r2.tgm,Art/Models/Terrain/Act3/MarketPlace/tgms_12,0,137193
ebceb345480802fa,market_arcade_x_v01_01_c2r2.tgm.header,Tiny_3,38904517,526
ed79a624dfc2d11f,market_arcade_x_v01_01_c2r1.tgm,Art/Models/Terrain/Act3/MarketPlace/tgms_24,1092888,63325
a593f409a5b16f07,market_arcade_x_v01_01_c2r1.tgm.header,Tiny_3,38904079,438
c120f7630b8e7b07,market_arcade_x_v01_01_c1r3.tgm,Tiny_3,38903568,247
0a8e591cff015f91,market_arcade_x_v01_01_c1r3.tgm.header,Tiny_3,38903815,264
286d284287c9f660,market_arcade_x_v01_01_c1r2.tgm,Art/Models/Terrain/Act3/MarketPlace/tgms_24,1027535,65353
bbc3cba7300ea42f,market_arcade_x_v01_01_c1r2.tgm.header,Tiny_3,38903130,438
b6f9fa07c4d4a7e2,market_arcade_x_v01_01_c1r1.tgm,Tiny_3,38902859,271
a7dc7741f5f2740c,market_arcade_x_v01_01_c1r1.tgm.header,Tiny_5,73114071,264
e1ecdcf1a4a167cc,market_arcade_wall_01_03_c3r3.tgm,Tiny_3,38901508,1087
5fe632558fd869d6,market_arcade_wall_01_03_c3r3.tgm.header,Tiny_3,38902595,264
50614cefcbac550d,market_arcade_wall_01_03_c3r2.tgm,Tiny_3,38900361,1147
e01bd8f1624ce5b8,market_arcade_wall_01_03_c3r2.tgm.header,Tiny_5,58383512,264
5585db59a29c7282,market_arcade_wall_01_03_c3r1.tgm,Art/Models/Terrain/Act3/MarketPlace/tgms_24,0,1027535
c9c69eca5d3323e4,market_arcade_wall_01_03_c3r1.tgm.header,Folders/art/models/terrain/act3/marketplace/tgms,188822,10382
c4c1dff087482c4b,market_arcade_wall_01_03_c2r3.tgm,Tiny_3,38899352,745
d6ff17df5290dc5f,market_arcade_wall_01_03_c2r3.tgm.header,Tiny_3,38900097,264
98ce442fb4c9a26f,market_arcade_wall_01_03_c2r2.tgm,Tiny_3,38898277,811
ec7177b3dde805d1,market_arcade_wall_01_03_c2r2.tgm.header,Tiny_3,38899088,264
cfe27e6ab943902f,market_arcade_wall_01_03_c2r1.tgm,Tiny_3,38897754,523
14206c7e5ca49806,market_arcade_wall_01_03_c2r1.tgm.header,Tiny_5,58445158,264
b464ea2a2c7b51cb,market_arcade_wall_01_03_c1r3.tgm,Tiny_3,38896943,547
3948fa61616d0045,market_arcade_wall_01_03_c1r3.tgm.header,Tiny_3,38897490,264
d2d1fdf62cb300d4,market_arcade_wall_01_03_c1r2.tgm,Tiny_3,38896048,631
8d9baa5933990046,market_arcade_wall_01_03_c1r2.tgm.header,Tiny_3,38896679,264
185bba5bc35c4754,market_arcade_wall_01_03_c1r1.tgm,Tiny_3,38895213,571
4ab51b46a4739cb7,market_arcade_wall_01_03_c1r1.tgm.header,Tiny_3,38895784,264
db6b6b4edcf84796,market_arcade_wall_01_02_c3r3.tgm,Tiny_3,38893970,979
0a935a9577b9f5a9,market_arcade_wall_01_02_c3r3.tgm.header,Tiny_3,38894949,264
d5c8e215dda902b0,market_arcade_wall_01_02_c3r2.tgm,Tiny_3,38892343,1363
845a4680bbde1c1e,market_arcade_wall_01_02_c3r2.tgm.header,Tiny_3,38893706,264
3d00fce0357ad433,market_arcade_wall_01_02_c3r1.tgm,Art/Models/Terrain/Act3/MarketPlace/tgms_23,0,1389815
5595b7cebdd9f844,market_arcade_wall_01_02_c3r1.tgm.header,Folders/art/models/terrain/act3/marketplace/tgms,168188,20634
471f345e5468cd68,market_arcade_wall_01_02_c2r3.tgm,Tiny_3,38891436,907
5267470c233e64cf,market_arcade_wall_01_02_c2r3.tgm.header,Tiny_3,38885171,264
931601d49f34162b,market_arcade_wall_01_02_c2r2.tgm,Tiny_3,38890673,763
ba67223c0c4806a7,market_arcade_wall_01_02_c2r2.tgm.header,Tiny_5,58381458,264
2a9d48d15eeff22e,market_arcade_wall_01_02_c2r1.tgm,Tiny_3,38889862,547
b8c564c7fefa9ac2,market_arcade_wall_01_02_c2r1.tgm.header,Tiny_3,38890409,264
639441619ea0ea27,market_arcade_wall_01_02_c1r3.tgm,Tiny_3,38888907,691
ac20019c2ae87626,market_arcade_wall_01_02_c1r3.tgm.header,Tiny_3,38889598,264
4594a2c88b62a110,market_arcade_wall_01_02_c1r2.tgm,Tiny_3,38887928,715
b0247c6733162fd8,market_arcade_wall_01_02_c1r2.tgm.header,Tiny_3,38888643,264
6849cb461d4627f7,market_arcade_wall_01_02_c1r1.tgm,Tiny_3,38887141,523
ad4b6b81b53ca65f,market_arcade_wall_01_02_c1r1.tgm.header,Tiny_3,38887664,264
5540662f8ab5d69e,market_arcade_wall_01_01_c3r3.tgm,Art/Models/Terrain/Act3/MarketPlace/tgms_22,1085183,1032137
bab2f5f0171c8ab5,market_arcade_wall_01_01_c3r3.tgm.header,Folders/art/models/terrain/act3/marketplace/tgms,156618,11570
47921baf76783a9f,market_arcade_wall_01_01_c3r2.tgm,Tiny_3,38886126,751
7bb9293ba6a012fc,market_arcade_wall_01_01_c3r2.tgm.header,Tiny_3,38886877,264
ea97d22b014186b6,market_arcade_wall_01_01_c3r1.tgm,Tiny_3,38885435,691
ae5891e9ab812184,market_arcade_wall_01_01_c3r1.tgm.header,Tiny_5,58381458,264
6b61df93c7142347,market_arcade_wall_01_01_c2r3.tgm,Tiny_3,38884264,907
e28fdb21ad0efc1a,market_arcade_wall_01_01_c2r3.tgm.header,Tiny_3,38885171,264
d56aadc3fa96e381,market_arcade_wall_01_01_c2r2.tgm,Tiny_3,38883525,739
e66132078c8cc985,market_arcade_wall_01_01_c2r2.tgm.header,Tiny_5,58381458,264
9db64fd0d6255db1,market_arcade_wall_01_01_c2r1.tgm,Tiny_3,38882714,547
706ae28767c26390,market_arcade_wall_01_01_c2r1.tgm.header,Tiny_3,38883261,264
28159b79ef173005,market_arcade_wall_01_01_c1r3.tgm,Tiny_3,38881759,691
16dc0c5895f5d549,market_arcade_wall_01_01_c1r3.tgm.header,Tiny_3,38882450,264
4a8e243d4a87d826,market_arcade_wall_01_01_c1r2.tgm,Tiny_3,38881020,739
c49392fb76515ed8,market_arcade_wall_01_01_c1r2.tgm.header,Tiny_5,58381458,264
6108d39df77fdfeb,market_arcade_wall_01_01_c1r1.tgm,Tiny_3,38880233,523
fd29ac6996bb5450,market_arcade_wall_01_01_c1r1.tgm.header,Tiny_3,38880756,264
1e8b1ed5b277e239,market_arcade_t_v01_02_c3r3.tgm,Tiny_3,38879722,247
d6c61d51d559a389,market_arcade_t_v01_02_c3r3.tgm.header,Tiny_3,38879969,264
50457f02d2b70e56,market_arcade_t_v01_02_c3r2.tgm,Tiny_3,38878887,571
d582a9065cc7da92,market_arcade_t_v01_02_c3r2.tgm.header,Tiny_3,38879458,264
9c74ed0c4a53a34e,market_arcade_t_v01_02_c3r1.tgm,Tiny_3,38878214,409
f13e1aded490bf13,market_arcade_t_v01_02_c3r1.tgm.header,Tiny_3,38878623,264
5346b74bb3d35b7b,market_arcade_t_v01_02_c2r3.tgm,Tiny_3,38877541,409
578415de1b4411bb,market_arcade_t_v01_02_c2r3.tgm.header,Tiny_3,38877950,264
03bcaf0e62feb61a,market_arcade_t_v01_02_c2r2.tgm,Art/Models/Terrain/Act3/MarketPlace/tgms_3,1548254,238757
a63e362a42f62e04,market_arcade_t_v01_02_c2r2.tgm.header,Tiny_3,38873891,3650
c87da4062fdbf146,market_arcade_t_v01_02_c2r1.tgm,Tiny_3,38873590,301
8a3a833cd49c56ce,market_arcade_t_v01_02_c2r1.tgm.header,Tiny_6,3049222,264
4ecf1cf581c6b306,market_arcade_t_v01_02_c1r3.tgm,Tiny_3,38873025,301
04dd957f6624a977,market_arcade_t_v01_02_c1r3.tgm.header,Tiny_3,38873326,264
ec8ac86212dfee89,market_arcade_t_v01_02_c1r2.tgm,Tiny_3,38872406,355
49924fb64633ee73,market_arcade_t_v01_02_c1r2.tgm.header,Tiny_3,38872761,264
620b6af666bf40bb,market_arcade_t_v01_02_c1r1.tgm,Tiny_3,38872105,301
5c4eefddfe9b5c64,market_arcade_t_v01_02_c1r1.tgm.header,Tiny_3,38854718,264
4407a4993e1b32b9,market_arcade_t_v01_01_c3r3.tgm,Tiny_3,38871594,247
45420c4f34b2c38b,market_arcade_t_v01_01_c3r3.tgm.header,Tiny_3,38871841,264
2dc1a1e08af3345d,market_arcade_t_v01_01_c3r2.tgm,Tiny_3,38870759,571
09708223897d9659,market_arcade_t_v01_01_c3r2.tgm.header,Tiny_3,38871330,264
718e54786c4a1e50,market_arcade_t_v01_01_c3r1.tgm,Tiny_3,38870086,409
c479c066dc5b8820,market_arcade_t_v01_01_c3r1.tgm.header,Tiny_3,38870495,264
6f32275a4fec57aa,market_arcade_t_v01_01_c2r3.tgm,Art/Models/Terrain/Act3/MarketPlace/tgms_3,1347505,200749
d438a6776e275e24,market_arcade_t_v01_01_c2r3.tgm.header,Tiny_3,38868724,1362
1867e8f81e1d06e3,market_arcade_t_v01_01_c2r2.tgm,Tiny_3,38868153,571
7ae75824c5a34bb6,market_arcade_t_v01_01_c2r2.tgm.header,Tiny_5,72404190,264
9e19245443587670,market_arcade_t_v01_01_c2r1.tgm,Tiny_3,38867852,301
592f7cdb93798532,market_arcade_t_v01_01_c2r1.tgm.header,Tiny_3,38856467,264
2cd8c4bddd0e8196,market_arcade_t_v01_01_c1r3.tgm,Tiny_3,38867287,301
f1245036cccda350,market_arcade_t_v01_01_c1r3.tgm.header,Tiny_3,38867588,264
bf39631ce45be1c7,market_arcade_t_v01_01_c1r2.tgm,Tiny_3,38866668,355
de7e734f1ac0dddb,market_arcade_t_v01_01_c1r2.tgm.header,Tiny_3,38867023,264
d93e2f2f1df1f389,market_arcade_t_v01_01_c1r1.tgm,Tiny_3,38866367,301
164e16844fb4deb1,market_arcade_t_v01_01_c1r1.tgm.header,Tiny_3,38854718,264
d91b457980b1f713,market_arcade_straight_v01_02_c3r3.tgm,Tiny_3,38866120,247
5a26e1d42bf1fd19,market_arcade_straight_v01_02_c3r3.tgm.header,Tiny_6,3051465,264
670d7cf540190efd,market_arcade_straight_v01_02_c3r2.tgm,Tiny_3,38865657,463
dc45a272d782681f,market_arcade_straight_v01_02_c3r2.tgm.header,Tiny_5,55791223,264
b161c98a7dbc12c8,market_arcade_straight_v01_02_c3r1.tgm,Tiny_3,38865278,379
cab263d99f62bdb7,market_arcade_straight_v01_02_c3r1.tgm.header,Tiny_6,3050343,264
a5cd18563ccf51dc,market_arcade_straight_v01_02_c2r3.tgm,Tiny_3,38865031,247
5dd30dfc22da677b,market_arcade_straight_v01_02_c2r3.tgm.header,Tiny_6,3051465,264
259b8b1f2340d662,market_arcade_straight_v01_02_c2r2.tgm,Art/Models/Terrain/Act3/MarketPlace/tgms_3,1201054,146451
2478a91236c440e2,market_arcade_straight_v01_02_c2r2.tgm.header,Tiny_3,38861601,3430
b219f68b4e07bef2,market_arcade_straight_v01_02_c2r1.tgm,Tiny_3,38861144,193
b2366bc3fe819d50,market_arcade_straight_v01_02_c2r1.tgm.header,Tiny_3,38861337,264
9d7bdcfe44b3c871,market_arcade_straight_v01_02_c1r3.tgm,Tiny_3,38860927,217
9139f81e976d6738,market_arcade_straight_v01_02_c1r3.tgm.header,Tiny_6,855929,264
3704bafd11f3e56a,market_arcade_straight_v01_02_c1r2.tgm,Tiny_3,38860680,247
583ea792641ed767,market_arcade_straight_v01_02_c1r2.tgm.header,Tiny_6,3051465,264
5cda4232fc81f883,market_arcade_straight_v01_02_c1r1.tgm,Tiny_3,38860169,247
e48421edc1749795,market_arcade_straight_v01_02_c1r1.tgm.header,Tiny_3,38860416,264
84f6a0ea3987737b,market_arcade_straight_v01_01_c3r3.tgm,Tiny_3,38859658,247
261d3170ffc6ca88,market_arcade_straight_v01_01_c3r3.tgm.header,Tiny_3,38859905,264
02cd07fd12f5ea39,market_arcade_straight_v01_01_c3r2.tgm,Tiny_3,38859087,571
886e3da1067edd94,market_arcade_straight_v01_01_c3r2.tgm.header,Tiny_3,38838636,264
e89343140c8454da,market_arcade_straight_v01_01_c3r1.tgm,Tiny_3,38858414,409
6408f5ae8bc6ffa3,market_arcade_straight_v01_01_c3r1.tgm.header,Tiny_3,38858823,264
f62075b7ce696662,market_arcade_straight_v01_01_c2r3.tgm,Tiny_3,38857741,409
20ec2a45d3eb5862,market_arcade_straight_v01_01_c2r3.tgm.header,Tiny_3,38858150,264
b61db80e41401b4e,market_arcade_straight_v01_01_c2r2.tgm,Art/Models/Terrain/Act3/MarketPlace/tgms_3,1082039,119015
1721695321339679,market_arcade_straight_v01_01_c2r2.tgm.header,Tiny_3,38856731,1010
50c8c7505bcd6d79,market_arcade_straight_v01_01_c2r1.tgm,Tiny_3,38856166,301
f7bd5973057f01fd,market_arcade_straight_v01_01_c2r1.tgm.header,Tiny_3,38856467,264
6b1a6b9f9fc699d9,market_arcade_straight_v01_01_c1r3.tgm,Tiny_3,38855601,301
4439e5c2b479472d,market_arcade_straight_v01_01_c1r3.tgm.header,Tiny_3,38855902,264
181b16721bdaabdc,market_arcade_straight_v01_01_c1r2.tgm,Tiny_3,38854982,355
9fb769680051850c,market_arcade_straight_v01_01_c1r2.tgm.header,Tiny_3,38855337,264
883fb91bc77b270b,market_arcade_straight_v01_01_c1r1.tgm,Tiny_3,38854417,301
878af6c6ea859930,market_arcade_straight_v01_01_c1r1.tgm.header,Tiny_3,38854718,264
a88d1aab9b8fcc36,market_arcade_corner_v01_02_c3r3.tgm,Tiny_3,38853798,355
778d02d997a16b44,market_arcade_corner_v01_02_c3r3.tgm.header,Tiny_3,38854153,264
ff240cc31f5fc018,market_arcade_corner_v01_02_c3r2.tgm,Tiny_3,38853173,625
a022cfa6664e1051,market_arcade_corner_v01_02_c3r2.tgm.header,Tiny_3,38847053,264
d89ede978ca49749,market_arcade_corner_v01_02_c3r1.tgm,Tiny_3,38852554,355
e37e1000ea72dd90,market_arcade_corner_v01_02_c3r1.tgm.header,Tiny_3,38852909,264
f5a9de40fb514bbc,market_arcade_corner_v01_02_c2r3.tgm,Tiny_3,38845826,247
03f4bb559b34f4f5,market_arcade_corner_v01_02_c2r3.tgm.header,Tiny_6,3051465,264
682ef548adfa6c4c,market_arcade_corner_v01_02_c2r2.tgm,Tiny_3,38852037,517
95c8efc9a65ba6be,market_arcade_corner_v01_02_c2r2.tgm.header,Tiny_6,866123,264
66cd2d9d62680204,market_arcade_corner_v01_02_c2r1.tgm,Tiny_3,38851364,409
88f819ef5aedf963,market_arcade_corner_v01_02_c2r1.tgm.header,Tiny_3,38851773,264
05f9e7fec898d2ec,market_arcade_corner_v01_02_c1r3.tgm,Art/Models/Terrain/Act3/MarketPlace/tgms_3,864848,217191
35f814fd96d33316,market_arcade_corner_v01_02_c1r3.tgm.header,Tiny_3,38848990,2374
310b6ee97a62a91b,market_arcade_corner_v01_02_c1r2.tgm,Tiny_3,38848371,355
73289e052e3ce8e9,market_arcade_corner_v01_02_c1r2.tgm.header,Tiny_3,38848726,264
71e83510e0d51453,market_arcade_corner_v01_02_c1r1.tgm,Tiny_3,38843679,355
130276093bd37976,market_arcade_corner_v01_02_c1r1.tgm.header,Tiny_3,38835691,264
de23a729fc1e4557,market_arcade_corner_v01_01_c3r3.tgm,Art/Models/Terrain/Act3/MarketPlace/tgms_3,729875,134973
e62ca3035e2d7b0a,market_arcade_corner_v01_01_c3r3.tgm.header,Tiny_3,38847317,1054
23925049ece69888,market_arcade_corner_v01_01_c3r2.tgm,Tiny_3,38846428,625
33f8f9334c01be93,market_arcade_corner_v01_01_c3r2.tgm.header,Tiny_3,38847053,264
219efd07ba4fcbc5,market_arcade_corner_v01_01_c3r1.tgm,Tiny_3,38846073,355
afd82453463ca158,market_arcade_corner_v01_01_c3r1.tgm.header,Tiny_3,38841907,264
04a80d5c66ec56f8,market_arcade_corner_v01_01_c2r3.tgm,Tiny_3,38845826,247
ea76fc7559f72912,market_arcade_corner_v01_01_c2r3.tgm.header,Tiny_6,3051465,264
15f820f7e7565414,market_arcade_corner_v01_01_c2r2.tgm,Tiny_3,38845309,517
e911aa08d4bc736a,market_arcade_corner_v01_01_c2r2.tgm.header,Tiny_6,871236,264
509b0fc452c11b0d,market_arcade_corner_v01_01_c2r1.tgm,Tiny_3,38844900,409
598a13872bc519df,market_arcade_corner_v01_01_c2r1.tgm.header,Tiny_3,38841041,264
a3550261625afa8a,market_arcade_corner_v01_01_c1r3.tgm,Tiny_3,38844653,247
12dd58853867964b,market_arcade_corner_v01_01_c1r3.tgm.header,Tiny_6,3051465,264
5796dd5e5ff1266e,market_arcade_corner_v01_01_c1r2.tgm,Tiny_3,38844034,355
4c1c2403dca59aa6,market_arcade_corner_v01_01_c1r2.tgm.header,Tiny_3,38844389,264
73e5cd1751c01f46,market_arcade_corner_v01_01_c1r1.tgm,Tiny_3,38843679,355
822926dbaec4276e,market_arcade_corner_v01_01_c1r1.tgm.header,Tiny_3,38835691,264
aa0ac4ea5cc21e26,market_arcade_connection_v01_07_c3r3.tgm,Tiny_3,38843060,355
f661ff922287bae0,market_arcade_connection_v01_07_c3r3.tgm.header,Tiny_3,38843415,264
2667c803d235687d,market_arcade_connection_v01_07_c3r2.tgm,Tiny_3,38842171,625
8bae15b215089536,market_arcade_connection_v01_07_c3r2.tgm.header,Tiny_3,38842796,264
467232d9d045cf3c,market_arcade_connection_v01_07_c3r1.tgm,Tiny_3,38841552,355
705d9e39c4a950cf,market_arcade_connection_v01_07_c3r1.tgm.header,Tiny_3,38841907,264
78621c65d93a7a1e,market_arcade_connection_v01_07_c2r3.tgm,Tiny_3,38841305,247
b82416c4c7604ba5,market_arcade_connection_v01_07_c2r3.tgm.header,Tiny_6,3051465,264
13bc3d2d8a291f08,market_arcade_connection_v01_07_c2r2.tgm,Art/Models/Terrain/Act3/MarketPlace/tgms_3,0,729875
5efdc4193f820a07,market_arcade_connection_v01_07_c2r2.tgm.header,Folders/art/models/terrain/act3/marketplace/tgms,137788,18830
c60cbabdb62204a6,market_arcade_connection_v01_07_c2r1.tgm,Tiny_3,38840632,409
4cc248f250393bd4,market_arcade_connection_v01_07_c2r1.tgm.header,Tiny_3,38841041,264
e64610109c0be76a,market_arcade_connection_v01_07_c1r3.tgm,Tiny_3,38840385,247
856cb1c22034c421,market_arcade_connection_v01_07_c1r3.tgm.header,Tiny_6,3051465,264
0d0552f99eb56908,market_arcade_connection_v01_07_c1r2.tgm,Tiny_3,38840030,355
9a9d8c1b3eba1084,market_arcade_connection_v01_07_c1r2.tgm.header,Tiny_3,38835691,264
6dacf0644df8368a,market_arcade_connection_v01_07_c1r1.tgm,Tiny_3,38839411,355
8ae47494fa576e91,market_arcade_connection_v01_07_c1r1.tgm.header,Tiny_3,38839766,264
13618c8249247d4a,market_arcade_connection_v01_06_c3r3.tgm,Tiny_3,38843060,355
ad616a330a584a2d,market_arcade_connection_v01_06_c3r3.tgm.header,Tiny_3,38843415,264
df508dc9af4627e0,market_arcade_connection_v01_06_c3r2.tgm,Tiny_3,38842171,625
21814193723cf84b,market_arcade_connection_v01_06_c3r2.tgm.header,Tiny_3,38842796,264
41b9d04f543f39d9,market_arcade_connection_v01_06_c3r1.tgm,Tiny_3,38841552,355
7817159543a4f0cf,market_arcade_connection_v01_06_c3r1.tgm.header,Tiny_3,38841907,264
ed138519011131b7,market_arcade_connection_v01_06_c2r3.tgm,Tiny_3,38841305,247
b0ca621eafbf2f8c,market_arcade_connection_v01_06_c2r3.tgm.header,Tiny_6,3051465,264
69a28a756cc75b32,market_arcade_connection_v01_06_c2r2.tgm,Art/Models/Terrain/Act3/MarketPlace/tgms_2,1350442,752753
35af08ef30c4362c,market_arcade_connection_v01_06_c2r2.tgm.header,Folders/art/models/terrain/act3/marketplace/tgms,117506,20282
69307247c9d596f3,market_arcade_connection_v01_06_c2r1.tgm,Tiny_3,38840632,409
43c729bef493b4b6,market_arcade_connection_v01_06_c2r1.tgm.header,Tiny_3,38841041,264
099bdffae903a3d8,market_arcade_connection_v01_06_c1r3.tgm,Tiny_3,38840385,247
a1da2fc8c00da9c2,market_arcade_connection_v01_06_c1r3.tgm.header,Tiny_6,3051465,264
0ca747fafa7d5c8d,market_arcade_connection_v01_06_c1r2.tgm,Tiny_3,38840030,355
37e54cd2c839815e,market_arcade_connection_v01_06_c1r2.tgm.header,Tiny_3,38835691,264
999ef5f06dd88e23,market_arcade_connection_v01_06_c1r1.tgm,Tiny_3,38839411,355
bd1814eb17e49305,market_arcade_connection_v01_06_c1r1.tgm.header,Tiny_3,38839766,264
cfcd55496ea8b593,market_arcade_connection_v01_05_c3r3.tgm,Tiny_3,38838900,247
21152549a7c84f86,market_arcade_connection_v01_05_c3r3.tgm.header,Tiny_3,38839147,264
d7fde16d80244d0e,market_arcade_connection_v01_05_c3r2.tgm,Tiny_3,38838065,571
786dd54636231af2,market_arcade_connection_v01_05_c3r2.tgm.header,Tiny_3,38838636,264
b03af45b1e6d353e,market_arcade_connection_v01_05_c3r1.tgm,Tiny_3,38837656,409
a54ff2a868e00175,market_arcade_connection_v01_05_c3r1.tgm.header,Tiny_5,55789841,264
4a49a30bd6816f94,market_arcade_connection_v01_05_c2r3.tgm,Art/Models/Terrain/Act3/MarketPlace/tgms_2,1029777,320665
aece8165e2069fe4,market_arcade_connection_v01_05_c2r3.tgm.header,Folders/art/models/terrain/act3/marketplace/tgms,112448,5058
152e8804078ad478,market_arcade_connection_v01_05_c2r2.tgm,Tiny_3,38837085,571
2f74622eb1b5b675,market_arcade_connection_v01_05_c2r2.tgm.header,Tiny_5,72404190,264
03b94ce7793f7641,market_arcade_connection_v01_05_c2r1.tgm,Tiny_3,38836520,301
b493e7c242fa38d4,market_arcade_connection_v01_05_c2r1.tgm.header,Tiny_3,38836821,264
81b2aa73ccab018e,market_arcade_connection_v01_05_c1r3.tgm,Tiny_3,38835955,301
3c6d963d82cf37b8,market_arcade_connection_v01_05_c1r3.tgm.header,Tiny_3,38836256,264
5fe0c1e752425b48,market_arcade_connection_v01_05_c1r2.tgm,Tiny_3,38835336,355
11b2b0e768ce3aae,market_arcade_connection_v01_05_c1r2.tgm.header,Tiny_3,38835691,264
e2a05bf83c14c14f,market_arcade_connection_v01_05_c1r1.tgm,Tiny_3,38834771,301
332834d6f16d21f7,market_arcade_connection_v01_05_c1r1.tgm.header,Tiny_3,38835072,264
84146225d78a6242,market_arcade_connection_v01_04_c3r3.tgm,Tiny_3,38834152,355
482d1d4a036735d8,market_arcade_connection_v01_04_c3r3.tgm.header,Tiny_3,38834507,264
c317cea318110d43,market_arcade_connection_v01_04_c3r2.tgm,Tiny_3,38833425,463
cdac68d335a82faa,market_arcade_connection_v01_04_c3r2.tgm.header,Tiny_3,38833888,264
906a64ad602694f5,market_arcade_connection_v01_04_c3r1.tgm,Tiny_3,38832806,355
717219f44e6b1da5,market_arcade_connection_v01_04_c3r1.tgm.header,Tiny_3,38833161,264
5b132fc2ccb5209e,market_arcade_connection_v01_04_c2r3.tgm,Tiny_3,38831917,625
403def75e403fc4f,market_arcade_connection_v01_04_c2r3.tgm.header,Tiny_3,38832542,264
f93ede02c7eed175,market_arcade_connection_v01_04_c2r2.tgm,Art/Models/Terrain/Act3/MarketPlace/tgms_2,0,1029777
ec2df4bab508c807,market_arcade_connection_v01_04_c2r2.tgm.header,Folders/art/models/terrain/act3/marketplace/tgms,89086,23362
1fa2e6658ae6e4d0,market_arcade_connection_v01_04_c2r1.tgm,Tiny_3,38831352,301
0501d071f2f5c007,market_arcade_connection_v01_04_c2r1.tgm.header,Tiny_3,38831653,264
e5233521922423a7,market_arcade_connection_v01_04_c1r3.tgm,Tiny_3,38829165,1923
5574966a3c80fd48,market_arcade_connection_v01_04_c1r3.tgm.header,Tiny_3,38831088,264
56b5e6876f5715e8,market_arcade_connection_v01_04_c1r2.tgm,Tiny_3,38828492,409
b9b406834e72c790,market_arcade_connection_v01_04_c1r2.tgm.header,Tiny_3,38828901,264
bbd1f444a5e606cb,market_arcade_connection_v01_04_c1r1.tgm,Tiny_3,38827927,301
98c6eadb6ce23180,market_arcade_connection_v01_04_c1r1.tgm.header,Tiny_3,38828228,264
205c2d1562750937,market_arcade_connection_02_03_c3r3.tgm,Tiny_3,38825640,2023
c015511f0fa85323,market_arcade_connection_02_03_c3r3.tgm.header,Tiny_3,38827663,264
277eb94ab4444de7,market_arcade_connection_02_03_c3r2.tgm,Tiny_3,38824001,1375
ad56dcc48d03b562,market_arcade_connection_02_03_c3r2.tgm.header,Tiny_3,38825376,264
f900fc9850243cfd,market_arcade_connection_02_03_c3r1.tgm,Art/Models/Terrain/Act3/MarketPlace/tgms_22,0,1085183
a6f2e93b5bc9bf8a,market_arcade_connection_02_03_c3r1.tgm.header,Folders/art/models/terrain/act3/marketplace/tgms,74744,14342
31b4c83aaf028242,market_arcade_connection_02_03_c2r3.tgm,Tiny_3,38822050,1687
c91f836253804747,market_arcade_connection_02_03_c2r3.tgm.header,Tiny_3,38823737,264
b02e7218909af5a8,market_arcade_connection_02_03_c2r2.tgm,Tiny_3,38820207,1579
c6d8923ee905130b,market_arcade_connection_02_03_c2r2.tgm.header,Tiny_3,38821786,264
d08e4ba9464e873f,market_arcade_connection_02_03_c2r1.tgm,Tiny_3,38818640,1303
00f292aaa66f4052,market_arcade_connection_02_03_c2r1.tgm.header,Tiny_3,38819943,264
27be807e63df8cf8,market_arcade_connection_02_03_c1r3.tgm,Tiny_3,38817073,1303
5db2991e028eb35c,market_arcade_connection_02_03_c1r3.tgm.header,Tiny_3,38818376,264
069f581546d7becb,market_arcade_connection_02_03_c1r2.tgm,Tiny_3,38816178,631
0187823b59d043b9,market_arcade_connection_02_03_c1r2.tgm.header,Tiny_3,38816809,264
271955d2f59a3458,market_arcade_connection_02_03_c1r1.tgm,Art/Models/Terrain/Act3/MarketPlace/tgms_4,2155287,18569
6440a0b9d6f94a69,market_arcade_connection_02_03_c1r1.tgm.header,Tiny_3,38815914,264
15050825f1228023,market_arcade_connection_02_02_c3r3.tgm,Tiny_3,38814707,943
6ceeba9edcaf6aff,market_arcade_connection_02_02_c3r3.tgm.header,Tiny_3,38815650,264
2e979174d1fceec0,market_arcade_connection_02_02_c3r2.tgm,Tiny_3,38813476,1231
e013b0ee8d8e5942,market_arcade_connection_02_02_c3r2.tgm.header,Tiny_3,38775087,264
c9c8befd64336c3e,market_arcade_connection_02_02_c3r1.tgm,Art/Models/Terrain/Act3/MarketPlace/tgms_4,937468,1217819
2153965e3cb6ece9,market_arcade_connection_02_02_c3r1.tgm.header,Folders/art/models/terrain/act3/marketplace/tgms,57674,17070
ddbdea9f25a703bb,market_arcade_connection_02_02_c2r3.tgm,Tiny_3,38812089,1123
038279adb515ee7a,market_arcade_connection_02_02_c2r3.tgm.header,Tiny_3,38813212,264
a4afa84d9951da60,market_arcade_connection_02_02_c2r2.tgm,Tiny_3,38809922,1903
d0695de536ced7cd,market_arcade_connection_02_02_c2r2.tgm.header,Tiny_3,38811825,264
db01a04c0107b510,market_arcade_connection_02_02_c2r1.tgm,Tiny_3,38808139,1519
d5777673c23efd7f,market_arcade_connection_02_02_c2r1.tgm.header,Tiny_3,38809658,264
489573bcb4da7275,market_arcade_connection_02_02_c1r3.tgm,Tiny_3,38806320,1555
30ce9d951be38e8f,market_arcade_connection_02_02_c1r3.tgm.header,Tiny_3,38807875,264
41340eed73682b0d,market_arcade_connection_02_02_c1r2.tgm,Tiny_3,38804909,1147
8b57236f04748f65,market_arcade_connection_02_02_c1r2.tgm.header,Tiny_3,38806056,264
22df757fd505509a,market_arcade_connection_02_02_c1r1.tgm,Art/Models/Terrain/Act3/MarketPlace/tgms_4,912527,24941
06bb3399c855fc96,market_arcade_connection_02_02_c1r1.tgm.header,Tiny_3,38804427,482
e26a035162044c55,market_arcade_connection_02_01_c3r3.tgm,Tiny_3,38803760,667
92c84a4a471da383,market_arcade_connection_02_01_c3r3.tgm.header,Tiny_5,58517990,264
3d737fa6396e1eb3,market_arcade_connection_02_01_c3r2.tgm,Tiny_3,38802721,1039
ea0b79ac23c5fb83,market_arcade_connection_02_01_c3r2.tgm.header,Tiny_3,38765312,264
5d297c8b0baf668a,market_arcade_connection_02_01_c3r1.tgm,Art/Models/Terrain/Act3/MarketPlace/tgms_4,0,912527
bffc2f0ff0937521,market_arcade_connection_02_01_c3r1.tgm.header,Folders/art/models/terrain/act3/marketplace/tgms,48744,8930
c8a345bb2871084d,market_arcade_connection_02_01_c2r3.tgm,Tiny_3,38801466,991
6528e89be57b6d91,market_arcade_connection_02_01_c2r3.tgm.header,Tiny_3,38802457,264
1bfcf9dcb08a9922,market_arcade_connection_02_01_c2r2.tgm,Tiny_3,38800247,955
18ce780140515aa8,market_arcade_connection_02_01_c2r2.tgm.header,Tiny_3,38801202,264
5f375ab2c62d6097,market_arcade_connection_02_01_c2r1.tgm,Tiny_3,38799544,439
2febc9500abba071,market_arcade_connection_02_01_c2r1.tgm.header,Tiny_3,38799983,264
4ce091b87a4b02cf,market_arcade_connection_02_01_c1r3.tgm,Tiny_3,38797941,1339
92a1f21bdd9da2a5,market_arcade_connection_02_01_c1r3.tgm.header,Tiny_3,38799280,264
cd2d0aaca86113a1,market_arcade_connection_02_01_c1r2.tgm,Tiny_3,38796854,823
a2560cfd50c2a324,market_arcade_connection_02_01_c1r2.tgm.header,Tiny_3,38797677,264
54f4123282ad3393,market_arcade_connection_02_01_c1r1.tgm,Tiny_3,38795959,631
e3483e14b87825e9,market_arcade_connection_02_01_c1r1.tgm.header,Tiny_3,38796590,264
4bc86a4ce7515036,market_arcade_connection_01_11_c3r3.tgm,Art/Models/Terrain/Act3/MarketPlace/tgms_1,1081613,890579
483c203c31ea8730,market_arcade_connection_01_11_c3r3.tgm.header,Folders/art/models/terrain/act3/marketplace/tgms,40034,8710
1dfddd80c5de2a1e,market_arcade_connection_01_11_c3r2.tgm,Tiny_3,38794320,1375
99e3746d0f296c99,market_arcade_connection_01_11_c3r2.tgm.header,Tiny_3,38795695,264
6769c8b85217c6ba,market_arcade_connection_01_11_c3r1.tgm,Tiny_3,38793137,919
7e6e690fa7387961,market_arcade_connection_01_11_c3r1.tgm.header,Tiny_3,38794056,264
4f256385eaf8f657,market_arcade_connection_01_11_c2r3.tgm,Tiny_3,38792482,655
ed95a81c524507be,market_arcade_connection_01_11_c2r3.tgm.header,Tiny_3,38789125,264
0d03d7231f1f98ed,market_arcade_connection_01_11_c2r2.tgm,Tiny_3,38791071,1147
940f223ba16313db,market_arcade_connection_01_11_c2r2.tgm.header,Tiny_3,38792218,264
c8854d6a98666b82,market_arcade_connection_01_11_c2r1.tgm,Tiny_3,38790092,715
cd407768259f065a,market_arcade_connection_01_11_c2r1.tgm.header,Tiny_3,38790807,264
339ae8c1d6544679,market_arcade_connection_01_11_c1r3.tgm,Tiny_3,38789389,439
97ec1ddcbf7b8e08,market_arcade_connection_01_11_c1r3.tgm.header,Tiny_3,38789828,264
3471f1b432ac4ac3,market_arcade_connection_01_11_c1r2.tgm,Tiny_3,38788470,655
4818758d5255a438,market_arcade_connection_01_11_c1r2.tgm.header,Tiny_3,38789125,264
eb69caa495560c4e,market_arcade_connection_01_11_c1r1.tgm,Tiny_3,38787767,439
e69bb16947266a7d,market_arcade_connection_01_11_c1r1.tgm.header,Tiny_3,38788206,264
cec73e19bd861a79,market_arcade_connection_01_03_c3r3.tgm,Tiny_3,38785450,2053
41ee23cbec7fc465,market_arcade_connection_01_03_c3r3.tgm.header,Tiny_3,38787503,264
fddd8a3fc38d89f4,market_arcade_connection_01_03_c3r2.tgm,Tiny_3,38783445,1741
206c816b17b7cde0,market_arcade_connection_01_03_c3r2.tgm.header,Tiny_3,38785186,264
0fcd936691c1e7fc,market_arcade_connection_01_03_c3r1.tgm,Art/Models/Terrain/Act3/MarketPlace/tgms_1,0,1081613
ee02d14ca1e80266,market_arcade_connection_01_03_c3r1.tgm.header,Folders/art/models/terrain/act3/marketplace/tgms,25868,14166
418a36ebc2495263,market_arcade_connection_01_03_c2r3.tgm,Tiny_3,38781926,1255
9c987c02e20d48e1,market_arcade_connection_01_03_c2r3.tgm.header,Tiny_3,38783181,264
bc743396d4724cf9,market_arcade_connection_01_03_c2r2.tgm,Tiny_3,38780215,1447
c33def758259008c,market_arcade_connection_01_03_c2r2.tgm.header,Tiny_3,38781662,264
4b21a36b7ba3ba85,market_arcade_connection_01_03_c2r1.tgm,Tiny_3,38778804,1147
bb70619a162bacfe,market_arcade_connection_01_03_c2r1.tgm.header,Tiny_3,38779951,264
fb8bce4bcdfe208a,market_arcade_connection_01_03_c1r3.tgm,Tiny_3,38777693,847
86a336f19893369f,market_arcade_connection_01_03_c1r3.tgm.header,Tiny_3,38778540,264
2b13958c902e8049,market_arcade_connection_01_03_c1r2.tgm,Tiny_3,38776798,631
f85fa11c090bd035,market_arcade_connection_01_03_c1r2.tgm.header,Tiny_3,38777429,264
70a7838fb4e6023b,market_arcade_connection_01_03_c1r1.tgm,Art/Models/Terrain/Act3/MarketPlace/tgms,2253434,18569
ff2e9e4bef819916,market_arcade_connection_01_03_c1r1.tgm.header,Tiny_3,38776534,264
4741ad8b50754a70,market_arcade_connection_01_02_c3r3.tgm,Tiny_3,38775351,919
dcfa57d4d9d39bbe,market_arcade_connection_01_02_c3r3.tgm.header,Tiny_3,38776270,264
1a4577899c297c35,market_arcade_connection_01_02_c3r2.tgm,Tiny_3,38773832,1255
7e83a296996e1794,market_arcade_connection_01_02_c3r2.tgm.header,Tiny_3,38775087,264
ef1135032fbdb595,market_arcade_connection_01_02_c3r1.tgm,Art/Models/Terrain/Act3/MarketPlace/tgms,1035837,1217597
f3f9f13cd3d61707,market_arcade_connection_01_02_c3r1.tgm.header,Folders/art/models/terrain/act3/marketplace/tgms,8798,17070
d0def45154910f7c,market_arcade_connection_01_02_c2r3.tgm,Tiny_3,38772421,1147
d32fea56bdc9f2ca,market_arcade_connection_01_02_c2r3.tgm.header,Tiny_3,38773568,264
2ff6606dff08ba08,market_arcade_connection_01_02_c2r2.tgm,Tiny_3,38770530,1627
5cbfee94e905b205,market_arcade_connection_01_02_c2r2.tgm.header,Tiny_3,38772157,264
cb48c28b2f9d706a,market_arcade_connection_01_02_c2r1.tgm,Tiny_3,38769071,1195
a2207e249eab071f,market_arcade_connection_01_02_c2r1.tgm.header,Tiny_3,38770266,264
7036e05fbbb21dc5,market_arcade_connection_01_02_c1r3.tgm,Tiny_3,38767948,1123
1b939a53a0ae4ec6,market_arcade_connection_01_02_c1r3.tgm.header,Tiny_3,38760688,264
8881fbc35f460bd8,market_arcade_connection_01_02_c1r2.tgm,Tiny_3,38766813,871
1b8203f085714109,market_arcade_connection_01_02_c1r2.tgm.header,Tiny_3,38767684,264
f3075564fa82e43c,market_arcade_connection_01_02_c1r1.tgm,Art/Models/Terrain/Act3/MarketPlace/tgms,1014808,21029
1ef59276e3248a91,market_arcade_connection_01_02_c1r1.tgm.header,Tiny_3,38766507,306
eddc42cdf1feae75,market_arcade_connection_01_01_c3r3.tgm,Tiny_3,38765576,667
5f192515f6e2f3c4,market_arcade_connection_01_01_c3r3.tgm.header,Tiny_3,38766243,264
6d1ab69dc9c38c7b,market_arcade_connection_01_01_c3r2.tgm,Tiny_3,38764249,1063
b451d615056b8f17,market_arcade_connection_01_01_c3r2.tgm.header,Tiny_3,38765312,264
4942e602825394ee,market_arcade_connection_01_01_c3r1.tgm,Art/Models/Terrain/Act3/MarketPlace/tgms,104513,910295
7f3fd99ccbdefd49,market_arcade_connection_01_01_c3r1.tgm.header,Folders/art/models/terrain/act3/marketplace/tgms,0,8798
0d01c8a5e8680c60,market_arcade_connection_01_01_c2r3.tgm,Tiny_3,38763018,967
f4d36ac0d8098aa3,market_arcade_connection_01_01_c2r3.tgm.header,Tiny_3,38763985,264
910edcc192167c64,market_arcade_connection_01_01_c2r2.tgm,Tiny_3,38761739,1015
4c2a0413244b3e88,market_arcade_connection_01_01_c2r2.tgm.header,Tiny_3,38762754,264
9654da556f5b4985,market_arcade_connection_01_01_c2r1.tgm,Tiny_3,38760952,523
eccba1ac6828df18,market_arcade_connection_01_01_c2r1.tgm.header,Tiny_3,38761475,264
60ba684da1dc7bb1,market_arcade_connection_01_01_c1r3.tgm,Tiny_3,38759613,1075
b9c3dfc27e6b8070,market_arcade_connection_01_01_c1r3.tgm.header,Tiny_3,38760688,264
1b627f6dd09cb116,market_arcade_connection_01_01_c1r2.tgm,Tiny_3,38758526,823
c41b7427e1ed05c1,market_arcade_connection_01_01_c1r2.tgm.header,Tiny_3,38759349,264
668e5cbce0c6eef0,market_arcade_connection_01_01_c1r1.tgm,Tiny_3,38757607,655
ac7c89be2b978d20,market_arcade_connection_01_01_c1r1.tgm.header,Tiny_3,38758262,264
61cdabda0b3814df,market_arcade_blank.tgm,Tiny_3,38757166,177
226cd6335ef23043,market_arcade_blank.tgm.header,Tiny_3,38757343,264
c53fd6daea548a25,marketplace_tolmantile.tgm,Art/Models/Terrain/Act3/MarketPlace/tgms,0,104513
37645edd6d96ffcc,marketplace_tolmantile.tgm.header,Tiny_3,39601638,394
