hash,file,bundle,offset,size
ff8bb62f398a3c3a,divinity_bossroom_c9r2.tgm,Tiny.VC,32537408,57
2bfb34a02f7c3dcd,divinity_bossroom_c9r2.tgm.header,Tiny.V8,31983005,264
50c9d25a66c7f9a9,divinity_bossroom_c9r3.tgm,Tiny.VC,32537408,57
cda5dfac78ac8948,divinity_bossroom_c9r3.tgm.header,Tiny.V8,31983005,264
cdca486425a72171,divinity_bossroom_c9r4.tgm,Tiny.V6,28074027,921
5d047aa5d9f508e5,divinity_bossroom_c9r4.tgm.header,Tiny.V3,27792648,264
ccb49ae169ec1c1b,divinity_bossroom_c9r5.tgm,Streaming/Content/data/balance/worldareas/81/mapgeode.vworld,317327,9941
466a3f292285cf5a,divinity_bossroom_c9r5.tgm.header,Tiny.V8,28112165,403
0c7e0de057121e4a,divinity_bossroom_c9r6.tgm,Streaming/Content/data/balance/worldareas/8E/mapuberboss_divinity.vworld,1706420,14921
94e2c4f876c47b4f,divinity_bossroom_c9r6.tgm.header,Tiny.V0,28375767,403
0b68605d9b58c793,divinity_bossroom_c9r7.tgm,Streaming/Content/data/balance/worldareas/C9/mapport.vworld.1,517759,9425
426211248ea69a30,divinity_bossroom_c9r7.tgm.header,Tiny.VE,27928596,443
8868d6675a39233f,divinity_bossroom_c9r8.tgm,Streaming/Content/data/balance/worldareas/2E/mapuberboss_divinity.vworld,5592580,317415
0cdf06f31e1aae36,divinity_bossroom_c9r8.tgm.header,Tiny.V1,28066901,963
d9a6f29287727bb6,divinity_bossroom_c9r9.tgm,Streaming/Content/data/balance/worldareas/27/mapuberboss_divinity.vworld,0,9155
1458a27f4042ae87,divinity_bossroom_c9r9.tgm.header,Tiny.V1,28067864,483
c2ef553a623389b7,divinity_bossroom_c9r1.tgm,Tiny.VC,32537408,57
db905a48b5d46389,divinity_bossroom_c9r1.tgm.header,Tiny.V8,31983005,264
4d7c274ce6eb0025,divinity_bossroom_c9r10.tgm,Streaming/Content/data/balance/worldareas/72/mapuberboss_divinity.vworld,0,9341
f9483b9f5df347d9,divinity_bossroom_c9r10.tgm.header,Tiny.V7,28077758,483
9b263150fc5c3e14,divinity_bossroom_c9r11.tgm,Streaming/Content/data/balance/worldareas/56/mapuberboss_divinity.vworld,16025,213375
f982874675f6c160,divinity_bossroom_c9r11.tgm.header,Tiny.V1,28066138,763
495bd6cb66d53f7f,divinity_bossroom_c9r12.tgm,Streaming/Content/data/balance/worldareas/FC/g2_9_1.vworld,459764,4895
46da011d2609164c,divinity_bossroom_c9r12.tgm.header,Tiny.VA,28303271,283
ab8cc82079cce952,divinity_bossroom_c9r13.tgm,Streaming/Content/data/balance/worldareas/C1/mapuberboss_divinity.vworld,0,15723
b9de76c70c49eb08,divinity_bossroom_c9r13.tgm.header,Tiny.V7,28078241,443
1a17ee0f02a482f7,divinity_bossroom_c9r14.tgm,Streaming/Content/data/balance/worldareas/3F/mapuberboss_divinity.vworld,11601,6665
1a67707e8065fedb,divinity_bossroom_c9r14.tgm.header,Tiny.V8,28111901,264
b08ca9395aaf3751,divinity_bossroom_c9r15.tgm,Tiny.VC,28298768,1725
7072c4d5ab81c666,divinity_bossroom_c9r15.tgm.header,Tiny.V0,28375503,264
86c4fcec262446aa,divinity_bossroom_c9r16.tgm,Tiny.VC,32537408,57
bfbbd38dfc635031,divinity_bossroom_c9r16.tgm.header,Tiny.V8,31983005,264
f558f44091e1a2d9,divinity_bossroom_c9r17.tgm,Tiny.VC,32537408,57
a09ce49d9ded9ff3,divinity_bossroom_c9r17.tgm.header,Tiny.V8,31983005,264
5e4eddfe985ce8df,divinity_bossroom_c9r18.tgm,Tiny.VC,32537408,57
d68cbee45e6119ec,divinity_bossroom_c9r18.tgm.header,Tiny.V8,31983005,264
84c8d793912303b2,divinity_bossroom_c8r2.tgm,Tiny.VC,32537408,57
6fa90a2698bb5407,divinity_bossroom_c8r2.tgm.header,Tiny.V8,31983005,264
90721dd539d7fd59,divinity_bossroom_c8r3.tgm,Tiny.VC,32537408,57
4993c8ac006b48bf,divinity_bossroom_c8r3.tgm.header,Tiny.V8,31983005,264
29f07a3eed06d39b,divinity_bossroom_c8r4.tgm,Tiny.VC,32537408,57
9ef1370b0ead4f72,divinity_bossroom_c8r4.tgm.header,Tiny.V8,31983005,264
b7785a77694db92e,divinity_bossroom_c8r5.tgm,Streaming/Content/data/balance/worldareas/51/mapuberboss_divinity.vworld,0,1331979
27cf8572010ed695,divinity_bossroom_c8r5.tgm.header,Tiny.V6,28071624,2403
480717150b7c5654,divinity_bossroom_c8r6.tgm,Streaming/Content/data/balance/worldareas/38/mapuberboss_divinity.vworld,0,323255
81d6fcbb48aa3a50,divinity_bossroom_c8r6.tgm.header,Tiny.V1,28065295,843
ee136607aba26c82,divinity_bossroom_c8r7.tgm,Streaming/Content/data/balance/worldareas/7B/mapuberboss_divinity.vworld,0,13721
edb6552fa2f02596,divinity_bossroom_c8r7.tgm.header,Tiny.VC,28298085,683
583c4e462a2e2cca,divinity_bossroom_c8r8.tgm,Streaming/Content/data/balance/worldareas/8E/mapuberboss_divinity.vworld,1697975,8445
c2069d9e2c629722,divinity_bossroom_c8r8.tgm.header,Tiny.VF,28319360,443
324ef75cde81780c,divinity_bossroom_c8r9.tgm,Streaming/Content/data/balance/worldareas/FC/g2_9_1.vworld,447287,12477
e398c01e9b98f982,divinity_bossroom_c8r9.tgm.header,Tiny.V0,28375020,483
f24cf0a06e7cca6e,divinity_bossroom_c8r1.tgm,Tiny.VC,32537408,57
9dad8fcf6e0e7e2b,divinity_bossroom_c8r1.tgm.header,Tiny.V8,31983005,264
47a8337d416df0ad,divinity_bossroom_c8r10.tgm,Streaming/Content/data/balance/worldareas/D0/mapuberboss_divinity.vworld,0,12865
09afc72b2080dd51,divinity_bossroom_c8r10.tgm.header,Tiny.V0,28374577,443
4ec14b2d6d7011a5,divinity_bossroom_c8r11.tgm,Streaming/Content/data/balance/worldareas/40/mapuberboss_divinity.vworld,0,9771
f10c3443e6e5b257,divinity_bossroom_c8r11.tgm.header,Tiny.VA,28302788,483
fe9495360d1ffd11,divinity_bossroom_c8r12.tgm,Streaming/Content/data/balance/worldareas/37/mapuberboss_divinity.vworld,1589370,4495
fa76c7922c4a5e84,divinity_bossroom_c8r12.tgm.header,Tiny.V3,27792384,264
4b68cbb83da80966,divinity_bossroom_c8r13.tgm,Streaming/Content/data/balance/worldareas/AA/g2_9_1.vworld,9463,298593
77f74011f61a7908,divinity_bossroom_c8r13.tgm.header,Tiny.V8,28111218,683
46eccad0a5ef01d8,divinity_bossroom_c8r14.tgm,Streaming/Content/data/balance/worldareas/23/mapuberboss_divinity.vworld,18225,1312085
663caedc4cec9156,divinity_bossroom_c8r14.tgm.header,Tiny.VB,28338154,2363
ffbd30c7f6a5b2c5,divinity_bossroom_c8r15.tgm,Tiny.VC,32537408,57
e56a9a91e3fdf8db,divinity_bossroom_c8r15.tgm.header,Tiny.V8,31983005,264
3a98e733990906c8,divinity_bossroom_c8r16.tgm,Tiny.VC,32537408,57
7c193645251a8902,divinity_bossroom_c8r16.tgm.header,Tiny.V8,31983005,264
b752576550efca65,divinity_bossroom_c8r17.tgm,Tiny.VC,32537408,57
5bc8bec2fffb8eb6,divinity_bossroom_c8r17.tgm.header,Tiny.V8,31983005,264
8ca148078bd0409f,divinity_bossroom_c8r18.tgm,Tiny.VC,32537408,57
7e826590113930e4,divinity_bossroom_c8r18.tgm.header,Tiny.V8,31983005,264
218448e420a18b29,divinity_bossroom_c7r2.tgm,Tiny.VC,32537408,57
95777a9b75f22531,divinity_bossroom_c7r2.tgm.header,Tiny.V8,31983005,264
2fded5a7dbe4c492,divinity_bossroom_c7r3.tgm,Tiny.VC,32537408,57
ca3130a266d38eb2,divinity_bossroom_c7r3.tgm.header,Tiny.V8,31983005,264
b9811eb8a56a461b,divinity_bossroom_c7r4.tgm,Tiny.VC,32537408,57
bc3df239baae681d,divinity_bossroom_c7r4.tgm.header,Tiny.V8,31983005,264
418187aa638d2b11,divinity_bossroom_c7r5.tgm,Tiny.VA,28301773,1015
56b0dfacb115d593,divinity_bossroom_c7r5.tgm.header,Tiny.V0,28374313,264
9361cfd5ccf874fd,divinity_bossroom_c7r6.tgm,Streaming/Content/data/balance/worldareas/55/mapport.vworld,331625,5165
d73e1bf10b3bf4d7,divinity_bossroom_c7r6.tgm.header,Tiny.V1,28064972,323
a65f52dea9dde9f2,divinity_bossroom_c7r7.tgm,Streaming/Content/data/balance/worldareas/1A/mapmothersoul_male_quest.vworld,94576,15401
e026a038bf0ecb7c,divinity_bossroom_c7r7.tgm.header,Tiny.VD,28126550,723
34af1dd627f38668,divinity_bossroom_c7r8.tgm,Streaming/Content/data/balance/worldareas/6A/mapuberboss_divinity.vworld,0,335815
826fc1153dba2cdf,divinity_bossroom_c7r8.tgm.header,Tiny.V9,28507813,2123
47d0e9b02382f0a2,divinity_bossroom_c7r9.tgm,Streaming/Content/data/balance/worldareas/3D/mapuberboss_divinity.vworld,3518813,165019
91d1488cb1080498,divinity_bossroom_c7r9.tgm.header,Tiny.VB,28337431,723
cb010a7395940bf7,divinity_bossroom_c7r1.tgm,Tiny.VC,32537408,57
5f83592e3b410eed,divinity_bossroom_c7r1.tgm.header,Tiny.V8,31983005,264
2fcd59dbf6a52df4,divinity_bossroom_c7r10.tgm,Streaming/Content/data/balance/worldareas/EA/mapuberboss_divinity.vworld,0,17153
998ade546ae6c5ac,divinity_bossroom_c7r10.tgm.header,Tiny.VB,28336564,603
13852e1fe44ba1ba,divinity_bossroom_c7r11.tgm,Streaming/Content/data/balance/worldareas/13/mapuberboss_divinity.vworld,7581,339963
20de016a7ce529d8,divinity_bossroom_c7r11.tgm.header,Tiny.V2,28227458,2443
fabcd4f36898a6e8,divinity_bossroom_c7r12.tgm,Streaming/Content/data/balance/worldareas/DF/mapuberboss_divinity.vworld,10371,6601
dc9451f0b602bafd,divinity_bossroom_c7r12.tgm.header,Tiny.VB,28337167,264
5c82ad11f84147e2,divinity_bossroom_c7r13.tgm,Streaming/Content/data/balance/worldareas/7E/mapuberboss_divinity.vworld,0,6799
f77b5fd4e47827c6,divinity_bossroom_c7r13.tgm.header,Tiny.VD,28126227,323
d4064c3525efdf03,divinity_bossroom_c7r14.tgm,Tiny.V6,28070925,699
f971f139e478cbc9,divinity_bossroom_c7r14.tgm.header,Tiny.V3,27792120,264
7cf48390a0fd57f3,divinity_bossroom_c7r15.tgm,Tiny.VC,32537408,57
dcf1b6fe9a9d0939,divinity_bossroom_c7r15.tgm.header,Tiny.V8,31983005,264
881394340d418750,divinity_bossroom_c7r16.tgm,Tiny.VC,32537408,57
d7a50e3cd69fce4e,divinity_bossroom_c7r16.tgm.header,Tiny.V8,31983005,264
8b14f7b2db4bdabe,divinity_bossroom_c7r17.tgm,Tiny.VC,32537408,57
68ee0c422d1cc241,divinity_bossroom_c7r17.tgm.header,Tiny.V8,31983005,264
6a1b4cbbf44cc735,divinity_bossroom_c7r18.tgm,Tiny.VC,32537408,57
c4fd2a670808e59c,divinity_bossroom_c7r18.tgm.header,Tiny.V8,31983005,264
e423c99aded872d1,divinity_bossroom_c6r2.tgm,Tiny.VC,32537408,57
b20d319b3403358a,divinity_bossroom_c6r2.tgm.header,Tiny.V8,31983005,264
a428694538f6a319,divinity_bossroom_c6r3.tgm,Tiny.VC,32537408,57
d6708f63188d5caa,divinity_bossroom_c6r3.tgm.header,Tiny.V8,31983005,264
e3517c98e3e4f391,divinity_bossroom_c6r4.tgm,Tiny.VC,32537408,57
60befa586aeedc31,divinity_bossroom_c6r4.tgm.header,Tiny.V8,31983005,264
dfbde1eff8ed286a,divinity_bossroom_c6r5.tgm,Tiny.VC,32537408,57
ce28e2024d0c0232,divinity_bossroom_c6r5.tgm.header,Tiny.V8,31983005,264
05936925e37a47c3,divinity_bossroom_c6r6.tgm,Streaming/Content/data/balance/worldareas/C7/mapuberboss_divinity.vworld,0,5152067
e6b565c9f737d40a,divinity_bossroom_c6r6.tgm.header,Content/data/balance/worldareas/mapravine.vworld,885963,7403
6ec1eda732123f5b,divinity_bossroom_c6r7.tgm,Streaming/Content/data/balance/worldareas/A1/mapuberboss_divinity.vworld,0,958763
b4c9a42bd789db83,divinity_bossroom_c6r7.tgm.header,Tiny.VB,28334241,2323
42dd6c751a324978,divinity_bossroom_c6r8.tgm,Streaming/Content/data/balance/worldareas/9F/mapuberboss_divinity.vworld,43399,1354223
cf7c4a3d29d33935,divinity_bossroom_c6r8.tgm.header,Content/data/balance/worldareas/mapravine.vworld,893366,4923
66223b8092e49fa4,divinity_bossroom_c6r9.tgm,Streaming/Content/data/balance/worldareas/B2/mapprecursortowerdesert.vworld,442505,6329
12f34d02dcfbc4c3,divinity_bossroom_c6r9.tgm.header,Tiny.V6,28070642,283
bb8dead3c0313669,divinity_bossroom_c6r1.tgm,Tiny.VC,32537408,57
ae77ac77ec668eae,divinity_bossroom_c6r1.tgm.header,Tiny.V8,31983005,264
cf2f96adf726a637,divinity_bossroom_c6r10.tgm,Streaming/Content/data/balance/worldareas/9B/mapuberboss_divinity.vworld,0,2506735
93ee4d03e69b9754,divinity_bossroom_c6r10.tgm.header,Tiny.V5,27631125,1563
b7930bc352f8a27c,divinity_bossroom_c6r11.tgm,Streaming/Content/data/balance/worldareas/98/mapuberboss_divinity.vworld,0,1350189
78cc1c3951ce6741,divinity_bossroom_c6r11.tgm.header,Content/data/balance/worldareas/mapravine.vworld,873917,4603
a329d1762cc0e09e,divinity_bossroom_c6r12.tgm,Streaming/Content/data/balance/worldareas/BF/mapuberboss_divinity.vworld,5589,4895
cdfaddf747cd8fd6,divinity_bossroom_c6r12.tgm.header,Tiny.V2,28227175,283
11a0da22be32dfcf,divinity_bossroom_c6r13.tgm,Streaming/Content/data/balance/worldareas/D5/mapuberboss_divinity.vworld,0,5153009
23c63894a2a10583,divinity_bossroom_c6r13.tgm.header,Content/data/balance/worldareas/mapravine.vworld,878520,7443
f6be213f9a3fd95e,divinity_bossroom_c6r14.tgm,Tiny.VC,32537408,57
ebf43600e8ad4b05,divinity_bossroom_c6r14.tgm.header,Tiny.V8,31983005,264
24cdc6291742e0d0,divinity_bossroom_c6r15.tgm,Tiny.VC,32537408,57
48da242d856de62a,divinity_bossroom_c6r15.tgm.header,Tiny.V8,31983005,264
a7f586d11d6d914f,divinity_bossroom_c6r16.tgm,Tiny.VC,32537408,57
4120c4a7a30b2452,divinity_bossroom_c6r16.tgm.header,Tiny.V8,31983005,264
239ec38dace3dc37,divinity_bossroom_c6r17.tgm,Tiny.VC,32537408,57
f8998067931823ef,divinity_bossroom_c6r17.tgm.header,Tiny.V8,31983005,264
89d8993c9f5e96ce,divinity_bossroom_c6r18.tgm,Tiny.VC,32537408,57
26e7aaf4c13585c3,divinity_bossroom_c6r18.tgm.header,Tiny.V8,31983005,264
18812bac5b4532bb,divinity_bossroom_c5r2.tgm,Tiny.VC,32537408,57
d79c75b134d6c7f0,divinity_bossroom_c5r2.tgm.header,Tiny.V8,31983005,264
7d33a5e43a196d31,divinity_bossroom_c5r3.tgm,Tiny.VC,32537408,57
0d7174ae9507013f,divinity_bossroom_c5r3.tgm.header,Tiny.V8,31983005,264
a21b35f0d047a65a,divinity_bossroom_c5r4.tgm,Tiny.VC,32537408,57
9eb55ed6dded9ab3,divinity_bossroom_c5r4.tgm.header,Tiny.V8,31983005,264
244872e51672b2ce,divinity_bossroom_c5r5.tgm,Tiny.VC,32537408,57
4df588bd907f988b,divinity_bossroom_c5r5.tgm.header,Tiny.V8,31983005,264
0803ed2fc1d621dd,divinity_bossroom_c5r6.tgm,Tiny.VC,32537408,57
e2e2512230ebd739,divinity_bossroom_c5r6.tgm.header,Tiny.V8,31983005,264
cde664f7fe199dbb,divinity_bossroom_c5r7.tgm,Streaming/Content/data/balance/worldareas/79/mapuberboss_divinity.vworld,0,4417
a798334038baec3a,divinity_bossroom_c5r7.tgm.header,Tiny.V9,28507549,264
20fcbe3c791a50db,divinity_bossroom_c5r8.tgm,Streaming/Content/data/balance/worldareas/B6/mapmothersoul_male_quest.vworld,731853,4399
35722e83e2206c5b,divinity_bossroom_c5r8.tgm.header,Tiny.VE,27928313,283
74fb31f8da718089,divinity_bossroom_c5r9.tgm,Tiny.VA,28301012,761
c920977cdc73802a,divinity_bossroom_c5r9.tgm.header,Tiny.V7,28077494,264
5a024c403f2ec039,divinity_bossroom_c5r1.tgm,Tiny.VC,32537408,57
3a8ea01030ab30c5,divinity_bossroom_c5r1.tgm.header,Tiny.V8,31983005,264
fdb61903047b8a32,divinity_bossroom_c5r10.tgm,Tiny.VF,28318335,761
f5fa9ae26fbfb70d,divinity_bossroom_c5r10.tgm.header,Tiny.VC,28297821,264
f77a22a70307aaf1,divinity_bossroom_c5r11.tgm,Tiny.V2,28224622,2553
282def6580835598,divinity_bossroom_c5r11.tgm.header,Tiny.V5,27630861,264
6d9e51d65484a969,divinity_bossroom_c5r12.tgm,Streaming/Content/data/balance/worldareas/64/mapuberboss_divinity.vworld,0,1027793
46a9fa1824931c28,divinity_bossroom_c5r12.tgm.header,Tiny.V6,28067616,2603
0329d36542239c10,divinity_bossroom_c5r13.tgm,Tiny.V6,28070219,423
360fa9e746aff205,divinity_bossroom_c5r13.tgm.header,Tiny.VF,28319096,264
f5f1be757089150f,divinity_bossroom_c5r14.tgm,Tiny.VC,32537408,57
cf05277f330a85c5,divinity_bossroom_c5r14.tgm.header,Tiny.V8,31983005,264
d0bd1dfd00cdaa52,divinity_bossroom_c5r15.tgm,Tiny.VC,32537408,57
aa432259a4f01c8f,divinity_bossroom_c5r15.tgm.header,Tiny.V8,31983005,264
7bb3a51af1c87afb,divinity_bossroom_c5r16.tgm,Tiny.VC,32537408,57
1d1cb9ade0ac9a72,divinity_bossroom_c5r16.tgm.header,Tiny.V8,31983005,264
1a28e353954f1e5a,divinity_bossroom_c5r17.tgm,Tiny.VC,32537408,57
7c1e225f690c95f0,divinity_bossroom_c5r17.tgm.header,Tiny.V8,31983005,264
175204e542d0800f,divinity_bossroom_c5r18.tgm,Tiny.VC,32537408,57
e8ab29946a7a914e,divinity_bossroom_c5r18.tgm.header,Tiny.V8,31983005,264
36c6d07fd40f2e12,divinity_bossroom_c4r2.tgm,Tiny.VC,32537408,57
cb381977ba877d9b,divinity_bossroom_c4r2.tgm.header,Tiny.V8,31983005,264
9de24010d9aa1ee6,divinity_bossroom_c4r3.tgm,Tiny.VC,32537408,57
4d90893617b0cec3,divinity_bossroom_c4r3.tgm.header,Tiny.V8,31983005,264
d3c80a04d4890867,divinity_bossroom_c4r4.tgm,Tiny.VC,32537408,57
59037dea96b37bdc,divinity_bossroom_c4r4.tgm.header,Tiny.V8,31983005,264
dddeebb6d8296ae7,divinity_bossroom_c4r5.tgm,Tiny.VC,32537408,57
9710e655844fa125,divinity_bossroom_c4r5.tgm.header,Tiny.V8,31983005,264
bc4769f66949f170,divinity_bossroom_c4r6.tgm,Tiny.VC,32537408,57
3418ec03c1e38264,divinity_bossroom_c4r6.tgm.header,Tiny.V8,31983005,264
e0f0e9f5dc319054,divinity_bossroom_c4r7.tgm,Tiny.V7,28076541,953
49b8eae9d94f37e9,divinity_bossroom_c4r7.tgm.header,Tiny.V1,28064708,264
d0d90807e202c964,divinity_bossroom_c4r8.tgm,Tiny.VF,28317472,863
81e6d70426980341,divinity_bossroom_c4r8.tgm.header,Tiny.VC,28297557,264
7df2237adca945e9,divinity_bossroom_c4r9.tgm,Tiny.VC,32537408,57
3bcf15c3d2c91dae,divinity_bossroom_c4r9.tgm.header,Tiny.V8,31983005,264
29c632a1a761a097,divinity_bossroom_c4r1.tgm,Tiny.VC,32537408,57
ab376adeb4c7d96d,divinity_bossroom_c4r1.tgm.header,Tiny.V8,31983005,264
d03760e5e525d934,divinity_bossroom_c4r10.tgm,Tiny.VC,32537408,57
036642c4b7444c40,divinity_bossroom_c4r10.tgm.header,Tiny.V8,31983005,264
326eb913a5be91cb,divinity_bossroom_c4r11.tgm,Tiny.VC,28295707,891
5fb88fa3977a1fdc,divinity_bossroom_c4r11.tgm.header,Tiny.VB,28333977,264
d9bf7925acde4fa1,divinity_bossroom_c4r12.tgm,Tiny.VC,28296598,959
e479e0c4bfa7dbb7,divinity_bossroom_c4r12.tgm.header,Tiny.V1,28064444,264
43f09af08fee30dc,divinity_bossroom_c4r13.tgm,Tiny.VC,32537408,57
742c405527454970,divinity_bossroom_c4r13.tgm.header,Tiny.V8,31983005,264
82ae0c82e665b0e4,divinity_bossroom_c4r14.tgm,Tiny.VC,32537408,57
b7a14823aaee2aa8,divinity_bossroom_c4r14.tgm.header,Tiny.V8,31983005,264
5eb908704a652006,divinity_bossroom_c4r15.tgm,Tiny.VC,32537408,57
96699d7de9be44ba,divinity_bossroom_c4r15.tgm.header,Tiny.V8,31983005,264
fbeb5cdb2b434560,divinity_bossroom_c4r16.tgm,Tiny.VC,32537408,57
568406689b36670f,divinity_bossroom_c4r16.tgm.header,Tiny.V8,31983005,264
ca0fc02b528fc753,divinity_bossroom_c4r17.tgm,Tiny.VC,32537408,57
8181ea5da3085c80,divinity_bossroom_c4r17.tgm.header,Tiny.V8,31983005,264
ce817e95f0df0fbf,divinity_bossroom_c4r18.tgm,Tiny.VC,32537408,57
16b1afbfb0ee2c91,divinity_bossroom_c4r18.tgm.header,Tiny.V8,31983005,264
c62e874926331209,divinity_bossroom_c3r2.tgm,Tiny.VC,32537408,57
d1b9e4dc034dcf03,divinity_bossroom_c3r2.tgm.header,Tiny.V8,31983005,264
1bff47547586ec7f,divinity_bossroom_c3r3.tgm,Tiny.VC,32537408,57
81301d523bcecea6,divinity_bossroom_c3r3.tgm.header,Tiny.V8,31983005,264
378e7639d8d9f2b0,divinity_bossroom_c3r4.tgm,Tiny.VC,32537408,57
53e9ba37daf18ea9,divinity_bossroom_c3r4.tgm.header,Tiny.V8,31983005,264
1422b07ddc073b7c,divinity_bossroom_c3r5.tgm,Tiny.VC,32537408,57
e8a10f204e95509e,divinity_bossroom_c3r5.tgm.header,Tiny.V8,31983005,264
20d1b2630b0d6dfe,divinity_bossroom_c3r6.tgm,Tiny.VC,32537408,57
eab71ac6c07d9f58,divinity_bossroom_c3r6.tgm.header,Tiny.V8,31983005,264
8344c5e3ab3cc05a,divinity_bossroom_c3r7.tgm,Tiny.VC,32537408,57
30fa00c410c4b43d,divinity_bossroom_c3r7.tgm.header,Tiny.V8,31983005,264
18f51b8c718d55ff,divinity_bossroom_c3r8.tgm,Tiny.VC,32537408,57
1de39fcf466f094c,divinity_bossroom_c3r8.tgm.header,Tiny.V8,31983005,264
b33d50d9aa8fe1ec,divinity_bossroom_c3r9.tgm,Tiny.VC,32537408,57
5e0012cafd08a875,divinity_bossroom_c3r9.tgm.header,Tiny.V8,31983005,264
5e2718bfc916a67e,divinity_bossroom_c3r1.tgm,Tiny.VC,32537408,57
c78800e9949d6481,divinity_bossroom_c3r1.tgm.header,Tiny.V8,31983005,264
a7ccd560a2242712,divinity_bossroom_c3r10.tgm,Tiny.VC,32537408,57
fce6a2ef204c66ef,divinity_bossroom_c3r10.tgm.header,Tiny.V8,31983005,264
6719ed2ea436c6e5,divinity_bossroom_c3r11.tgm,Tiny.VC,32537408,57
2b6de22b8c2db094,divinity_bossroom_c3r11.tgm.header,Tiny.V8,31983005,264
16e58ecd39674b1e,divinity_bossroom_c3r12.tgm,Tiny.VC,32537408,57
ed0433c8bb21363d,divinity_bossroom_c3r12.tgm.header,Tiny.V8,31983005,264
97adfcaa1694fab1,divinity_bossroom_c3r13.tgm,Tiny.VC,32537408,57
759a504c43656069,divinity_bossroom_c3r13.tgm.header,Tiny.V8,31983005,264
8e08bf6ae0e025d9,divinity_bossroom_c3r14.tgm,Tiny.VC,32537408,57
e92b275d4a39ac55,divinity_bossroom_c3r14.tgm.header,Tiny.V8,31983005,264
b302d47a7f8dbf12,divinity_bossroom_c3r15.tgm,Tiny.VC,32537408,57
59184f5b3578cb82,divinity_bossroom_c3r15.tgm.header,Tiny.V8,31983005,264
214f57cb7c2e3d24,divinity_bossroom_c3r16.tgm,Tiny.VC,32537408,57
430b5f97dcb79570,divinity_bossroom_c3r16.tgm.header,Tiny.V8,31983005,264
8e4f1ca0ef2f0560,divinity_bossroom_c3r17.tgm,Tiny.VC,32537408,57
c4beeeda4041926d,divinity_bossroom_c3r17.tgm.header,Tiny.V8,31983005,264
2cae0d09e4d934ac,divinity_bossroom_c3r18.tgm,Tiny.VC,32537408,57
031aa20a3ecf943c,divinity_bossroom_c3r18.tgm.header,Tiny.V8,31983005,264
078c6d4997bbf059,divinity_bossroom_c24r2.tgm,Tiny.VC,32537408,57
8eb07b6c1786498b,divinity_bossroom_c24r2.tgm.header,Tiny.V8,31983005,264
29d0c0bf276c981a,divinity_bossroom_c24r3.tgm,Tiny.VC,32537408,57
ac92d21af375fe11,divinity_bossroom_c24r3.tgm.header,Tiny.V8,31983005,264
92b7b20d017ac597,divinity_bossroom_c24r4.tgm,Tiny.VC,32537408,57
cdef298bab9a5a5a,divinity_bossroom_c24r4.tgm.header,Tiny.V8,31983005,264
655c114223f8f965,divinity_bossroom_c24r5.tgm,Tiny.VC,32537408,57
0f38fc56610bcf2f,divinity_bossroom_c24r5.tgm.header,Tiny.V8,31983005,264
120be8d6fc50f832,divinity_bossroom_c24r6.tgm,Tiny.VC,32537408,57
724ee4ff0e7b21e6,divinity_bossroom_c24r6.tgm.header,Tiny.V8,31983005,264
30416227b36ecb0a,divinity_bossroom_c24r7.tgm,Tiny.VC,32537408,57
bb9c6d01493440ac,divinity_bossroom_c24r7.tgm.header,Tiny.V8,31983005,264
5dff563bcdfd2219,divinity_bossroom_c24r8.tgm,Tiny.VC,32537408,57
4c90bee2b5998638,divinity_bossroom_c24r8.tgm.header,Tiny.V8,31983005,264
032a7b956784ac43,divinity_bossroom_c24r9.tgm,Tiny.VC,32537408,57
e830c61578b7eb63,divinity_bossroom_c24r9.tgm.header,Tiny.V8,31983005,264
1c3ebd6f2d397435,divinity_bossroom_c24r1.tgm,Tiny.VC,32537408,57
6d82c4b1f5aed774,divinity_bossroom_c24r1.tgm.header,Tiny.V8,31983005,264
128ebd496ce88b9c,divinity_bossroom_c24r10.tgm,Tiny.VC,32537408,57
dcbb4f0f9c27c677,divinity_bossroom_c24r10.tgm.header,Tiny.V8,31983005,264
52caa0f6e6d40288,divinity_bossroom_c24r11.tgm,Tiny.VC,32537408,57
095f3c2136125d2f,divinity_bossroom_c24r11.tgm.header,Tiny.V8,31983005,264
31abbb2558ca11bf,divinity_bossroom_c24r12.tgm,Tiny.VC,32537408,57
e4f34ee269e1037e,divinity_bossroom_c24r12.tgm.header,Tiny.V8,31983005,264
9a499abf2aa7ea72,divinity_bossroom_c24r13.tgm,Tiny.VC,32537408,57
b8f23b94eef7c528,divinity_bossroom_c24r13.tgm.header,Tiny.V8,31983005,264
4270370bd161841a,divinity_bossroom_c24r14.tgm,Tiny.VC,32537408,57
eb2e6b8aed4fe533,divinity_bossroom_c24r14.tgm.header,Tiny.V8,31983005,264
8b13241199c2d95a,divinity_bossroom_c24r15.tgm,Tiny.VC,32537408,57
b5232d1d3cb08880,divinity_bossroom_c24r15.tgm.header,Tiny.V8,31983005,264
7558a185ce38cbec,divinity_bossroom_c24r16.tgm,Tiny.VC,32537408,57
300cd9fe26d18666,divinity_bossroom_c24r16.tgm.header,Tiny.V8,31983005,264
f7d947c63dbe0d49,divinity_bossroom_c24r17.tgm,Tiny.VC,32537408,57
8285cba80cdfdbcb,divinity_bossroom_c24r17.tgm.header,Tiny.V8,31983005,264
d8480227cf3ea64b,divinity_bossroom_c24r18.tgm,Tiny.VC,32537408,57
ebb2d3ee7fb14828,divinity_bossroom_c24r18.tgm.header,Tiny.V8,31983005,264
2a157520dda4ea45,divinity_bossroom_c23r2.tgm,Tiny.VC,32537408,57
ca0144ecfa231ec4,divinity_bossroom_c23r2.tgm.header,Tiny.V8,31983005,264
596043452ace091d,divinity_bossroom_c23r3.tgm,Tiny.VC,32537408,57
2a683a58d107e8fe,divinity_bossroom_c23r3.tgm.header,Tiny.V8,31983005,264
8f01ddb4db2233b7,divinity_bossroom_c23r4.tgm,Tiny.VC,32537408,57
6ed29bfb4f7a8b52,divinity_bossroom_c23r4.tgm.header,Tiny.V8,31983005,264
8c8bd4c71125fcda,divinity_bossroom_c23r5.tgm,Tiny.VC,32537408,57
cc2e814ba359f63a,divinity_bossroom_c23r5.tgm.header,Tiny.V8,31983005,264
2e79358ffb9cecee,divinity_bossroom_c23r6.tgm,Tiny.VC,32537408,57
2767a9bd55b9b399,divinity_bossroom_c23r6.tgm.header,Tiny.V8,31983005,264
2027754d83b3ae5f,divinity_bossroom_c23r7.tgm,Tiny.VC,32537408,57
5ca6b23102512b60,divinity_bossroom_c23r7.tgm.header,Tiny.V8,31983005,264
6515cfaad8919eb9,divinity_bossroom_c23r8.tgm,Tiny.VC,32537408,57
b343f7d012ec1577,divinity_bossroom_c23r8.tgm.header,Tiny.V8,31983005,264
7d3ec5339915a54a,divinity_bossroom_c23r9.tgm,Tiny.VC,32537408,57
ebf4ee887a01608e,divinity_bossroom_c23r9.tgm.header,Tiny.V8,31983005,264
9e939251f7d67350,divinity_bossroom_c23r1.tgm,Tiny.VC,32537408,57
d12b42802cc97873,divinity_bossroom_c23r1.tgm.header,Tiny.V8,31983005,264
af142cf2da930ac8,divinity_bossroom_c23r10.tgm,Tiny.VC,32537408,57
8154eedebc7ab691,divinity_bossroom_c23r10.tgm.header,Tiny.V8,31983005,264
83f57267a1cb821b,divinity_bossroom_c23r11.tgm,Tiny.VC,32537408,57
a4fd845304aa8597,divinity_bossroom_c23r11.tgm.header,Tiny.V8,31983005,264
f4881806dfca7630,divinity_bossroom_c23r12.tgm,Tiny.VC,32537408,57
26bff42469717377,divinity_bossroom_c23r12.tgm.header,Tiny.V8,31983005,264
e887e964f089c78b,divinity_bossroom_c23r13.tgm,Tiny.VC,32537408,57
82237b67da3fbb82,divinity_bossroom_c23r13.tgm.header,Tiny.V8,31983005,264
4bb2c8dac7e1ce42,divinity_bossroom_c23r14.tgm,Tiny.VC,32537408,57
fdea7b13cea2a936,divinity_bossroom_c23r14.tgm.header,Tiny.V8,31983005,264
1a31937672f2edbb,divinity_bossroom_c23r15.tgm,Tiny.VC,32537408,57
e187488a9c1a691e,divinity_bossroom_c23r15.tgm.header,Tiny.V8,31983005,264
60501f2b3dc4b92a,divinity_bossroom_c23r16.tgm,Tiny.VC,32537408,57
85b0d1deba23c9ae,divinity_bossroom_c23r16.tgm.header,Tiny.V8,31983005,264
8b2058eb8148c024,divinity_bossroom_c23r17.tgm,Tiny.VC,32537408,57
b7f3ba080c302502,divinity_bossroom_c23r17.tgm.header,Tiny.V8,31983005,264
bbbe71626314fa2e,divinity_bossroom_c23r18.tgm,Tiny.VC,32537408,57
d1d89bb1e20cbcf9,divinity_bossroom_c23r18.tgm.header,Tiny.V8,31983005,264
51a8e4f85aa395ab,divinity_bossroom_c22r2.tgm,Tiny.VC,32537408,57
66cbe5e927e8789f,divinity_bossroom_c22r2.tgm.header,Tiny.V8,31983005,264
1ecb07a6e6e6fde8,divinity_bossroom_c22r3.tgm,Tiny.VC,32537408,57
4505f0dbec6a6015,divinity_bossroom_c22r3.tgm.header,Tiny.V8,31983005,264
c8f5f60513fbddc6,divinity_bossroom_c22r4.tgm,Tiny.VC,32537408,57
961afd7defcbb15d,divinity_bossroom_c22r4.tgm.header,Tiny.V8,31983005,264
4b956a8ece4c70b8,divinity_bossroom_c22r5.tgm,Tiny.VC,32537408,57
de8cfbf0b489997b,divinity_bossroom_c22r5.tgm.header,Tiny.V8,31983005,264
db973047d61f5b12,divinity_bossroom_c22r6.tgm,Tiny.VC,32537408,57
81521b790f5d3f03,divinity_bossroom_c22r6.tgm.header,Tiny.V8,31983005,264
607331e23c654de0,divinity_bossroom_c22r7.tgm,Tiny.VC,32537408,57
d6472d0c96cc47aa,divinity_bossroom_c22r7.tgm.header,Tiny.V8,31983005,264
181b746dcac2ee39,divinity_bossroom_c22r8.tgm,Tiny.VC,32537408,57
b6c376b5eb9c4493,divinity_bossroom_c22r8.tgm.header,Tiny.V8,31983005,264
374141e5f4bb5b06,divinity_bossroom_c22r9.tgm,Tiny.VC,32537408,57
69d33a4d4a2b48f1,divinity_bossroom_c22r9.tgm.header,Tiny.V8,31983005,264
d3a3fa2cca54e075,divinity_bossroom_c22r1.tgm,Tiny.VC,32537408,57
685c45fe2820b761,divinity_bossroom_c22r1.tgm.header,Tiny.V8,31983005,264
b717820f46edf21e,divinity_bossroom_c22r10.tgm,Tiny.VC,32537408,57
c5d5c551c1dc63ad,divinity_bossroom_c22r10.tgm.header,Tiny.V8,31983005,264
29ed0ea02cb7dd0a,divinity_bossroom_c22r11.tgm,Tiny.VC,32537408,57
dce9a2ce4723d54b,divinity_bossroom_c22r11.tgm.header,Tiny.V8,31983005,264
e38e9decc99fb5f4,divinity_bossroom_c22r12.tgm,Tiny.VC,32537408,57
5aacbcb3bc5c4d59,divinity_bossroom_c22r12.tgm.header,Tiny.V8,31983005,264
fb3a93f6726e7cd5,divinity_bossroom_c22r13.tgm,Tiny.VC,32537408,57
7bc07f942b1b246a,divinity_bossroom_c22r13.tgm.header,Tiny.V8,31983005,264
62e1d7cfe6524ae6,divinity_bossroom_c22r14.tgm,Tiny.VC,32537408,57
b162dd4b859dd43f,divinity_bossroom_c22r14.tgm.header,Tiny.V8,31983005,264
914aa9da97fae423,divinity_bossroom_c22r15.tgm,Tiny.VC,32537408,57
a799704062c4438c,divinity_bossroom_c22r15.tgm.header,Tiny.V8,31983005,264
f96b4720ecd30832,divinity_bossroom_c22r16.tgm,Tiny.VC,32537408,57
2dfd6e79a1784a37,divinity_bossroom_c22r16.tgm.header,Tiny.V8,31983005,264
8bae264c1cc045df,divinity_bossroom_c22r17.tgm,Tiny.VC,32537408,57
7c98945738f986c0,divinity_bossroom_c22r17.tgm.header,Tiny.V8,31983005,264
ed4bcf6fad457a94,divinity_bossroom_c22r18.tgm,Tiny.VC,32537408,57
c0572ea22c761ef3,divinity_bossroom_c22r18.tgm.header,Tiny.V8,31983005,264
3f3f77e6bc478fe3,divinity_bossroom_c21r2.tgm,Tiny.VC,32537408,57
0b653c2e83c5ae43,divinity_bossroom_c21r2.tgm.header,Tiny.V8,31983005,264
fbbebaaf271754a6,divinity_bossroom_c21r3.tgm,Tiny.VC,32537408,57
2518e5c9148de1d8,divinity_bossroom_c21r3.tgm.header,Tiny.V8,31983005,264
98edf808d756db84,divinity_bossroom_c21r4.tgm,Tiny.VC,32537408,57
e5920501fb166379,divinity_bossroom_c21r4.tgm.header,Tiny.V8,31983005,264
d11959eee06ea329,divinity_bossroom_c21r5.tgm,Tiny.VC,32537408,57
0b42b2e680d136ab,divinity_bossroom_c21r5.tgm.header,Tiny.V8,31983005,264
d07449f6587c4200,divinity_bossroom_c21r6.tgm,Tiny.VC,32537408,57
6b7b22c3f4212d2c,divinity_bossroom_c21r6.tgm.header,Tiny.V8,31983005,264
59d1050dc42657e0,divinity_bossroom_c21r7.tgm,Tiny.VC,32537408,57
ff576bec5cf766ab,divinity_bossroom_c21r7.tgm.header,Tiny.V8,31983005,264
6b76818daea3cf00,divinity_bossroom_c21r8.tgm,Tiny.VC,32537408,57
b95477b2d4f5aafb,divinity_bossroom_c21r8.tgm.header,Tiny.V8,31983005,264
4402c369169cbaeb,divinity_bossroom_c21r9.tgm,Tiny.V4,28412946,941
99521dcb05ed451f,divinity_bossroom_c21r9.tgm.header,Tiny.V5,27630597,264
5732b3418bac40db,divinity_bossroom_c21r1.tgm,Tiny.VC,32537408,57
7742f6af7ee783f5,divinity_bossroom_c21r1.tgm.header,Tiny.V8,31983005,264
76b20843e4946201,divinity_bossroom_c21r10.tgm,Tiny.V5,27629830,767
7a75f0849bca2153,divinity_bossroom_c21r10.tgm.header,Tiny.VD,28125963,264
5e3bba1a720232e5,divinity_bossroom_c21r11.tgm,Tiny.VC,32537408,57
4d42ea6d1e8cb342,divinity_bossroom_c21r11.tgm.header,Tiny.V8,31983005,264
7415451c7715a58f,divinity_bossroom_c21r12.tgm,Tiny.VC,32537408,57
5bca8fd0838d17cd,divinity_bossroom_c21r12.tgm.header,Tiny.V8,31983005,264
ae585176a0d24325,divinity_bossroom_c21r13.tgm,Tiny.VC,32537408,57
e2b9b137ed95e174,divinity_bossroom_c21r13.tgm.header,Tiny.V8,31983005,264
5f01c4c95f4c0bf3,divinity_bossroom_c21r14.tgm,Tiny.VC,32537408,57
18d99d14a4f61d6f,divinity_bossroom_c21r14.tgm.header,Tiny.V8,31983005,264
1b992ee59c028026,divinity_bossroom_c21r15.tgm,Tiny.VC,32537408,57
57d9c37b77862885,divinity_bossroom_c21r15.tgm.header,Tiny.V8,31983005,264
52971cd08e44414f,divinity_bossroom_c21r16.tgm,Tiny.VC,32537408,57
e9ab404b1e685321,divinity_bossroom_c21r16.tgm.header,Tiny.V8,31983005,264
980197730b295ccb,divinity_bossroom_c21r17.tgm,Tiny.VC,32537408,57
4fd4d2503d652950,divinity_bossroom_c21r17.tgm.header,Tiny.V8,31983005,264
b5fc0e49fac103a0,divinity_bossroom_c21r18.tgm,Tiny.VC,32537408,57
d7cfb740d0ef095f,divinity_bossroom_c21r18.tgm.header,Tiny.V8,31983005,264
33edd9f634ae8fe9,divinity_bossroom_c20r2.tgm,Tiny.VC,32537408,57
88f2e16d086c70c5,divinity_bossroom_c20r2.tgm.header,Tiny.V8,31983005,264
7329dcab8c8df3ca,divinity_bossroom_c20r3.tgm,Tiny.VC,32537408,57
9e3cef63421cbda1,divinity_bossroom_c20r3.tgm.header,Tiny.V8,31983005,264
cf298b8ac082d2a9,divinity_bossroom_c20r4.tgm,Tiny.VC,32537408,57
7789284f07c2b90e,divinity_bossroom_c20r4.tgm.header,Tiny.V8,31983005,264
9215079419335b4e,divinity_bossroom_c20r5.tgm,Tiny.VC,32537408,57
06211188ba9a6878,divinity_bossroom_c20r5.tgm.header,Tiny.V8,31983005,264
1a1e4b1249549c0f,divinity_bossroom_c20r6.tgm,Tiny.VC,32537408,57
c62163d1e4719dc7,divinity_bossroom_c20r6.tgm.header,Tiny.V8,31983005,264
c8bd78ddacc4f44e,divinity_bossroom_c20r7.tgm,Tiny.V2,28222311,2311
0a21b9f93a5ef8fb,divinity_bossroom_c20r7.tgm.header,Tiny.VC,28295443,264
31dcf7f7f2f9149e,divinity_bossroom_c20r8.tgm,Streaming/Content/data/balance/worldareas/6C/mapuberboss_divinity.vworld,1298575,946547
4ed0d61a6a8df247,divinity_bossroom_c20r8.tgm.header,Tiny.V0,28371950,2363
cf7f42d43bb9a020,divinity_bossroom_c20r9.tgm,Streaming/Content/data/balance/worldareas/24/g2_9_1.vworld,156922,7561
dcdfd9c95c73bd37,divinity_bossroom_c20r9.tgm.header,Tiny.VD,28125600,363
316ab58c06ace814,divinity_bossroom_c20r1.tgm,Tiny.VC,32537408,57
7327a2258f193f26,divinity_bossroom_c20r1.tgm.header,Tiny.V8,31983005,264
63518831172533b2,divinity_bossroom_c20r10.tgm,Tiny.VB,28331976,2001
5bb39d0d9c3b1c0a,divinity_bossroom_c20r10.tgm.header,Tiny.V5,27629566,264
ec3c7f5a66d0c770,divinity_bossroom_c20r11.tgm,Streaming/Content/data/balance/worldareas/F4/mapuberboss_divinity.vworld,0,1279083
82d1eb101e573aeb,divinity_bossroom_c20r11.tgm.header,Tiny.V3,27789037,3083
37a45a01691c3abc,divinity_bossroom_c20r12.tgm,Tiny.V8,28107499,3719
9a83d0f62eff7a78,divinity_bossroom_c20r12.tgm.header,Tiny.V2,28222047,264
d83a703081880b7a,divinity_bossroom_c20r13.tgm,Tiny.VC,32537408,57
c2d90e4d49bdbc81,divinity_bossroom_c20r13.tgm.header,Tiny.V8,31983005,264
37f85829ffc69613,divinity_bossroom_c20r14.tgm,Tiny.VC,32537408,57
499e4670e5ab6f3f,divinity_bossroom_c20r14.tgm.header,Tiny.V8,31983005,264
e16563e7f03b60a1,divinity_bossroom_c20r15.tgm,Tiny.VC,32537408,57
1c9621f0c2ad3706,divinity_bossroom_c20r15.tgm.header,Tiny.V8,31983005,264
d149d4a5eab83bc9,divinity_bossroom_c20r16.tgm,Tiny.VC,32537408,57
2fcd51eb6d656996,divinity_bossroom_c20r16.tgm.header,Tiny.V8,31983005,264
a08e46549ee9cc43,divinity_bossroom_c20r17.tgm,Tiny.VC,32537408,57
4bb79bde6db182b2,divinity_bossroom_c20r17.tgm.header,Tiny.V8,31983005,264
19784bf81104bbca,divinity_bossroom_c20r18.tgm,Tiny.VC,32537408,57
1493d7b560685403,divinity_bossroom_c20r18.tgm.header,Tiny.V8,31983005,264
b852d1906dcb34bd,divinity_bossroom_c2r2.tgm,Tiny.VC,32537408,57
1a1a22496f626fee,divinity_bossroom_c2r2.tgm.header,Tiny.V8,31983005,264
3bb3a84f35421291,divinity_bossroom_c2r3.tgm,Tiny.VC,32537408,57
bcae717736452c83,divinity_bossroom_c2r3.tgm.header,Tiny.V8,31983005,264
346384b2397851d7,divinity_bossroom_c2r4.tgm,Tiny.VC,32537408,57
1ccea564c5515e72,divinity_bossroom_c2r4.tgm.header,Tiny.V8,31983005,264
11075073a468ba8d,divinity_bossroom_c2r5.tgm,Tiny.VC,32537408,57
58eda94a9530ee39,divinity_bossroom_c2r5.tgm.header,Tiny.V8,31983005,264
dc779c1df6259225,divinity_bossroom_c2r6.tgm,Tiny.VC,32537408,57
cb1cab84166a6118,divinity_bossroom_c2r6.tgm.header,Tiny.V8,31983005,264
0581c7f20022cdee,divinity_bossroom_c2r7.tgm,Tiny.VC,32537408,57
951219b5306fdf5f,divinity_bossroom_c2r7.tgm.header,Tiny.V8,31983005,264
69a62c903c3d8a1b,divinity_bossroom_c2r8.tgm,Tiny.VC,32537408,57
a95fb24fbe2a34a3,divinity_bossroom_c2r8.tgm.header,Tiny.V8,31983005,264
155ad7888e3d1f50,divinity_bossroom_c2r9.tgm,Tiny.VC,32537408,57
854eff03848fba89,divinity_bossroom_c2r9.tgm.header,Tiny.V8,31983005,264
2c156f3eef93c616,divinity_bossroom_c2r1.tgm,Tiny.VC,32537408,57
01024f1f86c4b346,divinity_bossroom_c2r1.tgm.header,Tiny.V8,31983005,264
1e5a565ffba9b66c,divinity_bossroom_c2r10.tgm,Tiny.VC,32537408,57
c9bf7f127114cbfa,divinity_bossroom_c2r10.tgm.header,Tiny.V8,31983005,264
a48ad29406e2a3c3,divinity_bossroom_c2r11.tgm,Tiny.VC,32537408,57
ab8b123afab0f231,divinity_bossroom_c2r11.tgm.header,Tiny.V8,31983005,264
025151242445b8f6,divinity_bossroom_c2r12.tgm,Tiny.VC,32537408,57
0ac0e7b73a4b053f,divinity_bossroom_c2r12.tgm.header,Tiny.V8,31983005,264
d6d7e4efe73c5d0c,divinity_bossroom_c2r13.tgm,Tiny.VC,32537408,57
7b4ff671817fcf08,divinity_bossroom_c2r13.tgm.header,Tiny.V8,31983005,264
bd3567d716297b93,divinity_bossroom_c2r14.tgm,Tiny.VC,32537408,57
d3a088ad79824c7a,divinity_bossroom_c2r14.tgm.header,Tiny.V8,31983005,264
560e4d7cc4467d7e,divinity_bossroom_c2r15.tgm,Tiny.VC,32537408,57
b3d211be100bd3e0,divinity_bossroom_c2r15.tgm.header,Tiny.V8,31983005,264
e9f9247412e00bbf,divinity_bossroom_c2r16.tgm,Tiny.VC,32537408,57
d87a67844af02635,divinity_bossroom_c2r16.tgm.header,Tiny.V8,31983005,264
a9669ec7d0a7351e,divinity_bossroom_c2r17.tgm,Tiny.VC,32537408,57
b3851519f94bfe16,divinity_bossroom_c2r17.tgm.header,Tiny.V8,31983005,264
1cbd4a3b2d3de473,divinity_bossroom_c2r18.tgm,Tiny.VC,32537408,57
2262e83508e3f278,divinity_bossroom_c2r18.tgm.header,Tiny.V8,31983005,264
8a712bdc92515778,divinity_bossroom_c19r2.tgm,Tiny.VC,32537408,57
6bf6e92c61172d2c,divinity_bossroom_c19r2.tgm.header,Tiny.V8,31983005,264
04bd24ac4057ca9e,divinity_bossroom_c19r3.tgm,Tiny.VC,32537408,57
cd6d7bb18b73338d,divinity_bossroom_c19r3.tgm.header,Tiny.V8,31983005,264
45d156532585903e,divinity_bossroom_c19r4.tgm,Tiny.VC,32537408,57
8472cb19d0193e24,divinity_bossroom_c19r4.tgm.header,Tiny.V8,31983005,264
ba7f0b113baac25e,divinity_bossroom_c19r5.tgm,Tiny.VC,32537408,57
fb4b7b2a0694b72a,divinity_bossroom_c19r5.tgm.header,Tiny.V8,31983005,264
26230a2c78630094,divinity_bossroom_c19r6.tgm,Tiny.V6,28064489,3127
5c45c548b15d6c09,divinity_bossroom_c19r6.tgm.header,Tiny.VC,28295179,264
4bef7539b6fb3c6c,divinity_bossroom_c19r7.tgm,Streaming/Content/data/balance/worldareas/F5/mapuberboss_divinity.vworld,0,5283
7b84ca4d85cf326f,divinity_bossroom_c19r7.tgm.header,Tiny.V9,28507266,283
1ab8b19948ba9b85,divinity_bossroom_c19r8.tgm,Streaming/Content/data/balance/worldareas/66/mapuberboss_divinity.vworld,0,8959
dabb4049b2f8c2e4,divinity_bossroom_c19r8.tgm.header,Tiny.V4,28412583,363
08a2b20d0d263398,divinity_bossroom_c19r9.tgm,Streaming/Content/data/balance/worldareas/95/mapport.vworld,117524,10337
a54c7207d58c9e42,divinity_bossroom_c19r9.tgm.header,Tiny.V8,28107016,483
feefe684be12505c,divinity_bossroom_c19r1.tgm,Tiny.VC,32537408,57
176cbe316f907f61,divinity_bossroom_c19r1.tgm.header,Tiny.V8,31983005,264
054286dd89bb2666,divinity_bossroom_c19r10.tgm,Streaming/Content/data/balance/worldareas/6E/mapuberboss_divinity.vworld,0,583133
1c98472678a2504a,divinity_bossroom_c19r10.tgm.header,Tiny.V7,28075978,563
ac659ab9619f4796,divinity_bossroom_c19r11.tgm,Streaming/Content/data/balance/worldareas/C5/mapuberboss_divinity.vworld,0,14069
f711ed6d4f11b633,divinity_bossroom_c19r11.tgm.header,Tiny.V6,28063926,563
4b728a62c48b0f82,divinity_bossroom_c19r12.tgm,Streaming/Content/data/balance/worldareas/13/mapuberboss_divinity.vworld,0,7581
9ce4d9ae1a8c200a,divinity_bossroom_c19r12.tgm.header,Tiny.V8,28106733,283
e556a4baefd0a491,divinity_bossroom_c19r13.tgm,Tiny.VD,28123463,2137
31b8508da850ff4b,divinity_bossroom_c19r13.tgm.header,Tiny.V9,28507002,264
3a4442d6f724abb6,divinity_bossroom_c19r14.tgm,Tiny.VC,32537408,57
cd3d3db543a08200,divinity_bossroom_c19r14.tgm.header,Tiny.V8,31983005,264
7390bcfb1729e717,divinity_bossroom_c19r15.tgm,Tiny.VC,32537408,57
447ad1bba1dba76d,divinity_bossroom_c19r15.tgm.header,Tiny.V8,31983005,264
a884cc93e964fb94,divinity_bossroom_c19r16.tgm,Tiny.VC,32537408,57
8dc70a3b735f1c6f,divinity_bossroom_c19r16.tgm.header,Tiny.V8,31983005,264
bdccd7449dbcdc7e,divinity_bossroom_c19r17.tgm,Tiny.VC,32537408,57
8f528488c8964ff6,divinity_bossroom_c19r17.tgm.header,Tiny.V8,31983005,264
b675f70aa36906d1,divinity_bossroom_c19r18.tgm,Tiny.VC,32537408,57
0f2ef3d046013673,divinity_bossroom_c19r18.tgm.header,Tiny.V8,31983005,264
2986b31bde8e986d,divinity_bossroom_c18r2.tgm,Tiny.VC,32537408,57
d1ea4aef1a761573,divinity_bossroom_c18r2.tgm.header,Tiny.V8,31983005,264
98ade2ca5a3a58c1,divinity_bossroom_c18r3.tgm,Tiny.VC,32537408,57
3088fd26c178114e,divinity_bossroom_c18r3.tgm.header,Tiny.V8,31983005,264
c28e88ed2d4e7af5,divinity_bossroom_c18r4.tgm,Tiny.VC,32537408,57
b678e42d1055797e,divinity_bossroom_c18r4.tgm.header,Tiny.V8,31983005,264
1996cb6ea55e67cc,divinity_bossroom_c18r5.tgm,Tiny.VC,32537408,57
fa6beb74e49ff88d,divinity_bossroom_c18r5.tgm.header,Tiny.V8,31983005,264
20b667d04acd8ad6,divinity_bossroom_c18r6.tgm,Streaming/Content/data/balance/worldareas/FA/mapuberboss_divinity.vworld,0,4789
8c46298fe411bd7b,divinity_bossroom_c18r6.tgm.header,Tiny.VA,28300748,264
36d4c344f158d200,divinity_bossroom_c18r7.tgm,Streaming/Content/data/balance/worldareas/1E/mapuberboss_divinity.vworld,0,7667
58830d024e93b6fe,divinity_bossroom_c18r7.tgm.header,Tiny.V5,27629203,363
367acfaa250261b0,divinity_bossroom_c18r8.tgm,Streaming/Content/data/balance/worldareas/DF/mapuberboss_divinity.vworld,0,10371
a4687bdf505568d1,divinity_bossroom_c18r8.tgm.header,Tiny.V9,28506519,483
4b292c1e472895b8,divinity_bossroom_c18r9.tgm,Streaming/Content/data/balance/worldareas/12/mapuberboss_divinity.vworld,14833,11303
86166607686a0890,divinity_bossroom_c18r9.tgm.header,Tiny.VD,28122940,523
cf1c5d12e3745d0b,divinity_bossroom_c18r1.tgm,Tiny.VC,32537408,57
5bc12de514ddd15a,divinity_bossroom_c18r1.tgm.header,Tiny.V8,31983005,264
08cfb7f6eed078fb,divinity_bossroom_c18r10.tgm,Streaming/Content/data/balance/worldareas/3B/mapmothersoul_male_quest.vworld,112912,8873
b30de1d8a5a387bd,divinity_bossroom_c18r10.tgm.header,Tiny.V0,28371587,363
d5e94f716afc5da1,divinity_bossroom_c18r11.tgm,Streaming/Content/data/balance/worldareas/68/mapuberboss_divinity.vworld,8475,13185
ae370d5a3ea68e00,divinity_bossroom_c18r11.tgm.header,Tiny.V5,27628520,683
af966e54f22c259a,divinity_bossroom_c18r12.tgm,Streaming/Content/data/balance/worldareas/62/mapuberboss_divinity.vworld,0,12755
bb2d717146e1c020,divinity_bossroom_c18r12.tgm.header,Tiny.VC,28294616,563
c7f3856960dee66e,divinity_bossroom_c18r13.tgm,Streaming/Content/data/balance/worldareas/EE/mapuberboss_divinity.vworld,0,1147285
8c3bc196323865d0,divinity_bossroom_c18r13.tgm.header,Tiny.VA,28298185,2563
af446cee781c705d,divinity_bossroom_c18r14.tgm,Tiny.VC,32537408,57
b699dcecfdc2211c,divinity_bossroom_c18r14.tgm.header,Tiny.V8,31983005,264
5275d1098534530b,divinity_bossroom_c18r15.tgm,Tiny.VC,32537408,57
c8e766adaf2fc4fd,divinity_bossroom_c18r15.tgm.header,Tiny.V8,31983005,264
58fe10e3dc17535c,divinity_bossroom_c18r16.tgm,Tiny.VC,32537408,57
219edca05a884a40,divinity_bossroom_c18r16.tgm.header,Tiny.V8,31983005,264
bac9a95aa08f503b,divinity_bossroom_c18r17.tgm,Tiny.VC,32537408,57
795be38c3987893d,divinity_bossroom_c18r17.tgm.header,Tiny.V8,31983005,264
b4ff97347868b713,divinity_bossroom_c18r18.tgm,Tiny.VC,32537408,57
41339ce0cf96f8ba,divinity_bossroom_c18r18.tgm.header,Tiny.V8,31983005,264
662be1c58982c72d,divinity_bossroom_c17r2.tgm,Tiny.VC,32537408,57
c7a7d8d8a632c2ed,divinity_bossroom_c17r2.tgm.header,Tiny.V8,31983005,264
4afa933ec0b09253,divinity_bossroom_c17r3.tgm,Tiny.VC,32537408,57
daa2acf5c89950e1,divinity_bossroom_c17r3.tgm.header,Tiny.V8,31983005,264
4d24631752bfe9bb,divinity_bossroom_c17r4.tgm,Tiny.VC,32537408,57
e55f938586908ca8,divinity_bossroom_c17r4.tgm.header,Tiny.V8,31983005,264
0f9d1995615e73e3,divinity_bossroom_c17r5.tgm,Tiny.VA,28292864,2555
e25dd3bc651e0ce4,divinity_bossroom_c17r5.tgm.header,Tiny.V7,28075714,264
ffe9b7f8ce0fd6cc,divinity_bossroom_c17r6.tgm,Streaming/Content/data/balance/worldareas/82/mapuberboss_divinity.vworld,0,1906661
749713fed54ca31a,divinity_bossroom_c17r6.tgm.header,Tiny.VC,28290613,4003
66ab83143cf5ba17,divinity_bossroom_c17r7.tgm,Streaming/Content/data/balance/worldareas/3E/mapuberboss_divinity.vworld,0,334509
415b8e6dc6b5b6fa,divinity_bossroom_c17r7.tgm.header,Tiny.VA,28295419,2163
097685012bb7e9dd,divinity_bossroom_c17r8.tgm,Streaming/Content/data/balance/worldareas/53/mapuberboss_divinity.vworld,0,44581
5003edf8bd9f4193,divinity_bossroom_c17r8.tgm.header,Tiny.VD,28122377,563
08343013f427312b,divinity_bossroom_c17r9.tgm,Streaming/Content/data/balance/worldareas/D6/mapuberboss_divinity.vworld,0,18213
a61c42c9f1d2288b,divinity_bossroom_c17r9.tgm.header,Tiny.VA,28297582,603
e303ecf3998f778d,divinity_bossroom_c17r1.tgm,Tiny.VC,32537408,57
3c92a49a2268204c,divinity_bossroom_c17r1.tgm.header,Tiny.V8,31983005,264
776fbc8d8f0ecae2,divinity_bossroom_c17r10.tgm,Streaming/Content/data/balance/worldareas/80/mapuberboss_divinity.vworld,0,15011
d0c67b2c024fb085,divinity_bossroom_c17r10.tgm.header,Tiny.VA,28292261,603
83a9d2b60d559010,divinity_bossroom_c17r11.tgm,Streaming/Content/data/balance/worldareas/96/mapport.vworld,643326,45591
5ec40c66080b58dc,divinity_bossroom_c17r11.tgm.header,Tiny.V0,28369189,443
d4130e67b8e79575,divinity_bossroom_c17r12.tgm,Streaming/Content/data/balance/worldareas/11/mapuberboss_divinity.vworld,911493,338367
366b82c07a76f7f8,divinity_bossroom_c17r12.tgm.header,Tiny.VD,28120014,2363
bc7924f2cefa9de7,divinity_bossroom_c17r13.tgm,Streaming/Content/data/balance/worldareas/5D/mapuberboss_divinity.vworld,0,290841
81c2702286b1bff1,divinity_bossroom_c17r13.tgm.header,Tiny.VE,27927710,603
1a7383af5cf1686e,divinity_bossroom_c17r14.tgm,Tiny.V0,28369632,1955
1f3f07f2d4db61ed,divinity_bossroom_c17r14.tgm.header,Tiny.V3,27788773,264
a29aba4f3b83def2,divinity_bossroom_c17r15.tgm,Tiny.VC,32537408,57
d40e6c209f0c20da,divinity_bossroom_c17r15.tgm.header,Tiny.V8,31983005,264
9e8afd84f68f1e37,divinity_bossroom_c17r16.tgm,Tiny.VC,32537408,57
ccfd10fa9066e717,divinity_bossroom_c17r16.tgm.header,Tiny.V8,31983005,264
f599f88e9ff6ef25,divinity_bossroom_c17r17.tgm,Tiny.VC,32537408,57
59f210fb62f69668,divinity_bossroom_c17r17.tgm.header,Tiny.V8,31983005,264
e4edb895c8994eb7,divinity_bossroom_c17r18.tgm,Tiny.VC,32537408,57
d512f1601d94fd19,divinity_bossroom_c17r18.tgm.header,Tiny.V8,31983005,264
c1f8377fa170d309,divinity_bossroom_c16r2.tgm,Tiny.VC,32537408,57
8b01bb793493dd24,divinity_bossroom_c16r2.tgm.header,Tiny.V8,31983005,264
201c6c1101b5e3b5,divinity_bossroom_c16r3.tgm,Tiny.VC,32537408,57
5ec1e222b3b1a26f,divinity_bossroom_c16r3.tgm.header,Tiny.V8,31983005,264
41a223358bc395bf,divinity_bossroom_c16r4.tgm,Tiny.VE,27926639,1071
0cd1fa7318c2d33f,divinity_bossroom_c16r4.tgm.header,Tiny.V4,28412319,264
feb7fb313bd7cbb1,divinity_bossroom_c16r5.tgm,Streaming/Content/data/balance/worldareas/15/mapmothersoul_male_quest.vworld,502313,4133
6bb08bd3baa91a87,divinity_bossroom_c16r5.tgm.header,Tiny.VD,28119731,283
3d15021a9915c34f,divinity_bossroom_c16r6.tgm,Streaming/Content/data/balance/worldareas/30/mapuberboss_divinity.vworld,0,10619
29bf32b6b52ddecc,divinity_bossroom_c16r6.tgm.header,Tiny.V1,28063921,523
0a9b56f4e27b0fcd,divinity_bossroom_c16r7.tgm,Streaming/Content/data/balance/worldareas/68/mapuberboss_divinity.vworld,0,8475
9ac711ce18661412,divinity_bossroom_c16r7.tgm.header,Tiny.V5,27628237,283
28df5c6940797c64,divinity_bossroom_c16r8.tgm,Streaming/Content/data/balance/worldareas/E3/mapuberboss_divinity.vworld,0,50695
d171279f3436fee4,divinity_bossroom_c16r8.tgm.header,Tiny.V0,28368466,723
c60d52971f380536,divinity_bossroom_c16r9.tgm,Streaming/Content/data/balance/worldareas/1A/mapmothersoul_male_quest.vworld,28985,65591
38e8aca7cbe2d677,divinity_bossroom_c16r9.tgm.header,Tiny.V6,28063323,603
177b2f0ae9e3e8cd,divinity_bossroom_c16r1.tgm,Tiny.VC,32537408,57
9105f673c8941961,divinity_bossroom_c16r1.tgm.header,Tiny.V8,31983005,264
734564d40d1eb0b5,divinity_bossroom_c16r10.tgm,Streaming/Content/data/balance/worldareas/90/mapuberboss_delirium.vworld,355116,66473
34b3aba74e2ce304,divinity_bossroom_c16r10.tgm.header,Tiny.VE,27925553,523
d30a9d00a616a55a,divinity_bossroom_c16r11.tgm,Streaming/Content/data/balance/worldareas/0B/mapuberboss_divinity.vworld,0,45827
5f52990a136732c7,divinity_bossroom_c16r11.tgm.header,Tiny.VE,27926076,563
876652cf8ac1ef3f,divinity_bossroom_c16r12.tgm,Streaming/Content/data/balance/worldareas/E7/mapuberboss_divinity.vworld,12997,13791
65b28c1194c54ce0,divinity_bossroom_c16r12.tgm.header,Tiny.VC,28290090,523
8a29ce21f40ca267,divinity_bossroom_c16r13.tgm,Streaming/Content/data/balance/worldareas/71/mapmothersoul_male_quest.vworld,314830,11751
9ba59d3dc0106934,divinity_bossroom_c16r13.tgm.header,Tiny.V2,28221260,523
e4cb07c5f0197f6a,divinity_bossroom_c16r14.tgm,Streaming/Content/data/balance/worldareas/11/mapuberboss_divinity.vworld,0,911493
6cc8645fe937008e,divinity_bossroom_c16r14.tgm.header,Tiny.V3,27786530,2243
3b110ddd962901d8,divinity_bossroom_c16r15.tgm,Tiny.V5,27627294,943
d8b3861356ce6d3a,divinity_bossroom_c16r15.tgm.header,Tiny.V2,28221783,264
50dfbcb395720f04,divinity_bossroom_c16r16.tgm,Tiny.VC,32537408,57
7a3403576bceb0cc,divinity_bossroom_c16r16.tgm.header,Tiny.V8,31983005,264
a8dae8e573e6b11a,divinity_bossroom_c16r17.tgm,Tiny.VC,32537408,57
b6a9700ac0cf7cfc,divinity_bossroom_c16r17.tgm.header,Tiny.V8,31983005,264
39576b2030d12aba,divinity_bossroom_c16r18.tgm,Tiny.VC,32537408,57
c1ddd284e7646d95,divinity_bossroom_c16r18.tgm.header,Tiny.V8,31983005,264
70e2e8e74de41322,divinity_bossroom_c15r2.tgm,Tiny.VC,32537408,57
12496c1666c195fa,divinity_bossroom_c15r2.tgm.header,Tiny.V8,31983005,264
06370dbf94975e66,divinity_bossroom_c15r3.tgm,Tiny.VC,32537408,57
3e1e0ea801319c54,divinity_bossroom_c15r3.tgm.header,Tiny.V8,31983005,264
f6ac8505cdb581e0,divinity_bossroom_c15r4.tgm,Tiny.VF,28313691,3781
a91e9c1dfbfa13bc,divinity_bossroom_c15r4.tgm.header,Tiny.V1,28063657,264
c32163aeb57da501,divinity_bossroom_c15r5.tgm,Streaming/Content/data/balance/worldareas/43/mapuberboss_divinity.vworld,0,332937
907226cbd31d96c5,divinity_bossroom_c15r5.tgm.header,Tiny.VB,28329370,2123
a2cda4805f9bd88d,divinity_bossroom_c15r6.tgm,Streaming/Content/data/balance/worldareas/DA/expeditionsubarea_blackknightboss.vworld,562416,12079
4acfc762813028a3,divinity_bossroom_c15r6.tgm.header,Tiny.VB,28331493,483
8c2ebb265a5e9733,divinity_bossroom_c15r7.tgm,Streaming/Content/data/balance/worldareas/9F/mapuberboss_divinity.vworld,0,43399
1695303581acb97e,divinity_bossroom_c15r7.tgm.header,Tiny.VA,28291618,643
0a2c7858b90e2aa8,divinity_bossroom_c15r8.tgm,Streaming/Content/data/balance/worldareas/33/mapport.vworld,487726,12117
8a63c073d789620e,divinity_bossroom_c15r8.tgm.header,Tiny.VE,27925150,403
09500a9aee4efb4c,divinity_bossroom_c15r9.tgm,Streaming/Content/data/balance/worldareas/DE/mapuberboss_divinity.vworld,0,8255
0d9031d283eb5831,divinity_bossroom_c15r9.tgm.header,Tiny.V8,28106469,264
44b663ea98ec9562,divinity_bossroom_c15r1.tgm,Tiny.VC,32537408,57
66aecc48e9dc236a,divinity_bossroom_c15r1.tgm.header,Tiny.V8,31983005,264
ef7ee3111ef12bb5,divinity_bossroom_c15r10.tgm,Streaming/Content/data/balance/worldareas/12/mapuberboss_divinity.vworld,0,14833
ceb159cd9e1cf96f,divinity_bossroom_c15r10.tgm.header,Tiny.V0,28367983,483
ed36f59366d43ea3,divinity_bossroom_c15r11.tgm,Streaming/Content/data/balance/worldareas/92/mapuberboss_divinity.vworld,0,14509
45721f751d80bfef,divinity_bossroom_c15r11.tgm.header,Tiny.V9,28505876,643
b48eb7d9ac45ed06,divinity_bossroom_c15r12.tgm,Streaming/Content/data/balance/worldareas/56/mapuberboss_divinity.vworld,0,16025
687747e1d383e504,divinity_bossroom_c15r12.tgm.header,Tiny.V8,28105706,763
b2a538949f83befc,divinity_bossroom_c15r13.tgm,Streaming/Content/data/balance/worldareas/E5/g2_9_1.vworld,535606,17395
c4fae3e4064c4142,divinity_bossroom_c15r13.tgm.header,Tiny.V7,28075071,643
81a85de3ef1a419f,divinity_bossroom_c15r14.tgm,Streaming/Content/data/balance/worldareas/BC/mapuberboss_divinity.vworld,17869,335815
2be5d70b4599e278,divinity_bossroom_c15r14.tgm.header,Tiny.V1,28061414,2243
a9a9bc13b6d461d8,divinity_bossroom_c15r15.tgm,Tiny.V3,27783233,3033
229d7ccd98bd8367,divinity_bossroom_c15r15.tgm.header,Tiny.V3,27786266,264
698d3e5df3589711,divinity_bossroom_c15r16.tgm,Tiny.VC,32537408,57
d71c70624e8d29ee,divinity_bossroom_c15r16.tgm.header,Tiny.V8,31983005,264
a2ba3ba19c503500,divinity_bossroom_c15r17.tgm,Tiny.VC,32537408,57
9e9713cac5095488,divinity_bossroom_c15r17.tgm.header,Tiny.V8,31983005,264
2f8a61c6a143e3ba,divinity_bossroom_c15r18.tgm,Tiny.VC,32537408,57
dc62901c8c661ec7,divinity_bossroom_c15r18.tgm.header,Tiny.V8,31983005,264
e71224f34123e67a,divinity_bossroom_c14r2.tgm,Tiny.VC,32537408,57
4e3636ccd52f0b76,divinity_bossroom_c14r2.tgm.header,Tiny.V8,31983005,264
ce84874254c3727d,divinity_bossroom_c14r3.tgm,Tiny.VC,32537408,57
ce238d37b1b532ed,divinity_bossroom_c14r3.tgm.header,Tiny.V8,31983005,264
f8f5d35685aaa748,divinity_bossroom_c14r4.tgm,Tiny.VC,28287019,3071
4566f0b97f1ccbe6,divinity_bossroom_c14r4.tgm.header,Tiny.V6,28063059,264
bab2067416abe797,divinity_bossroom_c14r5.tgm,Streaming/Content/data/balance/worldareas/B7/mapuberboss_divinity.vworld,0,621585
3c75182304d5ac43,divinity_bossroom_c14r5.tgm.header,Tiny.V8,28103660,1683
b8b534005f5979e9,divinity_bossroom_c14r6.tgm,Streaming/Content/data/balance/worldareas/AF/mapuberboss_divinity.vworld,0,12675
053de2b174ad98be,divinity_bossroom_c14r6.tgm.header,Tiny.VD,28119168,563
95b3087befc5e2df,divinity_bossroom_c14r7.tgm,Streaming/Content/data/balance/worldareas/42/mapuberboss_delirium.vworld,59911,8807
eeee0bfd6f7097ef,divinity_bossroom_c14r7.tgm.header,Tiny.V8,28105343,363
ae52fee026d0a5ae,divinity_bossroom_c14r8.tgm,Streaming/Content/data/balance/worldareas/1F/mapuberboss_divinity.vworld,0,8603
3294831215e61a47,divinity_bossroom_c14r8.tgm.header,Tiny.V0,28367580,403
4664267fb1cae21b,divinity_bossroom_c14r9.tgm,Streaming/Content/data/balance/worldareas/F9/mapuberboss_divinity.vworld,0,1402671
95be12d984ed3660,divinity_bossroom_c14r9.tgm.header,Tiny.V2,28220697,563
bfd08e0abfa4eab3,divinity_bossroom_c14r1.tgm,Tiny.VC,32537408,57
92a2b94cffc64dd8,divinity_bossroom_c14r1.tgm.header,Tiny.V8,31983005,264
f21696f7641c9515,divinity_bossroom_c14r10.tgm,Streaming/Content/data/balance/worldareas/7D/g4_8a.vworld,526222,12089
4c69b558619f5993,divinity_bossroom_c14r10.tgm.header,Tiny.V3,27782606,363
4efbdae897a1b14c,divinity_bossroom_c14r11.tgm,Streaming/Content/data/balance/worldareas/4C/g3_1.vworld,498404,14455
a398182a92f16746,divinity_bossroom_c14r11.tgm.header,Tiny.VF,28313128,563
9c98c3866afc8f7a,divinity_bossroom_c14r12.tgm,Streaming/Content/data/balance/worldareas/22/g2_9_1.vworld,559537,38347
1cf04735a5f56998,divinity_bossroom_c14r12.tgm.header,Tiny.VC,28286576,443
f36d669065b5fe51,divinity_bossroom_c14r13.tgm,Streaming/Content/data/balance/worldareas/17/mapprecursortowerdesert.vworld,369562,11313
b5b140d3b0b2e501,divinity_bossroom_c14r13.tgm.header,Tiny.V6,28062696,363
6c0bf64a8a6579ce,divinity_bossroom_c14r14.tgm,Streaming/Content/data/balance/worldareas/83/mapuberboss_divinity.vworld,0,1301785
d5477c14bbcb68ea,divinity_bossroom_c14r14.tgm.header,Tiny.V8,28100897,2763
28f607d4a4fb941b,divinity_bossroom_c14r15.tgm,Tiny.V0,28365437,2143
996c0227d85b7e7b,divinity_bossroom_c14r15.tgm.header,Tiny.V3,27782969,264
a5f568e84e70e936,divinity_bossroom_c14r16.tgm,Tiny.VC,32537408,57
7d5ad1625b0c4fe8,divinity_bossroom_c14r16.tgm.header,Tiny.V8,31983005,264
0990b3870f63071a,divinity_bossroom_c14r17.tgm,Tiny.VC,32537408,57
1992c50555a0969d,divinity_bossroom_c14r17.tgm.header,Tiny.V8,31983005,264
e398839854010e64,divinity_bossroom_c14r18.tgm,Tiny.VC,32537408,57
973333dabc2a29ae,divinity_bossroom_c14r18.tgm.header,Tiny.V8,31983005,264
8329404d242ec55d,divinity_bossroom_c13r2.tgm,Tiny.VC,32537408,57
d696031e9794a77e,divinity_bossroom_c13r2.tgm.header,Tiny.V8,31983005,264
cdf436a6ff0f94dc,divinity_bossroom_c13r3.tgm,Tiny.VC,32537408,57
33a32ae953b72598,divinity_bossroom_c13r3.tgm.header,Tiny.V8,31983005,264
9d3d5a7dc20242b4,divinity_bossroom_c13r4.tgm,Tiny.VA,28290671,947
301bfa6394f033e1,divinity_bossroom_c13r4.tgm.header,Tiny.V4,28411092,264
4778b888ea524764,divinity_bossroom_c13r5.tgm,Tiny.VD,28115401,3767
9eaed7c336b5359e,divinity_bossroom_c13r5.tgm.header,Tiny.VC,28286312,264
76346497237dc755,divinity_bossroom_c13r6.tgm,Streaming/Content/data/balance/worldareas/7D/g4_8a.vworld,517667,8555
039e0260dc9b35ec,divinity_bossroom_c13r6.tgm.header,Tiny.V7,28073825,403
fd89eefe35d6f85c,divinity_bossroom_c13r7.tgm,Streaming/Content/data/balance/worldareas/23/mapuberboss_divinity.vworld,0,18225
45e7b13755b452c9,divinity_bossroom_c13r7.tgm.header,Tiny.VB,28328687,683
123fc5d8c5ab6912,divinity_bossroom_c13r8.tgm,Streaming/Content/data/balance/worldareas/25/mapuberboss_divinity.vworld,0,78129
02e2a356d3e96950,divinity_bossroom_c13r8.tgm.header,Tiny.V7,28074228,843
e980e8b3073c527f,divinity_bossroom_c13r9.tgm,Streaming/Content/data/balance/worldareas/24/g2_9_1.vworld,130263,26659
e90bc83acc44d31a,divinity_bossroom_c13r9.tgm.header,Tiny.V4,28411356,963
73e2ddaed1c55764,divinity_bossroom_c13r1.tgm,Tiny.VC,32537408,57
c10b0832a40ef636,divinity_bossroom_c13r1.tgm.header,Tiny.V8,31983005,264
467b478b80281b75,divinity_bossroom_c13r10.tgm,Streaming/Content/data/balance/worldareas/37/mapuberboss_divinity.vworld,1569121,20249
19272c6e9754126b,divinity_bossroom_c13r10.tgm.header,Tiny.VA,28289828,843
8126a65ae1c79ba7,divinity_bossroom_c13r11.tgm,Streaming/Content/data/balance/worldareas/41/mapuberboss_divinity.vworld,0,80755
e2e671354ae10eb1,divinity_bossroom_c13r11.tgm.header,Tiny.V1,28060691,723
39860a6aacbfd4e4,divinity_bossroom_c13r12.tgm,Streaming/Content/data/balance/worldareas/FC/g2_9_1.vworld,434524,12763
58f9927342020ac9,divinity_bossroom_c13r12.tgm.header,Tiny.VF,28312405,723
fb5e906223ea55c3,divinity_bossroom_c13r13.tgm,Streaming/Content/data/balance/worldareas/08/mapuberboss_divinity.vworld,0,11291
a3938d19d0f027a1,divinity_bossroom_c13r13.tgm.header,Tiny.V2,28220294,403
d8ae14e6e0b81d23,divinity_bossroom_c13r14.tgm,Streaming/Content/data/balance/worldareas/E2/g3_1.vworld,537121,5361
80e1fb77f90fa19e,divinity_bossroom_c13r14.tgm.header,Tiny.V6,28062432,264
250803efea82d191,divinity_bossroom_c13r15.tgm,Tiny.V7,28073002,823
63f93595f08e6e8d,divinity_bossroom_c13r15.tgm.header,Tiny.VD,28115137,264
506f0d6700e3f244,divinity_bossroom_c13r16.tgm,Tiny.VC,32537408,57
c0983906254a7087,divinity_bossroom_c13r16.tgm.header,Tiny.V8,31983005,264
b1729f7a2c524260,divinity_bossroom_c13r17.tgm,Tiny.VC,32537408,57
cc9eee649a20d2c2,divinity_bossroom_c13r17.tgm.header,Tiny.V8,31983005,264
c364746464a64614,divinity_bossroom_c13r18.tgm,Tiny.VC,32537408,57
01f450bc3527deb8,divinity_bossroom_c13r18.tgm.header,Tiny.V8,31983005,264
296377380c0579f0,divinity_bossroom_c12r2.tgm,Tiny.VC,32537408,57
7d26d24046d8a024,divinity_bossroom_c12r2.tgm.header,Tiny.V8,31983005,264
698d5d6e7a5d50d9,divinity_bossroom_c12r3.tgm,Tiny.VC,32537408,57
b0e9645172f4bbca,divinity_bossroom_c12r3.tgm.header,Tiny.V8,31983005,264
97bfc0e0d6121595,divinity_bossroom_c12r4.tgm,Tiny.V8,28096545,789
0dfe5aca24b06293,divinity_bossroom_c12r4.tgm.header,Tiny.V6,28062168,264
75ae91608225999a,divinity_bossroom_c12r5.tgm,Streaming/Content/data/balance/worldareas/8E/mapuberboss_divinity.vworld,0,1697975
ba97cd0b95ec5bb6,divinity_bossroom_c12r5.tgm.header,Tiny.V8,28097334,3563
e293b64d10ed5ecc,divinity_bossroom_c12r6.tgm,Streaming/Content/data/balance/worldareas/E5/g2_9_1.vworld,526839,8767
9da0e541b1ef8dae,divinity_bossroom_c12r6.tgm.header,Tiny.VA,28289345,483
ada01d78b60c20a9,divinity_bossroom_c12r7.tgm,Streaming/Content/data/balance/worldareas/5B/mapport.vworld,585021,13305
3331b7a2598e00a6,divinity_bossroom_c12r7.tgm.header,Tiny.V0,28364511,563
9d6b931f4db5fe78,divinity_bossroom_c12r8.tgm,Streaming/Content/data/balance/worldareas/04/g3_1.vworld,382886,9435
ad6742469836846c,divinity_bossroom_c12r8.tgm.header,Tiny.V0,28365074,363
857cacab8f29b7f6,divinity_bossroom_c12r9.tgm,Streaming/Content/data/balance/worldareas/19/g2_2.vworld,388586,7051
588cd2fa66692038,divinity_bossroom_c12r9.tgm.header,Tiny.V5,27626891,403
6a3740a57e6fb81b,divinity_bossroom_c12r1.tgm,Tiny.VC,32537408,57
a0c32be179b90bec,divinity_bossroom_c12r1.tgm.header,Tiny.V8,31983005,264
ed0fa54a3a59415f,divinity_bossroom_c12r10.tgm,Streaming/Content/data/balance/worldareas/70/mapuberboss_divinity.vworld,0,13053
a01365abb9f7c5eb,divinity_bossroom_c12r10.tgm.header,Tiny.VC,28285525,523
9f23f523fe350ce5,divinity_bossroom_c12r11.tgm,Streaming/Content/data/balance/worldareas/48/mapuberboss_divinity.vworld,336877,14157
1e28b779411c8c5f,divinity_bossroom_c12r11.tgm.header,Tiny.V1,28060248,443
3e410798b5b8a0f1,divinity_bossroom_c12r12.tgm,Streaming/Content/data/balance/worldareas/BC/mapuberboss_divinity.vworld,0,17869
d71d81f16ac475eb,divinity_bossroom_c12r12.tgm.header,Tiny.V2,28219731,563
538a948dfec2eead,divinity_bossroom_c12r13.tgm,Streaming/Content/data/balance/worldareas/BF/mapuberboss_divinity.vworld,0,5589
e2f3ddad37275c26,divinity_bossroom_c12r13.tgm.header,Tiny.VB,28324401,323
7c14c266ccf935fb,divinity_bossroom_c12r14.tgm,Streaming/Content/data/balance/worldareas/37/mapuberboss_divinity.vworld,0,1569121
c21cada9bd40bf28,divinity_bossroom_c12r14.tgm.header,Tiny.VB,28324724,3963
a542d62c8fd2b77c,divinity_bossroom_c12r15.tgm,Tiny.V3,27781907,699
bb58f4421fc26e15,divinity_bossroom_c12r15.tgm.header,Tiny.VC,28286048,264
d7235e7386090e12,divinity_bossroom_c12r16.tgm,Tiny.VC,32537408,57
f54c2dd98092abc7,divinity_bossroom_c12r16.tgm.header,Tiny.V8,31983005,264
19eb5e055bf31e13,divinity_bossroom_c12r17.tgm,Tiny.VC,32537408,57
0fcffae6ac51afa0,divinity_bossroom_c12r17.tgm.header,Tiny.V8,31983005,264
29ff59e72c24e64b,divinity_bossroom_c12r18.tgm,Tiny.VC,32537408,57
f1da57799fb57a5d,divinity_bossroom_c12r18.tgm.header,Tiny.V8,31983005,264
91e9a7403e4f0311,divinity_bossroom_c11r2.tgm,Tiny.VC,32537408,57
0ac017c56ba68c64,divinity_bossroom_c11r2.tgm.header,Tiny.V8,31983005,264
91510470bae25785,divinity_bossroom_c11r3.tgm,Tiny.VC,32537408,57
f3597d6970fd7eb1,divinity_bossroom_c11r3.tgm.header,Tiny.V8,31983005,264
5fe709aa77f2e810,divinity_bossroom_c11r4.tgm,Tiny.V0,28362730,1781
19a08755f2fd470b,divinity_bossroom_c11r4.tgm.header,Tiny.VA,28288798,264
cafea2b8a86020c7,divinity_bossroom_c11r5.tgm,Streaming/Content/data/balance/worldareas/01/mapuberboss_divinity.vworld,0,1373849
a0a08d698665c925,divinity_bossroom_c11r5.tgm.header,Tiny.V5,27623408,3483
8cfee8707fcc6c98,divinity_bossroom_c11r6.tgm,Streaming/Content/data/balance/worldareas/AD/mapuberboss_ritual.vworld,454165,12427
76379466fe39e272,divinity_bossroom_c11r6.tgm.header,Tiny.VA,28289062,283
ab98dc950d3ce9f6,divinity_bossroom_c11r7.tgm,Streaming/Content/data/balance/worldareas/54/mapuberboss_divinity.vworld,0,90267
27d190b31b64bade,divinity_bossroom_c11r7.tgm.header,Tiny.V2,28219208,523
ee2a9ebeed6f8f47,divinity_bossroom_c11r8.tgm,Streaming/Content/data/balance/worldareas/AE/mapuberboss_delirium.vworld,13087,9207
4d5cfc9bc0e247a6,divinity_bossroom_c11r8.tgm.header,Tiny.VE,27924667,483
eee83ea0f205e4a0,divinity_bossroom_c11r9.tgm,Streaming/Content/data/balance/worldareas/2B/mapprecursortowerdesert.vworld,548724,10445
a4544457637af11d,divinity_bossroom_c11r9.tgm.header,Tiny.V7,28072479,523
dec1b9556790cb24,divinity_bossroom_c11r1.tgm,Tiny.VC,32537408,57
13d98b4b05b543d1,divinity_bossroom_c11r1.tgm.header,Tiny.V8,31983005,264
fcad9beee602a409,divinity_bossroom_c11r10.tgm,Streaming/Content/data/balance/worldareas/6D/mapuberboss_divinity.vworld,0,10701
6f861e1a00077632,divinity_bossroom_c11r10.tgm.header,Tiny.V4,28409926,563
aed28008be0f70e8,divinity_bossroom_c11r11.tgm,Streaming/Content/data/balance/worldareas/DD/g2_9_1.vworld,416680,7321
dff35a96e99a667f,divinity_bossroom_c11r11.tgm.header,Tiny.V2,28215842,443
afad8972d2e62d5a,divinity_bossroom_c11r12.tgm,Streaming/Content/data/balance/worldareas/BA/mapport.vworld.1,509397,81111
a95538a588a22bdf,divinity_bossroom_c11r12.tgm.header,Tiny.V4,28410489,603
c96a60fbdfadff19,divinity_bossroom_c11r13.tgm,Streaming/Content/data/balance/worldareas/AC/mapuberboss_divinity.vworld,0,10367
28b7782d28ba15af,divinity_bossroom_c11r13.tgm.header,Tiny.VC,28285042,483
4975a9f82aa3f37b,divinity_bossroom_c11r14.tgm,Streaming/Content/data/balance/worldareas/6C/mapuberboss_divinity.vworld,0,1298575
4a67d259e614f480,divinity_bossroom_c11r14.tgm.header,Tiny.V2,28216285,2923
0451da7af358614d,divinity_bossroom_c11r15.tgm,Tiny.V5,27621781,1363
86a35a7f0e934f5f,divinity_bossroom_c11r15.tgm.header,Tiny.V5,27623144,264
0e98a315cec4818c,divinity_bossroom_c11r16.tgm,Tiny.VC,32537408,57
54b44133a8c3b05b,divinity_bossroom_c11r16.tgm.header,Tiny.V8,31983005,264
cf6264f7be039a91,divinity_bossroom_c11r17.tgm,Tiny.VC,32537408,57
e3506ebe68dad18b,divinity_bossroom_c11r17.tgm.header,Tiny.V8,31983005,264
5347b50919e9395a,divinity_bossroom_c11r18.tgm,Tiny.VC,32537408,57
392112978f1869dd,divinity_bossroom_c11r18.tgm.header,Tiny.V8,31983005,264
c10177b94a4b7731,divinity_bossroom_c10r2.tgm,Tiny.VC,32537408,57
838b29b4c0905b61,divinity_bossroom_c10r2.tgm.header,Tiny.V8,31983005,264
3e44a54c4308e9b1,divinity_bossroom_c10r3.tgm,Tiny.VC,32537408,57
561a1521620a2ec8,divinity_bossroom_c10r3.tgm.header,Tiny.V8,31983005,264
938560f7fe910de5,divinity_bossroom_c10r4.tgm,Streaming/Content/data/balance/worldareas/06/mapprecursortowerdesert.vworld,154920,4365
a46078b3183f7204,divinity_bossroom_c10r4.tgm.header,Tiny.VB,28323774,264
67dadf666c416302,divinity_bossroom_c10r5.tgm,Streaming/Content/data/balance/worldareas/48/mapuberboss_divinity.vworld,0,336877
4eed564f67f61b8f,divinity_bossroom_c10r5.tgm.header,Tiny.V4,28407723,2203
992b6e0e643ddb94,divinity_bossroom_c10r6.tgm,Streaming/Content/data/balance/worldareas/C4/mapuberboss_divinity.vworld,0,16429
99490d0c95d4cbd4,divinity_bossroom_c10r6.tgm.header,Tiny.V7,28072116,363
b87df1b0554316a5,divinity_bossroom_c10r7.tgm,Streaming/Content/data/balance/worldareas/21/g4_8a.vworld,223065,20541
87e48218fc325bb2,divinity_bossroom_c10r7.tgm.header,Tiny.V3,27781144,763
b02f5615443e123d,divinity_bossroom_c10r8.tgm,Streaming/Content/data/balance/worldareas/mapicecave.vworld.1,375631,17081
7d2c6324ac7ed52b,divinity_bossroom_c10r8.tgm.header,Tiny.V9,28505233,643
1d0c773293226eb4,divinity_bossroom_c10r9.tgm,Streaming/Content/data/balance/worldareas/3F/mapuberboss_divinity.vworld,0,11601
50d7cf241332d27a,divinity_bossroom_c10r9.tgm.header,Tiny.VB,28324038,363
ad3d30bc5f0c3f41,divinity_bossroom_c10r1.tgm,Tiny.VC,32537408,57
bf2a244f8e3c759d,divinity_bossroom_c10r1.tgm.header,Tiny.V8,31983005,264
d31813b5bdb49013,divinity_bossroom_c10r10.tgm,Streaming/Content/data/balance/worldareas/E7/mapuberboss_divinity.vworld,0,12997
e4f18de37dfde1b5,divinity_bossroom_c10r10.tgm.header,Tiny.V5,27620615,563
acfd2be46bcdfb89,divinity_bossroom_c10r11.tgm,Streaming/Content/data/balance/worldareas/4A/mapuberboss_divinity.vworld,0,15009
e34936c8cb6f5701,divinity_bossroom_c10r11.tgm.header,Tiny.VC,28282356,563
e94b8a822057e8a6,divinity_bossroom_c10r12.tgm,Streaming/Content/data/balance/worldareas/93/mapprecursortowerdesert.vworld,515102,12593
17c2dc7d5cf898b2,divinity_bossroom_c10r12.tgm.header,Tiny.V5,27621178,603
4d7f9b3aa8491350,divinity_bossroom_c10r13.tgm,Streaming/Content/data/balance/worldareas/31/mapuberboss_divinity.vworld,0,10443
3cf51fe8ca9e06bf,divinity_bossroom_c10r13.tgm.header,Tiny.VE,27924344,323
b941bdd1095cecab,divinity_bossroom_c10r14.tgm,Streaming/Content/data/balance/worldareas/86/mapuberboss_divinity.vworld,0,335619
da2cb4c4f1e5ad55,divinity_bossroom_c10r14.tgm.header,Tiny.VC,28282919,2123
787698efe7a8ef1b,divinity_bossroom_c10r15.tgm,Streaming/Content/data/balance/worldareas/C2/mapuberboss_divinity.vworld,0,4801
35d2b117f47170e9,divinity_bossroom_c10r15.tgm.header,Tiny.V8,28096281,264
8fe05fb01814ab2d,divinity_bossroom_c10r16.tgm,Tiny.VC,32537408,57
45dda16c362c5adc,divinity_bossroom_c10r16.tgm.header,Tiny.V8,31983005,264
ac95d6ef0d3c06fd,divinity_bossroom_c10r17.tgm,Tiny.VC,32537408,57
46e5d5dfbf0f7b86,divinity_bossroom_c10r17.tgm.header,Tiny.V8,31983005,264
48bed8dba1895f66,divinity_bossroom_c10r18.tgm,Tiny.VC,32537408,57
d1e4f60b619a13df,divinity_bossroom_c10r18.tgm.header,Tiny.V8,31983005,264
0ed999a069c53b34,divinity_bossroom_c1r2.tgm,Tiny.VC,32537408,57
b7ae76688da7a769,divinity_bossroom_c1r2.tgm.header,Tiny.V8,31983005,264
c7a4ba8fa7dbbfd0,divinity_bossroom_c1r3.tgm,Tiny.VC,32537408,57
8a66bedb9433f383,divinity_bossroom_c1r3.tgm.header,Tiny.V8,31983005,264
28c0f6e20a4725ae,divinity_bossroom_c1r4.tgm,Tiny.VC,32537408,57
a84feb84157b5dc2,divinity_bossroom_c1r4.tgm.header,Tiny.V8,31983005,264
44bbf4cd676775bb,divinity_bossroom_c1r5.tgm,Tiny.VC,32537408,57
5b8c0e3b0c408e37,divinity_bossroom_c1r5.tgm.header,Tiny.V8,31983005,264
6cf34948b3d84c73,divinity_bossroom_c1r6.tgm,Tiny.VC,32537408,57
cef985498a657d03,divinity_bossroom_c1r6.tgm.header,Tiny.V8,31983005,264
8c1b593e26c2f084,divinity_bossroom_c1r7.tgm,Tiny.VC,32537408,57
e70e0445aa3d8569,divinity_bossroom_c1r7.tgm.header,Tiny.V8,31983005,264
a76be1ba1f29c29f,divinity_bossroom_c1r8.tgm,Tiny.VC,32537408,57
75c6d005158f044d,divinity_bossroom_c1r8.tgm.header,Tiny.V8,31983005,264
603702a95d3d5634,divinity_bossroom_c1r9.tgm,Tiny.VC,32537408,57
97175fdc97b3e63b,divinity_bossroom_c1r9.tgm.header,Tiny.V8,31983005,264
dd54f09220887e1a,divinity_bossroom_c1r1.tgm,Tiny.VC,32537408,57
62d41de75ed65e03,divinity_bossroom_c1r1.tgm.header,Tiny.V8,31983005,264
f0699866a0d6a35c,divinity_bossroom_c1r10.tgm,Tiny.VC,32537408,57
66dfdec4eea04295,divinity_bossroom_c1r10.tgm.header,Tiny.V8,31983005,264
21577df7c6b372d2,divinity_bossroom_c1r11.tgm,Tiny.VC,32537408,57
6bacab30740a7c84,divinity_bossroom_c1r11.tgm.header,Tiny.V8,31983005,264
f6a5543acf14b0ac,divinity_bossroom_c1r12.tgm,Tiny.VC,32537408,57
4510682e0fecb948,divinity_bossroom_c1r12.tgm.header,Tiny.V8,31983005,264
328942859ab86dd4,divinity_bossroom_c1r13.tgm,Tiny.VC,32537408,57
27bbd35de5b3bfdb,divinity_bossroom_c1r13.tgm.header,Tiny.V8,31983005,264
e6fc8ac523450742,divinity_bossroom_c1r14.tgm,Tiny.VC,32537408,57
b4c063f8400873c3,divinity_bossroom_c1r14.tgm.header,Tiny.V8,31983005,264
ca7a0fa46b31a767,divinity_bossroom_c1r15.tgm,Tiny.VC,32537408,57
d8a012ee1c06107c,divinity_bossroom_c1r15.tgm.header,Tiny.V8,31983005,264
b825a713e92b4ab9,divinity_bossroom_c1r16.tgm,Tiny.VC,32537408,57
98aab5fb8c7a6187,divinity_bossroom_c1r16.tgm.header,Tiny.V8,31983005,264
9a232b186529982a,divinity_bossroom_c1r17.tgm,Tiny.VC,32537408,57
d1bb25e3eaae218d,divinity_bossroom_c1r17.tgm.header,Tiny.V8,31983005,264
1350ce7425951cf6,divinity_bossroom_c1r18.tgm,Tiny.VC,32537408,57
d141ea8789fd4fd5,divinity_bossroom_c1r18.tgm.header,Tiny.V8,31983005,264
987731e5ccba0a1b,divinity_entrance_c9r3.tgm,Tiny.V9,28554280,1263
215eddd5049508fb,divinity_entrance_c9r3.tgm.header,Tiny.V4,28447727,264
5c30c747d49f2ab2,divinity_entrance_c9r4.tgm,Tiny.VC,28341783,1123
6852b19f3f080059,divinity_entrance_c9r4.tgm.header,Tiny.VD,28169507,264
5c83597a8aaab890,divinity_entrance_c9r5.tgm,Tiny.VB,28377915,1225
3f6e685789098d53,divinity_entrance_c9r5.tgm.header,Tiny.V3,27830952,264
a67bf42eaba7a54e,divinity_entrance_c9r6.tgm,Tiny.VE,27978983,1123
01ebcb1986532db8,divinity_entrance_c9r6.tgm.header,Tiny.VF,28373436,264
2f18373a20e8400c,divinity_entrance_c9r7.tgm,Streaming/Content/data/balance/worldareas/BE/mapuberboss_divinity.vworld,302952,201409
207b814151a6465b,divinity_entrance_c9r7.tgm.header,Tiny.V6,28123398,563
7eef53b5078f765d,divinity_entrance_c9r8.tgm,Streaming/Content/data/balance/worldareas/D4/mapuberboss_divinity.vworld,162125,232747
1f1c8d0385b384b8,divinity_entrance_c9r8.tgm.header,Tiny.VF,28373700,763
6acbc6219b64c3e6,divinity_entrance_c9r9.tgm,Streaming/Content/data/balance/worldareas/9C/mapport.vworld,613237,209227
c49e7cd14b40e7a6,divinity_entrance_c9r9.tgm.header,Tiny.V6,28123961,803
2d6c75cabf7fae97,divinity_entrance_c9r1.tgm,Tiny.VC,32537408,57
4a6dc7973cdd7046,divinity_entrance_c9r1.tgm.header,Tiny.V8,31983005,264
8f9513a5fe7ed043,divinity_entrance_c9r10.tgm,Streaming/Content/data/balance/worldareas/BF/mapuberboss_divinity.vworld,446840,64029
ce300534ad1e0091,divinity_entrance_c9r10.tgm.header,Tiny.V3,27827739,643
a802e47d518df81e,divinity_entrance_c9r11.tgm,Streaming/Content/data/balance/worldareas/09/mapmothersoul_male_quest.vworld,521428,92999
89d21e0e1fb75d7c,divinity_entrance_c9r11.tgm.header,Tiny.VE,27976473,1003
303b2578572a177a,divinity_entrance_c9r12.tgm,Streaming/Content/data/balance/worldareas/46/mapuberboss_divinity.vworld,257370,84231
c272e47f581dffdb,divinity_entrance_c9r12.tgm.header,Tiny.VE,27977476,1243
9df2f6641bc00328,divinity_entrance_c9r13.tgm,Streaming/Content/data/balance/worldareas/0D/mapmothersoul_male_quest.vworld,305815,175917
c74e0b31375fd58f,divinity_entrance_c9r13.tgm.header,Tiny.V9,28551394,1443
6847eb99b93d612d,divinity_entrance_c9r14.tgm,Streaming/Content/data/balance/worldareas/95/mapport.vworld,248070,417573
813bc3fbca7ac78b,divinity_entrance_c9r14.tgm.header,Tiny.V9,28552837,1443
18c95c8cc75c9c32,divinity_entrance_c9r15.tgm,Streaming/Content/data/balance/worldareas/34/expeditionsubarea_blackknightboss.vworld,541440,63357
7d8ce4e64885b07b,divinity_entrance_c9r15.tgm.header,Tiny.VA,28336984,883
2682ce3fc3e9fabc,divinity_entrance_c9r16.tgm,Streaming/Content/data/balance/worldareas/39/mapprecursortowerdesert.vworld,627632,254567
f64ac2aaa12766d1,divinity_entrance_c9r16.tgm.header,Tiny.VB,28377008,643
c81172dabc7f5625,divinity_entrance_c9r17.tgm,Streaming/Content/data/balance/worldareas/C1/mapuberboss_divinity.vworld,635166,211229
0f158776e290372c,divinity_entrance_c9r17.tgm.header,Tiny.VA,28337867,803
57d53234dec226de,divinity_entrance_c9r18.tgm,Streaming/Content/data/balance/worldareas/60/mapuberboss_divinity.vworld,464654,181521
2653f9d5dc881fe1,divinity_entrance_c9r18.tgm.header,Tiny.VC,28341116,403
89fe72c260fde988,divinity_entrance_c9r19.tgm,Tiny.V8,28164595,1149
e33def03a1b0bba7,divinity_entrance_c9r19.tgm.header,Tiny.VC,28341519,264
c811fec2bf05f9f1,divinity_entrance_c9r2.tgm,Tiny.V2,28278130,589
58dd15f86cfa9946,divinity_entrance_c9r2.tgm.header,Tiny.V3,27828382,264
e0b239f1d8fb3781,divinity_entrance_c9r20.tgm,Tiny.VF,28372034,901
e37b372917d09e56,divinity_entrance_c9r20.tgm.header,Tiny.V1,28109255,264
e187d30be0787ce2,divinity_entrance_c9r21.tgm,Tiny.V3,27828646,1303
ac4cb9eceec0623b,divinity_entrance_c9r21.tgm.header,Tiny.VE,27978719,264
792df5a3832a6127,divinity_entrance_c9r22.tgm,Tiny.V3,27829949,1003
04bdfe6e7a4d6e17,divinity_entrance_c9r22.tgm.header,Tiny.V1,28109519,264
baf398da6666ac64,divinity_entrance_c9r23.tgm,Tiny.VF,28372935,501
810880a422600a88,divinity_entrance_c9r23.tgm.header,Tiny.VB,28377651,264
d2d9ebcf6dab8c86,divinity_entrance_c9r24.tgm,Tiny.VC,32537408,57
6dbd74fe667d8e12,divinity_entrance_c9r24.tgm.header,Tiny.V8,31983005,264
e5035a5ee36a115d,divinity_entrance_c8r3.tgm,Tiny.V5,27675980,1481
719383b4546ee431,divinity_entrance_c8r3.tgm.header,Tiny.V9,28550866,264
eb01cca3f099cc57,divinity_entrance_c8r4.tgm,Tiny.V0,28422824,1187
93930293aa496c99,divinity_entrance_c8r4.tgm.header,Tiny.VF,28371770,264
85400172af23b30a,divinity_entrance_c8r5.tgm,Tiny.VB,28375891,1117
d3ca2df012b74381,divinity_entrance_c8r5.tgm.header,Tiny.V9,28551130,264
e4a5b18b7e73bb9c,divinity_entrance_c8r6.tgm,Tiny.V4,28446534,1193
72612598427380f6,divinity_entrance_c8r6.tgm.header,Tiny.V7,28114402,264
39cadb745ec8c245,divinity_entrance_c8r7.tgm,Streaming/Content/data/balance/worldareas/4D/mapuberboss_divinity.vworld,0,152911
22c3d107b80f4b0f,divinity_entrance_c8r7.tgm.header,Tiny.V8,28164192,403
dbbd825ff097f082,divinity_entrance_c8r8.tgm,Streaming/Content/data/balance/worldareas/AE/mapuberboss_delirium.vworld,526782,70921
e96639e88cb99de2,divinity_entrance_c8r8.tgm.header,Tiny.V5,27677461,443
123e3afabab177e6,divinity_entrance_c8r9.tgm,Streaming/Content/data/balance/worldareas/76/mapport.vworld,336332,199367
0de1dac624c2717a,divinity_entrance_c8r9.tgm.header,Tiny.VC,28340033,1083
0174073ddf562630,divinity_entrance_c8r1.tgm,Tiny.VC,32537408,57
645626b3d019694a,divinity_entrance_c8r1.tgm.header,Tiny.V8,31983005,264
47624a256a98a62d,divinity_entrance_c8r10.tgm,Streaming/Content/data/balance/worldareas/33/mapport.vworld,504244,56543
3e557eb5dd90a7e2,divinity_entrance_c8r10.tgm.header,Tiny.V2,28275728,763
372b8f69389b3634,divinity_entrance_c8r11.tgm,Streaming/Content/data/balance/worldareas/5B/mapport.vworld,814543,68477
7a79360a0b0b120a,divinity_entrance_c8r11.tgm.header,Tiny.V5,27674043,723
0fcd0e4c8bdf6aa9,divinity_entrance_c8r12.tgm,Streaming/Content/data/balance/worldareas/17/mapprecursortowerdesert.vworld,380875,54347
a3d707088f495d68,divinity_entrance_c8r12.tgm.header,Tiny.V0,28422181,643
bf8e73edd6d57211,divinity_entrance_c8r13.tgm,Streaming/Content/data/balance/worldareas/CF/mapmothersoul_male_quest.vworld,386577,65089
506dc64f4507b0f9,divinity_entrance_c8r13.tgm.header,Tiny.V4,28445467,803
c5d9516bbec9b86f,divinity_entrance_c8r14.tgm,Streaming/Content/data/balance/worldareas/86/mapuberboss_divinity.vworld,410510,69477
6a311bbd3acb5f56,divinity_entrance_c8r14.tgm.header,Tiny.V5,27674766,643
fc794dde18e114ae,divinity_entrance_c8r15.tgm,Streaming/Content/data/balance/worldareas/55/mapport.vworld,351136,62613
5404dc8a98e91feb,divinity_entrance_c8r15.tgm.header,Tiny.VB,28373950,723
fa0f02cfcc0913f4,divinity_entrance_c8r16.tgm,Streaming/Content/data/balance/worldareas/1A/mapmothersoul_male_quest.vworld,289648,175563
3855c86f5a31d3a0,divinity_entrance_c8r16.tgm.header,Tiny.VF,28371207,563
cce2c6f1575c9d2a,divinity_entrance_c8r17.tgm,Streaming/Content/data/balance/worldareas/A5/mapuberboss_divinity.vworld,1577632,34729
f93ffdf565668e3c,divinity_entrance_c8r17.tgm.header,Tiny.V8,28163789,403
306e88c63f505af6,divinity_entrance_c8r18.tgm,Streaming/Content/data/balance/worldareas/D3/mapmothersoul_male_quest.vworld,481229,139535
11bfe4c5ec37733d,divinity_entrance_c8r18.tgm.header,Tiny.VB,28374673,323
3db6c31054fd3a01,divinity_entrance_c8r19.tgm,Tiny.V6,28122275,1123
0fb196580264e30b,divinity_entrance_c8r19.tgm.header,Tiny.V1,28108991,264
033c5db126e39c76,divinity_entrance_c8r2.tgm,Tiny.V3,27826914,825
35d24c237d94194f,divinity_entrance_c8r2.tgm.header,Tiny.V4,28446270,264
cd6a3b156bca97f9,divinity_entrance_c8r20.tgm,Tiny.V2,28276491,1111
ae34bc8c0aebc1e1,divinity_entrance_c8r20.tgm.header,Tiny.VD,28169243,264
db01957c5f5c0c01,divinity_entrance_c8r21.tgm,Tiny.VE,27975496,977
a9e66f5393745242,divinity_entrance_c8r21.tgm.header,Tiny.VC,28339769,264
2bf01a6b1d65e36f,divinity_entrance_c8r22.tgm,Tiny.VB,28374996,895
56f3682e255258fd,divinity_entrance_c8r22.tgm.header,Tiny.V2,28277602,264
0147e3e1f3923735,divinity_entrance_c8r23.tgm,Tiny.V5,27675409,571
e5fca428cc4a8dd8,divinity_entrance_c8r23.tgm.header,Tiny.V2,28277866,264
72a8c8951c562540,divinity_entrance_c8r24.tgm,Tiny.VC,32537408,57
05b21c9a92cbd966,divinity_entrance_c8r24.tgm.header,Tiny.V8,31983005,264
488bc1179a40787f,divinity_entrance_c7r3.tgm,Tiny.V4,28444382,1085
5e79966c34a477cb,divinity_entrance_c7r3.tgm.header,Tiny.VE,27974968,264
ebaa500b7f403b0b,divinity_entrance_c7r4.tgm,Streaming/Content/data/balance/worldareas/15/mapmothersoul_male_quest.vworld,506446,194789
4954c678b7b4f4d3,divinity_entrance_c7r4.tgm.header,Tiny.VF,28370844,363
29d6c824621d566c,divinity_entrance_c7r5.tgm,Tiny.V3,27825937,977
d9924d6e433120bc,divinity_entrance_c7r5.tgm.header,Tiny.VE,27975232,264
f2ad3c8c36860ebe,divinity_entrance_c7r6.tgm,Tiny.V1,28107698,1293
51583e088096e1cd,divinity_entrance_c7r6.tgm.header,Tiny.V5,27672373,264
46a513dc485e6391,divinity_entrance_c7r7.tgm,Streaming/Content/data/balance/worldareas/C8/mapuberboss_divinity.vworld,2456176,193479
e23498513ec3fb94,divinity_entrance_c7r7.tgm.header,Tiny.V5,27672637,443
8200eababdaa0b5b,divinity_entrance_c7r8.tgm,Streaming/Content/data/balance/worldareas/95/mapport.vworld,127861,120209
a76c93af9ec79b03,divinity_entrance_c7r8.tgm.header,Tiny.V5,27673080,963
83a4f85ce68c4098,divinity_entrance_c7r9.tgm,Streaming/Content/data/balance/worldareas/31/mapuberboss_divinity.vworld,28894,190981
38a47aacbfaaf1a8,divinity_entrance_c7r9.tgm.header,Tiny.V6,28121232,1043
f2621cf30fd10d27,divinity_entrance_c7r1.tgm,Tiny.VC,32537408,57
f22c4d8b91985fad,divinity_entrance_c7r1.tgm.header,Tiny.V8,31983005,264
8a3d6b1e7a1f6fe8,divinity_entrance_c7r10.tgm,Streaming/Content/data/balance/worldareas/20/g3_1.vworld,484073,22489
5f88377f8b67b886,divinity_entrance_c7r10.tgm.header,Tiny.V9,28549524,403
22fe7eb36f0d17e6,divinity_entrance_c7r11.tgm,Streaming/Content/data/balance/worldareas/82/mapuberboss_divinity.vworld,1906661,25419
df2b68c2a9fcafc8,divinity_entrance_c7r11.tgm.header,Tiny.VA,28334751,643
b7412254a9f02712,divinity_entrance_c7r12.tgm,Streaming/Content/data/balance/worldareas/EC/mapuberboss_divinity.vworld,384001,11215
265425b5b1ba3b3a,divinity_entrance_c7r12.tgm.header,Tiny.V6,28120749,483
c1069c550d3521e2,divinity_entrance_c7r13.tgm,Streaming/Content/data/balance/worldareas/F5/mapuberboss_divinity.vworld,5283,11451
d0ceef07685ee686,divinity_entrance_c7r13.tgm.header,Tiny.VA,28335394,523
32b11910428ff88e,divinity_entrance_c7r14.tgm,Streaming/Content/data/balance/worldareas/31/mapuberboss_divinity.vworld,10443,18451
0b592a3293cfea96,divinity_entrance_c7r14.tgm.header,Tiny.VC,28338115,483
e567513c1d503ccf,divinity_entrance_c7r15.tgm,Streaming/Content/data/balance/worldareas/51/mapuberboss_divinity.vworld,1331979,25489
561e45f1c43b67be,divinity_entrance_c7r15.tgm.header,Tiny.V7,28113839,563
ecaa178883194024,divinity_entrance_c7r16.tgm,Streaming/Content/data/balance/worldareas/27/mapuberboss_divinity.vworld,668730,123405
97e2aed8b453750b,divinity_entrance_c7r16.tgm.header,Tiny.V3,27825094,843
9d4e28a5ea663b4a,divinity_entrance_c7r17.tgm,Streaming/Content/data/balance/worldareas/A3/mapprecursortowerdesert.vworld,408091,62239
ebe0120c30f7182b,divinity_entrance_c7r17.tgm.header,Tiny.VF,28369712,523
20ec03d2055b4c19,divinity_entrance_c7r18.tgm,Streaming/Content/data/balance/worldareas/16/mapprecursortowerdesert.vworld,399247,256937
f3bf0b0bda2c7300,divinity_entrance_c7r18.tgm.header,Tiny.V5,27671051,443
8094af2dc20175d3,divinity_entrance_c7r19.tgm,Tiny.VC,28338598,907
ff1cd73061e94709,divinity_entrance_c7r19.tgm.header,Tiny.VE,27974704,264
cedc045399019efd,divinity_entrance_c7r2.tgm,Tiny.V5,27671494,615
d26f2e73f89727d2,divinity_entrance_c7r2.tgm.header,Tiny.VD,28168715,264
5ea33b3001eb2017,divinity_entrance_c7r20.tgm,Tiny.V9,28549927,939
b67f76a63ab513aa,divinity_entrance_c7r20.tgm.header,Tiny.VD,28168979,264
5953beaf56d7a8b7,divinity_entrance_c7r21.tgm,Streaming/Content/data/balance/worldareas/85/mapuberboss_divinity.vworld,48657,2831025
eac02c3987874889,divinity_entrance_c7r21.tgm.header,Content/data/balance/worldareas/mapravine.vworld,909375,5683
e993bb6e58cb2fd5,divinity_entrance_c7r22.tgm,Tiny.VA,28335917,1067
da3f068636cf0f24,divinity_entrance_c7r22.tgm.header,Tiny.VC,28339505,264
2be5820412682590,divinity_entrance_c7r23.tgm,Tiny.VF,28370235,609
899e81deef3b6732,divinity_entrance_c7r23.tgm.header,Tiny.V5,27672109,264
36506bd8c8c7347d,divinity_entrance_c7r24.tgm,Tiny.VC,32537408,57
748282f0f4b46160,divinity_entrance_c7r24.tgm.header,Tiny.V8,31983005,264
c636e02d64d3a331,divinity_entrance_c6r3.tgm,Tiny.V9,28547646,951
eb0144c71a3f2a91,divinity_entrance_c6r3.tgm.header,Tiny.V8,28163525,264
30da32c78ac864ed,divinity_entrance_c6r4.tgm,Tiny.V9,28548597,927
7af3e981f0ba6d1b,divinity_entrance_c6r4.tgm.header,Tiny.V0,28421917,264
160f4a9a09aa84a8,divinity_entrance_c6r5.tgm,Tiny.V2,28273328,997
d0a8f5690062d825,divinity_entrance_c6r5.tgm.header,Tiny.VC,28337587,264
29dc820b241ab04a,divinity_entrance_c6r6.tgm,Tiny.V3,27824149,945
45b2ca354f6621f3,divinity_entrance_c6r6.tgm.header,Tiny.VC,28337851,264
efb7bc79f36bfb52,divinity_entrance_c6r7.tgm,Streaming/Content/data/balance/worldareas/AC/mapuberboss_divinity.vworld,14688,323459
3fc2b776a0dcd492,divinity_entrance_c6r7.tgm.header,Tiny.V6,28119706,1043
09e04216632be87e,divinity_entrance_c6r8.tgm,Streaming/Content/data/balance/worldareas/63/g2_9_1.vworld,241081,316803
2b7c5f97edbe5236,divinity_entrance_c6r8.tgm.header,Tiny.V2,28274325,1403
41692396cb03eb49,divinity_entrance_c6r9.tgm,Streaming/Content/data/balance/worldareas/F7/mapprecursortowerdesert.vworld,471221,131643
6626a5d257631409,divinity_entrance_c6r9.tgm.header,Tiny.VF,28368589,1123
67203385d3ff4f75,divinity_entrance_c6r1.tgm,Streaming/Content/data/balance/worldareas/E7/mapuberboss_divinity.vworld,275311,16111
0844b81c989bdeb3,divinity_entrance_c6r1.tgm.header,Tiny.VE,27973335,264
dd39f0a69deab773,divinity_entrance_c6r10.tgm,Streaming/Content/data/balance/worldareas/01/mapuberboss_divinity.vworld,1373849,21505
5c7ff8da653e10fc,divinity_entrance_c6r10.tgm.header,Tiny.VD,28166202,803
4bb01905af9f3069,divinity_entrance_c6r11.tgm,Streaming/Content/data/balance/worldareas/8E/mapuberboss_divinity.vworld,1726350,13515
cc9d68203552760f,divinity_entrance_c6r11.tgm.header,Tiny.V7,28112273,643
ff8d7afa2b3e910c,divinity_entrance_c6r12.tgm,Streaming/Content/data/balance/worldareas/7A/mapuberboss_ritual.vworld,560575,13149
4ca95a1b6c5a2139,divinity_entrance_c6r12.tgm.header,Tiny.V2,28271706,563
c34c58b955cb2e15,divinity_entrance_c6r13.tgm,Streaming/Content/data/balance/worldareas/CB/g2_9_1.vworld,488647,16237
3e3745d6020c7c31,divinity_entrance_c6r13.tgm.header,Tiny.V4,28443819,563
aee78a40d601ef5e,divinity_entrance_c6r14.tgm,Streaming/Content/data/balance/worldareas/E5/g2_9_1.vworld,553001,12833
1b3dfcddd48fadda,divinity_entrance_c6r14.tgm.header,Tiny.V9,28546595,523
a2224a124e02684a,divinity_entrance_c6r15.tgm,Streaming/Content/data/balance/worldareas/B6/mapmothersoul_male_quest.vworld,940684,14101
ddebc43a66284b0c,divinity_entrance_c6r15.tgm.header,Tiny.VD,28167005,683
506a32a6481473cd,divinity_entrance_c6r16.tgm,Streaming/Content/data/balance/worldareas/4C/g3_1.vworld,801017,91385
0e8692cf1ac5e13a,divinity_entrance_c6r16.tgm.header,Tiny.VC,28336440,883
2738a8db744d57bb,divinity_entrance_c6r17.tgm,Streaming/Content/data/balance/worldareas/B9/mapuberboss_divinity.vworld,453957,147819
487deeb6b7ca7df9,divinity_entrance_c6r17.tgm.header,Tiny.VD,28167688,763
7c2c1eb12a4d2ea5,divinity_entrance_c6r18.tgm,Streaming/Content/data/balance/worldareas/13/mapuberboss_divinity.vworld,347544,377435
1c405dc34a033c1a,divinity_entrance_c6r18.tgm.header,Tiny.V7,28112916,923
27c4b0c122790dc6,divinity_entrance_c6r19.tgm,Tiny.V2,28272269,1059
52b672ca24482495,divinity_entrance_c6r19.tgm.header,Tiny.V9,28547118,264
fd2e93b47fb9decf,divinity_entrance_c6r2.tgm,Tiny.V1,28106889,545
1ae40471d7cf1bbe,divinity_entrance_c6r2.tgm.header,Tiny.V5,27670787,264
df5af192cb2f8995,divinity_entrance_c6r20.tgm,Tiny.VF,28367790,799
296c637430a5ae56,divinity_entrance_c6r20.tgm.header,Tiny.VC,28337323,264
f7ed9228e87f96cf,divinity_entrance_c6r21.tgm,Tiny.V8,28162668,857
abbcb3bfc186cbbc,divinity_entrance_c6r21.tgm.header,Tiny.V9,28547382,264
8a191a5f8b7f7768,divinity_entrance_c6r22.tgm,Tiny.VE,27973599,1105
65c50fc27e921adc,divinity_entrance_c6r22.tgm.header,Tiny.V3,27823885,264
d1fe57fc4cb85002,divinity_entrance_c6r23.tgm,Tiny.V0,28421384,533
84c24695f44d3e31,divinity_entrance_c6r23.tgm.header,Tiny.V1,28107434,264
e3af1e274b0c0134,divinity_entrance_c6r24.tgm,Streaming/Content/data/balance/worldareas/07/mapuberboss_divinity.vworld,107583,16111
fa6ecd288f15e237,divinity_entrance_c6r24.tgm.header,Tiny.VD,28168451,264
c8aae843e8776316,divinity_entrance_c5r3.tgm,Tiny.V1,28105720,1169
6d2969cd9c17c39f,divinity_entrance_c5r3.tgm.header,Tiny.V4,28443555,264
c6b428868d74819e,divinity_entrance_c5r4.tgm,Tiny.V9,28545420,1175
6dbbc9768f0d73a0,divinity_entrance_c5r4.tgm.header,Tiny.VB,28373422,264
7bc523db55bfba83,divinity_entrance_c5r5.tgm,Tiny.VC,28335233,1207
cb35a3e0bb14f5b4,divinity_entrance_c5r5.tgm.header,Tiny.V6,28119442,264
cd981206ef867c8c,divinity_entrance_c5r6.tgm,Tiny.V5,27669460,1327
be8db1824f9742f7,divinity_entrance_c5r6.tgm.header,Tiny.VB,28373686,264
80b0b67786fbcd53,divinity_entrance_c5r7.tgm,Streaming/Content/data/balance/worldareas/12/mapuberboss_divinity.vworld,26136,60863
b2c7e566b27c6c2c,divinity_entrance_c5r7.tgm.header,Tiny.VF,28366464,323
34b9d21bc92d7d35,divinity_entrance_c5r8.tgm,Streaming/Content/data/balance/worldareas/E8/mapuberboss_divinity.vworld,0,472659
9e5be78d299279c8,divinity_entrance_c5r8.tgm.header,Tiny.VF,28366787,1003
4556537bae3672a8,divinity_entrance_c5r9.tgm,Streaming/Content/data/balance/worldareas/79/mapuberboss_divinity.vworld,58520,88573
b63b5902bcf6383e,divinity_entrance_c5r9.tgm.header,Tiny.V3,27823162,723
d406a1aa53080f27,divinity_entrance_c5r1.tgm,Tiny.VC,32537408,57
fc40acaeb48b7494,divinity_entrance_c5r1.tgm.header,Tiny.V8,31983005,264
d2dfdd462d31fa32,divinity_entrance_c5r10.tgm,Streaming/Content/data/balance/worldareas/42/mapuberboss_delirium.vworld,68718,119131
648ece4c42459ffa,divinity_entrance_c5r10.tgm.header,Tiny.VA,28333684,803
35a286c981d60d58,divinity_entrance_c5r11.tgm,Streaming/Content/data/balance/worldareas/DA/expeditionsubarea_blackknightboss.vworld,574495,116067
58b6487e57900111,divinity_entrance_c5r11.tgm.header,Tiny.VF,28365861,603
1893e83e027dad19,divinity_entrance_c5r12.tgm,Streaming/Content/data/balance/worldareas/96/mapport.vworld,726031,56789
da20c9b3dbb70299,divinity_entrance_c5r12.tgm.header,Tiny.V0,28420074,523
221dd4a1a3f4019b,divinity_entrance_c5r13.tgm,Streaming/Content/data/balance/worldareas/87/mapmothersoul_male_quest.vworld,481311,134317
528ebff1ba81b630,divinity_entrance_c5r13.tgm.header,Tiny.VD,28164390,643
ddacf1a4109b1b91,divinity_entrance_c5r14.tgm,Streaming/Content/data/balance/worldareas/25/mapuberboss_divinity.vworld,1013367,154399
23ffd828becd6b38,divinity_entrance_c5r14.tgm.header,Tiny.VC,28333331,683
b4d184a1d13e78d3,divinity_entrance_c5r15.tgm,Streaming/Content/data/balance/worldareas/04/g3_1.vworld,553626,85487
af5725d866ed3d5d,divinity_entrance_c5r15.tgm.header,Tiny.V0,28420597,523
1671bfc42ee301aa,divinity_entrance_c5r16.tgm,Streaming/Content/data/balance/worldareas/7A/mapuberboss_ritual.vworld,491488,69087
b69bb3a975f5f6c8,divinity_entrance_c5r16.tgm.header,Tiny.V1,28103484,803
33bcd0c53f729662,divinity_entrance_c5r17.tgm,Streaming/Content/data/balance/worldareas/23/mapuberboss_divinity.vworld,1874972,223713
4d028b8b85c085cd,divinity_entrance_c5r17.tgm.header,Tiny.V6,28118415,763
5ebe5cbcb81afac0,divinity_entrance_c5r18.tgm,Streaming/Content/data/balance/worldareas/98/mapuberboss_divinity.vworld,1350189,16317
185edc930f2745d3,divinity_entrance_c5r18.tgm.header,Tiny.VC,28334014,264
82e406e003bc46c7,divinity_entrance_c5r19.tgm,Tiny.V5,27666664,1307
a6ed2dcec1e9f66b,divinity_entrance_c5r19.tgm.header,Tiny.VC,28334278,264
d6b2d83219a9ecb8,divinity_entrance_c5r2.tgm,Tiny.VC,28334542,691
2b141bffd27a0651,divinity_entrance_c5r2.tgm.header,Tiny.V6,28119178,264
ad8f1e308da152bb,divinity_entrance_c5r20.tgm,Tiny.V5,27667971,1225
56c6e792f600f35e,divinity_entrance_c5r20.tgm.header,Tiny.V5,27669196,264
9201c390e66897fa,divinity_entrance_c5r21.tgm,Tiny.V1,28104287,1169
87aeded7c85b325c,divinity_entrance_c5r21.tgm.header,Tiny.V0,28421120,264
1933d1a556a0b5fe,divinity_entrance_c5r22.tgm,Tiny.VD,28165033,1169
5f584150cb96603b,divinity_entrance_c5r22.tgm.header,Tiny.V1,28105456,264
d84243a9d5005551,divinity_entrance_c5r23.tgm,Tiny.VB,28372609,813
5622501caa251f4c,divinity_entrance_c5r23.tgm.header,Tiny.VA,28334487,264
99d11460c1276abc,divinity_entrance_c5r24.tgm,Tiny.VC,32537408,57
944493163f17d8ca,divinity_entrance_c5r24.tgm.header,Tiny.V8,31983005,264
7b3d1df96cde7a2e,divinity_entrance_c4r3.tgm,Tiny.V0,28418855,1219
125d30463525169d,divinity_entrance_c4r3.tgm.header,Tiny.V8,28161083,264
c292a1d42dd8b727,divinity_entrance_c4r4.tgm,Streaming/Content/data/balance/worldareas/40/mapuberboss_divinity.vworld,80464,193437
01e706dffe2b431d,divinity_entrance_c4r4.tgm.header,Tiny.VF,28365338,523
60d23744197c16eb,divinity_entrance_c4r5.tgm,Tiny.VC,28330981,991
c2ad9a8c58b502f2,divinity_entrance_c4r5.tgm.header,Tiny.V2,28271442,264
2c2779b42f3e9b66,divinity_entrance_c4r6.tgm,Tiny.V8,28161347,1321
b52bcd654a3fdd79,divinity_entrance_c4r6.tgm.header,Tiny.V9,28544553,264
a3b4900a7fc14d9c,divinity_entrance_c4r7.tgm,Tiny.VC,28331972,1359
6a635069a7f28dd5,divinity_entrance_c4r7.tgm.header,Tiny.VE,27973071,264
8b94907307112bdb,divinity_entrance_c4r8.tgm,Streaming/Content/data/balance/worldareas/1A/mapmothersoul_male_quest.vworld,109977,179671
d10689dcfc51c4f3,divinity_entrance_c4r8.tgm.header,Tiny.V9,28544817,603
252be9cd079b0068,divinity_entrance_c4r9.tgm,Streaming/Content/data/balance/worldareas/DE/mapuberboss_divinity.vworld,8255,339829
db89d17bfa2fcc4e,divinity_entrance_c4r9.tgm.header,Tiny.V5,27665341,1323
89847fdb74c8ee26,divinity_entrance_c4r1.tgm,Tiny.VC,32537408,57
a587f2b65343c657,divinity_entrance_c4r1.tgm.header,Tiny.V8,31983005,264
6d49813b9dd0702f,divinity_entrance_c4r10.tgm,Streaming/Content/data/balance/worldareas/8C/mapmothersoul_male_quest.vworld,315428,75169
3f8d6f48814fd4db,divinity_entrance_c4r10.tgm.header,Tiny.V1,28102054,603
7cb970440f58f96d,divinity_entrance_c4r11.tgm,Streaming/Content/data/balance/worldareas/32/mapuberboss_divinity.vworld,753813,5607
c026880db5034153,divinity_entrance_c4r11.tgm.header,Tiny.VB,28372246,363
3a11ce8fa3a3df87,divinity_entrance_c4r12.tgm,Streaming/Content/data/balance/worldareas/32/mapuberboss_divinity.vworld,759420,11325
60640e8b163414c1,divinity_entrance_c4r12.tgm.header,Tiny.V1,28102657,563
4e92251319721a2c,divinity_entrance_c4r13.tgm,Streaming/Content/data/balance/worldareas/B7/mapuberboss_divinity.vworld,833766,16951
cef86832a0024fd9,divinity_entrance_c4r13.tgm.header,Tiny.VD,28161985,523
962e9a10d69f7f69,divinity_entrance_c4r14.tgm,Streaming/Content/data/balance/worldareas/6D/mapuberboss_divinity.vworld,338993,10221
552acd009e98af8c,divinity_entrance_c4r14.tgm.header,Tiny.VE,27972588,483
fb0035a5af328d8c,divinity_entrance_c4r15.tgm,Streaming/Content/data/balance/worldareas/F7/mapprecursortowerdesert.vworld,431066,40155
1f969e7f6e79b760,divinity_entrance_c4r15.tgm.header,Tiny.V2,28270855,323
6cc3a6907ecc77b7,divinity_entrance_c4r16.tgm,Streaming/Content/data/balance/worldareas/EB/g2_9_1.vworld,12157,361871
0584db4b5668cc29,divinity_entrance_c4r16.tgm.header,Tiny.V6,28114599,1363
239784f123c8867d,divinity_entrance_c4r17.tgm,Streaming/Content/data/balance/worldareas/D1/mapuberboss_divinity.vworld,474545,220409
8b86c534f56d3b6a,divinity_entrance_c4r17.tgm.header,Tiny.V6,28115962,803
f8d65eb763a62ad1,divinity_entrance_c4r18.tgm,Tiny.V6,28116765,1047
5a79ec20b7369293,divinity_entrance_c4r18.tgm.header,Tiny.V9,28544289,264
1fda5ad03702e0cb,divinity_entrance_c4r19.tgm,Tiny.V4,28442458,1097
bfa7a5aa64ca6a65,divinity_entrance_c4r19.tgm.header,Tiny.VD,28162508,264
4b59d4bfe54d9be8,divinity_entrance_c4r2.tgm,Tiny.V8,28160436,647
d7cd33fa0ca22fbe,divinity_entrance_c4r2.tgm.header,Tiny.V2,28271178,264
ae9f3834dc5d3f60,divinity_entrance_c4r20.tgm,Tiny.VD,28162772,907
8e8e7998d9287dd5,divinity_entrance_c4r20.tgm.header,Tiny.V3,27821851,264
c0173ccdd86d76c4,divinity_entrance_c4r21.tgm,Tiny.V3,27822115,1047
d7dc552273fea515,divinity_entrance_c4r21.tgm.header,Tiny.V5,27665077,264
6963ca76d317fc37,divinity_entrance_c4r22.tgm,Streaming/Content/data/balance/worldareas/B9/mapuberboss_divinity.vworld,237772,216185
cbe73e3119fb634a,divinity_entrance_c4r22.tgm.header,Tiny.V6,28117812,603
d05d967d1e4d37c3,divinity_entrance_c4r23.tgm,Tiny.VD,28163679,711
d67763c54b5c04ea,divinity_entrance_c4r23.tgm.header,Tiny.V1,28103220,264
1d39ed14b19b7664,divinity_entrance_c4r24.tgm,Tiny.VC,32537408,57
52c441b8662bf9b7,divinity_entrance_c4r24.tgm.header,Tiny.V8,31983005,264
fa665e3b39ac8e56,divinity_entrance_c30r3.tgm,Tiny.VF,28358798,3833
04845797228df3bd,divinity_entrance_c30r3.tgm.header,Tiny.VB,28371454,264
b6aebce1d2c51391,divinity_entrance_c30r4.tgm,Streaming/Content/data/balance/worldareas/D0/mapuberboss_divinity.vworld,25988,1860489
1ef3b634f7641049,divinity_entrance_c30r4.tgm.header,Tiny.VF,28362631,2443
d5cf7ffed64ca99b,divinity_entrance_c30r5.tgm,Streaming/Content/data/balance/worldareas/33/mapport.vworld,499843,4401
55003cc507b3ded9,divinity_entrance_c30r5.tgm.header,Tiny.VE,27969068,264
70337260e662993b,divinity_entrance_c30r6.tgm,Streaming/Content/data/balance/worldareas/77/g2_9_1.vworld,570950,4139
77a838388b496829,divinity_entrance_c30r6.tgm.header,Tiny.V9,28540174,264
a46c6c97f424c7d5,divinity_entrance_c30r7.tgm,Streaming/Content/data/balance/worldareas/F1/mapuberboss_divinity.vworld,1091357,484129
3e9b5f870452f45f,divinity_entrance_c30r7.tgm.header,Tiny.V8,28157609,1403
63c8025587d30c5c,divinity_entrance_c30r8.tgm,Streaming/Content/data/balance/worldareas/F8/mapuberboss_divinity.vworld,133306,256061
fb00af4c6adb6343,divinity_entrance_c30r8.tgm.header,Tiny.V1,28098833,1123
c55224a9790f8174,divinity_entrance_c30r9.tgm,Streaming/Content/data/balance/worldareas/99/mapuberboss_divinity.vworld,208656,136657
12a235a0b1b47845,divinity_entrance_c30r9.tgm.header,Tiny.VC,28329261,603
29335757c8df52ec,divinity_entrance_c30r1.tgm,Streaming/Content/data/balance/worldareas/B3/mapuberboss_delirium.vworld,349176,79575
4262090343e4290b,divinity_entrance_c30r1.tgm.header,Tiny.V5,27662028,803
72d24a5ea518edca,divinity_entrance_c30r10.tgm,Streaming/Content/data/balance/worldareas/2E/mapuberboss_divinity.vworld,5909995,156577
0ee96311675822d5,divinity_entrance_c30r10.tgm.header,Tiny.V8,28156163,1043
1652c32e60b5c7d4,divinity_entrance_c30r11.tgm,Streaming/Content/data/balance/worldareas/6F/mapuberboss_divinity.vworld,6362872,105903
4c5478b560189874,divinity_entrance_c30r11.tgm.header,Tiny.V5,27662831,843
2f35cfc6590ea18d,divinity_entrance_c30r12.tgm,Streaming/Content/data/balance/worldareas/68/mapuberboss_divinity.vworld,234861,79311
967ca1d25349b43f,divinity_entrance_c30r12.tgm.header,Tiny.V8,28157206,403
c20ab91577ea5daf,divinity_entrance_c30r13.tgm,Streaming/Content/data/balance/worldareas/0B/mapuberboss_divinity.vworld,158740,85559
8aa7441fad0f9184,divinity_entrance_c30r13.tgm.header,Tiny.VD,28159136,563
e0ecbd2273d177f4,divinity_entrance_c30r14.tgm,Streaming/Content/data/balance/worldareas/B2/mapprecursortowerdesert.vworld,448834,105859
d5872b6af5d0fceb,divinity_entrance_c30r14.tgm.header,Tiny.V3,27819508,843
f6ca99bad4358fd2,divinity_entrance_c30r15.tgm,Streaming/Content/data/balance/worldareas/A3/mapprecursortowerdesert.vworld,250054,158037
9afd78b2392c8a7a,divinity_entrance_c30r15.tgm.header,Tiny.VC,28328218,1043
bbe970abac0ab634,divinity_entrance_c30r16.tgm,Streaming/Content/data/balance/worldareas/AD/mapuberboss_ritual.vworld,466592,137449
1ec13ec51967b3aa,divinity_entrance_c30r16.tgm.header,Tiny.V7,28111406,603
9cf36065efc8f6e1,divinity_entrance_c30r17.tgm,Streaming/Content/data/balance/worldareas/5A/mapuberboss_ritual.vworld,671595,255665
62564a68702d97cd,divinity_entrance_c30r17.tgm.header,Tiny.V0,28415873,1123
b53899587101acda,divinity_entrance_c30r18.tgm,Streaming/Content/data/balance/worldareas/4A/mapuberboss_divinity.vworld,943286,483953
f0b27384322d284c,divinity_entrance_c30r18.tgm.header,Tiny.V2,28264547,1403
fcbd1226ea9619d4,divinity_entrance_c30r19.tgm,Streaming/Content/data/balance/worldareas/C4/mapuberboss_divinity.vworld,16429,5037
cddd83d5424f199c,divinity_entrance_c30r19.tgm.header,Tiny.V2,28265950,264
190f8466747e0542,divinity_entrance_c30r2.tgm,Tiny.V2,28266214,2113
c1a8ebad34023bbb,divinity_entrance_c30r2.tgm.header,Tiny.V0,28416996,264
1365435c27d59da2,divinity_entrance_c30r20.tgm,Streaming/Content/data/balance/worldareas/A4/mapuberboss_divinity.vworld,659428,4639
969b57f9ddf03b79,divinity_entrance_c30r20.tgm.header,Tiny.V0,28417260,264
504daf58b383a4b6,divinity_entrance_c30r21.tgm,Streaming/Content/data/balance/worldareas/C8/mapuberboss_divinity.vworld,200497,2255679
826537684eb2b8b7,divinity_entrance_c30r21.tgm.header,Tiny.VF,28352904,3563
5c33c83a9a73f16c,divinity_entrance_c30r22.tgm,Streaming/Content/data/balance/worldareas/E9/mapmothersoul_male_quest.vworld,83814,604599
149c07bffb768d42,divinity_entrance_c30r22.tgm.header,Tiny.V5,27663674,1403
ee7af3d1ae083872,divinity_entrance_c30r23.tgm,Tiny.VF,28356467,2331
f9b881ec23b48bfc,divinity_entrance_c30r23.tgm.header,Tiny.V0,28417524,264
cad486272b8fc7ae,divinity_entrance_c30r24.tgm,Streaming/Content/data/balance/worldareas/72/mapuberboss_divinity.vworld,590437,79607
e464f8e9a9b0c738,divinity_entrance_c30r24.tgm.header,Tiny.V0,28417788,803
4d560baada16c4fb,divinity_entrance_c3r3.tgm,Tiny.VD,28159699,1213
72f7aa58809d7522,divinity_entrance_c3r3.tgm.header,Tiny.VE,27972324,264
20a70743ff78db34,divinity_entrance_c3r4.tgm,Tiny.V1,28100759,1295
37e9dee07b3b48f2,divinity_entrance_c3r4.tgm.header,Tiny.VB,28371982,264
5c6c4bc7dfbb18dc,divinity_entrance_c3r5.tgm,Tiny.VD,28160912,1073
f5bc7131395598fa,divinity_entrance_c3r5.tgm.header,Tiny.V7,28112009,264
26943b9f26fe02f3,divinity_entrance_c3r6.tgm,Tiny.VC,28329864,1117
d3e2584855465b49,divinity_entrance_c3r6.tgm.header,Tiny.V2,28270327,264
b8b1ee0571094a9d,divinity_entrance_c3r7.tgm,Tiny.V9,28541329,1455
798ddd89a5609fdc,divinity_entrance_c3r7.tgm.header,Tiny.V4,28442194,264
90b094bfe84dc230,divinity_entrance_c3r8.tgm,Tiny.V9,28542784,1505
f2d3add04a9b3f92,divinity_entrance_c3r8.tgm.header,Tiny.V2,28270591,264
9bcf4a1cecf4e8ea,divinity_entrance_c3r9.tgm,Streaming/Content/data/balance/worldareas/18/mapuberboss_divinity.vworld,406438,414647
d673dfda7eb3708e,divinity_entrance_c3r9.tgm.header,Tiny.VA,28332361,1323
d82b6e29dcf0fd4b,divinity_entrance_c3r1.tgm,Tiny.VC,32537408,57
c4246a4bf36177a6,divinity_entrance_c3r1.tgm.header,Tiny.V8,31983005,264
82790376845cc383,divinity_entrance_c3r10.tgm,Streaming/Content/data/balance/worldareas/16/mapprecursortowerdesert.vworld,266210,133037
575ef3b3cecfbab2,divinity_entrance_c3r10.tgm.header,Tiny.V4,28440054,1123
321a72d9e5fb2c62,divinity_entrance_c3r11.tgm,Streaming/Content/data/balance/worldareas/D3/mapmothersoul_male_quest.vworld,456886,24343
6c5978815c543956,divinity_entrance_c3r11.tgm.header,Tiny.V1,28099956,803
c001c8b9c3bb14ae,divinity_entrance_c3r12.tgm,Streaming/Content/data/balance/worldareas/72/mapuberboss_divinity.vworld,670044,10359
4254c634186de0b4,divinity_entrance_c3r12.tgm.header,Tiny.V9,28540438,363
caa447519290f8ba,divinity_entrance_c3r13.tgm,Streaming/Content/data/balance/worldareas/38/mapuberboss_divinity.vworld,653443,13181
54b62234dd59cb56,divinity_entrance_c3r13.tgm.header,Tiny.V3,27820351,523
3bde34063ed984a9,divinity_entrance_c3r14.tgm,Streaming/Content/data/balance/worldareas/1D/mapuberboss_divinity.vworld,220215,25071
962a57d4e355ecb2,divinity_entrance_c3r14.tgm.header,Tiny.VA,28331838,523
534634de3fd2a3f4,divinity_entrance_c3r15.tgm,Streaming/Content/data/balance/worldareas/45/mapmothersoul_male_quest.vworld,899720,136553
fe921005370f9f45,divinity_entrance_c3r15.tgm.header,Tiny.V2,28268327,883
47c45c156edd1640,divinity_entrance_c3r16.tgm,Streaming/Content/data/balance/worldareas/2F/mapuberboss_divinity.vworld,27703,328449
b81c12706d8d0378,divinity_entrance_c3r16.tgm.header,Tiny.V8,28159012,923
f346cc61b8718725,divinity_entrance_c3r17.tgm,Tiny.V4,28441177,1017
cdb1290857d6e59d,divinity_entrance_c3r17.tgm.header,Tiny.VE,27969332,264
c285962b3b53ae45,divinity_entrance_c3r18.tgm,Tiny.VE,27969596,1461
0592b8d76a14c913,divinity_entrance_c3r18.tgm.header,Tiny.V9,28540801,264
edb92234ea4bb3da,divinity_entrance_c3r19.tgm,Tiny.V2,28269210,1117
c69e573660fb8e10,divinity_entrance_c3r19.tgm.header,Tiny.VF,28365074,264
03e90df118be8e92,divinity_entrance_c3r2.tgm,Tiny.V6,28112653,533
cb915164e48d2d18,divinity_entrance_c3r2.tgm.header,Tiny.V0,28418591,264
05ed37d7ada0221a,divinity_entrance_c3r20.tgm,Tiny.VE,27971057,1003
feac9e7a778b81ef,divinity_entrance_c3r20.tgm.header,Tiny.V6,28113186,264
94747b4613ca4da1,divinity_entrance_c3r21.tgm,Tiny.V6,28113450,1149
891a6aff6fd12c8b,divinity_entrance_c3r21.tgm.header,Tiny.VE,27972060,264
927b04328f70b082,divinity_entrance_c3r22.tgm,Tiny.V3,27820874,977
97436603cd82ae0c,divinity_entrance_c3r22.tgm.header,Tiny.V9,28541065,264
b7f6c501143dfa1a,divinity_entrance_c3r23.tgm,Tiny.V8,28159935,501
e1cb14fec19b641b,divinity_entrance_c3r23.tgm.header,Tiny.VB,28371718,264
36ff64441dfcadbc,divinity_entrance_c3r24.tgm,Tiny.VC,32537408,57
73ffd8d9b8fb7f38,divinity_entrance_c3r24.tgm.header,Tiny.V8,31983005,264
c6e744735d56acbf,divinity_entrance_c29r3.tgm,Tiny.VE,27965735,913
ceb635f1f5661888,divinity_entrance_c29r3.tgm.header,Tiny.V4,28437830,264
14cd557644f1ddf2,divinity_entrance_c29r4.tgm,Tiny.V6,28110351,971
3642bd752fa34e81,divinity_entrance_c29r4.tgm.header,Tiny.V0,28415609,264
1dca9b13c3b625c7,divinity_entrance_c29r5.tgm,Tiny.V4,28438094,1333
6cb6fcba90023cad,divinity_entrance_c29r5.tgm.header,Tiny.V6,28111322,264
65ea0d0217ed2503,divinity_entrance_c29r6.tgm,Tiny.V9,28536944,1021
d44ffa6f11022dab,divinity_entrance_c29r6.tgm.header,Tiny.V2,28263240,264
d1e9b3ac341cad1e,divinity_entrance_c29r7.tgm,Streaming/Content/data/balance/worldareas/BC/mapuberboss_divinity.vworld,403167,107391
4dd0a08c095ff994,divinity_entrance_c29r7.tgm.header,Tiny.V2,28263504,1043
1a5cd5ea1a408142,divinity_entrance_c29r8.tgm,Streaming/Content/data/balance/worldareas/E0/mapuberboss_divinity.vworld,393931,118463
c93447d3397fab21,divinity_entrance_c29r8.tgm.header,Tiny.VF,28351438,1003
07dee2c519165d8a,divinity_entrance_c29r9.tgm,Streaming/Content/data/balance/worldareas/26/mapuberboss_divinity.vworld,943579,18641
c0e053e76a1051ff,divinity_entrance_c29r9.tgm.header,Tiny.V4,28439427,363
955ed9dcb7147c86,divinity_entrance_c29r1.tgm,Tiny.VC,32537408,57
0d8d4cd49a4405c0,divinity_entrance_c29r1.tgm.header,Tiny.V8,31983005,264
22f42ad34cd915fa,divinity_entrance_c29r10.tgm,Streaming/Content/data/balance/worldareas/55/mapport.vworld,336790,4575
629928d62d89a171,divinity_entrance_c29r10.tgm.header,Tiny.V6,28108388,264
29448be65291cb45,divinity_entrance_c29r11.tgm,Tiny.V9,28534130,1913
69a69dd97b1c13ea,divinity_entrance_c29r11.tgm.header,Tiny.V4,28437302,264
2f3004c2f45f092e,divinity_entrance_c29r12.tgm,Tiny.V0,28413550,2059
5cfb22a688ad5e9f,divinity_entrance_c29r12.tgm.header,Tiny.VB,28369400,264
250fb6e668c9e0b9,divinity_entrance_c29r13.tgm,Tiny.VA,28328257,1633
647bd8374fc30f99,divinity_entrance_c29r13.tgm.header,Tiny.V4,28437566,264
40228cdc70b3cc2a,divinity_entrance_c29r14.tgm,Tiny.V6,28108652,1435
c0dd355fc27e6cd6,divinity_entrance_c29r14.tgm.header,Tiny.V6,28110087,264
f8e629e9e54e13ca,divinity_entrance_c29r15.tgm,Streaming/Content/data/balance/worldareas/AC/mapuberboss_divinity.vworld,10367,4321
07d4590edab32292,divinity_entrance_c29r15.tgm.header,Tiny.V8,28153191,264
8d5f19e5ad814944,divinity_entrance_c29r16.tgm,Streaming/Content/data/balance/worldareas/0F/mapprecursortowerdesert.vworld,435652,18443
a28d71c44dc482da,divinity_entrance_c29r16.tgm.header,Tiny.VF,28350547,363
db62d38101acd280,divinity_entrance_c29r17.tgm,Streaming/Content/data/balance/worldareas/14/mapuberboss_ritual.vworld,517270,118835
4126642e06cda38c,divinity_entrance_c29r17.tgm.header,Tiny.V5,27659334,1003
123c543e984569f7,divinity_entrance_c29r18.tgm,Streaming/Content/data/balance/worldareas/07/mapuberboss_divinity.vworld,0,107583
15253094c3ceaec3,divinity_entrance_c29r18.tgm.header,Tiny.VB,28369664,1043
14956b4d531f3f70,divinity_entrance_c29r19.tgm,Tiny.VE,27962796,1231
3820f1de54184057,divinity_entrance_c29r19.tgm.header,Tiny.VA,28329890,264
ce0b5ee5ff4eda91,divinity_entrance_c29r2.tgm,Tiny.VC,28325527,475
342d8d9ce91dd852,divinity_entrance_c29r2.tgm.header,Tiny.V1,28094622,264
0c14ef8275a0a068,divinity_entrance_c29r20.tgm,Tiny.VE,27964027,1137
5755378c67bd5c56,divinity_entrance_c29r20.tgm.header,Tiny.VF,28350910,264
3546316ac7ae1c2d,divinity_entrance_c29r21.tgm,Tiny.V7,28108776,1029
3d38dd78dd643260,divinity_entrance_c29r21.tgm.header,Tiny.VF,28351174,264
609f755c684b3c48,divinity_entrance_c29r22.tgm,Tiny.V9,28536043,901
4bf3e963809ef112,divinity_entrance_c29r22.tgm.header,Tiny.V3,27818697,264
1b827788cca779a7,divinity_entrance_c29r23.tgm,Tiny.VE,27965164,571
2064c00ab7705618,divinity_entrance_c29r23.tgm.header,Tiny.V7,28109805,264
a8f8f785ebd93fda,divinity_entrance_c29r24.tgm,Tiny.VC,32537408,57
ae3d656391238757,divinity_entrance_c29r24.tgm.header,Tiny.V8,31983005,264
41a99039d6ad7866,divinity_entrance_c28r3.tgm,Tiny.V6,28107071,1053
a38cf142f9f5de85,divinity_entrance_c28r3.tgm.header,Tiny.V7,28108512,264
1797e8166ced1785,divinity_entrance_c28r4.tgm,Streaming/Content/data/balance/worldareas/6D/mapuberboss_divinity.vworld,145880,193113
b71c7376e93adef8,divinity_entrance_c28r4.tgm.header,Tiny.VE,27961194,523
8e903e383e0dcdca,divinity_entrance_c28r5.tgm,Tiny.VE,27961717,1079
90a31a6034579698,divinity_entrance_c28r5.tgm.header,Tiny.V6,28108124,264
2fc5c7a8f3428727,divinity_entrance_c28r6.tgm,Tiny.VD,28156143,1193
06a01a63dcfe8500,divinity_entrance_c28r6.tgm.header,Tiny.VF,28350283,264
26107f0d3f27d9bd,divinity_entrance_c28r7.tgm,Streaming/Content/data/balance/worldareas/38/mapuberboss_divinity.vworld,473448,179995
a8bf9abc8cd0b2a2,divinity_entrance_c28r7.tgm.header,Tiny.VA,28327454,803
d4172ce402e5a052,divinity_entrance_c28r8.tgm,Streaming/Content/data/balance/worldareas/1E/mapuberboss_divinity.vworld,832036,135755
b90f3e74ec5f0147,divinity_entrance_c28r8.tgm.header,Tiny.V9,28533087,1043
21ac78c7d824b8c0,divinity_entrance_c28r9.tgm,Streaming/Content/data/balance/worldareas/B6/mapmothersoul_male_quest.vworld,893789,46895
2df56c890965db25,divinity_entrance_c28r9.tgm.header,Tiny.V5,27658891,443
e53d4a3f7daaa4e8,divinity_entrance_c28r1.tgm,Tiny.VC,32537408,57
5f1973cfb921d0dc,divinity_entrance_c28r1.tgm.header,Tiny.V8,31983005,264
1f45a1f07f4bac79,divinity_entrance_c28r10.tgm,Tiny.V4,28432963,2853
c008162ccfa028cf,divinity_entrance_c28r10.tgm.header,Tiny.VD,28153724,264
8c8ed8519cf0d75c,divinity_entrance_c28r11.tgm,Tiny.VA,28325065,1861
3a3f30fbb38749f7,divinity_entrance_c28r11.tgm.header,Tiny.V0,28411151,264
aab98ef610cc2842,divinity_entrance_c28r12.tgm,Tiny.V0,28411415,2135
2f085a127b09c2ea,divinity_entrance_c28r12.tgm.header,Tiny.V6,28105340,264
31bb18be3e40a347,divinity_entrance_c28r13.tgm,Tiny.VD,28153988,2155
3f472f76430855d3,divinity_entrance_c28r13.tgm.header,Tiny.V2,28261257,264
b199a483111ffea2,divinity_entrance_c28r14.tgm,Tiny.V8,28151218,1709
715cdae018b0f38a,divinity_entrance_c28r14.tgm.header,Tiny.VA,28326926,264
dd6efc2c815b3b40,divinity_entrance_c28r15.tgm,Tiny.VE,27957955,2975
d898f1d909cdca7d,divinity_entrance_c28r15.tgm.header,Tiny.VA,28327190,264
bb8fc6c6aaed6868,divinity_entrance_c28r16.tgm,Streaming/Content/data/balance/worldareas/73/mapuberboss_divinity.vworld,16111,46635
7d9ef1dfe7f56426,divinity_entrance_c28r16.tgm.header,Tiny.V4,28435816,443
530e49f8efbed12f,divinity_entrance_c28r17.tgm,Streaming/Content/data/balance/worldareas/43/mapuberboss_divinity.vworld,332937,136147
32e2d9601b145e4b,divinity_entrance_c28r17.tgm.header,Tiny.V4,28436259,1043
cc2e6b38607a4c92,divinity_entrance_c28r18.tgm,Streaming/Content/data/balance/worldareas/75/mapuberboss_divinity.vworld,281003,180769
1864fc2b20da2cef,divinity_entrance_c28r18.tgm.header,Tiny.VB,28368597,803
f97d5a9961fe8ed1,divinity_entrance_c28r19.tgm,Tiny.VF,28348962,1321
53b2dea921d7f160,divinity_entrance_c28r19.tgm.header,Tiny.VE,27960930,264
cda0ae47b2865def,divinity_entrance_c28r2.tgm,Tiny.V2,28261521,501
18965762bd6fcda8,divinity_entrance_c28r2.tgm.header,Tiny.VC,28323850,264
efc03e7311f4f2fb,divinity_entrance_c28r20.tgm,Tiny.V6,28105604,1467
7c79762bdbe1e944,divinity_entrance_c28r20.tgm.header,Tiny.V3,27818433,264
f2e3abff0bc567c2,divinity_entrance_c28r21.tgm,Tiny.VC,28324114,1149
b4e4e56eff087f0e,divinity_entrance_c28r21.tgm.header,Tiny.V8,28152927,264
9cc123dac1d30e7d,divinity_entrance_c28r22.tgm,Streaming/Content/data/balance/worldareas/C5/mapuberboss_divinity.vworld,186308,216267
07802b37c438ddfc,divinity_entrance_c28r22.tgm.header,Tiny.V2,28262022,603
5d43fab39346f043,divinity_entrance_c28r23.tgm,Tiny.V2,28262625,615
2b99e21a164b37c2,divinity_entrance_c28r23.tgm.header,Tiny.VC,28325263,264
0e4baa291ea76a2c,divinity_entrance_c28r24.tgm,Tiny.VC,32537408,57
dd93cf032c9a5ae0,divinity_entrance_c28r24.tgm.header,Tiny.V8,31983005,264
d01e4c9f94342fba,divinity_entrance_c27r3.tgm,Tiny.VA,28323798,1003
919d0b90b6b84d53,divinity_entrance_c27r3.tgm.header,Tiny.VF,28348698,264
1c4002405542a4aa,divinity_entrance_c27r4.tgm,Tiny.V7,28107579,933
006b3500144520e6,divinity_entrance_c27r4.tgm.header,Tiny.V5,27657154,264
2f3a8e441cfa6206,divinity_entrance_c27r5.tgm,Tiny.V8,28149332,1403
d40aaf1449170783,divinity_entrance_c27r5.tgm.header,Tiny.V4,28432699,264
73c0364f4ba6bd9f,divinity_entrance_c27r6.tgm,Tiny.V5,27657418,1473
140e7c80b2ab6851,divinity_entrance_c27r6.tgm.header,Tiny.VA,28324801,264
459bbd7ef3849277,divinity_entrance_c27r7.tgm,Streaming/Content/data/balance/worldareas/8F/g3_1.vworld,341108,108543
ed3329d9c521e2f4,divinity_entrance_c27r7.tgm.header,Tiny.V1,28094219,403
1cf773d09bf056aa,divinity_entrance_c27r8.tgm,Streaming/Content/data/balance/worldareas/DF/mapuberboss_divinity.vworld,934976,69959
401fe0ef28e0d0fb,divinity_entrance_c27r8.tgm.header,Tiny.V8,28150735,483
9f2ddadb08124e6e,divinity_entrance_c27r9.tgm,Streaming/Content/data/balance/worldareas/mapicecave.vworld.1,392712,30521
1185b6452a0070dd,divinity_entrance_c27r9.tgm.header,Tiny.VE,27957592,363
5e55e33d13008d4d,divinity_entrance_c27r1.tgm,Streaming/Content/data/balance/worldareas/06/mapprecursortowerdesert.vworld,569114,16111
eede432c2693e6fc,divinity_entrance_c27r1.tgm.header,Tiny.VF,28346097,264
d3069825e17ce1b0,divinity_entrance_c27r10.tgm,Tiny.VE,27955873,1455
b4b7bbffccea5fa8,divinity_entrance_c27r10.tgm.header,Tiny.VF,28346361,264
aef1c0cc6632e795,divinity_entrance_c27r11.tgm,Tiny.V2,28259688,1569
4b1cdd114c8e3d7c,divinity_entrance_c27r11.tgm.header,Tiny.V9,28532559,264
cf72f7d2e479468a,divinity_entrance_c27r12.tgm,Tiny.V5,27655036,1715
1ee39909e9e540be,divinity_entrance_c27r12.tgm.header,Tiny.V6,28103915,264
a46e03166cc0fcf5,divinity_entrance_c27r13.tgm,Tiny.VD,28151582,1779
ac69dfbf08b76b1e,divinity_entrance_c27r13.tgm.header,Tiny.V9,28532823,264
e7bc9b0cc7da5944,divinity_entrance_c27r14.tgm,Tiny.V0,28408914,1709
a70d5e6148158fc0,divinity_entrance_c27r14.tgm.header,Tiny.VF,28346625,264
65788a5d8d51dd7c,divinity_entrance_c27r15.tgm,Tiny.VC,28322415,1435
f10a2242f9c517cd,divinity_entrance_c27r15.tgm.header,Tiny.VA,28322811,264
8c37209c8915ff06,divinity_entrance_c27r16.tgm,Streaming/Content/data/balance/worldareas/62/mapuberboss_divinity.vworld,92674,30617
893053c88ab9e164,divinity_entrance_c27r16.tgm.header,Tiny.VD,28153361,363
17b3b6379c9a0764,divinity_entrance_c27r17.tgm,Streaming/Content/data/balance/worldareas/40/mapuberboss_divinity.vworld,9771,70693
cfe44e18608568ff,divinity_entrance_c27r17.tgm.header,Tiny.VF,28346889,483
e4428416fabde01e,divinity_entrance_c27r18.tgm,Streaming/Content/data/balance/worldareas/8D/g3_1.vworld,482600,109669
47af9fab61a99a9a,divinity_entrance_c27r18.tgm.header,Tiny.V5,27656751,403
d95e93947854a947,divinity_entrance_c27r19.tgm,Tiny.V6,28104179,1161
dba2cf01c44c176f,divinity_entrance_c27r19.tgm.header,Tiny.V3,27818169,264
775b56a2b145a28f,divinity_entrance_c27r2.tgm,Tiny.V1,28093152,539
757df9f2d0b11d18,divinity_entrance_c27r2.tgm.header,Tiny.V1,28093691,264
fc824e86cbc2b84c,divinity_entrance_c27r20.tgm,Tiny.VF,28347372,825
cd7b74c140dafa27,divinity_entrance_c27r20.tgm.header,Tiny.V0,28410623,264
225d94e080ec3b3d,divinity_entrance_c27r21.tgm,Tiny.V7,28106420,895
3082a2e6fa25a19e,divinity_entrance_c27r21.tgm.header,Tiny.V7,28107315,264
9a56f2f2a6a511f6,divinity_entrance_c27r22.tgm,Tiny.VA,28323075,723
d8d9da860fe6c3cd,divinity_entrance_c27r22.tgm.header,Tiny.V1,28093955,264
c5e529100e89ac79,divinity_entrance_c27r23.tgm,Tiny.VF,28348197,501
bb4559bc4f3eec99,divinity_entrance_c27r23.tgm.header,Tiny.VE,27957328,264
2d1e4200f0a0c613,divinity_entrance_c27r24.tgm,Streaming/Content/data/balance/worldareas/F4/mapuberboss_divinity.vworld,1475348,16111
3c73b90055747418,divinity_entrance_c27r24.tgm.header,Tiny.V0,28410887,264
f12852012ece8974,divinity_entrance_c26r3.tgm,Tiny.VE,27954518,1091
7634b5370a355fc8,divinity_entrance_c26r3.tgm.header,Tiny.VE,27955609,264
e0e5699902b0854f,divinity_entrance_c26r4.tgm,Tiny.V5,27654135,901
d0db8712fae34058,divinity_entrance_c26r4.tgm.header,Tiny.V6,28103651,264
491903e51bfbb362,divinity_entrance_c26r5.tgm,Tiny.VF,28345024,1073
670845e8e604c767,divinity_entrance_c26r5.tgm.header,Tiny.V8,28149068,264
ef487c8f278bea8c,divinity_entrance_c26r6.tgm,Tiny.V7,28105041,1379
29f9e48634462dbb,divinity_entrance_c26r6.tgm.header,Tiny.V3,27816982,264
9bd2559cd22b8c30,divinity_entrance_c26r7.tgm,Streaming/Content/data/balance/worldareas/C5/mapuberboss_divinity.vworld,14069,172239
858d320b53aa48a1,divinity_entrance_c26r7.tgm.header,Tiny.V3,27817246,923
3404e0e567339d0e,divinity_entrance_c26r8.tgm,Streaming/Content/data/balance/worldareas/F2/g2_9_1.vworld,548336,131363
ba73fbb1378f4530,divinity_entrance_c26r8.tgm.header,Tiny.VA,28321448,1363
e0806216040dbfd4,divinity_entrance_c26r9.tgm,Streaming/Content/data/balance/worldareas/76/mapport.vworld,280285,56047
cadfdf9634dde4db,divinity_entrance_c26r9.tgm.header,Tiny.V2,28258805,883
c1dbb3e3e1bf689f,divinity_entrance_c26r1.tgm,Tiny.VC,32537408,57
ec7d2af7735dd3aa,divinity_entrance_c26r1.tgm.header,Tiny.V8,31983005,264
51f210820a33163a,divinity_entrance_c26r10.tgm,Streaming/Content/data/balance/worldareas/24/g2_9_1.vworld,695689,25227
01d269ab35548503,divinity_entrance_c26r10.tgm.header,Tiny.V9,28532031,264
3bdbef4733dc08b1,divinity_entrance_c26r11.tgm,Streaming/Content/data/balance/worldareas/1E/mapuberboss_divinity.vworld,50417,781619
5c56c3455558b980,divinity_entrance_c26r11.tgm.header,Tiny.V3,27812496,3003
d2b1932b6bab5c33,divinity_entrance_c26r12.tgm,Streaming/Content/data/balance/worldareas/74/mapuberboss_divinity.vworld,396841,912357
51c3dec078f6951e,divinity_entrance_c26r12.tgm.header,Tiny.V1,28091845,1043
3fb15b37ff1d09c4,divinity_entrance_c26r13.tgm,Streaming/Content/data/balance/worldareas/CD/mapuberboss_divinity.vworld,0,965707
6756dca5758040cd,divinity_entrance_c26r13.tgm.header,Tiny.V3,27815499,1483
cc9665cccdbf9632,divinity_entrance_c26r14.tgm,Streaming/Content/data/balance/worldareas/25/mapuberboss_divinity.vworld,237526,775841
f9ac233555566307,divinity_entrance_c26r14.tgm.header,Tiny.V6,28098095,3083
51367c6ec9016389,divinity_entrance_c26r15.tgm,Streaming/Content/data/balance/worldareas/57/mapuberboss_divinity.vworld,397451,25611
efc6a9a3b4c39889,divinity_entrance_c26r15.tgm.header,Tiny.V1,28092888,264
d2be7c411d3798e6,divinity_entrance_c26r16.tgm,Streaming/Content/data/balance/worldareas/05/mapuberboss_divinity.vworld,0,57027
2b8864ec5b3def64,divinity_entrance_c26r16.tgm.header,Tiny.VA,28320565,883
5af7904eb11e201f,divinity_entrance_c26r17.tgm,Streaming/Content/data/balance/worldareas/E3/mapuberboss_divinity.vworld,50695,127829
5e250b043c550f9c,divinity_entrance_c26r17.tgm.header,Tiny.V6,28101178,1243
5d97c12490ebc4b6,divinity_entrance_c26r18.tgm,Streaming/Content/data/balance/worldareas/26/mapuberboss_divinity.vworld,771346,172233
956c3a3b77737032,divinity_entrance_c26r18.tgm.header,Tiny.V5,27653212,923
18f399083ba0199e,divinity_entrance_c26r19.tgm,Tiny.V0,28407297,1353
8d054aa91ba42882,divinity_entrance_c26r19.tgm.header,Tiny.V9,28532295,264
ae83a7e2d948db8e,divinity_entrance_c26r2.tgm,Tiny.V6,28102421,507
d44b7bbd69a07741,divinity_entrance_c26r2.tgm.header,Tiny.VC,28322151,264
1f1ed47cf7bc5b0f,divinity_entrance_c26r20.tgm,Tiny.VD,28150207,1111
2c4457d7e5ea1d0e,divinity_entrance_c26r20.tgm.header,Tiny.VB,28367826,264
dc8dc55fd0091872,divinity_entrance_c26r21.tgm,Tiny.VF,28343995,1029
3b1ce321367c2ed9,divinity_entrance_c26r21.tgm.header,Tiny.VD,28151318,264
5397dc8a7f397383,divinity_entrance_c26r22.tgm,Tiny.V6,28102928,723
8b0882c2f7c33579,divinity_entrance_c26r22.tgm.header,Tiny.V0,28408650,264
1d3403bf2e084315,divinity_entrance_c26r23.tgm,Tiny.VB,28368090,507
7d30fedaa47f57d8,divinity_entrance_c26r23.tgm.header,Tiny.VE,27954254,264
b4027798fc6c9d51,divinity_entrance_c26r24.tgm,Tiny.VC,32537408,57
3efa1d4aeb53ae4a,divinity_entrance_c26r24.tgm.header,Tiny.V8,31983005,264
e5a3447b85fad333,divinity_entrance_c25r3.tgm,Tiny.V8,28148237,831
716c190fa6b119cd,divinity_entrance_c25r3.tgm.header,Tiny.V4,28432435,264
710e292750953052,divinity_entrance_c25r4.tgm,Streaming/Content/data/balance/worldareas/D6/mapuberboss_divinity.vworld,309248,346875
b1237d1217d8d2bf,divinity_entrance_c25r4.tgm.header,Tiny.VA,28319799,363
983f5cf75940ef14,divinity_entrance_c25r5.tgm,Tiny.V0,28406122,1175
d6d2cc3b22f16460,divinity_entrance_c25r5.tgm.header,Tiny.V6,28097831,264
a84d33f455a5bdad,divinity_entrance_c25r6.tgm,Tiny.VE,27953017,1237
393987fd7397d768,divinity_entrance_c25r6.tgm.header,Tiny.V3,27812232,264
1dfa6ade5709e78e,divinity_entrance_c25r7.tgm,Streaming/Content/data/balance/worldareas/64/mapuberboss_divinity.vworld,1454205,79163
9e204f330369ca86,divinity_entrance_c25r7.tgm.header,Tiny.VA,28320162,403
1ca7f4cef6825d85,divinity_entrance_c25r8.tgm,Streaming/Content/data/balance/worldareas/2D/mapuberboss_ritual.vworld,16922,631791
6f554857f30e514a,divinity_entrance_c25r8.tgm.header,Tiny.VF,28342672,1323
47ed735999d61fb9,divinity_entrance_c25r9.tgm,Streaming/Content/data/balance/worldareas/69/mapuberboss_divinity.vworld,731765,179791
9915cad2a968c142,divinity_entrance_c25r9.tgm.header,Tiny.VB,28366863,963
94fdb6722816cd96,divinity_entrance_c25r1.tgm,Tiny.VC,32537408,57
9c30e6f4604db194,divinity_entrance_c25r1.tgm.header,Tiny.V8,31983005,264
cdd39ab33e9cd2a0,divinity_entrance_c25r10.tgm,Streaming/Content/data/balance/worldareas/E7/mapuberboss_divinity.vworld,241816,33495
e85a62df2a933e9a,divinity_entrance_c25r10.tgm.header,Tiny.V3,27811405,563
2cb37f92df89c34c,divinity_entrance_c25r11.tgm,Streaming/Content/data/balance/worldareas/AB/mapuberboss_divinity.vworld,0,662821
54cd9fd21c7d7e36,divinity_entrance_c25r11.tgm.header,Tiny.V2,28255482,3323
289f198f25dc28b8,divinity_entrance_c25r12.tgm,Streaming/Content/data/balance/worldareas/48/mapuberboss_divinity.vworld,1014272,673057
81d52724ab8b9c00,divinity_entrance_c25r12.tgm.header,Tiny.V5,27651649,1563
6728c2c7660fe79e,divinity_entrance_c25r13.tgm,Streaming/Content/data/balance/worldareas/5A/mapuberboss_ritual.vworld,33158,638437
5dccd42265449965,divinity_entrance_c25r13.tgm.header,Tiny.V1,28090482,1363
9b5b486145e07e15,divinity_entrance_c25r14.tgm,Streaming/Content/data/balance/worldareas/27/mapuberboss_divinity.vworld,9155,659575
d5e1fa031c99f21e,divinity_entrance_c25r14.tgm.header,Tiny.VE,27949974,3043
1b059f8fc35994ab,divinity_entrance_c25r15.tgm,Streaming/Content/data/balance/worldareas/AB/mapuberboss_divinity.vworld,662821,27791
29eb66dee8ddb2d4,divinity_entrance_c25r15.tgm.header,Tiny.VB,28362538,443
cbe07b552cce4753,divinity_entrance_c25r16.tgm,Streaming/Content/data/balance/worldareas/F3/mapuberboss_divinity.vworld,0,384775
0cef5453c2f7329c,divinity_entrance_c25r16.tgm.header,Tiny.V8,28146634,1603
150c63b0be6eea99,divinity_entrance_c25r17.tgm,Streaming/Content/data/balance/worldareas/69/mapuberboss_divinity.vworld,0,731765
a9c3e746f7eecc38,divinity_entrance_c25r17.tgm.header,Tiny.V4,28430632,1803
f887b81fda6d25d0,divinity_entrance_c25r18.tgm,Streaming/Content/data/balance/worldareas/9A/mapmothersoul_male_quest.vworld,385835,79267
c74bbd9110142226,divinity_entrance_c25r18.tgm.header,Tiny.VA,28319396,403
23805943605586ac,divinity_entrance_c25r19.tgm,Tiny.VC,28319735,1175
9dd3ae51edbd6ab1,divinity_entrance_c25r19.tgm.header,Tiny.V9,28531767,264
19ec6ff009515afa,divinity_entrance_c25r2.tgm,Tiny.VB,28362981,399
a82a30e3073b27ce,divinity_entrance_c25r2.tgm.header,Tiny.VC,28320910,264
e03849201b2b1a04,divinity_entrance_c25r20.tgm,Tiny.V6,28096646,921
972c9b90532da1d2,divinity_entrance_c25r20.tgm.header,Tiny.V6,28097567,264
b5fa86f7dad802b6,divinity_entrance_c25r21.tgm,Streaming/Content/data/balance/worldareas/88/mapuberboss_divinity.vworld,8980,1750909
e5783bee9bf5df1c,divinity_entrance_c25r21.tgm.header,Tiny.VB,28363380,3483
72492de915cd73a7,divinity_entrance_c25r22.tgm,Tiny.VC,28321174,977
1b199b547202f273,divinity_entrance_c25r22.tgm.header,Tiny.VF,28342408,264
fc5e96e910872209,divinity_entrance_c25r23.tgm,Tiny.V7,28104572,469
43b2dd6c6e618cd1,divinity_entrance_c25r23.tgm.header,Tiny.V3,27811968,264
919c2121704ad5f5,divinity_entrance_c25r24.tgm,Tiny.VC,32537408,57
24873fcd0888066c,divinity_entrance_c25r24.tgm.header,Tiny.V8,31983005,264
bc37a110aeb35cd5,divinity_entrance_c24r3.tgm,Tiny.V4,28428680,1085
89c21718bdb1f551,divinity_entrance_c24r3.tgm.header,Tiny.V2,28253747,264
1f7bbf3b7562be91,divinity_entrance_c24r4.tgm,Tiny.V5,27650544,1105
e8476f1837507fd2,divinity_entrance_c24r4.tgm.header,Tiny.V3,27811141,264
19d1a3ae05f5d977,divinity_entrance_c24r5.tgm,Tiny.V2,28254011,1207
a402608ace61c09a,divinity_entrance_c24r5.tgm.header,Tiny.V2,28255218,264
9c2e2c5e16ba0056,divinity_entrance_c24r6.tgm,Tiny.V9,28530536,1231
8d194cf506823721,divinity_entrance_c24r6.tgm.header,Tiny.V4,28429765,264
ce2f1f893a4cb4a4,divinity_entrance_c24r7.tgm,Tiny.V0,28405063,1059
22bd448fc5070fc1,divinity_entrance_c24r7.tgm.header,Tiny.VD,28149943,264
a95ab28b7b06974f,divinity_entrance_c24r8.tgm,Streaming/Content/data/balance/worldareas/6F/mapuberboss_divinity.vworld,6016487,346385
b1baac17cc45fa4a,divinity_entrance_c24r8.tgm.header,Tiny.V1,28089999,483
c6afb6c6dfa9d662,divinity_entrance_c24r9.tgm,Streaming/Content/data/balance/worldareas/DB/mapmothersoul_male_quest.vworld,564825,84467
1bd59b3fa31ecf58,divinity_entrance_c24r9.tgm.header,Tiny.V4,28430029,603
641cc12ddab71211,divinity_entrance_c24r1.tgm,Tiny.VC,32537408,57
8da8977c13838a3c,divinity_entrance_c24r1.tgm.header,Tiny.V8,31983005,264
74a84b314615abcf,divinity_entrance_c24r10.tgm,Streaming/Content/data/balance/worldareas/91/mapuberboss_ritual.vworld,134002,497389
fb24c64d49b2dca9,divinity_entrance_c24r10.tgm.header,Tiny.V7,28102865,1443
878a3e71d64cd49c,divinity_entrance_c24r11.tgm,Streaming/Content/data/balance/worldareas/90/mapuberboss_delirium.vworld,421589,131393
51fb23f662feaa18,divinity_entrance_c24r11.tgm.header,Tiny.V4,28427957,723
b3043325c2d58437,divinity_entrance_c24r12.tgm,Tiny.V5,27647476,1543
e8efa20338642e0e,divinity_entrance_c24r12.tgm.header,Tiny.V7,28104308,264
9f750ac013a4c9f1,divinity_entrance_c24r13.tgm,Tiny.V5,27649019,997
b8885f25f8cb7939,divinity_entrance_c24r13.tgm.header,Tiny.VA,28319132,264
d52b5bb445d12724,divinity_entrance_c24r14.tgm,Streaming/Content/data/balance/worldareas/86/mapuberboss_divinity.vworld,335619,74891
7aae8b55b6fbbf8d,divinity_entrance_c24r14.tgm.header,Tiny.V2,28253224,523
f05d742ac85afff1,divinity_entrance_c24r15.tgm,Streaming/Content/data/balance/worldareas/6F/mapuberboss_divinity.vworld,5592580,423907
99f2a780ef0d9538,divinity_entrance_c24r15.tgm.header,Tiny.V3,27810138,1003
0fa86765159fbfeb,divinity_entrance_c24r16.tgm,Streaming/Content/data/balance/worldareas/7B/mapuberboss_divinity.vworld,69296,147179
b3a57049e7ff5494,divinity_entrance_c24r16.tgm.header,Tiny.V8,28145216,803
9b0a4a96a6abdd9b,divinity_entrance_c24r17.tgm,Streaming/Content/data/balance/worldareas/06/mapprecursortowerdesert.vworld,159285,409829
9178ef207d16fd77,divinity_entrance_c24r17.tgm.header,Tiny.VB,28361575,963
a864508a785e1d02,divinity_entrance_c24r18.tgm,Tiny.VD,28147787,1245
cba58f171d78a861,divinity_entrance_c24r18.tgm.header,Tiny.VF,28340857,264
9f11498f3f433dc3,divinity_entrance_c24r19.tgm,Tiny.V6,28095060,977
c41455981b9fd448,divinity_entrance_c24r19.tgm.header,Tiny.V5,27650016,264
959fdf278270550d,divinity_entrance_c24r2.tgm,Tiny.VD,28149032,647
f6ced85295cc2c24,divinity_entrance_c24r2.tgm.header,Tiny.VD,28149679,264
6e08886edee2e5b1,divinity_entrance_c24r20.tgm,Tiny.V6,28096037,609
698ca9dd074a8ce7,divinity_entrance_c24r20.tgm.header,Tiny.VC,28319471,264
a0062ec7009d3047,divinity_entrance_c24r21.tgm,Tiny.VF,28341121,1023
ad71481c6b05d3d4,divinity_entrance_c24r21.tgm.header,Tiny.VF,28342144,264
def3a0a8f8cb3be1,divinity_entrance_c24r22.tgm,Tiny.V0,28403978,1085
a2f84e905894eb2e,divinity_entrance_c24r22.tgm.header,Tiny.V5,27650280,264
46a5263fb4dcecfe,divinity_entrance_c24r23.tgm,Tiny.V8,28146019,615
3eb58eae1982562c,divinity_entrance_c24r23.tgm.header,Tiny.VE,27949710,264
234d1b7fe26a9fe1,divinity_entrance_c24r24.tgm,Tiny.VC,32537408,57
c2e3d1ce3f433ef2,divinity_entrance_c24r24.tgm.header,Tiny.V8,31983005,264
373ba174c2a6a670,divinity_entrance_c23r3.tgm,Tiny.VD,28146499,965
15cf72cec048e859,divinity_entrance_c23r3.tgm.header,Tiny.VA,28318604,264
d9ee1b9550cc22cb,divinity_entrance_c23r4.tgm,Tiny.V0,28402785,1193
e264cc4129b54e2c,divinity_entrance_c23r4.tgm.header,Tiny.VA,28318868,264
259a86855188a59a,divinity_entrance_c23r5.tgm,Tiny.VF,28338625,1149
29410938c6236c47,divinity_entrance_c23r5.tgm.header,Tiny.VE,27949446,264
46adddc8db0df121,divinity_entrance_c23r6.tgm,Tiny.V7,28101818,1047
b8b54411af9728b2,divinity_entrance_c23r6.tgm.header,Tiny.V5,27647212,264
050948577e6926df,divinity_entrance_c23r7.tgm,Tiny.V2,28252559,665
9e802a2b6c99a65e,divinity_entrance_c23r7.tgm.header,Tiny.V3,27809874,264
8ffeb0f179b1a990,divinity_entrance_c23r8.tgm,Streaming/Content/data/balance/worldareas/C1/mapuberboss_divinity.vworld,15723,619443
f9645239b64d2a1b,divinity_entrance_c23r8.tgm.header,Tiny.VF,28339774,1083
0b638ace456435a9,divinity_entrance_c23r9.tgm,Streaming/Content/data/balance/worldareas/91/mapuberboss_ritual.vworld,91371,42631
5eb22ac4de21b235,divinity_entrance_c23r9.tgm.header,Tiny.VD,28147464,323
344e1bd4c6820fd2,divinity_entrance_c23r1.tgm,Tiny.VC,32537408,57
97a40e9179d2a74e,divinity_entrance_c23r1.tgm.header,Tiny.V8,31983005,264
326ad61b47d7f8ba,divinity_entrance_c23r10.tgm,Streaming/Content/data/balance/worldareas/47/g4_8a.vworld.1,533689,96425
159f57a3911baf6d,divinity_entrance_c23r10.tgm.header,Tiny.V5,27645183,603
664deb162e893213,divinity_entrance_c23r11.tgm,Streaming/Content/data/balance/worldareas/50/mapgeode.vworld,554909,117195
0fbaa6a8eff8f116,divinity_entrance_c23r11.tgm.header,Tiny.VF,28337942,683
ee2ad51f3ace2aa9,divinity_entrance_c23r12.tgm,Streaming/Content/data/balance/worldareas/79/mapuberboss_divinity.vworld,4417,54103
55ba54f44879048b,divinity_entrance_c23r12.tgm.header,Tiny.VE,27948059,403
7c033ce0da7ec984,divinity_entrance_c23r13.tgm,Streaming/Content/data/balance/worldareas/4A/mapuberboss_divinity.vworld,883225,60061
dbd288883be655e3,divinity_entrance_c23r13.tgm.header,Tiny.V4,28427250,443
896bb39afe02a7d6,divinity_entrance_c23r14.tgm,Streaming/Content/data/balance/worldareas/46/mapuberboss_divinity.vworld,177217,80153
feb5aa7e70d4e2ab,divinity_entrance_c23r14.tgm.header,Tiny.V5,27645786,563
cbb1f4e19f8a74ec,divinity_entrance_c23r15.tgm,Streaming/Content/data/balance/worldareas/E2/g3_1.vworld,744851,76979
cd514ba00c9edbde,divinity_entrance_c23r15.tgm.header,Tiny.VE,27948462,483
803773f6ead23c8f,divinity_entrance_c23r16.tgm,Streaming/Content/data/balance/worldareas/B9/mapuberboss_divinity.vworld,157003,80769
3abd7138b0270411,divinity_entrance_c23r16.tgm.header,Tiny.V8,28143666,483
361ec0b13401d84e,divinity_entrance_c23r17.tgm,Streaming/Content/data/balance/worldareas/FA/mapuberboss_divinity.vworld,4789,623413
3b94693298f75c1a,divinity_entrance_c23r17.tgm.header,Tiny.V0,28401382,1403
14d637bc15863b62,divinity_entrance_c23r18.tgm,Tiny.VB,28360546,1029
82c546686a701de5,divinity_entrance_c23r18.tgm.header,Tiny.V3,27809610,264
765728d9c09f7df4,divinity_entrance_c23r19.tgm,Tiny.V6,28093735,1061
f00e67702b7ed45f,divinity_entrance_c23r19.tgm.header,Tiny.V4,28427693,264
6f7825785cee4d46,divinity_entrance_c23r2.tgm,Tiny.VC,28318604,603
626ed37219598cba,divinity_entrance_c23r2.tgm.header,Tiny.V6,28094796,264
549e6557764155e8,divinity_entrance_c23r20.tgm,Tiny.V5,27646349,863
6f884e745794a0bc,divinity_entrance_c23r20.tgm.header,Tiny.V2,28252031,264
d099a403f59d36ed,divinity_entrance_c23r21.tgm,Tiny.V8,28144149,1067
7f6aaab2efb58d29,divinity_entrance_c23r21.tgm.header,Tiny.VC,28319207,264
8a1be987ff85274b,divinity_entrance_c23r22.tgm,Tiny.V7,28100955,863
87b8b4a223e3fec8,divinity_entrance_c23r22.tgm.header,Tiny.V2,28252295,264
b31557a87bd6aad8,divinity_entrance_c23r23.tgm,Tiny.VE,27948945,501
0466ad98dff90a67,divinity_entrance_c23r23.tgm.header,Tiny.VD,28146235,264
0af7c6347a7896c5,divinity_entrance_c23r24.tgm,Tiny.VC,32537408,57
fa820403b3002f92,divinity_entrance_c23r24.tgm.header,Tiny.V8,31983005,264
29a61bb1b13dfa66,divinity_entrance_c22r3.tgm,Tiny.V6,28092732,1003
8e61c13cc3700cc0,divinity_entrance_c22r3.tgm.header,Tiny.VB,28360282,264
7bb17b618d0b302e,divinity_entrance_c22r4.tgm,Streaming/Content/data/balance/worldareas/48/mapuberboss_divinity.vworld,798075,216197
fb080cceac2e34b0,divinity_entrance_c22r4.tgm.header,Tiny.V4,28426647,603
60d5f57163c35576,divinity_entrance_c22r5.tgm,Tiny.V9,28529539,997
8e260875fceb707e,divinity_entrance_c22r5.tgm.header,Tiny.V0,28401118,264
bb885e1f6831c16e,divinity_entrance_c22r6.tgm,Tiny.VC,28317703,901
83d054ed36a02a3d,divinity_entrance_c22r6.tgm.header,Tiny.VD,28145208,264
b66ce2d999145199,divinity_entrance_c22r7.tgm,Tiny.VE,27947324,735
bb57919f6023450d,divinity_entrance_c22r7.tgm.header,Tiny.V7,28100691,264
e840009baf006f57,divinity_entrance_c22r8.tgm,Streaming/Content/data/balance/worldareas/A4/mapuberboss_divinity.vworld,59049,600379
1af2fc1267a77168,divinity_entrance_c22r8.tgm.header,Tiny.V2,28250348,1683
15a8ef3978de28c0,divinity_entrance_c22r9.tgm,Streaming/Content/data/balance/worldareas/25/mapuberboss_divinity.vworld,164361,73165
861503fc2d6489b0,divinity_entrance_c22r9.tgm.header,Tiny.VD,28145472,763
49ebe6fb624f66a0,divinity_entrance_c22r1.tgm,Streaming/Content/data/balance/worldareas/54/mapuberboss_divinity.vworld,286814,16111
3d1c48d4499ee1d4,divinity_entrance_c22r1.tgm.header,Tiny.VA,28317066,264
c9a9c598499d8a29,divinity_entrance_c22r10.tgm,Streaming/Content/data/balance/worldareas/4A/mapuberboss_divinity.vworld,515070,368155
80c77fda9f6cdedd,divinity_entrance_c22r10.tgm.header,Tiny.V3,27807007,2603
afcde2b89ece5f73,divinity_entrance_c22r11.tgm,Streaming/Content/data/balance/worldareas/44/mapuberboss_divinity.vworld,151138,8383
139334e1545250bc,divinity_entrance_c22r11.tgm.header,Tiny.V4,28426364,283
d8f80ac5bdf42e50,divinity_entrance_c22r12.tgm,Streaming/Content/data/balance/worldareas/D8/expeditionsubarea_blackknightboss.vworld,552228,15463
243db266c9595ac4,divinity_entrance_c22r12.tgm.header,Tiny.VF,28337395,283
ee4e760a9999d183,divinity_entrance_c22r13.tgm,Streaming/Content/data/balance/worldareas/8E/mapuberboss_divinity.vworld,1721341,5009
aee6107fde946ff0,divinity_entrance_c22r13.tgm.header,Tiny.VD,28144170,283
0eff0026de730566,divinity_entrance_c22r14.tgm,Streaming/Content/data/balance/worldareas/19/g2_2.vworld,546645,4247
6ec1eb6b2bf39a8f,divinity_entrance_c22r14.tgm.header,Tiny.VC,28316244,264
4a0ab765c72b4c86,divinity_entrance_c22r15.tgm,Streaming/Content/data/balance/worldareas/B4/expeditionsubarea_blackknightboss.vworld,427525,367133
491b145480b854d4,divinity_entrance_c22r15.tgm.header,Tiny.V0,28398515,2603
fa9bc5a0ce6dd1d7,divinity_entrance_c22r16.tgm,Streaming/Content/data/balance/worldareas/A1/mapuberboss_divinity.vworld,1154611,54217
d7434259016b835f,divinity_entrance_c22r16.tgm.header,Tiny.VA,28317330,843
40d70236b6cec82d,divinity_entrance_c22r17.tgm,Streaming/Content/data/balance/worldareas/3E/mapuberboss_divinity.vworld,385382,643905
82e85fc09e8c4452,divinity_entrance_c22r17.tgm.header,Tiny.VE,27945561,1763
ae193b223b294cc4,divinity_entrance_c22r18.tgm,Tiny.V7,28098603,1015
f3f9eae1636da80c,divinity_entrance_c22r18.tgm.header,Tiny.V1,28089471,264
0576f04affdd84b4,divinity_entrance_c22r19.tgm,Tiny.V6,28091793,939
3cd8f2d5678b920f,divinity_entrance_c22r19.tgm.header,Tiny.V9,28528752,264
00c34b2e50ef87e3,divinity_entrance_c22r2.tgm,Tiny.VA,28318173,431
6ce36b61f7f98730,divinity_entrance_c22r2.tgm.header,Tiny.VF,28337678,264
403a6de89e061827,divinity_entrance_c22r20.tgm,Tiny.VD,28144453,755
c45d1fd99a42c730,divinity_entrance_c22r20.tgm.header,Tiny.V7,28099618,264
850b4de6aefd4ff9,divinity_entrance_c22r21.tgm,Tiny.VC,28316508,1195
23790c65997a360f,divinity_entrance_c22r21.tgm.header,Tiny.V7,28099882,264
f50dd37dcf498761,divinity_entrance_c22r22.tgm,Streaming/Content/data/balance/worldareas/36/mapuberboss_divinity.vworld,0,193279
12ad81a9de1fa451,divinity_entrance_c22r22.tgm.header,Tiny.V9,28529016,523
bc5ed127a47e5246,divinity_entrance_c22r23.tgm,Tiny.V7,28100146,545
58c0e28fb8546bb6,divinity_entrance_c22r23.tgm.header,Tiny.V8,28143402,264
7eeb70c5e708df63,divinity_entrance_c22r24.tgm,Streaming/Content/data/balance/worldareas/73/mapuberboss_divinity.vworld,0,16111
5bf69ccbf95caad6,divinity_entrance_c22r24.tgm.header,Tiny.V1,28089735,264
a94159e520831c46,divinity_entrance_c21r3.tgm,Tiny.V7,28097288,1315
3c85d243ade59bec,divinity_entrance_c21r3.tgm.header,Tiny.V6,28091529,264
292de6de78ad545c,divinity_entrance_c21r4.tgm,Tiny.VF,28335924,1207
482c5d86db5e9063,divinity_entrance_c21r4.tgm.header,Tiny.V5,27644655,264
a86e1e8e6b194b93,divinity_entrance_c21r5.tgm,Tiny.V3,27805870,1137
f1f9f792115d3ffe,divinity_entrance_c21r5.tgm.header,Tiny.VE,27945297,264
fae9c97dfcebbdee,divinity_entrance_c21r6.tgm,Tiny.VD,28143155,1015
35b58fed414d6da4,divinity_entrance_c21r6.tgm.header,Tiny.V5,27644919,264
7e1a03d231dc7d96,divinity_entrance_c21r7.tgm,Tiny.V8,28142667,735
8e637233b2d157f1,divinity_entrance_c21r7.tgm.header,Tiny.VF,28337131,264
978b2fcf462ff031,divinity_entrance_c21r8.tgm,Streaming/Content/data/balance/worldareas/54/mapuberboss_divinity.vworld,90267,196547
c36e5ed0868219da,divinity_entrance_c21r8.tgm.header,Tiny.VA,28316063,1003
fe60bef2b090984c,divinity_entrance_c21r9.tgm,Streaming/Content/data/balance/worldareas/26/mapuberboss_divinity.vworld,12945,758401
cb2cebc022eba611,divinity_entrance_c21r9.tgm.header,Tiny.V9,28526949,1803
27e89552431b6172,divinity_entrance_c21r1.tgm,Tiny.VC,32537408,57
1ff53e65a7e7ceba,divinity_entrance_c21r1.tgm.header,Tiny.V8,31983005,264
478b8aad9da6a56b,divinity_entrance_c21r10.tgm,Streaming/Content/data/balance/worldareas/1E/mapuberboss_divinity.vworld,29944,20473
559253f0f7da1c51,divinity_entrance_c21r10.tgm.header,Tiny.V4,28424918,403
d9a491ceea659a59,divinity_entrance_c21r11.tgm,Streaming/Content/data/balance/worldareas/6E/mapuberboss_divinity.vworld,583133,6047
ca51c3caf0bdb9e3,divinity_entrance_c21r11.tgm.header,Tiny.VD,28139308,323
80aa6d15054368dd,divinity_entrance_c21r12.tgm,Streaming/Content/data/balance/worldareas/A1/mapuberboss_divinity.vworld,1125620,28991
96583395d2353068,divinity_entrance_c21r12.tgm.header,Tiny.VA,28315700,363
5c4a5daf80e600a8,divinity_entrance_c21r13.tgm,Streaming/Content/data/balance/worldareas/2A/mapmothersoul_male_quest.vworld,289735,6491
7c89ca78b5e19db0,divinity_entrance_c21r13.tgm.header,Tiny.VD,28139631,283
c5a350ab769f54d2,divinity_entrance_c21r14.tgm,Tiny.VD,28139914,3241
831c0b693eb7b62e,divinity_entrance_c21r14.tgm.header,Tiny.V2,28249820,264
c37ad9052625b141,divinity_entrance_c21r15.tgm,Streaming/Content/data/balance/worldareas/96/mapport.vworld,710318,15713
07ee7bb5973fa2fe,divinity_entrance_c21r15.tgm.header,Tiny.VE,27944894,403
514def44ae2e74a9,divinity_entrance_c21r16.tgm,Streaming/Content/data/balance/worldareas/EA/mapuberboss_divinity.vworld,38936,732323
b12cd1cc2526c213,divinity_entrance_c21r16.tgm.header,Tiny.V7,28095445,1843
3e89ad07073d419b,divinity_entrance_c21r17.tgm,Streaming/Content/data/balance/worldareas/4A/sanctum_1_foyer_2.vworld,826715,202135
9ea788f5e7826441,divinity_entrance_c21r17.tgm.header,Tiny.V4,28425321,1043
38dac1413c881941,divinity_entrance_c21r18.tgm,Tiny.V6,28090316,1213
2a821cb98916adf0,divinity_entrance_c21r18.tgm.header,Tiny.V3,27805342,264
fd2736b51fb0c3bc,divinity_entrance_c21r19.tgm,Tiny.V1,28086595,1129
1e43b667802a4199,divinity_entrance_c21r19.tgm.header,Tiny.V1,28087724,264
a65990d02cae1e1b,divinity_entrance_c21r2.tgm,Tiny.VB,28359479,539
0c41c236f2a2aed5,divinity_entrance_c21r2.tgm.header,Tiny.VB,28360018,264
d9174a717ec0ae47,divinity_entrance_c21r20.tgm,Tiny.V8,28140311,965
3abd74544ed35d56,divinity_entrance_c21r20.tgm.header,Tiny.V2,28250084,264
1a6e95cf8cb8f7ce,divinity_entrance_c21r21.tgm,Tiny.V1,28087988,1219
fe3be3c7581591e9,divinity_entrance_c21r21.tgm.header,Tiny.V9,28526685,264
d30471e03d8df9cb,divinity_entrance_c21r22.tgm,Tiny.V8,28141276,1391
061e890c3f7baf44,divinity_entrance_c21r22.tgm.header,Tiny.V1,28089207,264
825e635f8c9b6bd4,divinity_entrance_c21r23.tgm,Tiny.VC,28315533,711
89b3e4a0a4625ea1,divinity_entrance_c21r23.tgm.header,Tiny.V3,27805606,264
69ef3f1331954b1d,divinity_entrance_c21r24.tgm,Tiny.VC,32537408,57
0a9c1adf8684fbc3,divinity_entrance_c21r24.tgm.header,Tiny.V8,31983005,264
401d96effabcae49,divinity_entrance_c20r3.tgm,Tiny.VD,28138089,1219
f1db818019c63ea0,divinity_entrance_c20r3.tgm.header,Tiny.VC,28313962,264
5900e76958ea52a1,divinity_entrance_c20r4.tgm,Tiny.VF,28334907,1017
8ba7ebbda607b8d0,divinity_entrance_c20r4.tgm.header,Tiny.V8,28139783,264
13cb7bc75946ba09,divinity_entrance_c20r5.tgm,Tiny.V4,28423561,1093
35d49ac70ca03565,divinity_entrance_c20r5.tgm.header,Tiny.V4,28424654,264
a69c9cceac1ab9b6,divinity_entrance_c20r6.tgm,Tiny.VC,28314226,1307
d273c20d33a9a8fe,divinity_entrance_c20r6.tgm.header,Tiny.V8,28140047,264
f143a9128116a1d7,divinity_entrance_c20r7.tgm,Tiny.V6,28089249,1067
a0741a0bb998ec56,divinity_entrance_c20r7.tgm.header,Tiny.VB,28359215,264
5ce14f60551567f0,divinity_entrance_c20r8.tgm,Streaming/Content/data/balance/worldareas/45/mapmothersoul_male_quest.vworld,833643,66077
fd59fa444398aa0f,divinity_entrance_c20r8.tgm.header,Tiny.V2,28249497,323
c9c13278cfc09888,divinity_entrance_c20r9.tgm,Streaming/Content/data/balance/worldareas/5D/mapuberboss_divinity.vworld,290841,610183
c4790ef51494e07a,divinity_entrance_c20r9.tgm.header,Tiny.V9,28524842,1843
812b03f6f849b0a7,divinity_entrance_c20r1.tgm,Tiny.VC,32537408,57
8d464cf265274509,divinity_entrance_c20r1.tgm.header,Tiny.V8,31983005,264
6860a99a244bdc4e,divinity_entrance_c20r10.tgm,Streaming/Content/data/balance/worldareas/C6/mapgeode.vworld,73543,489635
6d429ce2b5177b8e,divinity_entrance_c20r10.tgm.header,Tiny.V6,28085883,1323
c8bd27cf79bff48c,divinity_entrance_c20r11.tgm,Streaming/Content/data/balance/worldareas/23/mapuberboss_divinity.vworld,1466089,408883
69a712f2545f8381,divinity_entrance_c20r11.tgm.header,Tiny.V5,27642209,1083
a427f408b8abe1f1,divinity_entrance_c20r12.tgm,Streaming/Content/data/balance/worldareas/7C/mapuberboss_divinity.vworld,55843,312913
71474dc107d62b54,divinity_entrance_c20r12.tgm.header,Tiny.V5,27643292,1363
c469fed06155e283,divinity_entrance_c20r13.tgm,Streaming/Content/data/balance/worldareas/D6/mapuberboss_divinity.vworld,18213,291035
05045e0ae90f6ee9,divinity_entrance_c20r13.tgm.header,Tiny.V7,28093858,1323
41ae30c87a82b126,divinity_entrance_c20r14.tgm,Streaming/Content/data/balance/worldareas/78/mapuberboss_divinity.vworld,20309,427423
2d42991eeb2795c5,divinity_entrance_c20r14.tgm.header,Tiny.V3,27802691,963
7b4a7772b0fdae9f,divinity_entrance_c20r15.tgm,Streaming/Content/data/balance/worldareas/48/mapuberboss_divinity.vworld,351034,447041
78774a019363cd60,divinity_entrance_c20r15.tgm.header,Tiny.V8,28138420,1363
3702acad0d5513a0,divinity_entrance_c20r16.tgm,Streaming/Content/data/balance/worldareas/DF/mapuberboss_divinity.vworld,228461,706515
db2b3e89bc0d2aad,divinity_entrance_c20r16.tgm.header,Tiny.V6,28087206,2043
8ad42aa90f3c1686,divinity_entrance_c20r17.tgm,Streaming/Content/data/balance/worldareas/7E/mapuberboss_divinity.vworld,243458,66211
83757b58f1cf7516,divinity_entrance_c20r17.tgm.header,Tiny.V0,28396667,323
a60bccf7e996d858,divinity_entrance_c20r18.tgm,Tiny.VF,28333758,1149
cb82de0fea9fd423,divinity_entrance_c20r18.tgm.header,Tiny.VB,28358126,264
494b0b0dd8711698,divinity_entrance_c20r19.tgm,Tiny.V1,28085452,1143
ea98262abfd38afc,divinity_entrance_c20r19.tgm.header,Tiny.V2,28248969,264
08c7d28953a146dc,divinity_entrance_c20r2.tgm,Tiny.V3,27803654,539
77eab11a87b77ca7,divinity_entrance_c20r2.tgm.header,Tiny.V0,28396990,264
e4b979327e163dfb,divinity_entrance_c20r20.tgm,Tiny.V3,27804193,1149
0103d4f1ae26df30,divinity_entrance_c20r20.tgm.header,Tiny.V4,28423297,264
17b29f89c6ab3981,divinity_entrance_c20r21.tgm,Tiny.V0,28397254,997
30fd4e3273a93f47,divinity_entrance_c20r21.tgm.header,Tiny.V2,28249233,264
089c787c0277ba55,divinity_entrance_c20r22.tgm,Tiny.VA,28314385,1315
2b1c2bc6d347bf68,divinity_entrance_c20r22.tgm.header,Tiny.V0,28398251,264
3e93014da1e2adea,divinity_entrance_c20r23.tgm,Tiny.VB,28358390,825
3272afd67911492c,divinity_entrance_c20r23.tgm.header,Tiny.V7,28095181,264
58f7f75b170789a0,divinity_entrance_c20r24.tgm,Tiny.VC,32537408,57
b97565e7624751cc,divinity_entrance_c20r24.tgm.header,Tiny.V8,31983005,264
cbe166ce041cab0b,divinity_entrance_c2r3.tgm,Tiny.V9,28538728,883
819567d416eb20b2,divinity_entrance_c2r3.tgm.header,Tiny.V4,28439790,264
99dd641e997dcbac,divinity_entrance_c2r4.tgm,Tiny.V6,28111586,1067
671ef7fc4c4b9ec5,divinity_entrance_c2r4.tgm.header,Tiny.VC,28326365,264
98b006e2f6f79603,divinity_entrance_c2r5.tgm,Tiny.VD,28158037,1099
e35d4f60f9cabb04,divinity_entrance_c2r5.tgm.header,Tiny.VC,28326629,264
3d05d3a87cdf3b4e,divinity_entrance_c2r6.tgm,Tiny.VC,28326893,1061
4784688c247f5cb5,divinity_entrance_c2r6.tgm.header,Tiny.VC,28327954,264
407b6cb1fbf9f064,divinity_entrance_c2r7.tgm,Tiny.V7,28110333,1073
69ff42af2720d3bf,divinity_entrance_c2r7.tgm.header,Tiny.V1,28098569,264
439e112deb34c087,divinity_entrance_c2r8.tgm,Tiny.VE,27967835,1233
37d6458c1be5ad8f,divinity_entrance_c2r8.tgm.header,Tiny.VB,28371190,264
64c6cc2b89c78585,divinity_entrance_c2r9.tgm,Streaming/Content/data/balance/worldareas/0B/mapuberboss_divinity.vworld,45827,112913
92bf47cb94460728,divinity_entrance_c2r9.tgm.header,Tiny.V9,28539611,563
33337e7571b22ffc,divinity_entrance_c2r1.tgm,Streaming/Content/data/balance/worldareas/1B/g4_8a.vworld,522712,9771
2aee907e88cc46c7,divinity_entrance_c2r1.tgm.header,Tiny.V1,28094886,264
07178cef61fbace4,divinity_entrance_c2r10.tgm,Streaming/Content/data/balance/worldareas/A1/mapuberboss_divinity.vworld,1208828,223367
f1f03529b4ad6596,divinity_entrance_c2r10.tgm.header,Tiny.V8,28153455,1043
64991e02027b6c4a,divinity_entrance_c2r11.tgm,Streaming/Content/data/balance/worldareas/BE/mapuberboss_divinity.vworld,216407,86545
68dfbbb035d037ba,divinity_entrance_c2r11.tgm.header,Tiny.V9,28537965,763
f510f1831d7ed14e,divinity_entrance_c2r12.tgm,Streaming/Content/data/balance/worldareas/6B/mapport.vworld,488987,51937
ed8ec50adbcb96ae,divinity_entrance_c2r12.tgm.header,Tiny.VC,28326002,363
bcfb7aa38a5e3d0c,divinity_entrance_c2r13.tgm,Streaming/Content/data/balance/worldareas/7B/mapuberboss_divinity.vworld,216475,64195
09259b8d5c3df586,divinity_entrance_c2r13.tgm.header,Tiny.VA,28330154,563
f8497ceae01e0d2c,divinity_entrance_c2r14.tgm,Streaming/Content/data/balance/worldareas/F8/mapuberboss_divinity.vworld,63859,69447
d2780d40c7d0e3f6,divinity_entrance_c2r14.tgm.header,Tiny.VB,28370707,483
b32f2bd882ebf010,divinity_entrance_c2r15.tgm,Streaming/Content/data/balance/worldareas/E6/mapuberboss_divinity.vworld,0,391933
9c7467022cee9052,divinity_entrance_c2r15.tgm.header,Tiny.V5,27660337,1163
0e59adac7bc48358,divinity_entrance_c2r16.tgm,Streaming/Content/data/balance/worldareas/32/mapuberboss_divinity.vworld,736484,17329
cd3023c31b9e1829,divinity_entrance_c2r16.tgm.header,Tiny.V3,27818961,283
e53e13a3784761f8,divinity_entrance_c2r17.tgm,Tiny.V1,28095150,1143
847a96d97dfb9a9f,divinity_entrance_c2r17.tgm.header,Tiny.V1,28096293,264
7f08dda3704a401d,divinity_entrance_c2r18.tgm,Tiny.V8,28154498,1137
2cb047e94741dd9b,divinity_entrance_c2r18.tgm.header,Tiny.V5,27661500,264
43d1b7a516a1d0de,divinity_entrance_c2r19.tgm,Tiny.VA,28330717,857
2204b5ac6fd6f78b,divinity_entrance_c2r19.tgm.header,Tiny.V5,27661764,264
9b9b2e59f2f3554a,divinity_entrance_c2r2.tgm,Tiny.VF,28352441,463
1f94492a66c79d67,divinity_entrance_c2r2.tgm.header,Tiny.V8,28155635,264
54552802e47f564d,divinity_entrance_c2r20.tgm,Tiny.V1,28096557,1137
35071ba7a8358c41,divinity_entrance_c2r20.tgm.header,Tiny.V3,27819244,264
f747eb3515f19630,divinity_entrance_c2r21.tgm,Tiny.VE,27966648,1187
51d43fd4ea9cab64,divinity_entrance_c2r21.tgm.header,Tiny.VA,28331574,264
82eae6d57c7676bf,divinity_entrance_c2r22.tgm,Tiny.V1,28097694,875
a756b2b0e4e29b88,divinity_entrance_c2r22.tgm.header,Tiny.V8,28155899,264
b92434ef0778d27f,divinity_entrance_c2r23.tgm,Tiny.VD,28157336,437
768d21cf107ae1ee,divinity_entrance_c2r23.tgm.header,Tiny.V7,28110069,264
af592aff5266e5a7,divinity_entrance_c2r24.tgm,Streaming/Content/data/balance/worldareas/55/mapport.vworld,341365,9771
ad46abdb2247cdb6,divinity_entrance_c2r24.tgm.header,Tiny.VD,28157773,264
fcfdce95c9de9bbe,divinity_entrance_c19r3.tgm,Tiny.VE,27942930,1073
c4457afd6dff3243,divinity_entrance_c19r3.tgm.header,Tiny.VB,28351720,264
5469782d7a43fc7c,divinity_entrance_c19r4.tgm,Streaming/Content/data/balance/worldareas/D1/mapuberboss_divinity.vworld,81732,392813
e9700b5cbbd243bf,divinity_entrance_c19r4.tgm.header,Tiny.VE,27944003,363
268c0e43cc725019,divinity_entrance_c19r5.tgm,Tiny.V1,28079637,1161
0cdca16dfde71f48,divinity_entrance_c19r5.tgm.header,Tiny.V4,28422505,264
2c65e41beff59f91,divinity_entrance_c19r6.tgm,Tiny.V8,28130222,1129
2e84fae944c0698b,divinity_entrance_c19r6.tgm.header,Tiny.V2,28238798,264
eb412e75edaaf670,divinity_entrance_c19r7.tgm,Tiny.V3,27801470,957
cb32feb1e2590eee,divinity_entrance_c19r7.tgm.header,Tiny.V3,27802427,264
b85c1a9ebacbda07,divinity_entrance_c19r8.tgm,Tiny.V0,28387983,1295
4f01fb4fbe6bafe4,divinity_entrance_c19r8.tgm.header,Tiny.V2,28239062,264
6bcc3a32cb073a44,divinity_entrance_c19r9.tgm,Streaming/Content/data/balance/worldareas/1D/mapuberboss_divinity.vworld,0,220215
e2016c0e07533106,divinity_entrance_c19r9.tgm.header,Tiny.VC,28311652,683
677149546f319b4f,divinity_entrance_c19r1.tgm,Tiny.VC,32537408,57
35233ee7d55113f0,divinity_entrance_c19r1.tgm.header,Tiny.V8,31983005,264
5af926a6a77a18ff,divinity_entrance_c19r10.tgm,Streaming/Content/data/balance/worldareas/19/g2_2.vworld,419428,127217
e25412c1854326ed,divinity_entrance_c19r10.tgm.header,Tiny.VE,27940652,1043
5bf51da272fb7c6e,divinity_entrance_c19r11.tgm,Streaming/Content/data/balance/worldareas/8A/mapgeode.vworld,657721,142907
7ceaff715e9347a4,divinity_entrance_c19r11.tgm.header,Tiny.V5,27639611,923
35179816afa942bf,divinity_entrance_c19r12.tgm,Streaming/Content/data/balance/worldareas/57/mapuberboss_divinity.vworld,0,397451
208214f7095b0324,divinity_entrance_c19r12.tgm.header,Tiny.V7,28092175,1683
b053e68a17e9d4cf,divinity_entrance_c19r13.tgm,Streaming/Content/data/balance/worldareas/6A/mapuberboss_divinity.vworld,335815,377369
b62c284146a7c611,divinity_entrance_c19r13.tgm.header,Tiny.V9,28520793,1523
969492ae0f4386e2,divinity_entrance_c19r14.tgm,Streaming/Content/data/balance/worldareas/16/mapprecursortowerdesert.vworld,126295,139915
5787ab9ef8afb450,divinity_entrance_c19r14.tgm.header,Tiny.V3,27800627,843
8da81686879c9f32,divinity_entrance_c19r15.tgm,Streaming/Content/data/balance/worldareas/03/g3_1.vworld,435121,128405
c0207a2dc20b7465,divinity_entrance_c19r15.tgm.header,Tiny.V9,28522316,1043
d1558bd5ed4e712c,divinity_entrance_c19r16.tgm,Streaming/Content/data/balance/worldareas/24/g2_9_1.vworld,381222,314467
1eaf96871d2f1aaf,divinity_entrance_c19r16.tgm.header,Tiny.V5,27640534,883
be9035c68e3d657e,divinity_entrance_c19r17.tgm,Tiny.V2,28237084,1111
efb6b2599c93fd5b,divinity_entrance_c19r17.tgm.header,Tiny.VA,28311212,264
414a387436ef1ecc,divinity_entrance_c19r18.tgm,Tiny.V8,28127868,1117
df62c704a847820b,divinity_entrance_c19r18.tgm.header,Tiny.V9,28523359,264
1509fb463c851e0e,divinity_entrance_c19r19.tgm,Tiny.V8,28128985,1237
94089d0e3c3ea183,divinity_entrance_c19r19.tgm.header,Tiny.VD,28136351,264
cae231cc7350e813,divinity_entrance_c19r2.tgm,Tiny.VD,28136615,583
0f7035c186fd148f,divinity_entrance_c19r2.tgm.header,Tiny.VD,28137198,264
72905932b920f9d4,divinity_entrance_c19r20.tgm,Tiny.VE,27941695,971
1e89344dded85cd2,divinity_entrance_c19r20.tgm.header,Tiny.V0,28385236,264
4c2d9fd6b23d29d0,divinity_entrance_c19r21.tgm,Streaming/Content/data/balance/worldareas/5E/mapuberboss_divinity.vworld,0,1257175
f8c167b18c84aca5,divinity_entrance_c19r21.tgm.header,Tiny.V0,28385500,2483
b711ec9deffdbbaa,divinity_entrance_c19r22.tgm,Tiny.V9,28523623,1219
bb436bc038468cc9,divinity_entrance_c19r22.tgm.header,Tiny.VE,27942666,264
fcf26b44c11ade15,divinity_entrance_c19r23.tgm,Tiny.V2,28238195,603
d5d84ac2ea51ddb3,divinity_entrance_c19r23.tgm.header,Tiny.V5,27641417,264
cbeffdde913bf4dd,divinity_entrance_c19r24.tgm,Tiny.VC,32537408,57
94841b06317d9e5e,divinity_entrance_c19r24.tgm.header,Tiny.V8,31983005,264
4d53fe6c8337687f,divinity_entrance_c18r3.tgm,Tiny.VD,28134753,1035
809c55cc8b1fcd3e,divinity_entrance_c18r3.tgm.header,Tiny.VC,28311124,264
307abbcc6c237bef,divinity_entrance_c18r4.tgm,Tiny.V8,28126623,1245
fa28866866950601,divinity_entrance_c18r4.tgm.header,Tiny.V4,28422241,264
b22d971746cf59f7,divinity_entrance_c18r5.tgm,Tiny.VB,28350045,1411
d1c77478e084e01a,divinity_entrance_c18r5.tgm.header,Tiny.VC,28311388,264
b0773804accb0038,divinity_entrance_c18r6.tgm,Tiny.VE,27939319,1333
6544df562a410235,divinity_entrance_c18r6.tgm.header,Tiny.VB,28351456,264
f8bcaab68085654e,divinity_entrance_c18r7.tgm,Tiny.V1,28078672,965
0f741e173e2e0ae2,divinity_entrance_c18r7.tgm.header,Tiny.V2,28236820,264
3f4ecc8f5268b576,divinity_entrance_c18r8.tgm,Tiny.V7,28090828,1347
28520b30c9dbcdcb,divinity_entrance_c18r8.tgm.header,Tiny.V0,28384972,264
36241193bba8b439,divinity_entrance_c18r9.tgm,Streaming/Content/data/balance/worldareas/0E/mapuberboss_divinity.vworld,41227,312875
1741ad01ee6b4ca7,divinity_entrance_c18r9.tgm.header,Tiny.VD,28135788,563
9a3c994e3822d35c,divinity_entrance_c18r1.tgm,Streaming/Content/data/balance/worldareas/E4/expeditionsubarea_blackknightboss.vworld,532469,9771
3f439143b4510190,divinity_entrance_c18r1.tgm.header,Tiny.V7,28088230,264
560139fda1bb7b38,divinity_entrance_c18r10.tgm,Streaming/Content/data/balance/worldareas/CA/g2_9_1.vworld,475844,24405
29dd0afa2d42e585,divinity_entrance_c18r10.tgm.header,Tiny.VB,28349378,403
14772682c2fcb435,divinity_entrance_c18r11.tgm,Streaming/Content/data/balance/worldareas/78/mapuberboss_divinity.vworld,0,20309
110b288b076cbbd4,divinity_entrance_c18r11.tgm.header,Tiny.V6,28082233,363
40d805e91be20d2e,divinity_entrance_c18r12.tgm,Streaming/Content/data/balance/worldareas/AE/mapuberboss_delirium.vworld,221285,305497
ad93bc91ffa6a318,divinity_entrance_c18r12.tgm.header,Tiny.VE,27936795,1483
fc1cda74f7cc98c4,divinity_entrance_c18r13.tgm,Streaming/Content/data/balance/worldareas/29/mapuberboss_divinity.vworld,9771,309263
a1e2271f9f7c8051,divinity_entrance_c18r13.tgm.header,Tiny.VD,28133230,1523
4d936a05354be8ab,divinity_entrance_c18r14.tgm,Streaming/Content/data/balance/worldareas/8C/mapmothersoul_male_quest.vworld,294031,21397
63615f6940ad61f8,divinity_entrance_c18r14.tgm.header,Tiny.V4,28421350,363
e392a103f4fa7b51,divinity_entrance_c18r15.tgm,Streaming/Content/data/balance/worldareas/F7/mapprecursortowerdesert.vworld,417719,13347
a73f07958cd02373,divinity_entrance_c18r15.tgm.header,Tiny.V6,28082596,403
a6cd18fd35a9a18c,divinity_entrance_c18r16.tgm,Streaming/Content/data/balance/worldareas/3F/mapuberboss_divinity.vworld,141931,381271
fbbb3cb521581c25,divinity_entrance_c18r16.tgm.header,Tiny.V1,28077909,763
90cb4d5264b347b5,divinity_entrance_c18r17.tgm,Tiny.V7,28088494,1067
b632ece51a490b86,divinity_entrance_c18r17.tgm.header,Tiny.V6,28082999,264
22ee13a6ea15b8c6,divinity_entrance_c18r18.tgm,Tiny.V7,28089561,1003
c6f871b5d46f0853,divinity_entrance_c18r18.tgm.header,Tiny.VB,28349781,264
f13c8887c602b3ee,divinity_entrance_c18r19.tgm,Tiny.VE,27938278,1041
6d9f584870367973,divinity_entrance_c18r19.tgm.header,Tiny.V4,28421713,264
6bd730ca78e59fdf,divinity_entrance_c18r2.tgm,Tiny.V2,28236243,577
7720ed861e74be50,divinity_entrance_c18r2.tgm.header,Tiny.V3,27800099,264
2bf17d9d7f1c8c33,divinity_entrance_c18r20.tgm,Tiny.V8,28125312,1047
42fef5d53d3f65a6,divinity_entrance_c18r20.tgm.header,Tiny.V8,28126359,264
700814e6208c9e27,divinity_entrance_c18r21.tgm,Tiny.V6,28083263,1257
5e67afd38b8786aa,divinity_entrance_c18r21.tgm.header,Tiny.V3,27800363,264
567cca47370a95e1,divinity_entrance_c18r22.tgm,Tiny.V0,28383905,1067
46b2ae8c55f21c78,divinity_entrance_c18r22.tgm.header,Tiny.V4,28421977,264
cc3190b1ca395d65,divinity_entrance_c18r23.tgm,Tiny.V6,28084520,571
615b763f2a6a1403,divinity_entrance_c18r23.tgm.header,Tiny.V6,28085091,264
b2af791d005033c5,divinity_entrance_c18r24.tgm,Streaming/Content/data/balance/worldareas/DF/mapuberboss_divinity.vworld,218690,9771
13110d1b806758f9,divinity_entrance_c18r24.tgm.header,Tiny.V7,28090564,264
4c8305b74a6c322e,divinity_entrance_c17r3.tgm,Tiny.V3,27798846,989
8eac66c0af947446,divinity_entrance_c17r3.tgm.header,Tiny.V5,27639347,264
2d30027aa202d4b3,divinity_entrance_c17r4.tgm,Tiny.V8,28124347,965
077c9ea4b3f65435,divinity_entrance_c17r4.tgm.header,Tiny.V3,27799835,264
de2ad4bd51b0f4b9,divinity_entrance_c17r5.tgm,Tiny.V2,28235100,1143
34ea623fa5022bb5,divinity_entrance_c17r5.tgm.header,Tiny.V1,28077645,264
4973849931dc826a,divinity_entrance_c17r6.tgm,Streaming/Content/data/balance/worldareas/22/g2_9_1.vworld,609781,32517
fb9dca6dd12b3b73,divinity_entrance_c17r6.tgm.header,Tiny.V4,28420683,264
7de01e576fc0cb8f,divinity_entrance_c17r7.tgm,Streaming/Content/data/balance/worldareas/3F/mapuberboss_divinity.vworld,18266,123665
d05271ac26dc2d40,divinity_entrance_c17r7.tgm.header,Tiny.V4,28420947,403
8850b296b2b8e1c3,divinity_entrance_c17r8.tgm,Streaming/Content/data/balance/worldareas/D4/mapuberboss_divinity.vworld,0,162125
7477abf4e7a2bdeb,divinity_entrance_c17r8.tgm.header,Tiny.VB,28348332,323
3f96e032f9bfd557,divinity_entrance_c17r9.tgm,Streaming/Content/data/balance/worldareas/BF/mapuberboss_divinity.vworld,38631,408209
330a4134a118c1f3,divinity_entrance_c17r9.tgm.header,Tiny.VB,28348655,723
696b2beace83321e,divinity_entrance_c17r1.tgm,Tiny.VC,32537408,57
635b556355120891,divinity_entrance_c17r1.tgm.header,Tiny.V8,31983005,264
aef8428427782b5b,divinity_entrance_c17r10.tgm,Streaming/Content/data/balance/worldareas/BF/mapuberboss_divinity.vworld,10484,28147
9b70ac69ab3c4d7a,divinity_entrance_c17r10.tgm.header,Tiny.V6,28081606,363
09d37a06658a33ee,divinity_entrance_c17r11.tgm,Streaming/Content/data/balance/worldareas/94/mapgeode.vworld,344840,24001
3e8ee52b12fc0eff,divinity_entrance_c17r11.tgm.header,Tiny.V7,28087563,403
51f9670157ef3b94,divinity_entrance_c17r12.tgm,Streaming/Content/data/balance/worldareas/D9/mapport.vworld,242567,214873
729c5a608f2635cf,divinity_entrance_c17r12.tgm.header,Tiny.VF,28329786,1083
c371d833d97e5844,divinity_entrance_c17r13.tgm,Streaming/Content/data/balance/worldareas/E2/g3_1.vworld,542482,202369
7a6b4465635e4f25,divinity_entrance_c17r13.tgm.header,Tiny.V1,28075307,963
4fd4462d38bf81ef,divinity_entrance_c17r14.tgm,Streaming/Content/data/balance/worldareas/19/g2_2.vworld,395637,23791
e80ecc9d5db196ba,divinity_entrance_c17r14.tgm.header,Tiny.V0,28383502,403
11078a5da292553b,divinity_entrance_c17r15.tgm,Streaming/Content/data/balance/worldareas/9F/mapuberboss_divinity.vworld,1624403,30139
4e59ebf2c01ae418,divinity_entrance_c17r15.tgm.header,Tiny.VA,28310849,363
34b824363eef7696,divinity_entrance_c17r16.tgm,Streaming/Content/data/balance/worldareas/AF/mapuberboss_divinity.vworld,12675,422155
f5e3871ec2388215,divinity_entrance_c17r16.tgm.header,Tiny.VC,28310321,803
a3a26881ba44c6d4,divinity_entrance_c17r17.tgm,Streaming/Content/data/balance/worldareas/04/g3_1.vworld,392321,161305
e64cc3197ad0ba08,divinity_entrance_c17r17.tgm.header,Tiny.VE,27935070,323
60e13a38ccb6a3d7,divinity_entrance_c17r18.tgm,Streaming/Content/data/balance/worldareas/8D/g3_1.vworld,359245,123355
631e408a3a76864d,divinity_entrance_c17r18.tgm.header,Tiny.V3,27797376,403
ff3b9c5c793b0e68,divinity_entrance_c17r19.tgm,Streaming/Content/data/balance/worldareas/20/g3_1.vworld,451932,32141
e5dd9a492f3fc6a3,divinity_entrance_c17r19.tgm.header,Tiny.V7,28087966,264
0c166a6eb89a774f,divinity_entrance_c17r2.tgm,Tiny.V4,28420144,539
adc591632b2c5a7d,divinity_entrance_c17r2.tgm.header,Tiny.V1,28076270,264
9ec056461155535a,divinity_entrance_c17r20.tgm,Tiny.V3,27797779,1067
30769ef1a9639861,divinity_entrance_c17r20.tgm.header,Tiny.VB,28347540,264
81f28c7bf471b092,divinity_entrance_c17r21.tgm,Tiny.V1,28076534,1111
cb6ba5afd6fbfbd0,divinity_entrance_c17r21.tgm.header,Tiny.V6,28081969,264
62b8ba70d81332f6,divinity_entrance_c17r22.tgm,Tiny.VE,27935393,895
524dd5a49a16b57e,divinity_entrance_c17r22.tgm.header,Tiny.VB,28347804,264
7ecc65848c86c295,divinity_entrance_c17r23.tgm,Tiny.VE,27936288,507
0708067af342cfbd,divinity_entrance_c17r23.tgm.header,Tiny.VB,28348068,264
eb0efbdef80f6837,divinity_entrance_c17r24.tgm,Tiny.VC,32537408,57
91c8e13984f6b560,divinity_entrance_c17r24.tgm.header,Tiny.V8,31983005,264
3e46dd66a1988ec0,divinity_entrance_c16r3.tgm,Tiny.VF,28328313,945
97fd11c655f0957d,divinity_entrance_c16r3.tgm.header,Tiny.VF,28329258,264
a1a122683e105357,divinity_entrance_c16r4.tgm,Streaming/Content/data/balance/worldareas/60/mapuberboss_divinity.vworld,0,193189
9aaa754053ce1a66,divinity_entrance_c16r4.tgm.header,Tiny.VA,28310326,523
d084ab6aa37c18c4,divinity_entrance_c16r5.tgm,Streaming/Content/data/balance/worldareas/96/mapport.vworld,688917,21401
372bd8369f159cc9,divinity_entrance_c16r5.tgm.header,Tiny.VF,28329522,264
46a262cfa6373099,divinity_entrance_c16r6.tgm,Streaming/Content/data/balance/worldareas/71/mapmothersoul_male_quest.vworld,326581,108173
a6b61b7f71e4cba7,divinity_entrance_c16r6.tgm.header,Tiny.V5,27638944,403
3dff2db127eb98f7,divinity_entrance_c16r7.tgm,Streaming/Content/data/balance/worldareas/4A/sanctum_1_foyer_2.vworld,771558,55157
4086354c35443aed,divinity_entrance_c16r7.tgm.header,Tiny.V8,28123944,403
29de5821d381dc1b,divinity_entrance_c16r8.tgm,Streaming/Content/data/balance/worldareas/1B/g4_8a.vworld,491519,31193
81ab23ebb2dc8792,divinity_entrance_c16r8.tgm.header,Tiny.V0,28383238,264
d2dd3d203d3df8d8,divinity_entrance_c16r9.tgm,Streaming/Content/data/balance/worldareas/32/mapuberboss_divinity.vworld,500211,236273
2f13647d52a590d9,divinity_entrance_c16r9.tgm.header,Tiny.V2,28234497,603
b62629b10d91b622,divinity_entrance_c16r1.tgm,Tiny.VC,32537408,57
ed94f43ae6e6bbca,divinity_entrance_c16r1.tgm.header,Tiny.V8,31983005,264
7990cf354d3521ce,divinity_entrance_c16r10.tgm,Streaming/Content/data/balance/worldareas/84/mapuberboss_ritual.vworld,432176,20589
2ec915e7583692e7,divinity_entrance_c16r10.tgm.header,Tiny.VE,27934747,323
b46af8f9a494e32d,divinity_entrance_c16r11.tgm,Streaming/Content/data/balance/worldareas/21/g4_8a.vworld,301399,16683
bf9e7cd885ba200f,divinity_entrance_c16r11.tgm.header,Tiny.VC,28308992,323
8be879ea35bea980,divinity_entrance_c16r12.tgm,Streaming/Content/data/balance/worldareas/52/mapuberboss_delirium.vworld,516722,185111
cda14a792069f3c6,divinity_entrance_c16r12.tgm.header,Tiny.V1,28072703,923
20cae464a4471707,divinity_entrance_c16r13.tgm,Streaming/Content/data/balance/worldareas/99/mapuberboss_divinity.vworld,35637,173019
16d1580d4e11d679,divinity_entrance_c16r13.tgm.header,Tiny.V4,28418957,923
aea6bc2b85387b99,divinity_entrance_c16r14.tgm,Streaming/Content/data/balance/worldareas/C0/mapuberboss_ritual.vworld,534752,17019
dce9dacbe7e65bd1,divinity_entrance_c16r14.tgm.header,Tiny.V5,27638621,323
cfc85cb0318c62fa,divinity_entrance_c16r15.tgm,Streaming/Content/data/balance/worldareas/CE/mapuberboss_ritual.vworld,393821,18213
ad79baf4a65e7816,divinity_entrance_c16r15.tgm.header,Tiny.VC,28309315,323
9bb62bce594f63c3,divinity_entrance_c16r16.tgm,Streaming/Content/data/balance/worldareas/7E/mapuberboss_divinity.vworld,6799,236659
bcbff0b82099a15f,divinity_entrance_c16r16.tgm.header,Tiny.VC,28309638,683
9872cea45e72d619,divinity_entrance_c16r17.tgm,Streaming/Content/data/balance/worldareas/63/g2_9_1.vworld,209620,31461
ab71ce34ab1ed14c,divinity_entrance_c16r17.tgm.header,Tiny.V8,28123173,264
52613352fd1d8e47,divinity_entrance_c16r18.tgm,Streaming/Content/data/balance/worldareas/7B/mapuberboss_divinity.vworld,13721,55575
399c72bd92f2f10f,divinity_entrance_c16r18.tgm.header,Tiny.VB,28347137,403
c4b18f31e86a17dd,divinity_entrance_c16r19.tgm,Streaming/Content/data/balance/worldareas/83/mapuberboss_divinity.vworld,1301785,107965
217f9f422a9beced,divinity_entrance_c16r19.tgm.header,Tiny.V0,28382835,403
59c22682638a583d,divinity_entrance_c16r2.tgm,Tiny.V8,28123437,507
30bf989ed25c1315,divinity_entrance_c16r2.tgm.header,Tiny.V1,28073626,264
160ff650a2884d32,divinity_entrance_c16r20.tgm,Streaming/Content/data/balance/worldareas/EA/mapuberboss_divinity.vworld,17153,21783
2ac41dc05e986d13,divinity_entrance_c16r20.tgm.header,Tiny.V3,27797112,264
c68bc8db512d01ff,divinity_entrance_c16r21.tgm,Tiny.V1,28073890,1417
7e092d3251b9fa4d,divinity_entrance_c16r21.tgm.header,Tiny.V4,28419880,264
cd77168e0c5cf2db,divinity_entrance_c16r22.tgm,Streaming/Content/data/balance/worldareas/5B/mapport.vworld,598326,216217
d9a0d02d43560039,divinity_entrance_c16r22.tgm.header,Tiny.V2,28233894,603
442278768f4dd0ea,divinity_entrance_c16r23.tgm,Tiny.V9,28520070,723
f76d589fcd2804f5,divinity_entrance_c16r23.tgm.header,Tiny.VD,28132966,264
6c6d2340ed648907,divinity_entrance_c16r24.tgm,Tiny.VC,32537408,57
d78b7f229f15ac2e,divinity_entrance_c16r24.tgm.header,Tiny.V8,31983005,264
20bb92709afab542,divinity_entrance_c15r3.tgm,Tiny.V0,28381788,1047
9bb0acf75eb2a0e3,divinity_entrance_c15r3.tgm.header,Tiny.V2,28233630,264
fa841aac7afdbc1a,divinity_entrance_c15r4.tgm,Tiny.V7,28086218,1345
9d386964a9ccadd3,divinity_entrance_c15r4.tgm.header,Tiny.V8,28122909,264
5c6e877554dd096f,divinity_entrance_c15r5.tgm,Streaming/Content/data/balance/worldareas/2F/mapuberboss_divinity.vworld,0,27703
8df926859fb303f6,divinity_entrance_c15r5.tgm.header,Tiny.VE,27934483,264
cace973ced5d5268,divinity_entrance_c15r6.tgm,Streaming/Content/data/balance/worldareas/25/mapuberboss_divinity.vworld,128934,35427
3380e2a40aa3c163,divinity_entrance_c15r6.tgm.header,Tiny.V1,28072439,264
4f59a2c14f9caa87,divinity_entrance_c15r7.tgm,Streaming/Content/data/balance/worldareas/8B/mapuberboss_delirium.vworld,329322,21457
e58fda0a251b4027,divinity_entrance_c15r7.tgm.header,Tiny.VD,28132702,264
bd77f9cdd375d197,divinity_entrance_c15r8.tgm,Streaming/Content/data/balance/worldareas/1E/mapuberboss_divinity.vworld,7667,22277
259ea1f35d654887,divinity_entrance_c15r8.tgm.header,Tiny.VF,28327246,264
c41c0604a0b48afd,divinity_entrance_c15r9.tgm,Streaming/Content/data/balance/worldareas/B9/mapuberboss_divinity.vworld,0,157003
c3361dae88a57c90,divinity_entrance_c15r9.tgm.header,Tiny.VF,28327510,803
22e8e14f4362acc0,divinity_entrance_c15r1.tgm,Streaming/Content/data/balance/worldareas/29/mapuberboss_divinity.vworld,0,9771
60a17e1c8672d4ef,divinity_entrance_c15r1.tgm.header,Tiny.VA,28309798,264
65170a2e32da3fa7,divinity_entrance_c15r10.tgm,Streaming/Content/data/balance/worldareas/26/mapuberboss_divinity.vworld,0,12945
4db445bd1023a14d,divinity_entrance_c15r10.tgm.header,Tiny.V3,27796365,483
75e9ccdd28034e0f,divinity_entrance_c15r11.tgm,Streaming/Content/data/balance/worldareas/E7/mapuberboss_divinity.vworld,231429,10387
c32042587f458e38,divinity_entrance_c15r11.tgm.header,Tiny.V2,28232963,403
f3477fbaa009b5c3,divinity_entrance_c15r12.tgm,Streaming/Content/data/balance/worldareas/AE/mapuberboss_delirium.vworld,22294,198991
19cd30d8a4f2fb9f,divinity_entrance_c15r12.tgm.header,Tiny.VE,27932896,1323
e17eb6c06b3c74b8,divinity_entrance_c15r13.tgm,Streaming/Content/data/balance/worldareas/72/mapuberboss_divinity.vworld,9341,209831
8bef82b60f320d46,divinity_entrance_c15r13.tgm.header,Tiny.V4,28417111,1443
921399e42cef9486,divinity_entrance_c15r14.tgm,Streaming/Content/data/balance/worldareas/2D/mapuberboss_ritual.vworld,5799,11123
28f447d691fc0336,divinity_entrance_c15r14.tgm.header,Tiny.V4,28418554,403
98689d12d911ef7a,divinity_entrance_c15r15.tgm,Streaming/Content/data/balance/worldareas/22/g2_9_1.vworld,597884,11897
24d138fc9cadb4bb,divinity_entrance_c15r15.tgm.header,Tiny.VF,28325536,443
01e61afcacd5c71e,divinity_entrance_c15r16.tgm,Streaming/Content/data/balance/worldareas/A1/mapuberboss_divinity.vworld,958763,166857
3ac4601814187c67,divinity_entrance_c15r16.tgm.header,Tiny.V8,28121597,843
d485b7f120e9112b,divinity_entrance_c15r17.tgm,Streaming/Content/data/balance/worldareas/E4/expeditionsubarea_blackknightboss.vworld,510518,21951
d73a96d43f4ff016,divinity_entrance_c15r17.tgm.header,Tiny.VA,28310062,264
6c8a4decf37599d5,divinity_entrance_c15r18.tgm,Streaming/Content/data/balance/worldareas/8D/g3_1.vworld,337324,21921
6faa09b5f3890e56,divinity_entrance_c15r18.tgm.header,Tiny.VE,27934219,264
55fff08b2fbddd07,divinity_entrance_c15r19.tgm,Streaming/Content/data/balance/worldareas/99/mapuberboss_divinity.vworld,0,35637
885913ce5cad5bcf,divinity_entrance_c15r19.tgm.header,Tiny.VF,28325979,264
73ccd198bbd290f8,divinity_entrance_c15r2.tgm,Tiny.V8,28122440,469
f565683637fc3b86,divinity_entrance_c15r2.tgm.header,Tiny.V3,27796848,264
0447712cc96eba59,divinity_entrance_c15r20.tgm,Streaming/Content/data/balance/worldareas/5A/mapuberboss_ritual.vworld,5511,27647
3389915229b93836,divinity_entrance_c15r20.tgm.header,Tiny.V9,28519806,264
3fc2bcd78543d6e5,divinity_entrance_c15r21.tgm,Tiny.V5,27637484,1137
426e78f830ba2c8e,divinity_entrance_c15r21.tgm.header,Tiny.VC,28308728,264
af5c06a2527fb768,divinity_entrance_c15r22.tgm,Tiny.VF,28326243,1003
d9cfa5c6685bcf22,divinity_entrance_c15r22.tgm.header,Tiny.V1,28071911,264
40d08566fa9142d5,divinity_entrance_c15r23.tgm,Tiny.V7,28085717,501
5399def50ceeb3d7,divinity_entrance_c15r23.tgm.header,Tiny.V1,28072175,264
6697a7ac96a8bfaa,divinity_entrance_c15r24.tgm,Streaming/Content/data/balance/worldareas/D1/mapuberboss_divinity.vworld,71961,9771
cb4ae3a658ab37b9,divinity_entrance_c15r24.tgm.header,Tiny.V2,28233366,264
b84942d7802d7f23,divinity_entrance_c14r3.tgm,Tiny.VC,28306170,1199
0376939606d1e28b,divinity_entrance_c14r3.tgm.header,Tiny.V2,28232699,264
3f45dc28c49f13e2,divinity_entrance_c14r4.tgm,Tiny.V6,28079328,1041
a982817076a1597f,divinity_entrance_c14r4.tgm.header,Tiny.V9,28518337,264
f1c59de15e78de94,divinity_entrance_c14r5.tgm,Tiny.V6,28080369,1237
925a410179575a7e,divinity_entrance_c14r5.tgm.header,Tiny.VA,28309534,264
4d2ebbf2fb93d3ab,divinity_entrance_c14r6.tgm,Tiny.V9,28518601,1205
3087468b16456dc0,divinity_entrance_c14r6.tgm.header,Tiny.VC,28307369,264
f2bed57782c844ce,divinity_entrance_c14r7.tgm,Tiny.VC,28307633,831
ebab952408024ffc,divinity_entrance_c14r7.tgm.header,Tiny.VC,28308464,264
3de2491b10aff7d3,divinity_entrance_c14r8.tgm,Tiny.V7,28084606,1111
0a2af758ef20fce7,divinity_entrance_c14r8.tgm.header,Tiny.VE,27932632,264
140f87544f1cd9f5,divinity_entrance_c14r9.tgm,Streaming/Content/data/balance/worldareas/B7/mapuberboss_divinity.vworld,621585,212181
a07bd5a7b766f186,divinity_entrance_c14r9.tgm.header,Tiny.VF,28324973,563
da2c6118a7cfcf46,divinity_entrance_c14r1.tgm,Tiny.VC,32537408,57
312a8639f60d13c1,divinity_entrance_c14r1.tgm.header,Tiny.V8,31983005,264
ca382e5ad99d8a46,divinity_entrance_c14r10.tgm,Streaming/Content/data/balance/worldareas/0E/mapuberboss_divinity.vworld,0,41227
9a5c9078695d18c8,divinity_entrance_c14r10.tgm.header,Tiny.V6,28077552,403
891571619e03b8c5,divinity_entrance_c14r11.tgm,Streaming/Content/data/balance/worldareas/6C/mapuberboss_divinity.vworld,2245122,60645
f4cfa4e76f5c23cf,divinity_entrance_c14r11.tgm.header,Tiny.VD,28130069,403
d85bc9b68d6782de,divinity_entrance_c14r12.tgm,Streaming/Content/data/balance/worldareas/4A/mapuberboss_divinity.vworld,15009,500061
c7416659a441aa27,divinity_entrance_c14r12.tgm.header,Tiny.VC,28304150,1243
6ef68f71e52a7da4,divinity_entrance_c14r13.tgm,Streaming/Content/data/balance/worldareas/70/mapuberboss_divinity.vworld,68024,550741
a29f6c52fccf3e30,divinity_entrance_c14r13.tgm.header,Tiny.VD,28130472,1563
d100ec1a917d0f61,divinity_entrance_c14r14.tgm,Streaming/Content/data/balance/worldareas/A5/mapuberboss_divinity.vworld,1516717,60915
73e7e557da211f1a,divinity_entrance_c14r14.tgm.header,Tiny.V5,27636002,403
601a682187b242a5,divinity_entrance_c14r15.tgm,Streaming/Content/data/balance/worldareas/E1/mapprecursortowerdesert.vworld,262582,47525
54b5eae4bdae66d3,divinity_entrance_c14r15.tgm.header,Tiny.VD,28132035,403
3d204a7d0b2404ce,divinity_entrance_c14r16.tgm,Streaming/Content/data/balance/worldareas/CF/mapmothersoul_male_quest.vworld,163546,223031
a6543627ab033d00,divinity_entrance_c14r16.tgm.header,Tiny.V1,28070121,603
48bedac5a2a50b1c,divinity_entrance_c14r17.tgm,Tiny.V6,28077955,1109
4c4c9a1b35980010,divinity_entrance_c14r17.tgm.header,Tiny.VF,28324709,264
6efb6db79db1ca1a,divinity_entrance_c14r18.tgm,Tiny.V8,28119909,1187
3fdedffa6cc5b9cf,divinity_entrance_c14r18.tgm.header,Tiny.VA,28309270,264
7e506322df445d42,divinity_entrance_c14r19.tgm,Tiny.V5,27636405,1079
fd2f04af0dc14a7a,divinity_entrance_c14r19.tgm.header,Tiny.VD,28132438,264
1de83cf26a7b2bf2,divinity_entrance_c14r2.tgm,Tiny.VC,28305393,513
ead515d506f11960,divinity_entrance_c14r2.tgm.header,Tiny.V6,28079064,264
d32a39525146c2c4,divinity_entrance_c14r20.tgm,Tiny.VB,28346026,1111
466dfcf75a9fc759,divinity_entrance_c14r20.tgm.header,Tiny.VC,28305906,264
8b35a235f528f1fb,divinity_entrance_c14r21.tgm,Tiny.V1,28070724,1187
7109519b83a98d9f,divinity_entrance_c14r21.tgm.header,Tiny.V2,28232435,264
1b18b02e22b88679,divinity_entrance_c14r22.tgm,Tiny.V7,28082915,1163
655a2d80368a1fbe,divinity_entrance_c14r22.tgm.header,Tiny.V7,28084078,264
c3558803df109ded,divinity_entrance_c14r23.tgm,Tiny.V8,28121096,501
d0a3907f6e63d882,divinity_entrance_c14r23.tgm.header,Tiny.V7,28084342,264
37c7ebd892189632,divinity_entrance_c14r24.tgm,Tiny.VC,32537408,57
017a236b7a3200ae,divinity_entrance_c14r24.tgm.header,Tiny.V8,31983005,264
541cfaa36d308dc6,divinity_entrance_c13r3.tgm,Tiny.V7,28081282,1105
912a2510d950ea8c,divinity_entrance_c13r3.tgm.header,Tiny.V7,28082387,264
c22d6f5ba0a6d36a,divinity_entrance_c13r4.tgm,Streaming/Content/data/balance/worldareas/64/mapuberboss_divinity.vworld,1027793,257519
0b902b5852518aa4,divinity_entrance_c13r4.tgm.header,Tiny.V9,28517974,363
b59dd70795139813,divinity_entrance_c13r5.tgm,Tiny.VA,28308191,1079
61e5b3eeba127378,divinity_entrance_c13r5.tgm.header,Tiny.VD,28129541,264
968bb5c376c233a8,divinity_entrance_c13r6.tgm,Tiny.V0,28380569,1219
e72c9969764e348a,divinity_entrance_c13r6.tgm.header,Tiny.V6,28077288,264
bcf70fd8057bc0b7,divinity_entrance_c13r7.tgm,Tiny.VC,28303293,857
fb65b4e8fe5119c2,divinity_entrance_c13r7.tgm.header,Tiny.VD,28129805,264
26be354d47f3b39b,divinity_entrance_c13r8.tgm,Tiny.VB,28344254,1129
490bb13d58f2c4e3,divinity_entrance_c13r8.tgm.header,Tiny.V7,28082651,264
be54c4ea70ff634b,divinity_entrance_c13r9.tgm,Streaming/Content/data/balance/worldareas/63/g2_9_1.vworld,41109,168511
23a61898b5213275,divinity_entrance_c13r9.tgm.header,Tiny.VB,28345383,643
d0ecbd8927315265,divinity_entrance_c13r1.tgm,Tiny.VC,32537408,57
46f01c7c19b9341f,divinity_entrance_c13r1.tgm.header,Tiny.V8,31983005,264
36f1d77d8915985d,divinity_entrance_c13r10.tgm,Streaming/Content/data/balance/worldareas/34/expeditionsubarea_blackknightboss.vworld,498303,43137
9a80a3889a8d3f22,divinity_entrance_c13r10.tgm.header,Tiny.V8,28118079,563
996aedd5a9ed2de6,divinity_entrance_c13r11.tgm,Streaming/Content/data/balance/worldareas/44/mapuberboss_divinity.vworld,90957,60181
cf858decedf03553,divinity_entrance_c13r11.tgm.header,Tiny.V5,27635399,603
9d98941c4ce39492,divinity_entrance_c13r12.tgm,Streaming/Content/data/balance/worldareas/24/g2_9_1.vworld,164483,216739
7f206234c7159601,divinity_entrance_c13r12.tgm.header,Tiny.V8,28118642,1003
8009210ba9b184a0,divinity_entrance_c13r13.tgm,Streaming/Content/data/balance/worldareas/9F/mapuberboss_divinity.vworld,1397622,226781
3f96e1686aa86f5a,divinity_entrance_c13r13.tgm.header,Tiny.VA,28306988,1203
1eae6a1b2359ba34,divinity_entrance_c13r14.tgm,Streaming/Content/data/balance/worldareas/35/mapgreenhouse.vworld,591514,61343
87f81094e18cd134,divinity_entrance_c13r14.tgm.header,Tiny.V4,28415945,603
7839e9ffb802d5e0,divinity_entrance_c13r15.tgm,Streaming/Content/data/balance/worldareas/D8/expeditionsubarea_blackknightboss.vworld,503217,49011
acd0715876fdbcee,divinity_entrance_c13r15.tgm.header,Tiny.V4,28416548,563
74c678862b977991,divinity_entrance_c13r16.tgm,Streaming/Content/data/balance/worldareas/18/mapuberboss_divinity.vworld,229427,177011
988d3f72adef613d,divinity_entrance_c13r16.tgm.header,Tiny.V2,28230429,723
1fe8923bcc85f48c,divinity_entrance_c13r17.tgm,Tiny.V9,28515244,1263
410b37fd1d1a1f4d,divinity_entrance_c13r17.tgm.header,Tiny.V8,28119645,264
01e7604c4d771f47,divinity_entrance_c13r18.tgm,Tiny.V2,28231152,1283
b6e14d47f69134cf,divinity_entrance_c13r18.tgm.header,Tiny.VD,28128302,264
9801890f580ae916,divinity_entrance_c13r19.tgm,Tiny.V9,28516507,1467
bd298316d83c2907,divinity_entrance_c13r19.tgm.header,Tiny.V7,28081018,264
66ed5334f12c29ea,divinity_entrance_c13r2.tgm,Tiny.VD,28128566,711
e32a0d219a707c08,divinity_entrance_c13r2.tgm.header,Tiny.VC,28302350,264
c4eca996b8d45a41,divinity_entrance_c13r20.tgm,Tiny.V6,28076063,1225
3d1c1ca2ee85cdf8,divinity_entrance_c13r20.tgm.header,Tiny.VD,28129277,264
772d88ce17b04e93,divinity_entrance_c13r21.tgm,Streaming/Content/data/balance/worldareas/66/mapuberboss_divinity.vworld,8959,3077013
0bf6ba1c76ec943b,divinity_entrance_c13r21.tgm.header,Content/data/balance/worldareas/mapravine.vworld,898289,6003
bfa0476f533bc495,divinity_entrance_c13r22.tgm,Tiny.VE,27931699,933
6bea35181a6fd569,divinity_entrance_c13r22.tgm.header,Tiny.V3,27796101,264
b5cc5623f5ee271e,divinity_entrance_c13r23.tgm,Tiny.VC,28302614,679
ee39326e3e340b3a,divinity_entrance_c13r23.tgm.header,Tiny.VB,28343990,264
971d340b92d76d30,divinity_entrance_c13r24.tgm,Tiny.VC,32537408,57
134c3bd3a4a09d02,divinity_entrance_c13r24.tgm.header,Tiny.V8,31983005,264
e99774e54ae937de,divinity_entrance_c12r3.tgm,Tiny.VF,28323668,1041
b8d3e47a43ce586f,divinity_entrance_c12r3.tgm.header,Tiny.VB,28343726,264
2128853570fd2c18,divinity_entrance_c12r4.tgm,Tiny.V0,28378635,1269
ce2439adf0651350,divinity_entrance_c12r4.tgm.header,Tiny.V2,28230165,264
1d72612cbf134ced,divinity_entrance_c12r5.tgm,Tiny.VD,28127273,1029
3d818d4871aade30,divinity_entrance_c12r5.tgm.header,Tiny.V8,28117287,264
27f051854554590c,divinity_entrance_c12r6.tgm,Tiny.V3,27795086,1015
94fd8fbc39d05d3f,divinity_entrance_c12r6.tgm.header,Tiny.VC,28301483,264
b6178974d2a2e514,divinity_entrance_c12r7.tgm,Tiny.V0,28379904,665
e46388f28bd44015,divinity_entrance_c12r7.tgm.header,Tiny.V8,28117551,264
34ab3c88f15cf0b6,divinity_entrance_c12r8.tgm,Streaming/Content/data/balance/worldareas/C0/mapuberboss_ritual.vworld,527645,7107
29a5a032d2a1d068,divinity_entrance_c12r8.tgm.header,Tiny.V8,28117815,264
15d836635f1c1851,divinity_entrance_c12r9.tgm,Streaming/Content/data/balance/worldareas/92/mapuberboss_divinity.vworld,14509,219905
3c9968956608a5bd,divinity_entrance_c12r9.tgm.header,Tiny.VC,28301747,603
7be223b9f52a5bf7,divinity_entrance_c12r1.tgm,Tiny.VC,32537408,57
a0bf3dc4feecde70,divinity_entrance_c12r1.tgm.header,Tiny.V8,31983005,264
5d7177c9121b6542,divinity_entrance_c12r10.tgm,Streaming/Content/data/balance/worldareas/BC/mapuberboss_divinity.vworld,353684,49483
af7afb5f2c947eb0,divinity_entrance_c12r10.tgm.header,Tiny.V7,28080655,363
5ccad0417c7bc2bd,divinity_entrance_c12r11.tgm,Streaming/Content/data/balance/worldareas/7F/mapuberboss_divinity.vworld,0,55373
d282dc75160624fb,divinity_entrance_c12r11.tgm.header,Tiny.V5,27633494,363
d97481ddde2748b9,divinity_entrance_c12r12.tgm,Streaming/Content/data/balance/worldareas/F9/mapuberboss_divinity.vworld,1402671,149627
8fed064d09107c56,divinity_entrance_c12r12.tgm.header,Tiny.VB,28342899,563
04fc5d3447e5e560,divinity_entrance_c12r13.tgm,Streaming/Content/data/balance/worldareas/B6/mapmothersoul_male_quest.vworld,736252,157537
fd4e0afdc58bdf34,divinity_entrance_c12r13.tgm.header,Tiny.VF,28321129,643
6bd2ebf06bfdd29a,divinity_entrance_c12r14.tgm,Streaming/Content/data/balance/worldareas/7C/mapuberboss_divinity.vworld,0,55843
d3b01beed5ba33fc,divinity_entrance_c12r14.tgm.header,Tiny.V5,27633857,363
2c159d04bd2ed596,divinity_entrance_c12r15.tgm,Streaming/Content/data/balance/worldareas/70/mapuberboss_divinity.vworld,13053,54971
b1977fb9d090bb60,divinity_entrance_c12r15.tgm.header,Tiny.VC,28301120,363
cdef951c88ba0584,divinity_entrance_c12r16.tgm,Streaming/Content/data/balance/worldareas/18/mapuberboss_divinity.vworld,0,229427
3c7497aa62e45ab7,divinity_entrance_c12r16.tgm.header,Tiny.VF,28321772,683
7101bd79c12580c1,divinity_entrance_c12r17.tgm,Streaming/Content/data/balance/worldareas/11/mapuberboss_divinity.vworld,1249860,7567
0df225fdc9f7892e,divinity_entrance_c12r17.tgm.header,Tiny.V5,27634220,264
2fa2c8b7f182bc28,divinity_entrance_c12r18.tgm,Tiny.V4,28414954,991
097f86712bea28be,divinity_entrance_c12r18.tgm.header,Tiny.VB,28343462,264
21a4d779ea08c886,divinity_entrance_c12r19.tgm,Tiny.VF,28322455,1213
d839f03ac3740d9b,divinity_entrance_c12r19.tgm.header,Tiny.VA,28305747,264
8f7cf238fc4cc8be,divinity_entrance_c12r2.tgm,Tiny.V0,28377563,577
c0dedaa81ae399af,divinity_entrance_c12r2.tgm.header,Tiny.V9,28514716,264
6d01ac82bb74c3bf,divinity_entrance_c12r20.tgm,Tiny.VE,27930848,851
27c44ad06f4d313e,divinity_entrance_c12r20.tgm.header,Tiny.V1,28069857,264
c6fa95f423c5a9db,divinity_entrance_c12r21.tgm,Tiny.V5,27634484,915
cb8a82010b2a801d,divinity_entrance_c12r21.tgm.header,Tiny.V9,28514980,264
47f1974d22508e30,divinity_entrance_c12r22.tgm,Tiny.VA,28306011,977
fbbce824a75c325b,divinity_entrance_c12r22.tgm.header,Tiny.V8,28117023,264
0c620d962d9e9ec9,divinity_entrance_c12r23.tgm,Tiny.V0,28378140,495
032ebd92bb8295fd,divinity_entrance_c12r23.tgm.header,Tiny.V6,28075799,264
56df28f40852e1a5,divinity_entrance_c12r24.tgm,Tiny.VC,32537408,57
45a8388b50d2d35a,divinity_entrance_c12r24.tgm.header,Tiny.V8,31983005,264
096e21f6f606bad2,divinity_entrance_c11r3.tgm,Streaming/Content/data/balance/worldareas/28/g2_9_1.vworld,440194,144715
12c50ff24f1654d4,divinity_entrance_c11r3.tgm.header,Tiny.VC,28300493,363
f5a4625c554d65c3,divinity_entrance_c11r4.tgm,Streaming/Content/data/balance/worldareas/D1/mapuberboss_divinity.vworld,0,71961
d78a1b44edd51279,divinity_entrance_c11r4.tgm.header,Tiny.V4,28414690,264
781c8f82970b4791,divinity_entrance_c11r5.tgm,Streaming/Content/data/balance/worldareas/23/mapuberboss_divinity.vworld,1330310,135779
ca19d557445ffc7a,divinity_entrance_c11r5.tgm.header,Tiny.V0,28376757,363
87b7f1306cd7b0b6,divinity_entrance_c11r6.tgm,Streaming/Content/data/balance/worldareas/4C/g3_1.vworld,765356,35661
0e2702f7c67bc1bd,divinity_entrance_c11r6.tgm.header,Tiny.VC,28300856,264
e0d9a4ae0bcb4c60,divinity_entrance_c11r7.tgm,Streaming/Content/data/balance/worldareas/DF/mapuberboss_divinity.vworld,69901,148789
f8f00aa4a871d2ec,divinity_entrance_c11r7.tgm.header,Tiny.V5,27633011,483
c29f84377d5918e5,divinity_entrance_c11r8.tgm,Streaming/Content/data/balance/worldareas/37/mapuberboss_divinity.vworld,1593865,197409
9cda96fc91fd6fc1,divinity_entrance_c11r8.tgm.header,Tiny.V0,28377120,443
3d09f3fb605fc9be,divinity_entrance_c11r9.tgm,Streaming/Content/data/balance/worldareas/74/mapuberboss_divinity.vworld,0,396841
00502dd4362fd9db,divinity_entrance_c11r9.tgm.header,Tiny.V9,28513553,1163
55f2efffacb9b1cc,divinity_entrance_c11r1.tgm,Streaming/Content/data/balance/worldareas/DF/mapuberboss_divinity.vworld,16972,52929
d1f77dfe6437ef1f,divinity_entrance_c11r1.tgm.header,Tiny.V6,28075476,323
f182b92af3d86e66,divinity_entrance_c11r10.tgm,Streaming/Content/data/balance/worldareas/C3/g2_2.vworld,468512,132925
9c9bd88e3dde15f6,divinity_entrance_c11r10.tgm.header,Tiny.V4,28413887,803
45727514007cbb69,divinity_entrance_c11r11.tgm,Streaming/Content/data/balance/worldareas/F8/mapuberboss_divinity.vworld,0,63859
83102d93313e65f4,divinity_entrance_c11r11.tgm.header,Tiny.V8,28114734,643
2aad4ef2f68d0bac,divinity_entrance_c11r12.tgm,Streaming/Content/data/balance/worldareas/E7/mapuberboss_divinity.vworld,26788,204641
1004eab746284bfb,divinity_entrance_c11r12.tgm.header,Tiny.VE,27929685,1163
c67b0694dfabd850,divinity_entrance_c11r13.tgm,Streaming/Content/data/balance/worldareas/D3/mapmothersoul_male_quest.vworld,243851,213035
b2c40952e8e6392e,divinity_entrance_c11r13.tgm.header,Tiny.V7,28078948,1443
f992fc17e2ab9ff2,divinity_entrance_c11r14.tgm,Streaming/Content/data/balance/worldareas/A4/mapuberboss_divinity.vworld,0,59049
f5bdd2ce380ed067,divinity_entrance_c11r14.tgm.header,Tiny.V8,28115377,563
189051adfc244180,divinity_entrance_c11r15.tgm,Streaming/Content/data/balance/worldareas/6D/mapuberboss_divinity.vworld,10701,135179
36b1f5baa6f3616a,divinity_entrance_c11r15.tgm.header,Tiny.VF,28319803,883
5c4262cc7f7ed081,divinity_entrance_c11r16.tgm,Streaming/Content/data/balance/worldareas/E0/mapuberboss_divinity.vworld,0,393931
0393d838a48edaee,divinity_entrance_c11r16.tgm.header,Tiny.V8,28115940,1083
7256bb44536e2484,divinity_entrance_c11r17.tgm,Streaming/Content/data/balance/worldareas/46/mapuberboss_divinity.vworld,0,177217
8310581233c65848,divinity_entrance_c11r17.tgm.header,Tiny.VF,28320686,443
a7996bb2ca0edd63,divinity_entrance_c11r18.tgm,Streaming/Content/data/balance/worldareas/9D/expeditionsubarea_blackknightboss.vworld,694220,161793
73f56611fdeaca37,divinity_entrance_c11r18.tgm.header,Tiny.VA,28305184,563
476f21f898927d2c,divinity_entrance_c11r19.tgm,Streaming/Content/data/balance/worldareas/AA/g2_9_1.vworld,399517,133771
3cc08bdad4f5539e,divinity_entrance_c11r19.tgm.header,Tiny.V5,27632688,323
38def1ce8dd476a5,divinity_entrance_c11r2.tgm,Streaming/Content/data/balance/worldareas/53/mapuberboss_divinity.vworld,44581,72479
46f2ecacf465ab6f,divinity_entrance_c11r2.tgm.header,Tiny.VB,28342635,264
ddc4306cab5adc9c,divinity_entrance_c11r20.tgm,Streaming/Content/data/balance/worldareas/F4/mapuberboss_divinity.vworld,1279083,196265
e8482cca61ca970c,divinity_entrance_c11r20.tgm.header,Tiny.V1,28069150,443
984d58b46f8ba643,divinity_entrance_c11r21.tgm,Streaming/Content/data/balance/worldareas/38/mapuberboss_divinity.vworld,323255,150193
86a18e19b50db110,divinity_entrance_c11r21.tgm.header,Tiny.V3,27794558,264
c0c1aa4eba85f941,divinity_entrance_c11r22.tgm,Streaming/Content/data/balance/worldareas/62/mapuberboss_divinity.vworld,12755,79919
6a10d1b887fd1aed,divinity_entrance_c11r22.tgm.header,Tiny.V7,28080391,264
f27882a86a72996c,divinity_entrance_c11r23.tgm,Tiny.V9,28512830,723
2144ab8de6b62346,divinity_entrance_c11r23.tgm.header,Tiny.V1,28069593,264
5f29efde119d4d6f,divinity_entrance_c11r24.tgm,Streaming/Content/data/balance/worldareas/E9/mapmothersoul_male_quest.vworld,67703,16111
3d7b81e2bb2de82f,divinity_entrance_c11r24.tgm.header,Tiny.V3,27794822,264
25dd302de012b891,divinity_entrance_c10r3.tgm,Streaming/Content/data/balance/worldareas/3E/mapuberboss_divinity.vworld,334509,50873
9d9e4f30764e6969,divinity_entrance_c10r3.tgm.header,Tiny.V0,28376493,264
7b32f5514cb2f16e,divinity_entrance_c10r4.tgm,Streaming/Content/data/balance/worldareas/8C/mapmothersoul_male_quest.vworld,56264,237767
afe92cd62e07368b,divinity_entrance_c10r4.tgm.header,Tiny.VA,28304541,643
0f75347e006e27fc,divinity_entrance_c10r5.tgm,Streaming/Content/data/balance/worldareas/85/mapuberboss_divinity.vworld,0,48657
cd4d2f203ee6468a,divinity_entrance_c10r5.tgm.header,Tiny.V2,28229901,264
5d2e2f8d465a9ab9,divinity_entrance_c10r6.tgm,Streaming/Content/data/balance/worldareas/EE/mapuberboss_divinity.vworld,1147285,12783
7502445faf12f7b6,divinity_entrance_c10r6.tgm.header,Tiny.V9,28512566,264
627728565c2cdce2,divinity_entrance_c10r7.tgm,Streaming/Content/data/balance/worldareas/25/mapuberboss_divinity.vworld,78129,50805
09c07de3ae5b6ad2,divinity_entrance_c10r7.tgm.header,Tiny.VB,28342371,264
7d481c4479bef7f7,divinity_entrance_c10r8.tgm,Streaming/Content/data/balance/worldareas/AA/g2_9_1.vworld,308056,91461
1ff1eb2b58aafd2f,divinity_entrance_c10r8.tgm.header,Tiny.VE,27929362,323
12b3a6ce62b96a0d,divinity_entrance_c10r9.tgm,Streaming/Content/data/balance/worldareas/75/mapuberboss_divinity.vworld,0,281003
25f025696975f2ba,divinity_entrance_c10r9.tgm.header,Tiny.V1,28068347,803
96e1ac55a52b9141,divinity_entrance_c10r1.tgm,Streaming/Content/data/balance/worldareas/D0/mapuberboss_divinity.vworld,12865,13123
768469ee9231934e,divinity_entrance_c10r1.tgm.header,Tiny.VB,28340517,264
c1ff66430ff11bce,divinity_entrance_c10r10.tgm,Streaming/Content/data/balance/worldareas/30/mapuberboss_divinity.vworld,10619,211931
3ea939d4e3086336,divinity_entrance_c10r10.tgm.header,Tiny.V8,28112568,1123
357cd1e1884b2420,divinity_entrance_c10r11.tgm,Streaming/Content/data/balance/worldareas/BE/mapuberboss_divinity.vworld,0,216407
400f4f2ef5597a79,divinity_entrance_c10r11.tgm.header,Tiny.V9,28509936,1043
eb6f21bb2f2a0f7c,divinity_entrance_c10r12.tgm,Streaming/Content/data/balance/worldareas/68/mapuberboss_divinity.vworld,21660,213201
5d7af4d06ccde555,divinity_entrance_c10r12.tgm.header,Tiny.V3,27792912,1083
cefd7c9157bf3583,divinity_entrance_c10r13.tgm,Streaming/Content/data/balance/worldareas/80/mapuberboss_divinity.vworld,15011,244353
8d81a905eaea3033,divinity_entrance_c10r13.tgm.header,Tiny.V9,28510979,1323
d275f0945c142f49,divinity_entrance_c10r14.tgm,Streaming/Content/data/balance/worldareas/ED/mapgreenhouse.vworld,622054,180113
9bef63cd6726e667,divinity_entrance_c10r14.tgm.header,Tiny.VB,28340781,803
86b1c2c56c1b4ec1,divinity_entrance_c10r15.tgm,Streaming/Content/data/balance/worldareas/C8/mapuberboss_divinity.vworld,0,200497
b9af39d47deea42a,divinity_entrance_c10r15.tgm.header,Tiny.V8,28113691,1043
94ff508a2a352ecc,divinity_entrance_c10r16.tgm,Streaming/Content/data/balance/worldareas/4C/g3_1.vworld,512859,252497
ec80dec9d4626b35,divinity_entrance_c10r16.tgm.header,Tiny.VA,28303554,723
9477f940ede5ac29,divinity_entrance_c10r17.tgm,Streaming/Content/data/balance/worldareas/D7/mapprecursortowerdesert.vworld,364095,93731
bdd6c38a1a713b92,divinity_entrance_c10r17.tgm.header,Tiny.VE,27929039,323
3b03b425bb920c1d,divinity_entrance_c10r18.tgm,Streaming/Content/data/balance/worldareas/91/mapuberboss_ritual.vworld,10224,81147
b4bf9c4b72edefbd,divinity_entrance_c10r18.tgm.header,Tiny.V0,28376170,323
9e6c13b8d25fa154,divinity_entrance_c10r19.tgm,Streaming/Content/data/balance/worldareas/21/g4_8a.vworld,243606,57793
7e1c6d45b8f86633,divinity_entrance_c10r19.tgm.header,Tiny.VA,28304277,264
dba87e330192d055,divinity_entrance_c10r2.tgm,Streaming/Content/data/balance/worldareas/28/g2_9_1.vworld,417525,22669
a4f91542431111ea,divinity_entrance_c10r2.tgm.header,Tiny.V9,28512302,264
57c01b507d90b0c5,divinity_entrance_c10r20.tgm,Streaming/Content/data/balance/worldareas/44/mapuberboss_divinity.vworld,0,90957
0d15757028c7f140,divinity_entrance_c10r20.tgm.header,Tiny.V7,28078684,264
21d94555dda5bd11,divinity_entrance_c10r21.tgm,Streaming/Content/data/balance/worldareas/3C/mapuberboss_divinity.vworld,0,67659
e13a364b2311b653,divinity_entrance_c10r21.tgm.header,Tiny.V6,28074948,264
f44e23909fa5d614,divinity_entrance_c10r22.tgm,Streaming/Content/data/balance/worldareas/F1/mapuberboss_divinity.vworld,0,228535
a271a3d454f78b61,divinity_entrance_c10r22.tgm.header,Tiny.V3,27793995,563
c3e1182cdd5be76d,divinity_entrance_c10r23.tgm,Tiny.VB,28341584,787
c1b0dd412c9e161a,divinity_entrance_c10r23.tgm.header,Tiny.V6,28075212,264
e6bc12c5c5d1fa90,divinity_entrance_c10r24.tgm,Tiny.VC,32537408,57
7ae2fbf650291aa4,divinity_entrance_c10r24.tgm.header,Tiny.V8,31983005,264
4e41b8af8bb9b155,divinity_entrance_c1r3.tgm,Tiny.V2,28243767,2537
b258c6e217f38bf2,divinity_entrance_c1r3.tgm.header,Tiny.V6,28085619,264
8b6b6dae14a3badf,divinity_entrance_c1r4.tgm,Streaming/Content/data/balance/worldareas/F1/mapuberboss_divinity.vworld,742888,348469
b04e5a593d6bc3de,divinity_entrance_c1r4.tgm.header,Tiny.VD,28137726,363
20fc8109ea7f53c5,divinity_entrance_c1r5.tgm,Tiny.V2,28246304,2665
750567f58015bf92,divinity_entrance_c1r5.tgm.header,Tiny.VF,28330869,264
b6a54ed3796c7410,divinity_entrance_c1r6.tgm,Tiny.V0,28394390,2277
a8e627e4f51a6475,divinity_entrance_c1r6.tgm.header,Tiny.V4,28422769,264
f3c9be0138df981e,divinity_entrance_c1r7.tgm,Tiny.VA,28311740,2645
5622a6538c95625b,divinity_entrance_c1r7.tgm.header,Tiny.VB,28355187,264
a4c0c620cefa5465,divinity_entrance_c1r8.tgm,Tiny.VF,28331133,2625
013a6d22d582bc8a,divinity_entrance_c1r8.tgm.header,Tiny.V4,28423033,264
b1e783d9e6906d58,divinity_entrance_c1r9.tgm,Tiny.VB,28355451,2675
cbc83e4e4c7aa03d,divinity_entrance_c1r9.tgm.header,Tiny.V5,27641945,264
814c0ca46cb1941d,divinity_entrance_c1r1.tgm,Tiny.VC,32537408,57
29342f2b9142edc8,divinity_entrance_c1r1.tgm.header,Tiny.V8,31983005,264
96966c78f7f35626,divinity_entrance_c1r10.tgm,Streaming/Content/data/balance/worldareas/60/mapuberboss_divinity.vworld,193189,271465
e3998c24e0c6c4f4,divinity_entrance_c1r10.tgm.header,Tiny.V8,28131351,883
4277a616aaa6a4dc,divinity_entrance_c1r11.tgm,Streaming/Content/data/balance/worldareas/F1/mapuberboss_divinity.vworld,228535,514353
c15582fcdea359a9,divinity_entrance_c1r11.tgm.header,Tiny.V1,28080798,1603
3d7a5c9c1f2c8d4b,divinity_entrance_c1r12.tgm,Streaming/Content/data/balance/worldareas/72/mapuberboss_divinity.vworld,219172,371265
6f53965631ad8bad,divinity_entrance_c1r12.tgm.header,Tiny.V2,28239326,1243
4c10064e4d933f37,divinity_entrance_c1r13.tgm,Streaming/Content/data/balance/worldareas/C2/mapuberboss_divinity.vworld,4801,318613
79cf6cb85a275af6,divinity_entrance_c1r13.tgm.header,Tiny.V8,28132234,1003
68dd4af5bc9f8144,divinity_entrance_c1r14.tgm,Streaming/Content/data/balance/worldareas/EC/mapuberboss_divinity.vworld,0,384001
496a423d22b4e8e2,divinity_entrance_c1r14.tgm.header,Tiny.VC,28312335,1363
9709987a5c157d2c,divinity_entrance_c1r15.tgm,Streaming/Content/data/balance/worldareas/64/mapuberboss_divinity.vworld,1285312,168893
7fd2ad331c157f6f,divinity_entrance_c1r15.tgm.header,Tiny.V8,28133237,843
f8208db01c2f727b,divinity_entrance_c1r16.tgm,Tiny.V2,28240569,2525
54180ffb05fc57c7,divinity_entrance_c1r16.tgm.header,Tiny.VC,28313698,264
af238ccc4071499e,divinity_entrance_c1r17.tgm,Tiny.V8,28134080,2709
c9e65325cbce297b,divinity_entrance_c1r17.tgm.header,Tiny.VE,27944366,264
94764643e1a1f470,divinity_entrance_c1r18.tgm,Tiny.V1,28082401,3051
9037c4d300265761,divinity_entrance_c1r18.tgm.header,Tiny.VA,28311476,264
74914733cd0e6a83,divinity_entrance_c1r19.tgm,Tiny.V0,28389278,2951
0c25849e4edaf186,divinity_entrance_c1r19.tgm.header,Tiny.VD,28137462,264
665cdba5cce7319a,divinity_entrance_c1r2.tgm,Tiny.V8,28136789,1631
a7b254d5261a9a9e,divinity_entrance_c1r2.tgm.header,Tiny.V6,28085355,264
4b030be0bb33c23f,divinity_entrance_c1r20.tgm,Tiny.VB,28351984,2939
dda38fd3c493310b,divinity_entrance_c1r20.tgm.header,Tiny.VB,28354923,264
b22654f4b5417c90,divinity_entrance_c1r21.tgm,Streaming/Content/data/balance/worldareas/2C/mapuberboss_divinity.vworld,0,2191907
945f6749b581c2b2,divinity_entrance_c1r21.tgm.header,Content/data/balance/worldareas/mapravine.vworld,904292,5083
dc56fa2fc0e0e6aa,divinity_entrance_c1r22.tgm,Tiny.V0,28392229,2161
38150cca4330d65a,divinity_entrance_c1r22.tgm.header,Tiny.V5,27641681,264
73664fade272976b,divinity_entrance_c1r23.tgm,Tiny.V2,28243094,673
58d4a846ac9dc1af,divinity_entrance_c1r23.tgm.header,Tiny.VE,27944630,264
c6704e4734e041f5,divinity_entrance_c1r24.tgm,Tiny.VC,32537408,57
72ca2dd1b05539e6,divinity_entrance_c1r24.tgm.header,Tiny.V8,31983005,264
75a5703e237bb56d,precursor_combinator_01_c9r2.tgm,Streaming/Content/data/balance/worldareas/1E/mapuberboss_divinity.vworld,967791,244363
04fff4551f5b16a8,precursor_combinator_01_c9r2.tgm.header,Tiny.VA,28371924,603
c57f537a9f40f20f,precursor_combinator_01_c9r3.tgm,Streaming/Content/data/balance/worldareas/B1/mapuberboss_divinity.vworld,0,720401
a128914f4b6a692a,precursor_combinator_01_c9r3.tgm.header,Tiny.V6,28156695,1170
9c429b8a9769ab5e,precursor_combinator_01_c9r4.tgm,Streaming/Content/data/balance/worldareas/C4/mapuberboss_divinity.vworld,7463173,522969
3e0ea935b9fc979e,precursor_combinator_01_c9r4.tgm.header,Tiny.VE,28004964,1570
a7356becbffd6c76,precursor_combinator_01_c9r5.tgm,Streaming/Content/data/balance/worldareas/4D/mapuberboss_divinity.vworld,152911,341721
b63b00283562c6c1,precursor_combinator_01_c9r5.tgm.header,Tiny.VA,28372527,970
e492472ee2296b8c,precursor_combinator_01_c9r6.tgm,Tiny.V0,28461623,3879
75139b9cbe724f16,precursor_combinator_01_c9r6.tgm.header,Tiny.VB,28400564,264
f45b273d1b040122,precursor_combinator_01_c9r7.tgm,Tiny.V1,28135974,3611
908bdc305806f5f3,precursor_combinator_01_c9r7.tgm.header,Tiny.V5,27695453,264
dfc3438b6caa1983,precursor_combinator_01_c9r8.tgm,Tiny.V0,28465502,3389
bd731ed209c37cd0,precursor_combinator_01_c9r8.tgm.header,Tiny.V2,28304452,264
f9008422ce8310b2,precursor_combinator_01_c9r9.tgm,Tiny.VB,28400828,3893
e48027b47da706b5,precursor_combinator_01_c9r9.tgm.header,Tiny.V7,28162083,264
7a20d7e4fc242228,precursor_combinator_01_c9r1.tgm,Tiny.V0,28455965,2289
5be123a5464589ae,precursor_combinator_01_c9r1.tgm.header,Tiny.V9,28578534,264
844fe35d9cbb5aad,precursor_combinator_01_c9r10.tgm,Streaming/Content/data/balance/worldareas/A5/mapuberboss_divinity.vworld,1612361,4109
b683912a6204102c,precursor_combinator_01_c9r10.tgm.header,Tiny.V9,28578798,264
7c1ac0071c2c3382,precursor_combinator_01_c9r11.tgm,Tiny.V2,28300455,3733
0005e8022cae3914,precursor_combinator_01_c9r11.tgm.header,Tiny.V4,28471033,264
e89af1f88b287bc9,precursor_combinator_01_c9r12.tgm,Tiny.VC,28369030,3565
a1e235d40ea76d97,precursor_combinator_01_c9r12.tgm.header,Tiny.VE,28002331,264
16c82fcc70fd7291,precursor_combinator_01_c9r13.tgm,Tiny.V6,28152878,3817
2c5230d8c45e2fd0,precursor_combinator_01_c9r13.tgm.header,Tiny.VC,28372595,264
da8af6e67b9ead53,precursor_combinator_01_c9r14.tgm,Tiny.VE,28002595,2369
bcaeb83ca34d99e3,precursor_combinator_01_c9r14.tgm.header,Tiny.V2,28304188,264
94ab430f22faca9d,precursor_combinator_01_c9r15.tgm,Tiny.V3,27864567,789
ba4b9c303a12928c,precursor_combinator_01_c9r15.tgm.header,Tiny.VD,28204772,264
a870d964fa6dd264,precursor_combinator_01_c9r16.tgm,Tiny.V0,28458254,3369
c4865d5dba9605bd,precursor_combinator_01_c9r16.tgm.header,Tiny.VB,28400300,264
c8202d28ec714835,precursor_combinator_01_c9r17.tgm,Tiny.VD,28205036,2429
ec835a49eaab213a,precursor_combinator_01_c9r17.tgm.header,Tiny.V4,28471297,264
a2d31caed75dcce9,precursor_combinator_01_c9r18.tgm,Streaming/Content/data/balance/worldareas/6C/mapuberboss_divinity.vworld,2305767,244297
4b6e3dc227b16cf1,precursor_combinator_01_c9r18.tgm.header,Tiny.VC,28372859,643
8794560f9b72ff1d,precursor_combinator_01_c8r2.tgm,Streaming/Content/data/balance/worldareas/41/mapuberboss_divinity.vworld,1022334,190319
ac968f0a9ad639c6,precursor_combinator_01_c8r2.tgm.header,Tiny.VC,28365822,283
02917625f76b49f9,precursor_combinator_01_c8r3.tgm,Streaming/Content/data/balance/worldareas/EC/mapuberboss_divinity.vworld,395216,272919
8868db6156c4c185,precursor_combinator_01_c8r3.tgm.header,Tiny.V4,28470463,570
dc8369a6b1d8ea2e,precursor_combinator_01_c8r4.tgm,Streaming/Content/data/balance/worldareas/3D/mapuberboss_divinity.vworld,3683832,1143923
b686bc9a3f5eedcc,precursor_combinator_01_c8r4.tgm.header,Tiny.V3,27863237,1330
cb4367f6df66d45a,precursor_combinator_01_c8r5.tgm,Streaming/Content/data/balance/worldareas/2E/mapuberboss_divinity.vworld,6066572,94879
b064db2743c9a4ff,precursor_combinator_01_c8r5.tgm.header,Tiny.V6,28149333,410
d019d1ed94c41d50,precursor_combinator_01_c8r6.tgm,Tiny.V6,28149743,3135
7a54f3757cfabf9b,precursor_combinator_01_c8r6.tgm.header,Tiny.VA,28371660,264
f417c8a74348b8bb,precursor_combinator_01_c8r7.tgm,Tiny.VC,28366105,2925
3102767dd96e3492,precursor_combinator_01_c8r7.tgm.header,Tiny.VB,28400036,264
bc8c13be947237b4,precursor_combinator_01_c8r8.tgm,Tiny.V7,28158816,3003
17e4d0963cc3c225,precursor_combinator_01_c8r8.tgm.header,Tiny.V7,28161819,264
c758d98b7a2de891,precursor_combinator_01_c8r9.tgm,Tiny.VD,28201859,2913
fb9612d7420d7d74,precursor_combinator_01_c8r9.tgm.header,Tiny.V0,28455701,264
d5e6c5457e1cc272,precursor_combinator_01_c8r1.tgm,Tiny.V7,28156133,2155
2b8ddeff1a7296fb,precursor_combinator_01_c8r1.tgm.header,Tiny.VA,28369789,264
a9364e9661db1ee0,precursor_combinator_01_c8r10.tgm,Tiny.V3,27859722,3251
a10a7484993eede5,precursor_combinator_01_c8r10.tgm.header,Tiny.VB,28399244,264
74715476aa3b0253,precursor_combinator_01_c8r11.tgm,Tiny.V9,28570892,3919
187843330b4cbc13,precursor_combinator_01_c8r11.tgm.header,Tiny.V7,28158288,264
9e6cc1c5cb098c9b,precursor_combinator_01_c8r12.tgm,Streaming/Content/data/balance/worldareas/23/mapuberboss_divinity.vworld,2211412,4111
8fc624a68513485a,precursor_combinator_01_c8r12.tgm.header,Tiny.VB,28399508,264
341914aa03cf1255,precursor_combinator_01_c8r13.tgm,Tiny.V9,28574811,3723
5c065b583430a8ad,precursor_combinator_01_c8r13.tgm.header,Tiny.VD,28201595,264
8ef5b30e7fa77e13,precursor_combinator_01_c8r14.tgm,Tiny.V4,28468262,1937
2403e05b5d313910,precursor_combinator_01_c8r14.tgm.header,Tiny.V4,28470199,264
a12bc19b764fa24a,precursor_combinator_01_c8r15.tgm,Tiny.V1,28135061,913
ea5ede960bd3658e,precursor_combinator_01_c8r15.tgm.header,Tiny.V3,27862973,264
15421ad5350bf7c7,precursor_combinator_01_c8r16.tgm,Tiny.VF,28400370,2739
5fb0a35a0ac666cc,precursor_combinator_01_c8r16.tgm.header,Tiny.V7,28158552,264
a650bd4515ab73c9,precursor_combinator_01_c8r17.tgm,Tiny.VA,28370053,1607
b030765b37a09359,precursor_combinator_01_c8r17.tgm.header,Tiny.VF,28403109,264
3ffcb55f1ae49b00,precursor_combinator_01_c8r18.tgm,Tiny.V8,28200128,1309
0449b7f61e9cdc84,precursor_combinator_01_c8r18.tgm.header,Tiny.VB,28399772,264
552a75722d038900,precursor_combinator_01_c7r2.tgm,Tiny.V2,28296701,1567
24f06843c0919d9f,precursor_combinator_01_c7r2.tgm.header,Tiny.V6,28148805,264
0a733bee3a962a35,precursor_combinator_01_c7r3.tgm,Streaming/Content/data/balance/worldareas/1F/mapuberboss_divinity.vworld,8603,233003
418f9277ee418e74,precursor_combinator_01_c7r3.tgm.header,Tiny.V9,28570609,283
62ea7db09700ada3,precursor_combinator_01_c7r4.tgm,Streaming/Content/data/balance/worldareas/DC/mapport.vworld,313535,39371
75e606428483bd01,precursor_combinator_01_c7r4.tgm.header,Tiny.VA,28369499,290
cec79da4c46a5a9a,precursor_combinator_01_c7r5.tgm,Streaming/Content/data/balance/worldareas/5E/mapuberboss_divinity.vworld,1257175,221357
2a1b9c44cb86b615,precursor_combinator_01_c7r5.tgm.header,Tiny.V7,28155339,530
7358392feeb012fb,precursor_combinator_01_c7r6.tgm,Streaming/Content/data/balance/worldareas/8A/mapgeode.vworld,800628,6405
96fff8e939d0573d,precursor_combinator_01_c7r6.tgm.header,Tiny.V4,28467998,264
0c530f1a1d36b9cb,precursor_combinator_01_c7r7.tgm,Tiny.V2,28298268,2187
28fb01334b714103,precursor_combinator_01_c7r7.tgm.header,Tiny.V0,28455437,264
21c8bfd59bc9d9ac,precursor_combinator_01_c7r8.tgm,Tiny.VE,27999938,2393
25191a903d372b4c,precursor_combinator_01_c7r8.tgm.header,Tiny.V6,28149069,264
ab488f5e6ed2107f,precursor_combinator_01_c7r9.tgm,Tiny.VF,28398093,2277
f37f1fe9c4251589,precursor_combinator_01_c7r9.tgm.header,Tiny.V7,28155869,264
bc10fcfb752db051,precursor_combinator_01_c7r1.tgm,Tiny.V3,27857777,1945
4f73e19b4bb88a4a,precursor_combinator_01_c7r1.tgm.header,Tiny.V2,28296173,264
71ad6e4620667edb,precursor_combinator_01_c7r10.tgm,Tiny.V6,28145900,2905
33c9947f992c2443,precursor_combinator_01_c7r10.tgm.header,Tiny.VF,28395000,264
acdc5dec600385e4,precursor_combinator_01_c7r11.tgm,Tiny.VF,28395264,2829
192b7c3894c704ea,precursor_combinator_01_c7r11.tgm.header,Tiny.V7,28153422,264
946bc85b8ff49d7d,precursor_combinator_01_c7r12.tgm,Tiny.V8,28195469,2435
7f473a748e53a200,precursor_combinator_01_c7r12.tgm.header,Tiny.V9,28570345,264
90996640bb2d45e3,precursor_combinator_01_c7r13.tgm,Tiny.VE,27997833,2105
9680814576efa2ad,precursor_combinator_01_c7r13.tgm.header,Tiny.V0,28454576,264
271e06433bcfd9d1,precursor_combinator_01_c7r14.tgm,Tiny.V8,28197904,975
c412950f864da4b0,precursor_combinator_01_c7r14.tgm.header,Tiny.V9,28569817,264
fda411197725c080,precursor_combinator_01_c7r15.tgm,Tiny.V7,28153686,1653
41dd583bbe6e3120,precursor_combinator_01_c7r15.tgm.header,Tiny.VD,28201067,264
bd7ffb9d331dbab4,precursor_combinator_01_c7r16.tgm,Tiny.VC,28364011,1811
cc8da95160e6c392,precursor_combinator_01_c7r16.tgm.header,Tiny.V8,28198879,264
1fad3f929eead37c,precursor_combinator_01_c7r17.tgm,Tiny.V8,28199143,985
2faef9c1c94f9a49,precursor_combinator_01_c7r17.tgm.header,Tiny.V2,28296437,264
a7a509ff36d80579,precursor_combinator_01_c7r18.tgm,Tiny.V0,28454840,597
170424c5d84ba92b,precursor_combinator_01_c7r18.tgm.header,Tiny.VD,28201331,264
d77261a2b6759e4a,precursor_combinator_01_c6r2.tgm,Tiny.V6,28144305,1595
6e3c59a012e6970a,precursor_combinator_01_c6r2.tgm.header,Tiny.VE,27996222,264
5df696beb87f7b64,precursor_combinator_01_c6r3.tgm,Tiny.VE,27996486,1347
0057a1b9125d1625,precursor_combinator_01_c6r3.tgm.header,Tiny.V0,28452455,264
3e87cc2ad4671cc7,precursor_combinator_01_c6r4.tgm,Streaming/Content/data/balance/worldareas/37/mapuberboss_divinity.vworld,1893525,75585
24fb1fe21009243c,precursor_combinator_01_c6r4.tgm.header,Tiny.V1,28132718,410
b87ac11e1ce22ac1,precursor_combinator_01_c6r5.tgm,Streaming/Content/data/balance/worldareas/08/mapuberboss_divinity.vworld,398842,427191
66dba3472bd492d2,precursor_combinator_01_c6r5.tgm.header,Tiny.V8,28194715,490
6d0af00d174104ae,precursor_combinator_01_c6r6.tgm,Tiny.V0,28452719,1857
8e55b32a63dfa717,precursor_combinator_01_c6r6.tgm.header,Tiny.VA,28369235,264
2abeacd6d2182cc1,precursor_combinator_01_c6r7.tgm,Tiny.V5,27693346,2107
930d100fce396327,precursor_combinator_01_c6r7.tgm.header,Tiny.V1,28133128,264
53d9eb6d1665dbfe,precursor_combinator_01_c6r8.tgm,Tiny.VF,28392997,2003
74cdd368fb52a18a,precursor_combinator_01_c6r8.tgm.header,Tiny.V8,28195205,264
3cdc55f594fd7962,precursor_combinator_01_c6r9.tgm,Tiny.V1,28133392,1669
b28537fbb8a79054,precursor_combinator_01_c6r9.tgm.header,Tiny.V2,28295909,264
c899777cbc831463,precursor_combinator_01_c6r1.tgm,Tiny.V3,27855947,1125
97d434e794f84c15,precursor_combinator_01_c6r1.tgm.header,Tiny.VF,28392469,264
acad320b0f35e198,precursor_combinator_01_c6r10.tgm,Tiny.VC,28362100,1911
667047fba98cf3b5,precursor_combinator_01_c6r10.tgm.header,Tiny.V5,27692818,264
f976cb6658e2babf,precursor_combinator_01_c6r11.tgm,Tiny.V4,28463573,1921
b9e3e6c9f47bc56e,precursor_combinator_01_c6r11.tgm.header,Tiny.V4,28465494,264
c8223b6ea9666830,precursor_combinator_01_c6r12.tgm,Tiny.VA,28366874,2097
3102d94a4d3a449c,precursor_combinator_01_c6r12.tgm.header,Tiny.VF,28392733,264
e227e50630353c08,precursor_combinator_01_c6r13.tgm,Tiny.V6,28142620,1685
b26744b08bcf8bd7,precursor_combinator_01_c6r13.tgm.header,Tiny.VA,28368971,264
a19e1d2a55117242,precursor_combinator_01_c6r14.tgm,Tiny.VB,28398269,975
a28ec1064c624477,precursor_combinator_01_c6r14.tgm.header,Tiny.V9,28569817,264
8242879750c5c77c,precursor_combinator_01_c6r15.tgm,Tiny.V1,28130055,2663
7915b834b0fce264,precursor_combinator_01_c6r15.tgm.header,Tiny.V8,28194451,264
71e727e5ca83d1ae,precursor_combinator_01_c6r16.tgm,Tiny.V4,28465758,1023
5b65fbd5a64cf0f1,precursor_combinator_01_c6r16.tgm.header,Tiny.V4,28466781,264
775eb6d024780b3e,precursor_combinator_01_c6r17.tgm,Tiny.V4,28467045,953
b279b930afb587b0,precursor_combinator_01_c6r17.tgm.header,Tiny.V9,28570081,264
49b2be628a1f5609,precursor_combinator_01_c6r18.tgm,Tiny.V3,27857072,705
44fe88d519011ea0,precursor_combinator_01_c6r18.tgm.header,Tiny.V5,27693082,264
b74ddeada960e345,precursor_combinator_01_c5r2.tgm,Tiny.V8,28190168,2181
9e4112946ae04db3,precursor_combinator_01_c5r2.tgm.header,Tiny.VF,28391941,264
b0bbde09e273e24d,precursor_combinator_01_c5r3.tgm,Tiny.VC,28358948,1519
ff773f937d9fa4fb,precursor_combinator_01_c5r3.tgm.header,Tiny.V0,28451056,264
893ad8d21640cf5f,precursor_combinator_01_c5r4.tgm,Tiny.V8,28192349,603
71e7ddd940b53a2b,precursor_combinator_01_c5r4.tgm.header,Tiny.V1,28129263,264
522fbc29cd07d692,precursor_combinator_01_c5r5.tgm,Tiny.V0,28451320,1135
9b78c06945a0e112,precursor_combinator_01_c5r5.tgm.header,Tiny.V9,28569553,264
976a2e76bbb9953f,precursor_combinator_01_c5r6.tgm,Tiny.VD,28199192,1611
41e9894111f31b43,precursor_combinator_01_c5r6.tgm.header,Tiny.V7,28153158,264
6df1f3b62258c4d6,precursor_combinator_01_c5r7.tgm,Tiny.VA,28365023,1851
2fc3511aefd445b9,precursor_combinator_01_c5r7.tgm.header,Tiny.V6,28142356,264
bb207621543777a3,precursor_combinator_01_c5r8.tgm,Tiny.VC,28360467,1633
022e28d606563589,precursor_combinator_01_c5r8.tgm.header,Tiny.VD,28200803,264
cb9213e7467eba8d,precursor_combinator_01_c5r9.tgm,Tiny.V8,28192952,1499
7618ad5eb56b3adc,precursor_combinator_01_c5r9.tgm.header,Tiny.VF,28392205,264
7190b93e441e3592,precursor_combinator_01_c5r1.tgm,Tiny.V2,28293944,1965
b63876342ecc7e8d,precursor_combinator_01_c5r1.tgm.header,Tiny.V0,28450264,264
29798c8ff4a8e91a,precursor_combinator_01_c5r10.tgm,Tiny.V3,27854190,1757
93207ea4c63d0f0a,precursor_combinator_01_c5r10.tgm.header,Tiny.VE,27995430,264
104e184d6c146e06,precursor_combinator_01_c5r11.tgm,Tiny.VA,28362149,1527
4f8628f03212a9d8,precursor_combinator_01_c5r11.tgm.header,Tiny.V4,28463309,264
14ff9bf75d2065cc,precursor_combinator_01_c5r12.tgm,Tiny.V6,28141019,1337
bfd34d4774c6a319,precursor_combinator_01_c5r12.tgm.header,Tiny.V8,28189904,264
7ddf13729dc45cda,precursor_combinator_01_c5r13.tgm,Tiny.VD,28197606,665
abac7e1c7d7624c1,precursor_combinator_01_c5r13.tgm.header,Tiny.VA,28339113,264
1f8fae8d9bb37d21,precursor_combinator_01_c5r14.tgm,Tiny.VB,28396280,1989
b96b8750994c0b60,precursor_combinator_01_c5r14.tgm.header,Tiny.V0,28450528,264
b767114928194760,precursor_combinator_01_c5r15.tgm,Tiny.V7,28150443,2715
5b1ca8e4d246b9bf,precursor_combinator_01_c5r15.tgm.header,Tiny.V0,28450792,264
aa1bbceb1d3c3d0f,precursor_combinator_01_c5r16.tgm,Tiny.VA,28363676,1347
f4bbb0595354b89f,precursor_combinator_01_c5r16.tgm.header,Tiny.VE,27995694,264
5b833b53108894bb,precursor_combinator_01_c5r17.tgm,Streaming/Content/data/balance/worldareas/07/mapuberboss_divinity.vworld,1135963,201705
fe3041d9a0ca7160,precursor_combinator_01_c5r17.tgm.header,Tiny.VF,28391538,403
0c4bd329185c4aeb,precursor_combinator_01_c5r18.tgm,Tiny.VD,28198271,921
1a5ca96a71c4f78d,precursor_combinator_01_c5r18.tgm.header,Tiny.VE,27995958,264
f1c20f749e8dd758,precursor_combinator_01_c4r2.tgm,Tiny.V9,28566637,2251
3aef1c88faf51ff0,precursor_combinator_01_c4r2.tgm.header,Tiny.VB,28396016,264
4eb72e0a89aaf24e,precursor_combinator_01_c4r3.tgm,Tiny.V6,28136843,2085
a5caeac24fb6a74d,precursor_combinator_01_c4r3.tgm.header,Tiny.V1,28129791,264
f05652780988d897,precursor_combinator_01_c4r4.tgm,Tiny.V6,28138928,2091
5443ccb677198d8d,precursor_combinator_01_c4r4.tgm.header,Tiny.V3,27852605,264
4e38dbe77a3ee799,precursor_combinator_01_c4r5.tgm,Tiny.V7,28149452,727
2d074cfe5466fe4c,precursor_combinator_01_c4r5.tgm.header,Tiny.VF,28389933,264
07d031abfdd0e067,precursor_combinator_01_c4r6.tgm,Tiny.V9,28568888,665
38f1fa2c8cc36bd1,precursor_combinator_01_c4r6.tgm.header,Tiny.VA,28339113,264
94b8b609f27ee4d4,precursor_combinator_01_c4r7.tgm,Tiny.VD,28196565,1041
85a69772a05ef20e,precursor_combinator_01_c4r7.tgm.header,Tiny.V8,28189640,264
5511638d0b6439cc,precursor_combinator_01_c4r8.tgm,Tiny.V3,27852869,1057
9206e517b4854dc0,precursor_combinator_01_c4r8.tgm.header,Tiny.V7,28150179,264
b1741d889ddaa5da,precursor_combinator_01_c4r9.tgm,Tiny.VE,27994551,879
05db9d728e4a4278,precursor_combinator_01_c4r9.tgm.header,Tiny.V3,27853926,264
be1f8b964cde30fc,precursor_combinator_01_c4r1.tgm,Tiny.VC,28356164,1869
e8b65330195c41c1,precursor_combinator_01_c4r1.tgm.header,Tiny.V7,28148660,264
cd4c9b264e17e622,precursor_combinator_01_c4r10.tgm,Tiny.VB,28394679,1073
bcd4b48b6d8e5082,precursor_combinator_01_c4r10.tgm.header,Tiny.V0,28450000,264
f901e5bb8a828c35,precursor_combinator_01_c4r11.tgm,Tiny.V6,28136116,727
8265fd9797971975,precursor_combinator_01_c4r11.tgm.header,Tiny.VF,28389933,264
4f29260ed08430e3,precursor_combinator_01_c4r12.tgm,Tiny.V5,27692029,789
6fdc82e4ea801a5c,precursor_combinator_01_c4r12.tgm.header,Tiny.VD,28204772,264
0ea1874805e60f6f,precursor_combinator_01_c4r13.tgm,Tiny.VD,28194608,1957
13aa89be59bb323f,precursor_combinator_01_c4r13.tgm.header,Tiny.V7,28148924,264
93db1073e3eb970a,precursor_combinator_01_c4r14.tgm,Streaming/Content/data/balance/worldareas/BE/mapuberboss_divinity.vworld,504361,581425
cfc5f9401ee939a4,precursor_combinator_01_c4r14.tgm.header,Tiny.V4,28461602,1443
722b5cd5ea121361,precursor_combinator_01_c4r15.tgm,Tiny.VF,28390197,1341
3354ef3b20267cec,precursor_combinator_01_c4r15.tgm.header,Tiny.V7,28149188,264
c8ea47945232d766,precursor_combinator_01_c4r16.tgm,Tiny.V2,28292323,1621
aa8e7f5d2a5d406f,precursor_combinator_01_c4r16.tgm.header,Tiny.VB,28395752,264
56ef131dd3e3d2f3,precursor_combinator_01_c4r17.tgm,Tiny.VC,28358033,915
2b6bb887f3d357e7,precursor_combinator_01_c4r17.tgm.header,Tiny.V1,28129527,264
da2d8240738d6673,precursor_combinator_01_c4r18.tgm,Tiny.V3,27851938,667
e83f941a056e768c,precursor_combinator_01_c4r18.tgm.header,Tiny.V4,28463045,264
28f850141f75e236,precursor_combinator_01_c3r2.tgm,Tiny.V8,28187955,1685
8a32e49f6431a484,precursor_combinator_01_c3r2.tgm.header,Tiny.VD,28194344,264
c462c2fcf3707b70,precursor_combinator_01_c3r3.tgm,Tiny.V1,28127986,1277
db18ce265c20542d,precursor_combinator_01_c3r3.tgm.header,Tiny.VC,28355636,264
4a0b10b8af916fb3,precursor_combinator_01_c3r4.tgm,Tiny.VB,28392104,2575
f0d823bfa0161756,precursor_combinator_01_c3r4.tgm.header,Tiny.V7,28145657,264
d94d396bb4d4b7e9,precursor_combinator_01_c3r5.tgm,Tiny.V7,28145921,2739
35179e2dbcaa6544,precursor_combinator_01_c3r5.tgm.header,Tiny.VC,28355900,264
267c1cd373efc825,precursor_combinator_01_c3r6.tgm,Tiny.VA,28360426,1723
47bed4860747ab92,precursor_combinator_01_c3r6.tgm.header,Tiny.VF,28389190,264
44095666a173cf08,precursor_combinator_01_c3r7.tgm,Tiny.VE,27993469,479
a6165f42684cc205,precursor_combinator_01_c3r7.tgm.header,Tiny.V0,28449208,264
a279efc35144c5c7,precursor_combinator_01_c3r8.tgm,Tiny.VE,27993948,603
04248d339565db96,precursor_combinator_01_c3r8.tgm.header,Tiny.V1,28129263,264
19ee36a8d2bd112b,precursor_combinator_01_c3r9.tgm,Tiny.VF,28389454,479
03bde1af3ed0f189,precursor_combinator_01_c3r9.tgm.header,Tiny.V0,28449208,264
15fb965bd7cb8591,precursor_combinator_01_c3r1.tgm,Tiny.V9,28563852,2257
a8d92fdd7d9767f8,precursor_combinator_01_c3r1.tgm.header,Tiny.V9,28566109,264
4fae43b1d25cb9df,precursor_combinator_01_c3r10.tgm,Tiny.V4,28459916,479
c746ce42ae42a894,precursor_combinator_01_c3r10.tgm.header,Tiny.V0,28449208,264
4a2b8838c8049024,precursor_combinator_01_c3r11.tgm,Tiny.V3,27848062,1519
e10db73bcaf79b13,precursor_combinator_01_c3r11.tgm.header,Tiny.V8,28187691,264
ee84a07cc6abcfac,precursor_combinator_01_c3r12.tgm,Tiny.V3,27849581,2357
4e223a42d93a7dcb,precursor_combinator_01_c3r12.tgm.header,Tiny.V5,27690622,264
c3378af2dd4f0211,precursor_combinator_01_c3r13.tgm,Tiny.VD,28192113,2231
8704ed97c0493a5b,precursor_combinator_01_c3r13.tgm.header,Tiny.V0,28449472,264
ef9cae82bca65ad6,precursor_combinator_01_c3r14.tgm,Tiny.V5,27690886,1143
a3d3dd6a9d2fe7ce,precursor_combinator_01_c3r14.tgm.header,Tiny.V9,28566373,264
825bb721ae380d97,precursor_combinator_01_c3r15.tgm,Tiny.V7,28144274,1119
3b21d295afe006cf,precursor_combinator_01_c3r15.tgm.header,Tiny.V6,28135185,264
e403180f4b94b1fc,precursor_combinator_01_c3r16.tgm,Tiny.V4,28460395,1207
5af486e2a489f073,precursor_combinator_01_c3r16.tgm.header,Tiny.V2,28292059,264
1d54fc1c94191143,precursor_combinator_01_c3r17.tgm,Tiny.V1,28126715,1271
8ccea72555b9c534,precursor_combinator_01_c3r17.tgm.header,Tiny.V0,28449736,264
12950934859a65d7,precursor_combinator_01_c3r18.tgm,Tiny.V6,28135449,667
d2015cfea5eab980,precursor_combinator_01_c3r18.tgm.header,Tiny.V7,28145393,264
5da17a0ce6b256f0,precursor_combinator_01_c2r2.tgm,Tiny.VF,28388491,699
ceb7d05d9f2eb20d,precursor_combinator_01_c2r2.tgm.header,Tiny.V5,27690358,264
1926e36bfa32672b,precursor_combinator_01_c2r3.tgm,Tiny.V0,28446110,1017
e79a812a9e669369,precursor_combinator_01_c2r3.tgm.header,Tiny.V9,28563588,264
fda663ef3626cfa8,precursor_combinator_01_c2r4.tgm,Tiny.VA,28359549,877
87c6e501da9086dc,precursor_combinator_01_c2r4.tgm.header,Tiny.VE,27993205,264
3d23a2e841c4f39f,precursor_combinator_01_c2r5.tgm,Tiny.V6,28134340,845
32a4c9689f7d773a,precursor_combinator_01_c2r5.tgm.header,Tiny.V1,28126187,264
cb0ee1fd93050eda,precursor_combinator_01_c2r6.tgm,Tiny.V2,28288653,1709
4bd6eef70fc1211c,precursor_combinator_01_c2r6.tgm.header,Tiny.V0,28447127,264
b755988f9a420c1e,precursor_combinator_01_c2r7.tgm,Tiny.VC,28353927,1709
c24b82648b7cfe23,precursor_combinator_01_c2r7.tgm.header,Tiny.V1,28126451,264
69b2be6a4684d5c5,precursor_combinator_01_c2r8.tgm,Tiny.V0,28447391,1817
c5032cae6212da2f,precursor_combinator_01_c2r8.tgm.header,Tiny.VD,28191849,264
f50f056fce99bb3a,precursor_combinator_01_c2r9.tgm,Tiny.V2,28290362,1697
bc74b068c80944bc,precursor_combinator_01_c2r9.tgm.header,Tiny.VB,28391840,264
c4842578bb102ef5,precursor_combinator_01_c2r1.tgm,Tiny.VB,28389977,1335
f3cbbf03ea71f1b0,precursor_combinator_01_c2r1.tgm.header,Tiny.VB,28391312,264
b7bf1e3f846b3c08,precursor_combinator_01_c2r10.tgm,Tiny.VD,28190076,1773
724d6b2d19782b66,precursor_combinator_01_c2r10.tgm.header,Tiny.V0,28444931,264
23f859ff9c63732b,precursor_combinator_01_c2r11.tgm,Tiny.V7,28141424,1773
ce99dc2ab38e19ad,precursor_combinator_01_c2r11.tgm.header,Tiny.VA,28359285,264
13aa1c4960dee30c,precursor_combinator_01_c2r12.tgm,Tiny.V6,28133463,877
f92c76e85b773d4c,precursor_combinator_01_c2r12.tgm.header,Tiny.V7,28143197,264
df9d715eca6e8e07,precursor_combinator_01_c2r13.tgm,Tiny.V4,28457860,877
a21a61a9b1d38d79,precursor_combinator_01_c2r13.tgm.header,Tiny.V8,28187163,264
a42a2245f437560b,precursor_combinator_01_c2r14.tgm,Tiny.V0,28445195,915
dba1b07a50e104ef,precursor_combinator_01_c2r14.tgm.header,Tiny.V4,28458737,264
5f7c8669ed55a925,precursor_combinator_01_c2r15.tgm,Tiny.V7,28143461,813
079fb608e9e44fa0,precursor_combinator_01_c2r15.tgm.header,Tiny.V8,28187427,264
30dd9596894e3dd7,precursor_combinator_01_c2r16.tgm,Tiny.VF,28387728,763
883179b569641fd2,precursor_combinator_01_c2r16.tgm.header,Tiny.VE,27992941,264
c9a0e15c6bc1e210,precursor_combinator_01_c2r17.tgm,Tiny.V4,28459001,915
5480d86056facf59,precursor_combinator_01_c2r17.tgm.header,Tiny.V3,27846991,264
99d2287a6145e9d7,precursor_combinator_01_c2r18.tgm,Tiny.V3,27847255,807
3f40453aa8433daa,precursor_combinator_01_c2r18.tgm.header,Tiny.VB,28391576,264
f39be3d9a99048a6,precursor_combinator_01_c18r2.tgm,Tiny.VD,28186420,1691
ac834cc389d0898b,precursor_combinator_01_c18r2.tgm.header,Tiny.V4,28457068,264
8177ae0064b90bc3,precursor_combinator_01_c18r3.tgm,Tiny.V9,28561379,1945
79668eb0d982683d,precursor_combinator_01_c18r3.tgm.header,Tiny.VD,28188111,264
0e0ef1e7a20ca75a,precursor_combinator_01_c18r4.tgm,Tiny.V1,28121384,1901
4c763df75536b19f,precursor_combinator_01_c18r4.tgm.header,Tiny.V6,28131013,264
62e321d2a6bd2324,precursor_combinator_01_c18r5.tgm,Tiny.V8,28182776,1367
c73910bb06cdb180,precursor_combinator_01_c18r5.tgm.header,Tiny.V5,27687704,264
b1ca8f684285b168,precursor_combinator_01_c18r6.tgm,Tiny.VA,28356599,1297
db328ee001670e96,precursor_combinator_01_c18r6.tgm.header,Tiny.VE,27992677,264
b52e7546116e88c4,precursor_combinator_01_c18r7.tgm,Tiny.V2,28287264,1125
f126e4b1f011016e,precursor_combinator_01_c18r7.tgm.header,Tiny.VC,28351903,264
a87f104765c35df0,precursor_combinator_01_c18r8.tgm,Streaming/Content/data/balance/worldareas/8B/mapuberboss_delirium.vworld,350779,26535
8b431847c59eb59f,precursor_combinator_01_c18r8.tgm.header,Tiny.V8,28184143,264
d8807c28d8153ffe,precursor_combinator_01_c18r9.tgm,Streaming/Content/data/balance/worldareas/00/g2_9_1.vworld,442873,23093
b5dc06b05b3fe5df,precursor_combinator_01_c18r9.tgm.header,Tiny.V9,28563324,264
eb61069097d107c9,precursor_combinator_01_c18r1.tgm,Tiny.VD,28184719,1437
98d7968f56ee5feb,precursor_combinator_01_c18r1.tgm.header,Tiny.VF,28386672,264
124f98f4dcb4fdb6,precursor_combinator_01_c18r10.tgm,Tiny.V3,27845005,597
dd4066792c6f5cf8,precursor_combinator_01_c18r10.tgm.header,Tiny.V3,27845602,264
4aa2323199bbf658,precursor_combinator_01_c18r11.tgm,Tiny.V1,28118677,737
6bbfda55059da968,precursor_combinator_01_c18r11.tgm.header,Tiny.V2,28285983,264
a0ab317a26df00b1,precursor_combinator_01_c18r12.tgm,Tiny.V8,28181689,1087
907a975000eaf10e,precursor_combinator_01_c18r12.tgm.header,Tiny.VB,28388976,264
426726fd2f76ab6b,precursor_combinator_01_c18r13.tgm,Tiny.V1,28119414,1055
8613269d93526f3e,precursor_combinator_01_c18r13.tgm.header,Tiny.V5,27687176,264
fb85f1800c9ab381,precursor_combinator_01_c18r14.tgm,Tiny.V1,28120469,915
5a23f7b01295a8e9,precursor_combinator_01_c18r14.tgm.header,Tiny.V7,28137495,264
ffbfbbfbc5dd5082,precursor_combinator_01_c18r15.tgm,Tiny.V6,28130136,877
c7ccf3ba961f6f1b,precursor_combinator_01_c18r15.tgm.header,Tiny.V4,28455889,264
b0402af389da13d0,precursor_combinator_01_c18r16.tgm,Tiny.V2,28286247,1017
5a33fb5e60dd4dd7,precursor_combinator_01_c18r16.tgm.header,Tiny.V5,27687440,264
b422f3ab01ab8813,precursor_combinator_01_c18r17.tgm,Tiny.V0,28442503,1125
268b48d6837b2181,precursor_combinator_01_c18r17.tgm.header,Tiny.VD,28186156,264
e3529c7b9076072a,precursor_combinator_01_c18r18.tgm,Tiny.V4,28456153,915
bce76d757c3f650c,precursor_combinator_01_c18r18.tgm.header,Tiny.VF,28386936,264
20a4aa11ac9b52cb,precursor_combinator_01_c17r2.tgm,Tiny.V8,28180628,1061
f48a61bc43c6f3d5,precursor_combinator_01_c17r2.tgm.header,Tiny.V0,28439729,264
7f522bfdd99e6c95,precursor_combinator_01_c17r3.tgm,Tiny.V1,28116891,711
09e42b83b386b31f,precursor_combinator_01_c17r3.tgm.header,Tiny.V1,28117602,264
f7d463f3a35f0dbb,precursor_combinator_01_c17r4.tgm,Tiny.V6,28129247,889
dd1b2345e0101bce,precursor_combinator_01_c17r4.tgm.header,Tiny.VD,28184191,264
3b36f85d3feb9dc3,precursor_combinator_01_c17r5.tgm,Tiny.V0,28439993,781
e2b6af2016e3053b,precursor_combinator_01_c17r5.tgm.header,Tiny.V1,28117866,264
0279a7f31b85456d,precursor_combinator_01_c17r6.tgm,Tiny.V0,28440774,1729
afef14ef9188f6b7,precursor_combinator_01_c17r6.tgm.header,Tiny.VD,28184455,264
a18ccc208b435a84,precursor_combinator_01_c17r7.tgm,Tiny.VA,28354517,1799
4a15ef40bec7d0a7,precursor_combinator_01_c17r7.tgm.header,Tiny.V1,28118130,264
52ecd4c5841abd7c,precursor_combinator_01_c17r8.tgm,Streaming/Content/data/balance/worldareas/F0/mapmothersoul_male_quest.vworld,487787,34895
d33611cab259a065,precursor_combinator_01_c17r8.tgm.header,Tiny.V1,28118394,283
ffc674afd88ee28c,precursor_combinator_01_c17r9.tgm,Streaming/Content/data/balance/worldareas/DA/expeditionsubarea_blackknightboss.vworld,690562,62651
348bbbc804bf5096,precursor_combinator_01_c17r9.tgm.header,Tiny.VA,28356316,283
d073706bc98bc701,precursor_combinator_01_c17r1.tgm,Tiny.VF,28385293,1379
d3488226808b158c,precursor_combinator_01_c17r1.tgm.header,Tiny.V7,28134661,264
e0be2bc702cd390d,precursor_combinator_01_c17r10.tgm,Tiny.VD,28180760,1799
73a33951d5d3aafc,precursor_combinator_01_c17r10.tgm.header,Tiny.V6,28128719,264
05a1ed4129426887,precursor_combinator_01_c17r11.tgm,Tiny.V4,28453864,1761
27427c13b1bc6138,precursor_combinator_01_c17r11.tgm.header,Tiny.VB,28388712,264
3fd4d86e939fd931,precursor_combinator_01_c17r12.tgm,Tiny.V2,28285138,845
c1cc9fc0c9cff13b,precursor_combinator_01_c17r12.tgm.header,Tiny.V7,28134925,264
ce83c40e2b99f114,precursor_combinator_01_c17r13.tgm,Tiny.VD,28182559,673
7c7e2a413d427cff,precursor_combinator_01_c17r13.tgm.header,Tiny.VC,28351639,264
7d1a01bdf86cacd3,precursor_combinator_01_c17r14.tgm,Tiny.V3,27844192,813
634bdd500906b32b,precursor_combinator_01_c17r14.tgm.header,Tiny.V6,28128983,264
66f5c9226099fd4e,precursor_combinator_01_c17r15.tgm,Tiny.V1,28116078,813
fb2f75504b7f8d6c,precursor_combinator_01_c17r15.tgm.header,Tiny.V6,28128983,264
8604f2bde100d620,precursor_combinator_01_c17r16.tgm,Tiny.V7,28135189,1099
09ca148124687cc8,precursor_combinator_01_c17r16.tgm.header,Tiny.V4,28455625,264
ae0ab9ade7330c09,precursor_combinator_01_c17r17.tgm,Tiny.V7,28136288,1207
e5a1724f673a24eb,precursor_combinator_01_c17r17.tgm.header,Tiny.V5,27686648,264
0a2dd37bccfaf48c,precursor_combinator_01_c17r18.tgm,Tiny.VD,28183232,959
bd9505fb84bd1401,precursor_combinator_01_c17r18.tgm.header,Tiny.V5,27686912,264
5eb5c507873ad2df,precursor_combinator_01_c16r2.tgm,Tiny.V0,28438076,1125
10b7de6ecc135b1b,precursor_combinator_01_c16r2.tgm.header,Tiny.V0,28439201,264
1aef2cd8d8d0c07d,precursor_combinator_01_c16r3.tgm,Tiny.VF,28384346,947
60c1f36dcc4c4275,precursor_combinator_01_c16r3.tgm.header,Tiny.V0,28439465,264
60efebe1b756e6a8,precursor_combinator_01_c16r4.tgm,Tiny.V8,28179010,1335
ce36820c266e7062,precursor_combinator_01_c16r4.tgm.header,Tiny.VE,27991746,264
80fd89782a029429,precursor_combinator_01_c16r5.tgm,Streaming/Content/data/balance/worldareas/19/g2_2.vworld,550892,6797
865622d493081db2,precursor_combinator_01_c16r5.tgm.header,Tiny.V3,27843928,264
f38dac11dd62e283,precursor_combinator_01_c16r6.tgm,Streaming/Content/data/balance/worldareas/1D/mapuberboss_divinity.vworld,245286,132173
e03cf00eec873f90,precursor_combinator_01_c16r6.tgm.header,Tiny.V8,28180345,283
0ec3983295ea2dc0,precursor_combinator_01_c16r7.tgm,Streaming/Content/data/balance/worldareas/F5/mapuberboss_divinity.vworld,187299,203919
45104e668c7af750,precursor_combinator_01_c16r7.tgm.header,Tiny.VE,27992010,403
ca51f93ca33a6ca8,precursor_combinator_01_c16r8.tgm,Streaming/Content/data/balance/worldareas/03/g3_1.vworld,563526,110847
4d7fe890eb1435cf,precursor_combinator_01_c16r8.tgm.header,Tiny.VB,28388429,283
82d02f5dc36f7dc6,precursor_combinator_01_c16r9.tgm,Streaming/Content/data/balance/worldareas/37/mapuberboss_divinity.vworld,1791274,102251
0ab058d65e2216c9,precursor_combinator_01_c16r9.tgm.header,Tiny.VE,27992413,264
4aefce3de3e7cc22,precursor_combinator_01_c16r1.tgm,Tiny.V7,28133536,1125
872590e25a7952f0,precursor_combinator_01_c16r1.tgm.header,Tiny.V4,28453336,264
39a8aa1cbb6fb9a9,precursor_combinator_01_c16r10.tgm,Streaming/Content/data/balance/worldareas/E3/mapuberboss_divinity.vworld,178524,110347
2cf6832ed98e90e7,precursor_combinator_01_c16r10.tgm.header,Tiny.V2,28284874,264
49332ca3d8638895,precursor_combinator_01_c16r11.tgm,Streaming/Content/data/balance/worldareas/53/mapuberboss_divinity.vworld,1313501,150941
e79ff3ab50ba2a78,precursor_combinator_01_c16r11.tgm.header,Tiny.V1,28114490,323
c3c3102f910af7b4,precursor_combinator_01_c16r12.tgm,Streaming/Content/data/balance/worldareas/E7/mapuberboss_divinity.vworld,291422,28747
e15db51f12d20511,precursor_combinator_01_c16r12.tgm.header,Tiny.VE,27991218,264
4a5ea832daa46738,precursor_combinator_01_c16r13.tgm,Tiny.V5,27684769,1615
b1650a85cb2afd22,precursor_combinator_01_c16r13.tgm.header,Tiny.V3,27841618,264
4b32d6e175dd676c,precursor_combinator_01_c16r14.tgm,Tiny.V3,27841882,1125
e69c5df050d19d3b,precursor_combinator_01_c16r14.tgm.header,Tiny.VF,28382957,264
eb50db56ba0766dd,precursor_combinator_01_c16r15.tgm,Tiny.V3,27843007,921
3e137e50542c0cbf,precursor_combinator_01_c16r15.tgm.header,Tiny.V4,28453600,264
f5e19bbcefac4d80,precursor_combinator_01_c16r16.tgm,Tiny.V6,28127486,1233
57a203301c4fb3ae,precursor_combinator_01_c16r16.tgm.header,Tiny.V0,28437812,264
4b8bb045deb5baa1,precursor_combinator_01_c16r17.tgm,Tiny.V1,28114813,1265
36cd47d9e4964682,precursor_combinator_01_c16r17.tgm.header,Tiny.VE,27991482,264
2c8955ab11f090f8,precursor_combinator_01_c16r18.tgm,Tiny.VF,28383221,1125
08d9821617fcd16b,precursor_combinator_01_c16r18.tgm.header,Tiny.V5,27686384,264
1ee06727ec66bd73,precursor_combinator_01_c15r2.tgm,Tiny.V5,27683892,877
c7870dd1cbd0175b,precursor_combinator_01_c15r2.tgm.header,Tiny.V7,28133272,264
b3b88b6f8830d93f,precursor_combinator_01_c15r3.tgm,Tiny.VA,28353068,1449
896af1a13a440e2b,precursor_combinator_01_c15r3.tgm.header,Tiny.V6,28127222,264
f113d913d4cb9c6a,precursor_combinator_01_c15r4.tgm,Streaming/Content/data/balance/worldareas/C1/mapuberboss_divinity.vworld,846395,31325
1e416fa8304ccd34,precursor_combinator_01_c15r4.tgm.header,Tiny.VC,28349045,264
5de984a19225cb7b,precursor_combinator_01_c15r5.tgm,Streaming/Content/data/balance/worldareas/96/mapport.vworld,782820,79051
c95204613612db86,precursor_combinator_01_c15r5.tgm.header,Tiny.VF,28382024,323
bf5ce4690e4dec2e,precursor_combinator_01_c15r6.tgm,Streaming/Content/data/balance/worldareas/EF/mapuberboss_divinity.vworld,171475,191559
0d97104d913e566f,precursor_combinator_01_c15r6.tgm.header,Tiny.V4,28452893,443
777cd0b7add5147e,precursor_combinator_01_c15r7.tgm,Streaming/Content/data/balance/worldareas/7E/mapuberboss_divinity.vworld,309669,482961
936fdf0e43e1a3c0,precursor_combinator_01_c15r7.tgm.header,Tiny.V2,28284224,650
d02285e1925bcbfe,precursor_combinator_01_c15r8.tgm,Streaming/Content/data/balance/worldareas/6A/mapuberboss_divinity.vworld,713184,416689
154a7df6ca7a8115,precursor_combinator_01_c15r8.tgm.header,Tiny.VF,28382347,610
90044a5259d9d75e,precursor_combinator_01_c15r9.tgm,Streaming/Content/data/balance/worldareas/85/mapuberboss_divinity.vworld,2879682,626391
d4c599a8825b23a1,precursor_combinator_01_c15r9.tgm.header,Tiny.VC,28349309,2330
d3f358f7539affe2,precursor_combinator_01_c15r1.tgm,Tiny.VE,27989146,1055
770aadbc8eb8613a,precursor_combinator_01_c15r1.tgm.header,Tiny.V1,28114226,264
ad26d6f9861e8ac3,precursor_combinator_01_c15r10.tgm,Streaming/Content/data/balance/worldareas/75/mapuberboss_divinity.vworld,461772,354951
db5805dd4209a763,precursor_combinator_01_c15r10.tgm.header,Tiny.V9,28559788,530
3eff1b566c39d7d6,precursor_combinator_01_c15r11.tgm,Streaming/Content/data/balance/worldareas/D8/expeditionsubarea_blackknightboss.vworld,567691,41955
9d833ac3b1ba05a5,precursor_combinator_01_c15r11.tgm.header,Tiny.V8,28178727,283
fe4a15301f213221,precursor_combinator_01_c15r12.tgm,Streaming/Content/data/balance/worldareas/BC/mapuberboss_divinity.vworld,510558,347997
830fd4c64f786619,precursor_combinator_01_c15r12.tgm.header,Tiny.VB,28387986,443
a6364a66718c470e,precursor_combinator_01_c15r13.tgm,Streaming/Content/data/balance/worldareas/08/mapuberboss_divinity.vworld,11291,387551
fe4dd363562e5f55,precursor_combinator_01_c15r13.tgm.header,Tiny.V6,28126779,443
6f3e96df56a7c851,precursor_combinator_01_c15r14.tgm,Streaming/Content/data/balance/worldareas/70/mapuberboss_divinity.vworld,618765,534203
8100659aa16f599c,precursor_combinator_01_c15r14.tgm.header,Tiny.V2,28282341,1883
f36f22065badc6e7,precursor_combinator_01_c15r15.tgm,Tiny.V9,28560318,1061
a69ef3e82fcfdf49,precursor_combinator_01_c15r15.tgm.header,Tiny.VF,28381230,264
42eeb30e97add93b,precursor_combinator_01_c15r16.tgm,Tiny.V5,27682901,991
57e8255fb08e5b4c,precursor_combinator_01_c15r16.tgm.header,Tiny.V3,27840727,264
6899bf8758d1e040,precursor_combinator_01_c15r17.tgm,Tiny.VE,27990201,1017
3030cd7222a5adb7,precursor_combinator_01_c15r17.tgm.header,Tiny.V0,28437548,264
19af29ba26ae86c2,precursor_combinator_01_c15r18.tgm,Tiny.V7,28132077,1195
19fee8b470034773,precursor_combinator_01_c15r18.tgm.header,Tiny.V3,27841354,264
7373adab799effda,precursor_combinator_01_c14r2.tgm,Tiny.V8,28177392,1335
63ede35c5d73360e,precursor_combinator_01_c14r2.tgm.header,Tiny.V5,27682637,264
bb83c3fbcabaa5df,precursor_combinator_01_c14r3.tgm,Streaming/Content/data/balance/worldareas/0A/g2_2.vworld,567420,150621
94ff3e3405f83036,precursor_combinator_01_c14r3.tgm.header,Tiny.V3,27840991,363
e40a0df7777618f7,precursor_combinator_01_c14r4.tgm,Streaming/Content/data/balance/worldareas/FA/mapuberboss_divinity.vworld,628202,305695
ad18e44669917f02,precursor_combinator_01_c14r4.tgm.header,Tiny.VB,28387503,483
b4f639bae0723ed2,precursor_combinator_01_c14r5.tgm,Streaming/Content/data/balance/worldareas/BF/mapuberboss_divinity.vworld,510869,278537
142c829c31cff86b,precursor_combinator_01_c14r5.tgm.header,Tiny.VF,28381494,530
0ec4a8815d50c510,precursor_combinator_01_c14r6.tgm,Streaming/Content/data/balance/worldareas/3B/mapmothersoul_male_quest.vworld,121785,489387
ea52e9554380a936,precursor_combinator_01_c14r6.tgm.header,Tiny.VD,28179750,1010
a0d6eeeda9f93359,precursor_combinator_01_c14r7.tgm,Streaming/Content/data/balance/worldareas/4F/mapuberboss_divinity.vworld,0,1357291
1e9df1a424c5d599,precursor_combinator_01_c14r7.tgm.header,Tiny.VC,28347595,1450
0a5bec74c62f5e82,precursor_combinator_01_c14r8.tgm,Streaming/Content/data/balance/worldareas/FC/g2_9_1.vworld,464659,73883
e4b0cdc5cded9ffc,precursor_combinator_01_c14r8.tgm.header,Tiny.VE,27988816,330
fd730005de45bf36,precursor_combinator_01_c14r9.tgm,Streaming/Content/data/balance/worldareas/99/mapuberboss_divinity.vworld,829354,605805
96920e80dbe9ecfe,precursor_combinator_01_c14r9.tgm.header,Tiny.V0,28436458,1090
9e6e1f82b872966b,precursor_combinator_01_c14r1.tgm,Tiny.VF,28380051,915
6a8ae4fa827c91e0,precursor_combinator_01_c14r1.tgm.header,Tiny.V6,28126515,264
3642cb82c1fbd2d0,precursor_combinator_01_c14r10.tgm,Streaming/Content/data/balance/worldareas/05/mapuberboss_divinity.vworld,57027,466835
83002e46c953e5fa,precursor_combinator_01_c14r10.tgm.header,Tiny.V8,28172249,930
8245661b996113d1,precursor_combinator_01_c14r11.tgm,Streaming/Content/data/balance/worldareas/80/mapuberboss_divinity.vworld,259364,835725
8860a398b604815c,precursor_combinator_01_c14r11.tgm.header,Tiny.V7,28130867,1210
81ec8cb73089d977,precursor_combinator_01_c14r12.tgm,Streaming/Content/data/balance/worldareas/41/mapuberboss_divinity.vworld,80755,941579
9f868648b4fe35e4,precursor_combinator_01_c14r12.tgm.header,Tiny.V8,28173179,2770
eedfcdadb70a879e,precursor_combinator_01_c14r13.tgm,Streaming/Content/data/balance/worldareas/F5/mapuberboss_divinity.vworld,16734,170565
d8365442c316f8ef,precursor_combinator_01_c14r13.tgm.header,Tiny.V9,28559425,363
1fbea6b4a47b26aa,precursor_combinator_01_c14r14.tgm,Streaming/Content/data/balance/worldareas/E0/mapuberboss_divinity.vworld,512394,281461
fc62b82bd3b7e757,precursor_combinator_01_c14r14.tgm.header,Tiny.V4,28452266,363
1089996dc72b47b9,precursor_combinator_01_c14r15.tgm,Tiny.V8,28175949,1443
1d0dc7b553dbea5a,precursor_combinator_01_c14r15.tgm.header,Tiny.VF,28380966,264
3d3256a2eefc26f9,precursor_combinator_01_c14r16.tgm,Tiny.V5,27681576,1061
4c2820b10f3db179,precursor_combinator_01_c14r16.tgm.header,Tiny.VF,28381230,264
461f69c8c96693ce,precursor_combinator_01_c14r17.tgm,Tiny.VA,28352077,991
f7b88fb79d3eae68,precursor_combinator_01_c14r17.tgm.header,Tiny.V3,27840727,264
c9269b98bc3a903b,precursor_combinator_01_c14r18.tgm,Tiny.VD,28178517,1233
15562bbafd412beb,precursor_combinator_01_c14r18.tgm.header,Tiny.V4,28452629,264
4cc3ebf7919600f7,precursor_combinator_01_c13r2.tgm,Streaming/Content/data/balance/worldareas/63/g2_9_1.vworld,557884,34989
3eb0e78544de2233,precursor_combinator_01_c13r2.tgm.header,Tiny.V1,28112592,264
7cc557d903e9e2ea,precursor_combinator_01_c13r3.tgm,Streaming/Content/data/balance/worldareas/D5/mapuberboss_divinity.vworld,5153009,116081
9edce7c73050d2f5,precursor_combinator_01_c13r3.tgm.header,Tiny.V7,28127694,283
5c7589d8c6146109,precursor_combinator_01_c13r4.tgm,Streaming/Content/data/balance/worldareas/C2/mapuberboss_divinity.vworld,323414,324785
0df816dc86bba545,precursor_combinator_01_c13r4.tgm.header,Tiny.VC,28347105,490
c34974eb4e82e403,precursor_combinator_01_c13r5.tgm,Streaming/Content/data/balance/worldareas/3E/mapuberboss_divinity.vworld,1029287,950045
eb3ee78a77d70b74,precursor_combinator_01_c13r5.tgm.header,Tiny.V1,28112856,1370
4da712019957d162,precursor_combinator_01_c13r6.tgm,Streaming/Content/data/balance/worldareas/84/mapuberboss_ritual.vworld,452765,20281
295c0876ec294618,precursor_combinator_01_c13r6.tgm.header,Tiny.V9,28559135,290
f354e26b3e185872,precursor_combinator_01_c13r7.tgm,Tiny.V0,28432743,3715
a53c0fa09784be1d,precursor_combinator_01_c13r7.tgm.header,Tiny.VE,27985277,264
3dabb53b4dfb055a,precursor_combinator_01_c13r8.tgm,Tiny.VE,27985541,3275
9080971bd877b93e,precursor_combinator_01_c13r8.tgm.header,Tiny.VF,28379787,264
7e4db19a64dc00f3,precursor_combinator_01_c13r9.tgm,Streaming/Content/data/balance/worldareas/53/mapuberboss_divinity.vworld,117060,1196441
77012e351ab010f2,precursor_combinator_01_c13r9.tgm.header,Tiny.V7,28127977,2890
45e1d90952599c16,precursor_combinator_01_c13r1.tgm,Tiny.VA,28350412,775
e627d73d1b8a4d2f,precursor_combinator_01_c13r1.tgm.header,Tiny.V5,27681312,264
18ba4e7399beec78,precursor_combinator_01_c13r10.tgm,Streaming/Content/data/balance/worldareas/2C/mapuberboss_divinity.vworld,2191907,4185
1187f2eb2ff6cf00,precursor_combinator_01_c13r10.tgm.header,Tiny.V0,28430833,264
430851317c83b789,precursor_combinator_01_c13r11.tgm,Streaming/Content/data/balance/worldareas/EA/mapuberboss_divinity.vworld,1578160,856949
fdf04bd451959d08,precursor_combinator_01_c13r11.tgm.header,Tiny.VF,28378153,1370
1036671727b40e2a,precursor_combinator_01_c13r12.tgm,Streaming/Content/data/balance/worldareas/E1/mapprecursortowerdesert.vworld,310107,193459
4dd461e782d7d5a6,precursor_combinator_01_c13r12.tgm.header,Tiny.VA,28351187,890
547370410f7905a6,precursor_combinator_01_c13r13.tgm,Streaming/Content/data/balance/worldareas/C3/g2_2.vworld,601437,224351
c28bafa79a6e6533,precursor_combinator_01_c13r13.tgm.header,Tiny.VD,28175836,490
410decc4a880f198,precursor_combinator_01_c13r14.tgm,Streaming/Content/data/balance/worldareas/25/mapuberboss_divinity.vworld,1167766,285609
8bc89f6c68f37f67,precursor_combinator_01_c13r14.tgm.header,Tiny.V0,28431097,483
600b37772792239e,precursor_combinator_01_c13r15.tgm,Streaming/Content/data/balance/worldareas/23/mapuberboss_divinity.vworld,2098685,112727
c17a028e120d22cb,precursor_combinator_01_c13r15.tgm.header,Tiny.VD,28176326,323
257451a1d1681f7d,precursor_combinator_01_c13r16.tgm,Tiny.VD,28176649,743
3cac89c3edc4b7fd,precursor_combinator_01_c13r16.tgm.header,Tiny.V2,28282077,264
cbeaa29d17ff4b17,precursor_combinator_01_c13r17.tgm,Tiny.V0,28431580,1163
0e4baea0677d053d,precursor_combinator_01_c13r17.tgm.header,Tiny.VF,28379523,264
310c18d7e981e9c5,precursor_combinator_01_c13r18.tgm,Tiny.VD,28177392,1125
930798c3e102631d,precursor_combinator_01_c13r18.tgm.header,Tiny.V7,28127430,264
e2eb1eb744d5f22c,precursor_combinator_01_c12r2.tgm,Streaming/Content/data/balance/worldareas/EF/mapuberboss_divinity.vworld,0,171475
85c2621096d785be,precursor_combinator_01_c12r2.tgm.header,Tiny.VB,28383178,264
4d427cab070dd02d,precursor_combinator_01_c12r3.tgm,Streaming/Content/data/balance/worldareas/2F/mapuberboss_divinity.vworld,356152,300387
7c75e89d0fefb4cf,precursor_combinator_01_c12r3.tgm.header,Tiny.V9,28558732,403
2bb3d43e9317d91a,precursor_combinator_01_c12r4.tgm,Streaming/Content/data/balance/worldareas/35/mapgreenhouse.vworld,652857,93573
710af0aa3e13d00a,precursor_combinator_01_c12r4.tgm.header,Tiny.VB,28383442,370
01b4b617774aef71,precursor_combinator_01_c12r5.tgm,Streaming/Content/data/balance/worldareas/B7/mapuberboss_divinity.vworld,850717,507811
91aecac009e269f9,precursor_combinator_01_c12r5.tgm.header,Tiny.VA,28349602,810
19ee2dc66d30e5ff,precursor_combinator_01_c12r6.tgm,Tiny.VE,27981790,3223
fbcebde79f3edd2e,precursor_combinator_01_c12r6.tgm.header,Tiny.VE,27985013,264
1f39b7afa188cc0d,precursor_combinator_01_c12r7.tgm,Tiny.VB,28383812,3691
a3b7a4d6be5ccc15,precursor_combinator_01_c12r7.tgm.header,Tiny.V8,28171985,264
9a54613b81938183,precursor_combinator_01_c12r8.tgm,Tiny.VC,28343434,3671
958fb9c1ebd0e243,precursor_combinator_01_c12r8.tgm.header,Tiny.V7,28127166,264
7809ec6a67993595,precursor_combinator_01_c12r9.tgm,Tiny.V3,27836636,3827
d389f3ebf632fbc5,precursor_combinator_01_c12r9.tgm.header,Tiny.V3,27840463,264
469fb3caff3251cc,precursor_combinator_01_c12r1.tgm,Tiny.VF,28375255,1341
071c92d5106d3b8b,precursor_combinator_01_c12r1.tgm.header,Tiny.V8,28171721,264
40dbca365f9e6dd9,precursor_combinator_01_c12r10.tgm,Streaming/Content/data/balance/worldareas/12/mapuberboss_divinity.vworld,86999,4249
ca486004403289c6,precursor_combinator_01_c12r10.tgm.header,Tiny.V6,28126251,264
592f0c6f64491c12,precursor_combinator_01_c12r11.tgm,Streaming/Content/data/balance/worldareas/36/mapuberboss_divinity.vworld,193279,82457
e7d1ffe263112a8c,precursor_combinator_01_c12r11.tgm.header,Tiny.V0,28430023,810
a0920a446f3b53a4,precursor_combinator_01_c12r12.tgm,Streaming/Content/data/balance/worldareas/DF/mapuberboss_divinity.vworld,1004935,115259
0f45bfbe45832b76,precursor_combinator_01_c12r12.tgm.header,Tiny.VD,28174946,890
4134a39ac876ab72,precursor_combinator_01_c12r13.tgm,Streaming/Content/data/balance/worldareas/2B/mapprecursortowerdesert.vworld,587488,103939
84152e46eaf86c54,precursor_combinator_01_c12r13.tgm.header,Tiny.VE,27981380,410
1692f899f96c4c6a,precursor_combinator_01_c12r14.tgm,Streaming/Content/data/balance/worldareas/56/mapuberboss_divinity.vworld,229400,223121
a357282b9f3b3205,precursor_combinator_01_c12r14.tgm.header,Tiny.V2,28280577,483
0dad02d311a29818,precursor_combinator_01_c12r15.tgm,Streaming/Content/data/balance/worldareas/42/mapuberboss_delirium.vworld,224832,287849
f1b890e601254f8c,precursor_combinator_01_c12r15.tgm.header,Tiny.V5,27680949,363
da7ad75d98ae5fc4,precursor_combinator_01_c12r16.tgm,Tiny.VF,28376596,1557
1df6e73ac1fdcc47,precursor_combinator_01_c12r16.tgm.header,Tiny.V9,28558468,264
c9cfe5dbaf8b111b,precursor_combinator_01_c12r17.tgm,Tiny.V7,28126035,1131
403ab770ac8e9821,precursor_combinator_01_c12r17.tgm.header,Tiny.V4,28452002,264
399184052982ea7b,precursor_combinator_01_c12r18.tgm,Tiny.V2,28281060,1017
3efef4be8d688a8f,precursor_combinator_01_c12r18.tgm.header,Tiny.VC,28343170,264
767b40d2bbdbc578,precursor_combinator_01_c11r2.tgm,Streaming/Content/data/balance/worldareas/42/mapuberboss_delirium.vworld,187849,36983
781f57be3600ebf4,precursor_combinator_01_c11r2.tgm.header,Tiny.VD,28171735,264
08bfbfc3e5144ef2,precursor_combinator_01_c11r3.tgm,Streaming/Content/data/balance/worldareas/86/mapuberboss_divinity.vworld,479987,331321
64d17d240f53a1bc,precursor_combinator_01_c11r3.tgm.header,Tiny.V7,28122456,650
fee88665dd5d7039,precursor_combinator_01_c11r4.tgm,Streaming/Content/data/balance/worldareas/3C/mapuberboss_divinity.vworld,305822,633515
cc413c699c34db4b,precursor_combinator_01_c11r4.tgm.header,Tiny.VE,27980106,1010
4dc03ba67699fc57,precursor_combinator_01_c11r5.tgm,Streaming/Content/data/balance/worldareas/54/mapuberboss_divinity.vworld,302925,25647
4afb43e3c949dcc6,precursor_combinator_01_c11r5.tgm.header,Tiny.V3,27836082,290
10b8f8f8e7c31f43,precursor_combinator_01_c11r6.tgm,Tiny.VD,28171999,2947
b78e03ce0636fc7e,precursor_combinator_01_c11r6.tgm.header,Tiny.V2,28280313,264
dc0fde40abf0223e,precursor_combinator_01_c11r7.tgm,Tiny.VA,28346493,3109
ffc775021cacbd31,precursor_combinator_01_c11r7.tgm.header,Tiny.V4,28451738,264
58d9581968f111a3,precursor_combinator_01_c11r8.tgm,Tiny.V5,27677904,3045
e3931fac3f76ce79,precursor_combinator_01_c11r8.tgm.header,Tiny.VE,27981116,264
02a144f2dd3374ee,precursor_combinator_01_c11r9.tgm,Tiny.V7,28123106,2929
ea934673a9b05633,precursor_combinator_01_c11r9.tgm.header,Tiny.V3,27836372,264
61a5bf7384cb34b8,precursor_combinator_01_c11r1.tgm,Streaming/Content/data/balance/worldareas/CB/g2_9_1.vworld,504884,10779
805c44de6edcbada,precursor_combinator_01_c11r1.tgm.header,Tiny.VD,28170645,283
3bd5fa75a9fc59d1,precursor_combinator_01_c11r10.tgm,Tiny.V7,28118599,3327
ccda11b5cf4ef896,precursor_combinator_01_c11r10.tgm.header,Tiny.V8,28171193,264
cbbee70bf061eda5,precursor_combinator_01_c11r11.tgm,Tiny.V4,28447991,3747
5d0979dbf1e51db9,precursor_combinator_01_c11r11.tgm.header,Tiny.V2,28280049,264
100aab860015ec49,precursor_combinator_01_c11r12.tgm,Streaming/Content/data/balance/worldareas/87/mapmothersoul_male_quest.vworld,615628,4147
c594b9335f0c504d,precursor_combinator_01_c11r12.tgm.header,Tiny.VC,28342906,264
8ff881c3079cf4d6,precursor_combinator_01_c11r13.tgm,Streaming/Content/data/balance/worldareas/8C/mapmothersoul_male_quest.vworld,390597,219123
f543717953f0d039,precursor_combinator_01_c11r13.tgm.header,Tiny.VB,28382768,410
75bec78ed372ec56,precursor_combinator_01_c11r14.tgm,Streaming/Content/data/balance/worldareas/99/mapuberboss_divinity.vworld,345313,484041
8b2546f5ed738127,precursor_combinator_01_c11r14.tgm.header,Tiny.V7,28121926,530
563ce7fb3f4c9387,precursor_combinator_01_c11r15.tgm,Tiny.V0,28426952,3071
a6b069e0eb1c3a0f,precursor_combinator_01_c11r15.tgm.header,Tiny.V8,28171457,264
3e2e7e17b04e3d61,precursor_combinator_01_c11r16.tgm,Tiny.V6,28124764,1487
b1f269f80ff895c8,precursor_combinator_01_c11r16.tgm.header,Tiny.VF,28374727,264
c0271fd5d846c4de,precursor_combinator_01_c11r17.tgm,Tiny.V3,27835027,1055
cd0a2c7effa3b188,precursor_combinator_01_c11r17.tgm.header,Tiny.VF,28374991,264
660599e1a072ba90,precursor_combinator_01_c11r18.tgm,Tiny.VD,28170928,807
45f15e7fe85f765d,precursor_combinator_01_c11r18.tgm.header,Tiny.V9,28558204,264
20b46186835dda4b,precursor_combinator_01_c10r2.tgm,Streaming/Content/data/balance/worldareas/3C/mapuberboss_divinity.vworld,67659,238163
bfa2ddefd9df187e,precursor_combinator_01_c10r2.tgm.header,Tiny.VB,28382245,523
71a330325115ce38,precursor_combinator_01_c10r3.tgm,Streaming/Content/data/balance/worldareas/62/mapuberboss_divinity.vworld,123291,841037
4aa1c18ac86585ec,precursor_combinator_01_c10r3.tgm.header,Tiny.V2,28278719,1330
0024bb4f87082d0d,precursor_combinator_01_c10r4.tgm,Streaming/Content/data/balance/worldareas/7F/mapuberboss_divinity.vworld,55373,1613333
44432b15fa3528a9,precursor_combinator_01_c10r4.tgm.header,Tiny.V0,28424822,2130
f3c4a8b5f13fac7a,precursor_combinator_01_c10r5.tgm,Streaming/Content/data/balance/worldareas/32/mapuberboss_divinity.vworld,770745,417051
3bbcd528a935b25d,precursor_combinator_01_c10r5.tgm.header,Tiny.V9,28557234,970
b427e54c14df28b5,precursor_combinator_01_c10r6.tgm,Tiny.VA,28339377,3665
245ae5df456d0d7f,precursor_combinator_01_c10r6.tgm.header,Tiny.VF,28374463,264
21fd705047698653,precursor_combinator_01_c10r7.tgm,Streaming/Content/data/balance/worldareas/07/mapuberboss_divinity.vworld,123694,1012269
0254d3ec71ee5ab0,precursor_combinator_01_c10r7.tgm.header,Tiny.VD,28170035,610
4c443266b3106c38,precursor_combinator_01_c10r8.tgm,Tiny.V1,28109783,2809
08238764585fb609,precursor_combinator_01_c10r8.tgm.header,Tiny.V7,28118335,264
12811bc8328f445d,precursor_combinator_01_c10r9.tgm,Tiny.VA,28343042,3187
07cd193ba643bcaa,precursor_combinator_01_c10r9.tgm.header,Tiny.VA,28346229,264
12f57108de6f22f2,precursor_combinator_01_c10r1.tgm,Streaming/Content/data/balance/worldareas/FF/mapuberboss_divinity.vworld,0,274993
3cde7f190584b141,precursor_combinator_01_c10r1.tgm.header,Tiny.VA,28338670,443
2e99815b610c955e,precursor_combinator_01_c10r10.tgm,Tiny.V7,28114666,3669
aac1957cdbbdccc6,precursor_combinator_01_c10r10.tgm.header,Tiny.V0,28424011,264
46fa72ced20eacb4,precursor_combinator_01_c10r11.tgm,Streaming/Content/data/balance/worldareas/C4/mapuberboss_divinity.vworld,21466,7441707
7aca25d4a2c54638,precursor_combinator_01_c10r11.tgm.header,Content/data/balance/worldareas/mapravine.vworld,915058,26450
e4729d45a8b166a3,precursor_combinator_01_c10r12.tgm,Tiny.VB,28379140,3105
ae514d30a9fb9c50,precursor_combinator_01_c10r12.tgm.header,Tiny.VD,28169771,264
a793fc9519109ebe,precursor_combinator_01_c10r13.tgm,Tiny.V3,27831216,3547
a8f44b8a1ee068b0,precursor_combinator_01_c10r13.tgm.header,Tiny.V0,28424275,264
20ffedc1b9a43a01,precursor_combinator_01_c10r14.tgm,Tiny.V8,28165744,2197
6ae663e78b4ada23,precursor_combinator_01_c10r14.tgm.header,Tiny.V3,27834763,264
4b548cebebe9b358,precursor_combinator_01_c10r15.tgm,Tiny.V8,28167941,665
68107a4719ce519c,precursor_combinator_01_c10r15.tgm.header,Tiny.VA,28339113,264
9990270fd4d0c807,precursor_combinator_01_c10r16.tgm,Streaming/Content/data/balance/worldareas/EA/mapuberboss_divinity.vworld,771259,806901
44b24e3c392ba937,precursor_combinator_01_c10r16.tgm.header,Tiny.V8,28168606,2323
0444e2312ec816f3,precursor_combinator_01_c10r17.tgm,Tiny.V9,28555543,1691
fe274ef94c7b6ed1,precursor_combinator_01_c10r17.tgm.header,Tiny.V8,28170929,264
28714139cebac3bd,precursor_combinator_01_c10r18.tgm,Streaming/Content/data/balance/worldareas/2B/mapprecursortowerdesert.vworld,559169,28319
45452630b601d723,precursor_combinator_01_c10r18.tgm.header,Tiny.V0,28424539,283
5126445db804cde5,precursor_combinator_01_c1r2.tgm,Tiny.V5,27689621,737
8d191cd3a50a4cd3,precursor_combinator_01_c1r2.tgm.header,Tiny.VD,28189812,264
7b43dd378d00dac9,precursor_combinator_01_c1r3.tgm,Tiny.V8,28186162,737
c1a24debb1a0bfce,precursor_combinator_01_c1r3.tgm.header,Tiny.VF,28387464,264
e260e6293f05fddf,precursor_combinator_01_c1r4.tgm,Tiny.V0,28443892,775
d0c92de848c13139,precursor_combinator_01_c1r4.tgm.header,Tiny.V8,28186899,264
4edfbbbbdb495d0d,precursor_combinator_01_c1r5.tgm,Tiny.V6,28132758,705
6defc6661bfea324,precursor_combinator_01_c1r5.tgm.header,Tiny.V4,28457596,264
eb458931f2c2be64,precursor_combinator_01_c1r6.tgm,Tiny.V3,27846394,597
3675a71c67312dfe,precursor_combinator_01_c1r6.tgm.header,Tiny.VA,28358160,264
00e579be14c25e1b,precursor_combinator_01_c1r7.tgm,Tiny.VA,28358424,597
63e66d8518906695,precursor_combinator_01_c1r7.tgm.header,Tiny.V7,28140359,264
45a21ec9e762ceff,precursor_combinator_01_c1r8.tgm,Tiny.VC,28353470,457
7b267c90a77c9593,precursor_combinator_01_c1r8.tgm.header,Tiny.VA,28359021,264
4d149fe3af912ad8,precursor_combinator_01_c1r9.tgm,Tiny.V7,28140623,801
c7d34c1ac5789a8b,precursor_combinator_01_c1r9.tgm.header,Tiny.V0,28444667,264
d655d6821d97621c,precursor_combinator_01_c1r1.tgm,Tiny.V1,28123285,1087
8c91b52a0b324f2a,precursor_combinator_01_c1r1.tgm.header,Tiny.V3,27845866,264
50f22101ca1dd713,precursor_combinator_01_c1r10.tgm,Tiny.V8,28184407,1227
04c57e84a65d8097,precursor_combinator_01_c1r10.tgm.header,Tiny.VA,28357896,264
fe62eae8fa7d888d,precursor_combinator_01_c1r11.tgm,Tiny.VD,28188375,1437
c93cdbc34a6e29c1,precursor_combinator_01_c1r11.tgm.header,Tiny.V3,27846130,264
018e37f2e02ae79d,precursor_combinator_01_c1r12.tgm,Tiny.V5,27687968,1653
7cb7d7f11db6a78f,precursor_combinator_01_c1r12.tgm.header,Tiny.V8,28185634,264
789ca0afaa28566b,precursor_combinator_01_c1r13.tgm,Tiny.V1,28124372,1551
541d4a5e4cf84534,precursor_combinator_01_c1r13.tgm.header,Tiny.V1,28125923,264
bc7cbb884dac4437,precursor_combinator_01_c1r14.tgm,Tiny.V7,28137759,1481
ba5d0bc2e7048856,precursor_combinator_01_c1r14.tgm.header,Tiny.V2,28288389,264
7d890f6cd627ef61,precursor_combinator_01_c1r15.tgm,Tiny.V6,28131277,1481
05ee5d92714acd92,precursor_combinator_01_c1r15.tgm.header,Tiny.V4,28457332,264
900bdaee906a164f,precursor_combinator_01_c1r16.tgm,Tiny.VC,28352167,1303
c5bd536a7624114e,precursor_combinator_01_c1r16.tgm.header,Tiny.V8,28185898,264
daac937b51f01c24,precursor_combinator_01_c1r17.tgm,Tiny.V7,28139240,1119
508791200e63df53,precursor_combinator_01_c1r17.tgm.header,Tiny.VF,28387200,264
d9b94c621a6da812,precursor_combinator_01_c1r18.tgm,Tiny.VB,28389240,737
713eb7cd5f729ea4,precursor_combinator_01_c1r18.tgm.header,Tiny.V0,28443628,264
1c4f940dc22cde6b,sky_fill_01.tgm,Tiny.VC,32537408,57
d806d8e2b9c8ff71,sky_fill_01.tgm.header,Tiny.V8,31983005,264
