hash,file,bundle,offset,size
3dfda94cfa6dee7e,halls_arena_back_01_c9r9.tgm,Tiny_4,53524839,1395
f0fa6e839abeca5a,halls_arena_back_01_c9r9.tgm.header,Tiny_5,35803177,264
bb2b52a81a7053ee,halls_arena_back_01_c9r8.tgm,Tiny_4,53524146,693
5fbc4d6116dff5e9,halls_arena_back_01_c9r8.tgm.header,Tiny_5,55199424,264
8b55044b496bc065,halls_arena_back_01_c9r7.tgm,Tiny_4,53523129,1017
7d2e9d7f353bad5a,halls_arena_back_01_c9r7.tgm.header,Tiny_5,35691794,264
162a46e1d030abd6,halls_arena_back_01_c9r6.tgm,Tiny_4,53522112,1017
99a5b0e8f819847a,halls_arena_back_01_c9r6.tgm.header,Tiny_5,35691794,264
30640116045c0bb6,halls_arena_back_01_c9r5.tgm,Tiny_4,53521257,855
f7ced756052d7205,halls_arena_back_01_c9r5.tgm.header,Tiny_5,35736077,264
df7b44e56eb7f72b,halls_arena_back_01_c9r4.tgm,Tiny_4,53520402,855
f54a2b3276560803,halls_arena_back_01_c9r4.tgm.header,Tiny_5,35736077,264
51e059b3bb2d6d99,halls_arena_back_01_c9r3.tgm,Tiny_4,53517825,2313
ed6cd97657c0090e,halls_arena_back_01_c9r3.tgm.header,Tiny_4,53520138,264
5498e757f9e38430,halls_arena_back_01_c9r28.tgm,Tiny_4,53516822,739
965a5865e69baa78,halls_arena_back_01_c9r28.tgm.header,Tiny_4,53517561,264
5a9808cef059621b,halls_arena_back_01_c9r27.tgm,Tiny_4,53515549,1009
19e3b2b3e916b81b,halls_arena_back_01_c9r27.tgm.header,Tiny_4,53516558,264
2bea8a7132c97586,halls_arena_back_01_c9r26.tgm,Tiny_4,53514168,1117
5b8e007ae10de36b,halls_arena_back_01_c9r26.tgm.header,Tiny_4,53515285,264
374a620b4dce73c7,halls_arena_back_01_c9r25.tgm,Tiny_4,53512571,1333
736d2fb4fd0ed6e9,halls_arena_back_01_c9r25.tgm.header,Tiny_4,53513904,264
a46cf1d668012f64,halls_arena_back_01_c9r24.tgm,Tiny_4,53510488,1819
105a000ac444537b,halls_arena_back_01_c9r24.tgm.header,Tiny_4,53512307,264
f756d6bfb975b4d6,halls_arena_back_01_c9r23.tgm,Folders/art/models/terrain/endgame/karuiarena/0/tgms,1507456,3512463
b71a4fd67e734bfa,halls_arena_back_01_c9r23.tgm.header,Tiny_4,53506398,4090
e96fc91b0fb719fb,halls_arena_back_01_c9r22.tgm,Folders/art/models/terrain/endgame/karuiarena/E/tgms_3,0,1038421
1f23119ec640ba68,halls_arena_back_01_c9r22.tgm.header,Tiny_4,53504992,1406
6977afc7b50f388f,halls_arena_back_01_c9r21.tgm,Folders/art/models/terrain/doodads/endgame/harbingermap,2119677,5841
ee2d614e077fa2a2,halls_arena_back_01_c9r21.tgm.header,Tiny_4,53504728,264
a88095200d843d7f,halls_arena_back_01_c9r20.tgm,Folders/art/models/terrain/endgame/karuiarena/3/tgms_1,47769,1040179
7278e419478c41f3,halls_arena_back_01_c9r20.tgm.header,Tiny_4,53503322,1406
70ee16c5b41a2497,halls_arena_back_01_c9r2.tgm,Folders/art/models/terrain/endgame/karuiarena/5/tgms,1225202,5165
4b6397cb90dba314,halls_arena_back_01_c9r2.tgm.header,Tiny_4,53503016,306
19216b89ea3ba688,halls_arena_back_01_c9r19.tgm,Folders/art/models/terrain/endgame/karuiarena/7/tgms_2,1421095,6897
619102debec62b22,halls_arena_back_01_c9r19.tgm.header,Tiny_4,53502752,264
05e1691c57d27168,halls_arena_back_01_c9r18.tgm,Folders/art/models/terrain/doodads/endgame/harbingermap,2041415,5337
300e77b92ccb9001,halls_arena_back_01_c9r18.tgm.header,Tiny_4,53502488,264
e810973504131179,halls_arena_back_01_c9r17.tgm,Folders/art/models/terrain/endgame/karuiarena/7/tgms_2,30948,1390147
51b6de8e0ed7878c,halls_arena_back_01_c9r17.tgm.header,Tiny_4,53500950,1538
edd2bd2232737794,halls_arena_back_01_c9r16.tgm,Folders/art/models/terrain/endgame/karuiarena/2/tgms,1157044,3513071
d22a6e0268e572bd,halls_arena_back_01_c9r16.tgm.header,Tiny_4,53496948,4002
f733bcd22eec22a9,halls_arena_back_01_c9r15.tgm,Folders/art/models/terrain/endgame/karuiarena/D/tgms,1930245,1034967
b3845a478e0637e3,halls_arena_back_01_c9r15.tgm.header,Tiny_4,53495630,1318
9580409e0db5a8aa,halls_arena_back_01_c9r14.tgm,Folders/art/models/terrain/endgame/karuiarena/6/tgms,1102449,3513191
ecadc70616a33c84,halls_arena_back_01_c9r14.tgm.header,Tiny_4,53491628,4002
6890c4d84c6d962c,halls_arena_back_01_c9r13.tgm,Tiny_4,53489483,1881
fd7b8f20a1f8aca0,halls_arena_back_01_c9r13.tgm.header,Tiny_4,53491364,264
a261f8dd932c462c,halls_arena_back_01_c9r12.tgm,Tiny_4,53487494,1989
017fb8e89770c060,halls_arena_back_01_c9r12.tgm.header,Tiny_4,52056833,264
1408671d42d98570,halls_arena_back_01_c9r11.tgm,Folders/art/models/terrain/endgame/karuiarena/8/tgms,1213412,8023535
ca6cc4e8bd04600d,halls_arena_back_01_c9r11.tgm.header,Folders/art/models/terrain/endgame/3/theatre,555053,5058
37ae76074105fd43,halls_arena_back_01_c9r10.tgm,Tiny_4,53485289,2205
236e4446750cf271,halls_arena_back_01_c9r10.tgm.header,Tiny_4,53427689,264
e3532b9400938f61,halls_arena_back_01_c9r1.tgm,Tiny_4,53481926,3099
d03130e9883c900b,halls_arena_back_01_c9r1.tgm.header,Tiny_4,53485025,264
0319f5ce843d8d81,halls_arena_back_01_c8r9.tgm,Tiny_4,53479613,2313
bed1d900107b2682,halls_arena_back_01_c8r9.tgm.header,Tiny_5,35762125,264
cf2bec62728f5f13,halls_arena_back_01_c8r8.tgm,Tiny_4,53478164,1449
be20689fcda59995,halls_arena_back_01_c8r8.tgm.header,Tiny_5,35685616,264
e688857bc1bab7ed,halls_arena_back_01_c8r7.tgm,Tiny_4,53477471,693
256be5e4d1f2c7d2,halls_arena_back_01_c8r7.tgm.header,Tiny_5,55199424,264
4624321b078b87b1,halls_arena_back_01_c8r6.tgm,Tiny_4,53475526,1681
1000c959cd885930,halls_arena_back_01_c8r6.tgm.header,Tiny_4,53477207,264
563facb2f5a91c1d,halls_arena_back_01_c8r5.tgm,Tiny_4,53472655,2607
0cf348654312d381,halls_arena_back_01_c8r5.tgm.header,Tiny_4,53475262,264
04d6e08a7ca36832,halls_arena_back_01_c8r4.tgm,Tiny_4,53469562,2829
9fa640b607421938,halls_arena_back_01_c8r4.tgm.header,Tiny_4,53472391,264
4429cdae3388c5b0,halls_arena_back_01_c8r3.tgm,Tiny_4,53466331,2967
fb593dec9f6430f5,halls_arena_back_01_c8r3.tgm.header,Tiny_4,53469298,264
2ebc9a1a2bff3e9e,halls_arena_back_01_c8r28.tgm,Tiny_4,53465490,577
aec4bab3066f788f,halls_arena_back_01_c8r28.tgm.header,Tiny_4,53466067,264
30e2d0152f45e919,halls_arena_back_01_c8r27.tgm,Tiny_4,53464433,793
56d5683d690ab5a4,halls_arena_back_01_c8r27.tgm.header,Tiny_4,53465226,264
6f75c131833ac899,halls_arena_back_01_c8r26.tgm,Tiny_4,53462890,1279
a35ccd765f4fef21,halls_arena_back_01_c8r26.tgm.header,Tiny_4,53464169,264
6526d2c55ba41af3,halls_arena_back_01_c8r25.tgm,Tiny_4,53460861,1765
1a0f7141195df36c,halls_arena_back_01_c8r25.tgm.header,Tiny_4,53462626,264
d4891d9071c4dc92,halls_arena_back_01_c8r24.tgm,Tiny_4,53458454,2143
0e71f071cf30dcfa,halls_arena_back_01_c8r24.tgm.header,Tiny_4,53460597,264
5567a82407e51e79,halls_arena_back_01_c8r23.tgm,Tiny_4,53456047,2143
1949c3d3fc032004,halls_arena_back_01_c8r23.tgm.header,Tiny_4,53458190,264
0e08cce4d26cc082,halls_arena_back_01_c8r22.tgm,Tiny_4,53451966,3817
5f7643264486ab2b,halls_arena_back_01_c8r22.tgm.header,Tiny_4,53455783,264
04bcf6358eca2743,halls_arena_back_01_c8r21.tgm,Folders/art/models/terrain/endgame/karuiarena/E/tgms_2,40651,3516855
a0beb77ad94b3b03,halls_arena_back_01_c8r21.tgm.header,Tiny_4,53447876,4090
24e2ff2e3b30b1bf,halls_arena_back_01_c8r20.tgm,Tiny_4,53444033,3579
ae883cd26bddbc47,halls_arena_back_01_c8r20.tgm.header,Tiny_4,53447612,264
5d0b7abb77a02266,halls_arena_back_01_c8r2.tgm,Folders/art/models/terrain/doodads/endgame/harbingermap,2081609,4299
5389c2e0b4f26509,halls_arena_back_01_c8r2.tgm.header,Tiny_4,53443769,264
ab540069400d00c0,halls_arena_back_01_c8r19.tgm,Folders/art/models/terrain/doodads/endgame/harbingermap,637732,5259
9a64c7d80fd95e2e,halls_arena_back_01_c8r19.tgm.header,Tiny_4,53443505,264
94416f5b5ba24bda,halls_arena_back_01_c8r18.tgm,Folders/art/models/terrain/endgame/karuiarena/1/tgms,1069996,4079859
20f651aa796eb8d0,halls_arena_back_01_c8r18.tgm.header,Folders/art/models/terrain/endgame/3/theatre,564817,4618
76ddf673456d2d08,halls_arena_back_01_c8r17.tgm,Tiny_4,53439326,3915
653d4264159dde77,halls_arena_back_01_c8r17.tgm.header,Tiny_4,53443241,264
3080d298aebbad30,halls_arena_back_01_c8r16.tgm,Folders/art/models/terrain/endgame/karuiarena/5/tgms,1221047,4155
67cbba89703b6f48,halls_arena_back_01_c8r16.tgm.header,Tiny_4,53439062,264
bcb1db953c66e01d,halls_arena_back_01_c8r15.tgm,Tiny_4,53435957,2841
98c011e62b59686a,halls_arena_back_01_c8r15.tgm.header,Tiny_4,53438798,264
84547452d01468a5,halls_arena_back_01_c8r14.tgm,Tiny_4,53434184,1773
2e16c870a38f2dff,halls_arena_back_01_c8r14.tgm.header,Tiny_5,35680141,264
8758de1ad56f2972,halls_arena_back_01_c8r13.tgm,Tiny_4,53432303,1881
bd10274bf451af84,halls_arena_back_01_c8r13.tgm.header,Tiny_5,35799845,264
135b8c1d69e2fe00,halls_arena_back_01_c8r12.tgm,Tiny_4,53430050,1989
a5e3ff02e731d25d,halls_arena_back_01_c8r12.tgm.header,Tiny_4,53432039,264
505e25f85ae5b4dc,halls_arena_back_01_c8r11.tgm,Tiny_4,53427953,2097
1f737d135dd9f9fa,halls_arena_back_01_c8r11.tgm.header,Tiny_5,35769760,264
9a76cd0569bc32b0,halls_arena_back_01_c8r10.tgm,Tiny_4,53425484,2205
a378a41dd653c91b,halls_arena_back_01_c8r10.tgm.header,Tiny_4,53427689,264
693c8ebcb6dd81f0,halls_arena_back_01_c8r1.tgm,Tiny_4,53421713,3507
2bb062c81ce33c06,halls_arena_back_01_c8r1.tgm.header,Tiny_4,53425220,264
0335c3434cfb49b3,halls_arena_back_01_c7r9.tgm,Folders/art/models/terrain/doodads/endgame/harbingermap,2076932,4677
c14f53f67ddb4275,halls_arena_back_01_c7r9.tgm.header,Tiny_4,53421449,264
b701309eea944d1c,halls_arena_back_01_c7r8.tgm,Tiny_4,53417276,3909
48aa081f53e2fa30,halls_arena_back_01_c7r8.tgm.header,Tiny_4,53421185,264
59a8db3cd9a34e27,halls_arena_back_01_c7r7.tgm,Tiny_4,53414075,2937
fb2e378d12fed68e,halls_arena_back_01_c7r7.tgm.header,Tiny_4,53417012,264
7cf69f596a98e0f9,halls_arena_back_01_c7r6.tgm,Tiny_4,53411600,2211
66a1bb13e65f9e02,halls_arena_back_01_c7r6.tgm.header,Tiny_4,53413811,264
374d51ff25909f72,halls_arena_back_01_c7r5.tgm,Tiny_4,53408987,2349
b5caa7a6cd05b4e7,halls_arena_back_01_c7r5.tgm.header,Tiny_4,53411336,264
5c7dd4ca1e5cc1b8,halls_arena_back_01_c7r4.tgm,Tiny_4,53406040,2683
765bd3e11714d1fc,halls_arena_back_01_c7r4.tgm.header,Tiny_4,53408723,264
7c1a5c7bc934dc23,halls_arena_back_01_c7r3.tgm,Tiny_4,53403255,2521
468194bfe6b2aee5,halls_arena_back_01_c7r3.tgm.header,Tiny_4,53405776,264
4858785b657cc84c,halls_arena_back_01_c7r28.tgm,Tiny_4,53402198,793
78e792a40a44f4f0,halls_arena_back_01_c7r28.tgm.header,Tiny_4,53402991,264
b5bf06856f3d5b0a,halls_arena_back_01_c7r27.tgm,Tiny_4,53400655,1279
d235f8004f25942c,halls_arena_back_01_c7r27.tgm.header,Tiny_4,53401934,264
77d424c91446736b,halls_arena_back_01_c7r26.tgm,Tiny_4,53398842,1549
9e54737e488d2383,halls_arena_back_01_c7r26.tgm.header,Tiny_4,53400391,264
7f230393e26f027c,halls_arena_back_01_c7r25.tgm,Tiny_4,53397299,1279
ba394407ccf249c2,halls_arena_back_01_c7r25.tgm.header,Tiny_4,53398578,264
778325bafc079fbc,halls_arena_back_01_c7r24.tgm,Tiny_4,53395594,1441
8833d6d480da24df,halls_arena_back_01_c7r24.tgm.header,Tiny_4,53397035,264
07c392f6f51930ea,halls_arena_back_01_c7r23.tgm,Tiny_4,53392053,3277
7299efd424b672bf,halls_arena_back_01_c7r23.tgm.header,Tiny_4,53395330,264
0cd52134c5e1c9e1,halls_arena_back_01_c7r22.tgm,Tiny_4,53388728,3061
7e23280dcac0bca6,halls_arena_back_01_c7r22.tgm.header,Tiny_4,53391789,264
34aa25e787aad92d,halls_arena_back_01_c7r21.tgm,Tiny_4,53386427,2037
35821c953258cdd5,halls_arena_back_01_c7r21.tgm.header,Tiny_4,53388464,264
a054cd3e3536a977,halls_arena_back_01_c7r20.tgm,Tiny_4,53384036,2127
41e5a041b336a6a5,halls_arena_back_01_c7r20.tgm.header,Tiny_4,53386163,264
c08ee3fb5702d7a8,halls_arena_back_01_c7r2.tgm,Tiny_4,53380283,3489
4b49dc1ba0518191,halls_arena_back_01_c7r2.tgm.header,Tiny_4,53383772,264
b92705d0fe48e2f1,halls_arena_back_01_c7r19.tgm,Folders/art/models/terrain/endgame/karuiarena/0/tgms,1502701,4755
2e4abf082c14eda7,halls_arena_back_01_c7r19.tgm.header,Tiny_4,53380019,264
22a9f366d315c6d9,halls_arena_back_01_c7r18.tgm,Tiny_4,53376686,3069
690c3a57653b95d2,halls_arena_back_01_c7r18.tgm.header,Tiny_4,53379755,264
21e849a2051fb504,halls_arena_back_01_c7r17.tgm,Tiny_4,53373253,3169
f85cf578b9ab1223,halls_arena_back_01_c7r17.tgm.header,Tiny_4,53376422,264
9ce4b53c0b24716d,halls_arena_back_01_c7r16.tgm,Tiny_4,53369766,3223
07371ed83d63ab3f,halls_arena_back_01_c7r16.tgm.header,Tiny_4,53372989,264
8f2b65cdb8312451,halls_arena_back_01_c7r15.tgm,Tiny_4,53366181,3321
8baf5c10cc712231,halls_arena_back_01_c7r15.tgm.header,Tiny_4,53369502,264
d3bab6e3c7b07260,halls_arena_back_01_c7r14.tgm,Tiny_4,53361900,4017
12f760788dbd2f68,halls_arena_back_01_c7r14.tgm.header,Tiny_4,53365917,264
3fc6c9c776a27c0d,halls_arena_back_01_c7r13.tgm,Tiny_4,53358219,3417
e2c3611ec3ab8251,halls_arena_back_01_c7r13.tgm.header,Tiny_4,53361636,264
9de66b41711b8c00,halls_arena_back_01_c7r12.tgm,Tiny_4,53354166,3789
d1eac440aad8ef52,halls_arena_back_01_c7r12.tgm.header,Tiny_4,53357955,264
9e8bf9c331d03565,halls_arena_back_01_c7r11.tgm,Tiny_4,53349861,4041
fcb97e3fdcb86e86,halls_arena_back_01_c7r11.tgm.header,Tiny_4,53353902,264
4aa9a331ecee2a01,halls_arena_back_01_c7r10.tgm,Folders/art/models/terrain/endgame/karuiarena/D/tgms,1925874,4371
90c93c88518d0018,halls_arena_back_01_c7r10.tgm.header,Tiny_4,53349597,264
c2479303355be856,halls_arena_back_01_c7r1.tgm,Tiny_4,53345934,3399
1ce9cae722d21efb,halls_arena_back_01_c7r1.tgm.header,Tiny_4,53349333,264
61a1c301801e48cf,halls_arena_back_01_c6r9.tgm,Tiny_4,53341853,3817
9750a3fc09e2a522,halls_arena_back_01_c6r9.tgm.header,Tiny_4,53345670,264
c29dfc1f5a522f22,halls_arena_back_01_c6r8.tgm,Tiny_4,53337826,3763
84112b58968d23d1,halls_arena_back_01_c6r8.tgm.header,Tiny_4,53341589,264
a6b10f32e8378a60,halls_arena_back_01_c6r7.tgm,Folders/art/models/terrain/endgame/karuiarena/E/tgms_2,35862,4789
8f9929a171711102,halls_arena_back_01_c6r7.tgm.header,Tiny_4,53337562,264
c35778b564397da1,halls_arena_back_01_c6r6.tgm,Tiny_4,53333643,3655
7b49464c267fef79,halls_arena_back_01_c6r6.tgm.header,Tiny_4,53337298,264
447da2e64121aec0,halls_arena_back_01_c6r5.tgm,Tiny_4,53330858,2521
4b2d3617026d8573,halls_arena_back_01_c6r5.tgm.header,Tiny_4,53333379,264
518be54a07e02b1e,halls_arena_back_01_c6r4.tgm,Tiny_4,53327749,2845
b315dc0a5b49c2ea,halls_arena_back_01_c6r4.tgm.header,Tiny_4,53330594,264
2a4b45f3f5fd4033,halls_arena_back_01_c6r3.tgm,Tiny_4,53324640,2845
0aef99b6c804a4a2,halls_arena_back_01_c6r3.tgm.header,Tiny_4,53327485,264
9c8fb88e7df6b258,halls_arena_back_01_c6r28.tgm,Tiny_4,53323745,631
77fabe02cd65bf3b,halls_arena_back_01_c6r28.tgm.header,Tiny_4,53324376,264
5d38995ae03c1e40,halls_arena_back_01_c6r27.tgm,Tiny_4,53322742,739
607ad9abc2e044b9,halls_arena_back_01_c6r27.tgm.header,Tiny_4,53323481,264
4422365f08e54acb,halls_arena_back_01_c6r26.tgm,Tiny_4,53321631,847
9ef11e2b52e5312e,halls_arena_back_01_c6r26.tgm.header,Tiny_4,53322478,264
e4f750e445810e39,halls_arena_back_01_c6r25.tgm,Tiny_4,53320250,1117
fa5fbd7663bca1c4,halls_arena_back_01_c6r25.tgm.header,Tiny_4,53321367,264
3ed7dec9f1e1adba,halls_arena_back_01_c6r24.tgm,Tiny_4,53317033,2953
2d9e36c924835a3b,halls_arena_back_01_c6r24.tgm.header,Tiny_4,53319986,264
7109d4d02edc9897,halls_arena_back_01_c6r23.tgm,Tiny_4,53313816,2953
0025e62c2af569ef,halls_arena_back_01_c6r23.tgm.header,Tiny_4,53316769,264
0dfae4b5394d75aa,halls_arena_back_01_c6r22.tgm,Tiny_4,53312327,1225
ef4c20fe19d5c2b8,halls_arena_back_01_c6r22.tgm.header,Tiny_4,53313552,264
792d2b4379e61a7d,halls_arena_back_01_c6r21.tgm,Tiny_4,53310622,1441
afb3586539ce9962,halls_arena_back_01_c6r21.tgm.header,Tiny_4,53312063,264
ad781d595dec84d9,halls_arena_back_01_c6r20.tgm,Tiny_4,53308917,1441
53f6c7de98a613f6,halls_arena_back_01_c6r20.tgm.header,Tiny_4,53310358,264
d65c63b4fc690a96,halls_arena_back_01_c6r2.tgm,Tiny_4,53305314,3339
f8b83836813be957,halls_arena_back_01_c6r2.tgm.header,Tiny_4,53308653,264
a0eacf41d6bc6592,halls_arena_back_01_c6r19.tgm,Tiny_4,53301611,3439
6fc06b023a87a57b,halls_arena_back_01_c6r19.tgm.header,Tiny_4,53305050,264
0dec54fd3f45e148,halls_arena_back_01_c6r18.tgm,Tiny_4,53298178,3169
2e2e89a17d8f3199,halls_arena_back_01_c6r18.tgm.header,Tiny_4,53301347,264
58ffc23437293a1e,halls_arena_back_01_c6r17.tgm,Tiny_4,53294043,3871
ba67200701fdff0d,halls_arena_back_01_c6r17.tgm.header,Tiny_4,53297914,264
6d9534b01ea0f5e8,halls_arena_back_01_c6r16.tgm,Tiny_4,53290556,3223
0745ecfac8c92a0b,halls_arena_back_01_c6r16.tgm.header,Tiny_4,53293779,264
9c50df85753101f9,halls_arena_back_01_c6r15.tgm,Tiny_4,53288257,2035
510607d0f3104cbc,halls_arena_back_01_c6r15.tgm.header,Tiny_4,53290292,264
80133d6e13adde82,halls_arena_back_01_c6r14.tgm,Tiny_4,53284770,3223
2feb71d7081d4843,halls_arena_back_01_c6r14.tgm.header,Tiny_4,53287993,264
fdfc5f9ca85a9d93,halls_arena_back_01_c6r13.tgm,Tiny_4,53281499,3007
e710d0b18499a055,halls_arena_back_01_c6r13.tgm.header,Tiny_4,53284506,264
891230fecae0088a,halls_arena_back_01_c6r12.tgm,Tiny_4,53278174,3061
a3c11a31e803860d,halls_arena_back_01_c6r12.tgm.header,Tiny_4,53281235,264
e04cd2b64143cb5b,halls_arena_back_01_c6r11.tgm,Tiny_4,53274201,3709
8e1d950e938b20cf,halls_arena_back_01_c6r11.tgm.header,Tiny_4,53277910,264
89535fe203086735,halls_arena_back_01_c6r10.tgm,Tiny_4,53270120,3817
c47b0d776052e5cd,halls_arena_back_01_c6r10.tgm.header,Tiny_4,53273937,264
526e1849afa866d6,halls_arena_back_01_c6r1.tgm,Tiny_4,53267087,2769
a8de5e8e6d763ff7,halls_arena_back_01_c6r1.tgm.header,Tiny_4,53269856,264
e398f692a530c511,halls_arena_back_01_c5r9.tgm,Tiny_4,53262898,3925
e885cc7e64a03fa9,halls_arena_back_01_c5r9.tgm.header,Tiny_4,53266823,264
24df8b260b1d8488,halls_arena_back_01_c5r8.tgm,Tiny_4,53259789,2845
854124602cbe7ffe,halls_arena_back_01_c5r8.tgm.header,Tiny_4,53262634,264
e48f77c870262fb4,halls_arena_back_01_c5r7.tgm,Tiny_4,53255708,3817
863804ea4ca85773,halls_arena_back_01_c5r7.tgm.header,Tiny_4,53259525,264
7b56e813d4d4b06c,halls_arena_back_01_c5r6.tgm,Folders/art/models/terrain/doodads/endgame/harbingermap,632835,4897
da75e527c4b2ecf5,halls_arena_back_01_c5r6.tgm.header,Tiny_4,53255444,264
1e080638162ac455,halls_arena_back_01_c5r5.tgm,Tiny_4,53251363,3817
c663c85d734e8404,halls_arena_back_01_c5r5.tgm.header,Tiny_4,53255180,264
ef5bc5900d21e97f,halls_arena_back_01_c5r4.tgm,Tiny_4,53248578,2521
6e98a9db62ed1716,halls_arena_back_01_c5r4.tgm.header,Tiny_4,53251099,264
20efdf78ea66c974,halls_arena_back_01_c5r3.tgm,Tiny_4,53245577,2737
70c13a536a71beef,halls_arena_back_01_c5r3.tgm.header,Tiny_4,53248314,264
a16fe3ad63291539,halls_arena_back_01_c5r28.tgm,Tiny_4,53244844,469
1f079293c7806d09,halls_arena_back_01_c5r28.tgm.header,Tiny_4,53245313,264
d5548713c864757c,halls_arena_back_01_c5r27.tgm,Tiny_4,53243841,739
2b0f99128fbf3027,halls_arena_back_01_c5r27.tgm.header,Tiny_4,53244580,264
97d7bb2d5ffee729,halls_arena_back_01_c5r26.tgm,Tiny_4,53242568,1009
13a6c4a97e3a1c03,halls_arena_back_01_c5r26.tgm.header,Tiny_4,53243577,264
f03d03959a840de5,halls_arena_back_01_c5r25.tgm,Tiny_4,53239783,2521
0386d3ac59cd7d68,halls_arena_back_01_c5r25.tgm.header,Tiny_4,53242304,264
1e0aca8030b07fa0,halls_arena_back_01_c5r24.tgm,Tiny_4,53236998,2521
55a669adaf2bff34,halls_arena_back_01_c5r24.tgm.header,Tiny_4,53239519,264
4e19eb89d2a4dd17,halls_arena_back_01_c5r23.tgm,Tiny_4,53235617,1117
ad0d13b48a1f93c0,halls_arena_back_01_c5r23.tgm.header,Tiny_4,53236734,264
41239887fc8f77b0,halls_arena_back_01_c5r22.tgm,Tiny_4,53234020,1333
be49377b626368dc,halls_arena_back_01_c5r22.tgm.header,Tiny_4,53235353,264
8a0f5bac8879cd75,halls_arena_back_01_c5r21.tgm,Tiny_4,53232261,1495
513a76f044a95f8d,halls_arena_back_01_c5r21.tgm.header,Tiny_4,53233756,264
75cac45d600f334f,halls_arena_back_01_c5r20.tgm,Tiny_4,53230448,1549
d3d029e61c455738,halls_arena_back_01_c5r20.tgm.header,Tiny_4,53231997,264
730ee35366ce9cd3,halls_arena_back_01_c5r2.tgm,Tiny_4,53227663,2521
db5812f9454bd679,halls_arena_back_01_c5r2.tgm.header,Tiny_4,53230184,264
2ed221a74d9ace3b,halls_arena_back_01_c5r19.tgm,Tiny_4,53223798,3601
af777d5e029e57d3,halls_arena_back_01_c5r19.tgm.header,Tiny_4,53227399,264
fd3c1e619c62788e,halls_arena_back_01_c5r18.tgm,Tiny_4,53220311,3223
a63994e07448ce77,halls_arena_back_01_c5r18.tgm.header,Tiny_4,53223534,264
9025f5a2f6f923ec,halls_arena_back_01_c5r17.tgm,Tiny_4,53217256,2791
982fdc9591d4d75e,halls_arena_back_01_c5r17.tgm.header,Tiny_4,53220047,264
cb92c63d30251f36,halls_arena_back_01_c5r16.tgm,Tiny_4,53214957,2035
d8a4fa8b65eb05bd,halls_arena_back_01_c5r16.tgm.header,Tiny_4,53216992,264
09789f8dab83d293,halls_arena_back_01_c5r15.tgm,Tiny_4,53212604,2089
47df1fbba1c07841,halls_arena_back_01_c5r15.tgm.header,Tiny_4,53214693,264
801a5c23ad6243ed,halls_arena_back_01_c5r14.tgm,Tiny_4,53209279,3061
8f827f6cf78bd7b6,halls_arena_back_01_c5r14.tgm.header,Tiny_4,53212340,264
bbb4d7f112208608,halls_arena_back_01_c5r13.tgm,Tiny_4,53205414,3601
073ee975c3a86364,halls_arena_back_01_c5r13.tgm.header,Tiny_4,53209015,264
91e21196c10f7319,halls_arena_back_01_c5r12.tgm,Tiny_4,53202143,3007
70c4bb9518ae2248,halls_arena_back_01_c5r12.tgm.header,Tiny_4,53205150,264
d71d876b4662d53b,halls_arena_back_01_c5r11.tgm,Tiny_4,53198062,3817
11fa682c29b25e00,halls_arena_back_01_c5r11.tgm.header,Tiny_4,53201879,264
1b97f12b87964863,halls_arena_back_01_c5r10.tgm,Folders/art/models/terrain/doodads/endgame/harbingermap,627992,4843
43da889385776b33,halls_arena_back_01_c5r10.tgm.header,Tiny_4,53197798,264
ea7598ad2173da59,halls_arena_back_01_c5r1.tgm,Tiny_4,53195931,1603
ac391a9a66f57f24,halls_arena_back_01_c5r1.tgm.header,Tiny_4,53197534,264
51c4ca52d738d83e,halls_arena_back_01_c4r9.tgm,Tiny_4,53193038,2629
e00f4c45bb45c569,halls_arena_back_01_c4r9.tgm.header,Tiny_4,53195667,264
412e7adefcedbedd,halls_arena_back_01_c4r8.tgm,Tiny_4,53189929,2845
82fa3b4e47dca00c,halls_arena_back_01_c4r8.tgm.header,Tiny_4,53192774,264
31cd884a7ae7bb42,halls_arena_back_01_c4r7.tgm,Tiny_4,53186604,3061
60159b7d618fa1f0,halls_arena_back_01_c4r7.tgm.header,Tiny_4,53189665,264
80414c65f99026c9,halls_arena_back_01_c4r6.tgm,Tiny_4,53182793,3547
e486962cc6adaaa5,halls_arena_back_01_c4r6.tgm.header,Tiny_4,53186340,264
c4b0f89502a878a6,halls_arena_back_01_c4r5.tgm,Folders/art/models/terrain/endgame/karuiarena/B/tgms,1064338,4519
a36704df6222a162,halls_arena_back_01_c4r5.tgm.header,Tiny_4,53182529,264
175ad88246f22649,halls_arena_back_01_c4r4.tgm,Tiny_4,53178340,3925
4d55e0fb92adf9db,halls_arena_back_01_c4r4.tgm.header,Tiny_4,53182265,264
e2c43be9cbf269f0,halls_arena_back_01_c4r3.tgm,Tiny_4,53175447,2629
67fcc875b79c62f8,halls_arena_back_01_c4r3.tgm.header,Tiny_4,53178076,264
e1503e22acc59304,halls_arena_back_01_c4r28.tgm,Tiny_4,53174714,469
907afb713b0baf1d,halls_arena_back_01_c4r28.tgm.header,Tiny_4,53175183,264
297ac281e7e26d76,halls_arena_back_01_c4r27.tgm,Tiny_4,53173549,901
ed5cb22865b76054,halls_arena_back_01_c4r27.tgm.header,Tiny_4,53174450,264
19eefbdfce793fbe,halls_arena_back_01_c4r26.tgm,Tiny_4,53171196,2089
6bfdcf7b250c90b4,halls_arena_back_01_c4r26.tgm.header,Tiny_4,53173285,264
bd9892f860afc69d,halls_arena_back_01_c4r25.tgm,Tiny_4,53168843,2089
cffb252c5d3834e8,halls_arena_back_01_c4r25.tgm.header,Tiny_4,53170932,264
cde58f364cc4fd16,halls_arena_back_01_c4r24.tgm,Tiny_4,53167570,1009
d64355dd9037a007,halls_arena_back_01_c4r24.tgm.header,Tiny_4,53168579,264
bd800ea70cbf4feb,halls_arena_back_01_c4r23.tgm,Tiny_4,53166081,1225
1e9e6f6f993be922,halls_arena_back_01_c4r23.tgm.header,Tiny_4,53167306,264
2963c2f7067cac20,halls_arena_back_01_c4r22.tgm,Tiny_4,53164322,1495
a865d5bf6557152e,halls_arena_back_01_c4r22.tgm.header,Tiny_4,53165817,264
6c7d68c8a6d750b7,halls_arena_back_01_c4r21.tgm,Tiny_4,53162563,1495
550ccb35aec0b724,halls_arena_back_01_c4r21.tgm.header,Tiny_4,53164058,264
fa132209085f380e,halls_arena_back_01_c4r20.tgm,Tiny_4,53160642,1657
34a5b9b622eb7ccd,halls_arena_back_01_c4r20.tgm.header,Tiny_4,53162299,264
c3d64d749242ca46,halls_arena_back_01_c4r2.tgm,Tiny_4,53157857,2521
d339edf3d6ff75a7,halls_arena_back_01_c4r2.tgm.header,Tiny_4,53160378,264
b7d5431fa2a4feae,halls_arena_back_01_c4r19.tgm,Tiny_4,53154208,3385
ba01921403c8c0d3,halls_arena_back_01_c4r19.tgm.header,Tiny_4,53157593,264
47b63771fb291853,halls_arena_back_01_c4r18.tgm,Tiny_4,53150883,3061
af1c63e3f56420dd,halls_arena_back_01_c4r18.tgm.header,Tiny_4,53153944,264
79e8c16c56511e75,halls_arena_back_01_c4r17.tgm,Tiny_4,53148206,2413
1fa04082c9e2e9de,halls_arena_back_01_c4r17.tgm.header,Tiny_4,53150619,264
060070c2203a0c7b,halls_arena_back_01_c4r16.tgm,Tiny_4,53145961,1981
be5a8319528bf1d8,halls_arena_back_01_c4r16.tgm.header,Tiny_4,53147942,264
141c6cb96eecadc0,halls_arena_back_01_c4r15.tgm,Tiny_4,53143500,2197
498da081aa49366e,halls_arena_back_01_c4r15.tgm.header,Tiny_4,53145697,264
afdbd13ae752e4e6,halls_arena_back_01_c4r14.tgm,Tiny_4,53140823,2413
70fa9bec97db7980,halls_arena_back_01_c4r14.tgm.header,Tiny_4,53143236,264
b9a33ba158a0d6e4,halls_arena_back_01_c4r13.tgm,Tiny_4,53137282,3277
d6ad890a52d599e0,halls_arena_back_01_c4r13.tgm.header,Tiny_4,53140559,264
7e2284c5b1e78ffb,halls_arena_back_01_c4r12.tgm,Tiny_4,53133741,3277
ba92c6fb0de58710,halls_arena_back_01_c4r12.tgm.header,Tiny_4,53137018,264
a55b3636c4c495fb,halls_arena_back_01_c4r11.tgm,Tiny_4,53129606,3871
210d2377b9685847,halls_arena_back_01_c4r11.tgm.header,Tiny_4,53133477,264
7197932a4e2967d6,halls_arena_back_01_c4r10.tgm,Tiny_4,53125417,3925
1728c1b902a19b3d,halls_arena_back_01_c4r10.tgm.header,Tiny_4,53129342,264
c4ce63d826de4cfa,halls_arena_back_01_c4r1.tgm,Tiny_4,53123442,1711
01599d1a3bbbcbcf,halls_arena_back_01_c4r1.tgm.header,Tiny_4,53125153,264
4a48ef347d963b4f,halls_arena_back_01_c3r9.tgm,Tiny_4,53120549,2629
ca7c71a539b32630,halls_arena_back_01_c3r9.tgm.header,Tiny_4,53123178,264
45870bcb09f9845f,halls_arena_back_01_c3r8.tgm,Tiny_4,53117440,2845
aa8ef22d3adea5db,halls_arena_back_01_c3r8.tgm.header,Tiny_4,53120285,264
b7a68955552fa959,halls_arena_back_01_c3r7.tgm,Tiny_4,53114115,3061
9b04917169b9b32c,halls_arena_back_01_c3r7.tgm.header,Tiny_4,53117176,264
06ae53d4d65ba8db,halls_arena_back_01_c3r6.tgm,Tiny_4,53110574,3277
05050e7946a01b51,halls_arena_back_01_c3r6.tgm.header,Tiny_4,53113851,264
3cf454931f93588b,halls_arena_back_01_c3r5.tgm,Tiny_4,53106709,3601
b889506514f28dfc,halls_arena_back_01_c3r5.tgm.header,Tiny_4,53110310,264
9b199c891356e0e5,halls_arena_back_01_c3r4.tgm,Folders/art/models/terrain/doodads/endgame/harbingermap,623365,4627
e3bb245fc6c88fab,halls_arena_back_01_c3r4.tgm.header,Tiny_4,53106445,264
25294b30515998e0,halls_arena_back_01_c3r3.tgm,Folders/art/models/terrain/endgame/karuiarena/7/tgms_2,26807,4141
23108c0fd98b7719,halls_arena_back_01_c3r3.tgm.header,Tiny_4,53106181,264
e3ab1fbeecae9ecb,halls_arena_back_01_c3r28.tgm,Tiny_4,53105286,631
838a6bc298073759,halls_arena_back_01_c3r28.tgm.header,Tiny_4,53105917,264
0782f534795f1431,halls_arena_back_01_c3r27.tgm,Tiny_4,53103365,1657
70a620a6b3d9d79c,halls_arena_back_01_c3r27.tgm.header,Tiny_4,53105022,264
ba86bd751312770f,halls_arena_back_01_c3r26.tgm,Tiny_4,53101444,1657
a9b36a6e5fbe5026,halls_arena_back_01_c3r26.tgm.header,Tiny_4,53103101,264
8a14c2a064e7c80c,halls_arena_back_01_c3r25.tgm,Tiny_4,53100279,901
d9fea950f2a38485,halls_arena_back_01_c3r25.tgm.header,Tiny_4,53101180,264
a0850daaa9749c89,halls_arena_back_01_c3r24.tgm,Tiny_4,53098898,1117
31cb8dba6b632552,halls_arena_back_01_c3r24.tgm.header,Tiny_4,53100015,264
e618f52fadf63875,halls_arena_back_01_c3r23.tgm,Tiny_4,53097301,1333
08213c8e1ddbb863,halls_arena_back_01_c3r23.tgm.header,Tiny_4,53098634,264
730f25ee6480b917,halls_arena_back_01_c3r22.tgm,Tiny_4,53095596,1441
a0f5d933bef48ab1,halls_arena_back_01_c3r22.tgm.header,Tiny_4,53097037,264
f760053e18e931d3,halls_arena_back_01_c3r21.tgm,Tiny_4,53093999,1333
e18ed30b467440de,halls_arena_back_01_c3r21.tgm.header,Tiny_4,53095332,264
4aaa00f45116428d,halls_arena_back_01_c3r20.tgm,Tiny_4,53091700,2035
b5d5fd111df92fdf,halls_arena_back_01_c3r20.tgm.header,Tiny_4,53093735,264
9ec5d26fcb3d7c7b,halls_arena_back_01_c3r2.tgm,Tiny_4,53088915,2521
fd54fd4236f47610,halls_arena_back_01_c3r2.tgm.header,Tiny_4,53091436,264
e1ee90397f804866,halls_arena_back_01_c3r19.tgm,Tiny_4,53085266,3385
abd4c7e0dc7c3f68,halls_arena_back_01_c3r19.tgm.header,Tiny_4,53088651,264
d4c0a45249de0d33,halls_arena_back_01_c3r18.tgm,Tiny_4,53082589,2413
7bac1742fb4788db,halls_arena_back_01_c3r18.tgm.header,Tiny_4,53085002,264
f407a53c555ee12c,halls_arena_back_01_c3r17.tgm,Tiny_4,53080560,1765
04f9cfa01dfaaa08,halls_arena_back_01_c3r17.tgm.header,Tiny_4,53082325,264
1b495fe149107043,halls_arena_back_01_c3r16.tgm,Tiny_4,53078315,1981
be05e6b4920a566b,halls_arena_back_01_c3r16.tgm.header,Tiny_4,53080296,264
2911dd78cb7beb2c,halls_arena_back_01_c3r15.tgm,Tiny_4,53075854,2197
9fadb1d6d4a8f087,halls_arena_back_01_c3r15.tgm.header,Tiny_4,53078051,264
7f78c87df03dc602,halls_arena_back_01_c3r14.tgm,Tiny_4,53073177,2413
d0f1f5518c87b1d9,halls_arena_back_01_c3r14.tgm.header,Tiny_4,53075590,264
dc00beb654843f8f,halls_arena_back_01_c3r13.tgm,Tiny_4,53069852,3061
079e97df7927a536,halls_arena_back_01_c3r13.tgm.header,Tiny_4,53072913,264
a36e60f33e902c20,halls_arena_back_01_c3r12.tgm,Tiny_4,53066041,3547
938280b80bbec45c,halls_arena_back_01_c3r12.tgm.header,Tiny_4,53069588,264
0e9e984e94cc5cd1,halls_arena_back_01_c3r11.tgm,Tiny_4,53061798,3979
acb9d0af045424a5,halls_arena_back_01_c3r11.tgm.header,Tiny_4,53065777,264
2e97e9abb27dfff2,halls_arena_back_01_c3r10.tgm,Tiny_4,53058203,3331
fab662fa1339428a,halls_arena_back_01_c3r10.tgm.header,Tiny_4,53061534,264
a3c934ad5f5b5dfe,halls_arena_back_01_c3r1.tgm,Tiny_4,53056282,1657
a09c9cb1e1266df8,halls_arena_back_01_c3r1.tgm.header,Tiny_4,53057939,264
5edc654d10e7a6d3,halls_arena_back_01_c30r9.tgm,Folders/art/models/terrain/doodads/endgame/harbingermap,618222,5143
8efe1562b4074e86,halls_arena_back_01_c30r9.tgm.header,Tiny_4,53056018,264
17856123799f1e49,halls_arena_back_01_c30r8.tgm,Folders/art/models/terrain/endgame/karuiarena/7/tgms_2,22396,4411
d19b9e4ef7f33ebe,halls_arena_back_01_c30r8.tgm.header,Tiny_4,53055754,264
6224206d5c44f158,halls_arena_back_01_c30r7.tgm,Folders/art/models/terrain/endgame/karuiarena/1/tgms,1065423,4573
5e57d788f1b74a5a,halls_arena_back_01_c30r7.tgm.header,Tiny_4,53055490,264
37352910dce778dc,halls_arena_back_01_c30r6.tgm,Folders/art/models/terrain/endgame/karuiarena/E/tgms_2,28427,7435
631039ae4634c483,halls_arena_back_01_c30r6.tgm.header,Tiny_4,53055226,264
d9c23574c119b089,halls_arena_back_01_c30r5.tgm,Folders/art/models/terrain/endgame/karuiarena/0/tgms,1496508,6193
8429fe5cc98896ad,halls_arena_back_01_c30r5.tgm.header,Tiny_4,53054962,264
02dfa388bc8dbee8,halls_arena_back_01_c30r4.tgm,Folders/art/models/terrain/endgame/karuiarena/8/tgms,1208569,4843
bcaa5df3034a18df,halls_arena_back_01_c30r4.tgm.header,Tiny_4,53054698,264
f8eb97d444b159af,halls_arena_back_01_c30r3.tgm,Folders/art/models/terrain/endgame/karuiarena/6/tgms,1097444,5005
f026450daf58941d,halls_arena_back_01_c30r3.tgm.header,Tiny_4,53054434,264
40906de361840a2c,halls_arena_back_01_c30r28.tgm,Tiny_4,53051325,2845
bc9cbcc2ce6a2f2e,halls_arena_back_01_c30r28.tgm.header,Tiny_4,53054170,264
68c2ab454bef3fbf,halls_arena_back_01_c30r27.tgm,Folders/art/models/terrain/endgame/karuiarena/6/tgms,1092493,4951
d974293b11f10f11,halls_arena_back_01_c30r27.tgm.header,Tiny_4,53051061,264
d52a0ef3e6ec3696,halls_arena_back_01_c30r26.tgm,Folders/art/models/terrain/endgame/karuiarena/2/tgms,1152525,4519
a598c9e08726a1e1,halls_arena_back_01_c30r26.tgm.header,Tiny_4,53050797,264
05717d77ccd56b0f,halls_arena_back_01_c30r25.tgm,Folders/art/models/terrain/endgame/karuiarena/3/tgms_1,42582,5187
79d660133f270e9b,halls_arena_back_01_c30r25.tgm.header,Tiny_4,53050533,264
f8f6ba4ca363e1d1,halls_arena_back_01_c30r24.tgm,Folders/art/models/terrain/endgame/karuiarena/8/tgms,1202116,6453
6a5585a290bf1870,halls_arena_back_01_c30r24.tgm.header,Tiny_4,53050269,264
f48a5a66fd483733,halls_arena_back_01_c30r23.tgm,Folders/art/models/terrain/doodads/endgame/harbingermap,2114244,5433
5c873e09060faf7e,halls_arena_back_01_c30r23.tgm.header,Tiny_4,53050005,264
515d76375f76854e,halls_arena_back_01_c30r22.tgm,Folders/art/models/terrain/endgame/karuiarena/5/tgms,1214714,6333
4dbd8c973c497cfd,halls_arena_back_01_c30r22.tgm.header,Tiny_4,53049741,264
217db7e35d693e16,halls_arena_back_01_c30r21.tgm,Folders/art/models/terrain/endgame/karuiarena/5/tgms,1208375,6339
005fdb7fcbe4f2ca,halls_arena_back_01_c30r21.tgm.header,Tiny_4,53049477,264
fda93d139e23eed4,halls_arena_back_01_c30r20.tgm,Folders/art/models/terrain/endgame/karuiarena/2/tgms,1145808,6717
4ccd58419baf655c,halls_arena_back_01_c30r20.tgm.header,Tiny_4,53049213,264
9fc26c368114d872,halls_arena_back_01_c30r2.tgm,Folders/art/models/terrain/endgame/karuiarena/B/tgms,1057767,6571
e6f6093beadcf3e5,halls_arena_back_01_c30r2.tgm.header,Tiny_4,53048949,264
25dd4180660ffc75,halls_arena_back_01_c30r19.tgm,Folders/art/models/terrain/doodads/endgame/harbingermap,2071675,5257
d82d9f34997d755d,halls_arena_back_01_c30r19.tgm.header,Tiny_4,53048685,264
20f82551f16633f3,halls_arena_back_01_c30r18.tgm,Folders/art/models/terrain/doodads/endgame/harbingermap,2066070,5605
3e14b49d607f39eb,halls_arena_back_01_c30r18.tgm.header,Tiny_4,53048421,264
73e4b0a48f4abaef,halls_arena_back_01_c30r17.tgm,Folders/art/models/terrain/endgame/karuiarena/2/tgms,1141559,4249
87d1d5bc82d9fdf3,halls_arena_back_01_c30r17.tgm.header,Tiny_4,53048157,264
cf1bde91af4ce403,halls_arena_back_01_c30r16.tgm,Folders/art/models/terrain/endgame/karuiarena/6/tgms,1088082,4411
a986ad5dcce52a31,halls_arena_back_01_c30r16.tgm.header,Tiny_4,53047893,264
e9ee44b39c5f9c4d,halls_arena_back_01_c30r15.tgm,Folders/art/models/terrain/doodads/endgame/harbingermap,2109239,5005
eb07f6c7ca7de771,halls_arena_back_01_c30r15.tgm.header,Tiny_4,53047629,264
2b20fd27fe2d91ec,halls_arena_back_01_c30r14.tgm,Folders/art/models/terrain/endgame/karuiarena/8/tgms,1194033,8083
76711c6b974dbf26,halls_arena_back_01_c30r14.tgm.header,Tiny_4,53047365,264
c6948a325bb2b9fe,halls_arena_back_01_c30r13.tgm,Folders/art/models/terrain/endgame/karuiarena/0/tgms,1490645,5863
c5b142d22ca1a6c6,halls_arena_back_01_c30r13.tgm.header,Tiny_4,53047101,264
b3d9613585b87d2f,halls_arena_back_01_c30r12.tgm,Folders/art/models/terrain/doodads/endgame/harbingermap,2061173,4897
d36617436473549b,halls_arena_back_01_c30r12.tgm.header,Tiny_4,53046837,264
bf404578e7300438,halls_arena_back_01_c30r11.tgm,Folders/art/models/terrain/endgame/karuiarena/B/tgms,1051820,5947
80fe3e57294d45de,halls_arena_back_01_c30r11.tgm.header,Tiny_4,53046573,264
249beec5db8cf103,halls_arena_back_01_c30r10.tgm,Folders/art/models/terrain/endgame/karuiarena/2/tgms,1135906,5653
a0e3c6b6a4d0bbdc,halls_arena_back_01_c30r10.tgm.header,Tiny_4,53046309,264
62276d396ae812a0,halls_arena_back_01_c30r1.tgm,Folders/art/models/terrain/endgame/karuiarena/3/tgms_1,37391,5191
dd8a928e48a37f38,halls_arena_back_01_c30r1.tgm.header,Tiny_4,53046045,264
0c5ad0b3666a95fc,halls_arena_back_01_c2r9.tgm,Tiny_4,53043044,2737
f45bbbdd97ffee3a,halls_arena_back_01_c2r9.tgm.header,Tiny_4,53045781,264
bedbcab8dbbf2f08,halls_arena_back_01_c2r8.tgm,Tiny_4,53039827,2953
74adabac05d22422,halls_arena_back_01_c2r8.tgm.header,Tiny_4,53042780,264
09a935c30d092745,halls_arena_back_01_c2r7.tgm,Tiny_4,53036394,3169
536095f3797ceb6c,halls_arena_back_01_c2r7.tgm.header,Tiny_4,53039563,264
6efdf140d01cdbce,halls_arena_back_01_c2r6.tgm,Tiny_4,53032745,3385
2836df5442793d32,halls_arena_back_01_c2r6.tgm.header,Tiny_4,53036130,264
1fde00a69acc20e5,halls_arena_back_01_c2r5.tgm,Tiny_4,53028880,3601
81dbb4f0777becd5,halls_arena_back_01_c2r5.tgm.header,Tiny_4,53032481,264
da46bd69009d64b7,halls_arena_back_01_c2r4.tgm,Tiny_4,53024799,3817
0ec3330d0401acd5,halls_arena_back_01_c2r4.tgm.header,Tiny_4,53028616,264
f2b0ee73544e5a3f,halls_arena_back_01_c2r3.tgm,Folders/art/models/terrain/doodads/endgame/harbingermap,613379,4843
d19b9b95f1d9d98a,halls_arena_back_01_c2r3.tgm.header,Tiny_4,53024535,264
6e9b482c015092d4,halls_arena_back_01_c2r28.tgm,Tiny_4,53023262,1009
a5a747e281a01ffa,halls_arena_back_01_c2r28.tgm.header,Tiny_4,53024271,264
da6710448dc64b05,halls_arena_back_01_c2r27.tgm,Tiny_4,53021773,1225
e159ed074a92b1da,halls_arena_back_01_c2r27.tgm.header,Tiny_4,53022998,264
24ab3dc800555c3a,halls_arena_back_01_c2r26.tgm,Tiny_4,53020716,793
207363835e7717f3,halls_arena_back_01_c2r26.tgm.header,Tiny_4,53021509,264
d9b692a8f1cbe2d4,halls_arena_back_01_c2r25.tgm,Tiny_4,53019443,1009
c3f4144c234bcffb,halls_arena_back_01_c2r25.tgm.header,Tiny_4,53020452,264
a924be500091cdac,halls_arena_back_01_c2r24.tgm,Tiny_4,53017954,1225
00cf55ebfd371cc8,halls_arena_back_01_c2r24.tgm.header,Tiny_4,53019179,264
5943844f1ee8e56a,halls_arena_back_01_c2r23.tgm,Tiny_4,53016195,1495
37f6ad9474b72bd4,halls_arena_back_01_c2r23.tgm.header,Tiny_4,53017690,264
5e3cc76922eee498,halls_arena_back_01_c2r22.tgm,Tiny_4,53014490,1441
d255c2be2a001cd6,halls_arena_back_01_c2r22.tgm.header,Tiny_4,53015931,264
9f22ceff7d8597ac,halls_arena_back_01_c2r21.tgm,Tiny_4,53012893,1333
d524e7823e15d103,halls_arena_back_01_c2r21.tgm.header,Tiny_4,53014226,264
cdf892344d1e4739,halls_arena_back_01_c2r20.tgm,Tiny_4,53010540,2089
21b1dcce77dd4733,halls_arena_back_01_c2r20.tgm.header,Tiny_4,53012629,264
9cd62334b8414197,halls_arena_back_01_c2r2.tgm,Tiny_4,53006297,3979
b5bae1ef41db2428,halls_arena_back_01_c2r2.tgm.header,Tiny_4,53010276,264
78f7e222606c87fa,halls_arena_back_01_c2r19.tgm,Tiny_4,53003566,2467
372e8e4a221f434c,halls_arena_back_01_c2r19.tgm.header,Tiny_4,53006033,264
a5cd2538ba9b95e7,halls_arena_back_01_c2r18.tgm,Tiny_4,53001591,1711
a5edfbc67f738b21,halls_arena_back_01_c2r18.tgm.header,Tiny_4,53003302,264
cbc7451c1a724b24,halls_arena_back_01_c2r17.tgm,Tiny_4,52999454,1873
e63dad5571d73104,halls_arena_back_01_c2r17.tgm.header,Tiny_4,53001327,264
3ef5aac9829cf5a8,halls_arena_back_01_c2r16.tgm,Tiny_4,52997101,2089
568e1a55cdeb4740,halls_arena_back_01_c2r16.tgm.header,Tiny_4,52999190,264
0f53cc982c0329e4,halls_arena_back_01_c2r15.tgm,Tiny_4,52994532,2305
e31c9de67f2b7f73,halls_arena_back_01_c2r15.tgm.header,Tiny_4,52996837,264
c252b91534c91357,halls_arena_back_01_c2r14.tgm,Tiny_4,52991747,2521
80bf2cc4404a52f9,halls_arena_back_01_c2r14.tgm.header,Tiny_4,52994268,264
b0ebd85ca3c5ac29,halls_arena_back_01_c2r13.tgm,Tiny_4,52988746,2737
f11cf6b856056879,halls_arena_back_01_c2r13.tgm.header,Tiny_4,52991483,264
589d639e235a964c,halls_arena_back_01_c2r12.tgm,Tiny_4,52985367,3115
14f3ee27cdaca7c4,halls_arena_back_01_c2r12.tgm.header,Tiny_4,52988482,264
6da64c7571491379,halls_arena_back_01_c2r11.tgm,Tiny_4,52981394,3709
a116001039839a3b,halls_arena_back_01_c2r11.tgm.header,Tiny_4,52985103,264
f0cfa9bfae477aaf,halls_arena_back_01_c2r10.tgm,Tiny_4,52978285,2845
ac610ceb2f30d2af,halls_arena_back_01_c2r10.tgm.header,Tiny_4,52981130,264
6b65f100d45d779b,halls_arena_back_01_c2r1.tgm,Tiny_4,52976472,1549
e65207d692e35246,halls_arena_back_01_c2r1.tgm.header,Tiny_4,52978021,264
6f727ab35f714313,halls_arena_back_01_c29r9.tgm,Tiny_4,52973255,2953
990508bb5e667ce1,halls_arena_back_01_c29r9.tgm.header,Tiny_4,52976208,264
e9660a1f4a1ce496,halls_arena_back_01_c29r8.tgm,Tiny_4,52970038,2953
b00c1d4e4fef91e6,halls_arena_back_01_c29r8.tgm.header,Tiny_4,52972991,264
8ddcf63284fedd43,halls_arena_back_01_c29r7.tgm,Folders/art/models/terrain/endgame/karuiarena/6/tgms,1081457,6625
f083e2395cd3567f,halls_arena_back_01_c29r7.tgm.header,Tiny_4,52969774,264
c9246b67c0270d67,halls_arena_back_01_c29r6.tgm,Folders/art/models/terrain/doodads/endgame/harbingermap,606268,7111
dcdad3f465663214,halls_arena_back_01_c29r6.tgm.header,Tiny_4,52969510,264
feb26e722506f240,halls_arena_back_01_c29r5.tgm,Tiny_4,52965861,3385
c58214dd8eaab859,halls_arena_back_01_c29r5.tgm.header,Tiny_4,52969246,264
c45fd2cc254cc130,halls_arena_back_01_c29r4.tgm,Tiny_4,52962212,3385
27b41c90fa38a473,halls_arena_back_01_c29r4.tgm.header,Tiny_4,52965597,264
d611578529fa24a3,halls_arena_back_01_c29r3.tgm,Folders/art/models/terrain/endgame/karuiarena/5/tgms,1202614,5761
078c8d4921758a7d,halls_arena_back_01_c29r3.tgm.header,Tiny_4,52961948,264
5d4d3c8fa7c2c7c3,halls_arena_back_01_c29r28.tgm,Tiny_4,52959487,2197
aa555cc96c1db8cc,halls_arena_back_01_c29r28.tgm.header,Tiny_4,52961684,264
5f13718a6f24da42,halls_arena_back_01_c29r27.tgm,Folders/art/models/terrain/endgame/karuiarena/2/tgms,1131225,4681
a8a5ed899de66cad,halls_arena_back_01_c29r27.tgm.header,Tiny_4,52959223,264
643185d534c90691,halls_arena_back_01_c29r26.tgm,Folders/art/models/terrain/doodads/endgame/harbingermap,221748,5869
879e94002b6185f5,halls_arena_back_01_c29r26.tgm.header,Tiny_4,52958959,264
392a192496027c94,halls_arena_back_01_c29r25.tgm,Folders/art/models/terrain/endgame/karuiarena/7/tgms_2,17083,5313
297f6ea685586961,halls_arena_back_01_c29r25.tgm.header,Tiny_4,52958695,264
a4f11accbaf9d156,halls_arena_back_01_c29r24.tgm,Folders/art/models/terrain/endgame/karuiarena/3/tgms_1,30026,7365
13b4ccfd6f155a85,halls_arena_back_01_c29r24.tgm.header,Tiny_4,52958431,264
f9234e35a0d31be8,halls_arena_back_01_c29r23.tgm,Folders/art/models/terrain/endgame/karuiarena/3/tgms_1,23327,6699
652276ee764a1add,halls_arena_back_01_c29r23.tgm.header,Tiny_4,52958167,264
e2109dcc5627b475,halls_arena_back_01_c29r22.tgm,Folders/art/models/terrain/endgame/karuiarena/2/tgms,1123482,7743
0d362794a38e33fb,halls_arena_back_01_c29r22.tgm.header,Tiny_4,52957903,264
581771566781b448,halls_arena_back_01_c29r21.tgm,Folders/art/models/terrain/endgame/karuiarena/5/tgms,1195195,7419
6ec7d79ea4fcc23e,halls_arena_back_01_c29r21.tgm.header,Tiny_4,52957639,264
04de18cffac456ec,halls_arena_back_01_c29r20.tgm,Folders/art/models/terrain/endgame/karuiarena/1/tgms,1058602,6821
6205cc5322dc9073,halls_arena_back_01_c29r20.tgm.header,Tiny_4,52957333,306
da80d8fafaf19a0b,halls_arena_back_01_c29r2.tgm,Folders/art/models/terrain/doodads/endgame/harbingermap,2098726,10513
bc1c7ab21904d757,halls_arena_back_01_c29r2.tgm.header,Tiny_4,52957069,264
f10add86ee5cda39,halls_arena_back_01_c29r19.tgm,Folders/art/models/terrain/endgame/karuiarena/E/tgms_2,22558,5869
1f0947a1080a8e13,halls_arena_back_01_c29r19.tgm.header,Tiny_4,52956805,264
f33ee1a4e5b29227,halls_arena_back_01_c29r18.tgm,Folders/art/models/terrain/doodads/endgame/harbingermap,2091615,7111
6663affa5bb50e63,halls_arena_back_01_c29r18.tgm.header,Tiny_4,52956541,264
e5c4ab426cfe89fc,halls_arena_back_01_c29r17.tgm,Tiny_4,52952838,3439
1e1a72122691875c,halls_arena_back_01_c29r17.tgm.header,Tiny_4,52956277,264
df190d73d47af57b,halls_arena_back_01_c29r16.tgm,Folders/art/models/terrain/endgame/karuiarena/1/tgms,1054245,4357
f36a274dc4b7b9d3,halls_arena_back_01_c29r16.tgm.header,Tiny_4,52952574,264
a961df77c454f4db,halls_arena_back_01_c29r15.tgm,Folders/art/models/terrain/endgame/karuiarena/2/tgms,1114967,8515
a3c8f88880d72957,halls_arena_back_01_c29r15.tgm.header,Tiny_4,52952310,264
431a603f19b1063e,halls_arena_back_01_c29r14.tgm,Folders/art/models/terrain/endgame/karuiarena/F/tgms_1,1047211,8407
6fb9362641d0de68,halls_arena_back_01_c29r14.tgm.header,Tiny_4,52952046,264
32ecc6d021cfd0f5,halls_arena_back_01_c29r13.tgm,Tiny_4,52947749,4033
7dd30ebc97abcf2d,halls_arena_back_01_c29r13.tgm.header,Tiny_4,52951782,264
cf87214252a52802,halls_arena_back_01_c29r12.tgm,Folders/art/models/terrain/doodads/endgame/harbingermap,213449,8299
a3a0444056481203,halls_arena_back_01_c29r12.tgm.header,Tiny_4,52947485,264
bceda73a295a2325,halls_arena_back_01_c29r11.tgm,Folders/art/models/terrain/endgame/karuiarena/2/tgms,1107262,7705
453ba81041fe8dc7,halls_arena_back_01_c29r11.tgm.header,Tiny_4,52947221,264
692346df28b579fb,halls_arena_back_01_c29r10.tgm,Folders/art/models/terrain/endgame/karuiarena/0/tgms,1485694,4951
80a5b824df5beb84,halls_arena_back_01_c29r10.tgm.header,Tiny_4,52946957,264
eb3f3af5c47c3553,halls_arena_back_01_c29r1.tgm,Folders/art/models/terrain/doodads/endgame/harbingermap,206446,7003
f2f33be5531657b4,halls_arena_back_01_c29r1.tgm.header,Tiny_4,52946693,264
828a4014ddc9d3c2,halls_arena_back_01_c28r9.tgm,Tiny_4,52943476,2953
d0cd36c2a3debfa1,halls_arena_back_01_c28r9.tgm.header,Tiny_4,52946429,264
da4b75d13929207c,halls_arena_back_01_c28r8.tgm,Folders/art/models/terrain/endgame/karuiarena/E/tgms_2,16581,5977
7d8badaf7b724724,halls_arena_back_01_c28r8.tgm.header,Tiny_4,52943212,264
e6715d89c4fa0ea6,halls_arena_back_01_c28r7.tgm,Folders/art/models/terrain/endgame/karuiarena/8/tgms,1187408,6625
98be47a155955f38,halls_arena_back_01_c28r7.tgm.header,Tiny_4,52942948,264
c13acfe2eb12707c,halls_arena_back_01_c28r6.tgm,Tiny_4,52939785,2899
df17cc14e3aad30e,halls_arena_back_01_c28r6.tgm.header,Tiny_4,52942684,264
7c827f9cda7fe93d,halls_arena_back_01_c28r5.tgm,Tiny_4,52936946,2575
db4c1e852d775f4d,halls_arena_back_01_c28r5.tgm.header,Tiny_4,52939521,264
4ef4a1af0433d9ce,halls_arena_back_01_c28r4.tgm,Folders/art/models/terrain/endgame/karuiarena/D/tgms,1921031,4843
bb10bc22513495d8,halls_arena_back_01_c28r4.tgm.header,Tiny_4,52936682,264
e91ba021a5464b03,halls_arena_back_01_c28r3.tgm,Folders/art/models/terrain/endgame/karuiarena/5/tgms,1185870,9325
a157b49a36d73861,halls_arena_back_01_c28r3.tgm.header,Tiny_4,52936418,264
7b9a6d9d3a31fb9c,halls_arena_back_01_c28r28.tgm,Tiny_4,52934821,1333
50baaa00ef7d68a4,halls_arena_back_01_c28r28.tgm.header,Tiny_4,52936154,264
089ed215da296fbe,halls_arena_back_01_c28r27.tgm,Tiny_4,52932630,1927
d4c1761d1f56a5ad,halls_arena_back_01_c28r27.tgm.header,Tiny_4,52934557,264
146816e44dc366e2,halls_arena_back_01_c28r26.tgm,Tiny_4,52929035,3331
47e032e6a5c9b6e9,halls_arena_back_01_c28r26.tgm.header,Tiny_4,52932366,264
73e3115bd5b3e9e9,halls_arena_back_01_c28r25.tgm,Folders/art/models/terrain/endgame/karuiarena/7/tgms_2,12580,4503
3250ee80686fc02b,halls_arena_back_01_c28r25.tgm.header,Tiny_4,52928771,264
2a593461121387d0,halls_arena_back_01_c28r24.tgm,Folders/art/models/terrain/endgame/karuiarena/7/tgms_2,6625,5955
fed545ec5b4e29ac,halls_arena_back_01_c28r24.tgm.header,Tiny_4,52928507,264
3a7eb8ffb0c6ae33,halls_arena_back_01_c28r23.tgm,Folders/art/models/terrain/endgame/karuiarena/6/tgms,1076828,4629
17b149eb8da8ad9e,halls_arena_back_01_c28r23.tgm.header,Tiny_4,52928243,264
6c6fbeb203a9b989,halls_arena_back_01_c28r22.tgm,Tiny_4,52924262,3717
7e772a6774f6d0a6,halls_arena_back_01_c28r22.tgm.header,Tiny_4,52927979,264
63ea25c8be80f87e,halls_arena_back_01_c28r21.tgm,Folders/art/models/terrain/endgame/karuiarena/1/tgms,1048966,5279
4d8288c3a6053f10,halls_arena_back_01_c28r21.tgm.header,Tiny_4,52923956,306
ba7d379603de84c2,halls_arena_back_01_c28r20.tgm,Folders/art/models/terrain/endgame/karuiarena/2/tgms,1100237,7025
399dde0181ea6aa1,halls_arena_back_01_c28r20.tgm.header,Tiny_4,52923650,306
c3641efcbeee7bf9,halls_arena_back_01_c28r2.tgm,Folders/art/models/terrain/endgame/karuiarena/E/tgms_2,9200,7381
f0c6683bfadc81eb,halls_arena_back_01_c28r2.tgm.header,Tiny_4,52923386,264
2392ccb2f1a87698,halls_arena_back_01_c28r19.tgm,Folders/art/models/terrain/endgame/karuiarena/F/tgms_1,1041498,5713
08fc2f167f770325,halls_arena_back_01_c28r19.tgm.header,Tiny_4,52923122,264
4c14e95b648e3b23,halls_arena_back_01_c28r18.tgm,Tiny_4,52919149,3709
1414450615006e4a,halls_arena_back_01_c28r18.tgm.header,Tiny_4,52922858,264
508c811c30926fa4,halls_arena_back_01_c28r17.tgm,Tiny_4,52915014,3871
fc3d4013a15c9e11,halls_arena_back_01_c28r17.tgm.header,Tiny_4,52918885,264
543facd03c8c5d8d,halls_arena_back_01_c28r16.tgm,Folders/art/models/terrain/endgame/karuiarena/0/tgms,1478907,6787
5906926fd5a9202a,halls_arena_back_01_c28r16.tgm.header,Tiny_4,52914750,264
23b8894150ae0a2a,halls_arena_back_01_c28r15.tgm,Folders/art/models/terrain/endgame/karuiarena/5/tgms,1179083,6787
9c7e25ce02396bea,halls_arena_back_01_c28r15.tgm.header,Tiny_4,52914486,264
a48a611246476b25,halls_arena_back_01_c28r14.tgm,Folders/art/models/terrain/endgame/karuiarena/3/tgms_1,18970,4357
e0023ee5813724f7,halls_arena_back_01_c28r14.tgm.header,Tiny_4,52914222,264
ba6ad2df49603fa7,halls_arena_back_01_c28r13.tgm,Folders/art/models/terrain/doodads/endgame/harbingermap,599913,6355
55945fa0970348ec,halls_arena_back_01_c28r13.tgm.header,Tiny_4,52913958,264
72c8776accb99d1d,halls_arena_back_01_c28r12.tgm,Folders/art/models/terrain/endgame/karuiarena/7/tgms_2,0,6625
08050ea71128c5aa,halls_arena_back_01_c28r12.tgm.header,Tiny_4,52913694,264
d26b736f6fa90d06,halls_arena_back_01_c28r11.tgm,Folders/art/models/terrain/endgame/karuiarena/E/tgms_2,4519,4681
23a8fbf8ec8457ce,halls_arena_back_01_c28r11.tgm.header,Tiny_4,52913430,264
1eb5997fb1227643,halls_arena_back_01_c28r10.tgm,Folders/art/models/terrain/endgame/karuiarena/5/tgms,1174348,4735
108b4d6b478fd032,halls_arena_back_01_c28r10.tgm.header,Tiny_4,52913166,264
9e266bec34fe8953,halls_arena_back_01_c28r1.tgm,Tiny_4,52911083,1819
328560eae65abd76,halls_arena_back_01_c28r1.tgm.header,Tiny_4,52912902,264
aabd35779c669277,halls_arena_back_01_c27r9.tgm,Folders/art/models/terrain/endgame/karuiarena/E/tgms_2,0,4519
d806982f4910ca23,halls_arena_back_01_c27r9.tgm.header,Tiny_4,52910819,264
d27eb5e202ed0737,halls_arena_back_01_c27r8.tgm,Folders/art/models/terrain/endgame/karuiarena/6/tgms,1070797,6031
a86ac555a1b8ad3e,halls_arena_back_01_c27r8.tgm.header,Tiny_4,52910555,264
b60c21d4f6046fa4,halls_arena_back_01_c27r7.tgm,Tiny_4,52906582,3709
a4db49e948f88831,halls_arena_back_01_c27r7.tgm.header,Tiny_4,52910291,264
53d73cf6f0735bfd,halls_arena_back_01_c27r6.tgm,Tiny_4,52903635,2683
2bf26ad2c5231b03,halls_arena_back_01_c27r6.tgm.header,Tiny_4,52906318,264
d1fec51124ee6064,halls_arena_back_01_c27r5.tgm,Folders/art/models/terrain/endgame/karuiarena/6/tgms,1066278,4519
d084483bca3a2c7b,halls_arena_back_01_c27r5.tgm.header,Tiny_4,52903371,264
8bbbd610854590f5,halls_arena_back_01_c27r4.tgm,Folders/art/models/terrain/endgame/karuiarena/6/tgms,1058303,7975
019fadb512caa151,halls_arena_back_01_c27r4.tgm.header,Tiny_4,52903107,264
eb89885541d148cf,halls_arena_back_01_c27r3.tgm,Folders/art/models/terrain/endgame/karuiarena/2/tgms,1093666,6571
b287401bee6e0127,halls_arena_back_01_c27r3.tgm.header,Tiny_4,52902843,264
407c717afaea8ee5,halls_arena_back_01_c27r28.tgm,Tiny_4,52901894,685
3da78defc63c9f12,halls_arena_back_01_c27r28.tgm.header,Tiny_4,52902579,264
1f438d6707737d11,halls_arena_back_01_c27r27.tgm,Tiny_4,52900243,1387
365054168cce380b,halls_arena_back_01_c27r27.tgm.header,Tiny_4,52901630,264
010e62501995d6db,halls_arena_back_01_c27r26.tgm,Tiny_4,52897998,1981
8c1823eedceba391,halls_arena_back_01_c27r26.tgm.header,Tiny_4,52899979,264
a0e192366c553f23,halls_arena_back_01_c27r25.tgm,Tiny_4,52894943,2791
6d68b81fa8a22cd3,halls_arena_back_01_c27r25.tgm.header,Tiny_4,52897734,264
9a189e16b29e83d7,halls_arena_back_01_c27r24.tgm,Tiny_4,52891294,3385
5608973bc7b0ba6b,halls_arena_back_01_c27r24.tgm.header,Tiny_4,52894679,264
e030d86b88284a56,halls_arena_back_01_c27r23.tgm,Tiny_4,52888023,3007
818a0e455a3f39d0,halls_arena_back_01_c27r23.tgm.header,Tiny_4,52891030,264
a2faebca33551518,halls_arena_back_01_c27r22.tgm,Tiny_4,52883928,3831
fd3645cc90392f44,halls_arena_back_01_c27r22.tgm.header,Tiny_4,52887759,264
704e2ba25f9a303f,halls_arena_back_01_c27r21.tgm,Tiny_4,52880109,3555
00d84526bc21cf3d,halls_arena_back_01_c27r21.tgm.header,Tiny_4,52883664,264
82f5cf3ade63d90e,halls_arena_back_01_c27r20.tgm,Tiny_4,52878228,1881
99e5903202545a83,halls_arena_back_01_c27r20.tgm.header,Tiny_5,35799845,264
3b17fae59e6e851a,halls_arena_back_01_c27r2.tgm,Tiny_4,52875227,2737
a6d9096cc9f9cd85,halls_arena_back_01_c27r2.tgm.header,Tiny_4,52877964,264
cd7713992f45d0b3,halls_arena_back_01_c27r19.tgm,Tiny_4,52872250,2713
ce3c814ca41e038f,halls_arena_back_01_c27r19.tgm.header,Tiny_4,52874963,264
d58bf6e78a30ee19,halls_arena_back_01_c27r18.tgm,Folders/art/models/terrain/endgame/karuiarena/2/tgms,1089549,4117
8f5b2974ef02cc0f,halls_arena_back_01_c27r18.tgm.header,Tiny_4,52871986,264
e97d58ebe75c7b41,halls_arena_back_01_c27r17.tgm,Folders/art/models/terrain/doodads/endgame/harbingermap,2085908,5707
99803fe430163e05,halls_arena_back_01_c27r17.tgm.header,Tiny_4,52871722,264
74301aa8a5fa62fc,halls_arena_back_01_c27r16.tgm,Folders/art/models/terrain/doodads/endgame/harbingermap,2055682,5491
1483c25aae5cbd55,halls_arena_back_01_c27r16.tgm.header,Tiny_4,52871458,264
9849c6165d88074c,halls_arena_back_01_c27r15.tgm,Tiny_4,52867377,3817
d3b5bac996f1cafa,halls_arena_back_01_c27r15.tgm.header,Tiny_4,52871194,264
8189fa4b1883ae33,halls_arena_back_01_c27r14.tgm,Folders/art/models/terrain/doodads/endgame/harbingermap,2050893,4789
107ff90f68267b03,halls_arena_back_01_c27r14.tgm.header,Tiny_4,52867113,264
faa1163dede03139,halls_arena_back_01_c27r13.tgm,Folders/art/models/terrain/endgame/karuiarena/2/tgms,1083518,6031
7df43811fd59723d,halls_arena_back_01_c27r13.tgm.header,Tiny_4,52866849,264
d1790d4bc10f373f,halls_arena_back_01_c27r12.tgm,Folders/art/models/terrain/doodads/endgame/harbingermap,595232,4681
9175169db8d8c114,halls_arena_back_01_c27r12.tgm.header,Tiny_4,52866585,264
4596430921ac1330,halls_arena_back_01_c27r11.tgm,Folders/art/models/terrain/doodads/endgame/harbingermap,2046752,4141
92bac53d18dba30f,halls_arena_back_01_c27r11.tgm.header,Tiny_4,52866321,264
db04ddac43a2a0d1,halls_arena_back_01_c27r10.tgm,Tiny_4,52863698,2359
0dba6ee34aa9e134,halls_arena_back_01_c27r10.tgm.header,Tiny_4,52866057,264
bdcc46a3ac29e52b,halls_arena_back_01_c27r1.tgm,Tiny_4,52861885,1549
aed95ca753307b06,halls_arena_back_01_c27r1.tgm.header,Tiny_4,52863434,264
9335318d66ab2c8b,halls_arena_back_01_c26r9.tgm,Folders/art/models/terrain/endgame/karuiarena/7/tgms_1,1134109,1458525
ee646fffc1c3752c,halls_arena_back_01_c26r9.tgm.header,Tiny_4,52860171,1714
49f92ec9aba87f63,halls_arena_back_01_c26r8.tgm,Tiny_4,52856252,3655
4e966c93d7e3eee9,halls_arena_back_01_c26r8.tgm.header,Tiny_4,52859907,264
885694eedaffb342,halls_arena_back_01_c26r7.tgm,Tiny_4,52853197,2791
e3d94867e6ad1ffa,halls_arena_back_01_c26r7.tgm.header,Tiny_4,52855988,264
35f5d47435fcb6c0,halls_arena_back_01_c26r6.tgm,Folders/art/models/terrain/endgame/karuiarena/2/tgms,1078729,4789
8bb8d085a3c096f8,halls_arena_back_01_c26r6.tgm.header,Tiny_4,52852933,264
1fb4ddd43d03e6ad,halls_arena_back_01_c26r5.tgm,Folders/art/models/terrain/doodads/endgame/harbingermap,587851,7381
f8bfa10f4966ce03,halls_arena_back_01_c26r5.tgm.header,Tiny_4,52852669,264
f99f4ae51167ff60,halls_arena_back_01_c26r4.tgm,Folders/art/models/terrain/endgame/karuiarena/2/tgms,1072536,6193
c5fb2375be2e4280,halls_arena_back_01_c26r4.tgm.header,Tiny_4,52852405,264
5dae361e15b5960a,halls_arena_back_01_c26r3.tgm,Tiny_4,52849026,3115
7fd37867fbd7516f,halls_arena_back_01_c26r3.tgm.header,Tiny_4,52852141,264
59c916d08df8ef61,halls_arena_back_01_c26r28.tgm,Tiny_4,52848023,739
5479df18b5f1cd4c,halls_arena_back_01_c26r28.tgm.header,Tiny_4,52848762,264
f41f11b6ddefe990,halls_arena_back_01_c26r27.tgm,Tiny_4,52846858,901
6d5f7dd8b2c8a43f,halls_arena_back_01_c26r27.tgm.header,Tiny_4,52847759,264
e6a245bb9c38eda8,halls_arena_back_01_c26r26.tgm,Tiny_4,52845369,1225
7e5079999a848c69,halls_arena_back_01_c26r26.tgm.header,Tiny_4,52846594,264
df506abe67f35f76,halls_arena_back_01_c26r25.tgm,Tiny_4,52843556,1549
fda45c4546f4157b,halls_arena_back_01_c26r25.tgm.header,Tiny_4,52845105,264
55a4003c529bbddc,halls_arena_back_01_c26r24.tgm,Tiny_4,52840663,2629
6c2c7d1ab0b3d7cb,halls_arena_back_01_c26r24.tgm.header,Tiny_4,52843292,264
2be966bdc926af03,halls_arena_back_01_c26r23.tgm,Tiny_4,52837338,3061
1506e869e4529a20,halls_arena_back_01_c26r23.tgm.header,Tiny_4,52840399,264
aad6c753d0bb15c3,halls_arena_back_01_c26r22.tgm,Tiny_4,52833651,3423
6ef2f7df19a40dfe,halls_arena_back_01_c26r22.tgm.header,Tiny_4,52837074,264
faefc317397b78ee,halls_arena_back_01_c26r21.tgm,Tiny_4,52831932,1719
3f131a89b68267b8,halls_arena_back_01_c26r21.tgm.header,Tiny_5,35778796,264
b3e6c320994a2d9d,halls_arena_back_01_c26r20.tgm,Tiny_4,52830429,1503
456967826d1240f3,halls_arena_back_01_c26r20.tgm.header,Tiny_5,35746678,264
b73a8fd74702fa80,halls_arena_back_01_c26r2.tgm,Tiny_4,52827968,2197
1f56586e502b0349,halls_arena_back_01_c26r2.tgm.header,Tiny_4,52830165,264
af6bb7fc435be967,halls_arena_back_01_c26r19.tgm,Tiny_4,52826411,1557
3bde7f5830be05f8,halls_arena_back_01_c26r19.tgm.header,Tiny_5,35683899,264
949c0464c50ddf23,halls_arena_back_01_c26r18.tgm,Tiny_4,52823914,2233
fc0143e0b0d393e8,halls_arena_back_01_c26r18.tgm.header,Tiny_4,52826147,264
8d0bae2e912d4790,halls_arena_back_01_c26r17.tgm,Tiny_4,52820121,3529
ce5e69ef595e68a8,halls_arena_back_01_c26r17.tgm.header,Tiny_4,52823650,264
5f0966a200ad4079,halls_arena_back_01_c26r16.tgm,Tiny_4,52816196,3661
f55f0162909e6f55,halls_arena_back_01_c26r16.tgm.header,Tiny_4,52819857,264
d9a5a999540400df,halls_arena_back_01_c26r15.tgm,Tiny_4,52812115,3817
89d9de86ab85cb5e,halls_arena_back_01_c26r15.tgm.header,Tiny_4,52815932,264
8eb47f96d6d0921a,halls_arena_back_01_c26r14.tgm,Folders/art/models/terrain/endgame/karuiarena/8/tgms,1182025,5383
f863f82a39517f70,halls_arena_back_01_c26r14.tgm.header,Tiny_4,52811851,264
0dac876459561267,halls_arena_back_01_c26r13.tgm,Folders/art/models/terrain/endgame/karuiarena/B/tgms,1047517,4303
dd070c109e3183dd,halls_arena_back_01_c26r13.tgm.header,Tiny_4,52811587,264
bc24979fc9f343db,halls_arena_back_01_c26r12.tgm,Folders/art/models/terrain/endgame/karuiarena/1/tgms,1044825,4141
121068e1ccc3f416,halls_arena_back_01_c26r12.tgm.header,Tiny_4,52811323,264
565c23a657ea44bd,halls_arena_back_01_c26r11.tgm,Tiny_4,52807782,3277
2054cb83ab018aad,halls_arena_back_01_c26r11.tgm.header,Tiny_4,52811059,264
1df93897ff525ff6,halls_arena_back_01_c26r10.tgm,Tiny_4,52803809,3709
0a84bc681d6ea65c,halls_arena_back_01_c26r10.tgm.header,Tiny_4,52807518,264
8ef903f4239a9cd2,halls_arena_back_01_c26r1.tgm,Tiny_4,52801156,2389
ac0b66ee31c8ab32,halls_arena_back_01_c26r1.tgm.header,Tiny_4,52803545,264
1d7ae77fec21d87c,halls_arena_back_01_c25r9.tgm,Folders/art/models/terrain/endgame/karuiarena/F/tgms_1,4573,1036925
e60b1cbfb8d1880b,halls_arena_back_01_c25r9.tgm.header,Tiny_4,52799794,1362
7c649bbf737fdfe6,halls_arena_back_01_c25r8.tgm,Tiny_4,52796307,3223
fecd67c751a29406,halls_arena_back_01_c25r8.tgm.header,Tiny_4,52799530,264
9fa83e421aea810e,halls_arena_back_01_c25r7.tgm,Folders/art/models/terrain/endgame/karuiarena/7/tgms_1,1129806,4303
660c161665b9bcf0,halls_arena_back_01_c25r7.tgm.header,Tiny_4,52796043,264
51d01cb8f527689f,halls_arena_back_01_c25r6.tgm,Folders/art/models/terrain/endgame/karuiarena/0/tgms,1473038,5869
4ed75262959ea327,halls_arena_back_01_c25r6.tgm.header,Tiny_4,52795779,264
8669c4c1b10e39b7,halls_arena_back_01_c25r5.tgm,Folders/art/models/terrain/endgame/karuiarena/6/tgms,1052002,6301
d23e9fc2690dade9,halls_arena_back_01_c25r5.tgm.header,Tiny_4,52795515,264
7e0c5cc34cd978ef,halls_arena_back_01_c25r4.tgm,Tiny_4,52791920,3331
9bc98b8ab1cad1cc,halls_arena_back_01_c25r4.tgm.header,Tiny_4,52795251,264
b09ed83e435ad98e,halls_arena_back_01_c25r3.tgm,Tiny_4,52789891,1765
b44a41b2704b3383,halls_arena_back_01_c25r3.tgm.header,Tiny_4,52791656,264
bd5d4fe27f9bf1be,halls_arena_back_01_c25r28.tgm,Tiny_4,52789050,577
e691665d6c7a5556,halls_arena_back_01_c25r28.tgm.header,Tiny_4,52789627,264
0108e7d0a5428a22,halls_arena_back_01_c25r27.tgm,Tiny_4,52787885,901
a33c4a9cfdcec0ea,halls_arena_back_01_c25r27.tgm.header,Tiny_4,52788786,264
72ed670fac5c73db,halls_arena_back_01_c25r26.tgm,Tiny_4,52786180,1441
2ca7f94ecaf2ae8b,halls_arena_back_01_c25r26.tgm.header,Tiny_4,52787621,264
4073668f66f08d3f,halls_arena_back_01_c25r25.tgm,Tiny_4,52784259,1657
9e07ef45219c040b,halls_arena_back_01_c25r25.tgm.header,Tiny_4,52785916,264
612eafaac86d3447,halls_arena_back_01_c25r24.tgm,Tiny_4,52782284,1711
c5f8f64bef80b0b3,halls_arena_back_01_c25r24.tgm.header,Tiny_4,52783995,264
ac8bf2a5a0fdc781,halls_arena_back_01_c25r23.tgm,Tiny_4,52778885,3135
d905b08a7bd37955,halls_arena_back_01_c25r23.tgm.header,Tiny_4,52782020,264
c618bb018e7736e1,halls_arena_back_01_c25r22.tgm,Tiny_4,52775288,3333
b78879f871f58fdd,halls_arena_back_01_c25r22.tgm.header,Tiny_4,52778621,264
60eecdac8f75dfe2,halls_arena_back_01_c25r21.tgm,Tiny_4,52773461,1827
ac24a5930069255e,halls_arena_back_01_c25r21.tgm.header,Tiny_5,35744907,264
709d3228a28e5117,halls_arena_back_01_c25r20.tgm,Tiny_4,52771562,1635
7a0c82c8701a3e3b,halls_arena_back_01_c25r20.tgm.header,Tiny_4,52773197,264
e72eae61258ab84b,halls_arena_back_01_c25r2.tgm,Folders/art/models/terrain/endgame/karuiarena/F/tgms_1,0,4573
c3d4bcc57e45ce0f,halls_arena_back_01_c25r2.tgm.header,Tiny_4,52771298,264
7bf7337e0a59e20f,halls_arena_back_01_c25r19.tgm,Tiny_4,52769957,1341
4b079975abfe3d26,halls_arena_back_01_c25r19.tgm.header,Tiny_5,35690509,264
5c381872283d0296,halls_arena_back_01_c25r18.tgm,Tiny_4,52768508,1449
b4e3b72a4e178179,halls_arena_back_01_c25r18.tgm.header,Tiny_5,35685616,264
6921913aa61e7215,halls_arena_back_01_c25r17.tgm,Tiny_4,52766843,1665
63200d0c0ae727cb,halls_arena_back_01_c25r17.tgm.header,Tiny_4,52188079,264
0bdb3391dc31c400,halls_arena_back_01_c25r16.tgm,Tiny_4,52763464,3115
68cd45dd390a517d,halls_arena_back_01_c25r16.tgm.header,Tiny_4,52766579,264
c55c45f62bd02e5f,halls_arena_back_01_c25r15.tgm,Folders/art/models/terrain/doodads/endgame/harbingermap,583494,4357
2d442e14031fb3ba,halls_arena_back_01_c25r15.tgm.header,Tiny_4,52763200,264
692b6c212ad2576a,halls_arena_back_01_c25r14.tgm,Folders/art/models/terrain/endgame/karuiarena/6/tgms,1047429,4573
28e1336b8e93c76e,halls_arena_back_01_c25r14.tgm.header,Tiny_4,52762936,264
9c85bd3b910fb09c,halls_arena_back_01_c25r13.tgm,Tiny_4,52758963,3709
936273f349a39bdf,halls_arena_back_01_c25r13.tgm.header,Tiny_4,52762672,264
1c85ac474551317d,halls_arena_back_01_c25r12.tgm,Tiny_4,52755368,3331
9f85199e82b96df3,halls_arena_back_01_c25r12.tgm.header,Tiny_4,52758699,264
60590bf1e585379a,halls_arena_back_01_c25r11.tgm,Tiny_4,52751665,3439
34fe96ff7938bc20,halls_arena_back_01_c25r11.tgm.header,Tiny_4,52755104,264
04cb31a4ff2c6f0f,halls_arena_back_01_c25r10.tgm,Folders/art/models/terrain/endgame/karuiarena/7/tgms_1,6463,1123343
e97ad925f9d1419d,halls_arena_back_01_c25r10.tgm.header,Tiny_4,52750567,1098
76723c51000f26a3,halls_arena_back_01_c25r1.tgm,Tiny_4,52746216,4087
bb717539c9b623f4,halls_arena_back_01_c25r1.tgm.header,Tiny_4,52750303,264
ff20554f2e406fa5,halls_arena_back_01_c24r9.tgm,Tiny_4,52742945,3007
5c4d940b2f55e5aa,halls_arena_back_01_c24r9.tgm.header,Tiny_4,52745952,264
c34fa8e1f4675228,halls_arena_back_01_c24r8.tgm,Folders/art/models/terrain/endgame/karuiarena/E/tgms_1,736423,3515023
43490cc27a16250f,halls_arena_back_01_c24r8.tgm.header,Tiny_4,52738899,4046
ff378616e8496c1f,halls_arena_back_01_c24r7.tgm,Folders/art/models/terrain/endgame/karuiarena/2/tgms,1067477,5059
fc7b2cdd77e52547,halls_arena_back_01_c24r7.tgm.header,Tiny_4,52738635,264
4a837e810a3f402f,halls_arena_back_01_c24r6.tgm,Folders/art/models/terrain/doodads/endgame/harbingermap,577949,5545
ece9ce48f0820eb6,halls_arena_back_01_c24r6.tgm.header,Tiny_4,52738371,264
69ecd822111ec08e,halls_arena_back_01_c24r5.tgm,Tiny_4,52734506,3601
72547c0a12f30cb3,halls_arena_back_01_c24r5.tgm.header,Tiny_4,52738107,264
6f912bf226e778c2,halls_arena_back_01_c24r4.tgm,Tiny_4,52732099,2143
3f2738dbd2b7c49f,halls_arena_back_01_c24r4.tgm.header,Tiny_4,52734242,264
71bf692e04a98aae,halls_arena_back_01_c24r3.tgm,Folders/art/models/terrain/endgame/karuiarena/0/tgms,1468843,4195
b5306c3fb5a6dc6f,halls_arena_back_01_c24r3.tgm.header,Tiny_4,52731835,264
8bcc6061ab950e26,halls_arena_back_01_c24r28.tgm,Tiny_4,52730994,577
033e3c8d75b9e149,halls_arena_back_01_c24r28.tgm.header,Tiny_4,52731571,264
eb2e7e85f31a6457,halls_arena_back_01_c24r27.tgm,Tiny_4,52729991,739
0e444df7518d531e,halls_arena_back_01_c24r27.tgm.header,Tiny_4,52730730,264
3391517cae97408e,halls_arena_back_01_c24r26.tgm,Tiny_4,52728880,847
e3b1aaa902dc9d17,halls_arena_back_01_c24r26.tgm.header,Tiny_4,52729727,264
88113c1a1787b39c,halls_arena_back_01_c24r25.tgm,Tiny_4,52727391,1225
23266b2e312d40c0,halls_arena_back_01_c24r25.tgm.header,Tiny_4,52728616,264
afc679e80bab1637,halls_arena_back_01_c24r24.tgm,Tiny_4,52725740,1387
95cbc209a057be87,halls_arena_back_01_c24r24.tgm.header,Tiny_4,52727127,264
7785fd74b6d95442,halls_arena_back_01_c24r23.tgm,Tiny_4,52723295,2181
f2600408c882f1ee,halls_arena_back_01_c24r23.tgm.header,Tiny_4,52725476,264
beed5c436fb8f438,halls_arena_back_01_c24r22.tgm,Tiny_4,52721954,1341
d5740e58b746d7ca,halls_arena_back_01_c24r22.tgm.header,Tiny_5,35690509,264
f8d6752e1270a0b7,halls_arena_back_01_c24r21.tgm,Tiny_4,52720289,1665
79b93ec543a083e1,halls_arena_back_01_c24r21.tgm.header,Tiny_5,35682074,264
3c90f9e95ee23589,halls_arena_back_01_c24r20.tgm,Tiny_4,52718786,1503
5f0274cba8beae64,halls_arena_back_01_c24r20.tgm.header,Tiny_5,35746678,264
062ac7d58ed16e57,halls_arena_back_01_c24r2.tgm,Folders/art/models/terrain/endgame/karuiarena/D/tgms,1916674,4357
1033e354934d824b,halls_arena_back_01_c24r2.tgm.header,Tiny_4,52718522,264
58e8dbe25403610c,halls_arena_back_01_c24r19.tgm,Tiny_4,52717073,1449
9df19d127bbda25f,halls_arena_back_01_c24r19.tgm.header,Tiny_5,35685616,264
a606202946912b63,halls_arena_back_01_c24r18.tgm,Tiny_4,52715732,1341
4e1ee1a4ed7a0c18,halls_arena_back_01_c24r18.tgm.header,Tiny_5,35690509,264
406e5260ad03b419,halls_arena_back_01_c24r17.tgm,Tiny_4,52714445,1287
7331bbe747367e14,halls_arena_back_01_c24r17.tgm.header,Tiny_5,35557771,264
f5cfb2f283c9574b,halls_arena_back_01_c24r16.tgm,Tiny_4,52712624,1557
04aa49d5b8a4f3da,halls_arena_back_01_c24r16.tgm.header,Tiny_4,52714181,264
5972bc9fccf9b68b,halls_arena_back_01_c24r15.tgm,Tiny_4,52710145,2215
a4af864567483506,halls_arena_back_01_c24r15.tgm.header,Tiny_4,52712360,264
b323ac2929091ecd,halls_arena_back_01_c24r14.tgm,Tiny_4,52707234,2647
506f76971a237b07,halls_arena_back_01_c24r14.tgm.header,Tiny_4,52709881,264
d90ddee2d81dded8,halls_arena_back_01_c24r13.tgm,Tiny_4,52703771,3199
9d9308d4d56607a5,halls_arena_back_01_c24r13.tgm.header,Tiny_4,52706970,264
fd31d01314ad33c2,halls_arena_back_01_c24r12.tgm,Folders/art/models/terrain/endgame/karuiarena/3/tgms_1,14835,4135
2e7a7c53a9802bc5,halls_arena_back_01_c24r12.tgm.header,Tiny_4,52703507,264
3a85c1edb1479c61,halls_arena_back_01_c24r11.tgm,Folders/art/models/terrain/endgame/karuiarena/1/tgms,1040198,4627
b0f80fc1ae0bd999,halls_arena_back_01_c24r11.tgm.header,Tiny_4,52703243,264
d39a51e3f5d16e1d,halls_arena_back_01_c24r10.tgm,Tiny_4,52699378,3601
5d953902c3bab459,halls_arena_back_01_c24r10.tgm.header,Tiny_4,52702979,264
45b6e38d64f57e69,halls_arena_back_01_c24r1.tgm,Tiny_4,52696647,2467
f835de2f4432a8ff,halls_arena_back_01_c24r1.tgm.header,Tiny_4,52699114,264
893049608a29c401,halls_arena_back_01_c23r9.tgm,Tiny_4,52692404,3979
89e3628bddfb7847,halls_arena_back_01_c23r9.tgm.header,Tiny_4,52696383,264
3408c0ae319a978b,halls_arena_back_01_c23r8.tgm,Folders/art/models/terrain/endgame/karuiarena/B/tgms,9482,1038035
2432e529923a9e92,halls_arena_back_01_c23r8.tgm.header,Tiny_4,52691042,1362
f766b6d086efe91b,halls_arena_back_01_c23r7.tgm,Folders/art/models/terrain/doodads/endgame/harbingermap,572890,5059
1348ab6cea1d3329,halls_arena_back_01_c23r7.tgm.header,Tiny_4,52690778,264
718d39c955bdc231,halls_arena_back_01_c23r6.tgm,Tiny_4,52686589,3925
10b2aedf1f8616f7,halls_arena_back_01_c23r6.tgm.header,Tiny_4,52690514,264
32fc5964dc1fdfa3,halls_arena_back_01_c23r5.tgm,Tiny_4,52683696,2629
0c3ecf83d721bfcd,halls_arena_back_01_c23r5.tgm.header,Tiny_4,52686325,264
1f308261d3433912,halls_arena_back_01_c23r4.tgm,Folders/art/models/terrain/endgame/karuiarena/0/tgms,1464270,4573
bb58e044c3e8c530,halls_arena_back_01_c23r4.tgm.header,Tiny_4,52683432,264
29f176e9fb4ae9c6,halls_arena_back_01_c23r3.tgm,Tiny_4,52679297,3871
34f8cc3b55afff25,halls_arena_back_01_c23r3.tgm.header,Tiny_4,52683168,264
f32d983e1bd5250a,halls_arena_back_01_c23r28.tgm,Tiny_4,52678456,577
d0bca7739eacd122,halls_arena_back_01_c23r28.tgm.header,Tiny_4,52679033,264
0a4956ac3e4fa52a,halls_arena_back_01_c23r27.tgm,Tiny_4,52677453,739
994c9506aeb4004a,halls_arena_back_01_c23r27.tgm.header,Tiny_4,52678192,264
06d455331c6ec9fd,halls_arena_back_01_c23r26.tgm,Tiny_4,52676288,901
2d2afd76d58462ed,halls_arena_back_01_c23r26.tgm.header,Tiny_4,52677189,264
fe9397424bcffe2c,halls_arena_back_01_c23r25.tgm,Tiny_4,52674637,1387
393477e43fadc713,halls_arena_back_01_c23r25.tgm.header,Tiny_4,52676024,264
b3187db5f32034d4,halls_arena_back_01_c23r24.tgm,Tiny_4,52672878,1495
056f21cc6df8d003,halls_arena_back_01_c23r24.tgm.header,Tiny_4,52674373,264
8ad84047d0a397fc,halls_arena_back_01_c23r23.tgm,Tiny_4,52670649,1965
0adad700cbaf2a5f,halls_arena_back_01_c23r23.tgm.header,Tiny_4,52672614,264
5061bc23c595d53b,halls_arena_back_01_c23r22.tgm,Tiny_4,52669794,855
c0c8385bdd73158c,halls_arena_back_01_c23r22.tgm.header,Tiny_5,35736077,264
4f157e0116a3b55e,halls_arena_back_01_c23r21.tgm,Tiny_4,52668453,1341
d992ba5f6e0e9fdb,halls_arena_back_01_c23r21.tgm.header,Tiny_5,35690509,264
ffea20ebff693a52,halls_arena_back_01_c23r20.tgm,Tiny_4,52666788,1665
f81904ea4322b8cf,halls_arena_back_01_c23r20.tgm.header,Tiny_5,35682074,264
6a08fa0126791f3a,halls_arena_back_01_c23r2.tgm,Folders/art/models/terrain/endgame/karuiarena/D/tgms,1911615,5059
01adbc83aa0e26a6,halls_arena_back_01_c23r2.tgm.header,Tiny_4,52666524,264
d919c388eec2870c,halls_arena_back_01_c23r19.tgm,Tiny_4,52665075,1449
96fd19e51ab1793f,halls_arena_back_01_c23r19.tgm.header,Tiny_5,35685616,264
8c889dced08c4ef3,halls_arena_back_01_c23r18.tgm,Tiny_4,52663572,1503
ddb897667c1839a6,halls_arena_back_01_c23r18.tgm.header,Tiny_5,35746678,264
5e829840dd97e850,halls_arena_back_01_c23r17.tgm,Tiny_4,52662231,1341
12ac7759470ec373,halls_arena_back_01_c23r17.tgm.header,Tiny_5,35690509,264
c3f444f8e27718be,halls_arena_back_01_c23r16.tgm,Tiny_4,52660680,1287
1682aca9aa8832ec,halls_arena_back_01_c23r16.tgm.header,Tiny_4,52661967,264
2f80d4ece4961a9f,halls_arena_back_01_c23r15.tgm,Tiny_4,52659285,1395
8e6ad3311647086e,halls_arena_back_01_c23r15.tgm.header,Tiny_5,35803177,264
68fb027f3dad6e90,halls_arena_back_01_c23r14.tgm,Folders/art/models/terrain/endgame/karuiarena/8/tgms,26274,1155751
83c064a31fdf8b71,halls_arena_back_01_c23r14.tgm.header,Tiny_4,52658143,1142
38211e1b3431ce18,halls_arena_back_01_c23r13.tgm,Tiny_4,52657126,1017
184163f365892419,halls_arena_back_01_c23r13.tgm.header,Tiny_5,35691794,264
455e3d1021032898,halls_arena_back_01_c23r12.tgm,Folders/art/models/terrain/endgame/karuiarena/E/tgms_1,0,736423
f610b52f8099353a,halls_arena_back_01_c23r12.tgm.header,Tiny_4,52656380,746
54c992eff0ffac11,halls_arena_back_01_c23r11.tgm,Tiny_4,52653271,2845
b43055abd9f767e6,halls_arena_back_01_c23r11.tgm.header,Tiny_4,52656116,264
6c4048e1542ef26d,halls_arena_back_01_c23r10.tgm,Tiny_4,52650012,2995
6b8cc92ef1da360c,halls_arena_back_01_c23r10.tgm.header,Tiny_4,52653007,264
445f99fcfcdf28d7,halls_arena_back_01_c23r1.tgm,Folders/art/models/terrain/endgame/karuiarena/8/tgms,21539,4735
b28f1560750a81c9,halls_arena_back_01_c23r1.tgm.header,Tiny_4,52649748,264
47844f8111d74420,halls_arena_back_01_c22r9.tgm,Tiny_4,52645649,3835
ff6a8a1cee46f47c,halls_arena_back_01_c22r9.tgm.header,Tiny_4,52649484,264
d5d41e0c21812810,halls_arena_back_01_c22r8.tgm,Folders/art/models/terrain/endgame/karuiarena/3/tgms_1,10100,4735
580130ae88929453,halls_arena_back_01_c22r8.tgm.header,Tiny_4,52645385,264
9147a0536f2da730,halls_arena_back_01_c22r7.tgm,Folders/art/models/terrain/endgame/karuiarena/F/tgms,1075276,3515905
a32a76c303b7c4cd,halls_arena_back_01_c22r7.tgm.header,Tiny_4,52641339,4046
8dac557ea2b4be58,halls_arena_back_01_c22r6.tgm,Tiny_4,52637474,3601
52ebfef3a9037694,halls_arena_back_01_c22r6.tgm.header,Tiny_4,52641075,264
5aa11f8fc8b2e9b0,halls_arena_back_01_c22r5.tgm,Tiny_4,52633231,3979
cff74459de2f5ff7,halls_arena_back_01_c22r5.tgm.header,Tiny_4,52637210,264
c6360e1a7ab50a2e,halls_arena_back_01_c22r4.tgm,Folders/art/models/terrain/endgame/karuiarena/F/tgms,1070811,4465
21e4ca0f6974f770,halls_arena_back_01_c22r4.tgm.header,Tiny_4,52632967,264
e225d21fc9d20973,halls_arena_back_01_c22r3.tgm,Folders/art/models/terrain/endgame/karuiarena/D/tgms,1905962,5653
a9e567237ba5c0c9,halls_arena_back_01_c22r3.tgm.header,Tiny_4,52632703,264
2aac3ead88350c3a,halls_arena_back_01_c22r28.tgm,Tiny_4,52631862,577
fca7c371634fa3b0,halls_arena_back_01_c22r28.tgm.header,Tiny_4,52632439,264
b2f4cf614b228774,halls_arena_back_01_c22r27.tgm,Tiny_4,52630805,793
be20609443330eb8,halls_arena_back_01_c22r27.tgm.header,Tiny_4,52631598,264
97cfbac583d3268e,halls_arena_back_01_c22r26.tgm,Tiny_4,52629532,1009
80536b65a2d078a8,halls_arena_back_01_c22r26.tgm.header,Tiny_4,52630541,264
4d0426f645b2496b,halls_arena_back_01_c22r25.tgm,Tiny_4,52628205,1063
9b6ed3fb14236c82,halls_arena_back_01_c22r25.tgm.header,Tiny_4,52629268,264
6cdb8a10c88291f9,halls_arena_back_01_c22r24.tgm,Tiny_4,52626608,1333
086be6eda281bd8e,halls_arena_back_01_c22r24.tgm.header,Tiny_4,52627941,264
f2501109461aaa26,halls_arena_back_01_c22r23.tgm,Tiny_4,52624271,2073
6a3dfb2114fc4a3e,halls_arena_back_01_c22r23.tgm.header,Tiny_4,52626344,264
f304e0db88395b9f,halls_arena_back_01_c22r22.tgm,Tiny_4,52623362,909
c89c37481035a666,halls_arena_back_01_c22r22.tgm.header,Tiny_5,35702493,264
bd1cd29b7d79cd02,halls_arena_back_01_c22r21.tgm,Tiny_4,52622453,909
ba82468ff8d3638f,halls_arena_back_01_c22r21.tgm.header,Tiny_5,35702493,264
7ff23e951e6bcb8f,halls_arena_back_01_c22r20.tgm,Tiny_4,52621112,1341
ded7a26963bf8aeb,halls_arena_back_01_c22r20.tgm.header,Tiny_5,35690509,264
7f639ae7ff47c818,halls_arena_back_01_c22r2.tgm,Folders/art/models/terrain/doodads/endgame/harbingermap,201117,5329
f3b835ab7d16496c,halls_arena_back_01_c22r2.tgm.header,Tiny_4,52620848,264
861832fe5ed435f4,halls_arena_back_01_c22r19.tgm,Tiny_4,52619237,1611
479c0b32faf20dfc,halls_arena_back_01_c22r19.tgm.header,Tiny_5,35556216,264
f3cba57f129429ac,halls_arena_back_01_c22r18.tgm,Tiny_4,52617842,1395
ed03987371f48313,halls_arena_back_01_c22r18.tgm.header,Tiny_5,35803177,264
3edd3d829608cc66,halls_arena_back_01_c22r17.tgm,Folders/art/models/terrain/endgame/karuiarena/E/tgms,3116594,1346975
ff70d0e13ed70426,halls_arena_back_01_c22r17.tgm.header,Tiny_4,52616612,1230
a286a854024698fa,halls_arena_back_01_c22r16.tgm,Tiny_4,52615037,1311
d3b075b73521dde3,halls_arena_back_01_c22r16.tgm.header,Tiny_4,52616348,264
4cfffbfec4d0fb84,halls_arena_back_01_c22r15.tgm,Tiny_4,52613486,1287
4259dd15eafeb81e,halls_arena_back_01_c22r15.tgm.header,Tiny_4,52614773,264
8548ed0f3c3d908e,halls_arena_back_01_c22r14.tgm,Tiny_4,52612145,1341
c547ef5b7e2e3c7a,halls_arena_back_01_c22r14.tgm.header,Tiny_5,35690509,264
92c9a1101b991211,halls_arena_back_01_c22r13.tgm,Tiny_4,52610918,963
9a346a1b84a8b168,halls_arena_back_01_c22r13.tgm.header,Tiny_4,52611881,264
308cc6c4fac78aae,halls_arena_back_01_c22r12.tgm,Tiny_4,52609901,1017
4a914dfe1c8bf59c,halls_arena_back_01_c22r12.tgm.header,Tiny_5,35691794,264
d98003c49150f985,halls_arena_back_01_c22r11.tgm,Tiny_4,52608668,1233
f39603ee849ff245,halls_arena_back_01_c22r11.tgm.header,Tiny_5,35698902,264
1e1d6445b8c70d27,halls_arena_back_01_c22r10.tgm,Tiny_4,52605859,2545
c8dcf24c53b4a6e5,halls_arena_back_01_c22r10.tgm.header,Tiny_4,52608404,264
7c789d7e0beecc1b,halls_arena_back_01_c22r1.tgm,Tiny_4,52602774,2821
912862e5b50e7d6d,halls_arena_back_01_c22r1.tgm.header,Tiny_4,52605595,264
f0c9b6b31250fb4b,halls_arena_back_01_c21r9.tgm,Tiny_4,52599791,2719
3b0c99db9c3656dc,halls_arena_back_01_c21r9.tgm.header,Tiny_4,52602510,264
df2fcde3a16d5c3a,halls_arena_back_01_c21r8.tgm,Tiny_4,52595632,3895
ccd858497ab65916,halls_arena_back_01_c21r8.tgm.header,Tiny_4,52599527,264
dc0ec7545a5982d2,halls_arena_back_01_c21r7.tgm,Tiny_4,52591443,3925
ccc58979e4aeb806,halls_arena_back_01_c21r7.tgm.header,Tiny_4,52595368,264
d9a9341a1f3a74f4,halls_arena_back_01_c21r6.tgm,Tiny_4,52587146,4033
828ff29f2c717731,halls_arena_back_01_c21r6.tgm.header,Tiny_4,52591179,264
e5492f7b2aec7954,halls_arena_back_01_c21r5.tgm,Folders/art/models/terrain/endgame/karuiarena/2/tgms,1062472,5005
9ebc46765070a367,halls_arena_back_01_c21r5.tgm.header,Tiny_4,52586882,264
8b85117c45486748,halls_arena_back_01_c21r4.tgm,Folders/art/models/terrain/endgame/karuiarena/5/tgms,1168641,5707
013b3460aefcc3d6,halls_arena_back_01_c21r4.tgm.header,Tiny_4,52586618,264
b2ae2ac3106fd9f0,halls_arena_back_01_c21r3.tgm,Folders/art/models/terrain/doodads/endgame/harbingermap,196436,4681
fae3bda23a61a6b7,halls_arena_back_01_c21r3.tgm.header,Tiny_4,52586354,264
f41aa8d7e286237e,halls_arena_back_01_c21r28.tgm,Tiny_4,52585513,577
7ccc217ab6223d76,halls_arena_back_01_c21r28.tgm.header,Tiny_4,52586090,264
21e7c043e2872e2d,halls_arena_back_01_c21r27.tgm,Tiny_4,52584564,685
2530ee34ef853d1e,halls_arena_back_01_c21r27.tgm.header,Tiny_4,52585249,264
78a391e58154bdab,halls_arena_back_01_c21r26.tgm,Tiny_4,52583399,901
b92c3d7c760f34f7,halls_arena_back_01_c21r26.tgm.header,Tiny_4,52584300,264
25d366e293b0127c,halls_arena_back_01_c21r25.tgm,Tiny_4,52582126,1009
0d18fd92186b1abe,halls_arena_back_01_c21r25.tgm.header,Tiny_4,52583135,264
4bff902039b5dfd8,halls_arena_back_01_c21r24.tgm,Tiny_4,52580221,1641
49ef4bc18c449d36,halls_arena_back_01_c21r24.tgm.header,Tiny_4,52581862,264
99ce416babb941a3,halls_arena_back_01_c21r23.tgm,Tiny_4,52577626,2331
47fffaaa19a8a291,halls_arena_back_01_c21r23.tgm.header,Tiny_4,52579957,264
e76dd7dde10f6941,halls_arena_back_01_c21r22.tgm,Tiny_4,52576717,909
591c10b2f0d197b3,halls_arena_back_01_c21r22.tgm.header,Tiny_5,35702493,264
0c6e476939ff03ef,halls_arena_back_01_c21r21.tgm,Tiny_4,52575700,1017
7e2f8707b89f9ce3,halls_arena_back_01_c21r21.tgm.header,Tiny_5,35691794,264
7bf60a5182e56165,halls_arena_back_01_c21r20.tgm,Tiny_4,52574737,963
b89e453fe900d2c8,halls_arena_back_01_c21r20.tgm.header,Tiny_5,35785775,264
8ec37aee7c248378,halls_arena_back_01_c21r2.tgm,Folders/art/models/terrain/endgame/karuiarena/D/tgms,1899931,6031
a6c89f264f307bea,halls_arena_back_01_c21r2.tgm.header,Tiny_4,52574473,264
ec8316e4542abbf2,halls_arena_back_01_c21r19.tgm,Tiny_4,52573294,1179
1c21adf785a9bb67,halls_arena_back_01_c21r19.tgm.header,Tiny_5,35748125,264
b9174c854482c78d,halls_arena_back_01_c21r18.tgm,Tiny_4,52571791,1503
53de741327cdaa57,halls_arena_back_01_c21r18.tgm.header,Tiny_5,35746678,264
e60f24b28625a1eb,halls_arena_back_01_c21r17.tgm,Tiny_4,52570108,1419
48eb909c75d76d16,halls_arena_back_01_c21r17.tgm.header,Tiny_4,52571527,264
6659ccc03ca2ca41,halls_arena_back_01_c21r16.tgm,Tiny_4,52568419,1425
b86f306e59b21677,halls_arena_back_01_c21r16.tgm.header,Tiny_4,52569844,264
6a7d4e8e771fb30c,halls_arena_back_01_c21r15.tgm,Tiny_4,52566814,1341
3ed5909da50ff776,halls_arena_back_01_c21r15.tgm.header,Tiny_4,52568155,264
c428bd4fd83d0da8,halls_arena_back_01_c21r14.tgm,Tiny_4,52565473,1341
a33bd5ac6b9090c3,halls_arena_back_01_c21r14.tgm.header,Tiny_5,35690509,264
9548a2e50936680e,halls_arena_back_01_c21r13.tgm,Tiny_4,52564348,1125
910e0438decae274,halls_arena_back_01_c21r13.tgm.header,Tiny_5,35700295,264
bdf3dbd7b7cb46e7,halls_arena_back_01_c21r12.tgm,Tiny_4,52563061,1287
037f558cd44da56b,halls_arena_back_01_c21r12.tgm.header,Tiny_5,35557771,264
54b4ee5b8cc85e93,halls_arena_back_01_c21r11.tgm,Tiny_4,52561828,1233
49b46010b1fc1187,halls_arena_back_01_c21r11.tgm.header,Tiny_5,35698902,264
60d0745898600b0a,halls_arena_back_01_c21r10.tgm,Tiny_4,52560703,1125
6ea54d4b1bdbdd1d,halls_arena_back_01_c21r10.tgm.header,Tiny_5,35700295,264
40f67b4876ce7fed,halls_arena_back_01_c21r1.tgm,Folders/art/models/terrain/endgame/karuiarena/5/tgms,1161236,7405
7411c2cdd9bf386a,halls_arena_back_01_c21r1.tgm.header,Tiny_4,52560439,264
d05b6253bd1dce25,halls_arena_back_01_c20r9.tgm,Tiny_4,52559206,1233
410948f88bc94557,halls_arena_back_01_c20r9.tgm.header,Tiny_5,35698902,264
dc49d5010eb5f360,halls_arena_back_01_c20r8.tgm,Folders/art/models/terrain/endgame/karuiarena/F/tgms,35134,1035677
eb35a9c39d1a87cd,halls_arena_back_01_c20r8.tgm.header,Tiny_4,52557844,1362
1a891a647791ca43,halls_arena_back_01_c20r7.tgm,Folders/art/models/terrain/doodads/endgame/harbingermap,568677,4213
6c161090f855548d,halls_arena_back_01_c20r7.tgm.header,Tiny_4,52557580,264
607d79bfba5e5a39,halls_arena_back_01_c20r6.tgm,Folders/art/models/terrain/doodads/endgame/harbingermap,190945,5491
4bc6f2853feef658,halls_arena_back_01_c20r6.tgm.header,Tiny_4,52557316,264
3a87a3305b6f1b3c,halls_arena_back_01_c20r5.tgm,Folders/art/models/terrain/endgame/karuiarena/E/tgms,3111373,5221
b7e26d0a2be776b2,halls_arena_back_01_c20r5.tgm.header,Tiny_4,52557052,264
1e63350c61320725,halls_arena_back_01_c20r4.tgm,Tiny_4,52552755,4033
64edad79b22e2f4e,halls_arena_back_01_c20r4.tgm.header,Tiny_4,52556788,264
bac8b9f558b1ae2b,halls_arena_back_01_c20r3.tgm,Folders/art/models/terrain/endgame/karuiarena/7/tgms_1,0,6463
d6eb37ddd6999009,halls_arena_back_01_c20r3.tgm.header,Tiny_4,52552491,264
976e44980ded4f14,halls_arena_back_01_c20r28.tgm,Tiny_4,52551650,577
791e6b1f30a6b658,halls_arena_back_01_c20r28.tgm.header,Tiny_4,52552227,264
bf22d4d8dbcbb5c0,halls_arena_back_01_c20r27.tgm,Tiny_4,52550701,685
bcae5e9e7b6cf0d3,halls_arena_back_01_c20r27.tgm.header,Tiny_4,52551386,264
f4563da247f70a78,halls_arena_back_01_c20r26.tgm,Tiny_4,52549374,1063
050b7ba4eab27279,halls_arena_back_01_c20r26.tgm.header,Tiny_4,52550437,264
5e2c55bcce52de3b,halls_arena_back_01_c20r25.tgm,Tiny_4,52547723,1387
6e15391e7b7f9c8f,halls_arena_back_01_c20r25.tgm.header,Tiny_4,52549110,264
6a61c027f58e9df7,halls_arena_back_01_c20r24.tgm,Tiny_4,52545590,1869
6f3fcfb9a630e9ef,halls_arena_back_01_c20r24.tgm.header,Tiny_4,52547459,264
cd60e1065d209915,halls_arena_back_01_c20r23.tgm,Tiny_4,52543357,1969
c8a590e88a326ae5,halls_arena_back_01_c20r23.tgm.header,Tiny_4,52545326,264
bdb0e83bfb1564b5,halls_arena_back_01_c20r22.tgm,Tiny_4,52542448,909
9845658934e9f1ea,halls_arena_back_01_c20r22.tgm.header,Tiny_5,35702493,264
f260b2d2d6f7e4a2,halls_arena_back_01_c20r21.tgm,Tiny_4,52541431,1017
5a12a98c24e1fd9d,halls_arena_back_01_c20r21.tgm.header,Tiny_5,35691794,264
f5a51c0a1a0424dd,halls_arena_back_01_c20r20.tgm,Tiny_4,52540306,1125
6307cf56f0c11d91,halls_arena_back_01_c20r20.tgm.header,Tiny_5,35700295,264
d96ae39ee8fa406b,halls_arena_back_01_c20r2.tgm,Folders/art/models/terrain/endgame/karuiarena/8/tgms,11620,9919
153ffc97c569abe1,halls_arena_back_01_c20r2.tgm.header,Tiny_4,52540042,264
a00ba429222422d2,halls_arena_back_01_c20r19.tgm,Folders/art/models/terrain/endgame/karuiarena/D/tgms,330210,1569721
8f9bbaee52bf0296,halls_arena_back_01_c20r19.tgm.header,Tiny_4,52538900,1142
46a8cc3ab72164ca,halls_arena_back_01_c20r18.tgm,Tiny_4,52537721,1179
59a6af016b6718d6,halls_arena_back_01_c20r18.tgm.header,Tiny_5,35748125,264
d57e84e946018066,halls_arena_back_01_c20r17.tgm,Tiny_4,52536380,1341
0bfec17ce116af4e,halls_arena_back_01_c20r17.tgm.header,Tiny_5,35690509,264
7db79b729e46f200,halls_arena_back_01_c20r16.tgm,Tiny_4,52535201,1179
ef067e9404c04b3d,halls_arena_back_01_c20r16.tgm.header,Tiny_5,35748125,264
c062254a7ed94dce,halls_arena_back_01_c20r15.tgm,Tiny_4,52533812,1125
73e64f3a04eb57c7,halls_arena_back_01_c20r15.tgm.header,Tiny_4,52534937,264
299e38dcbe87194b,halls_arena_back_01_c20r14.tgm,Tiny_4,52532345,1203
b647ddf392a77083,halls_arena_back_01_c20r14.tgm.header,Tiny_4,52533548,264
fa97fe78932f8898,halls_arena_back_01_c20r13.tgm,Tiny_4,52531220,1125
7e4780bd6e99c471,halls_arena_back_01_c20r13.tgm.header,Tiny_5,35700295,264
99f496238b0fd9d6,halls_arena_back_01_c20r12.tgm,Tiny_4,52529669,1287
65fba0a434707b32,halls_arena_back_01_c20r12.tgm.header,Tiny_4,52530956,264
41e35a90c36bff72,halls_arena_back_01_c20r11.tgm,Tiny_4,52528274,1395
bcd38a250e62c042,halls_arena_back_01_c20r11.tgm.header,Tiny_5,35803177,264
8c96a04c833974dd,halls_arena_back_01_c20r10.tgm,Tiny_4,52526879,1395
82a6aa2e2108347a,halls_arena_back_01_c20r10.tgm.header,Tiny_5,35803177,264
6cedf9ecbed14377,halls_arena_back_01_c20r1.tgm,Folders/art/models/terrain/endgame/karuiarena/3/tgms_1,4231,5869
de4c06544550925f,halls_arena_back_01_c20r1.tgm.header,Tiny_4,52526615,264
98076de86107a121,halls_arena_back_01_c1r9.tgm,Tiny_4,52523614,2737
b4b4bb9b3acc6b91,halls_arena_back_01_c1r9.tgm.header,Tiny_4,52526351,264
8303844d1b13d295,halls_arena_back_01_c1r8.tgm,Tiny_4,52520397,2953
99ee3906f523f747,halls_arena_back_01_c1r8.tgm.header,Tiny_4,52523350,264
f99e8bb28fd6949c,halls_arena_back_01_c1r7.tgm,Tiny_4,52516964,3169
e5033eb2977ed37c,halls_arena_back_01_c1r7.tgm.header,Tiny_4,52520133,264
624926f4b913af96,halls_arena_back_01_c1r6.tgm,Tiny_4,52513315,3385
5732301c7b9010fb,halls_arena_back_01_c1r6.tgm.header,Tiny_4,52516700,264
522683a0acababad,halls_arena_back_01_c1r5.tgm,Tiny_4,52509450,3601
3f32370e16eb3d30,halls_arena_back_01_c1r5.tgm.header,Tiny_4,52513051,264
dd2595526d226709,halls_arena_back_01_c1r4.tgm,Tiny_4,52505369,3817
2a1a644a56a5d986,halls_arena_back_01_c1r4.tgm.header,Tiny_4,52509186,264
8fba0f623444041a,halls_arena_back_01_c1r3.tgm,Tiny_4,52501072,4033
cb405e1fa6429721,halls_arena_back_01_c1r3.tgm.header,Tiny_4,52505105,264
3b81d62dc94bc1e6,halls_arena_back_01_c1r28.tgm,Tiny_4,52500129,679
0068384c341521cb,halls_arena_back_01_c1r28.tgm.header,Tiny_4,52500808,264
b7601e19d1389c0e,halls_arena_back_01_c1r27.tgm,Tiny_4,52499180,685
2b47b0417732152c,halls_arena_back_01_c1r27.tgm.header,Tiny_4,52499865,264
e63513e340376845,halls_arena_back_01_c1r26.tgm,Tiny_4,52498015,901
fb49316c22da53b5,halls_arena_back_01_c1r26.tgm.header,Tiny_4,52498916,264
2133e4268ce9ae0e,halls_arena_back_01_c1r25.tgm,Tiny_4,52496634,1117
5dd2a51bd45cafc0,halls_arena_back_01_c1r25.tgm.header,Tiny_4,52497751,264
c2e3cdd69c1e7043,halls_arena_back_01_c1r24.tgm,Tiny_4,52495037,1333
e69bd305f3b6ed06,halls_arena_back_01_c1r24.tgm.header,Tiny_4,52496370,264
56bed42320825087,halls_arena_back_01_c1r23.tgm,Tiny_4,52493410,1363
0b614837604da790,halls_arena_back_01_c1r23.tgm.header,Tiny_4,52494773,264
d6e4fc35826d048f,halls_arena_back_01_c1r22.tgm,Tiny_4,52491921,1225
2c5015ed60a38e74,halls_arena_back_01_c1r22.tgm.header,Tiny_4,52493146,264
6bfa92da48037de4,halls_arena_back_01_c1r21.tgm,Tiny_4,52490216,1441
f97822139bfea3ac,halls_arena_back_01_c1r21.tgm.header,Tiny_4,52491657,264
b5622a22e7dd030d,halls_arena_back_01_c1r20.tgm,Tiny_4,52488001,1951
78859c52a9b94f66,halls_arena_back_01_c1r20.tgm.header,Tiny_4,52489952,264
363eb08504a41400,halls_arena_back_01_c1r2.tgm,Folders/art/models/terrain/endgame/karuiarena/1/tgms,1035409,4789
1b9f907372bef5d9,halls_arena_back_01_c1r2.tgm.header,Tiny_4,52487737,264
e16fdcdbdda21a6e,halls_arena_back_01_c1r19.tgm,Tiny_4,52485546,1927
1d975ef94c293068,halls_arena_back_01_c1r19.tgm.header,Tiny_4,52487473,264
d7c4f68acd7baa60,halls_arena_back_01_c1r18.tgm,Tiny_4,52483517,1765
58a5945a1b85710b,halls_arena_back_01_c1r18.tgm.header,Tiny_4,52485282,264
075966ff6b714232,halls_arena_back_01_c1r17.tgm,Tiny_4,52481272,1981
8e015c3cc585d896,halls_arena_back_01_c1r17.tgm.header,Tiny_4,52483253,264
9b14bcc01381b432,halls_arena_back_01_c1r16.tgm,Tiny_4,52478811,2197
7ca4dbd5f6c76182,halls_arena_back_01_c1r16.tgm.header,Tiny_4,52481008,264
052be1615d51a4a7,halls_arena_back_01_c1r15.tgm,Tiny_4,52476134,2413
0a7fbd133982f9de,halls_arena_back_01_c1r15.tgm.header,Tiny_4,52478547,264
f6c10c09eef8044c,halls_arena_back_01_c1r14.tgm,Tiny_4,52473241,2629
03c6b404d043780d,halls_arena_back_01_c1r14.tgm.header,Tiny_4,52475870,264
52d4a0596ca13006,halls_arena_back_01_c1r13.tgm,Tiny_4,52470132,2845
a62993871649a9eb,halls_arena_back_01_c1r13.tgm.header,Tiny_4,52472977,264
3d136a83970e314f,halls_arena_back_01_c1r12.tgm,Tiny_4,52466591,3277
5adce1b7ba5a8df3,halls_arena_back_01_c1r12.tgm.header,Tiny_4,52469868,264
eb967380cb058396,halls_arena_back_01_c1r11.tgm,Tiny_4,52462942,3385
bacba52545fc1000,halls_arena_back_01_c1r11.tgm.header,Tiny_4,52466327,264
9e4c5fcfcc99bee7,halls_arena_back_01_c1r10.tgm,Tiny_4,52460157,2521
c3fae86525a2ef3c,halls_arena_back_01_c1r10.tgm.header,Tiny_4,52462678,264
ca982fa7e6979f99,halls_arena_back_01_c1r1.tgm,Tiny_4,52456892,3001
35a5f7a3ea9554e1,halls_arena_back_01_c1r1.tgm.header,Tiny_4,52459893,264
887ccde5a62118ca,halls_arena_back_01_c19r9.tgm,Tiny_4,52456037,855
471d4dc81e9caddd,halls_arena_back_01_c19r9.tgm.header,Tiny_5,35736077,264
4b360050cb92b5bb,halls_arena_back_01_c19r8.tgm,Folders/art/models/terrain/endgame/karuiarena/D/tgms,14799,315411
6cd7ba09e2d84508,halls_arena_back_01_c19r8.tgm.header,Tiny_4,52455773,264
f55f78a42737780b,halls_arena_back_01_c19r7.tgm,Folders/art/models/terrain/endgame/karuiarena/4/tgms,16205,4204273
e6afb5174b9aac2f,halls_arena_back_01_c19r7.tgm.header,Folders/art/models/terrain/endgame/3/theatre,560111,4706
69bcf21bd4475370,halls_arena_back_01_c19r6.tgm,Folders/art/models/terrain/endgame/karuiarena/4/tgms,11794,4411
ed0ca801fa4a16ef,halls_arena_back_01_c19r6.tgm.header,Tiny_4,52455509,264
bbedeebfa76c09b9,halls_arena_back_01_c19r5.tgm,Folders/art/models/terrain/endgame/karuiarena/B/tgms,5071,4411
34fc0ee2ed3af155,halls_arena_back_01_c19r5.tgm.header,Tiny_4,52455245,264
b3d00377eec15be5,halls_arena_back_01_c19r4.tgm,Folders/art/models/terrain/endgame/karuiarena/E/tgms,3105180,6193
e9790542fb5357a0,halls_arena_back_01_c19r4.tgm.header,Tiny_4,52454981,264
5b677a4261fe7c00,halls_arena_back_01_c19r3.tgm,Folders/art/models/terrain/doodads/endgame/harbingermap,183456,7489
660d4a18e5878eba,halls_arena_back_01_c19r3.tgm.header,Tiny_4,52454717,264
6f91ea2fb0f2eb2d,halls_arena_back_01_c19r28.tgm,Tiny_4,52453876,577
98db468eb453139a,halls_arena_back_01_c19r28.tgm.header,Tiny_4,52454453,264
4f556b5da814e0c3,halls_arena_back_01_c19r27.tgm,Tiny_4,52452441,1171
af05352f61825cb4,halls_arena_back_01_c19r27.tgm.header,Tiny_4,52453612,264
8fb3a4566ec31dec,halls_arena_back_01_c19r26.tgm,Tiny_4,52450358,1819
a549435082a434b1,halls_arena_back_01_c19r26.tgm.header,Tiny_4,52452177,264
fc562cf89f16d136,halls_arena_back_01_c19r25.tgm,Tiny_4,52448167,1927
03448f12dda332fb,halls_arena_back_01_c19r25.tgm.header,Tiny_4,52450094,264
52f7d4764b997e5e,halls_arena_back_01_c19r24.tgm,Tiny_4,52445722,2181
32e4c39a3dd8e2cc,halls_arena_back_01_c19r24.tgm.header,Tiny_4,52447903,264
503c69393676de34,halls_arena_back_01_c19r23.tgm,Tiny_4,52442815,2643
8898d6ab09a14923,halls_arena_back_01_c19r23.tgm.header,Tiny_4,52445458,264
54e697f11ac3a67b,halls_arena_back_01_c19r22.tgm,Tiny_4,52441906,909
744252cee7a87e58,halls_arena_back_01_c19r22.tgm.header,Tiny_5,35702493,264
9474bf939553423c,halls_arena_back_01_c19r21.tgm,Tiny_4,52440889,1017
89307c01cf8aa4b7,halls_arena_back_01_c19r21.tgm.header,Tiny_5,35691794,264
a328e71dade8bc28,halls_arena_back_01_c19r20.tgm,Tiny_4,52439764,1125
e8de36e24bffd245,halls_arena_back_01_c19r20.tgm.header,Tiny_5,35700295,264
aa4425a85c5fc69d,halls_arena_back_01_c19r2.tgm,Folders/art/models/terrain/endgame/karuiarena/8/tgms,5697,5923
8cdeb2372010d7b7,halls_arena_back_01_c19r2.tgm.header,Tiny_4,52439500,264
19eef0768b4acfe1,halls_arena_back_01_c19r19.tgm,Tiny_4,52438267,1233
b0f4425898618af9,halls_arena_back_01_c19r19.tgm.header,Tiny_5,35698902,264
ac5cba71550605c4,halls_arena_back_01_c19r18.tgm,Tiny_4,52437196,1071
a9d100d613f8a69d,halls_arena_back_01_c19r18.tgm.header,Tiny_5,35732588,264
3296fe3d7b89b735,halls_arena_back_01_c19r17.tgm,Tiny_4,52436017,1179
dc5941a600789dae,halls_arena_back_01_c19r17.tgm.header,Tiny_5,35748125,264
c7a913cb13c89279,halls_arena_back_01_c19r16.tgm,Tiny_4,52434412,1341
2c44f86e8ad48e89,halls_arena_back_01_c19r16.tgm.header,Tiny_4,52435753,264
fa43d683308a1e27,halls_arena_back_01_c19r15.tgm,Tiny_4,52433287,1125
8424c88df384288d,halls_arena_back_01_c19r15.tgm.header,Tiny_5,35700295,264
6a8ef8dc484e324d,halls_arena_back_01_c19r14.tgm,Tiny_4,52431820,1203
65e393fbaed309b4,halls_arena_back_01_c19r14.tgm.header,Tiny_4,52433023,264
676693d3cc938087,halls_arena_back_01_c19r13.tgm,Tiny_4,52430401,1155
3763408528d98ba5,halls_arena_back_01_c19r13.tgm.header,Tiny_4,52431556,264
ac06c949b812720a,halls_arena_back_01_c19r12.tgm,Tiny_4,52429360,1041
ccbd65a6fb1cb062,halls_arena_back_01_c19r12.tgm.header,Tiny_5,20448147,264
fb85433dd411c19d,halls_arena_back_01_c19r11.tgm,Tiny_4,52428505,855
c03d0750f36d511f,halls_arena_back_01_c19r11.tgm.header,Tiny_5,35736077,264
1fa3b0d3a4efb5fd,halls_arena_back_01_c19r10.tgm,Tiny_4,52427650,855
96fb9ec2ab896109,halls_arena_back_01_c19r10.tgm.header,Tiny_5,35736077,264
a130ee4fe3c2d676,halls_arena_back_01_c19r1.tgm,Tiny_4,52423521,3865
53982ce255098c55,halls_arena_back_01_c19r1.tgm.header,Tiny_4,52427386,264
6a5004ab7bf6d16f,halls_arena_back_01_c18r9.tgm,Tiny_4,52422126,1395
c7fd851ad99930d7,halls_arena_back_01_c18r9.tgm.header,Tiny_5,35803177,264
f3d2d6059163d3a2,halls_arena_back_01_c18r8.tgm,Folders/art/models/terrain/endgame/karuiarena/6/tgms,12942,1034487
2ab0f34f5f135ef9,halls_arena_back_01_c18r8.tgm.header,Tiny_4,52420808,1318
34000dbf7a3982aa,halls_arena_back_01_c18r7.tgm,Tiny_4,52418089,2455
201950a2bb5cbcb9,halls_arena_back_01_c18r7.tgm.header,Tiny_4,52420544,264
4fb3ba18c73aa451,halls_arena_back_01_c18r6.tgm,Folders/art/models/terrain/endgame/karuiarena/3/tgms_1,0,4231
46c928f4036289a3,halls_arena_back_01_c18r6.tgm.header,Tiny_4,52417825,264
01d6c440e64648a5,halls_arena_back_01_c18r5.tgm,Folders/art/models/terrain/endgame/karuiarena/F/tgms,29967,5167
b7fef12495f371ee,halls_arena_back_01_c18r5.tgm.header,Tiny_4,52417561,264
c27d9e6cc71820b0,halls_arena_back_01_c18r4.tgm,Folders/art/models/terrain/endgame/karuiarena/2/tgms,1056117,6355
595ce4742419b361,halls_arena_back_01_c18r4.tgm.header,Tiny_4,52417297,264
8ad360421b06a522,halls_arena_back_01_c18r3.tgm,Folders/art/models/terrain/endgame/karuiarena/F/tgms,23828,6139
44bc1508e7520141,halls_arena_back_01_c18r3.tgm.header,Tiny_4,52417033,264
c35f13b652811587,halls_arena_back_01_c18r28.tgm,Tiny_4,52415406,1363
e7b49299b2eb33a7,halls_arena_back_01_c18r28.tgm.header,Tiny_4,52416769,264
0542f8829d7a2c48,halls_arena_back_01_c18r27.tgm,Tiny_4,52413377,1765
ef2cf25172699914,halls_arena_back_01_c18r27.tgm.header,Tiny_4,52415142,264
e85946206777046e,halls_arena_back_01_c18r26.tgm,Tiny_4,52411510,1603
3786461d71049a85,halls_arena_back_01_c18r26.tgm.header,Tiny_4,52413113,264
090b728329bb76f9,halls_arena_back_01_c18r25.tgm,Tiny_4,52409643,1603
852d96652710d496,halls_arena_back_01_c18r25.tgm.header,Tiny_4,52411246,264
a11ede9e3cc9b65a,halls_arena_back_01_c18r24.tgm,Tiny_4,52407668,1711
e4d64ac9b4f93fb7,halls_arena_back_01_c18r24.tgm.header,Tiny_4,52409379,264
c4a1b5a288daa408,halls_arena_back_01_c18r23.tgm,Tiny_4,52405115,2289
85ecf5d688f0c36b,halls_arena_back_01_c18r23.tgm.header,Tiny_4,52407404,264
64d721a4f5dd6442,halls_arena_back_01_c18r22.tgm,Tiny_4,52404206,909
c0161e9cf3faace7,halls_arena_back_01_c18r22.tgm.header,Tiny_5,35702493,264
f95cf919324cc021,halls_arena_back_01_c18r21.tgm,Folders/art/models/terrain/endgame/karuiarena/7/tgms,1880752,1346699
5decaef64bd0f1e3,halls_arena_back_01_c18r21.tgm.header,Tiny_4,52402976,1230
e341641956e43702,halls_arena_back_01_c18r20.tgm,Tiny_4,52401851,1125
cadf318c15518b12,halls_arena_back_01_c18r20.tgm.header,Tiny_5,35700295,264
eaf1ea14d0563c7b,halls_arena_back_01_c18r2.tgm,Folders/art/models/terrain/endgame/karuiarena/6/tgms,7073,5869
8eabf714e4e39b42,halls_arena_back_01_c18r2.tgm.header,Tiny_4,52401587,264
54d8262ba9452606,halls_arena_back_01_c18r19.tgm,Tiny_4,52400354,1233
b7119b7d01d3cbcf,halls_arena_back_01_c18r19.tgm.header,Tiny_5,35698902,264
e6cdcb3dc3adb96a,halls_arena_back_01_c18r18.tgm,Tiny_4,52399013,1341
b963e696864b1054,halls_arena_back_01_c18r18.tgm.header,Tiny_5,35690509,264
4c70c3d115658b5a,halls_arena_back_01_c18r17.tgm,Tiny_4,52397888,1125
8371d02375b661e7,halls_arena_back_01_c18r17.tgm.header,Tiny_5,35700295,264
3c463b268f28e8b6,halls_arena_back_01_c18r16.tgm,Tiny_4,52396709,1179
736e00684631a76a,halls_arena_back_01_c18r16.tgm.header,Tiny_5,35748125,264
664d884ff67fc910,halls_arena_back_01_c18r15.tgm,Tiny_4,52395128,1317
12af22383da2ee46,halls_arena_back_01_c18r15.tgm.header,Tiny_4,52396445,264
04d74bf37acfac40,halls_arena_back_01_c18r14.tgm,Tiny_4,52393925,1203
8532436b3b145b6e,halls_arena_back_01_c18r14.tgm.header,Tiny_5,20539748,264
0abe95ede7817fc6,halls_arena_back_01_c18r13.tgm,Tiny_4,52392776,1149
c84e47da86108796,halls_arena_back_01_c18r13.tgm.header,Tiny_5,20479384,264
ca5fc970a59c91ef,halls_arena_back_01_c18r12.tgm,Tiny_4,52391303,1209
f107a013849d60a4,halls_arena_back_01_c18r12.tgm.header,Tiny_4,52392512,264
2b9238c0e5e239a1,halls_arena_back_01_c18r11.tgm,Tiny_4,52389962,1341
dec02f6089a61b73,halls_arena_back_01_c18r11.tgm.header,Tiny_5,35690509,264
cfcb1e24fff51c20,halls_arena_back_01_c18r10.tgm,Tiny_4,52388567,1395
0191b82272b096e8,halls_arena_back_01_c18r10.tgm.header,Tiny_5,35803177,264
a36650f5d6723735,halls_arena_back_01_c18r1.tgm,Folders/art/models/terrain/doodads/endgame/harbingermap,563132,5545
895143ffc30de5f2,halls_arena_back_01_c18r1.tgm.header,Tiny_4,52388303,264
2aa485017199b377,halls_arena_back_01_c17r9.tgm,Tiny_4,52387448,855
e11975ed41517170,halls_arena_back_01_c17r9.tgm.header,Tiny_5,35736077,264
60aa5f46431845c1,halls_arena_back_01_c17r8.tgm,Tiny_4,52386593,855
24e98e5698876ba4,halls_arena_back_01_c17r8.tgm.header,Tiny_5,35736077,264
27f79fe51f6a3233,halls_arena_back_01_c17r7.tgm,Folders/art/models/terrain/endgame/karuiarena/3/tgms,9980,3512551
e8486c75bd935991,halls_arena_back_01_c17r7.tgm.header,Tiny_4,52382547,4046
b4248bf2bc57237a,halls_arena_back_01_c17r6.tgm,Tiny_4,52378208,4075
6af70acf34a31a91,halls_arena_back_01_c17r6.tgm.header,Tiny_4,52382283,264
27860b8bd50cec8a,halls_arena_back_01_c17r5.tgm,Folders/art/models/terrain/endgame/karuiarena/7/tgms,1874937,5815
ab0de444df309feb,halls_arena_back_01_c17r5.tgm.header,Tiny_4,52377944,264
b25309ec0b0defc1,halls_arena_back_01_c17r4.tgm,Folders/art/models/terrain/endgame/karuiarena/E/tgms,3099311,5869
f947af74cbc34d6c,halls_arena_back_01_c17r4.tgm.header,Tiny_4,52377680,264
cf30b6ac4cea84db,halls_arena_back_01_c17r3.tgm,Folders/art/models/terrain/endgame/karuiarena/D/tgms,9470,5329
3c84571cb836b3fd,halls_arena_back_01_c17r3.tgm.header,Tiny_4,52377416,264
9e83020f5239e918,halls_arena_back_01_c17r28.tgm,Tiny_4,52375765,1387
65e24dd5915be399,halls_arena_back_01_c17r28.tgm.header,Tiny_4,52377152,264
0c041ac5ef60321d,halls_arena_back_01_c17r27.tgm,Tiny_4,52373574,1927
ccb76835f8fcb157,halls_arena_back_01_c17r27.tgm.header,Tiny_4,52375501,264
bf6ffb42d35559d7,halls_arena_back_01_c17r26.tgm,Tiny_4,52371113,2197
716b60b5b23c1de5,halls_arena_back_01_c17r26.tgm.header,Tiny_4,52373310,264
b4f2aadc041772d8,halls_arena_back_01_c17r25.tgm,Tiny_4,52368652,2197
27a099dac6edaa9b,halls_arena_back_01_c17r25.tgm.header,Tiny_4,52370849,264
53010a58ee5b2dd5,halls_arena_back_01_c17r24.tgm,Tiny_4,52366191,2197
cc02bc310149083a,halls_arena_back_01_c17r24.tgm.header,Tiny_4,52368388,264
858ee3d6b689cb95,halls_arena_back_01_c17r23.tgm,Tiny_4,52363422,2505
db819a81c21e5474,halls_arena_back_01_c17r23.tgm.header,Tiny_4,52365927,264
67222cb9b76638b9,halls_arena_back_01_c17r22.tgm,Tiny_4,52362513,909
078ac6b7c5406247,halls_arena_back_01_c17r22.tgm.header,Tiny_5,35702493,264
43569a22060d39f2,halls_arena_back_01_c17r21.tgm,Tiny_4,52361496,1017
b2e1c76dd5d05333,halls_arena_back_01_c17r21.tgm.header,Tiny_5,35691794,264
226cc05dd052e464,halls_arena_back_01_c17r20.tgm,Tiny_4,52360371,1125
3bf28c081dd61b6e,halls_arena_back_01_c17r20.tgm.header,Tiny_5,35700295,264
1ffa8416afa55e73,halls_arena_back_01_c17r2.tgm,Folders/art/models/terrain/endgame/karuiarena/5/tgms,1154665,6571
87ae7940167bb980,halls_arena_back_01_c17r2.tgm.header,Tiny_4,52360107,264
546a66ccf54c2848,halls_arena_back_01_c17r19.tgm,Tiny_4,52358874,1233
40973463b12ece0b,halls_arena_back_01_c17r19.tgm.header,Tiny_5,35698902,264
c2feb024444785c8,halls_arena_back_01_c17r18.tgm,Tiny_4,52357533,1341
bb3d527a724039de,halls_arena_back_01_c17r18.tgm.header,Tiny_5,35690509,264
c128424859da7976,halls_arena_back_01_c17r17.tgm,Tiny_4,52356084,1449
fb07abf7b7313195,halls_arena_back_01_c17r17.tgm.header,Tiny_5,35685616,264
677d651eeebbfc49,halls_arena_back_01_c17r16.tgm,Tiny_4,52354905,1179
d6859e069c8fe433,halls_arena_back_01_c17r16.tgm.header,Tiny_5,35748125,264
1d1325fe8bfae999,halls_arena_back_01_c17r15.tgm,Tiny_4,52353756,1149
0ab059eac9b90186,halls_arena_back_01_c17r15.tgm.header,Tiny_5,20479384,264
38d5422c0810d56a,halls_arena_back_01_c17r14.tgm,Tiny_4,52352121,1371
911d05e0b5ab6c0c,halls_arena_back_01_c17r14.tgm.header,Tiny_4,52353492,264
ee5400afba564a6c,halls_arena_back_01_c17r13.tgm,Tiny_4,52350834,1287
9649c5a09d30a0bf,halls_arena_back_01_c17r13.tgm.header,Tiny_5,35557771,264
6826ac7bea706ee7,halls_arena_back_01_c17r12.tgm,Tiny_4,52349709,1125
fe878722d0c06da4,halls_arena_back_01_c17r12.tgm.header,Tiny_5,35700295,264
5944531d38ae211d,halls_arena_back_01_c17r11.tgm,Tiny_4,52348638,1071
079d7f6b6ab31a3d,halls_arena_back_01_c17r11.tgm.header,Tiny_5,35732588,264
f2d216ba62f1f3d9,halls_arena_back_01_c17r10.tgm,Tiny_4,52347783,855
bb1826d19fc46e95,halls_arena_back_01_c17r10.tgm.header,Tiny_5,35736077,264
0a3e455184e34dd4,halls_arena_back_01_c17r1.tgm,Folders/art/models/terrain/endgame/karuiarena/3/tgms,5113,4867
40498373b7c976f6,halls_arena_back_01_c17r1.tgm.header,Tiny_4,52347519,264
6a80f1c0a73d5a4c,halls_arena_back_01_c16r9.tgm,Folders/art/models/terrain/endgame/karuiarena/2/tgms,21570,1034547
7b8824ca8370efe7,halls_arena_back_01_c16r9.tgm.header,Tiny_4,52346201,1318
795b4f8633e9d758,halls_arena_back_01_c16r8.tgm,Tiny_4,52344626,1311
5c96387e0bf42cfc,halls_arena_back_01_c16r8.tgm.header,Tiny_4,52345937,264
55f1f81a1085c29b,halls_arena_back_01_c16r7.tgm,Tiny_4,52343021,1341
804b2213f1f541d0,halls_arena_back_01_c16r7.tgm.header,Tiny_4,52344362,264
96244a452c0a9d91,halls_arena_back_01_c16r6.tgm,Tiny_4,52339438,3319
2ac0688e1ebdd9df,halls_arena_back_01_c16r6.tgm.header,Tiny_4,52342757,264
2e16e3990e23b786,halls_arena_back_01_c16r5.tgm,Folders/art/models/terrain/endgame/karuiarena/B/tgms,0,5071
57414c9461ad7d24,halls_arena_back_01_c16r5.tgm.header,Tiny_4,52339174,264
8d18c1ceac8c6260,halls_arena_back_01_c16r4.tgm,Folders/art/models/terrain/endgame/karuiarena/3/tgms,0,5113
f3ff564fdb850038,halls_arena_back_01_c16r4.tgm.header,Tiny_4,52338910,264
ec61612635bd1014,halls_arena_back_01_c16r3.tgm,Folders/art/models/terrain/endgame/karuiarena/2/tgms,15809,5761
1e9b8bcdfc9cd7ec,halls_arena_back_01_c16r3.tgm.header,Tiny_4,52338646,264
eb003645f3e650c6,halls_arena_back_01_c16r28.tgm,Tiny_4,52337535,847
099af9d00faaad6b,halls_arena_back_01_c16r28.tgm.header,Tiny_4,52338382,264
6325b822a05a63d6,halls_arena_back_01_c16r27.tgm,Tiny_4,52336100,1171
471347de9e2fc3fa,halls_arena_back_01_c16r27.tgm.header,Tiny_4,52337271,264
df36895ade4996df,halls_arena_back_01_c16r26.tgm,Tiny_4,52334395,1441
c5308603e8d6c14c,halls_arena_back_01_c16r26.tgm.header,Tiny_4,52335836,264
66827af66fa0a1bb,halls_arena_back_01_c16r25.tgm,Tiny_4,52332474,1657
781630b6e6c37e69,halls_arena_back_01_c16r25.tgm.header,Tiny_4,52334131,264
3218dd89b7295436,halls_arena_back_01_c16r24.tgm,Tiny_4,52330229,1981
2f501946fae5fbf3,halls_arena_back_01_c16r24.tgm.header,Tiny_4,52332210,264
27870ba00b6eb88e,halls_arena_back_01_c16r23.tgm,Tiny_4,52327460,2505
2a1ec1ad8ec98660,halls_arena_back_01_c16r23.tgm.header,Tiny_4,52329965,264
c3c5c44654e9fcb7,halls_arena_back_01_c16r22.tgm,Folders/art/models/terrain/endgame/karuiarena/5/tgms,0,1154665
6429366db5dccfe0,halls_arena_back_01_c16r22.tgm.header,Tiny_4,52326318,1142
ccf9678c47fb4abe,halls_arena_back_01_c16r21.tgm,Tiny_4,52325301,1017
20b4d45e9e5d3c33,halls_arena_back_01_c16r21.tgm.header,Tiny_5,35691794,264
3f80dea4b764686d,halls_arena_back_01_c16r20.tgm,Tiny_4,52324176,1125
26bebe34a6c8048f,halls_arena_back_01_c16r20.tgm.header,Tiny_5,35700295,264
ebb6094aa9c8dd9e,halls_arena_back_01_c16r2.tgm,Folders/art/models/terrain/endgame/karuiarena/F/tgms,18553,5275
71e2d32ada60f51a,halls_arena_back_01_c16r2.tgm.header,Tiny_4,52323912,264
da742cfe8128d856,halls_arena_back_01_c16r19.tgm,Tiny_4,52322679,1233
9aec2251d9daeb56,halls_arena_back_01_c16r19.tgm.header,Tiny_5,35698902,264
3c64d851675b99a9,halls_arena_back_01_c16r18.tgm,Tiny_4,52321338,1341
2d7355af505d25f2,halls_arena_back_01_c16r18.tgm.header,Tiny_5,35690509,264
79f4b111ef62691c,halls_arena_back_01_c16r17.tgm,Tiny_4,52319889,1449
c84369a19177a21e,halls_arena_back_01_c16r17.tgm.header,Tiny_5,35685616,264
6445895738c27976,halls_arena_back_01_c16r16.tgm,Tiny_4,52318068,1557
614c4043f3b4a418,halls_arena_back_01_c16r16.tgm.header,Tiny_4,52319625,264
078227b7b0402186,halls_arena_back_01_c16r15.tgm,Folders/art/models/terrain/endgame/karuiarena/6/tgms,0,7073
d311c931e6fc442a,halls_arena_back_01_c16r15.tgm.header,Tiny_4,52317498,570
6e7d9fe41764c56b,halls_arena_back_01_c16r14.tgm,Tiny_4,52316247,987
bcd33433453f77d0,halls_arena_back_01_c16r14.tgm.header,Tiny_4,52317234,264
9a220e74f665deac,halls_arena_back_01_c16r13.tgm,Tiny_4,52314804,1179
99eb12f85afb2b38,halls_arena_back_01_c16r13.tgm.header,Tiny_4,52315983,264
a9706c6d2fb08589,halls_arena_back_01_c16r12.tgm,Tiny_4,52313787,1017
3ac13060593d4f5d,halls_arena_back_01_c16r12.tgm.header,Tiny_4,52313523,264
8c5c63232c7a22fa,halls_arena_back_01_c16r11.tgm,Tiny_4,52312506,1017
6ad769abcfbc7340,halls_arena_back_01_c16r11.tgm.header,Tiny_4,52313523,264
07a9e6804343a589,halls_arena_back_01_c16r10.tgm,Tiny_4,52311117,1125
0c74ffc326bbd71e,halls_arena_back_01_c16r10.tgm.header,Tiny_4,52312242,264
492c193e52601872,halls_arena_back_01_c16r1.tgm,Tiny_4,52307306,3547
03e33eb8b8ee0def,halls_arena_back_01_c16r1.tgm.header,Tiny_4,52310853,264
67babcd5f53c4c2a,halls_arena_back_01_c15r9.tgm,Tiny_4,52306319,987
e0bb6fc8b4b5295d,halls_arena_back_01_c15r9.tgm.header,Tiny_5,20545778,264
afb7d48f1cf36ef8,halls_arena_back_01_c15r8.tgm,Folders/art/models/terrain/endgame/karuiarena/9/tgms_1,0,3512489
117fdc78c4951616,halls_arena_back_01_c15r8.tgm.header,Tiny_4,52302317,4002
414af20def802f76,halls_arena_back_01_c15r7.tgm,Tiny_4,52301246,1071
a29f675a36b4c5d4,halls_arena_back_01_c15r7.tgm.header,Tiny_5,35732588,264
8888b75754210980,halls_arena_back_01_c15r6.tgm,Tiny_4,52300283,963
038b681c695db4bd,halls_arena_back_01_c15r6.tgm.header,Tiny_5,35785775,264
789316c1469d3134,halls_arena_back_01_c15r5.tgm,Tiny_4,52296286,3733
db91c0205674dc7e,halls_arena_back_01_c15r5.tgm.header,Tiny_4,52300019,264
33681ba77bb15912,halls_arena_back_01_c15r4.tgm,Folders/art/models/terrain/endgame/karuiarena/0/tgms,1459319,4951
f97f558171f03656,halls_arena_back_01_c15r4.tgm.header,Tiny_4,52296022,264
94e18b0d20da911f,halls_arena_back_01_c15r3.tgm,Folders/art/models/terrain/endgame/karuiarena/F/tgms,14034,4519
d72a4104483d696e,halls_arena_back_01_c15r3.tgm.header,Tiny_4,52295758,264
5fb737913297cc29,halls_arena_back_01_c15r28.tgm,Tiny_4,52294809,685
aaf9b0ab9efbb276,halls_arena_back_01_c15r28.tgm.header,Tiny_4,52295494,264
e476ef8fe4544d88,halls_arena_back_01_c15r27.tgm,Tiny_4,52293806,739
64fc9aa6f69e1e3a,halls_arena_back_01_c15r27.tgm.header,Tiny_4,52294545,264
90919cd1093682f9,halls_arena_back_01_c15r26.tgm,Tiny_4,52292695,847
f1cf255b9185a15c,halls_arena_back_01_c15r26.tgm.header,Tiny_4,52293542,264
af46702f0c37cfda,halls_arena_back_01_c15r25.tgm,Tiny_4,52291422,1009
37a93427a7c946e4,halls_arena_back_01_c15r25.tgm.header,Tiny_4,52292431,264
a7adbfeb137d52d4,halls_arena_back_01_c15r24.tgm,Tiny_4,52289879,1279
2c0dadc0370611c1,halls_arena_back_01_c15r24.tgm.header,Tiny_4,52291158,264
ca0b37aa079befda,halls_arena_back_01_c15r23.tgm,Tiny_4,52287236,2379
c3f561868f7dc523,halls_arena_back_01_c15r23.tgm.header,Tiny_4,52289615,264
3b2227ec557088e6,halls_arena_back_01_c15r22.tgm,Tiny_4,52284779,2193
9a8a85b724d98e67,halls_arena_back_01_c15r22.tgm.header,Tiny_4,52286972,264
fba5a3ec6ccd86b7,halls_arena_back_01_c15r21.tgm,Tiny_4,52283762,1017
7282c45b0b84a2b2,halls_arena_back_01_c15r21.tgm.header,Tiny_5,35691794,264
79198535217552d0,halls_arena_back_01_c15r20.tgm,Tiny_4,52282637,1125
a73f853e7fb8811d,halls_arena_back_01_c15r20.tgm.header,Tiny_5,35700295,264
ed3a8c53b681481c,halls_arena_back_01_c15r2.tgm,Folders/art/models/terrain/endgame/karuiarena/D/tgms,4249,5221
44817e54b0644919,halls_arena_back_01_c15r2.tgm.header,Tiny_4,52282373,264
54e3dd27a5e4b7f0,halls_arena_back_01_c15r19.tgm,Tiny_4,52280876,1233
5433202562a3758f,halls_arena_back_01_c15r19.tgm.header,Tiny_4,52282109,264
e6098c01f7d167b8,halls_arena_back_01_c15r18.tgm,Tiny_4,52279535,1341
59c156b547be4dd5,halls_arena_back_01_c15r18.tgm.header,Tiny_5,35690509,264
bf6ea0d514361917,halls_arena_back_01_c15r17.tgm,Tiny_4,52278086,1449
dff24fd16804dc7f,halls_arena_back_01_c15r17.tgm.header,Tiny_5,35685616,264
3ab0e14d4d4e3db6,halls_arena_back_01_c15r16.tgm,Tiny_4,52276529,1557
56d7275668bc7511,halls_arena_back_01_c15r16.tgm.header,Tiny_5,35683899,264
f0e578ec6d930b2f,halls_arena_back_01_c15r15.tgm,Tiny_4,52274468,1797
e48a5ae390454ddd,halls_arena_back_01_c15r15.tgm.header,Tiny_4,52276265,264
c3f2ea873d6b1260,halls_arena_back_01_c15r14.tgm,Tiny_4,52272725,1479
8c1d484802c8a998,halls_arena_back_01_c15r14.tgm.header,Tiny_4,52274204,264
45d01ef4b2759352,halls_arena_back_01_c15r13.tgm,Tiny_4,52271708,1017
0e0bb6ea0a7650ee,halls_arena_back_01_c15r13.tgm.header,Tiny_5,35691794,264
635a46ccd5fce74d,halls_arena_back_01_c15r12.tgm,Tiny_4,52270529,1179
696bf70534e929c5,halls_arena_back_01_c15r12.tgm.header,Tiny_5,35748125,264
bc9a1e7087a85233,halls_arena_back_01_c15r11.tgm,Tiny_4,52269512,1017
3d0a936e4edeefb5,halls_arena_back_01_c15r11.tgm.header,Tiny_5,35691794,264
723dd221bb2170bd,halls_arena_back_01_c15r10.tgm,Tiny_4,52268657,855
46f120aba918d084,halls_arena_back_01_c15r10.tgm.header,Tiny_5,35736077,264
8bcafc5808e61799,halls_arena_back_01_c15r1.tgm,Tiny_4,52264954,3439
c7b24231aadd6672,halls_arena_back_01_c15r1.tgm.header,Tiny_4,52268393,264
1dd246d4eecf3bf6,halls_arena_back_01_c14r9.tgm,Folders/art/models/terrain/doodads/endgame/harbingermap,227617,335515
b745cb41391f076a,halls_arena_back_01_c14r9.tgm.header,Tiny_4,52263020,1934
7552f8f47a5e97b8,halls_arena_back_01_c14r8.tgm,Tiny_4,52262165,855
ad00d56c0441b7e8,halls_arena_back_01_c14r8.tgm.header,Tiny_5,35736077,264
b7f4be983cb2f086,halls_arena_back_01_c14r7.tgm,Tiny_4,52261310,855
b3bf9906d90d593f,halls_arena_back_01_c14r7.tgm.header,Tiny_5,35736077,264
2ccf09965cea6aa4,halls_arena_back_01_c14r6.tgm,Tiny_4,52260455,855
0090d3a687009f13,halls_arena_back_01_c14r6.tgm.header,Tiny_5,35736077,264
65201cdd7cc63313,halls_arena_back_01_c14r5.tgm,Tiny_4,52258156,2035
9115c49bab142d99,halls_arena_back_01_c14r5.tgm.header,Tiny_4,52260191,264
29da914427250e77,halls_arena_back_01_c14r4.tgm,Tiny_4,52253829,4063
d972064ea8c0b053,halls_arena_back_01_c14r4.tgm.header,Tiny_4,52257892,264
73b51e7d60c2dcae,halls_arena_back_01_c14r3.tgm,Folders/art/models/terrain/endgame/karuiarena/2/tgms,10318,5491
03c3a259275dcfa9,halls_arena_back_01_c14r3.tgm.header,Tiny_4,52253565,264
d3e7338049af604f,halls_arena_back_01_c14r28.tgm,Tiny_4,52252616,685
76372e856d2439fb,halls_arena_back_01_c14r28.tgm.header,Tiny_4,52253301,264
25bffa45eab05486,halls_arena_back_01_c14r27.tgm,Tiny_4,52251559,793
09abaa57064d5dcb,halls_arena_back_01_c14r27.tgm.header,Tiny_4,52252352,264
333299a56abc4219,halls_arena_back_01_c14r26.tgm,Tiny_4,52250232,1063
980a3051263ca759,halls_arena_back_01_c14r26.tgm.header,Tiny_4,52251295,264
388c0277fcd3d819,halls_arena_back_01_c14r25.tgm,Tiny_4,52248581,1387
968b28b1b19f5879,halls_arena_back_01_c14r25.tgm.header,Tiny_4,52249968,264
c623ec5ac5f5f0e6,halls_arena_back_01_c14r24.tgm,Tiny_4,52246228,2089
6c1ac71d4a021c78,halls_arena_back_01_c14r24.tgm.header,Tiny_4,52248317,264
dd050d104e0eccd6,halls_arena_back_01_c14r23.tgm,Tiny_4,52243767,2197
a28015a60dd92d6b,halls_arena_back_01_c14r23.tgm.header,Tiny_4,52245964,264
01a8a967ac7f19eb,halls_arena_back_01_c14r22.tgm,Tiny_4,52240860,2643
e7b9ff28e14055a4,halls_arena_back_01_c14r22.tgm.header,Tiny_4,52243503,264
1f28caee4032c9ea,halls_arena_back_01_c14r21.tgm,Tiny_4,52239843,1017
11e46dc4ce3bddca,halls_arena_back_01_c14r21.tgm.header,Tiny_5,35691794,264
a763aec9593708cb,halls_arena_back_01_c14r20.tgm,Tiny_4,52238718,1125
a5ad8643d57b105e,halls_arena_back_01_c14r20.tgm.header,Tiny_5,35700295,264
dc527e4c69905556,halls_arena_back_01_c14r2.tgm,Folders/art/models/terrain/endgame/karuiarena/2/tgms,5961,4357
7005ab9235ee32c2,halls_arena_back_01_c14r2.tgm.header,Tiny_4,52238454,264
84956edc503876a4,halls_arena_back_01_c14r19.tgm,Tiny_4,52237221,1233
aa261a5c59b1581f,halls_arena_back_01_c14r19.tgm.header,Tiny_5,35698902,264
ae0aece6d1906732,halls_arena_back_01_c14r18.tgm,Tiny_4,52235880,1341
81efffd468ece4e6,halls_arena_back_01_c14r18.tgm.header,Tiny_5,35690509,264
c38444b0759d1c22,halls_arena_back_01_c14r17.tgm,Tiny_4,52234431,1449
27a5639b8848941f,halls_arena_back_01_c14r17.tgm.header,Tiny_5,35685616,264
07b302b572885449,halls_arena_back_01_c14r16.tgm,Tiny_4,52232874,1557
e6225f8b660f306b,halls_arena_back_01_c14r16.tgm.header,Tiny_5,35683899,264
8de8e373a5e594fe,halls_arena_back_01_c14r15.tgm,Tiny_4,52230945,1665
bcef20bfeaa7941e,halls_arena_back_01_c14r15.tgm.header,Tiny_4,52232610,264
8c9eb6ba3b38e6ea,halls_arena_back_01_c14r14.tgm,Tiny_4,52229820,1125
f8e1216b15994b90,halls_arena_back_01_c14r14.tgm.header,Tiny_5,35700295,264
833324dce5a40e59,halls_arena_back_01_c14r13.tgm,Tiny_4,52229127,693
1a3ee68c97269c7f,halls_arena_back_01_c14r13.tgm.header,Tiny_5,55199424,264
9a1f1a02cb630f6c,halls_arena_back_01_c14r12.tgm,Tiny_4,52228110,1017
1db6a87d0334379f,halls_arena_back_01_c14r12.tgm.header,Tiny_5,35691794,264
eddb3080074a96a8,halls_arena_back_01_c14r11.tgm,Tiny_4,52226931,1179
357196b0d227064f,halls_arena_back_01_c14r11.tgm.header,Tiny_5,35748125,264
b9e250f92c9d47bd,halls_arena_back_01_c14r10.tgm,Tiny_4,52225806,1125
020f4dad233e1620,halls_arena_back_01_c14r10.tgm.header,Tiny_5,35700295,264
e69c822b9d9826a1,halls_arena_back_01_c14r1.tgm,Tiny_4,52224803,739
a9016ffb98a24e12,halls_arena_back_01_c14r1.tgm.header,Tiny_4,52225542,264
a5da6025c36bd961,halls_arena_back_01_c13r9.tgm,Tiny_4,52223786,1017
563042a94aab6e65,halls_arena_back_01_c13r9.tgm.header,Tiny_5,35691794,264
671f32c9735f3717,halls_arena_back_01_c13r8.tgm,Tiny_4,52222799,987
28b6f65b4b0bd15d,halls_arena_back_01_c13r8.tgm.header,Tiny_5,20545778,264
70cbf4a44e3b5be7,halls_arena_back_01_c13r7.tgm,Tiny_4,52221914,885
b5e8b0cf1ce5b1ed,halls_arena_back_01_c13r7.tgm.header,Tiny_5,20532017,264
7c4ee0e51381cef4,halls_arena_back_01_c13r6.tgm,Tiny_4,52221059,855
3bdbcb2da5da85ec,halls_arena_back_01_c13r6.tgm.header,Tiny_5,35736077,264
ffb78a4019229b4c,halls_arena_back_01_c13r5.tgm,Tiny_4,52220042,1017
d37f86b6ff739eba,halls_arena_back_01_c13r5.tgm.header,Tiny_5,35691794,264
dfe3d0d6a59faacf,halls_arena_back_01_c13r4.tgm,Tiny_4,52217785,1993
7c1e4156b8fbc7aa,halls_arena_back_01_c13r4.tgm.header,Tiny_4,52219778,264
0fb4fb6bc6090639,halls_arena_back_01_c13r3.tgm,Tiny_4,52213428,4093
0e5927a4011da2c2,halls_arena_back_01_c13r3.tgm.header,Tiny_4,52217521,264
a277d680dcb74ab0,halls_arena_back_01_c13r28.tgm,Tiny_4,52212425,739
ce843f611e1d8d43,halls_arena_back_01_c13r28.tgm.header,Tiny_4,52213164,264
43ce8576e8a72648,halls_arena_back_01_c13r27.tgm,Tiny_4,52211260,901
dcc27b2d20748df8,halls_arena_back_01_c13r27.tgm.header,Tiny_4,52212161,264
a84d1f5fe2963da4,halls_arena_back_01_c13r26.tgm,Tiny_4,52209717,1279
88f7a58b0f16acc5,halls_arena_back_01_c13r26.tgm.header,Tiny_4,52210996,264
d3bc2d45814dc1e7,halls_arena_back_01_c13r25.tgm,Tiny_4,52207796,1657
ac06c2bf0a1b5f64,halls_arena_back_01_c13r25.tgm.header,Tiny_4,52209453,264
928301b242bf2909,halls_arena_back_01_c13r24.tgm,Tiny_4,52205659,1873
54507e3cf5f3fc4e,halls_arena_back_01_c13r24.tgm.header,Tiny_4,52207532,264
619b65f2d978e71f,halls_arena_back_01_c13r23.tgm,Folders/art/models/terrain/endgame/karuiarena/7/tgms,1138616,736321
f23cff4cfad8ebcf,halls_arena_back_01_c13r23.tgm.header,Tiny_4,52204913,746
2f06320e599dc956,halls_arena_back_01_c13r22.tgm,Tiny_4,52201676,2973
bbef839ab026da64,halls_arena_back_01_c13r22.tgm.header,Tiny_4,52204649,264
370bfcced354faa8,halls_arena_back_01_c13r21.tgm,Tiny_4,52198913,2499
0c9242650a6a8774,halls_arena_back_01_c13r21.tgm.header,Tiny_4,52201412,264
e5f4cc2d0a9c5ba9,halls_arena_back_01_c13r20.tgm,Tiny_4,52197788,1125
274511fd617e87ea,halls_arena_back_01_c13r20.tgm.header,Tiny_5,35700295,264
1d57fee8d2b20d51,halls_arena_back_01_c13r2.tgm,Tiny_4,52193923,3601
90f476cd5bf4a5aa,halls_arena_back_01_c13r2.tgm.header,Tiny_4,52197524,264
b64d6684107dbf91,halls_arena_back_01_c13r19.tgm,Tiny_4,52192690,1233
e57f4c65fec13af9,halls_arena_back_01_c13r19.tgm.header,Tiny_5,35698902,264
8d677941fed9ff0c,halls_arena_back_01_c13r18.tgm,Tiny_4,52191349,1341
120e03cb8ca24032,halls_arena_back_01_c13r18.tgm.header,Tiny_5,35690509,264
905d746d0c27f54c,halls_arena_back_01_c13r17.tgm,Tiny_4,52189900,1449
62338f1ee228d37f,halls_arena_back_01_c13r17.tgm.header,Tiny_5,35685616,264
6fc76bbd8dc35cf6,halls_arena_back_01_c13r16.tgm,Tiny_4,52188343,1557
bb9c9f892233dc31,halls_arena_back_01_c13r16.tgm.header,Tiny_5,35683899,264
875ff61964721546,halls_arena_back_01_c13r15.tgm,Tiny_4,52186414,1665
862c61e0b8712ee1,halls_arena_back_01_c13r15.tgm.header,Tiny_4,52188079,264
e5fbd7e7d9cfac24,halls_arena_back_01_c13r14.tgm,Tiny_4,52184641,1773
8241347280d1e3d6,halls_arena_back_01_c13r14.tgm.header,Tiny_5,35680141,264
73a13d3af8bdb3b3,halls_arena_back_01_c13r13.tgm,Tiny_4,52183462,1179
909f7a0e01dfecc0,halls_arena_back_01_c13r13.tgm.header,Tiny_5,35748125,264
8700b131aef42438,halls_arena_back_01_c13r12.tgm,Tiny_4,52182769,693
8c9b60a2b2b03153,halls_arena_back_01_c13r12.tgm.header,Tiny_5,55199424,264
e3a159378ce7a74b,halls_arena_back_01_c13r11.tgm,Tiny_4,52181752,1017
f2c186f6084f0954,halls_arena_back_01_c13r11.tgm.header,Tiny_5,35691794,264
167671ca501eb67d,halls_arena_back_01_c13r10.tgm,Tiny_4,52180735,1017
e055b40b30beacf5,halls_arena_back_01_c13r10.tgm.header,Tiny_5,35691794,264
911ab1563349b9c5,halls_arena_back_01_c13r1.tgm,Tiny_4,52178358,2113
fe9e135258d173e4,halls_arena_back_01_c13r1.tgm.header,Tiny_4,52180471,264
2bf5ab44f7de5600,halls_arena_back_01_c12r9.tgm,Tiny_4,52177341,1017
a77208dfbdf7e2a4,halls_arena_back_01_c12r9.tgm.header,Tiny_5,35691794,264
f43c4ad7fc38a493,halls_arena_back_01_c12r8.tgm,Folders/art/models/terrain/endgame/karuiarena/C/tgms,341166,8171503
521aa516f1b4f380,halls_arena_back_01_c12r8.tgm.header,Folders/art/models/terrain/endgame/3/theatre,549951,5102
101cb0de96f9ad1b,halls_arena_back_01_c12r7.tgm,Tiny_4,52176408,933
1af601653fb4edf1,halls_arena_back_01_c12r7.tgm.header,Tiny_5,20530868,264
7bb78574b27bb0d3,halls_arena_back_01_c12r6.tgm,Tiny_4,52175337,1071
27fd569da441c541,halls_arena_back_01_c12r6.tgm.header,Tiny_5,35732588,264
ba7a0887b17f46e3,halls_arena_back_01_c12r5.tgm,Tiny_4,52174212,1125
489f3d2208e65a1a,halls_arena_back_01_c12r5.tgm.header,Tiny_5,35700295,264
d921e5a98b605766,halls_arena_back_01_c12r4.tgm,Tiny_4,52173087,1125
184413f30e71d2fd,halls_arena_back_01_c12r4.tgm.header,Tiny_5,35700295,264
05f34c30214fb3b1,halls_arena_back_01_c12r3.tgm,Tiny_4,52169816,3007
5f09385761c5b3c4,halls_arena_back_01_c12r3.tgm.header,Tiny_4,52172823,264
bcd0638de9dc0e3b,halls_arena_back_01_c12r28.tgm,Tiny_4,52168975,577
eb6a9f5979ef83d4,halls_arena_back_01_c12r28.tgm.header,Tiny_4,52169552,264
902b049de124fa10,halls_arena_back_01_c12r27.tgm,Tiny_4,52167432,1279
a4bf1fe3bf5fdee6,halls_arena_back_01_c12r27.tgm.header,Tiny_4,52168711,264
caaa24f7146780c4,halls_arena_back_01_c12r26.tgm,Tiny_4,52165079,2089
0190be96f2cca87f,halls_arena_back_01_c12r26.tgm.header,Tiny_4,52167168,264
f0f44d7f323b5f04,halls_arena_back_01_c12r25.tgm,Tiny_4,52162510,2305
0a601e298434bd83,halls_arena_back_01_c12r25.tgm.header,Tiny_4,52164815,264
4c5c87eb1e9990d7,halls_arena_back_01_c12r24.tgm,Folders/art/models/terrain/endgame/karuiarena/7/tgms,17997,1120619
585528ca584335e1,halls_arena_back_01_c12r24.tgm.header,Tiny_4,52161412,1098
60dafc5fb97e95cf,halls_arena_back_01_c12r23.tgm,Tiny_4,52158889,2259
f55692fa1aa78730,halls_arena_back_01_c12r23.tgm.header,Tiny_4,52161148,264
a561f2f234f4f686,halls_arena_back_01_c12r22.tgm,Tiny_4,52155652,2973
9be91220c4cdc65d,halls_arena_back_01_c12r22.tgm.header,Tiny_4,52158625,264
fbfca8f28c67e774,halls_arena_back_01_c12r21.tgm,Folders/art/models/terrain/endgame/karuiarena/7/tgms,13686,4311
64426cd9bedf77a1,halls_arena_back_01_c12r21.tgm.header,Tiny_4,52155388,264
0c6c893fc7640c51,halls_arena_back_01_c12r20.tgm,Tiny_4,52152675,2449
7e06946f34eefcaf,halls_arena_back_01_c12r20.tgm.header,Tiny_4,52155124,264
4de50bfdca456733,halls_arena_back_01_c12r2.tgm,Folders/art/models/terrain/endgame/karuiarena/D/tgms,0,4249
15e8d7cff13f38ef,halls_arena_back_01_c12r2.tgm.header,Tiny_4,52152411,264
23d9fb99913a59ba,halls_arena_back_01_c12r19.tgm,Tiny_4,52151178,1233
3eaad50db63e8ec3,halls_arena_back_01_c12r19.tgm.header,Tiny_5,35698902,264
7a7e2936c4b8bc39,halls_arena_back_01_c12r18.tgm,Tiny_4,52149837,1341
da355b2b15741e7d,halls_arena_back_01_c12r18.tgm.header,Tiny_5,35690509,264
884449b4a5338418,halls_arena_back_01_c12r17.tgm,Tiny_4,52148388,1449
b8411886c0df7952,halls_arena_back_01_c12r17.tgm.header,Tiny_5,35685616,264
646065d31e13f2df,halls_arena_back_01_c12r16.tgm,Tiny_4,52146831,1557
46060db78efb5bc7,halls_arena_back_01_c12r16.tgm.header,Tiny_5,35683899,264
211da4c5444e5097,halls_arena_back_01_c12r15.tgm,Tiny_4,52145166,1665
f132c9d51fe156ec,halls_arena_back_01_c12r15.tgm.header,Tiny_5,35682074,264
4cb63f4ec0528a23,halls_arena_back_01_c12r14.tgm,Tiny_4,52143129,1773
fd69d28af91456fb,halls_arena_back_01_c12r14.tgm.header,Tiny_4,52144902,264
0418662914a0a61a,halls_arena_back_01_c12r13.tgm,Tiny_4,52141248,1881
3b38a6d67723b95f,halls_arena_back_01_c12r13.tgm.header,Tiny_5,35799845,264
914ad51276e496be,halls_arena_back_01_c12r12.tgm,Tiny_4,52140015,1233
5cb5791a62d88608,halls_arena_back_01_c12r12.tgm.header,Tiny_5,35698902,264
ec593211637ad740,halls_arena_back_01_c12r11.tgm,Folders/art/models/terrain/endgame/karuiarena/9/tgms,3103352,1689257
dae091f9e65fd73c,halls_arena_back_01_c12r11.tgm.header,Folders/art/models/terrain/endgame/3/theatre,544233,5718
cd3716bbeb781913,halls_arena_back_01_c12r10.tgm,Tiny_4,52138998,1017
fd309d14eb5950e0,halls_arena_back_01_c12r10.tgm.header,Tiny_5,35691794,264
4102206f23284843,halls_arena_back_01_c12r1.tgm,Tiny_4,52135463,3271
36d6f1e457207950,halls_arena_back_01_c12r1.tgm.header,Tiny_4,52138734,264
88a189c29bc4d3d3,halls_arena_back_01_c11r9.tgm,Folders/art/models/terrain/endgame/karuiarena/E/tgms,0,3099311
058291d86ec856f4,halls_arena_back_01_c11r9.tgm.header,Tiny_4,52131725,3738
e32cdddaad2e75b2,halls_arena_back_01_c11r8.tgm,Tiny_4,52130708,1017
23c8d8c099fcb99f,halls_arena_back_01_c11r8.tgm.header,Tiny_5,35691794,264
20000f674ce6325f,halls_arena_back_01_c11r7.tgm,Tiny_4,52129853,855
f72d0933b97e11c5,halls_arena_back_01_c11r7.tgm.header,Tiny_5,35736077,264
17c84c033cc278d0,halls_arena_back_01_c11r6.tgm,Tiny_4,52128998,855
05b4632b68fd3261,halls_arena_back_01_c11r6.tgm.header,Tiny_5,35736077,264
b3d0d7a9ddc53878,halls_arena_back_01_c11r5.tgm,Tiny_4,52128143,855
8f36342b8c2c9f72,halls_arena_back_01_c11r5.tgm.header,Tiny_5,35736077,264
ea143408fdb4683d,halls_arena_back_01_c11r4.tgm,Tiny_4,52127288,855
e4bac67ada9841dc,halls_arena_back_01_c11r4.tgm.header,Tiny_5,35736077,264
b97cccc9bfe5fea1,halls_arena_back_01_c11r3.tgm,Tiny_4,52125577,1447
3f23c79343a605ab,halls_arena_back_01_c11r3.tgm.header,Tiny_4,52127024,264
6d4a4b37ac80d8f9,halls_arena_back_01_c11r28.tgm,Tiny_4,52123386,1927
749368413378c452,halls_arena_back_01_c11r28.tgm.header,Tiny_4,52125313,264
a3f7e03de3f2f333,halls_arena_back_01_c11r27.tgm,Tiny_4,52119899,3223
0b313e11bff698ac,halls_arena_back_01_c11r27.tgm.header,Tiny_4,52123122,264
a61cfc02bd09645b,halls_arena_back_01_c11r26.tgm,Tiny_4,52116196,3439
992e783cf734b124,halls_arena_back_01_c11r26.tgm.header,Tiny_4,52119635,264
48503478f80490ea,halls_arena_back_01_c11r25.tgm,Tiny_4,52112385,3547
a09492753e8d13ae,halls_arena_back_01_c11r25.tgm.header,Tiny_4,52115932,264
d57087f6ea958145,halls_arena_back_01_c11r24.tgm,Folders/art/models/terrain/endgame/karuiarena/9/tgms,3099227,4125
4d0566b110b5ed10,halls_arena_back_01_c11r24.tgm.header,Tiny_4,52112121,264
17e4de08be9e2d75,halls_arena_back_01_c11r23.tgm,Folders/art/models/terrain/endgame/karuiarena/8/tgms,0,5697
63c23e1dc40323c2,halls_arena_back_01_c11r23.tgm.header,Tiny_4,52111857,264
8f40e7c25afa265d,halls_arena_back_01_c11r22.tgm,Folders/art/models/terrain/endgame/karuiarena/2/tgms,0,5961
bdcf7190e8e731f4,halls_arena_back_01_c11r22.tgm.header,Tiny_4,52111593,264
e87d3dc1b3a40e77,halls_arena_back_01_c11r21.tgm,Folders/art/models/terrain/endgame/karuiarena/7/tgms,7299,6387
797bb2fae1c9bee6,halls_arena_back_01_c11r21.tgm.header,Tiny_4,52111329,264
17be61f89ff8a421,halls_arena_back_01_c11r20.tgm,Folders/art/models/terrain/endgame/karuiarena/F/tgms,6945,7089
fd66f686d94614f6,halls_arena_back_01_c11r20.tgm.header,Tiny_4,52111065,264
d0170ffccc583a16,halls_arena_back_01_c11r2.tgm,Folders/art/models/terrain/endgame/karuiarena/4/tgms,7323,4471
ee99b286d4747859,halls_arena_back_01_c11r2.tgm.header,Tiny_4,52110801,264
94a1d6e45c8258af,halls_arena_back_01_c11r19.tgm,Tiny_4,52107830,2707
de0a91c05f46c756,halls_arena_back_01_c11r19.tgm.header,Tiny_4,52110537,264
6c7c03b21580cca7,halls_arena_back_01_c11r18.tgm,Tiny_4,52106489,1341
24a04a6a3d45d601,halls_arena_back_01_c11r18.tgm.header,Tiny_5,35690509,264
4a95598590f3c36c,halls_arena_back_01_c11r17.tgm,Tiny_4,52105040,1449
373548adb6180cb2,halls_arena_back_01_c11r17.tgm.header,Tiny_5,35685616,264
3b93f365ca5e7d94,halls_arena_back_01_c11r16.tgm,Tiny_4,52103483,1557
3ac27f5ed9ce0751,halls_arena_back_01_c11r16.tgm.header,Tiny_4,52064026,264
6fc8bb7e7574f0d2,halls_arena_back_01_c11r15.tgm,Tiny_4,52101818,1665
ba9488463dee52bd,halls_arena_back_01_c11r15.tgm.header,Tiny_5,35682074,264
a0c3ef162084604a,halls_arena_back_01_c11r14.tgm,Tiny_4,52100045,1773
b1e7200fe772d606,halls_arena_back_01_c11r14.tgm.header,Tiny_5,35680141,264
9e6784a29572d525,halls_arena_back_01_c11r13.tgm,Tiny_4,52098164,1881
6e3082ea470cdb8d,halls_arena_back_01_c11r13.tgm.header,Tiny_5,35799845,264
eb472b7229557e94,halls_arena_back_01_c11r12.tgm,Tiny_4,52096175,1989
1685b33692b4ab12,halls_arena_back_01_c11r12.tgm.header,Tiny_4,52056833,264
edd857382d438a65,halls_arena_back_01_c11r11.tgm,Tiny_4,52094888,1287
bbc0ad055e40edd1,halls_arena_back_01_c11r11.tgm.header,Tiny_5,35557771,264
57f6f5ef3889f359,halls_arena_back_01_c11r10.tgm,Tiny_4,52094195,693
cb78fc861fb813c8,halls_arena_back_01_c11r10.tgm.header,Tiny_5,55199424,264
cfd0a303410279ec,halls_arena_back_01_c11r1.tgm,Tiny_4,52090222,3709
bcc069d6161356dc,halls_arena_back_01_c11r1.tgm.header,Tiny_4,52093931,264
fb24b1559add604d,halls_arena_back_01_c10r9.tgm,Tiny_4,52089529,693
e34c7e42c0f77fd1,halls_arena_back_01_c10r9.tgm.header,Tiny_5,55199424,264
1f9df0e9e7bb7c3e,halls_arena_back_01_c10r8.tgm,Tiny_4,52088512,1017
4bde2c8cf32a01d4,halls_arena_back_01_c10r8.tgm.header,Tiny_5,35691794,264
6b078465d74194c2,halls_arena_back_01_c10r7.tgm,Tiny_4,52087495,1017
f2ee7ca5b80f16df,halls_arena_back_01_c10r7.tgm.header,Tiny_5,35691794,264
3f3bebdbc423e73c,halls_arena_back_01_c10r6.tgm,Tiny_4,52086640,855
09c0fa4c80395d9e,halls_arena_back_01_c10r6.tgm.header,Tiny_5,35736077,264
b41a83f63a80cb35,halls_arena_back_01_c10r5.tgm,Tiny_4,52085785,855
61cebfea85a28519,halls_arena_back_01_c10r5.tgm.header,Tiny_5,35736077,264
83504b33be1c86cb,halls_arena_back_01_c10r4.tgm,Tiny_4,52084930,855
50a42e4e79a1308f,halls_arena_back_01_c10r4.tgm.header,Tiny_5,35736077,264
5262eacda4d43575,halls_arena_back_01_c10r3.tgm,Tiny_4,52084075,855
b36461c52e5010bd,halls_arena_back_01_c10r3.tgm.header,Tiny_5,35736077,264
8c9e023a1b60e4d4,halls_arena_back_01_c10r28.tgm,Tiny_4,52082718,1093
685e10926bca6970,halls_arena_back_01_c10r28.tgm.header,Tiny_4,52083811,264
8f500c3a9ed92b91,halls_arena_back_01_c10r27.tgm,Tiny_4,52081445,1009
2959dcd7dacec579,halls_arena_back_01_c10r27.tgm.header,Tiny_4,52082454,264
f6f214f0401a4eeb,halls_arena_back_01_c10r26.tgm,Tiny_4,52080064,1117
d426302ba9f1295d,halls_arena_back_01_c10r26.tgm.header,Tiny_4,52081181,264
880dca5c35a8a840,halls_arena_back_01_c10r25.tgm,Folders/art/models/terrain/endgame/karuiarena/0/tgms,0,1459319
8d16e3f13dc927d2,halls_arena_back_01_c10r25.tgm.header,Tiny_4,52078306,1758
644b6daca9bc80e3,halls_arena_back_01_c10r24.tgm,Folders/art/models/terrain/endgame/karuiarena/1/tgms,0,1035409
8a9b955b6f1a1fbb,halls_arena_back_01_c10r24.tgm.header,Tiny_4,52076900,1406
7699ad29d5e3ab9b,halls_arena_back_01_c10r23.tgm,Tiny_4,52074317,2319
fcd33aef3f400f65,halls_arena_back_01_c10r23.tgm.header,Tiny_4,52076636,264
ef5f081753058112,halls_arena_back_01_c10r22.tgm,Tiny_4,52070042,4011
85dcc79dae57753b,halls_arena_back_01_c10r22.tgm.header,Tiny_4,52074053,264
a6ff1af8a7de566f,halls_arena_back_01_c10r21.tgm,Folders/art/models/terrain/endgame/karuiarena/4/tgms,0,7323
20fcdf51354cc39b,halls_arena_back_01_c10r21.tgm.header,Tiny_4,52069778,264
cb4a46fab025ed8e,halls_arena_back_01_c10r20.tgm,Folders/art/models/terrain/endgame/karuiarena/7/tgms,0,7299
de7f954fb9d28c4c,halls_arena_back_01_c10r20.tgm.header,Tiny_4,52069514,264
549b3d94beb45047,halls_arena_back_01_c10r2.tgm,Folders/art/models/terrain/endgame/karuiarena/C/tgms,336325,4841
d86add9c3a412ab4,halls_arena_back_01_c10r2.tgm.header,Tiny_4,52069208,306
37194f0a42b33a41,halls_arena_back_01_c10r19.tgm,Folders/art/models/terrain/endgame/karuiarena/F/tgms,0,6945
18e8cef31547fd84,halls_arena_back_01_c10r19.tgm.header,Tiny_4,52068944,264
7776dc1544f318a1,halls_arena_back_01_c10r18.tgm,Tiny_4,52065739,2941
0d703e36b4feb74f,halls_arena_back_01_c10r18.tgm.header,Tiny_4,52068680,264
b77f0aac7851147b,halls_arena_back_01_c10r17.tgm,Tiny_4,52064290,1449
0cc54fc9df799ef7,halls_arena_back_01_c10r17.tgm.header,Tiny_5,35685616,264
fef2fa9a997baec5,halls_arena_back_01_c10r16.tgm,Tiny_4,52062469,1557
f70c802e08ae5a8c,halls_arena_back_01_c10r16.tgm.header,Tiny_4,52064026,264
7cd8622606748755,halls_arena_back_01_c10r15.tgm,Tiny_4,52060804,1665
2af4129815eaf95a,halls_arena_back_01_c10r15.tgm.header,Tiny_5,35682074,264
0d6e6452c7ad7f96,halls_arena_back_01_c10r14.tgm,Tiny_4,52059031,1773
4b4ef1de2457bb1c,halls_arena_back_01_c10r14.tgm.header,Tiny_5,35680141,264
9231c2e04d07b891,halls_arena_back_01_c10r13.tgm,Folders/art/models/terrain/endgame/karuiarena/C/tgms,0,336325
740505c6b38a60a2,halls_arena_back_01_c10r13.tgm.header,Tiny_4,52057097,1934
f3e43100a8092387,halls_arena_back_01_c10r12.tgm,Tiny_4,52054844,1989
08e035255c5f485f,halls_arena_back_01_c10r12.tgm.header,Tiny_4,52056833,264
5dff289bdd328ade,halls_arena_back_01_c10r11.tgm,Tiny_4,52052747,2097
8924b84e05094314,halls_arena_back_01_c10r11.tgm.header,Tiny_5,35769760,264
c4a80342b03792ce,halls_arena_back_01_c10r10.tgm,Folders/art/models/terrain/endgame/karuiarena/9/tgms,0,3099227
68d1bb56e8e194b5,halls_arena_back_01_c10r10.tgm.header,Tiny_4,52049009,3738
688b534e60cfdcb0,halls_arena_back_01_c10r1.tgm,Tiny_4,52045662,3041
dbf19c88221139cb,halls_arena_back_01_c10r1.tgm.header,Tiny_4,52048703,306
