hash,file,bundle,offset,size
d93f2646fff413a2,gates_exit_transition_01_c9r1.tgm,Streaming/Content/data/worldareas/3C/p2_1.vworld,0,648889
816c8f6a800c3079,gates_exit_transition_01_c9r1.tgm.header,Tiny.V1,18485068,1846
fd07684e826c65e2,gates_exit_transition_01_c9r2.tgm,Streaming/Content/data/worldareas/B5/p2_1.vworld,2470938,403375
e19f8ad9ab3a5a8d,gates_exit_transition_01_c9r2.tgm.header,Tiny.VD,18262672,1494
769fff4ab450a244,gates_exit_transition_01_c9r3.tgm,Streaming/Content/data/worldareas/5E/p2_1.vworld,917922,40513
8fdf4a0ca9a07eb1,gates_exit_transition_01_c9r3.tgm.header,Tiny.VD,18264166,702
dbd9025d3569793f,gates_exit_transition_01_c9r4.tgm,Tiny.V3,18420915,1445
13492c8afb48549a,gates_exit_transition_01_c9r4.tgm.header,Tiny.V9,18840060,264
00b2979b90409aad,gates_exit_transition_01_c9r5.tgm,Tiny.VC,18500222,1025
ebaf7b3843d1f943,gates_exit_transition_01_c9r5.tgm.header,Tiny.VD,18264868,264
8089f3b2b8204984,gates_exit_transition_01_c9r6.tgm,Tiny.VC,18501247,1269
ba0ca8f4f694b81f,gates_exit_transition_01_c9r6.tgm.header,Tiny.VD,18265132,264
76d675e6ad7bd07e,gates_exit_transition_01_c9r7.tgm,Streaming/Content/data/balance/worldareas/4B/mapgrimhaven.vworld,186270,30375
a065c92fbedb2160,gates_exit_transition_01_c9r7.tgm.header,Tiny.V7,18491303,526
63093031aa7c52f6,gates_exit_transition_01_c9r8.tgm,Streaming/Content/data/worldareas/19/p2_1.vworld,2486121,403141
3b15d7dbb164506e,gates_exit_transition_01_c9r8.tgm.header,Tiny.V5,18363333,1538
2f46abe21fdbe8fe,gates_exit_transition_01_c9r9.tgm,Streaming/Content/data/worldareas/F2/p2_1.vworld,6291792,523191
8400d6cc9f10bfac,gates_exit_transition_01_c9r9.tgm.header,Tiny.V2,18673449,1758
09e84eec342af61d,gates_exit_transition_01_c8r1.tgm,Streaming/Content/data/worldareas/B6/p2_1.vworld,246187,953597
958051c76e68d910,gates_exit_transition_01_c8r1.tgm.header,Tiny.V8,18656558,1450
e454f57a63ff751a,gates_exit_transition_01_c8r2.tgm,Streaming/Content/data/worldareas/CC/p2_1.vworld,0,991491
af7e2f854712e5eb,gates_exit_transition_01_c8r2.tgm.header,Tiny.V2,18672043,1406
6dac3f1d311e9d76,gates_exit_transition_01_c8r3.tgm,Streaming/Content/data/balance/worldareas/27/p2_1.vworld,0,310267
dc48f4ba92cbc29c,gates_exit_transition_01_c8r3.tgm.header,Tiny.V0,18806550,790
af658f77c6ad9dd9,gates_exit_transition_01_c8r4.tgm,Streaming/Content/data/worldareas/1D/p2_1.vworld,5598941,201525
699a83a36e46c57b,gates_exit_transition_01_c8r4.tgm.header,Tiny.V1,18484674,394
1101f0a2095de1e2,gates_exit_transition_01_c8r5.tgm,Streaming/Content/data/worldareas/15/p2_1.vworld,5737722,130227
40d3164c6b98172d,gates_exit_transition_01_c8r5.tgm.header,Tiny.V0,18807340,264
67c97e6645772e9a,gates_exit_transition_01_c8r6.tgm,Streaming/Content/data/worldareas/30/p2_1.vworld,2817273,253097
25020d66c65e7d2c,gates_exit_transition_01_c8r6.tgm.header,Tiny.VD,18262278,394
bb6d2b4ec6de6f0d,gates_exit_transition_01_c8r7.tgm,Streaming/Content/data/worldareas/C9/p2_1.vworld,5841919,157009
251307ee23425702,gates_exit_transition_01_c8r7.tgm.header,Tiny.V5,18362587,746
85a0e8c67b00b141,gates_exit_transition_01_c8r8.tgm,Streaming/Content/data/worldareas/80/p2_1.vworld,0,1311271
0a3abad5a42dbb95,gates_exit_transition_01_c8r8.tgm.header,Tiny.V7,18488005,3298
432d61000de8c295,gates_exit_transition_01_c8r9.tgm,Streaming/Content/data/worldareas/BD/p2_1.vworld,24503,793669
685233637c321300,gates_exit_transition_01_c8r9.tgm.header,Tiny.V4,18947912,1802
b8cfb2dba42b8b90,gates_exit_transition_01_c7r1.tgm,Streaming/Content/data/worldareas/8A/p2_1.vworld,0,690809
6a719d28eacdeeba,gates_exit_transition_01_c7r1.tgm.header,Tiny.V0,18803386,1538
624ee147855f97d7,gates_exit_transition_01_c7r2.tgm,Streaming/Content/data/worldareas/10/p2_1.vworld,6990856,640587
ea6b8e8e352b4fae,gates_exit_transition_01_c7r2.tgm.header,Tiny.V9,18837994,2066
39735e28dbd578ff,gates_exit_transition_01_c7r3.tgm,Streaming/Content/data/worldareas/B5/p2_1.vworld,2318423,152515
0f4e64837a355395,gates_exit_transition_01_c7r3.tgm.header,Tiny.VD,18261664,614
68c234c7be2cc4d0,gates_exit_transition_01_c7r4.tgm,Streaming/Content/data/worldareas/DF/p2_1.vworld,2384486,84599
7b7a40f95b6e8bc2,gates_exit_transition_01_c7r4.tgm.header,Tiny.V8,18655462,438
9bad3a167cb5363e,gates_exit_transition_01_c7r5.tgm,Tiny.V6,18493033,2197
a4cde57b7ea9cd04,gates_exit_transition_01_c7r5.tgm.header,Tiny.V7,18485587,264
9c44ce1bf3f6987a,gates_exit_transition_01_c7r6.tgm,Streaming/Content/data/worldareas/EA/p2_1.vworld,921476,73267
e2fe0db9adb3721f,gates_exit_transition_01_c7r6.tgm.header,Tiny.V6,18495230,438
2dc7c6b5e5fa10e1,gates_exit_transition_01_c7r7.tgm,Streaming/Content/data/balance/worldareas/p2_1.vworld,656379,136813
4994dea464762062,gates_exit_transition_01_c7r7.tgm.header,Tiny.V8,18655900,658
1e12886ea667ead8,gates_exit_transition_01_c7r8.tgm,Streaming/Content/data/worldareas/19/p2_1.vworld,1827664,658457
6105a2f855ec1c9c,gates_exit_transition_01_c7r8.tgm.header,Tiny.V7,18485851,2154
d5f6e51bd9049c95,gates_exit_transition_01_c7r9.tgm,Streaming/Content/data/worldareas/09/p2_1.vworld,174517,556123
af93d77f7a39447d,gates_exit_transition_01_c7r9.tgm.header,Tiny.V0,18804924,1626
5dd7d9f30e26701d,gates_exit_transition_01_c6r1.tgm,Streaming/Content/data/worldareas/E5/p2_1.vworld,1398276,127359
43df20487ed1574a,gates_exit_transition_01_c6r1.tgm.header,Tiny.V2,18670769,1010
65bafa8401a05f18,gates_exit_transition_01_c6r2.tgm,Streaming/Content/data/worldareas/47/p2_1.vworld,42148,512889
b7ec1dcc50cf8757,gates_exit_transition_01_c6r2.tgm.header,Tiny.V9,18833287,2110
7dc5ea8615f44423,gates_exit_transition_01_c6r3.tgm,Streaming/Content/data/worldareas/52/p2_1.vworld,1625554,8313
7f97e79312149efd,gates_exit_transition_01_c6r3.tgm.header,Tiny.V6,18491761,394
74376f95a14a8e0d,gates_exit_transition_01_c6r4.tgm,Tiny.VC,18497223,2735
19e7353ed999b06c,gates_exit_transition_01_c6r4.tgm.header,Tiny.VF,18771401,264
079cc66a2f420aa7,gates_exit_transition_01_c6r5.tgm,Tiny.V8,18652865,2597
0a62835e8484ec68,gates_exit_transition_01_c6r5.tgm.header,Tiny.V2,18671779,264
b06aa6dd1965b211,gates_exit_transition_01_c6r6.tgm,Tiny.V9,18835397,2597
4459c80b165a3db2,gates_exit_transition_01_c6r6.tgm.header,Tiny.VC,18499958,264
b332101c6788e7f0,gates_exit_transition_01_c6r7.tgm,Streaming/Content/data/worldareas/75/p2_1.vworld,557010,11265
4e2c2226e33d95d2,gates_exit_transition_01_c6r7.tgm.header,Tiny.V0,18803080,306
b347cb88b6c82635,gates_exit_transition_01_c6r8.tgm,Streaming/Content/data/worldareas/DA/p2_1.vworld,179253,500829
6862b69a6c6ded75,gates_exit_transition_01_c6r8.tgm.header,Tiny.V4,18945890,2022
00acb35642327d10,gates_exit_transition_01_c6r9.tgm,Streaming/Content/data/worldareas/54/p2_1.vworld,1398276,119497
c08e5fa8d8748dcb,gates_exit_transition_01_c6r9.tgm.header,Tiny.V6,18492155,878
3741856f5f31e74d,gates_exit_transition_01_c5r1.tgm,Streaming/Content/data/worldareas/58/p2_1.vworld,2806165,37731
744ca315dbb5c99d,gates_exit_transition_01_c5r1.tgm.header,Tiny.VF,18770831,570
0a4c86ce039a3607,gates_exit_transition_01_c5r2.tgm,Streaming/Content/data/worldareas/A6/p2_1.vworld,915559,273473
4af9fdca3662f496,gates_exit_transition_01_c5r2.tgm.header,Tiny.V9,18831617,1406
49006b24ac8a556d,gates_exit_transition_01_c5r3.tgm,Streaming/Content/data/balance/worldareas/18/hideoutsacrifice.vworld,6069011,5387
338f4d964e87b2d9,gates_exit_transition_01_c5r3.tgm.header,Tiny.V9,18833023,264
33975699d52ec611,gates_exit_transition_01_c5r4.tgm,Tiny.V3,18418318,2333
6656be242876e3be,gates_exit_transition_01_c5r4.tgm.header,Tiny.V3,18420651,264
8d3cc3fd8b8359c3,gates_exit_transition_01_c5r5.tgm,Tiny.VC,18494758,2465
d436745a80b4b714,gates_exit_transition_01_c5r5.tgm.header,Tiny.VE,18504863,264
14ce0f3b7eae92d5,gates_exit_transition_01_c5r6.tgm,Tiny.VE,18505127,2111
123e1b90f8d318a1,gates_exit_transition_01_c5r6.tgm.header,Tiny.V6,18491497,264
eaf2aca65ff20a21,gates_exit_transition_01_c5r7.tgm,Streaming/Content/data/worldareas/94/p2_1.vworld,882266,5311
36567c5bf9b18738,gates_exit_transition_01_c5r7.tgm.header,Tiny.VB,18548734,350
0e3545a74dafb63b,gates_exit_transition_01_c5r8.tgm,Streaming/Content/data/worldareas/B6/p2_1.vworld,0,246187
bfe4ae8283ec1569,gates_exit_transition_01_c5r8.tgm.header,Tiny.V2,18669407,1362
5e8f80aff74a89d3,gates_exit_transition_01_c5r9.tgm,Streaming/Content/data/worldareas/19/p2_1.vworld,1812509,15155
6e8baa28ed4205af,gates_exit_transition_01_c5r9.tgm.header,Tiny.V4,18945364,526
292523b7df9bfadf,gates_exit_transition_01_c4r1.tgm,Streaming/Content/data/worldareas/F9/p2_1.vworld,1244908,152925
a441c923b5c10e40,gates_exit_transition_01_c4r1.tgm.header,Tiny.V6,18490751,746
73ebf3aabf60058b,gates_exit_transition_01_c4r2.tgm,Streaming/Content/data/worldareas/90/p2_1.vworld,1220483,154811
a001e8c883388181,gates_exit_transition_01_c4r2.tgm.header,Tiny.V9,18829773,966
d20a27c491bed53f,gates_exit_transition_01_c4r3.tgm,Streaming/Content/data/worldareas/FE/p2_1.vworld,699212,24097
fe39771b44aca005,gates_exit_transition_01_c4r3.tgm.header,Tiny.V8,18652295,306
4ebdc2fa793f75d4,gates_exit_transition_01_c4r4.tgm,Tiny.VE,18503504,1359
d078851eebdb1885,gates_exit_transition_01_c4r4.tgm.header,Tiny.V7,18485323,264
f26fec1bbe0c7f35,gates_exit_transition_01_c4r5.tgm,Tiny.VB,18546811,1923
df21fd78f3bb657c,gates_exit_transition_01_c4r5.tgm.header,Tiny.V8,18652601,264
f852acd2a9b5f1b5,gates_exit_transition_01_c4r6.tgm,Tiny.V4,18944149,1215
47e31d220702c89b,gates_exit_transition_01_c4r6.tgm.header,Tiny.V1,18484410,264
100f247499c77bfe,gates_exit_transition_01_c4r7.tgm,Streaming/Content/data/worldareas/94/p2_1.vworld,860679,21587
09d08b0a103c7e43,gates_exit_transition_01_c4r7.tgm.header,Tiny.VD,18261314,350
5ba9afcbb4513390,gates_exit_transition_01_c4r8.tgm,Streaming/Content/data/worldareas/D0/p2_1.vworld,699212,106133
b722a4643faa3cb1,gates_exit_transition_01_c4r8.tgm.header,Tiny.V9,18830739,878
b6ddbd3918e05e28,gates_exit_transition_01_c4r9.tgm,Streaming/Content/data/worldareas/61/p2_1.vworld,195675,104033
0658e73489bd8e0e,gates_exit_transition_01_c4r9.tgm.header,Tiny.VA,18626158,746
abfb660fcc3502d6,gates_exit_transition_01_c3r1.tgm,Streaming/Content/data/worldareas/14/p2_1.vworld,699212,140933
491dc936d39b9eaf,gates_exit_transition_01_c3r1.tgm.header,Tiny.VF,18769207,746
923d60679540c595,gates_exit_transition_01_c3r2.tgm,Streaming/Content/data/worldareas/2D/p2_1.vworld,811647,166999
08ff9a11c3ccdd9a,gates_exit_transition_01_c3r2.tgm.header,Tiny.V7,18484445,878
92ab65cb246309e9,gates_exit_transition_01_c3r3.tgm,Streaming/Content/data/worldareas/30/p2_1.vworld,2796364,20909
1b3b779f66f1ce50,gates_exit_transition_01_c3r3.tgm.header,Tiny.VD,18261050,264
7ca04863f647167a,gates_exit_transition_01_c3r4.tgm,Tiny.V8,18651778,517
38b1644e5c3c84aa,gates_exit_transition_01_c3r4.tgm.header,Tiny.V3,18418054,264
8c5559dfe0227c63,gates_exit_transition_01_c3r5.tgm,Tiny.VA,18625167,991
08b0a27fc0cba963,gates_exit_transition_01_c3r5.tgm.header,Tiny.VE,18503240,264
a3a7faacd349860b,gates_exit_transition_01_c3r6.tgm,Tiny.V1,18483785,625
fa58cf269049533a,gates_exit_transition_01_c3r6.tgm.header,Tiny.V4,18943621,264
afe424e91648831b,gates_exit_transition_01_c3r7.tgm,Streaming/Content/data/balance/worldareas/40/hideoutsacrifice.vworld,686696,21045
8a61f94fe286b9b7,gates_exit_transition_01_c3r7.tgm.header,Tiny.V4,18943885,264
25da0b1919f4f83c,gates_exit_transition_01_c3r8.tgm,Streaming/Content/data/worldareas/C4/p2_1.vworld,1407181,147061
4c43993d767d3240,gates_exit_transition_01_c3r8.tgm.header,Tiny.VF,18769953,878
3bd32780c34649f1,gates_exit_transition_01_c3r9.tgm,Streaming/Content/data/balance/worldareas/72/incursiontemple.vworld,336028,128767
3fd9ced212f42acf,gates_exit_transition_01_c3r9.tgm.header,Tiny.V6,18489961,790
52579a4bbe4782b1,gates_exit_transition_01_c2r1.tgm,Streaming/Content/data/worldareas/1E/p2_1.vworld,3011876,139335
c7617bc781f5bc11,gates_exit_transition_01_c2r1.tgm.header,Tiny.VF,18767231,922
5a45467e44b1aa53,gates_exit_transition_01_c2r2.tgm,Streaming/Content/data/worldareas/2B/p2_1.vworld,290041,158771
d2439a4e61e94392,gates_exit_transition_01_c2r2.tgm.header,Tiny.VD,18259952,1098
f377a29d6f0e82fb,gates_exit_transition_01_c2r3.tgm,Streaming/Content/data/worldareas/A3/p2_1.vworld,413853,22481
9d1f61b32ca7d309,gates_exit_transition_01_c2r3.tgm.header,Tiny.V1,18482645,306
18c9f8e84d9bfaa9,gates_exit_transition_01_c2r4.tgm,Tiny.V0,18802485,595
183f83508e4b4a5d,gates_exit_transition_01_c2r4.tgm.header,Tiny.V4,18943357,264
5de42ebe5eee7bc2,gates_exit_transition_01_c2r5.tgm,Tiny.V2,18668338,1069
8aa49188835ffccd,gates_exit_transition_01_c2r5.tgm.header,Tiny.V7,18483917,264
fd61970572e1a7f3,gates_exit_transition_01_c2r6.tgm,Tiny.V5,18361962,625
f77c96785f8de764,gates_exit_transition_01_c2r6.tgm.header,Tiny.V7,18484181,264
c61b9fd4ae757888,gates_exit_transition_01_c2r7.tgm,Streaming/Content/data/worldareas/BD/p2_1.vworld,0,24503
515c7e8bcdcbd912,gates_exit_transition_01_c2r7.tgm.header,Tiny.V6,18489611,350
3938e19cf99dfe3d,gates_exit_transition_01_c2r8.tgm,Streaming/Content/data/balance/worldareas/DB/g4_11_2.vworld,450473,184833
0c2b8c42b8682aa7,gates_exit_transition_01_c2r8.tgm.header,Tiny.VF,18768153,1054
0ec18fa87bb5d858,gates_exit_transition_01_c2r9.tgm,Streaming/Content/data/worldareas/A6/p2_1.vworld,770664,144895
c73cfd575529cd69,gates_exit_transition_01_c2r9.tgm.header,Tiny.V1,18482951,834
c722866171c48945,gates_exit_transition_01_c18r1.tgm,Tiny.VC,18493989,463
346b54f86d4acaa1,gates_exit_transition_01_c18r1.tgm.header,Tiny.VD,23074440,264
7704ee76b8c95a0e,gates_exit_transition_01_c18r2.tgm,Tiny.V2,18663444,3237
687f52de3542f0b4,gates_exit_transition_01_c18r2.tgm.header,Tiny.V2,18666681,306
ff1f5fc6267a7f64,gates_exit_transition_01_c18r3.tgm,Streaming/Content/data/worldareas/3E/p2_1.vworld,897471,20549
42cd341078d088f5,gates_exit_transition_01_c18r3.tgm.header,Tiny.V9,18829467,306
607754293cd19411,gates_exit_transition_01_c18r4.tgm,Tiny.V2,18666987,1351
3f86358616e10f77,gates_exit_transition_01_c18r4.tgm.header,Tiny.VD,18255817,264
ab67a56381b14ebe,gates_exit_transition_01_c18r5.tgm,Streaming/Content/data/balance/worldareas/p2_1.vworld,250185,17123
9ce54c143eaefc41,gates_exit_transition_01_c18r5.tgm.header,Tiny.VC,18494452,306
2d27f29ec3cc0a8b,gates_exit_transition_01_c18r6.tgm,Streaming/Content/data/worldareas/E8/p2_1.vworld,2562096,15339
b23807db0d9370fd,gates_exit_transition_01_c18r6.tgm.header,Tiny.V1,18482295,350
ccb842968a8348bb,gates_exit_transition_01_c18r7.tgm,Tiny.VF,18765474,439
b9eef971425da5b3,gates_exit_transition_01_c18r7.tgm.header,Tiny.V2,21766519,264
8c7e9ba2ec3117e1,gates_exit_transition_01_c18r8.tgm,Tiny.VE,18501883,919
efbef80368efbc1f,gates_exit_transition_01_c18r8.tgm.header,Tiny.V1,23360970,264
c1cf3e7fda466d5d,gates_exit_transition_01_c18r9.tgm,Tiny.VD,18256081,487
76d7e4e8b7c5ec27,gates_exit_transition_01_c18r9.tgm.header,Tiny.V0,24562673,264
162f1b45e4c871e6,gates_exit_transition_01_c17r1.tgm,Tiny.V1,18481532,457
ca65fb62eb523b81,gates_exit_transition_01_c17r1.tgm.header,Tiny.V0,23762268,264
5cd57a3cbf37183f,gates_exit_transition_01_c17r2.tgm,Tiny.V6,18484883,3293
46518a5767231c1b,gates_exit_transition_01_c17r2.tgm.header,Tiny.V1,18481989,306
aef0fa0a9657e827,gates_exit_transition_01_c17r3.tgm,Streaming/Content/data/worldareas/A0/p2_1.vworld,0,21157
c0b92993d4dbc44a,gates_exit_transition_01_c17r3.tgm.header,Tiny.V6,18488176,306
8c18d99676bee2bc,gates_exit_transition_01_c17r4.tgm,Tiny.V9,18826444,3023
89c554275b9584f7,gates_exit_transition_01_c17r4.tgm.header,Tiny.VA,18624639,264
b9ce0f5a4b9ed7cf,gates_exit_transition_01_c17r5.tgm,Streaming/Content/data/balance/worldareas/EF/p2_1.vworld,387812,23529
e7ba35fe34ab73ed,gates_exit_transition_01_c17r5.tgm.header,Tiny.VE,18501227,306
879d9ae9710464e7,gates_exit_transition_01_c17r6.tgm,Streaming/Content/data/balance/worldareas/9F/mapgrimhaven.vworld,472161,10323
cc4fefdf6ef68a72,gates_exit_transition_01_c17r6.tgm.header,Tiny.VE,18501533,350
d41b8acc7aca2d8e,gates_exit_transition_01_c17r7.tgm,Tiny.V3,18415893,799
844d824582e70f61,gates_exit_transition_01_c17r7.tgm.header,Tiny.V5,18361698,264
815cd2e8abe2226d,gates_exit_transition_01_c17r8.tgm,Tiny.VF,18764147,1327
5863f14cb8edc316,gates_exit_transition_01_c17r8.tgm.header,Tiny.V6,18488482,264
b8e5b46913bbff7a,gates_exit_transition_01_c17r9.tgm,Tiny.V7,18483142,511
cffc5fa89cb8a136,gates_exit_transition_01_c17r9.tgm.header,Tiny.V8,23608422,264
85edd7f35255a46f,gates_exit_transition_01_c16r1.tgm,Tiny.V8,18650190,403
25df38d2cb2de205,gates_exit_transition_01_c16r1.tgm.header,Tiny.VC,18312988,264
c82c43075677957f,gates_exit_transition_01_c16r2.tgm,Streaming/Content/data/worldareas/6B/p2_1.vworld,1398276,5467
5ae67a977ea9f35f,gates_exit_transition_01_c16r2.tgm.header,Tiny.V8,18650593,350
16c46fee6e1d13ed,gates_exit_transition_01_c16r3.tgm,Streaming/Content/data/worldareas/DE/p2_1.vworld,1507245,25071
0e593af0fcd4ea3b,gates_exit_transition_01_c16r3.tgm.header,Tiny.V2,18662128,350
f9ab049d6125a01c,gates_exit_transition_01_c16r4.tgm,Streaming/Content/data/balance/worldareas/33/g2_1.vworld,404149,4795
3b541de0b02774b3,gates_exit_transition_01_c16r4.tgm.header,Tiny.VE,18499478,350
3be96fb16545df6f,gates_exit_transition_01_c16r5.tgm,Streaming/Content/data/balance/worldareas/9C/p2_1.vworld,371082,18487
3a47d58202b6ff41,gates_exit_transition_01_c16r5.tgm.header,Tiny.V2,18662478,438
5d57f92c33ab8c3f,gates_exit_transition_01_c16r6.tgm,Streaming/Content/data/worldareas/F4/p2_1.vworld,708179,17029
24adf41595d263ca,gates_exit_transition_01_c16r6.tgm.header,Tiny.VE,18499828,438
9f96644037cdb32f,gates_exit_transition_01_c16r7.tgm,Tiny.VF,18762656,1491
e1c88d2fe2996ce9,gates_exit_transition_01_c16r7.tgm.header,Tiny.V2,18662916,264
2a1054c11468f4c8,gates_exit_transition_01_c16r8.tgm,Tiny.V1,18479961,1571
a8b61dc78986fb78,gates_exit_transition_01_c16r8.tgm.header,Tiny.VC,18493725,264
a5aa1841bcb94792,gates_exit_transition_01_c16r9.tgm,Tiny.VE,18500266,961
683ba99766bba9b1,gates_exit_transition_01_c16r9.tgm.header,Tiny.V2,18663180,264
7a772f23ff4dbaa5,gates_exit_transition_01_c15r1.tgm,Streaming/Content/data/worldareas/AC/p2_1.vworld,1521225,9585
f74516fc0c00d97f,gates_exit_transition_01_c15r1.tgm.header,Tiny.VD,18255511,306
ba2c0014dd96d240,gates_exit_transition_01_c15r2.tgm,Streaming/Content/data/balance/worldareas/5B/g4_8a.vworld,487377,21807
82ba0fa5403f6a9d,gates_exit_transition_01_c15r2.tgm.header,Tiny.VB,18545704,614
f52b6623aaa61eac,gates_exit_transition_01_c15r3.tgm,Streaming/Content/data/balance/worldareas/25/p2_1.vworld,70109,59403
c2d3569aca70a490,gates_exit_transition_01_c15r3.tgm.header,Tiny.V6,18483393,614
73e4e1063fb937dc,gates_exit_transition_01_c15r4.tgm,Streaming/Content/data/worldareas/1D/p2_1.vworld,5592580,6361
56b1437c490502b2,gates_exit_transition_01_c15r4.tgm.header,Tiny.V6,18484007,350
f33c38e85b0f5cfa,gates_exit_transition_01_c15r5.tgm,Streaming/Content/data/worldareas/ED/p2_1.vworld,2844879,31371
aa97ffaf2004de52,gates_exit_transition_01_c15r5.tgm.header,Tiny.V9,18826050,394
13cd497ad782b855,gates_exit_transition_01_c15r6.tgm,Streaming/Content/data/worldareas/55/p2_1.vworld,728829,33989
ab0b9d31230a7d85,gates_exit_transition_01_c15r6.tgm.header,Tiny.V0,18801915,570
550d96dc8aa236e7,gates_exit_transition_01_c15r7.tgm,Streaming/Content/data/balance/worldareas/EB/karuishowcase.vworld,660515,18917
a0c7be60be8ad1a5,gates_exit_transition_01_c15r7.tgm.header,Tiny.V6,18484357,526
9c024257866afee8,gates_exit_transition_01_c15r8.tgm,Streaming/Content/data/balance/worldareas/71/g4_8a.vworld,447563,9047
4111e3ec0a146e4e,gates_exit_transition_01_c15r8.tgm.header,Tiny.V7,18482748,394
30f6a56c655635d4,gates_exit_transition_01_c15r9.tgm,Streaming/Content/data/balance/worldareas/DD/mapgrimhaven.vworld,456395,21671
bf4365d454e79988,gates_exit_transition_01_c15r9.tgm.header,Tiny.V1,18479523,438
02cfd2c6df67719e,gates_exit_transition_01_c14r1.tgm,Streaming/Content/data/worldareas/8E/p2_1.vworld,2802180,244247
5ed00c4dfd9f5506,gates_exit_transition_01_c14r1.tgm.header,Tiny.V1,18476178,746
c1b73cfd482ceb4d,gates_exit_transition_01_c14r2.tgm,Streaming/Content/data/worldareas/75/p2_1.vworld,458919,98091
d84b05fd03347478,gates_exit_transition_01_c14r2.tgm.header,Tiny.V5,18360646,702
dfede8531c498c5d,gates_exit_transition_01_c14r3.tgm,Streaming/Content/data/worldareas/0D/p2_1.vworld,4194640,38433
20992fb555ba313b,gates_exit_transition_01_c14r3.tgm.header,Tiny.VA,18623981,658
11f5eed519011380,gates_exit_transition_01_c14r4.tgm,Tiny.V1,18476924,2599
e1d58657f22055a9,gates_exit_transition_01_c14r4.tgm.header,Tiny.V7,18482442,306
76953e3d42bb3fe4,gates_exit_transition_01_c14r5.tgm,Streaming/Content/data/worldareas/C2/p2_1.vworld,556204,27229
196928d83eea88ea,gates_exit_transition_01_c14r5.tgm.header,Tiny.V5,18361348,350
646dec0e7893c693,gates_exit_transition_01_c14r6.tgm,Streaming/Content/data/worldareas/55/p2_1.vworld,699212,29617
c6667386b33f49ba,gates_exit_transition_01_c14r6.tgm.header,Tiny.V8,18649708,482
88476d1fe37ffb71,gates_exit_transition_01_c14r7.tgm,Streaming/Content/data/balance/worldareas/AB/mapport.vworld,563818,43473
b04ac0bdc7dd53a4,gates_exit_transition_01_c14r7.tgm.header,Tiny.VC,18493067,658
c9a1ac48eb5411d3,gates_exit_transition_01_c14r8.tgm,Streaming/Content/data/worldareas/F1/p2_1.vworld,11218793,55445
d9c902d6947e3363,gates_exit_transition_01_c14r8.tgm.header,Tiny.V9,18825436,614
d8861ef7b453054b,gates_exit_transition_01_c14r9.tgm,Streaming/Content/data/worldareas/1E/p2_1.vworld,2842777,169099
b7f2b4c1bb730b46,gates_exit_transition_01_c14r9.tgm.header,Tiny.VE,18498732,746
e5fe280cd6915d9e,gates_exit_transition_01_c13r1.tgm,Streaming/Content/data/worldareas/BB/p2_1.vworld,425539,661667
3ae894d454911a2c,gates_exit_transition_01_c13r1.tgm.header,Tiny.V7,18480640,1802
63f18fe28f74e9d3,gates_exit_transition_01_c13r2.tgm,Streaming/Content/data/worldareas/3E/p2_1.vworld,670150,227321
d2e2d202152cb4f8,gates_exit_transition_01_c13r2.tgm.header,Tiny.VC,18491881,1186
5c8ab35cc0674128,gates_exit_transition_01_c13r3.tgm,Streaming/Content/data/worldareas/F7/p2_1.vworld,1398276,35163
acbd561d150e68ba,gates_exit_transition_01_c13r3.tgm.header,Tiny.VA,18623411,570
1d358d6abe98a393,gates_exit_transition_01_c13r4.tgm,Tiny.V4,18941192,1727
16f2c5af4958fe10,gates_exit_transition_01_c13r4.tgm.header,Tiny.V6,18482031,264
68227a92d881fec1,gates_exit_transition_01_c13r5.tgm,Streaming/Content/data/worldareas/C4/p2_1.vworld,1398424,8757
3ae83fbf61388795,gates_exit_transition_01_c13r5.tgm.header,Tiny.V8,18649402,306
a2b4254c37796f4b,gates_exit_transition_01_c13r6.tgm,Streaming/Content/data/worldareas/15/p2_1.vworld,5720191,17531
df358f023c0474c7,gates_exit_transition_01_c13r6.tgm.header,Tiny.V2,18661778,350
d30e7426e218be40,gates_exit_transition_01_c13r7.tgm,Streaming/Content/data/balance/worldareas/8B/mapgrimhaven.vworld,520271,43415
32e66bbedb374b84,gates_exit_transition_01_c13r7.tgm.header,Tiny.V0,18801169,746
ae4bec824f903cfc,gates_exit_transition_01_c13r8.tgm,Streaming/Content/data/worldareas/94/p2_1.vworld,699212,161467
dc5de2898b5af331,gates_exit_transition_01_c13r8.tgm.header,Tiny.V6,18482295,1098
3d2bba0b3e13fe73,gates_exit_transition_01_c13r9.tgm,Streaming/Content/data/worldareas/07/p2_1.vworld,186387,627325
8e3a845fffbff5a8,gates_exit_transition_01_c13r9.tgm.header,Tiny.V5,18358756,1890
1da8bc10747bf290,gates_exit_transition_01_c12r1.tgm,Streaming/Content/data/worldareas/74/p2_1.vworld,2828829,597817
7a89ccd9d7a96dca,gates_exit_transition_01_c12r1.tgm.header,Tiny.VC,18489991,1890
ce0128ea522405f6,gates_exit_transition_01_c12r2.tgm,Streaming/Content/data/worldareas/88/p2_1.vworld,1436887,312535
0f6e620e0078990d,gates_exit_transition_01_c12r2.tgm.header,Tiny.VF,18759448,1362
449162e42f9f145d,gates_exit_transition_01_c12r3.tgm,Streaming/Content/data/worldareas/AA/p2_1.vworld,349700,42399
1eeadf76a9f1280e,gates_exit_transition_01_c12r3.tgm.header,Tiny.V1,18475300,614
45699ff632ba7c3f,gates_exit_transition_01_c12r4.tgm,Tiny.V6,18480356,1675
5ca97133a1b4b002,gates_exit_transition_01_c12r4.tgm.header,Tiny.V1,18475914,264
f555325cb462fa48,gates_exit_transition_01_c12r5.tgm,Tiny.V0,18799538,1631
642d89d962a13b7a,gates_exit_transition_01_c12r5.tgm.header,Tiny.V2,18660988,264
5686e792bee24c18,gates_exit_transition_01_c12r6.tgm,Tiny.V7,18478985,1655
c4a99862c9cdcdde,gates_exit_transition_01_c12r6.tgm.header,Tiny.V8,18649138,264
e72e7544ab868194,gates_exit_transition_01_c12r7.tgm,Streaming/Content/data/worldareas/C0/p2_1.vworld,1322610,17141
7f4b49d28d9bfe45,gates_exit_transition_01_c12r7.tgm.header,Tiny.V2,18661252,526
837628e180dfe8e1,gates_exit_transition_01_c12r8.tgm,Streaming/Content/data/worldareas/6A/p2_1.vworld,272318,224369
092aa80f0171b933,gates_exit_transition_01_c12r8.tgm.header,Tiny.V9,18824426,1010
82f54d5f31b3bbaa,gates_exit_transition_01_c12r9.tgm,Streaming/Content/data/worldareas/F6/p2_1.vworld,49679,838729
ccd2b30f506e7e8b,gates_exit_transition_01_c12r9.tgm.header,Tiny.VF,18760810,1846
37b4bd1632230ea7,gates_exit_transition_01_c11r1.tgm,Streaming/Content/data/worldareas/90/p2_1.vworld,584118,636365
d3e8f9fb518f624d,gates_exit_transition_01_c11r1.tgm.header,Tiny.V4,18939698,1494
25ee77def627ee77,gates_exit_transition_01_c11r2.tgm,Streaming/Content/data/worldareas/2A/g2_town.vworld,7517,197405
fa86063cc4b57657,gates_exit_transition_01_c11r2.tgm.header,Tiny.V7,18476004,1274
e1571417d1292a4e,gates_exit_transition_01_c11r3.tgm,Streaming/Content/data/balance/worldareas/29/mapuberboss_ritual.vworld,582559,37143
eb619e1a994b7ac3,gates_exit_transition_01_c11r3.tgm.header,Tiny.V3,18415059,570
5b096824dd0662b1,gates_exit_transition_01_c11r4.tgm,Tiny.V7,18477278,1707
406574fe2f3ffa98,gates_exit_transition_01_c11r4.tgm.header,Tiny.V0,18799274,264
8b9bd6424b22a25a,gates_exit_transition_01_c11r5.tgm,Streaming/Content/data/worldareas/15/p2_1.vworld,5592580,127611
350fbb1d3da2bc7d,gates_exit_transition_01_c11r5.tgm.header,Tiny.VE,18496481,790
1e7d2466e111b2b0,gates_exit_transition_01_c11r6.tgm,Tiny.VE,18497271,1461
ec60eec4c871b09f,gates_exit_transition_01_c11r6.tgm.header,Tiny.V3,18415629,264
2af1da1c8a452bc4,gates_exit_transition_01_c11r7.tgm,Streaming/Content/data/worldareas/3D/p2_1.vworld,699212,27971
dd7237f501ac3142,gates_exit_transition_01_c11r7.tgm.header,Tiny.V8,18648700,438
04715d08f4c6b5a0,gates_exit_transition_01_c11r8.tgm,Streaming/Content/data/worldareas/07/p2_1.vworld,0,186387
2a676518600b3f86,gates_exit_transition_01_c11r8.tgm.header,Tiny.VC,18489113,878
3503cb2662e3f40b,gates_exit_transition_01_c11r9.tgm,Streaming/Content/data/worldareas/A5/p2_1.vworld,1901225,578313
45ea73fb09f89dd0,gates_exit_transition_01_c11r9.tgm.header,Tiny.V2,18659406,1582
66042ccd8fb0d042,gates_exit_transition_01_c10r1.tgm,Streaming/Content/data/worldareas/2E/p2_1.vworld,48727,497847
a14cae06ef0bfb8c,gates_exit_transition_01_c10r1.tgm.header,Tiny.VB,18544210,1494
3c3d2cdb32cfff1b,gates_exit_transition_01_c10r2.tgm,Streaming/Content/data/balance/worldareas/EF/p2_1.vworld,94231,293581
bf31088e763548c2,gates_exit_transition_01_c10r2.tgm.header,Tiny.VD,18252666,1230
c6634a8dd3085a85,gates_exit_transition_01_c10r3.tgm,Streaming/Content/data/worldareas/66/p2_1.vworld,2796364,40173
5ade8802c3f7fb6f,gates_exit_transition_01_c10r3.tgm.header,Tiny.V4,18937062,526
2784011494e5f13c,gates_exit_transition_01_c10r4.tgm,Tiny.VA,18620171,1763
c1deadf677a0a08b,gates_exit_transition_01_c10r4.tgm.header,Tiny.V3,18414795,264
975cee8329c957f2,gates_exit_transition_01_c10r5.tgm,Tiny.VD,18253896,1615
df16760f33af709f,gates_exit_transition_01_c10r5.tgm.header,Tiny.VF,18759184,264
7e6e5dd7e363f7b2,gates_exit_transition_01_c10r6.tgm,Tiny.VA,18621934,1477
78f14dd394781db1,gates_exit_transition_01_c10r6.tgm.header,Tiny.V2,18659142,264
08947b8a839d4b78,gates_exit_transition_01_c10r7.tgm,Streaming/Content/data/balance/worldareas/40/hideoutsacrifice.vworld,654683,32013
e7e518d3978bb6af,gates_exit_transition_01_c10r7.tgm.header,Tiny.V0,18798660,614
8447d05eb4c1e01a,gates_exit_transition_01_c10r8.tgm,Streaming/Content/data/worldareas/C2/p2_1.vworld,337125,219079
a3777d19d2d9ef71,gates_exit_transition_01_c10r8.tgm.header,Tiny.V7,18474774,1230
d864107a5f946790,gates_exit_transition_01_c10r9.tgm,Streaming/Content/data/worldareas/EA/p2_1.vworld,82593,838883
243eec81f66fa64c,gates_exit_transition_01_c10r9.tgm.header,Tiny.V4,18937588,2110
f140a484a4a9afca,gates_exit_transition_01_c1r1.tgm,Streaming/Content/data/worldareas/F9/p2_1.vworld,854819,390089
48ff3b04046cf907,gates_exit_transition_01_c1r1.tgm.header,Tiny.VF,18765913,1318
6d6214bc649dd642,gates_exit_transition_01_c1r2.tgm,Streaming/Content/data/balance/worldareas/p2_1.vworld,267308,389071
9b4925492f18772e,gates_exit_transition_01_c1r2.tgm.header,Tiny.VD,18256568,1714
7f1462797ce5809d,gates_exit_transition_01_c1r3.tgm,Streaming/Content/data/worldareas/F4/p2_1.vworld,725208,60963
a7f8871306d68a06,gates_exit_transition_01_c1r3.tgm.header,Tiny.VE,18502802,438
8d5c6c5c6001419f,gates_exit_transition_01_c1r4.tgm,Tiny.VB,18546318,493
db5f7de53845302c,gates_exit_transition_01_c1r4.tgm.header,Tiny.VA,18624903,264
18b415d934f3765f,gates_exit_transition_01_c1r5.tgm,Tiny.V6,18488746,865
7237c6558c3cec0a,gates_exit_transition_01_c1r5.tgm.header,Tiny.V8,18650943,264
de29f2996232f421,gates_exit_transition_01_c1r6.tgm,Tiny.V8,18651207,571
71d30cb77f6f2f65,gates_exit_transition_01_c1r6.tgm.header,Tiny.V7,18483653,264
5a8321a019c13647,gates_exit_transition_01_c1r7.tgm,Streaming/Content/data/worldareas/F1/p2_1.vworld,11274238,56321
c0af18b0644e04ed,gates_exit_transition_01_c1r7.tgm.header,Tiny.V4,18942919,438
051618b8ab4b413f,gates_exit_transition_01_c1r8.tgm,Streaming/Content/data/worldareas/2D/p2_1.vworld,379216,432431
4277b40312134516,gates_exit_transition_01_c1r8.tgm.header,Tiny.VD,18258282,1670
5feadaf2a5dd945b,gates_exit_transition_01_c1r9.tgm,Streaming/Content/data/worldareas/2A/g2_town.vworld,204922,437853
569716a50430a1b1,gates_exit_transition_01_c1r9.tgm.header,Tiny.V3,18416692,1362
c351d2ab9b7fc7cb,dregs_transition_c6r1.tgm,Streaming/Content/data/worldareas/03/p2_1.vworld,790113,175431
833150bef7c87c6f,dregs_transition_c6r1.tgm.header,Tiny.V7,18473020,658
705cea3334bf13d4,dregs_transition_c6r2.tgm,Streaming/Content/data/balance/worldareas/B9/incursiontemplepresent.vworld,543426,43519
b0ca5e363445da2e,dregs_transition_c6r2.tgm.header,Tiny.VE,18491651,482
3846753dce58abca,dregs_transition_c6r3.tgm,Streaming/Content/data/worldareas/C1/p2_1.vworld,4296949,147889
f1a51b88ef16102a,dregs_transition_c6r3.tgm.header,Tiny.V4,18932714,834
72137121665216c2,dregs_transition_c6r4.tgm,Streaming/Content/data/worldareas/D1/p2_1.vworld,3029500,95325
b9e34cc1b4849fa4,dregs_transition_c6r4.tgm.header,Tiny.V1,18472138,834
2d5dcc4f8875bed2,dregs_transition_c6r5.tgm,Streaming/Content/data/worldareas/62/p2_1.vworld,0,92587
25c50e4db58669f3,dregs_transition_c6r5.tgm.header,Tiny.VA,18616703,878
97450c3c9af50453,dregs_transition_c6r6.tgm,Streaming/Content/data/worldareas/DA/p2_1.vworld,0,179253
a271980f89d9a5d5,dregs_transition_c6r6.tgm.header,Tiny.V2,18656462,1362
d25d4f22894cc008,dregs_transition_c6r7.tgm,Streaming/Content/data/balance/worldareas/EF/p2_1.vworld,0,94231
3667d80a38e889fd,dregs_transition_c6r7.tgm.header,Tiny.V5,18355988,1010
9ff2a77ae3b2c9b5,dregs_transition_c6r8.tgm,Streaming/Content/data/worldareas/9D/p2_1.vworld,10761,166179
9ed8fe28060d0ee9,dregs_transition_c6r8.tgm.header,Tiny.VB,18540958,2022
0d4ae5ac40632740,dregs_transition_c6r9.tgm,Streaming/Content/data/worldareas/4A/p2_1.vworld,4893852,209077
5e9ce9cc3ec98e5a,dregs_transition_c6r9.tgm.header,Tiny.V8,18644484,2066
c0c0005715e24735,dregs_transition_c5r1.tgm,Streaming/Content/data/balance/worldareas/D2/incursiontemplepresent.vworld,583717,28761
06dd6b6f3573aba8,dregs_transition_c5r1.tgm.header,Tiny.V3,18408997,614
343746989c0d1994,dregs_transition_c5r2.tgm,Streaming/Content/data/worldareas/C1/p2_1.vworld,4194640,102309
28e6a092f8f2855c,dregs_transition_c5r2.tgm.header,Tiny.VD,18248804,614
af82f33af08f367a,dregs_transition_c5r3.tgm,Streaming/Content/data/worldareas/D7/p2_1.vworld,0,131505
560cfdcb34feb1cd,dregs_transition_c5r3.tgm.header,Tiny.V7,18470164,966
e36493a82a41644a,dregs_transition_c5r4.tgm,Streaming/Content/data/worldareas/F9/p2_1.vworld,699212,155607
94c74890f7ea8399,dregs_transition_c5r4.tgm.header,Tiny.V4,18931748,966
79a1c9578c2464f7,dregs_transition_c5r5.tgm,Streaming/Content/data/worldareas/7D/p2_1.vworld,699212,172755
96d66d361664f44b,dregs_transition_c5r5.tgm.header,Tiny.VB,18540124,834
0b004c5509c5108e,dregs_transition_c5r6.tgm,Streaming/Content/data/balance/worldareas/40/hideoutsacrifice.vworld,542988,111695
ed21e98dd87dd2fb,dregs_transition_c5r6.tgm.header,Tiny.V6,18479346,1010
ecb1516735fb1f71,dregs_transition_c5r7.tgm,Streaming/Content/data/balance/worldareas/CB/mapgrimhaven.vworld,307413,152045
6f994d4ddb8ce69d,dregs_transition_c5r7.tgm.header,Tiny.V7,18471130,1890
f454b7043642b3be,dregs_transition_c5r8.tgm,Streaming/Content/data/worldareas/6A/p2_1.vworld,0,220097
9aa2310577c2211f,dregs_transition_c5r8.tgm.header,Tiny.VF,18753076,3254
2431da1489eae82b,dregs_transition_c5r9.tgm,Streaming/Content/data/balance/worldareas/7B/g5_11_1.vworld,71515,111495
9ae802fd664411bd,dregs_transition_c5r9.tgm.header,Tiny.V3,18409611,2198
966f9ac109b10aa1,dregs_transition_c4r1.tgm,Streaming/Content/data/worldareas/B1/p2_1.vworld,390147,29739
01fc8968531a5880,dregs_transition_c4r1.tgm.header,Tiny.V5,18355418,570
ca7469811edb246b,dregs_transition_c4r2.tgm,Streaming/Content/data/balance/worldareas/DC/p2_1.vworld,408653,139293
b1f88aa60512697c,dregs_transition_c4r2.tgm.header,Tiny.V1,18471216,922
a68298d7b43e10b1,dregs_transition_c4r3.tgm,Streaming/Content/data/balance/worldareas/40/hideoutsacrifice.vworld,463123,79865
f0ca4be1eceb4ff6,dregs_transition_c4r3.tgm.header,Tiny.VC,18486483,614
391771e7a03b3f17,dregs_transition_c4r4.tgm,Streaming/Content/data/balance/worldareas/0B/p2_1.vworld,0,17019
c5d44862b5e13c93,dregs_transition_c4r4.tgm.header,Tiny.VC,18487097,350
5e15dd363b577139,dregs_transition_c4r5.tgm,Streaming/Content/data/worldareas/84/p2_1.vworld,0,63529
4e874a81e211a67b,dregs_transition_c4r5.tgm.header,Tiny.VE,18490949,702
c8ce2827116aa88b,dregs_transition_c4r6.tgm,Streaming/Content/data/balance/worldareas/51/g_login.vworld,515325,54769
aba10e1ca63b92f4,dregs_transition_c4r6.tgm.header,Tiny.VD,18247706,1098
e15cd8f9041eacf1,dregs_transition_c4r7.tgm,Streaming/Content/data/balance/worldareas/DB/g4_11_2.vworld,319282,131191
6a35bd442479331f,dregs_transition_c4r7.tgm.header,Tiny.VA,18615253,1450
2bc1a8b2b5e64378,dregs_transition_c4r8.tgm,Streaming/Content/data/worldareas/98/p2_1.vworld,5592580,220459
c17246be7c9cdd54,dregs_transition_c4r8.tgm.header,Tiny.V0,18792462,3914
5b4db0bcaf050437,dregs_transition_c4r9.tgm,Streaming/Content/data/worldareas/83/p2_1.vworld,0,77505
da7f6989a42a7d17,dregs_transition_c4r9.tgm.header,Tiny.VB,18539334,790
59ac79f42760c301,dregs_transition_c3r1.tgm,Streaming/Content/data/worldareas/FD/p2_1.vworld,5592580,19387
1bfd427efae94c1a,dregs_transition_c3r1.tgm.header,Tiny.V6,18478732,614
599c0458a1987a0b,dregs_transition_c3r2.tgm,Streaming/Content/data/worldareas/D1/p2_1.vworld,2964237,65263
cf4bf9ee4c4fb6fc,dregs_transition_c3r2.tgm.header,Tiny.V7,18469418,746
3ca147ff4e2a3b26,dregs_transition_c3r3.tgm,Streaming/Content/data/worldareas/5C/mapswamptower.vworld,475641,59351
db1a5a7cd1a0dcd7,dregs_transition_c3r3.tgm.header,Tiny.V4,18930564,658
a94ba97fc2bde7c2,dregs_transition_c3r4.tgm,Streaming/Content/data/worldareas/6E/p2_1.vworld,1495469,39617
8d3a14a8a48f1f00,dregs_transition_c3r4.tgm.header,Tiny.VC,18485825,658
5bf996c2f2cfce5d,dregs_transition_c3r5.tgm,Streaming/Content/data/worldareas/58/p2_1.vworld,2796544,9621
f4589e153cea8db4,dregs_transition_c3r5.tgm.header,Tiny.V4,18931222,526
fe281f9de40d6ccf,dregs_transition_c3r6.tgm,Streaming/Content/data/worldareas/1E/p2_1.vworld,2796364,46413
a2eb7a21e10de0d3,dregs_transition_c3r6.tgm.header,Tiny.V1,18470778,438
bf743b473b1a9538,dregs_transition_c3r7.tgm,Streaming/Content/data/balance/worldareas/3B/g4_11_2.vworld,489602,53833
36fa6d0f33b93db1,dregs_transition_c3r7.tgm.header,Tiny.V2,18655936,526
6b9a17c2c089139e,dregs_transition_c3r8.tgm,Streaming/Content/data/worldareas/E0/p2_1.vworld,699212,63987
4bbbe5614375d030,dregs_transition_c3r8.tgm.header,Tiny.V8,18642858,1626
ea712041ab7f4bf8,dregs_transition_c3r9.tgm,Streaming/Content/data/worldareas/9D/p2_1.vworld,0,10761
ef304f6772cf328c,dregs_transition_c3r9.tgm.header,Tiny.VB,18538984,350
e51350be67501fc6,dregs_transition_c2r1.tgm,Streaming/Content/data/worldareas/F6/p2_1.vworld,0,49679
e95c41bd2e47c3bb,dregs_transition_c2r1.tgm.header,Tiny.VD,18247224,482
7424b6ed1983d32c,dregs_transition_c2r2.tgm,Streaming/Content/data/worldareas/6E/p2_1.vworld,1398276,97193
1b1728005edfa619,dregs_transition_c2r2.tgm.header,Tiny.VB,18538414,570
08d8f2d76285a28f,dregs_transition_c2r3.tgm,Streaming/Content/data/balance/worldareas/3F/mapgrimhaven.vworld,322344,88545
80afc42c6907ac92,dregs_transition_c2r3.tgm.header,Tiny.VE,18489545,702
2c4041ee1633d9dc,dregs_transition_c2r4.tgm,Streaming/Content/data/worldareas/E3/p2_1.vworld,1398276,121717
45687d1e09702fad,dregs_transition_c2r4.tgm.header,Tiny.VE,18490247,702
37d61df4bcceef4d,dregs_transition_c2r5.tgm,Streaming/Content/data/balance/worldareas/D8/p2_1.vworld,0,171809
1dbb8dda2216aee3,dregs_transition_c2r5.tgm.header,Tiny.V0,18790706,746
91bc60caa98761a9,dregs_transition_c2r6.tgm,Streaming/Content/data/worldareas/61/p2_1.vworld,0,195675
0d08d83c8f2b9266,dregs_transition_c2r6.tgm.header,Tiny.VA,18614155,1098
fb66fc8bc6d49a67,dregs_transition_c2r7.tgm,Streaming/Content/data/worldareas/05/p2_1.vworld,612418,216775
14f6c8ff481ccd5b,dregs_transition_c2r7.tgm.header,Tiny.V6,18475392,1626
ab4654dacf56e8ce,dregs_transition_c2r8.tgm,Streaming/Content/data/balance/worldareas/DC/p2_1.vworld,0,408653
0a69b15bb9ffa681,dregs_transition_c2r8.tgm.header,Tiny.V6,18477018,1714
c84dcc62de174f5c,dregs_transition_c2r9.tgm,Streaming/Content/data/worldareas/F1/p2_1.vworld,11185496,33297
05e98d3cc06ecc6a,dregs_transition_c2r9.tgm.header,Tiny.V0,18791452,1010
3469be7f4f140a88,dregs_transition_c1r1.tgm,Streaming/Content/data/worldareas/45/p2_1.vworld,174924,13889
d92986390e972d28,dregs_transition_c1r1.tgm.header,Tiny.VE,18488625,394
64c859b4feddd968,dregs_transition_c1r2.tgm,Streaming/Content/data/worldareas/D3/p2_1.vworld,699236,78757
470ae5667ec1c552,dregs_transition_c1r2.tgm.header,Tiny.V8,18642288,570
79a96816b231db2f,dregs_transition_c1r3.tgm,Streaming/Content/data/worldareas/D9/p2_1.vworld,713349,51529
dca12354ca84750f,dregs_transition_c1r3.tgm.header,Tiny.VD,18246390,834
ce1f674c9016edbf,dregs_transition_c1r4.tgm,Streaming/Content/data/worldareas/2E/p2_1.vworld,0,48727
25e1162980a4ea5d,dregs_transition_c1r4.tgm.header,Tiny.VE,18489019,526
2e7445110dbd0fb2,dregs_transition_c1r5.tgm,Streaming/Content/data/worldareas/03/p2_1.vworld,699212,90901
c033177151eafae6,dregs_transition_c1r5.tgm.header,Tiny.V1,18468320,614
60c8b47f3269f41d,dregs_transition_c1r6.tgm,Streaming/Content/data/worldareas/D1/p2_1.vworld,2796552,167685
3ca1c76c86b58999,dregs_transition_c1r6.tgm.header,Tiny.V4,18929598,966
53f09ae3903b88f0,dregs_transition_c1r7.tgm,Streaming/Content/data/worldareas/09/p2_1.vworld,0,174517
50f8e8ab339c22cb,dregs_transition_c1r7.tgm.header,Tiny.V7,18468320,1098
e158b70f807ff3f2,dregs_transition_c1r8.tgm,Streaming/Content/data/worldareas/FF/p2_1.vworld,0,444547
19e4e58ced7d3237,dregs_transition_c1r8.tgm.header,Tiny.V1,18468934,1274
a628459a11595a24,dregs_transition_c1r9.tgm,Streaming/Content/data/worldareas/67/p2_1.vworld,899377,17289
3f6a9d0a642b9e21,dregs_transition_c1r9.tgm.header,Tiny.V1,18470208,570
bf3cd8c313cc0cae,river_barrins_exit_c9r2.tgm,Tiny.VB,18556128,753
0a01a23505a8112a,river_barrins_exit_c9r2.tgm.header,Tiny.VA,18639398,264
2209f4194d06cc05,river_barrins_exit_c9r3.tgm,Tiny.V0,18817961,3197
26e4e291f8356c09,river_barrins_exit_c9r3.tgm.header,Tiny.V8,18679747,264
454a86ba184b6bbf,river_barrins_exit_c9r4.tgm,Streaming/Content/data/balance/worldareas/B4/g4_8a.vworld,470831,4541
d267775231aef8c6,river_barrins_exit_c9r4.tgm.header,Tiny.V2,18695654,264
1654302c1d039387,river_barrins_exit_c9r5.tgm,Tiny.V1,18499531,503
921ba33407554c4b,river_barrins_exit_c9r5.tgm.header,Tiny.VF,18777027,264
b309ae5b375e2026,river_barrins_exit_c9r6.tgm,Tiny.V2,18695918,693
1d974447217d322b,river_barrins_exit_c9r6.tgm.header,Tiny.V0,18821158,264
acb9e707a4dc131a,river_barrins_exit_c9r7.tgm,Tiny.VC,18511199,913
c866071a201f2ed0,river_barrins_exit_c9r7.tgm.header,Tiny.V5,18373720,264
40d917daf3853c7c,river_barrins_exit_c9r8.tgm,Streaming/Content/data/worldareas/62/p2_1.vworld,447763,13853
399a05ba278e3952,river_barrins_exit_c9r8.tgm.header,Tiny.V3,18434787,264
3513cdcae7ee0e1e,river_barrins_exit_c9r9.tgm,Streaming/Content/data/worldareas/38/p2_1.vworld,8297627,27389
b01f34ce75ffd55b,river_barrins_exit_c9r9.tgm.header,Tiny.V4,18957788,394
64bbfbb525c3fb4d,river_barrins_exit_c9r1.tgm,Tiny.VD,18274702,353
622c5866e0dfacfa,river_barrins_exit_c9r1.tgm.header,Tiny.V8,18679483,264
bd7d70fb31b54137,river_barrins_exit_c9r10.tgm,Tiny.V2,18692741,2913
928dcd8e2cf1e142,river_barrins_exit_c9r10.tgm.header,Tiny.V0,18816612,264
a0f4311ce400fe12,river_barrins_exit_c9r11.tgm,Streaming/Content/data/balance/worldareas/71/g4_8a.vworld,465587,18487
23b0dd47bacc2d5b,river_barrins_exit_c9r11.tgm.header,Tiny.V9,18848000,350
f635f0ab4a4920cc,river_barrins_exit_c9r12.tgm,Tiny.V0,18816876,1085
376238b55f6ef4fc,river_barrins_exit_c9r12.tgm.header,Tiny.VF,18776763,264
08007f5a6b9b3968,river_barrins_exit_c8r2.tgm,Tiny.V4,18953759,4029
4ff733dc340840f6,river_barrins_exit_c8r2.tgm.header,Tiny.V0,18815689,264
fbef597cf602650a,river_barrins_exit_c8r3.tgm,Tiny.V0,18815953,659
32be65049680d8b6,river_barrins_exit_c8r3.tgm.header,Tiny.VC,18510629,264
f332a8b3b01ee113,river_barrins_exit_c8r4.tgm,Tiny.VE,18511941,437
4d4def7634f2729d,river_barrins_exit_c8r4.tgm.header,Tiny.VB,18555864,264
59399433a081504b,river_barrins_exit_c8r5.tgm,Tiny.V2,18691988,753
a7703dd46cc52a21,river_barrins_exit_c8r5.tgm.header,Tiny.V5,18373456,264
dfe1ee9120d18b4d,river_barrins_exit_c8r6.tgm,Tiny.V1,18498388,1143
dec83d853ec51d8b,river_barrins_exit_c8r6.tgm.header,Tiny.VF,18776235,264
584f50193706a06f,river_barrins_exit_c8r7.tgm,Tiny.VA,18638549,849
58c677861d47cb4a,river_barrins_exit_c8r7.tgm.header,Tiny.VF,18776499,264
a18fb88038a43f70,river_barrins_exit_c8r8.tgm,Streaming/Content/data/worldareas/C5/p2_1.vworld,1961678,9163
a1f51be378016cae,river_barrins_exit_c8r8.tgm.header,Tiny.V6,18506278,264
de347753ca3716de,river_barrins_exit_c8r9.tgm,Streaming/Content/data/balance/worldareas/FB/hideoutsacrifice.vworld,810475,31805
8733ea37330bbaf6,river_barrins_exit_c8r9.tgm.header,Tiny.VC,18510893,306
85b0e50cc8a2b086,river_barrins_exit_c8r1.tgm,Streaming/Content/data/worldareas/80/p2_1.vworld,1311271,20715
2d0b378a7b921b8a,river_barrins_exit_c8r1.tgm.header,Tiny.VD,18274438,264
2b581288bebdd661,river_barrins_exit_c8r10.tgm,Streaming/Content/data/worldareas/5D/p2_1.vworld,844638,20337
5c7486324492c6c1,river_barrins_exit_c8r10.tgm.header,Tiny.V9,18847736,264
79d752655f078376,river_barrins_exit_c8r11.tgm,Streaming/Content/data/worldareas/34/p2_1.vworld,25193,11717
e4d152905e16f249,river_barrins_exit_c8r11.tgm.header,Tiny.V4,18953495,264
94791581d5b222af,river_barrins_exit_c8r12.tgm,Tiny.VA,18637984,565
1740e277d608ff01,river_barrins_exit_c8r12.tgm.header,Tiny.VC,18510365,264
cef73f4eebb21642,river_barrins_exit_c7r2.tgm,Streaming/Content/data/worldareas/45/p2_1.vworld,543896,16265
d4798a2a549acf90,river_barrins_exit_c7r2.tgm.header,Tiny.V5,18373192,264
0c6eb40cd3e6032b,river_barrins_exit_c7r3.tgm,Tiny.VB,18553996,373
08e9d51239c39e6b,river_barrins_exit_c7r3.tgm.header,Tiny.VB,18554369,264
3c9c50efa95bd8e1,river_barrins_exit_c7r4.tgm,Tiny.V9,18846865,607
19197254d6065a45,river_barrins_exit_c7r4.tgm.header,Tiny.V7,18498509,264
d49fea2b629dd9f8,river_barrins_exit_c7r5.tgm,Tiny.V1,18496064,1103
1b374f24206ad4f8,river_barrins_exit_c7r5.tgm.header,Tiny.V3,18434523,264
eeffd44f55b2366f,river_barrins_exit_c7r6.tgm,Tiny.V7,18498773,1131
1832ae6457e63b55,river_barrins_exit_c7r6.tgm.header,Tiny.VC,18510101,264
cfb7dc09dcdd8c09,river_barrins_exit_c7r7.tgm,Tiny.VB,18554633,967
8c314fb98808f0cf,river_barrins_exit_c7r7.tgm.header,Tiny.VB,18555600,264
780529cbda46e158,river_barrins_exit_c7r8.tgm,Tiny.V1,18497167,1221
0ed0a04d8e56332e,river_barrins_exit_c7r8.tgm.header,Tiny.V9,18847472,264
c183ee3d64cd1eb0,river_barrins_exit_c7r9.tgm,Tiny.VF,18774424,1811
e9a753c8f6e9caf2,river_barrins_exit_c7r9.tgm.header,Tiny.VD,18274174,264
bb27155ec53d2a06,river_barrins_exit_c7r1.tgm,Streaming/Content/data/worldareas/03/p2_1.vworld,965544,34647
9a442655d03e4d41,river_barrins_exit_c7r1.tgm.header,Tiny.VB,18553732,264
59ad638212a99a41,river_barrins_exit_c7r10.tgm,Tiny.V2,18690871,1117
ad3707487ea207bd,river_barrins_exit_c7r10.tgm.header,Tiny.V8,18678955,264
997e52aec1b28ea7,river_barrins_exit_c7r11.tgm,Tiny.V5,18372563,629
e708d01958e3c0f6,river_barrins_exit_c7r11.tgm.header,Tiny.V1,18495800,264
eb7a5e2597073aec,river_barrins_exit_c7r12.tgm,Tiny.V6,18505547,731
c293262205eea6fe,river_barrins_exit_c7r12.tgm.header,Tiny.V8,18679219,264
35a4f541c9e25039,river_barrins_exit_c6r2.tgm,Streaming/Content/data/worldareas/67/p2_1.vworld,916666,27553
50fd908f296306fd,river_barrins_exit_c6r2.tgm.header,Tiny.V3,18433220,264
e8da0a367c3f9543,river_barrins_exit_c6r3.tgm,Tiny.V2,18688820,2051
d786f4465b086772,river_barrins_exit_c6r3.tgm.header,Tiny.VF,18774160,264
fc0b7267b0e08338,river_barrins_exit_c6r4.tgm,Tiny.V9,18845488,807
a83f71459c81c829,river_barrins_exit_c6r4.tgm.header,Tiny.VA,18637720,264
e07648d313c9aa61,river_barrins_exit_c6r5.tgm,Tiny.VD,18272320,855
da9e5dead3258927,river_barrins_exit_c6r5.tgm.header,Tiny.V1,18494417,264
9bf674536cdfd3d8,river_barrins_exit_c6r6.tgm,Tiny.VD,18273175,999
7e9e7260d2ab0dda,river_barrins_exit_c6r6.tgm.header,Tiny.V9,18846295,264
2352154ccb149f58,river_barrins_exit_c6r7.tgm,Tiny.V3,18433484,1039
8cc34daba06ba3c7,river_barrins_exit_c6r7.tgm.header,Tiny.V6,18505283,264
e0a5b2fbb664b339,river_barrins_exit_c6r8.tgm,Tiny.V1,18494681,1119
98cf84f32bdb9b0b,river_barrins_exit_c6r8.tgm.header,Tiny.V4,18953231,264
d15520102ac9e84b,river_barrins_exit_c6r9.tgm,Tiny.VB,18550799,2933
fa9f935c89ef5783,river_barrins_exit_c6r9.tgm.header,Tiny.V9,18846559,306
be1d2707951cdfbf,river_barrins_exit_c6r1.tgm,Streaming/Content/data/worldareas/6A/p2_1.vworld,496687,9951
99bf1e2740087239,river_barrins_exit_c6r1.tgm.header,Tiny.VD,18272056,264
16291721e9ab038a,river_barrins_exit_c6r10.tgm,Streaming/Content/data/worldareas/C2/p2_1.vworld,583433,19527
4c599116ba850d27,river_barrins_exit_c6r10.tgm.header,Tiny.VF,18773854,306
0cf20692cb3f5a64,river_barrins_exit_c6r11.tgm,Streaming/Content/data/worldareas/A0/p2_1.vworld,21157,12779
10cccc0aefad0a59,river_barrins_exit_c6r11.tgm.header,Tiny.VB,18550493,306
14aa953629257410,river_barrins_exit_c6r12.tgm,Streaming/Content/data/worldareas/75/p2_1.vworld,568275,15591
b362e8473cadb704,river_barrins_exit_c6r12.tgm.header,Tiny.V9,18845182,306
d4fb921695483c64,river_barrins_exit_c5r2.tgm,Streaming/Content/data/worldareas/2E/p2_1.vworld,546574,19417
b6094bb8a30138cb,river_barrins_exit_c5r2.tgm.header,Tiny.VC,18508876,264
b35d21981a3de448,river_barrins_exit_c5r3.tgm,Streaming/Content/data/balance/worldareas/DC/p2_1.vworld,547946,16799
a98da28319c8bc52,river_barrins_exit_c5r3.tgm.header,Tiny.V9,18844918,264
724b6d55866bc066,river_barrins_exit_c5r4.tgm,Streaming/Content/data/worldareas/4A/p2_1.vworld,5102929,14153
a9337dfdc64e748d,river_barrins_exit_c5r4.tgm.header,Tiny.VD,18271792,264
64242e851e9f7b9c,river_barrins_exit_c5r5.tgm,Streaming/Content/data/worldareas/8D/mapswamptower.vworld,517997,8225
4a8467bb335d734e,river_barrins_exit_c5r5.tgm.header,Tiny.V5,18372299,264
654f4ecf3114b320,river_barrins_exit_c5r6.tgm,Tiny.VC,18509140,961
3c39f54a717cad74,river_barrins_exit_c5r6.tgm.header,Tiny.V8,18678691,264
ba3af503219fc2b0,river_barrins_exit_c5r7.tgm,Tiny.V1,18493430,987
d53f3515c3d2016a,river_barrins_exit_c5r7.tgm.header,Tiny.VB,18550229,264
1b1aa9a87521e6c7,river_barrins_exit_c5r8.tgm,Tiny.V2,18687809,1011
1067a6862634fcfd,river_barrins_exit_c5r8.tgm.header,Tiny.V0,18815425,264
ea35b7e5f07ae689,river_barrins_exit_c5r9.tgm,Tiny.VE,18508294,3647
625638bf3c0a3778,river_barrins_exit_c5r9.tgm.header,Tiny.V6,18505019,264
3eb3efb9fe122e33,river_barrins_exit_c5r1.tgm,Tiny.V8,18676526,2165
7cf4c3584f01df44,river_barrins_exit_c5r1.tgm.header,Tiny.VA,18637456,264
cb78f7a86d316079,river_barrins_exit_c5r10.tgm,Streaming/Content/data/worldareas/A9/p2_1.vworld,5592580,30571
259d78ec6ace936b,river_barrins_exit_c5r10.tgm.header,Tiny.V7,18498245,264
3432686d8710b125,river_barrins_exit_c5r11.tgm,Streaming/Content/data/worldareas/00/p2_1.vworld,2796364,36863
4c18f66aae68c395,river_barrins_exit_c5r11.tgm.header,Tiny.VD,18271528,264
20011262976c78eb,river_barrins_exit_c5r12.tgm,Streaming/Content/data/worldareas/39/p2_1.vworld,3084199,17711
b242a48ab007dc3d,river_barrins_exit_c5r12.tgm.header,Tiny.V0,18815161,264
af63b9a6e82ec1d8,river_barrins_exit_c4r2.tgm,Tiny.VC,18505679,2405
4733b2eb4c873688,river_barrins_exit_c4r2.tgm.header,Tiny.VD,18271264,264
52508048169fae18,river_barrins_exit_c4r3.tgm,Streaming/Content/data/balance/worldareas/F5/p2_1.vworld,0,10381
468f4869d9332873,river_barrins_exit_c4r3.tgm.header,Tiny.VC,18508084,264
9785e53164df865d,river_barrins_exit_c4r4.tgm,Streaming/Content/data/worldareas/A6/p2_1.vworld,1189032,27721
acf3ea53eed9f939,river_barrins_exit_c4r4.tgm.header,Tiny.V0,18813050,394
2f6d1d4067184d1d,river_barrins_exit_c4r5.tgm,Streaming/Content/data/worldareas/30/p2_1.vworld,3070370,31973
acd1a877d3a85b6d,river_barrins_exit_c4r5.tgm.header,Tiny.V1,18489301,306
ba98b9083d1b63f4,river_barrins_exit_c4r6.tgm,Tiny.V0,18813444,1717
52b191939e2d69b9,river_barrins_exit_c4r6.tgm.header,Tiny.VA,18637192,264
8e5630600db7bbae,river_barrins_exit_c4r7.tgm,Tiny.V5,18369886,2413
59f06797b843224f,river_barrins_exit_c4r7.tgm.header,Tiny.V3,18432956,264
65431cbaf913f87f,river_barrins_exit_c4r8.tgm,Streaming/Content/data/worldareas/ED/p2_1.vworld,2876250,7581
5a10e3144e07c55b,river_barrins_exit_c4r8.tgm.header,Tiny.VC,18508348,264
f47dfe63989bd25d,river_barrins_exit_c4r9.tgm,Tiny.V1,18489607,3823
c257003f72ce10d7,river_barrins_exit_c4r9.tgm.header,Tiny.VC,18508612,264
0071a37ceed0978b,river_barrins_exit_c4r1.tgm,Tiny.V4,18952756,475
3fdfbd73b2f30524,river_barrins_exit_c4r1.tgm.header,Tiny.VA,18636928,264
b6ea02a17b00cd36,river_barrins_exit_c4r10.tgm,Tiny.V8,18673989,2537
8aa51fdf88f07c15,river_barrins_exit_c4r10.tgm.header,Tiny.V1,18489037,264
535b7d321d74d1b3,river_barrins_exit_c4r11.tgm,Streaming/Content/data/worldareas/4C/p2_1.vworld,1841599,4723
fc1ef05af6c30676,river_barrins_exit_c4r11.tgm.header,Tiny.VD,18271000,264
b8a9daf5eb63b78c,river_barrins_exit_c4r12.tgm,Streaming/Content/data/worldareas/8D/mapswamptower.vworld,512342,5655
f98e32cdf58c2070,river_barrins_exit_c4r12.tgm.header,Tiny.VB,18549965,264
fdbefa104c560e55,river_barrins_exit_c3r2.tgm,Tiny.V6,18503304,1057
d61f0d71d08c4603,river_barrins_exit_c3r2.tgm.header,Tiny.V6,18504361,264
81bd82dc53ea9a4d,river_barrins_exit_c3r3.tgm,Tiny.VC,18504632,783
df570154de50b01f,river_barrins_exit_c3r3.tgm.header,Tiny.V3,18432692,264
e85f10acc801131f,river_barrins_exit_c3r4.tgm,Tiny.V2,18686110,1699
708b034ec313fe8e,river_barrins_exit_c3r4.tgm.header,Tiny.V7,18497981,264
b77a5c23dfaefea5,river_barrins_exit_c3r5.tgm,Streaming/Content/data/worldareas/98/p2_1.vworld,5831786,16417
1b2f4bcb758b405a,river_barrins_exit_c3r5.tgm.header,Tiny.V5,18369580,306
a56eb9f2ac83febf,river_barrins_exit_c3r6.tgm,Tiny.V0,18810703,2347
1e83495761b3fe2b,river_barrins_exit_c3r6.tgm.header,Tiny.VC,18505415,264
ad220fd38a0eca5b,river_barrins_exit_c3r7.tgm,Streaming/Content/data/worldareas/46/p2_1.vworld,2796364,18869
d3a15c43e3385817,river_barrins_exit_c3r7.tgm.header,Tiny.V6,18504625,394
477dc154b82a9be9,river_barrins_exit_c3r8.tgm,Streaming/Content/data/worldareas/4F/p2_1.vworld,0,52475
7ecbdf6b76168c7b,river_barrins_exit_c3r8.tgm.header,Tiny.VF,18773504,350
87a4a09255814894,river_barrins_exit_c3r9.tgm,Streaming/Content/data/worldareas/19/p2_1.vworld,2889262,49517
4447e7edf3486f85,river_barrins_exit_c3r9.tgm.header,Tiny.VD,18270694,306
c55c85cbcabbe127,river_barrins_exit_c3r1.tgm,Tiny.V6,18502521,783
4045a841cba2d4d9,river_barrins_exit_c3r1.tgm.header,Tiny.V0,18810439,264
ad7cc95a04bb66ca,river_barrins_exit_c3r10.tgm,Streaming/Content/data/balance/worldareas/51/g_login.vworld,570094,37685
8068965786a7914e,river_barrins_exit_c3r10.tgm.header,Tiny.VA,18636622,306
5e2632ec4ca2be75,river_barrins_exit_c3r11.tgm,Streaming/Content/data/worldareas/83/p2_1.vworld,77505,38543
f6bed32dbc169836,river_barrins_exit_c3r11.tgm.header,Tiny.V9,18844612,306
6b558dce8d48cfef,river_barrins_exit_c3r12.tgm,Streaming/Content/data/worldareas/98/p2_1.vworld,5813039,18747
b4ecdcf04cebdee0,river_barrins_exit_c3r12.tgm.header,Tiny.V3,18432428,264
71dfe4d2c6431afa,river_barrins_exit_c2r2.tgm,Tiny.V2,18680607,1103
7bdf6c6ab8dba051,river_barrins_exit_c2r2.tgm.header,Tiny.V3,18431900,264
57511a959b98ad31,river_barrins_exit_c2r3.tgm,Tiny.V7,18496934,783
c39844099f360c66,river_barrins_exit_c2r3.tgm.header,Tiny.V8,18668811,264
cbdb80f28db5a146,river_barrins_exit_c2r4.tgm,Tiny.V6,18500518,1739
5902dfbe00c03e33,river_barrins_exit_c2r4.tgm.header,Tiny.V8,18669075,264
432a10a4c5c1d2ed,river_barrins_exit_c2r5.tgm,Streaming/Content/data/worldareas/E6/p2_1.vworld,349700,16187
3f3b34b298b88dd7,river_barrins_exit_c2r5.tgm.header,Tiny.V7,18497717,264
1eb50c830ae0df13,river_barrins_exit_c2r6.tgm,Tiny.V2,18681710,2573
1b9e4dfd37f4bf0b,river_barrins_exit_c2r6.tgm.header,Tiny.V6,18502257,264
08a742cf1a8e72aa,river_barrins_exit_c2r7.tgm,Tiny.V8,18669339,1247
b9b8fa589a844e69,river_barrins_exit_c2r7.tgm.header,Tiny.V3,18432164,264
701bfecd463c0013,river_barrins_exit_c2r8.tgm,Tiny.V2,18684283,1827
d66f5736aeccb749,river_barrins_exit_c2r8.tgm.header,Tiny.V0,18810175,264
943cf07e0e93464e,river_barrins_exit_c2r9.tgm,Tiny.V8,18670586,3403
db9451e078001367,river_barrins_exit_c2r9.tgm.header,Tiny.VD,18270430,264
69c0625eee80ba99,river_barrins_exit_c2r1.tgm,Tiny.V5,18368797,783
6342f337ed73d0b1,river_barrins_exit_c2r1.tgm.header,Tiny.VB,18549701,264
3ff5f6797b43ef5e,river_barrins_exit_c2r10.tgm,Streaming/Content/data/worldareas/CC/p2_1.vworld,991491,12373
c60fa67522aedf90,river_barrins_exit_c2r10.tgm.header,Tiny.V4,18952450,306
7c1070e15e6f532a,river_barrins_exit_c2r11.tgm,Streaming/Content/data/worldareas/B5/p2_1.vworld,2874313,47651
7533f58c3311ea27,river_barrins_exit_c2r11.tgm.header,Tiny.VD,18270124,306
efb8f2cf44395639,river_barrins_exit_c2r12.tgm,Streaming/Content/data/worldareas/78/p2_1.vworld,863957,31125
c6267cf07fd1e41f,river_barrins_exit_c2r12.tgm.header,Tiny.VA,18636358,264
bb02251affabafdf,river_barrins_exit_c12r2.tgm,Tiny.V8,18664716,4095
527865ce05487de6,river_barrins_exit_c12r2.tgm.header,Tiny.V2,18678752,264
6adfce08a9061702,river_barrins_exit_c12r3.tgm,Tiny.V5,18367758,1039
48915238171729ba,river_barrins_exit_c12r3.tgm.header,Tiny.V2,18679016,264
66ad2281b8012929,river_barrins_exit_c12r4.tgm,Tiny.VC,18503487,353
10ee09537f41cf2e,river_barrins_exit_c12r4.tgm.header,Tiny.VC,18503840,264
d6f23bfe8b42eb7a,river_barrins_exit_c12r5.tgm,Streaming/Content/data/balance/worldareas/B9/incursiontemplepresent.vworld,586945,15719
6885c77596379f53,river_barrins_exit_c12r5.tgm.header,Tiny.V1,18488509,264
658e62a44263e8d7,river_barrins_exit_c12r6.tgm,Streaming/Content/data/balance/worldareas/33/g2_1.vworld,408944,34439
144542402f4f8f2c,river_barrins_exit_c12r6.tgm.header,Tiny.V9,18841619,264
30b0de9c40335104,river_barrins_exit_c12r7.tgm,Streaming/Content/data/worldareas/E4/p2_1.vworld,1398276,11957
99e0ba1d3bc72aef,river_barrins_exit_c12r7.tgm.header,Tiny.V9,18841883,264
7351076eddd92725,river_barrins_exit_c12r8.tgm,Tiny.V9,18842147,2465
d400d423760f165c,river_barrins_exit_c12r8.tgm.header,Tiny.V1,18488773,264
0979bbea9e304af2,river_barrins_exit_c12r9.tgm,Tiny.V4,18949978,1101
f4ec19fc7b249b43,river_barrins_exit_c12r9.tgm.header,Tiny.VD,18268449,264
c9a012444a528438,river_barrins_exit_c12r1.tgm,Tiny.V2,18675207,3545
8eb5a5138e4180e8,river_barrins_exit_c12r1.tgm.header,Tiny.V8,18664188,264
a3a475d887b1b807,river_barrins_exit_c12r10.tgm,Tiny.V1,18486914,1595
339649e97431b9a9,river_barrins_exit_c12r10.tgm.header,Tiny.V5,18367494,264
1621fa3eb0f0abd5,river_barrins_exit_c12r11.tgm,Streaming/Content/data/worldareas/CD/p2_1.vworld,3495576,16405
10981c076ef04504,river_barrins_exit_c12r11.tgm.header,Tiny.V8,18664452,264
879664e201f50f95,river_barrins_exit_c12r12.tgm,Tiny.V6,18495668,2347
624f42251a3852cc,river_barrins_exit_c12r12.tgm.header,Tiny.V9,18841355,264
38ea7e6f6f789c27,river_barrins_exit_c11r2.tgm,Streaming/Content/data/balance/worldareas/6F/p2_1.vworld,0,6211
6a9a5626fc6f373f,river_barrins_exit_c11r2.tgm.header,Tiny.VA,18628645,264
d8988b7701642a0b,river_barrins_exit_c11r3.tgm,Tiny.V7,18492093,3715
1a540090eea50c4b,river_barrins_exit_c11r3.tgm.header,Tiny.VF,18773240,264
1ae813a96d333e35,river_barrins_exit_c11r4.tgm,Tiny.VC,18502780,707
1cb144d05a3b5f7a,river_barrins_exit_c11r4.tgm.header,Tiny.VA,18628909,264
24cb376e2dab8661,river_barrins_exit_c11r5.tgm,Tiny.VA,18629173,4029
5bcb262ed637fa14,river_barrins_exit_c11r5.tgm.header,Tiny.VE,18507766,264
0915ff977bdb6bfd,river_barrins_exit_c11r6.tgm,Streaming/Content/data/balance/worldareas/42/p2_1.vworld,330563,21181
6104769398f61494,river_barrins_exit_c11r6.tgm.header,Tiny.V8,18663924,264
a76da4b2806d263a,river_barrins_exit_c11r7.tgm,Streaming/Content/data/worldareas/2D/p2_1.vworld,978646,16657
c0298562b5d5ea72,river_barrins_exit_c11r7.tgm.header,Tiny.V9,18841091,264
8e8247cd7e0cc28c,river_barrins_exit_c11r8.tgm,Streaming/Content/data/worldareas/BA/p2_1.vworld,1398276,19437
4092c986929dc604,river_barrins_exit_c11r8.tgm.header,Tiny.V5,18367230,264
c61366fb7747fe40,river_barrins_exit_c11r9.tgm,Tiny.VA,18633202,2751
2e9edefee1899164,river_barrins_exit_c11r9.tgm.header,Tiny.VD,18268185,264
70037b28bb7acbcc,river_barrins_exit_c11r1.tgm,Tiny.V8,18660151,3773
89058870118a3cee,river_barrins_exit_c11r1.tgm.header,Tiny.VE,18507502,264
b31ea7b74274082a,river_barrins_exit_c11r10.tgm,Tiny.V3,18429168,1575
cef70ce6e523434e,river_barrins_exit_c11r10.tgm.header,Tiny.VC,18502516,264
2035d80d8f44fffd,river_barrins_exit_c11r11.tgm,Streaming/Content/data/worldareas/09/p2_1.vworld,730640,16459
b06e983ac9d11751,river_barrins_exit_c11r11.tgm.header,Tiny.V0,18807868,264
4038c079b63a0958,river_barrins_exit_c11r12.tgm,Tiny.VD,18265660,2525
065e6fac465f3a90,river_barrins_exit_c11r12.tgm.header,Tiny.VA,18628381,264
6a52b5fa1beff160,river_barrins_exit_c10r2.tgm,Tiny.V3,18422360,2875
31113797b63ab7ff,river_barrins_exit_c10r2.tgm.header,Tiny.V0,18807604,264
2716a9198e51a1c5,river_barrins_exit_c10r3.tgm,Streaming/Content/data/worldareas/3A/p2_1.vworld,4194640,6995
e47dadc2cd0fea38,river_barrins_exit_c10r3.tgm.header,Tiny.V8,18658008,264
48a5c432eb6614f6,river_barrins_exit_c10r4.tgm,Tiny.V3,18425235,3669
5155252906c1f38d,river_barrins_exit_c10r4.tgm.header,Tiny.VA,18626904,264
5a31cbd90afb032b,river_barrins_exit_c10r5.tgm,Tiny.VA,18627168,685
b3f832b0826f7528,river_barrins_exit_c10r5.tgm.header,Tiny.VE,18507238,264
334b36b95403e00f,river_barrins_exit_c10r6.tgm,Tiny.VB,18549084,353
ee569e278fd79a7b,river_barrins_exit_c10r6.tgm.header,Tiny.V3,18428904,264
3dcd533e0d5bf167,river_barrins_exit_c10r7.tgm,Tiny.V8,18658272,1879
cf9f7eb983ddff01,river_barrins_exit_c10r7.tgm.header,Tiny.V4,18949714,264
ebfdc891188a5e7a,river_barrins_exit_c10r8.tgm,Streaming/Content/data/worldareas/F9/p2_1.vworld,1397833,27811
24b12bb302000342,river_barrins_exit_c10r8.tgm.header,Tiny.VA,18627853,264
69c77af3b5725f24,river_barrins_exit_c10r9.tgm,Streaming/Content/data/worldareas/9B/p2_1.vworld,832833,10223
4209fb30602845c3,river_barrins_exit_c10r9.tgm.header,Tiny.VA,18628117,264
6f25ce4a84677a83,river_barrins_exit_c10r1.tgm,Tiny.V9,18840324,503
adddb67c80569cca,river_barrins_exit_c10r1.tgm.header,Tiny.V9,18840827,264
20c0b23bb2c7a8ee,river_barrins_exit_c10r10.tgm,Tiny.VF,18771665,1575
aeea2359894a49b8,river_barrins_exit_c10r10.tgm.header,Tiny.VC,18502516,264
3445b1cfc770ad12,river_barrins_exit_c10r11.tgm,Streaming/Content/data/worldareas/07/p2_1.vworld,813712,16833
141fb1d999659f2f,river_barrins_exit_c10r11.tgm.header,Tiny.VD,18265396,264
207c425e7b94f069,river_barrins_exit_c10r12.tgm,Tiny.V5,18364871,2359
53d1e096806efb5d,river_barrins_exit_c10r12.tgm.header,Tiny.V7,18491829,264
94446b1c5431a711,river_barrins_exit_c1r2.tgm,Tiny.V3,18430743,1157
9b3ecb6ece444eaf,river_barrins_exit_c1r2.tgm.header,Tiny.VD,18268713,264
de0278bfba9a0050,river_barrins_exit_c1r3.tgm,Tiny.VD,18268977,883
db1930ac07d4e2e9,river_barrins_exit_c1r3.tgm.header,Tiny.VE,18508030,264
8a652a1a055ebb59,river_barrins_exit_c1r4.tgm,Tiny.V0,18808132,1779
a0d432d17beffcc8,river_barrins_exit_c1r4.tgm.header,Tiny.V4,18951922,264
5eb7337bfaf059dd,river_barrins_exit_c1r5.tgm,Streaming/Content/data/worldareas/2F/p2_1.vworld,6990856,16715
bd22e44e02cd0c51,river_barrins_exit_c1r5.tgm.header,Tiny.VD,18269860,264
d5bbe0fda9de9a67,river_barrins_exit_c1r6.tgm,Tiny.V6,18498015,2503
8ac7242946b74e99,river_barrins_exit_c1r6.tgm.header,Tiny.V0,18809911,264
121b7fa9372821b6,river_barrins_exit_c1r7.tgm,Tiny.V2,18679280,1063
c231d44e2295a00b,river_barrins_exit_c1r7.tgm.header,Tiny.V2,18680343,264
4056ac23fcb947eb,river_barrins_exit_c1r8.tgm,Tiny.V7,18496147,523
2b7bed03849865a6,river_barrins_exit_c1r8.tgm.header,Tiny.V7,18496670,264
a2ad2cfb03ec5aab,river_barrins_exit_c1r9.tgm,Tiny.VA,18635953,405
60a2147407f07164,river_barrins_exit_c1r9.tgm.header,Tiny.V4,18952186,264
70b09e52cb701d26,river_barrins_exit_c1r1.tgm,Tiny.V4,18951079,843
8bd88d424ca86c1f,river_barrins_exit_c1r1.tgm.header,Tiny.VB,18549437,264
3a79971a353e4e51,river_barrins_exit_c1r10.tgm,Tiny.V7,18495808,339
d79dcaebbfddc3d5,river_barrins_exit_c1r10.tgm.header,Tiny.V7,30807525,264
54c45a971aeee33b,river_barrins_exit_c1r11.tgm,Streaming/Content/data/balance/worldareas/71/g4_8a.vworld,456610,8977
55d7e8d160b042ad,river_barrins_exit_c1r11.tgm.header,Tiny.VC,18504104,264
bd0c838dbe002ad6,river_barrins_exit_c1r12.tgm,Streaming/Content/data/worldareas/FD/p2_1.vworld,5611967,13909
7f2b650554f80ea9,river_barrins_exit_c1r12.tgm.header,Tiny.VC,18504368,264
c855ee0569ccdb7d,forge_entrance_c6r1.tgm,Streaming/Content/data/worldareas/75/p2_1.vworld,0,458919
3f6bc8f6a286dd3d,forge_entrance_c6r1.tgm.header,Tiny.V4,18935876,1186
43074f0271d2b24a,forge_entrance_c6r2.tgm,Streaming/Content/data/worldareas/52/p2_1.vworld,1429409,196145
305b8a0020d53cea,forge_entrance_c6r2.tgm.header,Tiny.VE,18495691,790
197757326284deed,forge_entrance_c6r3.tgm,Streaming/Content/data/worldareas/DE/p2_1.vworld,1398424,108821
b2bc495f2587cdc6,forge_entrance_c6r3.tgm.header,Tiny.VA,18619557,614
c41d080a43b4975b,forge_entrance_c6r4.tgm,Streaming/Content/data/worldareas/E0/p2_1.vworld,763199,44811
3bfd336450ba5c64,forge_entrance_c6r4.tgm.header,Tiny.V7,18474380,394
cf1af24a08bb1e48,forge_entrance_c6r5.tgm,Streaming/Content/data/worldareas/88/p2_1.vworld,1398276,38611
71bce0279a46a5f7,forge_entrance_c6r5.tgm.header,Tiny.VC,18488763,350
649078c932b6cbbb,forge_entrance_c6r6.tgm,Streaming/Content/data/worldareas/B1/p2_1.vworld,419886,19853
d342bb83418e53c8,forge_entrance_c6r6.tgm.header,Tiny.V2,18658878,264
5afd6df6ad16025a,forge_entrance_c5r1.tgm,Streaming/Content/data/worldareas/DF/p2_1.vworld,1952049,432437
d07100f602839ddd,forge_entrance_c5r1.tgm.header,Tiny.VF,18757734,1450
00b0c52211dddc1a,forge_entrance_c5r2.tgm,Streaming/Content/data/worldareas/5D/p2_1.vworld,617629,227009
3355961eb2619780,forge_entrance_c5r2.tgm.header,Tiny.V8,18647384,966
50bb8afc112c5f9d,forge_entrance_c5r3.tgm,Streaming/Content/data/worldareas/62/p2_1.vworld,323344,124419
ffa7b58e5c8cd742,forge_entrance_c5r3.tgm.header,Tiny.V4,18935218,658
79be3301663edf18,forge_entrance_c5r4.tgm,Streaming/Content/data/worldareas/6A/p2_1.vworld,220097,52221
63f0971d70cb42fc,forge_entrance_c5r4.tgm.header,Tiny.VD,18251878,438
e45d0828946cb8ad,forge_entrance_c5r5.tgm,Streaming/Content/data/worldareas/74/p2_1.vworld,2796364,32465
afb83fea0b2f99c9,forge_entrance_c5r5.tgm.header,Tiny.VD,18252316,350
0d41bb3af9e8b242,forge_entrance_c5r6.tgm,Streaming/Content/data/balance/worldareas/2C/incursiontemplepresent.vworld,352990,35981
1d3bd46b79bbafcf,forge_entrance_c5r6.tgm.header,Tiny.V8,18648350,350
65310c603458e7ee,forge_entrance_c4r1.tgm,Streaming/Content/data/worldareas/5D/p2_1.vworld,0,617629
544e15ae94a8fe23,forge_entrance_c4r1.tgm.header,Tiny.V4,18933548,1670
fcb60a06b742e598,forge_entrance_c4r2.tgm,Streaming/Content/data/worldareas/CE/p2_1.vworld,812759,333773
496f3de13cc14e30,forge_entrance_c4r2.tgm.header,Tiny.VE,18494461,1230
035515cb3b9b1c56,forge_entrance_c4r3.tgm,Streaming/Content/data/worldareas/62/p2_1.vworld,92587,230757
6aa799e5c4355fe2,forge_entrance_c4r3.tgm.header,Tiny.V2,18657824,1054
1b8e75fddfd5021f,forge_entrance_c4r4.tgm,Streaming/Content/data/worldareas/0A/p2_1.vworld,439628,50055
c49adf5ce4e795e6,forge_entrance_c4r4.tgm.header,Tiny.V7,18473678,702
7256a01c537cdda5,forge_entrance_c4r5.tgm,Streaming/Content/data/worldareas/CF/p2_1.vworld,2796364,59585
2a74656fc30a869c,forge_entrance_c4r5.tgm.header,Tiny.VF,18757296,438
15b2168f6ae878f7,forge_entrance_c4r6.tgm,Streaming/Content/data/balance/worldareas/33/g2_1.vworld,360530,43619
179544f69687be7b,forge_entrance_c4r6.tgm.header,Tiny.VA,18619163,394
e18d64a70e3012c0,forge_entrance_c3r1.tgm,Streaming/Content/data/worldareas/43/p2_1.vworld,4194640,392153
8cf6314815605427,forge_entrance_c3r1.tgm.header,Tiny.V5,18356998,1758
fe9d38dce64097f3,forge_entrance_c3r2.tgm,Streaming/Content/data/worldareas/45/p2_1.vworld,188813,355083
d617b5d4653b6930,forge_entrance_c3r2.tgm.header,Tiny.VD,18250560,1318
7ecfac090425d636,forge_entrance_c3r3.tgm,Streaming/Content/data/worldareas/D5/p2_1.vworld,3495576,139539
92f552dac19d5098,forge_entrance_c3r3.tgm.header,Tiny.VC,18487447,614
ddc75a5ba25d327b,forge_entrance_c3r4.tgm,Streaming/Content/data/worldareas/AD/p2_1.vworld,0,118633
36e68471886f1315,forge_entrance_c3r4.tgm.header,Tiny.V8,18646550,834
3eb74a340c303a1b,forge_entrance_c3r5.tgm,Streaming/Content/data/worldareas/EA/p2_1.vworld,0,82593
375009510cfeb666,forge_entrance_c3r5.tgm.header,Tiny.VC,18488061,702
d993c000de7046b7,forge_entrance_c3r6.tgm,Streaming/Content/data/worldareas/D5/p2_1.vworld,3635115,103659
a21b71e52b9bc989,forge_entrance_c3r6.tgm.header,Tiny.V0,18797958,702
0c0fcbcc5d28172f,forge_entrance_c2r1.tgm,Streaming/Content/data/worldareas/49/p2_1.vworld,0,294043
b6402a5ef5acad88,forge_entrance_c2r1.tgm.header,Tiny.V1,18473982,1318
821a94777e74f35d,forge_entrance_c2r2.tgm,Streaming/Content/data/worldareas/DF/p2_1.vworld,1398276,553773
fcf51f99537ca32f,forge_entrance_c2r2.tgm.header,Tiny.VE,18492967,1494
46cd75ea08d968fe,forge_entrance_c2r3.tgm,Streaming/Content/data/balance/worldareas/53/p2_1.vworld,0,292399
1a7bc619294655e1,forge_entrance_c2r3.tgm.header,Tiny.V3,18412775,1098
e07a1ac09926ed6c,forge_entrance_c2r4.tgm,Streaming/Content/data/worldareas/7E/p2_1.vworld,1454033,302361
64dfea84e8748c62,forge_entrance_c2r4.tgm.header,Tiny.VD,18249418,1142
3b09a376b18d3c77,forge_entrance_c2r5.tgm,Streaming/Content/data/worldareas/90/p2_1.vworld,268295,315823
d3226def7cf70105,forge_entrance_c2r5.tgm.header,Tiny.V3,18413873,922
ac7c4c38303e1c9d,forge_entrance_c2r6.tgm,Streaming/Content/data/worldareas/2B/p2_1.vworld,0,290041
cc941c5eb04ccb55,forge_entrance_c2r6.tgm.header,Tiny.VF,18756330,966
9a98b499ff7936e4,forge_entrance_c1r1.tgm,Streaming/Content/data/balance/worldareas/7B/g5_11_1.vworld,183010,143285
19ad5eecaf3b9b39,forge_entrance_c1r1.tgm.header,Tiny.V3,18411809,966
2ac63b884ccf726e,forge_entrance_c1r2.tgm,Streaming/Content/data/worldareas/C0/p2_1.vworld,983465,339145
fb5928ab9987c8a9,forge_entrance_c1r2.tgm.header,Tiny.VB,18542980,1230
e44ca53a8d95735e,forge_entrance_c1r3.tgm,Streaming/Content/data/worldareas/02/p2_1.vworld,699212,488779
1519d76b9d01104b,forge_entrance_c1r3.tgm.header,Tiny.V0,18796376,1582
52c029f2b831b79f,forge_entrance_c1r4.tgm,Streaming/Content/data/worldareas/E8/p2_1.vworld,2120119,441977
3e6498d2e7294f9b,forge_entrance_c1r4.tgm.header,Tiny.VA,18617581,1582
868c1713a9199cb8,forge_entrance_c1r5.tgm,Streaming/Content/data/balance/worldareas/9A/p1_4.vworld,509680,293215
678e34c2d43d605b,forge_entrance_c1r5.tgm.header,Tiny.V1,18472972,1010
570c9166e2199664,forge_entrance_c1r6.tgm,Streaming/Content/data/worldareas/A5/p2_1.vworld,1537528,363697
b6dccf1c37080f96,forge_entrance_c1r6.tgm.header,Tiny.VE,18492133,834
2298292f603be44f,titan_forge_c9r1.tgm,Tiny.V8,18735895,1037
4f8ab2bfe0ac7625,titan_forge_c9r1.tgm.header,Tiny.VA,18687294,264
3aaf0d6340d1d879,titan_forge_c9r2.tgm,Tiny.V7,18542394,1257
3cf3219233b825a1,titan_forge_c9r2.tgm.header,Tiny.V4,18997285,264
a1cb717c21f35b44,titan_forge_c9r3.tgm,Tiny.V0,18875462,981
f5ee5411dcc8daab,titan_forge_c9r3.tgm.header,Tiny.V8,18736932,264
1095ada4793ba118,titan_forge_c9r4.tgm,Tiny.V0,18876443,885
f1f62745c2cd4a35,titan_forge_c9r4.tgm.header,Tiny.V4,18997549,264
f70747695f54af50,titan_forge_c9r5.tgm,Tiny.V8,18737196,637
5813613383bca7ae,titan_forge_c9r5.tgm.header,Tiny.V8,18733644,264
212e55019092b8f0,titan_forge_c9r6.tgm,Tiny.V0,18877328,513
5153e9237977109d,titan_forge_c9r6.tgm.header,Tiny.VF,18823821,264
191ac83c8b1adac4,titan_forge_c9r7.tgm,Tiny.VF,18824085,389
8023a7e9ec53fe57,titan_forge_c9r7.tgm.header,Tiny.V1,18540794,264
4406a9da61f6a2b2,titan_forge_c9r8.tgm,Tiny.VD,18323571,293
b093387548258feb,titan_forge_c9r8.tgm.header,Tiny.V1,18545807,264
f2c42f783288de66,titan_forge_c9r9.tgm,Streaming/Content/data/worldareas/63/p2_1.vworld,0,1403385
93fa843c939a15fc,titan_forge_c9r9.tgm.header,Content/data/balance/worldareas/p2_1.vworld,1527534,13063
a11ffc6035989fb9,titan_forge_c8r1.tgm,Tiny.V3,18481064,721
2230fb9d077c1196,titan_forge_c8r1.tgm.header,Tiny.V0,18872912,264
cc004c604fda4e6e,titan_forge_c8r2.tgm,Tiny.V0,18873176,711
1145fa68de2bb1f5,titan_forge_c8r2.tgm.header,Tiny.V0,18873887,264
b89ed6e8c2941569,titan_forge_c8r3.tgm,Tiny.V1,18544326,953
010c097d860a507c,titan_forge_c8r3.tgm.header,Tiny.V4,18996480,264
db7076e7133c02bd,titan_forge_c8r4.tgm,Tiny.V0,18874151,1047
30825cd48b4d0435,titan_forge_c8r4.tgm.header,Tiny.V1,18545279,264
4465e9a685eb62b6,titan_forge_c8r5.tgm,Tiny.V9,18893402,913
0e4a2a17d839cd8d,titan_forge_c8r5.tgm.header,Tiny.V5,18429264,264
370944b3ca5d4b22,titan_forge_c8r6.tgm,Tiny.V4,18996744,541
19c52ffe96995995,titan_forge_c8r6.tgm.header,Tiny.V2,18750350,264
996a5e6e15efcb37,titan_forge_c8r7.tgm,Tiny.V9,18894315,293
7cb2f483cb002f18,titan_forge_c8r7.tgm.header,Tiny.V1,18545543,264
7326c1fbcc14cd8d,titan_forge_c8r8.tgm,Tiny.V8,18735630,265
69c98c99b88570e9,titan_forge_c8r8.tgm.header,Tiny.V0,18875198,264
515586a805fbe35c,titan_forge_c8r9.tgm,Tiny.VD,18323306,265
fa01291d35066125,titan_forge_c8r9.tgm.header,Tiny.V3,18481785,264
ee03fa50c9c1dbab,titan_forge_c7r1.tgm,Tiny.VC,18561363,795
fb009a58465f143f,titan_forge_c7r1.tgm.header,Tiny.VB,18599114,264
187c404022de2177,titan_forge_c7r2.tgm,Tiny.V2,18748827,1523
b51e8d5c41e2e3d4,titan_forge_c7r2.tgm.header,Tiny.V0,18872648,264
8abaa20c9e910de4,titan_forge_c7r3.tgm,Tiny.VF,18820669,2595
8570e265676ed9e8,titan_forge_c7r3.tgm.header,Tiny.VE,18563939,264
ed47d2102326d310,titan_forge_c7r4.tgm,Tiny.V4,18993932,2105
c55b5986378ef6fa,titan_forge_c7r4.tgm.header,Tiny.VB,18599378,264
0cf5af05a2e13aa9,titan_forge_c7r5.tgm,Tiny.VB,18599642,1615
315b9a7e12cb4601,titan_forge_c7r5.tgm.header,Tiny.V1,18544062,264
20f951c8e5070e55,titan_forge_c7r6.tgm,Tiny.V6,18537125,745
c3af23854b925923,titan_forge_c7r6.tgm.header,Tiny.VF,18823264,264
551a428082793ff6,titan_forge_c7r7.tgm,Tiny.V4,18996037,443
7a12a4d74343b685,titan_forge_c7r7.tgm.header,Tiny.VA,18687030,264
9a651fefe37d872d,titan_forge_c7r8.tgm,Tiny.V8,18735303,327
ef38a595161ca529,titan_forge_c7r8.tgm.header,Tiny.V7,18542130,264
a03295d46a1ac6c0,titan_forge_c7r9.tgm,Tiny.VF,18823528,293
9071d8e1e6c962b3,titan_forge_c7r9.tgm.header,Tiny.V1,18541058,264
4282609f41ab5e5e,titan_forge_c6r1.tgm,Tiny.V8,18734436,603
dd084fd47ef712b4,titan_forge_c6r1.tgm.header,Tiny.V7,18539643,264
b0fe9f2f9f35beae,titan_forge_c6r2.tgm,Tiny.V0,18867699,1667
04f4c07e13dbb805,titan_forge_c6r2.tgm.header,Tiny.V8,18735039,264
a0e95632b9280ac6,titan_forge_c6r3.tgm,Tiny.V7,18539907,2223
ca9a69c91d0086df,titan_forge_c6r3.tgm.header,Tiny.VF,18817912,264
9d4f99c2f344b677,titan_forge_c6r4.tgm,Tiny.V0,18869366,2741
c94190856ac1a8c8,titan_forge_c6r4.tgm.header,Tiny.V3,18480800,264
b40684679476697e,titan_forge_c6r5.tgm,Tiny.VE,18561302,2637
8d02057f270208dd,titan_forge_c6r5.tgm.header,Tiny.V5,18428736,264
25e14eed36502cbb,titan_forge_c6r6.tgm,Tiny.VF,18818176,2493
5d30e6c4aa077337,titan_forge_c6r6.tgm.header,Tiny.VC,18561099,264
032d064c429d7b6b,titan_forge_c6r7.tgm,Tiny.V1,18543329,733
8650fbe0a4fe235f,titan_forge_c6r7.tgm.header,Tiny.V5,18429000,264
1688787216497e68,titan_forge_c6r8.tgm,Tiny.V0,18872107,541
42c2d920f964e6d6,titan_forge_c6r8.tgm.header,Tiny.V9,18893138,264
5f517d5407556d1c,titan_forge_c6r9.tgm,Tiny.V4,18993351,581
dab36c3f3535a0ba,titan_forge_c6r9.tgm.header,Tiny.V2,18748563,264
6eff23af52305f48,titan_forge_c5r1.tgm,Tiny.VE,18555403,389
73497df0ffe66157,titan_forge_c5r1.tgm.header,Tiny.V1,18541586,264
fb100795662bc3c5,titan_forge_c5r2.tgm,Tiny.V1,18541850,951
988b872f81fadfc3,titan_forge_c5r2.tgm.header,Tiny.V1,18542801,264
1d1712e56c7bda06,titan_forge_c5r3.tgm,Tiny.V5,18426631,1667
491031d42694d9b5,titan_forge_c5r3.tgm.header,Tiny.V4,18993087,264
196daad6b2c2ee98,titan_forge_c5r4.tgm,Tiny.VE,18555792,3305
39e7d721e3c8e0dd,titan_forge_c5r4.tgm.header,Tiny.VD,18323042,264
e14a87029cf7e38b,titan_forge_c5r5.tgm,Tiny.VF,18815547,2365
935aee9238104f1d,titan_forge_c5r5.tgm.header,Tiny.V3,18480536,264
bc7ebc260b63332f,titan_forge_c5r6.tgm,Tiny.VE,18559097,2205
8686a46fb2069437,titan_forge_c5r6.tgm.header,Tiny.V1,18543065,264
e53a054a449cb76d,titan_forge_c5r7.tgm,Tiny.VB,18597949,637
7c413a7ee61767b1,titan_forge_c5r7.tgm.header,Tiny.VB,18598586,264
19000146da5ede3a,titan_forge_c5r8.tgm,Streaming/Content/data/worldareas/3E/p2_1.vworld,918020,182343
9984692d25a4a16d,titan_forge_c5r8.tgm.header,Tiny.V5,18428298,438
b8ce945fca4607e9,titan_forge_c5r9.tgm,Tiny.V2,18747846,717
ec9ebda907556a99,titan_forge_c5r9.tgm.header,Tiny.VB,18598850,264
e72af24b12ff4e53,titan_forge_c4r1.tgm,Tiny.VC,18558851,361
c8707a2055596cac,titan_forge_c4r1.tgm.header,Tiny.VC,18559212,264
b167ffcedcdd43f4,titan_forge_c4r2.tgm,Tiny.V4,18991994,1093
769223a8f80b8fa4,titan_forge_c4r2.tgm.header,Tiny.VC,18559476,264
b5def07efce62a71,titan_forge_c4r3.tgm,Tiny.VE,18552867,1913
6620deb4bbd095f6,titan_forge_c4r3.tgm.header,Tiny.V6,18536861,264
c0e507dafa0c9052,titan_forge_c4r4.tgm,Tiny.V0,18864777,2449
65c885afd87d0c2f,titan_forge_c4r4.tgm.header,Tiny.V1,18541322,264
82c4d4852c74bc69,titan_forge_c4r5.tgm,Tiny.V3,18477979,2293
fc83b4f131a1b016,titan_forge_c4r5.tgm.header,Tiny.VC,18559740,264
34f50fc199c2c039,titan_forge_c4r6.tgm,Tiny.V7,18537764,1879
c25a039421f5d03b,titan_forge_c4r6.tgm.header,Tiny.V3,18480272,264
c88ec9fe5fce6712,titan_forge_c4r7.tgm,Tiny.VC,18560004,831
eb391638856d8890,titan_forge_c4r7.tgm.header,Tiny.VC,18560835,264
555952bae4d13cd0,titan_forge_c4r8.tgm,Tiny.VE,18554780,623
52c9cfccb26a94c0,titan_forge_c4r8.tgm.header,Tiny.V5,18426367,264
b2f18bc3bcc654bc,titan_forge_c4r9.tgm,Tiny.V0,18867226,473
dce3b91172523304,titan_forge_c4r9.tgm.header,Tiny.V8,18734172,264
53846506f32d4285,titan_forge_c3r1.tgm,Tiny.V7,18537431,333
8154574ce56133c2,titan_forge_c3r1.tgm.header,Tiny.V0,18863985,264
181f326192bc5a1d,titan_forge_c3r2.tgm,Tiny.VE,18551221,479
720cd7b931539410,titan_forge_c3r2.tgm.header,Tiny.V9,18892874,264
5bdc3507f4aac0b4,titan_forge_c3r3.tgm,Tiny.V6,18535540,1321
fc32e697b6f1c61c,titan_forge_c3r3.tgm.header,Tiny.V0,18864249,264
7c790f67f2b3c5cf,titan_forge_c3r4.tgm,Tiny.V4,18990127,1867
2b25c2bb8d2de474,titan_forge_c3r4.tgm.header,Tiny.V3,18477715,264
9aba5a3d8e16c1c9,titan_forge_c3r5.tgm,Tiny.VA,18685279,1751
5ff60d06279396c4,titan_forge_c3r5.tgm.header,Tiny.V0,18864513,264
c7ea7395441a018b,titan_forge_c3r6.tgm,Tiny.VE,18551700,1167
dc49454c00df7e45,titan_forge_c3r6.tgm.header,Tiny.VF,18815283,264
970307df3fe0de51,titan_forge_c3r7.tgm,Tiny.VD,18322374,375
b27432d1d2d47021,titan_forge_c3r7.tgm.header,Tiny.V5,18426103,264
162b833e8beaaa6b,titan_forge_c3r8.tgm,Tiny.V2,18747457,389
987c2f5b8d79c125,titan_forge_c3r8.tgm.header,Tiny.V1,18540794,264
7133501f43d0214d,titan_forge_c3r9.tgm,Tiny.VD,18322749,293
c2cb6a4786c70299,titan_forge_c3r9.tgm.header,Tiny.V1,18541058,264
a56054cc2f5b7ce7,titan_forge_c2r1.tgm,Tiny.V9,18891347,293
4fc37c4890a6708d,titan_forge_c2r1.tgm.header,Tiny.V8,18733380,264
814eaf59e55e46ef,titan_forge_c2r2.tgm,Tiny.V9,18891640,265
2f850719457e24b3,titan_forge_c2r2.tgm.header,Tiny.V9,18891905,264
679646387df6ea69,titan_forge_c2r3.tgm,Tiny.VF,18814530,753
d96ad4fd46fb7953,titan_forge_c2r3.tgm.header,Tiny.VD,18321169,264
8b95d13e990b0054,titan_forge_c2r4.tgm,Tiny.V4,18988835,903
9127d2c69d3d7a9e,titan_forge_c2r4.tgm.header,Tiny.V8,18733908,264
3834bd79fd25f2ef,titan_forge_c2r5.tgm,Tiny.VD,18321433,941
d970a1f42aeabe06,titan_forge_c2r5.tgm.header,Tiny.VC,18558587,264
1043eaec2dbe7fb0,titan_forge_c2r6.tgm,Tiny.V9,18892169,705
b1312e8ab503a344,titan_forge_c2r6.tgm.header,Tiny.V2,18747193,264
a1ae6e258991b7f9,titan_forge_c2r7.tgm,Tiny.V3,18477264,451
8aad2da3b8c32b16,titan_forge_c2r7.tgm.header,Tiny.V1,18540530,264
ad0a87e9b865c88d,titan_forge_c2r8.tgm,Tiny.V4,18989738,389
2993078824d54bca,titan_forge_c2r8.tgm.header,Tiny.V1,18540794,264
095249aefff51cad,titan_forge_c2r9.tgm,Tiny.V7,18537138,293
8f8f591413bcc72b,titan_forge_c2r9.tgm.header,Tiny.VE,18550957,264
fc29ac94b43bf683,titan_forge_c1r1.tgm,Tiny.V6,18534983,293
5a2d4a9903148f43,titan_forge_c1r1.tgm.header,Tiny.V8,18733380,264
5440e6c8e109607f,titan_forge_c1r2.tgm,Tiny.V1,18539943,587
ea7da4dc13b6b6f6,titan_forge_c1r2.tgm.header,Tiny.VA,18684210,264
e38d366bba401d6c,titan_forge_c1r3.tgm,Tiny.V3,18476451,813
3f82632071f75818,titan_forge_c1r3.tgm.header,Tiny.VB,18596755,264
dc71806ac65f4a04,titan_forge_c1r4.tgm,Tiny.V9,18890924,423
85755a218a919b01,titan_forge_c1r4.tgm.header,Tiny.VA,18684474,264
e59b59779ffe99db,titan_forge_c1r5.tgm,Tiny.V4,18987866,705
1a3b3cb877147911,titan_forge_c1r5.tgm.header,Tiny.V4,18988571,264
489bb8a9f488a949,titan_forge_c1r6.tgm,Tiny.VB,18597019,637
a40550280bbf1651,titan_forge_c1r6.tgm.header,Tiny.V8,18733644,264
cdc86b1b75c2cc26,titan_forge_c1r7.tgm,Tiny.VA,18684738,541
614cbd7ce869dab5,titan_forge_c1r7.tgm.header,Tiny.V2,18746929,264
24c4d26c26ed874b,titan_forge_c1r8.tgm,Tiny.VC,18558170,417
4c4ad5d6c6ec710d,titan_forge_c1r8.tgm.header,Tiny.V6,18535276,264
21a5d26433c59864,titan_forge_c1r9.tgm,Tiny.VB,18597656,293
17417c8a62bca5b3,titan_forge_c1r9.tgm.header,Tiny.VE,18550693,264
2608169eee346a23,salt_waste_bossroom_c9r3.tgm,Tiny.V6,18531512,571
aa1d6e06a47d7b01,salt_waste_bossroom_c9r3.tgm.header,Tiny.VB,18595439,264
d2b5e0d147da11cf,salt_waste_bossroom_c9r4.tgm,Tiny.VC,29994606,57
3c031a08606c9d08,salt_waste_bossroom_c9r4.tgm.header,Tiny.V8,29713816,264
ad216444df252858,salt_waste_bossroom_c9r5.tgm,Tiny.VC,29994606,57
c92d7a6599270c2e,salt_waste_bossroom_c9r5.tgm.header,Tiny.V8,29713816,264
1e1394ebf353a413,salt_waste_bossroom_c9r6.tgm,Tiny.VC,29994606,57
4a312d5a1a540ff0,salt_waste_bossroom_c9r6.tgm.header,Tiny.V8,29713816,264
8857e48dd052c749,salt_waste_bossroom_c9r7.tgm,Streaming/Content/data/worldareas/BA/p2_1.vworld,1417713,4525
10d048b1a3b97cb1,salt_waste_bossroom_c9r7.tgm.header,Tiny.V0,18858516,264
d4604e3e5de1d8f4,salt_waste_bossroom_c9r8.tgm,Streaming/Content/data/worldareas/54/p2_1.vworld,1517773,5639
5df70d9ee5f27024,salt_waste_bossroom_c9r8.tgm.header,Tiny.VD,18316377,264
27958b0e9e1aa9be,salt_waste_bossroom_c9r9.tgm,Streaming/Content/data/worldareas/A4/p2_1.vworld,1048912,6009
035382d78ceb2d08,salt_waste_bossroom_c9r9.tgm.header,Tiny.V3,18472250,264
f312e1b756e2d478,salt_waste_bossroom_c9r1.tgm,Tiny.V5,18408619,793
3e4b7af388e65452,salt_waste_bossroom_c9r1.tgm.header,Tiny.VD,18314642,264
f1b934e0163335ff,salt_waste_bossroom_c9r10.tgm,Streaming/Content/data/balance/worldareas/p2_1.vworld,862976,5557
e5f55b139a0d6c7c,salt_waste_bossroom_c9r10.tgm.header,Tiny.V2,18738437,264
7623920a6c425e0c,salt_waste_bossroom_c9r11.tgm,Streaming/Content/data/worldareas/B1/p2_1.vworld,439739,5681
2c76719d515b0d5b,salt_waste_bossroom_c9r11.tgm.header,Tiny.V4,18983782,264
0a99867ae5b63b21,salt_waste_bossroom_c9r12.tgm,Streaming/Content/data/balance/worldareas/26/incursiontemplepresent.vworld,421652,5681
5152ae210aef66bd,salt_waste_bossroom_c9r12.tgm.header,Tiny.V9,18885566,264
27b155ee4504861d,salt_waste_bossroom_c9r13.tgm,Streaming/Content/data/worldareas/F7/p2_1.vworld,1433439,6633
33971e2323406f9a,salt_waste_bossroom_c9r13.tgm.header,Tiny.VF,18808677,264
00a69a388f36f07e,salt_waste_bossroom_c9r14.tgm,Streaming/Content/data/balance/worldareas/33/g2_1.vworld,449554,7569
0c0916623d27870a,salt_waste_bossroom_c9r14.tgm.header,Tiny.V8,18725868,264
efd52459578cff17,salt_waste_bossroom_c9r15.tgm,Streaming/Content/data/worldareas/74/p2_1.vworld,3432767,8908413
14e41428dfacb0ff,salt_waste_bossroom_c9r15.tgm.header,Content/data/balance/worldareas/p2_1.vworld,1497578,14562
a52c0983219f05cc,salt_waste_bossroom_c9r16.tgm,Streaming/Content/data/worldareas/74/p2_1.vworld,12341180,5907
e59475e4c824bc8a,salt_waste_bossroom_c9r16.tgm.header,Tiny.V9,18885830,264
e4209d55a04c7d24,salt_waste_bossroom_c9r17.tgm,Streaming/Content/data/balance/worldareas/B9/incursiontemplepresent.vworld,614412,5405
9d3ceeb087e5db4b,salt_waste_bossroom_c9r17.tgm.header,Tiny.VD,18314906,264
a418026077fcf335,salt_waste_bossroom_c9r18.tgm,Streaming/Content/data/balance/worldareas/93/g4_8a.vworld,2863779,4797
343fc28a3b76e6bf,salt_waste_bossroom_c9r18.tgm.header,Tiny.V2,18738701,264
46b948c8f8e58b87,salt_waste_bossroom_c9r19.tgm,Tiny.V8,18726132,1409
710f65f60f7a3e48,salt_waste_bossroom_c9r19.tgm.header,Tiny.V0,18858252,264
1aa2e8dd999f66a1,salt_waste_bossroom_c9r2.tgm,Tiny.V8,18727541,919
9554b25f3d3ced92,salt_waste_bossroom_c9r2.tgm.header,Tiny.V7,18528128,264
745e1c3171d5521e,salt_waste_bossroom_c9r20.tgm,Tiny.V1,18538260,1201
0536cd1cb30bd290,salt_waste_bossroom_c9r20.tgm.header,Tiny.V9,18886094,264
a6bbe19101f2aa28,salt_waste_bossroom_c9r21.tgm,Tiny.VD,18315170,1207
21c1ebdc08906d0b,salt_waste_bossroom_c9r21.tgm.header,Tiny.VB,18595175,264
b35cd5e5c5cfb643,salt_waste_bossroom_c9r22.tgm,Tiny.V2,18738965,979
f6d94f7e1a008c4b,salt_waste_bossroom_c9r22.tgm.header,Tiny.VF,18808941,264
b0eed7b19837f71b,salt_waste_bossroom_c9r23.tgm,Tiny.VC,18548312,1087
65af0757119fada6,salt_waste_bossroom_c9r23.tgm.header,Tiny.VE,18544252,264
3dc474149a95cd59,salt_waste_bossroom_c9r24.tgm,Tiny.V2,18739944,1183
9e5c7e35080b1f0a,salt_waste_bossroom_c9r24.tgm.header,Tiny.V6,18531248,264
f8db44fbb3035deb,salt_waste_bossroom_c8r3.tgm,Tiny.V3,18471793,457
680e8a922020e110,salt_waste_bossroom_c8r3.tgm.header,Tiny.V7,18527864,264
cc594038df42f169,salt_waste_bossroom_c8r4.tgm,Tiny.VC,29994606,57
47d9b279e8294c13,salt_waste_bossroom_c8r4.tgm.header,Tiny.V8,29713816,264
ad6fcecce193a421,salt_waste_bossroom_c8r5.tgm,Tiny.VC,29994606,57
2672ff0c21720f7c,salt_waste_bossroom_c8r5.tgm.header,Tiny.V8,29713816,264
4d446377fc90f18d,salt_waste_bossroom_c8r6.tgm,Tiny.VC,29994606,57
fc60ca9f7f427a30,salt_waste_bossroom_c8r6.tgm.header,Tiny.V8,29713816,264
bc4ab05879b64878,salt_waste_bossroom_c8r7.tgm,Streaming/Content/data/worldareas/E1/p2_1.vworld,4194640,5689
bb7ab6b8a26c9d73,salt_waste_bossroom_c8r7.tgm.header,Tiny.V1,18537996,264
b93d3fda80ed6799,salt_waste_bossroom_c8r8.tgm,Streaming/Content/data/worldareas/F2/p2_1.vworld,6814983,6811
2be028eec0216f6f,salt_waste_bossroom_c8r8.tgm.header,Tiny.V2,18738173,264
c5566e77d53ac081,salt_waste_bossroom_c8r9.tgm,Streaming/Content/data/worldareas/24/p2_1.vworld,250429,1734231
da9bfd66166406ed,salt_waste_bossroom_c8r9.tgm.header,Content/data/balance/worldareas/p2_1.vworld,1492168,5410
bdbc0c6fa5a01fce,salt_waste_bossroom_c8r1.tgm,Tiny.VD,18313171,943
0b0225dd110ab2b4,salt_waste_bossroom_c8r1.tgm.header,Tiny.V2,18734409,264
583f8fb32b3ec064,salt_waste_bossroom_c8r10.tgm,Streaming/Content/data/worldareas/EA/p2_1.vworld,994743,4659
2fac651cf6675019,salt_waste_bossroom_c8r10.tgm.header,Tiny.V0,18857724,264
b6e221374006ebaf,salt_waste_bossroom_c8r11.tgm,Streaming/Content/data/balance/worldareas/40/hideoutsacrifice.vworld,707741,5003
cf12a802fbdac15f,salt_waste_bossroom_c8r11.tgm.header,Tiny.V4,18983254,264
8d700385e5edafde,salt_waste_bossroom_c8r12.tgm,Streaming/Content/data/worldareas/02/p2_1.vworld,1187991,4743
7b9cd1c610cfa2e9,salt_waste_bossroom_c8r12.tgm.header,Tiny.V2,18734673,264
a9b87fd090aa024e,salt_waste_bossroom_c8r13.tgm,Streaming/Content/data/balance/worldareas/C8/g4_11_1b.vworld,719998,6165
ce4ee688ef9cdf8a,salt_waste_bossroom_c8r13.tgm.header,Tiny.V4,18983518,264
49b9d53a7e5b3276,salt_waste_bossroom_c8r14.tgm,Streaming/Content/data/worldareas/7E/p2_1.vworld,1756394,7425
d9a5be350fb530a6,salt_waste_bossroom_c8r14.tgm.header,Tiny.V6,18529645,264
fda1b4e109a0074e,salt_waste_bossroom_c8r15.tgm,Streaming/Content/data/worldareas/E9/p2_1.vworld,2825907,6067
8fea7d0dc6f106e5,salt_waste_bossroom_c8r15.tgm.header,Tiny.VD,18314114,264
009fc2fa20f15760,salt_waste_bossroom_c8r16.tgm,Streaming/Content/data/worldareas/41/p2_1.vworld,1398276,5459
18b0b327f3ab036f,salt_waste_bossroom_c8r16.tgm.header,Tiny.V8,18725604,264
4f536f69c3401c2d,salt_waste_bossroom_c8r17.tgm,Streaming/Content/data/balance/worldareas/A8/g4_8a.vworld,416559,6361
034d86b83225bcef,salt_waste_bossroom_c8r17.tgm.header,Tiny.V7,18527600,264
7abe8d499c0b341a,salt_waste_bossroom_c8r18.tgm,Streaming/Content/data/balance/worldareas/B9/incursiontemplepresent.vworld,608651,5761
81b1c4006572d0de,salt_waste_bossroom_c8r18.tgm.header,Tiny.V3,18471001,264
33b370ffe2019f8a,salt_waste_bossroom_c8r19.tgm,Tiny.V6,18529909,1339
2c5023204670a613,salt_waste_bossroom_c8r19.tgm.header,Tiny.V3,18471265,264
ab38210ce11638e4,salt_waste_bossroom_c8r2.tgm,Tiny.VC,18547525,787
f1153a14a7859b0b,salt_waste_bossroom_c8r2.tgm.header,Tiny.VF,18808413,264
2674a31d3feb0a1a,salt_waste_bossroom_c8r20.tgm,Tiny.VA,18679669,1729
a98a9f254181b00d,salt_waste_bossroom_c8r20.tgm.header,Tiny.VA,18681398,264
b31f679cd440f893,salt_waste_bossroom_c8r21.tgm,Tiny.V2,18734937,1735
1fa71af4d3af84bf,salt_waste_bossroom_c8r21.tgm.header,Tiny.V0,18857988,264
6e2cb3a303ea6015,salt_waste_bossroom_c8r22.tgm,Tiny.V2,18736672,1501
6f0c4a060e70df1a,salt_waste_bossroom_c8r22.tgm.header,Tiny.VD,18314378,264
3c7a4bdb2c0c26c7,salt_waste_bossroom_c8r23.tgm,Streaming/Content/data/worldareas/17/p2_1.vworld,326503,10623961
d794b42a5b7f9132,salt_waste_bossroom_c8r23.tgm.header,Content/data/balance/worldareas/p2_1.vworld,1481170,10998
efb9cabd59ec32a8,salt_waste_bossroom_c8r24.tgm,Tiny.VE,18542757,1495
7f5072329ae8c355,salt_waste_bossroom_c8r24.tgm.header,Tiny.V3,18471529,264
19e3fa017b5f3f5c,salt_waste_bossroom_c7r3.tgm,Tiny.V2,18733880,529
0514bcdab5a33a6d,salt_waste_bossroom_c7r3.tgm.header,Tiny.V5,18407808,264
58b573073e3278f9,salt_waste_bossroom_c7r4.tgm,Tiny.V5,18408072,547
a3628ba0bfab5a0f,salt_waste_bossroom_c7r4.tgm.header,Tiny.V1,18537732,264
067ee8eb2ebc5edc,salt_waste_bossroom_c7r5.tgm,Tiny.VC,29994606,57
f886056a6fbb72e9,salt_waste_bossroom_c7r5.tgm.header,Tiny.V8,29713816,264
cef5ab08d5128f99,salt_waste_bossroom_c7r6.tgm,Tiny.VC,29994606,57
d121c6734eb90152,salt_waste_bossroom_c7r6.tgm.header,Tiny.V8,29713816,264
e14e9385bbdaf2d7,salt_waste_bossroom_c7r7.tgm,Streaming/Content/data/worldareas/FD/p2_1.vworld,8550057,4699
f2d8c2c609215ae3,salt_waste_bossroom_c7r7.tgm.header,Tiny.V4,18982726,264
e677fa7e06953bdd,salt_waste_bossroom_c7r8.tgm,Streaming/Content/data/worldareas/60/mapswamptower.vworld,399898,5257
80823d7aa1ec2934,salt_waste_bossroom_c7r8.tgm.header,Tiny.V4,18982990,264
4b0fc5e604ff7de1,salt_waste_bossroom_c7r9.tgm,Streaming/Content/data/worldareas/00/p2_1.vworld,2845485,1273807
4a5c2379eb7b5d32,salt_waste_bossroom_c7r9.tgm.header,Tiny.V8,18724198,1406
b5d7661be29c2be5,salt_waste_bossroom_c7r1.tgm,Tiny.V5,18406350,907
9cde485197ee978d,salt_waste_bossroom_c7r1.tgm.header,Tiny.VB,18594647,264
c7a6c18ae80bf6ef,salt_waste_bossroom_c7r10.tgm,Tiny.VD,18312485,361
2e4a8677a1ac19bb,salt_waste_bossroom_c7r10.tgm.header,Tiny.VB,18564309,264
c5aec0448ae33d8f,salt_waste_bossroom_c7r11.tgm,Tiny.V7,18526303,505
00b537ef78e7ac7c,salt_waste_bossroom_c7r11.tgm.header,Tiny.V0,18856932,264
2b938054a8c0b473,salt_waste_bossroom_c7r12.tgm,Tiny.VF,18802080,445
6c74b5c0e5757de5,salt_waste_bossroom_c7r12.tgm.header,Tiny.VF,18779926,264
a00b01b49fe607c9,salt_waste_bossroom_c7r13.tgm,Tiny.V3,18470616,385
31b161af1795d136,salt_waste_bossroom_c7r13.tgm.header,Tiny.V9,18884774,264
88304048d8d38c7e,salt_waste_bossroom_c7r14.tgm,Tiny.VD,18312846,325
9e7e9b6021a6b533,salt_waste_bossroom_c7r14.tgm.header,Tiny.VB,18594911,264
a8d6985cca27108e,salt_waste_bossroom_c7r15.tgm,Tiny.V5,18407257,551
c356e19347d124dd,salt_waste_bossroom_c7r15.tgm.header,Tiny.V0,18857196,264
6c41c62b79a72c4f,salt_waste_bossroom_c7r16.tgm,Streaming/Content/data/worldareas/7D/p2_1.vworld,871967,5351
ff83cacf90406301,salt_waste_bossroom_c7r16.tgm.header,Tiny.V7,18526808,264
4c2f393801f4727a,salt_waste_bossroom_c7r17.tgm,Streaming/Content/data/balance/worldareas/9F/mapgrimhaven.vworld,482484,5779
f7e606b85ff7a596,salt_waste_bossroom_c7r17.tgm.header,Tiny.V7,18527072,264
0de83ba734f595ee,salt_waste_bossroom_c7r18.tgm,Tiny.VF,18802525,3787
04d3e0351a46c7cd,salt_waste_bossroom_c7r18.tgm.header,Tiny.V1,18536095,264
2512a0970cee8746,salt_waste_bossroom_c7r19.tgm,Tiny.V1,18536359,1109
e65d253ff6cc95ad,salt_waste_bossroom_c7r19.tgm.header,Tiny.V9,18885038,264
3c8a9433eb415baa,salt_waste_bossroom_c7r2.tgm,Tiny.VE,18541850,907
ba0092d3814b2942,salt_waste_bossroom_c7r2.tgm.header,Tiny.VF,18806312,264
2e46cbf6c28a8c3d,salt_waste_bossroom_c7r20.tgm,Tiny.V6,18528366,1279
e8c9b5cbfeb83749,salt_waste_bossroom_c7r20.tgm.header,Tiny.V1,18537468,264
894b5bde2b4421ba,salt_waste_bossroom_c7r21.tgm,Tiny.V8,18722991,1207
32712d13dc412120,salt_waste_bossroom_c7r21.tgm.header,Tiny.VF,18806576,264
90fcd751e4016a09,salt_waste_bossroom_c7r22.tgm,Tiny.VA,18678276,1393
36a6841b8e0b752b,salt_waste_bossroom_c7r22.tgm.header,Tiny.V9,18885302,264
92bb7ace711708de,salt_waste_bossroom_c7r23.tgm,Tiny.VF,18806840,1573
78d858dc4c7c4bf2,salt_waste_bossroom_c7r23.tgm.header,Tiny.V7,18527336,264
e5a22a6d1a482d9d,salt_waste_bossroom_c7r24.tgm,Tiny.VC,18546054,1471
0c44a216099c727d,salt_waste_bossroom_c7r24.tgm.header,Tiny.V0,18857460,264
6d19ce3b3748eadd,salt_waste_bossroom_c6r3.tgm,Tiny.V5,18405041,1045
7a9353c272126ce5,salt_waste_bossroom_c6r3.tgm.header,Tiny.V8,18721916,264
749ba63a17f61779,salt_waste_bossroom_c6r4.tgm,Tiny.V3,18470051,565
85958a9a2480d26d,salt_waste_bossroom_c6r4.tgm.header,Tiny.VA,18676907,264
8432e600e6f0d1ca,salt_waste_bossroom_c6r5.tgm,Tiny.V8,18722180,547
77f3b7bf8d1083ff,salt_waste_bossroom_c6r5.tgm.header,Tiny.VB,18594383,264
5fc99ab7580caab5,salt_waste_bossroom_c6r6.tgm,Tiny.VF,18801809,271
1aa68639bc9e0a32,salt_waste_bossroom_c6r6.tgm.header,Tiny.VF,18795498,264
f646d8bde38f3df3,salt_waste_bossroom_c6r7.tgm,Tiny.V0,18855929,739
f2f5b1e19c0ca562,salt_waste_bossroom_c6r7.tgm.header,Tiny.V0,18856668,264
195f3f4baa5c6df1,salt_waste_bossroom_c6r8.tgm,Tiny.VD,18311224,1261
300066423c0ef608,salt_waste_bossroom_c6r8.tgm.header,Tiny.V5,18406086,264
275149c096e8fcff,salt_waste_bossroom_c6r9.tgm,Tiny.VA,18677171,1105
7b2ee35fdfd9d96b,salt_waste_bossroom_c6r9.tgm.header,Tiny.V8,18722727,264
6201bd90c1b58730,salt_waste_bossroom_c6r1.tgm,Tiny.V5,18401240,1183
051724bb2caf17aa,salt_waste_bossroom_c6r1.tgm.header,Tiny.V8,18720883,264
3ba0c42dea78fa14,salt_waste_bossroom_c6r10.tgm,Tiny.VE,18538548,925
1e773793a9d00249,salt_waste_bossroom_c6r10.tgm.header,Tiny.V0,18852103,264
4c6c48863eafae5b,salt_waste_bossroom_c6r11.tgm,Tiny.V2,18732799,817
b7ee35a1446bfb52,salt_waste_bossroom_c6r11.tgm.header,Tiny.VF,18801052,264
7b01efb458643fe4,salt_waste_bossroom_c6r12.tgm,Tiny.VA,18675910,733
648d9426e51db3b2,salt_waste_bossroom_c6r12.tgm.header,Tiny.V8,18721147,264
9d907e91962b9ae7,salt_waste_bossroom_c6r13.tgm,Tiny.V0,18852367,673
d75222454ac08133,salt_waste_bossroom_c6r13.tgm.header,Tiny.V7,18525775,264
fce241cf4e07595e,salt_waste_bossroom_c6r14.tgm,Tiny.V3,18469234,553
32b403c33ccc725c,salt_waste_bossroom_c6r14.tgm.header,Tiny.V1,18535567,264
6e547114e4bb70f7,salt_waste_bossroom_c6r15.tgm,Tiny.VF,18801316,493
8bd8aa55c9c0e73d,salt_waste_bossroom_c6r15.tgm.header,Tiny.V8,18721411,264
ba0f8ff8216783da,salt_waste_bossroom_c6r16.tgm,Tiny.V0,18853040,433
3585dc76e8b9b006,salt_waste_bossroom_c6r16.tgm.header,Tiny.V2,18733616,264
56503d946139047d,salt_waste_bossroom_c6r17.tgm,Tiny.V6,18528017,349
5ededb68decf3bd5,salt_waste_bossroom_c6r17.tgm.header,Tiny.V0,18853473,264
e66012d744ebd38c,salt_waste_bossroom_c6r18.tgm,Tiny.V8,18721675,241
e12da12b5742dcc5,salt_waste_bossroom_c6r18.tgm.header,Tiny.VE,18539473,264
6664211a9e58bd24,salt_waste_bossroom_c6r19.tgm,Tiny.V0,18853737,787
cdb75b6ccde1ab6b,salt_waste_bossroom_c6r19.tgm.header,Tiny.VB,18594119,264
223b2e75787e2bf3,salt_waste_bossroom_c6r2.tgm,Tiny.V5,18402423,1291
663db8c50071bf9e,salt_waste_bossroom_c6r2.tgm.header,Tiny.V1,18535831,264
b295a320bf5e9aa4,salt_waste_bossroom_c6r20.tgm,Tiny.VC,18543580,1345
1c6a213238d44099,salt_waste_bossroom_c6r20.tgm.header,Tiny.V5,18403714,264
7b5ce60e42c358ec,salt_waste_bossroom_c6r21.tgm,Tiny.V5,18403978,1063
223f8eba842ebdaa,salt_waste_bossroom_c6r21.tgm.header,Tiny.VD,18310960,264
fcda47eea2dde638,salt_waste_bossroom_c6r22.tgm,Tiny.VC,18544925,1129
aa557e3e23e4b952,salt_waste_bossroom_c6r22.tgm.header,Tiny.VA,18676643,264
aa98481ecd0b0c6c,salt_waste_bossroom_c6r23.tgm,Tiny.VE,18539737,2113
1bdcc8b367baa60c,salt_waste_bossroom_c6r23.tgm.header,Tiny.V7,18526039,264
d9fa5eb43a7587ba,salt_waste_bossroom_c6r24.tgm,Tiny.V0,18854524,1405
5e795f27674680b9,salt_waste_bossroom_c6r24.tgm.header,Tiny.V3,18469787,264
52ee8eaf1d4d9e89,salt_waste_bossroom_c5r3.tgm,Tiny.V7,18523968,1807
e823946464492f47,salt_waste_bossroom_c5r3.tgm.header,Tiny.V9,18884510,264
182d53132c43b371,salt_waste_bossroom_c5r4.tgm,Tiny.V5,18400237,739
b02704585bc09bdb,salt_waste_bossroom_c5r4.tgm.header,Tiny.V1,18534054,264
e6a41fb32ab82f5e,salt_waste_bossroom_c5r5.tgm,Tiny.VD,18309584,601
15f9b9e3ce0983f7,salt_waste_bossroom_c5r5.tgm.header,Tiny.V5,18400976,264
e749136230c9d779,salt_waste_bossroom_c5r6.tgm,Tiny.V0,18851700,403
e63d3b7fd7aa2a6e,salt_waste_bossroom_c5r6.tgm.header,Tiny.VC,18543316,264
b12df81d97f080d7,salt_waste_bossroom_c5r7.tgm,Tiny.VD,18310185,775
2c65a61f89719e77,salt_waste_bossroom_c5r7.tgm.header,Tiny.VF,18800788,264
fbff36431f01baa1,salt_waste_bossroom_c5r8.tgm,Tiny.V3,18467901,1333
29b968aa869303e4,salt_waste_bossroom_c5r8.tgm.header,Tiny.VA,18675646,264
61a89d35853e5cf0,salt_waste_bossroom_c5r9.tgm,Tiny.V1,18534318,1249
b85f6fa661c8003e,salt_waste_bossroom_c5r9.tgm.header,Tiny.V2,18732535,264
bb2af280c345eab4,salt_waste_bossroom_c5r1.tgm,Tiny.V8,18719760,1123
a744f8924e615bb8,salt_waste_bossroom_c5r1.tgm.header,Tiny.V1,18533526,264
9ce7a0b96f96f752,salt_waste_bossroom_c5r10.tgm,Tiny.VD,18308371,1213
643187d23831e282,salt_waste_bossroom_c5r10.tgm.header,Tiny.VF,18799521,264
d185a2a42394b2d4,salt_waste_bossroom_c5r11.tgm,Tiny.VB,18589482,1249
e5723c02ed12e52c,salt_waste_bossroom_c5r11.tgm.header,Tiny.V6,18527134,264
5cfb2e62df7ad064,salt_waste_bossroom_c5r12.tgm,Tiny.V5,18395446,1195
1225f482126fed90,salt_waste_bossroom_c5r12.tgm.header,Tiny.V5,18396641,264
b8496a36c9492b85,salt_waste_bossroom_c5r13.tgm,Tiny.VB,18590731,1057
807e3f4350b73072,salt_waste_bossroom_c5r13.tgm.header,Tiny.V5,18396905,264
4518fcf96f3acb96,salt_waste_bossroom_c5r14.tgm,Tiny.V5,18397169,883
16e350c52e6be17a,salt_waste_bossroom_c5r14.tgm.header,Tiny.V5,18398052,264
6b1d90cf002bdee0,salt_waste_bossroom_c5r15.tgm,Tiny.VF,18799785,739
2ca7ca016a51d60b,salt_waste_bossroom_c5r15.tgm.header,Tiny.VC,18543052,264
8b3dadf97c3bdec6,salt_waste_bossroom_c5r16.tgm,Tiny.V6,18527398,619
39c23a0822bb7f8c,salt_waste_bossroom_c5r16.tgm.header,Tiny.V9,18882613,264
1a2ff0d834ab7cd7,salt_waste_bossroom_c5r17.tgm,Tiny.VB,18591788,475
5864422617c1a898,salt_waste_bossroom_c5r17.tgm.header,Tiny.V5,18398316,264
e974983fa979505f,salt_waste_bossroom_c5r18.tgm,Tiny.VB,18592263,331
c113699cd06a74e7,salt_waste_bossroom_c5r18.tgm.header,Tiny.VE,18536441,264
64eb90c84289fc28,salt_waste_bossroom_c5r19.tgm,Tiny.V4,18981321,1141
e222474c784f9283,salt_waste_bossroom_c5r19.tgm.header,Tiny.V3,18467637,264
b83f0a21fc3a3646,salt_waste_bossroom_c5r2.tgm,Tiny.VB,18592594,1525
b7c2281608ff5ae8,salt_waste_bossroom_c5r2.tgm.header,Tiny.VE,18536705,264
956ed5f638ccb05e,salt_waste_bossroom_c5r20.tgm,Tiny.VE,18536969,1579
cd095d482cfec187,salt_waste_bossroom_c5r20.tgm.header,Tiny.V1,18533790,264
7790edc9ea3ffcdb,salt_waste_bossroom_c5r21.tgm,Streaming/Content/data/worldareas/31/p2_1.vworld,6329451,1965905
2dea4c245a26cedb,salt_waste_bossroom_c5r21.tgm.header,Tiny.VA,18673536,1846
9582e184d6392232,salt_waste_bossroom_c5r22.tgm,Tiny.V5,18398580,1657
f1ebb3936375997d,salt_waste_bossroom_c5r22.tgm.header,Tiny.V4,18982462,264
775e42614f4eb9b5,salt_waste_bossroom_c5r23.tgm,Tiny.V7,18521687,2281
a397bac5c55ece72,salt_waste_bossroom_c5r23.tgm.header,Tiny.VA,18675382,264
6ba2d3f0b3cfb926,salt_waste_bossroom_c5r24.tgm,Tiny.V9,18882877,1633
429f7feef74def52,salt_waste_bossroom_c5r24.tgm.header,Tiny.VF,18800524,264
4cc2d78dfd4fcdfa,salt_waste_bossroom_c4r3.tgm,Tiny.V4,18979646,1411
58b32108d8d2af8f,salt_waste_bossroom_c4r3.tgm.header,Tiny.V6,18526870,264
01871f6142a4ea0c,salt_waste_bossroom_c4r4.tgm,Tiny.V7,18519561,1165
ff35374556eb461e,salt_waste_bossroom_c4r4.tgm.header,Tiny.V8,18718853,264
59ae00290d9a777d,salt_waste_bossroom_c4r5.tgm,Tiny.V7,18520726,961
e6a810a64646006c,salt_waste_bossroom_c4r5.tgm.header,Tiny.VD,18306936,264
0ff5125e2fbc60b2,salt_waste_bossroom_c4r6.tgm,Tiny.V8,18719117,643
574609a0370b177e,salt_waste_bossroom_c4r6.tgm.header,Tiny.V3,18467109,264
696d65678a50bf19,salt_waste_bossroom_c4r7.tgm,Tiny.VD,18307200,1171
ff3e4cbec30b7743,salt_waste_bossroom_c4r7.tgm.header,Tiny.V3,18467373,264
a1732bada2668b23,salt_waste_bossroom_c4r8.tgm,Tiny.VB,18587495,1987
8bbce5cf532671a6,salt_waste_bossroom_c4r8.tgm.header,Tiny.V4,18981057,264
7f8156778fdc6236,salt_waste_bossroom_c4r9.tgm,Tiny.V5,18393651,1795
a447de73a1a5672f,salt_waste_bossroom_c4r9.tgm.header,Tiny.V2,18732271,264
cda31514e4c99bdc,salt_waste_bossroom_c4r1.tgm,Tiny.V5,18392144,979
5ca807eb534c892e,salt_waste_bossroom_c4r1.tgm.header,Tiny.VA,18671645,264
2dbc3ad7cde691bb,salt_waste_bossroom_c4r10.tgm,Tiny.VA,18671909,1627
0efd08e12106118d,salt_waste_bossroom_c4r10.tgm.header,Tiny.VB,18586439,264
a2fd932b157465a6,salt_waste_bossroom_c4r11.tgm,Tiny.V1,18530289,1459
dc36a27200138660,salt_waste_bossroom_c4r11.tgm.header,Tiny.V3,18466118,264
0be8ca9a3c60f161,salt_waste_bossroom_c4r12.tgm,Tiny.V8,18714998,1315
a00f56b6df9a756b,salt_waste_bossroom_c4r12.tgm.header,Tiny.V5,18393123,264
378acdfcdaca936b,salt_waste_bossroom_c4r13.tgm,Tiny.V2,18730896,1111
e73a679a53431dee,salt_waste_bossroom_c4r13.tgm.header,Tiny.VF,18798626,264
a0c66b91cb554a62,salt_waste_bossroom_c4r14.tgm,Tiny.V8,18716313,967
1a39a63d2fa0f4a8,salt_waste_bossroom_c4r14.tgm.header,Tiny.VD,18306408,264
e17ecf353b7a8513,salt_waste_bossroom_c4r15.tgm,Tiny.V9,18880421,823
60009d8ad9bef5f1,salt_waste_bossroom_c4r15.tgm.header,Tiny.V5,18393387,264
1201613c04a8c917,salt_waste_bossroom_c4r16.tgm,Tiny.VF,18798890,631
353e2d5892aba604,salt_waste_bossroom_c4r16.tgm.header,Tiny.VB,18586703,264
2e3ff012dba9bd0c,salt_waste_bossroom_c4r17.tgm,Tiny.V3,18466382,463
155fade58e3896ca,salt_waste_bossroom_c4r17.tgm.header,Tiny.V6,18526606,264
b15251c0f41886a2,salt_waste_bossroom_c4r18.tgm,Tiny.V1,18531748,295
3c40d3ec262ea3ea,salt_waste_bossroom_c4r18.tgm.header,Tiny.V2,18732007,264
94e9bd58790ad499,salt_waste_bossroom_c4r19.tgm,Tiny.VC,18540278,1075
78888fa8e4aa654a,salt_waste_bossroom_c4r19.tgm.header,Tiny.VD,18306672,264
ba6f0b916374623b,salt_waste_bossroom_c4r2.tgm,Tiny.V1,18532043,1219
bf9013953d919e32,salt_waste_bossroom_c4r2.tgm.header,Tiny.V3,18466845,264
8b3051cf815b2b97,salt_waste_bossroom_c4r20.tgm,Tiny.V7,18517153,1471
cfe6f802b41f1f1b,salt_waste_bossroom_c4r20.tgm.header,Tiny.VB,18586967,264
3514004509949ee6,salt_waste_bossroom_c4r21.tgm,Tiny.V9,18881244,1369
006f740d1f15e9bd,salt_waste_bossroom_c4r21.tgm.header,Tiny.VC,18541353,264
477a4b573fc8cf9d,salt_waste_bossroom_c4r22.tgm,Tiny.VC,18541617,1435
0de2baa25d18beb6,salt_waste_bossroom_c4r22.tgm.header,Tiny.V1,18533262,264
d115ec593ffc70ca,salt_waste_bossroom_c4r23.tgm,Tiny.V8,18717280,1573
263701b42ed3a4e2,salt_waste_bossroom_c4r23.tgm.header,Tiny.VE,18536177,264
96931f8bf16a064f,salt_waste_bossroom_c4r24.tgm,Tiny.V7,18518624,937
85aa83975a963716,salt_waste_bossroom_c4r24.tgm.header,Tiny.VB,18587231,264
0fc607a97a4b6689,salt_waste_bossroom_c3r3.tgm,Tiny.V2,18729550,1027
966e67f5cf88842a,salt_waste_bossroom_c3r3.tgm.header,Tiny.VB,18586175,264
126305e5126b17c6,salt_waste_bossroom_c3r4.tgm,Tiny.VA,18670180,1465
9ab24dce46dd4844,salt_waste_bossroom_c3r4.tgm.header,Tiny.VF,18797924,264
555a96411dc3fece,salt_waste_bossroom_c3r5.tgm,Streaming/Content/data/balance/worldareas/p2_1.vworld,808129,54847
9a9e4cd25f75e7f2,salt_waste_bossroom_c3r5.tgm.header,Tiny.VF,18798188,438
51073c95d48ad420,salt_waste_bossroom_c3r6.tgm,Tiny.V0,18850829,871
b0b393b650ffb483,salt_waste_bossroom_c3r6.tgm.header,Tiny.V5,18391880,264
c163020f82e7ae47,salt_waste_bossroom_c3r7.tgm,Tiny.V1,18529970,319
fab6ad030b7e1c70,salt_waste_bossroom_c3r7.tgm.header,Tiny.V4,18979382,264
119e43b45f920365,salt_waste_bossroom_c3r8.tgm,Tiny.VE,18535738,439
e9d79344a9da1e8d,salt_waste_bossroom_c3r8.tgm.header,Tiny.V9,18880157,264
f74fe4e2e21c6541,salt_waste_bossroom_c3r9.tgm,Tiny.V2,18730577,319
9eff921d5f624006,salt_waste_bossroom_c3r9.tgm.header,Tiny.VC,18540014,264
ab4deb9770b2a33f,salt_waste_bossroom_c3r1.tgm,Tiny.V8,18714156,571
b5884c13b71bb080,salt_waste_bossroom_c3r1.tgm.header,Tiny.V1,18529706,264
14a66d38a8f51c62,salt_waste_bossroom_c3r10.tgm,Tiny.V8,18714727,271
043db984f2b834b4,salt_waste_bossroom_c3r10.tgm.header,Tiny.VF,18795498,264
dee89067848ccce8,salt_waste_bossroom_c3r11.tgm,Tiny.V3,18465439,415
192ee7ce73bdcb3b,salt_waste_bossroom_c3r11.tgm.header,Tiny.V2,18728289,264
f564e4b41bb58f44,salt_waste_bossroom_c3r12.tgm,Tiny.VE,18535443,295
1734bbe74bfc04c9,salt_waste_bossroom_c3r12.tgm.header,Tiny.V5,18391111,264
009dd2d92bcfe7e4,salt_waste_bossroom_c3r13.tgm,Tiny.V6,18526077,265
7b9cfd32ed6aa366,salt_waste_bossroom_c3r13.tgm.header,Tiny.VD,18293240,264
a64f5dfc756f0db5,salt_waste_bossroom_c3r14.tgm,Tiny.V4,18978949,433
4eaae15d33913d8c,salt_waste_bossroom_c3r14.tgm.header,Tiny.V5,18388036,264
a626e37369a9b090,salt_waste_bossroom_c3r15.tgm,Tiny.VF,18797521,403
a919e64b04f39e27,salt_waste_bossroom_c3r15.tgm.header,Tiny.V6,18526342,264
f34aabfb180d051b,salt_waste_bossroom_c3r16.tgm,Tiny.VC,18539269,481
a853634c1c8543c1,salt_waste_bossroom_c3r16.tgm.header,Tiny.V3,18465854,264
4bc5791f7d2f334c,salt_waste_bossroom_c3r17.tgm,Tiny.V9,18879088,541
111c7f6f5ecab3a1,salt_waste_bossroom_c3r17.tgm.header,Tiny.V2,18728553,264
5794b079b8d85dea,salt_waste_bossroom_c3r18.tgm,Tiny.V0,18850276,289
227fb55eb322b394,salt_waste_bossroom_c3r18.tgm.header,Tiny.V0,18850565,264
c78c116b1cdb391f,salt_waste_bossroom_c3r19.tgm,Tiny.VD,18304589,791
680a497c221455a4,salt_waste_bossroom_c3r19.tgm.header,Tiny.V9,18879629,264
ef08a60ae6fd2e04,salt_waste_bossroom_c3r2.tgm,Tiny.VD,18305380,757
a4b312862b5a913a,salt_waste_bossroom_c3r2.tgm.header,Tiny.VC,18539750,264
b2d92434c339f260,salt_waste_bossroom_c3r20.tgm,Tiny.V2,18728817,733
7d8c717c2e0f3e08,salt_waste_bossroom_c3r20.tgm.header,Tiny.V5,18391375,264
1ac28bf73614f193,salt_waste_bossroom_c3r21.tgm,Tiny.VA,18669723,457
912954e87700446b,salt_waste_bossroom_c3r21.tgm.header,Tiny.V9,18879893,264
7cf78da93a8ba9d4,salt_waste_bossroom_c3r22.tgm,Tiny.V5,18391639,241
fd03e9ec9f183e3b,salt_waste_bossroom_c3r22.tgm.header,Tiny.V2,24136506,264
dc48844ba9c5787f,salt_waste_bossroom_c3r23.tgm,Streaming/Content/data/worldareas/30/p2_1.vworld,3108792,4365203
8b4cc2e6e3e73436,salt_waste_bossroom_c3r23.tgm.header,Tiny.VB,18582217,3958
89c70932f056be9f,salt_waste_bossroom_c3r24.tgm,Tiny.VD,18306137,271
d1a03df4045bf46c,salt_waste_bossroom_c3r24.tgm.header,Tiny.VE,25187972,264
525157f8201cdffd,salt_waste_bossroom_c27r3.tgm,Tiny.V9,18875177,295
525ca4ebd2292d59,salt_waste_bossroom_c27r3.tgm.header,Tiny.V2,18723316,264
0c915cc2759369fd,salt_waste_bossroom_c27r4.tgm,Tiny.V6,18523746,373
d31377dcd580901a,salt_waste_bossroom_c27r4.tgm.header,Tiny.VF,18796729,264
b4f87dd57caab24e,salt_waste_bossroom_c27r5.tgm,Tiny.V2,18723580,379
4763f513067271a1,salt_waste_bossroom_c27r5.tgm.header,Tiny.V0,18850012,264
6c7d18f3b265bd00,salt_waste_bossroom_c27r6.tgm,Tiny.V9,18875472,295
8e283a6e6088cbb8,salt_waste_bossroom_c27r6.tgm.header,Tiny.VF,18796993,264
297e58c743372772,salt_waste_bossroom_c27r7.tgm,Tiny.V7,18515284,397
03ab5aff96b0f853,salt_waste_bossroom_c27r7.tgm.header,Tiny.V8,18710911,264
dd6ad30fe5f1a2c4,salt_waste_bossroom_c27r8.tgm,Tiny.V8,18711175,799
66a3516b69f0af40,salt_waste_bossroom_c27r8.tgm.header,Tiny.V1,18528349,264
77436ae6e48896c6,salt_waste_bossroom_c27r9.tgm,Tiny.VC,18538284,457
93ee964c65197e5d,salt_waste_bossroom_c27r9.tgm.header,Tiny.V6,18523103,264
5a47f9e402931921,salt_waste_bossroom_c27r1.tgm,Tiny.V3,18463312,271
41113eb2d1e4ef2b,salt_waste_bossroom_c27r1.tgm.header,Tiny.VF,18795234,264
3b0188c96ad41e6c,salt_waste_bossroom_c27r10.tgm,Tiny.VC,18536715,355
6c8484fbf432e026,salt_waste_bossroom_c27r10.tgm.header,Tiny.VD,18300571,264
ae69fe59f67796e4,salt_waste_bossroom_c27r11.tgm,Tiny.VA,18664954,631
2dadee11c0d7af86,salt_waste_bossroom_c27r11.tgm.header,Tiny.V5,18390012,264
7919c0a37071173d,salt_waste_bossroom_c27r12.tgm,Tiny.VA,18665585,361
825f7629b360ec93,salt_waste_bossroom_c27r12.tgm.header,Tiny.VC,18537070,264
8d3989156f5cd50a,salt_waste_bossroom_c27r13.tgm,Tiny.V8,18710052,331
b6b29891e621a550,salt_waste_bossroom_c27r13.tgm.header,Tiny.VE,18536441,264
c1ffdf668abe8de9,salt_waste_bossroom_c27r14.tgm,Tiny.VA,18665946,655
7a2ee2dbf541c800,salt_waste_bossroom_c27r14.tgm.header,Tiny.V0,18849748,264
39f85874482d7864,salt_waste_bossroom_c27r15.tgm,Tiny.VD,18302830,271
c757060b0b5c13f4,salt_waste_bossroom_c27r15.tgm.header,Tiny.VF,18795498,264
1afd38c8025acdb0,salt_waste_bossroom_c27r16.tgm,Tiny.V1,18527922,427
71c3ec47449149b9,salt_waste_bossroom_c27r16.tgm.header,Tiny.VF,18795762,264
6aa5996a684c9823,salt_waste_bossroom_c27r17.tgm,Tiny.V9,18874588,589
c2c101f3ec815e74,salt_waste_bossroom_c27r17.tgm.header,Tiny.VD,18303101,264
7b926c27bae4baf0,salt_waste_bossroom_c27r18.tgm,Tiny.VD,18303365,539
4254131a1e1e4062,salt_waste_bossroom_c27r18.tgm.header,Tiny.VE,18533636,264
22a89d930c65604d,salt_waste_bossroom_c27r19.tgm,Tiny.VC,18537334,403
3654bdbe89c13909,salt_waste_bossroom_c27r19.tgm.header,Tiny.V8,18710383,264
aa76a34b3215c338,salt_waste_bossroom_c27r2.tgm,Tiny.V6,18523367,379
bcc02da4bb4016bc,salt_waste_bossroom_c27r2.tgm.header,Tiny.VE,18533900,264
1c54156331ae9ecc,salt_waste_bossroom_c27r20.tgm,Tiny.VC,18537737,547
d55d88bb33653469,salt_waste_bossroom_c27r20.tgm.header,Tiny.VB,18581472,264
57606e5017729710,salt_waste_bossroom_c27r21.tgm,Tiny.V5,18390276,571
4cc093e35197000d,salt_waste_bossroom_c27r21.tgm.header,Tiny.V4,18977500,264
75e0d6ad50f767b8,salt_waste_bossroom_c27r22.tgm,Tiny.VF,18796026,703
7fbc5adddb0c60d9,salt_waste_bossroom_c27r22.tgm.header,Tiny.V8,18710647,264
b9381c9553b9c3d3,salt_waste_bossroom_c27r23.tgm,Tiny.VD,18303904,685
dc0f9a465391a74d,salt_waste_bossroom_c27r23.tgm.header,Tiny.V5,18390847,264
acb7568b47ada925,salt_waste_bossroom_c27r24.tgm,Streaming/Content/data/worldareas/A0/p2_1.vworld,39133,1469565
21137979a736f3d2,salt_waste_bossroom_c27r24.tgm.header,Tiny.VA,18666601,1538
d4adc36a8cb9b285,salt_waste_bossroom_c26r3.tgm,Tiny.VF,18794261,709
79421c875cb657c8,salt_waste_bossroom_c26r3.tgm.header,Tiny.V8,18708995,264
5e64fac3583cd8a5,salt_waste_bossroom_c26r4.tgm,Tiny.VB,18580367,841
8586685e810ce323,salt_waste_bossroom_c26r4.tgm.header,Tiny.VF,18794970,264
f425f1c47e013c6c,salt_waste_bossroom_c26r5.tgm,Tiny.V7,18513212,943
6bc10bed3e3c7e19,salt_waste_bossroom_c26r5.tgm.header,Tiny.VB,18581208,264
e229372a2c6e68e6,salt_waste_bossroom_c26r6.tgm,Streaming/Content/data/worldareas/1A/p2_1.vworld,0,1371421
dcebd79bc681160d,salt_waste_bossroom_c26r6.tgm.header,Content/data/balance/worldareas/p2_1.vworld,1460186,4970
6cc1bde8e06eea20,salt_waste_bossroom_c26r7.tgm,Tiny.V7,18514155,865
f5220e3829e88a7d,salt_waste_bossroom_c26r7.tgm.header,Tiny.VA,18664690,264
94d2176b0c3eeeee,salt_waste_bossroom_c26r8.tgm,Tiny.V8,18709259,793
907a6ab48b156ce3,salt_waste_bossroom_c26r8.tgm.header,Tiny.V7,18515020,264
b01333842b4e5cef,salt_waste_bossroom_c26r9.tgm,Tiny.VE,18533287,349
a392309f0d855c00,salt_waste_bossroom_c26r9.tgm.header,Tiny.V2,18717479,264
3cd1c7d8fc2f8082,salt_waste_bossroom_c26r1.tgm,Tiny.V1,18526498,625
60213c1077f7ea38,salt_waste_bossroom_c26r1.tgm.header,Tiny.VC,18536451,264
305bc45034c1cb12,salt_waste_bossroom_c26r10.tgm,Tiny.VE,18532956,331
da3d8c735f50baa8,salt_waste_bossroom_c26r10.tgm.header,Tiny.VE,18536441,264
44a5ada0053f130d,salt_waste_bossroom_c26r11.tgm,Tiny.V4,18976407,565
f065795b1670c0f9,salt_waste_bossroom_c26r11.tgm.header,Tiny.V6,18522839,264
9d4ae245e6c95f0d,salt_waste_bossroom_c26r12.tgm,Tiny.VD,18300835,301
8dc3a06a053ad0f6,salt_waste_bossroom_c26r12.tgm.header,Tiny.V1,18528914,264
4782f382cb2905b4,salt_waste_bossroom_c26r13.tgm,Tiny.V9,18873025,403
d75e3a4965b51bd6,salt_waste_bossroom_c26r13.tgm.header,Tiny.V6,18526342,264
49adc4feb470e64e,salt_waste_bossroom_c26r14.tgm,Tiny.V9,18873428,775
8347605dfdee8170,salt_waste_bossroom_c26r14.tgm.header,Tiny.VA,18664162,264
ee511b962fa2997a,salt_waste_bossroom_c26r15.tgm,Tiny.V9,18874203,385
60272a28e1b39861,salt_waste_bossroom_c26r15.tgm.header,Tiny.V0,18848079,264
fc6f41e2cf68a9f5,salt_waste_bossroom_c26r16.tgm,Tiny.V7,18511932,457
9559b188a58cdb54,salt_waste_bossroom_c26r16.tgm.header,Tiny.V6,18523103,264
b499886221b80a2e,salt_waste_bossroom_c26r17.tgm,Tiny.VD,18301136,811
a82dce63c128e440,salt_waste_bossroom_c26r17.tgm.header,Tiny.V3,18461981,264
e804a5070fb6e5ee,salt_waste_bossroom_c26r18.tgm,Tiny.V3,18462245,803
7d026764e2d337a7,salt_waste_bossroom_c26r18.tgm.header,Tiny.V0,18848343,264
c393ac3df5db15ea,salt_waste_bossroom_c26r19.tgm,Tiny.V1,18527123,799
223e213f7342f4a5,salt_waste_bossroom_c26r19.tgm.header,Tiny.V4,18976972,264
2450f2e6b9fed2e1,salt_waste_bossroom_c26r2.tgm,Streaming/Content/data/worldareas/14/p2_1.vworld,840145,69891
d509ffd32819459d,salt_waste_bossroom_c26r2.tgm.header,Tiny.V8,18708557,438
1265a2b40f5a48d9,salt_waste_bossroom_c26r20.tgm,Tiny.VF,18793084,913
a840490087552763,salt_waste_bossroom_c26r20.tgm.header,Tiny.V4,18977236,264
fd805d5310b60a0f,salt_waste_bossroom_c26r21.tgm,Tiny.VD,18301947,883
8fa4f906a61c0cf4,salt_waste_bossroom_c26r21.tgm.header,Tiny.VF,18793997,264
c311cac78fba7789,salt_waste_bossroom_c26r22.tgm,Tiny.V5,18389021,991
095ec51e5bd24828,salt_waste_bossroom_c26r22.tgm.header,Tiny.V3,18463048,264
5651e6d27cbe211c,salt_waste_bossroom_c26r23.tgm,Tiny.V0,18848607,1141
4cbeaf3f5a0d327a,salt_waste_bossroom_c26r23.tgm.header,Tiny.VA,18664426,264
d6c784e404df692a,salt_waste_bossroom_c26r24.tgm,Tiny.V7,18512389,823
b7d0a58e78a250ef,salt_waste_bossroom_c26r24.tgm.header,Tiny.VB,18580103,264
5eab449e173eb53c,salt_waste_bossroom_c25r3.tgm,Tiny.V7,18511613,319
77bb6e10d9ab56af,salt_waste_bossroom_c25r3.tgm.header,Tiny.VA,18663898,264
4af94f5274614532,salt_waste_bossroom_c25r4.tgm,Tiny.V0,18847712,367
2786bbdc99b0c370,salt_waste_bossroom_c25r4.tgm.header,Tiny.V9,18872497,264
be70858e2077d650,salt_waste_bossroom_c25r5.tgm,Tiny.V5,18388300,457
3290d81775634f3d,salt_waste_bossroom_c25r5.tgm.header,Tiny.V9,18872761,264
b066f7b721f0706d,salt_waste_bossroom_c25r6.tgm,Tiny.VF,18792765,319
701c4a11914209f9,salt_waste_bossroom_c25r6.tgm.header,Tiny.V5,18388757,264
c1a39a5ac27326f8,salt_waste_bossroom_c25r7.tgm,Tiny.V1,18526101,397
79091c5fd54ba3f7,salt_waste_bossroom_c25r7.tgm.header,Tiny.V6,18522575,264
98c1699fb55e03f0,salt_waste_bossroom_c25r8.tgm,Tiny.VC,18536012,439
5dc57056d342bb27,salt_waste_bossroom_c25r8.tgm.header,Tiny.VA,18661946,264
05dafb21a1a864d1,salt_waste_bossroom_c25r9.tgm,Tiny.V2,18722937,379
0b1ab4c267c6d14e,salt_waste_bossroom_c25r9.tgm.header,Tiny.VB,18576902,264
c219660361271beb,salt_waste_bossroom_c25r1.tgm,Tiny.V8,18707860,433
a0a5a8eababc6a19,salt_waste_bossroom_c25r1.tgm.header,Tiny.V1,18525452,264
8c9d427b305d856e,salt_waste_bossroom_c25r10.tgm,Tiny.V4,18975872,271
95b10ea3244857c5,salt_waste_bossroom_c25r10.tgm.header,Tiny.VF,18795498,264
f88f87bc05298435,salt_waste_bossroom_c25r11.tgm,Tiny.VC,18534594,439
9cc9a1136ec541ad,salt_waste_bossroom_c25r11.tgm.header,Tiny.VA,18661946,264
5f949e9cef204a80,salt_waste_bossroom_c25r12.tgm,Streaming/Content/data/worldareas/CC/p2_1.vworld,1008507,8044097
dbe4ee1793bdbeea,salt_waste_bossroom_c25r12.tgm.header,Content/data/balance/worldareas/p2_1.vworld,1452400,7786
f4ea3bf776985009,salt_waste_bossroom_c25r13.tgm,Tiny.V3,18460448,319
469702f57dca8eea,salt_waste_bossroom_c25r13.tgm.header,Tiny.VA,18662210,264
c5e73d34c4108078,salt_waste_bossroom_c25r14.tgm,Tiny.V7,18511150,463
4f7b8a3bc3d5855a,salt_waste_bossroom_c25r14.tgm.header,Tiny.V1,18521001,264
4c29eaa8ada924e7,salt_waste_bossroom_c25r15.tgm,Tiny.VE,18532337,355
0bb05f8aa6b4b805,salt_waste_bossroom_c25r15.tgm.header,Tiny.VD,18300571,264
88f3a3ca8b34a6cd,salt_waste_bossroom_c25r16.tgm,Tiny.VA,18662474,349
08680f021343c645,salt_waste_bossroom_c25r16.tgm.header,Tiny.V2,18717479,264
9fbba7290b5cc697,salt_waste_bossroom_c25r17.tgm,Tiny.V6,18521709,433
6ac3c01d0c91aba9,salt_waste_bossroom_c25r17.tgm.header,Tiny.V5,18388036,264
7e9150aac00f6506,salt_waste_bossroom_c25r18.tgm,Tiny.V2,18721749,461
c8638dc344ac6c9a,salt_waste_bossroom_c25r18.tgm.header,Tiny.V4,18976143,264
ad83c97923760f51,salt_waste_bossroom_c25r19.tgm,Tiny.VC,18535033,715
667dc35987e31d5a,salt_waste_bossroom_c25r19.tgm.header,Tiny.V8,18708293,264
9fc2a339cc6be854,salt_waste_bossroom_c25r2.tgm,Tiny.V1,18525716,385
bd7757571b61e4e5,salt_waste_bossroom_c25r2.tgm.header,Tiny.VA,18662823,264
c288cdf7576bcca0,salt_waste_bossroom_c25r20.tgm,Tiny.V2,18722210,727
d85b784a2d9cd32c,salt_waste_bossroom_c25r20.tgm.header,Tiny.V0,18847448,264
d90e109cafcc0cae,salt_waste_bossroom_c25r21.tgm,Tiny.V3,18460767,637
991da1cb61dba92e,salt_waste_bossroom_c25r21.tgm.header,Tiny.VE,18532692,264
49d0bdbf3c8a5328,salt_waste_bossroom_c25r22.tgm,Tiny.V3,18461404,577
1349d30389a8356d,salt_waste_bossroom_c25r22.tgm.header,Tiny.VC,18535748,264
9bb82e4e86c95d68,salt_waste_bossroom_c25r23.tgm,Tiny.VA,18663087,547
9b2e2e251c73f42a,salt_waste_bossroom_c25r23.tgm.header,Tiny.VF,18792501,264
05fef8b52161f154,salt_waste_bossroom_c25r24.tgm,Tiny.V6,18522142,433
07323f149c2c0d21,salt_waste_bossroom_c25r24.tgm.header,Tiny.VA,18663634,264
115d7f069d6fa561,salt_waste_bossroom_c24r3.tgm,Tiny.V3,18458208,421
64bd5e0409111128,salt_waste_bossroom_c24r3.tgm.header,Tiny.V8,18707596,264
00eb23a6c3a190f5,salt_waste_bossroom_c24r4.tgm,Tiny.VF,18791900,601
e93e2ae8ce45a62b,salt_waste_bossroom_c24r4.tgm.header,Tiny.V2,18720356,264
885a12ccdf0e4d80,salt_waste_bossroom_c24r5.tgm,Tiny.V1,18524881,571
a4fc28cb655a4b25,salt_waste_bossroom_c24r5.tgm.header,Tiny.V4,18975608,264
921dc68828759aa7,salt_waste_bossroom_c24r6.tgm,Tiny.VB,18577965,535
c1d3b6a0f520aedc,salt_waste_bossroom_c24r6.tgm.header,Tiny.V9,18872233,264
38962f853952c698,salt_waste_bossroom_c24r7.tgm,Tiny.V2,18720620,1129
93a9e923a772f115,salt_waste_bossroom_c24r7.tgm.header,Tiny.VD,18300307,264
cc8a8d7fd284dae6,salt_waste_bossroom_c24r8.tgm,Tiny.V3,18458629,1819
0885b54cba14148f,salt_waste_bossroom_c24r8.tgm.header,Tiny.V5,18387772,264
1c90e131732dde82,salt_waste_bossroom_c24r9.tgm,Tiny.VB,18578500,1603
f9927ab99fdf540d,salt_waste_bossroom_c24r9.tgm.header,Tiny.VA,18661682,264
fef299c8ec124686,salt_waste_bossroom_c24r1.tgm,Tiny.V5,18387062,301
e2703f34bea6301a,salt_waste_bossroom_c24r1.tgm.header,Tiny.V1,18521529,264
3b0ac96bb10517fd,salt_waste_bossroom_c24r10.tgm,Tiny.V1,18521793,1411
fd5baa0f239f48c7,salt_waste_bossroom_c24r10.tgm.header,Tiny.V3,18457680,264
0c817adfe77fffad,salt_waste_bossroom_c24r11.tgm,Tiny.VC,18532967,1363
b1410f0d0fb233d1,salt_waste_bossroom_c24r11.tgm.header,Tiny.V7,18509553,264
9c90705958ecaac2,salt_waste_bossroom_c24r12.tgm,Tiny.V6,18520370,1339
ef9f7c414f645f4c,salt_waste_bossroom_c24r12.tgm.header,Tiny.V2,18719425,264
1a847d8ceee03082,salt_waste_bossroom_c24r13.tgm,Tiny.VE,18531118,1219
b5c8af8571a9cb1c,salt_waste_bossroom_c24r13.tgm.header,Tiny.VD,18297093,264
4291d75d8ea87689,salt_waste_bossroom_c24r14.tgm,Tiny.V8,18706017,1051
589734c94c952fea,salt_waste_bossroom_c24r14.tgm.header,Tiny.VC,18534330,264
0215bd866b7d38c3,salt_waste_bossroom_c24r15.tgm,Tiny.VD,18297357,859
dd47763565cf3f52,salt_waste_bossroom_c24r15.tgm.header,Tiny.VF,18791636,264
d92fae151f195dd8,salt_waste_bossroom_c24r16.tgm,Tiny.V2,18719689,667
bc1309e983775f75,salt_waste_bossroom_c24r16.tgm.header,Tiny.V8,18707068,264
b103c14e1ddc3a6d,salt_waste_bossroom_c24r17.tgm,Tiny.V1,18523204,523
8b88b42f7024aad0,salt_waste_bossroom_c24r17.tgm.header,Tiny.VD,18298216,264
ac1f9273266f2acb,salt_waste_bossroom_c24r18.tgm,Tiny.V5,18387363,409
7bf0d255469183d0,salt_waste_bossroom_c24r18.tgm.header,Tiny.V0,18846920,264
94d1d0041984a98d,salt_waste_bossroom_c24r19.tgm,Tiny.VA,18661243,439
25582a5099c57097,salt_waste_bossroom_c24r19.tgm.header,Tiny.V7,18509817,264
2b3b3f60b030919f,salt_waste_bossroom_c24r2.tgm,Tiny.VD,18298480,415
08919022062af4fe,salt_waste_bossroom_c24r2.tgm.header,Tiny.VD,18298895,264
8af81f217303220e,salt_waste_bossroom_c24r20.tgm,Tiny.V1,18523727,643
eb99f1c46632c3c2,salt_waste_bossroom_c24r20.tgm.header,Tiny.V3,18457944,264
5371d5c0541f76b6,salt_waste_bossroom_c24r21.tgm,Tiny.V7,18510081,541
bd95922d9b9f54cf,salt_waste_bossroom_c24r21.tgm.header,Tiny.V8,18707332,264
4db1e6b32768b2c0,salt_waste_bossroom_c24r22.tgm,Tiny.VD,18299159,577
1fb77bca0c5529e6,salt_waste_bossroom_c24r22.tgm.header,Tiny.V7,18510622,264
1a7c32f8249bcd68,salt_waste_bossroom_c24r23.tgm,Tiny.VD,18299736,571
918a3de03400ece6,salt_waste_bossroom_c24r23.tgm.header,Tiny.V7,18510886,264
de64f21ceb9b2162,salt_waste_bossroom_c24r24.tgm,Tiny.V1,18524370,511
697f5ec7b2a04473,salt_waste_bossroom_c24r24.tgm.header,Tiny.V0,18847184,264
e37410e18d237c70,salt_waste_bossroom_c23r3.tgm,Tiny.V8,18705698,319
abaafd4b3d9027ea,salt_waste_bossroom_c23r3.tgm.header,Tiny.VA,18660498,264
844cf5fd00c201b7,salt_waste_bossroom_c23r4.tgm,Tiny.VF,18790392,601
ad1cbeca60c00392,salt_waste_bossroom_c23r4.tgm.header,Tiny.VB,18577701,264
9ba89f6587ee64ac,salt_waste_bossroom_c23r5.tgm,Tiny.VE,18530523,595
4b4b129b6679d4cd,salt_waste_bossroom_c23r5.tgm.header,Tiny.V7,18509289,264
62cfff91521baae6,salt_waste_bossroom_c23r6.tgm,Tiny.VA,18660762,481
2e1c70335b0f7839,salt_waste_bossroom_c23r6.tgm.header,Tiny.V2,18719161,264
37a4487ae0605ef8,salt_waste_bossroom_c23r7.tgm,Tiny.VF,18790993,643
dfbb3c511d405b1d,salt_waste_bossroom_c23r7.tgm.header,Tiny.V3,18457416,264
e37aebe0552aa63c,salt_waste_bossroom_c23r8.tgm,Tiny.V0,18845935,985
2b1eb28a7f4bc8a1,salt_waste_bossroom_c23r8.tgm.header,Tiny.V5,18386798,264
9abab9bb2985f058,salt_waste_bossroom_c23r9.tgm,Tiny.V4,18974635,973
b50703946dbfe761,salt_waste_bossroom_c23r9.tgm.header,Tiny.V6,18520106,264
30a0ae6a93213653,salt_waste_bossroom_c23r1.tgm,Tiny.VB,18577166,271
96bd4088bca4a693,salt_waste_bossroom_c23r1.tgm.header,Tiny.V2,18718008,264
7c7908614b29c4da,salt_waste_bossroom_c23r10.tgm,Tiny.V1,18520064,937
f686c5faa048bf64,salt_waste_bossroom_c23r10.tgm.header,Tiny.VB,18577437,264
4b4c41411c4b3c68,salt_waste_bossroom_c23r11.tgm,Tiny.V4,18973241,853
9398040239710dfa,salt_waste_bossroom_c23r11.tgm.header,Tiny.V9,18869717,264
b46b1cfa7e725962,salt_waste_bossroom_c23r12.tgm,Tiny.VE,18528162,829
e835ded5b5a450cb,salt_waste_bossroom_c23r12.tgm.header,Tiny.V9,18869981,264
dbf110e3bd60695b,salt_waste_bossroom_c23r13.tgm,Tiny.V5,18385572,769
875f51aecf88bd8f,salt_waste_bossroom_c23r13.tgm.header,Tiny.V7,18509025,264
5816c3f7aee08c4e,salt_waste_bossroom_c23r14.tgm,Tiny.V9,18870245,733
74f4c7b4383bc812,salt_waste_bossroom_c23r14.tgm.header,Tiny.V8,18704713,264
0836e436e467135c,salt_waste_bossroom_c23r15.tgm,Tiny.V2,18718272,625
3fa07f2535c507b3,salt_waste_bossroom_c23r15.tgm.header,Tiny.V9,18870978,264
b5d460f6dfebe454,salt_waste_bossroom_c23r16.tgm,Tiny.V4,18974094,541
7e59d0bdeacfbe97,salt_waste_bossroom_c23r16.tgm.header,Tiny.V2,18718897,264
462c35fe4aae989c,salt_waste_bossroom_c23r17.tgm,Tiny.V5,18386341,457
803ba7beeb5d29bc,salt_waste_bossroom_c23r17.tgm.header,Tiny.V9,18871242,264
c11a4b7a72cab7d2,salt_waste_bossroom_c23r18.tgm,Streaming/Content/data/worldareas/37/p2_1.vworld,4875,2916599
31bbc08d9e2778d6,salt_waste_bossroom_c23r18.tgm.header,Tiny.VD,18294411,2682
a8bfd34209443edd,salt_waste_bossroom_c23r19.tgm,Tiny.VA,18660119,379
77a6e244021385f1,salt_waste_bossroom_c23r19.tgm.header,Tiny.V3,18456239,264
4275a520fa285bdd,salt_waste_bossroom_c23r2.tgm,Tiny.V8,18704977,457
3a2a834845e13829,salt_waste_bossroom_c23r2.tgm.header,Tiny.V8,18705434,264
3aba1dc2975dfa25,salt_waste_bossroom_c23r20.tgm,Tiny.VE,18528991,523
5f6c07bc88cbb80d,salt_waste_bossroom_c23r20.tgm.header,Tiny.V9,18871506,264
06a62b4b93ef48fd,salt_waste_bossroom_c23r21.tgm,Tiny.V9,18871770,463
a04d47ffcdfdab65,salt_waste_bossroom_c23r21.tgm.header,Tiny.V1,18521001,264
ef216e921fc6d1e7,salt_waste_bossroom_c23r22.tgm,Tiny.V0,18844914,1021
3b902f303431d898,salt_waste_bossroom_c23r22.tgm.header,Tiny.VE,18529514,264
ebefb4d05528d49f,salt_waste_bossroom_c23r23.tgm,Tiny.V3,18456503,913
10854ba29ac402ae,salt_waste_bossroom_c23r23.tgm.header,Tiny.V6,18519842,264
4427daf34f47bbc4,salt_waste_bossroom_c23r24.tgm,Tiny.VE,18529778,745
127540b8e9376fe3,salt_waste_bossroom_c23r24.tgm.header,Tiny.V1,18521265,264
560bea44e38aee92,salt_waste_bossroom_c22r3.tgm,Tiny.V8,18703051,241
3b1de073688bc603,salt_waste_bossroom_c22r3.tgm.header,Tiny.VA,18659506,264
ba7cfd153c9236d1,salt_waste_bossroom_c22r4.tgm,Streaming/Content/data/worldareas/67/p2_1.vworld,944219,5298999
d7104bcd6c14ebe6,salt_waste_bossroom_c22r4.tgm.header,Content/data/balance/worldareas/p2_1.vworld,1445890,6510
28ead2f5c4074a00,salt_waste_bossroom_c22r5.tgm,Tiny.VA,18659770,349
9d7d05848b174846,salt_waste_bossroom_c22r5.tgm.header,Tiny.VC,18531906,264
ce56767c5d356dc7,salt_waste_bossroom_c22r6.tgm,Tiny.V5,18383718,241
0ce285e78227fd48,salt_waste_bossroom_c22r6.tgm.header,Tiny.V5,18383959,264
ba6fd97ef03177ea,salt_waste_bossroom_c22r7.tgm,Tiny.VC,18532170,797
f01bb8da1e02abc7,salt_waste_bossroom_c22r7.tgm.header,Tiny.V6,18519578,264
68f73119addf38b1,salt_waste_bossroom_c22r8.tgm,Tiny.V8,18703292,1157
b05c17b9c207eacf,salt_waste_bossroom_c22r8.tgm.header,Tiny.V8,18704449,264
97f2a38cc9c11516,salt_waste_bossroom_c22r9.tgm,Tiny.V5,18384223,1349
8fd8b4ad21976155,salt_waste_bossroom_c22r9.tgm.header,Tiny.V0,18844650,264
31cc0385ebb18371,salt_waste_bossroom_c22r1.tgm,Tiny.VE,18527639,259
bd1fa60152f6aed7,salt_waste_bossroom_c22r1.tgm.header,Tiny.V5,18383081,264
fb031a47c6c13c9f,salt_waste_bossroom_c22r10.tgm,Tiny.V1,18518525,469
73b4e5d84aea804b,salt_waste_bossroom_c22r10.tgm.header,Tiny.V8,18702787,264
8270a7d59fc44cd2,salt_waste_bossroom_c22r11.tgm,Tiny.V1,18518994,433
a727a58ec8d52040,salt_waste_bossroom_c22r11.tgm.header,Tiny.V5,18388036,264
cf0e2d4304e014b1,salt_waste_bossroom_c22r12.tgm,Tiny.V0,18843785,601
217feb447c1eab4c,salt_waste_bossroom_c22r12.tgm.header,Tiny.V3,18454679,264
ed849f26a6e65a50,salt_waste_bossroom_c22r13.tgm,Tiny.V3,18454943,613
3192d2e19d4a4f6e,salt_waste_bossroom_c22r13.tgm.header,Tiny.V0,18844386,264
bb1000bd3c752834,salt_waste_bossroom_c22r14.tgm,Tiny.V7,18508208,553
134839b346706990,salt_waste_bossroom_c22r14.tgm.header,Tiny.VF,18789203,264
3876f9d606f50cae,salt_waste_bossroom_c22r15.tgm,Tiny.V3,18455556,683
53d8440497d1127c,salt_waste_bossroom_c22r15.tgm.header,Tiny.VD,18292976,264
1a10273cae385363,salt_waste_bossroom_c22r16.tgm,Tiny.VC,18531473,433
ad77c1e4f4c3e19b,salt_waste_bossroom_c22r16.tgm.header,Tiny.V5,18388036,264
7668daccb1a90f50,salt_waste_bossroom_c22r17.tgm,Tiny.VB,18576553,349
48395c279423bb8c,salt_waste_bossroom_c22r17.tgm.header,Tiny.V2,18717479,264
bf5cf04455ec3274,salt_waste_bossroom_c22r18.tgm,Tiny.V2,18717743,265
a46baaec3816f26b,salt_waste_bossroom_c22r18.tgm.header,Tiny.VD,18293240,264
d2c18336cfd7a1a1,salt_waste_bossroom_c22r19.tgm,Tiny.V5,18383345,373
3ec7d9aab3868ea5,salt_waste_bossroom_c22r19.tgm.header,Tiny.VD,18293504,264
f6576dda4853be6f,salt_waste_bossroom_c22r2.tgm,Tiny.V1,18519427,373
97599057e7f9bd3d,salt_waste_bossroom_c22r2.tgm.header,Tiny.VE,18527898,264
a7fa29d4e0e3d89f,salt_waste_bossroom_c22r20.tgm,Tiny.VA,18658965,541
b026edcecc9e2e84,salt_waste_bossroom_c22r20.tgm.header,Tiny.V8,18707332,264
a53543a4a8a6836e,salt_waste_bossroom_c22r21.tgm,Tiny.VD,18293768,379
22d735b5abc5b1e5,salt_waste_bossroom_c22r21.tgm.header,Tiny.VB,18576902,264
fd5ee831953ea05a,salt_waste_bossroom_c22r22.tgm,Tiny.V9,18868041,757
42bb560dd4ffed30,salt_waste_bossroom_c22r22.tgm.header,Tiny.V1,18519800,264
b2529655301da296,salt_waste_bossroom_c22r23.tgm,Tiny.V9,18868798,919
d17877ac3abaf528,salt_waste_bossroom_c22r23.tgm.header,Tiny.VD,18294147,264
797ed987e32cdb24,salt_waste_bossroom_c22r24.tgm,Tiny.VF,18789467,925
cb3f13e8b32cfdc0,salt_waste_bossroom_c22r24.tgm.header,Tiny.V7,18508761,264
fc4f16adb48eee45,salt_waste_bossroom_c21r3.tgm,Tiny.V0,18843250,535
a093103975eb2489,salt_waste_bossroom_c21r3.tgm.header,Tiny.VB,18576289,264
e317f4830d916aeb,salt_waste_bossroom_c21r4.tgm,Tiny.VC,29994606,57
c4fe2515ddb1f24d,salt_waste_bossroom_c21r4.tgm.header,Tiny.V8,29713816,264
b3cc9cf6d93dec09,salt_waste_bossroom_c21r5.tgm,Tiny.VC,29994606,57
87f0edd6ab597e40,salt_waste_bossroom_c21r5.tgm.header,Tiny.V8,29713816,264
08ef49a0b502ee9c,salt_waste_bossroom_c21r6.tgm,Tiny.VC,29994606,57
a74c61c51d472633,salt_waste_bossroom_c21r6.tgm.header,Tiny.V8,29713816,264
48fcf2e9b7086e38,salt_waste_bossroom_c21r7.tgm,Streaming/Content/data/worldareas/46/p2_1.vworld,2815233,4723
55bbac4158af4a22,salt_waste_bossroom_c21r7.tgm.header,Tiny.V5,18382817,264
80a41b5092efb0e7,salt_waste_bossroom_c21r8.tgm,Streaming/Content/data/worldareas/45/p2_1.vworld,576544,5575
ab680a77804d7c0c,salt_waste_bossroom_c21r8.tgm.header,Tiny.V3,18454415,264
1ae1a102ae1dad2d,salt_waste_bossroom_c21r9.tgm,Streaming/Content/data/worldareas/6B/p2_1.vworld,1403743,2021291
a637699c29bfea41,salt_waste_bossroom_c21r9.tgm.header,Tiny.VC,18529407,2066
a0ceda74e5783bfe,salt_waste_bossroom_c21r1.tgm,Tiny.V1,18514542,685
2d70296e03fbdb52,salt_waste_bossroom_c21r1.tgm.header,Tiny.VD,18292712,264
6c1454df86d5c04e,salt_waste_bossroom_c21r10.tgm,Streaming/Content/data/worldareas/2E/p2_1.vworld,565991,4829
ebed2395e79ed706,salt_waste_bossroom_c21r10.tgm.header,Tiny.V9,18867777,264
ec443403c1eaa1e5,salt_waste_bossroom_c21r11.tgm,Streaming/Content/data/balance/worldareas/p2_1.vworld,802880,5249
63285fc11dfc5a3a,salt_waste_bossroom_c21r11.tgm.header,Tiny.V1,18515227,264
0f35a33bc63d09dd,salt_waste_bossroom_c21r12.tgm,Streaming/Content/data/worldareas/8D/mapswamptower.vworld,531651,5291
409b238cd08accc3,salt_waste_bossroom_c21r12.tgm.header,Tiny.V3,18451798,264
6f871e61729bc4d0,salt_waste_bossroom_c21r13.tgm,Streaming/Content/data/worldareas/6A/p2_1.vworld,506638,5111
94328298384091d2,salt_waste_bossroom_c21r13.tgm.header,Tiny.VF,18787119,264
78fc8a63c14aa3f1,salt_waste_bossroom_c21r14.tgm,Streaming/Content/data/balance/worldareas/B4/g4_8a.vworld,475372,6305
a0d100749bd239d1,salt_waste_bossroom_c21r14.tgm.header,Tiny.VE,18527375,264
5525ab18fffa6f00,salt_waste_bossroom_c21r15.tgm,Streaming/Content/data/worldareas/A9/p2_1.vworld,5623151,4937
70b00791e42ee183,salt_waste_bossroom_c21r15.tgm.header,Tiny.V1,18515491,264
d7b9ad8bc32b4612,salt_waste_bossroom_c21r16.tgm,Streaming/Content/data/worldareas/F4/p2_1.vworld,786171,4423
1b8d0c082b1b4d43,salt_waste_bossroom_c21r16.tgm.header,Tiny.V6,18519314,264
58c81f4d9d3077a0,salt_waste_bossroom_c21r17.tgm,Streaming/Content/data/balance/worldareas/B8/incursiontemplepresent.vworld,371005,5773
9f09df53fa19b86b,salt_waste_bossroom_c21r17.tgm.header,Tiny.V8,18702523,264
665d8ffeb8eedc1d,salt_waste_bossroom_c21r18.tgm,Tiny.V0,18839373,3613
cab6701446d72671,salt_waste_bossroom_c21r18.tgm.header,Tiny.V3,18452062,264
c87d6485dcc7c96c,salt_waste_bossroom_c21r19.tgm,Tiny.V4,18972316,925
b02fc04c52c4388e,salt_waste_bossroom_c21r19.tgm.header,Tiny.V0,18842986,264
9656b2b4932ffd99,salt_waste_bossroom_c21r2.tgm,Tiny.VF,18787383,523
43ccfcec350e1245,salt_waste_bossroom_c21r2.tgm.header,Tiny.VC,18527702,264
10038851ce5294cd,salt_waste_bossroom_c21r20.tgm,Tiny.VF,18787906,1297
3f6fcb0ac194c63d,salt_waste_bossroom_c21r20.tgm.header,Tiny.VC,18527966,264
c0a5810bf2122537,salt_waste_bossroom_c21r21.tgm,Tiny.VC,18528230,1177
23e01866882f4419,salt_waste_bossroom_c21r21.tgm.header,Tiny.V3,18452326,264
f4c97ab62048b94d,salt_waste_bossroom_c21r22.tgm,Tiny.VB,18575274,1015
2fd73ceb6b375ac4,salt_waste_bossroom_c21r22.tgm.header,Tiny.V3,18452590,264
c00152f801c089de,salt_waste_bossroom_c21r23.tgm,Streaming/Content/data/worldareas/FD/p2_1.vworld,5625876,2924181
5126678dce1c94da,salt_waste_bossroom_c21r23.tgm.header,Tiny.V1,18515755,2770
44051459380f5e44,salt_waste_bossroom_c21r24.tgm,Tiny.V3,18452854,1561
82c84eabb32f6c85,salt_waste_bossroom_c21r24.tgm.header,Tiny.V7,18507944,264
678780205c376467,salt_waste_bossroom_c20r3.tgm,Tiny.VA,18658208,757
a11762016f6c004d,salt_waste_bossroom_c20r3.tgm.header,Tiny.V2,18717215,264
52d829d0aa86774d,salt_waste_bossroom_c20r4.tgm,Tiny.VC,29994606,57
e1bc6766b7df0cd3,salt_waste_bossroom_c20r4.tgm.header,Tiny.V8,29713816,264
e8bf150e9ca91bfd,salt_waste_bossroom_c20r5.tgm,Tiny.VC,29994606,57
c6f3f21093618a8a,salt_waste_bossroom_c20r5.tgm.header,Tiny.V8,29713816,264
8e897a2224611ed9,salt_waste_bossroom_c20r6.tgm,Tiny.VC,29994606,57
210d76d0c4f479fd,salt_waste_bossroom_c20r6.tgm.header,Tiny.V8,29713816,264
af340a157810a505,salt_waste_bossroom_c20r7.tgm,Streaming/Content/data/worldareas/4C/p2_1.vworld,1862661,5257
2328ae53e67462fb,salt_waste_bossroom_c20r7.tgm.header,Tiny.V4,18982990,264
a982e3744a0596b0,salt_waste_bossroom_c20r8.tgm,Streaming/Content/data/worldareas/D5/p2_1.vworld,3738774,6859
0a1ab6b54fa5abe7,salt_waste_bossroom_c20r8.tgm.header,Tiny.VE,18527111,264
a8a9d68ac5085049,salt_waste_bossroom_c20r9.tgm,Streaming/Content/data/balance/worldareas/89/p2_1.vworld,174924,5555
d124b953c8b79a0a,salt_waste_bossroom_c20r9.tgm.header,Tiny.VF,18786855,264
e36a4842321893b1,salt_waste_bossroom_c20r1.tgm,Tiny.V3,18450927,607
8a0f2935191f27c0,salt_waste_bossroom_c20r1.tgm.header,Tiny.VF,18786591,264
bb2782b57fed566f,salt_waste_bossroom_c20r10.tgm,Streaming/Content/data/worldareas/00/p2_1.vworld,2839076,6409
d2525aa2b1ac18b1,salt_waste_bossroom_c20r10.tgm.header,Tiny.V0,18838845,264
f7b29b76b2089226,salt_waste_bossroom_c20r11.tgm,Streaming/Content/data/worldareas/A6/p2_1.vworld,1216753,8479
96275a716e6bc2cf,salt_waste_bossroom_c20r11.tgm.header,Tiny.VB,18573971,264
99c34852e6b0dcf6,salt_waste_bossroom_c20r12.tgm,Streaming/Content/data/worldareas/3C/p2_1.vworld,648889,6783
3e24e6bc875b0e05,salt_waste_bossroom_c20r12.tgm.header,Tiny.VE,18526319,264
09993c25d69bc48b,salt_waste_bossroom_c20r13.tgm,Streaming/Content/data/balance/worldareas/8B/mapgrimhaven.vworld,563686,5847
be4547b2e742362e,salt_waste_bossroom_c20r13.tgm.header,Tiny.V8,18701995,264
e46ec890178a041b,salt_waste_bossroom_c20r14.tgm,Streaming/Content/data/balance/worldareas/9B/g3_3.vworld,692854,7365
fd0b45100cb691c6,salt_waste_bossroom_c20r14.tgm.header,Tiny.VA,18657944,264
11a8bca14016c165,salt_waste_bossroom_c20r15.tgm,Streaming/Content/data/worldareas/56/p2_1.vworld,699212,6681
38b7b438ed73151f,salt_waste_bossroom_c20r15.tgm.header,Tiny.VE,18526583,264
2008e73fdf33efc0,salt_waste_bossroom_c20r16.tgm,Streaming/Content/data/balance/worldareas/33/g2_1.vworld,443383,6171
5e371bdf5995702c,salt_waste_bossroom_c20r16.tgm.header,Tiny.VE,18526847,264
ef3270cf6c86f3ad,salt_waste_bossroom_c20r17.tgm,Streaming/Content/data/worldareas/D6/p2_1.vworld,0,6415
8c2364394b58707e,salt_waste_bossroom_c20r17.tgm.header,Tiny.V1,18513750,264
5cb3b1c8c0445878,salt_waste_bossroom_c20r18.tgm,Streaming/Content/data/worldareas/32/p2_1.vworld,998184,5641
a1a271322c54a2f9,salt_waste_bossroom_c20r18.tgm.header,Tiny.V5,18382553,264
e2cc559c0129b3c1,salt_waste_bossroom_c20r19.tgm,Tiny.V6,18517927,1387
f226c91f302d0699,salt_waste_bossroom_c20r19.tgm.header,Tiny.V8,18702259,264
a5677b1e6f058b4d,salt_waste_bossroom_c20r2.tgm,Tiny.VB,18574235,1039
270151afbe479a10,salt_waste_bossroom_c20r2.tgm.header,Tiny.V1,18514014,264
6f0bc2ca284d462e,salt_waste_bossroom_c20r20.tgm,Tiny.V7,18506185,1759
06a0d895cd6ee290,salt_waste_bossroom_c20r20.tgm.header,Tiny.V9,18864013,264
d0b2f9c1bd9ff7d3,salt_waste_bossroom_c20r21.tgm,Tiny.V9,18864277,1669
28e3612350e7b0d7,salt_waste_bossroom_c20r21.tgm.header,Tiny.VC,18527438,264
1b92534a70497af3,salt_waste_bossroom_c20r22.tgm,Tiny.V2,18715372,1843
7cd99fd9c414a965,salt_waste_bossroom_c20r22.tgm.header,Tiny.V0,18839109,264
5be9030e3623b0bd,salt_waste_bossroom_c20r23.tgm,Tiny.VD,18290437,2275
bbe778b9b065a2cb,salt_waste_bossroom_c20r23.tgm.header,Tiny.V3,18451534,264
a39d7d78c0a42771,salt_waste_bossroom_c20r24.tgm,Tiny.V9,18865946,1831
d5d56cae540dc8cb,salt_waste_bossroom_c20r24.tgm.header,Tiny.V1,18514278,264
e094865d60f06490,salt_waste_bossroom_c2r3.tgm,Tiny.V7,18515681,1123
179a424bd5daf7c8,salt_waste_bossroom_c2r3.tgm.header,Tiny.VF,18797257,264
40deb0c11594857b,salt_waste_bossroom_c2r4.tgm,Tiny.V9,18877827,1261
b66963738747325a,salt_waste_bossroom_c2r4.tgm.header,Tiny.V1,18529442,264
af8c683ce5bfd347,salt_waste_bossroom_c2r5.tgm,Tiny.V2,18725275,1285
a0c2ffbd64c66660,salt_waste_bossroom_c2r5.tgm.header,Tiny.VC,18539005,264
e7649d065c124ca3,salt_waste_bossroom_c2r6.tgm,Tiny.V2,18726560,1465
e94d705000c5e634,salt_waste_bossroom_c2r6.tgm.header,Tiny.VA,18669195,264
902179604f8c6b04,salt_waste_bossroom_c2r7.tgm,Tiny.V4,18978005,319
ae1b1b0daa142048,salt_waste_bossroom_c2r7.tgm.header,Tiny.V2,18728025,264
6ac5fa1c6a9e999b,salt_waste_bossroom_c2r8.tgm,Tiny.V4,18978324,625
ba1503e191bbd64d,salt_waste_bossroom_c2r8.tgm.header,Tiny.V3,18465175,264
7969a9f0d6ff6025,salt_waste_bossroom_c2r9.tgm,Tiny.V7,18516804,349
d705b58ebf180f69,salt_waste_bossroom_c2r9.tgm.header,Tiny.VA,18669459,264
ac99791c1c53f85e,salt_waste_bossroom_c2r1.tgm,Tiny.V2,18723959,811
3b18a8e4b99a4626,salt_waste_bossroom_c2r1.tgm.header,Tiny.VE,18534164,264
fb37ea13c5e41f12,salt_waste_bossroom_c2r10.tgm,Tiny.V8,18711974,271
231ecba546765e19,salt_waste_bossroom_c2r10.tgm.header,Tiny.VF,18795498,264
c5ac2e49960b4e83,salt_waste_bossroom_c2r11.tgm,Tiny.VB,18581736,481
522d5fd99d64a541,salt_waste_bossroom_c2r11.tgm.header,Tiny.VA,18668139,264
ccefe5416f0b4d36,salt_waste_bossroom_c2r12.tgm,Tiny.V1,18528613,301
ff711d6fc8a26fcb,salt_waste_bossroom_c2r12.tgm.header,Tiny.V1,18528914,264
5dd8a4fc8df99df7,salt_waste_bossroom_c2r13.tgm,Streaming/Content/data/worldareas/C3/p2_1.vworld,0,13631511
ebff055a45c89572,salt_waste_bossroom_c2r13.tgm.header,Content/data/balance/worldareas/p2_1.vworld,1465156,16014
af631c0d34fc2c2e,salt_waste_bossroom_c2r14.tgm,Tiny.V6,18524119,625
41bf21b898f379fc,salt_waste_bossroom_c2r14.tgm.header,Tiny.V1,18529178,264
81c7b41da04133ee,salt_waste_bossroom_c2r15.tgm,Tiny.VE,18534428,1015
c94d4eb6e5c05a7d,salt_waste_bossroom_c2r15.tgm.header,Tiny.V9,18875767,264
fce6f6da09fc5130,salt_waste_bossroom_c2r16.tgm,Tiny.V8,18712245,1003
cfd9c1f27bf48ca4,salt_waste_bossroom_c2r16.tgm.header,Tiny.VA,18668403,264
a8f835df123be733,salt_waste_bossroom_c2r17.tgm,Tiny.V3,18463583,697
25d04d68d1b65429,salt_waste_bossroom_c2r17.tgm.header,Tiny.V6,18524744,264
38ffc3756a6d6b62,salt_waste_bossroom_c2r18.tgm,Tiny.V8,18713248,403
5cb01cc06537fd79,salt_waste_bossroom_c2r18.tgm.header,Tiny.V8,18713651,264
10d130c6706b4ee9,salt_waste_bossroom_c2r19.tgm,Tiny.V3,18464280,895
bb2e6221d73ca503,salt_waste_bossroom_c2r19.tgm.header,Tiny.V2,18724770,264
5197c5097c4889eb,salt_waste_bossroom_c2r2.tgm,Tiny.V9,18876031,1147
387b707b926bcdfe,salt_waste_bossroom_c2r2.tgm.header,Tiny.VA,18668667,264
5f83ffc5de74ceb7,salt_waste_bossroom_c2r20.tgm,Tiny.V6,18525008,1069
efc2eb035d3f8924,salt_waste_bossroom_c2r20.tgm.header,Tiny.VA,18668931,264
0218be491f22da03,salt_waste_bossroom_c2r21.tgm,Tiny.V9,18877178,649
f9aebcc2dbc4227e,salt_waste_bossroom_c2r21.tgm.header,Tiny.VC,18538741,264
22f3031026a3580a,salt_waste_bossroom_c2r22.tgm,Tiny.V4,18977764,241
68b85348cbf7af48,salt_waste_bossroom_c2r22.tgm.header,Tiny.V2,24136506,264
ab0ebf921e9c3ea5,salt_waste_bossroom_c2r23.tgm,Tiny.V8,18713915,241
ca63fa32d4f7db54,salt_waste_bossroom_c2r23.tgm.header,Tiny.V2,24136506,264
358fd59ff028c105,salt_waste_bossroom_c2r24.tgm,Tiny.V2,18725034,241
38ac3c1915dab8fd,salt_waste_bossroom_c2r24.tgm.header,Tiny.V2,24136506,264
04151f6d80b3624f,salt_waste_bossroom_c19r3.tgm,Tiny.VA,18657018,535
6e847e3ae7aabde4,salt_waste_bossroom_c19r3.tgm.header,Tiny.V1,18511232,264
90022ada5e0dea06,salt_waste_bossroom_c19r4.tgm,Tiny.VC,29994606,57
bc9e062d06d6e6d0,salt_waste_bossroom_c19r4.tgm.header,Tiny.V8,29713816,264
58f266938a3970d8,salt_waste_bossroom_c19r5.tgm,Tiny.VC,29994606,57
6f4a348fb0a67b9c,salt_waste_bossroom_c19r5.tgm.header,Tiny.V8,29713816,264
e387bc0f1b244e86,salt_waste_bossroom_c19r6.tgm,Tiny.VC,29994606,57
e0264817915846cb,salt_waste_bossroom_c19r6.tgm.header,Tiny.V8,29713816,264
94b240bbdc85fe9d,salt_waste_bossroom_c19r7.tgm,Tiny.V9,18858473,3983
26d12ab4134174fa,salt_waste_bossroom_c19r7.tgm.header,Tiny.VE,18525263,264
6ac6424823926acf,salt_waste_bossroom_c19r8.tgm,Streaming/Content/data/worldareas/B2/g2_town.vworld,400167,5849
1b4fb84010f4f9ca,salt_waste_bossroom_c19r8.tgm.header,Tiny.VC,18526910,264
fe4ad0a760d83d80,salt_waste_bossroom_c19r9.tgm,Streaming/Content/data/balance/worldareas/C6/mapport.vworld,275843,5733
ef1cda117297ffc1,salt_waste_bossroom_c19r9.tgm.header,Tiny.VD,18288360,264
a56db97b5ea90854,salt_waste_bossroom_c19r1.tgm,Tiny.VB,18569081,535
8aa238daf3e68eb8,salt_waste_bossroom_c19r1.tgm.header,Tiny.V7,18505393,264
5451f90e3b4de2df,salt_waste_bossroom_c19r10.tgm,Streaming/Content/data/balance/worldareas/B9/incursiontemplepresent.vworld,602664,5987
b58d8d28500e88f1,salt_waste_bossroom_c19r10.tgm.header,Tiny.V1,18509920,303
5907431f319a585f,salt_waste_bossroom_c19r11.tgm,Streaming/Content/data/worldareas/AE/p2_1.vworld,5592580,7501
43e3a7ff1c26115d,salt_waste_bossroom_c19r11.tgm.header,Tiny.V6,18515729,264
7594d114f7a5ef9d,salt_waste_bossroom_c19r12.tgm,Streaming/Content/data/balance/worldareas/p2_1.vworld,797921,4959
be3bf6edc01ff02c,salt_waste_bossroom_c19r12.tgm.header,Tiny.V4,18972052,264
0c354478a42f930e,salt_waste_bossroom_c19r13.tgm,Streaming/Content/data/worldareas/13/p2_1.vworld,2801421,5913
c78ac151302484f4,salt_waste_bossroom_c19r13.tgm.header,Tiny.V2,18712404,264
8c9feda41ab921e3,salt_waste_bossroom_c19r14.tgm,Streaming/Content/data/balance/worldareas/3B/g4_11_2.vworld,543435,8367
b0a9cc6d9dce60c4,salt_waste_bossroom_c19r14.tgm.header,Tiny.VB,18569616,264
1c17df1c25fb6db5,salt_waste_bossroom_c19r15.tgm,Streaming/Content/data/worldareas/CE/p2_1.vworld,1151567,7531
0c035734c5a1886b,salt_waste_bossroom_c19r15.tgm.header,Tiny.V5,18381761,264
1b8021a7ad0bb76c,salt_waste_bossroom_c19r16.tgm,Streaming/Content/data/worldareas/60/mapswamptower.vworld,394153,5745
1322c7c658e6ff6d,salt_waste_bossroom_c19r16.tgm.header,Tiny.VD,18287832,264
4ab7c0a08be7ea8e,salt_waste_bossroom_c19r17.tgm,Streaming/Content/data/balance/worldareas/95/g4_11_1b.vworld,613901,4855
f3688b5781eb20cc,salt_waste_bossroom_c19r17.tgm.header,Tiny.VD,18288096,264
2ac06931fb2ae08e,salt_waste_bossroom_c19r18.tgm,Streaming/Content/data/worldareas/0D/p2_1.vworld,4233073,5203
fe74adc594f2cf00,salt_waste_bossroom_c19r18.tgm.header,Tiny.VF,18785799,264
9c512dfe36b8f8e3,salt_waste_bossroom_c19r19.tgm,Tiny.V3,18448032,1219
4e3a28eba1b0aed3,salt_waste_bossroom_c19r19.tgm.header,Tiny.V6,18515993,264
ada8847583ff801f,salt_waste_bossroom_c19r2.tgm,Tiny.V6,18516257,1297
816ff5b918956575,salt_waste_bossroom_c19r2.tgm.header,Tiny.VC,18526646,264
0bd20279bacd2cd3,salt_waste_bossroom_c19r20.tgm,Tiny.V8,18697713,1621
c7faa97a5a344e6b,salt_waste_bossroom_c19r20.tgm.header,Tiny.VF,18786063,264
8c9654705a61cc0c,salt_waste_bossroom_c19r21.tgm,Tiny.V9,18857166,1307
ea3887a2d01feb94,salt_waste_bossroom_c19r21.tgm.header,Tiny.V3,18449251,264
75b0de5b15cf6051,salt_waste_bossroom_c19r22.tgm,Tiny.V1,18510223,1009
bbb5e938f678f104,salt_waste_bossroom_c19r22.tgm.header,Tiny.VE,18523348,264
96ed57be7a3508fc,salt_waste_bossroom_c19r23.tgm,Tiny.VB,18569880,1357
fe96e7e7eef88e32,salt_waste_bossroom_c19r23.tgm.header,Tiny.VE,18523612,264
e7f2bb05af8c5083,salt_waste_bossroom_c19r24.tgm,Tiny.VE,18523876,1387
442d999c7bd2cb18,salt_waste_bossroom_c19r24.tgm.header,Tiny.V7,18505657,264
da867fc70780fb9d,salt_waste_bossroom_c18r3.tgm,Tiny.V5,18381084,677
fe48c255cb6efe53,salt_waste_bossroom_c18r3.tgm.header,Tiny.VB,18568817,264
402be05bbb3d4e74,salt_waste_bossroom_c18r4.tgm,Streaming/Content/data/worldareas/6C/p2_1.vworld,349700,10092125
b9b4456de7bf8ef1,salt_waste_bossroom_c18r4.tgm.header,Content/data/balance/worldareas/p2_1.vworld,1431944,13946
b338b57adffa5981,salt_waste_bossroom_c18r5.tgm,Tiny.V2,18711718,181
ce2cf80fe3819106,salt_waste_bossroom_c18r5.tgm.header,Tiny.VE,18522820,264
a3e67964d4ca4466,salt_waste_bossroom_c18r6.tgm,Tiny.V2,18711899,241
b9914c248d522c88,salt_waste_bossroom_c18r6.tgm.header,Tiny.V8,18697449,264
48d297130dbbeb6e,salt_waste_bossroom_c18r7.tgm,Streaming/Content/data/worldareas/2D/p2_1.vworld,995303,4139
0e779a7e7da21b68,salt_waste_bossroom_c18r7.tgm.header,Tiny.V2,18712140,264
850d109d0b89d949,salt_waste_bossroom_c18r8.tgm,Streaming/Content/data/worldareas/17/p2_1.vworld,321286,5217
e31667cd411566af,salt_waste_bossroom_c18r8.tgm.header,Tiny.VE,18523084,264
e271193de96f05cd,salt_waste_bossroom_c18r9.tgm,Streaming/Content/data/worldareas/F9/p2_1.vworld,8792278,5151
d0c561168c0080a1,salt_waste_bossroom_c18r9.tgm.header,Tiny.V3,18447768,264
f297d3b5a27815e5,salt_waste_bossroom_c18r1.tgm,Tiny.VB,18567894,659
1bfa9bbade929c9a,salt_waste_bossroom_c18r1.tgm.header,Tiny.V2,18709130,264
bfa8583956c9f130,salt_waste_bossroom_c18r10.tgm,Tiny.VA,18655455,1563
9552278fc7bd6556,salt_waste_bossroom_c18r10.tgm.header,Tiny.V4,18971524,264
d7b73bd2faf07c8a,salt_waste_bossroom_c18r11.tgm,Tiny.V2,18709394,1695
fd778079e3bc253e,salt_waste_bossroom_c18r11.tgm.header,Tiny.V4,18971788,264
c9b47337ece71ffc,salt_waste_bossroom_c18r12.tgm,Tiny.VC,18526097,549
e1a881230d16b6c8,salt_waste_bossroom_c18r12.tgm.header,Tiny.V6,18515201,264
f529ac140107241a,salt_waste_bossroom_c18r13.tgm,Tiny.V9,18852481,1169
8e4ecbd1796350a2,salt_waste_bossroom_c18r13.tgm.header,Tiny.V1,18509392,264
87627ee885956d1c,salt_waste_bossroom_c18r14.tgm,Tiny.V3,18446107,1397
3d588a071ff6f38b,salt_waste_bossroom_c18r14.tgm.header,Tiny.VE,18522556,264
72490e82d2a7009e,salt_waste_bossroom_c18r15.tgm,Tiny.V9,18853650,3005
70986693b24cc116,salt_waste_bossroom_c18r15.tgm.header,Tiny.V7,18504298,303
87f2aa1643a2c727,salt_waste_bossroom_c18r16.tgm,Streaming/Content/data/balance/worldareas/C8/g4_11_1b.vworld,713187,6811
82ce7f4e42cb6b76,salt_waste_bossroom_c18r16.tgm.header,Tiny.V7,18504601,264
bed643ade9a346b5,salt_waste_bossroom_c18r17.tgm,Streaming/Content/data/balance/worldareas/3F/mapgrimhaven.vworld,410889,5861
5f98c8d6028761e3,salt_waste_bossroom_c18r17.tgm.header,Tiny.V3,18447504,264
24409e62b0737c6b,salt_waste_bossroom_c18r18.tgm,Streaming/Content/data/worldareas/4C/p2_1.vworld,1858264,4397
9977fe208df6640b,salt_waste_bossroom_c18r18.tgm.header,Tiny.V6,18515465,264
c6ce1f9692fb100b,salt_waste_bossroom_c18r19.tgm,Streaming/Content/data/worldareas/F3/p2_1.vworld,17665617,4481
7f133a11c336eda7,salt_waste_bossroom_c18r19.tgm.header,Tiny.V7,18504865,264
d58ffb457ca51e9a,salt_waste_bossroom_c18r2.tgm,Tiny.V2,18711089,629
6438148d19e2fdd5,salt_waste_bossroom_c18r2.tgm.header,Tiny.V7,18505129,264
0042f6f2f6875c6c,salt_waste_bossroom_c18r20.tgm,Streaming/Content/data/worldareas/07/p2_1.vworld,830545,5585
62e0cd670a48805a,salt_waste_bossroom_c18r20.tgm.header,Tiny.VB,18568553,264
ce1f3fe7be949555,salt_waste_bossroom_c18r21.tgm,Streaming/Content/data/worldareas/E3/p2_1.vworld,1519993,4685
08238f1478aa69e4,salt_waste_bossroom_c18r21.tgm.header,Tiny.V1,18509656,264
d5c5fe8e197b34d0,salt_waste_bossroom_c18r22.tgm,Tiny.V8,18697046,403
0b87b6cc2808b943,salt_waste_bossroom_c18r22.tgm.header,Tiny.VC,18312988,264
aace45ccc9b0b0f0,salt_waste_bossroom_c18r23.tgm,Tiny.V9,18856655,511
99ca9badc5c36911,salt_waste_bossroom_c18r23.tgm.header,Tiny.V8,23608422,264
0b4536b59a0e1013,salt_waste_bossroom_c18r24.tgm,Tiny.VF,18785390,409
9a9740405bffe213,salt_waste_bossroom_c18r24.tgm.header,Tiny.V2,24334818,264
547abf717fb7c8d7,salt_waste_bossroom_c17r3.tgm,Tiny.V4,18967673,3851
bc8183491f80ef7d,salt_waste_bossroom_c17r3.tgm.header,Tiny.V5,18380820,264
f0667355fae4257a,salt_waste_bossroom_c17r4.tgm,Streaming/Content/data/worldareas/F1/p2_1.vworld,11330559,232677
4c753bedbd2b111d,salt_waste_bossroom_c17r4.tgm.header,Tiny.V2,18708516,350
7baa98642666b7ca,salt_waste_bossroom_c17r5.tgm,Streaming/Content/data/worldareas/10/p2_1.vworld,7631443,4807
45aa8c18fd4d2f80,salt_waste_bossroom_c17r5.tgm.header,Tiny.V2,18708866,264
4ff2c364ac58cbd0,salt_waste_bossroom_c17r6.tgm,Tiny.VA,18651590,3865
2eaa92de12042b67,salt_waste_bossroom_c17r6.tgm.header,Tiny.VB,18567630,264
fc4ef933cb9ace1b,salt_waste_bossroom_c17r7.tgm,Streaming/Content/data/worldareas/FC/p2_2.vworld,437039,4889
d4804b22a560f1eb,salt_waste_bossroom_c17r7.tgm.header,Tiny.VC,18525569,264
38070677bba92b15,salt_waste_bossroom_c17r8.tgm,Streaming/Content/data/worldareas/62/p2_1.vworld,461616,5759
4bea2b228a38b5e7,salt_waste_bossroom_c17r8.tgm.header,Tiny.VC,18525833,264
bf406e7f785da748,salt_waste_bossroom_c17r9.tgm,Streaming/Content/data/worldareas/24/p2_1.vworld,0,250429
fdbe94b24f73dc99,salt_waste_bossroom_c17r9.tgm.header,Tiny.VD,18286470,1362
65b1cbc6d7cd2bf9,salt_waste_bossroom_c17r1.tgm,Tiny.V0,18833696,3797
5710ac4c4124ea06,salt_waste_bossroom_c17r1.tgm.header,Tiny.VC,18522630,264
ba869fe0e003fc63,salt_waste_bossroom_c17r10.tgm,Tiny.VC,18522894,1379
a7c82e5da62df778,salt_waste_bossroom_c17r10.tgm.header,Tiny.V9,18852217,264
7e50da2b639bbcbd,salt_waste_bossroom_c17r11.tgm,Tiny.V4,18965319,905
fdf40abec063617e,salt_waste_bossroom_c17r11.tgm.header,Tiny.V1,18508864,264
241cb833f43f1309,salt_waste_bossroom_c17r12.tgm,Tiny.V4,18966224,409
1579f2ec069d173e,salt_waste_bossroom_c17r12.tgm.header,Tiny.VC,18524273,264
7a7f47387c9c805a,salt_waste_bossroom_c17r13.tgm,Tiny.V4,18966633,301
28a1de7ee9b68f6f,salt_waste_bossroom_c17r13.tgm.header,Tiny.V0,18823969,264
26654b66bec68113,salt_waste_bossroom_c17r14.tgm,Tiny.VC,18524537,265
df6629aca87761d0,salt_waste_bossroom_c17r14.tgm.header,Tiny.V7,18503506,264
e47ae53731f07529,salt_waste_bossroom_c17r15.tgm,Tiny.VC,18524802,767
19f44f9729590150,salt_waste_bossroom_c17r15.tgm.header,Tiny.V5,18380556,264
740f35a5548a3501,salt_waste_bossroom_c17r16.tgm,Streaming/Content/data/worldareas/01/p2_1.vworld,7201332,6927
81ef67eae12c73d6,salt_waste_bossroom_c17r16.tgm.header,Tiny.V3,18445843,264
ffa963875d0d06d6,salt_waste_bossroom_c17r17.tgm,Streaming/Content/data/worldareas/32/p2_1.vworld,991273,6911
f958b33d2cc476eb,salt_waste_bossroom_c17r17.tgm.header,Tiny.VF,18785126,264
c09bbb079e5f0fab,salt_waste_bossroom_c17r18.tgm,Streaming/Content/data/worldareas/82/p2_1.vworld,5592580,5129
19c1983c63b10a0c,salt_waste_bossroom_c17r18.tgm.header,Tiny.V2,18707988,264
de72124ebdd6614f,salt_waste_bossroom_c17r19.tgm,Streaming/Content/data/worldareas/B5/p2_1.vworld,2921964,5323
7a3edc204ba76eef,salt_waste_bossroom_c17r19.tgm.header,Tiny.V8,18696782,264
19080a6eafbed008,salt_waste_bossroom_c17r2.tgm,Streaming/Content/data/balance/worldareas/BC/incursiontemplepresent.vworld,3239198,5153
f8474816c68e4cb2,salt_waste_bossroom_c17r2.tgm.header,Tiny.V2,18708252,264
e9f62bc0708e4a1b,salt_waste_bossroom_c17r20.tgm,Streaming/Content/data/balance/worldareas/5B/g4_8a.vworld,509184,5827
8dd552f95a6961c6,salt_waste_bossroom_c17r20.tgm.header,Tiny.V1,18509128,264
be45454d82ba52fc,salt_waste_bossroom_c17r21.tgm,Streaming/Content/data/worldareas/65/p2_1.vworld,2800785,5413
35846760bbcac3d9,salt_waste_bossroom_c17r21.tgm.header,Tiny.V0,18837493,264
868b6c2d814b824b,salt_waste_bossroom_c17r22.tgm,Tiny.VB,18567023,607
b9907583a21e8f27,salt_waste_bossroom_c17r22.tgm.header,Tiny.V7,18503770,264
b75f47bd4772f32f,salt_waste_bossroom_c17r23.tgm,Tiny.V4,18966934,739
637df41d2f991416,salt_waste_bossroom_c17r23.tgm.header,Tiny.V7,18504034,264
6f91d5648ef9b606,salt_waste_bossroom_c17r24.tgm,Tiny.V0,18837757,577
468174ac1154de35,salt_waste_bossroom_c17r24.tgm.header,Tiny.VA,18651326,264
ae83c62d2082a988,salt_waste_bossroom_c16r3.tgm,Streaming/Content/data/worldareas/45/p2_1.vworld,571333,5211
ba1c0c597a729ea9,salt_waste_bossroom_c16r3.tgm.header,Tiny.V0,18833432,264
0aefbec3704ff7a9,salt_waste_bossroom_c16r4.tgm,Streaming/Content/data/worldareas/F9/p2_1.vworld,8787891,4387
997bacb47ceaf452,salt_waste_bossroom_c16r4.tgm.header,Tiny.V6,18514937,264
adf7fcfe88549764,salt_waste_bossroom_c16r5.tgm,Streaming/Content/data/balance/worldareas/p2_1.vworld,793192,4729
1fb942c06bae6da1,salt_waste_bossroom_c16r5.tgm.header,Tiny.VF,18784862,264
3f21742b3b20eb83,salt_waste_bossroom_c16r6.tgm,Streaming/Content/data/worldareas/32/p2_1.vworld,986418,4855
a400d8d0cef38f1a,salt_waste_bossroom_c16r6.tgm.header,Tiny.V4,18964791,264
c1486330b9456bb6,salt_waste_bossroom_c16r7.tgm,Streaming/Content/data/balance/worldareas/FB/hideoutsacrifice.vworld,848667,4415
56a6bfb1cdd16f54,salt_waste_bossroom_c16r7.tgm.header,Tiny.V4,18965055,264
2b05130334385007,salt_waste_bossroom_c16r8.tgm,Streaming/Content/data/worldareas/65/p2_1.vworld,2796364,4421
dc7b348085dd34a1,salt_waste_bossroom_c16r8.tgm.header,Tiny.V3,18445579,264
fc8a489d3eb59493,salt_waste_bossroom_c16r9.tgm,Tiny.VD,18282865,3341
a39064b567488ba5,salt_waste_bossroom_c16r9.tgm.header,Tiny.VD,18286206,264
54c187f314dad7de,salt_waste_bossroom_c16r1.tgm,Streaming/Content/data/balance/worldareas/26/incursiontemplepresent.vworld,416327,5325
5c85d6fb8ac85470,salt_waste_bossroom_c16r1.tgm.header,Tiny.VB,18565629,264
f84916f88a06ecc4,salt_waste_bossroom_c16r10.tgm,Tiny.V4,18963664,863
2892661ec78947d1,salt_waste_bossroom_c16r10.tgm.header,Tiny.VB,18565893,264
96391f030e921680,salt_waste_bossroom_c16r11.tgm,Tiny.V2,18707147,577
6be827d2ca5992e3,salt_waste_bossroom_c16r11.tgm.header,Tiny.VD,18281730,264
c068794dae554659,salt_waste_bossroom_c16r12.tgm,Tiny.VF,18784393,469
e7935e7399706c60,salt_waste_bossroom_c16r12.tgm.header,Tiny.V7,18503242,264
622a58e7e2d96d55,salt_waste_bossroom_c16r13.tgm,Tiny.VB,18566157,361
b18e94302db2e556,salt_waste_bossroom_c16r13.tgm.header,Tiny.VB,18564309,264
c3aa728900196352,salt_waste_bossroom_c16r14.tgm,Tiny.V1,18506545,301
feacbd0d35004529,salt_waste_bossroom_c16r14.tgm.header,Tiny.V0,18823969,264
4434f04567307e81,salt_waste_bossroom_c16r15.tgm,Tiny.VB,18566518,241
59afd95b4f427761,salt_waste_bossroom_c16r15.tgm.header,Tiny.V9,18851689,264
78e4a597e7f25c1b,salt_waste_bossroom_c16r16.tgm,Tiny.V3,18441680,3635
a03519c10ae5acac,salt_waste_bossroom_c16r16.tgm.header,Tiny.V8,18696518,264
ac5142c4908718d9,salt_waste_bossroom_c16r17.tgm,Streaming/Content/data/worldareas/AD/p2_1.vworld,118633,5093
222ab00205f6d79f,salt_waste_bossroom_c16r17.tgm.header,Tiny.V1,18506846,264
ae5ad33979512fd6,salt_waste_bossroom_c16r18.tgm,Streaming/Content/data/worldareas/CF/p2_1.vworld,2855949,4565
131143bcbb6bf9cc,salt_waste_bossroom_c16r18.tgm.header,Tiny.V9,18851953,264
3cfc9223898aaa1e,salt_waste_bossroom_c16r19.tgm,Streaming/Content/data/balance/worldareas/C6/mapport.vworld,271210,4633
7071a88aa2b73c7e,salt_waste_bossroom_c16r19.tgm.header,Tiny.V3,18445315,264
0c085f557539424c,salt_waste_bossroom_c16r2.tgm,Streaming/Content/data/worldareas/4C/p2_1.vworld,1852513,5751
8d8b82743812676a,salt_waste_bossroom_c16r2.tgm.header,Tiny.VA,18651062,264
164ad6647b512090,salt_waste_bossroom_c16r20.tgm,Streaming/Content/data/worldareas/74/p2_1.vworld,3426646,6121
625a8a884717b31b,salt_waste_bossroom_c16r20.tgm.header,Tiny.VE,18522292,264
a40e1434943a02bf,salt_waste_bossroom_c16r21.tgm,Streaming/Content/data/balance/worldareas/99/g4_8a.vworld,300265,4375
bfbfaac6ab4bf052,salt_waste_bossroom_c16r21.tgm.header,Tiny.VC,18522366,264
27c9e7535a640838,salt_waste_bossroom_c16r22.tgm,Tiny.V1,18507110,763
59b44ed9b81148b2,salt_waste_bossroom_c16r22.tgm.header,Tiny.VB,18566759,264
164c0e1c71df2ce9,salt_waste_bossroom_c16r23.tgm,Tiny.V1,18507873,991
2b0d1d4a84f1fefe,salt_waste_bossroom_c16r23.tgm.header,Tiny.V4,18964527,264
130394cb13f9bcd8,salt_waste_bossroom_c16r24.tgm,Tiny.VD,18281994,871
d43faf18e90dfdcf,salt_waste_bossroom_c16r24.tgm.header,Tiny.V2,18707724,264
65753a1dd33da14f,salt_waste_bossroom_c15r3.tgm,Streaming/Content/data/worldareas/37/p2_1.vworld,0,4875
de2a1861a5180f62,salt_waste_bossroom_c15r3.tgm.header,Tiny.V8,18692913,264
119524bf3aedf210,salt_waste_bossroom_c15r4.tgm,Tiny.V8,18693177,3341
5ac02841dd6bfc74,salt_waste_bossroom_c15r4.tgm.header,Tiny.V1,18506281,264
eefb874c7ee18906,salt_waste_bossroom_c15r5.tgm,Streaming/Content/data/worldareas/CE/p2_1.vworld,1146532,5035
be9ac24698341180,salt_waste_bossroom_c15r5.tgm.header,Tiny.V4,18963400,264
48cbc86fa6762443,salt_waste_bossroom_c15r6.tgm,Tiny.VA,18647119,3943
592a3c1694a1d9aa,salt_waste_bossroom_c15r6.tgm.header,Tiny.VE,18520985,264
51cb91d123afa250,salt_waste_bossroom_c15r7.tgm,Tiny.VE,18521249,779
a96dea9eb629120c,salt_waste_bossroom_c15r7.tgm.header,Tiny.V2,18706883,264
566dd782d5002f13,salt_waste_bossroom_c15r8.tgm,Tiny.VF,18784032,361
6006a50c5d642674,salt_waste_bossroom_c15r8.tgm.header,Tiny.VE,18522028,264
ae0aece15c418c1a,salt_waste_bossroom_c15r9.tgm,Tiny.V0,18833107,325
d7b1bac00ab3e266,salt_waste_bossroom_c15r9.tgm.header,Tiny.V3,18441416,264
db91d631faee29d5,salt_waste_bossroom_c15r1.tgm,Streaming/Content/data/worldareas/45/p2_1.vworld,566708,4625
b83015b83462e4e3,salt_waste_bossroom_c15r1.tgm.header,Tiny.V3,18440533,264
3f47d1a564d8c58b,salt_waste_bossroom_c15r10.tgm,Tiny.V1,18504322,457
1c0f45c17fb3c6a7,salt_waste_bossroom_c15r10.tgm.header,Tiny.V1,18506017,264
ebc571c41dd5aede,salt_waste_bossroom_c15r11.tgm,Tiny.V1,18504779,673
d1a16c8c01cccd3c,salt_waste_bossroom_c15r11.tgm.header,Tiny.V6,18514673,264
6f9aafdcf9455490,salt_waste_bossroom_c15r12.tgm,Tiny.V1,18505452,565
3ffcab0bd4d4b4bd,salt_waste_bossroom_c15r12.tgm.header,Tiny.VC,18521381,264
928dadc359fc769d,salt_waste_bossroom_c15r13.tgm,Tiny.VC,18521645,457
7e00c70c6a976597,salt_waste_bossroom_c15r13.tgm.header,Tiny.V1,18506017,264
3d35231b1e997151,salt_waste_bossroom_c15r14.tgm,Tiny.VE,18519845,349
dbf81690fe19f97b,salt_waste_bossroom_c15r14.tgm.header,Tiny.VF,18783768,264
3e202127961189d5,salt_waste_bossroom_c15r15.tgm,Tiny.VF,18782560,271
febac0286ab3da0a,salt_waste_bossroom_c15r15.tgm.header,Tiny.VF,18782831,264
914b27ae3a7e6781,salt_waste_bossroom_c15r16.tgm,Tiny.VE,18520194,791
4afec8b162120669,salt_waste_bossroom_c15r16.tgm.header,Tiny.VF,18783095,264
8cea4ca6066542ad,salt_waste_bossroom_c15r17.tgm,Tiny.V0,18832506,601
885fbaa2880c1a8e,salt_waste_bossroom_c15r17.tgm.header,Tiny.V2,18706006,264
ddceaa7dee5ec216,salt_waste_bossroom_c15r18.tgm,Tiny.VA,18646338,517
9cc52f4fba9e3def,salt_waste_bossroom_c15r18.tgm.header,Tiny.V3,18440797,264
cf7c7755cad6aa4e,salt_waste_bossroom_c15r19.tgm,Tiny.VF,18783359,409
ee2071ff9681d704,salt_waste_bossroom_c15r19.tgm.header,Tiny.VC,18522102,264
069b8ba38d2844d0,salt_waste_bossroom_c15r2.tgm,Streaming/Content/data/worldareas/84/p2_1.vworld,63529,6317
15baec42662190f9,salt_waste_bossroom_c15r2.tgm.header,Tiny.VD,18281466,264
205608987a9c8947,salt_waste_bossroom_c15r20.tgm,Tiny.V2,18706270,349
fe91ce5a8f37e897,salt_waste_bossroom_c15r20.tgm.header,Tiny.VF,18783768,264
d5854d3bf51d881b,salt_waste_bossroom_c15r21.tgm,Tiny.V8,18692648,265
85f34181c0e93efd,salt_waste_bossroom_c15r21.tgm.header,Tiny.V9,18851425,264
b4009365e48a3ace,salt_waste_bossroom_c15r22.tgm,Tiny.V5,18380153,403
d93d76b447335055,salt_waste_bossroom_c15r22.tgm.header,Tiny.V2,18706619,264
5875bf0d72fa7799,salt_waste_bossroom_c15r23.tgm,Streaming/Content/data/worldareas/F9/p2_1.vworld,1425644,7362247
1dae47dbdb32581d,salt_waste_bossroom_c15r23.tgm.header,Content/data/balance/worldareas/p2_1.vworld,1424906,7038
feb0467395d6004c,salt_waste_bossroom_c15r24.tgm,Tiny.V3,18441061,355
279a245357522ed8,salt_waste_bossroom_c15r24.tgm.header,Tiny.VA,18646855,264
8b077358ca3fc766,salt_waste_bossroom_c14r3.tgm,Tiny.VC,18519908,1473
16a7b49b9b5649d9,salt_waste_bossroom_c14r3.tgm.header,Tiny.VF,18782032,264
9c788866181758bb,salt_waste_bossroom_c14r4.tgm,Tiny.V8,18687580,3995
bda1e580234978d2,salt_waste_bossroom_c14r4.tgm.header,Tiny.V2,18705700,306
17e0660d36571b57,salt_waste_bossroom_c14r5.tgm,Tiny.VA,18644838,959
496ab7d36b4de1ed,salt_waste_bossroom_c14r5.tgm.header,Tiny.VB,18565365,264
4f79d158c48417c2,salt_waste_bossroom_c14r6.tgm,Tiny.V8,18691575,1073
84285edaf01ac39b,salt_waste_bossroom_c14r6.tgm.header,Tiny.V3,18439638,264
38d1f353d3da3b20,salt_waste_bossroom_c14r7.tgm,Tiny.VE,18519042,803
26e10591418ac1d8,salt_waste_bossroom_c14r7.tgm.header,Tiny.V9,18850897,264
d78d3767cfd65163,salt_waste_bossroom_c14r8.tgm,Tiny.V3,18439902,631
ae5960f0aa99acc4,salt_waste_bossroom_c14r8.tgm.header,Tiny.VF,18782296,264
1343b5d09b518174,salt_waste_bossroom_c14r9.tgm,Tiny.VA,18645797,541
15db71abc0254506,salt_waste_bossroom_c14r9.tgm.header,Tiny.V9,18851161,264
04a1a094216767a1,salt_waste_bossroom_c14r1.tgm,Tiny.V0,18829989,1989
747157c46df83352,salt_waste_bossroom_c14r1.tgm.header,Tiny.V4,18960589,264
d667dd171a5e8f4c,salt_waste_bossroom_c14r10.tgm,Tiny.V3,18438875,763
51c4ccfad915bca1,salt_waste_bossroom_c14r10.tgm.header,Tiny.V5,18379889,264
ad1e699846a0a5f8,salt_waste_bossroom_c14r11.tgm,Tiny.V6,18512145,1195
4c4181552e2ac2f7,salt_waste_bossroom_c14r11.tgm.header,Tiny.V6,18513340,264
c03c5204120699d4,salt_waste_bossroom_c14r12.tgm,Streaming/Content/data/worldareas/F3/p2_1.vworld,0,17665617
a15ca3d9081a383f,salt_waste_bossroom_c14r12.tgm.header,Content/data/balance/worldareas/p2_1.vworld,1393054,22482
49fa3562ca3f05d4,salt_waste_bossroom_c14r13.tgm,Tiny.VC,18516994,643
e3b72c3b1ed2267f,salt_waste_bossroom_c14r13.tgm.header,Tiny.VB,18564573,264
0da2adf9080b1238,salt_waste_bossroom_c14r14.tgm,Tiny.VF,18781557,475
390d7aecb501f752,salt_waste_bossroom_c14r14.tgm.header,Tiny.V8,18686115,264
9642cb04813bb29a,salt_waste_bossroom_c14r15.tgm,Tiny.V1,18503907,415
46044249e34a7a7f,salt_waste_bossroom_c14r15.tgm.header,Tiny.VB,18564837,264
2b2708ea604e5fdd,salt_waste_bossroom_c14r16.tgm,Tiny.V6,18513604,805
569c76a18f66881a,salt_waste_bossroom_c14r16.tgm.header,Tiny.V0,18831978,264
8a9e2b5360aeeace,salt_waste_bossroom_c14r17.tgm,Tiny.VE,18517559,1219
6d522be112dee130,salt_waste_bossroom_c14r17.tgm.header,Tiny.V6,18514409,264
c65b9a15ea0e6586,salt_waste_bossroom_c14r18.tgm,Tiny.V4,18960853,1075
7d6cb51770b0d5ae,salt_waste_bossroom_c14r18.tgm.header,Tiny.V8,18686379,264
ae43091386ec0693,salt_waste_bossroom_c14r19.tgm,Tiny.V8,18686643,937
952a947351d6bae6,salt_waste_bossroom_c14r19.tgm.header,Tiny.VB,18565101,264
14b37aeff197a8e1,salt_waste_bossroom_c14r2.tgm,Tiny.VC,18517637,2271
b049fb820ed27465,salt_waste_bossroom_c14r2.tgm.header,Tiny.V9,18849887,264
7be33b4c2b3475a3,salt_waste_bossroom_c14r20.tgm,Tiny.V4,18961928,733
ae0dd13f590ba895,salt_waste_bossroom_c14r20.tgm.header,Tiny.V0,18832242,264
ce129e4357d99aef,salt_waste_bossroom_c14r21.tgm,Streaming/Content/data/worldareas/FA/p2_1.vworld,6857,1497443
071298f8d6e15daa,salt_waste_bossroom_c14r21.tgm.header,Content/data/balance/worldareas/p2_1.vworld,1415536,9370
7f677e91ea3fd37d,salt_waste_bossroom_c14r22.tgm,Tiny.V4,18962661,739
a00f8db4cd671000,salt_waste_bossroom_c14r22.tgm.header,Tiny.VE,18518778,264
bbe8ba30fcaefe64,salt_waste_bossroom_c14r23.tgm,Streaming/Content/data/worldareas/11/p2_1.vworld,1398276,831251
ca2b45dd2f3f5af6,salt_waste_bossroom_c14r23.tgm.header,Tiny.V9,18850151,746
37b95e06e8c06353,salt_waste_bossroom_c14r24.tgm,Tiny.V2,18704847,589
50dd63d35be6b59d,salt_waste_bossroom_c14r24.tgm.header,Tiny.V2,18705436,264
e30b08a6814d7fa2,salt_waste_bossroom_c13r3.tgm,Streaming/Content/data/worldareas/57/p2_1.vworld,1408987,5935
09406bfc833d9c6f,salt_waste_bossroom_c13r3.tgm.header,Tiny.VA,18643347,264
f80bf9afe2dc473b,salt_waste_bossroom_c13r4.tgm,Streaming/Content/data/balance/worldareas/E7/p2_1.vworld,0,5409
9b26ef05aa460b7a,salt_waste_bossroom_c13r4.tgm.header,Tiny.V6,18511881,264
01fdc8c391fe025f,salt_waste_bossroom_c13r5.tgm,Streaming/Content/data/worldareas/C5/p2_1.vworld,1970841,5441
bb6d12c4e8d8715f,salt_waste_bossroom_c13r5.tgm.header,Tiny.VF,18780190,264
4a2a2d53b6353172,salt_waste_bossroom_c13r6.tgm,Streaming/Content/data/worldareas/DE/p2_1.vworld,1538353,4325
383007aef4ba0958,salt_waste_bossroom_c13r6.tgm.header,Tiny.V5,18379625,264
62bd3c6656a6d6ed,salt_waste_bossroom_c13r7.tgm,Tiny.VA,18643611,1227
4699be93499d5762,salt_waste_bossroom_c13r7.tgm.header,Tiny.V2,18704583,264
6aaa72ccc7dd89a6,salt_waste_bossroom_c13r8.tgm,Tiny.VF,18780454,839
e8b276a74e944593,salt_waste_bossroom_c13r8.tgm.header,Tiny.VF,18781293,264
b1b10813e82d32df,salt_waste_bossroom_c13r9.tgm,Tiny.V0,18829604,385
c4edae90bac1f557,salt_waste_bossroom_c13r9.tgm.header,Tiny.V3,18437902,264
60586942b35a8c0c,salt_waste_bossroom_c13r1.tgm,Streaming/Content/data/worldareas/7A/p2_1.vworld,2796364,4683
33069d316f123094,salt_waste_bossroom_c13r1.tgm.header,Tiny.V4,18960325,264
d19ac63c002860d1,salt_waste_bossroom_c13r10.tgm,Tiny.VA,18642392,691
88bf9a3c0007fdeb,salt_waste_bossroom_c13r10.tgm.header,Tiny.V8,18685587,264
209b4830051aeb0b,salt_waste_bossroom_c13r11.tgm,Tiny.VF,18778875,1051
44e4980e5a3fb72b,salt_waste_bossroom_c13r11.tgm.header,Tiny.V3,18437638,264
0ee16152f06b82d4,salt_waste_bossroom_c13r12.tgm,Tiny.V0,18827825,811
e89652929c1211b3,salt_waste_bossroom_c13r12.tgm.header,Tiny.VB,18563582,264
1c0fc78299aa2996,salt_waste_bossroom_c13r13.tgm,Tiny.V7,18502376,571
70a6bf49117cf4fc,salt_waste_bossroom_c13r13.tgm.header,Tiny.V1,18502009,264
57dc705113ddb285,salt_waste_bossroom_c13r14.tgm,Tiny.V6,18511430,451
b86aef1646e6b4d8,salt_waste_bossroom_c13r14.tgm.header,Tiny.V9,18849623,264
39a8159f8eeead1a,salt_waste_bossroom_c13r15.tgm,Tiny.V0,18828636,385
30041548d35ab024,salt_waste_bossroom_c13r15.tgm.header,Tiny.V3,18437902,264
10e4aa4aa57443d3,salt_waste_bossroom_c13r16.tgm,Tiny.V0,18829021,583
34ee57fb0a49239b,salt_waste_bossroom_c13r16.tgm.header,Tiny.V5,18379097,264
edbf18029ccca349,salt_waste_bossroom_c13r17.tgm,Tiny.VD,18280367,835
0ebd70b709f4a974,salt_waste_bossroom_c13r17.tgm.header,Tiny.V1,18502273,264
8a99c9857c5ced4e,salt_waste_bossroom_c13r18.tgm,Tiny.V1,18502537,715
b39aca0caaf3be57,salt_waste_bossroom_c13r18.tgm.header,Tiny.VA,18643083,264
e5c69add45337588,salt_waste_bossroom_c13r19.tgm,Tiny.V1,18503252,655
66582976cf32676a,salt_waste_bossroom_c13r19.tgm.header,Tiny.V8,18685851,264
77103a0f8e278585,salt_waste_bossroom_c13r2.tgm,Streaming/Content/data/balance/worldareas/FB/hideoutsacrifice.vworld,842280,6387
78d6c917f1ed479d,salt_waste_bossroom_c13r2.tgm.header,Tiny.VD,18281202,264
a285312451728c78,salt_waste_bossroom_c13r20.tgm,Tiny.VB,18563846,463
048e5455cc26adb9,salt_waste_bossroom_c13r20.tgm.header,Tiny.V2,18703958,264
8b21e41b02cf0e80,salt_waste_bossroom_c13r21.tgm,Tiny.V7,18502947,295
23df046cc88f317e,salt_waste_bossroom_c13r21.tgm.header,Tiny.V5,18379361,264
71f5f2457b89911a,salt_waste_bossroom_c13r22.tgm,Tiny.VE,18517072,487
86eb61ebe121ca99,salt_waste_bossroom_c13r22.tgm.header,Tiny.V3,18438166,264
b9b0e32a51e5806e,salt_waste_bossroom_c13r23.tgm,Tiny.V3,18438430,445
9914bba855987f98,salt_waste_bossroom_c13r23.tgm.header,Tiny.VF,18779926,264
38c25c1b67527324,salt_waste_bossroom_c13r24.tgm,Tiny.V2,18704222,361
8ccdfc8ff8589977,salt_waste_bossroom_c13r24.tgm.header,Tiny.VB,18564309,264
8e243f603957419f,salt_waste_bossroom_c12r3.tgm,Streaming/Content/data/worldareas/45/p2_1.vworld,560161,6547
4b7ebdc86faaa4c1,salt_waste_bossroom_c12r3.tgm.header,Tiny.VE,18516808,264
67ab2f9c8a0d73c7,salt_waste_bossroom_c12r4.tgm,Streaming/Content/data/worldareas/4C/p2_1.vworld,1846322,6191
03d5e0c5e623288f,salt_waste_bossroom_c12r4.tgm.header,Tiny.V8,18682762,264
08352507d4f713f1,salt_waste_bossroom_c12r5.tgm,Streaming/Content/data/worldareas/DE/p2_1.vworld,1532316,6037
c4545c4c115f6407,salt_waste_bossroom_c12r5.tgm.header,Tiny.V7,18502112,264
1abfcf3d59285255,salt_waste_bossroom_c12r6.tgm,Streaming/Content/data/worldareas/21/p2_1.vworld,960303,5843
f51d4428691f3b21,salt_waste_bossroom_c12r6.tgm.header,Tiny.V6,18511166,264
6a62d8e44f3e5103,salt_waste_bossroom_c12r7.tgm,Streaming/Content/data/worldareas/17/p2_1.vworld,315305,5981
deeff1e29f19c395,salt_waste_bossroom_c12r7.tgm.header,Tiny.VD,18280103,264
7e6061f9a2130622,salt_waste_bossroom_c12r8.tgm,Streaming/Content/data/worldareas/13/p2_1.vworld,2796388,5033
f9032cecb7c23782,salt_waste_bossroom_c12r8.tgm.header,Tiny.V5,18378833,264
2785f5efbbf1e44b,salt_waste_bossroom_c12r9.tgm,Tiny.V8,18683026,2561
ebbe58da04c9f74c,salt_waste_bossroom_c12r9.tgm.header,Tiny.VB,18563318,264
b76a4c304febae32,salt_waste_bossroom_c12r1.tgm,Streaming/Content/data/balance/worldareas/99/g4_8a.vworld,294676,5589
436cbdf72ba89dff,salt_waste_bossroom_c12r1.tgm.header,Tiny.VC,18516202,264
ead3cbe24309b7c4,salt_waste_bossroom_c12r10.tgm,Tiny.VB,18560696,331
a009dca31301bf7c,salt_waste_bossroom_c12r10.tgm.header,Tiny.V7,18501584,264
c839629a343fbcc7,salt_waste_bossroom_c12r11.tgm,Tiny.VE,18512906,481
b3746fcfb3c68e30,salt_waste_bossroom_c12r11.tgm.header,Tiny.V6,18509911,264
3a42883f25f8f205,salt_waste_bossroom_c12r12.tgm,Tiny.VB,18561027,2027
5ebb9db4eda5c402,salt_waste_bossroom_c12r12.tgm.header,Tiny.V6,18510175,264
984bd94f84452ee4,salt_waste_bossroom_c12r13.tgm,Tiny.VA,18641707,421
83ee8ed8e3d7a9a1,salt_waste_bossroom_c12r13.tgm.header,Tiny.V7,18501848,264
238dbd04df4d2a2a,salt_waste_bossroom_c12r14.tgm,Tiny.VD,18279742,361
897b02f176371f58,salt_waste_bossroom_c12r14.tgm.header,Tiny.VB,18564309,264
a094cf0c006338d3,salt_waste_bossroom_c12r15.tgm,Tiny.V8,18681368,355
05732dccf54a43a9,salt_waste_bossroom_c12r15.tgm.header,Tiny.VA,18646855,264
488d38120fefd93a,salt_waste_bossroom_c12r16.tgm,Tiny.V2,18700437,3521
1d2fe174d89d5d79,salt_waste_bossroom_c12r16.tgm.header,Tiny.VA,18642128,264
5625ec344f4f7157,salt_waste_bossroom_c12r17.tgm,Streaming/Content/data/worldareas/8D/mapswamptower.vworld,526222,5429
0bdde9148db444f3,salt_waste_bossroom_c12r17.tgm.header,Tiny.VF,18778083,264
7b0c7480b55c685f,salt_waste_bossroom_c12r18.tgm,Streaming/Content/data/worldareas/5D/p2_1.vworld,864975,4709
e54fe9c9227599b4,salt_waste_bossroom_c12r18.tgm.header,Tiny.VF,18778347,264
1afd78c8c7ee03a7,salt_waste_bossroom_c12r19.tgm,Streaming/Content/data/worldareas/DA/p2_1.vworld,680082,5107
45fa7b734cccd6c6,salt_waste_bossroom_c12r19.tgm.header,Tiny.V5,18378569,264
5036a534f391450f,salt_waste_bossroom_c12r2.tgm,Streaming/Content/data/worldareas/DF/p2_1.vworld,2469085,6879
a2e9b331b4acb874,salt_waste_bossroom_c12r2.tgm.header,Tiny.VC,18516466,264
0cde481b2f897a30,salt_waste_bossroom_c12r20.tgm,Streaming/Content/data/worldareas/6D/p2_1.vworld,575999,5815
32af7d2f565f431d,salt_waste_bossroom_c12r20.tgm.header,Tiny.V1,18500826,264
3916302457e58ad0,salt_waste_bossroom_c12r21.tgm,Tiny.VE,18513387,3421
48c73f04a59e49ab,salt_waste_bossroom_c12r21.tgm.header,Tiny.VB,18563054,264
b4412d39378e971a,salt_waste_bossroom_c12r22.tgm,Tiny.V8,18681723,1039
bd212853a4ad4e28,salt_waste_bossroom_c12r22.tgm.header,Tiny.V0,18827561,264
f3662b31a20731c7,salt_waste_bossroom_c12r23.tgm,Tiny.V1,18501090,919
d91951ebbfc14bbc,salt_waste_bossroom_c12r23.tgm.header,Tiny.VC,18516730,264
8be0530c1a20da69,salt_waste_bossroom_c12r24.tgm,Tiny.V6,18510439,727
58d3e5e346ba1877,salt_waste_bossroom_c12r24.tgm.header,Tiny.VF,18778611,264
3194b707c3721093,salt_waste_bossroom_c11r3.tgm,Streaming/Content/data/balance/worldareas/27/p2_1.vworld,310267,5763
42f53bd100e5eeb9,salt_waste_bossroom_c11r3.tgm.header,Tiny.V1,18500298,264
3f1dff33fe727020,salt_waste_bossroom_c11r4.tgm,Streaming/Content/data/worldareas/32/p2_1.vworld,981145,5273
bb25797054a32b39,salt_waste_bossroom_c11r4.tgm.header,Tiny.V5,18378305,264
4ec6d21f23ecccde,salt_waste_bossroom_c11r5.tgm,Streaming/Content/data/worldareas/98/p2_1.vworld,5848203,6349
50b5a03ad2c924be,salt_waste_bossroom_c11r5.tgm.header,Tiny.V1,18500562,264
172ccd6984bfc46b,salt_waste_bossroom_c11r6.tgm,Streaming/Content/data/balance/worldareas/0B/p2_1.vworld,17019,5465
03b8363be7be60de,salt_waste_bossroom_c11r6.tgm.header,Tiny.V4,18960061,264
9d36483d48bd4952,salt_waste_bossroom_c11r7.tgm,Streaming/Content/data/worldareas/30/p2_1.vworld,3102343,6449
79bf2c25fa8d6a70,salt_waste_bossroom_c11r7.tgm.header,Tiny.V8,18681104,264
1a955d7ce4d2b7fb,salt_waste_bossroom_c11r8.tgm,Streaming/Content/data/balance/worldareas/D4/g4_11_1b.vworld,475855,7601
4a80afd04cd1e6d5,salt_waste_bossroom_c11r8.tgm.header,Tiny.VA,18641443,264
6b012035adbaa48f,salt_waste_bossroom_c11r9.tgm,Streaming/Content/data/worldareas/43/p2_1.vworld,4586793,5303
dd12bf8416291d4d,salt_waste_bossroom_c11r9.tgm.header,Tiny.V2,18700173,264
20da2e0aa9076269,salt_waste_bossroom_c11r1.tgm,Streaming/Content/data/balance/worldareas/7B/g5_11_1.vworld,326295,5177
c32576e6f4ceac90,salt_waste_bossroom_c11r1.tgm.header,Tiny.V7,18500281,264
cba5a86b5fe9c2aa,salt_waste_bossroom_c11r10.tgm,Tiny.V4,18959011,731
3c39b0961b2dde44,salt_waste_bossroom_c11r10.tgm.header,Tiny.V7,18500545,264
63107b75d27a2067,salt_waste_bossroom_c11r11.tgm,Tiny.VB,18559368,271
cb2401b23eb5d05f,salt_waste_bossroom_c11r11.tgm.header,Tiny.VD,18278950,264
afd6be9243a3675c,salt_waste_bossroom_c11r12.tgm,Tiny.V6,18509346,301
8424e29a2ea14fde,salt_waste_bossroom_c11r12.tgm.header,Tiny.V0,18823969,264
1f109736df4c02d9,salt_waste_bossroom_c11r13.tgm,Tiny.V8,18680275,301
24883d84d63ac9ee,salt_waste_bossroom_c11r13.tgm.header,Tiny.V0,18823969,264
618fd817707b3c8b,salt_waste_bossroom_c11r14.tgm,Tiny.V4,18959742,319
b6713070f5202094,salt_waste_bossroom_c11r14.tgm.header,Tiny.V8,18680576,264
8e57d7be31d093bf,salt_waste_bossroom_c11r15.tgm,Tiny.VA,18640190,725
344179c6be064c6b,salt_waste_bossroom_c11r15.tgm.header,Tiny.V0,18827297,264
ac80e45eae347ebb,salt_waste_bossroom_c11r16.tgm,Streaming/Content/data/worldareas/C9/p2_1.vworld,5998928,814155
c5f3ef7e90c27593,salt_waste_bossroom_c11r16.tgm.header,Tiny.V2,18696611,3562
91d3dd4579f7ab05,salt_waste_bossroom_c11r17.tgm,Streaming/Content/data/worldareas/FA/p2_1.vworld,0,6857
5eec9159c655e8e5,salt_waste_bossroom_c11r17.tgm.header,Tiny.VA,18640915,264
341cad25aff45540,salt_waste_bossroom_c11r18.tgm,Streaming/Content/data/worldareas/EE/p2_1.vworld,5866924,5669
99764a861031075d,salt_waste_bossroom_c11r18.tgm.header,Tiny.VD,18279214,264
e2b549d0349547ae,salt_waste_bossroom_c11r19.tgm,Streaming/Content/data/worldareas/86/p2_1.vworld,699212,6265
5835eaa8b57595ed,salt_waste_bossroom_c11r19.tgm.header,Tiny.VE,18512378,264
5e67b487a103878e,salt_waste_bossroom_c11r2.tgm,Streaming/Content/data/worldareas/A1/p2_1.vworld,1053748,6917
df1089a9b48f8d6c,salt_waste_bossroom_c11r2.tgm.header,Tiny.V6,18509647,264
86102902955bca92,salt_waste_bossroom_c11r20.tgm,Streaming/Content/data/worldareas/2B/p2_1.vworld,448812,5929
69bec5bdd65623ae,salt_waste_bossroom_c11r20.tgm.header,Tiny.V8,18680840,264
edc5cc76a9015408,salt_waste_bossroom_c11r21.tgm,Streaming/Content/data/worldareas/66/p2_1.vworld,2836537,5309
8d9af4f2a9c57a7e,salt_waste_bossroom_c11r21.tgm.header,Tiny.VE,18512642,264
e3a2c8c4019cb9ea,salt_waste_bossroom_c11r22.tgm,Tiny.VB,18559639,1057
61a78a6746c4e918,salt_waste_bossroom_c11r22.tgm.header,Tiny.VD,18279478,264
dbe51fd06b4954e6,salt_waste_bossroom_c11r23.tgm,Tiny.V7,18500809,775
84f597728667ceba,salt_waste_bossroom_c11r23.tgm.header,Tiny.V1,18500034,264
a7aa4fbad05da1af,salt_waste_bossroom_c11r24.tgm,Tiny.VC,18515535,667
4fe6e34d04d13327,salt_waste_bossroom_c11r24.tgm.header,Tiny.VA,18641179,264
f32423d7caf12bf4,salt_waste_bossroom_c10r3.tgm,Tiny.VB,18557145,2223
c58c3bc49d155fa1,salt_waste_bossroom_c10r3.tgm.header,Tiny.VC,18515271,264
9ca79afddb2aac74,salt_waste_bossroom_c10r4.tgm,Streaming/Content/data/worldareas/75/p2_1.vworld,583866,230943
9432b2e75e16238f,salt_waste_bossroom_c10r4.tgm.header,Tiny.V6,18508996,350
537c71c496acef1a,salt_waste_bossroom_c10r5.tgm,Tiny.V0,18825568,1729
77e6587b88fd3eeb,salt_waste_bossroom_c10r5.tgm.header,Tiny.V3,18437110,264
86ab2700f883d556,salt_waste_bossroom_c10r6.tgm,Tiny.VD,18276987,1963
4576026c0c5b61e9,salt_waste_bossroom_c10r6.tgm.header,Tiny.VA,18639926,264
148f24d6297b4f2d,salt_waste_bossroom_c10r7.tgm,Streaming/Content/data/worldareas/59/p2_1.vworld,5592728,5477
be0a0eef428a1486,salt_waste_bossroom_c10r7.tgm.header,Tiny.VF,18777819,264
18f034b42760cc0d,salt_waste_bossroom_c10r8.tgm,Streaming/Content/data/worldareas/EE/p2_1.vworld,5859677,7247
a3467e841db8da57,salt_waste_bossroom_c10r8.tgm.header,Tiny.V4,18958747,264
3aca3f842aef45d3,salt_waste_bossroom_c10r9.tgm,Streaming/Content/data/balance/worldareas/18/hideoutsacrifice.vworld,6074398,6009
d8fe340bbf1ad1e6,salt_waste_bossroom_c10r9.tgm.header,Tiny.V3,18437374,264
e00691a019169bf8,salt_waste_bossroom_c10r1.tgm,Tiny.V0,18821422,2547
d01c6373db755b20,salt_waste_bossroom_c10r1.tgm.header,Tiny.V9,18848350,264
e7c39887f6a4cdc1,salt_waste_bossroom_c10r10.tgm,Tiny.V3,18435051,1795
363e436a19647ef6,salt_waste_bossroom_c10r10.tgm.header,Tiny.V9,18848614,264
8484b399280ef9ad,salt_waste_bossroom_c10r11.tgm,Tiny.VD,18275055,1043
4f11aa75693cd008,salt_waste_bossroom_c10r11.tgm.header,Tiny.VC,18512112,264
12e151337d14cffd,salt_waste_bossroom_c10r12.tgm,Tiny.V6,18506542,1175
575eec646dff3f51,salt_waste_bossroom_c10r12.tgm.header,Tiny.VA,18639662,264
3e6b063e4355f6df,salt_waste_bossroom_c10r13.tgm,Tiny.V7,18499904,377
16b3e262a3f2ae19,salt_waste_bossroom_c10r13.tgm.header,Tiny.VF,18777291,264
aacafde8af8d0d29,salt_waste_bossroom_c10r14.tgm,Tiny.V4,18958182,301
9dd932e594f5d1ab,salt_waste_bossroom_c10r14.tgm.header,Tiny.V0,18823969,264
6095c202c0975a5e,salt_waste_bossroom_c10r15.tgm,Tiny.V0,18824233,1335
5b6c6b1fe497c016,salt_waste_bossroom_c10r15.tgm.header,Tiny.V8,18680011,264
924a64d312f1fb19,salt_waste_bossroom_c10r16.tgm,Streaming/Content/data/worldareas/6E/p2_1.vworld,1535086,6895
aa7fa1c846efd4ef,salt_waste_bossroom_c10r16.tgm.header,Tiny.VC,18512376,264
f70321ad52c53bc2,salt_waste_bossroom_c10r17.tgm,Streaming/Content/data/worldareas/16/p2_1.vworld,727030,5731
9d3eca1d78344bb0,salt_waste_bossroom_c10r17.tgm.header,Tiny.VF,18777555,264
0e3c073ec96c3d33,salt_waste_bossroom_c10r18.tgm,Streaming/Content/data/worldareas/A0/p2_1.vworld,33936,5197
27360496085e1935,salt_waste_bossroom_c10r18.tgm.header,Tiny.V6,18507717,264
07a0d19bf90a5c8e,salt_waste_bossroom_c10r19.tgm,Streaming/Content/data/worldareas/CC/p2_1.vworld,1003864,4643
ac4913836a2a2b7e,salt_waste_bossroom_c10r19.tgm.header,Tiny.V6,18507981,264
4db80cb4b298d808,salt_waste_bossroom_c10r2.tgm,Tiny.VC,18512640,2367
d72575ecc7f27d64,salt_waste_bossroom_c10r2.tgm.header,Tiny.V3,18436846,264
31c3ec15b74df908,salt_waste_bossroom_c10r20.tgm,Streaming/Content/data/worldareas/00/p2_1.vworld,2833227,5849
1091b0935a9ef0e7,salt_waste_bossroom_c10r20.tgm.header,Tiny.V6,18508245,264
085b880bb341fdbc,salt_waste_bossroom_c10r21.tgm,Tiny.V5,18373984,4057
995b98992c5eee06,salt_waste_bossroom_c10r21.tgm.header,Tiny.VC,18515007,264
2eb2b385b9cabfe8,salt_waste_bossroom_c10r22.tgm,Tiny.V6,18508509,487
74b20f5b8db9fc73,salt_waste_bossroom_c10r22.tgm.header,Tiny.VB,18556881,264
400597277dc2c2b2,salt_waste_bossroom_c10r23.tgm,Tiny.V9,18848878,745
6b4fe48fba5c4ba3,salt_waste_bossroom_c10r23.tgm.header,Tiny.V5,18378041,264
28c2b861e4662cb2,salt_waste_bossroom_c10r24.tgm,Tiny.VD,18276098,889
651fb45a982ccf63,salt_waste_bossroom_c10r24.tgm.header,Tiny.V4,18958483,264
d29b6d618c83b87b,salt_waste_bossroom_c1r3.tgm,Tiny.V1,18512855,631
e0dbf53a5b16592d,salt_waste_bossroom_c1r3.tgm.header,Tiny.V1,18513486,264
cd62057373f8a476,salt_waste_bossroom_c1r4.tgm,Tiny.V8,18700638,1093
9f291871f2db9612,salt_waste_bossroom_c1r4.tgm.header,Tiny.V5,18382289,264
e57c61b8ec0b173a,salt_waste_bossroom_c1r5.tgm,Tiny.V2,18713468,1477
0f82cebf08fe2703,salt_waste_bossroom_c1r5.tgm.header,Tiny.VC,18527174,264
7a2ceffb33692170,salt_waste_bossroom_c1r6.tgm,Tiny.VD,18288888,1285
03437641ea9d3b41,salt_waste_bossroom_c1r6.tgm.header,Tiny.VD,18290173,264
be39e7de67085cad,salt_waste_bossroom_c1r7.tgm,Tiny.V2,18714945,427
14d4bbcfd4f54996,salt_waste_bossroom_c1r7.tgm.header,Tiny.VE,18525791,264
189f579555cb203c,salt_waste_bossroom_c1r8.tgm,Tiny.VB,18572589,931
3ece0d7340c4d009,salt_waste_bossroom_c1r8.tgm.header,Tiny.VE,18526055,264
e363b7cf76a3a806,salt_waste_bossroom_c1r9.tgm,Tiny.VB,18573520,451
734b3c3c9a30e33d,salt_waste_bossroom_c1r9.tgm.header,Tiny.V8,18701731,264
7ac12d1e49038b37,salt_waste_bossroom_c1r1.tgm,Tiny.V9,18862456,559
d49fc79b2c6ad7dd,salt_waste_bossroom_c1r1.tgm.header,Tiny.VE,18525527,264
9b761dcaad773b0d,salt_waste_bossroom_c1r10.tgm,Tiny.VB,18571237,331
d2c2cfd3f6592c8d,salt_waste_bossroom_c1r10.tgm.header,Tiny.VE,18536441,264
0fb099ba6252422b,salt_waste_bossroom_c1r11.tgm,Tiny.V9,18863015,595
59a715d32d0e3a2c,salt_waste_bossroom_c1r11.tgm.header,Tiny.VD,18288624,264
709f64914c4f6017,salt_waste_bossroom_c1r12.tgm,Tiny.V8,18699334,379
185baffd3822b3c3,salt_waste_bossroom_c1r12.tgm.header,Tiny.VB,18576902,264
57239635f87511e8,salt_waste_bossroom_c1r13.tgm,Tiny.V9,18863610,403
50d007d992b2c9ae,salt_waste_bossroom_c1r13.tgm.header,Tiny.V6,18526342,264
25b7153130363923,salt_waste_bossroom_c1r14.tgm,Tiny.V0,18838334,511
26d86186780f17e2,salt_waste_bossroom_c1r14.tgm.header,Tiny.V7,18505921,264
eab8a1e38a1a69d9,salt_waste_bossroom_c1r15.tgm,Tiny.V3,18449515,643
f591e2bd5ed1ff55,salt_waste_bossroom_c1r15.tgm.header,Tiny.VF,18786327,264
80789f414a39afc8,salt_waste_bossroom_c1r16.tgm,Tiny.V1,18511496,511
411e7c6180e26322,salt_waste_bossroom_c1r16.tgm.header,Tiny.V7,18505921,264
1aa2c7a7ec00bbdc,salt_waste_bossroom_c1r17.tgm,Tiny.V6,18517554,373
36edf37115978b85,salt_waste_bossroom_c1r17.tgm.header,Tiny.V8,18699713,264
b838f52fc2b5aa6b,salt_waste_bossroom_c1r18.tgm,Tiny.V2,18712668,265
888af1dd74873ed2,salt_waste_bossroom_c1r18.tgm.header,Tiny.V2,18712933,264
4b3994876a6c2d87,salt_waste_bossroom_c1r19.tgm,Tiny.V1,18512007,547
544a8336525d00d0,salt_waste_bossroom_c1r19.tgm.header,Tiny.V3,18450158,264
c746ed00dc4f5385,salt_waste_bossroom_c1r2.tgm,Tiny.VB,18571568,757
32a8f8aa3b9e8de3,salt_waste_bossroom_c1r2.tgm.header,Tiny.V3,18450422,264
6ca7348e179f23d2,salt_waste_bossroom_c1r20.tgm,Tiny.V8,18699977,661
52af6216931b0c60,salt_waste_bossroom_c1r20.tgm.header,Tiny.VB,18572325,264
f6c83ea2ff7341cf,salt_waste_bossroom_c1r21.tgm,Tiny.VA,18657553,391
9e0bc65212d5fc7b,salt_waste_bossroom_c1r21.tgm.header,Tiny.V5,18382025,264
39bd2c7acecd2158,salt_waste_bossroom_c1r22.tgm,Tiny.V2,18713197,271
ddd93f87ca6021c6,salt_waste_bossroom_c1r22.tgm.header,Tiny.VE,25187972,264
9cee4278dad54f4d,salt_waste_bossroom_c1r23.tgm,Tiny.V1,18512554,301
df7d688a845bbc4c,salt_waste_bossroom_c1r23.tgm.header,Tiny.VC,24192778,264
2f15e8da4fcdcbac,salt_waste_bossroom_c1r24.tgm,Tiny.V3,18450686,241
022a53a341036331,salt_waste_bossroom_c1r24.tgm.header,Tiny.V2,24136506,264
059c2e36d056abd9,saltwaste_building_landmark_01_c5r1.tgm,Streaming/Content/data/worldareas/75/p2_1.vworld,814809,157635
28cf037cd709d91e,saltwaste_building_landmark_01_c5r1.tgm.header,Tiny.V9,18887936,1934
e03a3cb868236811,saltwaste_building_landmark_01_c5r2.tgm,Streaming/Content/data/worldareas/6C/p2_1.vworld,10441825,287395
a1f041cbe9dac408,saltwaste_building_landmark_01_c5r2.tgm.header,Content/data/balance/worldareas/p2_1.vworld,1512140,4178
9b5b849967068b1c,saltwaste_building_landmark_01_c5r3.tgm,Streaming/Content/data/worldareas/2B/p2_1.vworld,454741,196253
51ce44c7a9cf8671,saltwaste_building_landmark_01_c5r3.tgm.header,Tiny.V5,18412779,3210
b20811cca42814fd,saltwaste_building_landmark_01_c5r4.tgm,Streaming/Content/data/worldareas/02/p2_1.vworld,1243123,208419
a030e44d5d268232,saltwaste_building_landmark_01_c5r4.tgm.header,Tiny.VD,18316641,3650
a8a4280742e5ce17,saltwaste_building_landmark_01_c5r5.tgm,Streaming/Content/data/worldareas/5D/p2_1.vworld,869684,88747
c145b33e533535a1,saltwaste_building_landmark_01_c5r5.tgm.header,Tiny.V4,18985056,1010
636aba63a2cc5199,saltwaste_building_landmark_01_c5r6.tgm,Streaming/Content/data/balance/worldareas/76/mapport.vworld,576990,41897
6af6edeca8d187a6,saltwaste_building_landmark_01_c5r6.tgm.header,Tiny.V9,18889870,1054
d912ac58134951f9,saltwaste_building_landmark_01_c4r1.tgm,Streaming/Content/data/worldareas/CD/p2_1.vworld,3511981,202289
785ad93cdb5ad777,saltwaste_building_landmark_01_c4r1.tgm.header,Tiny.V8,18730042,2286
22aadcb12ae6e3e8,saltwaste_building_landmark_01_c4r2.tgm,Streaming/Content/data/worldareas/22/p2_1.vworld,0,190953
78853d3f66dc56ad,saltwaste_building_landmark_01_c4r2.tgm.header,Tiny.V5,18409745,3034
d666441889f02159,saltwaste_building_landmark_01_c4r3.tgm,Streaming/Content/data/worldareas/ED/p2_1.vworld,2883831,239705
fa7846d199227f64,saltwaste_building_landmark_01_c4r3.tgm.header,Tiny.VE,18545021,3958
f2d93b03b8c029e3,saltwaste_building_landmark_01_c4r4.tgm,Streaming/Content/data/worldareas/A1/p2_1.vworld,1060665,263997
d344d2e91d24fc30,saltwaste_building_landmark_01_c4r4.tgm.header,Tiny.VC,18550830,3518
12d6fa0b45b2ccd8,saltwaste_building_landmark_01_c4r5.tgm,Streaming/Content/data/worldareas/D6/p2_1.vworld,6415,324701
82a1558eb9d8f009,saltwaste_building_landmark_01_c4r5.tgm.header,Tiny.V6,18532083,658
5b7eb30ebb24ff26,saltwaste_building_landmark_01_c4r6.tgm,Streaming/Content/data/worldareas/DE/p2_1.vworld,1542678,58979
83f01ffa0292604f,saltwaste_building_landmark_01_c4r6.tgm.header,Tiny.VB,18596185,570
ddad7fdcfa79bcff,saltwaste_building_landmark_01_c3r1.tgm,Streaming/Content/data/worldareas/13/p2_1.vworld,2807334,174383
ba2b5fba58584e3d,saltwaste_building_landmark_01_c3r1.tgm.header,Tiny.V7,18529182,1098
583f49de7a30ff45,saltwaste_building_landmark_01_c3r2.tgm,Streaming/Content/data/worldareas/00/p2_1.vworld,4119292,57355
3e11742ec2f639c4,saltwaste_building_landmark_01_c3r2.tgm.header,Tiny.V7,18530280,1626
2c1074239f3fa76e,saltwaste_building_landmark_01_c3r3.tgm,Streaming/Content/data/worldareas/02/p2_1.vworld,1192734,50389
dc91fc4d531d7143,saltwaste_building_landmark_01_c3r3.tgm.header,Tiny.V8,18728460,1582
121937275dcba2a1,saltwaste_building_landmark_01_c3r4.tgm,Streaming/Content/data/worldareas/8E/p2_1.vworld,3046427,111683
d8f4da8ab93875ed,saltwaste_building_landmark_01_c3r4.tgm.header,Tiny.V3,18472514,1054
7d7e2ce5e8fa7eb8,saltwaste_building_landmark_01_c3r5.tgm,Tiny.VF,18809205,2511
d711fe97fee7a759,saltwaste_building_landmark_01_c3r5.tgm.header,Tiny.VC,18550566,264
9c11789221dddb4e,saltwaste_building_landmark_01_c3r6.tgm,Tiny.VE,18544516,241
182a8f295c77a563,saltwaste_building_landmark_01_c3r6.tgm.header,Tiny.VE,18544757,264
d9bdb64acc3a4a04,saltwaste_building_landmark_01_c2r1.tgm,Streaming/Content/data/worldareas/20/p2_1.vworld,5592580,145775
5e814d918a48a4f8,saltwaste_building_landmark_01_c2r1.tgm.header,Tiny.V4,18984046,1010
7248c0be33a9cb6b,saltwaste_building_landmark_01_c2r2.tgm,Streaming/Content/data/worldareas/7E/p2_1.vworld,1763819,56411
b4714d85d3f32903,saltwaste_building_landmark_01_c2r2.tgm.header,Tiny.V7,18528392,790
376a4c94d1afa1c9,saltwaste_building_landmark_01_c2r3.tgm,Streaming/Content/data/balance/worldareas/93/g4_8a.vworld,2868576,58909
840d257a8018c5a5,saltwaste_building_landmark_01_c2r3.tgm.header,Tiny.VC,18549399,834
278d323be7f212a8,saltwaste_building_landmark_01_c2r4.tgm,Streaming/Content/data/worldareas/0C/mapswamptower.vworld,613125,98507
75fdc266e51c8ecb,saltwaste_building_landmark_01_c2r4.tgm.header,Tiny.V9,18887234,702
371171c5e5471abf,saltwaste_building_landmark_01_c2r5.tgm,Tiny.VC,18550233,333
691624a0c984a8e3,saltwaste_building_landmark_01_c2r5.tgm.header,Tiny.VA,23323097,264
5f5e31cadb733500,saltwaste_building_landmark_01_c2r6.tgm,Tiny.V1,18539702,241
df3ba1278d3a9514,saltwaste_building_landmark_01_c2r6.tgm.header,Tiny.V4,30706736,264
9a2ccdafe375d319,saltwaste_building_landmark_01_c1r1.tgm,Streaming/Content/data/worldareas/88/p2_1.vworld,1749422,35505
12104ca2edb380f7,saltwaste_building_landmark_01_c1r1.tgm.header,Tiny.V9,18886358,306
2bfcb78753cfbc0d,saltwaste_building_landmark_01_c1r2.tgm,Streaming/Content/data/balance/worldareas/p2_1.vworld,868533,48037
31fb49a128084e02,saltwaste_building_landmark_01_c1r2.tgm.header,Tiny.VA,18681662,570
492698bd8976404f,saltwaste_building_landmark_01_c1r3.tgm,Streaming/Content/data/worldareas/BA/p2_1.vworld,1422238,47487
5d28b8ff5a4ff7bf,saltwaste_building_landmark_01_c1r3.tgm.header,Tiny.V9,18886664,570
9b3d0e353298353f,saltwaste_building_landmark_01_c1r4.tgm,Streaming/Content/data/worldareas/3D/p2_1.vworld,727183,45875
ff3f7580ce941021,saltwaste_building_landmark_01_c1r4.tgm.header,Tiny.VB,18595703,482
412e54783d8b657b,saltwaste_building_landmark_01_c1r5.tgm,Tiny.V5,18409412,333
fe2a2a52b1d922ad,saltwaste_building_landmark_01_c1r5.tgm.header,Tiny.VA,23323097,264
c0541e57e9f4b18f,saltwaste_building_landmark_01_c1r6.tgm,Tiny.V1,18539461,241
f860a47c0753c627,saltwaste_building_landmark_01_c1r6.tgm.header,Tiny.V4,30706736,264
cbea3cdcd3b5ab43,saltwaste_building_landmark_02_c5r1.tgm,Streaming/Content/data/worldareas/4F/p2_1.vworld,52475,54489
de3b1b6f27456ae6,saltwaste_building_landmark_02_c5r1.tgm.header,Tiny.V8,18732328,394
afec2810be5b52b1,saltwaste_building_landmark_02_c5r2.tgm,Streaming/Content/data/worldareas/7D/p2_1.vworld,877318,83567
e45c681314d46c76,saltwaste_building_landmark_02_c5r2.tgm.header,Tiny.V8,18732722,658
92635e635f350b7f,saltwaste_building_landmark_02_c5r3.tgm,Streaming/Content/data/balance/worldareas/D2/incursiontemplepresent.vworld,612478,71997
151927e289987a8c,saltwaste_building_landmark_02_c5r3.tgm.header,Tiny.VC,18557468,702
1253ee68f5704eb7,saltwaste_building_landmark_02_c5r4.tgm,Streaming/Content/data/worldareas/BB/p2_1.vworld,1087206,83549
7ea4a241b090b513,saltwaste_building_landmark_02_c5r4.tgm.header,Tiny.V4,18987296,570
8c3969f2d1da280e,saltwaste_building_landmark_02_c5r5.tgm,Tiny.V3,18476072,379
2428b02737d5edc2,saltwaste_building_landmark_02_c5r5.tgm.header,Tiny.VB,30573634,264
88efaeeb3e8aca6f,saltwaste_building_landmark_02_c5r6.tgm,Tiny.V0,18863744,241
17fac464f81b7cf3,saltwaste_building_landmark_02_c5r6.tgm.header,Tiny.V4,30706736,264
b74bc4cb2c025f02,saltwaste_building_landmark_02_c4r1.tgm,Streaming/Content/data/worldareas/80/p2_1.vworld,1331986,277223
03ee5979552d2e80,saltwaste_building_landmark_02_c4r1.tgm.header,Tiny.VA,18682232,1978
8363cc12d8d6681b,saltwaste_building_landmark_02_c4r2.tgm,Streaming/Content/data/worldareas/43/p2_1.vworld,4799911,142287
498e3ba1944fa767,saltwaste_building_landmark_02_c4r2.tgm.header,Tiny.V2,18743809,1890
c4a539db6ff3d983,saltwaste_building_landmark_02_c4r3.tgm,Streaming/Content/data/worldareas/45/p2_1.vworld,582119,96881
9f4afb7a94312c13,saltwaste_building_landmark_02_c4r3.tgm.header,Tiny.V2,18745699,1230
fea1f658a3c9e41e,saltwaste_building_landmark_02_c4r4.tgm,Streaming/Content/data/worldareas/61/p2_1.vworld,299708,287391
6b09466a7897a9a5,saltwaste_building_landmark_02_c4r4.tgm.header,Tiny.V7,18534192,2946
9d38831a7ec95737,saltwaste_building_landmark_02_c4r5.tgm,Streaming/Content/data/balance/worldareas/EB/karuishowcase.vworld,679432,94773
a4811f324bf5c8e4,saltwaste_building_landmark_02_c4r5.tgm.header,Tiny.V3,18475282,790
b44744db1a756930,saltwaste_building_landmark_02_c4r6.tgm,Streaming/Content/data/worldareas/5A/p2_1.vworld,0,183439
cd4c4dad7262491a,saltwaste_building_landmark_02_c4r6.tgm.header,Tiny.V0,18862206,1538
9bbc89e5712b07c6,saltwaste_building_landmark_02_c3r1.tgm,Streaming/Content/data/worldareas/D0/p2_1.vworld,805345,179295
15437de39c8dd5ce,saltwaste_building_landmark_02_c3r1.tgm.header,Tiny.VE,18548979,1714
7c2423a54cd8abbd,saltwaste_building_landmark_02_c3r2.tgm,Streaming/Content/data/worldareas/5C/mapswamptower.vworld,534992,50901
ec3edef639da64e0,saltwaste_building_landmark_02_c3r2.tgm.header,Tiny.V4,18986066,1230
3b7e02e8f3468df2,saltwaste_building_landmark_02_c3r3.tgm,Streaming/Content/data/worldareas/65/p2_1.vworld,2806198,25047
88aeb1315715d802,saltwaste_building_landmark_02_c3r3.tgm.header,Tiny.VD,18320291,878
4e013ffa31bf273a,saltwaste_building_landmark_02_c3r4.tgm,Streaming/Content/data/worldareas/19/p2_1.vworld,2938779,234179
b251c6f987fa2cee,saltwaste_building_landmark_02_c3r4.tgm.header,Tiny.V5,18422541,3562
794ebe4fa8dc3293,saltwaste_building_landmark_02_c3r5.tgm,Streaming/Content/data/worldareas/13/p2_1.vworld,2981717,195179
214df531bb2efb0d,saltwaste_building_landmark_02_c3r5.tgm.header,Tiny.V7,18531906,2286
8d6a4f4e372ac9bb,saltwaste_building_landmark_02_c3r6.tgm,Streaming/Content/data/balance/worldareas/89/p2_1.vworld,180479,97343
84844f9960b5b433,saltwaste_building_landmark_02_c3r6.tgm.header,Tiny.VC,18555974,1494
d59926b429304d4e,saltwaste_building_landmark_02_c2r1.tgm,Streaming/Content/data/worldareas/C4/p2_1.vworld,1554242,157473
a91f1b7dd6695596,saltwaste_building_landmark_02_c2r1.tgm.header,Tiny.V6,18532741,2242
b1c116817fa5683a,saltwaste_building_landmark_02_c2r2.tgm,Streaming/Content/data/balance/worldareas/6F/p2_1.vworld,6211,175671
8661dcd279ea07e1,saltwaste_building_landmark_02_c2r2.tgm.header,Tiny.V5,18415989,3606
14804068d65631f7,saltwaste_building_landmark_02_c2r3.tgm,Streaming/Content/data/worldareas/FA/p2_1.vworld,1504300,168397
8e525d4ae1871ad4,saltwaste_building_landmark_02_c2r3.tgm.header,Tiny.V5,18419595,2946
477ad36859179949,saltwaste_building_landmark_02_c2r4.tgm,Streaming/Content/data/balance/worldareas/18/hideoutsacrifice.vworld,6080407,456545
8a7f4a1fb18d1d67,saltwaste_building_landmark_02_c2r4.tgm.header,Content/data/balance/worldareas/p2_1.vworld,1516318,5850
cfb648966163a753,saltwaste_building_landmark_02_c2r5.tgm,Streaming/Content/data/balance/worldareas/51/g_login.vworld,607779,301305
2afeee53cd93d6da,saltwaste_building_landmark_02_c2r5.tgm.header,Content/data/balance/worldareas/p2_1.vworld,1522168,5366
51f4dc653b40c436,saltwaste_building_landmark_02_c2r6.tgm,Streaming/Content/data/balance/worldareas/95/g4_11_1b.vworld,618756,144861
aede247e40015eaf,saltwaste_building_landmark_02_c2r6.tgm.header,Tiny.V3,18473568,1714
e0467faa5e5790d0,saltwaste_building_landmark_02_c1r1.tgm,Streaming/Content/data/worldareas/3A/p2_1.vworld,4201635,73931
fdd5db2de5856c87,saltwaste_building_landmark_02_c1r1.tgm.header,Tiny.V0,18858780,922
fe36846e6ef1fa0e,saltwaste_building_landmark_02_c1r2.tgm,Streaming/Content/data/worldareas/49/p2_1.vworld,294043,87395
86e9f1b77a44902d,saltwaste_building_landmark_02_c1r2.tgm.header,Tiny.V0,18859702,1318
1b807d888cbff063,saltwaste_building_landmark_02_c1r3.tgm,Streaming/Content/data/worldareas/CE/p2_1.vworld,1159098,148465
401b1537fa9f7521,saltwaste_building_landmark_02_c1r3.tgm.header,Tiny.VC,18554348,1626
6db428f317a57083,saltwaste_building_landmark_02_c1r4.tgm,Streaming/Content/data/worldareas/43/p2_1.vworld,4592096,207815
283079946c715bb1,saltwaste_building_landmark_02_c1r4.tgm.header,Tiny.V2,18741127,2682
74dd934d66f0730f,saltwaste_building_landmark_02_c1r5.tgm,Streaming/Content/data/worldareas/9D/p2_1.vworld,176940,141375
f2454d988fcf625e,saltwaste_building_landmark_02_c1r5.tgm.header,Tiny.VF,18811716,2814
97a558c4f2784499,saltwaste_building_landmark_02_c1r6.tgm,Streaming/Content/data/worldareas/F9/p2_1.vworld,8797429,50191
503d686c4546d199,saltwaste_building_landmark_02_c1r6.tgm.header,Tiny.V0,18861020,1186
cc738473dbd14201,clifftodune_transition_cvcv_01_c3r1.tgm,Streaming/Content/data/worldareas/01/p2_1.vworld,7181121,20211
419e5d3a2d257483,clifftodune_transition_cvcv_01_c3r1.tgm.header,Tiny.V3,18408383,614
167f6c455ca6d35d,clifftodune_transition_cvcv_01_c3r2.tgm,Streaming/Content/data/worldareas/34/p2_1.vworld,0,25193
ab26972066ced028,clifftodune_transition_cvcv_01_c3r2.tgm.header,Tiny.VC,18485211,614
0decdc13667f1ba7,clifftodune_transition_cvcv_01_c3r3.tgm,Streaming/Content/data/balance/worldareas/8B/mapgrimhaven.vworld,512298,7973
4e817fe3529c9ba5,clifftodune_transition_cvcv_01_c3r3.tgm.header,Tiny.V9,18823856,570
a89e0f3eb257ce64,clifftodune_transition_cvcv_01_c2r1.tgm,Streaming/Content/data/worldareas/48/p2_1.vworld,5592580,167489
c74e055639f26002,clifftodune_transition_cvcv_01_c2r1.tgm.header,Tiny.V4,18928632,966
409b374bb837bb5d,clifftodune_transition_cvcv_01_c2r2.tgm,Streaming/Content/data/worldareas/CE/p2_1.vworld,699212,113547
a8f11ed62b639f68,clifftodune_transition_cvcv_01_c2r2.tgm.header,Tiny.VC,18484377,834
d9e1b6b696593396,clifftodune_transition_cvcv_01_c2r3.tgm,Streaming/Content/data/worldareas/52/p2_1.vworld,1398276,31133
5df57cae39300879,clifftodune_transition_cvcv_01_c2r3.tgm.header,Tiny.V2,18655278,658
13d42c79a2b94eff,clifftodune_transition_cvcv_01_c1r1.tgm,Streaming/Content/data/worldareas/38/p2_1.vworld,7690068,607559
17b53a9e265d4c55,clifftodune_transition_cvcv_01_c1r1.tgm.header,Tiny.V2,18653916,1362
b666f14c4799fdfe,clifftodune_transition_cvcv_01_c1r2.tgm,Streaming/Content/data/worldareas/B0/p2_1.vworld,5626841,283649
8fb49275066fb5b0,clifftodune_transition_cvcv_01_c1r2.tgm.header,Tiny.VB,18537580,834
a8f569be8d0af0b1,clifftodune_transition_cvcv_01_c1r3.tgm,Streaming/Content/data/worldareas/4C/p2_1.vworld,1822324,19275
54fb6f41e0656e99,clifftodune_transition_cvcv_01_c1r3.tgm.header,Tiny.VC,18483895,482
47456ef9db2bd0f1,clifftodune_cc_01_c3r1.tgm,Streaming/Content/data/worldareas/44/p2_1.vworld,200147,202881
866218594c65c455,clifftodune_cc_01_c3r1.tgm.header,Tiny.VC,18481699,1054
f7c5ddf19f2bce45,clifftodune_cc_01_c3r2.tgm,Streaming/Content/data/worldareas/21/p2_1.vworld,232031,389583
0dda85316cebf7a7,clifftodune_cc_01_c3r2.tgm.header,Tiny.VF,18751846,1230
338c189d39928ad9,clifftodune_cc_01_c3r3.tgm,Streaming/Content/data/worldareas/C2/p2_1.vworld,0,337125
ebd46198d8d8a71d,clifftodune_cc_01_c3r3.tgm.header,Tiny.VB,18536220,1010
8b9f24cb2430fe2f,clifftodune_cc_01_c2r1.tgm,Streaming/Content/data/worldareas/3E/p2_1.vworld,373107,297043
22d2415a76724120,clifftodune_cc_01_c2r1.tgm.header,Tiny.V6,18472670,1230
84e6a18cd1a6a887,clifftodune_cc_01_c2r2.tgm,Streaming/Content/data/worldareas/17/p2_1.vworld,0,315305
92b79fcb9065620b,clifftodune_cc_01_c2r2.tgm.header,Tiny.V3,18406627,1230
016f268285965129,clifftodune_cc_01_c2r3.tgm,Streaming/Content/data/worldareas/A1/p2_1.vworld,931097,122651
7785fcce3e3f0381,clifftodune_cc_01_c2r3.tgm.header,Tiny.V7,18467444,526
d4f6d720bbc95ffd,clifftodune_cc_01_c1r1.tgm,Streaming/Content/data/worldareas/05/p2_1.vworld,268243,344175
5974abf14f9fd4e2,clifftodune_cc_01_c1r1.tgm.header,Tiny.V8,18640312,1054
b1c9b7ce29e5e9a1,clifftodune_cc_01_c1r2.tgm,Streaming/Content/data/worldareas/85/p2_1.vworld,0,235587
57f6ce23c4b01c42,clifftodune_cc_01_c1r2.tgm.header,Tiny.V0,18789170,790
9c8d63c1fca1b473,clifftodune_cc_01_c1r3.tgm,Streaming/Content/data/balance/worldareas/29/mapuberboss_ritual.vworld,493102,89457
10d468a8313a5acd,clifftodune_cc_01_c1r3.tgm.header,Tiny.V1,18467576,438
0d2da6348fd8737e,clifftodune_cv_01_c3r1.tgm,Streaming/Content/data/worldareas/E8/p2_1.vworld,2097488,22631
0bfb90c15b069a7c,clifftodune_cv_01_c3r1.tgm.header,Tiny.VB,18537230,350
4066438b082f8314,clifftodune_cv_01_c3r2.tgm,Streaming/Content/data/worldareas/5E/p2_1.vworld,905527,12395
cdfe4bc98585c5d4,clifftodune_cv_01_c3r2.tgm.header,Tiny.VA,18613761,394
8b214ded3f22f851,clifftodune_cv_01_c3r3.tgm,Streaming/Content/data/balance/worldareas/BE/p2_1.vworld,0,16315
5d478829d9c82577,clifftodune_cv_01_c3r3.tgm.header,Tiny.V7,18467970,350
8fd443123d401636,clifftodune_cv_01_c2r1.tgm,Streaming/Content/data/worldareas/57/p2_1.vworld,1398276,10711
a938bbc7d17c30c9,clifftodune_cv_01_c2r1.tgm.header,Tiny.V2,18653566,350
9e1e7d70f8fd38f0,clifftodune_cv_01_c2r2.tgm,Streaming/Content/data/balance/worldareas/40/hideoutsacrifice.vworld,380210,82913
292abd502ce77940,clifftodune_cv_01_c2r2.tgm.header,Tiny.VD,18245908,482
0b22d1b416cb5c5c,clifftodune_cv_01_c2r3.tgm,Streaming/Content/data/worldareas/91/p2_1.vworld,0,256177
13434fbcc051a3f1,clifftodune_cv_01_c2r3.tgm.header,Tiny.V6,18473900,658
97d9a934a44d8e6d,clifftodune_cv_01_c1r1.tgm,Streaming/Content/data/worldareas/D9/p2_1.vworld,699212,14137
c93b9d8440215a3f,clifftodune_cv_01_c1r1.tgm.header,Tiny.V1,18468014,306
65f8e3409cbe95a4,clifftodune_cv_01_c1r2.tgm,Streaming/Content/data/worldareas/2D/p2_1.vworld,141559,237657
cc49c08a13b8ed40,clifftodune_cv_01_c1r2.tgm.header,Tiny.V5,18353794,658
825df87a485da98c,clifftodune_cv_01_c1r3.tgm,Streaming/Content/data/worldareas/6D/p2_1.vworld,0,575999
89d929197102717f,clifftodune_cv_01_c1r3.tgm.header,Tiny.VC,18482753,1142
dc8cc641269e8511,clifftodune_st_01_c3r1.tgm,Streaming/Content/data/balance/worldareas/FB/hideoutsacrifice.vworld,534722,275753
92eaf158de1a399e,clifftodune_st_01_c3r1.tgm.header,Tiny.V9,18822408,878
138acbaec696a3c6,clifftodune_st_01_c3r2.tgm,Streaming/Content/data/worldareas/C9/p2_1.vworld,5592580,249339
b55f395495f948d2,clifftodune_st_01_c3r2.tgm.header,Tiny.V6,18474558,834
a10264371598c805,clifftodune_st_01_c3r3.tgm,Streaming/Content/data/worldareas/B0/p2_1.vworld,5592580,34261
b020c4fc8845eb3c,clifftodune_st_01_c3r3.tgm.header,Tiny.V9,18823286,570
a7c2ce24effc4b39,clifftodune_st_01_c2r1.tgm,Streaming/Content/data/worldareas/EE/p2_1.vworld,5592580,267097
b5f2b86f9baae5f7,clifftodune_st_01_c2r1.tgm.header,Tiny.V8,18641366,922
3c5b4a188fdf8a2f,clifftodune_st_01_c2r2.tgm,Streaming/Content/data/worldareas/C0/p2_1.vworld,699212,284253
59e501173b7aa468,clifftodune_st_01_c2r2.tgm.header,Tiny.V5,18354452,966
8db0eb7153cd4b43,clifftodune_st_01_c2r3.tgm,Streaming/Content/data/worldareas/31/p2_1.vworld,6291792,37659
d89ea0271c65f10e,clifftodune_st_01_c2r3.tgm.header,Tiny.V3,18407857,526
59560546114b1b2c,clifftodune_st_01_c1r1.tgm,Streaming/Content/data/worldareas/21/p2_1.vworld,621614,338689
71f98cb5bb6e718c,clifftodune_st_01_c1r1.tgm.header,Tiny.V0,18789960,746
de1efbbfd0357cba,clifftodune_st_01_c1r2.tgm,Streaming/Content/data/worldareas/A7/p2_1.vworld,0,263587
fcde436519cc4512,clifftodune_st_01_c1r2.tgm.header,Tiny.VE,18487791,834
cb7f421b2dc4c924,clifftodune_st_01_c1r3.tgm,Streaming/Content/data/worldareas/E9/p2_1.vworld,2796388,29519
f42bd2cbb9afaeee,clifftodune_st_01_c1r3.tgm.header,Tiny.V9,18821926,482
