hash,file,bundle,offset,size
7eaa78947d90e857,market_thinwall_x_v01_02_c3r3.tgm,Art/Models/Terrain/Act3/MarketPlace/tgms_27,660354,391661
e52a679a94da3117,market_thinwall_x_v01_02_c3r3.tgm.header,Tiny_3,42279143,2594
f153b91cacae9f06,market_thinwall_x_v01_02_c3r2.tgm,Tiny_3,42278362,517
d5f957d5f26cd4a4,market_thinwall_x_v01_02_c3r2.tgm.header,Tiny_3,42278879,264
03806bf2416ace4f,market_thinwall_x_v01_02_c3r1.tgm,Tiny_3,42277953,409
2ea3c5fa427624e4,market_thinwall_x_v01_02_c3r1.tgm.header,Tiny_3,42224059,264
731b2303919716c5,market_thinwall_x_v01_02_c2r3.tgm,Tiny_3,42277280,409
530049d02aad63e9,market_thinwall_x_v01_02_c2r3.tgm.header,Tiny_3,42277689,264
09261256d352e0f9,market_thinwall_x_v01_02_c2r2.tgm,Tiny_3,42276547,733
eb77790f3924eb69,market_thinwall_x_v01_02_c2r2.tgm.header,Tiny_5,38163843,264
6e1899749762a23c,market_thinwall_x_v01_02_c2r1.tgm,Tiny_3,42275014,1269
7fd4ed4aae648be6,market_thinwall_x_v01_02_c2r1.tgm.header,Tiny_3,42276283,264
ae2d7b6f91c90552,market_thinwall_x_v01_02_c1r3.tgm,Tiny_3,42274449,301
804434cd5da72b1b,market_thinwall_x_v01_02_c1r3.tgm.header,Tiny_3,42274750,264
bf60fafe2ad05d88,market_thinwall_x_v01_02_c1r2.tgm,Tiny_3,42273036,1149
318186365243813d,market_thinwall_x_v01_02_c1r2.tgm.header,Tiny_3,42274185,264
ea8ab6b2707b35f5,market_thinwall_x_v01_02_c1r1.tgm,Tiny_3,42270771,2001
190ead7e87808d7e,market_thinwall_x_v01_02_c1r1.tgm.header,Tiny_3,42272772,264
5a070ce59e24a52d,market_thinwall_x_v01_01_c3r3.tgm,Tiny_3,42268422,2085
8684c9103ab76c95,market_thinwall_x_v01_01_c3r3.tgm.header,Tiny_3,42270507,264
d50c930148af6e08,market_thinwall_x_v01_01_c3r2.tgm,Tiny_3,42267581,841
2ee35541c04ae974,market_thinwall_x_v01_01_c3r2.tgm.header,Tiny_5,38545187,264
816a9ea519c235e4,market_thinwall_x_v01_01_c3r1.tgm,Tiny_3,42266830,487
1045d801ccbbe7a3,market_thinwall_x_v01_01_c3r1.tgm.header,Tiny_3,42267317,264
fa999ad79c2f4c1b,market_thinwall_x_v01_01_c2r3.tgm,Tiny_3,42265907,659
5f3aac4d2be35f70,market_thinwall_x_v01_01_c2r3.tgm.header,Tiny_3,42266566,264
0337117c5234791a,market_thinwall_x_v01_01_c2r2.tgm,Art/Models/Terrain/Act3/MarketPlace/tgms_27,232295,428059
53c7e8e7f2ba113c,market_thinwall_x_v01_01_c2r2.tgm.header,Tiny_3,42262565,3342
b409ff1758a8c0b6,market_thinwall_x_v01_01_c2r1.tgm,Tiny_3,42261140,1161
ede204d7dfda798a,market_thinwall_x_v01_01_c2r1.tgm.header,Tiny_3,42262301,264
7ebf56d939e02504,market_thinwall_x_v01_01_c1r3.tgm,Tiny_3,42260521,355
01485713975165ee,market_thinwall_x_v01_01_c1r3.tgm.header,Tiny_3,42260876,264
69ff3920c0df223a,market_thinwall_x_v01_01_c1r2.tgm,Tiny_3,42259024,1233
73e5daf7baeff952,market_thinwall_x_v01_01_c1r2.tgm.header,Tiny_3,42260257,264
4d9c673cba119e51,market_thinwall_x_v01_01_c1r1.tgm,Tiny_3,42256759,2001
187e0d0cbcd6450d,market_thinwall_x_v01_01_c1r1.tgm.header,Tiny_3,42258760,264
a1a779f75d413894,market_thinwall_t_v01_04_c3r3.tgm,Tiny_3,42254494,2265
7c487fc249041134,market_thinwall_t_v01_04_c3r3.tgm.header,Tiny_3,42220026,264
5ae7c0d9f39cc84e,market_thinwall_t_v01_04_c3r2.tgm,Tiny_3,42254031,463
4eebfdb373a25989,market_thinwall_t_v01_04_c3r2.tgm.header,Tiny_3,42204895,264
9d64b2d9c78c21e4,market_thinwall_t_v01_04_c3r1.tgm,Tiny_3,42253622,409
0e59148fb590c86a,market_thinwall_t_v01_04_c3r1.tgm.header,Tiny_3,41644204,264
0f1458369f6dc2f9,market_thinwall_t_v01_04_c2r3.tgm,Tiny_3,42250859,2763
062d6ec2b31b2e0a,market_thinwall_t_v01_04_c2r3.tgm.header,Tiny_3,42216625,264
e4af17b9e64027f8,market_thinwall_t_v01_04_c2r2.tgm,Art/Models/Terrain/Act3/MarketPlace/tgms_27,0,232295
fa6d5f04a04d8903,market_thinwall_t_v01_04_c2r2.tgm.header,Tiny_3,42247341,3518
302dd27f12b4b893,market_thinwall_t_v01_04_c2r1.tgm,Tiny_3,42247040,301
524cabeca5614cfe,market_thinwall_t_v01_04_c2r1.tgm.header,Tiny_3,41516920,264
ec25d92f6cf50880,market_thinwall_t_v01_04_c1r3.tgm,Tiny_3,42244955,1821
ccb3753870f78357,market_thinwall_t_v01_04_c1r3.tgm.header,Tiny_3,42246776,264
af0ed7e82f82919b,market_thinwall_t_v01_04_c1r2.tgm,Tiny_3,42244282,409
c26de3ef34dbe594,market_thinwall_t_v01_04_c1r2.tgm.header,Tiny_3,42244691,264
77b29b3d55a45867,market_thinwall_t_v01_04_c1r1.tgm,Tiny_3,42243981,301
1471a99c628cce28,market_thinwall_t_v01_04_c1r1.tgm.header,Tiny_3,41641373,264
c7da55eb0f72fa3c,market_thinwall_t_v01_03_c3r3.tgm,Tiny_3,42243680,301
032b96ac74b4efeb,market_thinwall_t_v01_03_c3r3.tgm.header,Tiny_3,42066129,264
a58fabfbd6a48181,market_thinwall_t_v01_03_c3r2.tgm,Tiny_3,42243271,409
5aaaf1e5021a3b8a,market_thinwall_t_v01_03_c3r2.tgm.header,Tiny_3,42235791,264
eda0f4c2c988607a,market_thinwall_t_v01_03_c3r1.tgm,Tiny_3,42242652,355
3869b5e67c0a7ec9,market_thinwall_t_v01_03_c3r1.tgm.header,Tiny_3,42243007,264
9dbad33eb57acf39,market_thinwall_t_v01_03_c2r3.tgm,Tiny_3,42242243,409
ff6124ba344ca193,market_thinwall_t_v01_03_c2r3.tgm.header,Tiny_3,42234763,264
f7d469cff43a672e,market_thinwall_t_v01_03_c2r2.tgm,Art/Models/Terrain/Act3/MarketPlace/tgms_26,1968170,194729
c2b02a190ce50023,market_thinwall_t_v01_03_c2r2.tgm.header,Tiny_3,42239781,2462
b1031bb3aeac1b9b,market_thinwall_t_v01_03_c2r1.tgm,Tiny_3,42232103,493
fbab600f27312950,market_thinwall_t_v01_03_c2r1.tgm.header,Tiny_5,23575649,264
10d7e9f6e755ebcb,market_thinwall_t_v01_03_c1r3.tgm,Tiny_3,42239216,301
7a463b5161c94165,market_thinwall_t_v01_03_c1r3.tgm.header,Tiny_3,42239517,264
01f9f99dfe500c04,market_thinwall_t_v01_03_c1r2.tgm,Tiny_3,42238405,547
a0e8860477949cdd,market_thinwall_t_v01_03_c1r2.tgm.header,Tiny_3,42238952,264
a169c279a51f2289,market_thinwall_t_v01_03_c1r1.tgm,Tiny_3,42236356,1785
c03a4383f1d703b8,market_thinwall_t_v01_03_c1r1.tgm.header,Tiny_3,42238141,264
1423ea95d4a40822,market_thinwall_t_v01_02_c3r3.tgm,Tiny_3,42236055,301
9e3694923d38c9a9,market_thinwall_t_v01_02_c3r3.tgm.header,Tiny_3,42066129,264
f553ea0b21432409,market_thinwall_t_v01_02_c3r2.tgm,Tiny_3,42235382,409
cb5c23dddb1b19a2,market_thinwall_t_v01_02_c3r2.tgm.header,Tiny_3,42235791,264
8c3c519a6c9fbd5c,market_thinwall_t_v01_02_c3r1.tgm,Tiny_3,42235027,355
45f2a9f6d35e38ef,market_thinwall_t_v01_02_c3r1.tgm.header,Tiny_4,11916801,264
0d4ff0cf301c17f2,market_thinwall_t_v01_02_c2r3.tgm,Tiny_3,42234354,409
588e73d144d921e8,market_thinwall_t_v01_02_c2r3.tgm.header,Tiny_3,42234763,264
9c8f7c0858cedf55,market_thinwall_t_v01_02_c2r2.tgm,Art/Models/Terrain/Act3/MarketPlace/tgms_26,1733365,234805
1af14b6227d53548,market_thinwall_t_v01_02_c2r2.tgm.header,Tiny_3,42232596,1758
5a600505e3f7f7ec,market_thinwall_t_v01_02_c2r1.tgm,Tiny_3,42232103,493
1de0705df1e705f9,market_thinwall_t_v01_02_c2r1.tgm.header,Tiny_5,23575649,264
7f83585aeb9e0e50,market_thinwall_t_v01_02_c1r3.tgm,Tiny_3,42231538,301
c2b87471769447ea,market_thinwall_t_v01_02_c1r3.tgm.header,Tiny_3,42231839,264
2c5d6bea1575976d,market_thinwall_t_v01_02_c1r2.tgm,Tiny_3,42230747,527
eb3d5e99fca14b9a,market_thinwall_t_v01_02_c1r2.tgm.header,Tiny_3,42231274,264
067717708045f604,market_thinwall_t_v01_02_c1r1.tgm,Tiny_3,42228998,1485
59dcaacd538c37f4,market_thinwall_t_v01_02_c1r1.tgm.header,Tiny_3,42230483,264
9ca55331fe5ebd63,market_thinwall_t_v01_01_c3r3.tgm,Tiny_3,42226733,2265
137a3dea32fbd5b8,market_thinwall_t_v01_01_c3r3.tgm.header,Tiny_3,42207424,264
b668813fe0f647a2,market_thinwall_t_v01_01_c3r2.tgm,Tiny_3,42226270,463
2106f39e6f1907c9,market_thinwall_t_v01_01_c3r2.tgm.header,Tiny_3,42204895,264
0e85a0ef16765d3c,market_thinwall_t_v01_01_c3r1.tgm,Tiny_3,42225861,409
7ebcac10c47eb736,market_thinwall_t_v01_01_c3r1.tgm.header,Tiny_3,42204168,264
54eab50b465737cb,market_thinwall_t_v01_01_c2r3.tgm,Art/Models/Terrain/Act3/MarketPlace/tgms_26,1525556,207809
66fa9ae56559f13d,market_thinwall_t_v01_01_c2r3.tgm.header,Tiny_3,42224323,1538
7f75051b31763855,market_thinwall_t_v01_01_c2r2.tgm,Tiny_3,42223650,409
da7c92114876647e,market_thinwall_t_v01_01_c2r2.tgm.header,Tiny_3,42224059,264
394f7416af5c3a09,market_thinwall_t_v01_01_c2r1.tgm,Tiny_3,42223349,301
45c8ccb1de878bf7,market_thinwall_t_v01_01_c2r1.tgm.header,Tiny_3,41536566,264
4984f2ce779197ac,market_thinwall_t_v01_01_c1r3.tgm,Tiny_3,42221264,1821
57df4d8bf691bdc3,market_thinwall_t_v01_01_c1r3.tgm.header,Tiny_3,42223085,264
067524da95106fe0,market_thinwall_t_v01_01_c1r2.tgm,Tiny_3,42220591,409
a61ea304b6e29fc3,market_thinwall_t_v01_01_c1r2.tgm.header,Tiny_3,42221000,264
4f5e8f65d6577935,market_thinwall_t_v01_01_c1r1.tgm,Tiny_3,42220290,301
8f1ec29fc95a5052,market_thinwall_t_v01_01_c1r1.tgm.header,Tiny_3,41534817,264
d1265fa82ee03e23,market_thinwall_straight_v01_02_c3r3.tgm,Tiny_3,42217761,2265
137dc194dbc7349b,market_thinwall_straight_v01_02_c3r3.tgm.header,Tiny_3,42220026,264
92382bf471df1192,market_thinwall_straight_v01_02_c3r2.tgm,Tiny_3,42217298,463
07ed2eb53b12e72b,market_thinwall_straight_v01_02_c3r2.tgm.header,Tiny_3,42204895,264
04f6e6ee63dff7a8,market_thinwall_straight_v01_02_c3r1.tgm,Tiny_3,42216889,409
1cdb8a3aa80cfed3,market_thinwall_straight_v01_02_c3r1.tgm.header,Tiny_3,41644204,264
0aa85abcec5554d7,market_thinwall_straight_v01_02_c2r3.tgm,Tiny_3,42213862,2763
f52de2aee77b7568,market_thinwall_straight_v01_02_c2r3.tgm.header,Tiny_3,42216625,264
ea3a93886f1c20f6,market_thinwall_straight_v01_02_c2r2.tgm,Art/Models/Terrain/Act3/MarketPlace/tgms_26,1356619,168937
3dfd842f2f881f73,market_thinwall_straight_v01_02_c2r2.tgm.header,Tiny_3,42210784,3078
410a2fe6c91bf930,market_thinwall_straight_v01_02_c2r1.tgm,Tiny_3,42210483,301
c88a84685b61374c,market_thinwall_straight_v01_02_c2r1.tgm.header,Tiny_3,41516920,264
77a48dcedfa36b4c,market_thinwall_straight_v01_02_c1r3.tgm,Tiny_3,42208398,1821
950a8275885701eb,market_thinwall_straight_v01_02_c1r3.tgm.header,Tiny_3,42210219,264
2489bb3180e82e86,market_thinwall_straight_v01_02_c1r2.tgm,Tiny_3,42207989,409
1f9b02140fc71a33,market_thinwall_straight_v01_02_c1r2.tgm.header,Tiny_3,42199778,264
371e8ecdeb7947a1,market_thinwall_straight_v01_02_c1r1.tgm,Tiny_3,42207688,301
5699ea59227f2f16,market_thinwall_straight_v01_02_c1r1.tgm.header,Tiny_3,41641373,264
c34b6a062edf3606,market_thinwall_straight_v01_01_c3r3.tgm,Tiny_3,42205159,2265
486451e30bd5ce0d,market_thinwall_straight_v01_01_c3r3.tgm.header,Tiny_3,42207424,264
f23a0a718a11587a,market_thinwall_straight_v01_01_c3r2.tgm,Tiny_3,42204432,463
bb2e43cbae1c28b9,market_thinwall_straight_v01_01_c3r2.tgm.header,Tiny_3,42204895,264
f9da70b575fcdab4,market_thinwall_straight_v01_01_c3r1.tgm,Tiny_3,42203759,409
899bcb204ac32ec3,market_thinwall_straight_v01_01_c3r1.tgm.header,Tiny_3,42204168,264
8854d257b16fd1ed,market_thinwall_straight_v01_01_c2r3.tgm,Art/Models/Terrain/Act3/MarketPlace/tgms_26,1237090,119529
d762707a073de8f7,market_thinwall_straight_v01_01_c2r3.tgm.header,Tiny_3,42202837,922
7d904c562084fcda,market_thinwall_straight_v01_01_c2r2.tgm,Tiny_3,42202428,409
b83c273e37307a9b,market_thinwall_straight_v01_01_c2r2.tgm.header,Tiny_5,59149714,264
1354ccce9c5e3a5a,market_thinwall_straight_v01_01_c2r1.tgm,Tiny_3,42202127,301
baa0c013baae788f,market_thinwall_straight_v01_01_c2r1.tgm.header,Tiny_3,41536566,264
7787ef2b0f7f3197,market_thinwall_straight_v01_01_c1r3.tgm,Tiny_3,42200042,1821
c43585664467dcf2,market_thinwall_straight_v01_01_c1r3.tgm.header,Tiny_3,42201863,264
4a5666711c8c3839,market_thinwall_straight_v01_01_c1r2.tgm,Tiny_3,42199369,409
db9f0f27cadbf872,market_thinwall_straight_v01_01_c1r2.tgm.header,Tiny_3,42199778,264
578263e87776f907,market_thinwall_straight_v01_01_c1r1.tgm,Tiny_3,42199068,301
c52a268a20d22218,market_thinwall_straight_v01_01_c1r1.tgm.header,Tiny_3,41534817,264
d719d92a90b33a11,market_thinwall_fill_02_01_c3r6.tgm,Art/Models/Terrain/Act3/MarketPlace/tgms_26,1211679,25411
923693f1d9b338ba,market_thinwall_fill_02_01_c3r6.tgm.header,Tiny_3,42198762,306
758cc2848f2389ee,market_thinwall_fill_02_01_c3r5.tgm,Art/Models/Terrain/Act3/MarketPlace/tgms_26,1186346,25333
2be7dbe168fdcb81,market_thinwall_fill_02_01_c3r5.tgm.header,Tiny_3,42198456,306
7ebaf04ba2dcf481,market_thinwall_fill_02_01_c3r4.tgm,Art/Models/Terrain/Act3/MarketPlace/tgms_26,1161865,24481
ab67695ae220d3c9,market_thinwall_fill_02_01_c3r4.tgm.header,Tiny_3,42198150,306
d28f390f83e2c148,market_thinwall_fill_02_01_c3r3.tgm,Art/Models/Terrain/Act3/MarketPlace/tgms_26,1138110,23755
63a640a5d6d44ef2,market_thinwall_fill_02_01_c3r3.tgm.header,Tiny_3,42197844,306
cd6217b4d08eb21a,market_thinwall_fill_02_01_c3r2.tgm,Art/Models/Terrain/Act3/MarketPlace/tgms_26,1112885,25225
2b5d49e529734985,market_thinwall_fill_02_01_c3r2.tgm.header,Tiny_3,42197538,306
b93410bc4cb9de58,market_thinwall_fill_02_01_c3r1.tgm,Art/Models/Terrain/Act3/MarketPlace/tgms_26,1087252,25633
b3931936fc58daef,market_thinwall_fill_02_01_c3r1.tgm.header,Tiny_3,42197232,306
684ad3c76e5b2079,market_thinwall_fill_02_01_c2r6.tgm,Art/Models/Terrain/Act3/MarketPlace/tgms_26,1060821,26431
8aaba774cbca1416,market_thinwall_fill_02_01_c2r6.tgm.header,Tiny_3,42196926,306
5e46a0800f038739,market_thinwall_fill_02_01_c2r5.tgm,Tiny_3,42195665,1261
f860896818d630bc,market_thinwall_fill_02_01_c2r5.tgm.header,Tiny_3,42193833,264
27082200690eeb2c,market_thinwall_fill_02_01_c2r4.tgm,Tiny_3,42194854,547
26b7e96f21f0253c,market_thinwall_fill_02_01_c2r4.tgm.header,Tiny_3,42195401,264
c9d7b3c293653ec9,market_thinwall_fill_02_01_c2r3.tgm,Tiny_3,42194097,493
2863e019f4f52098,market_thinwall_fill_02_01_c2r3.tgm.header,Tiny_3,42194590,264
6858dc5795a055d6,market_thinwall_fill_02_01_c2r2.tgm,Tiny_3,42192572,1261
a9c700fe3cecd0d0,market_thinwall_fill_02_01_c2r2.tgm.header,Tiny_3,42193833,264
dea0d198134dd26f,market_thinwall_fill_02_01_c2r1.tgm,Art/Models/Terrain/Act3/MarketPlace/tgms_26,1034288,26533
7d511c297ccf6d96,market_thinwall_fill_02_01_c2r1.tgm.header,Tiny_3,42192266,306
0a9a58c04a93d72d,market_thinwall_fill_02_01_c1r6.tgm,Art/Models/Terrain/Act3/MarketPlace/tgms_26,1009033,25255
a49a7892ff0c669a,market_thinwall_fill_02_01_c1r6.tgm.header,Tiny_3,42191960,306
227382ec10f98dbc,market_thinwall_fill_02_01_c1r5.tgm,Art/Models/Terrain/Act3/MarketPlace/tgms_26,983970,25063
5f1fa5dc539e0f5c,market_thinwall_fill_02_01_c1r5.tgm.header,Tiny_3,42191654,306
b02bc7164569222d,market_thinwall_fill_02_01_c1r4.tgm,Art/Models/Terrain/Act3/MarketPlace/tgms_26,959891,24079
2594ba47bf4f9ed9,market_thinwall_fill_02_01_c1r4.tgm.header,Tiny_3,42191348,306
78ac2afcf0eed9a3,market_thinwall_fill_02_01_c1r3.tgm,Art/Models/Terrain/Act3/MarketPlace/tgms_26,935482,24409
df4a9098627d1b92,market_thinwall_fill_02_01_c1r3.tgm.header,Tiny_3,42191042,306
b09ca54948ba3ad4,market_thinwall_fill_02_01_c1r2.tgm,Art/Models/Terrain/Act3/MarketPlace/tgms_26,910203,25279
c214fc39dab93c2e,market_thinwall_fill_02_01_c1r2.tgm.header,Tiny_3,42190736,306
44ac3875699be906,market_thinwall_fill_02_01_c1r1.tgm,Art/Models/Terrain/Act3/MarketPlace/tgms_26,884522,25681
42e1cdbcccbd72da,market_thinwall_fill_02_01_c1r1.tgm.header,Tiny_3,42190430,306
adbf9a92fc59b25e,market_thinwall_fill_01_05_c6r3.tgm,Tiny_3,42190207,223
96881c2a5ae8415d,market_thinwall_fill_01_05_c6r3.tgm.header,Tiny_3,42181757,264
a9d72ad280a64802,market_thinwall_fill_01_05_c6r2.tgm,Tiny_3,42189800,407
7d95bc8b919da12e,market_thinwall_fill_01_05_c6r2.tgm.header,Tiny_5,11990289,264
5be016da7e765f32,market_thinwall_fill_01_05_c6r1.tgm,Tiny_3,42189063,473
c14b35ba257cd57b,market_thinwall_fill_01_05_c6r1.tgm.header,Tiny_3,42189536,264
98b4c96489aa7e8f,market_thinwall_fill_01_05_c5r3.tgm,Tiny_3,42188840,223
63e4e19532bcd97c,market_thinwall_fill_01_05_c5r3.tgm.header,Tiny_3,42177859,264
3fccb07b85066c40,market_thinwall_fill_01_05_c5r2.tgm,Tiny_3,42188163,677
40311ee2b7494a74,market_thinwall_fill_01_05_c5r2.tgm.header,Tiny_4,46187379,264
797ae80c17bac7cb,market_thinwall_fill_01_05_c5r1.tgm,Tiny_3,42187618,545
501edbff2edf442d,market_thinwall_fill_01_05_c5r1.tgm.header,Tiny_5,12943440,264
76e158d2cbbba1e5,market_thinwall_fill_01_05_c4r3.tgm,Tiny_3,42187329,289
3c9b44ca73c61887,market_thinwall_fill_01_05_c4r3.tgm.header,Tiny_6,11133636,264
ee2e658270cf4cd7,market_thinwall_fill_01_05_c4r2.tgm,Tiny_3,42186830,499
4cfe4dd0e03232d2,market_thinwall_fill_01_05_c4r2.tgm.header,Tiny_5,12944199,264
ed32cd4a6a47d4aa,market_thinwall_fill_01_05_c4r1.tgm,Tiny_3,42186607,223
4db70a59a5469beb,market_thinwall_fill_01_05_c4r1.tgm.header,Tiny_6,11127179,264
33d7ffc29c42795f,market_thinwall_fill_01_05_c3r3.tgm,Tiny_3,42185890,453
39fa4d4543b14871,market_thinwall_fill_01_05_c3r3.tgm.header,Tiny_3,42186343,264
624c2620dda987c5,market_thinwall_fill_01_05_c3r2.tgm,Art/Models/Terrain/Act3/MarketPlace/tgms_26,790731,93791
470d49b156fc9c37,market_thinwall_fill_01_05_c3r2.tgm.header,Tiny_3,42184088,1802
71837ca570268f5b,market_thinwall_fill_01_05_c3r1.tgm,Tiny_3,42183819,269
727104426b967558,market_thinwall_fill_01_05_c3r1.tgm.header,Tiny_6,11130217,264
732f6059cb22e06a,market_thinwall_fill_01_05_c2r3.tgm,Tiny_3,42183458,361
4c9780c694a06ed6,market_thinwall_fill_01_05_c2r3.tgm.header,Tiny_3,42166554,264
a66970bb3497fced,market_thinwall_fill_01_05_c2r2.tgm,Tiny_3,42183143,315
82a05ff40b8bb660,market_thinwall_fill_01_05_c2r2.tgm.header,Tiny_6,11129670,264
f00c5a3d36c58c29,market_thinwall_fill_01_05_c2r1.tgm,Tiny_3,42182874,269
90dd6da316464439,market_thinwall_fill_01_05_c2r1.tgm.header,Tiny_6,11130217,264
bcf562a2f15507c8,market_thinwall_fill_01_05_c1r3.tgm,Tiny_3,42182605,269
1e3e05456365f8a1,market_thinwall_fill_01_05_c1r3.tgm.header,Tiny_3,42158298,264
f2d31a75140cb7d8,market_thinwall_fill_01_05_c1r2.tgm,Tiny_3,42182290,315
d9c562905b04a81c,market_thinwall_fill_01_05_c1r2.tgm.header,Tiny_6,11129670,264
f79951e1e7aadcc2,market_thinwall_fill_01_05_c1r1.tgm,Tiny_3,42182021,269
b04de1a37ecdd6d7,market_thinwall_fill_01_05_c1r1.tgm.header,Tiny_6,11130217,264
371f6fa31ed121aa,market_thinwall_fill_01_04_c6r6.tgm,Tiny_3,42181534,223
cd184056f84f2fff,market_thinwall_fill_01_04_c6r6.tgm.header,Tiny_3,42181757,264
a8bfaa38fcf8ee05,market_thinwall_fill_01_04_c6r5.tgm,Tiny_3,42181219,315
640c6137c54ba1cb,market_thinwall_fill_01_04_c6r5.tgm.header,Tiny_6,11129670,264
c4016b6b68651aab,market_thinwall_fill_01_04_c6r4.tgm,Tiny_3,42180812,407
61a0798abd8d5395,market_thinwall_fill_01_04_c6r4.tgm.header,Tiny_5,11990289,264
a1a8f75e29524536,market_thinwall_fill_01_04_c6r3.tgm,Tiny_3,42179957,591
b5f6236e8f74d2d2,market_thinwall_fill_01_04_c6r3.tgm.header,Tiny_3,42180548,264
e9c5986f40065bc2,market_thinwall_fill_01_04_c6r2.tgm,Tiny_3,42178714,979
2a02937aaaa14ed1,market_thinwall_fill_01_04_c6r2.tgm.header,Tiny_3,42179693,264
75def764953f0742,market_thinwall_fill_01_04_c6r1.tgm,Tiny_3,42178123,591
ae034dcf888a047e,market_thinwall_fill_01_04_c6r1.tgm.header,Tiny_4,46142519,264
8aa30bbcc9780be7,market_thinwall_fill_01_04_c5r6.tgm,Tiny_3,42177636,223
7f3de564921eb851,market_thinwall_fill_01_04_c5r6.tgm.header,Tiny_3,42177859,264
a5da0c12278de00a,market_thinwall_fill_01_04_c5r5.tgm,Tiny_3,42177321,315
8c7713c49baad066,market_thinwall_fill_01_04_c5r5.tgm.header,Tiny_6,11129670,264
ce242592a144ea9d,market_thinwall_fill_01_04_c5r4.tgm,Tiny_3,42176710,611
ca103b8d44449125,market_thinwall_fill_01_04_c5r4.tgm.header,Tiny_4,46126532,264
f999236ecf33ec1d,market_thinwall_fill_01_04_c5r3.tgm,Tiny_3,42175559,887
232235f18b6291a9,market_thinwall_fill_01_04_c5r3.tgm.header,Tiny_3,42176446,264
b89f52320789d622,market_thinwall_fill_01_04_c5r2.tgm,Tiny_3,42174612,683
b79d49e5d1b7b382,market_thinwall_fill_01_04_c5r2.tgm.header,Tiny_3,42175295,264
fcba4159d41914d2,market_thinwall_fill_01_04_c5r1.tgm,Tiny_3,42174343,269
47566fa671f47221,market_thinwall_fill_01_04_c5r1.tgm.header,Tiny_6,11130217,264
c349d1adbbdb488b,market_thinwall_fill_01_04_c4r6.tgm,Tiny_3,42174120,223
74d40e2442ff747e,market_thinwall_fill_01_04_c4r6.tgm.header,Tiny_6,11127179,264
0bf8e9cc3ace39bc,market_thinwall_fill_01_04_c4r5.tgm,Tiny_3,42173785,335
a83fe85baeae8c7c,market_thinwall_fill_01_04_c4r5.tgm.header,Tiny_5,11989622,264
86b92ab19876bef4,market_thinwall_fill_01_04_c4r4.tgm,Tiny_3,42173286,499
084d00a31cbee001,market_thinwall_fill_01_04_c4r4.tgm.header,Tiny_5,12944199,264
390a567a2f39adb0,market_thinwall_fill_01_04_c4r3.tgm,Tiny_3,42172787,499
4ba6f0bcac755485,market_thinwall_fill_01_04_c4r3.tgm.header,Tiny_5,12944199,264
fd017bad57dda112,market_thinwall_fill_01_04_c4r2.tgm,Tiny_3,42172380,407
69f103361a56f9c5,market_thinwall_fill_01_04_c4r2.tgm.header,Tiny_5,11990289,264
7e10a623a4717b19,market_thinwall_fill_01_04_c4r1.tgm,Tiny_3,42172065,315
8180b2bf6b3fc2de,market_thinwall_fill_01_04_c4r1.tgm.header,Tiny_6,11129670,264
ba9be37d97682bd9,market_thinwall_fill_01_04_c3r6.tgm,Tiny_3,42171578,223
0f808cb8559e934d,market_thinwall_fill_01_04_c3r6.tgm.header,Tiny_3,42171801,264
23e7e536e2bd438d,market_thinwall_fill_01_04_c3r5.tgm,Tiny_3,42171079,499
61a2a17352ab25c0,market_thinwall_fill_01_04_c3r5.tgm.header,Tiny_5,12944199,264
865790f494b2963d,market_thinwall_fill_01_04_c3r4.tgm,Tiny_3,42170580,499
4b4a5440b391cae8,market_thinwall_fill_01_04_c3r4.tgm.header,Tiny_5,12944199,264
d7f1ca282f7f5beb,market_thinwall_fill_01_04_c3r3.tgm,Art/Models/Terrain/Act3/MarketPlace/tgms_26,606176,184555
946a0fc34602fbc9,market_thinwall_fill_01_04_c3r3.tgm.header,Tiny_3,42167678,2902
77cbab3bb7163ee0,market_thinwall_fill_01_04_c3r2.tgm,Tiny_3,42167179,499
5b40fcc97c70f1dc,market_thinwall_fill_01_04_c3r2.tgm.header,Tiny_5,12944199,264
e5b57f687e4a4774,market_thinwall_fill_01_04_c3r1.tgm,Tiny_3,42166818,361
451607d9c1405487,market_thinwall_fill_01_04_c3r1.tgm.header,Tiny_6,3660927,264
21f49e64f509f792,market_thinwall_fill_01_04_c2r6.tgm,Tiny_3,42166193,361
6fd3f45add37922d,market_thinwall_fill_01_04_c2r6.tgm.header,Tiny_3,42166554,264
2630d7826ba2b406,market_thinwall_fill_01_04_c2r5.tgm,Tiny_3,42165694,499
e690eae175d7f5f2,market_thinwall_fill_01_04_c2r5.tgm.header,Tiny_5,12944199,264
d04c1218f54599f4,market_thinwall_fill_01_04_c2r4.tgm,Tiny_3,42165287,407
4b67ee35ae871fc7,market_thinwall_fill_01_04_c2r4.tgm.header,Tiny_5,11990289,264
30da9ac9b94e7ea0,market_thinwall_fill_01_04_c2r3.tgm,Tiny_3,42164788,499
fd7fcf48be3bb107,market_thinwall_fill_01_04_c2r3.tgm.header,Tiny_5,12944199,264
ade4e1ea02f67d16,market_thinwall_fill_01_04_c2r2.tgm,Tiny_3,42164197,591
9dc67c5bf5afd739,market_thinwall_fill_01_04_c2r2.tgm.header,Tiny_4,46142519,264
6947881ec97fb153,market_thinwall_fill_01_04_c2r1.tgm,Tiny_3,42163790,407
225a5014e0323d35,market_thinwall_fill_01_04_c2r1.tgm.header,Tiny_5,11990289,264
ee74ef814c1963a4,market_thinwall_fill_01_04_c1r6.tgm,Tiny_3,42163521,269
8a8f3f8b4fcbfb9a,market_thinwall_fill_01_04_c1r6.tgm.header,Tiny_3,42152234,264
ebd6358e29acd6c2,market_thinwall_fill_01_04_c1r5.tgm,Tiny_3,42163206,315
31de673ef695ad3c,market_thinwall_fill_01_04_c1r5.tgm.header,Tiny_3,42151701,264
237018cbefab6144,market_thinwall_fill_01_04_c1r4.tgm,Tiny_3,42162535,407
d284e06f9746dc43,market_thinwall_fill_01_04_c1r4.tgm.header,Tiny_3,42162942,264
286dfeea74bd7196,market_thinwall_fill_01_04_c1r3.tgm,Tiny_3,42161772,499
c7cde34ef9406e61,market_thinwall_fill_01_04_c1r3.tgm.header,Tiny_3,42162271,264
7e9db04f8b7859ef,market_thinwall_fill_01_04_c1r2.tgm,Tiny_3,42161181,591
4ba102e7e18f3974,market_thinwall_fill_01_04_c1r2.tgm.header,Tiny_4,46142519,264
b628f85e269c6517,market_thinwall_fill_01_04_c1r1.tgm,Tiny_3,42160774,407
7dc5b1c16d2a9ebf,market_thinwall_fill_01_04_c1r1.tgm.header,Tiny_5,11990289,264
9495ba2308a4de62,market_thinwall_fill_01_03_c3r3.tgm,Tiny_3,42160551,223
392db8cdd9583c53,market_thinwall_fill_01_03_c3r3.tgm.header,Tiny_3,42155238,264
d185c250c94805c9,market_thinwall_fill_01_03_c3r2.tgm,Tiny_3,42160052,499
32482e6c36d90fd8,market_thinwall_fill_01_03_c3r2.tgm.header,Tiny_5,12944199,264
6dce4ed218f4021f,market_thinwall_fill_01_03_c3r1.tgm,Tiny_3,42159691,361
e73e683e6eb21421,market_thinwall_fill_01_03_c3r1.tgm.header,Tiny_6,3660927,264
519a13d203d6e574,market_thinwall_fill_01_03_c2r3.tgm,Tiny_3,42159330,361
eccdb10a4620b1cb,market_thinwall_fill_01_03_c2r3.tgm.header,Tiny_3,42153891,264
e0bcda3f4e6ce14d,market_thinwall_fill_01_03_c2r2.tgm,Tiny_3,42158831,499
609ab552854599c6,market_thinwall_fill_01_03_c2r2.tgm.header,Tiny_5,12944199,264
9d5808d73f36a70b,market_thinwall_fill_01_03_c2r1.tgm,Tiny_3,42158562,269
d7d29f925776c5d2,market_thinwall_fill_01_03_c2r1.tgm.header,Tiny_3,42152767,264
a666963c49b69087,market_thinwall_fill_01_03_c1r3.tgm,Tiny_3,42158029,269
d15bc125023339a7,market_thinwall_fill_01_03_c1r3.tgm.header,Tiny_3,42158298,264
e4b185194c275daf,market_thinwall_fill_01_03_c1r2.tgm,Tiny_3,42157714,315
6fb516209c8b0f0c,market_thinwall_fill_01_03_c1r2.tgm.header,Tiny_6,11129670,264
65daf56399237571,market_thinwall_fill_01_03_c1r1.tgm,Tiny_3,42157445,269
7b91b976221486ae,market_thinwall_fill_01_03_c1r1.tgm.header,Tiny_3,42151122,264
d52d5cd7ddbf4d21,market_thinwall_fill_01_02_c3r3.tgm,Tiny_3,42157222,223
74bbe2e131174b79,market_thinwall_fill_01_02_c3r3.tgm.header,Tiny_3,42155238,264
0d295369f0e18cfd,market_thinwall_fill_01_02_c3r2.tgm,Tiny_3,42156723,499
72e4ba37ca990938,market_thinwall_fill_01_02_c3r2.tgm.header,Tiny_5,12944199,264
04c01ea8cfcb5758,market_thinwall_fill_01_02_c3r1.tgm,Tiny_3,42156362,361
c5e8a2dd957e82ca,market_thinwall_fill_01_02_c3r1.tgm.header,Tiny_6,3660927,264
37dd25ebee4eb0d0,market_thinwall_fill_01_02_c2r3.tgm,Tiny_3,42156001,361
2c5473cd0a672a49,market_thinwall_fill_01_02_c2r3.tgm.header,Tiny_3,42153891,264
456bdbddd5b48015,market_thinwall_fill_01_02_c2r2.tgm,Tiny_3,42155502,499
937c696f569fb63c,market_thinwall_fill_01_02_c2r2.tgm.header,Tiny_5,12944199,264
bfd4ec96dbc0f2fb,market_thinwall_fill_01_02_c2r1.tgm,Tiny_3,42152498,269
c63cdd392d11cc1f,market_thinwall_fill_01_02_c2r1.tgm.header,Tiny_3,42152767,264
4157589c4d1272b4,market_thinwall_fill_01_02_c1r3.tgm,Tiny_3,42151965,269
715963f02141ba7f,market_thinwall_fill_01_02_c1r3.tgm.header,Tiny_3,42152234,264
2e80268743f92292,market_thinwall_fill_01_02_c1r2.tgm,Tiny_3,42151386,315
a6698ef0bdde0700,market_thinwall_fill_01_02_c1r2.tgm.header,Tiny_3,42151701,264
58f37c1e823a9a7e,market_thinwall_fill_01_02_c1r1.tgm,Tiny_3,42150853,269
652e5d4f314cc6aa,market_thinwall_fill_01_02_c1r1.tgm.header,Tiny_3,42151122,264
eb8a8e8a92b226a8,market_thinwall_fill_01_01_c3r3.tgm,Tiny_3,42155015,223
ae507137fe98c228,market_thinwall_fill_01_01_c3r3.tgm.header,Tiny_3,42155238,264
413a6f7c60cf9c5b,market_thinwall_fill_01_01_c3r2.tgm,Tiny_3,42154516,499
0d33ce7cf0320af2,market_thinwall_fill_01_01_c3r2.tgm.header,Tiny_5,12944199,264
c746270041677629,market_thinwall_fill_01_01_c3r1.tgm,Tiny_3,42154155,361
5b1dc03417987b17,market_thinwall_fill_01_01_c3r1.tgm.header,Tiny_6,3660927,264
eaa277642201d407,market_thinwall_fill_01_01_c2r3.tgm,Tiny_3,42153530,361
be5c8fec21d0d685,market_thinwall_fill_01_01_c2r3.tgm.header,Tiny_3,42153891,264
561fd74c7f0ef43d,market_thinwall_fill_01_01_c2r2.tgm,Tiny_3,42153031,499
52bea3b96c56d2f3,market_thinwall_fill_01_01_c2r2.tgm.header,Tiny_5,12944199,264
fe628a6103500e15,market_thinwall_fill_01_01_c2r1.tgm,Tiny_3,42152498,269
83b31c5aa5a55fa0,market_thinwall_fill_01_01_c2r1.tgm.header,Tiny_3,42152767,264
8e2833c370171aef,market_thinwall_fill_01_01_c1r3.tgm,Tiny_3,42151965,269
16b0036fa3a36e0f,market_thinwall_fill_01_01_c1r3.tgm.header,Tiny_3,42152234,264
0aead5431e0ffb36,market_thinwall_fill_01_01_c1r2.tgm,Tiny_3,42151386,315
84bc49168bed02e2,market_thinwall_fill_01_01_c1r2.tgm.header,Tiny_3,42151701,264
0ad743b2a40ec46c,market_thinwall_fill_01_01_c1r1.tgm,Tiny_3,42150853,269
b0249ee1c6a4ba66,market_thinwall_fill_01_01_c1r1.tgm.header,Tiny_3,42151122,264
a4b479eef17c3157,market_thinwall_corner_v01_05_c3r3.tgm,Tiny_3,42148760,2093
de700a839cfd1b8b,market_thinwall_corner_v01_05_c3r3.tgm.header,Tiny_3,42110485,264
5c0a978535d4d1cd,market_thinwall_corner_v01_05_c3r2.tgm,Tiny_3,42146531,2229
44e39b03a9979030,market_thinwall_corner_v01_05_c3r2.tgm.header,Tiny_3,42127990,264
503e55017b9dfd78,market_thinwall_corner_v01_05_c3r1.tgm,Tiny_3,42144666,1865
8a76b03a6cdf7da6,market_thinwall_corner_v01_05_c3r1.tgm.header,Tiny_3,42125497,264
4557a755bd928eb6,market_thinwall_corner_v01_05_c2r3.tgm,Tiny_3,42142285,2381
f2f0819258906bda,market_thinwall_corner_v01_05_c2r3.tgm.header,Tiny_5,61890608,264
e9bbf982efa59f3b,market_thinwall_corner_v01_05_c2r2.tgm,Art/Models/Terrain/Act3/MarketPlace/tgms_26,451875,154301
e7759eb1383c5ac5,market_thinwall_corner_v01_05_c2r2.tgm.header,Tiny_3,42139031,3254
75b56f9a397450f9,market_thinwall_corner_v01_05_c2r1.tgm,Tiny_3,42119987,605
a0bdd91863c9b521,market_thinwall_corner_v01_05_c2r1.tgm.header,Tiny_5,61887048,264
f98cfc5252ef6c9f,market_thinwall_corner_v01_05_c1r3.tgm,Tiny_3,42136968,1799
539681d50417920b,market_thinwall_corner_v01_05_c1r3.tgm.header,Tiny_3,42138767,264
7069813b35683223,market_thinwall_corner_v01_05_c1r2.tgm,Tiny_3,42118642,247
df77b12cead39a85,market_thinwall_corner_v01_05_c1r2.tgm.header,Tiny_6,10003879,264
04fe43e20da20390,market_thinwall_corner_v01_05_c1r1.tgm,Tiny_3,42118077,301
0795670466aba13b,market_thinwall_corner_v01_05_c1r1.tgm.header,Tiny_3,42118378,264
7587b483d4d1555e,market_thinwall_corner_v01_04_c3r3.tgm,Tiny_3,42136613,355
0910b7b22da2d378,market_thinwall_corner_v01_04_c3r3.tgm.header,Tiny_6,10003372,264
65081ea1272d19e2,market_thinwall_corner_v01_04_c3r2.tgm,Tiny_3,42136032,581
1479fad4c03c6fc3,market_thinwall_corner_v01_04_c3r2.tgm.header,Tiny_3,42116275,264
f1b7158f557bd1ee,market_thinwall_corner_v01_04_c3r1.tgm,Tiny_3,42134343,1425
33e789101348f267,market_thinwall_corner_v01_04_c3r1.tgm.header,Tiny_3,42135768,264
934605407b3e91b7,market_thinwall_corner_v01_04_c2r3.tgm,Art/Models/Terrain/Act3/MarketPlace/tgms_26,299784,152091
bb567bb7e5a4391b,market_thinwall_corner_v01_04_c2r3.tgm.header,Tiny_3,42132365,1978
4c28ab5d50051198,market_thinwall_corner_v01_04_c2r2.tgm,Tiny_3,42131902,463
d9f3120a92810636,market_thinwall_corner_v01_04_c2r2.tgm.header,Tiny_5,59151096,264
511e33d527b0dab0,market_thinwall_corner_v01_04_c2r1.tgm,Tiny_3,42131165,473
c49ab66f1f0ac7f3,market_thinwall_corner_v01_04_c2r1.tgm.header,Tiny_3,42131638,264
e0e74102b402a37a,market_thinwall_corner_v01_04_c1r3.tgm,Tiny_3,42130810,355
d89bce34b95c6cfd,market_thinwall_corner_v01_04_c1r3.tgm.header,Tiny_3,42112186,264
de9dc475549cf7dd,market_thinwall_corner_v01_04_c1r2.tgm,Tiny_3,42130347,463
f5442dc8d586b863,market_thinwall_corner_v01_04_c1r2.tgm.header,Tiny_5,59151096,264
664c3c337864339b,market_thinwall_corner_v01_04_c1r1.tgm,Tiny_3,42110749,355
b9e4428ee7947a2b,market_thinwall_corner_v01_04_c1r1.tgm.header,Tiny_3,42111104,264
30b126d3fdb9f33d,market_thinwall_corner_v01_03_c3r3.tgm,Tiny_3,42128254,2093
a4e3203da8879881,market_thinwall_corner_v01_03_c3r3.tgm.header,Tiny_3,42110485,264
77bdb898b57ba8e9,market_thinwall_corner_v01_03_c3r2.tgm,Tiny_3,42125761,2229
2ae903f6a230aea1,market_thinwall_corner_v01_03_c3r2.tgm.header,Tiny_3,42127990,264
3606704ab1900cdc,market_thinwall_corner_v01_03_c3r1.tgm,Tiny_3,42123632,1865
7e60a60569304164,market_thinwall_corner_v01_03_c3r1.tgm.header,Tiny_3,42125497,264
7919e8918ff44bee,market_thinwall_corner_v01_03_c2r3.tgm,Tiny_3,42121251,2381
7cad78e1f966dd4e,market_thinwall_corner_v01_03_c2r3.tgm.header,Tiny_5,61890608,264
38898bb02d69e335,market_thinwall_corner_v01_03_c2r2.tgm,Tiny_3,42120592,659
928e1cf81fb8f307,market_thinwall_corner_v01_03_c2r2.tgm.header,Tiny_5,61887967,264
201847d7bce02143,market_thinwall_corner_v01_03_c2r1.tgm,Tiny_3,42119987,605
3d89e124dc26f218,market_thinwall_corner_v01_03_c2r1.tgm.header,Tiny_5,61887048,264
35ee4640ad32329f,market_thinwall_corner_v01_03_c1r3.tgm,Art/Models/Terrain/Act3/MarketPlace/tgms_26,162641,137143
6c25bd53b868cfc5,market_thinwall_corner_v01_03_c1r3.tgm.header,Tiny_3,42118889,1098
6c266d3939f6332a,market_thinwall_corner_v01_03_c1r2.tgm,Tiny_3,42118642,247
2b7ab0d52fcb7209,market_thinwall_corner_v01_03_c1r2.tgm.header,Tiny_6,10003879,264
ac9f1a61b5b5aee3,market_thinwall_corner_v01_03_c1r1.tgm,Tiny_3,42118077,301
fe41133c65feea95,market_thinwall_corner_v01_03_c1r1.tgm.header,Tiny_3,42118378,264
a6a90244c1901819,market_thinwall_corner_v01_02_c3r3.tgm,Art/Models/Terrain/Act3/MarketPlace/tgms_26,0,162641
47d5a24e6018bb77,market_thinwall_corner_v01_02_c3r3.tgm.header,Tiny_3,42116539,1538
abf86fa06285b670,market_thinwall_corner_v01_02_c3r2.tgm,Tiny_3,42115694,581
1303de04d9083287,market_thinwall_corner_v01_02_c3r2.tgm.header,Tiny_3,42116275,264
f435579c47d862f7,market_thinwall_corner_v01_02_c3r1.tgm,Tiny_3,42114005,1425
7db85f2ef7293dc9,market_thinwall_corner_v01_02_c3r1.tgm.header,Tiny_3,42115430,264
a073ea2322ffe0e6,market_thinwall_corner_v01_02_c2r3.tgm,Tiny_3,42113650,355
0dd26cf4da210644,market_thinwall_corner_v01_02_c2r3.tgm.header,Tiny_3,42112186,264
2191c0d85e7b8247,market_thinwall_corner_v01_02_c2r2.tgm,Tiny_3,42113187,463
a9639e321cc21d09,market_thinwall_corner_v01_02_c2r2.tgm.header,Tiny_5,59151096,264
da4ffe299a421cb9,market_thinwall_corner_v01_02_c2r1.tgm,Tiny_3,42112450,473
18564f62f66d17b7,market_thinwall_corner_v01_02_c2r1.tgm.header,Tiny_3,42112923,264
e9bf2e942c38f971,market_thinwall_corner_v01_02_c1r3.tgm,Tiny_3,42111831,355
5934c70847af0962,market_thinwall_corner_v01_02_c1r3.tgm.header,Tiny_3,42112186,264
4749680cd2e81f0f,market_thinwall_corner_v01_02_c1r2.tgm,Tiny_3,42111368,463
b41eacf2cef17773,market_thinwall_corner_v01_02_c1r2.tgm.header,Tiny_5,59151096,264
445e55db7efa775a,market_thinwall_corner_v01_02_c1r1.tgm,Tiny_3,42110749,355
a50643c05e3f07fe,market_thinwall_corner_v01_02_c1r1.tgm.header,Tiny_3,42111104,264
381c537b74dfd2bf,market_thinwall_corner_v01_01_c3r3.tgm,Tiny_3,42108392,2093
28792a0b2137d39d,market_thinwall_corner_v01_01_c3r3.tgm.header,Tiny_3,42110485,264
a7bcb67ea81e211c,market_thinwall_corner_v01_01_c3r2.tgm,Tiny_3,42105869,2259
50d8addf969846a1,market_thinwall_corner_v01_01_c3r2.tgm.header,Tiny_3,42108128,264
e17764c18a53a538,market_thinwall_corner_v01_01_c3r1.tgm,Tiny_3,42103628,1977
90385dc88c195814,market_thinwall_corner_v01_01_c3r1.tgm.header,Tiny_3,42105605,264
e2a1fd34a3e82b27,market_thinwall_corner_v01_01_c2r3.tgm,Tiny_3,42101247,2381
6e4934725ca5ce33,market_thinwall_corner_v01_01_c2r3.tgm.header,Tiny_5,61890608,264
b9ea837bcc0b8cc2,market_thinwall_corner_v01_01_c2r2.tgm,Tiny_3,42100588,659
2a49ea40ca7f465f,market_thinwall_corner_v01_01_c2r2.tgm.header,Tiny_5,61887967,264
6d775fb3a6c407c4,market_thinwall_corner_v01_01_c2r1.tgm,Tiny_3,42099689,635
8aedb52a1d7e2bc6,market_thinwall_corner_v01_01_c2r1.tgm.header,Tiny_3,42100324,264
749d195f73f91ba1,market_thinwall_corner_v01_01_c1r3.tgm,Art/Models/Terrain/Act3/MarketPlace/tgms_31,970900,137191
16b7236b61f17748,market_thinwall_corner_v01_01_c1r3.tgm.header,Tiny_3,42098591,1098
17edb5a48c0add73,market_thinwall_corner_v01_01_c1r2.tgm,Tiny_3,42098344,247
c647eab4e38c02b8,market_thinwall_corner_v01_01_c1r2.tgm.header,Tiny_6,10003879,264
8439bab288aa6146,market_thinwall_corner_v01_01_c1r1.tgm,Tiny_3,42097779,301
34a71a9755d920c1,market_thinwall_corner_v01_01_c1r1.tgm.header,Tiny_3,42098080,264
c2717f25eb7b4d02,market_thinwall_connection_v01_12_c3r3.tgm,Tiny_3,42096788,727
00a9edd5da2fd3a7,market_thinwall_connection_v01_12_c3r3.tgm.header,Tiny_3,42097515,264
3089339347d1c606,market_thinwall_connection_v01_12_c3r2.tgm,Tiny_3,42095641,883
c4459b073e277cca,market_thinwall_connection_v01_12_c3r2.tgm.header,Tiny_3,42096524,264
c4586a008d476607,market_thinwall_connection_v01_12_c3r1.tgm,Tiny_3,42094950,691
c61cdcf9414b62b8,market_thinwall_connection_v01_12_c3r1.tgm.header,Tiny_3,41562549,264
6d7d5b22f9fa8c73,market_thinwall_connection_v01_12_c2r3.tgm,Tiny_3,42093803,883
43736918fb47dac5,market_thinwall_connection_v01_12_c2r3.tgm.header,Tiny_3,42094686,264
c9e9666a451c7619,market_thinwall_connection_v01_12_c2r2.tgm,Art/Models/Terrain/Act3/MarketPlace/tgms_31,139919,830981
55cb8726b21df50b,market_thinwall_connection_v01_12_c2r2.tgm.header,Folders/art/models/terrain/act3/marketplace/tgms,1228110,10382
96b5740c302cc984,market_thinwall_connection_v01_12_c2r1.tgm,Tiny_3,42091494,2045
da8d52b956f276b5,market_thinwall_connection_v01_12_c2r1.tgm.header,Tiny_3,42093539,264
5f743d2e38a98e7a,market_thinwall_connection_v01_12_c1r3.tgm,Art/Models/Terrain/Act3/MarketPlace/tgms_31,0,139919
43c019a061d561e7,market_thinwall_connection_v01_12_c1r3.tgm.header,Tiny_3,42089384,2110
c0fbb937c476ba6b,market_thinwall_connection_v01_12_c1r2.tgm,Tiny_3,42087507,1613
b2e0138919f2e7bb,market_thinwall_connection_v01_12_c1r2.tgm.header,Tiny_3,42089120,264
61a42dc5a1a47950,market_thinwall_connection_v01_12_c1r1.tgm,Tiny_3,42086696,547
4f1001ccae492149,market_thinwall_connection_v01_12_c1r1.tgm.header,Tiny_3,42087243,264
36b71578e9cb195c,market_thinwall_connection_v01_10_c3r3.tgm,Art/Models/Terrain/Act3/MarketPlace/tgms_30,851651,1551299
1c91dd07ca7f003f,market_thinwall_connection_v01_10_c3r3.tgm.header,Folders/art/models/terrain/act3/marketplace/tgms,1210512,17598
3f89d5bbb3708f70,market_thinwall_connection_v01_10_c3r2.tgm,Tiny_3,42085861,571
5c88d8d2eee13840,market_thinwall_connection_v01_10_c3r2.tgm.header,Tiny_3,42086432,264
dcf4062acccf9e2a,market_thinwall_connection_v01_10_c3r1.tgm,Tiny_3,42084888,709
740ede588f19ee94,market_thinwall_connection_v01_10_c3r1.tgm.header,Tiny_3,42085597,264
2275058d1eeb1ed1,market_thinwall_connection_v01_10_c2r3.tgm,Tiny_3,42084077,547
1b1c0e5132cf78bc,market_thinwall_connection_v01_10_c2r3.tgm.header,Tiny_3,42084624,264
4a6f968734edb60b,market_thinwall_connection_v01_10_c2r2.tgm,Tiny_3,42083110,703
44f5d4a082fdf658,market_thinwall_connection_v01_10_c2r2.tgm.header,Tiny_3,42083813,264
776089842c5b7149,market_thinwall_connection_v01_10_c2r1.tgm,Tiny_3,42082059,787
13bb1a63d385a90c,market_thinwall_connection_v01_10_c2r1.tgm.header,Tiny_3,42082846,264
7a8b4681e11072b9,market_thinwall_connection_v01_10_c1r3.tgm,Tiny_3,42081248,547
093da51050d6aed4,market_thinwall_connection_v01_10_c1r3.tgm.header,Tiny_3,42081795,264
599aa210a314ba91,market_thinwall_connection_v01_10_c1r2.tgm,Tiny_3,42079981,1003
bceddb4afdb575b1,market_thinwall_connection_v01_10_c1r2.tgm.header,Tiny_3,42080984,264
876274ce3fa33325,market_thinwall_connection_v01_10_c1r1.tgm,Tiny_3,42078540,1177
bef453d7fd6283bd,market_thinwall_connection_v01_10_c1r1.tgm.header,Tiny_3,42079717,264
2e9782637343b61f,market_thinwall_connection_v01_09_c3r3.tgm,Tiny_3,42077597,943
66b9a04fccd31fde,market_thinwall_connection_v01_09_c3r3.tgm.header,Tiny_3,41495749,264
5b1d53dfe6ea9bad,market_thinwall_connection_v01_09_c3r2.tgm,Tiny_3,42076342,1255
1a2f9c8e0ef3abfd,market_thinwall_connection_v01_09_c3r2.tgm.header,Tiny_3,41455186,264
0fb98054d1f5b7d5,market_thinwall_connection_v01_09_c3r1.tgm,Tiny_3,42074979,1099
d95569063a538d63,market_thinwall_connection_v01_09_c3r1.tgm.header,Tiny_3,42076078,264
f623157e029508da,market_thinwall_connection_v01_09_c2r3.tgm,Tiny_3,42073856,1123
225b145e7eb93a06,market_thinwall_connection_v01_09_c2r3.tgm.header,Tiny_3,41493311,264
621966c9fdbd152f,market_thinwall_connection_v01_09_c2r2.tgm,Art/Models/Terrain/Act3/MarketPlace/tgms_30,0,851651
325b813152c192da,market_thinwall_connection_v01_09_c2r2.tgm.header,Folders/art/models/terrain/act3/marketplace/tgms,1199954,10558
1442a22a536d41d3,market_thinwall_connection_v01_09_c2r1.tgm,Tiny_3,42072685,1171
a38d081314e29444,market_thinwall_connection_v01_09_c2r1.tgm.header,Tiny_3,41450365,264
66f43f38ce2a2314,market_thinwall_connection_v01_09_c1r3.tgm,Art/Models/Terrain/Act3/MarketPlace/tgms_29,2050941,140087
a6253508634b2ee8,market_thinwall_connection_v01_09_c1r3.tgm.header,Tiny_3,42070575,2110
660d9f9412897367,market_thinwall_connection_v01_09_c1r2.tgm,Tiny_3,42069704,871
f1aa81822ae77d6f,market_thinwall_connection_v01_09_c1r2.tgm.header,Tiny_3,41439448,264
ddb7e0bf0a9e7870,market_thinwall_connection_v01_09_c1r1.tgm,Tiny_3,42068893,547
039f58c0cf515d2a,market_thinwall_connection_v01_09_c1r1.tgm.header,Tiny_3,42069440,264
b9c876ac84e9f7b1,market_thinwall_connection_v01_08_c3r3.tgm,Tiny_3,42067096,1533
1487b75fbcc03c5c,market_thinwall_connection_v01_08_c3r3.tgm.header,Tiny_3,42068629,264
eecbb7e70563f99f,market_thinwall_connection_v01_08_c3r2.tgm,Tiny_3,42066393,439
ee98801ee2d2a4ff,market_thinwall_connection_v01_08_c3r2.tgm.header,Tiny_3,42066832,264
2711a2e8412ec7c6,market_thinwall_connection_v01_08_c3r1.tgm,Tiny_3,42065828,301
97a9296450e754cc,market_thinwall_connection_v01_08_c3r1.tgm.header,Tiny_3,42066129,264
8757c88f1c55ad79,market_thinwall_connection_v01_08_c2r3.tgm,Tiny_3,42065037,527
7fb4c1e9bd9a1ec3,market_thinwall_connection_v01_08_c2r3.tgm.header,Tiny_3,42065564,264
034258edd97e0297,market_thinwall_connection_v01_08_c2r2.tgm,Art/Models/Terrain/Act3/MarketPlace/tgms_29,1347078,703863
5d04e700711bd318,market_thinwall_connection_v01_08_c2r2.tgm.header,Folders/art/models/terrain/act3/marketplace/tgms,1182796,17158
4ca63f91c636d28f,market_thinwall_connection_v01_08_c2r1.tgm,Tiny_3,42064520,517
a982a870ed32431b,market_thinwall_connection_v01_08_c2r1.tgm.header,Tiny_6,7823650,264
fa1b348dcc4e5dec,market_thinwall_connection_v01_08_c1r3.tgm,Tiny_3,42064219,301
785525f4bc8b7422,market_thinwall_connection_v01_08_c1r3.tgm.header,Tiny_6,10001636,264
6ff52f02a698dc3b,market_thinwall_connection_v01_08_c1r2.tgm,Tiny_3,42063864,355
bb1279e441ebf0af,market_thinwall_connection_v01_08_c1r2.tgm.header,Tiny_6,10003372,264
3d1ef19cb898d0ce,market_thinwall_connection_v01_08_c1r1.tgm,Tiny_3,42063299,301
9e446fdb9934bbdc,market_thinwall_connection_v01_08_c1r1.tgm.header,Tiny_3,42063600,264
577b8b0953538a05,market_thinwall_connection_v01_07_c3r3.tgm,Tiny_3,42062734,301
5539025dfe25ba75,market_thinwall_connection_v01_07_c3r3.tgm.header,Tiny_3,42063035,264
07705386ab2efd2c,market_thinwall_connection_v01_07_c3r2.tgm,Tiny_3,42061413,1057
9c88a2a0cc75d029,market_thinwall_connection_v01_07_c3r2.tgm.header,Tiny_3,42062470,264
29ed3ecf53bfa7c2,market_thinwall_connection_v01_07_c3r1.tgm,Tiny_3,42059980,1169
3ac21fe72e07c1a3,market_thinwall_connection_v01_07_c3r1.tgm.header,Tiny_3,42061149,264
844fc0a6719bc83c,market_thinwall_connection_v01_07_c2r3.tgm,Tiny_3,42059037,679
e8a5414de58ca298,market_thinwall_connection_v01_07_c2r3.tgm.header,Tiny_3,42059716,264
25266231ad84aade,market_thinwall_connection_v01_07_c2r2.tgm,Art/Models/Terrain/Act3/MarketPlace/tgms_29,831227,515851
ce7e30f2c1f11c3e,market_thinwall_connection_v01_07_c2r2.tgm.header,Folders/art/models/terrain/act3/marketplace/tgms,1169554,13242
2b70dcb7217e06cf,market_thinwall_connection_v01_07_c2r1.tgm,Tiny_3,42058202,571
8883770f62813d0a,market_thinwall_connection_v01_07_c2r1.tgm.header,Tiny_3,42058773,264
3333c4fe84945c5a,market_thinwall_connection_v01_07_c1r3.tgm,Tiny_3,42057583,355
02c9bc9024efeacc,market_thinwall_connection_v01_07_c1r3.tgm.header,Tiny_3,42057938,264
9c043b3512ee8037,market_thinwall_connection_v01_07_c1r2.tgm,Tiny_3,42056910,409
66f36f59243ce57d,market_thinwall_connection_v01_07_c1r2.tgm.header,Tiny_3,42057319,264
3554d14edbb2d10a,market_thinwall_connection_v01_07_c1r1.tgm,Tiny_3,42056345,301
144be2aa0c83e5fd,market_thinwall_connection_v01_07_c1r1.tgm.header,Tiny_3,42056646,264
ac88fd2201dbf3b8,market_thinwall_connection_v01_06_c3r3.tgm,Tiny_3,42053004,3077
99b44a91149622f0,market_thinwall_connection_v01_06_c3r3.tgm.header,Tiny_3,42056081,264
cca059421ca56d14,market_thinwall_connection_v01_06_c3r2.tgm,Tiny_3,42051881,859
fad4778ce7c2490e,market_thinwall_connection_v01_06_c3r2.tgm.header,Tiny_3,42052740,264
65a078e9202a33dd,market_thinwall_connection_v01_06_c3r1.tgm,Tiny_3,42050974,643
65db39e7d9605103,market_thinwall_connection_v01_06_c3r1.tgm.header,Tiny_3,42051617,264
641d1f234887388d,market_thinwall_connection_v01_06_c2r3.tgm,Tiny_3,42049661,1049
8c6ac35dcf06b047,market_thinwall_connection_v01_06_c2r3.tgm.header,Tiny_3,42050710,264
d23c9baded381228,market_thinwall_connection_v01_06_c2r2.tgm,Art/Models/Terrain/Act3/MarketPlace/tgms_29,0,831227
683a2d3e6ed5da74,market_thinwall_connection_v01_06_c2r2.tgm.header,Folders/art/models/terrain/act3/marketplace/tgms,1159172,10382
62b5f86a497a7879,market_thinwall_connection_v01_06_c2r1.tgm,Tiny_3,42047328,2069
0533a522279dbfce,market_thinwall_connection_v01_06_c2r1.tgm.header,Tiny_3,42049397,264
cf5ce04065507ea0,market_thinwall_connection_v01_06_c1r3.tgm,Art/Models/Terrain/Act3/MarketPlace/tgms_28,1854194,139871
e7dc93fcc57639fc,market_thinwall_connection_v01_06_c1r3.tgm.header,Tiny_3,42045218,2110
8441a2715ab4a2f5,market_thinwall_connection_v01_06_c1r2.tgm,Tiny_3,42043365,1589
3528fb1ae0bfb2be,market_thinwall_connection_v01_06_c1r2.tgm.header,Tiny_3,42044954,264
0c79c09f5752fce6,market_thinwall_connection_v01_06_c1r1.tgm,Tiny_3,42042578,523
295ac7a5a7daee53,market_thinwall_connection_v01_06_c1r1.tgm.header,Tiny_3,42043101,264
97ad220576c47b9a,market_thinwall_connection_v01_05_c3r3.tgm,Tiny_3,42041415,899
d930dbd4ab9b3f99,market_thinwall_connection_v01_05_c3r3.tgm.header,Tiny_3,42042314,264
79a36c11bdaabc47,market_thinwall_connection_v01_05_c3r2.tgm,Tiny_3,42040742,409
524596a94b78e031,market_thinwall_connection_v01_05_c3r2.tgm.header,Tiny_3,42041151,264
04114b4847bea229,market_thinwall_connection_v01_05_c3r1.tgm,Tiny_3,42040123,355
c40ae75da0c2fa1b,market_thinwall_connection_v01_05_c3r1.tgm.header,Tiny_3,42040478,264
96f44a982bf6ae00,market_thinwall_connection_v01_05_c2r3.tgm,Tiny_3,42038910,949
c4424aeac87c4a63,market_thinwall_connection_v01_05_c2r3.tgm.header,Tiny_3,42039859,264
18ab3b8e73356e59,market_thinwall_connection_v01_05_c2r2.tgm,Art/Models/Terrain/Act3/MarketPlace/tgms_28,1403867,450327
e5bbdea47bfa8321,market_thinwall_connection_v01_05_c2r2.tgm.header,Folders/art/models/terrain/act3/marketplace/tgms,1150594,8578
28ec5ac681460fa9,market_thinwall_connection_v01_05_c2r1.tgm,Tiny_3,42038183,463
91a019ca9af7d680,market_thinwall_connection_v01_05_c2r1.tgm.header,Tiny_3,42038646,264
0cc91c127a69ae22,market_thinwall_connection_v01_05_c1r3.tgm,Tiny_3,42037618,301
ae3f5ce43c5a64cb,market_thinwall_connection_v01_05_c1r3.tgm.header,Tiny_3,42037919,264
1096aa1e6d9bb421,market_thinwall_connection_v01_05_c1r2.tgm,Tiny_3,42036837,517
7f189d7305ed6fbd,market_thinwall_connection_v01_05_c1r2.tgm.header,Tiny_3,42037354,264
c78c6d63f97ee2ac,market_thinwall_connection_v01_05_c1r1.tgm,Tiny_3,42036164,409
05ae1011df6851c1,market_thinwall_connection_v01_05_c1r1.tgm.header,Tiny_3,42036573,264
fd7b5313c54f5991,market_thinwall_connection_v01_04_c3r3.tgm,Tiny_3,42035275,625
2ab67e85112ded73,market_thinwall_connection_v01_04_c3r3.tgm.header,Tiny_3,42035900,264
2655e7f52355e195,market_thinwall_connection_v01_04_c3r2.tgm,Tiny_3,42034116,895
a5137377a7ab35da,market_thinwall_connection_v01_04_c3r2.tgm.header,Tiny_3,42035011,264
f03fde2340f6dea9,market_thinwall_connection_v01_04_c3r1.tgm,Tiny_3,42033497,355
c55e562ef370108b,market_thinwall_connection_v01_04_c3r1.tgm.header,Tiny_3,42033852,264
c1b57537c645ed09,market_thinwall_connection_v01_04_c2r3.tgm,Tiny_3,42032878,355
1efa725bb6a47cc1,market_thinwall_connection_v01_04_c2r3.tgm.header,Tiny_3,42033233,264
5c76db6550975db8,market_thinwall_connection_v01_04_c2r2.tgm,Art/Models/Terrain/Act3/MarketPlace/tgms_28,0,1403867
f1b201226880c89f,market_thinwall_connection_v01_04_c2r2.tgm.header,Folders/art/models/terrain/act3/marketplace/tgms,1112624,37970
11104a7f02472bb5,market_thinwall_connection_v01_04_c2r1.tgm,Tiny_3,42031989,625
0335728d508e524f,market_thinwall_connection_v01_04_c2r1.tgm.header,Tiny_3,42032614,264
2a52cd07f31a7a4b,market_thinwall_connection_v01_04_c1r3.tgm,Tiny_3,42029850,1875
9336a9cda48b80fd,market_thinwall_connection_v01_04_c1r3.tgm.header,Tiny_3,42031725,264
f21e896b36fa8569,market_thinwall_connection_v01_04_c1r2.tgm,Tiny_3,42029069,517
9e81c908277d08ad,market_thinwall_connection_v01_04_c1r2.tgm.header,Tiny_3,42029586,264
7b0feb2e50ed687d,market_thinwall_connection_v01_04_c1r1.tgm,Tiny_3,42028552,517
29e12504c81d0741,market_thinwall_connection_v01_04_c1r1.tgm.header,Tiny_3,41565270,264
503470235aa35ee9,market_thinwall_connection_v01_03_c3r3.tgm,Tiny_3,42026847,1441
0b50cb95a2618508,market_thinwall_connection_v01_03_c3r3.tgm.header,Tiny_3,42028288,264
96fbe433534d9573,market_thinwall_connection_v01_03_c3r2.tgm,Tiny_3,42025076,1507
e803d5436e782ff6,market_thinwall_connection_v01_03_c3r2.tgm.header,Tiny_3,42026583,264
5c98ea1665c8c8c8,market_thinwall_connection_v01_03_c3r1.tgm,Tiny_3,42023749,1063
fcae198da12435b2,market_thinwall_connection_v01_03_c3r1.tgm.header,Tiny_3,42024812,264
c6cef5699c9cef78,market_thinwall_connection_v01_03_c2r3.tgm,Tiny_3,42022692,1057
3bfb32d071036c17,market_thinwall_connection_v01_03_c2r3.tgm.header,Tiny_5,61814152,264
0cc9eec4efbbaac4,market_thinwall_connection_v01_03_c2r2.tgm,Art/Models/Terrain/Act3/MarketPlace/tgms_25,871553,451045
0d25ff50eb6711f8,market_thinwall_connection_v01_03_c2r2.tgm.header,Folders/art/models/terrain/act3/marketplace/tgms,1100702,11922
ab9c9d1f9aebb8bf,market_thinwall_connection_v01_03_c2r1.tgm,Tiny_3,42022283,409
fd749460ab778fff,market_thinwall_connection_v01_03_c2r1.tgm.header,Tiny_5,61741331,264
861e77ae35fbfe98,market_thinwall_connection_v01_03_c1r3.tgm,Tiny_3,42021664,355
c3175895cca26a1e,market_thinwall_connection_v01_03_c1r3.tgm.header,Tiny_3,42022019,264
db91125cbabbfe54,market_thinwall_connection_v01_03_c1r2.tgm,Tiny_3,42020613,787
461d57e052debfd0,market_thinwall_connection_v01_03_c1r2.tgm.header,Tiny_3,42021400,264
75b9811d6b616a58,market_thinwall_connection_v01_03_c1r1.tgm,Tiny_3,42020030,583
7ad4c566dfc28c46,market_thinwall_connection_v01_03_c1r1.tgm.header,Tiny_5,61744228,264
05d380850ff58931,market_thinwall_connection_v01_02_c3r3.tgm,Tiny_3,42019087,943
6e0989c996ef1778,market_thinwall_connection_v01_02_c3r3.tgm.header,Tiny_3,41495749,264
47605980842a5c5e,market_thinwall_connection_v01_02_c3r2.tgm,Tiny_3,42016860,1963
5a45b6a7ee556604,market_thinwall_connection_v01_02_c3r2.tgm.header,Tiny_3,42018823,264
2c34d68935f98882,market_thinwall_connection_v01_02_c3r1.tgm,Tiny_3,42014417,2179
784d329bdccb24e4,market_thinwall_connection_v01_02_c3r1.tgm.header,Tiny_3,42016596,264
5b03c91fcaa2bd70,market_thinwall_connection_v01_02_c2r3.tgm,Tiny_3,42012730,1423
89350e0190995889,market_thinwall_connection_v01_02_c2r3.tgm.header,Tiny_3,42014153,264
1cf32974bb2d7607,market_thinwall_connection_v01_02_c2r2.tgm,Art/Models/Terrain/Act3/MarketPlace/tgms_25,0,871553
aa7bcb45253f6225,market_thinwall_connection_v01_02_c2r2.tgm.header,Folders/art/models/terrain/act3/marketplace/tgms,1090056,10646
81bc2cb05896aae9,market_thinwall_connection_v01_02_c2r1.tgm,Tiny_3,42011751,715
1017d61a3a31cc9a,market_thinwall_connection_v01_02_c2r1.tgm.header,Tiny_3,42012466,264
66bc40f7391f6f2f,market_thinwall_connection_v01_02_c1r3.tgm,Art/Models/Terrain/Act3/MarketPlace/tgms_24,2074256,140147
e91ae177ca752786,market_thinwall_connection_v01_02_c1r3.tgm.header,Tiny_3,42009641,2110
ba3cae2762f95132,market_thinwall_connection_v01_02_c1r2.tgm,Tiny_3,42008578,799
2f92fa07dd48bf35,market_thinwall_connection_v01_02_c1r2.tgm.header,Tiny_3,42009377,264
c0ee348d89db8397,market_thinwall_connection_v01_02_c1r1.tgm,Tiny_3,42007551,763
603aa7e1f828725a,market_thinwall_connection_v01_02_c1r1.tgm.header,Tiny_3,42008314,264
25353d47033faee8,market_thinwall_connection_v01_01_c3r3.tgm,Tiny_3,42006824,463
f6c526ab99207f7d,market_thinwall_connection_v01_01_c3r3.tgm.header,Tiny_3,42007287,264
e1a1b0a0b8e4bc6e,market_thinwall_connection_v01_01_c3r2.tgm,Tiny_3,42005665,895
bbef87a71d95f031,market_thinwall_connection_v01_01_c3r2.tgm.header,Tiny_3,42006560,264
79902b106ca32d4b,market_thinwall_connection_v01_01_c3r1.tgm,Tiny_3,42004532,869
61af761ba7683278,market_thinwall_connection_v01_01_c3r1.tgm.header,Tiny_3,42005401,264
cf0f9b71255abf8c,market_thinwall_connection_v01_01_c2r3.tgm,Tiny_3,42003319,949
1dbe99b9a8d012dc,market_thinwall_connection_v01_01_c2r3.tgm.header,Tiny_3,42004268,264
48577a4e9f2e5a08,market_thinwall_connection_v01_01_c2r2.tgm,Art/Models/Terrain/Act3/MarketPlace/tgms_24,1156213,918043
ba0e76df09fa65ef,market_thinwall_connection_v01_01_c2r2.tgm.header,Folders/art/models/terrain/act3/marketplace/tgms,1072986,17070
727db8213ebface2,market_thinwall_connection_v01_01_c2r1.tgm,Tiny_3,42002754,301
8e3b15049bfc5181,market_thinwall_connection_v01_01_c2r1.tgm.header,Tiny_3,42003055,264
9e1f55fbb741192f,market_thinwall_connection_v01_01_c1r3.tgm,Tiny_3,42001675,815
336134711a23bb36,market_thinwall_connection_v01_01_c1r3.tgm.header,Tiny_3,42002490,264
cb996eb30cc324ef,market_thinwall_connection_v01_01_c1r2.tgm,Tiny_3,42001056,355
eb4d85d0bd8c031e,market_thinwall_connection_v01_01_c1r2.tgm.header,Tiny_3,42001411,264
9b08aca3ab37f30f,market_thinwall_connection_v01_01_c1r1.tgm,Tiny_3,42000545,247
d7aca65c77a4a4c3,market_thinwall_connection_v01_01_c1r1.tgm.header,Tiny_3,42000792,264
c3d91edda1cd846f,market_thickwall_straight_v04_01_c3r3.tgm,Tiny_3,41999710,571
6c92d04b29780e63,market_thickwall_straight_v04_01_c3r3.tgm.header,Tiny_3,42000281,264
9ee9ee7fca20fd6d,market_thickwall_straight_v04_01_c3r2.tgm,Tiny_3,41999091,355
4173ad09f3da425b,market_thickwall_straight_v04_01_c3r2.tgm.header,Tiny_3,41999446,264
6f9bf3a0c907e0f0,market_thickwall_straight_v04_01_c3r1.tgm,Art/Models/Terrain/Act3/MarketPlace/tgms_21,848453,721325
ddcf1e6710491c18,market_thickwall_straight_v04_01_c3r1.tgm.header,Folders/art/models/terrain/act3/marketplace/tgms,1061548,11438
201faa6e3d12a5b5,market_thickwall_straight_v04_01_c2r3.tgm,Tiny_3,41998358,733
7c379e2b1f8e5316,market_thickwall_straight_v04_01_c2r3.tgm.header,Tiny_3,41956661,264
8a749ab5c188186b,market_thickwall_straight_v04_01_c2r2.tgm,Tiny_3,41997469,625
c8fa43a9cc607c96,market_thickwall_straight_v04_01_c2r2.tgm.header,Tiny_3,41998094,264
f0cd429438bfb787,market_thickwall_straight_v04_01_c2r1.tgm,Tiny_3,41996384,821
74e75a932bde6e7b,market_thickwall_straight_v04_01_c2r1.tgm.header,Tiny_3,41997205,264
dd28644ad0d96a2a,market_thickwall_straight_v04_01_c1r3.tgm,Tiny_3,41995645,739
a52efdbadea6eeea,market_thickwall_straight_v04_01_c1r3.tgm.header,Tiny_3,41954258,264
898400ec07687b63,market_thickwall_straight_v04_01_c1r2.tgm,Tiny_3,41994810,571
849fcf6abf3d44a1,market_thickwall_straight_v04_01_c1r2.tgm.header,Tiny_3,41995381,264
3e1e0e4d2cbe0c46,market_thickwall_straight_v04_01_c1r1.tgm,Tiny_3,41994049,497
6ad2d2ec859b31f1,market_thickwall_straight_v04_01_c1r1.tgm.header,Tiny_3,41994546,264
888fab3044409d84,market_thickwall_straight_v02_02_c3r3.tgm,Tiny_3,41993172,613
a03be911907627e5,market_thickwall_straight_v02_02_c3r3.tgm.header,Tiny_3,41993785,264
902e0426f8b8dbb5,market_thickwall_straight_v02_02_c3r2.tgm,Tiny_6,2156616,51
567fc1b753701dca,market_thickwall_straight_v02_02_c3r2.tgm.header,Tiny_6,10994494,264
0068cb1184bdd6eb,market_thickwall_straight_v02_02_c3r1.tgm,Art/Models/Terrain/Act3/MarketPlace/tgms_21,525850,322603
519ea3f23ce8e7a4,market_thickwall_straight_v02_02_c3r1.tgm.header,Tiny_3,41990273,2899
1fd42aebb0ff7bb6,market_thickwall_straight_v02_02_c2r3.tgm,Tiny_3,41989480,793
cc172587ad61cb15,market_thickwall_straight_v02_02_c2r3.tgm.header,Tiny_3,41986263,264
b7d6acc210c36201,market_thickwall_straight_v02_02_c2r2.tgm,Tiny_6,2156616,51
ef9a72a8f669c933,market_thickwall_straight_v02_02_c2r2.tgm.header,Tiny_6,10994494,264
a4cb2f19206af656,market_thickwall_straight_v02_02_c2r1.tgm,Tiny_3,41847735,355
1f7f5ff88324ff16,market_thickwall_straight_v02_02_c2r1.tgm.header,Tiny_3,41848090,264
f8ee4035f526d05e,market_thickwall_straight_v02_02_c1r3.tgm,Tiny_3,41988807,673
05ee4c985752297c,market_thickwall_straight_v02_02_c1r3.tgm.header,Tiny_3,41981284,264
51ae097a6d0be367,market_thickwall_straight_v02_02_c1r2.tgm,Tiny_6,2156616,51
5af4f0f7e1484cf8,market_thickwall_straight_v02_02_c1r2.tgm.header,Tiny_6,10994494,264
eef462a31535780a,market_thickwall_straight_v02_02_c1r1.tgm,Tiny_3,41980100,247
995d26d9fac046bb,market_thickwall_straight_v02_02_c1r1.tgm.header,Tiny_3,41980347,264
03d2ff319a035a15,market_thickwall_straight_v02_01_victario_c3r3.tgm,Tiny_3,41987930,613
c0b78622a28a66f8,market_thickwall_straight_v02_01_victario_c3r3.tgm.header,Tiny_3,41988543,264
7ad7966023383609,market_thickwall_straight_v02_01_victario_c3r2.tgm,Tiny_6,2156616,51
ed1efb6041c51bba,market_thickwall_straight_v02_01_victario_c3r2.tgm.header,Tiny_6,10994494,264
9d01007db8e849f2,market_thickwall_straight_v02_01_victario_c3r1.tgm,Art/Models/Terrain/Act3/MarketPlace/tgms_21,262393,263457
fac3cff32043c17c,market_thickwall_straight_v02_01_victario_c3r1.tgm.header,Tiny_3,41986527,1403
2ea20a38948cb169,market_thickwall_straight_v02_01_victario_c2r3.tgm,Tiny_3,41985470,793
e4fe66ccbb7763c9,market_thickwall_straight_v02_01_victario_c2r3.tgm.header,Tiny_3,41986263,264
b29ea28397384032,market_thickwall_straight_v02_01_victario_c2r2.tgm,Tiny_6,2156616,51
f274f02efd8171f6,market_thickwall_straight_v02_01_victario_c2r2.tgm.header,Tiny_6,10994494,264
9e201f3ad466e62b,market_thickwall_straight_v02_01_victario_c2r1.tgm,Tiny_3,41847735,355
4889932b9ad286a8,market_thickwall_straight_v02_01_victario_c2r1.tgm.header,Tiny_3,41848090,264
4f8ced205e2643b3,market_thickwall_straight_v02_01_victario_c1r3.tgm,Tiny_3,41984797,673
f81618d5b7b5eb71,market_thickwall_straight_v02_01_victario_c1r3.tgm.header,Tiny_3,41981284,264
411e59f599361ee3,market_thickwall_straight_v02_01_victario_c1r2.tgm,Tiny_6,2156616,51
108ee7d46cb15f29,market_thickwall_straight_v02_01_victario_c1r2.tgm.header,Tiny_6,10994494,264
0909476c58cbac46,market_thickwall_straight_v02_01_victario_c1r1.tgm,Tiny_3,41980100,247
2e752e75abe6a761,market_thickwall_straight_v02_01_victario_c1r1.tgm.header,Tiny_3,41980347,264
d05ec4077a13b0a3,market_thickwall_straight_v02_01_c3r3.tgm,Tiny_3,41983920,613
bca99b3c47fda786,market_thickwall_straight_v02_01_c3r3.tgm.header,Tiny_3,41984533,264
774228afc191ee75,market_thickwall_straight_v02_01_c3r2.tgm,Tiny_6,2156616,51
5ec0425ee9f1d457,market_thickwall_straight_v02_01_c3r2.tgm.header,Tiny_6,10994494,264
f5ab62de7e160029,market_thickwall_straight_v02_01_c3r1.tgm,Art/Models/Terrain/Act3/MarketPlace/tgms_21,0,262393
18f49642a7bae155,market_thickwall_straight_v02_01_c3r1.tgm.header,Tiny_3,41982605,1315
2f805bd7cc3f3415,market_thickwall_straight_v02_01_c2r3.tgm,Tiny_3,41981548,793
9113a6c4cd040714,market_thickwall_straight_v02_01_c2r3.tgm.header,Tiny_3,41982341,264
73dffdabb3cc10fd,market_thickwall_straight_v02_01_c2r2.tgm,Tiny_6,2156616,51
a60a27a151894e00,market_thickwall_straight_v02_01_c2r2.tgm.header,Tiny_6,10994494,264
026afdf7b3652252,market_thickwall_straight_v02_01_c2r1.tgm,Tiny_3,41847735,355
6ec4f0585bf4b176,market_thickwall_straight_v02_01_c2r1.tgm.header,Tiny_3,41848090,264
ddbafa0898e3b7fe,market_thickwall_straight_v02_01_c1r3.tgm,Tiny_3,41980611,673
4c2b6c2a8f4d9387,market_thickwall_straight_v02_01_c1r3.tgm.header,Tiny_3,41981284,264
9f619add73c5a344,market_thickwall_straight_v02_01_c1r2.tgm,Tiny_6,2156616,51
3fee21c2e3209d9b,market_thickwall_straight_v02_01_c1r2.tgm.header,Tiny_6,10994494,264
2aaf3ba7228ea296,market_thickwall_straight_v02_01_c1r1.tgm,Tiny_3,41980100,247
a731eea09ae351dc,market_thickwall_straight_v02_01_c1r1.tgm.header,Tiny_3,41980347,264
3227e99389885a9d,market_thickwall_straight_v01_01_victario_c3r3.tgm,Tiny_3,41976317,463
0849d3cd678ec878,market_thickwall_straight_v01_01_victario_c3r3.tgm.header,Tiny_3,41976780,264
bf5043b75f2de196,market_thickwall_straight_v01_01_victario_c3r2.tgm,Tiny_3,41979637,463
6d9ab94956bffdff,market_thickwall_straight_v01_01_victario_c3r2.tgm.header,Tiny_3,41976053,264
fa292fb8e58b84f2,market_thickwall_straight_v01_01_victario_c3r1.tgm,Art/Models/Terrain/Act3/MarketPlace/tgms_20,1580842,763887
b780da61c1274af8,market_thickwall_straight_v01_01_victario_c3r1.tgm.header,Folders/art/models/terrain/act3/marketplace/tgms,1049934,11614
51ab3b52f215ffad,market_thickwall_straight_v01_01_victario_c2r3.tgm,Tiny_3,41975073,517
d19aa023b0c9f3d0,market_thickwall_straight_v01_01_victario_c2r3.tgm.header,Tiny_3,41783536,264
4544d5f1117757d9,market_thickwall_straight_v01_01_victario_c2r2.tgm,Tiny_3,41979228,409
c0fb32d3c683e9c6,market_thickwall_straight_v01_01_victario_c2r2.tgm.header,Tiny_3,41776293,264
553c873bb8b7e5af,market_thickwall_straight_v01_01_victario_c2r1.tgm,Tiny_3,41978359,605
c54032cc89eb4ed1,market_thickwall_straight_v01_01_victario_c2r1.tgm.header,Tiny_3,41978964,264
2394a9a413c64d61,market_thickwall_straight_v01_01_victario_c1r3.tgm,Tiny_3,41977950,409
2d969ba2fc620107,market_thickwall_straight_v01_01_victario_c1r3.tgm.header,Tiny_3,41628741,264
95c8f58a4f189df3,market_thickwall_straight_v01_01_victario_c1r2.tgm,Tiny_3,41977541,409
bb56f8ef3b3364a9,market_thickwall_straight_v01_01_victario_c1r2.tgm.header,Tiny_3,41789686,264
f8a023a2e3ee66bf,market_thickwall_straight_v01_01_victario_c1r1.tgm,Tiny_3,41977044,497
d53f0f76fb198d7d,market_thickwall_straight_v01_01_victario_c1r1.tgm.header,Tiny_3,41972713,264
a1c071b6c7cb4969,market_thickwall_straight_v01_01_c3r3.tgm,Tiny_3,41976317,463
3f2e27cc9b36592e,market_thickwall_straight_v01_01_c3r3.tgm.header,Tiny_3,41976780,264
59776440a2319697,market_thickwall_straight_v01_01_c3r2.tgm,Tiny_3,41975590,463
b9667f87f7e5a737,market_thickwall_straight_v01_01_c3r2.tgm.header,Tiny_3,41976053,264
ee16f09f9e8c9554,market_thickwall_straight_v01_01_c3r1.tgm,Art/Models/Terrain/Act3/MarketPlace/tgms_20,814981,765861
5c9552f3cc93c773,market_thickwall_straight_v01_01_c3r1.tgm.header,Folders/art/models/terrain/act3/marketplace/tgms,1038320,11614
a86d2fe18b56d518,market_thickwall_straight_v01_01_c2r3.tgm,Tiny_3,41975073,517
c2cff08316674bc4,market_thickwall_straight_v01_01_c2r3.tgm.header,Tiny_3,41783536,264
efc7d7c3b3cf1a4c,market_thickwall_straight_v01_01_c2r2.tgm,Tiny_3,41974664,409
aa979769a363c8fe,market_thickwall_straight_v01_01_c2r2.tgm.header,Tiny_3,41776293,264
ab6282be3d951d81,market_thickwall_straight_v01_01_c2r1.tgm,Tiny_3,41973795,605
a5501f8945a2b361,market_thickwall_straight_v01_01_c2r1.tgm.header,Tiny_3,41974400,264
f3387084a91c17c1,market_thickwall_straight_v01_01_c1r3.tgm,Tiny_3,41973386,409
130da65eccd28739,market_thickwall_straight_v01_01_c1r3.tgm.header,Tiny_3,41628741,264
4e7614207f9046d7,market_thickwall_straight_v01_01_c1r2.tgm,Tiny_3,41972977,409
beea9cffe94f1c17,market_thickwall_straight_v01_01_c1r2.tgm.header,Tiny_3,41776293,264
15accd2b50fd0a42,market_thickwall_straight_v01_01_c1r1.tgm,Tiny_3,41972216,497
c4bc03391e1b8bd8,market_thickwall_straight_v01_01_c1r1.tgm.header,Tiny_3,41972713,264
7c569c6cd8671bf9,market_thickwall_stairs_v01_01_c3r3.tgm,Tiny_3,41976317,463
6ddc5433e91f0e89,market_thickwall_stairs_v01_01_c3r3.tgm.header,Tiny_3,41976780,264
e44e0823cc884ac6,market_thickwall_stairs_v01_01_c3r2.tgm,Tiny_3,41975590,463
f143851a8b7d40af,market_thickwall_stairs_v01_01_c3r2.tgm.header,Tiny_3,41976053,264
066836e1782f0748,market_thickwall_stairs_v01_01_c3r1.tgm,Art/Models/Terrain/Act3/MarketPlace/tgms_20,0,814981
3ff6d2fbd6826324,market_thickwall_stairs_v01_01_c3r1.tgm.header,Folders/art/models/terrain/act3/marketplace/tgms,1024682,13638
10e793a854931b16,market_thickwall_stairs_v01_01_c2r3.tgm,Tiny_3,41975073,517
9761a051380611a0,market_thickwall_stairs_v01_01_c2r3.tgm.header,Tiny_3,41783536,264
d202d77560268938,market_thickwall_stairs_v01_01_c2r2.tgm,Tiny_3,41974664,409
b14916754197a159,market_thickwall_stairs_v01_01_c2r2.tgm.header,Tiny_3,41776293,264
8a9a779a61d5947f,market_thickwall_stairs_v01_01_c2r1.tgm,Tiny_3,41973795,605
934bd3e276eeebbb,market_thickwall_stairs_v01_01_c2r1.tgm.header,Tiny_3,41974400,264
f0235262cf6b26be,market_thickwall_stairs_v01_01_c1r3.tgm,Tiny_3,41973386,409
0a41beb261b7fb1c,market_thickwall_stairs_v01_01_c1r3.tgm.header,Tiny_3,41628741,264
982dcee4f3b03154,market_thickwall_stairs_v01_01_c1r2.tgm,Tiny_3,41972977,409
99ee0ca302d99aca,market_thickwall_stairs_v01_01_c1r2.tgm.header,Tiny_3,41776293,264
c56d1ad55c2c535d,market_thickwall_stairs_v01_01_c1r1.tgm,Tiny_3,41972216,497
438a3398ceb54d8f,market_thickwall_stairs_v01_01_c1r1.tgm.header,Tiny_3,41972713,264
d1573e48f8e49af2,market_thickwall_fill_v01_01_c3r3.tgm,Art/Models/Terrain/Act3/MarketPlace/tgms_19,2115223,8833
f7fb4009a6005239,market_thickwall_fill_v01_01_c3r3.tgm.header,Tiny_3,41971165,1051
8216bfe0ca89f82c,market_thickwall_fill_v01_01_c3r2.tgm,Tiny_3,41970918,247
bcb9a2d8f6f977bd,market_thickwall_fill_v01_01_c3r2.tgm.header,Tiny_3,41966607,264
93beaec7a5991a6f,market_thickwall_fill_v01_01_c3r1.tgm,Art/Models/Terrain/Act3/MarketPlace/tgms_19,2106444,8779
e1493f73aa918fd7,market_thickwall_fill_v01_01_c3r1.tgm.header,Tiny_3,41969867,1051
5d77df787f8be534,market_thickwall_fill_v01_01_c2r3.tgm,Tiny_3,41969302,301
23a360b2c332b155,market_thickwall_fill_v01_01_c2r3.tgm.header,Tiny_3,41969603,264
a9bdf1a01bf46757,market_thickwall_fill_v01_01_c2r2.tgm,Tiny_3,41968169,869
83fbd057f08857c5,market_thickwall_fill_v01_01_c2r2.tgm.header,Tiny_3,41969038,264
affaf1bae1d788d0,market_thickwall_fill_v01_01_c2r1.tgm,Tiny_3,41967922,247
3d01ecabf2e46332,market_thickwall_fill_v01_01_c2r1.tgm.header,Tiny_3,41966607,264
802e436be0cb0891,market_thickwall_fill_v01_01_c1r3.tgm,Art/Models/Terrain/Act3/MarketPlace/tgms_19,2097773,8671
c822d65b63d3ae2e,market_thickwall_fill_v01_01_c1r3.tgm.header,Tiny_3,41966871,1051
79683cb07310b10e,market_thickwall_fill_v01_01_c1r2.tgm,Tiny_3,41966360,247
9f5e5100452b34d3,market_thickwall_fill_v01_01_c1r2.tgm.header,Tiny_3,41966607,264
4beb71e72d26c255,market_thickwall_fill_v01_01_c1r1.tgm,Art/Models/Terrain/Act3/MarketPlace/tgms_19,2088940,8833
48b64b7856812aa1,market_thickwall_fill_v01_01_c1r1.tgm.header,Tiny_3,41965309,1051
daac42e517a6bd57,market_thickwall_convex_v07_01_c3r3.tgm,Tiny_3,41964602,443
71e11e24c1279d83,market_thickwall_convex_v07_01_c3r3.tgm.header,Tiny_3,41965045,264
c7bee411d37faeda,market_thickwall_convex_v07_01_c3r2.tgm,Tiny_3,41963817,521
697eeb8f6240d157,market_thickwall_convex_v07_01_c3r2.tgm.header,Tiny_3,41964338,264
f026c9e347e25d62,market_thickwall_convex_v07_01_c3r1.tgm,Art/Models/Terrain/Act3/MarketPlace/tgms_19,950581,1138359
34a0d598df94d79c,market_thickwall_convex_v07_01_c3r1.tgm.header,Folders/art/models/terrain/act3/marketplace/tgms,1003696,20986
017eee813dbd5da8,market_thickwall_convex_v07_01_c2r3.tgm,Tiny_3,41962924,629
4bda805c52afea19,market_thickwall_convex_v07_01_c2r3.tgm.header,Tiny_3,41963553,264
d13e93167c52a1dc,market_thickwall_convex_v07_01_c2r2.tgm,Tiny_3,41961719,941
a504308fd3789ec6,market_thickwall_convex_v07_01_c2r2.tgm.header,Tiny_3,41962660,264
ce34ef7c8172bb3b,market_thickwall_convex_v07_01_c2r1.tgm,Tiny_3,41960826,629
3d156ebfd6e4d932,market_thickwall_convex_v07_01_c2r1.tgm.header,Tiny_3,41961455,264
95c99125f7f6f0f3,market_thickwall_convex_v07_01_c1r3.tgm,Tiny_3,41960039,523
4b53d1b2d104bfaf,market_thickwall_convex_v07_01_c1r3.tgm.header,Tiny_3,41960562,264
e5e0e477622b1f21,market_thickwall_convex_v07_01_c1r2.tgm,Tiny_3,41959254,521
d4356a933da42d94,market_thickwall_convex_v07_01_c1r2.tgm.header,Tiny_3,41959775,264
c19008c2685dd3e4,market_thickwall_convex_v07_01_c1r1.tgm,Tiny_3,41958547,443
aa73a10a67a43e7f,market_thickwall_convex_v07_01_c1r1.tgm.header,Tiny_3,41958990,264
4ca0c21f1d7365e8,market_thickwall_convex_v04_01_c3r3.tgm,Tiny_3,41957550,733
df2e203fcc355112,market_thickwall_convex_v04_01_c3r3.tgm.header,Tiny_3,41958283,264
79a3eb7c98aa4f7b,market_thickwall_convex_v04_01_c3r2.tgm,Tiny_3,41956925,625
d669ea7c889ce9d8,market_thickwall_convex_v04_01_c3r2.tgm.header,Tiny_3,41626221,264
a506df984ce06917,market_thickwall_convex_v04_01_c3r1.tgm,Art/Models/Terrain/Act3/MarketPlace/tgms_19,0,950581
0eecaaba28c54074,market_thickwall_convex_v04_01_c3r1.tgm.header,Folders/art/models/terrain/act3/marketplace/tgms,983458,20238
89dce999e08ddf18,market_thickwall_convex_v04_01_c2r3.tgm,Tiny_3,41955928,733
2a44041343126ffa,market_thickwall_convex_v04_01_c2r3.tgm.header,Tiny_3,41956661,264
607a76dba4148ade,market_thickwall_convex_v04_01_c2r2.tgm,Tiny_3,41955039,625
2d0b899e64db3cbb,market_thickwall_convex_v04_01_c2r2.tgm.header,Tiny_3,41955664,264
3c98c3c093c52169,market_thickwall_convex_v04_01_c2r1.tgm,Tiny_3,41954522,517
fbc2384a893a42bd,market_thickwall_convex_v04_01_c2r1.tgm.header,Tiny_3,41619490,264
146708eb61985197,market_thickwall_convex_v04_01_c1r3.tgm,Tiny_3,41953519,739
583d869d2629e26f,market_thickwall_convex_v04_01_c1r3.tgm.header,Tiny_3,41954258,264
8828bb7db123a602,market_thickwall_convex_v04_01_c1r2.tgm,Tiny_3,41952684,571
28302891dbcf8031,market_thickwall_convex_v04_01_c1r2.tgm.header,Tiny_3,41953255,264
1cee81268ec04f5f,market_thickwall_convex_v04_01_c1r1.tgm,Tiny_3,41952119,301
cc9aa8aa68d5532c,market_thickwall_convex_v04_01_c1r1.tgm.header,Tiny_3,41952420,264
fd04afd824614f35,market_thickwall_convex_v02_01_victario_c3r3.tgm,Tiny_3,41951656,463
134abd8075f46e6f,market_thickwall_convex_v02_01_victario_c3r3.tgm.header,Tiny_5,59151096,264
c8551d930cd020d7,market_thickwall_convex_v02_01_victario_c3r2.tgm,Tiny_3,41951037,355
27b3223dcfd6b31b,market_thickwall_convex_v02_01_victario_c3r2.tgm.header,Tiny_3,41951392,264
373022bdbe375415,market_thickwall_convex_v02_01_victario_c3r1.tgm,Art/Models/Terrain/Act3/MarketPlace/tgms_18,2169989,238381
c40285606ba16830,market_thickwall_convex_v02_01_victario_c3r1.tgm.header,Tiny_3,41947827,3210
c3eb65df1ab9d789,market_thickwall_convex_v02_01_victario_c2r3.tgm,Tiny_3,41947208,355
7a4321db2c33a223,market_thickwall_convex_v02_01_victario_c2r3.tgm.header,Tiny_3,41947563,264
639bbfa779767427,market_thickwall_convex_v02_01_victario_c2r2.tgm,Tiny_6,2156616,51
74941573d3c0326f,market_thickwall_convex_v02_01_victario_c2r2.tgm.header,Tiny_6,10994494,264
191caaef607f97b7,market_thickwall_convex_v02_01_victario_c2r1.tgm,Tiny_6,2156616,51
534408cbdc3dc0a4,market_thickwall_convex_v02_01_victario_c2r1.tgm.header,Tiny_6,10994494,264
1d79503d7a68a980,market_thickwall_convex_v02_01_victario_c1r3.tgm,Tiny_3,41946697,247
a514f2744f10c7dc,market_thickwall_convex_v02_01_victario_c1r3.tgm.header,Tiny_3,41946944,264
3ea6438f2254c1e5,market_thickwall_convex_v02_01_victario_c1r2.tgm,Tiny_6,2156616,51
c40d78f0be0e5c19,market_thickwall_convex_v02_01_victario_c1r2.tgm.header,Tiny_6,10994494,264
a7c4a9793d9ce903,market_thickwall_convex_v02_01_victario_c1r1.tgm,Tiny_6,2156616,51
0f282381dae10d76,market_thickwall_convex_v02_01_victario_c1r1.tgm.header,Tiny_6,10994494,264
ed1dce37b400276a,market_thickwall_convex_v02_01_c3r3.tgm,Tiny_3,41946234,463
2030f9683618916d,market_thickwall_convex_v02_01_c3r3.tgm.header,Tiny_5,59151096,264
c714bdb1c6e7f40c,market_thickwall_convex_v02_01_c3r2.tgm,Tiny_3,41945615,355
6b5b3f06332618cf,market_thickwall_convex_v02_01_c3r2.tgm.header,Tiny_3,41945970,264
21abf44d8ac515b0,market_thickwall_convex_v02_01_c3r1.tgm,Art/Models/Terrain/Act3/MarketPlace/tgms_18,1934238,235751
9c4ad8eda4b05cd7,market_thickwall_convex_v02_01_c3r1.tgm.header,Tiny_3,41942493,3122
af1c768410640e33,market_thickwall_convex_v02_01_c2r3.tgm,Tiny_3,41941874,355
aa2a17252f0c81d4,market_thickwall_convex_v02_01_c2r3.tgm.header,Tiny_3,41942229,264
5918b2ea73d0602c,market_thickwall_convex_v02_01_c2r2.tgm,Tiny_6,2156616,51
17d2475b9a36d4aa,market_thickwall_convex_v02_01_c2r2.tgm.header,Tiny_6,10994494,264
eb7131905ef65d7b,market_thickwall_convex_v02_01_c2r1.tgm,Tiny_6,2156616,51
c256e1da5f333ab5,market_thickwall_convex_v02_01_c2r1.tgm.header,Tiny_6,10994494,264
486352622c7e7905,market_thickwall_convex_v02_01_c1r3.tgm,Tiny_3,41941363,247
8bfcb2cac517bee5,market_thickwall_convex_v02_01_c1r3.tgm.header,Tiny_3,41941610,264
3204aa0226487008,market_thickwall_convex_v02_01_c1r2.tgm,Tiny_6,2156616,51
227d4d537379ea19,market_thickwall_convex_v02_01_c1r2.tgm.header,Tiny_6,10994494,264
584ad8e24ab880de,market_thickwall_convex_v02_01_c1r1.tgm,Tiny_6,2156616,51
dc9f584c91678db8,market_thickwall_convex_v02_01_c1r1.tgm.header,Tiny_6,10994494,264
38b3cca640fbbc82,market_thickwall_convex_v01_01_victario_c3r3.tgm,Tiny_3,41940738,625
6a5e544eccbca051,market_thickwall_convex_v01_01_victario_c3r3.tgm.header,Tiny_3,41626221,264
2c9e0d313e27fa56,market_thickwall_convex_v01_01_victario_c3r2.tgm,Tiny_3,41940113,625
903ae0aef7d35872,market_thickwall_convex_v01_01_victario_c3r2.tgm.header,Tiny_3,41626221,264
295612d64c64e030,market_thickwall_convex_v01_01_victario_c3r1.tgm,Art/Models/Terrain/Act3/MarketPlace/tgms_18,967393,966845
a9934dcc9dc0bba6,market_thickwall_convex_v01_01_victario_c3r1.tgm.header,Folders/art/models/terrain/act3/marketplace/tgms,963176,20282
ea625eb5752022d2,market_thickwall_convex_v01_01_victario_c2r3.tgm,Tiny_3,41939596,517
f8442f4ac5bca372,market_thickwall_convex_v01_01_victario_c2r3.tgm.header,Tiny_3,41935929,264
797c7ed55f6f8d1f,market_thickwall_convex_v01_01_victario_c2r2.tgm,Tiny_3,41939079,517
31b4fe46ba5f9919,market_thickwall_convex_v01_01_victario_c2r2.tgm.header,Tiny_5,61864147,264
9262f7c3a3e3be62,market_thickwall_convex_v01_01_victario_c2r1.tgm,Tiny_3,41938562,517
122c2fd63aadaa1f,market_thickwall_convex_v01_01_victario_c2r1.tgm.header,Tiny_3,41619490,264
ce74b7eb1da5179a,market_thickwall_convex_v01_01_victario_c1r3.tgm,Tiny_3,41938153,409
7126c59f24668f7d,market_thickwall_convex_v01_01_victario_c1r3.tgm.header,Tiny_3,41628741,264
652a6e58b1e7c764,market_thickwall_convex_v01_01_victario_c1r2.tgm,Tiny_3,41937744,409
a42ad5f260744231,market_thickwall_convex_v01_01_victario_c1r2.tgm.header,Tiny_3,41933705,264
895e4d77cfbee145,market_thickwall_convex_v01_01_victario_c1r1.tgm,Tiny_3,41937443,301
aca1467c59e8258d,market_thickwall_convex_v01_01_victario_c1r1.tgm.header,Tiny_3,41794777,264
a7de9a008f65127b,market_thickwall_convex_v01_01_c3r3.tgm,Tiny_3,41936818,625
7a289856b77f052d,market_thickwall_convex_v01_01_c3r3.tgm.header,Tiny_3,41626221,264
a38a449aca2884b7,market_thickwall_convex_v01_01_c3r2.tgm,Tiny_3,41936193,625
043447a986cc36ef,market_thickwall_convex_v01_01_c3r2.tgm.header,Tiny_3,41626221,264
842f1edafa1e8d9c,market_thickwall_convex_v01_01_c3r1.tgm,Art/Models/Terrain/Act3/MarketPlace/tgms_18,0,967393
7ebb0b87b5870dd2,market_thickwall_convex_v01_01_c3r1.tgm.header,Folders/art/models/terrain/act3/marketplace/tgms,942674,20502
179af9db2e744907,market_thickwall_convex_v01_01_c2r3.tgm,Tiny_3,41935412,517
dc84b1dc22bee034,market_thickwall_convex_v01_01_c2r3.tgm.header,Tiny_3,41935929,264
da5350f2c8a02f4b,market_thickwall_convex_v01_01_c2r2.tgm,Tiny_3,41934895,517
b5dae6c2f030d905,market_thickwall_convex_v01_01_c2r2.tgm.header,Tiny_5,61864147,264
e6d4063c7c175d44,market_thickwall_convex_v01_01_c2r1.tgm,Tiny_3,41934378,517
c0e59558c99be3cc,market_thickwall_convex_v01_01_c2r1.tgm.header,Tiny_3,41619490,264
1fec9df92c161844,market_thickwall_convex_v01_01_c1r3.tgm,Tiny_3,41933969,409
033eed11dc0ff6f2,market_thickwall_convex_v01_01_c1r3.tgm.header,Tiny_3,41628741,264
19934476944bc55a,market_thickwall_convex_v01_01_c1r2.tgm,Tiny_3,41933296,409
2fe948063726a8ad,market_thickwall_convex_v01_01_c1r2.tgm.header,Tiny_3,41933705,264
5c21ab06d54d8f3b,market_thickwall_convex_v01_01_c1r1.tgm,Tiny_3,41932995,301
b4b5df77e2307fa3,market_thickwall_convex_v01_01_c1r1.tgm.header,Tiny_3,41794777,264
cc336a374499894e,market_thickwall_connection_01_03_deep_c3r3.tgm,Tiny_3,41931894,837
3de1535ac6f06cde,market_thickwall_connection_01_03_deep_c3r3.tgm.header,Tiny_3,41932731,264
eb384d52db7afdf5,market_thickwall_connection_01_03_deep_c3r2.tgm,Tiny_3,41930631,999
3c6ea2824d21b38a,market_thickwall_connection_01_03_deep_c3r2.tgm.header,Tiny_3,41931630,264
7c403a33c572215d,market_thickwall_connection_01_03_deep_c3r1.tgm,Tiny_3,41929956,675
5c7fd95ff655b084,market_thickwall_connection_01_03_deep_c3r1.tgm.header,Tiny_3,41920738,264
91ce315dfd4fbdef,market_thickwall_connection_01_03_deep_c2r3.tgm,Tiny_3,41928633,1323
8ef56c4fbf7743da,market_thickwall_connection_01_03_deep_c2r3.tgm.header,Tiny_3,41919799,264
ec9abe8950305200,market_thickwall_connection_01_03_deep_c2r2.tgm,Art/Models/Terrain/Act3/MarketPlace/tgms_17,1661469,704267
8e6be95a53a99e84,market_thickwall_connection_01_03_deep_c2r2.tgm.header,Folders/art/models/terrain/act3/marketplace/tgms,931192,11482
a6e2ad5c17a500dd,market_thickwall_connection_01_03_deep_c2r1.tgm,Tiny_3,41928066,567
6561d4498bbfa48e,market_thickwall_connection_01_03_deep_c2r1.tgm.header,Tiny_3,41918212,264
d54134f1daf597f1,market_thickwall_connection_01_03_deep_c1r3.tgm,Tiny_3,41925421,2381
00aef5e10615a99a,market_thickwall_connection_01_03_deep_c1r3.tgm.header,Tiny_3,41927802,264
188cefaffb00f8fd,market_thickwall_connection_01_03_deep_c1r2.tgm,Tiny_3,41923936,1485
27d1b06da8a8a5c8,market_thickwall_connection_01_03_deep_c1r2.tgm.header,Tiny_3,41914736,264
7106afff51fd22c2,market_thickwall_connection_01_03_deep_c1r1.tgm,Art/Models/Terrain/Act3/MarketPlace/tgms_17,1607184,54285
d32e20d30ee5bfda,market_thickwall_connection_01_03_deep_c1r1.tgm.header,Tiny_3,41923366,570
c53c8a2b52588d12,market_thickwall_connection_01_03_c3r3.tgm,Tiny_3,41922265,837
505331bb6f4dfb72,market_thickwall_connection_01_03_c3r3.tgm.header,Tiny_3,41923102,264
1b034332c2084510,market_thickwall_connection_01_03_c3r2.tgm,Tiny_3,41921002,999
4e991ac6264acabd,market_thickwall_connection_01_03_c3r2.tgm.header,Tiny_3,41922001,264
c6c1abd492249a01,market_thickwall_connection_01_03_c3r1.tgm,Tiny_3,41920063,675
900b0f9d0336f127,market_thickwall_connection_01_03_c3r1.tgm.header,Tiny_3,41920738,264
b89315f12b8f93e8,market_thickwall_connection_01_03_c2r3.tgm,Tiny_3,41918476,1323
f5bb3cd1cedefceb,market_thickwall_connection_01_03_c2r3.tgm.header,Tiny_3,41919799,264
6f881765812d9fbd,market_thickwall_connection_01_03_c2r2.tgm,Art/Models/Terrain/Act3/MarketPlace/tgms_17,902917,704267
fb8c0e7128caf03c,market_thickwall_connection_01_03_c2r2.tgm.header,Folders/art/models/terrain/act3/marketplace/tgms,919710,11482
92f2a94b2411d2ef,market_thickwall_connection_01_03_c2r1.tgm,Tiny_3,41917645,567
894881da92c0709d,market_thickwall_connection_01_03_c2r1.tgm.header,Tiny_3,41918212,264
a031231eb3540b71,market_thickwall_connection_01_03_c1r3.tgm,Tiny_3,41915000,2381
0d722f90570922d6,market_thickwall_connection_01_03_c1r3.tgm.header,Tiny_3,41917381,264
b487aeec3997b5be,market_thickwall_connection_01_03_c1r2.tgm,Tiny_3,41913251,1485
c203b06702be569e,market_thickwall_connection_01_03_c1r2.tgm.header,Tiny_3,41914736,264
ad389a4237931a17,market_thickwall_connection_01_03_c1r1.tgm,Art/Models/Terrain/Act3/MarketPlace/tgms_17,848632,54285
04dd00da26ac1a4c,market_thickwall_connection_01_03_c1r1.tgm.header,Tiny_3,41912681,570
aa6ef4d982be39ac,market_thickwall_connection_01_02_deep_c3r3.tgm,Tiny_3,41909714,2967
011a4f880100ea2f,market_thickwall_connection_01_02_deep_c3r3.tgm.header,Tiny_3,41896880,264
58e317f35b9b354b,market_thickwall_connection_01_02_deep_c3r2.tgm,Tiny_3,41905919,3795
170ed7c59a71ab13,market_thickwall_connection_01_02_deep_c3r2.tgm.header,Tiny_3,41893649,264
2f1c5caddd9b09f4,market_thickwall_connection_01_02_deep_c3r1.tgm,Tiny_3,41903198,2721
90f255b1434026d8,market_thickwall_connection_01_02_deep_c3r1.tgm.header,Tiny_3,41889590,264
e83addda178cf799,market_thickwall_connection_01_02_deep_c2r3.tgm,Art/Models/Terrain/Act3/MarketPlace/tgms_17,843829,4803
2b2250fea58559db,market_thickwall_connection_01_02_deep_c2r3.tgm.header,Tiny_3,41886605,264
36066f7ecea46a60,market_thickwall_connection_01_02_deep_c2r2.tgm,Art/Models/Terrain/Act3/MarketPlace/tgms_17,0,843829
7d6fd6ccef0e8d21,market_thickwall_connection_01_02_deep_c2r2.tgm.header,Folders/art/models/terrain/act3/marketplace/tgms,902200,17510
c1f2b7434337b7da,market_thickwall_connection_01_02_deep_c2r1.tgm,Tiny_3,41900945,2253
76d01f1db63c1dfc,market_thickwall_connection_01_02_deep_c2r1.tgm.header,Tiny_3,41886341,264
59258b7a3bbc555d,market_thickwall_connection_01_02_deep_c1r3.tgm,Art/Models/Terrain/Act3/MarketPlace/tgms_16,1643689,5123
ea492740bf543513,market_thickwall_connection_01_02_deep_c1r3.tgm.header,Tiny_3,41900681,264
56f11a040d8693b4,market_thickwall_connection_01_02_deep_c1r2.tgm,Tiny_3,41897714,2967
ac2c43aca8894b0c,market_thickwall_connection_01_02_deep_c1r2.tgm.header,Tiny_3,41883560,264
0d12d7314847601b,market_thickwall_connection_01_02_deep_c1r1.tgm,Art/Models/Terrain/Act3/MarketPlace/tgms_16,1589740,53949
c8715225d36bc8a5,market_thickwall_connection_01_02_deep_c1r1.tgm.header,Tiny_3,41897144,570
efe0ac2ec802b126,market_thickwall_connection_01_02_c3r3.tgm,Tiny_3,41893913,2967
0f3a776429a4c91e,market_thickwall_connection_01_02_c3r3.tgm.header,Tiny_3,41896880,264
f18b32e51b0b5576,market_thickwall_connection_01_02_c3r2.tgm,Tiny_3,41889854,3795
2f554e374af3be45,market_thickwall_connection_01_02_c3r2.tgm.header,Tiny_3,41893649,264
4abf018a7a2ddb10,market_thickwall_connection_01_02_c3r1.tgm,Tiny_3,41886869,2721
fb5fcd68be4baf76,market_thickwall_connection_01_02_c3r1.tgm.header,Tiny_3,41889590,264
d5ed2a7438a372d1,market_thickwall_connection_01_02_c2r3.tgm,Art/Models/Terrain/Act3/MarketPlace/tgms_16,1584937,4803
7647047ed16fbf3f,market_thickwall_connection_01_02_c2r3.tgm.header,Tiny_3,41886605,264
d63c851cd7bd97f3,market_thickwall_connection_01_02_c2r2.tgm,Art/Models/Terrain/Act3/MarketPlace/tgms_16,741108,843829
a0d663a3b1a48e7d,market_thickwall_connection_01_02_c2r2.tgm.header,Folders/art/models/terrain/act3/marketplace/tgms,884690,17510
1853587cc8da8f6a,market_thickwall_connection_01_02_c2r1.tgm,Tiny_3,41884088,2253
3462854f65a5f2f9,market_thickwall_connection_01_02_c2r1.tgm.header,Tiny_3,41886341,264
a40610ced3ff2481,market_thickwall_connection_01_02_c1r3.tgm,Art/Models/Terrain/Act3/MarketPlace/tgms_16,733561,7547
8f91a2c6bec66bde,market_thickwall_connection_01_02_c1r3.tgm.header,Tiny_3,41883824,264
f4d0d263c11c0fe0,market_thickwall_connection_01_02_c1r2.tgm,Tiny_3,41880593,2967
d6ea0b32a9b7b0bf,market_thickwall_connection_01_02_c1r2.tgm.header,Tiny_3,41883560,264
4f1cc49a2b827139,market_thickwall_connection_01_02_c1r1.tgm,Art/Models/Terrain/Act3/MarketPlace/tgms_16,681302,52259
e85010fcce763c87,market_thickwall_connection_01_02_c1r1.tgm.header,Tiny_3,41880067,526
ecdf90791882eafb,market_thickwall_connection_01_01_c3r3.tgm,Art/Models/Terrain/Act3/MarketPlace/tgms_16,677029,4273
831a364ebf5ba9a6,market_thickwall_connection_01_01_c3r3.tgm.header,Tiny_3,41879803,264
5a317a55cd86954d,market_thickwall_connection_01_01_c3r2.tgm,Tiny_3,41876788,2751
00501b42a2e750ff,market_thickwall_connection_01_01_c3r2.tgm.header,Tiny_3,41879539,264
9760480bb662c1ad,market_thickwall_connection_01_01_c3r1.tgm,Tiny_3,41874715,1809
df1e5d1c1a42fa1a,market_thickwall_connection_01_01_c3r1.tgm.header,Tiny_3,41876524,264
30abc0d139a5f65f,market_thickwall_connection_01_01_c2r3.tgm,Tiny_3,41870604,3847
01b1fb5818a3b903,market_thickwall_connection_01_01_c2r3.tgm.header,Tiny_3,41874451,264
b9cfea02c60ace70,market_thickwall_connection_01_01_c2r2.tgm,Art/Models/Terrain/Act3/MarketPlace/tgms_16,0,677029
2c8cf7cee31ee47b,market_thickwall_connection_01_01_c2r2.tgm.header,Folders/art/models/terrain/act3/marketplace/tgms,872988,11702
32b56721b5aef4d2,market_thickwall_connection_01_01_c2r1.tgm,Art/Models/Terrain/Act3/MarketPlace/tgms_15,2051548,84705
b2f04ab373d6e4e8,market_thickwall_connection_01_01_c2r1.tgm.header,Tiny_3,41870034,570
345d7d5d1637b25f,market_thickwall_connection_01_01_c1r3.tgm,Tiny_3,41865899,3871
db91e39e971888c2,market_thickwall_connection_01_01_c1r3.tgm.header,Tiny_3,41869770,264
f4ee1bb23afaf9da,market_thickwall_connection_01_01_c1r2.tgm,Tiny_3,41863916,1719
22fa381e80002d2d,market_thickwall_connection_01_01_c1r2.tgm.header,Tiny_3,41865635,264
3a443885918dd488,market_thickwall_connection_01_01_c1r1.tgm,Tiny_3,41863091,561
736d74b62709f503,market_thickwall_connection_01_01_c1r1.tgm.header,Tiny_3,41863652,264
86419561c50828a6,market_thickwall_concave_v04_01_c3r3.tgm,Art/Models/Terrain/Act3/MarketPlace/tgms_15,1459859,591689
20e7cb29c9cefbfd,market_thickwall_concave_v04_01_c3r3.tgm.header,Folders/art/models/terrain/act3/marketplace/tgms,863794,9194
dabeeb60e9752936,market_thickwall_concave_v04_01_c3r2.tgm,Tiny_3,41862358,733
8c5451f708b66855,market_thickwall_concave_v04_01_c3r2.tgm.header,Tiny_3,41840033,264
b435a9c631fe15e7,market_thickwall_concave_v04_01_c3r1.tgm,Tiny_3,41861435,659
2481e51b9288beb1,market_thickwall_concave_v04_01_c3r1.tgm.header,Tiny_3,41862094,264
0ac64e6bcf7194a1,market_thickwall_concave_v04_01_c2r3.tgm,Tiny_3,41860600,571
d35d646a83f0211d,market_thickwall_concave_v04_01_c2r3.tgm.header,Tiny_3,41861171,264
67430597849c4b1a,market_thickwall_concave_v04_01_c2r2.tgm,Tiny_3,41859711,625
26e7acddb8466c40,market_thickwall_concave_v04_01_c2r2.tgm.header,Tiny_3,41860336,264
1001b8ced0de53db,market_thickwall_concave_v04_01_c2r1.tgm,Tiny_3,41858626,821
7da030080184327c,market_thickwall_concave_v04_01_c2r1.tgm.header,Tiny_3,41859447,264
6164c0766791dfdc,market_thickwall_concave_v04_01_c1r3.tgm,Tiny_3,41857811,551
b81131f28782db49,market_thickwall_concave_v04_01_c1r3.tgm.header,Tiny_3,41858362,264
a52c0db89b1d1137,market_thickwall_concave_v04_01_c1r2.tgm,Tiny_3,41857152,659
94fbd265d11a0da4,market_thickwall_concave_v04_01_c1r2.tgm.header,Tiny_3,41835185,264
3173d7743a96f859,market_thickwall_concave_v04_01_c1r1.tgm,Tiny_3,41856351,801
2a3a6c56109c0279,market_thickwall_concave_v04_01_c1r1.tgm.header,Tiny_3,41834262,264
bd793258e7aaeab9,market_thickwall_concave_v02_01_victario_c3r3.tgm,Art/Models/Terrain/Act3/MarketPlace/tgms_15,1098328,361531
ac15b7f68367bfc3,market_thickwall_concave_v02_01_victario_c3r3.tgm.header,Tiny_3,41852613,3738
d30aa68e533aa160,market_thickwall_concave_v02_01_victario_c3r2.tgm,Tiny_6,2156616,51
f4dbaa5df6718644,market_thickwall_concave_v02_01_victario_c3r2.tgm.header,Tiny_6,10994494,264
bb262f153b1ab4a6,market_thickwall_concave_v02_01_victario_c3r1.tgm,Tiny_3,41848354,301
382de1ed52b05142,market_thickwall_concave_v02_01_victario_c3r1.tgm.header,Tiny_3,41848655,264
7cac2f4c3816dd15,market_thickwall_concave_v02_01_victario_c2r3.tgm,Tiny_6,2156616,51
9b44307b4f5b365c,market_thickwall_concave_v02_01_victario_c2r3.tgm.header,Tiny_6,10994494,264
48e3ffcabd2f1df7,market_thickwall_concave_v02_01_victario_c2r2.tgm,Tiny_6,2156616,51
d6dadd6fe2007180,market_thickwall_concave_v02_01_victario_c2r2.tgm.header,Tiny_6,10994494,264
93904d88d223a355,market_thickwall_concave_v02_01_victario_c2r1.tgm,Tiny_3,41847735,355
b203d55d5c0b57f9,market_thickwall_concave_v02_01_victario_c2r1.tgm.header,Tiny_3,41848090,264
3b600733f4d3a361,market_thickwall_concave_v02_01_victario_c1r3.tgm,Tiny_3,41847224,247
e58b8f0091541a58,market_thickwall_concave_v02_01_victario_c1r3.tgm.header,Tiny_3,41847471,264
e47b9f6ec8a2dfed,market_thickwall_concave_v02_01_victario_c1r2.tgm,Tiny_3,41846605,355
30bcb53d3e9cf3e9,market_thickwall_concave_v02_01_victario_c1r2.tgm.header,Tiny_3,41846960,264
6cfae19eaa4f39f5,market_thickwall_concave_v02_01_victario_c1r1.tgm,Tiny_3,41845844,497
170436645349eb01,market_thickwall_concave_v02_01_victario_c1r1.tgm.header,Tiny_3,41846341,264
7188795701a01b99,market_thickwall_concave_v02_01_c3r3.tgm,Art/Models/Terrain/Act3/MarketPlace/tgms_15,737479,360849
f5d752e856a7289b,market_thickwall_concave_v02_01_c3r3.tgm.header,Tiny_3,41848919,3694
5c40a4871cee3ac9,market_thickwall_concave_v02_01_c3r2.tgm,Tiny_6,2156616,51
b20c27795f518387,market_thickwall_concave_v02_01_c3r2.tgm.header,Tiny_6,10994494,264
3a5086f993999be0,market_thickwall_concave_v02_01_c3r1.tgm,Tiny_3,41848354,301
64472fd989be95cf,market_thickwall_concave_v02_01_c3r1.tgm.header,Tiny_3,41848655,264
536ce7fdc687f826,market_thickwall_concave_v02_01_c2r3.tgm,Tiny_6,2156616,51
cd04edf8708dbf45,market_thickwall_concave_v02_01_c2r3.tgm.header,Tiny_6,10994494,264
496360c65dcaabd0,market_thickwall_concave_v02_01_c2r2.tgm,Tiny_6,2156616,51
ad662217e7cab95e,market_thickwall_concave_v02_01_c2r2.tgm.header,Tiny_6,10994494,264
8188da59a4512faa,market_thickwall_concave_v02_01_c2r1.tgm,Tiny_3,41847735,355
ab50d98f55e7e25c,market_thickwall_concave_v02_01_c2r1.tgm.header,Tiny_3,41848090,264
b44229369d33d184,market_thickwall_concave_v02_01_c1r3.tgm,Tiny_3,41847224,247
712f22162cfdc786,market_thickwall_concave_v02_01_c1r3.tgm.header,Tiny_3,41847471,264
f2630144a6120b58,market_thickwall_concave_v02_01_c1r2.tgm,Tiny_3,41846605,355
c3d2a0f45524907f,market_thickwall_concave_v02_01_c1r2.tgm.header,Tiny_3,41846960,264
4d8cf89f3e70b693,market_thickwall_concave_v02_01_c1r1.tgm,Tiny_3,41845844,497
d1a0123a630a0524,market_thickwall_concave_v02_01_c1r1.tgm.header,Tiny_3,41846341,264
b38a4b74de4beb2d,market_thickwall_concave_v01_01_victario_c3r3.tgm,Art/Models/Terrain/Act3/MarketPlace/tgms_15,0,737479
40d3b56c31b5ca9e,market_thickwall_concave_v01_01_victario_c3r3.tgm.header,Folders/art/models/terrain/act3/marketplace/tgms,852796,10998
5a301892c9f2c0f6,market_thickwall_concave_v01_01_victario_c3r2.tgm,Tiny_3,41844847,733
5926de8c4d86ad6c,market_thickwall_concave_v01_01_victario_c3r2.tgm.header,Tiny_3,41845580,264
126c75319e144f2e,market_thickwall_concave_v01_01_victario_c3r1.tgm,Tiny_3,41843924,659
1a59354898bc9d0d,market_thickwall_concave_v01_01_victario_c3r1.tgm.header,Tiny_3,41844583,264
6662a67b2ac368bd,market_thickwall_concave_v01_01_victario_c2r3.tgm,Tiny_3,41843515,409
563f24d631124b74,market_thickwall_concave_v01_01_victario_c2r3.tgm.header,Tiny_3,41838113,264
938f0bd18f8a6df7,market_thickwall_concave_v01_01_victario_c2r2.tgm,Tiny_3,41842998,517
7e4a379fb834d2a6,market_thickwall_concave_v01_01_victario_c2r2.tgm.header,Tiny_5,61864147,264
7596600416ff8863,market_thickwall_concave_v01_01_victario_c2r1.tgm,Tiny_3,41842021,713
7eb9bd231089da1b,market_thickwall_concave_v01_01_victario_c2r1.tgm.header,Tiny_3,41842734,264
606367593fdfcd6d,market_thickwall_concave_v01_01_victario_c1r3.tgm,Tiny_3,41835449,497
5950185d5974fc90,market_thickwall_concave_v01_01_victario_c1r3.tgm.header,Tiny_3,41835946,264
451f19edde396751,market_thickwall_concave_v01_01_victario_c1r2.tgm,Tiny_3,41841362,659
6512c96adb8ee524,market_thickwall_concave_v01_01_victario_c1r2.tgm.header,Tiny_3,41835185,264
3ff681d042a6419a,market_thickwall_concave_v01_01_victario_c1r1.tgm,Tiny_3,41840297,801
fc45bb6395b6ff6e,market_thickwall_concave_v01_01_victario_c1r1.tgm.header,Tiny_3,41841098,264
c91d6842aaf19482,market_thickwall_concave_v01_01_c3r3.tgm,Art/Models/Terrain/Act3/MarketPlace/tgms_14,1630643,737103
aa409c17b757f925,market_thickwall_concave_v01_01_c3r3.tgm.header,Folders/art/models/terrain/act3/marketplace/tgms,841842,10954
1a7f114a4e974c91,market_thickwall_concave_v01_01_c3r2.tgm,Tiny_3,41839300,733
fdda91541196ccb5,market_thickwall_concave_v01_01_c3r2.tgm.header,Tiny_3,41840033,264
f7a59ccd818b25ad,market_thickwall_concave_v01_01_c3r1.tgm,Tiny_3,41838377,659
aea557529703299c,market_thickwall_concave_v01_01_c3r1.tgm.header,Tiny_3,41839036,264
f1069df6d4ce6b91,market_thickwall_concave_v01_01_c2r3.tgm,Tiny_3,41837704,409
5b3be8f077b9a714,market_thickwall_concave_v01_01_c2r3.tgm.header,Tiny_3,41838113,264
7cbb41787542bb88,market_thickwall_concave_v01_01_c2r2.tgm,Tiny_3,41837187,517
d96b17f3e1a643d2,market_thickwall_concave_v01_01_c2r2.tgm.header,Tiny_5,61864147,264
8cf72eda51503593,market_thickwall_concave_v01_01_c2r1.tgm,Tiny_3,41836210,713
694134a973a4e68b,market_thickwall_concave_v01_01_c2r1.tgm.header,Tiny_3,41836923,264
3fd6599c541ba46f,market_thickwall_concave_v01_01_c1r3.tgm,Tiny_3,41835449,497
e7faa764920836d4,market_thickwall_concave_v01_01_c1r3.tgm.header,Tiny_3,41835946,264
a10a023a7cfff564,market_thickwall_concave_v01_01_c1r2.tgm,Tiny_3,41834526,659
869bf76dfb372f05,market_thickwall_concave_v01_01_c1r2.tgm.header,Tiny_3,41835185,264
fb1724e5ebcf3664,market_thickwall_concave_v01_01_c1r1.tgm,Tiny_3,41833461,801
401f3d254395a041,market_thickwall_concave_v01_01_c1r1.tgm.header,Tiny_3,41834262,264
b2e861415f61f9c3,market_place_x_v01_02_c3r3.tgm,Art/Models/Terrain/Act3/MarketPlace/tgms_14,1405130,225513
1b0d92e25edeca68,market_place_x_v01_02_c3r3.tgm.header,Folders/art/models/terrain/act3/marketplace/tgms,833748,8094
c00bb03379ba5821,market_place_x_v01_02_c3r2.tgm,Art/Models/Terrain/Act3/MarketPlace/tgms_14,1333971,71159
a8b28942b7abd9fd,market_place_x_v01_02_c3r2.tgm.header,Tiny_3,41831351,2110
cd1193e26fe0da99,market_place_x_v01_02_c3r1.tgm,Art/Models/Terrain/Act3/MarketPlace/tgms_14,1274696,59275
231b12cd2e3d693f,market_place_x_v01_02_c3r1.tgm.header,Tiny_3,41829813,1538
c14163cceda4b1fb,market_place_x_v01_02_c2r3.tgm,Art/Models/Terrain/Act3/MarketPlace/tgms_14,1158609,116087
0c3b2aefbb281151,market_place_x_v01_02_c2r3.tgm.header,Tiny_3,41826779,3034
2b5df414df474779,market_place_x_v01_02_c2r2.tgm,Tiny_3,41823742,2773
8894c2436d279824,market_place_x_v01_02_c2r2.tgm.header,Tiny_3,41826515,264
fe0940497c945a8c,market_place_x_v01_02_c2r1.tgm,Art/Models/Terrain/Act3/MarketPlace/tgms_14,898832,259777
c59d305a13ec8e38,market_place_x_v01_02_c2r1.tgm.header,Folders/art/models/terrain/act3/marketplace/tgms,827458,6290
a7a71ea83958bdc6,market_place_x_v01_02_c1r3.tgm,Art/Models/Terrain/Act3/MarketPlace/tgms_14,850283,48549
54c3835514d50348,market_place_x_v01_02_c1r3.tgm.header,Tiny_3,41822776,966
a32133c8cb35efb8,market_place_x_v01_02_c1r2.tgm,Art/Models/Terrain/Act3/MarketPlace/tgms_14,773034,77249
c1a9aa88bfc3a30f,market_place_x_v01_02_c1r2.tgm.header,Tiny_3,41821458,1318
2f3b2e2b3cd7ee68,market_place_x_v01_02_c1r1.tgm,Art/Models/Terrain/Act3/MarketPlace/tgms_14,257803,515231
821b297cf8a5c5e0,market_place_x_v01_02_c1r1.tgm.header,Folders/art/models/terrain/act3/marketplace/tgms,816108,11350
69eded8ac23744b2,market_place_x_v01_01_c3r3.tgm,Art/Models/Terrain/Act3/MarketPlace/tgms_14,0,257803
1c92af93970a04af,market_place_x_v01_01_c3r3.tgm.header,Folders/art/models/terrain/act3/marketplace/tgms,807046,9062
7bbb7ad03d6a9afc,market_place_x_v01_01_c3r2.tgm,Art/Models/Terrain/Act3/MarketPlace/tgms_13,2471624,70295
90d6b34b8f339f70,market_place_x_v01_01_c3r2.tgm.header,Tiny_3,41819744,1714
45757a11f4327b44,market_place_x_v01_01_c3r1.tgm,Art/Models/Terrain/Act3/MarketPlace/tgms_13,2423895,47729
4932b84e9d18fc2f,market_place_x_v01_01_c3r1.tgm.header,Tiny_3,41818690,1054
66c23b1b8b118957,market_place_x_v01_01_c2r3.tgm,Art/Models/Terrain/Act3/MarketPlace/tgms_11,2503130,70917
b5596d20d3d50365,market_place_x_v01_01_c2r3.tgm.header,Tiny_3,41816272,2418
4b2d24cfe76e49ab,market_place_x_v01_01_c2r2.tgm,Tiny_3,41813003,3005
ce86a4ddfbb15c3d,market_place_x_v01_01_c2r2.tgm.header,Tiny_3,41816008,264
494e8b2d40909090,market_place_x_v01_01_c2r1.tgm,Art/Models/Terrain/Act3/MarketPlace/tgms_11,2293037,210093
3dbc82758cf9af35,market_place_x_v01_01_c2r1.tgm.header,Folders/art/models/terrain/act3/marketplace/tgms,799744,7302
352b841f43299d7b,market_place_x_v01_01_c1r3.tgm,Art/Models/Terrain/Act3/MarketPlace/tgms_11,2252916,40121
4c8fb7a38435e08f,market_place_x_v01_01_c1r3.tgm.header,Tiny_3,41812213,790
5cc8b5902a663b5f,market_place_x_v01_01_c1r2.tgm,Art/Models/Terrain/Act3/MarketPlace/tgms_11,2066091,186825
7065f7ecfb0033bc,market_place_x_v01_01_c1r2.tgm.header,Folders/art/models/terrain/act3/marketplace/tgms,792970,6774
73554e6abecc5c58,market_place_x_v01_01_c1r1.tgm,Art/Models/Terrain/Act3/MarketPlace/tgms_11,1732996,333095
17d4550ac08fb539,market_place_x_v01_01_c1r1.tgm.header,Folders/art/models/terrain/act3/marketplace/tgms,783204,9766
ca6467594639f162,market_place_straight_v04_03_c3r3.tgm,Art/Models/Terrain/Act3/MarketPlace/tgms_11,799639,933357
22d1043a10508dc1,market_place_straight_v04_03_c3r3.tgm.header,Folders/art/models/terrain/act3/marketplace/tgms,757554,25650
69c93aa9528a07d3,market_place_straight_v04_03_c3r2.tgm,Tiny_3,41811754,459
fe0505e3de71a59b,market_place_straight_v04_03_c3r2.tgm.header,Tiny_3,41778810,264
4e3acaf529075344,market_place_straight_v04_03_c3r1.tgm,Tiny_3,41811349,405
cd8310fd905d5329,market_place_straight_v04_03_c3r1.tgm.header,Tiny_3,41778087,264
70d3ba1ff82220cd,market_place_straight_v04_03_c2r3.tgm,Tiny_3,41810236,849
a23be4be5c790b16,market_place_straight_v04_03_c2r3.tgm.header,Tiny_3,41811085,264
0e7c19d031081ff9,market_place_straight_v04_03_c2r2.tgm,Tiny_3,41809831,405
288e91eb67264019,market_place_straight_v04_03_c2r2.tgm.header,Tiny_3,41776293,264
c83821ba74f90650,market_place_straight_v04_03_c2r1.tgm,Tiny_3,41775327,297
df23961208604b04,market_place_straight_v04_03_c2r1.tgm.header,Tiny_3,41775624,264
af42cc61381c4216,market_place_straight_v04_03_c1r3.tgm,Tiny_3,41809252,579
b034ea43eb8c7bae,market_place_straight_v04_03_c1r3.tgm.header,Tiny_3,41790529,264
84bf6cfbf7ba4350,market_place_straight_v04_03_c1r2.tgm,Tiny_3,41808847,405
e14d5651b8cb5f38,market_place_straight_v04_03_c1r2.tgm.header,Tiny_3,41789686,264
34d19f2202dbc6bd,market_place_straight_v04_03_c1r1.tgm,Tiny_3,41794480,297
9228d3a886f6583a,market_place_straight_v04_03_c1r1.tgm.header,Tiny_3,41794777,264
53fc3881533dd54b,market_place_straight_v04_02_c3r3.tgm,Tiny_3,41807896,687
69e81a5f242470ba,market_place_straight_v04_02_c3r3.tgm.header,Tiny_3,41808583,264
a316cc4eb910a163,market_place_straight_v04_02_c3r2.tgm,Tiny_3,41807437,459
8b6313138cad146f,market_place_straight_v04_02_c3r2.tgm.header,Tiny_3,41803516,264
6f0df913b8698756,market_place_straight_v04_02_c3r1.tgm,Tiny_3,41807032,405
6d2e62750d2a20a9,market_place_straight_v04_02_c3r1.tgm.header,Tiny_3,41802793,264
1408b4cc7bc8e719,market_place_straight_v04_02_c2r3.tgm,Tiny_3,41805835,933
b40c3b1eee76c45f,market_place_straight_v04_02_c2r3.tgm.header,Tiny_3,41806768,264
3b3ed17f6f0b1145,market_place_straight_v04_02_c2r2.tgm,Art/Models/Terrain/Act3/MarketPlace/tgms_11,0,799639
ddf69969417f887f,market_place_straight_v04_02_c2r2.tgm.header,Folders/art/models/terrain/act3/marketplace/tgms,731860,25694
eee8e70855c50c7f,market_place_straight_v04_02_c2r1.tgm,Tiny_3,41790793,297
67f0c818558df596,market_place_straight_v04_02_c2r1.tgm.header,Tiny_3,41775624,264
815f334dd38807ff,market_place_straight_v04_02_c1r3.tgm,Tiny_3,41804938,633
7953fae89a32fd97,market_place_straight_v04_02_c1r3.tgm.header,Tiny_3,41805571,264
bc424dbe8214cc18,market_place_straight_v04_02_c1r2.tgm,Tiny_3,41804533,405
1b84dfc74d916f6b,market_place_straight_v04_02_c1r2.tgm.header,Tiny_3,41789686,264
6818bdce323c10fd,market_place_straight_v04_02_c1r1.tgm,Tiny_3,41788984,297
5e0ff3618c600886,market_place_straight_v04_02_c1r1.tgm.header,Tiny_3,41780244,264
d035b9e0ee9bffa0,market_place_straight_v04_01_c3r3.tgm,Tiny_3,41803780,489
668594c6edda515e,market_place_straight_v04_01_c3r3.tgm.header,Tiny_3,41804269,264
f6d1088fe6569fa4,market_place_straight_v04_01_c3r2.tgm,Tiny_3,41803057,459
f67a0da7cc1f2cdd,market_place_straight_v04_01_c3r2.tgm.header,Tiny_3,41803516,264
ba0d3e7f2117dcdb,market_place_straight_v04_01_c3r1.tgm,Tiny_3,41802388,405
d4852a7d08a20e27,market_place_straight_v04_01_c3r1.tgm.header,Tiny_3,41802793,264
2af814a19501f2ca,market_place_straight_v04_01_c2r3.tgm,Tiny_3,41801389,735
9f5c6133d46f2fab,market_place_straight_v04_01_c2r3.tgm.header,Tiny_3,41802124,264
a7bfffda4712ce1e,market_place_straight_v04_01_c2r2.tgm,Art/Models/Terrain/Act3/MarketPlace/tgms_10,2178084,752475
057bd957960d9d7c,market_place_straight_v04_01_c2r2.tgm.header,Folders/art/models/terrain/act3/marketplace/tgms,711094,20766
e46fe04fc894fd43,market_place_straight_v04_01_c2r1.tgm,Tiny_3,41801092,297
c98e70769d86bda4,market_place_straight_v04_01_c2r1.tgm.header,Tiny_3,41775624,264
d5e61ff51a6ca020,market_place_straight_v04_01_c1r3.tgm,Tiny_3,41800255,573
9fd2f7afb474c32a,market_place_straight_v04_01_c1r3.tgm.header,Tiny_3,41800828,264
1f2fea7649eca024,market_place_straight_v04_01_c1r2.tgm,Tiny_3,41799850,405
94ae770058025f8d,market_place_straight_v04_01_c1r2.tgm.header,Tiny_3,41774190,264
f59b30634ca69b7c,market_place_straight_v04_01_c1r1.tgm,Tiny_3,41799553,297
3acc4c17f1add412,market_place_straight_v04_01_c1r1.tgm.header,Tiny_3,41780244,264
ebd32228058f5d2f,market_place_straight_v03_01_c3r3.tgm,Tiny_3,41798602,687
1ba7435abcc245f9,market_place_straight_v03_01_c3r3.tgm.header,Tiny_3,41799289,264
b02bfeb463d647f5,market_place_straight_v03_01_c3r2.tgm,Tiny_3,41797879,459
4a64f0eed266109f,market_place_straight_v03_01_c3r2.tgm.header,Tiny_3,41798338,264
3ec368746f49c852,market_place_straight_v03_01_c3r1.tgm,Tiny_3,41797474,405
b3a599ba0e36bea9,market_place_straight_v03_01_c3r1.tgm.header,Tiny_3,41778087,264
47fa6cbade29517e,market_place_straight_v03_01_c2r3.tgm,Tiny_3,41796343,867
91149ab1fd1ab910,market_place_straight_v03_01_c2r3.tgm.header,Tiny_3,41797210,264
420c2bd251a26757,market_place_straight_v03_01_c2r2.tgm,Art/Models/Terrain/Act3/MarketPlace/tgms_10,947577,1230507
b1c4eb6f308909fa,market_place_straight_v03_01_c2r2.tgm.header,Folders/art/models/terrain/act3/marketplace/tgms,683332,27762
8b43a1b10bda8a87,market_place_straight_v03_01_c2r1.tgm,Tiny_3,41786698,297
323e9a407a41e8e7,market_place_straight_v03_01_c2r1.tgm.header,Tiny_3,41775624,264
f916a8dffd3bb2e1,market_place_straight_v03_01_c1r3.tgm,Tiny_3,41795446,633
a4c340d40a1a8c52,market_place_straight_v03_01_c1r3.tgm.header,Tiny_3,41796079,264
a21f5219019514ef,market_place_straight_v03_01_c1r2.tgm,Tiny_3,41795041,405
9d6374c446eddbe5,market_place_straight_v03_01_c1r2.tgm.header,Tiny_3,41789686,264
6d44cc945c5a9462,market_place_straight_v03_01_c1r1.tgm,Tiny_3,41794480,297
c131419bb19967e5,market_place_straight_v03_01_c1r1.tgm.header,Tiny_3,41794777,264
4aefa11eac4c75a4,market_place_straight_v02_01_c3r3.tgm,Tiny_3,41793529,687
fed46a838baacf83,market_place_straight_v02_01_c3r3.tgm.header,Tiny_3,41794216,264
6f6d0ec2768d988c,market_place_straight_v02_01_c3r2.tgm,Tiny_3,41792806,459
e3678d170ee3e952,market_place_straight_v02_01_c3r2.tgm.header,Tiny_3,41793265,264
fca938b1d7872163,market_place_straight_v02_01_c3r1.tgm,Tiny_3,41792137,405
4885b9b5fa9e6cc3,market_place_straight_v02_01_c3r1.tgm.header,Tiny_3,41792542,264
603822c6f921157f,market_place_straight_v02_01_c2r3.tgm,Tiny_3,41791090,783
adb312bfa6981b6c,market_place_straight_v02_01_c2r3.tgm.header,Tiny_3,41791873,264
a17803f2098bb28f,market_place_straight_v02_01_c2r2.tgm,Art/Models/Terrain/Act3/MarketPlace/tgms_10,0,947577
a06922f6ce8e4274,market_place_straight_v02_01_c2r2.tgm.header,Folders/art/models/terrain/act3/marketplace/tgms,657154,26178
12950b6979885473,market_place_straight_v02_01_c2r1.tgm,Tiny_3,41790793,297
b83be67ff641e17a,market_place_straight_v02_01_c2r1.tgm.header,Tiny_3,41775624,264
11cb143108733343,market_place_straight_v02_01_c1r3.tgm,Tiny_3,41789950,579
cac119c8e81e6ff6,market_place_straight_v02_01_c1r3.tgm.header,Tiny_3,41790529,264
351e72cf57ed3a8c,market_place_straight_v02_01_c1r2.tgm,Tiny_3,41789281,405
315899208524f53c,market_place_straight_v02_01_c1r2.tgm.header,Tiny_3,41789686,264
82b85646cd6d12ab,market_place_straight_v02_01_c1r1.tgm,Tiny_3,41788984,297
49568d6c019d4f79,market_place_straight_v02_01_c1r1.tgm.header,Tiny_3,41780244,264
b03361b4a1882472,market_place_straight_v01_02_c3r3.tgm,Tiny_3,41779074,609
529de1612c2da70c,market_place_straight_v01_02_c3r3.tgm.header,Tiny_3,41779683,264
13b8e8b979310ae6,market_place_straight_v01_02_c3r2.tgm,Tiny_3,41788261,459
bf60d1a05e35ef84,market_place_straight_v01_02_c3r2.tgm.header,Tiny_3,41788720,264
179cb1c3d5c5444b,market_place_straight_v01_02_c3r1.tgm,Tiny_3,41787856,405
262dd77747b4fb4b,market_place_straight_v01_02_c3r1.tgm.header,Tiny_3,41778087,264
4a2fec3ce734c39a,market_place_straight_v01_02_c2r3.tgm,Tiny_3,41786995,861
8221610a4d6773a5,market_place_straight_v01_02_c2r3.tgm.header,Tiny_3,41777418,264
8f41b8a955a9d323,market_place_straight_v01_02_c2r2.tgm,Art/Models/Terrain/Act3/MarketPlace/tgms_9,2455251,1025237
ab8a67c1cc897e9e,market_place_straight_v01_02_c2r2.tgm.header,Folders/art/models/terrain/act3/marketplace/tgms,636036,21118
d506a79775b39a02,market_place_straight_v01_02_c2r1.tgm,Tiny_3,41786698,297
36f0d67be5c2c6bc,market_place_straight_v01_02_c2r1.tgm.header,Tiny_3,41775624,264
30acd1bb9c7ec181,market_place_straight_v01_02_c1r3.tgm,Tiny_3,41786089,609
cdbc65c0673148e1,market_place_straight_v01_02_c1r3.tgm.header,Tiny_3,41775063,264
5714e7092b3f6572,market_place_straight_v01_02_c1r2.tgm,Tiny_3,41785684,405
f648121675ee4bd5,market_place_straight_v01_02_c1r2.tgm.header,Tiny_3,41774190,264
457bc8b8202e0cc1,market_place_straight_v01_02_c1r1.tgm,Tiny_3,41785387,297
35e2397c2e68ab28,market_place_straight_v01_02_c1r1.tgm.header,Tiny_3,41780244,264
1ef9897cccb72795,market_place_straight_v01_01_unique1_c3r3.tgm,Tiny_3,41784664,459
99121c11b9bd96ca,market_place_straight_v01_01_unique1_c3r3.tgm.header,Tiny_3,41785123,264
2952d5102d8e498e,market_place_straight_v01_01_unique1_c3r2.tgm,Tiny_3,41784205,459
e2aa7ddaf79d9d6f,market_place_straight_v01_01_unique1_c3r2.tgm.header,Tiny_3,41778810,264
e322b36c164ea259,market_place_straight_v01_01_unique1_c3r1.tgm,Tiny_3,41783800,405
62497446581560a7,market_place_straight_v01_01_unique1_c3r1.tgm.header,Tiny_3,41778087,264
8d7e2c8fca7b9e49,market_place_straight_v01_01_unique1_c2r3.tgm,Tiny_3,41783023,513
6cd9c99d2a270c98,market_place_straight_v01_01_unique1_c2r3.tgm.header,Tiny_3,41783536,264
224f5c6c178c8be4,market_place_straight_v01_01_unique1_c2r2.tgm,Art/Models/Terrain/Act3/MarketPlace/tgms_9,1539250,916001
68b610bdcf13019f,market_place_straight_v01_01_unique1_c2r2.tgm.header,Folders/art/models/terrain/act3/marketplace/tgms,615842,20194
90abb2374b17043d,market_place_straight_v01_01_unique1_c2r1.tgm,Art/Models/Terrain/Act3/MarketPlace/tgms_9,1419911,119339
bafd24c785721f17,market_place_straight_v01_01_unique1_c2r1.tgm.header,Tiny_3,41780913,2110
62348b006e78137d,market_place_straight_v01_01_unique1_c1r3.tgm,Tiny_3,41780508,405
32772cb3ddbe498a,market_place_straight_v01_01_unique1_c1r3.tgm.header,Tiny_3,41628741,264
e0159270db40ea6f,market_place_straight_v01_01_unique1_c1r2.tgm,Tiny_3,41773785,405
5285b8e546220fe9,market_place_straight_v01_01_unique1_c1r2.tgm.header,Tiny_3,41774190,264
27827e24695f61ce,market_place_straight_v01_01_unique1_c1r1.tgm,Tiny_3,41779947,297
7e5693a73b0bf429,market_place_straight_v01_01_unique1_c1r1.tgm.header,Tiny_3,41780244,264
aea53e05da7c8db9,market_place_straight_v01_01_c3r3.tgm,Tiny_3,41779074,609
f95ff4f4a40ce2d0,market_place_straight_v01_01_c3r3.tgm.header,Tiny_3,41779683,264
6a7670cbd9023762,market_place_straight_v01_01_c3r2.tgm,Tiny_3,41778351,459
d3bb84e02192def9,market_place_straight_v01_01_c3r2.tgm.header,Tiny_3,41778810,264
d5491954fb589bfb,market_place_straight_v01_01_c3r1.tgm,Tiny_3,41777682,405
6df2f245230a274f,market_place_straight_v01_01_c3r1.tgm.header,Tiny_3,41778087,264
ae82d5360e7f826e,market_place_straight_v01_01_c2r3.tgm,Tiny_3,41776557,861
c59592417866dd27,market_place_straight_v01_01_c2r3.tgm.header,Tiny_3,41777418,264
b40fa8b340f73359,market_place_straight_v01_01_c2r2.tgm,Tiny_3,41775888,405
84151d138ab59c7e,market_place_straight_v01_01_c2r2.tgm.header,Tiny_3,41776293,264
65f4fb3970c639d1,market_place_straight_v01_01_c2r1.tgm,Tiny_3,41775327,297
5e89ebc0558c7fad,market_place_straight_v01_01_c2r1.tgm.header,Tiny_3,41775624,264
7ae4b26b2ed70a6b,market_place_straight_v01_01_c1r3.tgm,Tiny_3,41774454,609
453480caceff5eac,market_place_straight_v01_01_c1r3.tgm.header,Tiny_3,41775063,264
a5ae20c6f09d6821,market_place_straight_v01_01_c1r2.tgm,Tiny_3,41773785,405
752689e3ebb5aaf1,market_place_straight_v01_01_c1r2.tgm.header,Tiny_3,41774190,264
245f3eab13097e93,market_place_straight_v01_01_c1r1.tgm,Art/Models/Terrain/Act3/MarketPlace/tgms_9,511304,908607
c098ae50a15ab60c,market_place_straight_v01_01_c1r1.tgm.header,Folders/art/models/terrain/act3/marketplace/tgms,590588,25254
c4bedf6dfe580af1,market_place_fill_v01_01_c3r3.tgm,Art/Models/Terrain/Act3/MarketPlace/tgms_9,504767,6537
5acb9787c3790acf,market_place_fill_v01_01_c3r3.tgm.header,Tiny_3,41772998,787
c886efa775024895,market_place_fill_v01_01_c3r2.tgm,Tiny_3,41770786,1909
fa14b22106106bbc,market_place_fill_v01_01_c3r2.tgm.header,Tiny_3,41772695,303
22f771e834ffd8d0,market_place_fill_v01_01_c3r1.tgm,Art/Models/Terrain/Act3/MarketPlace/tgms_9,497930,6837
250ad104b4a5d277,market_place_fill_v01_01_c3r1.tgm.header,Tiny_3,41769999,787
c3b47d9d8d9fc0a4,market_place_fill_v01_01_c2r3.tgm,Tiny_3,41767637,2059
7dabf83437be1802,market_place_fill_v01_01_c2r3.tgm.header,Tiny_3,41769696,303
073fbe4d28a0befd,market_place_fill_v01_01_c2r2.tgm,Art/Models/Terrain/Act3/MarketPlace/tgms_9,484879,13051
ad5bb5a7fd60650d,market_place_fill_v01_01_c2r2.tgm.header,Tiny_3,41766278,1359
12b09904eaeffce5,market_place_fill_v01_01_c2r1.tgm,Tiny_3,41763970,2005
54322d53a3219b1c,market_place_fill_v01_01_c2r1.tgm.header,Tiny_3,41765975,303
7534f1312c10f975,market_place_fill_v01_01_c1r3.tgm,Art/Models/Terrain/Act3/MarketPlace/tgms_9,478150,6729
7adf9d22ce0ba987,market_place_fill_v01_01_c1r3.tgm.header,Tiny_3,41763183,787
7540b0f83657e561,market_place_fill_v01_01_c1r2.tgm,Tiny_3,41760971,1909
68932746e86dacd9,market_place_fill_v01_01_c1r2.tgm.header,Tiny_3,41762880,303
98395e66c9702962,market_place_fill_v01_01_c1r1.tgm,Art/Models/Terrain/Act3/MarketPlace/tgms_9,471613,6537
9c14afd8d5428ada,market_place_fill_v01_01_c1r1.tgm.header,Tiny_3,41760184,787
0e71edf75c6801df,market_place_entrance_v01_01_c3r3.tgm,Tiny_3,41759125,795
baf4a1e4d2f9263d,market_place_entrance_v01_01_c3r3.tgm.header,Tiny_3,41759920,264
e985d74b3693a44a,market_place_entrance_v01_01_c3r2.tgm,Tiny_3,41758318,543
cfcd4d0bec48d068,market_place_entrance_v01_01_c3r2.tgm.header,Tiny_3,41758861,264
ebd9b818e67dcc39,market_place_entrance_v01_01_c3r1.tgm,Tiny_3,41758021,297
f74176e3aca4ea4b,market_place_entrance_v01_01_c3r1.tgm.header,Tiny_5,61805031,264
288569456b8a62e1,market_place_entrance_v01_01_c2r3.tgm,Art/Models/Terrain/Act3/MarketPlace/tgms_9,467172,4441
6737eac15f6065f1,market_place_entrance_v01_01_c2r3.tgm.header,Tiny_3,41757757,264
ed5146f80165e6ea,market_place_entrance_v01_01_c2r2.tgm,Art/Models/Terrain/Act3/MarketPlace/tgms_9,36477,430695
eb0f841936be4c02,market_place_entrance_v01_01_c2r2.tgm.header,Folders/art/models/terrain/act3/marketplace/tgms,579722,10866
d1b062a6e8460d2d,market_place_entrance_v01_01_c2r1.tgm,Art/Models/Terrain/Act3/MarketPlace/tgms_9,0,36477
2ea36822449384d8,market_place_entrance_v01_01_c2r1.tgm.header,Tiny_3,41757055,702
d50035361de3fb11,market_place_entrance_v01_01_c1r3.tgm,Tiny_3,41756074,717
1004797ac8224932,market_place_entrance_v01_01_c1r3.tgm.header,Tiny_3,41756791,264
66c4f7d254394c9f,market_place_entrance_v01_01_c1r2.tgm,Tiny_3,41755261,549
6b2e4c19c5fb9091,market_place_entrance_v01_01_c1r2.tgm.header,Tiny_3,41755810,264
698af8e4299c2089,market_place_entrance_v01_01_c1r1.tgm,Tiny_3,41754754,243
691c677b7b1a9ded,market_place_entrance_v01_01_c1r1.tgm.header,Tiny_3,41754997,264
4d8efcda5ee28a50,market_place_convex_v06_03_c3r3.tgm,Tiny_3,41751693,2797
cda45a2956139883,market_place_convex_v06_03_c3r3.tgm.header,Tiny_3,41754490,264
b0f2c49ae4d1ae7c,market_place_convex_v06_03_c3r2.tgm,Tiny_3,41749088,2341
f5ded8fa86e2c3d1,market_place_convex_v06_03_c3r2.tgm.header,Tiny_3,41751429,264
60a314b74c355ed0,market_place_convex_v06_03_c3r1.tgm,Tiny_3,41747395,1693
8c22aac5f40314a1,market_place_convex_v06_03_c3r1.tgm.header,Tiny_3,41720314,264
65949cd46ecb353d,market_place_convex_v06_03_c2r3.tgm,Tiny_3,41745168,1963
f880ece041ce42e0,market_place_convex_v06_03_c2r3.tgm.header,Tiny_3,41747131,264
f605340818711f49,market_place_convex_v06_03_c2r2.tgm,Art/Models/Terrain/Act3/MarketPlace/tgms_8,2203478,445889
a7de1204f6018237,market_place_convex_v06_03_c2r2.tgm.header,Folders/art/models/terrain/act3/marketplace/tgms,567580,12142
60f3073be244228b,market_place_convex_v06_03_c2r1.tgm,Tiny_3,41744763,405
58e050600368fc87,market_place_convex_v06_03_c2r1.tgm.header,Tiny_3,41728452,264
aa1600ef7dce871d,market_place_convex_v06_03_c1r3.tgm,Tiny_3,41743502,1261
7572f4930f4c0e82,market_place_convex_v06_03_c1r3.tgm.header,Tiny_3,41715671,264
eadd368064017805,market_place_convex_v06_03_c1r2.tgm,Tiny_3,41743151,351
74c7be4a2a036fac,market_place_convex_v06_03_c1r2.tgm.header,Tiny_3,41700343,264
29586ba85d29c5af,market_place_convex_v06_03_c1r1.tgm,Tiny_3,41742800,351
42ad291c693234cc,market_place_convex_v06_03_c1r1.tgm.header,Tiny_3,41706535,264
5538d0fb58c34432,market_place_convex_v06_02_c3r3.tgm,Tiny_3,41740291,2245
ddfc541c14ba52d8,market_place_convex_v06_02_c3r3.tgm.header,Tiny_3,41742536,264
d45356f1d666cdb9,market_place_convex_v06_02_c3r2.tgm,Tiny_3,41738046,1981
63b6c164d6a9737b,market_place_convex_v06_02_c3r2.tgm.header,Tiny_3,41740027,264
174feaf987e3a3ed,market_place_convex_v06_02_c3r1.tgm,Tiny_3,41736263,1519
9610561b2e6de422,market_place_convex_v06_02_c3r1.tgm.header,Tiny_3,41737782,264
2d4f68dc42d09d1a,market_place_convex_v06_02_c2r3.tgm,Tiny_3,41734396,1603
47e4232c909d0dbb,market_place_convex_v06_02_c2r3.tgm.header,Tiny_3,41735999,264
ab9ce0d528bd6221,market_place_convex_v06_02_c2r2.tgm,Art/Models/Terrain/Act3/MarketPlace/tgms_8,1674995,528483
f19d1b9236d20cd2,market_place_convex_v06_02_c2r2.tgm.header,Folders/art/models/terrain/act3/marketplace/tgms,553018,14562
b74a7ae1560d801d,market_place_convex_v06_02_c2r1.tgm,Tiny_3,41733991,405
b081610ab9458319,market_place_convex_v06_02_c2r1.tgm.header,Tiny_3,41728452,264
a140bd84e15b9d62,market_place_convex_v06_02_c1r3.tgm,Tiny_3,41732640,1087
a92796d3a17cbd9c,market_place_convex_v06_02_c1r3.tgm.header,Tiny_3,41733727,264
edfbbf84b42e743b,market_place_convex_v06_02_c1r2.tgm,Tiny_3,41732025,351
6e6613c9559673fe,market_place_convex_v06_02_c1r2.tgm.header,Tiny_3,41732376,264
7a71cfeaac7343de,market_place_convex_v06_02_c1r1.tgm,Tiny_3,41731674,351
aa06cdc676428997,market_place_convex_v06_02_c1r1.tgm.header,Tiny_3,41700343,264
3e378d685861cb1e,market_place_convex_v06_01_c3r3.tgm,Tiny_3,41730975,699
6a4297ff01ab646a,market_place_convex_v06_01_c3r3.tgm.header,Tiny_3,41705920,264
8830f40baa69a08f,market_place_convex_v06_01_c3r2.tgm,Tiny_3,41729952,759
9f9105d175c581a6,market_place_convex_v06_01_c3r2.tgm.header,Tiny_3,41730711,264
4acd8dacb0272e86,market_place_convex_v06_01_c3r1.tgm,Tiny_3,41729175,513
06047f606c82ba5a,market_place_convex_v06_01_c3r1.tgm.header,Tiny_3,41729688,264
4fff6ed7d423bf88,market_place_convex_v06_01_c2r3.tgm,Tiny_3,41728716,459
2816a23a2c001051,market_place_convex_v06_01_c2r3.tgm.header,Tiny_3,41703049,264
1a876a059b43eed7,market_place_convex_v06_01_c2r2.tgm,Art/Models/Terrain/Act3/MarketPlace/tgms_8,1041976,633019
b1f3e27ef2e7ca35,market_place_convex_v06_01_c2r2.tgm.header,Folders/art/models/terrain/act3/marketplace/tgms,532076,20942
64c666871de51fb8,market_place_convex_v06_01_c2r1.tgm,Tiny_3,41728047,405
92ab680d61b4902d,market_place_convex_v06_01_c2r1.tgm.header,Tiny_3,41728452,264
396ac5121bf20920,market_place_convex_v06_01_c1r3.tgm,Tiny_3,41727612,435
b93365e212296a86,market_place_convex_v06_01_c1r3.tgm.header,Tiny_3,41701657,264
cc43f9d18e32d0da,market_place_convex_v06_01_c1r2.tgm,Tiny_3,41726997,351
c474d618aedb328e,market_place_convex_v06_01_c1r2.tgm.header,Tiny_3,41727348,264
4a3745236d2d8e85,market_place_convex_v06_01_c1r1.tgm,Tiny_3,41726382,351
40ae93f365ee50fe,market_place_convex_v06_01_c1r1.tgm.header,Tiny_3,41726733,264
a3d6bb49b9a055b6,market_place_convex_v03_01_c3r3.tgm,Tiny_3,41723291,2827
8cf695399fa5c93b,market_place_convex_v03_01_c3r3.tgm.header,Tiny_3,41726118,264
7a8273ac4ef5726e,market_place_convex_v03_01_c3r2.tgm,Tiny_3,41720578,2449
35a5661c6affc13b,market_place_convex_v03_01_c3r2.tgm.header,Tiny_3,41723027,264
7ac6ea7a813ac1b3,market_place_convex_v03_01_c3r1.tgm,Tiny_3,41718621,1693
68df5aa704276aa2,market_place_convex_v03_01_c3r1.tgm.header,Tiny_3,41720314,264
346c70b516fb5689,market_place_convex_v03_01_c2r3.tgm,Tiny_3,41716340,2017
82b545a4628391ab,market_place_convex_v03_01_c2r3.tgm.header,Tiny_3,41718357,264
0599e4ed5e8f8e51,market_place_convex_v03_01_c2r2.tgm,Art/Models/Terrain/Act3/MarketPlace/tgms_8,630067,411909
fd5213dc18b91998,market_place_convex_v03_01_c2r2.tgm.header,Folders/art/models/terrain/act3/marketplace/tgms,519098,12978
a1fa97f7c3771cb7,market_place_convex_v03_01_c2r1.tgm,Tiny_3,41715935,405
e13592b14eebc48b,market_place_convex_v03_01_c2r1.tgm.header,Tiny_3,41702326,264
4ccfdf264651065f,market_place_convex_v03_01_c1r3.tgm,Tiny_3,41714410,1261
7874136dcca24876,market_place_convex_v03_01_c1r3.tgm.header,Tiny_3,41715671,264
ccdb6c229bf622a7,market_place_convex_v03_01_c1r2.tgm,Tiny_3,41713795,351
10b7d9c31697cfa6,market_place_convex_v03_01_c1r2.tgm.header,Tiny_3,41714146,264
726fa5f6bb47c168,market_place_convex_v03_01_c1r1.tgm,Tiny_3,41713444,351
9bc2fa9196c08e93,market_place_convex_v03_01_c1r1.tgm.header,Tiny_3,41706535,264
516757331657ad24,market_place_convex_v02_01_c3r3.tgm,Tiny_3,41712037,1143
1ee4e16110cba156,market_place_convex_v02_01_c3r3.tgm.header,Tiny_3,41713180,264
9804284bfdb0650a,market_place_convex_v02_01_c3r2.tgm,Tiny_3,41710654,1119
f19253b9a595c82a,market_place_convex_v02_01_c3r2.tgm.header,Tiny_3,41711773,264
9bcc24fde42b514a,market_place_convex_v02_01_c3r1.tgm,Tiny_3,41709685,705
938c6b1d2d917f75,market_place_convex_v02_01_c3r1.tgm.header,Tiny_3,41710390,264
468ac52d40c9672c,market_place_convex_v02_01_c2r3.tgm,Tiny_3,41708626,795
6657cff029378a12,market_place_convex_v02_01_c2r3.tgm.header,Tiny_3,41709421,264
50033dbf69f03652,market_place_convex_v02_01_c2r2.tgm,Art/Models/Terrain/Act3/MarketPlace/tgms_8,0,630067
7fc32d2bb9b029fd,market_place_convex_v02_01_c2r2.tgm.header,Folders/art/models/terrain/act3/marketplace/tgms,502116,16982
60f9286628996c23,market_place_convex_v02_01_c2r1.tgm,Tiny_3,41707957,405
c6e78c8c59cf798e,market_place_convex_v02_01_c2r1.tgm.header,Tiny_3,41708362,264
19a1d821e967375d,market_place_convex_v02_01_c1r3.tgm,Tiny_3,41707150,543
59ce1c522163c848,market_place_convex_v02_01_c1r3.tgm.header,Tiny_3,41707693,264
5a500842e8ed5ced,market_place_convex_v02_01_c1r2.tgm,Tiny_3,41706799,351
1d0a97e2a0263a42,market_place_convex_v02_01_c1r2.tgm.header,Tiny_3,41700343,264
4c0217ac37f547bd,market_place_convex_v02_01_c1r1.tgm,Tiny_3,41706184,351
00178e857755c759,market_place_convex_v02_01_c1r1.tgm.header,Tiny_3,41706535,264
f7c983a4164d6b97,market_place_convex_v01_02_c3r3.tgm,Tiny_3,41705221,699
da6608bcdcdd4486,market_place_convex_v01_02_c3r3.tgm.header,Tiny_3,41705920,264
05d6764718b1ac07,market_place_convex_v01_02_c3r2.tgm,Tiny_3,41704144,813
bfcb787fdd488867,market_place_convex_v01_02_c3r2.tgm.header,Tiny_3,41704957,264
543e391e90ad2d25,market_place_convex_v01_02_c3r1.tgm,Tiny_3,41703313,567
283752c7983e1107,market_place_convex_v01_02_c3r1.tgm.header,Tiny_3,41703880,264
9adddadf947f6fff,market_place_convex_v01_02_c2r3.tgm,Tiny_3,41702590,459
8cf170501eb540c6,market_place_convex_v01_02_c2r3.tgm.header,Tiny_3,41703049,264
ee128976ac1d3e8e,market_place_convex_v01_02_c2r2.tgm,Art/Models/Terrain/Act3/MarketPlace/tgms_7,2350792,625771
7541fdf2f46447da,market_place_convex_v01_02_c2r2.tgm.header,Folders/art/models/terrain/act3/marketplace/tgms,487378,14738
721054ada384e960,market_place_convex_v01_02_c2r1.tgm,Tiny_3,41701921,405
8a63cb90aa66d475,market_place_convex_v01_02_c2r1.tgm.header,Tiny_3,41702326,264
d0d58296ddcf84e9,market_place_convex_v01_02_c1r3.tgm,Tiny_3,41701222,435
9a40e709d194c0a1,market_place_convex_v01_02_c1r3.tgm.header,Tiny_3,41701657,264
3628b7851f880e4c,market_place_convex_v01_02_c1r2.tgm,Tiny_3,41700607,351
eda66c8634b87888,market_place_convex_v01_02_c1r2.tgm.header,Tiny_3,41700958,264
79347202d15fcbda,market_place_convex_v01_02_c1r1.tgm,Tiny_3,41699992,351
dd0d2e5784302840,market_place_convex_v01_02_c1r1.tgm.header,Tiny_3,41700343,264
a61457aca7b1d5d8,market_place_convex_v01_01_c3r3.tgm,Tiny_3,41697081,2647
c431ad706f6a00e6,market_place_convex_v01_01_c3r3.tgm.header,Tiny_3,41699728,264
961165da153e3892,market_place_convex_v01_01_c3r2.tgm,Tiny_3,41694608,2209
3cf1ffb608450c5b,market_place_convex_v01_01_c3r2.tgm.header,Tiny_3,41696817,264
26fffa1b89606eba,market_place_convex_v01_01_c3r1.tgm,Tiny_3,41692759,1585
0c076b7a8a348dcd,market_place_convex_v01_01_c3r1.tgm.header,Tiny_3,41694344,264
d60d3b69e91308f2,market_place_convex_v01_01_c2r3.tgm,Tiny_3,41690472,2023
0a336c62b378b3a4,market_place_convex_v01_01_c2r3.tgm.header,Tiny_3,41692495,264
d54514352fa4b23f,market_place_convex_v01_01_c2r2.tgm,Art/Models/Terrain/Act3/MarketPlace/tgms_7,1487699,863093
daa05b208eb6a3fd,market_place_convex_v01_01_c2r2.tgm.header,Folders/art/models/terrain/act3/marketplace/tgms,467316,20062
eb4ab8e67b8352c5,market_place_convex_v01_01_c2r1.tgm,Tiny_3,41689959,513
a608e00a56e67bbe,market_place_convex_v01_01_c2r1.tgm.header,Tiny_3,41619490,264
51373da5168e31b5,market_place_convex_v01_01_c1r3.tgm,Tiny_3,41688434,1261
87005f8f157204d0,market_place_convex_v01_01_c1r3.tgm.header,Tiny_3,41689695,264
e236a00f70d48fd3,market_place_convex_v01_01_c1r2.tgm,Tiny_3,41687819,351
c29a3edb6db27f1a,market_place_convex_v01_01_c1r2.tgm.header,Tiny_3,41688170,264
2ec921c754e49887,market_place_convex_v01_01_c1r1.tgm,Tiny_3,41687204,351
b6fc837064e0195b,market_place_convex_v01_01_c1r1.tgm.header,Tiny_3,41687555,264
9e1709d71db2e8b6,market_place_concave_v05_03_c3r3.tgm,Tiny_3,41685109,2095
8a9c0b7d06f432ca,market_place_concave_v05_03_c3r3.tgm.header,Tiny_3,41658472,264
895755585b2b649a,market_place_concave_v05_03_c3r2.tgm,Tiny_3,41684488,621
f00b767b56e62e31,market_place_concave_v05_03_c3r2.tgm.header,Tiny_3,41650833,264
c94fc2db9cccc5f4,market_place_concave_v05_03_c3r1.tgm,Tiny_3,41662201,405
184116f6adea6068,market_place_concave_v05_03_c3r1.tgm.header,Tiny_3,41662606,264
ca8ac2dbdfb1d4d8,market_place_concave_v05_03_c2r3.tgm,Tiny_3,41678835,1053
bd02d9861c994468,market_place_concave_v05_03_c2r3.tgm.header,Tiny_3,41679888,264
d97cad391dd2beea,market_place_concave_v05_03_c2r2.tgm,Art/Models/Terrain/Act3/MarketPlace/tgms_7,0,1487699
43e2321d174fc9e2,market_place_concave_v05_03_c2r2.tgm.header,Folders/art/models/terrain/act3/marketplace/tgms,430886,36430
1d7f7d514f7f7ddb,market_place_concave_v05_03_c2r1.tgm,Tiny_3,41684083,405
f71c00ca302acd7c,market_place_concave_v05_03_c2r1.tgm.header,Tiny_3,41660620,264
a1042ff1501f1f53,market_place_concave_v05_03_c1r3.tgm,Tiny_3,41683786,297
0a2a3c8de52fd3fb,market_place_concave_v05_03_c1r3.tgm.header,Tiny_3,41672249,264
a4e7ed2d06a9ff52,market_place_concave_v05_03_c1r2.tgm,Tiny_3,41683219,567
39e9562cfba033c9,market_place_concave_v05_03_c1r2.tgm.header,Tiny_3,41646732,264
08320df01e720d76,market_place_concave_v05_03_c1r1.tgm,Tiny_3,41682868,351
70f4a7c2f91f8daa,market_place_concave_v05_03_c1r1.tgm.header,Tiny_3,41645901,264
344292ff047b3e24,market_place_concave_v05_02_c3r3.tgm,Tiny_3,41680773,2095
300d1387ade3dfa8,market_place_concave_v05_02_c3r3.tgm.header,Tiny_3,41658472,264
fe3db90a0d540710,market_place_concave_v05_02_c3r2.tgm,Tiny_3,41680152,621
608e955e89991665,market_place_concave_v05_02_c3r2.tgm.header,Tiny_3,41650833,264
8185cf80852f65ef,market_place_concave_v05_02_c3r1.tgm,Tiny_3,41655351,405
625b81b572998554,market_place_concave_v05_02_c3r1.tgm.header,Tiny_3,41649948,264
ec5fb5923c53cd7d,market_place_concave_v05_02_c2r3.tgm,Tiny_3,41678835,1053
3226b441ba691e7b,market_place_concave_v05_02_c2r3.tgm.header,Tiny_3,41679888,264
fc2f18d7cc6770d0,market_place_concave_v05_02_c2r2.tgm,Art/Models/Terrain/Act3/MarketPlace/tgms_6,2168232,879965
968e7caccbf2a5b6,market_place_concave_v05_02_c2r2.tgm.header,Folders/art/models/terrain/act3/marketplace/tgms,406468,24418
078dbe5d176c19e5,market_place_concave_v05_02_c2r1.tgm,Tiny_3,41660215,405
6ffa759ef2a61081,market_place_concave_v05_02_c2r1.tgm.header,Tiny_3,41660620,264
3f46f652252883f8,market_place_concave_v05_02_c1r3.tgm,Tiny_3,41678538,297
1ee8a40c2c4dd517,market_place_concave_v05_02_c1r3.tgm.header,Tiny_3,41672249,264
97f885e182bd1b06,market_place_concave_v05_02_c1r2.tgm,Tiny_3,41677971,567
0de9026b332e65a6,market_place_concave_v05_02_c1r2.tgm.header,Tiny_3,41646732,264
714b52c1d7df460e,market_place_concave_v05_02_c1r1.tgm,Tiny_3,41677620,351
000d6fceec0fd076,market_place_concave_v05_02_c1r1.tgm.header,Tiny_3,41645901,264
d6ae50388ec16e87,market_place_concave_v05_01_c3r3.tgm,Tiny_3,41675525,2095
f28057d962a9e569,market_place_concave_v05_01_c3r3.tgm.header,Tiny_3,41658472,264
afd8cbdd897ead2c,market_place_concave_v05_01_c3r2.tgm,Tiny_3,41674904,621
da63be6809ae8eb4,market_place_concave_v05_01_c3r2.tgm.header,Tiny_3,41650833,264
205bfd4cb4918ea5,market_place_concave_v05_01_c3r1.tgm,Tiny_3,41674235,405
46e9a5c4e1e29c8d,market_place_concave_v05_01_c3r1.tgm.header,Tiny_3,41674640,264
30870160842ea9ad,market_place_concave_v05_01_c2r3.tgm,Art/Models/Terrain/Act3/MarketPlace/tgms_6,1029841,1138391
ef40d5882f352058,market_place_concave_v05_01_c2r3.tgm.header,Folders/art/models/terrain/act3/marketplace/tgms,375318,31150
bb1b073fb76f95b2,market_place_concave_v05_01_c2r2.tgm,Tiny_3,41672918,1053
4e2e9b6089185b5f,market_place_concave_v05_01_c2r2.tgm.header,Tiny_3,41673971,264
2023b9eb427c67a7,market_place_concave_v05_01_c2r1.tgm,Tiny_3,41672513,405
0bd18f67474337f0,market_place_concave_v05_01_c2r1.tgm.header,Tiny_3,41647962,264
195d0594bb3884f2,market_place_concave_v05_01_c1r3.tgm,Tiny_3,41671952,297
decef2341838ddcc,market_place_concave_v05_01_c1r3.tgm.header,Tiny_3,41672249,264
9b1c9ec51028fc76,market_place_concave_v05_01_c1r2.tgm,Tiny_3,41671385,567
11d270bb7b2e1152,market_place_concave_v05_01_c1r2.tgm.header,Tiny_3,41646732,264
58d81c2caff614a0,market_place_concave_v05_01_c1r1.tgm,Tiny_3,41671034,351
8b3e60076cd76220,market_place_concave_v05_01_c1r1.tgm.header,Tiny_3,41645901,264
ab187cf5ed4f176d,market_place_concave_v03_01_c3r3.tgm,Tiny_3,41668675,2095
26859d0ec01b69d9,market_place_concave_v03_01_c3r3.tgm.header,Tiny_3,41670770,264
3517b79a360ab630,market_place_concave_v03_01_c3r2.tgm,Tiny_3,41668054,621
ff511d148e40dfb4,market_place_concave_v03_01_c3r2.tgm.header,Tiny_3,41650833,264
a04b3ce3e82cf996,market_place_concave_v03_01_c3r1.tgm,Tiny_3,41667649,405
d506d3549b161da7,market_place_concave_v03_01_c3r1.tgm.header,Tiny_3,41660620,264
e3d7f536997e98d7,market_place_concave_v03_01_c2r3.tgm,Tiny_3,41666332,1053
8dafbfbeccf691df,market_place_concave_v03_01_c2r3.tgm.header,Tiny_3,41667385,264
369755c829e97a1a,market_place_concave_v03_01_c2r2.tgm,Art/Models/Terrain/Act3/MarketPlace/tgms_6,0,1029841
df56e7bbd88abe86,market_place_concave_v03_01_c2r2.tgm.header,Folders/art/models/terrain/act3/marketplace/tgms,345664,29654
c32c38005af73dc8,market_place_concave_v03_01_c2r1.tgm,Tiny_3,41665927,405
8768a3245fb07a7c,market_place_concave_v03_01_c2r1.tgm.header,Tiny_3,41660620,264
53d731b4ee2ffaa2,market_place_concave_v03_01_c1r3.tgm,Tiny_3,41665630,297
3240821e284c0105,market_place_concave_v03_01_c1r3.tgm.header,Tiny_3,41647293,264
10e954eb64435fd2,market_place_concave_v03_01_c1r2.tgm,Tiny_3,41665063,567
c03e022b9bbcf470,market_place_concave_v03_01_c1r2.tgm.header,Tiny_3,41646732,264
a9cdb5ad07edcdc4,market_place_concave_v03_01_c1r1.tgm,Tiny_3,41664712,351
2f05ce8a2335c02d,market_place_concave_v03_01_c1r1.tgm.header,Tiny_3,41645901,264
b413c6908bf16eb5,market_place_concave_v02_01_c3r3.tgm,Tiny_3,41663491,957
27c80a8896b5b41d,market_place_concave_v02_01_c3r3.tgm.header,Tiny_3,41664448,264
92f98f571e1af39a,market_place_concave_v02_01_c3r2.tgm,Tiny_3,41662870,621
8128e307357b6c94,market_place_concave_v02_01_c3r2.tgm.header,Tiny_3,41650833,264
bc70b11f513400a7,market_place_concave_v02_01_c3r1.tgm,Tiny_3,41662201,405
d461be1cb5e4fa5d,market_place_concave_v02_01_c3r1.tgm.header,Tiny_3,41662606,264
b50ebeee858df7ff,market_place_concave_v02_01_c2r3.tgm,Tiny_3,41660884,1053
a807ab583b54a486,market_place_concave_v02_01_c2r3.tgm.header,Tiny_3,41661937,264
8a01b8fdb53bc1d5,market_place_concave_v02_01_c2r2.tgm,Art/Models/Terrain/Act3/MarketPlace/tgms_5,1893310,1150363
56a3abc55cd7279b,market_place_concave_v02_01_c2r2.tgm.header,Folders/art/models/terrain/act3/marketplace/tgms,316802,28862
76cca00db56f9252,market_place_concave_v02_01_c2r1.tgm,Tiny_3,41660215,405
a7a4127854541553,market_place_concave_v02_01_c2r1.tgm.header,Tiny_3,41660620,264
0a7a2e8fe6dd9326,market_place_concave_v02_01_c1r3.tgm,Tiny_3,41659654,297
2112ed249210c7b3,market_place_concave_v02_01_c1r3.tgm.header,Tiny_3,41659951,264
380ce6341b9f8868,market_place_concave_v02_01_c1r2.tgm,Tiny_3,41659087,567
6705c4287fe0da61,market_place_concave_v02_01_c1r2.tgm.header,Tiny_3,41646732,264
ad3ce4f4b1185a57,market_place_concave_v02_01_c1r1.tgm,Tiny_3,41658736,351
8a027cdb61e9ff37,market_place_concave_v02_01_c1r1.tgm.header,Tiny_3,41645901,264
03c58b17601fce12,market_place_concave_v01_02_c3r3.tgm,Tiny_3,41656377,2095
9324a971ff972f47,market_place_concave_v01_02_c3r3.tgm.header,Tiny_3,41658472,264
dd146f87f3dd5e0f,market_place_concave_v01_02_c3r2.tgm,Tiny_3,41655756,621
dd965252e83e49c9,market_place_concave_v01_02_c3r2.tgm.header,Tiny_3,41650833,264
08cb74865b94b487,market_place_concave_v01_02_c3r1.tgm,Tiny_3,41655351,405
86c243763b83753a,market_place_concave_v01_02_c3r1.tgm.header,Tiny_3,41649948,264
c6506fb8f00dd6f3,market_place_concave_v01_02_c2r3.tgm,Tiny_3,41654298,1053
7adb0f2dcc914909,market_place_concave_v01_02_c2r3.tgm.header,Tiny_3,41649279,264
4b6d71353bed1757,market_place_concave_v01_02_c2r2.tgm,Art/Models/Terrain/Act3/MarketPlace/tgms_5,1027429,865881
0f2877f831ff76ab,market_place_concave_v01_02_c2r2.tgm.header,Folders/art/models/terrain/act3/marketplace/tgms,293396,23406
796212c3c0b965b6,market_place_concave_v01_02_c2r1.tgm,Tiny_3,41653629,405
7cb2c6544ce6c8b1,market_place_concave_v01_02_c2r1.tgm.header,Tiny_3,41654034,264
90c181ba3b6a2cd1,market_place_concave_v01_02_c1r3.tgm,Tiny_3,41653332,297
cd9926f02247ce7c,market_place_concave_v01_02_c1r3.tgm.header,Tiny_3,41647293,264
4c92c04edffa9da3,market_place_concave_v01_02_c1r2.tgm,Tiny_3,41652765,567
2e39a6276047a313,market_place_concave_v01_02_c1r2.tgm.header,Tiny_3,41646732,264
17a5e525901e92cd,market_place_concave_v01_02_c1r1.tgm,Tiny_3,41652414,351
d90499b2b7846523,market_place_concave_v01_02_c1r1.tgm.header,Tiny_3,41645901,264
983336fa3892229b,market_place_concave_v01_01_c3r3.tgm,Tiny_3,41651097,1053
ddfb683dd91cdb82,market_place_concave_v01_01_c3r3.tgm.header,Tiny_3,41652150,264
25108ec97cdfcbcf,market_place_concave_v01_01_c3r2.tgm,Tiny_3,41650212,621
05791d9fd55dd184,market_place_concave_v01_01_c3r2.tgm.header,Tiny_3,41650833,264
e9a3e56a8a777559,market_place_concave_v01_01_c3r1.tgm,Tiny_3,41649543,405
fa8d511d1f1af5b2,market_place_concave_v01_01_c3r1.tgm.header,Tiny_3,41649948,264
fdc9070b28e1b6ef,market_place_concave_v01_01_c2r3.tgm,Tiny_3,41648226,1053
e3482769032bea07,market_place_concave_v01_01_c2r3.tgm.header,Tiny_3,41649279,264
04caa936a98ff7ef,market_place_concave_v01_01_c2r2.tgm,Art/Models/Terrain/Act3/MarketPlace/tgms_5,0,1027429
e333e2d4f2d3d19f,market_place_concave_v01_01_c2r2.tgm.header,Folders/art/models/terrain/act3/marketplace/tgms,271266,22130
cb9b9c67d43ae092,market_place_concave_v01_01_c2r1.tgm,Tiny_3,41647557,405
ed4449701e83aa2d,market_place_concave_v01_01_c2r1.tgm.header,Tiny_3,41647962,264
5abde235505c6d44,market_place_concave_v01_01_c1r3.tgm,Tiny_3,41646996,297
066615ba9de091df,market_place_concave_v01_01_c1r3.tgm.header,Tiny_3,41647293,264
b804dcb92dc6d7f4,market_place_concave_v01_01_c1r2.tgm,Tiny_3,41646165,567
e5fd9128f5ac3f33,market_place_concave_v01_01_c1r2.tgm.header,Tiny_3,41646732,264
0fddfd2b5e76eeb8,market_place_concave_v01_01_c1r1.tgm,Tiny_3,41645550,351
2315a81314cae349,market_place_concave_v01_01_c1r1.tgm.header,Tiny_3,41645901,264
1cd0b3d028010026,market_place_arcade_straight_v01_01_c3r3.tgm,Tiny_3,41645039,247
a8c908bcd0811016,market_place_arcade_straight_v01_01_c3r3.tgm.header,Tiny_3,41645286,264
9a7f5ae1e817696f,market_place_arcade_straight_v01_01_c3r2.tgm,Tiny_3,41644468,571
f0a087f93f78bc7c,market_place_arcade_straight_v01_01_c3r2.tgm.header,Tiny_3,41559557,264
bfe3dc6f8edd65e9,market_place_arcade_straight_v01_01_c3r1.tgm,Tiny_3,41643795,409
2223d582b60de650,market_place_arcade_straight_v01_01_c3r1.tgm.header,Tiny_3,41644204,264
870b39a9117c5043,market_place_arcade_straight_v01_01_c2r3.tgm,Tiny_3,41643122,409
abe239f81712f8b7,market_place_arcade_straight_v01_01_c2r3.tgm.header,Tiny_3,41643531,264
e91d77be1ab03cf4,market_place_arcade_straight_v01_01_c2r2.tgm,Art/Models/Terrain/Act3/MarketPlace/tgms_13,1403194,1020701
86a45de2ceeb04b2,market_place_arcade_straight_v01_01_c2r2.tgm.header,Folders/art/models/terrain/act3/marketplace/tgms,244384,26882
56e0398037cbf5ee,market_place_arcade_straight_v01_01_c2r1.tgm,Tiny_3,41642821,301
0b12c54bebd9cf37,market_place_arcade_straight_v01_01_c2r1.tgm.header,Tiny_3,41515171,264
6f3d02929c273e97,market_place_arcade_straight_v01_01_c1r3.tgm,Tiny_3,41642256,301
5a4e76bda8e3c03b,market_place_arcade_straight_v01_01_c1r3.tgm.header,Tiny_3,41642557,264
acc16a3930b9edb8,market_place_arcade_straight_v01_01_c1r2.tgm,Tiny_3,41641637,355
09d08c1d0eb4aad5,market_place_arcade_straight_v01_01_c1r2.tgm.header,Tiny_3,41641992,264
5ed8d1d84afd84b4,market_place_arcade_straight_v01_01_c1r1.tgm,Tiny_3,41641072,301
741b5a546d6ab8e1,market_place_arcade_straight_v01_01_c1r1.tgm.header,Tiny_3,41641373,264
886606802db5740b,market_place_arcade_convex_v01_01_c3r3.tgm,Tiny_3,41640717,355
4f3f61a02c124ea7,market_place_arcade_convex_v01_01_c3r3.tgm.header,Tiny_3,41523514,264
c8f1906845e06c24,market_place_arcade_convex_v01_01_c3r2.tgm,Tiny_3,41639828,625
b15ca5f4ee48350a,market_place_arcade_convex_v01_01_c3r2.tgm.header,Tiny_3,41640453,264
d143ea2774e507cb,market_place_arcade_convex_v01_01_c3r1.tgm,Tiny_3,41639209,355
c5c1ffba9b4fc841,market_place_arcade_convex_v01_01_c3r1.tgm.header,Tiny_3,41639564,264
6b4795e2e774161b,market_place_arcade_convex_v01_01_c2r3.tgm,Tiny_3,41638962,247
a0158f34edf0f29f,market_place_arcade_convex_v01_01_c2r3.tgm.header,Tiny_6,10003879,264
3d3510e11583e685,market_place_arcade_convex_v01_01_c2r2.tgm,Tiny_3,41638445,517
37b016f836bd5b56,market_place_arcade_convex_v01_01_c2r2.tgm.header,Tiny_6,7823650,264
4a11d5ac1d88af44,market_place_arcade_convex_v01_01_c2r1.tgm,Tiny_3,41637772,409
ec25210f046a4d13,market_place_arcade_convex_v01_01_c2r1.tgm.header,Tiny_3,41638181,264
2415000e9d162e4f,market_place_arcade_convex_v01_01_c1r3.tgm,Tiny_3,41637525,247
0e8d6e042e875af4,market_place_arcade_convex_v01_01_c1r3.tgm.header,Tiny_6,10003879,264
9beef295b3909312,market_place_arcade_convex_v01_01_c1r2.tgm,Art/Models/Terrain/Act3/MarketPlace/tgms_13,870137,533057
15f9b3f194a62119,market_place_arcade_convex_v01_01_c1r2.tgm.header,Folders/art/models/terrain/act3/marketplace/tgms,229778,14606
a18785c4320440fc,market_place_arcade_convex_v01_01_c1r1.tgm,Tiny_3,41636906,355
429cfee87a50eb10,market_place_arcade_convex_v01_01_c1r1.tgm.header,Tiny_3,41637261,264
7d6f03e256d7b01a,market_place_arcade_concave_v01_01_c3r3.tgm,Tiny_3,41636551,355
b89c0ed98eca8bc6,market_place_arcade_concave_v01_01_c3r3.tgm.header,Tiny_6,10003372,264
70d80cc0b63d8bde,market_place_arcade_concave_v01_01_c3r2.tgm,Tiny_3,41636034,517
c105b49c610253a4,market_place_arcade_concave_v01_01_c3r2.tgm.header,Tiny_6,7823650,264
27ccd07442c0789f,market_place_arcade_concave_v01_01_c3r1.tgm,Tiny_3,41635415,355
55fbc62fdb320824,market_place_arcade_concave_v01_01_c3r1.tgm.header,Tiny_3,41635770,264
d96a78851b86ef63,market_place_arcade_concave_v01_01_c2r3.tgm,Tiny_3,41635060,355
4587dd3c67da1cbf,market_place_arcade_concave_v01_01_c2r3.tgm.header,Tiny_6,10003372,264
243babd90c8be9f1,market_place_arcade_concave_v01_01_c2r2.tgm,Art/Models/Terrain/Act3/MarketPlace/tgms_13,0,870137
1b10f7744242bfc5,market_place_arcade_concave_v01_01_c2r2.tgm.header,Folders/art/models/terrain/act3/marketplace/tgms,211476,18302
72972dec1390eb45,market_place_arcade_concave_v01_01_c2r1.tgm,Tiny_3,41634387,409
efccf7777eb9f9b5,market_place_arcade_concave_v01_01_c2r1.tgm.header,Tiny_3,41634796,264
3019bb1e6000e6e2,market_place_arcade_concave_v01_01_c1r3.tgm,Tiny_3,41634140,247
cf6d7e3d75d1b95a,market_place_arcade_concave_v01_01_c1r3.tgm.header,Tiny_6,10003879,264
d6f52e7d455d38ea,market_place_arcade_concave_v01_01_c1r2.tgm,Tiny_3,41633785,355
63fe3150bc2e30f3,market_place_arcade_concave_v01_01_c1r2.tgm.header,Tiny_6,10003372,264
b51b2fce791ba086,market_place_arcade_concave_v01_01_c1r1.tgm,Tiny_3,41633274,247
48c796a41201ab5c,market_place_arcade_concave_v01_01_c1r1.tgm.header,Tiny_3,41633521,264
d3dfe5d05661d146,market_ledge_connection_v01_03_c3r3.tgm,Tiny_3,41632443,567
f84fdec63e250f37,market_ledge_connection_v01_03_c3r3.tgm.header,Tiny_3,41633010,264
d23731e594bf6e55,market_ledge_connection_v01_03_c3r2.tgm,Tiny_3,41631444,735
eef77d709bc63af5,market_ledge_connection_v01_03_c3r2.tgm.header,Tiny_3,41632179,264
47cb80b0595f869d,market_ledge_connection_v01_03_c3r1.tgm,Art/Models/Terrain/Act3/MarketPlace/tgms_12,1585730,494621
588291de86550613,market_ledge_connection_v01_03_c3r1.tgm.header,Folders/art/models/terrain/act3/marketplace/tgms,203690,7786
a461f457bdc5eadc,market_ledge_connection_v01_03_c2r3.tgm,Tiny_3,41630613,567
d6fafe6ad297d310,market_ledge_connection_v01_03_c2r3.tgm.header,Tiny_3,41631180,264
e39fb0b17642b556,market_ledge_connection_v01_03_c2r2.tgm,Tiny_3,41629782,567
096a55aefbee0eba,market_ledge_connection_v01_03_c2r2.tgm.header,Tiny_3,41630349,264
14f6bf3203b888bf,market_ledge_connection_v01_03_c2r1.tgm,Tiny_3,41629005,513
f2149ebe48aee3fb,market_ledge_connection_v01_03_c2r1.tgm.header,Tiny_3,41629518,264
1e9723fda4ccc5e0,market_ledge_connection_v01_03_c1r3.tgm,Tiny_3,41628336,405
ec052cd921b5d41c,market_ledge_connection_v01_03_c1r3.tgm.header,Tiny_3,41628741,264
1b23e7ea4f598cec,market_ledge_connection_v01_03_c1r2.tgm,Tiny_3,41627721,351
f2be8a9b5fe880ef,market_ledge_connection_v01_03_c1r2.tgm.header,Tiny_3,41628072,264
3cd9599df7a00e05,market_ledge_connection_v01_03_c1r1.tgm,Tiny_3,41627106,351
09bd27d7dd7e5224,market_ledge_connection_v01_03_c1r1.tgm.header,Tiny_3,41627457,264
db4a2674a85e2eb6,market_ledge_connection_v01_02_c3r3.tgm,Tiny_3,41626485,621
02a9e138a2640679,market_ledge_connection_v01_02_c3r3.tgm.header,Tiny_3,41626221,264
99441d7fe665b32f,market_ledge_connection_v01_02_c3r2.tgm,Tiny_3,41625600,621
9111dd0991708be3,market_ledge_connection_v01_02_c3r2.tgm.header,Tiny_3,41626221,264
7f9f5c852f815f16,market_ledge_connection_v01_02_c3r1.tgm,Art/Models/Terrain/Act3/MarketPlace/tgms_12,1277719,308011
46aee13ca1ba2132,market_ledge_connection_v01_02_c3r1.tgm.header,Tiny_3,41621686,3914
4a8eaecac4e26151,market_ledge_connection_v01_02_c2r3.tgm,Tiny_3,41620747,675
e31fb1a41a854f75,market_ledge_connection_v01_02_c2r3.tgm.header,Tiny_3,41621422,264
a78a0fb20b284f19,market_ledge_connection_v01_02_c2r2.tgm,Tiny_3,41619754,729
bbd9dc1c5fe5dba5,market_ledge_connection_v01_02_c2r2.tgm.header,Tiny_3,41620483,264
6d7e7839b53d7ac5,market_ledge_connection_v01_02_c2r1.tgm,Tiny_3,41618977,513
b9a8efd54dadb1fb,market_ledge_connection_v01_02_c2r1.tgm.header,Tiny_3,41619490,264
fdd9be5da29481e7,market_ledge_connection_v01_02_c1r3.tgm,Tiny_3,41617876,837
4cc43bf0a3831602,market_ledge_connection_v01_02_c1r3.tgm.header,Tiny_3,41618713,264
fdc7a172f2d8b76b,market_ledge_connection_v01_02_c1r2.tgm,Tiny_3,41616769,843
629f091cc4763192,market_ledge_connection_v01_02_c1r2.tgm.header,Tiny_3,41617612,264
6ee978300b31252d,market_ledge_connection_v01_02_c1r1.tgm,Art/Models/Terrain/Act3/MarketPlace/tgms_12,1041062,236657
e07925ff0063d750,market_ledge_connection_v01_02_c1r1.tgm.header,Folders/art/models/terrain/act3/marketplace/tgms,199204,4486
50b2e6c9057893b0,market_ledge_connection_v01_01_c3r3.tgm,Tiny_3,41616100,405
e9c497f0128c2a34,market_ledge_connection_v01_01_c3r3.tgm.header,Tiny_3,41616505,264
231e8a46bb1e5c97,market_ledge_connection_v01_01_c3r2.tgm,Tiny_3,41615377,459
3392252a759ff61f,market_ledge_connection_v01_01_c3r2.tgm.header,Tiny_3,41615836,264
6f010458441b8441,market_ledge_connection_v01_01_c3r1.tgm,Art/Models/Terrain/Act3/MarketPlace/tgms_12,807085,233977
5d46f298d5942de8,market_ledge_connection_v01_01_c3r1.tgm.header,Tiny_3,41612651,2726
d54fbac45bd47b93,market_ledge_connection_v01_01_c2r3.tgm,Tiny_3,41611820,567
c79c3892808e93da,market_ledge_connection_v01_01_c2r3.tgm.header,Tiny_3,41612387,264
de9050de93d0aeda,market_ledge_connection_v01_01_c2r2.tgm,Tiny_3,41610935,621
11985c24e02c7022,market_ledge_connection_v01_01_c2r2.tgm.header,Tiny_3,41611556,264
e3ae87f945b6d121,market_ledge_connection_v01_01_c2r1.tgm,Tiny_3,41610374,297
74b1c6838cc2fffd,market_ledge_connection_v01_01_c2r1.tgm.header,Tiny_3,41610671,264
0bcdad082db41db1,market_ledge_connection_v01_01_c1r3.tgm,Tiny_3,41609597,513
a36ba1f79bb4da94,market_ledge_connection_v01_01_c1r3.tgm.header,Tiny_3,41610110,264
df9b9a7b8c63e19b,market_ledge_connection_v01_01_c1r2.tgm,Tiny_3,41608814,519
ef01054b3d927d9d,market_ledge_connection_v01_01_c1r2.tgm.header,Tiny_3,41609333,264
84664eee5830cabe,market_ledge_connection_v01_01_c1r1.tgm,Art/Models/Terrain/Act3/MarketPlace/tgms_12,542532,264553
8fdaefef7cc9db06,market_ledge_connection_v01_01_c1r1.tgm.header,Tiny_3,41605739,3075
9237bbb29881aeaa,market_fill_02_01_c3r6.tgm,Art/Models/Terrain/Act3/MarketPlace/tgms_12,268277,274255
3cb4607a949fa235,market_fill_02_01_c3r6.tgm.header,Tiny_3,41605433,306
68288cb38d90a590,market_fill_02_01_c3r5.tgm,Tiny_3,41604240,929
10c5652418aa18c6,market_fill_02_01_c3r5.tgm.header,Tiny_3,41605169,264
e52944fb806d41ed,market_fill_02_01_c3r4.tgm,Tiny_3,41603155,821
06affed8375cd2aa,market_fill_02_01_c3r4.tgm.header,Tiny_3,41603976,264
a61f23d1b69f65ed,market_fill_02_01_c3r3.tgm,Tiny_3,41602286,605
502c69916fb7d140,market_fill_02_01_c3r3.tgm.header,Tiny_3,41602891,264
a918735addda361a,market_fill_02_01_c3r2.tgm,Tiny_3,41601039,983
a27e4e7fcfb546c0,market_fill_02_01_c3r2.tgm.header,Tiny_3,41602022,264
ae268a85a1669432,market_fill_02_01_c3r1.tgm,Tiny_3,41599744,1031
36830f5b67a278a8,market_fill_02_01_c3r1.tgm.header,Tiny_3,41600775,264
31bfab91a9bd18f7,market_fill_02_01_c2r6.tgm,Tiny_3,41598527,953
4bf20484ae05dd41,market_fill_02_01_c2r6.tgm.header,Tiny_3,41599480,264
f54058b28fcdbfa0,market_fill_02_01_c2r5.tgm,Tiny_3,41597530,733
b111853d4e6e3813,market_fill_02_01_c2r5.tgm.header,Tiny_3,41598263,264
bb6173741b52b899,market_fill_02_01_c2r4.tgm,Tiny_3,41596749,517
793ee948299e3804,market_fill_02_01_c2r4.tgm.header,Tiny_3,41597266,264
46397eaa2e03dbd6,market_fill_02_01_c2r3.tgm,Tiny_3,41596022,463
09f83757824e0ba8,market_fill_02_01_c2r3.tgm.header,Tiny_3,41596485,264
edebb811761c14a9,market_fill_02_01_c2r2.tgm,Tiny_3,41594971,787
1f7b34203a574ddc,market_fill_02_01_c2r2.tgm.header,Tiny_3,41595758,264
b17a9eded0d68bff,market_fill_02_01_c2r1.tgm,Tiny_3,41593646,1061
78def30f77094141,market_fill_02_01_c2r1.tgm.header,Tiny_3,41594707,264
05270c011f215962,market_fill_02_01_c1r6.tgm,Tiny_3,41592567,815
3bd4b205e9e991ed,market_fill_02_01_c1r6.tgm.header,Tiny_3,41593382,264
eeb62b349606c4e3,market_fill_02_01_c1r5.tgm,Tiny_3,41591482,821
c8d90637417d9078,market_fill_02_01_c1r5.tgm.header,Tiny_3,41592303,264
16532ea10f7c9ae6,market_fill_02_01_c1r4.tgm,Tiny_3,41590451,767
437100c12a9902ff,market_fill_02_01_c1r4.tgm.header,Tiny_3,41591218,264
99e811bef803ed5e,market_fill_02_01_c1r3.tgm,Tiny_3,41589582,605
da8e2a1a14fc2563,market_fill_02_01_c1r3.tgm.header,Tiny_3,41590187,264
28d3dfa1ca102538,market_fill_02_01_c1r2.tgm,Tiny_3,41588335,983
0e26e9ca99f1a693,market_fill_02_01_c1r2.tgm.header,Tiny_3,41589318,264
4e22e21c9c5a1c15,market_fill_02_01_c1r1.tgm,Tiny_3,41586962,1109
c002d824d89805ca,market_fill_02_01_c1r1.tgm.header,Tiny_3,41588071,264
8b5ae2e0778ba233,market_arcade_x_v01_01_c3r3.tgm,Tiny_3,41586373,325
30d8b3153a8f1da3,market_arcade_x_v01_01_c3r3.tgm.header,Tiny_3,41586698,264
d43257ca16b16239,market_arcade_x_v01_01_c3r2.tgm,Art/Models/Terrain/Act3/MarketPlace/tgms_12,202708,65569
b2eafcfc67613a66,market_arcade_x_v01_01_c3r2.tgm.header,Tiny_3,41585935,438
09bdbfd2d9a19103,market_arcade_x_v01_01_c3r1.tgm,Tiny_3,41585580,355
6571f428f754d684,market_arcade_x_v01_01_c3r1.tgm.header,Tiny_6,10003372,264
223ae6d64830f848,market_arcade_x_v01_01_c2r3.tgm,Art/Models/Terrain/Act3/MarketPlace/tgms_12,137193,65515
52669fcdb2809b71,market_arcade_x_v01_01_c2r3.tgm.header,Tiny_3,41585142,438
6c6a3884cebb54a1,market_arcade_x_v01_01_c2r2.tgm,Art/Models/Terrain/Act3/MarketPlace/tgms_12,0,137193
ebceb345480802fa,market_arcade_x_v01_01_c2r2.tgm.header,Tiny_3,41584616,526
ed79a624dfc2d11f,market_arcade_x_v01_01_c2r1.tgm,Art/Models/Terrain/Act3/MarketPlace/tgms_24,1092888,63325
a593f409a5b16f07,market_arcade_x_v01_01_c2r1.tgm.header,Tiny_3,41584178,438
c120f7630b8e7b07,market_arcade_x_v01_01_c1r3.tgm,Tiny_3,41583667,247
0a8e591cff015f91,market_arcade_x_v01_01_c1r3.tgm.header,Tiny_3,41583914,264
286d284287c9f660,market_arcade_x_v01_01_c1r2.tgm,Art/Models/Terrain/Act3/MarketPlace/tgms_24,1027535,65353
bbc3cba7300ea42f,market_arcade_x_v01_01_c1r2.tgm.header,Tiny_3,41583229,438
b6f9fa07c4d4a7e2,market_arcade_x_v01_01_c1r1.tgm,Tiny_3,41582958,271
a7dc7741f5f2740c,market_arcade_x_v01_01_c1r1.tgm.header,Tiny_6,2740011,264
e1ecdcf1a4a167cc,market_arcade_wall_01_03_c3r3.tgm,Tiny_3,41581607,1087
5fe632558fd869d6,market_arcade_wall_01_03_c3r3.tgm.header,Tiny_3,41582694,264
50614cefcbac550d,market_arcade_wall_01_03_c3r2.tgm,Tiny_3,41580460,1147
e01bd8f1624ce5b8,market_arcade_wall_01_03_c3r2.tgm.header,Tiny_5,61743385,264
5585db59a29c7282,market_arcade_wall_01_03_c3r1.tgm,Art/Models/Terrain/Act3/MarketPlace/tgms_24,0,1027535
c9c69eca5d3323e4,market_arcade_wall_01_03_c3r1.tgm.header,Folders/art/models/terrain/act3/marketplace/tgms,188822,10382
c4c1dff087482c4b,market_arcade_wall_01_03_c2r3.tgm,Tiny_3,41579451,745
d6ff17df5290dc5f,market_arcade_wall_01_03_c2r3.tgm.header,Tiny_3,41580196,264
98ce442fb4c9a26f,market_arcade_wall_01_03_c2r2.tgm,Tiny_3,41578376,811
ec7177b3dde805d1,market_arcade_wall_01_03_c2r2.tgm.header,Tiny_3,41579187,264
cfe27e6ab943902f,market_arcade_wall_01_03_c2r1.tgm,Tiny_3,41577853,523
14206c7e5ca49806,market_arcade_wall_01_03_c2r1.tgm.header,Tiny_5,61805031,264
b464ea2a2c7b51cb,market_arcade_wall_01_03_c1r3.tgm,Tiny_3,41577042,547
3948fa61616d0045,market_arcade_wall_01_03_c1r3.tgm.header,Tiny_3,41577589,264
d2d1fdf62cb300d4,market_arcade_wall_01_03_c1r2.tgm,Tiny_3,41576147,631
8d9baa5933990046,market_arcade_wall_01_03_c1r2.tgm.header,Tiny_3,41576778,264
185bba5bc35c4754,market_arcade_wall_01_03_c1r1.tgm,Tiny_3,41575312,571
4ab51b46a4739cb7,market_arcade_wall_01_03_c1r1.tgm.header,Tiny_3,41575883,264
db6b6b4edcf84796,market_arcade_wall_01_02_c3r3.tgm,Tiny_3,41574069,979
0a935a9577b9f5a9,market_arcade_wall_01_02_c3r3.tgm.header,Tiny_3,41575048,264
d5c8e215dda902b0,market_arcade_wall_01_02_c3r2.tgm,Tiny_3,41572442,1363
845a4680bbde1c1e,market_arcade_wall_01_02_c3r2.tgm.header,Tiny_3,41573805,264
3d00fce0357ad433,market_arcade_wall_01_02_c3r1.tgm,Art/Models/Terrain/Act3/MarketPlace/tgms_23,0,1389815
5595b7cebdd9f844,market_arcade_wall_01_02_c3r1.tgm.header,Folders/art/models/terrain/act3/marketplace/tgms,168188,20634
471f345e5468cd68,market_arcade_wall_01_02_c2r3.tgm,Tiny_3,41571535,907
5267470c233e64cf,market_arcade_wall_01_02_c2r3.tgm.header,Tiny_3,41565270,264
931601d49f34162b,market_arcade_wall_01_02_c2r2.tgm,Tiny_3,41570772,763
ba67223c0c4806a7,market_arcade_wall_01_02_c2r2.tgm.header,Tiny_5,61741331,264
2a9d48d15eeff22e,market_arcade_wall_01_02_c2r1.tgm,Tiny_3,41569961,547
b8c564c7fefa9ac2,market_arcade_wall_01_02_c2r1.tgm.header,Tiny_3,41570508,264
639441619ea0ea27,market_arcade_wall_01_02_c1r3.tgm,Tiny_3,41569006,691
ac20019c2ae87626,market_arcade_wall_01_02_c1r3.tgm.header,Tiny_3,41569697,264
4594a2c88b62a110,market_arcade_wall_01_02_c1r2.tgm,Tiny_3,41568027,715
b0247c6733162fd8,market_arcade_wall_01_02_c1r2.tgm.header,Tiny_3,41568742,264
6849cb461d4627f7,market_arcade_wall_01_02_c1r1.tgm,Tiny_3,41567240,523
ad4b6b81b53ca65f,market_arcade_wall_01_02_c1r1.tgm.header,Tiny_3,41567763,264
5540662f8ab5d69e,market_arcade_wall_01_01_c3r3.tgm,Art/Models/Terrain/Act3/MarketPlace/tgms_22,1085183,1032137
bab2f5f0171c8ab5,market_arcade_wall_01_01_c3r3.tgm.header,Folders/art/models/terrain/act3/marketplace/tgms,156618,11570
47921baf76783a9f,market_arcade_wall_01_01_c3r2.tgm,Tiny_3,41566225,751
7bb9293ba6a012fc,market_arcade_wall_01_01_c3r2.tgm.header,Tiny_3,41566976,264
ea97d22b014186b6,market_arcade_wall_01_01_c3r1.tgm,Tiny_3,41565534,691
ae5891e9ab812184,market_arcade_wall_01_01_c3r1.tgm.header,Tiny_5,61741331,264
6b61df93c7142347,market_arcade_wall_01_01_c2r3.tgm,Tiny_3,41564363,907
e28fdb21ad0efc1a,market_arcade_wall_01_01_c2r3.tgm.header,Tiny_3,41565270,264
d56aadc3fa96e381,market_arcade_wall_01_01_c2r2.tgm,Tiny_3,41563624,739
e66132078c8cc985,market_arcade_wall_01_01_c2r2.tgm.header,Tiny_5,61741331,264
9db64fd0d6255db1,market_arcade_wall_01_01_c2r1.tgm,Tiny_3,41562813,547
706ae28767c26390,market_arcade_wall_01_01_c2r1.tgm.header,Tiny_3,41563360,264
28159b79ef173005,market_arcade_wall_01_01_c1r3.tgm,Tiny_3,41561858,691
16dc0c5895f5d549,market_arcade_wall_01_01_c1r3.tgm.header,Tiny_3,41562549,264
4a8e243d4a87d826,market_arcade_wall_01_01_c1r2.tgm,Tiny_3,41561119,739
c49392fb76515ed8,market_arcade_wall_01_01_c1r2.tgm.header,Tiny_5,61741331,264
6108d39df77fdfeb,market_arcade_wall_01_01_c1r1.tgm,Tiny_3,41560332,523
fd29ac6996bb5450,market_arcade_wall_01_01_c1r1.tgm.header,Tiny_3,41560855,264
1e8b1ed5b277e239,market_arcade_t_v01_02_c3r3.tgm,Tiny_3,41559821,247
d6c61d51d559a389,market_arcade_t_v01_02_c3r3.tgm.header,Tiny_3,41560068,264
50457f02d2b70e56,market_arcade_t_v01_02_c3r2.tgm,Tiny_3,41558986,571
d582a9065cc7da92,market_arcade_t_v01_02_c3r2.tgm.header,Tiny_3,41559557,264
9c74ed0c4a53a34e,market_arcade_t_v01_02_c3r1.tgm,Tiny_3,41558313,409
f13e1aded490bf13,market_arcade_t_v01_02_c3r1.tgm.header,Tiny_3,41558722,264
5346b74bb3d35b7b,market_arcade_t_v01_02_c2r3.tgm,Tiny_3,41557640,409
578415de1b4411bb,market_arcade_t_v01_02_c2r3.tgm.header,Tiny_3,41558049,264
03bcaf0e62feb61a,market_arcade_t_v01_02_c2r2.tgm,Art/Models/Terrain/Act3/MarketPlace/tgms_3,1548254,238757
a63e362a42f62e04,market_arcade_t_v01_02_c2r2.tgm.header,Tiny_3,41553990,3650
c87da4062fdbf146,market_arcade_t_v01_02_c2r1.tgm,Tiny_3,41553689,301
8a3a833cd49c56ce,market_arcade_t_v01_02_c2r1.tgm.header,Tiny_6,10001636,264
4ecf1cf581c6b306,market_arcade_t_v01_02_c1r3.tgm,Tiny_3,41553124,301
04dd957f6624a977,market_arcade_t_v01_02_c1r3.tgm.header,Tiny_3,41553425,264
ec8ac86212dfee89,market_arcade_t_v01_02_c1r2.tgm,Tiny_3,41552505,355
49924fb64633ee73,market_arcade_t_v01_02_c1r2.tgm.header,Tiny_3,41552860,264
620b6af666bf40bb,market_arcade_t_v01_02_c1r1.tgm,Tiny_3,41552204,301
5c4eefddfe9b5c64,market_arcade_t_v01_02_c1r1.tgm.header,Tiny_3,41534817,264
4407a4993e1b32b9,market_arcade_t_v01_01_c3r3.tgm,Tiny_3,41551693,247
45420c4f34b2c38b,market_arcade_t_v01_01_c3r3.tgm.header,Tiny_3,41551940,264
2dc1a1e08af3345d,market_arcade_t_v01_01_c3r2.tgm,Tiny_3,41550858,571
09708223897d9659,market_arcade_t_v01_01_c3r2.tgm.header,Tiny_3,41551429,264
718e54786c4a1e50,market_arcade_t_v01_01_c3r1.tgm,Tiny_3,41550185,409
c479c066dc5b8820,market_arcade_t_v01_01_c3r1.tgm.header,Tiny_3,41550594,264
6f32275a4fec57aa,market_arcade_t_v01_01_c2r3.tgm,Art/Models/Terrain/Act3/MarketPlace/tgms_3,1347505,200749
d438a6776e275e24,market_arcade_t_v01_01_c2r3.tgm.header,Tiny_3,41548823,1362
1867e8f81e1d06e3,market_arcade_t_v01_01_c2r2.tgm,Tiny_3,41548252,571
7ae75824c5a34bb6,market_arcade_t_v01_01_c2r2.tgm.header,Tiny_6,2030130,264
9e19245443587670,market_arcade_t_v01_01_c2r1.tgm,Tiny_3,41547951,301
592f7cdb93798532,market_arcade_t_v01_01_c2r1.tgm.header,Tiny_3,41536566,264
2cd8c4bddd0e8196,market_arcade_t_v01_01_c1r3.tgm,Tiny_3,41547386,301
f1245036cccda350,market_arcade_t_v01_01_c1r3.tgm.header,Tiny_3,41547687,264
bf39631ce45be1c7,market_arcade_t_v01_01_c1r2.tgm,Tiny_3,41546767,355
de7e734f1ac0dddb,market_arcade_t_v01_01_c1r2.tgm.header,Tiny_3,41547122,264
d93e2f2f1df1f389,market_arcade_t_v01_01_c1r1.tgm,Tiny_3,41546466,301
164e16844fb4deb1,market_arcade_t_v01_01_c1r1.tgm.header,Tiny_3,41534817,264
d91b457980b1f713,market_arcade_straight_v01_02_c3r3.tgm,Tiny_3,41546219,247
5a26e1d42bf1fd19,market_arcade_straight_v01_02_c3r3.tgm.header,Tiny_6,10003879,264
670d7cf540190efd,market_arcade_straight_v01_02_c3r2.tgm,Tiny_3,41545756,463
dc45a272d782681f,market_arcade_straight_v01_02_c3r2.tgm.header,Tiny_5,59151096,264
b161c98a7dbc12c8,market_arcade_straight_v01_02_c3r1.tgm,Tiny_3,41545377,379
cab263d99f62bdb7,market_arcade_straight_v01_02_c3r1.tgm.header,Tiny_6,10002757,264
a5cd18563ccf51dc,market_arcade_straight_v01_02_c2r3.tgm,Tiny_3,41545130,247
5dd30dfc22da677b,market_arcade_straight_v01_02_c2r3.tgm.header,Tiny_6,10003879,264
259b8b1f2340d662,market_arcade_straight_v01_02_c2r2.tgm,Art/Models/Terrain/Act3/MarketPlace/tgms_3,1201054,146451
2478a91236c440e2,market_arcade_straight_v01_02_c2r2.tgm.header,Tiny_3,41541700,3430
b219f68b4e07bef2,market_arcade_straight_v01_02_c2r1.tgm,Tiny_3,41541243,193
b2366bc3fe819d50,market_arcade_straight_v01_02_c2r1.tgm.header,Tiny_3,41541436,264
9d7bdcfe44b3c871,market_arcade_straight_v01_02_c1r3.tgm,Tiny_3,41541026,217
9139f81e976d6738,market_arcade_straight_v01_02_c1r3.tgm.header,Tiny_6,7808343,264
3704bafd11f3e56a,market_arcade_straight_v01_02_c1r2.tgm,Tiny_3,41540779,247
583ea792641ed767,market_arcade_straight_v01_02_c1r2.tgm.header,Tiny_6,10003879,264
5cda4232fc81f883,market_arcade_straight_v01_02_c1r1.tgm,Tiny_3,41540268,247
e48421edc1749795,market_arcade_straight_v01_02_c1r1.tgm.header,Tiny_3,41540515,264
84f6a0ea3987737b,market_arcade_straight_v01_01_c3r3.tgm,Tiny_3,41539757,247
261d3170ffc6ca88,market_arcade_straight_v01_01_c3r3.tgm.header,Tiny_3,41540004,264
02cd07fd12f5ea39,market_arcade_straight_v01_01_c3r2.tgm,Tiny_3,41539186,571
886e3da1067edd94,market_arcade_straight_v01_01_c3r2.tgm.header,Tiny_3,41518735,264
e89343140c8454da,market_arcade_straight_v01_01_c3r1.tgm,Tiny_3,41538513,409
6408f5ae8bc6ffa3,market_arcade_straight_v01_01_c3r1.tgm.header,Tiny_3,41538922,264
f62075b7ce696662,market_arcade_straight_v01_01_c2r3.tgm,Tiny_3,41537840,409
20ec2a45d3eb5862,market_arcade_straight_v01_01_c2r3.tgm.header,Tiny_3,41538249,264
b61db80e41401b4e,market_arcade_straight_v01_01_c2r2.tgm,Art/Models/Terrain/Act3/MarketPlace/tgms_3,1082039,119015
1721695321339679,market_arcade_straight_v01_01_c2r2.tgm.header,Tiny_3,41536830,1010
50c8c7505bcd6d79,market_arcade_straight_v01_01_c2r1.tgm,Tiny_3,41536265,301
f7bd5973057f01fd,market_arcade_straight_v01_01_c2r1.tgm.header,Tiny_3,41536566,264
6b1a6b9f9fc699d9,market_arcade_straight_v01_01_c1r3.tgm,Tiny_3,41535700,301
4439e5c2b479472d,market_arcade_straight_v01_01_c1r3.tgm.header,Tiny_3,41536001,264
181b16721bdaabdc,market_arcade_straight_v01_01_c1r2.tgm,Tiny_3,41535081,355
9fb769680051850c,market_arcade_straight_v01_01_c1r2.tgm.header,Tiny_3,41535436,264
883fb91bc77b270b,market_arcade_straight_v01_01_c1r1.tgm,Tiny_3,41534516,301
878af6c6ea859930,market_arcade_straight_v01_01_c1r1.tgm.header,Tiny_3,41534817,264
a88d1aab9b8fcc36,market_arcade_corner_v01_02_c3r3.tgm,Tiny_3,41533897,355
778d02d997a16b44,market_arcade_corner_v01_02_c3r3.tgm.header,Tiny_3,41534252,264
ff240cc31f5fc018,market_arcade_corner_v01_02_c3r2.tgm,Tiny_3,41533272,625
a022cfa6664e1051,market_arcade_corner_v01_02_c3r2.tgm.header,Tiny_3,41527152,264
d89ede978ca49749,market_arcade_corner_v01_02_c3r1.tgm,Tiny_3,41532653,355
e37e1000ea72dd90,market_arcade_corner_v01_02_c3r1.tgm.header,Tiny_3,41533008,264
f5a9de40fb514bbc,market_arcade_corner_v01_02_c2r3.tgm,Tiny_3,41525925,247
03f4bb559b34f4f5,market_arcade_corner_v01_02_c2r3.tgm.header,Tiny_6,10003879,264
682ef548adfa6c4c,market_arcade_corner_v01_02_c2r2.tgm,Tiny_3,41532136,517
95c8efc9a65ba6be,market_arcade_corner_v01_02_c2r2.tgm.header,Tiny_6,7818537,264
66cd2d9d62680204,market_arcade_corner_v01_02_c2r1.tgm,Tiny_3,41531463,409
88f819ef5aedf963,market_arcade_corner_v01_02_c2r1.tgm.header,Tiny_3,41531872,264
05f9e7fec898d2ec,market_arcade_corner_v01_02_c1r3.tgm,Art/Models/Terrain/Act3/MarketPlace/tgms_3,864848,217191
35f814fd96d33316,market_arcade_corner_v01_02_c1r3.tgm.header,Tiny_3,41529089,2374
310b6ee97a62a91b,market_arcade_corner_v01_02_c1r2.tgm,Tiny_3,41528470,355
73289e052e3ce8e9,market_arcade_corner_v01_02_c1r2.tgm.header,Tiny_3,41528825,264
71e83510e0d51453,market_arcade_corner_v01_02_c1r1.tgm,Tiny_3,41523778,355
130276093bd37976,market_arcade_corner_v01_02_c1r1.tgm.header,Tiny_3,41515790,264
de23a729fc1e4557,market_arcade_corner_v01_01_c3r3.tgm,Art/Models/Terrain/Act3/MarketPlace/tgms_3,729875,134973
e62ca3035e2d7b0a,market_arcade_corner_v01_01_c3r3.tgm.header,Tiny_3,41527416,1054
23925049ece69888,market_arcade_corner_v01_01_c3r2.tgm,Tiny_3,41526527,625
33f8f9334c01be93,market_arcade_corner_v01_01_c3r2.tgm.header,Tiny_3,41527152,264
219efd07ba4fcbc5,market_arcade_corner_v01_01_c3r1.tgm,Tiny_3,41526172,355
afd82453463ca158,market_arcade_corner_v01_01_c3r1.tgm.header,Tiny_3,41522006,264
04a80d5c66ec56f8,market_arcade_corner_v01_01_c2r3.tgm,Tiny_3,41525925,247
ea76fc7559f72912,market_arcade_corner_v01_01_c2r3.tgm.header,Tiny_6,10003879,264
15f820f7e7565414,market_arcade_corner_v01_01_c2r2.tgm,Tiny_3,41525408,517
e911aa08d4bc736a,market_arcade_corner_v01_01_c2r2.tgm.header,Tiny_6,7823650,264
509b0fc452c11b0d,market_arcade_corner_v01_01_c2r1.tgm,Tiny_3,41524999,409
598a13872bc519df,market_arcade_corner_v01_01_c2r1.tgm.header,Tiny_3,41521140,264
a3550261625afa8a,market_arcade_corner_v01_01_c1r3.tgm,Tiny_3,41524752,247
12dd58853867964b,market_arcade_corner_v01_01_c1r3.tgm.header,Tiny_6,10003879,264
5796dd5e5ff1266e,market_arcade_corner_v01_01_c1r2.tgm,Tiny_3,41524133,355
4c1c2403dca59aa6,market_arcade_corner_v01_01_c1r2.tgm.header,Tiny_3,41524488,264
73e5cd1751c01f46,market_arcade_corner_v01_01_c1r1.tgm,Tiny_3,41523778,355
822926dbaec4276e,market_arcade_corner_v01_01_c1r1.tgm.header,Tiny_3,41515790,264
aa0ac4ea5cc21e26,market_arcade_connection_v01_07_c3r3.tgm,Tiny_3,41523159,355
f661ff922287bae0,market_arcade_connection_v01_07_c3r3.tgm.header,Tiny_3,41523514,264
2667c803d235687d,market_arcade_connection_v01_07_c3r2.tgm,Tiny_3,41522270,625
8bae15b215089536,market_arcade_connection_v01_07_c3r2.tgm.header,Tiny_3,41522895,264
467232d9d045cf3c,market_arcade_connection_v01_07_c3r1.tgm,Tiny_3,41521651,355
705d9e39c4a950cf,market_arcade_connection_v01_07_c3r1.tgm.header,Tiny_3,41522006,264
78621c65d93a7a1e,market_arcade_connection_v01_07_c2r3.tgm,Tiny_3,41521404,247
b82416c4c7604ba5,market_arcade_connection_v01_07_c2r3.tgm.header,Tiny_6,10003879,264
13bc3d2d8a291f08,market_arcade_connection_v01_07_c2r2.tgm,Art/Models/Terrain/Act3/MarketPlace/tgms_3,0,729875
5efdc4193f820a07,market_arcade_connection_v01_07_c2r2.tgm.header,Folders/art/models/terrain/act3/marketplace/tgms,137788,18830
c60cbabdb62204a6,market_arcade_connection_v01_07_c2r1.tgm,Tiny_3,41520731,409
4cc248f250393bd4,market_arcade_connection_v01_07_c2r1.tgm.header,Tiny_3,41521140,264
e64610109c0be76a,market_arcade_connection_v01_07_c1r3.tgm,Tiny_3,41520484,247
856cb1c22034c421,market_arcade_connection_v01_07_c1r3.tgm.header,Tiny_6,10003879,264
0d0552f99eb56908,market_arcade_connection_v01_07_c1r2.tgm,Tiny_3,41520129,355
9a9d8c1b3eba1084,market_arcade_connection_v01_07_c1r2.tgm.header,Tiny_3,41515790,264
6dacf0644df8368a,market_arcade_connection_v01_07_c1r1.tgm,Tiny_3,41519510,355
8ae47494fa576e91,market_arcade_connection_v01_07_c1r1.tgm.header,Tiny_3,41519865,264
13618c8249247d4a,market_arcade_connection_v01_06_c3r3.tgm,Tiny_3,41523159,355
ad616a330a584a2d,market_arcade_connection_v01_06_c3r3.tgm.header,Tiny_3,41523514,264
df508dc9af4627e0,market_arcade_connection_v01_06_c3r2.tgm,Tiny_3,41522270,625
21814193723cf84b,market_arcade_connection_v01_06_c3r2.tgm.header,Tiny_3,41522895,264
41b9d04f543f39d9,market_arcade_connection_v01_06_c3r1.tgm,Tiny_3,41521651,355
7817159543a4f0cf,market_arcade_connection_v01_06_c3r1.tgm.header,Tiny_3,41522006,264
ed138519011131b7,market_arcade_connection_v01_06_c2r3.tgm,Tiny_3,41521404,247
b0ca621eafbf2f8c,market_arcade_connection_v01_06_c2r3.tgm.header,Tiny_6,10003879,264
69a28a756cc75b32,market_arcade_connection_v01_06_c2r2.tgm,Art/Models/Terrain/Act3/MarketPlace/tgms_2,1350442,752753
35af08ef30c4362c,market_arcade_connection_v01_06_c2r2.tgm.header,Folders/art/models/terrain/act3/marketplace/tgms,117506,20282
69307247c9d596f3,market_arcade_connection_v01_06_c2r1.tgm,Tiny_3,41520731,409
43c729bef493b4b6,market_arcade_connection_v01_06_c2r1.tgm.header,Tiny_3,41521140,264
099bdffae903a3d8,market_arcade_connection_v01_06_c1r3.tgm,Tiny_3,41520484,247
a1da2fc8c00da9c2,market_arcade_connection_v01_06_c1r3.tgm.header,Tiny_6,10003879,264
0ca747fafa7d5c8d,market_arcade_connection_v01_06_c1r2.tgm,Tiny_3,41520129,355
37e54cd2c839815e,market_arcade_connection_v01_06_c1r2.tgm.header,Tiny_3,41515790,264
999ef5f06dd88e23,market_arcade_connection_v01_06_c1r1.tgm,Tiny_3,41519510,355
bd1814eb17e49305,market_arcade_connection_v01_06_c1r1.tgm.header,Tiny_3,41519865,264
cfcd55496ea8b593,market_arcade_connection_v01_05_c3r3.tgm,Tiny_3,41518999,247
21152549a7c84f86,market_arcade_connection_v01_05_c3r3.tgm.header,Tiny_3,41519246,264
d7fde16d80244d0e,market_arcade_connection_v01_05_c3r2.tgm,Tiny_3,41518164,571
786dd54636231af2,market_arcade_connection_v01_05_c3r2.tgm.header,Tiny_3,41518735,264
b03af45b1e6d353e,market_arcade_connection_v01_05_c3r1.tgm,Tiny_3,41517755,409
a54ff2a868e00175,market_arcade_connection_v01_05_c3r1.tgm.header,Tiny_5,59149714,264
4a49a30bd6816f94,market_arcade_connection_v01_05_c2r3.tgm,Art/Models/Terrain/Act3/MarketPlace/tgms_2,1029777,320665
aece8165e2069fe4,market_arcade_connection_v01_05_c2r3.tgm.header,Folders/art/models/terrain/act3/marketplace/tgms,112448,5058
152e8804078ad478,market_arcade_connection_v01_05_c2r2.tgm,Tiny_3,41517184,571
2f74622eb1b5b675,market_arcade_connection_v01_05_c2r2.tgm.header,Tiny_6,2030130,264
03b94ce7793f7641,market_arcade_connection_v01_05_c2r1.tgm,Tiny_3,41516619,301
b493e7c242fa38d4,market_arcade_connection_v01_05_c2r1.tgm.header,Tiny_3,41516920,264
81b2aa73ccab018e,market_arcade_connection_v01_05_c1r3.tgm,Tiny_3,41516054,301
3c6d963d82cf37b8,market_arcade_connection_v01_05_c1r3.tgm.header,Tiny_3,41516355,264
5fe0c1e752425b48,market_arcade_connection_v01_05_c1r2.tgm,Tiny_3,41515435,355
11b2b0e768ce3aae,market_arcade_connection_v01_05_c1r2.tgm.header,Tiny_3,41515790,264
e2a05bf83c14c14f,market_arcade_connection_v01_05_c1r1.tgm,Tiny_3,41514870,301
332834d6f16d21f7,market_arcade_connection_v01_05_c1r1.tgm.header,Tiny_3,41515171,264
84146225d78a6242,market_arcade_connection_v01_04_c3r3.tgm,Tiny_3,41514251,355
482d1d4a036735d8,market_arcade_connection_v01_04_c3r3.tgm.header,Tiny_3,41514606,264
c317cea318110d43,market_arcade_connection_v01_04_c3r2.tgm,Tiny_3,41513524,463
cdac68d335a82faa,market_arcade_connection_v01_04_c3r2.tgm.header,Tiny_3,41513987,264
906a64ad602694f5,market_arcade_connection_v01_04_c3r1.tgm,Tiny_3,41512905,355
717219f44e6b1da5,market_arcade_connection_v01_04_c3r1.tgm.header,Tiny_3,41513260,264
5b132fc2ccb5209e,market_arcade_connection_v01_04_c2r3.tgm,Tiny_3,41512016,625
403def75e403fc4f,market_arcade_connection_v01_04_c2r3.tgm.header,Tiny_3,41512641,264
f93ede02c7eed175,market_arcade_connection_v01_04_c2r2.tgm,Art/Models/Terrain/Act3/MarketPlace/tgms_2,0,1029777
ec2df4bab508c807,market_arcade_connection_v01_04_c2r2.tgm.header,Folders/art/models/terrain/act3/marketplace/tgms,89086,23362
1fa2e6658ae6e4d0,market_arcade_connection_v01_04_c2r1.tgm,Tiny_3,41511451,301
0501d071f2f5c007,market_arcade_connection_v01_04_c2r1.tgm.header,Tiny_3,41511752,264
e5233521922423a7,market_arcade_connection_v01_04_c1r3.tgm,Tiny_3,41509264,1923
5574966a3c80fd48,market_arcade_connection_v01_04_c1r3.tgm.header,Tiny_3,41511187,264
56b5e6876f5715e8,market_arcade_connection_v01_04_c1r2.tgm,Tiny_3,41508591,409
b9b406834e72c790,market_arcade_connection_v01_04_c1r2.tgm.header,Tiny_3,41509000,264
bbd1f444a5e606cb,market_arcade_connection_v01_04_c1r1.tgm,Tiny_3,41508026,301
98c6eadb6ce23180,market_arcade_connection_v01_04_c1r1.tgm.header,Tiny_3,41508327,264
205c2d1562750937,market_arcade_connection_02_03_c3r3.tgm,Tiny_3,41505739,2023
c015511f0fa85323,market_arcade_connection_02_03_c3r3.tgm.header,Tiny_3,41507762,264
277eb94ab4444de7,market_arcade_connection_02_03_c3r2.tgm,Tiny_3,41504100,1375
ad56dcc48d03b562,market_arcade_connection_02_03_c3r2.tgm.header,Tiny_3,41505475,264
f900fc9850243cfd,market_arcade_connection_02_03_c3r1.tgm,Art/Models/Terrain/Act3/MarketPlace/tgms_22,0,1085183
a6f2e93b5bc9bf8a,market_arcade_connection_02_03_c3r1.tgm.header,Folders/art/models/terrain/act3/marketplace/tgms,74744,14342
31b4c83aaf028242,market_arcade_connection_02_03_c2r3.tgm,Tiny_3,41502149,1687
c91f836253804747,market_arcade_connection_02_03_c2r3.tgm.header,Tiny_3,41503836,264
b02e7218909af5a8,market_arcade_connection_02_03_c2r2.tgm,Tiny_3,41500306,1579
c6d8923ee905130b,market_arcade_connection_02_03_c2r2.tgm.header,Tiny_3,41501885,264
d08e4ba9464e873f,market_arcade_connection_02_03_c2r1.tgm,Tiny_3,41498739,1303
00f292aaa66f4052,market_arcade_connection_02_03_c2r1.tgm.header,Tiny_3,41500042,264
27be807e63df8cf8,market_arcade_connection_02_03_c1r3.tgm,Tiny_3,41497172,1303
5db2991e028eb35c,market_arcade_connection_02_03_c1r3.tgm.header,Tiny_3,41498475,264
069f581546d7becb,market_arcade_connection_02_03_c1r2.tgm,Tiny_3,41496277,631
0187823b59d043b9,market_arcade_connection_02_03_c1r2.tgm.header,Tiny_3,41496908,264
271955d2f59a3458,market_arcade_connection_02_03_c1r1.tgm,Art/Models/Terrain/Act3/MarketPlace/tgms_4,2155287,18569
6440a0b9d6f94a69,market_arcade_connection_02_03_c1r1.tgm.header,Tiny_3,41496013,264
15050825f1228023,market_arcade_connection_02_02_c3r3.tgm,Tiny_3,41494806,943
6ceeba9edcaf6aff,market_arcade_connection_02_02_c3r3.tgm.header,Tiny_3,41495749,264
2e979174d1fceec0,market_arcade_connection_02_02_c3r2.tgm,Tiny_3,41493575,1231
e013b0ee8d8e5942,market_arcade_connection_02_02_c3r2.tgm.header,Tiny_3,41455186,264
c9c8befd64336c3e,market_arcade_connection_02_02_c3r1.tgm,Art/Models/Terrain/Act3/MarketPlace/tgms_4,937468,1217819
2153965e3cb6ece9,market_arcade_connection_02_02_c3r1.tgm.header,Folders/art/models/terrain/act3/marketplace/tgms,57674,17070
ddbdea9f25a703bb,market_arcade_connection_02_02_c2r3.tgm,Tiny_3,41492188,1123
038279adb515ee7a,market_arcade_connection_02_02_c2r3.tgm.header,Tiny_3,41493311,264
a4afa84d9951da60,market_arcade_connection_02_02_c2r2.tgm,Tiny_3,41490021,1903
d0695de536ced7cd,market_arcade_connection_02_02_c2r2.tgm.header,Tiny_3,41491924,264
db01a04c0107b510,market_arcade_connection_02_02_c2r1.tgm,Tiny_3,41488238,1519
d5777673c23efd7f,market_arcade_connection_02_02_c2r1.tgm.header,Tiny_3,41489757,264
489573bcb4da7275,market_arcade_connection_02_02_c1r3.tgm,Tiny_3,41486419,1555
30ce9d951be38e8f,market_arcade_connection_02_02_c1r3.tgm.header,Tiny_3,41487974,264
41340eed73682b0d,market_arcade_connection_02_02_c1r2.tgm,Tiny_3,41485008,1147
8b57236f04748f65,market_arcade_connection_02_02_c1r2.tgm.header,Tiny_3,41486155,264
22df757fd505509a,market_arcade_connection_02_02_c1r1.tgm,Art/Models/Terrain/Act3/MarketPlace/tgms_4,912527,24941
06bb3399c855fc96,market_arcade_connection_02_02_c1r1.tgm.header,Tiny_3,41484526,482
e26a035162044c55,market_arcade_connection_02_01_c3r3.tgm,Tiny_3,41483859,667
92c84a4a471da383,market_arcade_connection_02_01_c3r3.tgm.header,Tiny_5,61877863,264
3d737fa6396e1eb3,market_arcade_connection_02_01_c3r2.tgm,Tiny_3,41482820,1039
ea0b79ac23c5fb83,market_arcade_connection_02_01_c3r2.tgm.header,Tiny_3,41445411,264
5d297c8b0baf668a,market_arcade_connection_02_01_c3r1.tgm,Art/Models/Terrain/Act3/MarketPlace/tgms_4,0,912527
bffc2f0ff0937521,market_arcade_connection_02_01_c3r1.tgm.header,Folders/art/models/terrain/act3/marketplace/tgms,48744,8930
c8a345bb2871084d,market_arcade_connection_02_01_c2r3.tgm,Tiny_3,41481565,991
6528e89be57b6d91,market_arcade_connection_02_01_c2r3.tgm.header,Tiny_3,41482556,264
1bfcf9dcb08a9922,market_arcade_connection_02_01_c2r2.tgm,Tiny_3,41480346,955
18ce780140515aa8,market_arcade_connection_02_01_c2r2.tgm.header,Tiny_3,41481301,264
5f375ab2c62d6097,market_arcade_connection_02_01_c2r1.tgm,Tiny_3,41479643,439
2febc9500abba071,market_arcade_connection_02_01_c2r1.tgm.header,Tiny_3,41480082,264
4ce091b87a4b02cf,market_arcade_connection_02_01_c1r3.tgm,Tiny_3,41478040,1339
92a1f21bdd9da2a5,market_arcade_connection_02_01_c1r3.tgm.header,Tiny_3,41479379,264
cd2d0aaca86113a1,market_arcade_connection_02_01_c1r2.tgm,Tiny_3,41476953,823
a2560cfd50c2a324,market_arcade_connection_02_01_c1r2.tgm.header,Tiny_3,41477776,264
54f4123282ad3393,market_arcade_connection_02_01_c1r1.tgm,Tiny_3,41476058,631
e3483e14b87825e9,market_arcade_connection_02_01_c1r1.tgm.header,Tiny_3,41476689,264
4bc86a4ce7515036,market_arcade_connection_01_11_c3r3.tgm,Art/Models/Terrain/Act3/MarketPlace/tgms_1,1081613,890579
483c203c31ea8730,market_arcade_connection_01_11_c3r3.tgm.header,Folders/art/models/terrain/act3/marketplace/tgms,40034,8710
1dfddd80c5de2a1e,market_arcade_connection_01_11_c3r2.tgm,Tiny_3,41474419,1375
99e3746d0f296c99,market_arcade_connection_01_11_c3r2.tgm.header,Tiny_3,41475794,264
6769c8b85217c6ba,market_arcade_connection_01_11_c3r1.tgm,Tiny_3,41473236,919
7e6e690fa7387961,market_arcade_connection_01_11_c3r1.tgm.header,Tiny_3,41474155,264
4f256385eaf8f657,market_arcade_connection_01_11_c2r3.tgm,Tiny_3,41472581,655
ed95a81c524507be,market_arcade_connection_01_11_c2r3.tgm.header,Tiny_3,41469224,264
0d03d7231f1f98ed,market_arcade_connection_01_11_c2r2.tgm,Tiny_3,41471170,1147
940f223ba16313db,market_arcade_connection_01_11_c2r2.tgm.header,Tiny_3,41472317,264
c8854d6a98666b82,market_arcade_connection_01_11_c2r1.tgm,Tiny_3,41470191,715
cd407768259f065a,market_arcade_connection_01_11_c2r1.tgm.header,Tiny_3,41470906,264
339ae8c1d6544679,market_arcade_connection_01_11_c1r3.tgm,Tiny_3,41469488,439
97ec1ddcbf7b8e08,market_arcade_connection_01_11_c1r3.tgm.header,Tiny_3,41469927,264
3471f1b432ac4ac3,market_arcade_connection_01_11_c1r2.tgm,Tiny_3,41468569,655
4818758d5255a438,market_arcade_connection_01_11_c1r2.tgm.header,Tiny_3,41469224,264
eb69caa495560c4e,market_arcade_connection_01_11_c1r1.tgm,Tiny_3,41467866,439
e69bb16947266a7d,market_arcade_connection_01_11_c1r1.tgm.header,Tiny_3,41468305,264
cec73e19bd861a79,market_arcade_connection_01_03_c3r3.tgm,Tiny_3,41465549,2053
41ee23cbec7fc465,market_arcade_connection_01_03_c3r3.tgm.header,Tiny_3,41467602,264
fddd8a3fc38d89f4,market_arcade_connection_01_03_c3r2.tgm,Tiny_3,41463544,1741
206c816b17b7cde0,market_arcade_connection_01_03_c3r2.tgm.header,Tiny_3,41465285,264
0fcd936691c1e7fc,market_arcade_connection_01_03_c3r1.tgm,Art/Models/Terrain/Act3/MarketPlace/tgms_1,0,1081613
ee02d14ca1e80266,market_arcade_connection_01_03_c3r1.tgm.header,Folders/art/models/terrain/act3/marketplace/tgms,25868,14166
418a36ebc2495263,market_arcade_connection_01_03_c2r3.tgm,Tiny_3,41462025,1255
9c987c02e20d48e1,market_arcade_connection_01_03_c2r3.tgm.header,Tiny_3,41463280,264
bc743396d4724cf9,market_arcade_connection_01_03_c2r2.tgm,Tiny_3,41460314,1447
c33def758259008c,market_arcade_connection_01_03_c2r2.tgm.header,Tiny_3,41461761,264
4b21a36b7ba3ba85,market_arcade_connection_01_03_c2r1.tgm,Tiny_3,41458903,1147
bb70619a162bacfe,market_arcade_connection_01_03_c2r1.tgm.header,Tiny_3,41460050,264
fb8bce4bcdfe208a,market_arcade_connection_01_03_c1r3.tgm,Tiny_3,41457792,847
86a336f19893369f,market_arcade_connection_01_03_c1r3.tgm.header,Tiny_3,41458639,264
2b13958c902e8049,market_arcade_connection_01_03_c1r2.tgm,Tiny_3,41456897,631
f85fa11c090bd035,market_arcade_connection_01_03_c1r2.tgm.header,Tiny_3,41457528,264
70a7838fb4e6023b,market_arcade_connection_01_03_c1r1.tgm,Art/Models/Terrain/Act3/MarketPlace/tgms,2253434,18569
ff2e9e4bef819916,market_arcade_connection_01_03_c1r1.tgm.header,Tiny_3,41456633,264
4741ad8b50754a70,market_arcade_connection_01_02_c3r3.tgm,Tiny_3,41455450,919
dcfa57d4d9d39bbe,market_arcade_connection_01_02_c3r3.tgm.header,Tiny_3,41456369,264
1a4577899c297c35,market_arcade_connection_01_02_c3r2.tgm,Tiny_3,41453931,1255
7e83a296996e1794,market_arcade_connection_01_02_c3r2.tgm.header,Tiny_3,41455186,264
ef1135032fbdb595,market_arcade_connection_01_02_c3r1.tgm,Art/Models/Terrain/Act3/MarketPlace/tgms,1035837,1217597
f3f9f13cd3d61707,market_arcade_connection_01_02_c3r1.tgm.header,Folders/art/models/terrain/act3/marketplace/tgms,8798,17070
d0def45154910f7c,market_arcade_connection_01_02_c2r3.tgm,Tiny_3,41452520,1147
d32fea56bdc9f2ca,market_arcade_connection_01_02_c2r3.tgm.header,Tiny_3,41453667,264
2ff6606dff08ba08,market_arcade_connection_01_02_c2r2.tgm,Tiny_3,41450629,1627
5cbfee94e905b205,market_arcade_connection_01_02_c2r2.tgm.header,Tiny_3,41452256,264
cb48c28b2f9d706a,market_arcade_connection_01_02_c2r1.tgm,Tiny_3,41449170,1195
a2207e249eab071f,market_arcade_connection_01_02_c2r1.tgm.header,Tiny_3,41450365,264
7036e05fbbb21dc5,market_arcade_connection_01_02_c1r3.tgm,Tiny_3,41448047,1123
1b939a53a0ae4ec6,market_arcade_connection_01_02_c1r3.tgm.header,Tiny_3,41440787,264
8881fbc35f460bd8,market_arcade_connection_01_02_c1r2.tgm,Tiny_3,41446912,871
1b8203f085714109,market_arcade_connection_01_02_c1r2.tgm.header,Tiny_3,41447783,264
f3075564fa82e43c,market_arcade_connection_01_02_c1r1.tgm,Art/Models/Terrain/Act3/MarketPlace/tgms,1014808,21029
1ef59276e3248a91,market_arcade_connection_01_02_c1r1.tgm.header,Tiny_3,41446606,306
eddc42cdf1feae75,market_arcade_connection_01_01_c3r3.tgm,Tiny_3,41445675,667
5f192515f6e2f3c4,market_arcade_connection_01_01_c3r3.tgm.header,Tiny_3,41446342,264
6d1ab69dc9c38c7b,market_arcade_connection_01_01_c3r2.tgm,Tiny_3,41444348,1063
b451d615056b8f17,market_arcade_connection_01_01_c3r2.tgm.header,Tiny_3,41445411,264
4942e602825394ee,market_arcade_connection_01_01_c3r1.tgm,Art/Models/Terrain/Act3/MarketPlace/tgms,104513,910295
7f3fd99ccbdefd49,market_arcade_connection_01_01_c3r1.tgm.header,Folders/art/models/terrain/act3/marketplace/tgms,0,8798
0d01c8a5e8680c60,market_arcade_connection_01_01_c2r3.tgm,Tiny_3,41443117,967
f4d36ac0d8098aa3,market_arcade_connection_01_01_c2r3.tgm.header,Tiny_3,41444084,264
910edcc192167c64,market_arcade_connection_01_01_c2r2.tgm,Tiny_3,41441838,1015
4c2a0413244b3e88,market_arcade_connection_01_01_c2r2.tgm.header,Tiny_3,41442853,264
9654da556f5b4985,market_arcade_connection_01_01_c2r1.tgm,Tiny_3,41441051,523
eccba1ac6828df18,market_arcade_connection_01_01_c2r1.tgm.header,Tiny_3,41441574,264
60ba684da1dc7bb1,market_arcade_connection_01_01_c1r3.tgm,Tiny_3,41439712,1075
b9c3dfc27e6b8070,market_arcade_connection_01_01_c1r3.tgm.header,Tiny_3,41440787,264
1b627f6dd09cb116,market_arcade_connection_01_01_c1r2.tgm,Tiny_3,41438625,823
c41b7427e1ed05c1,market_arcade_connection_01_01_c1r2.tgm.header,Tiny_3,41439448,264
668e5cbce0c6eef0,market_arcade_connection_01_01_c1r1.tgm,Tiny_3,41437706,655
ac7c89be2b978d20,market_arcade_connection_01_01_c1r1.tgm.header,Tiny_3,41438361,264
61cdabda0b3814df,market_arcade_blank.tgm,Tiny_3,41437265,177
226cd6335ef23043,market_arcade_blank.tgm.header,Tiny_3,41437442,264
c53fd6daea548a25,marketplace_tolmantile.tgm,Art/Models/Terrain/Act3/MarketPlace/tgms,0,104513
37645edd6d96ffcc,marketplace_tolmantile.tgm.header,Tiny_3,42281737,394
