hash,file,bundle,offset,size
76eee2d3c264a303,pools_01_c3r1.tgm,Tiny.V5,28013251,759
57a6a03009d8a8ec,pools_01_c3r1.tgm.header,Tiny.VB,28690770,264
1775e212380469b0,pools_01_c3r2.tgm,Tiny.V0,28723512,903
f25009d94fbdf05f,pools_01_c3r2.tgm.header,Tiny.VD,28560080,264
20de21cafa76f008,pools_01_c3r3.tgm,Tiny.V7,28370626,943
6bc1f594d0dd0273,pools_01_c3r3.tgm.header,Tiny.VC,28675995,264
231ecded62194537,pools_01_c2r1.tgm,Tiny.V5,28012372,615
e7597228e22c02cb,pools_01_c2r1.tgm.header,Tiny.VD,28559816,264
8edbaf2c4e958b8a,pools_01_c2r2.tgm,Streaming/Content/data/worldareas/0C/mapsteamingsprings.vworld,1405539,170521
2285fbe1ff1432f4,pools_01_c2r2.tgm.header,Tiny.V9,28910938,264
86d23c7a512e924d,pools_01_c2r3.tgm,Tiny.V9,28911202,707
3ecc1de696a9d64f,pools_01_c2r3.tgm.header,Tiny.V5,28012987,264
b46aa5a6ef4fd95b,pools_01_c1r1.tgm,Tiny.V0,28722781,731
8e48959eda642a11,pools_01_c1r1.tgm.header,Tiny.VC,28675731,264
10d456a74a1c4d5b,pools_01_c1r2.tgm,Tiny.V2,28498234,627
0630b2d1d4d690fa,pools_01_c1r2.tgm.header,Tiny.VE,28287004,264
75bcb1786c9db12c,pools_01_c1r3.tgm,Tiny.VA,28657336,575
6727e97687588aa6,pools_01_c1r3.tgm.header,Tiny.VE,28287268,264
468873894acfb2d4,pools_02_c3r1.tgm,Tiny.VA,28657911,3207
5ffea57ac4a8665d,pools_02_c3r1.tgm.header,Tiny.VB,28691034,264
e4aca32448831ae4,pools_02_c3r2.tgm,Tiny.V5,28014274,3357
6d4b6b733f761fa4,pools_02_c3r2.tgm.header,Tiny.V0,28724415,264
8301128c7ffba062,pools_02_c3r3.tgm,Tiny.VF,28690059,2569
d7821c8e55282503,pools_02_c3r3.tgm.header,Tiny.V5,28017631,264
7faaf32fd5002bf9,pools_02_c2r1.tgm,Tiny.VE,28290695,3349
bbef6676084195e2,pools_02_c2r1.tgm.header,Tiny.VD,28563527,264
8fe41cb575a5261e,pools_02_c2r2.tgm,Streaming/Content/data/worldareas/2A/mapsteamingsprings.vworld,190941,271765
0df9bf2a7ba3c8e4,pools_02_c2r2.tgm.header,Tiny.VC,28676259,350
3957097b7794dc35,pools_02_c2r3.tgm,Tiny.V7,28371569,2429
8a4a18927b7d9a21,pools_02_c2r3.tgm.header,Tiny.V8,28443275,264
ec0b3a11728e1b43,pools_02_c1r1.tgm,Tiny.VE,28287532,3163
6590d83952cf66fc,pools_02_c1r1.tgm.header,Tiny.V2,28498861,264
b700c2f793e7a6ab,pools_02_c1r2.tgm,Tiny.V4,28828007,3589
180d3fa6d45cec8b,pools_02_c1r2.tgm.header,Tiny.V5,28014010,264
67890409de279359,pools_02_c1r3.tgm,Tiny.VD,28560344,3183
59eedf3efd1b3cd6,pools_02_c1r3.tgm.header,Tiny.VF,28689795,264
6fab7c7aa900f590,pools_03_c3r1.tgm,Tiny.VE,28294693,385
badfa1840ec8e5d0,pools_03_c3r1.tgm.header,Tiny.V9,28911909,264
5693be620951f7a4,pools_03_c3r2.tgm,Tiny.V3,28210448,359
74cb85a460e830ba,pools_03_c3r2.tgm.header,Tiny.V5,28017895,264
537efcbd006fde7c,pools_03_c3r3.tgm,Tiny.VB,28691683,385
0ddfb4cba9faf1bd,pools_03_c3r3.tgm.header,Tiny.V9,28911909,264
90878040470e81c1,pools_03_c2r1.tgm,Tiny.V3,28209871,313
ff43056c102e1947,pools_03_c2r1.tgm.header,Tiny.VE,28294429,264
09892a5c39e3f8bc,pools_03_c2r2.tgm,Streaming/Content/data/worldareas/mapsteamingsprings.vworld,7151,130159
d766c8bb0047c62d,pools_03_c2r2.tgm.header,Tiny.V8,28443539,435
2edc11ffdcaaf6e9,pools_03_c2r3.tgm,Tiny.V2,28499125,359
280cc563849e72da,pools_03_c2r3.tgm.header,Tiny.V3,28210184,264
ea251295062bd5cc,pools_03_c1r1.tgm,Tiny.VB,28691298,385
83e13547d3e424f1,pools_03_c1r1.tgm.header,Tiny.V9,28911909,264
586596b04ea63bb1,pools_03_c1r2.tgm,Tiny.VE,28294044,385
8449ca36dea5292a,pools_03_c1r2.tgm.header,Tiny.VD,28563791,264
f52972c80a5e6fa6,pools_03_c1r3.tgm,Tiny.V4,28831596,339
72d9e7e203274bc1,pools_03_c1r3.tgm.header,Tiny.V0,28724679,264
bb5ac1893fb48d0f,pools_04_c3r1.tgm,Tiny.VA,28661382,431
d470a08aa4c7296b,pools_04_c3r1.tgm.header,Tiny.V5,28018729,264
aedefc50a5ec2957,pools_04_c3r2.tgm,Tiny.V5,28018993,1133
100cf7651c403f4a,pools_04_c3r2.tgm.header,Tiny.VD,28564055,264
67498f42f9bb0b6c,pools_04_c3r3.tgm,Tiny.VA,28661813,1053
abbcf6c9c411854c,pools_04_c3r3.tgm.header,Tiny.V7,28374262,264
c6d631d5ae1a5f45,pools_04_c2r1.tgm,Tiny.VF,28692892,857
de742a93b6691f40,pools_04_c2r1.tgm.header,Tiny.VA,28661118,264
65fe550e42a60931,pools_04_c2r2.tgm,Streaming/Content/data/worldareas/mapsteamingsprings.vworld.4,4158332,532189
2823d4c429a6bea7,pools_04_c2r2.tgm.header,Tiny.V5,28018159,570
81ac32bc6a1f114c,pools_04_c2r3.tgm,Tiny.V3,28210807,1281
f532350d513e5c55,pools_04_c2r3.tgm.header,Tiny.V0,28724943,264
b6ef11aeb1e274fc,pools_04_c1r1.tgm,Tiny.VE,28295078,735
1dfe8dcc061a7335,pools_04_c1r1.tgm.header,Tiny.V7,28373998,264
e2eb6a1b199564a2,pools_04_c1r2.tgm,Tiny.V1,28369448,1105
6f240cdbaba7ff24,pools_04_c1r2.tgm.header,Tiny.VF,28692628,264
53fd3b843184e1aa,pools_04_c1r3.tgm,Tiny.V1,28370553,701
c6884ef25a9dc83a,pools_04_c1r3.tgm.header,Tiny.VB,28692068,264
ec7b41d77a055a44,pools_05_c3r1.tgm,Tiny.V6,28342419,1249
3d5ee8d8cc09a41b,pools_05_c3r1.tgm.header,Tiny.VB,28692332,264
0f8afdb5edbe4a4a,pools_05_c3r2.tgm,Tiny.V7,28374526,1831
91badd19c1f9b705,pools_05_c3r2.tgm.header,Tiny.V3,28212526,264
70ff48dffc3aef70,pools_05_c3r3.tgm,Tiny.V5,28020390,737
9f7cf171d7a28a1f,pools_05_c3r3.tgm.header,Tiny.VB,28692596,264
ac10aed70772bd5c,pools_05_c2r1.tgm,Tiny.V4,28831935,1511
e2e0d43d73ae7ee7,pools_05_c2r1.tgm.header,Tiny.V5,28020126,264
77a19e116dcc8612,pools_05_c2r2.tgm,Streaming/Content/data/worldareas/6C/mapsteamingsprings.vworld,2885789,320867
4aab3e946a4de18e,pools_05_c2r2.tgm.header,Tiny.V3,28212088,438
9989d4d9cdc87534,pools_05_c2r3.tgm,Tiny.VC,28676609,1427
1ade99c1d9cbca6b,pools_05_c2r3.tgm.header,Tiny.VD,28564319,264
dc7a6f754f323f7c,pools_05_c1r1.tgm,Tiny.VA,28662866,1123
cb086e81637568e8,pools_05_c1r1.tgm.header,Tiny.V1,28371254,264
2dee3c8da9cbd3ac,pools_05_c1r2.tgm,Tiny.V9,28912173,1413
22228abf0f997403,pools_05_c1r2.tgm.header,Tiny.V9,28913586,264
a85d30d1fb8efee1,pools_05_c1r3.tgm,Tiny.V9,28913850,1139
e48c97911ced57e8,pools_05_c1r3.tgm.header,Tiny.V2,28499484,264
651e78ce1f3f45a2,craterfill_02_c3r1.tgm,Streaming/Content/data/worldareas/mapsteamingsprings.vworld.3,27288496,7607
29fadb72c264140a,craterfill_02_c3r1.tgm.header,Tiny.VE,28284982,264
c7b02d5b2074433d,craterfill_02_c3r2.tgm,Streaming/Content/data/worldareas/mapsteamingsprings.vworld.3,27296103,7347
2f3928547ef94ad4,craterfill_02_c3r2.tgm.header,Tiny.V4,28827437,264
e4c6bab29a114fba,craterfill_02_c3r3.tgm,Streaming/Content/data/worldareas/mapsteamingsprings.vworld.3,27303450,7607
83213ad2a304b648,craterfill_02_c3r3.tgm.header,Tiny.V2,28497312,264
035df83e51e1a629,craterfill_02_c2r1.tgm,Streaming/Content/data/worldareas/mapsteamingsprings.vworld.3,27265519,7489
62101516acb9fc6e,craterfill_02_c2r1.tgm.header,Tiny.V9,28906407,264
fc1f41c2b9fc6e1a,craterfill_02_c2r2.tgm,Streaming/Content/data/worldareas/mapsteamingsprings.vworld.3,27273008,8045
7c903a6e6b826cdb,craterfill_02_c2r2.tgm.header,Tiny.V8,28439228,264
9ac440f257e83481,craterfill_02_c2r3.tgm,Streaming/Content/data/worldareas/mapsteamingsprings.vworld.3,27281053,7443
a0d86770c2106ca9,craterfill_02_c2r3.tgm.header,Tiny.VF,28687205,264
01b3f8ffa34945a7,craterfill_02_c1r1.tgm,Streaming/Content/data/worldareas/BD/mapsteamingsprings.vworld,5599751,7535
3a1324ba1b37a67e,craterfill_02_c1r1.tgm.header,Tiny.V7,28370012,264
c0dd34ac3219cb3c,craterfill_02_c1r2.tgm,Streaming/Content/data/worldareas/59/mapsteamingsprings.vworld,11196823,7281
179575527ae231a6,craterfill_02_c1r2.tgm.header,Tiny.V0,28712536,264
ac47b1589d1cc191,craterfill_02_c1r3.tgm,Streaming/Content/data/worldareas/mapsteamingsprings.vworld.3,27257958,7561
c39f97e3e40565b4,craterfill_02_c1r3.tgm.header,Tiny.V9,28906143,264
2cf12469ae392e9e,crateredge_cc_01_c3r1.tgm,Streaming/Content/data/worldareas/mapsteamingsprings.vworld.3,22443723,7309
e07124f6588661c1,crateredge_cc_01_c3r1.tgm.header,Tiny.VE,28277692,264
093bf0512ff481a7,crateredge_cc_01_c3r2.tgm,Streaming/Content/data/worldareas/6E/mapsteamingsprings.vworld,5592580,6999
f8f403832ee4fa05,crateredge_cc_01_c3r2.tgm.header,Tiny.V2,28492928,264
c243850cec0a23a5,crateredge_cc_01_c3r3.tgm,Streaming/Content/data/worldareas/mapsteamingsprings.vworld,0,7151
37bd6a6700f09e38,crateredge_cc_01_c3r3.tgm.header,Tiny.VE,28278570,264
f35f3bf4af716fd3,crateredge_cc_01_c2r1.tgm,Streaming/Content/data/worldareas/mapsteamingsprings.vworld.3,22378027,7569
cbde8a62975e0b51,crateredge_cc_01_c2r1.tgm.header,Tiny.V8,28436198,264
db960f758a4fc039,crateredge_cc_01_c2r2.tgm,Streaming/Content/data/worldareas/mapsteamingsprings.vworld.3,22385596,58127
463729deaecf23bd,crateredge_cc_01_c2r2.tgm.header,Tiny.VE,28277386,306
f515deda55fe11a3,crateredge_cc_01_c2r3.tgm,Streaming/Content/data/worldareas/FD/mapsteamingsprings.vworld,5592580,7471
aaffbc859fbff2ea,crateredge_cc_01_c2r3.tgm.header,Tiny.V1,28358829,264
f895ae3daa1733bc,crateredge_cc_01_c1r1.tgm,Streaming/Content/data/worldareas/mapsteamingsprings.vworld.3,22370764,7263
b54939e6a9c5fb4a,crateredge_cc_01_c1r1.tgm.header,Tiny.VB,28680977,264
2892bb97b06b4242,crateredge_cc_01_c1r2.tgm,Streaming/Content/data/worldareas/4D/mapsteamingsprings.vworld,0,6947
56892eca0e424139,crateredge_cc_01_c1r2.tgm.header,Tiny.VF,28682115,264
3cb04573ed0d6aa3,crateredge_cc_01_c1r3.tgm,Streaming/Content/data/worldareas/93/mapsteamingsprings.vworld,2796364,7335
1417a9f6c5621ff4,crateredge_cc_01_c1r3.tgm.header,Tiny.V1,28358565,264
aeaa17ee279ceaea,crateredge_cc_02_c3r1.tgm,Streaming/Content/data/worldareas/mapsteamingsprings.vworld.3,22472917,7263
fbedc5a0a8086708,crateredge_cc_02_c3r1.tgm.header,Tiny.V7,28361672,264
654a4c42af17bcf4,crateredge_cc_02_c3r2.tgm,Streaming/Content/data/worldareas/mapsteamingsprings.vworld.3,22480180,7019
880f31a43aa77034,crateredge_cc_02_c3r2.tgm.header,Tiny.V7,28361936,264
ba77c3588a841c15,crateredge_cc_02_c3r3.tgm,Streaming/Content/data/worldareas/mapsteamingsprings.vworld.3,22487199,7151
b30b954ef14bee6f,crateredge_cc_02_c3r3.tgm.header,Tiny.VE,28278570,264
c172065105b1e8bf,crateredge_cc_02_c2r1.tgm,Streaming/Content/data/worldareas/07/mapsteamingsprings.vworld,0,7477
924a9eb91d6b13cd,crateredge_cc_02_c2r1.tgm.header,Tiny.V2,28493192,264
2a2ca6306d491da0,crateredge_cc_02_c2r2.tgm,Streaming/Content/data/worldareas/09/mapsteamingsprings.vworld,0,113593
1c09086df3adcba2,crateredge_cc_02_c2r2.tgm.header,Tiny.V3,28194913,350
781783578c64c5cd,crateredge_cc_02_c2r3.tgm,Streaming/Content/data/worldareas/mapsteamingsprings.vworld.3,22465518,7399
20e9323bd4642883,crateredge_cc_02_c2r3.tgm.header,Tiny.V6,28337503,264
696d0081ee30c3e9,crateredge_cc_02_c1r1.tgm,Streaming/Content/data/worldareas/mapsteamingsprings.vworld.3,22451032,7355
faf371681781ef44,crateredge_cc_02_c1r1.tgm.header,Tiny.VF,28682379,264
183c87a509dab8cd,crateredge_cc_02_c1r2.tgm,Streaming/Content/data/worldareas/mapsteamingsprings.vworld.3,22458387,7131
3f53bbd8038962ba,crateredge_cc_02_c1r2.tgm.header,Tiny.V8,28436462,264
c0b2a473744b72e4,crateredge_cc_02_c1r3.tgm,Streaming/Content/data/worldareas/0C/mapsteamingsprings.vworld,1398276,7263
165f0b726cc5f545,crateredge_cc_02_c1r3.tgm.header,Tiny.VB,28680713,264
a8e1a49f0618de23,crateredge_cc_03_c3r1.tgm,Streaming/Content/data/worldareas/91/mapsteamingsprings.vworld,0,7381
3c390b37f103c769,crateredge_cc_03_c3r1.tgm.header,Tiny.V3,28195263,264
1c390c0461f4f665,crateredge_cc_03_c3r2.tgm,Streaming/Content/data/worldareas/mapsteamingsprings.vworld.3,22593335,7163
b644ae149e275450,crateredge_cc_03_c3r2.tgm.header,Tiny.VA,28651632,264
8263821c9a6b9b3b,crateredge_cc_03_c3r3.tgm,Streaming/Content/data/worldareas/mapsteamingsprings.vworld.3,22600498,7151
089325bcb79bea36,crateredge_cc_03_c3r3.tgm.header,Tiny.VE,28278570,264
12895a5e25478ee1,crateredge_cc_03_c2r1.tgm,Streaming/Content/data/worldareas/mapsteamingsprings.vworld.3,22515961,7201
2cb160e5cd8dc590,crateredge_cc_03_c2r1.tgm.header,Tiny.VD,28554550,264
6a9e36e7b1ed0667,crateredge_cc_03_c2r2.tgm,Streaming/Content/data/worldareas/mapsteamingsprings.vworld.3,22523162,70173
f9a894efcea7f9fa,crateredge_cc_03_c2r2.tgm.header,Tiny.V4,28820244,306
482e8514a0271808,crateredge_cc_03_c2r3.tgm,Streaming/Content/data/worldareas/60/mapfortress.vworld,466807,7353
fd4de14e5f5ef6ca,crateredge_cc_03_c2r3.tgm.header,Tiny.V0,28704284,264
d16f79514352ea27,crateredge_cc_03_c1r1.tgm,Streaming/Content/data/worldareas/mapsteamingsprings.vworld.3,22494350,7263
7cf3696ffbd9cad1,crateredge_cc_03_c1r1.tgm.header,Tiny.VB,28680977,264
c73ffa53c443e9ca,crateredge_cc_03_c1r2.tgm,Streaming/Content/data/worldareas/mapsteamingsprings.vworld.3,22501613,7131
96c17d9825adc9aa,crateredge_cc_03_c1r2.tgm.header,Tiny.VC,28668488,264
3e9fe8c8f9715a17,crateredge_cc_03_c1r3.tgm,Streaming/Content/data/worldareas/mapsteamingsprings.vworld.3,22508744,7217
88e4f75d9257a693,crateredge_cc_03_c1r3.tgm.header,Tiny.V5,28003469,264
67068cad9c7c69c2,crateredge_cc_creek_01_c3r1.tgm,Streaming/Content/data/worldareas/mapsteamingsprings.vworld.3,22717351,7517
efe2d22616b1a359,crateredge_cc_creek_01_c3r1.tgm.header,Tiny.VE,28278306,264
e40edc3c42bc99a3,crateredge_cc_creek_01_c3r2.tgm,Streaming/Content/data/worldareas/mapsteamingsprings.vworld.3,22724868,14479
9c0f66bdbc49636e,crateredge_cc_creek_01_c3r2.tgm.header,Tiny.VB,28681241,264
b5488d353abeee78,crateredge_cc_creek_01_c3r3.tgm,Streaming/Content/data/worldareas/mapsteamingsprings.vworld.3,22739347,8071
0abf82be02d1903c,crateredge_cc_creek_01_c3r3.tgm.header,Tiny.V9,28902237,264
9df791aecbb0a72a,crateredge_cc_creek_01_c2r1.tgm,Streaming/Content/data/worldareas/mapsteamingsprings.vworld.3,22629476,7639
a6a1e2a2ea2911a5,crateredge_cc_creek_01_c2r1.tgm.header,Tiny.V3,28195527,264
c2d81153f8e729ac,crateredge_cc_creek_01_c2r2.tgm,Streaming/Content/data/worldareas/mapsteamingsprings.vworld.3,22637115,66779
6894b755c4db5bdc,crateredge_cc_creek_01_c2r2.tgm.header,Tiny.VE,28277956,350
a7d75425ab7e1a96,crateredge_cc_creek_01_c2r3.tgm,Streaming/Content/data/worldareas/mapsteamingsprings.vworld.3,22703894,13457
b3c1a224ac85830c,crateredge_cc_creek_01_c2r3.tgm.header,Tiny.V7,28362728,306
00132b9e4fa6156e,crateredge_cc_creek_01_c1r1.tgm,Streaming/Content/data/worldareas/mapsteamingsprings.vworld.3,22607649,7355
91b1c46b4d278b87,crateredge_cc_creek_01_c1r1.tgm.header,Tiny.V7,28362200,264
9d3b68d0f4f09aeb,crateredge_cc_creek_01_c1r2.tgm,Streaming/Content/data/worldareas/mapsteamingsprings.vworld.3,22615004,7085
260405caf3f06b7d,crateredge_cc_creek_01_c1r2.tgm.header,Tiny.V7,28362464,264
e4973944bf7d1088,crateredge_cc_creek_01_c1r3.tgm,Streaming/Content/data/worldareas/mapsteamingsprings.vworld.3,22622089,7387
ffb2d64a54501593,crateredge_cc_creek_01_c1r3.tgm.header,Tiny.V6,28337767,264
c5ab8eea2155b3fd,crateredge_cc_creek_02_c3r1.tgm,Streaming/Content/data/worldareas/mapsteamingsprings.vworld.3,22763128,7597
02ca6a034a227521,crateredge_cc_creek_02_c3r1.tgm.header,Tiny.V4,28820550,264
ccd3b028562f43bf,crateredge_cc_creek_02_c3r2.tgm,Streaming/Content/data/worldareas/mapsteamingsprings.vworld.3,22770725,7203
c246215d41277171,crateredge_cc_creek_02_c3r2.tgm.header,Tiny.V7,28363034,264
48f72aab631745a9,crateredge_cc_creek_02_c3r3.tgm,Streaming/Content/data/worldareas/A6/mapsteamingsprings.vworld,5592580,7151
e3ab9a55bedbf3c2,crateredge_cc_creek_02_c3r3.tgm.header,Tiny.VE,28278570,264
1c58f50d4dd5bcb2,crateredge_cc_creek_02_c2r1.tgm,Streaming/Content/data/worldareas/2A/mapsteamingsprings.vworld,5001,8501
1df5721b3abdb67d,crateredge_cc_creek_02_c2r1.tgm.header,Tiny.V1,28359093,264
69bcca17495de5e8,crateredge_cc_creek_02_c2r2.tgm,Streaming/Content/data/worldareas/11/mapsteamingsprings.vworld,2796364,76975
33df2966f8d95e03,crateredge_cc_creek_02_c2r2.tgm.header,Tiny.V2,28493720,350
f77fb8930c37c750,crateredge_cc_creek_02_c2r3.tgm,Streaming/Content/data/worldareas/0F/mapsteamingsprings.vworld,2796364,7983
a24a29f8a167556c,crateredge_cc_creek_02_c2r3.tgm.header,Tiny.VA,28651896,264
4089297ad73bf5ff,crateredge_cc_creek_02_c1r1.tgm,Streaming/Content/data/worldareas/mapsteamingsprings.vworld.3,22747418,7773
2b6c7616011644fc,crateredge_cc_creek_02_c1r1.tgm.header,Tiny.V0,28704548,264
94f6ba0fd31ca8c6,crateredge_cc_creek_02_c1r2.tgm,Streaming/Content/data/worldareas/76/mapsteamingsprings.vworld,5592580,8105
60a69ae62dd3861d,crateredge_cc_creek_02_c1r2.tgm.header,Tiny.V2,28493456,264
d30d1c82fb24918e,crateredge_cc_creek_02_c1r3.tgm,Streaming/Content/data/worldareas/mapsteamingsprings.vworld.3,22755191,7937
8715dd204ba425fc,crateredge_cc_creek_02_c1r3.tgm.header,Tiny.VC,28668752,264
f11d451c7019b2dd,crateredge_cc_creek_03_c3r1.tgm,Streaming/Content/data/worldareas/B3/mapsteamingsprings.vworld,0,7731
eff1bb5c44338e95,crateredge_cc_creek_03_c3r1.tgm.header,Tiny.VC,28669016,306
209d95fa81a80693,crateredge_cc_creek_03_c3r2.tgm,Streaming/Content/data/worldareas/6E/mapsteamingsprings.vworld,5599579,7555
18c6154b6888c697,crateredge_cc_creek_03_c3r2.tgm.header,Tiny.V2,28494070,306
81d12067c366c10b,crateredge_cc_creek_03_c3r3.tgm,Streaming/Content/data/worldareas/mapsteamingsprings.vworld.3,23027844,7567
212c16bcec11b025,crateredge_cc_creek_03_c3r3.tgm.header,Tiny.V3,28195791,264
938b69a3c9c4ae09,crateredge_cc_creek_03_c2r1.tgm,Streaming/Content/data/worldareas/mapsteamingsprings.vworld.3,22785739,7625
641bda0aa07ed79d,crateredge_cc_creek_03_c2r1.tgm.header,Tiny.V8,28436726,264
403c2e5adac40346,crateredge_cc_creek_03_c2r2.tgm,Streaming/Content/data/worldareas/mapsteamingsprings.vworld.3,22793364,226329
b8940f3a973b79c8,crateredge_cc_creek_03_c2r2.tgm.header,Tiny.V4,28820814,875
9ca897285582bc65,crateredge_cc_creek_03_c2r3.tgm,Streaming/Content/data/worldareas/mapsteamingsprings.vworld.3,23019693,8151
2386f7670c7e6563,crateredge_cc_creek_03_c2r3.tgm.header,Tiny.V5,28003733,350
1461c3f051a6dffa,crateredge_cc_creek_03_c1r1.tgm,Streaming/Content/data/worldareas/94/mapsteamingsprings.vworld,1398276,7707
c8b96ad16c3dd2cb,crateredge_cc_creek_03_c1r1.tgm.header,Tiny.VA,28652160,264
0c07354fcf7a3947,crateredge_cc_creek_03_c1r2.tgm,Streaming/Content/data/worldareas/mapsteamingsprings.vworld.3,22777928,7811
8b8aa234138ee8df,crateredge_cc_creek_03_c1r2.tgm.header,Tiny.VE,28278834,264
df5abfa7843b5045,crateredge_cc_creek_03_c1r3.tgm,Streaming/Content/data/worldareas/37/mapsteamingsprings.vworld,113477,7677
f511201f85ff09a3,crateredge_cc_creek_03_c1r3.tgm.header,Tiny.VB,28681505,306
9ae31c6184b3e983,crateredge_ccoverlay_01_c3r1.tgm,Streaming/Content/data/worldareas/59/mapsteamingsprings.vworld,11185160,11663
250e56f1d045c0dc,crateredge_ccoverlay_01_c3r1.tgm.header,Tiny.V5,28004083,482
2b7525501832aed0,crateredge_ccoverlay_01_c3r2.tgm,Streaming/Content/data/worldareas/mapsteamingsprings.vworld.3,23409884,48621
247e79faf53f2050,crateredge_ccoverlay_01_c3r2.tgm.header,Tiny.V5,28004565,702
7483180513683f84,crateredge_ccoverlay_01_c3r3.tgm,Streaming/Content/data/worldareas/2A/mapsteamingsprings.vworld,13502,77007
8c181adaf386914a,crateredge_ccoverlay_01_c3r3.tgm.header,Tiny.V5,28005267,790
07dacfe760f47beb,crateredge_ccoverlay_01_c3r4.tgm,Streaming/Content/data/worldareas/F1/mapsteamingsprings.vworld,11247229,20181
295727dcedc1ad1f,crateredge_ccoverlay_01_c3r4.tgm.header,Tiny.VA,28653126,350
df4918cb4e289a45,crateredge_ccoverlay_01_c2r1.tgm,Streaming/Content/data/worldareas/mapsteamingsprings.vworld.3,23132238,29485
8957a9abb52ab40b,crateredge_ccoverlay_01_c2r1.tgm.header,Tiny.V3,28196055,570
20f0855cbda1370a,crateredge_ccoverlay_01_c2r2.tgm,Streaming/Content/data/worldareas/mapsteamingsprings.vworld.3,23161723,103337
6671a46ceaf84b5b,crateredge_ccoverlay_01_c2r2.tgm.header,Tiny.V0,28704812,790
e3a0492678d41acd,crateredge_ccoverlay_01_c2r3.tgm,Streaming/Content/data/worldareas/mapsteamingsprings.vworld.3,23265060,66067
2ea6eaaf5e3d7c43,crateredge_ccoverlay_01_c2r3.tgm.header,Tiny.V8,28436990,922
50c23f346713501d,crateredge_ccoverlay_01_c2r4.tgm,Streaming/Content/data/worldareas/mapsteamingsprings.vworld.3,23331127,78757
4f3431e457699a8d,crateredge_ccoverlay_01_c2r4.tgm.header,Tiny.VF,28682643,658
f09bc2efbca982ec,crateredge_ccoverlay_01_c1r1.tgm,Streaming/Content/data/worldareas/3D/mapsteamingsprings.vworld,5592580,38885
14806513f63c07a3,crateredge_ccoverlay_01_c1r1.tgm.header,Tiny.V4,28821689,526
57a8a88b9ba70b3a,crateredge_ccoverlay_01_c1r2.tgm,Streaming/Content/data/worldareas/mapsteamingsprings.vworld.3,23035411,37077
08f9c5da84a1d660,crateredge_ccoverlay_01_c1r2.tgm.header,Tiny.VA,28652424,702
348a73f91d47c294,crateredge_ccoverlay_01_c1r3.tgm,Streaming/Content/data/worldareas/mapsteamingsprings.vworld.3,23072488,26029
2d65c047b17c32f2,crateredge_ccoverlay_01_c1r3.tgm.header,Tiny.VE,28279098,614
db1965831405d863,crateredge_ccoverlay_01_c1r4.tgm,Streaming/Content/data/worldareas/mapsteamingsprings.vworld.3,23098517,33721
6a40666904bccc5c,crateredge_ccoverlay_01_c1r4.tgm.header,Tiny.VD,28554814,614
559eb6f00987831f,crateredge_ccoverlay_02_c3r1.tgm,Streaming/Content/data/worldareas/9F/mapsteamingsprings.vworld,5592580,14107
972cc920488acb48,crateredge_ccoverlay_02_c3r1.tgm.header,Tiny.V2,28494376,350
919907f81317353f,crateredge_ccoverlay_02_c3r2.tgm,Streaming/Content/data/worldareas/mapsteamingsprings.vworld.3,23926125,11383
dd8991bc364ab639,crateredge_ccoverlay_02_c3r2.tgm.header,Tiny.V2,28494726,482
e9c4e3f2db1ba2f9,crateredge_ccoverlay_02_c3r3.tgm,Streaming/Content/data/worldareas/mapsteamingsprings.vworld.3,23937508,21705
0b7027b40c11220d,crateredge_ccoverlay_02_c3r3.tgm.header,Tiny.V7,28363824,526
1c2bd12d8246c123,crateredge_ccoverlay_02_c3r4.tgm,Streaming/Content/data/worldareas/ED/mapsteamingsprings.vworld,0,46259
cb8ccc58c7ef3a29,crateredge_ccoverlay_02_c3r4.tgm.header,Tiny.V6,28338031,746
0735a7a4f6864253,crateredge_ccoverlay_02_c3r5.tgm,Streaming/Content/data/worldareas/mapsteamingsprings.vworld.3,23959213,103337
1305e128421f51a5,crateredge_ccoverlay_02_c3r5.tgm.header,Tiny.V1,28359357,922
5fdaa76c94f1aa4f,crateredge_ccoverlay_02_c3r6.tgm,Streaming/Content/data/worldareas/mapsteamingsprings.vworld.3,24062550,77595
3ddc60a06ef57c02,crateredge_ccoverlay_02_c3r6.tgm.header,Tiny.V8,28437912,614
1ea2698778b360e8,crateredge_ccoverlay_02_c2r1.tgm,Streaming/Content/data/worldareas/11/mapsteamingsprings.vworld,2873339,13791
b2dc56c436e4e0f9,crateredge_ccoverlay_02_c2r1.tgm.header,Tiny.V4,28823049,394
381bd963391125f1,crateredge_ccoverlay_02_c2r2.tgm,Streaming/Content/data/worldareas/mapsteamingsprings.vworld.3,23608511,35953
4bbb3906a5049c28,crateredge_ccoverlay_02_c2r2.tgm.header,Tiny.V7,28363298,526
dcdb761d42c340af,crateredge_ccoverlay_02_c2r3.tgm,Streaming/Content/data/worldareas/mapsteamingsprings.vworld.3,23644464,78159
614cedb347995f55,crateredge_ccoverlay_02_c2r3.tgm.header,Tiny.VD,28555428,702
d765015f3716940d,crateredge_ccoverlay_02_c2r4.tgm,Streaming/Content/data/worldareas/mapsteamingsprings.vworld.3,23722623,116059
ef8af501e09d54de,crateredge_ccoverlay_02_c2r4.tgm.header,Tiny.V0,28705602,1010
9ad532ef3bb94626,crateredge_ccoverlay_02_c2r5.tgm,Streaming/Content/data/balance/worldareas/mapsteamingsprings.vworld,0,81287
f73ec359c4601c83,crateredge_ccoverlay_02_c2r5.tgm.header,Tiny.VE,28279712,1010
dd2d61315c61e934,crateredge_ccoverlay_02_c2r6.tgm,Streaming/Content/data/worldareas/mapsteamingsprings.vworld.3,23838682,87443
bb3d4dc9114ed410,crateredge_ccoverlay_02_c2r6.tgm.header,Tiny.V0,28706612,834
f881d683a3533e6a,crateredge_ccoverlay_02_c1r1.tgm,Streaming/Content/data/worldareas/mapsteamingsprings.vworld.3,23458505,8049
fc3d6b96dc082da8,crateredge_ccoverlay_02_c1r1.tgm.header,Tiny.VB,28681811,306
7c64cbbd5f1333b5,crateredge_ccoverlay_02_c1r2.tgm,Streaming/Content/data/worldareas/A4/mapsteamingsprings.vworld,0,13029
eac330445a0ce7e7,crateredge_ccoverlay_02_c1r2.tgm.header,Tiny.VB,28682117,482
c15f48804ccbef34,crateredge_ccoverlay_02_c1r3.tgm,Streaming/Content/data/worldareas/mapsteamingsprings.vworld.3,23466554,47873
c5a09b39ba2b0451,crateredge_ccoverlay_02_c1r3.tgm.header,Tiny.V3,28196625,702
abc2d9abe8565a5a,crateredge_ccoverlay_02_c1r4.tgm,Streaming/Content/data/worldareas/mapsteamingsprings.vworld.3,23514427,63137
87120afdeae2512e,crateredge_ccoverlay_02_c1r4.tgm.header,Tiny.V4,28822215,834
f7c761b656ea7ef3,crateredge_ccoverlay_02_c1r5.tgm,Streaming/Content/data/worldareas/mapsteamingsprings.vworld.3,23577564,30947
7080faf13ee67a53,crateredge_ccoverlay_02_c1r5.tgm.header,Tiny.VA,28653476,570
320ee758e5a5638a,crateredge_ccoverlay_02_c1r6.tgm,Streaming/Content/data/worldareas/2A/mapsteamingsprings.vworld,90509,21873
55feec999fdbff90,crateredge_ccoverlay_02_c1r6.tgm.header,Tiny.VA,28654046,570
f6e7de037cb3a8a4,crateredge_ccoverlay_03_c6r1.tgm,Streaming/Content/data/worldareas/0F/mapsteamingsprings.vworld,2804347,13085
b0d8c4039394f699,crateredge_ccoverlay_03_c6r1.tgm.header,Tiny.VB,28683477,350
95754236a93392cf,crateredge_ccoverlay_03_c6r2.tgm,Streaming/Content/data/worldareas/mapsteamingsprings.vworld.3,24560463,64321
98764bf5bb4a702d,crateredge_ccoverlay_03_c6r2.tgm.header,Tiny.V3,28197853,702
024a3e74fcb3551e,crateredge_ccoverlay_03_c6r3.tgm,Streaming/Content/data/worldareas/mapsteamingsprings.vworld.3,24624784,68261
bc6781c33f6292dd,crateredge_ccoverlay_03_c6r3.tgm.header,Tiny.V3,28198555,526
1581c7363f65a7fa,crateredge_ccoverlay_03_c5r1.tgm,Streaming/Content/data/worldareas/62/mapsteamingsprings.vworld,0,27543
9d45f43116cb3bd4,crateredge_ccoverlay_03_c5r1.tgm.header,Tiny.VD,28556130,658
111c0f26bbda4620,crateredge_ccoverlay_03_c5r2.tgm,Streaming/Content/data/worldareas/mapsteamingsprings.vworld.3,24400403,68807
33ee700099f314bb,crateredge_ccoverlay_03_c5r2.tgm.header,Tiny.VE,28280722,922
ad51f2d6fb6dbaf1,crateredge_ccoverlay_03_c5r3.tgm,Streaming/Content/data/worldareas/mapsteamingsprings.vworld.3,24469210,91253
b60c64ab185e1311,crateredge_ccoverlay_03_c5r3.tgm.header,Tiny.V2,28495208,878
2a26be98c8701f6b,crateredge_ccoverlay_03_c4r1.tgm,Streaming/Content/data/worldareas/mapsteamingsprings.vworld.3,24327122,73281
7fceca1741496eb0,crateredge_ccoverlay_03_c4r1.tgm.header,Tiny.V1,28360937,746
7145a644a50d52ec,crateredge_ccoverlay_03_c4r2.tgm,Streaming/Content/data/worldareas/C0/mapsteamingsprings.vworld,8388944,105733
94e4e983319311e7,crateredge_ccoverlay_03_c4r2.tgm.header,Tiny.VA,28655098,746
2f8d1d0d94aafbb7,crateredge_ccoverlay_03_c4r3.tgm,Streaming/Content/data/worldareas/C0/mapsteamingsprings.vworld,8494677,58127
b8f87d07be2df5fd,crateredge_ccoverlay_03_c4r3.tgm.header,Tiny.VB,28682599,878
3b584c0f50278f66,crateredge_ccoverlay_03_c3r1.tgm,Streaming/Content/data/worldareas/BE/mapsteamingsprings.vworld,5592580,51237
cbf4716fe5d8e848,crateredge_ccoverlay_03_c3r1.tgm.header,Tiny.V7,28365710,922
58d747eb4e77a033,crateredge_ccoverlay_03_c3r2.tgm,Streaming/Content/data/worldareas/mapsteamingsprings.vworld.3,24234369,92753
adfdb047e55c51f4,crateredge_ccoverlay_03_c3r2.tgm.header,Tiny.V0,28708104,922
61628f36b8a9b841,crateredge_ccoverlay_03_c3r3.tgm,Streaming/Content/data/worldareas/52/mapazmerianranges.vworld,210331,57391
eb7eb112229442ba,crateredge_ccoverlay_03_c3r3.tgm.header,Tiny.VF,28683301,834
02c2a73de0f0f688,crateredge_ccoverlay_03_c2r1.tgm,Streaming/Content/data/worldareas/mapsteamingsprings.vworld.3,24166651,32935
d301665f8443a884,crateredge_ccoverlay_03_c2r1.tgm.header,Tiny.V0,28707446,658
1a396a893ab1a1dd,crateredge_ccoverlay_03_c2r2.tgm,Streaming/Content/data/worldareas/37/mapsteamingsprings.vworld,121154,81103
b82049530789f765,crateredge_ccoverlay_03_c2r2.tgm.header,Tiny.V7,28364964,746
96ab32fa576f86cb,crateredge_ccoverlay_03_c2r3.tgm,Streaming/Content/data/worldareas/mapsteamingsprings.vworld.3,24199586,34783
34e25b1fd621c860,crateredge_ccoverlay_03_c2r3.tgm.header,Tiny.V1,28360279,658
e85db6b5c4a590fb,crateredge_ccoverlay_03_c1r1.tgm,Streaming/Content/data/worldareas/mapsteamingsprings.vworld.3,24140145,11493
1156a7b19491754d,crateredge_ccoverlay_03_c1r1.tgm.header,Tiny.VA,28654616,482
e397eaf33f9e762d,crateredge_ccoverlay_03_c1r2.tgm,Streaming/Content/data/worldareas/97/mapsteamingsprings.vworld,2796364,35935
12220d25b855f5cb,crateredge_ccoverlay_03_c1r2.tgm.header,Tiny.V7,28364350,614
51aa1cbd150f974c,crateredge_ccoverlay_03_c1r3.tgm,Streaming/Content/data/worldareas/mapsteamingsprings.vworld.3,24151638,15013
ad71a5f29a66c23e,crateredge_ccoverlay_03_c1r3.tgm.header,Tiny.V3,28197327,526
8100b686016f717b,crateredge_cv_01_c3r1.tgm,Streaming/Content/data/worldareas/D5/g2_9_2.vworld.1,481306,7217
cb095d0615040313,crateredge_cv_01_c3r1.tgm.header,Tiny.V1,28361683,264
a9373c600b862675,crateredge_cv_01_c3r2.tgm,Streaming/Content/data/worldareas/mapsteamingsprings.vworld.3,24715270,7085
64083d1d1a1f228c,crateredge_cv_01_c3r2.tgm.header,Tiny.V9,28902501,264
315b8197336059b9,crateredge_cv_01_c3r3.tgm,Streaming/Content/data/worldareas/mapsteamingsprings.vworld.3,24722355,7191
7ddbe97ce4e85f1a,crateredge_cv_01_c3r3.tgm.header,Tiny.VD,28556788,264
c03894c7262e103d,crateredge_cv_01_c2r1.tgm,Streaming/Content/data/worldareas/mapsteamingsprings.vworld.3,24707675,7595
ac13b264737fdda2,crateredge_cv_01_c2r1.tgm.header,Tiny.VB,28683827,264
9cba59772eae62ea,crateredge_cv_01_c2r2.tgm,Streaming/Content/data/worldareas/00/mapsteamingsprings.vworld,1398276,130675
63dd270d3023018d,crateredge_cv_01_c2r2.tgm.header,Tiny.VB,28684091,482
672e33f381c642de,crateredge_cv_01_c2r3.tgm,Streaming/Content/data/worldareas/52/mapazmerianranges.vworld,267722,6971
271a233bb346671e,crateredge_cv_01_c2r3.tgm.header,Tiny.V3,28199345,264
7ed5e2d95a5d5f25,crateredge_cv_01_c1r1.tgm,Streaming/Content/data/worldareas/ED/mapsteamingsprings.vworld,46259,7919
786cd08319ff4edf,crateredge_cv_01_c1r1.tgm.header,Tiny.V3,28199081,264
81063369f58d24f9,crateredge_cv_01_c1r2.tgm,Streaming/Content/data/worldareas/mapsteamingsprings.vworld.3,24693045,7505
e0f9581a0faf9da5,crateredge_cv_01_c1r2.tgm.header,Tiny.VF,28684135,264
a93e41ffd7371d49,crateredge_cv_01_c1r3.tgm,Streaming/Content/data/worldareas/mapsteamingsprings.vworld.3,24700550,7125
1c6f1f2dbc4d9766,crateredge_cv_01_c1r3.tgm.header,Tiny.V5,28006057,264
28199ca48d92852d,crateredge_cv_02_c3r1.tgm,Streaming/Content/data/worldareas/BE/mapsteamingsprings.vworld,5643817,7217
ee6e1d845cf1936b,crateredge_cv_02_c3r1.tgm.header,Tiny.V3,28199873,264
9c04bcce230559f3,crateredge_cv_02_c3r2.tgm,Streaming/Content/data/worldareas/mapsteamingsprings.vworld.3,24758038,7085
b56072536d5cea47,crateredge_cv_02_c3r2.tgm.header,Tiny.VE,28282172,264
804e1ad011f077f5,crateredge_cv_02_c3r3.tgm,Streaming/Content/data/worldareas/mapsteamingsprings.vworld.3,24765123,7191
448d8675ce5d40d3,crateredge_cv_02_c3r3.tgm.header,Tiny.V9,28902765,264
508ec82d7612e456,crateredge_cv_02_c2r1.tgm,Streaming/Content/data/worldareas/ED/mapsteamingsprings.vworld,54178,7235
032241ebfa8fa9c0,crateredge_cv_02_c2r1.tgm.header,Tiny.VE,28281908,264
fb8febab02b178ad,crateredge_cv_02_c2r2.tgm,Streaming/Content/data/worldareas/52/mapazmerianranges.vworld,274693,84595
1f41521f2521eb10,crateredge_cv_02_c2r2.tgm.header,Tiny.V2,28496086,306
a068626dbd004e26,crateredge_cv_02_c2r3.tgm,Streaming/Content/data/worldareas/mapsteamingsprings.vworld.3,24751067,6971
aa825d43ed1d121b,crateredge_cv_02_c2r3.tgm.header,Tiny.V3,28199609,264
719464403bf869a9,crateredge_cv_02_c1r1.tgm,Streaming/Content/data/worldareas/mapsteamingsprings.vworld.3,24729546,7369
59640e1b22b3808c,crateredge_cv_02_c1r1.tgm.header,Tiny.VE,28281644,264
ce220255df019d0f,crateredge_cv_02_c1r2.tgm,Streaming/Content/data/worldareas/mapsteamingsprings.vworld.3,24736915,7027
318c18936321726c,crateredge_cv_02_c1r2.tgm.header,Tiny.VC,28669322,264
8e160db1f1794d90,crateredge_cv_02_c1r3.tgm,Streaming/Content/data/worldareas/mapsteamingsprings.vworld.3,24743942,7125
2bdbe03ce7c2d593,crateredge_cv_02_c1r3.tgm.header,Tiny.VB,28684573,264
471b6230aba5d6d4,crateredge_unwalkablecliff_x_01_c3r1.tgm,Streaming/Content/data/worldareas/mapsteamingsprings.vworld.3,27063106,7619
7083e20440d8373e,crateredge_unwalkablecliff_x_01_c3r1.tgm.header,Tiny.VC,28672480,264
e9bed850d8c4e27d,crateredge_unwalkablecliff_x_01_c3r2.tgm,Streaming/Content/data/worldareas/mapsteamingsprings.vworld.3,27070725,7447
91b46830097fb79f,crateredge_unwalkablecliff_x_01_c3r2.tgm.header,Tiny.V1,28364581,264
c6e49a2991880615,crateredge_unwalkablecliff_x_01_c3r3.tgm,Streaming/Content/data/worldareas/mapsteamingsprings.vworld.3,27078172,7125
01cab09f570b6800,crateredge_unwalkablecliff_x_01_c3r3.tgm.header,Tiny.V3,28232469,264
35b818369ffd95d6,crateredge_unwalkablecliff_x_01_c2r1.tgm,Streaming/Content/data/worldareas/mapsteamingsprings.vworld.3,27055365,7741
c32e088cbadb5914,crateredge_unwalkablecliff_x_01_c2r1.tgm.header,Tiny.V1,28364317,264
ef0527e1495d5f6e,crateredge_unwalkablecliff_x_01_c2r2.tgm,Streaming/Content/data/worldareas/09/mapsteamingsprings.vworld,113593,381709
b9b74a01240e3075,crateredge_unwalkablecliff_x_01_c2r2.tgm.header,Tiny.V8,28438526,702
d78c9301d6ab57c7,crateredge_unwalkablecliff_x_01_c2r3.tgm,Streaming/Content/data/worldareas/24/mapsteamingsprings.vworld,6990856,7543
e15aefb2c3142336,crateredge_unwalkablecliff_x_01_c2r3.tgm.header,Tiny.V6,28340795,264
30d6b62901bdedfb,crateredge_unwalkablecliff_x_01_c1r1.tgm,Streaming/Content/data/worldareas/mapsteamingsprings.vworld.3,26962276,7665
1ef476bd4570a56a,crateredge_unwalkablecliff_x_01_c1r1.tgm.header,Tiny.V6,28340531,264
a7b013bfbc1a593b,crateredge_unwalkablecliff_x_01_c1r2.tgm,Streaming/Content/data/worldareas/mapsteamingsprings.vworld.3,26969941,7533
5df0be5b70106f55,crateredge_unwalkablecliff_x_01_c1r2.tgm.header,Tiny.V3,28201103,264
398ba4aed3ceb85c,crateredge_unwalkablecliff_x_01_c1r3.tgm,Streaming/Content/data/worldareas/mapsteamingsprings.vworld.3,26977474,77891
4a101104912bf546,crateredge_unwalkablecliff_x_01_c1r3.tgm.header,Tiny.V2,28496962,350
d515d5ee5b54fe12,crateredge_unwalkablecliffcrater_x_01_c3r1.tgm,Streaming/Content/data/worldareas/mapsteamingsprings.vworld.3,27107384,84529
72f4db029aa4af58,crateredge_unwalkablecliffcrater_x_01_c3r1.tgm.header,Tiny.VF,28686899,306
5ec600cafd73fec2,crateredge_unwalkablecliffcrater_x_01_c3r2.tgm,Streaming/Content/data/worldareas/mapsteamingsprings.vworld.3,27191913,7131
efdf5bb66e1dc1dd,crateredge_unwalkablecliffcrater_x_01_c3r2.tgm.header,Tiny.V9,28905879,264
128ee11ef7eff366,crateredge_unwalkablecliffcrater_x_01_c3r3.tgm,Streaming/Content/data/worldareas/mapsteamingsprings.vworld.3,27199044,7125
a4202e70e2f83184,crateredge_unwalkablecliffcrater_x_01_c3r3.tgm.header,Tiny.V3,28232469,264
2f106e97595b8926,crateredge_unwalkablecliffcrater_x_01_c2r1.tgm,Streaming/Content/data/worldareas/mapsteamingsprings.vworld.3,27092922,7307
fa0a2ab5a716434e,crateredge_unwalkablecliffcrater_x_01_c2r1.tgm.header,Tiny.VE,28284190,264
32598c22f16b4a84,crateredge_unwalkablecliffcrater_x_01_c2r2.tgm,Streaming/Content/data/worldareas/91/mapsteamingsprings.vworld,7381,344799
cac411b098588166,crateredge_unwalkablecliffcrater_x_01_c2r2.tgm.header,Tiny.V0,28711790,746
77a0767bdf77d837,crateredge_unwalkablecliffcrater_x_01_c2r3.tgm,Streaming/Content/data/worldareas/mapsteamingsprings.vworld.3,27100229,7155
ad71ee7cc5b695db,crateredge_unwalkablecliffcrater_x_01_c2r3.tgm.header,Tiny.V4,28827173,264
792c79f710ac1358,crateredge_unwalkablecliffcrater_x_01_c1r1.tgm,Streaming/Content/data/worldareas/mapsteamingsprings.vworld.3,27085297,7625
91b6902f39a791c5,crateredge_unwalkablecliffcrater_x_01_c1r1.tgm.header,Tiny.V7,28368958,264
732c42aabd1f4bfa,crateredge_unwalkablecliffcrater_x_01_c1r2.tgm,Streaming/Content/data/worldareas/A4/mapsteamingsprings.vworld,13029,7191
ba054ea0d054f19c,crateredge_unwalkablecliffcrater_x_01_c1r2.tgm.header,Tiny.V3,28201367,264
77e0b6521a300feb,crateredge_unwalkablecliffcrater_x_01_c1r3.tgm,Streaming/Content/data/worldareas/BD/mapsteamingsprings.vworld,5592580,7171
88818bddfda5a1ce,crateredge_unwalkablecliffcrater_x_01_c1r3.tgm.header,Tiny.VE,28283926,264
00fe0ba3d98394ec,crateredge_x_01_c3r1.tgm,Streaming/Content/data/worldareas/mapsteamingsprings.vworld.3,27235859,7237
334c55fa683c2075,crateredge_x_01_c3r1.tgm.header,Tiny.V7,28391201,264
b33d0ffb6f8cc3eb,crateredge_x_01_c3r2.tgm,Streaming/Content/data/worldareas/mapsteamingsprings.vworld.3,27243096,7283
eb5577eed7834f3b,crateredge_x_01_c3r2.tgm.header,Tiny.V7,28369748,264
8989e35db19bd505,crateredge_x_01_c3r3.tgm,Streaming/Content/data/worldareas/mapsteamingsprings.vworld.3,27250379,7579
5fded100eb3a6fa7,crateredge_x_01_c3r3.tgm.header,Tiny.VD,28559024,264
fd3069af173e0962,crateredge_x_01_c2r1.tgm,Streaming/Content/data/worldareas/mapsteamingsprings.vworld.3,27228552,7307
ab4ba70418d3c4ce,crateredge_x_01_c2r1.tgm.header,Tiny.VA,28656808,264
10e610904fe35123,crateredge_x_01_c2r2.tgm,Streaming/Content/data/worldareas/A8/mapsteamingsprings.vworld,5592580,158893
0cba3feb15f9739c,crateredge_x_01_c2r2.tgm.header,Tiny.V7,28369222,526
1726546afb805484,crateredge_x_01_c2r3.tgm,Streaming/Content/data/worldareas/A4/mapsteamingsprings.vworld,20220,7261
6ac935ce432d7e9b,crateredge_x_01_c2r3.tgm.header,Tiny.VE,28284718,264
eee88a176dfd4645,crateredge_x_01_c1r1.tgm,Streaming/Content/data/worldareas/mapsteamingsprings.vworld.3,27206169,8047
b21b44700bab7304,crateredge_x_01_c1r1.tgm.header,Tiny.VE,28284454,264
3af7f8473ba14ac5,crateredge_x_01_c1r2.tgm,Streaming/Content/data/worldareas/mapsteamingsprings.vworld.3,27214216,7237
90c2be64e02ad275,crateredge_x_01_c1r2.tgm.header,Tiny.VB,28685887,264
c8d44322f49b217a,crateredge_x_01_c1r3.tgm,Streaming/Content/data/worldareas/mapsteamingsprings.vworld.3,27221453,7099
f5ee6bf5173df8d9,crateredge_x_01_c1r3.tgm.header,Tiny.V6,28341059,264
108fff04ec495b2a,crateredge_st_01_c3r1.tgm,Streaming/Content/data/worldareas/mapsteamingsprings.vworld.3,24875408,7295
6cc0da6155867e58,crateredge_st_01_c3r1.tgm.header,Tiny.VF,28684399,264
ede5eaf5a77ecb90,crateredge_st_01_c3r2.tgm,Streaming/Content/data/worldareas/mapsteamingsprings.vworld.3,24882703,7217
6d92e4c77ae1f418,crateredge_st_01_c3r2.tgm.header,Tiny.V1,28361947,264
752b22cc4e652227,crateredge_st_01_c3r3.tgm,Streaming/Content/data/worldareas/9E/mapsteamingsprings.vworld,5592580,7217
bbc66b0a202f86f0,crateredge_st_01_c3r3.tgm.header,Tiny.V3,28199873,264
8c1036206582992c,crateredge_st_01_c2r1.tgm,Streaming/Content/data/worldareas/mapsteamingsprings.vworld.3,24786630,7109
9341b3b4cea66dff,crateredge_st_01_c2r1.tgm.header,Tiny.VD,28557052,264
2734f6b624be501e,crateredge_st_01_c2r2.tgm,Streaming/Content/data/worldareas/mapsteamingsprings.vworld.3,24793739,81669
ae01843ac9c1c7d2,crateredge_st_01_c2r2.tgm.header,Tiny.VC,28669586,350
60bbd5b160d33812,crateredge_st_01_c2r3.tgm,Streaming/Content/data/worldareas/26/mapsteamingsprings.vworld,5592580,7201
25c698f8b2b07f72,crateredge_st_01_c2r3.tgm.header,Tiny.V4,28823443,264
d10c60e4d577c430,crateredge_st_01_c1r1.tgm,Streaming/Content/data/worldareas/0F/mapsteamingsprings.vworld,2817432,7217
6f2ad63ef34976d8,crateredge_st_01_c1r1.tgm.header,Tiny.V4,28823707,264
a06f32644c27e6e3,crateredge_st_01_c1r2.tgm,Streaming/Content/data/worldareas/mapsteamingsprings.vworld.3,24772314,7145
3e85d0e1e1c28552,crateredge_st_01_c1r2.tgm.header,Tiny.V9,28903029,264
7f9802dad7b1da22,crateredge_st_01_c1r3.tgm,Streaming/Content/data/worldareas/mapsteamingsprings.vworld.3,24779459,7171
34aae9888cd9f701,crateredge_st_01_c1r3.tgm.header,Tiny.V9,28903293,264
d170c6e5001dac0a,crateredge_st_02_c3r1.tgm,Streaming/Content/data/worldareas/mapsteamingsprings.vworld.3,24925187,7295
4db4a975a087c177,crateredge_st_02_c3r1.tgm.header,Tiny.VF,28684399,264
1533c590860f4e8f,crateredge_st_02_c3r2.tgm,Streaming/Content/data/worldareas/mapsteamingsprings.vworld.3,24932482,7145
9496e9054c8fbf38,crateredge_st_02_c3r2.tgm.header,Tiny.V0,28709290,264
1cb4204a0cee7a64,crateredge_st_02_c3r3.tgm,Streaming/Content/data/worldareas/3E/mapsteamingsprings.vworld,0,121673
fa1561a702643805,crateredge_st_02_c3r3.tgm.header,Tiny.V5,28006585,394
1a04fa16ddc8db93,crateredge_st_02_c2r1.tgm,Streaming/Content/data/worldareas/mapsteamingsprings.vworld.3,24911235,7109
5a75e75a1608fb3e,crateredge_st_02_c2r1.tgm.header,Tiny.VD,28557052,264
d1f3f28ff7494808,crateredge_st_02_c2r2.tgm,Streaming/Content/data/worldareas/mapsteamingsprings.vworld.3,24918344,6843
f85c91dfd1f51ee6,crateredge_st_02_c2r2.tgm.header,Tiny.V5,28006321,264
b35cf9f92a9dfeab,crateredge_st_02_c2r3.tgm,Streaming/Content/data/worldareas/0D/mapsteamingsprings.vworld,1398276,7109
97d41916c6444502,crateredge_st_02_c2r3.tgm.header,Tiny.V1,28362211,264
40252bc7448259ae,crateredge_st_02_c1r1.tgm,Streaming/Content/data/worldareas/mapsteamingsprings.vworld.3,24889920,7217
b682d0fb5ef98b04,crateredge_st_02_c1r1.tgm.header,Tiny.V4,28823707,264
c20c72b576283bda,crateredge_st_02_c1r2.tgm,Streaming/Content/data/worldareas/mapsteamingsprings.vworld.3,24897137,6973
5ff76a9178906a55,crateredge_st_02_c1r2.tgm.header,Tiny.VC,28669936,264
602c452372a77d72,crateredge_st_02_c1r3.tgm,Streaming/Content/data/worldareas/mapsteamingsprings.vworld.3,24904110,7125
175b35594d743139,crateredge_st_02_c1r3.tgm.header,Tiny.V0,28709026,264
9c60972632ba5694,crateredge_stoverlay_01_c3r1.tgm,Streaming/Content/data/worldareas/07/mapsteamingsprings.vworld,7477,9927
4f4051a06a260ce7,crateredge_stoverlay_01_c3r1.tgm.header,Tiny.VC,28671166,438
a6f91869a0b996d2,crateredge_stoverlay_01_c3r2.tgm,Streaming/Content/data/worldareas/mapsteamingsprings.vworld.3,25180956,26609
36a5036b9819fe50,crateredge_stoverlay_01_c3r2.tgm.header,Tiny.V9,28904083,614
6e2e05cdf2c35039,crateredge_stoverlay_01_c3r3.tgm,Streaming/Content/data/worldareas/mapsteamingsprings.vworld.3,25207565,42619
950abedc9fa24e2b,crateredge_stoverlay_01_c3r3.tgm.header,Tiny.VF,28684663,746
0cc5ba633ff3bb46,crateredge_stoverlay_01_c3r4.tgm,Streaming/Content/data/worldareas/mapsteamingsprings.vworld.3,25250184,52175
bdcecfd29f0de1fe,crateredge_stoverlay_01_c3r4.tgm.header,Tiny.VD,28557316,570
5d03c96b7d953f03,crateredge_stoverlay_01_c3r5.tgm,Streaming/Content/data/worldareas/mapsteamingsprings.vworld.3,25302359,18513
00897370e29baecd,crateredge_stoverlay_01_c3r5.tgm.header,Tiny.V9,28904697,306
7dcb4d18a77e71a4,crateredge_stoverlay_01_c2r1.tgm,Streaming/Content/data/worldareas/mapsteamingsprings.vworld.3,25038281,31507
9382ad01fe16c7a0,crateredge_stoverlay_01_c2r1.tgm.header,Tiny.V1,28362475,570
c4a394f1a9936211,crateredge_stoverlay_01_c2r2.tgm,Streaming/Content/data/worldareas/mapsteamingsprings.vworld.3,25069788,71935
1aabffee446eb7d2,crateredge_stoverlay_01_c2r2.tgm.header,Tiny.V1,28363045,878
6e864ae1b3815a5e,crateredge_stoverlay_01_c2r3.tgm,Streaming/Content/data/balance/worldareas/mapsteamingsprings.vworld,96130,95859
0a12ec4601e7f930,crateredge_stoverlay_01_c2r3.tgm.header,Tiny.V4,28824235,922
fc73431afde992c8,crateredge_stoverlay_01_c2r4.tgm,Streaming/Content/data/worldareas/mapsteamingsprings.vworld.3,25141723,39233
3dca75e551f15227,crateredge_stoverlay_01_c2r4.tgm.header,Tiny.V9,28903557,526
c61a19fd431acbca,crateredge_stoverlay_01_c2r5.tgm,Streaming/Content/data/worldareas/60/mapfortress.vworld,474160,7495
913eb604cb5fba1f,crateredge_stoverlay_01_c2r5.tgm.header,Tiny.VE,28282436,306
48d2b5438588e3bc,crateredge_stoverlay_01_c1r1.tgm,Streaming/Content/data/worldareas/3E/mapsteamingsprings.vworld,121673,20527
b6aacd4fbc482e42,crateredge_stoverlay_01_c1r1.tgm.header,Tiny.V6,28338777,482
807437b27bd3132a,crateredge_stoverlay_01_c1r2.tgm,Streaming/Content/data/worldareas/mapsteamingsprings.vworld.3,24939627,52087
c06f3bed65ae8222,crateredge_stoverlay_01_c1r2.tgm.header,Tiny.V3,28200137,702
02e27c3dda8f9e03,crateredge_stoverlay_01_c1r3.tgm,Streaming/Content/data/worldareas/69/mapsteamingsprings.vworld,1398276,60767
6caed89cb2737796,crateredge_stoverlay_01_c1r3.tgm.header,Tiny.VC,28670200,966
998b177b1667d637,crateredge_stoverlay_01_c1r4.tgm,Streaming/Content/data/worldareas/mapsteamingsprings.vworld.3,24991714,46567
b135219a4023423b,crateredge_stoverlay_01_c1r4.tgm.header,Tiny.V7,28366632,614
fa96f295807eed6d,crateredge_stoverlay_01_c1r5.tgm,Streaming/Content/data/balance/worldareas/mapsteamingsprings.vworld,81287,14843
d59f56ea49bb0653,crateredge_stoverlay_01_c1r5.tgm.header,Tiny.V4,28823971,264
4fa13c53bc61261b,crateredge_stoverlay_02_c3r1.tgm,Streaming/Content/data/worldareas/61/mapsteamingsprings.vworld,5592580,24445
4fe680fd67cf99e4,crateredge_stoverlay_02_c3r1.tgm.header,Tiny.V1,28363923,394
6dad01343f7ede96,crateredge_stoverlay_02_c3r2.tgm,Streaming/Content/data/worldareas/mapsteamingsprings.vworld.3,25706321,41023
6af96d47ce6737e7,crateredge_stoverlay_02_c3r2.tgm.header,Tiny.VC,28671998,482
5cf08390d554da18,crateredge_stoverlay_02_c3r3.tgm,Streaming/Content/data/worldareas/mapsteamingsprings.vworld.3,25747344,36235
5deba9316b1a146e,crateredge_stoverlay_02_c3r3.tgm.header,Tiny.V7,28368080,614
45b513d3f42976a6,crateredge_stoverlay_02_c3r4.tgm,Streaming/Content/data/worldareas/3D/mapsteamingsprings.vworld,5631465,69961
bccfab6fd4f8096b,crateredge_stoverlay_02_c3r4.tgm.header,Tiny.V6,28339259,702
ed1de9e1ae83f30c,crateredge_stoverlay_02_c3r5.tgm,Streaming/Content/data/worldareas/2A/mapsteamingsprings.vworld,112382,78559
4b1ed18650649c82,crateredge_stoverlay_02_c3r5.tgm.header,Tiny.VA,28655844,614
2e34bbbc0982bb77,crateredge_stoverlay_02_c3r6.tgm,Streaming/Content/data/worldareas/5A/mapsteamingsprings.vworld,0,11435
4fe07e83e5211e03,crateredge_stoverlay_02_c3r6.tgm.header,Tiny.V3,28200839,264
3f09848378bb67c3,crateredge_stoverlay_02_c2r1.tgm,Streaming/Content/data/worldareas/56/mapsteamingsprings.vworld,5592580,15529
e3667c46e7e21b53,crateredge_stoverlay_02_c2r1.tgm.header,Tiny.VD,28558236,394
afc1ca9a30ad49f2,crateredge_stoverlay_02_c2r2.tgm,Streaming/Content/data/worldareas/mapsteamingsprings.vworld.3,25399799,63131
91d130ff424849ec,crateredge_stoverlay_02_c2r2.tgm.header,Tiny.V2,28496392,570
ce85ec9b2b8c4218,crateredge_stoverlay_02_c2r3.tgm,Streaming/Content/data/worldareas/mapsteamingsprings.vworld.3,25462930,85381
59400899bdce6e03,crateredge_stoverlay_02_c2r3.tgm.header,Tiny.VF,28685935,658
bd7c44f5c6c209a2,crateredge_stoverlay_02_c2r4.tgm,Streaming/Content/data/worldareas/mapsteamingsprings.vworld.3,25548311,136653
025751692d331046,crateredge_stoverlay_02_c2r4.tgm.header,Tiny.V7,28367246,834
61eea594d10c590b,crateredge_stoverlay_02_c2r5.tgm,Streaming/Content/data/worldareas/31/mapsteamingsprings.vworld,0,88241
1475e859b0de1e37,crateredge_stoverlay_02_c2r5.tgm.header,Tiny.VE,28282742,746
3cd86c644903ad5c,crateredge_stoverlay_02_c2r6.tgm,Streaming/Content/data/worldareas/mapsteamingsprings.vworld.3,25684964,21357
c4c537d739719d5b,crateredge_stoverlay_02_c2r6.tgm.header,Tiny.V9,28905003,394
12a52b94c4e0a2a8,crateredge_stoverlay_02_c1r1.tgm,Streaming/Content/data/worldareas/26/mapsteamingsprings.vworld,5599781,7563
d01d7ccfb9d28484,crateredge_stoverlay_02_c1r1.tgm.header,Tiny.V4,28825157,264
abc2207842ab41c7,crateredge_stoverlay_02_c1r2.tgm,Streaming/Content/data/worldareas/mapsteamingsprings.vworld.3,25320872,11109
fab22b1e2f1d0886,crateredge_stoverlay_02_c1r2.tgm.header,Tiny.VD,28557886,350
fcb70f68ed059a41,crateredge_stoverlay_02_c1r3.tgm,Streaming/Content/data/worldareas/mapsteamingsprings.vworld.3,25331981,22227
10a8dc1efd4b433b,crateredge_stoverlay_02_c1r3.tgm.header,Tiny.VF,28685409,526
3e506c831b114a5d,crateredge_stoverlay_02_c1r4.tgm,Streaming/Content/data/worldareas/9C/mapsteamingsprings.vworld,1398276,56193
46db4819203b567e,crateredge_stoverlay_02_c1r4.tgm.header,Tiny.V0,28709554,746
a6b51cc8336e2ea5,crateredge_stoverlay_02_c1r5.tgm,Streaming/Content/data/worldareas/11/mapsteamingsprings.vworld,2887130,78369
508f2a55bc90184d,crateredge_stoverlay_02_c1r5.tgm.header,Tiny.V4,28825421,746
50325a90f5640a6f,crateredge_stoverlay_02_c1r6.tgm,Streaming/Content/data/worldareas/mapsteamingsprings.vworld.3,25354208,45591
ef5f8db2c186af6b,crateredge_stoverlay_02_c1r6.tgm.header,Tiny.VC,28671604,394
3db4b2477f50bb4e,crateredge_sulphur_x_01_c3r1.tgm,Streaming/Content/data/worldareas/A6/mapsteamingsprings.vworld,5599731,18909
c61d26ec50f7507b,crateredge_sulphur_x_01_c3r1.tgm.header,Tiny.V4,28826473,350
03a2ac96f5d10af7,crateredge_sulphur_x_01_c3r2.tgm,Streaming/Content/data/balance/worldareas/mapsteamingsprings.vworld,191989,43379
2b1c62e2d022062e,crateredge_sulphur_x_01_c3r2.tgm.header,Tiny.VB,28684837,350
7e1be81522436506,crateredge_sulphur_x_01_c3r3.tgm,Streaming/Content/data/worldareas/mapsteamingsprings.vworld.3,26292131,22095
c75ef79898f65771,crateredge_sulphur_x_01_c3r3.tgm.header,Tiny.V5,28006979,264
450edc51dc8df751,crateredge_sulphur_x_01_c2r1.tgm,Streaming/Content/data/worldareas/31/mapsteamingsprings.vworld,88241,10197
63eb782023b54552,crateredge_sulphur_x_01_c2r1.tgm.header,Tiny.V4,28826167,306
5bc6946fed05b329,crateredge_sulphur_x_01_c2r2.tgm,Streaming/Content/data/worldareas/mapsteamingsprings.vworld.3,26198055,60207
6fbc1da8a557ad47,crateredge_sulphur_x_01_c2r2.tgm.header,Tiny.V9,28905397,482
e48bdc4a1cda2ee8,crateredge_sulphur_x_01_c2r3.tgm,Streaming/Content/data/worldareas/mapsteamingsprings.vworld.3,26258262,33869
8358ee48e6660b30,crateredge_sulphur_x_01_c2r3.tgm.header,Tiny.VA,28656458,350
12521533863e3b27,crateredge_sulphur_x_01_c1r1.tgm,Streaming/Content/data/worldareas/mapsteamingsprings.vworld.3,25783579,8095
760598663c02c737,crateredge_sulphur_x_01_c1r1.tgm.header,Tiny.V7,28368694,264
a2e5519c298d14d6,crateredge_sulphur_x_01_c1r2.tgm,Streaming/Content/data/worldareas/EC/mapsteamingsprings.vworld,1398276,9909
20a37833d0b06c07,crateredge_sulphur_x_01_c1r2.tgm.header,Tiny.VF,28686593,306
df0b5119dee840f5,crateredge_sulphur_x_01_c1r3.tgm,Streaming/Content/data/worldareas/mapsteamingsprings.vworld.3,25791674,406381
315d13fb75b70570,crateredge_sulphur_x_01_c1r3.tgm.header,Tiny.V0,28710300,746
3568eef029e03aad,crateredge_sulphurcrater_x_01_c3r1.tgm,Streaming/Content/data/worldareas/1D/mapfortress.vworld,547480,289763
dd91ef4c51811795,crateredge_sulphurcrater_x_01_c3r1.tgm.header,Tiny.V6,28339961,570
8e82c89b4568b333,crateredge_sulphurcrater_x_01_c3r2.tgm,Streaming/Content/data/worldareas/mapsteamingsprings.vworld.3,26451250,481293
4cb5f9b928f3a847,crateredge_sulphurcrater_x_01_c3r2.tgm.header,Tiny.V5,28007243,702
de058df36529bdc9,crateredge_sulphurcrater_x_01_c3r3.tgm,Streaming/Content/data/worldareas/mapsteamingsprings.vworld.3,26932543,29733
94264d3b38015106,crateredge_sulphurcrater_x_01_c3r3.tgm.header,Tiny.V0,28711352,438
4e8cf354014f4030,crateredge_sulphurcrater_x_01_c2r1.tgm,Streaming/Content/data/worldareas/mapsteamingsprings.vworld.3,26372913,28391
ff44c7863e2f9d5f,crateredge_sulphurcrater_x_01_c2r1.tgm.header,Tiny.VB,28685537,350
b31649a988a07c5d,crateredge_sulphurcrater_x_01_c2r2.tgm,Streaming/Content/data/worldareas/mapsteamingsprings.vworld.3,26401304,19911
83534aa5c3f8fc1b,crateredge_sulphurcrater_x_01_c2r2.tgm.header,Tiny.VD,28558630,394
b5adfec588491c41,crateredge_sulphurcrater_x_01_c2r3.tgm,Streaming/Content/data/worldareas/mapsteamingsprings.vworld.3,26421215,30035
69600921bf5fa009,crateredge_sulphurcrater_x_01_c2r3.tgm.header,Tiny.VE,28283488,438
9081dc44d24d2755,crateredge_sulphurcrater_x_01_c1r1.tgm,Streaming/Content/data/worldareas/mapsteamingsprings.vworld.3,26314226,17555
f6e3c0ba1ba2b62f,crateredge_sulphurcrater_x_01_c1r1.tgm.header,Tiny.VB,28685187,350
1ac16e0173924732,crateredge_sulphurcrater_x_01_c1r2.tgm,Streaming/Content/data/worldareas/mapsteamingsprings.vworld.3,26331781,28327
e994bd1d939bd247,crateredge_sulphurcrater_x_01_c1r2.tgm.header,Tiny.V4,28826823,350
a7f6028a0eca2e08,crateredge_sulphurcrater_x_01_c1r3.tgm,Streaming/Content/data/worldareas/mapsteamingsprings.vworld.3,26360108,12805
49ea95f6fa6e1918,crateredge_sulphurcrater_x_01_c1r3.tgm.header,Tiny.V0,28711046,306
ef63ade700550a80,steamingsprings_boss_01_c9r1.tgm,Streaming/Content/data/worldareas/mapsteamingsprings.vworld.4,7237694,9669
2087bf0b489b9379,steamingsprings_boss_01_c9r1.tgm.header,Tiny.V8,28446688,264
4656199a790b2d0f,steamingsprings_boss_01_c9r2.tgm,Streaming/Content/data/worldareas/mapsteamingsprings.vworld.4,7247363,10081
695af601b05a6c5b,steamingsprings_boss_01_c9r2.tgm.header,Tiny.V8,28446952,264
1e5dadb0be26a5ba,steamingsprings_boss_01_c9r3.tgm,Streaming/Content/data/balance/worldareas/mapsteamingsprings.vworld,481562,11707
78ca5f722addc9f3,steamingsprings_boss_01_c9r3.tgm.header,Tiny.V7,28377675,264
8e812d908b491453,steamingsprings_boss_01_c9r4.tgm,Streaming/Content/data/worldareas/37/mapsteamingsprings.vworld,202257,11203
67c70ef6ad7b898e,steamingsprings_boss_01_c9r4.tgm.header,Tiny.V1,28376013,306
e456a21ba2cb236a,steamingsprings_boss_01_c9r5.tgm,Streaming/Content/data/worldareas/mapsteamingsprings.vworld.4,7257444,10451
fcd74569ea2616ba,steamingsprings_boss_01_c9r5.tgm.header,Tiny.V1,28376319,264
704566ed33f25de7,steamingsprings_boss_01_c9r6.tgm,Streaming/Content/data/worldareas/mapsteamingsprings.vworld.4,7267895,11697
e32fcfd798822c71,steamingsprings_boss_01_c9r6.tgm.header,Tiny.VA,28667658,306
365e4abd378804b3,steamingsprings_boss_01_c9r7.tgm,Streaming/Content/data/worldareas/97/mapsteamingsprings.vworld,2832299,9205
9d19e3634eaaa973,steamingsprings_boss_01_c9r7.tgm.header,Tiny.V9,28915781,394
582889bcf9f447e8,steamingsprings_boss_01_c9r8.tgm,Streaming/Content/data/worldareas/mapsteamingsprings.vworld.4,7279592,13961
5ba21c7043bf268b,steamingsprings_boss_01_c9r8.tgm.header,Tiny.V8,28447216,394
d3bf89b9c2dd4258,steamingsprings_boss_01_c9r9.tgm,Streaming/Content/data/worldareas/59/mapsteamingsprings.vworld,11204104,14279
844da73ac273f5c8,steamingsprings_boss_01_c9r9.tgm.header,Tiny.V5,28024831,394
a8b85b7ee60124ac,steamingsprings_boss_01_c8r1.tgm,Streaming/Content/data/worldareas/5A/mapsteamingsprings.vworld,11435,9351
b5908017e664dc12,steamingsprings_boss_01_c8r1.tgm.header,Tiny.V1,28375749,264
bc848e17e91be5d5,steamingsprings_boss_01_c8r2.tgm,Streaming/Content/data/worldareas/mapsteamingsprings.vworld.4,6517025,661763
4143f75985a73313,steamingsprings_boss_01_c8r2.tgm.header,Tiny.V4,28837449,1054
5239d40382b7597a,steamingsprings_boss_01_c8r3.tgm,Streaming/Content/data/worldareas/mapsteamingsprings.vworld.4,7178788,7949
b02e32892c33994b,steamingsprings_boss_01_c8r3.tgm.header,Tiny.V6,28346223,306
c81ad398a4791a13,steamingsprings_boss_01_c8r4.tgm,Streaming/Content/data/worldareas/4D/mapsteamingsprings.vworld,6947,10017
3fb64b55230cd6a4,steamingsprings_boss_01_c8r4.tgm.header,Tiny.V6,28346529,350
ff451b9ee078d627,steamingsprings_boss_01_c8r5.tgm,Streaming/Content/data/worldareas/56/mapsteamingsprings.vworld,5608109,426781
f98a3a8c5fdec06d,steamingsprings_boss_01_c8r5.tgm.header,Tiny.V7,28376621,1054
17f8ebd03a2f337c,steamingsprings_boss_01_c8r6.tgm,Streaming/Content/data/worldareas/mapsteamingsprings.vworld.4,7186737,25093
98488f81c453f15d,steamingsprings_boss_01_c8r6.tgm.header,Tiny.VB,28694262,438
9999c6bac35fccd7,steamingsprings_boss_01_c8r7.tgm,Streaming/Content/data/worldareas/FB/mapsteamingsprings.vworld,0,594297
997167afb3a94bdd,steamingsprings_boss_01_c8r7.tgm.header,Tiny.V6,28346879,922
be11420a9e54fcc9,steamingsprings_boss_01_c8r8.tgm,Streaming/Content/data/worldareas/mapsteamingsprings.vworld.4,7211830,10291
091edb5b97272df7,steamingsprings_boss_01_c8r8.tgm.header,Tiny.V2,28501326,350
a9a42eb06112cc29,steamingsprings_boss_01_c8r9.tgm,Streaming/Content/data/worldareas/mapsteamingsprings.vworld.4,7222121,15573
64adb42492ef8f59,steamingsprings_boss_01_c8r9.tgm.header,Tiny.VD,28565811,394
535c84a48163b7b3,steamingsprings_boss_01_c7r1.tgm,Streaming/Content/data/worldareas/C9/mapsteamingsprings.vworld,1398276,12813
d17aecfaf57e050a,steamingsprings_boss_01_c7r1.tgm.header,Tiny.VA,28666870,350
8073657f8a3d5bb3,steamingsprings_boss_01_c7r2.tgm,Streaming/Content/data/worldareas/mapsteamingsprings.vworld.4,6428825,7849
e3eb805ae84749a2,steamingsprings_boss_01_c7r2.tgm.header,Tiny.VF,28695329,350
384f3ab3f7b248f1,steamingsprings_boss_01_c7r3.tgm,Streaming/Content/data/worldareas/mapsteamingsprings.vworld.4,6436674,8411
7018fdd08709de1e,steamingsprings_boss_01_c7r3.tgm.header,Tiny.VB,28693956,306
c66eb3c5e5b24498,steamingsprings_boss_01_c7r4.tgm,Streaming/Content/data/worldareas/55/mapsteamingsprings.vworld,0,8227
4c1697b779cbb471,steamingsprings_boss_01_c7r4.tgm.header,Tiny.VD,28565547,264
6c430cf50b0039da,steamingsprings_boss_01_c7r5.tgm,Streaming/Content/data/worldareas/3E/mapsteamingsprings.vworld,142200,9913
df89574c1d9b2898,steamingsprings_boss_01_c7r5.tgm.header,Tiny.VC,28680797,350
53334be02761ae56,steamingsprings_boss_01_c7r6.tgm,Streaming/Content/data/balance/worldareas/mapsteamingsprings.vworld,469739,11823
15965f3660f57c75,steamingsprings_boss_01_c7r6.tgm.header,Tiny.V1,28371782,438
1269a9c593556d3c,steamingsprings_boss_01_c7r7.tgm,Streaming/Content/data/worldareas/mapsteamingsprings.vworld.4,6445085,4521
5a3901e0f1908bfb,steamingsprings_boss_01_c7r7.tgm.header,Tiny.VA,28667220,438
3134031a87b27bdf,steamingsprings_boss_01_c7r8.tgm,Streaming/Content/data/worldareas/mapsteamingsprings.vworld.4,6449606,67419
993a5460617324f1,steamingsprings_boss_01_c7r8.tgm.header,Tiny.V5,28024261,570
2b840398656f4945,steamingsprings_boss_01_c7r9.tgm,Tiny.V1,28372220,3529
5329fa6182ceea84,steamingsprings_boss_01_c7r9.tgm.header,Tiny.VF,28695679,394
f9824a84c7dae9df,steamingsprings_boss_01_c6r1.tgm,Streaming/Content/data/worldareas/9E/mapsteamingsprings.vworld,5599797,48649
7c0b82c690dc1560,steamingsprings_boss_01_c6r1.tgm.header,Tiny.VA,28665087,350
6958372c6c826813,steamingsprings_boss_01_c6r2.tgm,Streaming/Content/data/worldareas/mapsteamingsprings.vworld.4,6359706,20853
5b4332023bc349e8,steamingsprings_boss_01_c6r2.tgm.header,Tiny.V6,28343932,394
9a453b000f862f1d,steamingsprings_boss_01_c6r3.tgm,Streaming/Content/data/worldareas/mapsteamingsprings.vworld.4,6380559,9795
756ce026e5291c69,steamingsprings_boss_01_c6r3.tgm.header,Tiny.V0,28729426,306
937264d130a6a8f9,steamingsprings_boss_01_c6r4.tgm,Tiny.VA,28665437,1127
ee2869a1f013b809,steamingsprings_boss_01_c6r4.tgm.header,Tiny.V9,28915253,264
185d92857e3eed8e,steamingsprings_boss_01_c6r5.tgm,Tiny.V6,28344326,1591
8dc1be6f1bf98a65,steamingsprings_boss_01_c6r5.tgm.header,Tiny.V9,28915517,264
97fb7b21e57011f3,steamingsprings_boss_01_c6r6.tgm,Tiny.V5,28023036,1225
b5e62c91c15479b6,steamingsprings_boss_01_c6r6.tgm.header,Tiny.VF,28695065,264
079bf2ead8d736d9,steamingsprings_boss_01_c6r7.tgm,Streaming/Content/data/worldareas/mapsteamingsprings.vworld.4,6390354,10521
909ab70e94f7bbf8,steamingsprings_boss_01_c6r7.tgm.header,Tiny.VA,28666564,306
0dfa5875b429e465,steamingsprings_boss_01_c6r8.tgm,Streaming/Content/data/worldareas/mapsteamingsprings.vworld.4,6400875,15127
8208e010c73e4fc8,steamingsprings_boss_01_c6r8.tgm.header,Tiny.V4,28837099,350
96384a1b32c7c146,steamingsprings_boss_01_c6r9.tgm,Streaming/Content/data/worldareas/mapsteamingsprings.vworld.4,6416002,12823
f6d3d5b7ab011501,steamingsprings_boss_01_c6r9.tgm.header,Tiny.V6,28345917,306
a2711f37dd0850ee,steamingsprings_boss_01_c5r1.tgm,Streaming/Content/data/worldareas/90/mapsteamingsprings.vworld,0,50331
cb7ef9df3bc7501e,steamingsprings_boss_01_c5r1.tgm.header,Tiny.V3,28214060,350
d5ab77dce69fc081,steamingsprings_boss_01_c5r2.tgm,Streaming/Content/data/worldareas/ED/mapsteamingsprings.vworld,61413,502899
aebb335f01b00d58,steamingsprings_boss_01_c5r2.tgm.header,Tiny.V4,28835913,1186
7a8cc2efa60f8c1a,steamingsprings_boss_01_c5r3.tgm,Streaming/Content/data/worldareas/mapsteamingsprings.vworld.4,6078882,9189
c975e47263274ec2,steamingsprings_boss_01_c5r3.tgm.header,Tiny.VC,28678606,306
a9be9ee03308432a,steamingsprings_boss_01_c5r4.tgm,Tiny.V8,28444989,1435
1a7de00cb5d3f73a,steamingsprings_boss_01_c5r4.tgm.header,Tiny.V2,28500756,264
584517e574344629,steamingsprings_boss_01_c5r5.tgm,Tiny.VC,28678912,1885
a128b5e49bd203c7,steamingsprings_boss_01_c5r5.tgm.header,Tiny.V0,28729162,264
6d94a00686e2ddb6,steamingsprings_boss_01_c5r6.tgm,Tiny.V5,28021655,1381
38c1d59684b12060,steamingsprings_boss_01_c5r6.tgm.header,Tiny.V3,28214410,264
197159efb043b0b5,steamingsprings_boss_01_c5r7.tgm,Streaming/Content/data/worldareas/mapsteamingsprings.vworld.4,6088071,9657
d36e40693ed7cc2a,steamingsprings_boss_01_c5r7.tgm.header,Tiny.V2,28501020,306
c6e079cad0122775,steamingsprings_boss_01_c5r8.tgm,Streaming/Content/data/worldareas/mapsteamingsprings.vworld.4,6097728,248943
e2af136e5d218309,steamingsprings_boss_01_c5r8.tgm.header,Tiny.VA,28664253,834
dfe717e49c200ef4,steamingsprings_boss_01_c5r9.tgm,Streaming/Content/data/worldareas/mapsteamingsprings.vworld.4,6346671,13035
d98778ce53634b02,steamingsprings_boss_01_c5r9.tgm.header,Tiny.V8,28446424,264
1a8bebf1a4334dee,steamingsprings_boss_01_c4r1.tgm,Streaming/Content/data/worldareas/mapsteamingsprings.vworld.4,5985367,32107
3b3f9461db459983,steamingsprings_boss_01_c4r1.tgm.header,Tiny.V2,28500406,350
8391b054a27c6b9b,steamingsprings_boss_01_c4r2.tgm,Streaming/Content/data/worldareas/mapsteamingsprings.vworld.4,6017474,10621
34eecc408d18423a,steamingsprings_boss_01_c4r2.tgm.header,Tiny.V0,28727489,394
9ffc8230240a2469,steamingsprings_boss_01_c4r3.tgm,Streaming/Content/data/worldareas/mapsteamingsprings.vworld.4,6028095,8173
bdc40db6a8472349,steamingsprings_boss_01_c4r3.tgm.header,Tiny.V3,28213446,264
dd7a6d30cfa18d33,steamingsprings_boss_01_c4r4.tgm,Tiny.V8,28443974,1015
42b2cc26464a3510,steamingsprings_boss_01_c4r4.tgm.header,Tiny.V0,28727883,264
d606f6c4c76e57a3,steamingsprings_boss_01_c4r5.tgm,Tiny.V4,28834322,1327
410dec3ecd69955f,steamingsprings_boss_01_c4r5.tgm.header,Tiny.VF,28694801,264
1a91f06a0fcf0387,steamingsprings_boss_01_c4r6.tgm,Tiny.V0,28728147,1015
5228821c2ffe65cd,steamingsprings_boss_01_c4r6.tgm.header,Tiny.V4,28835649,264
9adbcd9419dfb738,steamingsprings_boss_01_c4r7.tgm,Streaming/Content/data/worldareas/mapsteamingsprings.vworld.4,6036268,11615
971d0581bf526c26,steamingsprings_boss_01_c4r7.tgm.header,Tiny.V3,28213710,350
f42468865313d755,steamingsprings_boss_01_c4r8.tgm,Streaming/Content/data/worldareas/mapsteamingsprings.vworld.4,6047883,30999
ee7dd0556aa326f4,steamingsprings_boss_01_c4r8.tgm.header,Tiny.VD,28565153,394
f76df206450c1461,steamingsprings_boss_01_c4r9.tgm,Streaming/Content/data/worldareas/52/mapazmerianranges.vworld,359288,12211
11400bd407a2cab2,steamingsprings_boss_01_c4r9.tgm.header,Tiny.V6,28343668,264
ebc3c03a97137827,steamingsprings_boss_01_c3r1.tgm,Streaming/Content/data/worldareas/09/mapsteamingsprings.vworld,504833,32051
0a939bb3087da4be,steamingsprings_boss_01_c3r1.tgm.header,Tiny.V3,28213096,350
523a857253538617,steamingsprings_boss_01_c3r2.tgm,Streaming/Content/data/worldareas/0E/mapsteamingsprings.vworld,2801447,9933
49b4ad5db8ec3cd1,steamingsprings_boss_01_c3r2.tgm.header,Tiny.VF,28694451,350
f49586d566bab692,steamingsprings_boss_01_c3r3.tgm,Streaming/Content/data/worldareas/CA/mapsteamingsprings.vworld,2796364,8573
6dd07fecf98cc1da,steamingsprings_boss_01_c3r3.tgm.header,Tiny.V4,28833752,306
ec947e1072b642ef,steamingsprings_boss_01_c3r4.tgm,Streaming/Content/data/worldareas/mapsteamingsprings.vworld.4,5268637,8257
6b0d3efd576ed438,steamingsprings_boss_01_c3r4.tgm.header,Tiny.V7,28376357,264
a8e4776fc7d1c03e,steamingsprings_boss_01_c3r5.tgm,Streaming/Content/data/worldareas/mapsteamingsprings.vworld.4,5276894,8353
694c5aa1f753e723,steamingsprings_boss_01_c3r5.tgm.header,Tiny.V5,28021391,264
174b2c4928a6448a,steamingsprings_boss_01_c3r6.tgm,Streaming/Content/data/worldareas/mapsteamingsprings.vworld.4,5285247,8257
262eda533767c040,steamingsprings_boss_01_c3r6.tgm.header,Tiny.V4,28834058,264
149f556ee6d78cca,steamingsprings_boss_01_c3r7.tgm,Streaming/Content/data/worldareas/mapsteamingsprings.vworld.4,5293504,26019
14bcb181e702b780,steamingsprings_boss_01_c3r7.tgm.header,Tiny.VE,28295813,482
1391397e8ebd6a1c,steamingsprings_boss_01_c3r8.tgm,Streaming/Content/data/worldareas/mapsteamingsprings.vworld.4,5319523,654877
65e0a8328fb4048a,steamingsprings_boss_01_c3r8.tgm.header,Tiny.V0,28726435,1054
b57c0f80d56a0386,steamingsprings_boss_01_c3r9.tgm,Streaming/Content/data/worldareas/mapsteamingsprings.vworld.4,5974400,10967
67170416a33f447a,steamingsprings_boss_01_c3r9.tgm.header,Tiny.VC,28678300,306
886b2fd0ae2c9936,steamingsprings_boss_01_c2r1.tgm,Streaming/Content/data/worldareas/31/mapsteamingsprings.vworld,98438,9551
8e50d18983624d37,steamingsprings_boss_01_c2r1.tgm.header,Tiny.VC,28678036,264
0b4b2a4c0774c7f1,steamingsprings_boss_01_c2r2.tgm,Streaming/Content/data/worldareas/mapsteamingsprings.vworld.4,4745550,502201
e09a64644dd079e6,steamingsprings_boss_01_c2r2.tgm.header,Tiny.VF,28693749,438
14fd43e4d28c598a,steamingsprings_boss_01_c2r3.tgm,Streaming/Content/data/worldareas/mapsteamingsprings.vworld.4,5247751,7787
23eac37b0f9ef921,steamingsprings_boss_01_c2r3.tgm.header,Tiny.VB,28692860,306
02f570f69b35d867,steamingsprings_boss_01_c2r4.tgm,Streaming/Content/data/worldareas/60/mapfortress.vworld,481655,7837
8fec27144054f406,steamingsprings_boss_01_c2r4.tgm.header,Tiny.VD,28564889,264
8d12682888834d15,steamingsprings_boss_01_c2r5.tgm,Streaming/Content/data/balance/worldareas/mapsteamingsprings.vworld,247925,210923
179775c7a29fbba7,steamingsprings_boss_01_c2r5.tgm.header,Tiny.V2,28499748,658
d7ca22aebe48b5cc,steamingsprings_boss_01_c2r6.tgm,Streaming/Content/data/worldareas/1E/mapsteamingsprings.vworld,1398276,7895
64f43217d07c65f0,steamingsprings_boss_01_c2r6.tgm.header,Tiny.V4,28833446,306
ab153a38cccb5f0c,steamingsprings_boss_01_c2r7.tgm,Streaming/Content/data/worldareas/E8/mapsteamingsprings.vworld,0,348563
a26b08c59d65f304,steamingsprings_boss_01_c2r7.tgm.header,Tiny.VB,28693166,790
2ffc0c22454a2e8c,steamingsprings_boss_01_c2r8.tgm,Streaming/Content/data/worldareas/mapsteamingsprings.vworld.4,5255538,13099
005eca96480e3a5c,steamingsprings_boss_01_c2r8.tgm.header,Tiny.V0,28726041,394
f1dee68773d7e98f,steamingsprings_boss_01_c2r9.tgm,Streaming/Content/data/balance/worldareas/mapsteamingsprings.vworld,458848,10891
089aa73c36c42dae,steamingsprings_boss_01_c2r9.tgm.header,Tiny.VF,28694187,264
85a396351ebdf821,steamingsprings_boss_01_c1r1.tgm,Streaming/Content/data/worldareas/mapsteamingsprings.vworld.4,4690521,10577
211fbd5bcb8094cb,steamingsprings_boss_01_c1r1.tgm.header,Tiny.V0,28725207,264
0f2679f75748ffc0,steamingsprings_boss_01_c1r2.tgm,Streaming/Content/data/worldareas/mapsteamingsprings.vworld.4,4701098,10003
ff7d1fb75c9b21c6,steamingsprings_boss_01_c1r2.tgm.header,Tiny.VA,28663989,264
45221fbc70eb57e3,steamingsprings_boss_01_c1r3.tgm,Streaming/Content/data/worldareas/EB/mapsteamingsprings.vworld,5592580,10815
9c80c0cc387c4ff5,steamingsprings_boss_01_c1r3.tgm.header,Tiny.V0,28725471,306
7ca849bf0357f0e2,steamingsprings_boss_01_c1r4.tgm,Streaming/Content/data/worldareas/mapsteamingsprings.vworld.4,4711101,10219
992365064dbbfb5c,steamingsprings_boss_01_c1r4.tgm.header,Tiny.V0,28725777,264
3591afebb1144905,steamingsprings_boss_01_c1r5.tgm,Streaming/Content/data/worldareas/09/mapsteamingsprings.vworld,495302,9531
9348a336448d999f,steamingsprings_boss_01_c1r5.tgm.header,Tiny.V9,28914989,264
32f43c15baf7de21,steamingsprings_boss_01_c1r6.tgm,Streaming/Content/data/worldareas/mapsteamingsprings.vworld,137310,10161
4be2af8aec64a2cd,steamingsprings_boss_01_c1r6.tgm.header,Tiny.VD,28564583,306
84a492e679685561,steamingsprings_boss_01_c1r7.tgm,Streaming/Content/data/worldareas/mapsteamingsprings.vworld.4,4721320,12871
4399e68de595f2a9,steamingsprings_boss_01_c1r7.tgm.header,Tiny.V3,28212790,306
7f4b74bb56f28b96,steamingsprings_boss_01_c1r8.tgm,Streaming/Content/data/balance/worldareas/mapsteamingsprings.vworld,235368,12557
d596b154938cdd8b,steamingsprings_boss_01_c1r8.tgm.header,Tiny.V1,28371518,264
4c9753c4006a5b39,steamingsprings_boss_01_c1r9.tgm,Streaming/Content/data/worldareas/mapsteamingsprings.vworld.4,4734191,11359
4de54599b387b7b6,steamingsprings_boss_01_c1r9.tgm.header,Tiny.V5,28021127,264
62158c74acb24693,sulphurcc_01_c3r1.tgm,Streaming/Content/data/worldareas/mapsteamingsprings.vworld.4,7858223,6819
0df1774c3cddc683,sulphurcc_01_c3r1.tgm.header,Tiny.V5,28025225,264
ced6cc207805fe9d,sulphurcc_01_c3r2.tgm,Streaming/Content/data/worldareas/mapsteamingsprings.vworld.4,7865042,4937
0d36e11d87a6c2da,sulphurcc_01_c3r2.tgm.header,Tiny.V1,28376583,264
94ae07adf460f463,sulphurcc_01_c3r3.tgm,Tiny.VA,28667964,2931
840148f4d21e0243,sulphurcc_01_c3r3.tgm.header,Tiny.VF,28696073,264
16a1f0ee1731df92,sulphurcc_01_c2r1.tgm,Streaming/Content/data/worldareas/mapsteamingsprings.vworld.4,7320729,15049
a6f2f4b82d72b0dc,sulphurcc_01_c2r1.tgm.header,Tiny.V9,28916175,306
8a181f90efa95f8a,sulphurcc_01_c2r2.tgm,Streaming/Content/data/worldareas/mapsteamingsprings.vworld.4,7335778,522445
f9ff7ca86ec0047b,sulphurcc_01_c2r2.tgm.header,Tiny.V3,28214674,790
c3258706e468d95e,sulphurcc_01_c2r3.tgm,Streaming/Content/data/worldareas/6C/mapsteamingsprings.vworld,3206656,8935
dcb797d71c3c53cf,sulphurcc_01_c2r3.tgm.header,Tiny.VE,28296295,264
8b43981795b87e1d,sulphurcc_01_c1r1.tgm,Streaming/Content/data/worldareas/09/mapsteamingsprings.vworld,536884,5397
93fe62c7516807d0,sulphurcc_01_c1r1.tgm.header,Tiny.V4,28838503,264
eb738eb92dbf3268,sulphurcc_01_c1r2.tgm,Streaming/Content/data/worldareas/mapsteamingsprings.vworld.4,7293553,11643
582fcf232859c50a,sulphurcc_01_c1r2.tgm.header,Tiny.V7,28377939,306
82eb2fd22188174c,sulphurcc_01_c1r3.tgm,Streaming/Content/data/worldareas/mapsteamingsprings.vworld.4,7305196,15533
1d192e2a3c2bdd32,sulphurcc_01_c1r3.tgm.header,Tiny.V7,28378245,306
234a695980f59f7d,sulphurcc_02_c3r1.tgm,Streaming/Content/data/worldareas/mapsteamingsprings.vworld.4,7962238,20769
2116906838b9e8e0,sulphurcc_02_c3r1.tgm.header,Tiny.V2,28502464,306
f7359fd6afa47c18,sulphurcc_02_c3r2.tgm,Streaming/Content/data/worldareas/mapsteamingsprings.vworld.4,7983007,74017
b4c46bd682af125a,sulphurcc_02_c3r2.tgm.header,Tiny.V2,28502770,394
637a938d981607c8,sulphurcc_02_c3r3.tgm,Streaming/Content/data/worldareas/mapsteamingsprings.vworld.4,8057024,45127
715fcc21d4947d14,sulphurcc_02_c3r3.tgm.header,Tiny.V4,28838767,350
716d95197eb9b90c,sulphurcc_02_c2r1.tgm,Streaming/Content/data/worldareas/mapsteamingsprings.vworld.4,7920413,41825
776e70767e7a1a2f,sulphurcc_02_c2r1.tgm.header,Tiny.VC,28681541,394
63a5462037314de4,sulphurcc_02_c2r2.tgm,Streaming/Content/data/worldareas/0F/mapsteamingsprings.vworld,2824649,72443
df8e8317efd47053,sulphurcc_02_c2r2.tgm.header,Tiny.V0,28729732,526
de04ad9e8b245bd4,sulphurcc_02_c2r3.tgm,Streaming/Content/data/worldareas/C9/mapsteamingsprings.vworld,1411089,40497
d90ff845cf152bef,sulphurcc_02_c2r3.tgm.header,Tiny.V2,28502070,394
e0a555ad0d7f7939,sulphurcc_02_c1r1.tgm,Streaming/Content/data/worldareas/mapsteamingsprings.vworld.4,7869979,42481
16292996ce442947,sulphurcc_02_c1r1.tgm.header,Tiny.V2,28501676,394
2eadadb8d408a0b3,sulphurcc_02_c1r2.tgm,Streaming/Content/data/worldareas/59/mapsteamingsprings.vworld,11218383,73053
f56bb0ee39b8370d,sulphurcc_02_c1r2.tgm.header,Tiny.VC,28681147,394
7cba74ed361371a6,sulphurcc_02_c1r3.tgm,Streaming/Content/data/worldareas/mapsteamingsprings.vworld.4,7912460,7953
52f4ca9bcbc234b6,sulphurcc_02_c1r3.tgm.header,Tiny.VB,28694700,264
a2eba45f4c4a43af,sulphurcc_03_c3r1.tgm,Tiny.VD,28567808,871
58d49b55c1895f6f,sulphurcc_03_c3r1.tgm.header,Tiny.V9,28918078,264
20ac7c7227907eab,sulphurcc_03_c3r2.tgm,Tiny.VE,28296559,1597
ff8161b06e0f5626,sulphurcc_03_c3r2.tgm.header,Tiny.V5,28025489,264
0729f2ad66834ff8,sulphurcc_03_c3r3.tgm,Tiny.V1,28377111,1015
a225bae442f41d98,sulphurcc_03_c3r3.tgm.header,Tiny.V4,28839117,264
783586d221e28b52,sulphurcc_03_c2r1.tgm,Tiny.V3,28215728,1237
a3bfb27a2ea630f4,sulphurcc_03_c2r1.tgm.header,Tiny.V1,28376847,264
db6827a330a23488,sulphurcc_03_c2r2.tgm,Streaming/Content/data/worldareas/mapsteamingsprings.vworld.4,8102151,1009993
06a8c6f6400056cf,sulphurcc_03_c2r2.tgm.header,Tiny.V3,28216965,1582
9ed7913a44472023,sulphurcc_03_c2r3.tgm,Tiny.VC,28682950,1435
d6d77a4987644ab5,sulphurcc_03_c2r3.tgm.header,Tiny.VC,28684385,264
a9c1aba7ed4c608b,sulphurcc_03_c1r1.tgm,Tiny.VC,28681935,1015
2e7c83dd58c49d00,sulphurcc_03_c1r1.tgm.header,Tiny.VD,28566205,264
daf31e7ed8f68167,sulphurcc_03_c1r2.tgm,Tiny.V9,28916481,1597
b799db63cec6db13,sulphurcc_03_c1r2.tgm.header,Tiny.V3,28215464,264
d19dc700d120c3a5,sulphurcc_03_c1r3.tgm,Tiny.VD,28566469,1339
0a7e4f243f9d603c,sulphurcc_03_c1r3.tgm.header,Tiny.VF,28696337,264
11a3bc2985ece332,sulphurcrater_cc_01_c3r1.tgm,Streaming/Content/data/worldareas/9F/mapsteamingsprings.vworld,5606687,9849
223c8a2430054bdc,sulphurcrater_cc_01_c3r1.tgm.header,Tiny.V3,28218547,306
ef87af947ad984dd,sulphurcrater_cc_01_c3r2.tgm,Streaming/Content/data/worldareas/mapsteamingsprings.vworld.4,9183732,873239
a27f171badb2693a,sulphurcrater_cc_01_c3r2.tgm.header,Tiny.V4,28839381,1142
27878c01337afc4b,sulphurcrater_cc_01_c3r3.tgm,Streaming/Content/data/worldareas/mapsteamingsprings.vworld.4,10056971,91321
2567d782d710a59c,sulphurcrater_cc_01_c3r3.tgm.header,Tiny.V7,28378857,350
dd2e63204f1ab4c7,sulphurcrater_cc_01_c2r1.tgm,Streaming/Content/data/worldareas/mapsteamingsprings.vworld.4,9141577,10245
06c04a3d996312cb,sulphurcrater_cc_01_c2r1.tgm.header,Tiny.VB,28695270,306
f8b27b65037f2661,sulphurcrater_cc_01_c2r2.tgm,Streaming/Content/data/worldareas/mapsteamingsprings.vworld.4,9151822,10203
d1575a7029a5c0c5,sulphurcrater_cc_01_c2r2.tgm.header,Tiny.V7,28378551,306
3a919090cb5dad5b,sulphurcrater_cc_01_c2r3.tgm,Streaming/Content/data/worldareas/mapsteamingsprings.vworld.4,9162025,21707
e75f96717639b106,sulphurcrater_cc_01_c2r3.tgm.header,Tiny.VD,28568679,350
68c3056e3f157820,sulphurcrater_cc_01_c1r1.tgm,Streaming/Content/data/worldareas/mapsteamingsprings.vworld.4,9112144,9663
1bd2b43204ef3ee7,sulphurcrater_cc_01_c1r1.tgm.header,Tiny.VA,28670895,306
e55bdcc8f28dfe84,sulphurcrater_cc_01_c1r2.tgm,Streaming/Content/data/worldareas/mapsteamingsprings.vworld.4,9121807,10137
ec2e5f7f3d7ddca8,sulphurcrater_cc_01_c1r2.tgm.header,Tiny.VB,28694964,306
72dd75cfbc055816,sulphurcrater_cc_01_c1r3.tgm,Streaming/Content/data/worldareas/mapsteamingsprings.vworld.4,9131944,9633
09f8bd0098c0ac01,sulphurcrater_cc_01_c1r3.tgm.header,Tiny.V2,28503164,306
38105c5068795a99,sulphurcrater_cv_01_c3r1.tgm,Streaming/Content/data/worldareas/F6/mapsteamingsprings.vworld,14031541,8519
285ce6ae211e5bbb,sulphurcrater_cv_01_c3r1.tgm.header,Tiny.VD,28569029,264
cb4796170b611a02,sulphurcrater_cv_01_c3r2.tgm,Streaming/Content/data/worldareas/mapsteamingsprings.vworld.4,10181873,7095
00089569be83dcce,sulphurcrater_cv_01_c3r2.tgm.header,Tiny.V6,28348107,264
635a8fdacccba95f,sulphurcrater_cv_01_c3r3.tgm,Streaming/Content/data/worldareas/mapsteamingsprings.vworld.4,10188968,7149
b74c5860f1422d4f,sulphurcrater_cv_01_c3r3.tgm.header,Tiny.V3,28218853,264
2e35a6c5114703fc,sulphurcrater_cv_01_c2r1.tgm,Streaming/Content/data/worldareas/mapsteamingsprings.vworld.4,10164153,9037
10ad28183b251c24,sulphurcrater_cv_01_c2r1.tgm.header,Tiny.V1,28378126,306
15cb75babd945be5,sulphurcrater_cv_01_c2r2.tgm,Streaming/Content/data/worldareas/mapsteamingsprings.vworld.4,10173190,8683
cf2d8e2a60d31ff1,sulphurcrater_cv_01_c2r2.tgm.header,Tiny.VA,28671201,306
37377150a0d688d3,sulphurcrater_cv_01_c2r3.tgm,Streaming/Content/data/worldareas/0C/mapsteamingsprings.vworld,1576060,7041
61073b367ae98fb4,sulphurcrater_cv_01_c2r3.tgm.header,Tiny.VF,28696601,264
4778293dec5b3ad1,sulphurcrater_cv_01_c1r1.tgm,Streaming/Content/data/worldareas/77/mapsteamingsprings.vworld,5592580,11021
38b547e2dc7638e9,sulphurcrater_cv_01_c1r1.tgm.header,Tiny.V6,28347801,306
ec662c1609c65a42,sulphurcrater_cv_01_c1r2.tgm,Streaming/Content/data/worldareas/mapsteamingsprings.vworld.4,10148292,15861
3ce1a9c26606cc20,sulphurcrater_cv_01_c1r2.tgm.header,Tiny.V9,28918342,306
bca2c6bee981bc1e,sulphurcrater_cv_01_c1r3.tgm,Streaming/Content/data/worldareas/AC/mapsteamingsprings.vworld,0,997329
b8bcd88f0c06f3b9,sulphurcrater_cv_01_c1r3.tgm.header,Tiny.V2,28503470,1010
61944d1a781f3f8a,sulphurcrater_st_01_c3r1.tgm,Streaming/Content/data/balance/worldareas/mapsteamingsprings.vworld,512616,18759
fe98b93b12c32dc2,sulphurcrater_st_01_c3r1.tgm.header,Tiny.V7,28379207,394
13b257e563da41a0,sulphurcrater_st_01_c3r2.tgm,Streaming/Content/data/worldareas/mapsteamingsprings.vworld.4,11221429,46895
49557f31c6060ef8,sulphurcrater_st_01_c3r2.tgm.header,Tiny.V2,28504874,438
bb6d95ecb7ae6d0a,sulphurcrater_st_01_c3r3.tgm,Streaming/Content/data/worldareas/mapsteamingsprings.vworld.4,11268324,25483
621c86884bca077c,sulphurcrater_st_01_c3r3.tgm.header,Tiny.V2,28505312,264
76525fcf90cc3ca1,sulphurcrater_st_01_c2r1.tgm,Streaming/Content/data/balance/worldareas/mapsteamingsprings.vworld,493269,19347
632c0175fea0ebad,sulphurcrater_st_01_c2r1.tgm.header,Tiny.V1,28378432,394
fc02da64ee63618d,sulphurcrater_st_01_c2r2.tgm,Streaming/Content/data/worldareas/mapsteamingsprings.vworld.4,10240225,954371
406adf3f8cd7f3e1,sulphurcrater_st_01_c2r2.tgm.header,Tiny.VB,28695576,1274
f195d7d0bb69f594,sulphurcrater_st_01_c2r3.tgm,Streaming/Content/data/worldareas/mapsteamingsprings.vworld.4,11194596,26833
b6e7ca9e3d0c0c50,sulphurcrater_st_01_c2r3.tgm.header,Tiny.VE,28298156,264
1080cf84409ea612,sulphurcrater_st_01_c1r1.tgm,Streaming/Content/data/worldareas/mapsteamingsprings.vworld.4,10196117,20289
b32be36042740b06,sulphurcrater_st_01_c1r1.tgm.header,Tiny.V2,28504480,394
29360ad014bc8fb0,sulphurcrater_st_01_c1r2.tgm,Streaming/Content/data/worldareas/52/mapazmerianranges.vworld,371499,50915
4bb96df7fca7c286,sulphurcrater_st_01_c1r2.tgm.header,Tiny.V0,28730258,438
8cc6093edbd7aa9e,sulphurcrater_st_01_c1r3.tgm,Streaming/Content/data/worldareas/mapsteamingsprings.vworld.4,10216406,23819
e07a08f7ab6c4642,sulphurcrater_st_01_c1r3.tgm.header,Tiny.VC,28684649,264
4adce39ab5f63abd,sulphurcrater_sulphur_x_01_c3r1.tgm,Streaming/Content/data/worldareas/mapsteamingsprings.vworld.4,12200615,39205
9ccfd7ea7f833dd7,sulphurcrater_sulphur_x_01_c3r1.tgm.header,Tiny.VF,28697215,306
1f057f3d26544fa0,sulphurcrater_sulphur_x_01_c3r2.tgm,Streaming/Content/data/worldareas/mapsteamingsprings.vworld.4,12239820,16587
ce895f8319bf4394,sulphurcrater_sulphur_x_01_c3r2.tgm.header,Tiny.V4,28840523,350
592b8516306fd218,sulphurcrater_sulphur_x_01_c3r3.tgm,Streaming/Content/data/worldareas/mapsteamingsprings.vworld.4,12256407,8101
0b2105a143f0be68,sulphurcrater_sulphur_x_01_c3r3.tgm.header,Tiny.V5,28026017,264
6d94f16a02e1a527,sulphurcrater_sulphur_x_01_c2r1.tgm,Streaming/Content/data/worldareas/03/mapsteamingsprings.vworld,2800581,35323
edf6c223e9f456fa,sulphurcrater_sulphur_x_01_c2r1.tgm.header,Tiny.VF,28696865,350
6f9ec5a3665f9923,sulphurcrater_sulphur_x_01_c2r2.tgm,Streaming/Content/data/worldareas/mapsteamingsprings.vworld.4,11313097,433983
678a2cf75f91455f,sulphurcrater_sulphur_x_01_c2r2.tgm.header,Tiny.VC,28685177,746
e8942531f9dc21eb,sulphurcrater_sulphur_x_01_c2r3.tgm,Streaming/Content/data/worldareas/mapsteamingsprings.vworld.4,11747080,453535
c136b4e1df2212ae,sulphurcrater_sulphur_x_01_c2r3.tgm.header,Tiny.VD,28569293,658
f73446f5a20867d6,sulphurcrater_sulphur_x_01_c1r1.tgm,Streaming/Content/data/worldareas/mapsteamingsprings.vworld.4,11293807,11099
2d5402fc48f1006c,sulphurcrater_sulphur_x_01_c1r1.tgm.header,Tiny.V7,28379601,306
367cebbac4ce59b6,sulphurcrater_sulphur_x_01_c1r2.tgm,Streaming/Content/data/worldareas/mapsteamingsprings.vworld.4,11304906,8191
1af22eb3164a5acd,sulphurcrater_sulphur_x_01_c1r2.tgm.header,Tiny.V5,28025753,264
b7064fd55b118cf8,sulphurcrater_sulphur_x_01_c1r3.tgm,Streaming/Content/data/worldareas/15/mapsteamingsprings.vworld,2796364,8191
4acf5fac94703884,sulphurcrater_sulphur_x_01_c1r3.tgm.header,Tiny.VC,28684913,264
990fd1f168859d6b,sulphurcrater_to_crateredge_01_c3r1.tgm,Streaming/Content/data/worldareas/mapsteamingsprings.vworld.4,12369356,23025
09a4d20ec57615c2,sulphurcrater_to_crateredge_01_c3r1.tgm.header,Tiny.V4,28840873,306
148c10c0ea0ffc09,sulphurcrater_to_crateredge_01_c3r2.tgm,Streaming/Content/data/worldareas/mapsteamingsprings.vworld.4,12392381,21481
c617bea183ecdbe2,sulphurcrater_to_crateredge_01_c3r2.tgm.header,Tiny.V1,28378826,306
c3a81133c273aaf6,sulphurcrater_to_crateredge_01_c3r3.tgm,Streaming/Content/data/worldareas/A4/mapsteamingsprings.vworld,27481,21525
1289524231ef3e43,sulphurcrater_to_crateredge_01_c3r3.tgm.header,Tiny.VA,28671901,306
91b9c1e76fd7bd6f,sulphurcrater_to_crateredge_01_c2r1.tgm,Streaming/Content/data/worldareas/mapsteamingsprings.vworld.4,12302734,25803
4890639fd320c1be,sulphurcrater_to_crateredge_01_c2r1.tgm.header,Tiny.V2,28505576,394
6874974356be283f,sulphurcrater_to_crateredge_01_c2r2.tgm,Streaming/Content/data/worldareas/37/mapsteamingsprings.vworld,213460,887059
284a6ff80cf64811,sulphurcrater_to_crateredge_01_c2r2.tgm.header,Tiny.V3,28219555,1274
ff31fa530b64c430,sulphurcrater_to_crateredge_01_c2r3.tgm,Streaming/Content/data/worldareas/mapsteamingsprings.vworld.4,12328537,40819
f0af6f8fb3334464,sulphurcrater_to_crateredge_01_c2r3.tgm.header,Tiny.VE,28298420,438
e901db11bf6bac43,sulphurcrater_to_crateredge_01_c1r1.tgm,Streaming/Content/data/worldareas/mapsteamingsprings.vworld.4,12264508,19877
1e1dbeb466d30b35,sulphurcrater_to_crateredge_01_c1r1.tgm.header,Tiny.VA,28671507,394
6adb3517474b34ed,sulphurcrater_to_crateredge_01_c1r2.tgm,Streaming/Content/data/worldareas/mapsteamingsprings.vworld.4,12284385,18349
fe6b621eef31cd48,sulphurcrater_to_crateredge_01_c1r2.tgm.header,Tiny.V9,28918648,394
f4a6d74635eb5ba7,sulphurcrater_to_crateredge_01_c1r3.tgm,Streaming/Content/data/worldareas/E1/mapsteamingsprings.vworld,6016481,24207
790ff08da776f496,sulphurcrater_to_crateredge_01_c1r3.tgm.header,Tiny.V3,28219117,438
67720fc8aa439473,sulphurcrater_to_crateredge_02_c3r1.tgm,Streaming/Content/data/worldareas/DC/mapsteamingsprings.vworld,0,11673
bbbb26e6c3b3a65c,sulphurcrater_to_crateredge_02_c3r1.tgm.header,Tiny.VE,28298858,350
81ed172d2f5adb29,sulphurcrater_to_crateredge_02_c3r2.tgm,Streaming/Content/data/worldareas/mapsteamingsprings.vworld.4,12451999,23847
8a5608d1c2d15b10,sulphurcrater_to_crateredge_02_c3r2.tgm.header,Tiny.V8,28447610,394
fc8dd21a74613b50,sulphurcrater_to_crateredge_02_c3r3.tgm,Streaming/Content/data/worldareas/mapsteamingsprings.vworld.4,12475846,16141
115d0ac1462bd27d,sulphurcrater_to_crateredge_02_c3r3.tgm.header,Tiny.V1,28379132,264
72b28c21eba7bc6b,sulphurcrater_to_crateredge_02_c2r1.tgm,Streaming/Content/data/worldareas/F6/mapsteamingsprings.vworld,14040060,10425
8cd664f160fa3b9b,sulphurcrater_to_crateredge_02_c2r1.tgm.header,Tiny.VA,28672207,306
fdb426202311459c,sulphurcrater_to_crateredge_02_c2r2.tgm,Streaming/Content/data/worldareas/A4/mapsteamingsprings.vworld,49006,696893
583cbd4147858ed2,sulphurcrater_to_crateredge_02_c2r2.tgm.header,Tiny.V6,28348371,1010
722a6abbad8191f2,sulphurcrater_to_crateredge_02_c2r3.tgm,Streaming/Content/data/worldareas/mapsteamingsprings.vworld.4,12413862,38137
da11d797e281a6d2,sulphurcrater_to_crateredge_02_c2r3.tgm.header,Tiny.V5,28026281,394
98264cfd782b7783,sulphurcrater_to_crateredge_02_c1r1.tgm,Streaming/Content/data/worldareas/A8/mapsteamingsprings.vworld,5751473,9837
7a32d79ec014a540,sulphurcrater_to_crateredge_02_c1r1.tgm.header,Tiny.V3,28220829,306
1c05dde55c5641aa,sulphurcrater_to_crateredge_02_c1r2.tgm,Streaming/Content/data/worldareas/C0/mapsteamingsprings.vworld,8552804,12851
b8abe1a2256c54a4,sulphurcrater_to_crateredge_02_c1r2.tgm.header,Tiny.V7,28379907,350
969068561b152812,sulphurcrater_to_crateredge_02_c1r3.tgm,Streaming/Content/data/worldareas/0C/mapsteamingsprings.vworld,1583101,16407
4352746b88087a51,sulphurcrater_to_crateredge_02_c1r3.tgm.header,Tiny.VF,28697521,394
6a2bb519e9aae0f8,sulphurcrater_to_crateredge_03_c3r1.tgm,Streaming/Content/data/worldareas/mapsteamingsprings.vworld.4,12551504,24923
3f29fb902c37649b,sulphurcrater_to_crateredge_03_c3r1.tgm.header,Tiny.V0,28730696,264
6e178b95a660aad6,sulphurcrater_to_crateredge_03_c3r2.tgm,Streaming/Content/data/worldareas/mapsteamingsprings.vworld.4,12576427,38593
9df373f597c421bd,sulphurcrater_to_crateredge_03_c3r2.tgm.header,Tiny.V5,28027025,394
bb8d79448e64830e,sulphurcrater_to_crateredge_03_c3r3.tgm,Streaming/Content/data/worldareas/6C/mapsteamingsprings.vworld,3215591,13697
79a39ed389cafbfa,sulphurcrater_to_crateredge_03_c3r3.tgm.header,Tiny.V8,28448004,350
c33b3eb821fbe28d,sulphurcrater_to_crateredge_03_c2r1.tgm,Streaming/Content/data/worldareas/mapsteamingsprings.vworld.4,12504720,31349
4793283a2b95792c,sulphurcrater_to_crateredge_03_c2r1.tgm.header,Tiny.VF,28697915,394
6d4218ffb2dfea5a,sulphurcrater_to_crateredge_03_c2r2.tgm,Streaming/Content/data/worldareas/15/mapsteamingsprings.vworld,2804555,985437
96707338153a7e6b,sulphurcrater_to_crateredge_03_c2r2.tgm.header,Tiny.VE,28299558,1318
f5c2546400fdd3a4,sulphurcrater_to_crateredge_03_c2r3.tgm,Streaming/Content/data/worldareas/mapsteamingsprings.vworld.4,12536069,15435
32aa28d9dbfe56dd,sulphurcrater_to_crateredge_03_c2r3.tgm.header,Tiny.VB,28696850,394
934674307c89b2fd,sulphurcrater_to_crateredge_03_c1r1.tgm,Streaming/Content/data/worldareas/mapsteamingsprings.vworld.4,12491987,12733
e92c779be79aeaf4,sulphurcrater_to_crateredge_03_c1r1.tgm.header,Tiny.VE,28299208,350
e197d586d93f369c,sulphurcrater_to_crateredge_03_c1r2.tgm,Streaming/Content/data/worldareas/69/mapsteamingsprings.vworld,1459043,14425
b9d077cdb582c378,sulphurcrater_to_crateredge_03_c1r2.tgm.header,Tiny.VA,28672513,350
927d86a943b13284,sulphurcrater_to_crateredge_03_c1r3.tgm,Streaming/Content/data/worldareas/84/mapsteamingsprings.vworld,0,12571
b4e5f7d6ef7209f0,sulphurcrater_to_crateredge_03_c1r3.tgm.header,Tiny.V5,28026675,350
c3ec4911fb482b4f,sulphurcrater_x_01_c3r1.tgm,Streaming/Content/data/worldareas/mapsteamingsprings.vworld.4,13021932,7281
676d3b00ed93003d,sulphurcrater_x_01_c3r1.tgm.header,Tiny.V5,28027419,264
84075479ad749713,sulphurcrater_x_01_c3r2.tgm,Streaming/Content/data/worldareas/mapsteamingsprings.vworld.4,13029213,9285
184efd19b01a7096,sulphurcrater_x_01_c3r2.tgm.header,Tiny.V1,28379396,306
9439df93c2e578cb,sulphurcrater_x_01_c3r3.tgm,Streaming/Content/data/balance/worldareas/mapsteamingsprings.vworld,531375,9717
28266ad7bfd08185,sulphurcrater_x_01_c3r3.tgm.header,Tiny.V5,28027683,306
7a8910607bd9cef2,sulphurcrater_x_01_c2r1.tgm,Streaming/Content/data/worldareas/1D/mapfortress.vworld,837243,170701
f493cd4ec68a83e1,sulphurcrater_x_01_c2r1.tgm.header,Tiny.V6,28349687,570
3916963cc2fc7fe2,sulphurcrater_x_01_c2r2.tgm,Streaming/Content/data/worldareas/26/mapsteamingsprings.vworld,5607344,657239
38230c4a0edc462b,sulphurcrater_x_01_c2r2.tgm.header,Tiny.VC,28686187,966
8b2f73ee0b78d074,sulphurcrater_x_01_c2r3.tgm,Streaming/Content/data/worldareas/mapsteamingsprings.vworld.4,12640109,381823
0a320a2c705e21d5,sulphurcrater_x_01_c2r3.tgm.header,Tiny.V8,28448660,526
a0b54c406aa52e59,sulphurcrater_x_01_c1r1.tgm,Streaming/Content/data/worldareas/mapsteamingsprings.vworld.4,12615020,9249
217cae63280fcc0a,sulphurcrater_x_01_c1r1.tgm.header,Tiny.V6,28349381,306
b75557cacdcf3a53,sulphurcrater_x_01_c1r2.tgm,Streaming/Content/data/worldareas/mapsteamingsprings.vworld.4,12624269,8721
9e86a51a5fd120ab,sulphurcrater_x_01_c1r2.tgm.header,Tiny.V8,28448354,306
84c89c4e8fee88c5,sulphurcrater_x_01_c1r3.tgm,Streaming/Content/data/worldareas/mapsteamingsprings.vworld.4,12632990,7119
3ac201cb9db9f523,sulphurcrater_x_01_c1r3.tgm.header,Tiny.VC,28685923,264
8d4be297a552c98b,sulphurcv_01_c3r1.tgm,Streaming/Content/data/worldareas/mapsteamingsprings.vworld.4,13219497,4467
83f12e10400c2eec,sulphurcv_01_c3r1.tgm.header,Tiny.VE,28300876,264
415a057c8adf9e33,sulphurcv_01_c3r2.tgm,Tiny.V3,28221135,4083
8aeef1441e5e8155,sulphurcv_01_c3r2.tgm.header,Tiny.V1,28379702,264
4c5370413bdd772b,sulphurcv_01_c3r3.tgm,Tiny.VD,28569951,3129
700958277b17a908,sulphurcv_01_c3r3.tgm.header,Tiny.V7,28380521,264
7f2ac2e398d13d5a,sulphurcv_01_c2r1.tgm,Streaming/Content/data/worldareas/5A/mapsteamingsprings.vworld,20786,28373
3f93539b9598996d,sulphurcv_01_c2r1.tgm.header,Tiny.V4,28841443,306
fc85b9c14b3df04d,sulphurcv_01_c2r2.tgm,Streaming/Content/data/worldareas/CA/mapsteamingsprings.vworld,2804937,384837
2c1441349c34cd75,sulphurcv_01_c2r2.tgm.header,Tiny.V8,28452405,570
f0828248415dc876,sulphurcv_01_c2r3.tgm,Streaming/Content/data/worldareas/mapsteamingsprings.vworld.4,13038498,180999
d13951e6706b54be,sulphurcv_01_c2r3.tgm.header,Tiny.V4,28841749,614
8686ddc1b3e8d6bb,sulphurcv_01_c1r1.tgm,Tiny.V8,28449186,3219
ce4387fba35fcfe7,sulphurcv_01_c1r1.tgm.header,Tiny.V7,28380257,264
49f4da638d98ab24,sulphurcv_01_c1r2.tgm,Streaming/Content/data/worldareas/9E/mapsteamingsprings.vworld,5648446,4119
6d348565a8719f00,sulphurcv_01_c1r2.tgm.header,Tiny.V0,28730960,264
147fb60bf8caa7ef,sulphurcv_01_c1r3.tgm,Tiny.V6,28350257,3093
ac1f79c4a3e57d57,sulphurcv_01_c1r3.tgm.header,Tiny.V4,28841179,264
1699b2af1a2746f5,sulphurcv_02_c3r1.tgm,Streaming/Content/data/worldareas/mapsteamingsprings.vworld.4,14049226,17625
5eda3bc4509e0f2f,sulphurcv_02_c3r1.tgm.header,Tiny.VC,28687153,306
1f0acc88a5a5f85f,sulphurcv_02_c3r2.tgm,Streaming/Content/data/worldareas/F6/mapsteamingsprings.vworld,14050485,143809
4060e1d11b865a97,sulphurcv_02_c3r2.tgm.header,Tiny.V4,28844383,526
7f513f9dd3a4c0e6,sulphurcv_02_c3r3.tgm,Streaming/Content/data/worldareas/mapsteamingsprings.vworld.4,14066851,27963
794a63085c685a92,sulphurcv_02_c3r3.tgm.header,Tiny.VE,28301534,350
12ccdebcbfc752d9,sulphurcv_02_c2r1.tgm,Streaming/Content/data/worldareas/mapsteamingsprings.vworld.4,13378984,104287
4b1d48e4de29d853,sulphurcv_02_c2r1.tgm.header,Tiny.VE,28301140,394
3d1ed5369a7b97af,sulphurcv_02_c2r2.tgm,Streaming/Content/data/worldareas/mapsteamingsprings.vworld.4,13483271,565955
bb5e605b8483e097,sulphurcv_02_c2r2.tgm.header,Tiny.V4,28842669,1714
3461e8455ab3c9c9,sulphurcv_02_c2r3.tgm,Streaming/Content/data/worldareas/11/mapsteamingsprings.vworld,2965499,112007
70b4e366ac665226,sulphurcv_02_c2r3.tgm.header,Tiny.V0,28731224,526
3fd1552f88564a13,sulphurcv_02_c1r1.tgm,Streaming/Content/data/worldareas/mapsteamingsprings.vworld.4,13223964,32197
372b946c46e13a7d,sulphurcv_02_c1r1.tgm.header,Tiny.V4,28842363,306
1a677e2bc69923b0,sulphurcv_02_c1r2.tgm,Streaming/Content/data/worldareas/mapsteamingsprings.vworld.4,13256161,122823
3829b8b0b8de18e4,sulphurcv_02_c1r2.tgm.header,Tiny.VB,28697244,482
97b6960b2f587598,sulphurcv_02_c1r3.tgm,Streaming/Content/data/worldareas/26/mapsteamingsprings.vworld,6264583,39701
94e520dc3a5dc7c0,sulphurcv_02_c1r3.tgm.header,Tiny.V3,28225218,438
269305957ffc193a,sulphurcv_03_c3r1.tgm,Tiny.VD,28573080,1015
35fc3b028ca76fe1,sulphurcv_03_c3r1.tgm.header,Tiny.V0,28731750,264
d3cc31574b49eead,sulphurcv_03_c3r2.tgm,Tiny.VB,28697726,1327
8d843fe034d7d7b2,sulphurcv_03_c3r2.tgm.header,Tiny.V5,28027989,264
70651717e65e00d8,sulphurcv_03_c3r3.tgm,Tiny.V2,28508654,1015
e94b66cbf7569e94,sulphurcv_03_c3r3.tgm.header,Tiny.VE,28301884,264
80ceae090fab9dd4,sulphurcv_03_c2r1.tgm,Tiny.V4,28844909,1471
adc561c8b634a124,sulphurcv_03_c2r1.tgm.header,Tiny.VA,28672863,264
09e41486a9c14732,sulphurcv_03_c2r2.tgm,Streaming/Content/data/worldareas/62/mapsteamingsprings.vworld,27543,1001623
beded560a3468c10,sulphurcv_03_c2r2.tgm.header,Tiny.V6,28353350,1098
7b764e947259a414,sulphurcv_03_c2r3.tgm,Tiny.V8,28452975,1381
565f680a8e959742,sulphurcv_03_c2r3.tgm.header,Tiny.VF,28698309,264
ad89e76630fd4e53,sulphurcv_03_c1r1.tgm,Tiny.V2,28505970,1069
d22913dbee9a3e1c,sulphurcv_03_c1r1.tgm.header,Tiny.V3,28225656,264
0d204efd3aad6d44,sulphurcv_03_c1r2.tgm,Tiny.V2,28507039,1615
82c1e24deb9dedc5,sulphurcv_03_c1r2.tgm.header,Tiny.V9,28919042,264
e64cc340b23ade90,sulphurcv_03_c1r3.tgm,Tiny.V1,28379966,1213
286352f323d95f31,sulphurcv_03_c1r3.tgm.header,Tiny.V9,28919306,264
c1af42759ec5ce04,sulphurfill_02_c3r1.tgm,Tiny.V4,28846644,1015
c412ca4c8aa99d11,sulphurfill_02_c3r1.tgm.header,Tiny.V0,28732278,264
d4b959b9fef04b89,sulphurfill_02_c3r2.tgm,Tiny.V5,28029688,1327
5e2ae50424f511d1,sulphurfill_02_c3r2.tgm.header,Tiny.VC,28690329,264
f246fe55f6cc3858,sulphurfill_02_c3r3.tgm,Tiny.V1,28382194,985
0d4ae49fd23abc27,sulphurfill_02_c3r3.tgm.header,Tiny.VB,28701436,264
138e5f9d8f717a38,sulphurfill_02_c2r1.tgm,Tiny.VD,28575110,1381
e227b192ff5b4731,sulphurfill_02_c2r1.tgm.header,Tiny.V7,28382880,264
ac08c245e88b0bbf,sulphurfill_02_c2r2.tgm,Tiny.VB,28699581,1855
de2eef14049ec792,sulphurfill_02_c2r2.tgm.header,Tiny.V8,28454620,264
ea5f9bc0607b758a,sulphurfill_02_c2r3.tgm,Tiny.VA,28673391,1327
32314a4794a308e8,sulphurfill_02_c2r3.tgm.header,Tiny.V4,28846380,264
ec1da96ce54f754c,sulphurfill_02_c1r1.tgm,Tiny.VD,28574095,1015
65729cefb3dde20a,sulphurfill_02_c1r1.tgm.header,Tiny.V0,28727883,264
ae6db044af219cd6,sulphurfill_02_c1r2.tgm,Tiny.VC,28688894,1435
a607ad8f80520c8b,sulphurfill_02_c1r2.tgm.header,Tiny.VB,28699317,264
0b987233408ff54d,sulphurfill_02_c1r3.tgm,Tiny.VF,28701491,1015
ee7fe8c41373261c,sulphurfill_02_c1r3.tgm.header,Tiny.V4,28835649,264
cf92388845a5d87c,sulphurfill_01_c3r1.tgm,Tiny.V3,28225920,1015
c5751ee12f2a244f,sulphurfill_01_c3r1.tgm.header,Tiny.V3,28226935,264
07934dd7550279d0,sulphurfill_01_c3r2.tgm,Tiny.VF,28700164,1327
2570e1f41591014d,sulphurfill_01_c3r2.tgm.header,Tiny.V0,28732014,264
6156e3faf15430dc,sulphurfill_01_c3r3.tgm,Tiny.V1,28381179,1015
1ac72f6061e9a5b8,sulphurfill_01_c3r3.tgm.header,Tiny.V7,28382616,264
50bd30845c94e930,sulphurfill_01_c2r1.tgm,Tiny.VC,28687459,1435
8714ea345d62a331,sulphurfill_01_c2r1.tgm.header,Tiny.VE,28303163,264
1bea5a215e6406a0,sulphurfill_01_c2r2.tgm,Tiny.V7,28380785,1831
934b6fe5369aba7c,sulphurfill_01_c2r2.tgm.header,Tiny.VB,28699053,264
4d06e62640b881d5,sulphurfill_01_c2r3.tgm,Tiny.V5,28028253,1435
af44df456d00ccd9,sulphurfill_01_c2r3.tgm.header,Tiny.V9,28919570,264
c3363d19bcb84082,sulphurfill_01_c1r1.tgm,Tiny.V6,28354448,1015
44043c40c33cb5e5,sulphurfill_01_c1r1.tgm.header,Tiny.VA,28673127,264
bf0e94f5e250dd38,sulphurfill_01_c1r2.tgm,Tiny.VF,28698573,1327
54bc485340374761,sulphurfill_01_c1r2.tgm.header,Tiny.V8,28454356,264
1bf359cd635c43b5,sulphurfill_01_c1r3.tgm,Tiny.VE,28302148,1015
1aba627f5edb7c78,sulphurfill_01_c1r3.tgm.header,Tiny.VF,28699900,264
55fde7197ae68b3e,sulphurst_01_c3r1.tgm,Tiny.V8,28454884,1015
c99d594831ee187f,sulphurst_01_c3r1.tgm.header,Tiny.V2,28509669,264
eb75fef08f424dc0,sulphurst_01_c3r2.tgm,Tiny.VD,28576491,1237
e1408ec0f5e57c12,sulphurst_01_c3r2.tgm.header,Tiny.V8,28455899,264
368caf8f23b42e4c,sulphurst_01_c3r3.tgm,Tiny.V9,28919834,1105
dd623d78b4cd6d32,sulphurst_01_c3r3.tgm.header,Tiny.V1,28384880,264
51228004347d72e4,sulphurst_01_c2r1.tgm,Tiny.VA,28674718,1489
4e8c64501bdf9b33,sulphurst_01_c2r1.tgm.header,Tiny.V3,28227199,264
afaabf05572d4b05,sulphurst_01_c2r2.tgm,Streaming/Content/data/worldareas/mapsteamingsprings.vworld.4,14563513,153535
12edc17a8497f72c,sulphurst_01_c2r2.tgm.header,Tiny.V4,28847659,482
49e9871805661cab,sulphurst_01_c2r3.tgm,Tiny.V5,28031015,1615
dee671d8085b4d51,sulphurst_01_c2r3.tgm.header,Tiny.V3,28227463,264
ecd4f8e71823a6ac,sulphurst_01_c1r1.tgm,Tiny.V7,28383144,1159
93ed1d2a62f77d1a,sulphurst_01_c1r1.tgm.header,Tiny.V0,28732542,264
76964bfda8e7a3a3,sulphurst_01_c1r2.tgm,Streaming/Content/data/worldareas/mapsteamingsprings.vworld.4,14094814,468699
38fab3a787d7c3cc,sulphurst_01_c1r2.tgm.header,Tiny.V1,28383179,614
d505f40187732f33,sulphurst_01_c1r3.tgm,Tiny.V1,28383793,1087
ff3072a2dd6d6243,sulphurst_01_c1r3.tgm.header,Tiny.V6,28355463,264
48b47ecd62128a3b,sulphurst_02_c3r1.tgm,Tiny.V6,28356033,2967
df702b805609fe59,sulphurst_02_c3r1.tgm.header,Tiny.V3,28229221,264
e05f18e6e617f1a1,sulphurst_02_c3r2.tgm,Streaming/Content/data/worldareas/mapsteamingsprings.vworld.4,14790506,22111
34f228f4fa7ec78e,sulphurst_02_c3r2.tgm.header,Tiny.VA,28676207,350
374de838f57f3235,sulphurst_02_c3r3.tgm,Streaming/Content/data/worldareas/mapsteamingsprings.vworld.4,14812617,10583
af48a2ff44e6aeeb,sulphurst_02_c3r3.tgm.header,Tiny.V8,28456469,306
c2eb798f6ea4edd6,sulphurst_02_c2r1.tgm,Streaming/Content/data/worldareas/mapsteamingsprings.vworld.4,14765033,25473
c281797628e5fed3,sulphurst_02_c2r1.tgm.header,Tiny.V6,28355727,306
3224bd9ac06d55ce,sulphurst_02_c2r2.tgm,Streaming/Content/data/worldareas/07/mapsteamingsprings.vworld,17404,519143
598176bd445ba39f,sulphurst_02_c2r2.tgm.header,Tiny.V3,28227727,1494
30bfb5c831dfad2e,sulphurst_02_c2r3.tgm,Streaming/Content/data/worldareas/9F/mapsteamingsprings.vworld,5616536,58699
1af0fbc0561758b0,sulphurst_02_c2r3.tgm.header,Tiny.VF,28702506,350
a19b6c9895ce971c,sulphurst_02_c1r1.tgm,Streaming/Content/data/worldareas/1E/mapsteamingsprings.vworld,1406171,80263
3070d39c24cb7601,sulphurst_02_c1r1.tgm.header,Tiny.VE,28303427,526
4d47cd9935258590,sulphurst_02_c1r2.tgm,Streaming/Content/data/worldareas/mapsteamingsprings.vworld.4,14717048,47985
2ced1aa1ceb02e22,sulphurst_02_c1r2.tgm.header,Tiny.V8,28456163,306
f77423e83e147586,sulphurst_02_c1r3.tgm,Streaming/Content/data/worldareas/91/mapsteamingsprings.vworld,352180,191381
0463afe803def917,sulphurst_02_c1r3.tgm.header,Tiny.V2,28509933,878
0718a792caef0851,sulphurst_03_c3r1.tgm,Streaming/Content/data/worldareas/56/mapsteamingsprings.vworld,6034890,9319
c13a2c221f14a58a,sulphurst_03_c3r1.tgm.header,Tiny.VC,28690593,306
881a17536740be7c,sulphurst_03_c3r2.tgm,Streaming/Content/data/worldareas/33/mapsteamingsprings.vworld,2796364,123809
41330a394abde68d,sulphurst_03_c3r2.tgm.header,Tiny.V0,28733288,570
37d8e75a27e8f127,sulphurst_03_c3r3.tgm,Streaming/Content/data/worldareas/mapsteamingsprings.vworld.4,15403086,130613
1200dd67181f0462,sulphurst_03_c3r3.tgm.header,Tiny.V5,28033814,614
3c05659b5ee1566c,sulphurst_03_c2r1.tgm,Streaming/Content/data/balance/worldareas/mapsteamingsprings.vworld,541092,97647
c71bf3f7d0560434,sulphurst_03_c2r1.tgm.header,Tiny.V8,28456775,482
c8efd4660184f740,sulphurst_03_c2r2.tgm,Streaming/Content/data/worldareas/mapsteamingsprings.vworld.4,15094370,198541
6ecbeb3cfdcdb989,sulphurst_03_c2r2.tgm.header,Tiny.V5,28033200,614
f80be9cde38a0ea9,sulphurst_03_c2r3.tgm,Streaming/Content/data/worldareas/mapsteamingsprings.vworld.4,15292911,110175
0c065ad87f4ca02c,sulphurst_03_c2r3.tgm.header,Tiny.V4,28848141,526
e7a259cf74ccf08f,sulphurst_03_c1r1.tgm,Streaming/Content/data/worldareas/mapsteamingsprings.vworld.4,14823200,198649
8db834528e7b10c4,sulphurst_03_c1r1.tgm.header,Tiny.V5,28032630,570
55d9f5084ea21f05,sulphurst_03_c1r2.tgm,Streaming/Content/data/worldareas/mapsteamingsprings.vworld.4,15021849,72521
a198f24fd84c590d,sulphurst_03_c1r2.tgm.header,Tiny.V0,28732806,482
bb9370652b3e0b79,sulphurst_03_c1r3.tgm,Streaming/Content/data/worldareas/5A/mapsteamingsprings.vworld,49159,33293
20e6f74f8952e639,sulphurst_03_c1r3.tgm.header,Tiny.VD,28577728,394
3f434ca6a8afec9b,sulphurx_01_c3r1.tgm,Tiny.V8,28457257,1087
60a5be7dce4f96b6,sulphurx_01_c3r1.tgm.header,Tiny.VD,28579965,264
71c9b76e62873aa5,sulphurx_01_c3r2.tgm,Tiny.VA,28678046,1327
8a242f14296747d1,sulphurx_01_c3r2.tgm.header,Tiny.V9,28920939,264
9cf2853531c93656,sulphurx_01_c3r3.tgm,Tiny.V2,28511075,1015
15bf65c56b240008,sulphurx_01_c3r3.tgm.header,Tiny.V9,28921203,264
8e77515ba2a47a00,sulphurx_01_c2r1.tgm,Tiny.V7,28385588,1309
21de5f7350f7b780,sulphurx_01_c2r1.tgm.header,Tiny.V7,28386897,264
24669944511cf4e7,sulphurx_01_c2r2.tgm,Tiny.VD,28578122,1843
93643328c8751b2a,sulphurx_01_c2r2.tgm.header,Tiny.V6,28359000,264
170d229816c027d3,sulphurx_01_c2r3.tgm,Tiny.VA,28676557,1489
96ca75e097107957,sulphurx_01_c2r3.tgm.header,Tiny.V6,28359264,264
4ac4d772e38070b7,sulphurx_01_c1r1.tgm,Tiny.V7,28384303,1285
82ec526496669282,sulphurx_01_c1r1.tgm.header,Tiny.V3,28229485,264
63a58e586d73ae29,sulphurx_01_c1r2.tgm,Tiny.V1,28385144,1489
668acb0e4cbacaac,sulphurx_01_c1r2.tgm.header,Tiny.V2,28510811,264
b1b6987984e55082,sulphurx_01_c1r3.tgm,Tiny.V0,28733858,1087
5547313f726b0fae,sulphurx_01_c1r3.tgm.header,Tiny.VE,28303953,264
864959b2e370e840,fill_forestcliff_cc_01_c3r1.tgm,Streaming/Content/data/worldareas/mapsteamingsprings.vworld.3,27311057,130109
c4fe3101411d7364,fill_forestcliff_cc_01_c3r1.tgm.header,Tiny.V5,28007945,438
6ad0fe371be9cdbf,fill_forestcliff_cc_01_c3r2.tgm,Streaming/Content/data/worldareas/mapsteamingsprings.vworld.3,27441166,47245
70142d78dcfaab1d,fill_forestcliff_cc_01_c3r2.tgm.header,Tiny.VB,28686151,264
49489910c60a592d,fill_forestcliff_cc_01_c3r3.tgm,Tiny.V3,28201631,3989
f6578a43e0648f7c,fill_forestcliff_cc_01_c3r3.tgm.header,Tiny.V6,28342155,264
b8d69e892498c3f9,fill_forestcliff_cc_01_c2r1.tgm,Tiny.V0,28716669,2723
2a6241d94cd0ddc4,fill_forestcliff_cc_01_c2r1.tgm.header,Tiny.VE,28286740,264
547d777872b27b7c,fill_forestcliff_cc_01_c2r2.tgm,Streaming/Content/data/worldareas/E1/mapsteamingsprings.vworld,5592580,423901
ec15fc495a0beb11,fill_forestcliff_cc_01_c2r2.tgm.header,Tiny.V9,28906671,834
dccab23e6a025dbe,fill_forestcliff_cc_01_c2r3.tgm,Tiny.V0,28719392,3083
e9483d4154ead63b,fill_forestcliff_cc_01_c2r3.tgm.header,Tiny.VB,28690506,264
86b12990950fa492,fill_forestcliff_cc_01_c1r1.tgm,Tiny.V0,28712800,3869
9e418d533b759cb7,fill_forestcliff_cc_01_c1r1.tgm.header,Tiny.V2,28497576,264
403a81366540468d,fill_forestcliff_cc_01_c1r2.tgm,Tiny.V1,28364845,3551
58be139cd5b057cf,fill_forestcliff_cc_01_c1r2.tgm.header,Tiny.VD,28559288,264
f7643a559df18310,fill_forestcliff_cc_01_c1r3.tgm,Streaming/Content/data/worldareas/03/mapsteamingsprings.vworld,2796364,4217
f8e8d12e8618f0e8,fill_forestcliff_cc_01_c1r3.tgm.header,Tiny.VA,28657072,264
95a00c4725cfc22a,fill_forestcliff_cv_01_c3r1.tgm,Streaming/Content/data/worldareas/mapsteamingsprings.vworld.4,521191,20715
9918dd051dcdad2f,fill_forestcliff_cv_01_c3r1.tgm.header,Tiny.VB,28689498,306
4388eb97e98b3cf1,fill_forestcliff_cv_01_c3r2.tgm,Streaming/Content/data/worldareas/mapsteamingsprings.vworld.4,541906,154711
f12ba3136d6f77ba,fill_forestcliff_cv_01_c3r2.tgm.header,Tiny.VF,28687469,394
73bfdb6921bc70fd,fill_forestcliff_cv_01_c3r3.tgm,Streaming/Content/data/worldareas/6E/mapsteamingsprings.vworld,5607134,55683
e0096560264a406d,fill_forestcliff_cv_01_c3r3.tgm.header,Tiny.V7,28370276,350
5f5feb912b287183,fill_forestcliff_cv_01_c2r1.tgm,Streaming/Content/data/worldareas/mapsteamingsprings.vworld.4,276877,47637
0fae1aaef8674536,fill_forestcliff_cv_01_c2r1.tgm.header,Tiny.V6,28341805,350
6e6b6398dafb622f,fill_forestcliff_cv_01_c2r2.tgm,Streaming/Content/data/worldareas/mapsteamingsprings.vworld.4,324514,196677
6015db8c87204b03,fill_forestcliff_cv_01_c2r2.tgm.header,Tiny.V1,28368878,570
5f59fd2436531856,fill_forestcliff_cv_01_c2r3.tgm,Tiny.VB,28686415,3083
7174a4f2aa2e841b,fill_forestcliff_cv_01_c2r3.tgm.header,Tiny.VC,28672744,264
16ed283486460eef,fill_forestcliff_cv_01_c1r1.tgm,Streaming/Content/data/worldareas/mapsteamingsprings.vworld.3,27488411,141283
34878ffb67299018,fill_forestcliff_cv_01_c1r1.tgm.header,Tiny.V1,28368396,482
4f72868fb46d422c,fill_forestcliff_cv_01_c1r2.tgm,Streaming/Content/data/worldareas/mapsteamingsprings.vworld.3,27629694,1988891
ce3c062c2cbc7137,fill_forestcliff_cv_01_c1r2.tgm.header,Tiny.VE,28285246,1494
9631cc78d7ba2ff8,fill_forestcliff_cv_01_c1r3.tgm,Streaming/Content/data/worldareas/mapsteamingsprings.vworld.4,0,276877
22fb3def53987591,fill_forestcliff_cv_01_c1r3.tgm.header,Tiny.V6,28341323,482
062abe1c5a7c025f,fill_forestcliff_st_01_c3r1.tgm,Streaming/Content/data/worldareas/mapsteamingsprings.vworld.4,1270337,1727457
13b2842ccce85401,fill_forestcliff_st_01_c3r1.tgm.header,Tiny.VF,28687863,1274
73ad11fd3607f9a6,fill_forestcliff_st_01_c3r2.tgm,Streaming/Content/data/worldareas/mapsteamingsprings.vworld.4,2997794,4353
072d6e170705b534,fill_forestcliff_st_01_c3r2.tgm.header,Tiny.VD,28559552,264
15d1ad674596c7e0,fill_forestcliff_st_01_c3r3.tgm,Tiny.V5,28008383,3989
70a670383b8348c2,fill_forestcliff_st_01_c3r3.tgm.header,Tiny.V6,28342155,264
32b8a9660874e0eb,fill_forestcliff_st_01_c2r1.tgm,Streaming/Content/data/worldareas/mapsteamingsprings.vworld.4,792729,41519
7e00938be7dff5ba,fill_forestcliff_st_01_c2r1.tgm.header,Tiny.V0,28722475,306
0a031e2f0c7dbc06,fill_forestcliff_st_01_c2r2.tgm,Streaming/Content/data/worldareas/mapsteamingsprings.vworld.4,834248,436089
d6e42bb738034a90,fill_forestcliff_st_01_c2r2.tgm.header,Tiny.VB,28689804,702
ca5c206fe8f3092c,fill_forestcliff_st_01_c2r3.tgm,Tiny.V9,28907505,3083
2fb9d51d8b9eac0d,fill_forestcliff_st_01_c2r3.tgm.header,Tiny.VB,28690506,264
50683814d8b15940,fill_forestcliff_st_01_c1r1.tgm,Streaming/Content/data/worldareas/mapsteamingsprings.vworld.4,696617,91895
097cbea124c86964,fill_forestcliff_st_01_c1r1.tgm.header,Tiny.V3,28205620,350
dd8d13d4c61666bb,fill_forestcliff_st_01_c1r2.tgm,Tiny.V3,28205970,3551
a62feeb25d827c1d,fill_forestcliff_st_01_c1r2.tgm.header,Tiny.VD,28559288,264
826ae9a6f2a04d44,fill_forestcliff_st_01_c1r3.tgm,Streaming/Content/data/worldareas/mapsteamingsprings.vworld.4,788512,4217
9fc9ffd59c382d00,fill_forestcliff_st_01_c1r3.tgm.header,Tiny.VA,28657072,264
ff4f916cac5f6567,fill_forestcliff_x_01_c3r1.tgm,Streaming/Content/data/worldareas/mapsteamingsprings.vworld.4,3903111,61351
ce73943636eef8d8,fill_forestcliff_x_01_c3r1.tgm.header,Tiny.V9,28910588,350
ebbf536060f84958,fill_forestcliff_x_01_c3r2.tgm,Streaming/Content/data/worldareas/mapsteamingsprings.vworld.4,3964462,79085
4c6906168c1f2fbe,fill_forestcliff_x_01_c3r2.tgm.header,Tiny.V4,28827701,306
3edda25fc3a59ca7,fill_forestcliff_x_01_c3r3.tgm,Streaming/Content/data/worldareas/mapsteamingsprings.vworld.4,4043547,114785
099a1f6481e494b1,fill_forestcliff_x_01_c3r3.tgm.header,Tiny.V2,28497840,394
abe9ff2159882e90,fill_forestcliff_x_01_c2r1.tgm,Tiny.VC,28673008,2723
ed820e9f348564da,fill_forestcliff_x_01_c2r1.tgm.header,Tiny.VE,28286740,264
590bcb7323ec1aeb,fill_forestcliff_x_01_c2r2.tgm,Streaming/Content/data/worldareas/mapsteamingsprings.vworld.4,3290700,612411
7d8bcd229c37a24a,fill_forestcliff_x_01_c2r2.tgm.header,Tiny.VF,28689137,658
e27b25a64ba4f841,fill_forestcliff_x_01_c2r3.tgm,Tiny.V8,28440192,3083
8d9df78c1dc348b2,fill_forestcliff_x_01_c2r3.tgm.header,Tiny.VB,28690506,264
c3775fae3ea4b662,fill_forestcliff_x_01_c1r1.tgm,Streaming/Content/data/worldareas/mapsteamingsprings.vworld.4,3002147,155311
6d15e7aeaf4a63ae,fill_forestcliff_x_01_c1r1.tgm.header,Tiny.V8,28439492,394
df1968a2009bc07f,fill_forestcliff_x_01_c1r2.tgm,Streaming/Content/data/worldareas/mapsteamingsprings.vworld.4,3157458,74369
b2fc4c0e8f8f0576,fill_forestcliff_x_01_c1r2.tgm.header,Tiny.V8,28439886,306
cac7224faf688eec,fill_forestcliff_x_01_c1r3.tgm,Streaming/Content/data/worldareas/mapsteamingsprings.vworld.4,3231827,58873
b81ff10003b4f157,fill_forestcliff_x_01_c1r3.tgm.header,Tiny.V3,28209521,350
74ae986cc9393624,unwalkablecliffcrater_cc_01_c3r1.tgm,Streaming/Content/data/worldareas/mapsteamingsprings.vworld.4,34269364,7521
fe6332510ece5dad,unwalkablecliffcrater_cc_01_c3r1.tgm.header,Tiny.V0,28739947,264
762e87c9238dc1a8,unwalkablecliffcrater_cc_01_c3r2.tgm,Streaming/Content/data/worldareas/mapsteamingsprings.vworld.4,34276885,111327
50d55f2a5f528c75,unwalkablecliffcrater_cc_01_c3r2.tgm.header,Tiny.V4,28850402,438
633104c046a91c85,unwalkablecliffcrater_cc_01_c3r3.tgm,Streaming/Content/data/worldareas/mapsteamingsprings.vworld.4,34388212,7297
7c5e9c26d9cfbd15,unwalkablecliffcrater_cc_01_c3r3.tgm.header,Tiny.V4,28850840,264
4d0c6dfcb7c4f987,unwalkablecliffcrater_cc_01_c2r1.tgm,Streaming/Content/data/worldareas/mapsteamingsprings.vworld.4,34187424,74751
70cce922fb5e9339,unwalkablecliffcrater_cc_01_c2r1.tgm.header,Tiny.VF,28706744,350
8b995cb0e122fd1c,unwalkablecliffcrater_cc_01_c2r2.tgm,Streaming/Content/data/worldareas/DC/mapsteamingsprings.vworld,11673,168303
32c7b91637b8f032,unwalkablecliffcrater_cc_01_c2r2.tgm.header,Tiny.V6,28363172,526
83f77dc8c6c4254b,unwalkablecliffcrater_cc_01_c2r3.tgm,Streaming/Content/data/worldareas/mapsteamingsprings.vworld.4,34262175,7189
ae5e32d3898507c1,unwalkablecliffcrater_cc_01_c2r3.tgm.header,Tiny.VF,28708322,264
e868104fbbc37772,unwalkablecliffcrater_cc_01_c1r1.tgm,Streaming/Content/data/worldareas/A2/mapsteamingsprings.vworld,8388944,7297
b376733d828a9138,unwalkablecliffcrater_cc_01_c1r1.tgm.header,Tiny.V1,28394428,264
cc70200f3694882e,unwalkablecliffcrater_cc_01_c1r2.tgm,Streaming/Content/data/worldareas/97/mapsteamingsprings.vworld,2841504,7027
a2f43b112151296f,unwalkablecliffcrater_cc_01_c1r2.tgm.header,Tiny.VE,28306131,264
505f61a23d7a1be5,unwalkablecliffcrater_cc_01_c1r3.tgm,Streaming/Content/data/balance/worldareas/mapsteamingsprings.vworld,823187,7245
ee8ac1fb32bbd1f9,unwalkablecliffcrater_cc_01_c1r3.tgm.header,Tiny.VB,28706308,264
3b3e7732c36273d4,unwalkablecliffcrater_cv_01_c3r1.tgm,Streaming/Content/data/worldareas/mapsteamingsprings.vworld.4,34416750,7237
a99601f1b98d3891,unwalkablecliffcrater_cv_01_c3r1.tgm.header,Tiny.V7,28391201,264
266bc4bb70ab6212,unwalkablecliffcrater_cv_01_c3r2.tgm,Streaming/Content/data/worldareas/mapsteamingsprings.vworld.4,34423987,7039
6e08e26fccff4606,unwalkablecliffcrater_cv_01_c3r2.tgm.header,Tiny.V1,28394164,264
4adcb043091058db,unwalkablecliffcrater_cv_01_c3r3.tgm,Streaming/Content/data/worldareas/mapsteamingsprings.vworld.4,34431026,7125
d788374d82b69b2e,unwalkablecliffcrater_cv_01_c3r3.tgm.header,Tiny.V3,28232469,264
07f4327f40e62034,unwalkablecliffcrater_cv_01_c2r1.tgm,Streaming/Content/data/worldareas/0C/mapsteamingsprings.vworld,1599508,6971
518627b986ce7259,unwalkablecliffcrater_cv_01_c2r1.tgm.header,Tiny.V8,28464486,264
814e8f48aa90a00e,unwalkablecliffcrater_cv_01_c2r2.tgm,Streaming/Content/data/worldareas/9C/mapsteamingsprings.vworld,1454469,159535
df0064999a4bcf8b,unwalkablecliffcrater_cv_01_c2r2.tgm.header,Tiny.VC,28695509,438
6577da2e6c1c9c5a,unwalkablecliffcrater_cv_01_c2r3.tgm,Streaming/Content/data/worldareas/mapsteamingsprings.vworld.4,34409733,7017
df6ccbee994bd503,unwalkablecliffcrater_cv_01_c2r3.tgm.header,Tiny.VA,28683038,264
fc507f645dd2fd40,unwalkablecliffcrater_cv_01_c1r1.tgm,Streaming/Content/data/worldareas/mapsteamingsprings.vworld.4,34395509,7125
4af7bdb0374dcf28,unwalkablecliffcrater_cv_01_c1r1.tgm.header,Tiny.VF,28707094,264
d62e77ff4be5ebe2,unwalkablecliffcrater_cv_01_c1r2.tgm,Streaming/Content/data/worldareas/D7/mapsteamingsprings.vworld,308553,117711
4c5953514de272e6,unwalkablecliffcrater_cv_01_c1r2.tgm.header,Tiny.VE,28306395,438
9e52e463b1ec11ae,unwalkablecliffcrater_cv_01_c1r3.tgm,Streaming/Content/data/worldareas/mapsteamingsprings.vworld.4,34402634,7099
d55cf70d46dbce79,unwalkablecliffcrater_cv_01_c1r3.tgm.header,Tiny.V5,28037351,264
dc94389adffa7b21,unwalkablecliffcrater_st_01_c3r1.tgm,Streaming/Content/data/worldareas/mapsteamingsprings.vworld.4,34685761,7237
97580ab753682502,unwalkablecliffcrater_st_01_c3r1.tgm.header,Tiny.V2,28516478,264
9fc099edb0a23e04,unwalkablecliffcrater_st_01_c3r2.tgm,Streaming/Content/data/worldareas/03/mapsteamingsprings.vworld,2835904,97301
cc44252b8f6faaa3,unwalkablecliffcrater_st_01_c3r2.tgm.header,Tiny.V9,28922345,350
8b5a1647ca360af3,unwalkablecliffcrater_st_01_c3r3.tgm,Streaming/Content/data/worldareas/mapsteamingsprings.vworld.4,34692998,7125
38632c5b4a95b770,unwalkablecliffcrater_st_01_c3r3.tgm.header,Tiny.V3,28232469,264
bd44e52349b13946,unwalkablecliffcrater_st_01_c2r1.tgm,Streaming/Content/data/worldareas/mapsteamingsprings.vworld.4,34573738,6971
ee2fd00625d3e5ef,unwalkablecliffcrater_st_01_c2r1.tgm.header,Tiny.V5,28037615,264
c02e8b736f86eee3,unwalkablecliffcrater_st_01_c2r2.tgm,Streaming/Content/data/worldareas/mapsteamingsprings.vworld.4,34580709,98035
fb524683af2e0b46,unwalkablecliffcrater_st_01_c2r2.tgm.header,Tiny.VA,28682732,306
ca0b6c2411282063,unwalkablecliffcrater_st_01_c2r3.tgm,Streaming/Content/data/worldareas/mapsteamingsprings.vworld.4,34678744,7017
f970ac98180f0e40,unwalkablecliffcrater_st_01_c2r3.tgm.header,Tiny.VA,28683038,264
4912471cbdae34a6,unwalkablecliffcrater_st_01_c1r1.tgm,Streaming/Content/data/worldareas/mapsteamingsprings.vworld.4,34438151,7125
cf653ee049c9d433,unwalkablecliffcrater_st_01_c1r1.tgm.header,Tiny.VF,28707094,264
7ac52434f7fd6a74,unwalkablecliffcrater_st_01_c1r2.tgm,Streaming/Content/data/worldareas/mapsteamingsprings.vworld.4,34445276,121363
be47aa85426159f9,unwalkablecliffcrater_st_01_c1r2.tgm.header,Tiny.V0,28739553,394
85b5bacdb3a026b0,unwalkablecliffcrater_st_01_c1r3.tgm,Streaming/Content/data/worldareas/mapsteamingsprings.vworld.4,34566639,7099
482118f6a64c2084,unwalkablecliffcrater_st_01_c1r3.tgm.header,Tiny.V5,28037351,264
6e5942330c243655,unwalkablecliffcrater_to_crateredge_01_c3r1.tgm,Streaming/Content/data/worldareas/0D/mapsteamingsprings.vworld,1405385,7237
9b23b3b8bad9373f,unwalkablecliffcrater_to_crateredge_01_c3r1.tgm.header,Tiny.V2,28516478,264
16781078432b1fdc,unwalkablecliffcrater_to_crateredge_01_c3r2.tgm,Streaming/Content/data/worldareas/mapsteamingsprings.vworld.4,34731703,13839
49d9f995734cadb8,unwalkablecliffcrater_to_crateredge_01_c3r2.tgm.header,Tiny.VB,28705034,264
f4f145adc8c30ca6,unwalkablecliffcrater_to_crateredge_01_c3r3.tgm,Streaming/Content/data/worldareas/mapsteamingsprings.vworld.4,34745542,25613
25c8e49d70295cda,unwalkablecliffcrater_to_crateredge_01_c3r3.tgm.header,Tiny.VF,28707358,264
374d1f7ed80d08c3,unwalkablecliffcrater_to_crateredge_01_c2r1.tgm,Streaming/Content/data/worldareas/mapsteamingsprings.vworld.4,34722384,9319
28a078ae5db0a821,unwalkablecliffcrater_to_crateredge_01_c2r1.tgm.header,Tiny.V9,28922695,264
0d1bbfb3ab7a1ce6,unwalkablecliffcrater_to_crateredge_01_c2r2.tgm,Streaming/Content/data/worldareas/31/mapsteamingsprings.vworld,107989,404223
877aca73ac48daeb,unwalkablecliffcrater_to_crateredge_01_c2r2.tgm.header,Tiny.V8,28464750,790
17917f8d6be97819,unwalkablecliffcrater_to_crateredge_01_c2r3.tgm,Streaming/Content/data/worldareas/97/mapsteamingsprings.vworld,2848531,28083
5478e56546f3f9be,unwalkablecliffcrater_to_crateredge_01_c2r3.tgm.header,Tiny.VB,28704728,306
231a2505f3ce5a5d,unwalkablecliffcrater_to_crateredge_01_c1r1.tgm,Streaming/Content/data/worldareas/mapsteamingsprings.vworld.4,34700123,7125
d8cdbf3db12ec975,unwalkablecliffcrater_to_crateredge_01_c1r1.tgm.header,Tiny.VF,28707094,264
0bfe22372ce69b85,unwalkablecliffcrater_to_crateredge_01_c1r2.tgm,Streaming/Content/data/worldareas/mapsteamingsprings.vworld.4,34707248,7309
25e24dd5d0942723,unwalkablecliffcrater_to_crateredge_01_c1r2.tgm.header,Tiny.VE,28306833,264
0e45d4d35b6e8454,unwalkablecliffcrater_to_crateredge_01_c1r3.tgm,Streaming/Content/data/worldareas/mapsteamingsprings.vworld.4,34714557,7827
f2b46f49c945db2b,unwalkablecliffcrater_to_crateredge_01_c1r3.tgm.header,Tiny.VD,28582886,264
8d145ee6137a802c,unwalkablecliffcrater_to_crateredge_02_c3r1.tgm,Streaming/Content/data/worldareas/mapsteamingsprings.vworld.4,35267573,7547
aaa33f0227613b3a,unwalkablecliffcrater_to_crateredge_02_c3r1.tgm.header,Tiny.V4,28851104,264
27e4e6f3a7242b75,unwalkablecliffcrater_to_crateredge_02_c3r2.tgm,Streaming/Content/data/worldareas/mapsteamingsprings.vworld.4,35275120,7375
6a9fbe535c9502e5,unwalkablecliffcrater_to_crateredge_02_c3r2.tgm.header,Tiny.V5,28037879,264
81ed4afe63fa766d,unwalkablecliffcrater_to_crateredge_02_c3r3.tgm,Streaming/Content/data/worldareas/5A/mapsteamingsprings.vworld,82452,7125
46e7ce28c57b2979,unwalkablecliffcrater_to_crateredge_02_c3r3.tgm.header,Tiny.V3,28232469,264
93f3f1c1e0d2b96f,unwalkablecliffcrater_to_crateredge_02_c2r1.tgm,Streaming/Content/data/worldareas/mapsteamingsprings.vworld.4,34785867,7603
2e34fbd8917a0676,unwalkablecliffcrater_to_crateredge_02_c2r1.tgm.header,Tiny.V8,28465540,264
1293ec805978d1cc,unwalkablecliffcrater_to_crateredge_02_c2r2.tgm,Streaming/Content/data/worldareas/mapsteamingsprings.vworld.4,34793470,474103
44a209fc673d6b30,unwalkablecliffcrater_to_crateredge_02_c2r2.tgm.header,Tiny.V3,28231723,746
810ae3b6661c4240,unwalkablecliffcrater_to_crateredge_02_c2r3.tgm,Streaming/Content/data/worldareas/A6/mapsteamingsprings.vworld,5618640,7425
dab23dc9300593ef,unwalkablecliffcrater_to_crateredge_02_c2r3.tgm.header,Tiny.V8,28465804,264
ebe24f1c98ff2451,unwalkablecliffcrater_to_crateredge_02_c1r1.tgm,Streaming/Content/data/worldareas/48/mapsteamingsprings.vworld,5657937,7527
b6c02e8bb5ac145b,unwalkablecliffcrater_to_crateredge_02_c1r1.tgm.header,Tiny.VD,28583150,264
73133c6c19ba531f,unwalkablecliffcrater_to_crateredge_02_c1r2.tgm,Streaming/Content/data/worldareas/mapsteamingsprings.vworld.4,34771155,7303
278c444b4dc34193,unwalkablecliffcrater_to_crateredge_02_c1r2.tgm.header,Tiny.V7,28391465,264
1870c44909ff3afb,unwalkablecliffcrater_to_crateredge_02_c1r3.tgm,Streaming/Content/data/worldareas/mapsteamingsprings.vworld.4,34778458,7409
d6e88910dbdbed3b,unwalkablecliffcrater_to_crateredge_02_c1r3.tgm.header,Tiny.V6,28363698,264
bae1227b1d2ff026,unwalkablecliffcrater_to_crateredge_03_c3r1.tgm,Streaming/Content/data/worldareas/mapsteamingsprings.vworld.4,35674479,7237
d5659f595c36e6da,unwalkablecliffcrater_to_crateredge_03_c3r1.tgm.header,Tiny.V2,28516478,264
46b96b287f2c46e5,unwalkablecliffcrater_to_crateredge_03_c3r2.tgm,Streaming/Content/data/worldareas/mapsteamingsprings.vworld.4,35681716,7329
ee81ea2bf418cda6,unwalkablecliffcrater_to_crateredge_03_c3r2.tgm.header,Tiny.VB,28705562,264
ce28920b5d324d2f,unwalkablecliffcrater_to_crateredge_03_c3r3.tgm,Streaming/Content/data/worldareas/mapsteamingsprings.vworld.4,35689045,7343
6540961773c4c1e3,unwalkablecliffcrater_to_crateredge_03_c3r3.tgm.header,Tiny.V2,28516742,264
e12d401aa5c669f4,unwalkablecliffcrater_to_crateredge_03_c2r1.tgm,Streaming/Content/data/worldareas/mapsteamingsprings.vworld,170812,7379
9e39094aa71f1627,unwalkablecliffcrater_to_crateredge_03_c2r1.tgm.header,Tiny.VB,28705298,264
ea2aefce76e5bdc4,unwalkablecliffcrater_to_crateredge_03_c2r2.tgm,Streaming/Content/data/worldareas/mapsteamingsprings.vworld.4,35297325,369643
e522b24546c74bef,unwalkablecliffcrater_to_crateredge_03_c2r2.tgm.header,Tiny.V4,28851368,614
1a8eb4d03f288e95,unwalkablecliffcrater_to_crateredge_03_c2r3.tgm,Streaming/Content/data/worldareas/mapsteamingsprings.vworld.4,35666968,7511
141c57f2d5e309a5,unwalkablecliffcrater_to_crateredge_03_c2r3.tgm.header,Tiny.V4,28851982,264
f22a6eb82f8424b9,unwalkablecliffcrater_to_crateredge_03_c1r1.tgm,Streaming/Content/data/worldareas/mapsteamingsprings.vworld.4,35282495,7481
7d53c4fc831645c8,unwalkablecliffcrater_to_crateredge_03_c1r1.tgm.header,Tiny.VE,28307097,264
d4d711b594f2bc38,unwalkablecliffcrater_to_crateredge_03_c1r2.tgm,Streaming/Content/data/worldareas/mapsteamingsprings.vworld.4,35289976,7349
8b92f68cdc17e847,unwalkablecliffcrater_to_crateredge_03_c1r2.tgm.header,Tiny.V7,28391729,264
443564a523e24435,unwalkablecliffcrater_to_crateredge_03_c1r3.tgm,Streaming/Content/data/worldareas/00/mapsteamingsprings.vworld,1528951,98221
6ba4cebbbab3b395,unwalkablecliffcrater_to_crateredge_03_c1r3.tgm.header,Tiny.VC,28695947,350
ad1d955ece513cd2,unwalkablecliffcrater_tropicaledge_x_01_c3r1.tgm,Streaming/Content/data/worldareas/mapsteamingsprings.vworld.5,103473,17201
18437463c4cb9202,unwalkablecliffcrater_tropicaledge_x_01_c3r1.tgm.header,Tiny.VE,28307755,306
5fb991aac26cb40d,unwalkablecliffcrater_tropicaledge_x_01_c3r2.tgm,Streaming/Content/data/worldareas/CA/mapsteamingsprings.vworld,3189774,10973
0120023cc6888155,unwalkablecliffcrater_tropicaledge_x_01_c3r2.tgm.header,Tiny.VD,28583414,306
803e74d3a5d0b786,unwalkablecliffcrater_tropicaledge_x_01_c3r3.tgm,Streaming/Content/data/worldareas/mapsteamingsprings.vworld,178191,89581
7a1bf6806ac878f8,unwalkablecliffcrater_tropicaledge_x_01_c3r3.tgm.header,Tiny.V6,28364226,264
37b0e119752c9227,unwalkablecliffcrater_tropicaledge_x_01_c2r1.tgm,Streaming/Content/data/worldareas/93/mapsteamingsprings.vworld,2803699,20203
69ea4fddc1f50ac7,unwalkablecliffcrater_tropicaledge_x_01_c2r1.tgm.header,Tiny.V6,28363962,264
10f12322c48583f6,unwalkablecliffcrater_tropicaledge_x_01_c2r2.tgm,Streaming/Content/data/worldareas/mapsteamingsprings.vworld.4,35805427,2312901
e8d251858777cefe,unwalkablecliffcrater_tropicaledge_x_01_c2r2.tgm.header,Tiny.VC,28696297,922
7cfbba3a53962ea5,unwalkablecliffcrater_tropicaledge_x_01_c2r3.tgm,Streaming/Content/data/worldareas/mapsteamingsprings.vworld.5,0,103473
0d5b0d16f7276b53,unwalkablecliffcrater_tropicaledge_x_01_c2r3.tgm.header,Tiny.VF,28707622,394
3b760e057f411d36,unwalkablecliffcrater_tropicaledge_x_01_c1r1.tgm,Streaming/Content/data/worldareas/mapsteamingsprings.vworld.4,35696388,109039
619c2d7afb28da83,unwalkablecliffcrater_tropicaledge_x_01_c1r1.tgm.header,Tiny.V2,28517006,306
253eb444beda5e55,unwalkablecliffcrater_tropicaledge_x_01_c1r2.tgm,Streaming/Content/data/worldareas/84/mapsteamingsprings.vworld,12571,258269
0e4c7d3337507127,unwalkablecliffcrater_tropicaledge_x_01_c1r2.tgm.header,Tiny.VE,28307361,394
fe1f213a4f8f557e,unwalkablecliffcrater_tropicaledge_x_01_c1r3.tgm,Streaming/Content/data/worldareas/11/mapsteamingsprings.vworld,3077506,596607
80051096246e2b5a,unwalkablecliffcrater_tropicaledge_x_01_c1r3.tgm.header,Tiny.VB,28705826,482
e451d86df462fc7d,unwalkablecliffcrater_unwalkablecliff_x_01_c3r1.tgm,Streaming/Content/data/worldareas/17/mapsteamingsprings.vworld,13981524,7521
c4cb31ae5d5cd19d,unwalkablecliffcrater_unwalkablecliff_x_01_c3r1.tgm.header,Tiny.V0,28739947,264
98100b3a95061c59,unwalkablecliffcrater_unwalkablecliff_x_01_c3r2.tgm,Streaming/Content/data/worldareas/mapsteamingsprings.vworld.5,149730,7495
796a99c733691393,unwalkablecliffcrater_unwalkablecliff_x_01_c3r2.tgm.header,Tiny.VE,28308367,306
b218377dd7c93064,unwalkablecliffcrater_unwalkablecliff_x_01_c3r3.tgm,Streaming/Content/data/worldareas/mapsteamingsprings.vworld.5,157225,7423
ae22aed2329bcb13,unwalkablecliffcrater_unwalkablecliff_x_01_c3r3.tgm.header,Tiny.V9,28922959,306
81fbf6dfeb18133a,unwalkablecliffcrater_unwalkablecliff_x_01_c2r1.tgm,Streaming/Content/data/worldareas/mapsteamingsprings.vworld.5,142633,7097
e621076491f365d2,unwalkablecliffcrater_unwalkablecliff_x_01_c2r1.tgm.header,Tiny.VE,28308673,264
8f1dbc9c0dd162bf,unwalkablecliffcrater_unwalkablecliff_x_01_c2r2.tgm,Streaming/Content/data/worldareas/B3/mapsteamingsprings.vworld,7731,441257
7c05a02c7620e4ad,unwalkablecliffcrater_unwalkablecliff_x_01_c2r2.tgm.header,Tiny.V4,28852246,878
0d39e669403e0a24,unwalkablecliffcrater_unwalkablecliff_x_01_c2r3.tgm,Streaming/Content/data/worldareas/EB/mapsteamingsprings.vworld,5603395,7407
ba0aa690a0e99835,unwalkablecliffcrater_unwalkablecliff_x_01_c2r3.tgm.header,Tiny.V4,28853124,306
d6f508c53d64325d,unwalkablecliffcrater_unwalkablecliff_x_01_c1r1.tgm,Streaming/Content/data/worldareas/mapsteamingsprings.vworld.5,120674,7297
6a3710fc3aeb380c,unwalkablecliffcrater_unwalkablecliff_x_01_c1r1.tgm.header,Tiny.V1,28394428,264
8e4f6a41ba3b64b9,unwalkablecliffcrater_unwalkablecliff_x_01_c1r2.tgm,Streaming/Content/data/worldareas/mapsteamingsprings.vworld.5,127971,7245
9862d85ea49e0c99,unwalkablecliffcrater_unwalkablecliff_x_01_c1r2.tgm.header,Tiny.VE,28308061,306
6541ef1785ae91c1,unwalkablecliffcrater_unwalkablecliff_x_01_c1r3.tgm,Streaming/Content/data/worldareas/mapsteamingsprings.vworld.5,135216,7417
64ae5878606c2746,unwalkablecliffcrater_unwalkablecliff_x_01_c1r3.tgm.header,Tiny.VF,28708016,306
7630453caa7d8131,unwalkablecliffcrater_x_01_c3r1.tgm,Streaming/Content/data/worldareas/mapsteamingsprings.vworld.5,193314,326175
b9ef3693e35e0b82,unwalkablecliffcrater_x_01_c3r1.tgm.header,Tiny.VB,28706572,658
34c526d52cb04bc6,unwalkablecliffcrater_x_01_c3r2.tgm,Streaming/Content/data/worldareas/mapsteamingsprings.vworld.5,519489,7395
260d096d699dc390,unwalkablecliffcrater_x_01_c3r2.tgm.header,Tiny.V6,28364490,264
30221a2a6034429f,unwalkablecliffcrater_x_01_c3r3.tgm,Streaming/Content/data/worldareas/AB/mapsteamingsprings.vworld,5621973,7297
6b5d30b7ec810fdb,unwalkablecliffcrater_x_01_c3r3.tgm.header,Tiny.V8,28466332,264
a3278e23ffd7f46e,unwalkablecliffcrater_x_01_c2r1.tgm,Streaming/Content/data/worldareas/mapsteamingsprings.vworld.5,186217,7097
6c486634dd14df19,unwalkablecliffcrater_x_01_c2r1.tgm.header,Tiny.VE,28308673,264
7c190aa65a5c44b5,unwalkablecliffcrater_x_01_c2r2.tgm,Streaming/Content/data/worldareas/3E/mapsteamingsprings.vworld,506944,75439
cd6f9d1426881fbf,unwalkablecliffcrater_x_01_c2r2.tgm.header,Tiny.V7,28391993,350
3167ffb4994e134d,unwalkablecliffcrater_x_01_c2r3.tgm,Streaming/Content/data/worldareas/94/mapsteamingsprings.vworld,1405983,7189
ba22e087f0c7c034,unwalkablecliffcrater_x_01_c2r3.tgm.header,Tiny.VF,28708322,264
65600a6d4560a399,unwalkablecliffcrater_x_01_c1r1.tgm,Streaming/Content/data/worldareas/mapsteamingsprings.vworld.5,164648,7297
d71630de0b44329f,unwalkablecliffcrater_x_01_c1r1.tgm.header,Tiny.V1,28394428,264
a82e0b33bdd13b48,unwalkablecliffcrater_x_01_c1r2.tgm,Streaming/Content/data/worldareas/mapsteamingsprings.vworld.5,171945,7027
2bc5431b4bc8657a,unwalkablecliffcrater_x_01_c1r2.tgm.header,Tiny.V8,28466068,264
107af1495016e096,unwalkablecliffcrater_x_01_c1r3.tgm,Streaming/Content/data/worldareas/mapsteamingsprings.vworld.5,178972,7245
af4ef23e8c3fd58c,unwalkablecliffcrater_x_01_c1r3.tgm.header,Tiny.VB,28706308,264
0472c02d5ba5f151,unwalkablecliff_ccmm_01_c3r1.tgm,Streaming/Content/data/worldareas/mapsteamingsprings.vworld.4,15822870,49037
54bc61d978163ba0,unwalkablecliff_ccmm_01_c3r1.tgm.header,Tiny.VF,28702856,306
b293fd360b7b0223,unwalkablecliff_ccmm_01_c3r2.tgm,Streaming/Content/data/worldareas/mapsteamingsprings.vworld.4,15871907,39555
bdbb31c54e219665,unwalkablecliff_ccmm_01_c3r2.tgm.header,Tiny.V8,28459132,350
d43b9a2faa1b067d,unwalkablecliff_ccmm_01_c3r3.tgm,Streaming/Content/data/worldareas/90/mapsteamingsprings.vworld,50331,32311
360d33ee300caacb,unwalkablecliff_ccmm_01_c3r3.tgm.header,Tiny.V0,28734945,306
38ac1822a7dd8e84,unwalkablecliff_ccmm_01_c2r1.tgm,Streaming/Content/data/worldareas/mapsteamingsprings.vworld.4,15685720,29193
0648457f7b03bdbc,unwalkablecliff_ccmm_01_c2r1.tgm.header,Tiny.VD,28580711,306
28a3da1fcbfade5a,unwalkablecliff_ccmm_01_c2r2.tgm,Streaming/Content/data/worldareas/FB/mapsteamingsprings.vworld,594297,189169
04766ff3b849a4d5,unwalkablecliff_ccmm_01_c2r2.tgm.header,Tiny.V8,28458694,438
cf73ae61306da7b3,unwalkablecliff_ccmm_01_c2r3.tgm,Streaming/Content/data/worldareas/mapsteamingsprings.vworld.4,15714913,107957
df43d8d533e7d9cd,unwalkablecliff_ccmm_01_c2r3.tgm.header,Tiny.V4,28848667,306
eb151830a95c8ff2,unwalkablecliff_ccmm_01_c1r1.tgm,Streaming/Content/data/worldareas/mapsteamingsprings.vworld.4,15533699,42597
512ad3b3cee6b8b0,unwalkablecliff_ccmm_01_c1r1.tgm.header,Tiny.V8,28458344,350
ad71d1c32a7cbbf8,unwalkablecliff_ccmm_01_c1r2.tgm,Streaming/Content/data/worldareas/mapsteamingsprings.vworld.4,15576296,44913
a15c00d98043cf61,unwalkablecliff_ccmm_01_c1r2.tgm.header,Tiny.VD,28580229,482
6d73929ee5d50ca7,unwalkablecliff_ccmm_01_c1r3.tgm,Streaming/Content/data/worldareas/mapsteamingsprings.vworld.4,15621209,64511
7128a02c52ef92fb,unwalkablecliff_ccmm_01_c1r3.tgm.header,Tiny.V1,28386633,350
8860dd4faa3d780a,unwalkablecliff_cvmm_01_c3r1.tgm,Streaming/Content/data/worldareas/9F/mapsteamingsprings.vworld,5675235,18447
8133713a9b68ef3e,unwalkablecliff_cvmm_01_c3r1.tgm.header,Tiny.V6,28359792,264
3f41b9d075275fe4,unwalkablecliff_cvmm_01_c3r2.tgm,Tiny.V2,20713436,265
7d90f1011c373576,unwalkablecliff_cvmm_01_c3r2.tgm.header,Tiny.VA,20679023,264
01e57603960dddd6,unwalkablecliff_cvmm_01_c3r3.tgm,Tiny.VF,20749690,235
6696d97ee63969b5,unwalkablecliff_cvmm_01_c3r3.tgm.header,Tiny.V9,20802718,264
38d50051ef2b869f,unwalkablecliff_cvmm_01_c2r1.tgm,Streaming/Content/data/worldareas/61/mapsteamingsprings.vworld,5617025,55109
b5a146b3f0324b3a,unwalkablecliff_cvmm_01_c2r1.tgm.header,Tiny.V7,28387425,264
62b84c58d079a168,unwalkablecliff_cvmm_01_c2r2.tgm,Streaming/Content/data/worldareas/AE/mapsteamingsprings.vworld,5592580,95791
9deb5c287baf7dcc,unwalkablecliff_cvmm_01_c2r2.tgm.header,Tiny.V1,28386983,438
92e16c7edde8a106,unwalkablecliff_cvmm_01_c2r3.tgm,Streaming/Content/data/worldareas/mapsteamingsprings.vworld.4,15953786,81677
a6bc822c5ff2a8d1,unwalkablecliff_cvmm_01_c2r3.tgm.header,Tiny.V6,28359528,264
a50ca4567f0517a7,unwalkablecliff_cvmm_01_c1r1.tgm,Streaming/Content/data/worldareas/91/mapsteamingsprings.vworld,543561,77753
7bb0c0ba67817aaf,unwalkablecliff_cvmm_01_c1r1.tgm.header,Tiny.VA,28679373,306
f4b7b627bb2f7ab4,unwalkablecliff_cvmm_01_c1r2.tgm,Streaming/Content/data/worldareas/mapsteamingsprings.vworld.4,15911462,33377
ac8035f17a565d19,unwalkablecliff_cvmm_01_c1r2.tgm.header,Tiny.V8,28459482,306
f2ce62a9aa111852,unwalkablecliff_cvmm_01_c1r3.tgm,Streaming/Content/data/worldareas/mapsteamingsprings.vworld.4,15944839,8947
3864ae6cebdea682,unwalkablecliff_cvmm_01_c1r3.tgm.header,Tiny.V7,28387161,264
d3a1b5f2891b48e5,unwalkablecliff_stmm_01_c3r1.tgm,Streaming/Content/data/worldareas/mapsteamingsprings.vworld.4,33742975,68227
27f413c06bd340e3,unwalkablecliff_stmm_01_c3r1.tgm.header,Tiny.VA,28682338,394
f52f0e39a4550b62,unwalkablecliff_stmm_01_c3r2.tgm,Streaming/Content/data/balance/worldareas/mapsteamingsprings.vworld,788920,34267
8cc7e21daa19c749,unwalkablecliff_stmm_01_c3r2.tgm.header,Tiny.V1,28393900,264
4ab9f35bbc04e46f,unwalkablecliff_stmm_01_c3r3.tgm,Streaming/Content/data/worldareas/mapsteamingsprings.vworld,147471,23341
0e172ceeb467595f,unwalkablecliff_stmm_01_c3r3.tgm.header,Tiny.VE,28305825,306
8e56c3302b881f8d,unwalkablecliff_stmm_01_c2r1.tgm,Streaming/Content/data/worldareas/mapsteamingsprings.vworld.4,33677199,39603
30b3fa7364fadaaf,unwalkablecliff_stmm_01_c2r1.tgm.header,Tiny.VF,28706438,306
a6ad2c7b1dd746e3,unwalkablecliff_stmm_01_c2r2.tgm,Streaming/Content/data/worldareas/33/mapsteamingsprings.vworld,2920173,116563
60be3cd762a30959,unwalkablecliff_stmm_01_c2r2.tgm.header,Tiny.VE,28305387,438
4291256fc8ecf99f,unwalkablecliff_stmm_01_c2r3.tgm,Streaming/Content/data/worldareas/mapsteamingsprings.vworld.4,33716802,26173
e29a311e536f78ba,unwalkablecliff_stmm_01_c2r3.tgm.header,Tiny.V3,28231373,350
12f566c9257e070d,unwalkablecliff_stmm_01_c1r1.tgm,Streaming/Content/data/worldareas/mapsteamingsprings.vworld.4,33567795,52785
3e7dded1047f934f,unwalkablecliff_stmm_01_c1r1.tgm.header,Tiny.V5,28037045,306
4626d9dee40ed2c2,unwalkablecliff_stmm_01_c1r2.tgm,Streaming/Content/data/worldareas/mapsteamingsprings.vworld.4,33620580,56619
0966ba0007179e15,unwalkablecliff_stmm_01_c1r2.tgm.header,Tiny.VA,28681988,350
51f86e93ca57a5c7,unwalkablecliff_stmm_01_c1r3.tgm,Streaming/Content/data/worldareas/AB/mapsteamingsprings.vworld,5592580,29393
30b3e5be035d3229,unwalkablecliff_stmm_01_c1r3.tgm.header,Tiny.V4,28850052,350
f49cfcb315ec9164,unwalkablecliff_xmm_01_c3r1.tgm,Tiny.VC,20458234,319
fdc147846995d281,unwalkablecliff_xmm_01_c3r1.tgm.header,Tiny.V4,20906182,264
9de0e1da3bc52025,unwalkablecliff_xmm_01_c3r2.tgm,Tiny.V2,20713436,265
35b152c23e7e66f1,unwalkablecliff_xmm_01_c3r2.tgm.header,Tiny.VA,20679023,264
0bb6bd063dca856e,unwalkablecliff_xmm_01_c3r3.tgm,Tiny.VF,20749690,235
af87e314a426359b,unwalkablecliff_xmm_01_c3r3.tgm.header,Tiny.V9,20802718,264
32e882dec69763bd,unwalkablecliff_xmm_01_c2r1.tgm,Tiny.VF,20749425,265
2e99021024631999,unwalkablecliff_xmm_01_c2r1.tgm.header,Tiny.VA,20679023,264
48c58c07a5c590d6,unwalkablecliff_xmm_01_c2r2.tgm,Streaming/Content/data/worldareas/mapsteamingsprings.vworld.4,33855941,331483
d3ed86c6b4ff6a42,unwalkablecliff_xmm_01_c2r2.tgm.header,Tiny.VC,28694807,702
38a2c155cbd19119,unwalkablecliff_xmm_01_c2r3.tgm,Tiny.V5,20262780,265
c6545abc2380a5cc,unwalkablecliff_xmm_01_c2r3.tgm.header,Tiny.VA,20679023,264
08c40d1abcb95c87,unwalkablecliff_xmm_01_c1r1.tgm,Streaming/Content/data/worldareas/mapsteamingsprings.vworld.4,33811202,44739
bcb61899fd9e0b69,unwalkablecliff_xmm_01_c1r1.tgm.header,Tiny.V2,28516214,264
e8f3355be9a7d4f2,unwalkablecliff_xmm_01_c1r2.tgm,Tiny.V5,20262461,319
9b57f2afd6c09f37,unwalkablecliff_xmm_01_c1r2.tgm.header,Tiny.V4,20906182,264
fb8c0cea09db50f9,unwalkablecliff_xmm_01_c1r3.tgm,Tiny.V9,20802453,265
d51a073cd55f8036,unwalkablecliff_xmm_01_c1r3.tgm.header,Tiny.VA,20679023,264
60c83e59b1755946,unwalkablecliff_filltall_stack_01_c3r1.tgm,Tiny.V5,22930765,57
b11b09feaefa89d3,unwalkablecliff_filltall_stack_01_c3r1.tgm.header,Tiny.VF,23592306,424
62dbf1fd41511281,unwalkablecliff_filltall_stack_01_c3r2.tgm,Tiny.V5,22930765,57
5e284af59de91d7c,unwalkablecliff_filltall_stack_01_c3r2.tgm.header,Tiny.VF,23592306,424
fcc3ee5853a23c2a,unwalkablecliff_filltall_stack_01_c3r3.tgm,Tiny.V5,22930765,57
e15be23795d4364c,unwalkablecliff_filltall_stack_01_c3r3.tgm.header,Tiny.VF,23592306,424
318c291b80039ecb,unwalkablecliff_filltall_stack_01_c2r1.tgm,Tiny.V5,22930765,57
451a41c24053008d,unwalkablecliff_filltall_stack_01_c2r1.tgm.header,Tiny.VF,23592306,424
ee1ce2e85ae0f2e5,unwalkablecliff_filltall_stack_01_c2r2.tgm,Streaming/Content/data/worldareas/55/mapsteamingsprings.vworld,8227,293795
f01ce6e27d8f8bf6,unwalkablecliff_filltall_stack_01_c2r2.tgm.header,Tiny.V1,28387421,465
4a119d25dd74d2eb,unwalkablecliff_filltall_stack_01_c2r3.tgm,Tiny.V5,22930765,57
d043948aec74e2eb,unwalkablecliff_filltall_stack_01_c2r3.tgm.header,Tiny.VF,23592306,424
33129f27cf0ee796,unwalkablecliff_filltall_stack_01_c1r1.tgm,Tiny.V5,22930765,57
2457ebfab1c584a6,unwalkablecliff_filltall_stack_01_c1r1.tgm.header,Tiny.VF,23592306,424
4b335c0a57e81643,unwalkablecliff_filltall_stack_01_c1r2.tgm,Tiny.V5,22930765,57
62d2358c83f89dca,unwalkablecliff_filltall_stack_01_c1r2.tgm.header,Tiny.VF,23592306,424
e107e39b196b9498,unwalkablecliff_filltall_stack_01_c1r3.tgm,Tiny.V5,22930765,57
cd231c5e45faf9f7,unwalkablecliff_filltall_stack_01_c1r3.tgm.header,Tiny.VF,23592306,424
12d7d7d998ea817f,unwalkablecliff_filltall_stack_02_c3r1.tgm,Tiny.V5,22930765,57
05c7290a325a66b0,unwalkablecliff_filltall_stack_02_c3r1.tgm.header,Tiny.VF,23592306,424
8de36422a8c39d87,unwalkablecliff_filltall_stack_02_c3r2.tgm,Tiny.V5,22930765,57
939c2c776da1a81b,unwalkablecliff_filltall_stack_02_c3r2.tgm.header,Tiny.VF,23592306,424
dc89692c01707619,unwalkablecliff_filltall_stack_02_c3r3.tgm,Tiny.V5,22930765,57
b56205c0b44272ca,unwalkablecliff_filltall_stack_02_c3r3.tgm.header,Tiny.VF,23592306,424
bc50bfd8302b1f43,unwalkablecliff_filltall_stack_02_c2r1.tgm,Tiny.V5,22930765,57
73e399f456c5de14,unwalkablecliff_filltall_stack_02_c2r1.tgm.header,Tiny.VF,23592306,424
a3bb43fa9bcb8334,unwalkablecliff_filltall_stack_02_c2r2.tgm,Streaming/Content/data/worldareas/mapsteamingsprings.vworld.4,16035463,282403
09cba1144cd66b9d,unwalkablecliff_filltall_stack_02_c2r2.tgm.header,Tiny.VA,28679679,509
b9d6fb9b13e06f9b,unwalkablecliff_filltall_stack_02_c2r3.tgm,Tiny.V5,22930765,57
db52a3396f3fac8b,unwalkablecliff_filltall_stack_02_c2r3.tgm.header,Tiny.VF,23592306,424
3074a64b85b62d6c,unwalkablecliff_filltall_stack_02_c1r1.tgm,Tiny.V5,22930765,57
7afae160aacf34d4,unwalkablecliff_filltall_stack_02_c1r1.tgm.header,Tiny.VF,23592306,424
b2a81d94d4140ce3,unwalkablecliff_filltall_stack_02_c1r2.tgm,Tiny.V5,22930765,57
a3893eaa67159ed3,unwalkablecliff_filltall_stack_02_c1r2.tgm.header,Tiny.VF,23592306,424
0c65da84bae31fa6,unwalkablecliff_filltall_stack_02_c1r3.tgm,Tiny.V5,22930765,57
4735b7629ec09ee6,unwalkablecliff_filltall_stack_02_c1r3.tgm.header,Tiny.VF,23592306,424
3d5c270351466d75,unwalkablecliff_filltall_ridge_01_c6r1.tgm,Tiny.V5,22930765,57
34ac88456afe0acf,unwalkablecliff_filltall_ridge_01_c6r1.tgm.header,Tiny.VF,23592306,424
f5e3cb5aa654ac45,unwalkablecliff_filltall_ridge_01_c6r2.tgm,Tiny.V5,22930765,57
96c86fb31c1fee70,unwalkablecliff_filltall_ridge_01_c6r2.tgm.header,Tiny.VF,23592306,424
720230990e513032,unwalkablecliff_filltall_ridge_01_c6r3.tgm,Tiny.V5,22930765,57
68d5da0262369520,unwalkablecliff_filltall_ridge_01_c6r3.tgm.header,Tiny.VF,23592306,424
ae603fcf168e04a4,unwalkablecliff_filltall_ridge_01_c5r1.tgm,Tiny.V5,22930765,57
e1514e2378f91a11,unwalkablecliff_filltall_ridge_01_c5r1.tgm.header,Tiny.VF,23592306,424
96b8cb447812be51,unwalkablecliff_filltall_ridge_01_c5r2.tgm,Tiny.V5,22930765,57
c1722507be5601aa,unwalkablecliff_filltall_ridge_01_c5r2.tgm.header,Tiny.VF,23592306,424
98630c76271e7a8a,unwalkablecliff_filltall_ridge_01_c5r3.tgm,Tiny.V5,22930765,57
d483e0e01d141b64,unwalkablecliff_filltall_ridge_01_c5r3.tgm.header,Tiny.VF,23592306,424
443d1a844a9faaea,unwalkablecliff_filltall_ridge_01_c4r1.tgm,Tiny.V5,22930765,57
a6ce7d65d37294cd,unwalkablecliff_filltall_ridge_01_c4r1.tgm.header,Tiny.VF,23592306,424
9ab707e99ebe95a1,unwalkablecliff_filltall_ridge_01_c4r2.tgm,Streaming/Content/data/worldareas/D7/mapsteamingsprings.vworld,0,308553
81408ba75465434c,unwalkablecliff_filltall_ridge_01_c4r2.tgm.header,Tiny.VE,28304217,424
f59f1847a21fc7a3,unwalkablecliff_filltall_ridge_01_c4r3.tgm,Tiny.V5,22930765,57
6bc35a1ea7973e39,unwalkablecliff_filltall_ridge_01_c4r3.tgm.header,Tiny.VF,23592306,424
12cdd5f07c20ee6d,unwalkablecliff_filltall_ridge_01_c3r1.tgm,Tiny.V5,22930765,57
f48019dd216ed919,unwalkablecliff_filltall_ridge_01_c3r1.tgm.header,Tiny.VF,23592306,424
055c1b7ae81e83ae,unwalkablecliff_filltall_ridge_01_c3r2.tgm,Tiny.V5,22930765,57
d3ed5ec8eb0e0777,unwalkablecliff_filltall_ridge_01_c3r2.tgm.header,Tiny.VF,23592306,424
e1df5a03d0dc4b9c,unwalkablecliff_filltall_ridge_01_c3r3.tgm,Tiny.V5,22930765,57
591fc33cb224665e,unwalkablecliff_filltall_ridge_01_c3r3.tgm.header,Tiny.VF,23592306,424
e8e782b72b6c844d,unwalkablecliff_filltall_ridge_01_c2r1.tgm,Tiny.V5,22930765,57
b6a1284e692e59c4,unwalkablecliff_filltall_ridge_01_c2r1.tgm.header,Tiny.VF,23592306,424
757134715bdd602f,unwalkablecliff_filltall_ridge_01_c2r2.tgm,Tiny.V5,22930765,57
9c4a2b7d7b6313cb,unwalkablecliff_filltall_ridge_01_c2r2.tgm.header,Tiny.VF,23592306,424
1462febbdacf816e,unwalkablecliff_filltall_ridge_01_c2r3.tgm,Tiny.V5,22930765,57
5aaee54f7e7ec132,unwalkablecliff_filltall_ridge_01_c2r3.tgm.header,Tiny.VF,23592306,424
1ce07c095386e614,unwalkablecliff_filltall_ridge_01_c1r1.tgm,Tiny.V5,22930765,57
f4294cd4b1b5bcb8,unwalkablecliff_filltall_ridge_01_c1r1.tgm.header,Tiny.VF,23592306,424
e4433b4ab6c643b6,unwalkablecliff_filltall_ridge_01_c1r2.tgm,Tiny.V5,22930765,57
f1e93229cbc828b7,unwalkablecliff_filltall_ridge_01_c1r2.tgm.header,Tiny.VF,23592306,424
7f92f027729e8d69,unwalkablecliff_filltall_ridge_01_c1r3.tgm,Tiny.V5,22930765,57
30b104adf1ba32dd,unwalkablecliff_filltall_ridge_01_c1r3.tgm.header,Tiny.VF,23592306,424
3ccea41525e2bf36,unwalkablecliff_filltall_ridge_02_c6r1.tgm,Tiny.V5,22930765,57
2429a72148950d0a,unwalkablecliff_filltall_ridge_02_c6r1.tgm.header,Tiny.VF,23592306,424
238dfb7c48da1def,unwalkablecliff_filltall_ridge_02_c6r2.tgm,Tiny.V5,22930765,57
6f6b49b3f1cd4351,unwalkablecliff_filltall_ridge_02_c6r2.tgm.header,Tiny.VF,23592306,424
311ddbff7033478b,unwalkablecliff_filltall_ridge_02_c6r3.tgm,Tiny.V5,22930765,57
41c9c382cdc87eda,unwalkablecliff_filltall_ridge_02_c6r3.tgm.header,Tiny.VF,23592306,424
57070be93167349f,unwalkablecliff_filltall_ridge_02_c5r1.tgm,Tiny.V5,22930765,57
e65cea6d9f3f9cac,unwalkablecliff_filltall_ridge_02_c5r1.tgm.header,Tiny.VF,23592306,424
582a7583041180f3,unwalkablecliff_filltall_ridge_02_c5r2.tgm,Tiny.V5,22930765,57
95eb929418e41e22,unwalkablecliff_filltall_ridge_02_c5r2.tgm.header,Tiny.VF,23592306,424
dba8a48b1c8095e8,unwalkablecliff_filltall_ridge_02_c5r3.tgm,Tiny.V5,22930765,57
b4970d5456acd3bf,unwalkablecliff_filltall_ridge_02_c5r3.tgm.header,Tiny.VF,23592306,424
e42c33a4e4a7086e,unwalkablecliff_filltall_ridge_02_c4r1.tgm,Tiny.V5,22930765,57
a284eac1ad0268e7,unwalkablecliff_filltall_ridge_02_c4r1.tgm.header,Tiny.VF,23592306,424
2498975cf9941168,unwalkablecliff_filltall_ridge_02_c4r2.tgm,Tiny.V5,22930765,57
60f6851c0fff862b,unwalkablecliff_filltall_ridge_02_c4r2.tgm.header,Tiny.VF,23592306,424
80f8eea74a6b1353,unwalkablecliff_filltall_ridge_02_c4r3.tgm,Tiny.V5,22930765,57
93f64cc5250409ad,unwalkablecliff_filltall_ridge_02_c4r3.tgm.header,Tiny.VF,23592306,424
cc81d01c53f9fd88,unwalkablecliff_filltall_ridge_02_c3r1.tgm,Tiny.V5,22930765,57
0adca2b98182117b,unwalkablecliff_filltall_ridge_02_c3r1.tgm.header,Tiny.VF,23592306,424
727b211663f132a0,unwalkablecliff_filltall_ridge_02_c3r2.tgm,Streaming/Content/data/worldareas/3E/mapsteamingsprings.vworld,152113,354831
32c5d44f9adf74b6,unwalkablecliff_filltall_ridge_02_c3r2.tgm.header,Tiny.V5,28034428,465
93338a70abd53645,unwalkablecliff_filltall_ridge_02_c3r3.tgm,Tiny.V5,22930765,57
5227e57868607e82,unwalkablecliff_filltall_ridge_02_c3r3.tgm.header,Tiny.VF,23592306,424
b57086fc8b97d84c,unwalkablecliff_filltall_ridge_02_c2r1.tgm,Tiny.V5,22930765,57
fa65159e0506f070,unwalkablecliff_filltall_ridge_02_c2r1.tgm.header,Tiny.VF,23592306,424
8dcef5169a32103f,unwalkablecliff_filltall_ridge_02_c2r2.tgm,Tiny.V5,22930765,57
6b9911c7d65809f5,unwalkablecliff_filltall_ridge_02_c2r2.tgm.header,Tiny.VF,23592306,424
b32b359815cc0423,unwalkablecliff_filltall_ridge_02_c2r3.tgm,Tiny.V5,22930765,57
f0886b165a8c2434,unwalkablecliff_filltall_ridge_02_c2r3.tgm.header,Tiny.VF,23592306,424
cf7c492b565492f1,unwalkablecliff_filltall_ridge_02_c1r1.tgm,Tiny.V5,22930765,57
2924df7f1955f5a8,unwalkablecliff_filltall_ridge_02_c1r1.tgm.header,Tiny.VF,23592306,424
5c6d16f8738f0115,unwalkablecliff_filltall_ridge_02_c1r2.tgm,Tiny.V5,22930765,57
b2f78b0cff275553,unwalkablecliff_filltall_ridge_02_c1r2.tgm.header,Tiny.VF,23592306,424
7dc1f02060d4ff12,unwalkablecliff_filltall_ridge_02_c1r3.tgm,Tiny.V5,22930765,57
d7bfa34c0a978f84,unwalkablecliff_filltall_ridge_02_c1r3.tgm.header,Tiny.VF,23592306,424
c2e1db73b3e351a2,unwalkablecliff_filltall_mountain_01_c6r1.tgm,Tiny.V5,22930765,57
7893e5207af73a84,unwalkablecliff_filltall_mountain_01_c6r1.tgm.header,Tiny.VF,23592306,424
afb9e48643afa587,unwalkablecliff_filltall_mountain_01_c6r2.tgm,Tiny.V5,22930765,57
91d848540f1a5f01,unwalkablecliff_filltall_mountain_01_c6r2.tgm.header,Tiny.VF,23592306,424
0c0448063c53f94e,unwalkablecliff_filltall_mountain_01_c6r3.tgm,Tiny.V5,22930765,57
6d4875782b44450c,unwalkablecliff_filltall_mountain_01_c6r3.tgm.header,Tiny.VF,23592306,424
7561b0756f56feb5,unwalkablecliff_filltall_mountain_01_c6r4.tgm,Tiny.V5,22930765,57
4768ecd1d7c84b89,unwalkablecliff_filltall_mountain_01_c6r4.tgm.header,Tiny.VF,23592306,424
ec667a0749819f08,unwalkablecliff_filltall_mountain_01_c6r5.tgm,Tiny.V5,22930765,57
de6cfa652103cdc3,unwalkablecliff_filltall_mountain_01_c6r5.tgm.header,Tiny.VF,23592306,424
f42d7475e975f62a,unwalkablecliff_filltall_mountain_01_c6r6.tgm,Tiny.V5,22930765,57
4c5e6e534ea76db9,unwalkablecliff_filltall_mountain_01_c6r6.tgm.header,Tiny.VF,23592306,424
982f17987253fb6e,unwalkablecliff_filltall_mountain_01_c5r1.tgm,Tiny.V5,22930765,57
f163bb3bf8061161,unwalkablecliff_filltall_mountain_01_c5r1.tgm.header,Tiny.VF,23592306,424
416653dad66d4d89,unwalkablecliff_filltall_mountain_01_c5r2.tgm,Tiny.V5,22930765,57
582abd91475204f4,unwalkablecliff_filltall_mountain_01_c5r2.tgm.header,Tiny.VF,23592306,424
cee3a2b506245985,unwalkablecliff_filltall_mountain_01_c5r3.tgm,Tiny.V5,22930765,57
dca25a97fa12b818,unwalkablecliff_filltall_mountain_01_c5r3.tgm.header,Tiny.VF,23592306,424
0db64b04c4f20c60,unwalkablecliff_filltall_mountain_01_c5r4.tgm,Tiny.V5,22930765,57
030e58d9edeb9962,unwalkablecliff_filltall_mountain_01_c5r4.tgm.header,Tiny.VF,23592306,424
fca201892f81ad71,unwalkablecliff_filltall_mountain_01_c5r5.tgm,Tiny.V5,22930765,57
059eade4d6a60a4b,unwalkablecliff_filltall_mountain_01_c5r5.tgm.header,Tiny.VF,23592306,424
8d86bbe8d4b17a4a,unwalkablecliff_filltall_mountain_01_c5r6.tgm,Tiny.V5,22930765,57
9dc0eb88eb9ade50,unwalkablecliff_filltall_mountain_01_c5r6.tgm.header,Tiny.VF,23592306,424
d157b4fed5322238,unwalkablecliff_filltall_mountain_01_c4r1.tgm,Tiny.V5,22930765,57
b87a04ace6cf2235,unwalkablecliff_filltall_mountain_01_c4r1.tgm.header,Tiny.VF,23592306,424
49c27641f83aa4cc,unwalkablecliff_filltall_mountain_01_c4r2.tgm,Tiny.V5,22930765,57
eab44dd859ae97aa,unwalkablecliff_filltall_mountain_01_c4r2.tgm.header,Tiny.VF,23592306,424
f08da9efbe5456ca,unwalkablecliff_filltall_mountain_01_c4r3.tgm,Streaming/Content/data/worldareas/4D/mapsteamingsprings.vworld,16964,582517
2fb52e10b0a18233,unwalkablecliff_filltall_mountain_01_c4r3.tgm.header,Tiny.V4,28848973,553
31e5a07e5969a0ba,unwalkablecliff_filltall_mountain_01_c4r4.tgm,Tiny.V5,22930765,57
0b232f58385ffb90,unwalkablecliff_filltall_mountain_01_c4r4.tgm.header,Tiny.VF,23592306,424
db25764f3cbf8baa,unwalkablecliff_filltall_mountain_01_c4r5.tgm,Tiny.V5,22930765,57
f303d87f3c11dca3,unwalkablecliff_filltall_mountain_01_c4r5.tgm.header,Tiny.VF,23592306,424
eb7e79aa5e71773b,unwalkablecliff_filltall_mountain_01_c4r6.tgm,Tiny.V5,22930765,57
7a3834fd392fdbd2,unwalkablecliff_filltall_mountain_01_c4r6.tgm.header,Tiny.VF,23592306,424
4dbd09c4edc2a2ec,unwalkablecliff_filltall_mountain_01_c3r1.tgm,Tiny.V5,22930765,57
74e036e6b1192c5b,unwalkablecliff_filltall_mountain_01_c3r1.tgm.header,Tiny.VF,23592306,424
d3b779b69e023082,unwalkablecliff_filltall_mountain_01_c3r2.tgm,Tiny.V5,22930765,57
5b1779c0857047cb,unwalkablecliff_filltall_mountain_01_c3r2.tgm.header,Tiny.VF,23592306,424
53071407da802a09,unwalkablecliff_filltall_mountain_01_c3r3.tgm,Tiny.V5,22930765,57
846e7fc2b5eca3ed,unwalkablecliff_filltall_mountain_01_c3r3.tgm.header,Tiny.VF,23592306,424
7e0b2502e9f89f68,unwalkablecliff_filltall_mountain_01_c3r4.tgm,Tiny.V5,22930765,57
6bc0aab6101ae844,unwalkablecliff_filltall_mountain_01_c3r4.tgm.header,Tiny.VF,23592306,424
9524889890a1e5dd,unwalkablecliff_filltall_mountain_01_c3r5.tgm,Tiny.V5,22930765,57
3de566fd1d7f60e6,unwalkablecliff_filltall_mountain_01_c3r5.tgm.header,Tiny.VF,23592306,424
e41688b8d61cf399,unwalkablecliff_filltall_mountain_01_c3r6.tgm,Tiny.V5,22930765,57
5490a067ca923d4d,unwalkablecliff_filltall_mountain_01_c3r6.tgm.header,Tiny.VF,23592306,424
f86072a684bb10c1,unwalkablecliff_filltall_mountain_01_c2r1.tgm,Tiny.V5,22930765,57
66b22b30fa38a134,unwalkablecliff_filltall_mountain_01_c2r1.tgm.header,Tiny.VF,23592306,424
f23d271e428ac976,unwalkablecliff_filltall_mountain_01_c2r2.tgm,Tiny.V5,22930765,57
a020b0171bfea356,unwalkablecliff_filltall_mountain_01_c2r2.tgm.header,Tiny.VF,23592306,424
d15daae84ff7f326,unwalkablecliff_filltall_mountain_01_c2r3.tgm,Tiny.V5,22930765,57
5c90f1cde2fc67b1,unwalkablecliff_filltall_mountain_01_c2r3.tgm.header,Tiny.VF,23592306,424
9b639f7e47de97ff,unwalkablecliff_filltall_mountain_01_c2r4.tgm,Tiny.V5,22930765,57
844b36d8ab3e3afe,unwalkablecliff_filltall_mountain_01_c2r4.tgm.header,Tiny.VF,23592306,424
67bcc6e2f6ba1d97,unwalkablecliff_filltall_mountain_01_c2r5.tgm,Tiny.V5,22930765,57
3afa0212502d3aea,unwalkablecliff_filltall_mountain_01_c2r5.tgm.header,Tiny.VF,23592306,424
60fd112e2fdb61d7,unwalkablecliff_filltall_mountain_01_c2r6.tgm,Tiny.V5,22930765,57
d286ec513c2318c1,unwalkablecliff_filltall_mountain_01_c2r6.tgm.header,Tiny.VF,23592306,424
ba2502faf27df080,unwalkablecliff_filltall_mountain_01_c1r1.tgm,Tiny.V5,22930765,57
797e175767d494fc,unwalkablecliff_filltall_mountain_01_c1r1.tgm.header,Tiny.VF,23592306,424
cecc3e5f91b3cefe,unwalkablecliff_filltall_mountain_01_c1r2.tgm,Tiny.V5,22930765,57
656eea75958eddba,unwalkablecliff_filltall_mountain_01_c1r2.tgm.header,Tiny.VF,23592306,424
0729472784942805,unwalkablecliff_filltall_mountain_01_c1r3.tgm,Tiny.V5,22930765,57
60d989a7669eea48,unwalkablecliff_filltall_mountain_01_c1r3.tgm.header,Tiny.VF,23592306,424
d6b76737cc82088d,unwalkablecliff_filltall_mountain_01_c1r4.tgm,Tiny.V5,22930765,57
ab8801e4d2f0ba79,unwalkablecliff_filltall_mountain_01_c1r4.tgm.header,Tiny.VF,23592306,424
80964feb04dabc9c,unwalkablecliff_filltall_mountain_01_c1r5.tgm,Tiny.V5,22930765,57
1f627114a9e549ab,unwalkablecliff_filltall_mountain_01_c1r5.tgm.header,Tiny.VF,23592306,424
8c6a2d19fe9c54ee,unwalkablecliff_filltall_mountain_01_c1r6.tgm,Tiny.V5,22930765,57
6e60f519ab95f873,unwalkablecliff_filltall_mountain_01_c1r6.tgm.header,Tiny.VF,23592306,424
82597005e15c9924,unwalkablecliff_filltall_mountain_02_c6r1.tgm,Tiny.V5,22930765,57
44c8cc0735ad5034,unwalkablecliff_filltall_mountain_02_c6r1.tgm.header,Tiny.VF,23592306,424
e43ffc075ec8515b,unwalkablecliff_filltall_mountain_02_c6r2.tgm,Tiny.V5,22930765,57
860ad52524679f58,unwalkablecliff_filltall_mountain_02_c6r2.tgm.header,Tiny.VF,23592306,424
d072a1f270bc8733,unwalkablecliff_filltall_mountain_02_c6r3.tgm,Tiny.V5,22930765,57
232f36dfce91703b,unwalkablecliff_filltall_mountain_02_c6r3.tgm.header,Tiny.VF,23592306,424
e2a675f672946c63,unwalkablecliff_filltall_mountain_02_c6r4.tgm,Tiny.V5,22930765,57
087109c219ff299a,unwalkablecliff_filltall_mountain_02_c6r4.tgm.header,Tiny.VF,23592306,424
7c64f7d877cb81a1,unwalkablecliff_filltall_mountain_02_c6r5.tgm,Tiny.V5,22930765,57
f81f2e999252e379,unwalkablecliff_filltall_mountain_02_c6r5.tgm.header,Tiny.VF,23592306,424
c1780481be3bcc2a,unwalkablecliff_filltall_mountain_02_c6r6.tgm,Tiny.V5,22930765,57
8eb0952b8712466e,unwalkablecliff_filltall_mountain_02_c6r6.tgm.header,Tiny.VF,23592306,424
36fdd6f80639dce6,unwalkablecliff_filltall_mountain_02_c5r1.tgm,Tiny.V5,22930765,57
c6645a4ba15a8e44,unwalkablecliff_filltall_mountain_02_c5r1.tgm.header,Tiny.VF,23592306,424
3ee1d46b294a5873,unwalkablecliff_filltall_mountain_02_c5r2.tgm,Tiny.V5,22930765,57
20053526441f803b,unwalkablecliff_filltall_mountain_02_c5r2.tgm.header,Tiny.VF,23592306,424
35b85f17ffeba27f,unwalkablecliff_filltall_mountain_02_c5r3.tgm,Tiny.V5,22930765,57
98e0d0f913d4b9c4,unwalkablecliff_filltall_mountain_02_c5r3.tgm.header,Tiny.VF,23592306,424
3fb2d04bc2709a62,unwalkablecliff_filltall_mountain_02_c5r4.tgm,Tiny.V5,22930765,57
44cbfd1f6e78c67c,unwalkablecliff_filltall_mountain_02_c5r4.tgm.header,Tiny.VF,23592306,424
191fe6af55dde79d,unwalkablecliff_filltall_mountain_02_c5r5.tgm,Tiny.V5,22930765,57
3c12cb31a7839c00,unwalkablecliff_filltall_mountain_02_c5r5.tgm.header,Tiny.VF,23592306,424
11682c51ae88c552,unwalkablecliff_filltall_mountain_02_c5r6.tgm,Tiny.V5,22930765,57
83d58f8dd0450f1d,unwalkablecliff_filltall_mountain_02_c5r6.tgm.header,Tiny.VF,23592306,424
2a8d6dc0565e6bbe,unwalkablecliff_filltall_mountain_02_c4r1.tgm,Tiny.V5,22930765,57
c8c966592ffb5231,unwalkablecliff_filltall_mountain_02_c4r1.tgm.header,Tiny.VF,23592306,424
89f30ec2a6add77f,unwalkablecliff_filltall_mountain_02_c4r2.tgm,Tiny.V5,22930765,57
051bd32a4bdbc606,unwalkablecliff_filltall_mountain_02_c4r2.tgm.header,Tiny.VF,23592306,424
bfd197bf969beded,unwalkablecliff_filltall_mountain_02_c4r3.tgm,Tiny.V5,22930765,57
3ae6ed59912f413b,unwalkablecliff_filltall_mountain_02_c4r3.tgm.header,Tiny.VF,23592306,424
a746da76ce292f38,unwalkablecliff_filltall_mountain_02_c4r4.tgm,Streaming/Content/data/worldareas/BD/mapsteamingsprings.vworld,5607286,97353
7eead343cbad4384,unwalkablecliff_filltall_mountain_02_c4r4.tgm.header,Tiny.VF,28703162,424
ac179203c7a5cead,unwalkablecliff_filltall_mountain_02_c4r5.tgm,Tiny.V5,22930765,57
73cf29c800513a0e,unwalkablecliff_filltall_mountain_02_c4r5.tgm.header,Tiny.VF,23592306,424
c0a618c907f5f0b4,unwalkablecliff_filltall_mountain_02_c4r6.tgm,Tiny.V5,22930765,57
a246c1504e02bc35,unwalkablecliff_filltall_mountain_02_c4r6.tgm.header,Tiny.VF,23592306,424
6c2a967cc1425252,unwalkablecliff_filltall_mountain_02_c3r1.tgm,Tiny.V5,22930765,57
a4d03d6b3f9e9890,unwalkablecliff_filltall_mountain_02_c3r1.tgm.header,Tiny.VF,23592306,424
96f6e417ef90337c,unwalkablecliff_filltall_mountain_02_c3r2.tgm,Tiny.V5,22930765,57
cb4135176961fb18,unwalkablecliff_filltall_mountain_02_c3r2.tgm.header,Tiny.VF,23592306,424
2f9fab39c41ee48c,unwalkablecliff_filltall_mountain_02_c3r3.tgm,Streaming/Content/data/worldareas/90/mapsteamingsprings.vworld,82642,425769
31026d6d1b848377,unwalkablecliff_filltall_mountain_02_c3r3.tgm.header,Tiny.VD,28581017,465
23c860636062e51c,unwalkablecliff_filltall_mountain_02_c3r4.tgm,Tiny.V5,22930765,57
f379fd11d705711f,unwalkablecliff_filltall_mountain_02_c3r4.tgm.header,Tiny.VF,23592306,424
45677200a7a28577,unwalkablecliff_filltall_mountain_02_c3r5.tgm,Tiny.V5,22930765,57
bb12e0b0502316b5,unwalkablecliff_filltall_mountain_02_c3r5.tgm.header,Tiny.VF,23592306,424
8d24816b71234847,unwalkablecliff_filltall_mountain_02_c3r6.tgm,Tiny.V5,22930765,57
7b8bbf9f568d78ee,unwalkablecliff_filltall_mountain_02_c3r6.tgm.header,Tiny.VF,23592306,424
61b628c7d6b7b3ea,unwalkablecliff_filltall_mountain_02_c2r1.tgm,Tiny.V5,22930765,57
49cd2df4ef82f96b,unwalkablecliff_filltall_mountain_02_c2r1.tgm.header,Tiny.VF,23592306,424
cc24ec468db9b0df,unwalkablecliff_filltall_mountain_02_c2r2.tgm,Tiny.V5,22930765,57
3b25f2a97c272ed4,unwalkablecliff_filltall_mountain_02_c2r2.tgm.header,Tiny.VF,23592306,424
9b94d10a4e33f77e,unwalkablecliff_filltall_mountain_02_c2r3.tgm,Tiny.V5,22930765,57
83b66817c10d36da,unwalkablecliff_filltall_mountain_02_c2r3.tgm.header,Tiny.VF,23592306,424
c8dda20e4c6d607e,unwalkablecliff_filltall_mountain_02_c2r4.tgm,Tiny.V5,22930765,57
c48d2fa5d76bdea9,unwalkablecliff_filltall_mountain_02_c2r4.tgm.header,Tiny.VF,23592306,424
4df53bd41c9ac77b,unwalkablecliff_filltall_mountain_02_c2r5.tgm,Tiny.V5,22930765,57
6863d7585ae18c47,unwalkablecliff_filltall_mountain_02_c2r5.tgm.header,Tiny.VF,23592306,424
3e6abbb34baee17f,unwalkablecliff_filltall_mountain_02_c2r6.tgm,Tiny.V5,22930765,57
eae918164af11e85,unwalkablecliff_filltall_mountain_02_c2r6.tgm.header,Tiny.VF,23592306,424
a195221bd01e9cbf,unwalkablecliff_filltall_mountain_02_c1r1.tgm,Tiny.V5,22930765,57
385ffb82569b6ac9,unwalkablecliff_filltall_mountain_02_c1r1.tgm.header,Tiny.VF,23592306,424
e0e785558e8b8df4,unwalkablecliff_filltall_mountain_02_c1r2.tgm,Tiny.V5,22930765,57
63f6fce4c7b4ac1a,unwalkablecliff_filltall_mountain_02_c1r2.tgm.header,Tiny.VF,23592306,424
19a0368f61061205,unwalkablecliff_filltall_mountain_02_c1r3.tgm,Tiny.V5,22930765,57
268c2e40060e0386,unwalkablecliff_filltall_mountain_02_c1r3.tgm.header,Tiny.VF,23592306,424
b5ca1d1d4ca92cb5,unwalkablecliff_filltall_mountain_02_c1r4.tgm,Tiny.V5,22930765,57
04724a6efce5e689,unwalkablecliff_filltall_mountain_02_c1r4.tgm.header,Tiny.VF,23592306,424
c37c8cd43890f22b,unwalkablecliff_filltall_mountain_02_c1r5.tgm,Tiny.V5,22930765,57
bb131a20497148b2,unwalkablecliff_filltall_mountain_02_c1r5.tgm.header,Tiny.VF,23592306,424
b608d0dc24be598a,unwalkablecliff_filltall_mountain_02_c1r6.tgm,Tiny.V5,22930765,57
f1c9b2f6aa6c1b3c,unwalkablecliff_filltall_mountain_02_c1r6.tgm.header,Tiny.VF,23592306,424
948828a8b9c6fbc9,unwalkablecliff_forest_stcvm_01_c3r1.tgm,Streaming/Content/data/worldareas/mapsteamingsprings.vworld.4,18335723,167571
dd09a618732d6501,unwalkablecliff_forest_stcvm_01_c3r1.tgm.header,Tiny.V5,28034893,922
133b7dc84fb6d5ea,unwalkablecliff_forest_stcvm_01_c3r2.tgm,Streaming/Content/data/worldareas/mapsteamingsprings.vworld.4,18503294,417561
97e6bfd4b38bd0fe,unwalkablecliff_forest_stcvm_01_c3r2.tgm.header,Tiny.VC,28691689,1186
8e5afc96efed9257,unwalkablecliff_forest_stcvm_01_c3r3.tgm,Streaming/Content/data/worldareas/mapsteamingsprings.vworld.4,18920855,681841
462289c194991274,unwalkablecliff_forest_stcvm_01_c3r3.tgm.header,Tiny.V3,28229749,746
682291f4e9ce0ef4,unwalkablecliff_forest_stcvm_01_c2r1.tgm,Streaming/Content/data/worldareas/mapsteamingsprings.vworld.4,17456170,220707
ea5b0c2a283bff98,unwalkablecliff_forest_stcvm_01_c2r1.tgm.header,Tiny.VD,28581482,746
4e0c28a7a81e8972,unwalkablecliff_forest_stcvm_01_c2r2.tgm,Streaming/Content/data/worldareas/mapsteamingsprings.vworld.4,17676877,355453
d90a25e502717acd,unwalkablecliff_forest_stcvm_01_c2r2.tgm.header,Tiny.VA,28680188,1142
241af66a12915b69,unwalkablecliff_forest_stcvm_01_c2r3.tgm,Streaming/Content/data/worldareas/mapsteamingsprings.vworld.4,18032330,303393
30498f88d5afb939,unwalkablecliff_forest_stcvm_01_c2r3.tgm.header,Tiny.VC,28690899,790
677392bc3879cd4a,unwalkablecliff_forest_stcvm_01_c1r1.tgm,Streaming/Content/data/worldareas/mapsteamingsprings.vworld.4,16317866,379333
6c7f85734214381a,unwalkablecliff_forest_stcvm_01_c1r1.tgm.header,Tiny.V8,28459788,702
5e1f22a65329023a,unwalkablecliff_forest_stcvm_01_c1r2.tgm,Streaming/Content/data/worldareas/mapsteamingsprings.vworld.4,16697199,758971
ffadeeaf2c907b5e,unwalkablecliff_forest_stcvm_01_c1r2.tgm.header,Tiny.V2,28512090,966
6a9b30ca042978b2,unwalkablecliff_forest_stcvm_01_c1r3.tgm,Streaming/Content/data/worldareas/EC/mapsteamingsprings.vworld,1408185,83571
b319dc21db9d1cbd,unwalkablecliff_forest_stcvm_01_c1r3.tgm.header,Tiny.VB,28701700,614
62e6d2d2b98a5417,unwalkablecliff_forest_stcvs_01_c3r1.tgm,Streaming/Content/data/worldareas/mapsteamingsprings.vworld.4,21856105,206375
3dc69fd9fd33d3a0,unwalkablecliff_forest_stcvs_01_c3r1.tgm.header,Tiny.V0,28735251,790
2dba46afe1f2a4e1,unwalkablecliff_forest_stcvs_01_c3r2.tgm,Streaming/Content/data/worldareas/mapsteamingsprings.vworld.4,22062480,278435
84700b8d1d7aceef,unwalkablecliff_forest_stcvs_01_c3r2.tgm.header,Tiny.V7,28387689,878
c326005815d28744,unwalkablecliff_forest_stcvs_01_c3r3.tgm,Streaming/Content/data/worldareas/mapsteamingsprings.vworld.4,22340915,175893
84611fdfd4eaa03c,unwalkablecliff_forest_stcvs_01_c3r3.tgm.header,Tiny.VF,28704112,790
bb2393e6ff4d6b64,unwalkablecliff_forest_stcvs_01_c2r1.tgm,Streaming/Content/data/worldareas/mapsteamingsprings.vworld.4,20125155,858669
55ba9fe64a2d71a4,unwalkablecliff_forest_stcvs_01_c2r1.tgm.header,Tiny.V6,28360056,878
67a321820f610b8c,unwalkablecliff_forest_stcvs_01_c2r2.tgm,Streaming/Content/data/worldareas/mapsteamingsprings.vworld.4,20983824,872281
811a32b1976425ed,unwalkablecliff_forest_stcvs_01_c2r2.tgm.header,Tiny.V1,28387886,1186
d887cb172b3dd889,unwalkablecliff_forest_stcvs_01_c2r3.tgm,Streaming/Content/data/worldareas/C4/mapsteamingsprings.vworld,0,112757
41ff2a5990ca6bf4,unwalkablecliff_forest_stcvs_01_c2r3.tgm.header,Tiny.V8,28460490,658
6d1a4dcd6fb77737,unwalkablecliff_forest_stcvs_01_c1r1.tgm,Streaming/Content/data/worldareas/mapsteamingsprings.vworld.4,19602696,278077
8fd83abd7fd24e64,unwalkablecliff_forest_stcvs_01_c1r1.tgm.header,Tiny.V2,28513056,702
f25a300678690b86,unwalkablecliff_forest_stcvs_01_c1r2.tgm,Streaming/Content/data/worldareas/mapsteamingsprings.vworld.4,19880773,150441
cd736b45bc626273,unwalkablecliff_forest_stcvs_01_c1r2.tgm.header,Tiny.VA,28681330,658
ea4a6b6471f3a96e,unwalkablecliff_forest_stcvs_01_c1r3.tgm,Streaming/Content/data/worldareas/mapsteamingsprings.vworld.4,20031214,93941
77ebf50893cfc12e,unwalkablecliff_forest_stcvs_01_c1r3.tgm.header,Tiny.VF,28703586,526
f0e7e7d7a0c5a5ac,unwalkablecliff_forest_stcvw_01_c3r1.tgm,Streaming/Content/data/worldareas/mapsteamingsprings.vworld.4,24451468,381159
3be4ce851fe29ab6,unwalkablecliff_forest_stcvw_01_c3r1.tgm.header,Tiny.V1,28389862,878
c5bf7ec2095ac5e2,unwalkablecliff_forest_stcvw_01_c3r2.tgm,Streaming/Content/data/worldareas/mapsteamingsprings.vworld.4,24832627,193683
02e032329bf94a67,unwalkablecliff_forest_stcvw_01_c3r2.tgm.header,Tiny.V7,28389225,1054
84dd4e77f9783acf,unwalkablecliff_forest_stcvw_01_c3r3.tgm,Streaming/Content/data/worldareas/mapsteamingsprings.vworld.4,25026310,200053
e9e5ed9e327d3d94,unwalkablecliff_forest_stcvw_01_c3r3.tgm.header,Tiny.V0,28736743,834
4770486f89394520,unwalkablecliff_forest_stcvw_01_c2r1.tgm,Streaming/Content/data/worldareas/mapsteamingsprings.vworld.4,23000797,1079921
1d789db8aadaca3f,unwalkablecliff_forest_stcvw_01_c2r1.tgm.header,Tiny.V9,28921467,878
8a827266e2fe8441,unwalkablecliff_forest_stcvw_01_c2r2.tgm,Streaming/Content/data/worldareas/mapsteamingsprings.vworld.4,24080718,264597
73ac6a2fe12b23f0,unwalkablecliff_forest_stcvw_01_c2r2.tgm.header,Tiny.VB,28702314,966
1c873b0d41d5653f,unwalkablecliff_forest_stcvw_01_c2r3.tgm,Streaming/Content/data/worldareas/mapsteamingsprings.vworld.4,24345315,106153
9a9d4c035e164ac2,unwalkablecliff_forest_stcvw_01_c2r3.tgm.header,Tiny.V0,28736041,702
cf60cb68c289925d,unwalkablecliff_forest_stcvw_01_c1r1.tgm,Streaming/Content/data/worldareas/mapsteamingsprings.vworld.4,22516808,162005
b3eef680de336f54,unwalkablecliff_forest_stcvw_01_c1r1.tgm.header,Tiny.V2,28513758,746
d77136d92209d1d4,unwalkablecliff_forest_stcvw_01_c1r2.tgm,Streaming/Content/data/worldareas/mapsteamingsprings.vworld.4,22678813,182471
30afbbd8bf6eecf3,unwalkablecliff_forest_stcvw_01_c1r2.tgm.header,Tiny.V1,28389072,790
7f6eed7da1322371,unwalkablecliff_forest_stcvw_01_c1r3.tgm,Streaming/Content/data/worldareas/mapsteamingsprings.vworld.4,22861284,139513
a1be0fb39c8042eb,unwalkablecliff_forest_stcvw_01_c1r3.tgm.header,Tiny.V7,28388567,658
d51a34d300d38cb5,unwalkablecliff_forest_tmm_01_c3r1.tgm,Streaming/Content/data/worldareas/mapsteamingsprings.vworld.4,27542346,212191
671cc361145df13b,unwalkablecliff_forest_tmm_01_c3r1.tgm.header,Tiny.VF,28705736,702
355864f15b0078a0,unwalkablecliff_forest_tmm_01_c3r2.tgm,Streaming/Content/data/worldareas/mapsteamingsprings.vworld.4,27754537,266299
75a59bff420baf2e,unwalkablecliff_forest_tmm_01_c3r2.tgm.header,Tiny.VB,28704026,702
4a3f12159f07eccb,unwalkablecliff_forest_tmm_01_c3r3.tgm,Streaming/Content/data/worldareas/mapsteamingsprings.vworld.4,28020836,152477
4e757c49102a3dc8,unwalkablecliff_forest_tmm_01_c3r3.tgm.header,Tiny.VD,28582228,658
138ccc18bf6bb28d,unwalkablecliff_forest_tmm_01_c2r1.tgm,Streaming/Content/data/worldareas/mapsteamingsprings.vworld.4,25803678,879067
caad707c3c96e838,unwalkablecliff_forest_tmm_01_c2r1.tgm.header,Tiny.V0,28737577,878
ee9ae606292836ea,unwalkablecliff_forest_tmm_01_c2r2.tgm,Streaming/Content/data/worldareas/mapsteamingsprings.vworld.4,26682745,859601
47a04a2d9b308b9f,unwalkablecliff_forest_tmm_01_c2r2.tgm.header,Tiny.VC,28692875,1318
639619135b010ceb,unwalkablecliff_forest_tmm_01_c2r3.tgm,Streaming/Content/data/balance/worldareas/mapsteamingsprings.vworld,638739,150181
d55ea15506acd41b,unwalkablecliff_forest_tmm_01_c2r3.tgm.header,Tiny.VB,28703280,746
771dd26a69a29c95,unwalkablecliff_forest_tmm_01_c1r1.tgm,Streaming/Content/data/worldareas/mapsteamingsprings.vworld.4,25226363,292755
55d6d6c5a5898fdb,unwalkablecliff_forest_tmm_01_c1r1.tgm.header,Tiny.V6,28360934,658
e3e9da1317f97433,unwalkablecliff_forest_tmm_01_c1r2.tgm,Streaming/Content/data/worldareas/mapsteamingsprings.vworld.4,25519118,238899
7bef47db6bf7f11d,unwalkablecliff_forest_tmm_01_c1r2.tgm.header,Tiny.VF,28704902,834
0e65b3febe5c8867,unwalkablecliff_forest_tmm_01_c1r3.tgm,Streaming/Content/data/worldareas/mapsteamingsprings.vworld.4,25758017,45661
bbc3106dce8aff07,unwalkablecliff_forest_tmm_01_c1r3.tgm.header,Tiny.V2,28514504,526
1eb3ccb4f380b30c,unwalkablecliff_forest_tms_01_c3r1.tgm,Streaming/Content/data/worldareas/mapsteamingsprings.vworld.4,30236199,297043
cc3282507d7321d6,unwalkablecliff_forest_tms_01_c3r1.tgm.header,Tiny.V8,28462774,834
2f93f8f0a0984079,unwalkablecliff_forest_tms_01_c3r2.tgm,Streaming/Content/data/worldareas/mapsteamingsprings.vworld.4,30533242,362847
90f5bb965f82436d,unwalkablecliff_forest_tms_01_c3r2.tgm.header,Tiny.V0,28738455,1098
b8c08ed248286a45,unwalkablecliff_forest_tms_01_c3r3.tgm,Streaming/Content/data/worldareas/mapsteamingsprings.vworld.4,30896089,145681
11c0fc7d56a25094,unwalkablecliff_forest_tms_01_c3r3.tgm.header,Tiny.V6,28361592,614
867f5adc7e9e1a5a,unwalkablecliff_forest_tms_01_c2r1.tgm,Streaming/Content/data/worldareas/mapsteamingsprings.vworld.4,28722318,212397
638e2e6c75debdeb,unwalkablecliff_forest_tms_01_c2r1.tgm.header,Tiny.V7,28390279,922
1b5a633aabe32216,unwalkablecliff_forest_tms_01_c2r2.tgm,Streaming/Content/data/worldareas/mapsteamingsprings.vworld.4,28934715,868933
1e59e4e8180b86e5,unwalkablecliff_forest_tms_01_c2r2.tgm.header,Tiny.V8,28461148,1626
8edf2eccd8d38910,unwalkablecliff_forest_tms_01_c2r3.tgm,Streaming/Content/data/worldareas/mapsteamingsprings.vworld.4,29803648,432551
78f9c84c75b899ad,unwalkablecliff_forest_tms_01_c2r3.tgm.header,Tiny.V3,28230495,878
33f3821929db5d79,unwalkablecliff_forest_tms_01_c1r1.tgm,Streaming/Content/data/worldareas/mapsteamingsprings.vworld.4,28173313,134857
83d375b5e24a488d,unwalkablecliff_forest_tms_01_c1r1.tgm.header,Tiny.V2,28515030,614
16c23426ebde6763,unwalkablecliff_forest_tms_01_c1r2.tgm,Streaming/Content/data/worldareas/mapsteamingsprings.vworld.4,28308170,335727
648cc3476b225311,unwalkablecliff_forest_tms_01_c1r2.tgm.header,Tiny.V1,28390740,1098
84489ef9b9b91a5e,unwalkablecliff_forest_tms_01_c1r3.tgm,Streaming/Content/data/worldareas/mapsteamingsprings.vworld.4,28643897,78421
820072de2fe354fe,unwalkablecliff_forest_tms_01_c1r3.tgm.header,Tiny.VC,28694193,614
fb80ba95169b761e,unwalkablecliff_forest_tmw_01_c3r1.tgm,Streaming/Content/data/worldareas/mapsteamingsprings.vworld.4,32925584,230293
da5fda75eff2bb93,unwalkablecliff_forest_tmw_01_c3r1.tgm.header,Tiny.VE,28304641,746
a9e25de9c42df755,unwalkablecliff_forest_tmw_01_c3r2.tgm,Streaming/Content/data/worldareas/mapsteamingsprings.vworld.4,33155877,244761
464a64e3943864b4,unwalkablecliff_forest_tmw_01_c3r2.tgm.header,Tiny.V8,28463608,878
a8d1a61ea8036f3d,unwalkablecliff_forest_tmw_01_c3r3.tgm,Streaming/Content/data/worldareas/mapsteamingsprings.vworld.4,33400638,167157
ada1e50cb6cfd3e7,unwalkablecliff_forest_tmw_01_c3r3.tgm.header,Tiny.V2,28515644,570
a48cd930c9f3e61b,unwalkablecliff_forest_tmw_01_c2r1.tgm,Streaming/Content/data/worldareas/mapsteamingsprings.vworld.4,31856637,142869
40db96924f43f7cf,unwalkablecliff_forest_tmw_01_c2r1.tgm.header,Tiny.V1,28392540,614
2dce529820629eae,unwalkablecliff_forest_tmw_01_c2r2.tgm,Streaming/Content/data/worldareas/mapsteamingsprings.vworld.4,31999506,715683
c25b20c956e1d58e,unwalkablecliff_forest_tmw_01_c2r2.tgm.header,Tiny.V5,28035815,1230
4aed1bcabd5874d7,unwalkablecliff_forest_tmw_01_c2r3.tgm,Streaming/Content/data/worldareas/mapsteamingsprings.vworld.4,32715189,210395
f9656245b4258122,unwalkablecliff_forest_tmw_01_c2r3.tgm.header,Tiny.V1,28393154,746
56c868b8012a31e5,unwalkablecliff_forest_tmw_01_c1r1.tgm,Streaming/Content/data/worldareas/mapsteamingsprings.vworld.4,31041770,93403
9d0b463f310abb49,unwalkablecliff_forest_tmw_01_c1r1.tgm.header,Tiny.V4,28849526,526
36a0ad1f1d05bdff,unwalkablecliff_forest_tmw_01_c1r2.tgm,Streaming/Content/data/worldareas/mapsteamingsprings.vworld.4,31135173,498605
a0abd9480451a348,unwalkablecliff_forest_tmw_01_c1r2.tgm.header,Tiny.V6,28362206,966
8302577cd8043b81,unwalkablecliff_forest_tmw_01_c1r3.tgm,Streaming/Content/data/worldareas/mapsteamingsprings.vworld.4,31633778,222859
de866114c3c5e6bb,unwalkablecliff_forest_tmw_01_c1r3.tgm.header,Tiny.V1,28391838,702
