hash,file,bundle,offset,size
d93f2646fff413a2,gates_exit_transition_01_c9r1.tgm,Streaming/Content/data/worldareas/3C/p2_1.vworld,0,648889
816c8f6a800c3079,gates_exit_transition_01_c9r1.tgm.header,Tiny.V1,19408156,1846
fd07684e826c65e2,gates_exit_transition_01_c9r2.tgm,Streaming/Content/data/worldareas/B5/p2_1.vworld,2470938,403375
e19f8ad9ab3a5a8d,gates_exit_transition_01_c9r2.tgm.header,Tiny.VD,19213276,1494
769fff4ab450a244,gates_exit_transition_01_c9r3.tgm,Streaming/Content/data/worldareas/5E/p2_1.vworld,917922,40513
8fdf4a0ca9a07eb1,gates_exit_transition_01_c9r3.tgm.header,Tiny.VD,19214770,702
dbd9025d3569793f,gates_exit_transition_01_c9r4.tgm,Tiny.V3,19333278,1445
13492c8afb48549a,gates_exit_transition_01_c9r4.tgm.header,Tiny.V9,19796072,264
00b2979b90409aad,gates_exit_transition_01_c9r5.tgm,Tiny.VC,19456794,1025
ebaf7b3843d1f943,gates_exit_transition_01_c9r5.tgm.header,Tiny.VD,19215472,264
8089f3b2b8204984,gates_exit_transition_01_c9r6.tgm,Tiny.VC,19457819,1269
ba0ca8f4f694b81f,gates_exit_transition_01_c9r6.tgm.header,Tiny.VD,19215736,264
76d675e6ad7bd07e,gates_exit_transition_01_c9r7.tgm,Streaming/Content/data/balance/worldareas/4B/g3_2_1.vworld,640631,30375
a065c92fbedb2160,gates_exit_transition_01_c9r7.tgm.header,Tiny.V7,19390967,526
63093031aa7c52f6,gates_exit_transition_01_c9r8.tgm,Streaming/Content/data/worldareas/19/p2_1.vworld,2486121,403141
3b15d7dbb164506e,gates_exit_transition_01_c9r8.tgm.header,Tiny.V5,19196371,1538
2f46abe21fdbe8fe,gates_exit_transition_01_c9r9.tgm,Streaming/Content/data/worldareas/F2/p2_1.vworld,6291792,523191
8400d6cc9f10bfac,gates_exit_transition_01_c9r9.tgm.header,Tiny.V2,19644790,1758
09e84eec342af61d,gates_exit_transition_01_c8r1.tgm,Streaming/Content/data/worldareas/B6/p2_1.vworld,246187,953597
958051c76e68d910,gates_exit_transition_01_c8r1.tgm.header,Tiny.V8,19521055,1450
e454f57a63ff751a,gates_exit_transition_01_c8r2.tgm,Streaming/Content/data/worldareas/CC/p2_1.vworld,0,991491
af7e2f854712e5eb,gates_exit_transition_01_c8r2.tgm.header,Tiny.V2,19643384,1406
6dac3f1d311e9d76,gates_exit_transition_01_c8r3.tgm,Streaming/Content/data/balance/worldareas/27/p2_1.vworld,0,310267
dc48f4ba92cbc29c,gates_exit_transition_01_c8r3.tgm.header,Tiny.V0,19742546,790
af658f77c6ad9dd9,gates_exit_transition_01_c8r4.tgm,Streaming/Content/data/worldareas/1D/p2_1.vworld,5598941,201525
699a83a36e46c57b,gates_exit_transition_01_c8r4.tgm.header,Tiny.V1,19407762,394
1101f0a2095de1e2,gates_exit_transition_01_c8r5.tgm,Streaming/Content/data/worldareas/15/p2_1.vworld,5737722,130227
40d3164c6b98172d,gates_exit_transition_01_c8r5.tgm.header,Tiny.V0,19743336,264
67c97e6645772e9a,gates_exit_transition_01_c8r6.tgm,Streaming/Content/data/worldareas/30/p2_1.vworld,2817273,253097
25020d66c65e7d2c,gates_exit_transition_01_c8r6.tgm.header,Tiny.VD,19212882,394
bb6d2b4ec6de6f0d,gates_exit_transition_01_c8r7.tgm,Streaming/Content/data/worldareas/C9/p2_1.vworld,5841919,157009
251307ee23425702,gates_exit_transition_01_c8r7.tgm.header,Tiny.V5,19195625,746
85a0e8c67b00b141,gates_exit_transition_01_c8r8.tgm,Streaming/Content/data/worldareas/80/p2_1.vworld,0,1311271
0a3abad5a42dbb95,gates_exit_transition_01_c8r8.tgm.header,Tiny.V7,19387669,3298
432d61000de8c295,gates_exit_transition_01_c8r9.tgm,Streaming/Content/data/worldareas/BD/p2_1.vworld,24503,793669
685233637c321300,gates_exit_transition_01_c8r9.tgm.header,Tiny.V4,19853358,1802
b8cfb2dba42b8b90,gates_exit_transition_01_c7r1.tgm,Streaming/Content/data/worldareas/8A/p2_1.vworld,0,690809
6a719d28eacdeeba,gates_exit_transition_01_c7r1.tgm.header,Tiny.V0,19739382,1538
624ee147855f97d7,gates_exit_transition_01_c7r2.tgm,Streaming/Content/data/worldareas/10/p2_1.vworld,6990856,640587
ea6b8e8e352b4fae,gates_exit_transition_01_c7r2.tgm.header,Tiny.V9,19794006,2066
39735e28dbd578ff,gates_exit_transition_01_c7r3.tgm,Streaming/Content/data/worldareas/B5/p2_1.vworld,2318423,152515
0f4e64837a355395,gates_exit_transition_01_c7r3.tgm.header,Tiny.VD,19212268,614
68c234c7be2cc4d0,gates_exit_transition_01_c7r4.tgm,Streaming/Content/data/balance/worldareas/DF/p2_1.vworld,1638534,84599
7b7a40f95b6e8bc2,gates_exit_transition_01_c7r4.tgm.header,Tiny.V8,19519959,438
9bad3a167cb5363e,gates_exit_transition_01_c7r5.tgm,Tiny.V6,19485172,2197
a4cde57b7ea9cd04,gates_exit_transition_01_c7r5.tgm.header,Tiny.V7,19385251,264
9c44ce1bf3f6987a,gates_exit_transition_01_c7r6.tgm,Streaming/Content/data/balance/worldareas/EA/p2_1.vworld,838883,73267
e2fe0db9adb3721f,gates_exit_transition_01_c7r6.tgm.header,Tiny.V6,19487369,438
2dc7c6b5e5fa10e1,gates_exit_transition_01_c7r7.tgm,Streaming/Content/data/balance/worldareas/p2_1.vworld,656379,136813
4994dea464762062,gates_exit_transition_01_c7r7.tgm.header,Tiny.V8,19520397,658
1e12886ea667ead8,gates_exit_transition_01_c7r8.tgm,Streaming/Content/data/worldareas/19/p2_1.vworld,1827664,658457
6105a2f855ec1c9c,gates_exit_transition_01_c7r8.tgm.header,Tiny.V7,19385515,2154
d5f6e51bd9049c95,gates_exit_transition_01_c7r9.tgm,Streaming/Content/data/worldareas/09/p2_1.vworld,174517,556123
af93d77f7a39447d,gates_exit_transition_01_c7r9.tgm.header,Tiny.V0,19740920,1626
5dd7d9f30e26701d,gates_exit_transition_01_c6r1.tgm,Streaming/Content/data/worldareas/E5/p2_1.vworld,1398276,127359
43df20487ed1574a,gates_exit_transition_01_c6r1.tgm.header,Tiny.V2,19642110,1010
65bafa8401a05f18,gates_exit_transition_01_c6r2.tgm,Streaming/Content/data/worldareas/47/p2_1.vworld,42148,512889
b7ec1dcc50cf8757,gates_exit_transition_01_c6r2.tgm.header,Tiny.V9,19789299,2110
7dc5ea8615f44423,gates_exit_transition_01_c6r3.tgm,Streaming/Content/data/balance/worldareas/52/p2_1.vworld.1,1514503,8313
7f97e79312149efd,gates_exit_transition_01_c6r3.tgm.header,Tiny.V6,19483900,394
74376f95a14a8e0d,gates_exit_transition_01_c6r4.tgm,Tiny.VC,19453795,2735
19e7353ed999b06c,gates_exit_transition_01_c6r4.tgm.header,Tiny.VF,19578546,264
079cc66a2f420aa7,gates_exit_transition_01_c6r5.tgm,Tiny.V8,19517362,2597
0a62835e8484ec68,gates_exit_transition_01_c6r5.tgm.header,Tiny.V2,19643120,264
b06aa6dd1965b211,gates_exit_transition_01_c6r6.tgm,Tiny.V9,19791409,2597
4459c80b165a3db2,gates_exit_transition_01_c6r6.tgm.header,Tiny.VC,19456530,264
b332101c6788e7f0,gates_exit_transition_01_c6r7.tgm,Streaming/Content/data/balance/worldareas/75/mapuberboss_ritual.vworld,103382,11265
4e2c2226e33d95d2,gates_exit_transition_01_c6r7.tgm.header,Tiny.V0,19739076,306
b347cb88b6c82635,gates_exit_transition_01_c6r8.tgm,Streaming/Content/data/worldareas/DA/p2_1.vworld,179253,500829
6862b69a6c6ded75,gates_exit_transition_01_c6r8.tgm.header,Tiny.V4,19851336,2022
00acb35642327d10,gates_exit_transition_01_c6r9.tgm,Streaming/Content/data/worldareas/54/p2_1.vworld,1398276,119497
c08e5fa8d8748dcb,gates_exit_transition_01_c6r9.tgm.header,Tiny.V6,19484294,878
3741856f5f31e74d,gates_exit_transition_01_c5r1.tgm,Streaming/Content/data/worldareas/58/p2_1.vworld,2806165,37731
744ca315dbb5c99d,gates_exit_transition_01_c5r1.tgm.header,Tiny.VF,19577976,570
0a4c86ce039a3607,gates_exit_transition_01_c5r2.tgm,Streaming/Content/data/worldareas/A6/p2_1.vworld,915559,273473
4af9fdca3662f496,gates_exit_transition_01_c5r2.tgm.header,Tiny.V9,19787629,1406
49006b24ac8a556d,gates_exit_transition_01_c5r3.tgm,Streaming/Content/data/balance/worldareas/18/p2_1.vworld,13299,5387
338f4d964e87b2d9,gates_exit_transition_01_c5r3.tgm.header,Tiny.V9,19789035,264
33975699d52ec611,gates_exit_transition_01_c5r4.tgm,Tiny.V3,19330681,2333
6656be242876e3be,gates_exit_transition_01_c5r4.tgm.header,Tiny.V3,19333014,264
8d3cc3fd8b8359c3,gates_exit_transition_01_c5r5.tgm,Tiny.VC,19451330,2465
d436745a80b4b714,gates_exit_transition_01_c5r5.tgm.header,Tiny.VE,19320835,264
14ce0f3b7eae92d5,gates_exit_transition_01_c5r6.tgm,Tiny.VE,19321099,2111
123e1b90f8d318a1,gates_exit_transition_01_c5r6.tgm.header,Tiny.V6,19483636,264
eaf2aca65ff20a21,gates_exit_transition_01_c5r7.tgm,Streaming/Content/data/worldareas/94/p2_1.vworld,882266,5311
36567c5bf9b18738,gates_exit_transition_01_c5r7.tgm.header,Tiny.VB,19383399,350
0e3545a74dafb63b,gates_exit_transition_01_c5r8.tgm,Streaming/Content/data/worldareas/B6/p2_1.vworld,0,246187
bfe4ae8283ec1569,gates_exit_transition_01_c5r8.tgm.header,Tiny.V2,19640748,1362
5e8f80aff74a89d3,gates_exit_transition_01_c5r9.tgm,Streaming/Content/data/worldareas/19/p2_1.vworld,1812509,15155
6e8baa28ed4205af,gates_exit_transition_01_c5r9.tgm.header,Tiny.V4,19850810,526
292523b7df9bfadf,gates_exit_transition_01_c4r1.tgm,Streaming/Content/data/worldareas/F9/p2_1.vworld,1244908,152925
a441c923b5c10e40,gates_exit_transition_01_c4r1.tgm.header,Tiny.V6,19482890,746
73ebf3aabf60058b,gates_exit_transition_01_c4r2.tgm,Streaming/Content/data/balance/worldareas/90/p2_1.vworld.1,1122665,154811
a001e8c883388181,gates_exit_transition_01_c4r2.tgm.header,Tiny.V9,19785785,966
d20a27c491bed53f,gates_exit_transition_01_c4r3.tgm,Streaming/Content/data/worldareas/FE/p2_1.vworld,699212,24097
fe39771b44aca005,gates_exit_transition_01_c4r3.tgm.header,Tiny.V8,19516792,306
4ebdc2fa793f75d4,gates_exit_transition_01_c4r4.tgm,Tiny.VE,19319476,1359
d078851eebdb1885,gates_exit_transition_01_c4r4.tgm.header,Tiny.V7,19384987,264
f26fec1bbe0c7f35,gates_exit_transition_01_c4r5.tgm,Tiny.VB,19381476,1923
df21fd78f3bb657c,gates_exit_transition_01_c4r5.tgm.header,Tiny.V8,19517098,264
f852acd2a9b5f1b5,gates_exit_transition_01_c4r6.tgm,Tiny.V4,19849595,1215
47e31d220702c89b,gates_exit_transition_01_c4r6.tgm.header,Tiny.V1,19407498,264
100f247499c77bfe,gates_exit_transition_01_c4r7.tgm,Streaming/Content/data/worldareas/94/p2_1.vworld,860679,21587
09d08b0a103c7e43,gates_exit_transition_01_c4r7.tgm.header,Tiny.VD,19211918,350
5ba9afcbb4513390,gates_exit_transition_01_c4r8.tgm,Streaming/Content/data/worldareas/D0/p2_1.vworld,699212,106133
b722a4643faa3cb1,gates_exit_transition_01_c4r8.tgm.header,Tiny.V9,19786751,878
b6ddbd3918e05e28,gates_exit_transition_01_c4r9.tgm,Streaming/Content/data/worldareas/61/p2_1.vworld,195675,104033
0658e73489bd8e0e,gates_exit_transition_01_c4r9.tgm.header,Tiny.VA,19493150,746
abfb660fcc3502d6,gates_exit_transition_01_c3r1.tgm,Streaming/Content/data/worldareas/14/p2_1.vworld,699212,140933
491dc936d39b9eaf,gates_exit_transition_01_c3r1.tgm.header,Tiny.VF,19576352,746
923d60679540c595,gates_exit_transition_01_c3r2.tgm,Streaming/Content/data/worldareas/2D/p2_1.vworld,811647,166999
08ff9a11c3ccdd9a,gates_exit_transition_01_c3r2.tgm.header,Tiny.V7,19384109,878
92ab65cb246309e9,gates_exit_transition_01_c3r3.tgm,Streaming/Content/data/worldareas/30/p2_1.vworld,2796364,20909
1b3b779f66f1ce50,gates_exit_transition_01_c3r3.tgm.header,Tiny.VD,19211654,264
7ca04863f647167a,gates_exit_transition_01_c3r4.tgm,Tiny.V8,19516275,517
38b1644e5c3c84aa,gates_exit_transition_01_c3r4.tgm.header,Tiny.V3,19330417,264
8c5559dfe0227c63,gates_exit_transition_01_c3r5.tgm,Tiny.VA,19492159,991
08b0a27fc0cba963,gates_exit_transition_01_c3r5.tgm.header,Tiny.VE,19319212,264
a3a7faacd349860b,gates_exit_transition_01_c3r6.tgm,Tiny.V1,19406873,625
fa58cf269049533a,gates_exit_transition_01_c3r6.tgm.header,Tiny.V4,19849067,264
afe424e91648831b,gates_exit_transition_01_c3r7.tgm,Streaming/Content/data/balance/worldareas/40/p2_1.vworld,481900,21045
8a61f94fe286b9b7,gates_exit_transition_01_c3r7.tgm.header,Tiny.V4,19849331,264
25da0b1919f4f83c,gates_exit_transition_01_c3r8.tgm,Streaming/Content/data/worldareas/C4/p2_1.vworld,1407181,147061
4c43993d767d3240,gates_exit_transition_01_c3r8.tgm.header,Tiny.VF,19577098,878
3bd32780c34649f1,gates_exit_transition_01_c3r9.tgm,Streaming/Content/data/balance/worldareas/72/p2_1.vworld,187256,128767
3fd9ced212f42acf,gates_exit_transition_01_c3r9.tgm.header,Tiny.V6,19482100,790
52579a4bbe4782b1,gates_exit_transition_01_c2r1.tgm,Streaming/Content/data/worldareas/1E/p2_1.vworld,3011876,139335
c7617bc781f5bc11,gates_exit_transition_01_c2r1.tgm.header,Tiny.VF,19574376,922
5a45467e44b1aa53,gates_exit_transition_01_c2r2.tgm,Streaming/Content/data/balance/worldareas/2B/p2_1.vworld,49871,158771
d2439a4e61e94392,gates_exit_transition_01_c2r2.tgm.header,Tiny.VD,19210556,1098
f377a29d6f0e82fb,gates_exit_transition_01_c2r3.tgm,Streaming/Content/data/worldareas/A3/p2_1.vworld,413853,22481
9d1f61b32ca7d309,gates_exit_transition_01_c2r3.tgm.header,Tiny.V1,19405733,306
18c9f8e84d9bfaa9,gates_exit_transition_01_c2r4.tgm,Tiny.V0,19738481,595
183f83508e4b4a5d,gates_exit_transition_01_c2r4.tgm.header,Tiny.V4,19848803,264
5de42ebe5eee7bc2,gates_exit_transition_01_c2r5.tgm,Tiny.V2,19639679,1069
8aa49188835ffccd,gates_exit_transition_01_c2r5.tgm.header,Tiny.V7,19383581,264
fd61970572e1a7f3,gates_exit_transition_01_c2r6.tgm,Tiny.V5,19195000,625
f77c96785f8de764,gates_exit_transition_01_c2r6.tgm.header,Tiny.V7,19383845,264
c61b9fd4ae757888,gates_exit_transition_01_c2r7.tgm,Streaming/Content/data/worldareas/BD/p2_1.vworld,0,24503
515c7e8bcdcbd912,gates_exit_transition_01_c2r7.tgm.header,Tiny.V6,19481750,350
3938e19cf99dfe3d,gates_exit_transition_01_c2r8.tgm,Streaming/Content/data/balance/worldareas/DB/g4_11_2.vworld,450473,184833
0c2b8c42b8682aa7,gates_exit_transition_01_c2r8.tgm.header,Tiny.VF,19575298,1054
0ec18fa87bb5d858,gates_exit_transition_01_c2r9.tgm,Streaming/Content/data/worldareas/A6/p2_1.vworld,770664,144895
c73cfd575529cd69,gates_exit_transition_01_c2r9.tgm.header,Tiny.V1,19406039,834
c722866171c48945,gates_exit_transition_01_c18r1.tgm,Tiny.VC,19450561,463
346b54f86d4acaa1,gates_exit_transition_01_c18r1.tgm.header,Tiny.VD,23943870,264
7704ee76b8c95a0e,gates_exit_transition_01_c18r2.tgm,Tiny.V2,19634785,3237
687f52de3542f0b4,gates_exit_transition_01_c18r2.tgm.header,Tiny.V2,19638022,306
ff1f5fc6267a7f64,gates_exit_transition_01_c18r3.tgm,Streaming/Content/data/worldareas/3E/p2_1.vworld,897471,20549
42cd341078d088f5,gates_exit_transition_01_c18r3.tgm.header,Tiny.V9,19785479,306
607754293cd19411,gates_exit_transition_01_c18r4.tgm,Tiny.V2,19638328,1351
3f86358616e10f77,gates_exit_transition_01_c18r4.tgm.header,Tiny.VD,19206421,264
ab67a56381b14ebe,gates_exit_transition_01_c18r5.tgm,Streaming/Content/data/balance/worldareas/p2_1.vworld,250185,17123
9ce54c143eaefc41,gates_exit_transition_01_c18r5.tgm.header,Tiny.VC,19451024,306
2d27f29ec3cc0a8b,gates_exit_transition_01_c18r6.tgm,Streaming/Content/data/balance/worldareas/E8/p2_1.vworld,2447936,15339
b23807db0d9370fd,gates_exit_transition_01_c18r6.tgm.header,Tiny.V1,19405383,350
ccb842968a8348bb,gates_exit_transition_01_c18r7.tgm,Tiny.VF,19572619,439
b9eef971425da5b3,gates_exit_transition_01_c18r7.tgm.header,Tiny.V2,22708812,264
8c7e9ba2ec3117e1,gates_exit_transition_01_c18r8.tgm,Tiny.VE,19317855,919
efbef80368efbc1f,gates_exit_transition_01_c18r8.tgm.header,Tiny.V1,24239025,264
c1cf3e7fda466d5d,gates_exit_transition_01_c18r9.tgm,Tiny.VD,19206685,487
76d7e4e8b7c5ec27,gates_exit_transition_01_c18r9.tgm.header,Tiny.V0,25451889,264
162f1b45e4c871e6,gates_exit_transition_01_c17r1.tgm,Tiny.V1,19404620,457
ca65fb62eb523b81,gates_exit_transition_01_c17r1.tgm.header,Tiny.V0,24648190,264
5cd57a3cbf37183f,gates_exit_transition_01_c17r2.tgm,Tiny.V6,19477022,3293
46518a5767231c1b,gates_exit_transition_01_c17r2.tgm.header,Tiny.V1,19405077,306
aef0fa0a9657e827,gates_exit_transition_01_c17r3.tgm,Streaming/Content/data/worldareas/A0/p2_1.vworld,0,21157
c0b92993d4dbc44a,gates_exit_transition_01_c17r3.tgm.header,Tiny.V6,19480315,306
8c18d99676bee2bc,gates_exit_transition_01_c17r4.tgm,Tiny.V9,19782456,3023
89c554275b9584f7,gates_exit_transition_01_c17r4.tgm.header,Tiny.VA,19491631,264
b9ce0f5a4b9ed7cf,gates_exit_transition_01_c17r5.tgm,Streaming/Content/data/balance/worldareas/EF/p2_1.vworld,387812,23529
e7ba35fe34ab73ed,gates_exit_transition_01_c17r5.tgm.header,Tiny.VE,19317199,306
879d9ae9710464e7,gates_exit_transition_01_c17r6.tgm,Streaming/Content/data/balance/worldareas/9F/p2_1.vworld,0,10323
cc4fefdf6ef68a72,gates_exit_transition_01_c17r6.tgm.header,Tiny.VE,19317505,350
d41b8acc7aca2d8e,gates_exit_transition_01_c17r7.tgm,Tiny.V3,19328256,799
844d824582e70f61,gates_exit_transition_01_c17r7.tgm.header,Tiny.V5,19194736,264
815cd2e8abe2226d,gates_exit_transition_01_c17r8.tgm,Tiny.VF,19571292,1327
5863f14cb8edc316,gates_exit_transition_01_c17r8.tgm.header,Tiny.V6,19480621,264
b8e5b46913bbff7a,gates_exit_transition_01_c17r9.tgm,Tiny.V7,19382806,511
cffc5fa89cb8a136,gates_exit_transition_01_c17r9.tgm.header,Tiny.V8,24413336,264
85edd7f35255a46f,gates_exit_transition_01_c16r1.tgm,Tiny.V8,19514687,403
25df38d2cb2de205,gates_exit_transition_01_c16r1.tgm.header,Tiny.VC,19257289,264
c82c43075677957f,gates_exit_transition_01_c16r2.tgm,Streaming/Content/data/worldareas/6B/p2_1.vworld,1398276,5467
5ae67a977ea9f35f,gates_exit_transition_01_c16r2.tgm.header,Tiny.V8,19515090,350
16c46fee6e1d13ed,gates_exit_transition_01_c16r3.tgm,Streaming/Content/data/balance/worldareas/DE/p2_1.vworld,1605412,25071
0e593af0fcd4ea3b,gates_exit_transition_01_c16r3.tgm.header,Tiny.V2,19633469,350
f9ab049d6125a01c,gates_exit_transition_01_c16r4.tgm,Streaming/Content/data/balance/worldareas/33/p2_1.vworld,610845,4795
3b541de0b02774b3,gates_exit_transition_01_c16r4.tgm.header,Tiny.VE,19315450,350
3be96fb16545df6f,gates_exit_transition_01_c16r5.tgm,Streaming/Content/data/balance/worldareas/9C/p2_1.vworld,371082,18487
3a47d58202b6ff41,gates_exit_transition_01_c16r5.tgm.header,Tiny.V2,19633819,438
5d57f92c33ab8c3f,gates_exit_transition_01_c16r6.tgm,Streaming/Content/data/worldareas/F4/p2_1.vworld,708179,17029
24adf41595d263ca,gates_exit_transition_01_c16r6.tgm.header,Tiny.VE,19315800,438
9f96644037cdb32f,gates_exit_transition_01_c16r7.tgm,Tiny.VF,19569801,1491
e1c88d2fe2996ce9,gates_exit_transition_01_c16r7.tgm.header,Tiny.V2,19634257,264
2a1054c11468f4c8,gates_exit_transition_01_c16r8.tgm,Tiny.V1,19403049,1571
a8b61dc78986fb78,gates_exit_transition_01_c16r8.tgm.header,Tiny.VC,19450297,264
a5aa1841bcb94792,gates_exit_transition_01_c16r9.tgm,Tiny.VE,19316238,961
683ba99766bba9b1,gates_exit_transition_01_c16r9.tgm.header,Tiny.V2,19634521,264
7a772f23ff4dbaa5,gates_exit_transition_01_c15r1.tgm,Streaming/Content/data/worldareas/AC/p2_1.vworld,1521225,9585
f74516fc0c00d97f,gates_exit_transition_01_c15r1.tgm.header,Tiny.VD,19206115,306
ba2c0014dd96d240,gates_exit_transition_01_c15r2.tgm,Streaming/Content/data/balance/worldareas/5B/p2_1.vworld,1610970,21807
82ba0fa5403f6a9d,gates_exit_transition_01_c15r2.tgm.header,Tiny.VB,19380369,614
f52b6623aaa61eac,gates_exit_transition_01_c15r3.tgm,Streaming/Content/data/balance/worldareas/25/p2_1.vworld,70109,59403
c2d3569aca70a490,gates_exit_transition_01_c15r3.tgm.header,Tiny.V6,19475532,614
73e4e1063fb937dc,gates_exit_transition_01_c15r4.tgm,Streaming/Content/data/worldareas/1D/p2_1.vworld,5592580,6361
56b1437c490502b2,gates_exit_transition_01_c15r4.tgm.header,Tiny.V6,19476146,350
f33c38e85b0f5cfa,gates_exit_transition_01_c15r5.tgm,Streaming/Content/data/worldareas/ED/p2_1.vworld,2844879,31371
aa97ffaf2004de52,gates_exit_transition_01_c15r5.tgm.header,Tiny.V9,19782062,394
13cd497ad782b855,gates_exit_transition_01_c15r6.tgm,Streaming/Content/data/worldareas/55/p2_1.vworld,728829,33989
ab0b9d31230a7d85,gates_exit_transition_01_c15r6.tgm.header,Tiny.V0,19737911,570
550d96dc8aa236e7,gates_exit_transition_01_c15r7.tgm,Streaming/Content/data/balance/worldareas/EB/karuishowcase.vworld,660515,18917
a0c7be60be8ad1a5,gates_exit_transition_01_c15r7.tgm.header,Tiny.V6,19476496,526
9c024257866afee8,gates_exit_transition_01_c15r8.tgm,Streaming/Content/data/balance/worldareas/A1/g2_2.vworld,732840,9047
4111e3ec0a146e4e,gates_exit_transition_01_c15r8.tgm.header,Tiny.V7,19382412,394
30f6a56c655635d4,gates_exit_transition_01_c15r9.tgm,Streaming/Content/data/balance/worldareas/DD/p2_1.vworld,45723,21671
bf4365d454e79988,gates_exit_transition_01_c15r9.tgm.header,Tiny.V1,19402611,438
02cfd2c6df67719e,gates_exit_transition_01_c14r1.tgm,Streaming/Content/data/worldareas/8E/p2_1.vworld,2802180,244247
5ed00c4dfd9f5506,gates_exit_transition_01_c14r1.tgm.header,Tiny.V1,19399266,746
c1b73cfd482ceb4d,gates_exit_transition_01_c14r2.tgm,Streaming/Content/data/balance/worldareas/75/mapuberboss_ritual.vworld,5291,98091
d84b05fd03347478,gates_exit_transition_01_c14r2.tgm.header,Tiny.V5,19193684,702
dfede8531c498c5d,gates_exit_transition_01_c14r3.tgm,Streaming/Content/data/worldareas/0D/p2_1.vworld,4194640,38433
20992fb555ba313b,gates_exit_transition_01_c14r3.tgm.header,Tiny.VA,19490973,658
11f5eed519011380,gates_exit_transition_01_c14r4.tgm,Tiny.V1,19400012,2599
e1d58657f22055a9,gates_exit_transition_01_c14r4.tgm.header,Tiny.V7,19382106,306
76953e3d42bb3fe4,gates_exit_transition_01_c14r5.tgm,Streaming/Content/data/worldareas/C2/p2_1.vworld,556204,27229
196928d83eea88ea,gates_exit_transition_01_c14r5.tgm.header,Tiny.V5,19194386,350
646dec0e7893c693,gates_exit_transition_01_c14r6.tgm,Streaming/Content/data/worldareas/55/p2_1.vworld,699212,29617
c6667386b33f49ba,gates_exit_transition_01_c14r6.tgm.header,Tiny.V8,19514205,482
88476d1fe37ffb71,gates_exit_transition_01_c14r7.tgm,Streaming/Content/data/balance/worldareas/AB/mapport.vworld,550461,43473
b04ac0bdc7dd53a4,gates_exit_transition_01_c14r7.tgm.header,Tiny.VC,19449639,658
c9a1ac48eb5411d3,gates_exit_transition_01_c14r8.tgm,Streaming/Content/data/worldareas/F1/p2_1.vworld,11218793,55445
d9c902d6947e3363,gates_exit_transition_01_c14r8.tgm.header,Tiny.V9,19781448,614
d8861ef7b453054b,gates_exit_transition_01_c14r9.tgm,Streaming/Content/data/worldareas/1E/p2_1.vworld,2842777,169099
b7f2b4c1bb730b46,gates_exit_transition_01_c14r9.tgm.header,Tiny.VE,19314704,746
e5fe280cd6915d9e,gates_exit_transition_01_c13r1.tgm,Streaming/Content/data/worldareas/BB/p2_1.vworld,425539,661667
3ae894d454911a2c,gates_exit_transition_01_c13r1.tgm.header,Tiny.V7,19380304,1802
63f18fe28f74e9d3,gates_exit_transition_01_c13r2.tgm,Streaming/Content/data/worldareas/3E/p2_1.vworld,670150,227321
d2e2d202152cb4f8,gates_exit_transition_01_c13r2.tgm.header,Tiny.VC,19448453,1186
5c8ab35cc0674128,gates_exit_transition_01_c13r3.tgm,Streaming/Content/data/worldareas/F7/p2_1.vworld,1398276,35163
acbd561d150e68ba,gates_exit_transition_01_c13r3.tgm.header,Tiny.VA,19490403,570
1d358d6abe98a393,gates_exit_transition_01_c13r4.tgm,Tiny.V4,19846638,1727
16f2c5af4958fe10,gates_exit_transition_01_c13r4.tgm.header,Tiny.V6,19474170,264
68227a92d881fec1,gates_exit_transition_01_c13r5.tgm,Streaming/Content/data/worldareas/C4/p2_1.vworld,1398424,8757
3ae83fbf61388795,gates_exit_transition_01_c13r5.tgm.header,Tiny.V8,19513899,306
a2b4254c37796f4b,gates_exit_transition_01_c13r6.tgm,Streaming/Content/data/worldareas/15/p2_1.vworld,5720191,17531
df358f023c0474c7,gates_exit_transition_01_c13r6.tgm.header,Tiny.V2,19633119,350
d30e7426e218be40,gates_exit_transition_01_c13r7.tgm,Streaming/Content/data/balance/worldareas/8B/mapgrimhaven.vworld,520271,43415
32e66bbedb374b84,gates_exit_transition_01_c13r7.tgm.header,Tiny.V0,19737165,746
ae4bec824f903cfc,gates_exit_transition_01_c13r8.tgm,Streaming/Content/data/worldareas/94/p2_1.vworld,699212,161467
dc5de2898b5af331,gates_exit_transition_01_c13r8.tgm.header,Tiny.V6,19474434,1098
3d2bba0b3e13fe73,gates_exit_transition_01_c13r9.tgm,Streaming/Content/data/worldareas/07/p2_1.vworld,186387,627325
8e3a845fffbff5a8,gates_exit_transition_01_c13r9.tgm.header,Tiny.V5,19191794,1890
1da8bc10747bf290,gates_exit_transition_01_c12r1.tgm,Streaming/Content/data/balance/worldareas/74/p2_1.vworld,2796364,597817
7a89ccd9d7a96dca,gates_exit_transition_01_c12r1.tgm.header,Tiny.VC,19446563,1890
ce0128ea522405f6,gates_exit_transition_01_c12r2.tgm,Streaming/Content/data/balance/worldareas/88/p2_1.vworld,1627772,312535
0f6e620e0078990d,gates_exit_transition_01_c12r2.tgm.header,Tiny.VF,19566593,1362
449162e42f9f145d,gates_exit_transition_01_c12r3.tgm,Streaming/Content/data/worldareas/AA/p2_1.vworld,349700,42399
1eeadf76a9f1280e,gates_exit_transition_01_c12r3.tgm.header,Tiny.V1,19398388,614
45699ff632ba7c3f,gates_exit_transition_01_c12r4.tgm,Tiny.V6,19472495,1675
5ca97133a1b4b002,gates_exit_transition_01_c12r4.tgm.header,Tiny.V1,19399002,264
f555325cb462fa48,gates_exit_transition_01_c12r5.tgm,Tiny.V0,19735534,1631
642d89d962a13b7a,gates_exit_transition_01_c12r5.tgm.header,Tiny.V2,19632329,264
5686e792bee24c18,gates_exit_transition_01_c12r6.tgm,Tiny.V7,19378649,1655
c4a99862c9cdcdde,gates_exit_transition_01_c12r6.tgm.header,Tiny.V8,19513635,264
e72e7544ab868194,gates_exit_transition_01_c12r7.tgm,Streaming/Content/data/balance/worldareas/C0/p2_1.vworld,983465,17141
7f4b49d28d9bfe45,gates_exit_transition_01_c12r7.tgm.header,Tiny.V2,19632593,526
837628e180dfe8e1,gates_exit_transition_01_c12r8.tgm,Streaming/Content/data/balance/worldareas/6A/p2_1.vworld,220097,224369
092aa80f0171b933,gates_exit_transition_01_c12r8.tgm.header,Tiny.V9,19780438,1010
82f54d5f31b3bbaa,gates_exit_transition_01_c12r9.tgm,Streaming/Content/data/worldareas/F6/p2_1.vworld,49679,838729
ccd2b30f506e7e8b,gates_exit_transition_01_c12r9.tgm.header,Tiny.VF,19567955,1846
37b4bd1632230ea7,gates_exit_transition_01_c11r1.tgm,Streaming/Content/data/balance/worldareas/90/p2_1.vworld.1,486300,636365
d3e8f9fb518f624d,gates_exit_transition_01_c11r1.tgm.header,Tiny.V4,19845144,1494
25ee77def627ee77,gates_exit_transition_01_c11r2.tgm,Streaming/Content/data/worldareas/2A/g2_town.vworld,7517,197405
fa86063cc4b57657,gates_exit_transition_01_c11r2.tgm.header,Tiny.V7,19375668,1274
e1571417d1292a4e,gates_exit_transition_01_c11r3.tgm,Streaming/Content/data/balance/worldareas/29/mapuberboss_delirium.vworld,221439,37143
eb619e1a994b7ac3,gates_exit_transition_01_c11r3.tgm.header,Tiny.V3,19327422,570
5b096824dd0662b1,gates_exit_transition_01_c11r4.tgm,Tiny.V7,19376942,1707
406574fe2f3ffa98,gates_exit_transition_01_c11r4.tgm.header,Tiny.V0,19735270,264
8b9bd6424b22a25a,gates_exit_transition_01_c11r5.tgm,Streaming/Content/data/worldareas/15/p2_1.vworld,5592580,127611
350fbb1d3da2bc7d,gates_exit_transition_01_c11r5.tgm.header,Tiny.VE,19312453,790
1e7d2466e111b2b0,gates_exit_transition_01_c11r6.tgm,Tiny.VE,19313243,1461
ec60eec4c871b09f,gates_exit_transition_01_c11r6.tgm.header,Tiny.V3,19327992,264
2af1da1c8a452bc4,gates_exit_transition_01_c11r7.tgm,Streaming/Content/data/worldareas/3D/p2_1.vworld,699212,27971
dd7237f501ac3142,gates_exit_transition_01_c11r7.tgm.header,Tiny.V8,19513197,438
04715d08f4c6b5a0,gates_exit_transition_01_c11r8.tgm,Streaming/Content/data/worldareas/07/p2_1.vworld,0,186387
2a676518600b3f86,gates_exit_transition_01_c11r8.tgm.header,Tiny.VC,19445685,878
3503cb2662e3f40b,gates_exit_transition_01_c11r9.tgm,Streaming/Content/data/balance/worldareas/A5/p2_1.vworld,1628868,578313
45ea73fb09f89dd0,gates_exit_transition_01_c11r9.tgm.header,Tiny.V2,19630747,1582
66042ccd8fb0d042,gates_exit_transition_01_c10r1.tgm,Streaming/Content/data/worldareas/2E/p2_1.vworld,48727,497847
a14cae06ef0bfb8c,gates_exit_transition_01_c10r1.tgm.header,Tiny.VB,19378875,1494
3c3d2cdb32cfff1b,gates_exit_transition_01_c10r2.tgm,Streaming/Content/data/balance/worldareas/EF/p2_1.vworld,94231,293581
bf31088e763548c2,gates_exit_transition_01_c10r2.tgm.header,Tiny.VD,19203270,1230
c6634a8dd3085a85,gates_exit_transition_01_c10r3.tgm,Streaming/Content/data/worldareas/66/p2_1.vworld,2796364,40173
5ade8802c3f7fb6f,gates_exit_transition_01_c10r3.tgm.header,Tiny.V4,19842508,526
2784011494e5f13c,gates_exit_transition_01_c10r4.tgm,Tiny.VA,19487163,1763
c1deadf677a0a08b,gates_exit_transition_01_c10r4.tgm.header,Tiny.V3,19327158,264
975cee8329c957f2,gates_exit_transition_01_c10r5.tgm,Tiny.VD,19204500,1615
df16760f33af709f,gates_exit_transition_01_c10r5.tgm.header,Tiny.VF,19566329,264
7e6e5dd7e363f7b2,gates_exit_transition_01_c10r6.tgm,Tiny.VA,19488926,1477
78f14dd394781db1,gates_exit_transition_01_c10r6.tgm.header,Tiny.V2,19630483,264
08947b8a839d4b78,gates_exit_transition_01_c10r7.tgm,Streaming/Content/data/balance/worldareas/40/p2_1.vworld,449887,32013
e7e518d3978bb6af,gates_exit_transition_01_c10r7.tgm.header,Tiny.V0,19734656,614
8447d05eb4c1e01a,gates_exit_transition_01_c10r8.tgm,Streaming/Content/data/worldareas/C2/p2_1.vworld,337125,219079
a3777d19d2d9ef71,gates_exit_transition_01_c10r8.tgm.header,Tiny.V7,19374438,1230
d864107a5f946790,gates_exit_transition_01_c10r9.tgm,Streaming/Content/data/balance/worldareas/EA/p2_1.vworld,0,838883
243eec81f66fa64c,gates_exit_transition_01_c10r9.tgm.header,Tiny.V4,19843034,2110
f140a484a4a9afca,gates_exit_transition_01_c1r1.tgm,Streaming/Content/data/worldareas/F9/p2_1.vworld,854819,390089
48ff3b04046cf907,gates_exit_transition_01_c1r1.tgm.header,Tiny.VF,19573058,1318
6d6214bc649dd642,gates_exit_transition_01_c1r2.tgm,Streaming/Content/data/balance/worldareas/p2_1.vworld,267308,389071
9b4925492f18772e,gates_exit_transition_01_c1r2.tgm.header,Tiny.VD,19207172,1714
7f1462797ce5809d,gates_exit_transition_01_c1r3.tgm,Streaming/Content/data/worldareas/F4/p2_1.vworld,725208,60963
a7f8871306d68a06,gates_exit_transition_01_c1r3.tgm.header,Tiny.VE,19318774,438
8d5c6c5c6001419f,gates_exit_transition_01_c1r4.tgm,Tiny.VB,19380983,493
db5f7de53845302c,gates_exit_transition_01_c1r4.tgm.header,Tiny.VA,19491895,264
18b415d934f3765f,gates_exit_transition_01_c1r5.tgm,Tiny.V6,19480885,865
7237c6558c3cec0a,gates_exit_transition_01_c1r5.tgm.header,Tiny.V8,19515440,264
de29f2996232f421,gates_exit_transition_01_c1r6.tgm,Tiny.V8,19515704,571
71d30cb77f6f2f65,gates_exit_transition_01_c1r6.tgm.header,Tiny.V7,19383317,264
5a8321a019c13647,gates_exit_transition_01_c1r7.tgm,Streaming/Content/data/worldareas/F1/p2_1.vworld,11274238,56321
c0af18b0644e04ed,gates_exit_transition_01_c1r7.tgm.header,Tiny.V4,19848365,438
051618b8ab4b413f,gates_exit_transition_01_c1r8.tgm,Streaming/Content/data/worldareas/2D/p2_1.vworld,379216,432431
4277b40312134516,gates_exit_transition_01_c1r8.tgm.header,Tiny.VD,19208886,1670
5feadaf2a5dd945b,gates_exit_transition_01_c1r9.tgm,Streaming/Content/data/worldareas/2A/g2_town.vworld,204922,437853
569716a50430a1b1,gates_exit_transition_01_c1r9.tgm.header,Tiny.V3,19329055,1362
c351d2ab9b7fc7cb,dregs_transition_c6r1.tgm,Streaming/Content/data/worldareas/03/p2_1.vworld,790113,175431
833150bef7c87c6f,dregs_transition_c6r1.tgm.header,Tiny.V7,19372800,658
705cea3334bf13d4,dregs_transition_c6r2.tgm,Streaming/Content/data/balance/worldareas/B9/mapport.vworld,541820,43519
b0ca5e363445da2e,dregs_transition_c6r2.tgm.header,Tiny.VE,19308011,482
3846753dce58abca,dregs_transition_c6r3.tgm,Streaming/Content/data/worldareas/C1/p2_1.vworld,4296949,147889
f1a51b88ef16102a,dregs_transition_c6r3.tgm.header,Tiny.V4,19838484,834
72137121665216c2,dregs_transition_c6r4.tgm,Streaming/Content/data/worldareas/D1/p2_1.vworld,3029500,95325
b9e34cc1b4849fa4,dregs_transition_c6r4.tgm.header,Tiny.V1,19395414,834
2d5dcc4f8875bed2,dregs_transition_c6r5.tgm,Streaming/Content/data/balance/worldareas/62/mapmothersoul_male_quest.vworld,508516,92587
25c50e4db58669f3,dregs_transition_c6r5.tgm.header,Tiny.VA,19483975,878
97450c3c9af50453,dregs_transition_c6r6.tgm,Streaming/Content/data/worldareas/DA/p2_1.vworld,0,179253
a271980f89d9a5d5,dregs_transition_c6r6.tgm.header,Tiny.V2,19627927,1362
d25d4f22894cc008,dregs_transition_c6r7.tgm,Streaming/Content/data/balance/worldareas/EF/p2_1.vworld,0,94231
3667d80a38e889fd,dregs_transition_c6r7.tgm.header,Tiny.V5,19189174,1010
9ff2a77ae3b2c9b5,dregs_transition_c6r8.tgm,Streaming/Content/data/balance/worldareas/9D/p2_1.vworld,161839,166179
9ed8fe28060d0ee9,dregs_transition_c6r8.tgm.header,Tiny.VB,19375723,2022
0d4ae5ac40632740,dregs_transition_c6r9.tgm,Streaming/Content/data/worldareas/4A/p2_1.vworld,4893852,209077
5e9ce9cc3ec98e5a,dregs_transition_c6r9.tgm.header,Tiny.V8,19509221,2066
c0c0005715e24735,dregs_transition_c5r1.tgm,Streaming/Content/data/balance/worldareas/D2/p2_1.vworld,306176,28761
06dd6b6f3573aba8,dregs_transition_c5r1.tgm.header,Tiny.V3,19321636,614
343746989c0d1994,dregs_transition_c5r2.tgm,Streaming/Content/data/worldareas/C1/p2_1.vworld,4194640,102309
28e6a092f8f2855c,dregs_transition_c5r2.tgm.header,Tiny.VD,19199696,614
af82f33af08f367a,dregs_transition_c5r3.tgm,Streaming/Content/data/worldareas/D7/p2_1.vworld,0,131505
560cfdcb34feb1cd,dregs_transition_c5r3.tgm.header,Tiny.V7,19369944,966
e36493a82a41644a,dregs_transition_c5r4.tgm,Streaming/Content/data/worldareas/F9/p2_1.vworld,699212,155607
94c74890f7ea8399,dregs_transition_c5r4.tgm.header,Tiny.V4,19837518,966
79a1c9578c2464f7,dregs_transition_c5r5.tgm,Streaming/Content/data/worldareas/7D/p2_1.vworld,699212,172755
96d66d361664f44b,dregs_transition_c5r5.tgm.header,Tiny.VB,19374889,834
0b004c5509c5108e,dregs_transition_c5r6.tgm,Streaming/Content/data/balance/worldareas/40/p2_1.vworld,338192,111695
ed21e98dd87dd2fb,dregs_transition_c5r6.tgm.header,Tiny.V6,19471485,1010
ecb1516735fb1f71,dregs_transition_c5r7.tgm,Streaming/Content/data/balance/worldareas/CB/p2_1.vworld,235469,152045
6f994d4ddb8ce69d,dregs_transition_c5r7.tgm.header,Tiny.V7,19370910,1890
f454b7043642b3be,dregs_transition_c5r8.tgm,Streaming/Content/data/balance/worldareas/6A/p2_1.vworld,0,220097
9aa2310577c2211f,dregs_transition_c5r8.tgm.header,Tiny.VF,19560525,3254
2431da1489eae82b,dregs_transition_c5r9.tgm,Streaming/Content/data/balance/worldareas/7B/p2_1.vworld,517742,111495
9ae802fd664411bd,dregs_transition_c5r9.tgm.header,Tiny.V3,19322250,2198
966f9ac109b10aa1,dregs_transition_c4r1.tgm,Streaming/Content/data/balance/worldareas/B1/mapuberboss_delirium.vworld,410432,29739
01fc8968531a5880,dregs_transition_c4r1.tgm.header,Tiny.V5,19188604,570
ca7469811edb246b,dregs_transition_c4r2.tgm,Streaming/Content/data/balance/worldareas/DC/p2_1.vworld,408653,139293
b1f88aa60512697c,dregs_transition_c4r2.tgm.header,Tiny.V1,19394492,922
a68298d7b43e10b1,dregs_transition_c4r3.tgm,Streaming/Content/data/balance/worldareas/40/p2_1.vworld,258327,79865
f0ca4be1eceb4ff6,dregs_transition_c4r3.tgm.header,Tiny.VC,19443251,614
391771e7a03b3f17,dregs_transition_c4r4.tgm,Streaming/Content/data/balance/worldareas/0B/p2_1.vworld,0,17019
c5d44862b5e13c93,dregs_transition_c4r4.tgm.header,Tiny.VC,19443865,350
5e15dd363b577139,dregs_transition_c4r5.tgm,Streaming/Content/data/worldareas/84/p2_1.vworld,0,63529
4e874a81e211a67b,dregs_transition_c4r5.tgm.header,Tiny.VE,19307309,702
c8ce2827116aa88b,dregs_transition_c4r6.tgm,Streaming/Content/data/balance/worldareas/51/g_login.vworld,515325,54769
aba10e1ca63b92f4,dregs_transition_c4r6.tgm.header,Tiny.VD,19198598,1098
e15cd8f9041eacf1,dregs_transition_c4r7.tgm,Streaming/Content/data/balance/worldareas/DB/g4_11_2.vworld,319282,131191
6a35bd442479331f,dregs_transition_c4r7.tgm.header,Tiny.VA,19482525,1450
2bc1a8b2b5e64378,dregs_transition_c4r8.tgm,Streaming/Content/data/worldareas/98/p2_1.vworld,5592580,220459
c17246be7c9cdd54,dregs_transition_c4r8.tgm.header,Tiny.V0,19728682,3914
5b4db0bcaf050437,dregs_transition_c4r9.tgm,Streaming/Content/data/worldareas/83/p2_1.vworld,0,77505
da7f6989a42a7d17,dregs_transition_c4r9.tgm.header,Tiny.VB,19374099,790
59ac79f42760c301,dregs_transition_c3r1.tgm,Streaming/Content/data/worldareas/FD/p2_1.vworld,5592580,19387
1bfd427efae94c1a,dregs_transition_c3r1.tgm.header,Tiny.V6,19470871,614
599c0458a1987a0b,dregs_transition_c3r2.tgm,Streaming/Content/data/worldareas/D1/p2_1.vworld,2964237,65263
cf4bf9ee4c4fb6fc,dregs_transition_c3r2.tgm.header,Tiny.V7,19369198,746
3ca147ff4e2a3b26,dregs_transition_c3r3.tgm,Streaming/Content/data/balance/worldareas/5C/p2_1.vworld,261933,59351
db1a5a7cd1a0dcd7,dregs_transition_c3r3.tgm.header,Tiny.V4,19836334,658
a94ba97fc2bde7c2,dregs_transition_c3r4.tgm,Streaming/Content/data/worldareas/6E/p2_1.vworld,1495469,39617
8d3a14a8a48f1f00,dregs_transition_c3r4.tgm.header,Tiny.VC,19442593,658
5bf996c2f2cfce5d,dregs_transition_c3r5.tgm,Streaming/Content/data/worldareas/58/p2_1.vworld,2796544,9621
f4589e153cea8db4,dregs_transition_c3r5.tgm.header,Tiny.V4,19836992,526
fe281f9de40d6ccf,dregs_transition_c3r6.tgm,Streaming/Content/data/worldareas/1E/p2_1.vworld,2796364,46413
a2eb7a21e10de0d3,dregs_transition_c3r6.tgm.header,Tiny.V1,19394054,438
bf743b473b1a9538,dregs_transition_c3r7.tgm,Streaming/Content/data/balance/worldareas/3B/p2_1.vworld,320582,53833
36fa6d0f33b93db1,dregs_transition_c3r7.tgm.header,Tiny.V2,19627401,526
6b9a17c2c089139e,dregs_transition_c3r8.tgm,Streaming/Content/data/balance/worldareas/E0/p2_1.vworld,699212,63987
4bbbe5614375d030,dregs_transition_c3r8.tgm.header,Tiny.V8,19507595,1626
ea712041ab7f4bf8,dregs_transition_c3r9.tgm,Streaming/Content/data/balance/worldareas/9D/p2_1.vworld,151078,10761
ef304f6772cf328c,dregs_transition_c3r9.tgm.header,Tiny.VB,19373749,350
e51350be67501fc6,dregs_transition_c2r1.tgm,Streaming/Content/data/worldareas/F6/p2_1.vworld,0,49679
e95c41bd2e47c3bb,dregs_transition_c2r1.tgm.header,Tiny.VD,19198116,482
7424b6ed1983d32c,dregs_transition_c2r2.tgm,Streaming/Content/data/worldareas/6E/p2_1.vworld,1398276,97193
1b1728005edfa619,dregs_transition_c2r2.tgm.header,Tiny.VB,19373179,570
08d8f2d76285a28f,dregs_transition_c2r3.tgm,Streaming/Content/data/balance/worldareas/3F/p2_1.vworld,191552,88545
80afc42c6907ac92,dregs_transition_c2r3.tgm.header,Tiny.VE,19305905,702
2c4041ee1633d9dc,dregs_transition_c2r4.tgm,Streaming/Content/data/worldareas/E3/p2_1.vworld,1398276,121717
45687d1e09702fad,dregs_transition_c2r4.tgm.header,Tiny.VE,19306607,702
37d61df4bcceef4d,dregs_transition_c2r5.tgm,Streaming/Content/data/balance/worldareas/D8/p2_1.vworld,0,171809
1dbb8dda2216aee3,dregs_transition_c2r5.tgm.header,Tiny.V0,19726926,746
91bc60caa98761a9,dregs_transition_c2r6.tgm,Streaming/Content/data/worldareas/61/p2_1.vworld,0,195675
0d08d83c8f2b9266,dregs_transition_c2r6.tgm.header,Tiny.VA,19481427,1098
fb66fc8bc6d49a67,dregs_transition_c2r7.tgm,Streaming/Content/data/worldareas/05/p2_1.vworld,612418,216775
14f6c8ff481ccd5b,dregs_transition_c2r7.tgm.header,Tiny.V6,19467531,1626
ab4654dacf56e8ce,dregs_transition_c2r8.tgm,Streaming/Content/data/balance/worldareas/DC/p2_1.vworld,0,408653
0a69b15bb9ffa681,dregs_transition_c2r8.tgm.header,Tiny.V6,19469157,1714
c84dcc62de174f5c,dregs_transition_c2r9.tgm,Streaming/Content/data/worldareas/F1/p2_1.vworld,11185496,33297
05e98d3cc06ecc6a,dregs_transition_c2r9.tgm.header,Tiny.V0,19727672,1010
3469be7f4f140a88,dregs_transition_c1r1.tgm,Streaming/Content/data/balance/worldareas/45/p2_1.vworld,57437,13889
d92986390e972d28,dregs_transition_c1r1.tgm.header,Tiny.VE,19304985,394
64c859b4feddd968,dregs_transition_c1r2.tgm,Streaming/Content/data/worldareas/D3/p2_1.vworld,699236,78757
470ae5667ec1c552,dregs_transition_c1r2.tgm.header,Tiny.V8,19507025,570
79a96816b231db2f,dregs_transition_c1r3.tgm,Streaming/Content/data/worldareas/D9/p2_1.vworld,713349,51529
dca12354ca84750f,dregs_transition_c1r3.tgm.header,Tiny.VD,19197282,834
ce1f674c9016edbf,dregs_transition_c1r4.tgm,Streaming/Content/data/worldareas/2E/p2_1.vworld,0,48727
25e1162980a4ea5d,dregs_transition_c1r4.tgm.header,Tiny.VE,19305379,526
2e7445110dbd0fb2,dregs_transition_c1r5.tgm,Streaming/Content/data/worldareas/03/p2_1.vworld,699212,90901
c033177151eafae6,dregs_transition_c1r5.tgm.header,Tiny.V1,19391596,614
60c8b47f3269f41d,dregs_transition_c1r6.tgm,Streaming/Content/data/worldareas/D1/p2_1.vworld,2796552,167685
3ca1c76c86b58999,dregs_transition_c1r6.tgm.header,Tiny.V4,19835368,966
53f09ae3903b88f0,dregs_transition_c1r7.tgm,Streaming/Content/data/worldareas/09/p2_1.vworld,0,174517
50f8e8ab339c22cb,dregs_transition_c1r7.tgm.header,Tiny.V7,19368100,1098
e158b70f807ff3f2,dregs_transition_c1r8.tgm,Streaming/Content/data/worldareas/FF/p2_1.vworld,0,444547
19e4e58ced7d3237,dregs_transition_c1r8.tgm.header,Tiny.V1,19392210,1274
a628459a11595a24,dregs_transition_c1r9.tgm,Streaming/Content/data/worldareas/67/p2_1.vworld,899377,17289
3f6a9d0a642b9e21,dregs_transition_c1r9.tgm.header,Tiny.V1,19393484,570
bf3cd8c313cc0cae,river_barrins_exit_c9r2.tgm,Tiny.VB,19390793,753
0a01a23505a8112a,river_barrins_exit_c9r2.tgm.header,Tiny.VA,19506390,264
2209f4194d06cc05,river_barrins_exit_c9r3.tgm,Tiny.V0,19753957,3197
26e4e291f8356c09,river_barrins_exit_c9r3.tgm.header,Tiny.V8,19544244,264
454a86ba184b6bbf,river_barrins_exit_c9r4.tgm,Streaming/Content/data/balance/worldareas/B4/p2_1.vworld,0,4541
d267775231aef8c6,river_barrins_exit_c9r4.tgm.header,Tiny.V2,19666995,264
1654302c1d039387,river_barrins_exit_c9r5.tgm,Tiny.V1,19422619,503
921ba33407554c4b,river_barrins_exit_c9r5.tgm.header,Tiny.VF,19584172,264
b309ae5b375e2026,river_barrins_exit_c9r6.tgm,Tiny.V2,19667259,693
1d974447217d322b,river_barrins_exit_c9r6.tgm.header,Tiny.V0,19757154,264
acb9e707a4dc131a,river_barrins_exit_c9r7.tgm,Tiny.VC,19467771,913
c866071a201f2ed0,river_barrins_exit_c9r7.tgm.header,Tiny.V5,19206758,264
40d917daf3853c7c,river_barrins_exit_c9r8.tgm,Streaming/Content/data/balance/worldareas/62/mapmothersoul_male_quest.vworld,601103,13853
399a05ba278e3952,river_barrins_exit_c9r8.tgm.header,Tiny.V3,19347150,264
3513cdcae7ee0e1e,river_barrins_exit_c9r9.tgm,Streaming/Content/data/worldareas/38/p2_1.vworld,8297627,27389
b01f34ce75ffd55b,river_barrins_exit_c9r9.tgm.header,Tiny.V4,19863234,394
64bbfbb525c3fb4d,river_barrins_exit_c9r1.tgm,Tiny.VD,19225306,353
622c5866e0dfacfa,river_barrins_exit_c9r1.tgm.header,Tiny.V8,19543980,264
bd7d70fb31b54137,river_barrins_exit_c9r10.tgm,Tiny.V2,19664082,2913
928dcd8e2cf1e142,river_barrins_exit_c9r10.tgm.header,Tiny.V0,19752608,264
a0f4311ce400fe12,river_barrins_exit_c9r11.tgm,Streaming/Content/data/balance/worldareas/A1/g2_2.vworld,750864,18487
23b0dd47bacc2d5b,river_barrins_exit_c9r11.tgm.header,Tiny.V9,19804012,350
f635f0ab4a4920cc,river_barrins_exit_c9r12.tgm,Tiny.V0,19752872,1085
376238b55f6ef4fc,river_barrins_exit_c9r12.tgm.header,Tiny.VF,19583908,264
08007f5a6b9b3968,river_barrins_exit_c8r2.tgm,Tiny.V4,19859205,4029
4ff733dc340840f6,river_barrins_exit_c8r2.tgm.header,Tiny.V0,19751685,264
fbef597cf602650a,river_barrins_exit_c8r3.tgm,Tiny.V0,19751949,659
32be65049680d8b6,river_barrins_exit_c8r3.tgm.header,Tiny.VC,19467201,264
f332a8b3b01ee113,river_barrins_exit_c8r4.tgm,Tiny.VE,19327913,437
4d4def7634f2729d,river_barrins_exit_c8r4.tgm.header,Tiny.VB,19390529,264
59399433a081504b,river_barrins_exit_c8r5.tgm,Tiny.V2,19663329,753
a7703dd46cc52a21,river_barrins_exit_c8r5.tgm.header,Tiny.V5,19206494,264
dfe1ee9120d18b4d,river_barrins_exit_c8r6.tgm,Tiny.V1,19421476,1143
dec83d853ec51d8b,river_barrins_exit_c8r6.tgm.header,Tiny.VF,19583380,264
584f50193706a06f,river_barrins_exit_c8r7.tgm,Tiny.VA,19505541,849
58c677861d47cb4a,river_barrins_exit_c8r7.tgm.header,Tiny.VF,19583644,264
a18fb88038a43f70,river_barrins_exit_c8r8.tgm,Streaming/Content/data/worldareas/C5/p2_1.vworld,1961678,9163
a1f51be378016cae,river_barrins_exit_c8r8.tgm.header,Tiny.V6,19498417,264
de347753ca3716de,river_barrins_exit_c8r9.tgm,Streaming/Content/data/balance/worldareas/FB/p2_1.vworld,275753,31805
8733ea37330bbaf6,river_barrins_exit_c8r9.tgm.header,Tiny.VC,19467465,306
85b0e50cc8a2b086,river_barrins_exit_c8r1.tgm,Streaming/Content/data/worldareas/80/p2_1.vworld,1311271,20715
2d0b378a7b921b8a,river_barrins_exit_c8r1.tgm.header,Tiny.VD,19225042,264
2b581288bebdd661,river_barrins_exit_c8r10.tgm,Streaming/Content/data/balance/worldareas/5D/mapprecursortowerdesert.vworld,761485,20337
5c7486324492c6c1,river_barrins_exit_c8r10.tgm.header,Tiny.V9,19803748,264
79d752655f078376,river_barrins_exit_c8r11.tgm,Streaming/Content/data/worldareas/34/p2_1.vworld,25193,11717
e4d152905e16f249,river_barrins_exit_c8r11.tgm.header,Tiny.V4,19858941,264
94791581d5b222af,river_barrins_exit_c8r12.tgm,Tiny.VA,19504976,565
1740e277d608ff01,river_barrins_exit_c8r12.tgm.header,Tiny.VC,19466937,264
cef73f4eebb21642,river_barrins_exit_c7r2.tgm,Streaming/Content/data/balance/worldareas/45/p2_1.vworld,71326,16265
d4798a2a549acf90,river_barrins_exit_c7r2.tgm.header,Tiny.V5,19206230,264
0c6eb40cd3e6032b,river_barrins_exit_c7r3.tgm,Tiny.VB,19388661,373
08e9d51239c39e6b,river_barrins_exit_c7r3.tgm.header,Tiny.VB,19389034,264
3c9c50efa95bd8e1,river_barrins_exit_c7r4.tgm,Tiny.V9,19802877,607
19197254d6065a45,river_barrins_exit_c7r4.tgm.header,Tiny.V7,19398173,264
d49fea2b629dd9f8,river_barrins_exit_c7r5.tgm,Tiny.V1,19419152,1103
1b374f24206ad4f8,river_barrins_exit_c7r5.tgm.header,Tiny.V3,19346886,264
eeffd44f55b2366f,river_barrins_exit_c7r6.tgm,Tiny.V7,19398437,1131
1832ae6457e63b55,river_barrins_exit_c7r6.tgm.header,Tiny.VC,19466673,264
cfb7dc09dcdd8c09,river_barrins_exit_c7r7.tgm,Tiny.VB,19389298,967
8c314fb98808f0cf,river_barrins_exit_c7r7.tgm.header,Tiny.VB,19390265,264
780529cbda46e158,river_barrins_exit_c7r8.tgm,Tiny.V1,19420255,1221
0ed0a04d8e56332e,river_barrins_exit_c7r8.tgm.header,Tiny.V9,19803484,264
c183ee3d64cd1eb0,river_barrins_exit_c7r9.tgm,Tiny.VF,19581569,1811
e9a753c8f6e9caf2,river_barrins_exit_c7r9.tgm.header,Tiny.VD,19224778,264
bb27155ec53d2a06,river_barrins_exit_c7r1.tgm,Streaming/Content/data/worldareas/03/p2_1.vworld,965544,34647
9a442655d03e4d41,river_barrins_exit_c7r1.tgm.header,Tiny.VB,19388397,264
59ad638212a99a41,river_barrins_exit_c7r10.tgm,Tiny.V2,19662212,1117
ad3707487ea207bd,river_barrins_exit_c7r10.tgm.header,Tiny.V8,19543452,264
997e52aec1b28ea7,river_barrins_exit_c7r11.tgm,Tiny.V5,19205601,629
e708d01958e3c0f6,river_barrins_exit_c7r11.tgm.header,Tiny.V1,19418888,264
eb7a5e2597073aec,river_barrins_exit_c7r12.tgm,Tiny.V6,19497686,731
c293262205eea6fe,river_barrins_exit_c7r12.tgm.header,Tiny.V8,19543716,264
35a4f541c9e25039,river_barrins_exit_c6r2.tgm,Streaming/Content/data/worldareas/67/p2_1.vworld,916666,27553
50fd908f296306fd,river_barrins_exit_c6r2.tgm.header,Tiny.V3,19345583,264
e8da0a367c3f9543,river_barrins_exit_c6r3.tgm,Tiny.V2,19660161,2051
d786f4465b086772,river_barrins_exit_c6r3.tgm.header,Tiny.VF,19581305,264
fc0b7267b0e08338,river_barrins_exit_c6r4.tgm,Tiny.V9,19801500,807
a83f71459c81c829,river_barrins_exit_c6r4.tgm.header,Tiny.VA,19504712,264
e07648d313c9aa61,river_barrins_exit_c6r5.tgm,Tiny.VD,19222924,855
da9e5dead3258927,river_barrins_exit_c6r5.tgm.header,Tiny.V1,19417505,264
9bf674536cdfd3d8,river_barrins_exit_c6r6.tgm,Tiny.VD,19223779,999
7e9e7260d2ab0dda,river_barrins_exit_c6r6.tgm.header,Tiny.V9,19802307,264
2352154ccb149f58,river_barrins_exit_c6r7.tgm,Tiny.V3,19345847,1039
8cc34daba06ba3c7,river_barrins_exit_c6r7.tgm.header,Tiny.V6,19497422,264
e0a5b2fbb664b339,river_barrins_exit_c6r8.tgm,Tiny.V1,19417769,1119
98cf84f32bdb9b0b,river_barrins_exit_c6r8.tgm.header,Tiny.V4,19858677,264
d15520102ac9e84b,river_barrins_exit_c6r9.tgm,Tiny.VB,19385464,2933
fa9f935c89ef5783,river_barrins_exit_c6r9.tgm.header,Tiny.V9,19802571,306
be1d2707951cdfbf,river_barrins_exit_c6r1.tgm,Streaming/Content/data/balance/worldareas/6A/p2_1.vworld,444466,9951
99bf1e2740087239,river_barrins_exit_c6r1.tgm.header,Tiny.VD,19222660,264
16291721e9ab038a,river_barrins_exit_c6r10.tgm,Streaming/Content/data/worldareas/C2/p2_1.vworld,583433,19527
4c599116ba850d27,river_barrins_exit_c6r10.tgm.header,Tiny.VF,19580999,306
0cf20692cb3f5a64,river_barrins_exit_c6r11.tgm,Streaming/Content/data/worldareas/A0/p2_1.vworld,21157,12779
10cccc0aefad0a59,river_barrins_exit_c6r11.tgm.header,Tiny.VB,19385158,306
14aa953629257410,river_barrins_exit_c6r12.tgm,Streaming/Content/data/balance/worldareas/75/mapuberboss_ritual.vworld,114647,15591
b362e8473cadb704,river_barrins_exit_c6r12.tgm.header,Tiny.V9,19801194,306
d4fb921695483c64,river_barrins_exit_c5r2.tgm,Streaming/Content/data/worldareas/2E/p2_1.vworld,546574,19417
b6094bb8a30138cb,river_barrins_exit_c5r2.tgm.header,Tiny.VC,19465448,264
b35d21981a3de448,river_barrins_exit_c5r3.tgm,Streaming/Content/data/balance/worldareas/DC/p2_1.vworld,547946,16799
a98da28319c8bc52,river_barrins_exit_c5r3.tgm.header,Tiny.V9,19800930,264
724b6d55866bc066,river_barrins_exit_c5r4.tgm,Streaming/Content/data/worldareas/4A/p2_1.vworld,5102929,14153
a9337dfdc64e748d,river_barrins_exit_c5r4.tgm.header,Tiny.VD,19222396,264
64242e851e9f7b9c,river_barrins_exit_c5r5.tgm,Streaming/Content/data/balance/worldareas/8D/g2_9_1.vworld,444739,8225
4a8467bb335d734e,river_barrins_exit_c5r5.tgm.header,Tiny.V5,19205337,264
654f4ecf3114b320,river_barrins_exit_c5r6.tgm,Tiny.VC,19465712,961
3c39f54a717cad74,river_barrins_exit_c5r6.tgm.header,Tiny.V8,19543188,264
ba3af503219fc2b0,river_barrins_exit_c5r7.tgm,Tiny.V1,19416518,987
d53f3515c3d2016a,river_barrins_exit_c5r7.tgm.header,Tiny.VB,19384894,264
1b1aa9a87521e6c7,river_barrins_exit_c5r8.tgm,Tiny.V2,19659150,1011
1067a6862634fcfd,river_barrins_exit_c5r8.tgm.header,Tiny.V0,19751421,264
ea35b7e5f07ae689,river_barrins_exit_c5r9.tgm,Tiny.VE,19324266,3647
625638bf3c0a3778,river_barrins_exit_c5r9.tgm.header,Tiny.V6,19497158,264
3eb3efb9fe122e33,river_barrins_exit_c5r1.tgm,Tiny.V8,19541023,2165
7cf4c3584f01df44,river_barrins_exit_c5r1.tgm.header,Tiny.VA,19504448,264
cb78f7a86d316079,river_barrins_exit_c5r10.tgm,Streaming/Content/data/worldareas/A9/p2_1.vworld,5592580,30571
259d78ec6ace936b,river_barrins_exit_c5r10.tgm.header,Tiny.V7,19397909,264
3432686d8710b125,river_barrins_exit_c5r11.tgm,Streaming/Content/data/worldareas/00/p2_1.vworld,2796364,36863
4c18f66aae68c395,river_barrins_exit_c5r11.tgm.header,Tiny.VD,19222132,264
20011262976c78eb,river_barrins_exit_c5r12.tgm,Streaming/Content/data/worldareas/39/p2_1.vworld,3084199,17711
b242a48ab007dc3d,river_barrins_exit_c5r12.tgm.header,Tiny.V0,19751157,264
af63b9a6e82ec1d8,river_barrins_exit_c4r2.tgm,Tiny.VC,19462251,2405
4733b2eb4c873688,river_barrins_exit_c4r2.tgm.header,Tiny.VD,19221868,264
52508048169fae18,river_barrins_exit_c4r3.tgm,Streaming/Content/data/balance/worldareas/F5/p2_1.vworld,0,10381
468f4869d9332873,river_barrins_exit_c4r3.tgm.header,Tiny.VC,19464656,264
9785e53164df865d,river_barrins_exit_c4r4.tgm,Streaming/Content/data/worldareas/A6/p2_1.vworld,1189032,27721
acf3ea53eed9f939,river_barrins_exit_c4r4.tgm.header,Tiny.V0,19749046,394
2f6d1d4067184d1d,river_barrins_exit_c4r5.tgm,Streaming/Content/data/worldareas/30/p2_1.vworld,3070370,31973
acd1a877d3a85b6d,river_barrins_exit_c4r5.tgm.header,Tiny.V1,19412389,306
ba98b9083d1b63f4,river_barrins_exit_c4r6.tgm,Tiny.V0,19749440,1717
52b191939e2d69b9,river_barrins_exit_c4r6.tgm.header,Tiny.VA,19504184,264
8e5630600db7bbae,river_barrins_exit_c4r7.tgm,Tiny.V5,19202924,2413
59f06797b843224f,river_barrins_exit_c4r7.tgm.header,Tiny.V3,19345319,264
65431cbaf913f87f,river_barrins_exit_c4r8.tgm,Streaming/Content/data/worldareas/ED/p2_1.vworld,2876250,7581
5a10e3144e07c55b,river_barrins_exit_c4r8.tgm.header,Tiny.VC,19464920,264
f47dfe63989bd25d,river_barrins_exit_c4r9.tgm,Tiny.V1,19412695,3823
c257003f72ce10d7,river_barrins_exit_c4r9.tgm.header,Tiny.VC,19465184,264
0071a37ceed0978b,river_barrins_exit_c4r1.tgm,Tiny.V4,19858202,475
3fdfbd73b2f30524,river_barrins_exit_c4r1.tgm.header,Tiny.VA,19503920,264
b6ea02a17b00cd36,river_barrins_exit_c4r10.tgm,Tiny.V8,19538486,2537
8aa51fdf88f07c15,river_barrins_exit_c4r10.tgm.header,Tiny.V1,19412125,264
535b7d321d74d1b3,river_barrins_exit_c4r11.tgm,Streaming/Content/data/worldareas/4C/p2_1.vworld,1841599,4723
fc1ef05af6c30676,river_barrins_exit_c4r11.tgm.header,Tiny.VD,19221604,264
b8a9daf5eb63b78c,river_barrins_exit_c4r12.tgm,Streaming/Content/data/balance/worldareas/8D/g2_9_1.vworld,439084,5655
f98e32cdf58c2070,river_barrins_exit_c4r12.tgm.header,Tiny.VB,19384630,264
fdbefa104c560e55,river_barrins_exit_c3r2.tgm,Tiny.V6,19495443,1057
d61f0d71d08c4603,river_barrins_exit_c3r2.tgm.header,Tiny.V6,19496500,264
81bd82dc53ea9a4d,river_barrins_exit_c3r3.tgm,Tiny.VC,19461204,783
df570154de50b01f,river_barrins_exit_c3r3.tgm.header,Tiny.V3,19345055,264
e85f10acc801131f,river_barrins_exit_c3r4.tgm,Tiny.V2,19657451,1699
708b034ec313fe8e,river_barrins_exit_c3r4.tgm.header,Tiny.V7,19397645,264
b77a5c23dfaefea5,river_barrins_exit_c3r5.tgm,Streaming/Content/data/worldareas/98/p2_1.vworld,5831786,16417
1b2f4bcb758b405a,river_barrins_exit_c3r5.tgm.header,Tiny.V5,19202618,306
a56eb9f2ac83febf,river_barrins_exit_c3r6.tgm,Tiny.V0,19746699,2347
1e83495761b3fe2b,river_barrins_exit_c3r6.tgm.header,Tiny.VC,19461987,264
ad220fd38a0eca5b,river_barrins_exit_c3r7.tgm,Streaming/Content/data/worldareas/46/p2_1.vworld,2796364,18869
d3a15c43e3385817,river_barrins_exit_c3r7.tgm.header,Tiny.V6,19496764,394
477dc154b82a9be9,river_barrins_exit_c3r8.tgm,Streaming/Content/data/balance/worldareas/4F/p2_1.vworld,0,52475
7ecbdf6b76168c7b,river_barrins_exit_c3r8.tgm.header,Tiny.VF,19580649,350
87a4a09255814894,river_barrins_exit_c3r9.tgm,Streaming/Content/data/worldareas/19/p2_1.vworld,2889262,49517
4447e7edf3486f85,river_barrins_exit_c3r9.tgm.header,Tiny.VD,19221298,306
c55c85cbcabbe127,river_barrins_exit_c3r1.tgm,Tiny.V6,19494660,783
4045a841cba2d4d9,river_barrins_exit_c3r1.tgm.header,Tiny.V0,19746435,264
ad7cc95a04bb66ca,river_barrins_exit_c3r10.tgm,Streaming/Content/data/balance/worldareas/51/g_login.vworld,570094,37685
8068965786a7914e,river_barrins_exit_c3r10.tgm.header,Tiny.VA,19503614,306
5e2632ec4ca2be75,river_barrins_exit_c3r11.tgm,Streaming/Content/data/worldareas/83/p2_1.vworld,77505,38543
f6bed32dbc169836,river_barrins_exit_c3r11.tgm.header,Tiny.V9,19800624,306
6b558dce8d48cfef,river_barrins_exit_c3r12.tgm,Streaming/Content/data/worldareas/98/p2_1.vworld,5813039,18747
b4ecdcf04cebdee0,river_barrins_exit_c3r12.tgm.header,Tiny.V3,19344791,264
71dfe4d2c6431afa,river_barrins_exit_c2r2.tgm,Tiny.V2,19651948,1103
7bdf6c6ab8dba051,river_barrins_exit_c2r2.tgm.header,Tiny.V3,19344263,264
57511a959b98ad31,river_barrins_exit_c2r3.tgm,Tiny.V7,19396598,783
c39844099f360c66,river_barrins_exit_c2r3.tgm.header,Tiny.V8,19533308,264
cbdb80f28db5a146,river_barrins_exit_c2r4.tgm,Tiny.V6,19492657,1739
5902dfbe00c03e33,river_barrins_exit_c2r4.tgm.header,Tiny.V8,19533572,264
432a10a4c5c1d2ed,river_barrins_exit_c2r5.tgm,Streaming/Content/data/worldareas/E6/p2_1.vworld,349700,16187
3f3b34b298b88dd7,river_barrins_exit_c2r5.tgm.header,Tiny.V7,19397381,264
1eb50c830ae0df13,river_barrins_exit_c2r6.tgm,Tiny.V2,19653051,2573
1b9e4dfd37f4bf0b,river_barrins_exit_c2r6.tgm.header,Tiny.V6,19494396,264
08a742cf1a8e72aa,river_barrins_exit_c2r7.tgm,Tiny.V8,19533836,1247
b9b8fa589a844e69,river_barrins_exit_c2r7.tgm.header,Tiny.V3,19344527,264
701bfecd463c0013,river_barrins_exit_c2r8.tgm,Tiny.V2,19655624,1827
d66f5736aeccb749,river_barrins_exit_c2r8.tgm.header,Tiny.V0,19746171,264
943cf07e0e93464e,river_barrins_exit_c2r9.tgm,Tiny.V8,19535083,3403
db9451e078001367,river_barrins_exit_c2r9.tgm.header,Tiny.VD,19221034,264
69c0625eee80ba99,river_barrins_exit_c2r1.tgm,Tiny.V5,19201835,783
6342f337ed73d0b1,river_barrins_exit_c2r1.tgm.header,Tiny.VB,19384366,264
3ff5f6797b43ef5e,river_barrins_exit_c2r10.tgm,Streaming/Content/data/worldareas/CC/p2_1.vworld,991491,12373
c60fa67522aedf90,river_barrins_exit_c2r10.tgm.header,Tiny.V4,19857896,306
7c1070e15e6f532a,river_barrins_exit_c2r11.tgm,Streaming/Content/data/worldareas/B5/p2_1.vworld,2874313,47651
7533f58c3311ea27,river_barrins_exit_c2r11.tgm.header,Tiny.VD,19220728,306
efb8f2cf44395639,river_barrins_exit_c2r12.tgm,Streaming/Content/data/worldareas/78/p2_1.vworld,863957,31125
c6267cf07fd1e41f,river_barrins_exit_c2r12.tgm.header,Tiny.VA,19503350,264
bb02251affabafdf,river_barrins_exit_c12r2.tgm,Tiny.V8,19529213,4095
527865ce05487de6,river_barrins_exit_c12r2.tgm.header,Tiny.V2,19650093,264
6adfce08a9061702,river_barrins_exit_c12r3.tgm,Tiny.V5,19200796,1039
48915238171729ba,river_barrins_exit_c12r3.tgm.header,Tiny.V2,19650357,264
66ad2281b8012929,river_barrins_exit_c12r4.tgm,Tiny.VC,19460059,353
10ee09537f41cf2e,river_barrins_exit_c12r4.tgm.header,Tiny.VC,19460412,264
d6f23bfe8b42eb7a,river_barrins_exit_c12r5.tgm,Streaming/Content/data/balance/worldareas/B9/mapport.vworld,585339,15719
6885c77596379f53,river_barrins_exit_c12r5.tgm.header,Tiny.V1,19411597,264
658e62a44263e8d7,river_barrins_exit_c12r6.tgm,Streaming/Content/data/balance/worldareas/33/p2_1.vworld,615640,34439
144542402f4f8f2c,river_barrins_exit_c12r6.tgm.header,Tiny.V9,19797631,264
30b0de9c40335104,river_barrins_exit_c12r7.tgm,Streaming/Content/data/worldareas/E4/p2_1.vworld,1398276,11957
99e0ba1d3bc72aef,river_barrins_exit_c12r7.tgm.header,Tiny.V9,19797895,264
7351076eddd92725,river_barrins_exit_c12r8.tgm,Tiny.V9,19798159,2465
d400d423760f165c,river_barrins_exit_c12r8.tgm.header,Tiny.V1,19411861,264
0979bbea9e304af2,river_barrins_exit_c12r9.tgm,Tiny.V4,19855424,1101
f4ec19fc7b249b43,river_barrins_exit_c12r9.tgm.header,Tiny.VD,19219053,264
c9a012444a528438,river_barrins_exit_c12r1.tgm,Tiny.V2,19646548,3545
8eb5a5138e4180e8,river_barrins_exit_c12r1.tgm.header,Tiny.V8,19528685,264
a3a475d887b1b807,river_barrins_exit_c12r10.tgm,Tiny.V1,19410002,1595
339649e97431b9a9,river_barrins_exit_c12r10.tgm.header,Tiny.V5,19200532,264
1621fa3eb0f0abd5,river_barrins_exit_c12r11.tgm,Streaming/Content/data/worldareas/CD/p2_1.vworld,3495576,16405
10981c076ef04504,river_barrins_exit_c12r11.tgm.header,Tiny.V8,19528949,264
879664e201f50f95,river_barrins_exit_c12r12.tgm,Tiny.V6,19487807,2347
624f42251a3852cc,river_barrins_exit_c12r12.tgm.header,Tiny.V9,19797367,264
38ea7e6f6f789c27,river_barrins_exit_c11r2.tgm,Streaming/Content/data/balance/worldareas/6F/p2_1.vworld,0,6211
6a9a5626fc6f373f,river_barrins_exit_c11r2.tgm.header,Tiny.VA,19495637,264
d8988b7701642a0b,river_barrins_exit_c11r3.tgm,Tiny.V7,19391757,3715
1a540090eea50c4b,river_barrins_exit_c11r3.tgm.header,Tiny.VF,19580385,264
1ae813a96d333e35,river_barrins_exit_c11r4.tgm,Tiny.VC,19459352,707
1cb144d05a3b5f7a,river_barrins_exit_c11r4.tgm.header,Tiny.VA,19495901,264
24cb376e2dab8661,river_barrins_exit_c11r5.tgm,Tiny.VA,19496165,4029
5bcb262ed637fa14,river_barrins_exit_c11r5.tgm.header,Tiny.VE,19323738,264
0915ff977bdb6bfd,river_barrins_exit_c11r6.tgm,Streaming/Content/data/balance/worldareas/42/p2_1.vworld,330563,21181
6104769398f61494,river_barrins_exit_c11r6.tgm.header,Tiny.V8,19528421,264
a76da4b2806d263a,river_barrins_exit_c11r7.tgm,Streaming/Content/data/worldareas/2D/p2_1.vworld,978646,16657
c0298562b5d5ea72,river_barrins_exit_c11r7.tgm.header,Tiny.V9,19797103,264
8e8247cd7e0cc28c,river_barrins_exit_c11r8.tgm,Streaming/Content/data/worldareas/BA/p2_1.vworld,1398276,19437
4092c986929dc604,river_barrins_exit_c11r8.tgm.header,Tiny.V5,19200268,264
c61366fb7747fe40,river_barrins_exit_c11r9.tgm,Tiny.VA,19500194,2751
2e9edefee1899164,river_barrins_exit_c11r9.tgm.header,Tiny.VD,19218789,264
70037b28bb7acbcc,river_barrins_exit_c11r1.tgm,Tiny.V8,19524648,3773
89058870118a3cee,river_barrins_exit_c11r1.tgm.header,Tiny.VE,19323474,264
b31ea7b74274082a,river_barrins_exit_c11r10.tgm,Tiny.V3,19341531,1575
cef70ce6e523434e,river_barrins_exit_c11r10.tgm.header,Tiny.VC,19459088,264
2035d80d8f44fffd,river_barrins_exit_c11r11.tgm,Streaming/Content/data/worldareas/09/p2_1.vworld,730640,16459
b06e983ac9d11751,river_barrins_exit_c11r11.tgm.header,Tiny.V0,19743864,264
4038c079b63a0958,river_barrins_exit_c11r12.tgm,Tiny.VD,19216264,2525
065e6fac465f3a90,river_barrins_exit_c11r12.tgm.header,Tiny.VA,19495373,264
6a52b5fa1beff160,river_barrins_exit_c10r2.tgm,Tiny.V3,19334723,2875
31113797b63ab7ff,river_barrins_exit_c10r2.tgm.header,Tiny.V0,19743600,264
2716a9198e51a1c5,river_barrins_exit_c10r3.tgm,Streaming/Content/data/worldareas/3A/p2_1.vworld,4194640,6995
e47dadc2cd0fea38,river_barrins_exit_c10r3.tgm.header,Tiny.V8,19522505,264
48a5c432eb6614f6,river_barrins_exit_c10r4.tgm,Tiny.V3,19337598,3669
5155252906c1f38d,river_barrins_exit_c10r4.tgm.header,Tiny.VA,19493896,264
5a31cbd90afb032b,river_barrins_exit_c10r5.tgm,Tiny.VA,19494160,685
b3f832b0826f7528,river_barrins_exit_c10r5.tgm.header,Tiny.VE,19323210,264
334b36b95403e00f,river_barrins_exit_c10r6.tgm,Tiny.VB,19383749,353
ee569e278fd79a7b,river_barrins_exit_c10r6.tgm.header,Tiny.V3,19341267,264
3dcd533e0d5bf167,river_barrins_exit_c10r7.tgm,Tiny.V8,19522769,1879
cf9f7eb983ddff01,river_barrins_exit_c10r7.tgm.header,Tiny.V4,19855160,264
ebfdc891188a5e7a,river_barrins_exit_c10r8.tgm,Streaming/Content/data/worldareas/F9/p2_1.vworld,1397833,27811
24b12bb302000342,river_barrins_exit_c10r8.tgm.header,Tiny.VA,19494845,264
69c77af3b5725f24,river_barrins_exit_c10r9.tgm,Streaming/Content/data/worldareas/9B/p2_1.vworld,832833,10223
4209fb30602845c3,river_barrins_exit_c10r9.tgm.header,Tiny.VA,19495109,264
6f25ce4a84677a83,river_barrins_exit_c10r1.tgm,Tiny.V9,19796336,503
adddb67c80569cca,river_barrins_exit_c10r1.tgm.header,Tiny.V9,19796839,264
20c0b23bb2c7a8ee,river_barrins_exit_c10r10.tgm,Tiny.VF,19578810,1575
aeea2359894a49b8,river_barrins_exit_c10r10.tgm.header,Tiny.VC,19459088,264
3445b1cfc770ad12,river_barrins_exit_c10r11.tgm,Streaming/Content/data/worldareas/07/p2_1.vworld,813712,16833
141fb1d999659f2f,river_barrins_exit_c10r11.tgm.header,Tiny.VD,19216000,264
207c425e7b94f069,river_barrins_exit_c10r12.tgm,Tiny.V5,19197909,2359
53d1e096806efb5d,river_barrins_exit_c10r12.tgm.header,Tiny.V7,19391493,264
94446b1c5431a711,river_barrins_exit_c1r2.tgm,Tiny.V3,19343106,1157
9b3ecb6ece444eaf,river_barrins_exit_c1r2.tgm.header,Tiny.VD,19219317,264
de0278bfba9a0050,river_barrins_exit_c1r3.tgm,Tiny.VD,19219581,883
db1930ac07d4e2e9,river_barrins_exit_c1r3.tgm.header,Tiny.VE,19324002,264
8a652a1a055ebb59,river_barrins_exit_c1r4.tgm,Tiny.V0,19744128,1779
a0d432d17beffcc8,river_barrins_exit_c1r4.tgm.header,Tiny.V4,19857368,264
5eb7337bfaf059dd,river_barrins_exit_c1r5.tgm,Streaming/Content/data/worldareas/2F/p2_1.vworld,6990856,16715
bd22e44e02cd0c51,river_barrins_exit_c1r5.tgm.header,Tiny.VD,19220464,264
d5bbe0fda9de9a67,river_barrins_exit_c1r6.tgm,Tiny.V6,19490154,2503
8ac7242946b74e99,river_barrins_exit_c1r6.tgm.header,Tiny.V0,19745907,264
121b7fa9372821b6,river_barrins_exit_c1r7.tgm,Tiny.V2,19650621,1063
c231d44e2295a00b,river_barrins_exit_c1r7.tgm.header,Tiny.V2,19651684,264
4056ac23fcb947eb,river_barrins_exit_c1r8.tgm,Tiny.V7,19395811,523
2b7bed03849865a6,river_barrins_exit_c1r8.tgm.header,Tiny.V7,19396334,264
a2ad2cfb03ec5aab,river_barrins_exit_c1r9.tgm,Tiny.VA,19502945,405
60a2147407f07164,river_barrins_exit_c1r9.tgm.header,Tiny.V4,19857632,264
70b09e52cb701d26,river_barrins_exit_c1r1.tgm,Tiny.V4,19856525,843
8bd88d424ca86c1f,river_barrins_exit_c1r1.tgm.header,Tiny.VB,19384102,264
3a79971a353e4e51,river_barrins_exit_c1r10.tgm,Tiny.V7,19395472,339
d79dcaebbfddc3d5,river_barrins_exit_c1r10.tgm.header,Tiny.V7,33324377,264
54c45a971aeee33b,river_barrins_exit_c1r11.tgm,Streaming/Content/data/balance/worldareas/A1/g2_2.vworld,741887,8977
55d7e8d160b042ad,river_barrins_exit_c1r11.tgm.header,Tiny.VC,19460676,264
bd0c838dbe002ad6,river_barrins_exit_c1r12.tgm,Streaming/Content/data/worldareas/FD/p2_1.vworld,5611967,13909
7f2b650554f80ea9,river_barrins_exit_c1r12.tgm.header,Tiny.VC,19460940,264
c855ee0569ccdb7d,forge_entrance_c6r1.tgm,Streaming/Content/data/balance/worldareas/75/mapsinterrift.vworld,0,458919
3f6bc8f6a286dd3d,forge_entrance_c6r1.tgm.header,Tiny.V4,19841418,1090
43074f0271d2b24a,forge_entrance_c6r2.tgm,Streaming/Content/data/balance/worldareas/52/mapsinterrift.vworld,0,196145
305b8a0020d53cea,forge_entrance_c6r2.tgm.header,Tiny.VE,19311723,730
197757326284deed,forge_entrance_c6r3.tgm,Streaming/Content/data/balance/worldareas/DE/mapport.vworld.1,547250,108253
b2bc495f2587cdc6,forge_entrance_c6r3.tgm.header,Tiny.VA,19486633,530
c41d080a43b4975b,forge_entrance_c6r4.tgm,Streaming/Content/data/balance/worldareas/E0/mapmothersoul_male_quest.vworld,404008,41437
3bfd336450ba5c64,forge_entrance_c6r4.tgm.header,Tiny.V7,19374108,330
cf1af24a08bb1e48,forge_entrance_c6r5.tgm,Streaming/Content/data/balance/worldareas/88/mapsinterrift.vworld,0,36307
71bce0279a46a5f7,forge_entrance_c6r5.tgm.header,Tiny.VC,19445395,290
649078c932b6cbbb,forge_entrance_c6r6.tgm,Streaming/Content/data/balance/worldareas/B1/mapuberboss_delirium.vworld,536096,19853
d342bb83418e53c8,forge_entrance_c6r6.tgm.header,Tiny.V2,19630219,264
5afd6df6ad16025a,forge_entrance_c5r1.tgm,Streaming/Content/data/balance/worldareas/DF/mapsinterrift.vworld,553773,432437
d07100f602839ddd,forge_entrance_c5r1.tgm.header,Tiny.VF,19564999,1330
00b0c52211dddc1a,forge_entrance_c5r2.tgm,Streaming/Content/data/balance/worldareas/5D/mapsinterrift.vworld,617629,226661
3355961eb2619780,forge_entrance_c5r2.tgm.header,Tiny.V8,19512057,850
50bb8afc112c5f9d,forge_entrance_c5r3.tgm,Streaming/Content/data/balance/worldareas/62/mapsinterrift.vworld,228923,119361
ffa7b58e5c8cd742,forge_entrance_c5r3.tgm.header,Tiny.V4,19840848,570
79be3301663edf18,forge_entrance_c5r4.tgm,Streaming/Content/data/balance/worldareas/6A/mapsinterrift.vworld,0,49677
63f0971d70cb42fc,forge_entrance_c5r4.tgm.header,Tiny.VD,19202570,370
e45d0828946cb8ad,forge_entrance_c5r5.tgm,Streaming/Content/data/balance/worldareas/74/mapsinterrift.vworld,0,32465
afb83fea0b2f99c9,forge_entrance_c5r5.tgm.header,Tiny.VD,19202940,330
0d41bb3af9e8b242,forge_entrance_c5r6.tgm,Streaming/Content/data/balance/worldareas/2C/mapsinterrift.vworld,0,33643
1d3bd46b79bbafcf,forge_entrance_c5r6.tgm.header,Tiny.V8,19512907,290
65310c603458e7ee,forge_entrance_c4r1.tgm,Streaming/Content/data/balance/worldareas/5D/mapsinterrift.vworld,0,617629
544e15ae94a8fe23,forge_entrance_c4r1.tgm.header,Tiny.V4,19839318,1530
fcb60a06b742e598,forge_entrance_c4r2.tgm,Streaming/Content/data/balance/worldareas/CE/mapsinterrift.vworld,0,333069
496f3de13cc14e30,forge_entrance_c4r2.tgm.header,Tiny.VE,19310633,1090
035515cb3b9b1c56,forge_entrance_c4r3.tgm,Streaming/Content/data/balance/worldareas/62/mapsinterrift.vworld,0,228923
6aa799e5c4355fe2,forge_entrance_c4r3.tgm.header,Tiny.V2,19629289,930
1b8e75fddfd5021f,forge_entrance_c4r4.tgm,Streaming/Content/data/balance/worldareas/0A/g2_2.vworld,381734,50055
c49adf5ce4e795e6,forge_entrance_c4r4.tgm.header,Tiny.V7,19373458,650
7256a01c537cdda5,forge_entrance_c4r5.tgm,Streaming/Content/data/balance/worldareas/CF/mapmothersoul_male_quest.vworld,451666,57777
2a74656fc30a869c,forge_entrance_c4r5.tgm.header,Tiny.VF,19564629,370
15b2168f6ae878f7,forge_entrance_c4r6.tgm,Streaming/Content/data/balance/worldareas/33/mapport.vworld,397081,38953
179544f69687be7b,forge_entrance_c4r6.tgm.header,Tiny.VA,19486303,330
e18d64a70e3012c0,forge_entrance_c3r1.tgm,Streaming/Content/data/balance/worldareas/43/mapsinterrift.vworld,0,392153
8cf6314815605427,forge_entrance_c3r1.tgm.header,Tiny.V5,19190184,1610
fe9d38dce64097f3,forge_entrance_c3r2.tgm,Streaming/Content/data/balance/worldareas/45/g3_16.vworld,555302,355083
d617b5d4653b6930,forge_entrance_c3r2.tgm.header,Tiny.VD,19201360,1210
7ecfac090425d636,forge_entrance_c3r3.tgm,Streaming/Content/data/balance/worldareas/D5/mapprecursortowerdesert.vworld,104456,139539
92f552dac19d5098,forge_entrance_c3r3.tgm.header,Tiny.VC,19444215,570
ddc75a5ba25d327b,forge_entrance_c3r4.tgm,Streaming/Content/data/balance/worldareas/AD/mapsinterrift.vworld,0,118633
36e68471886f1315,forge_entrance_c3r4.tgm.header,Tiny.V8,19511287,770
3eb74a340c303a1b,forge_entrance_c3r5.tgm,Streaming/Content/data/balance/worldareas/EA/g3_1.vworld,410935,79345
375009510cfeb666,forge_entrance_c3r5.tgm.header,Tiny.VC,19444785,610
d993c000de7046b7,forge_entrance_c3r6.tgm,Streaming/Content/data/balance/worldareas/D5/mapprecursortowerdesert.vworld,243995,102645
a21b71e52b9bc989,forge_entrance_c3r6.tgm.header,Tiny.V0,19734046,610
0c0fcbcc5d28172f,forge_entrance_c2r1.tgm,Streaming/Content/data/balance/worldareas/90/mapsinterrift.vworld,362182,294043
b6402a5ef5acad88,forge_entrance_c2r1.tgm.header,Tiny.V1,19397178,1210
821a94777e74f35d,forge_entrance_c2r2.tgm,Streaming/Content/data/balance/worldareas/DF/mapsinterrift.vworld,0,553773
fcf51f99537ca32f,forge_entrance_c2r2.tgm.header,Tiny.VE,19309263,1370
46cd75ea08d968fe,forge_entrance_c2r3.tgm,Streaming/Content/data/balance/worldareas/53/mapsinterrift.vworld,0,292399
1a7bc619294655e1,forge_entrance_c2r3.tgm.header,Tiny.V3,19325338,1010
e07a1ac09926ed6c,forge_entrance_c2r4.tgm,Streaming/Content/data/balance/worldareas/7E/chayulaleague.vworld,245169,302361
64dfea84e8748c62,forge_entrance_c2r4.tgm.header,Tiny.VD,19200310,1050
3b09a376b18d3c77,forge_entrance_c2r5.tgm,Streaming/Content/data/balance/worldareas/90/mapsinterrift.vworld,0,314105
d3226def7cf70105,forge_entrance_c2r5.tgm.header,Tiny.V3,19326348,810
ac7c4c38303e1c9d,forge_entrance_c2r6.tgm,Streaming/Content/data/balance/worldareas/2B/mapuniquereactor_01.vworld,750690,289501
cc941c5eb04ccb55,forge_entrance_c2r6.tgm.header,Tiny.VF,19563779,850
9a98b499ff7936e4,forge_entrance_c1r1.tgm,Streaming/Content/data/balance/worldareas/7B/mapsinterrift.vworld,0,143285
19ad5eecaf3b9b39,forge_entrance_c1r1.tgm.header,Tiny.V3,19324448,890
2ac63b884ccf726e,forge_entrance_c1r2.tgm,Streaming/Content/data/balance/worldareas/C0/mapsinterrift.vworld,0,339145
fb5928ab9987c8a9,forge_entrance_c1r2.tgm.header,Tiny.VB,19377745,1130
e44ca53a8d95735e,forge_entrance_c1r3.tgm,Streaming/Content/data/balance/worldareas/02/g2_9_1.vworld,50943,488779
1519d76b9d01104b,forge_entrance_c1r3.tgm.header,Tiny.V0,19732596,1450
52c029f2b831b79f,forge_entrance_c1r4.tgm,Streaming/Content/data/balance/worldareas/E8/mapsinterrift.vworld,0,441977
3e6498d2e7294f9b,forge_entrance_c1r4.tgm.header,Tiny.VA,19484853,1450
868c1713a9199cb8,forge_entrance_c1r5.tgm,Streaming/Content/data/balance/worldareas/9A/g3_2_1.vworld,485954,293215
678e34c2d43d605b,forge_entrance_c1r5.tgm.header,Tiny.V1,19396248,930
570c9166e2199664,forge_entrance_c1r6.tgm,Streaming/Content/data/balance/worldareas/A5/mapuniquereactor_01.vworld,569845,363697
b6dccf1c37080f96,forge_entrance_c1r6.tgm.header,Tiny.VE,19308493,770
2298292f603be44f,titan_forge_c9r1.tgm,Tiny.V8,19600392,1037
4f8ab2bfe0ac7625,titan_forge_c9r1.tgm.header,Tiny.VA,19554286,264
3aaf0d6340d1d879,titan_forge_c9r2.tgm,Tiny.V7,19442058,1257
3cf3219233b825a1,titan_forge_c9r2.tgm.header,Tiny.V4,19902731,264
a1cb717c21f35b44,titan_forge_c9r3.tgm,Tiny.V0,19811458,981
f5ee5411dcc8daab,titan_forge_c9r3.tgm.header,Tiny.V8,19601429,264
1095ada4793ba118,titan_forge_c9r4.tgm,Tiny.V0,19812439,885
f1f62745c2cd4a35,titan_forge_c9r4.tgm.header,Tiny.V4,19902995,264
f70747695f54af50,titan_forge_c9r5.tgm,Tiny.V8,19601693,637
5813613383bca7ae,titan_forge_c9r5.tgm.header,Tiny.V8,19598141,264
212e55019092b8f0,titan_forge_c9r6.tgm,Tiny.V0,19813324,513
5153e9237977109d,titan_forge_c9r6.tgm.header,Tiny.VF,19630966,264
191ac83c8b1adac4,titan_forge_c9r7.tgm,Tiny.VF,19631230,389
8023a7e9ec53fe57,titan_forge_c9r7.tgm.header,Tiny.V1,19463882,264
4406a9da61f6a2b2,titan_forge_c9r8.tgm,Tiny.VD,19274175,293
b093387548258feb,titan_forge_c9r8.tgm.header,Tiny.V1,19468895,264
f2c42f783288de66,titan_forge_c9r9.tgm,Streaming/Content/data/worldareas/63/p2_1.vworld,0,1403385
93fa843c939a15fc,titan_forge_c9r9.tgm.header,Content/data/balance/worldareas/p2_1.vworld,1622087,13063
a11ffc6035989fb9,titan_forge_c8r1.tgm,Tiny.V3,19393427,721
2230fb9d077c1196,titan_forge_c8r1.tgm.header,Tiny.V0,19808908,264
cc004c604fda4e6e,titan_forge_c8r2.tgm,Tiny.V0,19809172,711
1145fa68de2bb1f5,titan_forge_c8r2.tgm.header,Tiny.V0,19809883,264
b89ed6e8c2941569,titan_forge_c8r3.tgm,Tiny.V1,19467414,953
010c097d860a507c,titan_forge_c8r3.tgm.header,Tiny.V4,19901926,264
db7076e7133c02bd,titan_forge_c8r4.tgm,Tiny.V0,19810147,1047
30825cd48b4d0435,titan_forge_c8r4.tgm.header,Tiny.V1,19468367,264
4465e9a685eb62b6,titan_forge_c8r5.tgm,Tiny.V9,19849414,913
0e4a2a17d839cd8d,titan_forge_c8r5.tgm.header,Tiny.V5,19262302,264
370944b3ca5d4b22,titan_forge_c8r6.tgm,Tiny.V4,19902190,541
19c52ffe96995995,titan_forge_c8r6.tgm.header,Tiny.V2,19721691,264
996a5e6e15efcb37,titan_forge_c8r7.tgm,Tiny.V9,19850327,293
7cb2f483cb002f18,titan_forge_c8r7.tgm.header,Tiny.V1,19468631,264
7326c1fbcc14cd8d,titan_forge_c8r8.tgm,Tiny.V8,19600127,265
69c98c99b88570e9,titan_forge_c8r8.tgm.header,Tiny.V0,19811194,264
515586a805fbe35c,titan_forge_c8r9.tgm,Tiny.VD,19273910,265
fa01291d35066125,titan_forge_c8r9.tgm.header,Tiny.V3,19394148,264
ee03fa50c9c1dbab,titan_forge_c7r1.tgm,Tiny.VC,19517935,795
fb009a58465f143f,titan_forge_c7r1.tgm.header,Tiny.VB,19433779,264
187c404022de2177,titan_forge_c7r2.tgm,Tiny.V2,19720168,1523
b51e8d5c41e2e3d4,titan_forge_c7r2.tgm.header,Tiny.V0,19808644,264
8abaa20c9e910de4,titan_forge_c7r3.tgm,Tiny.VF,19627814,2595
8570e265676ed9e8,titan_forge_c7r3.tgm.header,Tiny.VE,19379911,264
ed47d2102326d310,titan_forge_c7r4.tgm,Tiny.V4,19899378,2105
c55b5986378ef6fa,titan_forge_c7r4.tgm.header,Tiny.VB,19434043,264
0cf5af05a2e13aa9,titan_forge_c7r5.tgm,Tiny.VB,19434307,1615
315b9a7e12cb4601,titan_forge_c7r5.tgm.header,Tiny.V1,19467150,264
20f951c8e5070e55,titan_forge_c7r6.tgm,Tiny.V6,19529264,745
c3af23854b925923,titan_forge_c7r6.tgm.header,Tiny.VF,19630409,264
551a428082793ff6,titan_forge_c7r7.tgm,Tiny.V4,19901483,443
7a12a4d74343b685,titan_forge_c7r7.tgm.header,Tiny.VA,19554022,264
9a651fefe37d872d,titan_forge_c7r8.tgm,Tiny.V8,19599800,327
ef38a595161ca529,titan_forge_c7r8.tgm.header,Tiny.V7,19441794,264
a03295d46a1ac6c0,titan_forge_c7r9.tgm,Tiny.VF,19630673,293
9071d8e1e6c962b3,titan_forge_c7r9.tgm.header,Tiny.V1,19464146,264
4282609f41ab5e5e,titan_forge_c6r1.tgm,Tiny.V8,19598933,603
dd084fd47ef712b4,titan_forge_c6r1.tgm.header,Tiny.V7,19439307,264
b0fe9f2f9f35beae,titan_forge_c6r2.tgm,Tiny.V0,19803695,1667
04f4c07e13dbb805,titan_forge_c6r2.tgm.header,Tiny.V8,19599536,264
a0e95632b9280ac6,titan_forge_c6r3.tgm,Tiny.V7,19439571,2223
ca9a69c91d0086df,titan_forge_c6r3.tgm.header,Tiny.VF,19625057,264
9d4f99c2f344b677,titan_forge_c6r4.tgm,Tiny.V0,19805362,2741
c94190856ac1a8c8,titan_forge_c6r4.tgm.header,Tiny.V3,19393163,264
b40684679476697e,titan_forge_c6r5.tgm,Tiny.VE,19377274,2637
8d02057f270208dd,titan_forge_c6r5.tgm.header,Tiny.V5,19261774,264
25e14eed36502cbb,titan_forge_c6r6.tgm,Tiny.VF,19625321,2493
5d30e6c4aa077337,titan_forge_c6r6.tgm.header,Tiny.VC,19517671,264
032d064c429d7b6b,titan_forge_c6r7.tgm,Tiny.V1,19466417,733
8650fbe0a4fe235f,titan_forge_c6r7.tgm.header,Tiny.V5,19262038,264
1688787216497e68,titan_forge_c6r8.tgm,Tiny.V0,19808103,541
42c2d920f964e6d6,titan_forge_c6r8.tgm.header,Tiny.V9,19849150,264
5f517d5407556d1c,titan_forge_c6r9.tgm,Tiny.V4,19898797,581
dab36c3f3535a0ba,titan_forge_c6r9.tgm.header,Tiny.V2,19719904,264
6eff23af52305f48,titan_forge_c5r1.tgm,Tiny.VE,19371375,389
73497df0ffe66157,titan_forge_c5r1.tgm.header,Tiny.V1,19464674,264
fb100795662bc3c5,titan_forge_c5r2.tgm,Tiny.V1,19464938,951
988b872f81fadfc3,titan_forge_c5r2.tgm.header,Tiny.V1,19465889,264
1d1712e56c7bda06,titan_forge_c5r3.tgm,Tiny.V5,19259669,1667
491031d42694d9b5,titan_forge_c5r3.tgm.header,Tiny.V4,19898533,264
196daad6b2c2ee98,titan_forge_c5r4.tgm,Tiny.VE,19371764,3305
39e7d721e3c8e0dd,titan_forge_c5r4.tgm.header,Tiny.VD,19273646,264
e14a87029cf7e38b,titan_forge_c5r5.tgm,Tiny.VF,19622692,2365
935aee9238104f1d,titan_forge_c5r5.tgm.header,Tiny.V3,19392899,264
bc7ebc260b63332f,titan_forge_c5r6.tgm,Tiny.VE,19375069,2205
8686a46fb2069437,titan_forge_c5r6.tgm.header,Tiny.V1,19466153,264
e53a054a449cb76d,titan_forge_c5r7.tgm,Tiny.VB,19432614,637
7c413a7ee61767b1,titan_forge_c5r7.tgm.header,Tiny.VB,19433251,264
19000146da5ede3a,titan_forge_c5r8.tgm,Streaming/Content/data/worldareas/3E/p2_1.vworld,918020,182343
9984692d25a4a16d,titan_forge_c5r8.tgm.header,Tiny.V5,19261336,438
b8ce945fca4607e9,titan_forge_c5r9.tgm,Tiny.V2,19719187,717
ec9ebda907556a99,titan_forge_c5r9.tgm.header,Tiny.VB,19433515,264
e72af24b12ff4e53,titan_forge_c4r1.tgm,Tiny.VC,19515423,361
c8707a2055596cac,titan_forge_c4r1.tgm.header,Tiny.VC,19515784,264
b167ffcedcdd43f4,titan_forge_c4r2.tgm,Tiny.V4,19897440,1093
769223a8f80b8fa4,titan_forge_c4r2.tgm.header,Tiny.VC,19516048,264
b5def07efce62a71,titan_forge_c4r3.tgm,Tiny.VE,19368839,1913
6620deb4bbd095f6,titan_forge_c4r3.tgm.header,Tiny.V6,19529000,264
c0e507dafa0c9052,titan_forge_c4r4.tgm,Tiny.V0,19800773,2449
65c885afd87d0c2f,titan_forge_c4r4.tgm.header,Tiny.V1,19464410,264
82c4d4852c74bc69,titan_forge_c4r5.tgm,Tiny.V3,19390342,2293
fc83b4f131a1b016,titan_forge_c4r5.tgm.header,Tiny.VC,19516312,264
34f50fc199c2c039,titan_forge_c4r6.tgm,Tiny.V7,19437428,1879
c25a039421f5d03b,titan_forge_c4r6.tgm.header,Tiny.V3,19392635,264
c88ec9fe5fce6712,titan_forge_c4r7.tgm,Tiny.VC,19516576,831
eb391638856d8890,titan_forge_c4r7.tgm.header,Tiny.VC,19517407,264
555952bae4d13cd0,titan_forge_c4r8.tgm,Tiny.VE,19370752,623
52c9cfccb26a94c0,titan_forge_c4r8.tgm.header,Tiny.V5,19259405,264
b2f18bc3bcc654bc,titan_forge_c4r9.tgm,Tiny.V0,19803222,473
dce3b91172523304,titan_forge_c4r9.tgm.header,Tiny.V8,19598669,264
53846506f32d4285,titan_forge_c3r1.tgm,Tiny.V7,19437095,333
8154574ce56133c2,titan_forge_c3r1.tgm.header,Tiny.V0,19799981,264
181f326192bc5a1d,titan_forge_c3r2.tgm,Tiny.VE,19367193,479
720cd7b931539410,titan_forge_c3r2.tgm.header,Tiny.V9,19848886,264
5bdc3507f4aac0b4,titan_forge_c3r3.tgm,Tiny.V6,19527679,1321
fc32e697b6f1c61c,titan_forge_c3r3.tgm.header,Tiny.V0,19800245,264
7c790f67f2b3c5cf,titan_forge_c3r4.tgm,Tiny.V4,19895573,1867
2b25c2bb8d2de474,titan_forge_c3r4.tgm.header,Tiny.V3,19390078,264
9aba5a3d8e16c1c9,titan_forge_c3r5.tgm,Tiny.VA,19552271,1751
5ff60d06279396c4,titan_forge_c3r5.tgm.header,Tiny.V0,19800509,264
c7ea7395441a018b,titan_forge_c3r6.tgm,Tiny.VE,19367672,1167
dc49454c00df7e45,titan_forge_c3r6.tgm.header,Tiny.VF,19622428,264
970307df3fe0de51,titan_forge_c3r7.tgm,Tiny.VD,19272978,375
b27432d1d2d47021,titan_forge_c3r7.tgm.header,Tiny.V5,19259141,264
162b833e8beaaa6b,titan_forge_c3r8.tgm,Tiny.V2,19718798,389
987c2f5b8d79c125,titan_forge_c3r8.tgm.header,Tiny.V1,19463882,264
7133501f43d0214d,titan_forge_c3r9.tgm,Tiny.VD,19273353,293
c2cb6a4786c70299,titan_forge_c3r9.tgm.header,Tiny.V1,19464146,264
a56054cc2f5b7ce7,titan_forge_c2r1.tgm,Tiny.V9,19847359,293
4fc37c4890a6708d,titan_forge_c2r1.tgm.header,Tiny.V8,19597877,264
814eaf59e55e46ef,titan_forge_c2r2.tgm,Tiny.V9,19847652,265
2f850719457e24b3,titan_forge_c2r2.tgm.header,Tiny.V9,19847917,264
679646387df6ea69,titan_forge_c2r3.tgm,Tiny.VF,19621675,753
d96ad4fd46fb7953,titan_forge_c2r3.tgm.header,Tiny.VD,19271773,264
8b95d13e990b0054,titan_forge_c2r4.tgm,Tiny.V4,19894281,903
9127d2c69d3d7a9e,titan_forge_c2r4.tgm.header,Tiny.V8,19598405,264
3834bd79fd25f2ef,titan_forge_c2r5.tgm,Tiny.VD,19272037,941
d970a1f42aeabe06,titan_forge_c2r5.tgm.header,Tiny.VC,19515159,264
1043eaec2dbe7fb0,titan_forge_c2r6.tgm,Tiny.V9,19848181,705
b1312e8ab503a344,titan_forge_c2r6.tgm.header,Tiny.V2,19718534,264
a1ae6e258991b7f9,titan_forge_c2r7.tgm,Tiny.V3,19389627,451
8aad2da3b8c32b16,titan_forge_c2r7.tgm.header,Tiny.V1,19463618,264
ad0a87e9b865c88d,titan_forge_c2r8.tgm,Tiny.V4,19895184,389
2993078824d54bca,titan_forge_c2r8.tgm.header,Tiny.V1,19463882,264
095249aefff51cad,titan_forge_c2r9.tgm,Tiny.V7,19436802,293
8f8f591413bcc72b,titan_forge_c2r9.tgm.header,Tiny.VE,19366929,264
fc29ac94b43bf683,titan_forge_c1r1.tgm,Tiny.V6,19527122,293
5a2d4a9903148f43,titan_forge_c1r1.tgm.header,Tiny.V8,19597877,264
5440e6c8e109607f,titan_forge_c1r2.tgm,Tiny.V1,19463031,587
ea7da4dc13b6b6f6,titan_forge_c1r2.tgm.header,Tiny.VA,19551202,264
e38d366bba401d6c,titan_forge_c1r3.tgm,Tiny.V3,19388814,813
3f82632071f75818,titan_forge_c1r3.tgm.header,Tiny.VB,19431420,264
dc71806ac65f4a04,titan_forge_c1r4.tgm,Tiny.V9,19846936,423
85755a218a919b01,titan_forge_c1r4.tgm.header,Tiny.VA,19551466,264
e59b59779ffe99db,titan_forge_c1r5.tgm,Tiny.V4,19893312,705
1a3b3cb877147911,titan_forge_c1r5.tgm.header,Tiny.V4,19894017,264
489bb8a9f488a949,titan_forge_c1r6.tgm,Tiny.VB,19431684,637
a40550280bbf1651,titan_forge_c1r6.tgm.header,Tiny.V8,19598141,264
cdc86b1b75c2cc26,titan_forge_c1r7.tgm,Tiny.VA,19551730,541
614cbd7ce869dab5,titan_forge_c1r7.tgm.header,Tiny.V2,19718270,264
24c4d26c26ed874b,titan_forge_c1r8.tgm,Tiny.VC,19514742,417
4c4ad5d6c6ec710d,titan_forge_c1r8.tgm.header,Tiny.V6,19527415,264
21a5d26433c59864,titan_forge_c1r9.tgm,Tiny.VB,19432321,293
17417c8a62bca5b3,titan_forge_c1r9.tgm.header,Tiny.VE,19366665,264
2608169eee346a23,salt_waste_bossroom_c9r3.tgm,Tiny.V6,19523651,571
aa1d6e06a47d7b01,salt_waste_bossroom_c9r3.tgm.header,Tiny.VB,19430104,264
d2b5e0d147da11cf,salt_waste_bossroom_c9r4.tgm,Tiny.VC,32542353,57
3c031a08606c9d08,salt_waste_bossroom_c9r4.tgm.header,Tiny.V8,31981168,264
ad216444df252858,salt_waste_bossroom_c9r5.tgm,Tiny.VC,32542353,57
c92d7a6599270c2e,salt_waste_bossroom_c9r5.tgm.header,Tiny.V8,31981168,264
1e1394ebf353a413,salt_waste_bossroom_c9r6.tgm,Tiny.VC,32542353,57
4a312d5a1a540ff0,salt_waste_bossroom_c9r6.tgm.header,Tiny.V8,31981168,264
8857e48dd052c749,salt_waste_bossroom_c9r7.tgm,Streaming/Content/data/worldareas/BA/p2_1.vworld,1417713,4525
10d048b1a3b97cb1,salt_waste_bossroom_c9r7.tgm.header,Tiny.V0,19794512,264
d4604e3e5de1d8f4,salt_waste_bossroom_c9r8.tgm,Streaming/Content/data/worldareas/54/p2_1.vworld,1517773,5639
5df70d9ee5f27024,salt_waste_bossroom_c9r8.tgm.header,Tiny.VD,19266981,264
27958b0e9e1aa9be,salt_waste_bossroom_c9r9.tgm,Streaming/Content/data/worldareas/A4/p2_1.vworld,1048912,6009
035382d78ceb2d08,salt_waste_bossroom_c9r9.tgm.header,Tiny.V3,19384613,264
f312e1b756e2d478,salt_waste_bossroom_c9r1.tgm,Tiny.V5,19241657,793
3e4b7af388e65452,salt_waste_bossroom_c9r1.tgm.header,Tiny.VD,19265246,264
f1b934e0163335ff,salt_waste_bossroom_c9r10.tgm,Streaming/Content/data/balance/worldareas/p2_1.vworld,862976,5557
e5f55b139a0d6c7c,salt_waste_bossroom_c9r10.tgm.header,Tiny.V2,19709778,264
7623920a6c425e0c,salt_waste_bossroom_c9r11.tgm,Streaming/Content/data/balance/worldareas/B1/mapuberboss_delirium.vworld,440171,5681
2c76719d515b0d5b,salt_waste_bossroom_c9r11.tgm.header,Tiny.V4,19889228,264
0a99867ae5b63b21,salt_waste_bossroom_c9r12.tgm,Streaming/Content/data/balance/worldareas/26/p2_1.vworld,392510,5681
5152ae210aef66bd,salt_waste_bossroom_c9r12.tgm.header,Tiny.V9,19841578,264
27b155ee4504861d,salt_waste_bossroom_c9r13.tgm,Streaming/Content/data/worldareas/F7/p2_1.vworld,1433439,6633
33971e2323406f9a,salt_waste_bossroom_c9r13.tgm.header,Tiny.VF,19615822,264
00a69a388f36f07e,salt_waste_bossroom_c9r14.tgm,Streaming/Content/data/balance/worldareas/33/p2_1.vworld,656250,7569
0c0916623d27870a,salt_waste_bossroom_c9r14.tgm.header,Tiny.V8,19590365,264
efd52459578cff17,salt_waste_bossroom_c9r15.tgm,Streaming/Content/data/balance/worldareas/74/p2_1.vworld,3400302,8908413
14e41428dfacb0ff,salt_waste_bossroom_c9r15.tgm.header,Content/data/balance/worldareas/p2_1.vworld,1592131,14562
a52c0983219f05cc,salt_waste_bossroom_c9r16.tgm,Streaming/Content/data/balance/worldareas/74/p2_1.vworld,12308715,5907
e59475e4c824bc8a,salt_waste_bossroom_c9r16.tgm.header,Tiny.V9,19841842,264
e4209d55a04c7d24,salt_waste_bossroom_c9r17.tgm,Streaming/Content/data/balance/worldareas/B9/mapport.vworld,612806,5405
9d3ceeb087e5db4b,salt_waste_bossroom_c9r17.tgm.header,Tiny.VD,19265510,264
a418026077fcf335,salt_waste_bossroom_c9r18.tgm,Streaming/Content/data/balance/worldareas/93/g4_8a.vworld,2863779,4797
343fc28a3b76e6bf,salt_waste_bossroom_c9r18.tgm.header,Tiny.V2,19710042,264
46b948c8f8e58b87,salt_waste_bossroom_c9r19.tgm,Tiny.V8,19590629,1409
710f65f60f7a3e48,salt_waste_bossroom_c9r19.tgm.header,Tiny.V0,19794248,264
1aa2e8dd999f66a1,salt_waste_bossroom_c9r2.tgm,Tiny.V8,19592038,919
9554b25f3d3ced92,salt_waste_bossroom_c9r2.tgm.header,Tiny.V7,19427792,264
745e1c3171d5521e,salt_waste_bossroom_c9r20.tgm,Tiny.V1,19461348,1201
0536cd1cb30bd290,salt_waste_bossroom_c9r20.tgm.header,Tiny.V9,19842106,264
a6bbe19101f2aa28,salt_waste_bossroom_c9r21.tgm,Tiny.VD,19265774,1207
21c1ebdc08906d0b,salt_waste_bossroom_c9r21.tgm.header,Tiny.VB,19429840,264
b35cd5e5c5cfb643,salt_waste_bossroom_c9r22.tgm,Tiny.V2,19710306,979
f6d94f7e1a008c4b,salt_waste_bossroom_c9r22.tgm.header,Tiny.VF,19616086,264
b0eed7b19837f71b,salt_waste_bossroom_c9r23.tgm,Tiny.VC,19504884,1087
65af0757119fada6,salt_waste_bossroom_c9r23.tgm.header,Tiny.VE,19360224,264
3dc474149a95cd59,salt_waste_bossroom_c9r24.tgm,Tiny.V2,19711285,1183
9e5c7e35080b1f0a,salt_waste_bossroom_c9r24.tgm.header,Tiny.V6,19523387,264
f8db44fbb3035deb,salt_waste_bossroom_c8r3.tgm,Tiny.V3,19384156,457
680e8a922020e110,salt_waste_bossroom_c8r3.tgm.header,Tiny.V7,19427528,264
cc594038df42f169,salt_waste_bossroom_c8r4.tgm,Tiny.VC,32542353,57
47d9b279e8294c13,salt_waste_bossroom_c8r4.tgm.header,Tiny.V8,31981168,264
ad6fcecce193a421,salt_waste_bossroom_c8r5.tgm,Tiny.VC,32542353,57
2672ff0c21720f7c,salt_waste_bossroom_c8r5.tgm.header,Tiny.V8,31981168,264
4d446377fc90f18d,salt_waste_bossroom_c8r6.tgm,Tiny.VC,32542353,57
fc60ca9f7f427a30,salt_waste_bossroom_c8r6.tgm.header,Tiny.V8,31981168,264
bc4ab05879b64878,salt_waste_bossroom_c8r7.tgm,Streaming/Content/data/worldareas/E1/p2_1.vworld,4194640,5689
bb7ab6b8a26c9d73,salt_waste_bossroom_c8r7.tgm.header,Tiny.V1,19461084,264
b93d3fda80ed6799,salt_waste_bossroom_c8r8.tgm,Streaming/Content/data/worldareas/F2/p2_1.vworld,6814983,6811
2be028eec0216f6f,salt_waste_bossroom_c8r8.tgm.header,Tiny.V2,19709514,264
c5566e77d53ac081,salt_waste_bossroom_c8r9.tgm,Streaming/Content/data/worldareas/24/p2_1.vworld,250429,1734231
da9bfd66166406ed,salt_waste_bossroom_c8r9.tgm.header,Content/data/balance/worldareas/p2_1.vworld,1586721,5410
bdbc0c6fa5a01fce,salt_waste_bossroom_c8r1.tgm,Tiny.VD,19263775,943
0b0225dd110ab2b4,salt_waste_bossroom_c8r1.tgm.header,Tiny.V2,19705750,264
583f8fb32b3ec064,salt_waste_bossroom_c8r10.tgm,Streaming/Content/data/balance/worldareas/EA/p2_1.vworld,912150,4659
2fac651cf6675019,salt_waste_bossroom_c8r10.tgm.header,Tiny.V0,19793720,264
b6e221374006ebaf,salt_waste_bossroom_c8r11.tgm,Streaming/Content/data/balance/worldareas/40/p2_1.vworld,502945,5003
cf12a802fbdac15f,salt_waste_bossroom_c8r11.tgm.header,Tiny.V4,19888700,264
8d700385e5edafde,salt_waste_bossroom_c8r12.tgm,Streaming/Content/data/balance/worldareas/02/p2_1.vworld,2967889,4743
7b9cd1c610cfa2e9,salt_waste_bossroom_c8r12.tgm.header,Tiny.V2,19706014,264
a9b87fd090aa024e,salt_waste_bossroom_c8r13.tgm,Streaming/Content/data/balance/worldareas/C8/g4_11_1b.vworld,719998,6165
ce4ee688ef9cdf8a,salt_waste_bossroom_c8r13.tgm.header,Tiny.V4,19888964,264
49b9d53a7e5b3276,salt_waste_bossroom_c8r14.tgm,Streaming/Content/data/balance/worldareas/7E/p2_1.vworld,3299211,7425
d9a5be350fb530a6,salt_waste_bossroom_c8r14.tgm.header,Tiny.V6,19521784,264
fda1b4e109a0074e,salt_waste_bossroom_c8r15.tgm,Streaming/Content/data/worldareas/E9/p2_1.vworld,2825907,6067
8fea7d0dc6f106e5,salt_waste_bossroom_c8r15.tgm.header,Tiny.VD,19264718,264
009fc2fa20f15760,salt_waste_bossroom_c8r16.tgm,Streaming/Content/data/worldareas/41/p2_1.vworld,1398276,5459
18b0b327f3ab036f,salt_waste_bossroom_c8r16.tgm.header,Tiny.V8,19590101,264
4f536f69c3401c2d,salt_waste_bossroom_c8r17.tgm,Streaming/Content/data/balance/worldareas/A8/p2_1.vworld,387193,6361
034d86b83225bcef,salt_waste_bossroom_c8r17.tgm.header,Tiny.V7,19427264,264
7abe8d499c0b341a,salt_waste_bossroom_c8r18.tgm,Streaming/Content/data/balance/worldareas/B9/mapport.vworld,607045,5761
81b1c4006572d0de,salt_waste_bossroom_c8r18.tgm.header,Tiny.V3,19383364,264
33b370ffe2019f8a,salt_waste_bossroom_c8r19.tgm,Tiny.V6,19522048,1339
2c5023204670a613,salt_waste_bossroom_c8r19.tgm.header,Tiny.V3,19383628,264
ab38210ce11638e4,salt_waste_bossroom_c8r2.tgm,Tiny.VC,19504097,787
f1153a14a7859b0b,salt_waste_bossroom_c8r2.tgm.header,Tiny.VF,19615558,264
2674a31d3feb0a1a,salt_waste_bossroom_c8r20.tgm,Tiny.VA,19546661,1729
a98a9f254181b00d,salt_waste_bossroom_c8r20.tgm.header,Tiny.VA,19548390,264
b31f679cd440f893,salt_waste_bossroom_c8r21.tgm,Tiny.V2,19706278,1735
1fa71af4d3af84bf,salt_waste_bossroom_c8r21.tgm.header,Tiny.V0,19793984,264
6e2cb3a303ea6015,salt_waste_bossroom_c8r22.tgm,Tiny.V2,19708013,1501
6f0c4a060e70df1a,salt_waste_bossroom_c8r22.tgm.header,Tiny.VD,19264982,264
3c7a4bdb2c0c26c7,salt_waste_bossroom_c8r23.tgm,Streaming/Content/data/worldareas/17/p2_1.vworld,326503,10623961
d794b42a5b7f9132,salt_waste_bossroom_c8r23.tgm.header,Content/data/balance/worldareas/p2_1.vworld,1575723,10998
efb9cabd59ec32a8,salt_waste_bossroom_c8r24.tgm,Tiny.VE,19358729,1495
7f5072329ae8c355,salt_waste_bossroom_c8r24.tgm.header,Tiny.V3,19383892,264
19e3fa017b5f3f5c,salt_waste_bossroom_c7r3.tgm,Tiny.V2,19705221,529
0514bcdab5a33a6d,salt_waste_bossroom_c7r3.tgm.header,Tiny.V5,19240846,264
58b573073e3278f9,salt_waste_bossroom_c7r4.tgm,Tiny.V5,19241110,547
a3628ba0bfab5a0f,salt_waste_bossroom_c7r4.tgm.header,Tiny.V1,19460820,264
067ee8eb2ebc5edc,salt_waste_bossroom_c7r5.tgm,Tiny.VC,32542353,57
f886056a6fbb72e9,salt_waste_bossroom_c7r5.tgm.header,Tiny.V8,31981168,264
cef5ab08d5128f99,salt_waste_bossroom_c7r6.tgm,Tiny.VC,32542353,57
d121c6734eb90152,salt_waste_bossroom_c7r6.tgm.header,Tiny.V8,31981168,264
e14e9385bbdaf2d7,salt_waste_bossroom_c7r7.tgm,Streaming/Content/data/worldareas/FD/p2_1.vworld,8550057,4699
f2d8c2c609215ae3,salt_waste_bossroom_c7r7.tgm.header,Tiny.V4,19888172,264
e677fa7e06953bdd,salt_waste_bossroom_c7r8.tgm,Streaming/Content/data/balance/worldareas/60/p2_1.vworld,400060,5257
80823d7aa1ec2934,salt_waste_bossroom_c7r8.tgm.header,Tiny.V4,19888436,264
4b0fc5e604ff7de1,salt_waste_bossroom_c7r9.tgm,Streaming/Content/data/worldareas/00/p2_1.vworld,2845485,1273807
4a5c2379eb7b5d32,salt_waste_bossroom_c7r9.tgm.header,Tiny.V8,19588695,1406
b5d7661be29c2be5,salt_waste_bossroom_c7r1.tgm,Tiny.V5,19239388,907
9cde485197ee978d,salt_waste_bossroom_c7r1.tgm.header,Tiny.VB,19429312,264
c7a6c18ae80bf6ef,salt_waste_bossroom_c7r10.tgm,Tiny.VD,19263089,361
2e4a8677a1ac19bb,salt_waste_bossroom_c7r10.tgm.header,Tiny.VB,19398974,264
c5aec0448ae33d8f,salt_waste_bossroom_c7r11.tgm,Tiny.V7,19425967,505
00b537ef78e7ac7c,salt_waste_bossroom_c7r11.tgm.header,Tiny.V0,19792928,264
2b938054a8c0b473,salt_waste_bossroom_c7r12.tgm,Tiny.VF,19609225,445
6c74b5c0e5757de5,salt_waste_bossroom_c7r12.tgm.header,Tiny.VF,19587071,264
a00b01b49fe607c9,salt_waste_bossroom_c7r13.tgm,Tiny.V3,19382979,385
31b161af1795d136,salt_waste_bossroom_c7r13.tgm.header,Tiny.V9,19840786,264
88304048d8d38c7e,salt_waste_bossroom_c7r14.tgm,Tiny.VD,19263450,325
9e7e9b6021a6b533,salt_waste_bossroom_c7r14.tgm.header,Tiny.VB,19429576,264
a8d6985cca27108e,salt_waste_bossroom_c7r15.tgm,Tiny.V5,19240295,551
c356e19347d124dd,salt_waste_bossroom_c7r15.tgm.header,Tiny.V0,19793192,264
6c41c62b79a72c4f,salt_waste_bossroom_c7r16.tgm,Streaming/Content/data/worldareas/7D/p2_1.vworld,871967,5351
ff83cacf90406301,salt_waste_bossroom_c7r16.tgm.header,Tiny.V7,19426472,264
4c2f393801f4727a,salt_waste_bossroom_c7r17.tgm,Streaming/Content/data/balance/worldareas/9F/p2_1.vworld,10323,5779
f7e606b85ff7a596,salt_waste_bossroom_c7r17.tgm.header,Tiny.V7,19426736,264
0de83ba734f595ee,salt_waste_bossroom_c7r18.tgm,Tiny.VF,19609670,3787
04d3e0351a46c7cd,salt_waste_bossroom_c7r18.tgm.header,Tiny.V1,19459183,264
2512a0970cee8746,salt_waste_bossroom_c7r19.tgm,Tiny.V1,19459447,1109
e65d253ff6cc95ad,salt_waste_bossroom_c7r19.tgm.header,Tiny.V9,19841050,264
3c8a9433eb415baa,salt_waste_bossroom_c7r2.tgm,Tiny.VE,19357822,907
ba0092d3814b2942,salt_waste_bossroom_c7r2.tgm.header,Tiny.VF,19613457,264
2e46cbf6c28a8c3d,salt_waste_bossroom_c7r20.tgm,Tiny.V6,19520505,1279
e8c9b5cbfeb83749,salt_waste_bossroom_c7r20.tgm.header,Tiny.V1,19460556,264
894b5bde2b4421ba,salt_waste_bossroom_c7r21.tgm,Tiny.V8,19587488,1207
32712d13dc412120,salt_waste_bossroom_c7r21.tgm.header,Tiny.VF,19613721,264
90fcd751e4016a09,salt_waste_bossroom_c7r22.tgm,Tiny.VA,19545268,1393
36a6841b8e0b752b,salt_waste_bossroom_c7r22.tgm.header,Tiny.V9,19841314,264
92bb7ace711708de,salt_waste_bossroom_c7r23.tgm,Tiny.VF,19613985,1573
78d858dc4c7c4bf2,salt_waste_bossroom_c7r23.tgm.header,Tiny.V7,19427000,264
e5a22a6d1a482d9d,salt_waste_bossroom_c7r24.tgm,Tiny.VC,19502626,1471
0c44a216099c727d,salt_waste_bossroom_c7r24.tgm.header,Tiny.V0,19793456,264
6d19ce3b3748eadd,salt_waste_bossroom_c6r3.tgm,Tiny.V5,19238079,1045
7a9353c272126ce5,salt_waste_bossroom_c6r3.tgm.header,Tiny.V8,19586413,264
749ba63a17f61779,salt_waste_bossroom_c6r4.tgm,Tiny.V3,19382414,565
85958a9a2480d26d,salt_waste_bossroom_c6r4.tgm.header,Tiny.VA,19543899,264
8432e600e6f0d1ca,salt_waste_bossroom_c6r5.tgm,Tiny.V8,19586677,547
77f3b7bf8d1083ff,salt_waste_bossroom_c6r5.tgm.header,Tiny.VB,19429048,264
5fc99ab7580caab5,salt_waste_bossroom_c6r6.tgm,Tiny.VF,19608954,271
1aa68639bc9e0a32,salt_waste_bossroom_c6r6.tgm.header,Tiny.VF,19602643,264
f646d8bde38f3df3,salt_waste_bossroom_c6r7.tgm,Tiny.V0,19791925,739
f2f5b1e19c0ca562,salt_waste_bossroom_c6r7.tgm.header,Tiny.V0,19792664,264
195f3f4baa5c6df1,salt_waste_bossroom_c6r8.tgm,Tiny.VD,19261828,1261
300066423c0ef608,salt_waste_bossroom_c6r8.tgm.header,Tiny.V5,19239124,264
275149c096e8fcff,salt_waste_bossroom_c6r9.tgm,Tiny.VA,19544163,1105
7b2ee35fdfd9d96b,salt_waste_bossroom_c6r9.tgm.header,Tiny.V8,19587224,264
6201bd90c1b58730,salt_waste_bossroom_c6r1.tgm,Tiny.V5,19234278,1183
051724bb2caf17aa,salt_waste_bossroom_c6r1.tgm.header,Tiny.V8,19585380,264
3ba0c42dea78fa14,salt_waste_bossroom_c6r10.tgm,Tiny.VE,19354520,925
1e773793a9d00249,salt_waste_bossroom_c6r10.tgm.header,Tiny.V0,19788099,264
4c6c48863eafae5b,salt_waste_bossroom_c6r11.tgm,Tiny.V2,19704140,817
b7ee35a1446bfb52,salt_waste_bossroom_c6r11.tgm.header,Tiny.VF,19608197,264
7b01efb458643fe4,salt_waste_bossroom_c6r12.tgm,Tiny.VA,19542902,733
648d9426e51db3b2,salt_waste_bossroom_c6r12.tgm.header,Tiny.V8,19585644,264
9d907e91962b9ae7,salt_waste_bossroom_c6r13.tgm,Tiny.V0,19788363,673
d75222454ac08133,salt_waste_bossroom_c6r13.tgm.header,Tiny.V7,19425439,264
fce241cf4e07595e,salt_waste_bossroom_c6r14.tgm,Tiny.V3,19381597,553
32b403c33ccc725c,salt_waste_bossroom_c6r14.tgm.header,Tiny.V1,19458655,264
6e547114e4bb70f7,salt_waste_bossroom_c6r15.tgm,Tiny.VF,19608461,493
8bd8aa55c9c0e73d,salt_waste_bossroom_c6r15.tgm.header,Tiny.V8,19585908,264
ba0f8ff8216783da,salt_waste_bossroom_c6r16.tgm,Tiny.V0,19789036,433
3585dc76e8b9b006,salt_waste_bossroom_c6r16.tgm.header,Tiny.V2,19704957,264
56503d946139047d,salt_waste_bossroom_c6r17.tgm,Tiny.V6,19520156,349
5ededb68decf3bd5,salt_waste_bossroom_c6r17.tgm.header,Tiny.V0,19789469,264
e66012d744ebd38c,salt_waste_bossroom_c6r18.tgm,Tiny.V8,19586172,241
e12da12b5742dcc5,salt_waste_bossroom_c6r18.tgm.header,Tiny.VE,19355445,264
6664211a9e58bd24,salt_waste_bossroom_c6r19.tgm,Tiny.V0,19789733,787
cdb75b6ccde1ab6b,salt_waste_bossroom_c6r19.tgm.header,Tiny.VB,19428784,264
223b2e75787e2bf3,salt_waste_bossroom_c6r2.tgm,Tiny.V5,19235461,1291
663db8c50071bf9e,salt_waste_bossroom_c6r2.tgm.header,Tiny.V1,19458919,264
b295a320bf5e9aa4,salt_waste_bossroom_c6r20.tgm,Tiny.VC,19500152,1345
1c6a213238d44099,salt_waste_bossroom_c6r20.tgm.header,Tiny.V5,19236752,264
7b5ce60e42c358ec,salt_waste_bossroom_c6r21.tgm,Tiny.V5,19237016,1063
223f8eba842ebdaa,salt_waste_bossroom_c6r21.tgm.header,Tiny.VD,19261564,264
fcda47eea2dde638,salt_waste_bossroom_c6r22.tgm,Tiny.VC,19501497,1129
aa557e3e23e4b952,salt_waste_bossroom_c6r22.tgm.header,Tiny.VA,19543635,264
aa98481ecd0b0c6c,salt_waste_bossroom_c6r23.tgm,Tiny.VE,19355709,2113
1bdcc8b367baa60c,salt_waste_bossroom_c6r23.tgm.header,Tiny.V7,19425703,264
d9fa5eb43a7587ba,salt_waste_bossroom_c6r24.tgm,Tiny.V0,19790520,1405
5e795f27674680b9,salt_waste_bossroom_c6r24.tgm.header,Tiny.V3,19382150,264
52ee8eaf1d4d9e89,salt_waste_bossroom_c5r3.tgm,Tiny.V7,19423632,1807
e823946464492f47,salt_waste_bossroom_c5r3.tgm.header,Tiny.V9,19840522,264
182d53132c43b371,salt_waste_bossroom_c5r4.tgm,Tiny.V5,19233275,739
b02704585bc09bdb,salt_waste_bossroom_c5r4.tgm.header,Tiny.V1,19457142,264
e6a41fb32ab82f5e,salt_waste_bossroom_c5r5.tgm,Tiny.VD,19260188,601
15f9b9e3ce0983f7,salt_waste_bossroom_c5r5.tgm.header,Tiny.V5,19234014,264
e749136230c9d779,salt_waste_bossroom_c5r6.tgm,Tiny.V0,19787696,403
e63d3b7fd7aa2a6e,salt_waste_bossroom_c5r6.tgm.header,Tiny.VC,19499888,264
b12df81d97f080d7,salt_waste_bossroom_c5r7.tgm,Tiny.VD,19260789,775
2c65a61f89719e77,salt_waste_bossroom_c5r7.tgm.header,Tiny.VF,19607933,264
fbff36431f01baa1,salt_waste_bossroom_c5r8.tgm,Tiny.V3,19380264,1333
29b968aa869303e4,salt_waste_bossroom_c5r8.tgm.header,Tiny.VA,19542638,264
61a89d35853e5cf0,salt_waste_bossroom_c5r9.tgm,Tiny.V1,19457406,1249
b85f6fa661c8003e,salt_waste_bossroom_c5r9.tgm.header,Tiny.V2,19703876,264
bb2af280c345eab4,salt_waste_bossroom_c5r1.tgm,Tiny.V8,19584257,1123
a744f8924e615bb8,salt_waste_bossroom_c5r1.tgm.header,Tiny.V1,19456614,264
9ce7a0b96f96f752,salt_waste_bossroom_c5r10.tgm,Tiny.VD,19258975,1213
643187d23831e282,salt_waste_bossroom_c5r10.tgm.header,Tiny.VF,19606666,264
d185a2a42394b2d4,salt_waste_bossroom_c5r11.tgm,Tiny.VB,19424147,1249
e5723c02ed12e52c,salt_waste_bossroom_c5r11.tgm.header,Tiny.V6,19519273,264
5cfb2e62df7ad064,salt_waste_bossroom_c5r12.tgm,Tiny.V5,19228484,1195
1225f482126fed90,salt_waste_bossroom_c5r12.tgm.header,Tiny.V5,19229679,264
b8496a36c9492b85,salt_waste_bossroom_c5r13.tgm,Tiny.VB,19425396,1057
807e3f4350b73072,salt_waste_bossroom_c5r13.tgm.header,Tiny.V5,19229943,264
4518fcf96f3acb96,salt_waste_bossroom_c5r14.tgm,Tiny.V5,19230207,883
16e350c52e6be17a,salt_waste_bossroom_c5r14.tgm.header,Tiny.V5,19231090,264
6b1d90cf002bdee0,salt_waste_bossroom_c5r15.tgm,Tiny.VF,19606930,739
2ca7ca016a51d60b,salt_waste_bossroom_c5r15.tgm.header,Tiny.VC,19499624,264
8b3dadf97c3bdec6,salt_waste_bossroom_c5r16.tgm,Tiny.V6,19519537,619
39c23a0822bb7f8c,salt_waste_bossroom_c5r16.tgm.header,Tiny.V9,19838625,264
1a2ff0d834ab7cd7,salt_waste_bossroom_c5r17.tgm,Tiny.VB,19426453,475
5864422617c1a898,salt_waste_bossroom_c5r17.tgm.header,Tiny.V5,19231354,264
e974983fa979505f,salt_waste_bossroom_c5r18.tgm,Tiny.VB,19426928,331
c113699cd06a74e7,salt_waste_bossroom_c5r18.tgm.header,Tiny.VE,19352413,264
64eb90c84289fc28,salt_waste_bossroom_c5r19.tgm,Tiny.V4,19886767,1141
e222474c784f9283,salt_waste_bossroom_c5r19.tgm.header,Tiny.V3,19380000,264
b83f0a21fc3a3646,salt_waste_bossroom_c5r2.tgm,Tiny.VB,19427259,1525
b7c2281608ff5ae8,salt_waste_bossroom_c5r2.tgm.header,Tiny.VE,19352677,264
956ed5f638ccb05e,salt_waste_bossroom_c5r20.tgm,Tiny.VE,19352941,1579
cd095d482cfec187,salt_waste_bossroom_c5r20.tgm.header,Tiny.V1,19456878,264
7790edc9ea3ffcdb,salt_waste_bossroom_c5r21.tgm,Streaming/Content/data/worldareas/31/p2_1.vworld,6329451,1965905
2dea4c245a26cedb,salt_waste_bossroom_c5r21.tgm.header,Tiny.VA,19540528,1846
9582e184d6392232,salt_waste_bossroom_c5r22.tgm,Tiny.V5,19231618,1657
f1ebb3936375997d,salt_waste_bossroom_c5r22.tgm.header,Tiny.V4,19887908,264
775e42614f4eb9b5,salt_waste_bossroom_c5r23.tgm,Tiny.V7,19421351,2281
a397bac5c55ece72,salt_waste_bossroom_c5r23.tgm.header,Tiny.VA,19542374,264
6ba2d3f0b3cfb926,salt_waste_bossroom_c5r24.tgm,Tiny.V9,19838889,1633
429f7feef74def52,salt_waste_bossroom_c5r24.tgm.header,Tiny.VF,19607669,264
4cc2d78dfd4fcdfa,salt_waste_bossroom_c4r3.tgm,Tiny.V4,19885092,1411
58b32108d8d2af8f,salt_waste_bossroom_c4r3.tgm.header,Tiny.V6,19519009,264
01871f6142a4ea0c,salt_waste_bossroom_c4r4.tgm,Tiny.V7,19419225,1165
ff35374556eb461e,salt_waste_bossroom_c4r4.tgm.header,Tiny.V8,19583350,264
59ae00290d9a777d,salt_waste_bossroom_c4r5.tgm,Tiny.V7,19420390,961
e6a810a64646006c,salt_waste_bossroom_c4r5.tgm.header,Tiny.VD,19257540,264
0ff5125e2fbc60b2,salt_waste_bossroom_c4r6.tgm,Tiny.V8,19583614,643
574609a0370b177e,salt_waste_bossroom_c4r6.tgm.header,Tiny.V3,19379472,264
696d65678a50bf19,salt_waste_bossroom_c4r7.tgm,Tiny.VD,19257804,1171
ff3e4cbec30b7743,salt_waste_bossroom_c4r7.tgm.header,Tiny.V3,19379736,264
a1732bada2668b23,salt_waste_bossroom_c4r8.tgm,Tiny.VB,19422160,1987
8bbce5cf532671a6,salt_waste_bossroom_c4r8.tgm.header,Tiny.V4,19886503,264
7f8156778fdc6236,salt_waste_bossroom_c4r9.tgm,Tiny.V5,19226689,1795
a447de73a1a5672f,salt_waste_bossroom_c4r9.tgm.header,Tiny.V2,19703612,264
cda31514e4c99bdc,salt_waste_bossroom_c4r1.tgm,Tiny.V5,19225182,979
5ca807eb534c892e,salt_waste_bossroom_c4r1.tgm.header,Tiny.VA,19538637,264
2dbc3ad7cde691bb,salt_waste_bossroom_c4r10.tgm,Tiny.VA,19538901,1627
0efd08e12106118d,salt_waste_bossroom_c4r10.tgm.header,Tiny.VB,19421104,264
a2fd932b157465a6,salt_waste_bossroom_c4r11.tgm,Tiny.V1,19453377,1459
dc36a27200138660,salt_waste_bossroom_c4r11.tgm.header,Tiny.V3,19378481,264
0be8ca9a3c60f161,salt_waste_bossroom_c4r12.tgm,Tiny.V8,19579495,1315
a00f56b6df9a756b,salt_waste_bossroom_c4r12.tgm.header,Tiny.V5,19226161,264
378acdfcdaca936b,salt_waste_bossroom_c4r13.tgm,Tiny.V2,19702237,1111
e73a679a53431dee,salt_waste_bossroom_c4r13.tgm.header,Tiny.VF,19605771,264
a0c66b91cb554a62,salt_waste_bossroom_c4r14.tgm,Tiny.V8,19580810,967
1a39a63d2fa0f4a8,salt_waste_bossroom_c4r14.tgm.header,Tiny.VD,19257012,264
e17ecf353b7a8513,salt_waste_bossroom_c4r15.tgm,Tiny.V9,19836433,823
60009d8ad9bef5f1,salt_waste_bossroom_c4r15.tgm.header,Tiny.V5,19226425,264
1201613c04a8c917,salt_waste_bossroom_c4r16.tgm,Tiny.VF,19606035,631
353e2d5892aba604,salt_waste_bossroom_c4r16.tgm.header,Tiny.VB,19421368,264
2e3ff012dba9bd0c,salt_waste_bossroom_c4r17.tgm,Tiny.V3,19378745,463
155fade58e3896ca,salt_waste_bossroom_c4r17.tgm.header,Tiny.V6,19518745,264
b15251c0f41886a2,salt_waste_bossroom_c4r18.tgm,Tiny.V1,19454836,295
3c40d3ec262ea3ea,salt_waste_bossroom_c4r18.tgm.header,Tiny.V2,19703348,264
94e9bd58790ad499,salt_waste_bossroom_c4r19.tgm,Tiny.VC,19496850,1075
78888fa8e4aa654a,salt_waste_bossroom_c4r19.tgm.header,Tiny.VD,19257276,264
ba6f0b916374623b,salt_waste_bossroom_c4r2.tgm,Tiny.V1,19455131,1219
bf9013953d919e32,salt_waste_bossroom_c4r2.tgm.header,Tiny.V3,19379208,264
8b3051cf815b2b97,salt_waste_bossroom_c4r20.tgm,Tiny.V7,19416817,1471
cfe6f802b41f1f1b,salt_waste_bossroom_c4r20.tgm.header,Tiny.VB,19421632,264
3514004509949ee6,salt_waste_bossroom_c4r21.tgm,Tiny.V9,19837256,1369
006f740d1f15e9bd,salt_waste_bossroom_c4r21.tgm.header,Tiny.VC,19497925,264
477a4b573fc8cf9d,salt_waste_bossroom_c4r22.tgm,Tiny.VC,19498189,1435
0de2baa25d18beb6,salt_waste_bossroom_c4r22.tgm.header,Tiny.V1,19456350,264
d115ec593ffc70ca,salt_waste_bossroom_c4r23.tgm,Tiny.V8,19581777,1573
263701b42ed3a4e2,salt_waste_bossroom_c4r23.tgm.header,Tiny.VE,19352149,264
96931f8bf16a064f,salt_waste_bossroom_c4r24.tgm,Tiny.V7,19418288,937
85aa83975a963716,salt_waste_bossroom_c4r24.tgm.header,Tiny.VB,19421896,264
0fc607a97a4b6689,salt_waste_bossroom_c3r3.tgm,Tiny.V2,19700891,1027
966e67f5cf88842a,salt_waste_bossroom_c3r3.tgm.header,Tiny.VB,19420840,264
126305e5126b17c6,salt_waste_bossroom_c3r4.tgm,Tiny.VA,19537172,1465
9ab24dce46dd4844,salt_waste_bossroom_c3r4.tgm.header,Tiny.VF,19605069,264
555a96411dc3fece,salt_waste_bossroom_c3r5.tgm,Streaming/Content/data/balance/worldareas/p2_1.vworld,808129,54847
9a9e4cd25f75e7f2,salt_waste_bossroom_c3r5.tgm.header,Tiny.VF,19605333,438
51073c95d48ad420,salt_waste_bossroom_c3r6.tgm,Tiny.V0,19786825,871
b0b393b650ffb483,salt_waste_bossroom_c3r6.tgm.header,Tiny.V5,19224918,264
c163020f82e7ae47,salt_waste_bossroom_c3r7.tgm,Tiny.V1,19453058,319
fab6ad030b7e1c70,salt_waste_bossroom_c3r7.tgm.header,Tiny.V4,19884828,264
119e43b45f920365,salt_waste_bossroom_c3r8.tgm,Tiny.VE,19351710,439
e9d79344a9da1e8d,salt_waste_bossroom_c3r8.tgm.header,Tiny.V9,19836169,264
f74fe4e2e21c6541,salt_waste_bossroom_c3r9.tgm,Tiny.V2,19701918,319
9eff921d5f624006,salt_waste_bossroom_c3r9.tgm.header,Tiny.VC,19496586,264
ab4deb9770b2a33f,salt_waste_bossroom_c3r1.tgm,Tiny.V8,19578653,571
b5884c13b71bb080,salt_waste_bossroom_c3r1.tgm.header,Tiny.V1,19452794,264
14a66d38a8f51c62,salt_waste_bossroom_c3r10.tgm,Tiny.V8,19579224,271
043db984f2b834b4,salt_waste_bossroom_c3r10.tgm.header,Tiny.VF,19602643,264
dee89067848ccce8,salt_waste_bossroom_c3r11.tgm,Tiny.V3,19377802,415
192ee7ce73bdcb3b,salt_waste_bossroom_c3r11.tgm.header,Tiny.V2,19699630,264
f564e4b41bb58f44,salt_waste_bossroom_c3r12.tgm,Tiny.VE,19351415,295
1734bbe74bfc04c9,salt_waste_bossroom_c3r12.tgm.header,Tiny.V5,19224149,264
009dd2d92bcfe7e4,salt_waste_bossroom_c3r13.tgm,Tiny.V6,19518216,265
7b9cfd32ed6aa366,salt_waste_bossroom_c3r13.tgm.header,Tiny.VD,19243844,264
a64f5dfc756f0db5,salt_waste_bossroom_c3r14.tgm,Tiny.V4,19884395,433
4eaae15d33913d8c,salt_waste_bossroom_c3r14.tgm.header,Tiny.V5,19221074,264
a626e37369a9b090,salt_waste_bossroom_c3r15.tgm,Tiny.VF,19604666,403
a919e64b04f39e27,salt_waste_bossroom_c3r15.tgm.header,Tiny.V6,19518481,264
f34aabfb180d051b,salt_waste_bossroom_c3r16.tgm,Tiny.VC,19495841,481
a853634c1c8543c1,salt_waste_bossroom_c3r16.tgm.header,Tiny.V3,19378217,264
4bc5791f7d2f334c,salt_waste_bossroom_c3r17.tgm,Tiny.V9,19835100,541
111c7f6f5ecab3a1,salt_waste_bossroom_c3r17.tgm.header,Tiny.V2,19699894,264
5794b079b8d85dea,salt_waste_bossroom_c3r18.tgm,Tiny.V0,19786272,289
227fb55eb322b394,salt_waste_bossroom_c3r18.tgm.header,Tiny.V0,19786561,264
c78c116b1cdb391f,salt_waste_bossroom_c3r19.tgm,Tiny.VD,19255193,791
680a497c221455a4,salt_waste_bossroom_c3r19.tgm.header,Tiny.V9,19835641,264
ef08a60ae6fd2e04,salt_waste_bossroom_c3r2.tgm,Tiny.VD,19255984,757
a4b312862b5a913a,salt_waste_bossroom_c3r2.tgm.header,Tiny.VC,19496322,264
b2d92434c339f260,salt_waste_bossroom_c3r20.tgm,Tiny.V2,19700158,733
7d8c717c2e0f3e08,salt_waste_bossroom_c3r20.tgm.header,Tiny.V5,19224413,264
1ac28bf73614f193,salt_waste_bossroom_c3r21.tgm,Tiny.VA,19536715,457
912954e87700446b,salt_waste_bossroom_c3r21.tgm.header,Tiny.V9,19835905,264
7cf78da93a8ba9d4,salt_waste_bossroom_c3r22.tgm,Tiny.V5,19224677,241
fd03e9ec9f183e3b,salt_waste_bossroom_c3r22.tgm.header,Tiny.V2,25082484,264
dc48844ba9c5787f,salt_waste_bossroom_c3r23.tgm,Streaming/Content/data/worldareas/30/p2_1.vworld,3108792,4365203
8b4cc2e6e3e73436,salt_waste_bossroom_c3r23.tgm.header,Tiny.VB,19416882,3958
89c70932f056be9f,salt_waste_bossroom_c3r24.tgm,Tiny.VD,19256741,271
d1a03df4045bf46c,salt_waste_bossroom_c3r24.tgm.header,Tiny.VE,25958132,264
525157f8201cdffd,salt_waste_bossroom_c27r3.tgm,Tiny.V9,19831189,295
525ca4ebd2292d59,salt_waste_bossroom_c27r3.tgm.header,Tiny.V2,19694657,264
0c915cc2759369fd,salt_waste_bossroom_c27r4.tgm,Tiny.V6,19515885,373
d31377dcd580901a,salt_waste_bossroom_c27r4.tgm.header,Tiny.VF,19603874,264
b4f87dd57caab24e,salt_waste_bossroom_c27r5.tgm,Tiny.V2,19694921,379
4763f513067271a1,salt_waste_bossroom_c27r5.tgm.header,Tiny.V0,19786008,264
6c7d18f3b265bd00,salt_waste_bossroom_c27r6.tgm,Tiny.V9,19831484,295
8e283a6e6088cbb8,salt_waste_bossroom_c27r6.tgm.header,Tiny.VF,19604138,264
297e58c743372772,salt_waste_bossroom_c27r7.tgm,Tiny.V7,19414948,397
03ab5aff96b0f853,salt_waste_bossroom_c27r7.tgm.header,Tiny.V8,19575408,264
dd6ad30fe5f1a2c4,salt_waste_bossroom_c27r8.tgm,Tiny.V8,19575672,799
66a3516b69f0af40,salt_waste_bossroom_c27r8.tgm.header,Tiny.V1,19451437,264
77436ae6e48896c6,salt_waste_bossroom_c27r9.tgm,Tiny.VC,19494856,457
93ee964c65197e5d,salt_waste_bossroom_c27r9.tgm.header,Tiny.V6,19515242,264
5a47f9e402931921,salt_waste_bossroom_c27r1.tgm,Tiny.V3,19375675,271
41113eb2d1e4ef2b,salt_waste_bossroom_c27r1.tgm.header,Tiny.VF,19602379,264
3b0188c96ad41e6c,salt_waste_bossroom_c27r10.tgm,Tiny.VC,19493287,355
6c8484fbf432e026,salt_waste_bossroom_c27r10.tgm.header,Tiny.VD,19251175,264
ae69fe59f67796e4,salt_waste_bossroom_c27r11.tgm,Tiny.VA,19531946,631
2dadee11c0d7af86,salt_waste_bossroom_c27r11.tgm.header,Tiny.V5,19223050,264
7919c0a37071173d,salt_waste_bossroom_c27r12.tgm,Tiny.VA,19532577,361
825f7629b360ec93,salt_waste_bossroom_c27r12.tgm.header,Tiny.VC,19493642,264
8d3989156f5cd50a,salt_waste_bossroom_c27r13.tgm,Tiny.V8,19574549,331
b6b29891e621a550,salt_waste_bossroom_c27r13.tgm.header,Tiny.VE,19352413,264
c1ffdf668abe8de9,salt_waste_bossroom_c27r14.tgm,Tiny.VA,19532938,655
7a2ee2dbf541c800,salt_waste_bossroom_c27r14.tgm.header,Tiny.V0,19785744,264
39f85874482d7864,salt_waste_bossroom_c27r15.tgm,Tiny.VD,19253434,271
c757060b0b5c13f4,salt_waste_bossroom_c27r15.tgm.header,Tiny.VF,19602643,264
1afd38c8025acdb0,salt_waste_bossroom_c27r16.tgm,Tiny.V1,19451010,427
71c3ec47449149b9,salt_waste_bossroom_c27r16.tgm.header,Tiny.VF,19602907,264
6aa5996a684c9823,salt_waste_bossroom_c27r17.tgm,Tiny.V9,19830600,589
c2c101f3ec815e74,salt_waste_bossroom_c27r17.tgm.header,Tiny.VD,19253705,264
7b926c27bae4baf0,salt_waste_bossroom_c27r18.tgm,Tiny.VD,19253969,539
4254131a1e1e4062,salt_waste_bossroom_c27r18.tgm.header,Tiny.VE,19349608,264
22a89d930c65604d,salt_waste_bossroom_c27r19.tgm,Tiny.VC,19493906,403
3654bdbe89c13909,salt_waste_bossroom_c27r19.tgm.header,Tiny.V8,19574880,264
aa76a34b3215c338,salt_waste_bossroom_c27r2.tgm,Tiny.V6,19515506,379
bcc02da4bb4016bc,salt_waste_bossroom_c27r2.tgm.header,Tiny.VE,19349872,264
1c54156331ae9ecc,salt_waste_bossroom_c27r20.tgm,Tiny.VC,19494309,547
d55d88bb33653469,salt_waste_bossroom_c27r20.tgm.header,Tiny.VB,19416137,264
57606e5017729710,salt_waste_bossroom_c27r21.tgm,Tiny.V5,19223314,571
4cc093e35197000d,salt_waste_bossroom_c27r21.tgm.header,Tiny.V4,19882946,264
75e0d6ad50f767b8,salt_waste_bossroom_c27r22.tgm,Tiny.VF,19603171,703
7fbc5adddb0c60d9,salt_waste_bossroom_c27r22.tgm.header,Tiny.V8,19575144,264
b9381c9553b9c3d3,salt_waste_bossroom_c27r23.tgm,Tiny.VD,19254508,685
dc0f9a465391a74d,salt_waste_bossroom_c27r23.tgm.header,Tiny.V5,19223885,264
acb7568b47ada925,salt_waste_bossroom_c27r24.tgm,Streaming/Content/data/worldareas/A0/p2_1.vworld,39133,1469565
21137979a736f3d2,salt_waste_bossroom_c27r24.tgm.header,Tiny.VA,19533593,1538
d4adc36a8cb9b285,salt_waste_bossroom_c26r3.tgm,Tiny.VF,19601406,709
79421c875cb657c8,salt_waste_bossroom_c26r3.tgm.header,Tiny.V8,19573492,264
5e64fac3583cd8a5,salt_waste_bossroom_c26r4.tgm,Tiny.VB,19415032,841
8586685e810ce323,salt_waste_bossroom_c26r4.tgm.header,Tiny.VF,19602115,264
f425f1c47e013c6c,salt_waste_bossroom_c26r5.tgm,Tiny.V7,19412876,943
6bc10bed3e3c7e19,salt_waste_bossroom_c26r5.tgm.header,Tiny.VB,19415873,264
e229372a2c6e68e6,salt_waste_bossroom_c26r6.tgm,Streaming/Content/data/worldareas/1A/p2_1.vworld,0,1371421
dcebd79bc681160d,salt_waste_bossroom_c26r6.tgm.header,Content/data/balance/worldareas/p2_1.vworld,1554739,4970
6cc1bde8e06eea20,salt_waste_bossroom_c26r7.tgm,Tiny.V7,19413819,865
f5220e3829e88a7d,salt_waste_bossroom_c26r7.tgm.header,Tiny.VA,19531682,264
94d2176b0c3eeeee,salt_waste_bossroom_c26r8.tgm,Tiny.V8,19573756,793
907a6ab48b156ce3,salt_waste_bossroom_c26r8.tgm.header,Tiny.V7,19414684,264
b01333842b4e5cef,salt_waste_bossroom_c26r9.tgm,Tiny.VE,19349259,349
a392309f0d855c00,salt_waste_bossroom_c26r9.tgm.header,Tiny.V2,19688820,264
3cd1c7d8fc2f8082,salt_waste_bossroom_c26r1.tgm,Tiny.V1,19449586,625
60213c1077f7ea38,salt_waste_bossroom_c26r1.tgm.header,Tiny.VC,19493023,264
305bc45034c1cb12,salt_waste_bossroom_c26r10.tgm,Tiny.VE,19348928,331
da3d8c735f50baa8,salt_waste_bossroom_c26r10.tgm.header,Tiny.VE,19352413,264
44a5ada0053f130d,salt_waste_bossroom_c26r11.tgm,Tiny.V4,19881853,565
f065795b1670c0f9,salt_waste_bossroom_c26r11.tgm.header,Tiny.V6,19514978,264
9d4ae245e6c95f0d,salt_waste_bossroom_c26r12.tgm,Tiny.VD,19251439,301
8dc3a06a053ad0f6,salt_waste_bossroom_c26r12.tgm.header,Tiny.V1,19452002,264
4782f382cb2905b4,salt_waste_bossroom_c26r13.tgm,Tiny.V9,19829037,403
d75e3a4965b51bd6,salt_waste_bossroom_c26r13.tgm.header,Tiny.V6,19518481,264
49adc4feb470e64e,salt_waste_bossroom_c26r14.tgm,Tiny.V9,19829440,775
8347605dfdee8170,salt_waste_bossroom_c26r14.tgm.header,Tiny.VA,19531154,264
ee511b962fa2997a,salt_waste_bossroom_c26r15.tgm,Tiny.V9,19830215,385
60272a28e1b39861,salt_waste_bossroom_c26r15.tgm.header,Tiny.V0,19784075,264
fc6f41e2cf68a9f5,salt_waste_bossroom_c26r16.tgm,Tiny.V7,19411596,457
9559b188a58cdb54,salt_waste_bossroom_c26r16.tgm.header,Tiny.V6,19515242,264
b499886221b80a2e,salt_waste_bossroom_c26r17.tgm,Tiny.VD,19251740,811
a82dce63c128e440,salt_waste_bossroom_c26r17.tgm.header,Tiny.V3,19374344,264
e804a5070fb6e5ee,salt_waste_bossroom_c26r18.tgm,Tiny.V3,19374608,803
7d026764e2d337a7,salt_waste_bossroom_c26r18.tgm.header,Tiny.V0,19784339,264
c393ac3df5db15ea,salt_waste_bossroom_c26r19.tgm,Tiny.V1,19450211,799
223e213f7342f4a5,salt_waste_bossroom_c26r19.tgm.header,Tiny.V4,19882418,264
2450f2e6b9fed2e1,salt_waste_bossroom_c26r2.tgm,Streaming/Content/data/worldareas/14/p2_1.vworld,840145,69891
d509ffd32819459d,salt_waste_bossroom_c26r2.tgm.header,Tiny.V8,19573054,438
1265a2b40f5a48d9,salt_waste_bossroom_c26r20.tgm,Tiny.VF,19600229,913
a840490087552763,salt_waste_bossroom_c26r20.tgm.header,Tiny.V4,19882682,264
fd805d5310b60a0f,salt_waste_bossroom_c26r21.tgm,Tiny.VD,19252551,883
8fa4f906a61c0cf4,salt_waste_bossroom_c26r21.tgm.header,Tiny.VF,19601142,264
c311cac78fba7789,salt_waste_bossroom_c26r22.tgm,Tiny.V5,19222059,991
095ec51e5bd24828,salt_waste_bossroom_c26r22.tgm.header,Tiny.V3,19375411,264
5651e6d27cbe211c,salt_waste_bossroom_c26r23.tgm,Tiny.V0,19784603,1141
4cbeaf3f5a0d327a,salt_waste_bossroom_c26r23.tgm.header,Tiny.VA,19531418,264
d6c784e404df692a,salt_waste_bossroom_c26r24.tgm,Tiny.V7,19412053,823
b7d0a58e78a250ef,salt_waste_bossroom_c26r24.tgm.header,Tiny.VB,19414768,264
5eab449e173eb53c,salt_waste_bossroom_c25r3.tgm,Tiny.V7,19411277,319
77bb6e10d9ab56af,salt_waste_bossroom_c25r3.tgm.header,Tiny.VA,19530890,264
4af94f5274614532,salt_waste_bossroom_c25r4.tgm,Tiny.V0,19783708,367
2786bbdc99b0c370,salt_waste_bossroom_c25r4.tgm.header,Tiny.V9,19828509,264
be70858e2077d650,salt_waste_bossroom_c25r5.tgm,Tiny.V5,19221338,457
3290d81775634f3d,salt_waste_bossroom_c25r5.tgm.header,Tiny.V9,19828773,264
b066f7b721f0706d,salt_waste_bossroom_c25r6.tgm,Tiny.VF,19599910,319
701c4a11914209f9,salt_waste_bossroom_c25r6.tgm.header,Tiny.V5,19221795,264
c1a39a5ac27326f8,salt_waste_bossroom_c25r7.tgm,Tiny.V1,19449189,397
79091c5fd54ba3f7,salt_waste_bossroom_c25r7.tgm.header,Tiny.V6,19514714,264
98c1699fb55e03f0,salt_waste_bossroom_c25r8.tgm,Tiny.VC,19492584,439
5dc57056d342bb27,salt_waste_bossroom_c25r8.tgm.header,Tiny.VA,19528938,264
05dafb21a1a864d1,salt_waste_bossroom_c25r9.tgm,Tiny.V2,19694278,379
0b1ab4c267c6d14e,salt_waste_bossroom_c25r9.tgm.header,Tiny.VB,19411567,264
c219660361271beb,salt_waste_bossroom_c25r1.tgm,Tiny.V8,19572357,433
a0a5a8eababc6a19,salt_waste_bossroom_c25r1.tgm.header,Tiny.V1,19448540,264
8c9d427b305d856e,salt_waste_bossroom_c25r10.tgm,Tiny.V4,19881318,271
95b10ea3244857c5,salt_waste_bossroom_c25r10.tgm.header,Tiny.VF,19602643,264
f88f87bc05298435,salt_waste_bossroom_c25r11.tgm,Tiny.VC,19491166,439
9cc9a1136ec541ad,salt_waste_bossroom_c25r11.tgm.header,Tiny.VA,19528938,264
5f949e9cef204a80,salt_waste_bossroom_c25r12.tgm,Streaming/Content/data/worldareas/CC/p2_1.vworld,1008507,8044097
dbe4ee1793bdbeea,salt_waste_bossroom_c25r12.tgm.header,Content/data/balance/worldareas/p2_1.vworld,1546953,7786
f4ea3bf776985009,salt_waste_bossroom_c25r13.tgm,Tiny.V3,19372811,319
469702f57dca8eea,salt_waste_bossroom_c25r13.tgm.header,Tiny.VA,19529202,264
c5e73d34c4108078,salt_waste_bossroom_c25r14.tgm,Tiny.V7,19410814,463
4f7b8a3bc3d5855a,salt_waste_bossroom_c25r14.tgm.header,Tiny.V1,19444089,264
4c29eaa8ada924e7,salt_waste_bossroom_c25r15.tgm,Tiny.VE,19348309,355
0bb05f8aa6b4b805,salt_waste_bossroom_c25r15.tgm.header,Tiny.VD,19251175,264
88f3a3ca8b34a6cd,salt_waste_bossroom_c25r16.tgm,Tiny.VA,19529466,349
08680f021343c645,salt_waste_bossroom_c25r16.tgm.header,Tiny.V2,19688820,264
9fbba7290b5cc697,salt_waste_bossroom_c25r17.tgm,Tiny.V6,19513848,433
6ac3c01d0c91aba9,salt_waste_bossroom_c25r17.tgm.header,Tiny.V5,19221074,264
7e9150aac00f6506,salt_waste_bossroom_c25r18.tgm,Tiny.V2,19693090,461
c8638dc344ac6c9a,salt_waste_bossroom_c25r18.tgm.header,Tiny.V4,19881589,264
ad83c97923760f51,salt_waste_bossroom_c25r19.tgm,Tiny.VC,19491605,715
667dc35987e31d5a,salt_waste_bossroom_c25r19.tgm.header,Tiny.V8,19572790,264
9fc2a339cc6be854,salt_waste_bossroom_c25r2.tgm,Tiny.V1,19448804,385
bd7757571b61e4e5,salt_waste_bossroom_c25r2.tgm.header,Tiny.VA,19529815,264
c288cdf7576bcca0,salt_waste_bossroom_c25r20.tgm,Tiny.V2,19693551,727
d85b784a2d9cd32c,salt_waste_bossroom_c25r20.tgm.header,Tiny.V0,19783444,264
d90e109cafcc0cae,salt_waste_bossroom_c25r21.tgm,Tiny.V3,19373130,637
991da1cb61dba92e,salt_waste_bossroom_c25r21.tgm.header,Tiny.VE,19348664,264
49d0bdbf3c8a5328,salt_waste_bossroom_c25r22.tgm,Tiny.V3,19373767,577
1349d30389a8356d,salt_waste_bossroom_c25r22.tgm.header,Tiny.VC,19492320,264
9bb82e4e86c95d68,salt_waste_bossroom_c25r23.tgm,Tiny.VA,19530079,547
9b2e2e251c73f42a,salt_waste_bossroom_c25r23.tgm.header,Tiny.VF,19599646,264
05fef8b52161f154,salt_waste_bossroom_c25r24.tgm,Tiny.V6,19514281,433
07323f149c2c0d21,salt_waste_bossroom_c25r24.tgm.header,Tiny.VA,19530626,264
115d7f069d6fa561,salt_waste_bossroom_c24r3.tgm,Tiny.V3,19370571,421
64bd5e0409111128,salt_waste_bossroom_c24r3.tgm.header,Tiny.V8,19572093,264
00eb23a6c3a190f5,salt_waste_bossroom_c24r4.tgm,Tiny.VF,19599045,601
e93e2ae8ce45a62b,salt_waste_bossroom_c24r4.tgm.header,Tiny.V2,19691697,264
885a12ccdf0e4d80,salt_waste_bossroom_c24r5.tgm,Tiny.V1,19447969,571
a4fc28cb655a4b25,salt_waste_bossroom_c24r5.tgm.header,Tiny.V4,19881054,264
921dc68828759aa7,salt_waste_bossroom_c24r6.tgm,Tiny.VB,19412630,535
c1d3b6a0f520aedc,salt_waste_bossroom_c24r6.tgm.header,Tiny.V9,19828245,264
38962f853952c698,salt_waste_bossroom_c24r7.tgm,Tiny.V2,19691961,1129
93a9e923a772f115,salt_waste_bossroom_c24r7.tgm.header,Tiny.VD,19250911,264
cc8a8d7fd284dae6,salt_waste_bossroom_c24r8.tgm,Tiny.V3,19370992,1819
0885b54cba14148f,salt_waste_bossroom_c24r8.tgm.header,Tiny.V5,19220810,264
1c90e131732dde82,salt_waste_bossroom_c24r9.tgm,Tiny.VB,19413165,1603
f9927ab99fdf540d,salt_waste_bossroom_c24r9.tgm.header,Tiny.VA,19528674,264
fef299c8ec124686,salt_waste_bossroom_c24r1.tgm,Tiny.V5,19220100,301
e2703f34bea6301a,salt_waste_bossroom_c24r1.tgm.header,Tiny.V1,19444617,264
3b0ac96bb10517fd,salt_waste_bossroom_c24r10.tgm,Tiny.V1,19444881,1411
fd5baa0f239f48c7,salt_waste_bossroom_c24r10.tgm.header,Tiny.V3,19370043,264
0c817adfe77fffad,salt_waste_bossroom_c24r11.tgm,Tiny.VC,19489539,1363
b1410f0d0fb233d1,salt_waste_bossroom_c24r11.tgm.header,Tiny.V7,19409217,264
9c90705958ecaac2,salt_waste_bossroom_c24r12.tgm,Tiny.V6,19512509,1339
ef9f7c414f645f4c,salt_waste_bossroom_c24r12.tgm.header,Tiny.V2,19690766,264
1a847d8ceee03082,salt_waste_bossroom_c24r13.tgm,Tiny.VE,19347090,1219
b5c8af8571a9cb1c,salt_waste_bossroom_c24r13.tgm.header,Tiny.VD,19247697,264
4291d75d8ea87689,salt_waste_bossroom_c24r14.tgm,Tiny.V8,19570514,1051
589734c94c952fea,salt_waste_bossroom_c24r14.tgm.header,Tiny.VC,19490902,264
0215bd866b7d38c3,salt_waste_bossroom_c24r15.tgm,Tiny.VD,19247961,859
dd47763565cf3f52,salt_waste_bossroom_c24r15.tgm.header,Tiny.VF,19598781,264
d92fae151f195dd8,salt_waste_bossroom_c24r16.tgm,Tiny.V2,19691030,667
bc1309e983775f75,salt_waste_bossroom_c24r16.tgm.header,Tiny.V8,19571565,264
b103c14e1ddc3a6d,salt_waste_bossroom_c24r17.tgm,Tiny.V1,19446292,523
8b88b42f7024aad0,salt_waste_bossroom_c24r17.tgm.header,Tiny.VD,19248820,264
ac1f9273266f2acb,salt_waste_bossroom_c24r18.tgm,Tiny.V5,19220401,409
7bf0d255469183d0,salt_waste_bossroom_c24r18.tgm.header,Tiny.V0,19782916,264
94d1d0041984a98d,salt_waste_bossroom_c24r19.tgm,Tiny.VA,19528235,439
25582a5099c57097,salt_waste_bossroom_c24r19.tgm.header,Tiny.V7,19409481,264
2b3b3f60b030919f,salt_waste_bossroom_c24r2.tgm,Tiny.VD,19249084,415
08919022062af4fe,salt_waste_bossroom_c24r2.tgm.header,Tiny.VD,19249499,264
8af81f217303220e,salt_waste_bossroom_c24r20.tgm,Tiny.V1,19446815,643
eb99f1c46632c3c2,salt_waste_bossroom_c24r20.tgm.header,Tiny.V3,19370307,264
5371d5c0541f76b6,salt_waste_bossroom_c24r21.tgm,Tiny.V7,19409745,541
bd95922d9b9f54cf,salt_waste_bossroom_c24r21.tgm.header,Tiny.V8,19571829,264
4db1e6b32768b2c0,salt_waste_bossroom_c24r22.tgm,Tiny.VD,19249763,577
1fb77bca0c5529e6,salt_waste_bossroom_c24r22.tgm.header,Tiny.V7,19410286,264
1a7c32f8249bcd68,salt_waste_bossroom_c24r23.tgm,Tiny.VD,19250340,571
918a3de03400ece6,salt_waste_bossroom_c24r23.tgm.header,Tiny.V7,19410550,264
de64f21ceb9b2162,salt_waste_bossroom_c24r24.tgm,Tiny.V1,19447458,511
697f5ec7b2a04473,salt_waste_bossroom_c24r24.tgm.header,Tiny.V0,19783180,264
e37410e18d237c70,salt_waste_bossroom_c23r3.tgm,Tiny.V8,19570195,319
abaafd4b3d9027ea,salt_waste_bossroom_c23r3.tgm.header,Tiny.VA,19527490,264
844cf5fd00c201b7,salt_waste_bossroom_c23r4.tgm,Tiny.VF,19597537,601
ad1cbeca60c00392,salt_waste_bossroom_c23r4.tgm.header,Tiny.VB,19412366,264
9ba89f6587ee64ac,salt_waste_bossroom_c23r5.tgm,Tiny.VE,19346495,595
4b4b129b6679d4cd,salt_waste_bossroom_c23r5.tgm.header,Tiny.V7,19408953,264
62cfff91521baae6,salt_waste_bossroom_c23r6.tgm,Tiny.VA,19527754,481
2e1c70335b0f7839,salt_waste_bossroom_c23r6.tgm.header,Tiny.V2,19690502,264
37a4487ae0605ef8,salt_waste_bossroom_c23r7.tgm,Tiny.VF,19598138,643
dfbb3c511d405b1d,salt_waste_bossroom_c23r7.tgm.header,Tiny.V3,19369779,264
e37aebe0552aa63c,salt_waste_bossroom_c23r8.tgm,Tiny.V0,19781931,985
2b1eb28a7f4bc8a1,salt_waste_bossroom_c23r8.tgm.header,Tiny.V5,19219836,264
9abab9bb2985f058,salt_waste_bossroom_c23r9.tgm,Tiny.V4,19880081,973
b50703946dbfe761,salt_waste_bossroom_c23r9.tgm.header,Tiny.V6,19512245,264
30a0ae6a93213653,salt_waste_bossroom_c23r1.tgm,Tiny.VB,19411831,271
96bd4088bca4a693,salt_waste_bossroom_c23r1.tgm.header,Tiny.V2,19689349,264
7c7908614b29c4da,salt_waste_bossroom_c23r10.tgm,Tiny.V1,19443152,937
f686c5faa048bf64,salt_waste_bossroom_c23r10.tgm.header,Tiny.VB,19412102,264
4b4c41411c4b3c68,salt_waste_bossroom_c23r11.tgm,Tiny.V4,19878687,853
9398040239710dfa,salt_waste_bossroom_c23r11.tgm.header,Tiny.V9,19825729,264
b46b1cfa7e725962,salt_waste_bossroom_c23r12.tgm,Tiny.VE,19344134,829
e835ded5b5a450cb,salt_waste_bossroom_c23r12.tgm.header,Tiny.V9,19825993,264
dbf110e3bd60695b,salt_waste_bossroom_c23r13.tgm,Tiny.V5,19218610,769
875f51aecf88bd8f,salt_waste_bossroom_c23r13.tgm.header,Tiny.V7,19408689,264
5816c3f7aee08c4e,salt_waste_bossroom_c23r14.tgm,Tiny.V9,19826257,733
74f4c7b4383bc812,salt_waste_bossroom_c23r14.tgm.header,Tiny.V8,19569210,264
0836e436e467135c,salt_waste_bossroom_c23r15.tgm,Tiny.V2,19689613,625
3fa07f2535c507b3,salt_waste_bossroom_c23r15.tgm.header,Tiny.V9,19826990,264
b5d460f6dfebe454,salt_waste_bossroom_c23r16.tgm,Tiny.V4,19879540,541
7e59d0bdeacfbe97,salt_waste_bossroom_c23r16.tgm.header,Tiny.V2,19690238,264
462c35fe4aae989c,salt_waste_bossroom_c23r17.tgm,Tiny.V5,19219379,457
803ba7beeb5d29bc,salt_waste_bossroom_c23r17.tgm.header,Tiny.V9,19827254,264
c11a4b7a72cab7d2,salt_waste_bossroom_c23r18.tgm,Streaming/Content/data/worldareas/37/p2_1.vworld,4875,2916599
31bbc08d9e2778d6,salt_waste_bossroom_c23r18.tgm.header,Tiny.VD,19245015,2682
a8bfd34209443edd,salt_waste_bossroom_c23r19.tgm,Tiny.VA,19527111,379
77a6e244021385f1,salt_waste_bossroom_c23r19.tgm.header,Tiny.V3,19368602,264
4275a520fa285bdd,salt_waste_bossroom_c23r2.tgm,Tiny.V8,19569474,457
3a2a834845e13829,salt_waste_bossroom_c23r2.tgm.header,Tiny.V8,19569931,264
3aba1dc2975dfa25,salt_waste_bossroom_c23r20.tgm,Tiny.VE,19344963,523
5f6c07bc88cbb80d,salt_waste_bossroom_c23r20.tgm.header,Tiny.V9,19827518,264
06a62b4b93ef48fd,salt_waste_bossroom_c23r21.tgm,Tiny.V9,19827782,463
a04d47ffcdfdab65,salt_waste_bossroom_c23r21.tgm.header,Tiny.V1,19444089,264
ef216e921fc6d1e7,salt_waste_bossroom_c23r22.tgm,Tiny.V0,19780910,1021
3b902f303431d898,salt_waste_bossroom_c23r22.tgm.header,Tiny.VE,19345486,264
ebefb4d05528d49f,salt_waste_bossroom_c23r23.tgm,Tiny.V3,19368866,913
10854ba29ac402ae,salt_waste_bossroom_c23r23.tgm.header,Tiny.V6,19511981,264
4427daf34f47bbc4,salt_waste_bossroom_c23r24.tgm,Tiny.VE,19345750,745
127540b8e9376fe3,salt_waste_bossroom_c23r24.tgm.header,Tiny.V1,19444353,264
560bea44e38aee92,salt_waste_bossroom_c22r3.tgm,Tiny.V8,19567548,241
3b1de073688bc603,salt_waste_bossroom_c22r3.tgm.header,Tiny.VA,19526498,264
ba7cfd153c9236d1,salt_waste_bossroom_c22r4.tgm,Streaming/Content/data/worldareas/67/p2_1.vworld,944219,5298999
d7104bcd6c14ebe6,salt_waste_bossroom_c22r4.tgm.header,Content/data/balance/worldareas/p2_1.vworld,1540443,6510
28ead2f5c4074a00,salt_waste_bossroom_c22r5.tgm,Tiny.VA,19526762,349
9d7d05848b174846,salt_waste_bossroom_c22r5.tgm.header,Tiny.VC,19488478,264
ce56767c5d356dc7,salt_waste_bossroom_c22r6.tgm,Tiny.V5,19216756,241
0ce285e78227fd48,salt_waste_bossroom_c22r6.tgm.header,Tiny.V5,19216997,264
ba6fd97ef03177ea,salt_waste_bossroom_c22r7.tgm,Tiny.VC,19488742,797
f01bb8da1e02abc7,salt_waste_bossroom_c22r7.tgm.header,Tiny.V6,19511717,264
68f73119addf38b1,salt_waste_bossroom_c22r8.tgm,Tiny.V8,19567789,1157
b05c17b9c207eacf,salt_waste_bossroom_c22r8.tgm.header,Tiny.V8,19568946,264
97f2a38cc9c11516,salt_waste_bossroom_c22r9.tgm,Tiny.V5,19217261,1349
8fd8b4ad21976155,salt_waste_bossroom_c22r9.tgm.header,Tiny.V0,19780646,264
31cc0385ebb18371,salt_waste_bossroom_c22r1.tgm,Tiny.VE,19343611,259
bd1fa60152f6aed7,salt_waste_bossroom_c22r1.tgm.header,Tiny.V5,19216119,264
fb031a47c6c13c9f,salt_waste_bossroom_c22r10.tgm,Tiny.V1,19441613,469
73b4e5d84aea804b,salt_waste_bossroom_c22r10.tgm.header,Tiny.V8,19567284,264
8270a7d59fc44cd2,salt_waste_bossroom_c22r11.tgm,Tiny.V1,19442082,433
a727a58ec8d52040,salt_waste_bossroom_c22r11.tgm.header,Tiny.V5,19221074,264
cf0e2d4304e014b1,salt_waste_bossroom_c22r12.tgm,Tiny.V0,19779781,601
217feb447c1eab4c,salt_waste_bossroom_c22r12.tgm.header,Tiny.V3,19367042,264
ed849f26a6e65a50,salt_waste_bossroom_c22r13.tgm,Tiny.V3,19367306,613
3192d2e19d4a4f6e,salt_waste_bossroom_c22r13.tgm.header,Tiny.V0,19780382,264
bb1000bd3c752834,salt_waste_bossroom_c22r14.tgm,Tiny.V7,19407872,553
134839b346706990,salt_waste_bossroom_c22r14.tgm.header,Tiny.VF,19596348,264
3876f9d606f50cae,salt_waste_bossroom_c22r15.tgm,Tiny.V3,19367919,683
53d8440497d1127c,salt_waste_bossroom_c22r15.tgm.header,Tiny.VD,19243580,264
1a10273cae385363,salt_waste_bossroom_c22r16.tgm,Tiny.VC,19488045,433
ad77c1e4f4c3e19b,salt_waste_bossroom_c22r16.tgm.header,Tiny.V5,19221074,264
7668daccb1a90f50,salt_waste_bossroom_c22r17.tgm,Tiny.VB,19411218,349
48395c279423bb8c,salt_waste_bossroom_c22r17.tgm.header,Tiny.V2,19688820,264
bf5cf04455ec3274,salt_waste_bossroom_c22r18.tgm,Tiny.V2,19689084,265
a46baaec3816f26b,salt_waste_bossroom_c22r18.tgm.header,Tiny.VD,19243844,264
d2c18336cfd7a1a1,salt_waste_bossroom_c22r19.tgm,Tiny.V5,19216383,373
3ec7d9aab3868ea5,salt_waste_bossroom_c22r19.tgm.header,Tiny.VD,19244108,264
f6576dda4853be6f,salt_waste_bossroom_c22r2.tgm,Tiny.V1,19442515,373
97599057e7f9bd3d,salt_waste_bossroom_c22r2.tgm.header,Tiny.VE,19343870,264
a7fa29d4e0e3d89f,salt_waste_bossroom_c22r20.tgm,Tiny.VA,19525957,541
b026edcecc9e2e84,salt_waste_bossroom_c22r20.tgm.header,Tiny.V8,19571829,264
a53543a4a8a6836e,salt_waste_bossroom_c22r21.tgm,Tiny.VD,19244372,379
22d735b5abc5b1e5,salt_waste_bossroom_c22r21.tgm.header,Tiny.VB,19411567,264
fd5ee831953ea05a,salt_waste_bossroom_c22r22.tgm,Tiny.V9,19824053,757
42bb560dd4ffed30,salt_waste_bossroom_c22r22.tgm.header,Tiny.V1,19442888,264
b2529655301da296,salt_waste_bossroom_c22r23.tgm,Tiny.V9,19824810,919
d17877ac3abaf528,salt_waste_bossroom_c22r23.tgm.header,Tiny.VD,19244751,264
797ed987e32cdb24,salt_waste_bossroom_c22r24.tgm,Tiny.VF,19596612,925
cb3f13e8b32cfdc0,salt_waste_bossroom_c22r24.tgm.header,Tiny.V7,19408425,264
fc4f16adb48eee45,salt_waste_bossroom_c21r3.tgm,Tiny.V0,19779246,535
a093103975eb2489,salt_waste_bossroom_c21r3.tgm.header,Tiny.VB,19410954,264
e317f4830d916aeb,salt_waste_bossroom_c21r4.tgm,Tiny.VC,32542353,57
c4fe2515ddb1f24d,salt_waste_bossroom_c21r4.tgm.header,Tiny.V8,31981168,264
b3cc9cf6d93dec09,salt_waste_bossroom_c21r5.tgm,Tiny.VC,32542353,57
87f0edd6ab597e40,salt_waste_bossroom_c21r5.tgm.header,Tiny.V8,31981168,264
08ef49a0b502ee9c,salt_waste_bossroom_c21r6.tgm,Tiny.VC,32542353,57
a74c61c51d472633,salt_waste_bossroom_c21r6.tgm.header,Tiny.V8,31981168,264
48fcf2e9b7086e38,salt_waste_bossroom_c21r7.tgm,Streaming/Content/data/worldareas/46/p2_1.vworld,2815233,4723
55bbac4158af4a22,salt_waste_bossroom_c21r7.tgm.header,Tiny.V5,19215855,264
80a41b5092efb0e7,salt_waste_bossroom_c21r8.tgm,Streaming/Content/data/balance/worldareas/45/p2_1.vworld,103974,5575
ab680a77804d7c0c,salt_waste_bossroom_c21r8.tgm.header,Tiny.V3,19366778,264
1ae1a102ae1dad2d,salt_waste_bossroom_c21r9.tgm,Streaming/Content/data/worldareas/6B/p2_1.vworld,1403743,2021291
a637699c29bfea41,salt_waste_bossroom_c21r9.tgm.header,Tiny.VC,19485979,2066
a0ceda74e5783bfe,salt_waste_bossroom_c21r1.tgm,Tiny.V1,19437630,685
2d70296e03fbdb52,salt_waste_bossroom_c21r1.tgm.header,Tiny.VD,19243316,264
6c1454df86d5c04e,salt_waste_bossroom_c21r10.tgm,Streaming/Content/data/worldareas/2E/p2_1.vworld,565991,4829
ebed2395e79ed706,salt_waste_bossroom_c21r10.tgm.header,Tiny.V9,19823789,264
ec443403c1eaa1e5,salt_waste_bossroom_c21r11.tgm,Streaming/Content/data/balance/worldareas/p2_1.vworld,802880,5249
63285fc11dfc5a3a,salt_waste_bossroom_c21r11.tgm.header,Tiny.V1,19438315,264
0f35a33bc63d09dd,salt_waste_bossroom_c21r12.tgm,Streaming/Content/data/balance/worldareas/8D/g2_9_1.vworld,458393,5291
409b238cd08accc3,salt_waste_bossroom_c21r12.tgm.header,Tiny.V3,19364161,264
6f871e61729bc4d0,salt_waste_bossroom_c21r13.tgm,Streaming/Content/data/balance/worldareas/6A/p2_1.vworld,454417,5111
94328298384091d2,salt_waste_bossroom_c21r13.tgm.header,Tiny.VF,19594264,264
78fc8a63c14aa3f1,salt_waste_bossroom_c21r14.tgm,Streaming/Content/data/balance/worldareas/B4/p2_1.vworld,4541,6305
a0d100749bd239d1,salt_waste_bossroom_c21r14.tgm.header,Tiny.VE,19343347,264
5525ab18fffa6f00,salt_waste_bossroom_c21r15.tgm,Streaming/Content/data/worldareas/A9/p2_1.vworld,5623151,4937
70b00791e42ee183,salt_waste_bossroom_c21r15.tgm.header,Tiny.V1,19438579,264
d7b9ad8bc32b4612,salt_waste_bossroom_c21r16.tgm,Streaming/Content/data/worldareas/F4/p2_1.vworld,786171,4423
1b8d0c082b1b4d43,salt_waste_bossroom_c21r16.tgm.header,Tiny.V6,19511453,264
58c81f4d9d3077a0,salt_waste_bossroom_c21r17.tgm,Streaming/Content/data/balance/worldareas/B8/p2_1.vworld,436573,5773
9f09df53fa19b86b,salt_waste_bossroom_c21r17.tgm.header,Tiny.V8,19567020,264
665d8ffeb8eedc1d,salt_waste_bossroom_c21r18.tgm,Tiny.V0,19775369,3613
cab6701446d72671,salt_waste_bossroom_c21r18.tgm.header,Tiny.V3,19364425,264
c87d6485dcc7c96c,salt_waste_bossroom_c21r19.tgm,Tiny.V4,19877762,925
b02fc04c52c4388e,salt_waste_bossroom_c21r19.tgm.header,Tiny.V0,19778982,264
9656b2b4932ffd99,salt_waste_bossroom_c21r2.tgm,Tiny.VF,19594528,523
43ccfcec350e1245,salt_waste_bossroom_c21r2.tgm.header,Tiny.VC,19484274,264
10038851ce5294cd,salt_waste_bossroom_c21r20.tgm,Tiny.VF,19595051,1297
3f6fcb0ac194c63d,salt_waste_bossroom_c21r20.tgm.header,Tiny.VC,19484538,264
c0a5810bf2122537,salt_waste_bossroom_c21r21.tgm,Tiny.VC,19484802,1177
23e01866882f4419,salt_waste_bossroom_c21r21.tgm.header,Tiny.V3,19364689,264
f4c97ab62048b94d,salt_waste_bossroom_c21r22.tgm,Tiny.VB,19409939,1015
2fd73ceb6b375ac4,salt_waste_bossroom_c21r22.tgm.header,Tiny.V3,19364953,264
c00152f801c089de,salt_waste_bossroom_c21r23.tgm,Streaming/Content/data/worldareas/FD/p2_1.vworld,5625876,2924181
5126678dce1c94da,salt_waste_bossroom_c21r23.tgm.header,Tiny.V1,19438843,2770
44051459380f5e44,salt_waste_bossroom_c21r24.tgm,Tiny.V3,19365217,1561
82c84eabb32f6c85,salt_waste_bossroom_c21r24.tgm.header,Tiny.V7,19407608,264
678780205c376467,salt_waste_bossroom_c20r3.tgm,Tiny.VA,19525200,757
a11762016f6c004d,salt_waste_bossroom_c20r3.tgm.header,Tiny.V2,19688556,264
52d829d0aa86774d,salt_waste_bossroom_c20r4.tgm,Tiny.VC,32542353,57
e1bc6766b7df0cd3,salt_waste_bossroom_c20r4.tgm.header,Tiny.V8,31981168,264
e8bf150e9ca91bfd,salt_waste_bossroom_c20r5.tgm,Tiny.VC,32542353,57
c6f3f21093618a8a,salt_waste_bossroom_c20r5.tgm.header,Tiny.V8,31981168,264
8e897a2224611ed9,salt_waste_bossroom_c20r6.tgm,Tiny.VC,32542353,57
210d76d0c4f479fd,salt_waste_bossroom_c20r6.tgm.header,Tiny.V8,31981168,264
af340a157810a505,salt_waste_bossroom_c20r7.tgm,Streaming/Content/data/worldareas/4C/p2_1.vworld,1862661,5257
2328ae53e67462fb,salt_waste_bossroom_c20r7.tgm.header,Tiny.V4,19888436,264
a982e3744a0596b0,salt_waste_bossroom_c20r8.tgm,Streaming/Content/data/balance/worldareas/D5/p2_1.vworld,3661925,6859
0a1ab6b54fa5abe7,salt_waste_bossroom_c20r8.tgm.header,Tiny.VE,19343083,264
a8a9d68ac5085049,salt_waste_bossroom_c20r9.tgm,Streaming/Content/data/balance/worldareas/89/p2_1.vworld,174924,5555
d124b953c8b79a0a,salt_waste_bossroom_c20r9.tgm.header,Tiny.VF,19594000,264
e36a4842321893b1,salt_waste_bossroom_c20r1.tgm,Tiny.V3,19363290,607
8a0f2935191f27c0,salt_waste_bossroom_c20r1.tgm.header,Tiny.VF,19593736,264
bb2782b57fed566f,salt_waste_bossroom_c20r10.tgm,Streaming/Content/data/worldareas/00/p2_1.vworld,2839076,6409
d2525aa2b1ac18b1,salt_waste_bossroom_c20r10.tgm.header,Tiny.V0,19774841,264
f7b29b76b2089226,salt_waste_bossroom_c20r11.tgm,Streaming/Content/data/worldareas/A6/p2_1.vworld,1216753,8479
96275a716e6bc2cf,salt_waste_bossroom_c20r11.tgm.header,Tiny.VB,19408636,264
99c34852e6b0dcf6,salt_waste_bossroom_c20r12.tgm,Streaming/Content/data/worldareas/3C/p2_1.vworld,648889,6783
3e24e6bc875b0e05,salt_waste_bossroom_c20r12.tgm.header,Tiny.VE,19342291,264
09993c25d69bc48b,salt_waste_bossroom_c20r13.tgm,Streaming/Content/data/balance/worldareas/8B/mapgrimhaven.vworld,563686,5847
be4547b2e742362e,salt_waste_bossroom_c20r13.tgm.header,Tiny.V8,19566492,264
e46ec890178a041b,salt_waste_bossroom_c20r14.tgm,Streaming/Content/data/balance/worldareas/50/g3_1.vworld,513806,7365
fd0b45100cb691c6,salt_waste_bossroom_c20r14.tgm.header,Tiny.VA,19524936,264
11a8bca14016c165,salt_waste_bossroom_c20r15.tgm,Streaming/Content/data/worldareas/56/p2_1.vworld,699212,6681
38b7b438ed73151f,salt_waste_bossroom_c20r15.tgm.header,Tiny.VE,19342555,264
2008e73fdf33efc0,salt_waste_bossroom_c20r16.tgm,Streaming/Content/data/balance/worldareas/33/p2_1.vworld,650079,6171
5e371bdf5995702c,salt_waste_bossroom_c20r16.tgm.header,Tiny.VE,19342819,264
ef3270cf6c86f3ad,salt_waste_bossroom_c20r17.tgm,Streaming/Content/data/worldareas/D6/p2_1.vworld,0,6415
8c2364394b58707e,salt_waste_bossroom_c20r17.tgm.header,Tiny.V1,19436838,264
5cb3b1c8c0445878,salt_waste_bossroom_c20r18.tgm,Streaming/Content/data/worldareas/32/p2_1.vworld,998184,5641
a1a271322c54a2f9,salt_waste_bossroom_c20r18.tgm.header,Tiny.V5,19215591,264
e2cc559c0129b3c1,salt_waste_bossroom_c20r19.tgm,Tiny.V6,19510066,1387
f226c91f302d0699,salt_waste_bossroom_c20r19.tgm.header,Tiny.V8,19566756,264
a5677b1e6f058b4d,salt_waste_bossroom_c20r2.tgm,Tiny.VB,19408900,1039
270151afbe479a10,salt_waste_bossroom_c20r2.tgm.header,Tiny.V1,19437102,264
6f0bc2ca284d462e,salt_waste_bossroom_c20r20.tgm,Tiny.V7,19405849,1759
06a0d895cd6ee290,salt_waste_bossroom_c20r20.tgm.header,Tiny.V9,19820025,264
d0b2f9c1bd9ff7d3,salt_waste_bossroom_c20r21.tgm,Tiny.V9,19820289,1669
28e3612350e7b0d7,salt_waste_bossroom_c20r21.tgm.header,Tiny.VC,19484010,264
1b92534a70497af3,salt_waste_bossroom_c20r22.tgm,Tiny.V2,19686713,1843
7cd99fd9c414a965,salt_waste_bossroom_c20r22.tgm.header,Tiny.V0,19775105,264
5be9030e3623b0bd,salt_waste_bossroom_c20r23.tgm,Tiny.VD,19241041,2275
bbe778b9b065a2cb,salt_waste_bossroom_c20r23.tgm.header,Tiny.V3,19363897,264
a39d7d78c0a42771,salt_waste_bossroom_c20r24.tgm,Tiny.V9,19821958,1831
d5d56cae540dc8cb,salt_waste_bossroom_c20r24.tgm.header,Tiny.V1,19437366,264
e094865d60f06490,salt_waste_bossroom_c2r3.tgm,Tiny.V7,19415345,1123
179a424bd5daf7c8,salt_waste_bossroom_c2r3.tgm.header,Tiny.VF,19604402,264
40deb0c11594857b,salt_waste_bossroom_c2r4.tgm,Tiny.V9,19833839,1261
b66963738747325a,salt_waste_bossroom_c2r4.tgm.header,Tiny.V1,19452530,264
af8c683ce5bfd347,salt_waste_bossroom_c2r5.tgm,Tiny.V2,19696616,1285
a0c2ffbd64c66660,salt_waste_bossroom_c2r5.tgm.header,Tiny.VC,19495577,264
e7649d065c124ca3,salt_waste_bossroom_c2r6.tgm,Tiny.V2,19697901,1465
e94d705000c5e634,salt_waste_bossroom_c2r6.tgm.header,Tiny.VA,19536187,264
902179604f8c6b04,salt_waste_bossroom_c2r7.tgm,Tiny.V4,19883451,319
ae1b1b0daa142048,salt_waste_bossroom_c2r7.tgm.header,Tiny.V2,19699366,264
6ac5fa1c6a9e999b,salt_waste_bossroom_c2r8.tgm,Tiny.V4,19883770,625
ba1503e191bbd64d,salt_waste_bossroom_c2r8.tgm.header,Tiny.V3,19377538,264
7969a9f0d6ff6025,salt_waste_bossroom_c2r9.tgm,Tiny.V7,19416468,349
d705b58ebf180f69,salt_waste_bossroom_c2r9.tgm.header,Tiny.VA,19536451,264
ac99791c1c53f85e,salt_waste_bossroom_c2r1.tgm,Tiny.V2,19695300,811
3b18a8e4b99a4626,salt_waste_bossroom_c2r1.tgm.header,Tiny.VE,19350136,264
fb37ea13c5e41f12,salt_waste_bossroom_c2r10.tgm,Tiny.V8,19576471,271
231ecba546765e19,salt_waste_bossroom_c2r10.tgm.header,Tiny.VF,19602643,264
c5ac2e49960b4e83,salt_waste_bossroom_c2r11.tgm,Tiny.VB,19416401,481
522d5fd99d64a541,salt_waste_bossroom_c2r11.tgm.header,Tiny.VA,19535131,264
ccefe5416f0b4d36,salt_waste_bossroom_c2r12.tgm,Tiny.V1,19451701,301
ff711d6fc8a26fcb,salt_waste_bossroom_c2r12.tgm.header,Tiny.V1,19452002,264
5dd8a4fc8df99df7,salt_waste_bossroom_c2r13.tgm,Streaming/Content/data/worldareas/C3/p2_1.vworld,0,13631511
ebff055a45c89572,salt_waste_bossroom_c2r13.tgm.header,Content/data/balance/worldareas/p2_1.vworld,1559709,16014
af631c0d34fc2c2e,salt_waste_bossroom_c2r14.tgm,Tiny.V6,19516258,625
41bf21b898f379fc,salt_waste_bossroom_c2r14.tgm.header,Tiny.V1,19452266,264
81c7b41da04133ee,salt_waste_bossroom_c2r15.tgm,Tiny.VE,19350400,1015
c94d4eb6e5c05a7d,salt_waste_bossroom_c2r15.tgm.header,Tiny.V9,19831779,264
fce6f6da09fc5130,salt_waste_bossroom_c2r16.tgm,Tiny.V8,19576742,1003
cfd9c1f27bf48ca4,salt_waste_bossroom_c2r16.tgm.header,Tiny.VA,19535395,264
a8f835df123be733,salt_waste_bossroom_c2r17.tgm,Tiny.V3,19375946,697
25d04d68d1b65429,salt_waste_bossroom_c2r17.tgm.header,Tiny.V6,19516883,264
38ffc3756a6d6b62,salt_waste_bossroom_c2r18.tgm,Tiny.V8,19577745,403
5cb01cc06537fd79,salt_waste_bossroom_c2r18.tgm.header,Tiny.V8,19578148,264
10d130c6706b4ee9,salt_waste_bossroom_c2r19.tgm,Tiny.V3,19376643,895
bb2e6221d73ca503,salt_waste_bossroom_c2r19.tgm.header,Tiny.V2,19696111,264
5197c5097c4889eb,salt_waste_bossroom_c2r2.tgm,Tiny.V9,19832043,1147
387b707b926bcdfe,salt_waste_bossroom_c2r2.tgm.header,Tiny.VA,19535659,264
5f83ffc5de74ceb7,salt_waste_bossroom_c2r20.tgm,Tiny.V6,19517147,1069
efc2eb035d3f8924,salt_waste_bossroom_c2r20.tgm.header,Tiny.VA,19535923,264
0218be491f22da03,salt_waste_bossroom_c2r21.tgm,Tiny.V9,19833190,649
f9aebcc2dbc4227e,salt_waste_bossroom_c2r21.tgm.header,Tiny.VC,19495313,264
22f3031026a3580a,salt_waste_bossroom_c2r22.tgm,Tiny.V4,19883210,241
68b85348cbf7af48,salt_waste_bossroom_c2r22.tgm.header,Tiny.V2,25082484,264
ab0ebf921e9c3ea5,salt_waste_bossroom_c2r23.tgm,Tiny.V8,19578412,241
ca63fa32d4f7db54,salt_waste_bossroom_c2r23.tgm.header,Tiny.V2,25082484,264
358fd59ff028c105,salt_waste_bossroom_c2r24.tgm,Tiny.V2,19696375,241
38ac3c1915dab8fd,salt_waste_bossroom_c2r24.tgm.header,Tiny.V2,25082484,264
04151f6d80b3624f,salt_waste_bossroom_c19r3.tgm,Tiny.VA,19524010,535
6e847e3ae7aabde4,salt_waste_bossroom_c19r3.tgm.header,Tiny.V1,19434320,264
90022ada5e0dea06,salt_waste_bossroom_c19r4.tgm,Tiny.VC,32542353,57
bc9e062d06d6e6d0,salt_waste_bossroom_c19r4.tgm.header,Tiny.V8,31981168,264
58f266938a3970d8,salt_waste_bossroom_c19r5.tgm,Tiny.VC,32542353,57
6f4a348fb0a67b9c,salt_waste_bossroom_c19r5.tgm.header,Tiny.V8,31981168,264
e387bc0f1b244e86,salt_waste_bossroom_c19r6.tgm,Tiny.VC,32542353,57
e0264817915846cb,salt_waste_bossroom_c19r6.tgm.header,Tiny.V8,31981168,264
94b240bbdc85fe9d,salt_waste_bossroom_c19r7.tgm,Tiny.V9,19814485,3983
26d12ab4134174fa,salt_waste_bossroom_c19r7.tgm.header,Tiny.VE,19341235,264
6ac6424823926acf,salt_waste_bossroom_c19r8.tgm,Streaming/Content/data/worldareas/B2/g2_town.vworld,400167,5849
1b4fb84010f4f9ca,salt_waste_bossroom_c19r8.tgm.header,Tiny.VC,19483482,264
fe4ad0a760d83d80,salt_waste_bossroom_c19r9.tgm,Streaming/Content/data/balance/worldareas/C6/g4_8a.vworld,511262,5733
ef1cda117297ffc1,salt_waste_bossroom_c19r9.tgm.header,Tiny.VD,19238964,264
a56db97b5ea90854,salt_waste_bossroom_c19r1.tgm,Tiny.VB,19403746,535
8aa238daf3e68eb8,salt_waste_bossroom_c19r1.tgm.header,Tiny.V7,19405057,264
5451f90e3b4de2df,salt_waste_bossroom_c19r10.tgm,Streaming/Content/data/balance/worldareas/B9/mapport.vworld,601058,5987
b58d8d28500e88f1,salt_waste_bossroom_c19r10.tgm.header,Tiny.V1,19433008,303
5907431f319a585f,salt_waste_bossroom_c19r11.tgm,Streaming/Content/data/worldareas/AE/p2_1.vworld,5592580,7501
43e3a7ff1c26115d,salt_waste_bossroom_c19r11.tgm.header,Tiny.V6,19507868,264
7594d114f7a5ef9d,salt_waste_bossroom_c19r12.tgm,Streaming/Content/data/balance/worldareas/p2_1.vworld,797921,4959
be3bf6edc01ff02c,salt_waste_bossroom_c19r12.tgm.header,Tiny.V4,19877498,264
0c354478a42f930e,salt_waste_bossroom_c19r13.tgm,Streaming/Content/data/worldareas/13/p2_1.vworld,2801421,5913
c78ac151302484f4,salt_waste_bossroom_c19r13.tgm.header,Tiny.V2,19683745,264
8c9feda41ab921e3,salt_waste_bossroom_c19r14.tgm,Streaming/Content/data/balance/worldareas/3B/p2_1.vworld,374415,8367
b0a9cc6d9dce60c4,salt_waste_bossroom_c19r14.tgm.header,Tiny.VB,19404281,264
1c17df1c25fb6db5,salt_waste_bossroom_c19r15.tgm,Streaming/Content/data/balance/worldareas/CE/p2_1.vworld,817794,7531
0c035734c5a1886b,salt_waste_bossroom_c19r15.tgm.header,Tiny.V5,19214799,264
1b8021a7ad0bb76c,salt_waste_bossroom_c19r16.tgm,Streaming/Content/data/balance/worldareas/60/p2_1.vworld,394315,5745
1322c7c658e6ff6d,salt_waste_bossroom_c19r16.tgm.header,Tiny.VD,19238436,264
4ab7c0a08be7ea8e,salt_waste_bossroom_c19r17.tgm,Streaming/Content/data/balance/worldareas/95/g4_11_1b.vworld,613901,4855
f3688b5781eb20cc,salt_waste_bossroom_c19r17.tgm.header,Tiny.VD,19238700,264
2ac06931fb2ae08e,salt_waste_bossroom_c19r18.tgm,Streaming/Content/data/worldareas/0D/p2_1.vworld,4233073,5203
fe74adc594f2cf00,salt_waste_bossroom_c19r18.tgm.header,Tiny.VF,19592944,264
9c512dfe36b8f8e3,salt_waste_bossroom_c19r19.tgm,Tiny.V3,19360395,1219
4e3a28eba1b0aed3,salt_waste_bossroom_c19r19.tgm.header,Tiny.V6,19508132,264
ada8847583ff801f,salt_waste_bossroom_c19r2.tgm,Tiny.V6,19508396,1297
816ff5b918956575,salt_waste_bossroom_c19r2.tgm.header,Tiny.VC,19483218,264
0bd20279bacd2cd3,salt_waste_bossroom_c19r20.tgm,Tiny.V8,19562210,1621
c7faa97a5a344e6b,salt_waste_bossroom_c19r20.tgm.header,Tiny.VF,19593208,264
8c9654705a61cc0c,salt_waste_bossroom_c19r21.tgm,Tiny.V9,19813178,1307
ea3887a2d01feb94,salt_waste_bossroom_c19r21.tgm.header,Tiny.V3,19361614,264
75b0de5b15cf6051,salt_waste_bossroom_c19r22.tgm,Tiny.V1,19433311,1009
bbb5e938f678f104,salt_waste_bossroom_c19r22.tgm.header,Tiny.VE,19339320,264
96ed57be7a3508fc,salt_waste_bossroom_c19r23.tgm,Tiny.VB,19404545,1357
fe96e7e7eef88e32,salt_waste_bossroom_c19r23.tgm.header,Tiny.VE,19339584,264
e7f2bb05af8c5083,salt_waste_bossroom_c19r24.tgm,Tiny.VE,19339848,1387
442d999c7bd2cb18,salt_waste_bossroom_c19r24.tgm.header,Tiny.V7,19405321,264
da867fc70780fb9d,salt_waste_bossroom_c18r3.tgm,Tiny.V5,19214122,677
fe48c255cb6efe53,salt_waste_bossroom_c18r3.tgm.header,Tiny.VB,19403482,264
402be05bbb3d4e74,salt_waste_bossroom_c18r4.tgm,Streaming/Content/data/worldareas/6C/p2_1.vworld,349700,10092125
b9b4456de7bf8ef1,salt_waste_bossroom_c18r4.tgm.header,Content/data/balance/worldareas/p2_1.vworld,1526497,13946
b338b57adffa5981,salt_waste_bossroom_c18r5.tgm,Tiny.V2,19683059,181
ce2cf80fe3819106,salt_waste_bossroom_c18r5.tgm.header,Tiny.VE,19338792,264
a3e67964d4ca4466,salt_waste_bossroom_c18r6.tgm,Tiny.V2,19683240,241
b9914c248d522c88,salt_waste_bossroom_c18r6.tgm.header,Tiny.V8,19561946,264
48d297130dbbeb6e,salt_waste_bossroom_c18r7.tgm,Streaming/Content/data/worldareas/2D/p2_1.vworld,995303,4139
0e779a7e7da21b68,salt_waste_bossroom_c18r7.tgm.header,Tiny.V2,19683481,264
850d109d0b89d949,salt_waste_bossroom_c18r8.tgm,Streaming/Content/data/worldareas/17/p2_1.vworld,321286,5217
e31667cd411566af,salt_waste_bossroom_c18r8.tgm.header,Tiny.VE,19339056,264
e271193de96f05cd,salt_waste_bossroom_c18r9.tgm,Streaming/Content/data/worldareas/F9/p2_1.vworld,8792278,5151
d0c561168c0080a1,salt_waste_bossroom_c18r9.tgm.header,Tiny.V3,19360131,264
f297d3b5a27815e5,salt_waste_bossroom_c18r1.tgm,Tiny.VB,19402559,659
1bfa9bbade929c9a,salt_waste_bossroom_c18r1.tgm.header,Tiny.V2,19680471,264
bfa8583956c9f130,salt_waste_bossroom_c18r10.tgm,Tiny.VA,19522447,1563
9552278fc7bd6556,salt_waste_bossroom_c18r10.tgm.header,Tiny.V4,19876970,264
d7b73bd2faf07c8a,salt_waste_bossroom_c18r11.tgm,Tiny.V2,19680735,1695
fd778079e3bc253e,salt_waste_bossroom_c18r11.tgm.header,Tiny.V4,19877234,264
c9b47337ece71ffc,salt_waste_bossroom_c18r12.tgm,Tiny.VC,19482669,549
e1a881230d16b6c8,salt_waste_bossroom_c18r12.tgm.header,Tiny.V6,19507340,264
f529ac140107241a,salt_waste_bossroom_c18r13.tgm,Tiny.V9,19808493,1169
8e4ecbd1796350a2,salt_waste_bossroom_c18r13.tgm.header,Tiny.V1,19432480,264
87627ee885956d1c,salt_waste_bossroom_c18r14.tgm,Tiny.V3,19358470,1397
3d588a071ff6f38b,salt_waste_bossroom_c18r14.tgm.header,Tiny.VE,19338528,264
72490e82d2a7009e,salt_waste_bossroom_c18r15.tgm,Tiny.V9,19809662,3005
70986693b24cc116,salt_waste_bossroom_c18r15.tgm.header,Tiny.V7,19403962,303
87f2aa1643a2c727,salt_waste_bossroom_c18r16.tgm,Streaming/Content/data/balance/worldareas/C8/g4_11_1b.vworld,713187,6811
82ce7f4e42cb6b76,salt_waste_bossroom_c18r16.tgm.header,Tiny.V7,19404265,264
bed643ade9a346b5,salt_waste_bossroom_c18r17.tgm,Streaming/Content/data/balance/worldareas/3F/p2_1.vworld,280097,5861
5f98c8d6028761e3,salt_waste_bossroom_c18r17.tgm.header,Tiny.V3,19359867,264
24409e62b0737c6b,salt_waste_bossroom_c18r18.tgm,Streaming/Content/data/worldareas/4C/p2_1.vworld,1858264,4397
9977fe208df6640b,salt_waste_bossroom_c18r18.tgm.header,Tiny.V6,19507604,264
c6ce1f9692fb100b,salt_waste_bossroom_c18r19.tgm,Streaming/Content/data/worldareas/F3/p2_1.vworld,17665617,4481
7f133a11c336eda7,salt_waste_bossroom_c18r19.tgm.header,Tiny.V7,19404529,264
d58ffb457ca51e9a,salt_waste_bossroom_c18r2.tgm,Tiny.V2,19682430,629
6438148d19e2fdd5,salt_waste_bossroom_c18r2.tgm.header,Tiny.V7,19404793,264
0042f6f2f6875c6c,salt_waste_bossroom_c18r20.tgm,Streaming/Content/data/worldareas/07/p2_1.vworld,830545,5585
62e0cd670a48805a,salt_waste_bossroom_c18r20.tgm.header,Tiny.VB,19403218,264
ce1f3fe7be949555,salt_waste_bossroom_c18r21.tgm,Streaming/Content/data/worldareas/E3/p2_1.vworld,1519993,4685
08238f1478aa69e4,salt_waste_bossroom_c18r21.tgm.header,Tiny.V1,19432744,264
d5c5fe8e197b34d0,salt_waste_bossroom_c18r22.tgm,Tiny.V8,19561543,403
0b87b6cc2808b943,salt_waste_bossroom_c18r22.tgm.header,Tiny.VC,19257289,264
aace45ccc9b0b0f0,salt_waste_bossroom_c18r23.tgm,Tiny.V9,19812667,511
99ca9badc5c36911,salt_waste_bossroom_c18r23.tgm.header,Tiny.V8,24413336,264
0b4536b59a0e1013,salt_waste_bossroom_c18r24.tgm,Tiny.VF,19592535,409
9a9740405bffe213,salt_waste_bossroom_c18r24.tgm.header,Tiny.V2,25275465,264
547abf717fb7c8d7,salt_waste_bossroom_c17r3.tgm,Tiny.V4,19873119,3851
bc8183491f80ef7d,salt_waste_bossroom_c17r3.tgm.header,Tiny.V5,19213858,264
f0667355fae4257a,salt_waste_bossroom_c17r4.tgm,Streaming/Content/data/worldareas/F1/p2_1.vworld,11330559,232677
4c753bedbd2b111d,salt_waste_bossroom_c17r4.tgm.header,Tiny.V2,19679857,350
7baa98642666b7ca,salt_waste_bossroom_c17r5.tgm,Streaming/Content/data/worldareas/10/p2_1.vworld,7631443,4807
45aa8c18fd4d2f80,salt_waste_bossroom_c17r5.tgm.header,Tiny.V2,19680207,264
4ff2c364ac58cbd0,salt_waste_bossroom_c17r6.tgm,Tiny.VA,19518582,3865
2eaa92de12042b67,salt_waste_bossroom_c17r6.tgm.header,Tiny.VB,19402295,264
fc4ef933cb9ace1b,salt_waste_bossroom_c17r7.tgm,Streaming/Content/data/worldareas/FC/p2_2.vworld,437039,4889
d4804b22a560f1eb,salt_waste_bossroom_c17r7.tgm.header,Tiny.VC,19482141,264
38070677bba92b15,salt_waste_bossroom_c17r8.tgm,Streaming/Content/data/balance/worldareas/62/mapmothersoul_male_quest.vworld,614956,5759
4bea2b228a38b5e7,salt_waste_bossroom_c17r8.tgm.header,Tiny.VC,19482405,264
bf406e7f785da748,salt_waste_bossroom_c17r9.tgm,Streaming/Content/data/worldareas/24/p2_1.vworld,0,250429
fdbe94b24f73dc99,salt_waste_bossroom_c17r9.tgm.header,Tiny.VD,19237074,1362
65b1cbc6d7cd2bf9,salt_waste_bossroom_c17r1.tgm,Tiny.V0,19769692,3797
5710ac4c4124ea06,salt_waste_bossroom_c17r1.tgm.header,Tiny.VC,19479202,264
ba869fe0e003fc63,salt_waste_bossroom_c17r10.tgm,Tiny.VC,19479466,1379
a7c82e5da62df778,salt_waste_bossroom_c17r10.tgm.header,Tiny.V9,19808229,264
7e50da2b639bbcbd,salt_waste_bossroom_c17r11.tgm,Tiny.V4,19870765,905
fdf40abec063617e,salt_waste_bossroom_c17r11.tgm.header,Tiny.V1,19431952,264
241cb833f43f1309,salt_waste_bossroom_c17r12.tgm,Tiny.V4,19871670,409
1579f2ec069d173e,salt_waste_bossroom_c17r12.tgm.header,Tiny.VC,19480845,264
7a7f47387c9c805a,salt_waste_bossroom_c17r13.tgm,Tiny.V4,19872079,301
28a1de7ee9b68f6f,salt_waste_bossroom_c17r13.tgm.header,Tiny.V0,19759965,264
26654b66bec68113,salt_waste_bossroom_c17r14.tgm,Tiny.VC,19481109,265
df6629aca87761d0,salt_waste_bossroom_c17r14.tgm.header,Tiny.V7,19403170,264
e47ae53731f07529,salt_waste_bossroom_c17r15.tgm,Tiny.VC,19481374,767
19f44f9729590150,salt_waste_bossroom_c17r15.tgm.header,Tiny.V5,19213594,264
740f35a5548a3501,salt_waste_bossroom_c17r16.tgm,Streaming/Content/data/worldareas/01/p2_1.vworld,7201332,6927
81ef67eae12c73d6,salt_waste_bossroom_c17r16.tgm.header,Tiny.V3,19358206,264
ffa963875d0d06d6,salt_waste_bossroom_c17r17.tgm,Streaming/Content/data/worldareas/32/p2_1.vworld,991273,6911
f958b33d2cc476eb,salt_waste_bossroom_c17r17.tgm.header,Tiny.VF,19592271,264
c09bbb079e5f0fab,salt_waste_bossroom_c17r18.tgm,Streaming/Content/data/worldareas/82/p2_1.vworld,5592580,5129
19c1983c63b10a0c,salt_waste_bossroom_c17r18.tgm.header,Tiny.V2,19679329,264
de72124ebdd6614f,salt_waste_bossroom_c17r19.tgm,Streaming/Content/data/worldareas/B5/p2_1.vworld,2921964,5323
7a3edc204ba76eef,salt_waste_bossroom_c17r19.tgm.header,Tiny.V8,19561279,264
19080a6eafbed008,salt_waste_bossroom_c17r2.tgm,Streaming/Content/data/balance/worldareas/BC/p2_1.vworld,1341035,5153
f8474816c68e4cb2,salt_waste_bossroom_c17r2.tgm.header,Tiny.V2,19679593,264
e9f62bc0708e4a1b,salt_waste_bossroom_c17r20.tgm,Streaming/Content/data/balance/worldareas/5B/p2_1.vworld,1632777,5827
8dd552f95a6961c6,salt_waste_bossroom_c17r20.tgm.header,Tiny.V1,19432216,264
be45454d82ba52fc,salt_waste_bossroom_c17r21.tgm,Streaming/Content/data/worldareas/65/p2_1.vworld,2800785,5413
35846760bbcac3d9,salt_waste_bossroom_c17r21.tgm.header,Tiny.V0,19773489,264
868b6c2d814b824b,salt_waste_bossroom_c17r22.tgm,Tiny.VB,19401688,607
b9907583a21e8f27,salt_waste_bossroom_c17r22.tgm.header,Tiny.V7,19403434,264
b75f47bd4772f32f,salt_waste_bossroom_c17r23.tgm,Tiny.V4,19872380,739
637df41d2f991416,salt_waste_bossroom_c17r23.tgm.header,Tiny.V7,19403698,264
6f91d5648ef9b606,salt_waste_bossroom_c17r24.tgm,Tiny.V0,19773753,577
468174ac1154de35,salt_waste_bossroom_c17r24.tgm.header,Tiny.VA,19518318,264
ae83c62d2082a988,salt_waste_bossroom_c16r3.tgm,Streaming/Content/data/balance/worldareas/45/p2_1.vworld,98763,5211
ba1c0c597a729ea9,salt_waste_bossroom_c16r3.tgm.header,Tiny.V0,19769428,264
0aefbec3704ff7a9,salt_waste_bossroom_c16r4.tgm,Streaming/Content/data/worldareas/F9/p2_1.vworld,8787891,4387
997bacb47ceaf452,salt_waste_bossroom_c16r4.tgm.header,Tiny.V6,19507076,264
adf7fcfe88549764,salt_waste_bossroom_c16r5.tgm,Streaming/Content/data/balance/worldareas/p2_1.vworld,793192,4729
1fb942c06bae6da1,salt_waste_bossroom_c16r5.tgm.header,Tiny.VF,19592007,264
3f21742b3b20eb83,salt_waste_bossroom_c16r6.tgm,Streaming/Content/data/worldareas/32/p2_1.vworld,986418,4855
a400d8d0cef38f1a,salt_waste_bossroom_c16r6.tgm.header,Tiny.V4,19870237,264
c1486330b9456bb6,salt_waste_bossroom_c16r7.tgm,Streaming/Content/data/balance/worldareas/FB/p2_1.vworld,313945,4415
56a6bfb1cdd16f54,salt_waste_bossroom_c16r7.tgm.header,Tiny.V4,19870501,264
2b05130334385007,salt_waste_bossroom_c16r8.tgm,Streaming/Content/data/worldareas/65/p2_1.vworld,2796364,4421
dc7b348085dd34a1,salt_waste_bossroom_c16r8.tgm.header,Tiny.V3,19357942,264
fc8a489d3eb59493,salt_waste_bossroom_c16r9.tgm,Tiny.VD,19233469,3341
a39064b567488ba5,salt_waste_bossroom_c16r9.tgm.header,Tiny.VD,19236810,264
54c187f314dad7de,salt_waste_bossroom_c16r1.tgm,Streaming/Content/data/balance/worldareas/26/p2_1.vworld,387185,5325
5c85d6fb8ac85470,salt_waste_bossroom_c16r1.tgm.header,Tiny.VB,19400294,264
f84916f88a06ecc4,salt_waste_bossroom_c16r10.tgm,Tiny.V4,19869110,863
2892661ec78947d1,salt_waste_bossroom_c16r10.tgm.header,Tiny.VB,19400558,264
96391f030e921680,salt_waste_bossroom_c16r11.tgm,Tiny.V2,19678488,577
6be827d2ca5992e3,salt_waste_bossroom_c16r11.tgm.header,Tiny.VD,19232334,264
c068794dae554659,salt_waste_bossroom_c16r12.tgm,Tiny.VF,19591538,469
e7935e7399706c60,salt_waste_bossroom_c16r12.tgm.header,Tiny.V7,19402906,264
622a58e7e2d96d55,salt_waste_bossroom_c16r13.tgm,Tiny.VB,19400822,361
b18e94302db2e556,salt_waste_bossroom_c16r13.tgm.header,Tiny.VB,19398974,264
c3aa728900196352,salt_waste_bossroom_c16r14.tgm,Tiny.V1,19429633,301
feacbd0d35004529,salt_waste_bossroom_c16r14.tgm.header,Tiny.V0,19759965,264
4434f04567307e81,salt_waste_bossroom_c16r15.tgm,Tiny.VB,19401183,241
59afd95b4f427761,salt_waste_bossroom_c16r15.tgm.header,Tiny.V9,19807701,264
78e4a597e7f25c1b,salt_waste_bossroom_c16r16.tgm,Tiny.V3,19354043,3635
a03519c10ae5acac,salt_waste_bossroom_c16r16.tgm.header,Tiny.V8,19561015,264
ac5142c4908718d9,salt_waste_bossroom_c16r17.tgm,Streaming/Content/data/balance/worldareas/AD/p2_1.vworld,0,5093
222ab00205f6d79f,salt_waste_bossroom_c16r17.tgm.header,Tiny.V1,19429934,264
ae5ad33979512fd6,salt_waste_bossroom_c16r18.tgm,Streaming/Content/data/balance/worldareas/CF/p2_1.vworld,2796364,4565
131143bcbb6bf9cc,salt_waste_bossroom_c16r18.tgm.header,Tiny.V9,19807965,264
3cfc9223898aaa1e,salt_waste_bossroom_c16r19.tgm,Streaming/Content/data/balance/worldareas/C6/g4_8a.vworld,506629,4633
7071a88aa2b73c7e,salt_waste_bossroom_c16r19.tgm.header,Tiny.V3,19357678,264
0c085f557539424c,salt_waste_bossroom_c16r2.tgm,Streaming/Content/data/worldareas/4C/p2_1.vworld,1852513,5751
8d8b82743812676a,salt_waste_bossroom_c16r2.tgm.header,Tiny.VA,19518054,264
164ad6647b512090,salt_waste_bossroom_c16r20.tgm,Streaming/Content/data/balance/worldareas/74/p2_1.vworld,3394181,6121
625a8a884717b31b,salt_waste_bossroom_c16r20.tgm.header,Tiny.VE,19338264,264
a40e1434943a02bf,salt_waste_bossroom_c16r21.tgm,Streaming/Content/data/balance/worldareas/99/g4_8a.vworld,317648,4375
bfbfaac6ab4bf052,salt_waste_bossroom_c16r21.tgm.header,Tiny.VC,19478938,264
27c9e7535a640838,salt_waste_bossroom_c16r22.tgm,Tiny.V1,19430198,763
59b44ed9b81148b2,salt_waste_bossroom_c16r22.tgm.header,Tiny.VB,19401424,264
164c0e1c71df2ce9,salt_waste_bossroom_c16r23.tgm,Tiny.V1,19430961,991
2b0d1d4a84f1fefe,salt_waste_bossroom_c16r23.tgm.header,Tiny.V4,19869973,264
130394cb13f9bcd8,salt_waste_bossroom_c16r24.tgm,Tiny.VD,19232598,871
d43faf18e90dfdcf,salt_waste_bossroom_c16r24.tgm.header,Tiny.V2,19679065,264
65753a1dd33da14f,salt_waste_bossroom_c15r3.tgm,Streaming/Content/data/worldareas/37/p2_1.vworld,0,4875
de2a1861a5180f62,salt_waste_bossroom_c15r3.tgm.header,Tiny.V8,19557410,264
119524bf3aedf210,salt_waste_bossroom_c15r4.tgm,Tiny.V8,19557674,3341
5ac02841dd6bfc74,salt_waste_bossroom_c15r4.tgm.header,Tiny.V1,19429369,264
eefb874c7ee18906,salt_waste_bossroom_c15r5.tgm,Streaming/Content/data/balance/worldareas/CE/p2_1.vworld,812759,5035
be9ac24698341180,salt_waste_bossroom_c15r5.tgm.header,Tiny.V4,19868846,264
48cbc86fa6762443,salt_waste_bossroom_c15r6.tgm,Tiny.VA,19514111,3943
592a3c1694a1d9aa,salt_waste_bossroom_c15r6.tgm.header,Tiny.VE,19336957,264
51cb91d123afa250,salt_waste_bossroom_c15r7.tgm,Tiny.VE,19337221,779
a96dea9eb629120c,salt_waste_bossroom_c15r7.tgm.header,Tiny.V2,19678224,264
566dd782d5002f13,salt_waste_bossroom_c15r8.tgm,Tiny.VF,19591177,361
6006a50c5d642674,salt_waste_bossroom_c15r8.tgm.header,Tiny.VE,19338000,264
ae0aece15c418c1a,salt_waste_bossroom_c15r9.tgm,Tiny.V0,19769103,325
d7b1bac00ab3e266,salt_waste_bossroom_c15r9.tgm.header,Tiny.V3,19353779,264
db91d631faee29d5,salt_waste_bossroom_c15r1.tgm,Streaming/Content/data/balance/worldareas/45/p2_1.vworld,94138,4625
b83015b83462e4e3,salt_waste_bossroom_c15r1.tgm.header,Tiny.V3,19352896,264
3f47d1a564d8c58b,salt_waste_bossroom_c15r10.tgm,Tiny.V1,19427410,457
1c0f45c17fb3c6a7,salt_waste_bossroom_c15r10.tgm.header,Tiny.V1,19429105,264
ebc571c41dd5aede,salt_waste_bossroom_c15r11.tgm,Tiny.V1,19427867,673
d1a16c8c01cccd3c,salt_waste_bossroom_c15r11.tgm.header,Tiny.V6,19506812,264
6f9aafdcf9455490,salt_waste_bossroom_c15r12.tgm,Tiny.V1,19428540,565
3ffcab0bd4d4b4bd,salt_waste_bossroom_c15r12.tgm.header,Tiny.VC,19477953,264
928dadc359fc769d,salt_waste_bossroom_c15r13.tgm,Tiny.VC,19478217,457
7e00c70c6a976597,salt_waste_bossroom_c15r13.tgm.header,Tiny.V1,19429105,264
3d35231b1e997151,salt_waste_bossroom_c15r14.tgm,Tiny.VE,19335817,349
dbf81690fe19f97b,salt_waste_bossroom_c15r14.tgm.header,Tiny.VF,19590913,264
3e202127961189d5,salt_waste_bossroom_c15r15.tgm,Tiny.VF,19589705,271
febac0286ab3da0a,salt_waste_bossroom_c15r15.tgm.header,Tiny.VF,19589976,264
914b27ae3a7e6781,salt_waste_bossroom_c15r16.tgm,Tiny.VE,19336166,791
4afec8b162120669,salt_waste_bossroom_c15r16.tgm.header,Tiny.VF,19590240,264
8cea4ca6066542ad,salt_waste_bossroom_c15r17.tgm,Tiny.V0,19768502,601
885fbaa2880c1a8e,salt_waste_bossroom_c15r17.tgm.header,Tiny.V2,19677347,264
ddceaa7dee5ec216,salt_waste_bossroom_c15r18.tgm,Tiny.VA,19513330,517
9cc52f4fba9e3def,salt_waste_bossroom_c15r18.tgm.header,Tiny.V3,19353160,264
cf7c7755cad6aa4e,salt_waste_bossroom_c15r19.tgm,Tiny.VF,19590504,409
ee2071ff9681d704,salt_waste_bossroom_c15r19.tgm.header,Tiny.VC,19478674,264
069b8ba38d2844d0,salt_waste_bossroom_c15r2.tgm,Streaming/Content/data/worldareas/84/p2_1.vworld,63529,6317
15baec42662190f9,salt_waste_bossroom_c15r2.tgm.header,Tiny.VD,19232070,264
205608987a9c8947,salt_waste_bossroom_c15r20.tgm,Tiny.V2,19677611,349
fe91ce5a8f37e897,salt_waste_bossroom_c15r20.tgm.header,Tiny.VF,19590913,264
d5854d3bf51d881b,salt_waste_bossroom_c15r21.tgm,Tiny.V8,19557145,265
85f34181c0e93efd,salt_waste_bossroom_c15r21.tgm.header,Tiny.V9,19807437,264
b4009365e48a3ace,salt_waste_bossroom_c15r22.tgm,Tiny.V5,19213191,403
d93d76b447335055,salt_waste_bossroom_c15r22.tgm.header,Tiny.V2,19677960,264
5875bf0d72fa7799,salt_waste_bossroom_c15r23.tgm,Streaming/Content/data/worldareas/F9/p2_1.vworld,1425644,7362247
1dae47dbdb32581d,salt_waste_bossroom_c15r23.tgm.header,Content/data/balance/worldareas/p2_1.vworld,1519459,7038
feb0467395d6004c,salt_waste_bossroom_c15r24.tgm,Tiny.V3,19353424,355
279a245357522ed8,salt_waste_bossroom_c15r24.tgm.header,Tiny.VA,19513847,264
8b077358ca3fc766,salt_waste_bossroom_c14r3.tgm,Tiny.VC,19476480,1473
16a7b49b9b5649d9,salt_waste_bossroom_c14r3.tgm.header,Tiny.VF,19589177,264
9c788866181758bb,salt_waste_bossroom_c14r4.tgm,Tiny.V8,19552077,3995
bda1e580234978d2,salt_waste_bossroom_c14r4.tgm.header,Tiny.V2,19677041,306
17e0660d36571b57,salt_waste_bossroom_c14r5.tgm,Tiny.VA,19511830,959
496ab7d36b4de1ed,salt_waste_bossroom_c14r5.tgm.header,Tiny.VB,19400030,264
4f79d158c48417c2,salt_waste_bossroom_c14r6.tgm,Tiny.V8,19556072,1073
84285edaf01ac39b,salt_waste_bossroom_c14r6.tgm.header,Tiny.V3,19352001,264
38d1f353d3da3b20,salt_waste_bossroom_c14r7.tgm,Tiny.VE,19335014,803
26e10591418ac1d8,salt_waste_bossroom_c14r7.tgm.header,Tiny.V9,19806909,264
d78d3767cfd65163,salt_waste_bossroom_c14r8.tgm,Tiny.V3,19352265,631
ae5960f0aa99acc4,salt_waste_bossroom_c14r8.tgm.header,Tiny.VF,19589441,264
1343b5d09b518174,salt_waste_bossroom_c14r9.tgm,Tiny.VA,19512789,541
15db71abc0254506,salt_waste_bossroom_c14r9.tgm.header,Tiny.V9,19807173,264
04a1a094216767a1,salt_waste_bossroom_c14r1.tgm,Tiny.V0,19765985,1989
747157c46df83352,salt_waste_bossroom_c14r1.tgm.header,Tiny.V4,19866035,264
d667dd171a5e8f4c,salt_waste_bossroom_c14r10.tgm,Tiny.V3,19351238,763
51c4ccfad915bca1,salt_waste_bossroom_c14r10.tgm.header,Tiny.V5,19212927,264
ad1e699846a0a5f8,salt_waste_bossroom_c14r11.tgm,Tiny.V6,19504284,1195
4c4181552e2ac2f7,salt_waste_bossroom_c14r11.tgm.header,Tiny.V6,19505479,264
c03c5204120699d4,salt_waste_bossroom_c14r12.tgm,Streaming/Content/data/worldareas/F3/p2_1.vworld,0,17665617
a15ca3d9081a383f,salt_waste_bossroom_c14r12.tgm.header,Content/data/balance/worldareas/p2_1.vworld,1487607,22482
49fa3562ca3f05d4,salt_waste_bossroom_c14r13.tgm,Tiny.VC,19473566,643
e3b72c3b1ed2267f,salt_waste_bossroom_c14r13.tgm.header,Tiny.VB,19399238,264
0da2adf9080b1238,salt_waste_bossroom_c14r14.tgm,Tiny.VF,19588702,475
390d7aecb501f752,salt_waste_bossroom_c14r14.tgm.header,Tiny.V8,19550612,264
9642cb04813bb29a,salt_waste_bossroom_c14r15.tgm,Tiny.V1,19426995,415
46044249e34a7a7f,salt_waste_bossroom_c14r15.tgm.header,Tiny.VB,19399502,264
2b2708ea604e5fdd,salt_waste_bossroom_c14r16.tgm,Tiny.V6,19505743,805
569c76a18f66881a,salt_waste_bossroom_c14r16.tgm.header,Tiny.V0,19767974,264
8a9e2b5360aeeace,salt_waste_bossroom_c14r17.tgm,Tiny.VE,19333531,1219
6d522be112dee130,salt_waste_bossroom_c14r17.tgm.header,Tiny.V6,19506548,264
c65b9a15ea0e6586,salt_waste_bossroom_c14r18.tgm,Tiny.V4,19866299,1075
7d6cb51770b0d5ae,salt_waste_bossroom_c14r18.tgm.header,Tiny.V8,19550876,264
ae43091386ec0693,salt_waste_bossroom_c14r19.tgm,Tiny.V8,19551140,937
952a947351d6bae6,salt_waste_bossroom_c14r19.tgm.header,Tiny.VB,19399766,264
14b37aeff197a8e1,salt_waste_bossroom_c14r2.tgm,Tiny.VC,19474209,2271
b049fb820ed27465,salt_waste_bossroom_c14r2.tgm.header,Tiny.V9,19805899,264
7be33b4c2b3475a3,salt_waste_bossroom_c14r20.tgm,Tiny.V4,19867374,733
ae0dd13f590ba895,salt_waste_bossroom_c14r20.tgm.header,Tiny.V0,19768238,264
ce129e4357d99aef,salt_waste_bossroom_c14r21.tgm,Streaming/Content/data/worldareas/FA/p2_1.vworld,6857,1497443
071298f8d6e15daa,salt_waste_bossroom_c14r21.tgm.header,Content/data/balance/worldareas/p2_1.vworld,1510089,9370
7f677e91ea3fd37d,salt_waste_bossroom_c14r22.tgm,Tiny.V4,19868107,739
a00f8db4cd671000,salt_waste_bossroom_c14r22.tgm.header,Tiny.VE,19334750,264
bbe8ba30fcaefe64,salt_waste_bossroom_c14r23.tgm,Streaming/Content/data/worldareas/11/p2_1.vworld,1398276,831251
ca2b45dd2f3f5af6,salt_waste_bossroom_c14r23.tgm.header,Tiny.V9,19806163,746
37b95e06e8c06353,salt_waste_bossroom_c14r24.tgm,Tiny.V2,19676188,589
50dd63d35be6b59d,salt_waste_bossroom_c14r24.tgm.header,Tiny.V2,19676777,264
e30b08a6814d7fa2,salt_waste_bossroom_c13r3.tgm,Streaming/Content/data/worldareas/57/p2_1.vworld,1408987,5935
09406bfc833d9c6f,salt_waste_bossroom_c13r3.tgm.header,Tiny.VA,19510339,264
f80bf9afe2dc473b,salt_waste_bossroom_c13r4.tgm,Streaming/Content/data/balance/worldareas/E7/p2_1.vworld,0,5409
9b26ef05aa460b7a,salt_waste_bossroom_c13r4.tgm.header,Tiny.V6,19504020,264
01fdc8c391fe025f,salt_waste_bossroom_c13r5.tgm,Streaming/Content/data/worldareas/C5/p2_1.vworld,1970841,5441
bb6d12c4e8d8715f,salt_waste_bossroom_c13r5.tgm.header,Tiny.VF,19587335,264
4a2a2d53b6353172,salt_waste_bossroom_c13r6.tgm,Streaming/Content/data/balance/worldareas/DE/p2_1.vworld,1636520,4325
383007aef4ba0958,salt_waste_bossroom_c13r6.tgm.header,Tiny.V5,19212663,264
62bd3c6656a6d6ed,salt_waste_bossroom_c13r7.tgm,Tiny.VA,19510603,1227
4699be93499d5762,salt_waste_bossroom_c13r7.tgm.header,Tiny.V2,19675924,264
6aaa72ccc7dd89a6,salt_waste_bossroom_c13r8.tgm,Tiny.VF,19587599,839
e8b276a74e944593,salt_waste_bossroom_c13r8.tgm.header,Tiny.VF,19588438,264
b1b10813e82d32df,salt_waste_bossroom_c13r9.tgm,Tiny.V0,19765600,385
c4edae90bac1f557,salt_waste_bossroom_c13r9.tgm.header,Tiny.V3,19350265,264
60586942b35a8c0c,salt_waste_bossroom_c13r1.tgm,Streaming/Content/data/worldareas/7A/p2_1.vworld,2796364,4683
33069d316f123094,salt_waste_bossroom_c13r1.tgm.header,Tiny.V4,19865771,264
d19ac63c002860d1,salt_waste_bossroom_c13r10.tgm,Tiny.VA,19509384,691
88bf9a3c0007fdeb,salt_waste_bossroom_c13r10.tgm.header,Tiny.V8,19550084,264
209b4830051aeb0b,salt_waste_bossroom_c13r11.tgm,Tiny.VF,19586020,1051
44e4980e5a3fb72b,salt_waste_bossroom_c13r11.tgm.header,Tiny.V3,19350001,264
0ee16152f06b82d4,salt_waste_bossroom_c13r12.tgm,Tiny.V0,19763821,811
e89652929c1211b3,salt_waste_bossroom_c13r12.tgm.header,Tiny.VB,19398247,264
1c0fc78299aa2996,salt_waste_bossroom_c13r13.tgm,Tiny.V7,19402040,571
70a6bf49117cf4fc,salt_waste_bossroom_c13r13.tgm.header,Tiny.V1,19425097,264
57dc705113ddb285,salt_waste_bossroom_c13r14.tgm,Tiny.V6,19503569,451
b86aef1646e6b4d8,salt_waste_bossroom_c13r14.tgm.header,Tiny.V9,19805635,264
39a8159f8eeead1a,salt_waste_bossroom_c13r15.tgm,Tiny.V0,19764632,385
30041548d35ab024,salt_waste_bossroom_c13r15.tgm.header,Tiny.V3,19350265,264
10e4aa4aa57443d3,salt_waste_bossroom_c13r16.tgm,Tiny.V0,19765017,583
34ee57fb0a49239b,salt_waste_bossroom_c13r16.tgm.header,Tiny.V5,19212135,264
edbf18029ccca349,salt_waste_bossroom_c13r17.tgm,Tiny.VD,19230971,835
0ebd70b709f4a974,salt_waste_bossroom_c13r17.tgm.header,Tiny.V1,19425361,264
8a99c9857c5ced4e,salt_waste_bossroom_c13r18.tgm,Tiny.V1,19425625,715
b39aca0caaf3be57,salt_waste_bossroom_c13r18.tgm.header,Tiny.VA,19510075,264
e5c69add45337588,salt_waste_bossroom_c13r19.tgm,Tiny.V1,19426340,655
66582976cf32676a,salt_waste_bossroom_c13r19.tgm.header,Tiny.V8,19550348,264
77103a0f8e278585,salt_waste_bossroom_c13r2.tgm,Streaming/Content/data/balance/worldareas/FB/p2_1.vworld,307558,6387
78d6c917f1ed479d,salt_waste_bossroom_c13r2.tgm.header,Tiny.VD,19231806,264
a285312451728c78,salt_waste_bossroom_c13r20.tgm,Tiny.VB,19398511,463
048e5455cc26adb9,salt_waste_bossroom_c13r20.tgm.header,Tiny.V2,19675299,264
8b21e41b02cf0e80,salt_waste_bossroom_c13r21.tgm,Tiny.V7,19402611,295
23df046cc88f317e,salt_waste_bossroom_c13r21.tgm.header,Tiny.V5,19212399,264
71f5f2457b89911a,salt_waste_bossroom_c13r22.tgm,Tiny.VE,19333044,487
86eb61ebe121ca99,salt_waste_bossroom_c13r22.tgm.header,Tiny.V3,19350529,264
b9b0e32a51e5806e,salt_waste_bossroom_c13r23.tgm,Tiny.V3,19350793,445
9914bba855987f98,salt_waste_bossroom_c13r23.tgm.header,Tiny.VF,19587071,264
38c25c1b67527324,salt_waste_bossroom_c13r24.tgm,Tiny.V2,19675563,361
8ccdfc8ff8589977,salt_waste_bossroom_c13r24.tgm.header,Tiny.VB,19398974,264
8e243f603957419f,salt_waste_bossroom_c12r3.tgm,Streaming/Content/data/balance/worldareas/45/p2_1.vworld,87591,6547
4b7ebdc86faaa4c1,salt_waste_bossroom_c12r3.tgm.header,Tiny.VE,19332780,264
67ab2f9c8a0d73c7,salt_waste_bossroom_c12r4.tgm,Streaming/Content/data/worldareas/4C/p2_1.vworld,1846322,6191
03d5e0c5e623288f,salt_waste_bossroom_c12r4.tgm.header,Tiny.V8,19547259,264
08352507d4f713f1,salt_waste_bossroom_c12r5.tgm,Streaming/Content/data/balance/worldareas/DE/p2_1.vworld,1630483,6037
c4545c4c115f6407,salt_waste_bossroom_c12r5.tgm.header,Tiny.V7,19401776,264
1abfcf3d59285255,salt_waste_bossroom_c12r6.tgm,Streaming/Content/data/worldareas/21/p2_1.vworld,960303,5843
f51d4428691f3b21,salt_waste_bossroom_c12r6.tgm.header,Tiny.V6,19503305,264
6a62d8e44f3e5103,salt_waste_bossroom_c12r7.tgm,Streaming/Content/data/worldareas/17/p2_1.vworld,315305,5981
deeff1e29f19c395,salt_waste_bossroom_c12r7.tgm.header,Tiny.VD,19230707,264
7e6061f9a2130622,salt_waste_bossroom_c12r8.tgm,Streaming/Content/data/worldareas/13/p2_1.vworld,2796388,5033
f9032cecb7c23782,salt_waste_bossroom_c12r8.tgm.header,Tiny.V5,19211871,264
2785f5efbbf1e44b,salt_waste_bossroom_c12r9.tgm,Tiny.V8,19547523,2561
ebbe58da04c9f74c,salt_waste_bossroom_c12r9.tgm.header,Tiny.VB,19397983,264
b76a4c304febae32,salt_waste_bossroom_c12r1.tgm,Streaming/Content/data/balance/worldareas/99/g4_8a.vworld,312059,5589
436cbdf72ba89dff,salt_waste_bossroom_c12r1.tgm.header,Tiny.VC,19472774,264
ead3cbe24309b7c4,salt_waste_bossroom_c12r10.tgm,Tiny.VB,19395361,331
a009dca31301bf7c,salt_waste_bossroom_c12r10.tgm.header,Tiny.V7,19401248,264
c839629a343fbcc7,salt_waste_bossroom_c12r11.tgm,Tiny.VE,19328878,481
b3746fcfb3c68e30,salt_waste_bossroom_c12r11.tgm.header,Tiny.V6,19502050,264
3a42883f25f8f205,salt_waste_bossroom_c12r12.tgm,Tiny.VB,19395692,2027
5ebb9db4eda5c402,salt_waste_bossroom_c12r12.tgm.header,Tiny.V6,19502314,264
984bd94f84452ee4,salt_waste_bossroom_c12r13.tgm,Tiny.VA,19508699,421
83ee8ed8e3d7a9a1,salt_waste_bossroom_c12r13.tgm.header,Tiny.V7,19401512,264
238dbd04df4d2a2a,salt_waste_bossroom_c12r14.tgm,Tiny.VD,19230346,361
897b02f176371f58,salt_waste_bossroom_c12r14.tgm.header,Tiny.VB,19398974,264
a094cf0c006338d3,salt_waste_bossroom_c12r15.tgm,Tiny.V8,19545865,355
05732dccf54a43a9,salt_waste_bossroom_c12r15.tgm.header,Tiny.VA,19513847,264
488d38120fefd93a,salt_waste_bossroom_c12r16.tgm,Tiny.V2,19671778,3521
1d2fe174d89d5d79,salt_waste_bossroom_c12r16.tgm.header,Tiny.VA,19509120,264
5625ec344f4f7157,salt_waste_bossroom_c12r17.tgm,Streaming/Content/data/balance/worldareas/8D/g2_9_1.vworld,452964,5429
0bdde9148db444f3,salt_waste_bossroom_c12r17.tgm.header,Tiny.VF,19585228,264
7b0c7480b55c685f,salt_waste_bossroom_c12r18.tgm,Streaming/Content/data/balance/worldareas/5D/mapprecursortowerdesert.vworld,781822,4709
e54fe9c9227599b4,salt_waste_bossroom_c12r18.tgm.header,Tiny.VF,19585492,264
1afd78c8c7ee03a7,salt_waste_bossroom_c12r19.tgm,Streaming/Content/data/worldareas/DA/p2_1.vworld,680082,5107
45fa7b734cccd6c6,salt_waste_bossroom_c12r19.tgm.header,Tiny.V5,19211607,264
5036a534f391450f,salt_waste_bossroom_c12r2.tgm,Streaming/Content/data/balance/worldareas/DF/p2_1.vworld,1723133,6879
a2e9b331b4acb874,salt_waste_bossroom_c12r2.tgm.header,Tiny.VC,19473038,264
0cde481b2f897a30,salt_waste_bossroom_c12r20.tgm,Streaming/Content/data/worldareas/6D/p2_1.vworld,575999,5815
32af7d2f565f431d,salt_waste_bossroom_c12r20.tgm.header,Tiny.V1,19423914,264
3916302457e58ad0,salt_waste_bossroom_c12r21.tgm,Tiny.VE,19329359,3421
48c73f04a59e49ab,salt_waste_bossroom_c12r21.tgm.header,Tiny.VB,19397719,264
b4412d39378e971a,salt_waste_bossroom_c12r22.tgm,Tiny.V8,19546220,1039
bd212853a4ad4e28,salt_waste_bossroom_c12r22.tgm.header,Tiny.V0,19763557,264
f3662b31a20731c7,salt_waste_bossroom_c12r23.tgm,Tiny.V1,19424178,919
d91951ebbfc14bbc,salt_waste_bossroom_c12r23.tgm.header,Tiny.VC,19473302,264
8be0530c1a20da69,salt_waste_bossroom_c12r24.tgm,Tiny.V6,19502578,727
58d3e5e346ba1877,salt_waste_bossroom_c12r24.tgm.header,Tiny.VF,19585756,264
3194b707c3721093,salt_waste_bossroom_c11r3.tgm,Streaming/Content/data/balance/worldareas/27/p2_1.vworld,310267,5763
42f53bd100e5eeb9,salt_waste_bossroom_c11r3.tgm.header,Tiny.V1,19423386,264
3f1dff33fe727020,salt_waste_bossroom_c11r4.tgm,Streaming/Content/data/worldareas/32/p2_1.vworld,981145,5273
bb25797054a32b39,salt_waste_bossroom_c11r4.tgm.header,Tiny.V5,19211343,264
4ec6d21f23ecccde,salt_waste_bossroom_c11r5.tgm,Streaming/Content/data/worldareas/98/p2_1.vworld,5848203,6349
50b5a03ad2c924be,salt_waste_bossroom_c11r5.tgm.header,Tiny.V1,19423650,264
172ccd6984bfc46b,salt_waste_bossroom_c11r6.tgm,Streaming/Content/data/balance/worldareas/0B/p2_1.vworld,17019,5465
03b8363be7be60de,salt_waste_bossroom_c11r6.tgm.header,Tiny.V4,19865507,264
9d36483d48bd4952,salt_waste_bossroom_c11r7.tgm,Streaming/Content/data/worldareas/30/p2_1.vworld,3102343,6449
79bf2c25fa8d6a70,salt_waste_bossroom_c11r7.tgm.header,Tiny.V8,19545601,264
1a955d7ce4d2b7fb,salt_waste_bossroom_c11r8.tgm,Streaming/Content/data/balance/worldareas/D4/p2_1.vworld,143251,7601
4a80afd04cd1e6d5,salt_waste_bossroom_c11r8.tgm.header,Tiny.VA,19508435,264
6b012035adbaa48f,salt_waste_bossroom_c11r9.tgm,Streaming/Content/data/balance/worldareas/43/p2_1.vworld,4194640,5303
dd12bf8416291d4d,salt_waste_bossroom_c11r9.tgm.header,Tiny.V2,19671514,264
20da2e0aa9076269,salt_waste_bossroom_c11r1.tgm,Streaming/Content/data/balance/worldareas/7B/p2_1.vworld,629237,5177
c32576e6f4ceac90,salt_waste_bossroom_c11r1.tgm.header,Tiny.V7,19399945,264
cba5a86b5fe9c2aa,salt_waste_bossroom_c11r10.tgm,Tiny.V4,19864457,731
3c39b0961b2dde44,salt_waste_bossroom_c11r10.tgm.header,Tiny.V7,19400209,264
63107b75d27a2067,salt_waste_bossroom_c11r11.tgm,Tiny.VB,19394033,271
cb2401b23eb5d05f,salt_waste_bossroom_c11r11.tgm.header,Tiny.VD,19229554,264
afd6be9243a3675c,salt_waste_bossroom_c11r12.tgm,Tiny.V6,19501485,301
8424e29a2ea14fde,salt_waste_bossroom_c11r12.tgm.header,Tiny.V0,19759965,264
1f109736df4c02d9,salt_waste_bossroom_c11r13.tgm,Tiny.V8,19544772,301
24883d84d63ac9ee,salt_waste_bossroom_c11r13.tgm.header,Tiny.V0,19759965,264
618fd817707b3c8b,salt_waste_bossroom_c11r14.tgm,Tiny.V4,19865188,319
b6713070f5202094,salt_waste_bossroom_c11r14.tgm.header,Tiny.V8,19545073,264
8e57d7be31d093bf,salt_waste_bossroom_c11r15.tgm,Tiny.VA,19507182,725
344179c6be064c6b,salt_waste_bossroom_c11r15.tgm.header,Tiny.V0,19763293,264
ac80e45eae347ebb,salt_waste_bossroom_c11r16.tgm,Streaming/Content/data/worldareas/C9/p2_1.vworld,5998928,814155
c5f3ef7e90c27593,salt_waste_bossroom_c11r16.tgm.header,Tiny.V2,19667952,3562
91d3dd4579f7ab05,salt_waste_bossroom_c11r17.tgm,Streaming/Content/data/worldareas/FA/p2_1.vworld,0,6857
5eec9159c655e8e5,salt_waste_bossroom_c11r17.tgm.header,Tiny.VA,19507907,264
341cad25aff45540,salt_waste_bossroom_c11r18.tgm,Streaming/Content/data/worldareas/EE/p2_1.vworld,5866924,5669
99764a861031075d,salt_waste_bossroom_c11r18.tgm.header,Tiny.VD,19229818,264
e2b549d0349547ae,salt_waste_bossroom_c11r19.tgm,Streaming/Content/data/worldareas/86/p2_1.vworld,699212,6265
5835eaa8b57595ed,salt_waste_bossroom_c11r19.tgm.header,Tiny.VE,19328350,264
5e67b487a103878e,salt_waste_bossroom_c11r2.tgm,Streaming/Content/data/worldareas/A1/p2_1.vworld,1053748,6917
df1089a9b48f8d6c,salt_waste_bossroom_c11r2.tgm.header,Tiny.V6,19501786,264
86102902955bca92,salt_waste_bossroom_c11r20.tgm,Streaming/Content/data/balance/worldareas/2B/p2_1.vworld,208642,5929
69bec5bdd65623ae,salt_waste_bossroom_c11r20.tgm.header,Tiny.V8,19545337,264
edc5cc76a9015408,salt_waste_bossroom_c11r21.tgm,Streaming/Content/data/worldareas/66/p2_1.vworld,2836537,5309
8d9af4f2a9c57a7e,salt_waste_bossroom_c11r21.tgm.header,Tiny.VE,19328614,264
e3a2c8c4019cb9ea,salt_waste_bossroom_c11r22.tgm,Tiny.VB,19394304,1057
61a78a6746c4e918,salt_waste_bossroom_c11r22.tgm.header,Tiny.VD,19230082,264
dbe51fd06b4954e6,salt_waste_bossroom_c11r23.tgm,Tiny.V7,19400473,775
84f597728667ceba,salt_waste_bossroom_c11r23.tgm.header,Tiny.V1,19423122,264
a7aa4fbad05da1af,salt_waste_bossroom_c11r24.tgm,Tiny.VC,19472107,667
4fe6e34d04d13327,salt_waste_bossroom_c11r24.tgm.header,Tiny.VA,19508171,264
f32423d7caf12bf4,salt_waste_bossroom_c10r3.tgm,Tiny.VB,19391810,2223
c58c3bc49d155fa1,salt_waste_bossroom_c10r3.tgm.header,Tiny.VC,19471843,264
9ca79afddb2aac74,salt_waste_bossroom_c10r4.tgm,Streaming/Content/data/balance/worldareas/75/mapuberboss_ritual.vworld,130238,230943
9432b2e75e16238f,salt_waste_bossroom_c10r4.tgm.header,Tiny.V6,19501135,350
537c71c496acef1a,salt_waste_bossroom_c10r5.tgm,Tiny.V0,19761564,1729
77e6587b88fd3eeb,salt_waste_bossroom_c10r5.tgm.header,Tiny.V3,19349473,264
86ab2700f883d556,salt_waste_bossroom_c10r6.tgm,Tiny.VD,19227591,1963
4576026c0c5b61e9,salt_waste_bossroom_c10r6.tgm.header,Tiny.VA,19506918,264
148f24d6297b4f2d,salt_waste_bossroom_c10r7.tgm,Streaming/Content/data/worldareas/59/p2_1.vworld,5592728,5477
be0a0eef428a1486,salt_waste_bossroom_c10r7.tgm.header,Tiny.VF,19584964,264
18f034b42760cc0d,salt_waste_bossroom_c10r8.tgm,Streaming/Content/data/worldareas/EE/p2_1.vworld,5859677,7247
a3467e841db8da57,salt_waste_bossroom_c10r8.tgm.header,Tiny.V4,19864193,264
3aca3f842aef45d3,salt_waste_bossroom_c10r9.tgm,Streaming/Content/data/balance/worldareas/18/p2_1.vworld,18686,6009
d8fe340bbf1ad1e6,salt_waste_bossroom_c10r9.tgm.header,Tiny.V3,19349737,264
e00691a019169bf8,salt_waste_bossroom_c10r1.tgm,Tiny.V0,19757418,2547
d01c6373db755b20,salt_waste_bossroom_c10r1.tgm.header,Tiny.V9,19804362,264
e7c39887f6a4cdc1,salt_waste_bossroom_c10r10.tgm,Tiny.V3,19347414,1795
363e436a19647ef6,salt_waste_bossroom_c10r10.tgm.header,Tiny.V9,19804626,264
8484b399280ef9ad,salt_waste_bossroom_c10r11.tgm,Tiny.VD,19225659,1043
4f11aa75693cd008,salt_waste_bossroom_c10r11.tgm.header,Tiny.VC,19468684,264
12e151337d14cffd,salt_waste_bossroom_c10r12.tgm,Tiny.V6,19498681,1175
575eec646dff3f51,salt_waste_bossroom_c10r12.tgm.header,Tiny.VA,19506654,264
3e6b063e4355f6df,salt_waste_bossroom_c10r13.tgm,Tiny.V7,19399568,377
16b3e262a3f2ae19,salt_waste_bossroom_c10r13.tgm.header,Tiny.VF,19584436,264
aacafde8af8d0d29,salt_waste_bossroom_c10r14.tgm,Tiny.V4,19863628,301
9dd932e594f5d1ab,salt_waste_bossroom_c10r14.tgm.header,Tiny.V0,19759965,264
6095c202c0975a5e,salt_waste_bossroom_c10r15.tgm,Tiny.V0,19760229,1335
5b6c6b1fe497c016,salt_waste_bossroom_c10r15.tgm.header,Tiny.V8,19544508,264
924a64d312f1fb19,salt_waste_bossroom_c10r16.tgm,Streaming/Content/data/worldareas/6E/p2_1.vworld,1535086,6895
aa7fa1c846efd4ef,salt_waste_bossroom_c10r16.tgm.header,Tiny.VC,19468948,264
f70321ad52c53bc2,salt_waste_bossroom_c10r17.tgm,Streaming/Content/data/worldareas/16/p2_1.vworld,727030,5731
9d3eca1d78344bb0,salt_waste_bossroom_c10r17.tgm.header,Tiny.VF,19584700,264
0e3c073ec96c3d33,salt_waste_bossroom_c10r18.tgm,Streaming/Content/data/worldareas/A0/p2_1.vworld,33936,5197
27360496085e1935,salt_waste_bossroom_c10r18.tgm.header,Tiny.V6,19499856,264
07a0d19bf90a5c8e,salt_waste_bossroom_c10r19.tgm,Streaming/Content/data/worldareas/CC/p2_1.vworld,1003864,4643
ac4913836a2a2b7e,salt_waste_bossroom_c10r19.tgm.header,Tiny.V6,19500120,264
4db80cb4b298d808,salt_waste_bossroom_c10r2.tgm,Tiny.VC,19469212,2367
d72575ecc7f27d64,salt_waste_bossroom_c10r2.tgm.header,Tiny.V3,19349209,264
31c3ec15b74df908,salt_waste_bossroom_c10r20.tgm,Streaming/Content/data/worldareas/00/p2_1.vworld,2833227,5849
1091b0935a9ef0e7,salt_waste_bossroom_c10r20.tgm.header,Tiny.V6,19500384,264
085b880bb341fdbc,salt_waste_bossroom_c10r21.tgm,Tiny.V5,19207022,4057
995b98992c5eee06,salt_waste_bossroom_c10r21.tgm.header,Tiny.VC,19471579,264
2eb2b385b9cabfe8,salt_waste_bossroom_c10r22.tgm,Tiny.V6,19500648,487
74b20f5b8db9fc73,salt_waste_bossroom_c10r22.tgm.header,Tiny.VB,19391546,264
400597277dc2c2b2,salt_waste_bossroom_c10r23.tgm,Tiny.V9,19804890,745
6b4fe48fba5c4ba3,salt_waste_bossroom_c10r23.tgm.header,Tiny.V5,19211079,264
28c2b861e4662cb2,salt_waste_bossroom_c10r24.tgm,Tiny.VD,19226702,889
651fb45a982ccf63,salt_waste_bossroom_c10r24.tgm.header,Tiny.V4,19863929,264
d29b6d618c83b87b,salt_waste_bossroom_c1r3.tgm,Tiny.V1,19435943,631
e0dbf53a5b16592d,salt_waste_bossroom_c1r3.tgm.header,Tiny.V1,19436574,264
cd62057373f8a476,salt_waste_bossroom_c1r4.tgm,Tiny.V8,19565135,1093
9f291871f2db9612,salt_waste_bossroom_c1r4.tgm.header,Tiny.V5,19215327,264
e57c61b8ec0b173a,salt_waste_bossroom_c1r5.tgm,Tiny.V2,19684809,1477
0f82cebf08fe2703,salt_waste_bossroom_c1r5.tgm.header,Tiny.VC,19483746,264
7a2ceffb33692170,salt_waste_bossroom_c1r6.tgm,Tiny.VD,19239492,1285
03437641ea9d3b41,salt_waste_bossroom_c1r6.tgm.header,Tiny.VD,19240777,264
be39e7de67085cad,salt_waste_bossroom_c1r7.tgm,Tiny.V2,19686286,427
14d4bbcfd4f54996,salt_waste_bossroom_c1r7.tgm.header,Tiny.VE,19341763,264
189f579555cb203c,salt_waste_bossroom_c1r8.tgm,Tiny.VB,19407254,931
3ece0d7340c4d009,salt_waste_bossroom_c1r8.tgm.header,Tiny.VE,19342027,264
e363b7cf76a3a806,salt_waste_bossroom_c1r9.tgm,Tiny.VB,19408185,451
734b3c3c9a30e33d,salt_waste_bossroom_c1r9.tgm.header,Tiny.V8,19566228,264
7ac12d1e49038b37,salt_waste_bossroom_c1r1.tgm,Tiny.V9,19818468,559
d49fc79b2c6ad7dd,salt_waste_bossroom_c1r1.tgm.header,Tiny.VE,19341499,264
9b761dcaad773b0d,salt_waste_bossroom_c1r10.tgm,Tiny.VB,19405902,331
d2c2cfd3f6592c8d,salt_waste_bossroom_c1r10.tgm.header,Tiny.VE,19352413,264
0fb099ba6252422b,salt_waste_bossroom_c1r11.tgm,Tiny.V9,19819027,595
59a715d32d0e3a2c,salt_waste_bossroom_c1r11.tgm.header,Tiny.VD,19239228,264
709f64914c4f6017,salt_waste_bossroom_c1r12.tgm,Tiny.V8,19563831,379
185baffd3822b3c3,salt_waste_bossroom_c1r12.tgm.header,Tiny.VB,19411567,264
57239635f87511e8,salt_waste_bossroom_c1r13.tgm,Tiny.V9,19819622,403
50d007d992b2c9ae,salt_waste_bossroom_c1r13.tgm.header,Tiny.V6,19518481,264
25b7153130363923,salt_waste_bossroom_c1r14.tgm,Tiny.V0,19774330,511
26d86186780f17e2,salt_waste_bossroom_c1r14.tgm.header,Tiny.V7,19405585,264
eab8a1e38a1a69d9,salt_waste_bossroom_c1r15.tgm,Tiny.V3,19361878,643
f591e2bd5ed1ff55,salt_waste_bossroom_c1r15.tgm.header,Tiny.VF,19593472,264
80789f414a39afc8,salt_waste_bossroom_c1r16.tgm,Tiny.V1,19434584,511
411e7c6180e26322,salt_waste_bossroom_c1r16.tgm.header,Tiny.V7,19405585,264
1aa2c7a7ec00bbdc,salt_waste_bossroom_c1r17.tgm,Tiny.V6,19509693,373
36edf37115978b85,salt_waste_bossroom_c1r17.tgm.header,Tiny.V8,19564210,264
b838f52fc2b5aa6b,salt_waste_bossroom_c1r18.tgm,Tiny.V2,19684009,265
888af1dd74873ed2,salt_waste_bossroom_c1r18.tgm.header,Tiny.V2,19684274,264
4b3994876a6c2d87,salt_waste_bossroom_c1r19.tgm,Tiny.V1,19435095,547
544a8336525d00d0,salt_waste_bossroom_c1r19.tgm.header,Tiny.V3,19362521,264
c746ed00dc4f5385,salt_waste_bossroom_c1r2.tgm,Tiny.VB,19406233,757
32a8f8aa3b9e8de3,salt_waste_bossroom_c1r2.tgm.header,Tiny.V3,19362785,264
6ca7348e179f23d2,salt_waste_bossroom_c1r20.tgm,Tiny.V8,19564474,661
52af6216931b0c60,salt_waste_bossroom_c1r20.tgm.header,Tiny.VB,19406990,264
f6c83ea2ff7341cf,salt_waste_bossroom_c1r21.tgm,Tiny.VA,19524545,391
9e0bc65212d5fc7b,salt_waste_bossroom_c1r21.tgm.header,Tiny.V5,19215063,264
39bd2c7acecd2158,salt_waste_bossroom_c1r22.tgm,Tiny.V2,19684538,271
ddd93f87ca6021c6,salt_waste_bossroom_c1r22.tgm.header,Tiny.VE,25958132,264
9cee4278dad54f4d,salt_waste_bossroom_c1r23.tgm,Tiny.V1,19435642,301
df7d688a845bbc4c,salt_waste_bossroom_c1r23.tgm.header,Tiny.VC,25119255,264
2f15e8da4fcdcbac,salt_waste_bossroom_c1r24.tgm,Tiny.V3,19363049,241
022a53a341036331,salt_waste_bossroom_c1r24.tgm.header,Tiny.V2,25082484,264
059c2e36d056abd9,saltwaste_building_landmark_01_c5r1.tgm,Streaming/Content/data/balance/worldareas/75/mapuberboss_ritual.vworld,361181,157635
28cf037cd709d91e,saltwaste_building_landmark_01_c5r1.tgm.header,Tiny.V9,19843948,1934
e03a3cb868236811,saltwaste_building_landmark_01_c5r2.tgm,Streaming/Content/data/worldareas/6C/p2_1.vworld,10441825,287395
a1f041cbe9dac408,saltwaste_building_landmark_01_c5r2.tgm.header,Content/data/balance/worldareas/p2_1.vworld,1606693,4178
9b5b849967068b1c,saltwaste_building_landmark_01_c5r3.tgm,Streaming/Content/data/balance/worldareas/2B/p2_1.vworld,214571,196253
51ce44c7a9cf8671,saltwaste_building_landmark_01_c5r3.tgm.header,Tiny.V5,19245817,3210
b20811cca42814fd,saltwaste_building_landmark_01_c5r4.tgm,Streaming/Content/data/balance/worldareas/02/p2_1.vworld,3023021,208419
a030e44d5d268232,saltwaste_building_landmark_01_c5r4.tgm.header,Tiny.VD,19267245,3650
a8a4280742e5ce17,saltwaste_building_landmark_01_c5r5.tgm,Streaming/Content/data/balance/worldareas/5D/mapprecursortowerdesert.vworld,786531,88747
c145b33e533535a1,saltwaste_building_landmark_01_c5r5.tgm.header,Tiny.V4,19890502,1010
636aba63a2cc5199,saltwaste_building_landmark_01_c5r6.tgm,Streaming/Content/data/balance/worldareas/76/p2_1.vworld,67131,41897
6af6edeca8d187a6,saltwaste_building_landmark_01_c5r6.tgm.header,Tiny.V9,19845882,1054
d912ac58134951f9,saltwaste_building_landmark_01_c4r1.tgm,Streaming/Content/data/worldareas/CD/p2_1.vworld,3511981,202289
785ad93cdb5ad777,saltwaste_building_landmark_01_c4r1.tgm.header,Tiny.V8,19594539,2286
22aadcb12ae6e3e8,saltwaste_building_landmark_01_c4r2.tgm,Streaming/Content/data/balance/worldareas/22/g3_16.vworld,413719,190953
78853d3f66dc56ad,saltwaste_building_landmark_01_c4r2.tgm.header,Tiny.V5,19242783,3034
d666441889f02159,saltwaste_building_landmark_01_c4r3.tgm,Streaming/Content/data/worldareas/ED/p2_1.vworld,2883831,239705
fa7846d199227f64,saltwaste_building_landmark_01_c4r3.tgm.header,Tiny.VE,19360993,3958
f2d93b03b8c029e3,saltwaste_building_landmark_01_c4r4.tgm,Streaming/Content/data/worldareas/A1/p2_1.vworld,1060665,263997
d344d2e91d24fc30,saltwaste_building_landmark_01_c4r4.tgm.header,Tiny.VC,19507402,3518
12d6fa0b45b2ccd8,saltwaste_building_landmark_01_c4r5.tgm,Streaming/Content/data/worldareas/D6/p2_1.vworld,6415,324701
82a1558eb9d8f009,saltwaste_building_landmark_01_c4r5.tgm.header,Tiny.V6,19524222,658
5b7eb30ebb24ff26,saltwaste_building_landmark_01_c4r6.tgm,Streaming/Content/data/balance/worldareas/DE/p2_1.vworld,1640845,58979
83f01ffa0292604f,saltwaste_building_landmark_01_c4r6.tgm.header,Tiny.VB,19430850,570
ddad7fdcfa79bcff,saltwaste_building_landmark_01_c3r1.tgm,Streaming/Content/data/worldareas/13/p2_1.vworld,2807334,174383
ba2b5fba58584e3d,saltwaste_building_landmark_01_c3r1.tgm.header,Tiny.V7,19428846,1098
583f49de7a30ff45,saltwaste_building_landmark_01_c3r2.tgm,Streaming/Content/data/worldareas/00/p2_1.vworld,4119292,57355
3e11742ec2f639c4,saltwaste_building_landmark_01_c3r2.tgm.header,Tiny.V7,19429944,1626
2c1074239f3fa76e,saltwaste_building_landmark_01_c3r3.tgm,Streaming/Content/data/balance/worldareas/02/p2_1.vworld,2972632,50389
dc91fc4d531d7143,saltwaste_building_landmark_01_c3r3.tgm.header,Tiny.V8,19592957,1582
121937275dcba2a1,saltwaste_building_landmark_01_c3r4.tgm,Streaming/Content/data/worldareas/8E/p2_1.vworld,3046427,111683
d8f4da8ab93875ed,saltwaste_building_landmark_01_c3r4.tgm.header,Tiny.V3,19384877,1054
7d7e2ce5e8fa7eb8,saltwaste_building_landmark_01_c3r5.tgm,Tiny.VF,19616350,2511
d711fe97fee7a759,saltwaste_building_landmark_01_c3r5.tgm.header,Tiny.VC,19507138,264
9c11789221dddb4e,saltwaste_building_landmark_01_c3r6.tgm,Tiny.VE,19360488,241
182a8f295c77a563,saltwaste_building_landmark_01_c3r6.tgm.header,Tiny.VE,19360729,264
d9bdb64acc3a4a04,saltwaste_building_landmark_01_c2r1.tgm,Streaming/Content/data/worldareas/20/p2_1.vworld,5592580,145775
5e814d918a48a4f8,saltwaste_building_landmark_01_c2r1.tgm.header,Tiny.V4,19889492,1010
7248c0be33a9cb6b,saltwaste_building_landmark_01_c2r2.tgm,Streaming/Content/data/balance/worldareas/7E/p2_1.vworld,3306636,56411
b4714d85d3f32903,saltwaste_building_landmark_01_c2r2.tgm.header,Tiny.V7,19428056,790
376a4c94d1afa1c9,saltwaste_building_landmark_01_c2r3.tgm,Streaming/Content/data/balance/worldareas/93/g4_8a.vworld,2868576,58909
840d257a8018c5a5,saltwaste_building_landmark_01_c2r3.tgm.header,Tiny.VC,19505971,834
278d323be7f212a8,saltwaste_building_landmark_01_c2r4.tgm,Streaming/Content/data/worldareas/0C/mapswamptower.vworld,613125,98507
75fdc266e51c8ecb,saltwaste_building_landmark_01_c2r4.tgm.header,Tiny.V9,19843246,702
371171c5e5471abf,saltwaste_building_landmark_01_c2r5.tgm,Tiny.VC,19506805,333
691624a0c984a8e3,saltwaste_building_landmark_01_c2r5.tgm.header,Tiny.VC,33096507,264
5f5e31cadb733500,saltwaste_building_landmark_01_c2r6.tgm,Tiny.V1,19462790,241
df3ba1278d3a9514,saltwaste_building_landmark_01_c2r6.tgm.header,Tiny.V4,32994967,264
9a2ccdafe375d319,saltwaste_building_landmark_01_c1r1.tgm,Streaming/Content/data/balance/worldareas/88/p2_1.vworld,1940307,35505
12104ca2edb380f7,saltwaste_building_landmark_01_c1r1.tgm.header,Tiny.V9,19842370,306
2bfcb78753cfbc0d,saltwaste_building_landmark_01_c1r2.tgm,Streaming/Content/data/balance/worldareas/p2_1.vworld,868533,48037
31fb49a128084e02,saltwaste_building_landmark_01_c1r2.tgm.header,Tiny.VA,19548654,570
492698bd8976404f,saltwaste_building_landmark_01_c1r3.tgm,Streaming/Content/data/worldareas/BA/p2_1.vworld,1422238,47487
5d28b8ff5a4ff7bf,saltwaste_building_landmark_01_c1r3.tgm.header,Tiny.V9,19842676,570
9b3d0e353298353f,saltwaste_building_landmark_01_c1r4.tgm,Streaming/Content/data/worldareas/3D/p2_1.vworld,727183,45875
ff3f7580ce941021,saltwaste_building_landmark_01_c1r4.tgm.header,Tiny.VB,19430368,482
412e54783d8b657b,saltwaste_building_landmark_01_c1r5.tgm,Tiny.V5,19242450,333
fe2a2a52b1d922ad,saltwaste_building_landmark_01_c1r5.tgm.header,Tiny.VC,33096507,264
c0541e57e9f4b18f,saltwaste_building_landmark_01_c1r6.tgm,Tiny.V1,19462549,241
f860a47c0753c627,saltwaste_building_landmark_01_c1r6.tgm.header,Tiny.V4,32994967,264
cbea3cdcd3b5ab43,saltwaste_building_landmark_02_c5r1.tgm,Streaming/Content/data/balance/worldareas/4F/p2_1.vworld,52475,54489
de3b1b6f27456ae6,saltwaste_building_landmark_02_c5r1.tgm.header,Tiny.V8,19596825,394
afec2810be5b52b1,saltwaste_building_landmark_02_c5r2.tgm,Streaming/Content/data/worldareas/7D/p2_1.vworld,877318,83567
e45c681314d46c76,saltwaste_building_landmark_02_c5r2.tgm.header,Tiny.V8,19597219,658
92635e635f350b7f,saltwaste_building_landmark_02_c5r3.tgm,Streaming/Content/data/balance/worldareas/D2/p2_1.vworld,334937,71997
151927e289987a8c,saltwaste_building_landmark_02_c5r3.tgm.header,Tiny.VC,19514040,702
1253ee68f5704eb7,saltwaste_building_landmark_02_c5r4.tgm,Streaming/Content/data/worldareas/BB/p2_1.vworld,1087206,83549
7ea4a241b090b513,saltwaste_building_landmark_02_c5r4.tgm.header,Tiny.V4,19892742,570
8c3969f2d1da280e,saltwaste_building_landmark_02_c5r5.tgm,Tiny.V3,19388435,379
2428b02737d5edc2,saltwaste_building_landmark_02_c5r5.tgm.header,Tiny.VB,32898214,264
88efaeeb3e8aca6f,saltwaste_building_landmark_02_c5r6.tgm,Tiny.V0,19799740,241
17fac464f81b7cf3,saltwaste_building_landmark_02_c5r6.tgm.header,Tiny.V4,32994967,264
b74bc4cb2c025f02,saltwaste_building_landmark_02_c4r1.tgm,Streaming/Content/data/worldareas/80/p2_1.vworld,1331986,277223
03ee5979552d2e80,saltwaste_building_landmark_02_c4r1.tgm.header,Tiny.VA,19549224,1978
8363cc12d8d6681b,saltwaste_building_landmark_02_c4r2.tgm,Streaming/Content/data/balance/worldareas/43/p2_1.vworld,4407758,142287
498e3ba1944fa767,saltwaste_building_landmark_02_c4r2.tgm.header,Tiny.V2,19715150,1890
c4a539db6ff3d983,saltwaste_building_landmark_02_c4r3.tgm,Streaming/Content/data/balance/worldareas/45/p2_1.vworld,109549,96881
9f4afb7a94312c13,saltwaste_building_landmark_02_c4r3.tgm.header,Tiny.V2,19717040,1230
fea1f658a3c9e41e,saltwaste_building_landmark_02_c4r4.tgm,Streaming/Content/data/worldareas/61/p2_1.vworld,299708,287391
6b09466a7897a9a5,saltwaste_building_landmark_02_c4r4.tgm.header,Tiny.V7,19433856,2946
9d38831a7ec95737,saltwaste_building_landmark_02_c4r5.tgm,Streaming/Content/data/balance/worldareas/EB/karuishowcase.vworld,679432,94773
a4811f324bf5c8e4,saltwaste_building_landmark_02_c4r5.tgm.header,Tiny.V3,19387645,790
b44744db1a756930,saltwaste_building_landmark_02_c4r6.tgm,Streaming/Content/data/balance/worldareas/5A/p2_1.vworld,249283,183439
cd4c4dad7262491a,saltwaste_building_landmark_02_c4r6.tgm.header,Tiny.V0,19798202,1538
9bbc89e5712b07c6,saltwaste_building_landmark_02_c3r1.tgm,Streaming/Content/data/worldareas/D0/p2_1.vworld,805345,179295
15437de39c8dd5ce,saltwaste_building_landmark_02_c3r1.tgm.header,Tiny.VE,19364951,1714
7c2423a54cd8abbd,saltwaste_building_landmark_02_c3r2.tgm,Streaming/Content/data/balance/worldareas/5C/p2_1.vworld,321284,50901
ec3edef639da64e0,saltwaste_building_landmark_02_c3r2.tgm.header,Tiny.V4,19891512,1230
3b7e02e8f3468df2,saltwaste_building_landmark_02_c3r3.tgm,Streaming/Content/data/worldareas/65/p2_1.vworld,2806198,25047
88aeb1315715d802,saltwaste_building_landmark_02_c3r3.tgm.header,Tiny.VD,19270895,878
4e013ffa31bf273a,saltwaste_building_landmark_02_c3r4.tgm,Streaming/Content/data/worldareas/19/p2_1.vworld,2938779,234179
b251c6f987fa2cee,saltwaste_building_landmark_02_c3r4.tgm.header,Tiny.V5,19255579,3562
794ebe4fa8dc3293,saltwaste_building_landmark_02_c3r5.tgm,Streaming/Content/data/worldareas/13/p2_1.vworld,2981717,195179
214df531bb2efb0d,saltwaste_building_landmark_02_c3r5.tgm.header,Tiny.V7,19431570,2286
8d6a4f4e372ac9bb,saltwaste_building_landmark_02_c3r6.tgm,Streaming/Content/data/balance/worldareas/89/p2_1.vworld,180479,97343
84844f9960b5b433,saltwaste_building_landmark_02_c3r6.tgm.header,Tiny.VC,19512546,1494
d59926b429304d4e,saltwaste_building_landmark_02_c2r1.tgm,Streaming/Content/data/worldareas/C4/p2_1.vworld,1554242,157473
a91f1b7dd6695596,saltwaste_building_landmark_02_c2r1.tgm.header,Tiny.V6,19524880,2242
b1c116817fa5683a,saltwaste_building_landmark_02_c2r2.tgm,Streaming/Content/data/balance/worldareas/6F/p2_1.vworld,6211,175671
8661dcd279ea07e1,saltwaste_building_landmark_02_c2r2.tgm.header,Tiny.V5,19249027,3606
14804068d65631f7,saltwaste_building_landmark_02_c2r3.tgm,Streaming/Content/data/worldareas/FA/p2_1.vworld,1504300,168397
8e525d4ae1871ad4,saltwaste_building_landmark_02_c2r3.tgm.header,Tiny.V5,19252633,2946
477ad36859179949,saltwaste_building_landmark_02_c2r4.tgm,Streaming/Content/data/balance/worldareas/18/p2_1.vworld,24695,456545
8a7f4a1fb18d1d67,saltwaste_building_landmark_02_c2r4.tgm.header,Content/data/balance/worldareas/p2_1.vworld,1610871,5850
cfb648966163a753,saltwaste_building_landmark_02_c2r5.tgm,Streaming/Content/data/balance/worldareas/51/g_login.vworld,607779,301305
2afeee53cd93d6da,saltwaste_building_landmark_02_c2r5.tgm.header,Content/data/balance/worldareas/p2_1.vworld,1616721,5366
51f4dc653b40c436,saltwaste_building_landmark_02_c2r6.tgm,Streaming/Content/data/balance/worldareas/95/g4_11_1b.vworld,618756,144861
aede247e40015eaf,saltwaste_building_landmark_02_c2r6.tgm.header,Tiny.V3,19385931,1714
e0467faa5e5790d0,saltwaste_building_landmark_02_c1r1.tgm,Streaming/Content/data/worldareas/3A/p2_1.vworld,4201635,73931
fdd5db2de5856c87,saltwaste_building_landmark_02_c1r1.tgm.header,Tiny.V0,19794776,922
fe36846e6ef1fa0e,saltwaste_building_landmark_02_c1r2.tgm,Streaming/Content/data/balance/worldareas/49/mapport.vworld,49204,87395
86e9f1b77a44902d,saltwaste_building_landmark_02_c1r2.tgm.header,Tiny.V0,19795698,1318
1b807d888cbff063,saltwaste_building_landmark_02_c1r3.tgm,Streaming/Content/data/balance/worldareas/CE/p2_1.vworld,825325,148465
401b1537fa9f7521,saltwaste_building_landmark_02_c1r3.tgm.header,Tiny.VC,19510920,1626
6db428f317a57083,saltwaste_building_landmark_02_c1r4.tgm,Streaming/Content/data/balance/worldareas/43/p2_1.vworld,4199943,207815
283079946c715bb1,saltwaste_building_landmark_02_c1r4.tgm.header,Tiny.V2,19712468,2682
74dd934d66f0730f,saltwaste_building_landmark_02_c1r5.tgm,Streaming/Content/data/balance/worldareas/9D/p2_1.vworld,328018,141375
f2454d988fcf625e,saltwaste_building_landmark_02_c1r5.tgm.header,Tiny.VF,19618861,2814
97a558c4f2784499,saltwaste_building_landmark_02_c1r6.tgm,Streaming/Content/data/worldareas/F9/p2_1.vworld,8797429,50191
503d686c4546d199,saltwaste_building_landmark_02_c1r6.tgm.header,Tiny.V0,19797016,1186
cc738473dbd14201,clifftodune_transition_cvcv_01_c3r1.tgm,Streaming/Content/data/worldareas/01/p2_1.vworld,7181121,20211
419e5d3a2d257483,clifftodune_transition_cvcv_01_c3r1.tgm.header,Tiny.V3,19321022,614
167f6c455ca6d35d,clifftodune_transition_cvcv_01_c3r2.tgm,Streaming/Content/data/worldareas/34/p2_1.vworld,0,25193
ab26972066ced028,clifftodune_transition_cvcv_01_c3r2.tgm.header,Tiny.VC,19441979,614
0decdc13667f1ba7,clifftodune_transition_cvcv_01_c3r3.tgm,Streaming/Content/data/balance/worldareas/8B/mapgrimhaven.vworld,512298,7973
4e817fe3529c9ba5,clifftodune_transition_cvcv_01_c3r3.tgm.header,Tiny.V9,19779868,570
a89e0f3eb257ce64,clifftodune_transition_cvcv_01_c2r1.tgm,Streaming/Content/data/worldareas/48/p2_1.vworld,5592580,167489
c74e055639f26002,clifftodune_transition_cvcv_01_c2r1.tgm.header,Tiny.V4,19834402,966
409b374bb837bb5d,clifftodune_transition_cvcv_01_c2r2.tgm,Streaming/Content/data/balance/worldareas/CE/p2_1.vworld,699212,113547
a8f11ed62b639f68,clifftodune_transition_cvcv_01_c2r2.tgm.header,Tiny.VC,19441145,834
d9e1b6b696593396,clifftodune_transition_cvcv_01_c2r3.tgm,Streaming/Content/data/balance/worldareas/52/p2_1.vworld.1,1483370,31133
5df57cae39300879,clifftodune_transition_cvcv_01_c2r3.tgm.header,Tiny.V2,19626743,658
13d42c79a2b94eff,clifftodune_transition_cvcv_01_c1r1.tgm,Streaming/Content/data/worldareas/38/p2_1.vworld,7690068,607559
17b53a9e265d4c55,clifftodune_transition_cvcv_01_c1r1.tgm.header,Tiny.V2,19625381,1362
b666f14c4799fdfe,clifftodune_transition_cvcv_01_c1r2.tgm,Streaming/Content/data/worldareas/B0/p2_1.vworld,5626841,283649
8fb49275066fb5b0,clifftodune_transition_cvcv_01_c1r2.tgm.header,Tiny.VB,19372345,834
a8f569be8d0af0b1,clifftodune_transition_cvcv_01_c1r3.tgm,Streaming/Content/data/worldareas/4C/p2_1.vworld,1822324,19275
54fb6f41e0656e99,clifftodune_transition_cvcv_01_c1r3.tgm.header,Tiny.VC,19440663,482
47456ef9db2bd0f1,clifftodune_cc_01_c3r1.tgm,Streaming/Content/data/worldareas/44/p2_1.vworld,200147,202881
866218594c65c455,clifftodune_cc_01_c3r1.tgm.header,Tiny.VC,19438467,1054
f7c5ddf19f2bce45,clifftodune_cc_01_c3r2.tgm,Streaming/Content/data/worldareas/21/p2_1.vworld,232031,389583
0dda85316cebf7a7,clifftodune_cc_01_c3r2.tgm.header,Tiny.VF,19559295,1230
338c189d39928ad9,clifftodune_cc_01_c3r3.tgm,Streaming/Content/data/worldareas/C2/p2_1.vworld,0,337125
ebd46198d8d8a71d,clifftodune_cc_01_c3r3.tgm.header,Tiny.VB,19370985,1010
8b9f24cb2430fe2f,clifftodune_cc_01_c2r1.tgm,Streaming/Content/data/worldareas/3E/p2_1.vworld,373107,297043
22d2415a76724120,clifftodune_cc_01_c2r1.tgm.header,Tiny.V6,19464809,1230
84e6a18cd1a6a887,clifftodune_cc_01_c2r2.tgm,Streaming/Content/data/worldareas/17/p2_1.vworld,0,315305
92b79fcb9065620b,clifftodune_cc_01_c2r2.tgm.header,Tiny.V3,19319266,1230
016f268285965129,clifftodune_cc_01_c2r3.tgm,Streaming/Content/data/worldareas/A1/p2_1.vworld,931097,122651
7785fcce3e3f0381,clifftodune_cc_01_c2r3.tgm.header,Tiny.V7,19367224,526
d4f6d720bbc95ffd,clifftodune_cc_01_c1r1.tgm,Streaming/Content/data/worldareas/05/p2_1.vworld,268243,344175
5974abf14f9fd4e2,clifftodune_cc_01_c1r1.tgm.header,Tiny.V8,19505049,1054
b1c9b7ce29e5e9a1,clifftodune_cc_01_c1r2.tgm,Streaming/Content/data/balance/worldareas/85/p2_1.vworld,262191,235587
57f6ce23c4b01c42,clifftodune_cc_01_c1r2.tgm.header,Tiny.V0,19725390,790
9c8d63c1fca1b473,clifftodune_cc_01_c1r3.tgm,Streaming/Content/data/balance/worldareas/29/mapuberboss_delirium.vworld,131982,89457
10d468a8313a5acd,clifftodune_cc_01_c1r3.tgm.header,Tiny.V1,19390852,438
0d2da6348fd8737e,clifftodune_cv_01_c3r1.tgm,Streaming/Content/data/balance/worldareas/E8/p2_1.vworld,2425305,22631
0bfb90c15b069a7c,clifftodune_cv_01_c3r1.tgm.header,Tiny.VB,19371995,350
4066438b082f8314,clifftodune_cv_01_c3r2.tgm,Streaming/Content/data/worldareas/5E/p2_1.vworld,905527,12395
cdfe4bc98585c5d4,clifftodune_cv_01_c3r2.tgm.header,Tiny.VA,19481033,394
8b214ded3f22f851,clifftodune_cv_01_c3r3.tgm,Streaming/Content/data/balance/worldareas/BE/p2_1.vworld,0,16315
5d478829d9c82577,clifftodune_cv_01_c3r3.tgm.header,Tiny.V7,19367750,350
8fd443123d401636,clifftodune_cv_01_c2r1.tgm,Streaming/Content/data/worldareas/57/p2_1.vworld,1398276,10711
a938bbc7d17c30c9,clifftodune_cv_01_c2r1.tgm.header,Tiny.V2,19625031,350
9e1e7d70f8fd38f0,clifftodune_cv_01_c2r2.tgm,Streaming/Content/data/balance/worldareas/40/p2_1.vworld,175414,82913
292abd502ce77940,clifftodune_cv_01_c2r2.tgm.header,Tiny.VD,19196800,482
0b22d1b416cb5c5c,clifftodune_cv_01_c2r3.tgm,Streaming/Content/data/worldareas/91/p2_1.vworld,0,256177
13434fbcc051a3f1,clifftodune_cv_01_c2r3.tgm.header,Tiny.V6,19466039,658
97d9a934a44d8e6d,clifftodune_cv_01_c1r1.tgm,Streaming/Content/data/worldareas/D9/p2_1.vworld,699212,14137
c93b9d8440215a3f,clifftodune_cv_01_c1r1.tgm.header,Tiny.V1,19391290,306
65f8e3409cbe95a4,clifftodune_cv_01_c1r2.tgm,Streaming/Content/data/worldareas/2D/p2_1.vworld,141559,237657
cc49c08a13b8ed40,clifftodune_cv_01_c1r2.tgm.header,Tiny.V5,19186980,658
825df87a485da98c,clifftodune_cv_01_c1r3.tgm,Streaming/Content/data/worldareas/6D/p2_1.vworld,0,575999
89d929197102717f,clifftodune_cv_01_c1r3.tgm.header,Tiny.VC,19439521,1142
dc8cc641269e8511,clifftodune_st_01_c3r1.tgm,Streaming/Content/data/balance/worldareas/FB/p2_1.vworld,0,275753
92eaf158de1a399e,clifftodune_st_01_c3r1.tgm.header,Tiny.V9,19778420,878
138acbaec696a3c6,clifftodune_st_01_c3r2.tgm,Streaming/Content/data/worldareas/C9/p2_1.vworld,5592580,249339
b55f395495f948d2,clifftodune_st_01_c3r2.tgm.header,Tiny.V6,19466697,834
a10264371598c805,clifftodune_st_01_c3r3.tgm,Streaming/Content/data/worldareas/B0/p2_1.vworld,5592580,34261
b020c4fc8845eb3c,clifftodune_st_01_c3r3.tgm.header,Tiny.V9,19779298,570
a7c2ce24effc4b39,clifftodune_st_01_c2r1.tgm,Streaming/Content/data/worldareas/EE/p2_1.vworld,5592580,267097
b5f2b86f9baae5f7,clifftodune_st_01_c2r1.tgm.header,Tiny.V8,19506103,922
3c5b4a188fdf8a2f,clifftodune_st_01_c2r2.tgm,Streaming/Content/data/balance/worldareas/C0/p2_1.vworld,699212,284253
59e501173b7aa468,clifftodune_st_01_c2r2.tgm.header,Tiny.V5,19187638,966
8db0eb7153cd4b43,clifftodune_st_01_c2r3.tgm,Streaming/Content/data/worldareas/31/p2_1.vworld,6291792,37659
d89ea0271c65f10e,clifftodune_st_01_c2r3.tgm.header,Tiny.V3,19320496,526
59560546114b1b2c,clifftodune_st_01_c1r1.tgm,Streaming/Content/data/worldareas/21/p2_1.vworld,621614,338689
71f98cb5bb6e718c,clifftodune_st_01_c1r1.tgm.header,Tiny.V0,19726180,746
de1efbbfd0357cba,clifftodune_st_01_c1r2.tgm,Streaming/Content/data/balance/worldareas/A7/p2_1.vworld,164863,263587
fcde436519cc4512,clifftodune_st_01_c1r2.tgm.header,Tiny.VE,19304151,834
cb7f421b2dc4c924,clifftodune_st_01_c1r3.tgm,Streaming/Content/data/worldareas/E9/p2_1.vworld,2796388,29519
f42bd2cbb9afaeee,clifftodune_st_01_c1r3.tgm.header,Tiny.V9,19777938,482
